[4096,0,-176,-7,-11,0,1]
[16384,1920,119,15,1]
[4096,-512,304,-99,19,-2,1]
[14641,121,12,1,1]
[15625,-500,-111,-4,1]
[4096,2304,768,221,48,9,1]
[4096,1536,496,181,31,6,1]
[729,162,162,25,18,2,1]
[16384,-2944,387,-23,1]
[4096,1792,736,187,46,7,1]
[256,-192,64,24,-25,6,4,-3,1]
[4096,1536,528,153,33,6,1]
[256,0,176,4,59,1,11,0,1]
[4096,-1024,400,-87,25,-4,1]
[4096,-512,304,-103,19,-2,1]
[15625,375,142,3,1]
[729,81,72,17,8,1,1]
[4096,1536,512,153,32,6,1]
[256,-64,48,0,1,0,3,-1,1]
[256,0,32,32,9,8,2,0,1]
[4096,-1792,480,-87,30,-7,1]
[2401,98,-27,2,1]
[4096,-1024,320,-17,20,-4,1]
[256,-192,128,-72,35,-18,8,-3,1]
[729,-324,27,17,3,-4,1]
[6561,-324,-68,-4,1]
[4096,256,-112,-59,-7,1,1]
[4096,256,127,4,1]
[256,-64,0,8,3,2,0,-1,1]
[4096,512,496,79,31,2,1]
[729,-81,144,-13,16,-1,1]
[15625,-2500,259,-20,1]
[4096,512,400,23,25,2,1]
[256,0,0,20,9,5,0,0,1]
[14641,-1452,222,-12,1]
[15625,-1500,227,-12,1]
[14641,-726,208,-6,1]
[14641,-1210,226,-10,1]
[729,81,81,2,9,1,1]
[15625,0,28,0,1]
[256,192,144,88,53,22,9,3,1]
[4096,-1024,176,-83,11,-4,1]
[4096,512,-192,-83,-12,2,1]
[15625,1125,204,9,1]
[6561,-81,-28,-1,1]
[4096,1280,240,79,15,5,1]
[15625,-375,-168,-3,1]
[4096,2048,608,137,38,8,1]
[14641,968,236,8,1]
[15625,-625,118,-5,1]
[4096,256,288,61,18,1,1]
[4096,-2048,528,-133,33,-8,1]
[512,192,40,11,5,3,1]
[729,-405,135,-43,15,-5,1]
[4096,0,176,-33,11,0,1]
[16384,896,-7,7,1]
[4096,-3328,1376,-389,86,-13,1]
[4096,-256,128,25,8,-1,1]
[4096,-576,25,-9,1]
[16384,1152,-27,9,1]
[14641,-726,-35,-6,1]
[16384,128,243,1,1]
[4096,-128,-29,-2,1]
[4096,-256,224,27,14,-1,1]
[15625,-750,-47,-6,1]
[4096,2048,624,179,39,8,1]
[4096,-512,-208,51,-13,-2,1]
[15625,875,226,7,1]
[4096,1280,336,41,21,5,1]
[4096,-256,-144,11,-9,-1,1]
[15625,-875,182,-7,1]
[729,-243,-27,28,-3,-3,1]
[729,-729,450,-175,50,-9,1]
[4096,256,96,-49,6,1,1]
[256,320,320,208,119,52,20,5,1]
[4096,-512,131,-8,1]
[14641,363,45,3,1]
[4096,1280,48,-51,3,5,1]
[4096,-2816,1120,-319,70,-11,1]
[4096,-256,144,11,9,-1,1]
[15625,750,178,6,1]
[729,-108,23,-4,1]
[14641,0,182,0,1]
[15625,-2750,348,-22,1]
[4096,256,-160,3,-10,1,1]
[6561,1458,164,18,1]
[4096,-3840,1776,-533,111,-15,1]
[6561,-729,44,-9,1]
[256,192,0,-28,-11,-7,0,3,1]
[256,-320,272,-172,89,-43,17,-5,1]
[4096,-1536,688,-159,43,-6,1]
[6561,2187,325,27,1]
[729,972,639,263,71,12,1]
[16384,-512,5,-4,1]
[256,256,176,92,53,23,11,4,1]
[15625,250,-17,2,1]
[729,162,135,20,15,2,1]
[4096,256,0,-17,0,1,1]
[4096,-256,128,29,8,-1,1]
[4096,1600,273,25,1]
[512,-256,168,-61,21,-4,1]
[14641,-363,-173,-3,1]
[16384,-4992,631,-39,1]
[4096,-1536,416,-93,26,-6,1]
[2401,-294,43,-6,1]
[15625,1125,176,9,1]
[256,192,80,4,-13,1,5,3,1]
[4096,1024,448,77,28,4,1]
[2401,-392,18,-8,1]
[4096,-1024,0,75,0,-4,1]
[4096,1280,464,155,29,5,1]
[256,-64,16,-20,23,-5,1,-1,1]
[256,-320,160,-12,-17,-3,10,-5,1]
[256,-128,112,-32,19,-8,7,-2,1]
[4096,1280,32,-63,2,5,1]
[4096,-256,592,-31,37,-1,1]
[4096,-1536,224,-47,14,-6,1]
[6561,-405,64,-5,1]
[4096,1536,576,193,36,6,1]
[14641,726,12,6,1]
[256,-192,144,-28,19,-7,9,-3,1]
[4096,-1280,432,-169,27,-5,1]
[1024,288,61,9,1]
[14641,-1573,49,-13,1]
[15625,625,51,5,1]
[16384,-1664,55,-13,1]
[6561,-1377,149,-17,1]
[4096,-256,-64,59,-4,-1,1]
[512,64,0,-29,0,1,1]
[14641,1694,239,14,1]
[4096,-256,16,3,1,-1,1]
[15625,-625,212,-5,1]
[4096,512,128,-51,8,2,1]
[16384,-512,83,-4,1]
[256,0,-16,-24,15,-6,-1,0,1]
[4096,2048,1040,261,65,8,1]
[4096,-1024,48,25,3,-4,1]
[4096,256,112,15,7,1,1]
[14641,605,-8,5,1]
[15625,-750,211,-6,1]
[729,-243,180,-37,20,-3,1]
[6561,-162,-122,-2,1]
[15625,2750,332,22,1]
[14641,1210,39,10,1]
[15625,500,119,4,1]
[256,192,64,-52,-41,-13,4,3,1]
[4096,768,272,23,17,3,1]
[256,384,288,152,75,38,18,6,1]
[15625,-1625,188,-13,1]
[6561,162,-4,2,1]
[4096,-1280,224,-53,14,-5,1]
[14641,605,87,5,1]
[15625,3000,377,24,1]
[16384,128,227,1,1]
[256,-192,176,-100,53,-25,11,-3,1]
[14641,-2299,229,-19,1]
[1024,128,3,4,1]
[14641,-121,87,-1,1]
[256,320,192,52,13,13,12,5,1]
[14641,121,-168,1,1]
[729,486,225,94,25,6,1]
[256,128,32,-16,-11,-4,2,2,1]
[4096,768,256,75,16,3,1]
[4096,-1536,464,-117,29,-6,1]
[729,-81,63,-43,7,-1,1]
[729,324,-9,-38,-1,4,1]
[4096,-1536,48,55,3,-6,1]
[16384,1024,223,8,1]
[4096,768,496,93,31,3,1]
[4096,-1536,-80,105,-5,-6,1]
[14641,121,-119,1,1]
[16384,1408,177,11,1]
[4096,3072,1200,331,75,12,1]
[729,0,-36,-29,-4,0,1]
[256,-64,16,4,5,1,1,-1,1]
[4096,768,320,89,20,3,1]
[15625,-625,-38,-5,1]
[256,-192,112,-60,37,-15,7,-3,1]
[729,567,270,94,30,7,1]
[4096,-1024,544,-81,34,-4,1]
[4096,256,80,91,5,1,1]
[4096,-1536,400,-73,25,-6,1]
[256,0,0,-8,5,-2,0,0,1]
[15625,500,111,4,1]
[15625,2750,293,22,1]
[729,-81,36,-34,4,-1,1]
[15625,-3250,362,-26,1]
[15625,250,-152,2,1]
[6561,-729,31,-9,1]
[4096,1024,32,15,2,4,1]
[4096,-3328,1424,-409,89,-13,1]
[4096,-512,112,51,7,-2,1]
[16384,1280,-13,10,1]
[6561,-81,88,-1,1]
[4096,1024,608,111,38,4,1]
[4096,-1024,-16,33,-1,-4,1]
[15625,625,84,5,1]
[4096,4096,2064,641,129,16,1]
[4096,-768,-144,113,-9,-3,1]
[4096,256,67,4,1]
[4096,-256,256,29,16,-1,1]
[16384,896,213,7,1]
[256,0,16,-16,3,-4,1,0,1]
[6561,-648,49,-8,1]
[4096,-512,576,-65,36,-2,1]
[256,-128,144,-84,41,-21,9,-2,1]
[6561,324,149,4,1]
[16384,-3584,415,-28,1]
[729,324,63,20,7,4,1]
[4096,-768,144,19,9,-3,1]
[15625,-2750,342,-22,1]
[16384,1408,55,11,1]
[4096,-256,64,-17,4,-1,1]
[15625,500,-59,4,1]
[512,384,120,27,15,6,1]
[256,128,96,48,27,12,6,2,1]
[2401,343,30,7,1]
[4096,-1280,304,-101,19,-5,1]
[15625,-1375,104,-11,1]
[2401,-588,78,-12,1]
[2401,147,-13,3,1]
[15625,1000,214,8,1]
[4096,4608,2432,765,152,18,1]
[14641,-726,235,-6,1]
[4096,1280,416,149,26,5,1]
[256,320,176,56,19,14,11,5,1]
[16384,-768,175,-6,1]
[6561,648,76,8,1]
[4096,1536,240,5,15,6,1]
[729,162,45,2,5,2,1]
[15625,2750,311,22,1]
[512,-192,88,-53,11,-3,1]
[4096,0,-240,5,-15,0,1]
[4096,-256,-128,81,-8,-1,1]
[729,-324,135,-29,15,-4,1]
[256,-384,304,-188,103,-47,19,-6,1]
[729,405,9,-34,1,5,1]
[512,-64,64,-23,8,-1,1]
[256,128,-16,24,35,6,-1,2,1]
[4096,256,432,45,27,1,1]
[15625,-4250,533,-34,1]
[14641,2420,244,20,1]
[256,64,-32,-8,15,-2,-2,1,1]
[4096,-640,51,-10,1]
[729,-162,-18,34,-2,-2,1]
[15625,-500,18,-4,1]
[4096,1792,528,113,33,7,1]
[729,-810,414,-149,46,-10,1]
[15625,500,-73,4,1]
[256,-64,-48,28,5,7,-3,-1,1]
[15625,375,67,3,1]
[256,128,32,24,11,6,2,2,1]
[512,-64,136,-13,17,-1,1]
[4096,-2048,624,-183,39,-8,1]
[256,-192,160,-112,57,-28,10,-3,1]
[16384,-4608,563,-36,1]
[256,256,208,112,59,28,13,4,1]
[15625,-625,201,-5,1]
[4096,1792,496,99,31,7,1]
[16384,128,61,1,1]
[512,0,72,7,9,0,1]
[4096,-1536,0,97,0,-6,1]
[4096,-512,208,-105,13,-2,1]
[4096,0,32,35,2,0,1]
[15625,-1000,202,-8,1]
[14641,-1210,84,-10,1]
[729,-648,351,-139,39,-8,1]
[4096,-256,272,43,17,-1,1]
[14641,1452,213,12,1]
[512,192,88,37,11,3,1]
[15625,-1875,174,-15,1]
[16384,-3328,395,-26,1]
[256,192,144,88,47,22,9,3,1]
[4096,512,96,47,6,2,1]
[256,-128,128,-40,37,-10,8,-2,1]
[4096,-256,-128,5,-8,-1,1]
[512,-128,128,-17,16,-2,1]
[4096,-1792,816,-223,51,-7,1]
[256,0,-48,-4,9,-1,-3,0,1]
[4096,512,304,43,19,2,1]
[256,128,96,44,23,11,6,2,1]
[15625,1875,137,15,1]
[15625,-500,-96,-4,1]
[6561,1539,199,19,1]
[4096,2048,704,191,44,8,1]
[4096,-1024,16,45,1,-4,1]
[729,0,162,-8,18,0,1]
[512,-256,96,-19,12,-4,1]
[4096,512,256,109,16,2,1]
[729,-81,45,-28,5,-1,1]
[256,-64,80,-60,21,-15,5,-1,1]
[512,128,32,11,4,2,1]
[729,81,-36,-14,-4,1,1]
[15625,875,-93,7,1]
[4096,1792,448,79,28,7,1]
[4096,-512,32,25,2,-2,1]
[16384,-1536,253,-12,1]
[14641,-1573,96,-13,1]
[16384,1280,129,10,1]
[512,64,96,3,12,1,1]
[16384,2176,153,17,1]
[15625,-1125,149,-9,1]
[15625,0,83,0,1]
[4096,2816,1152,349,72,11,1]
[14641,968,109,8,1]
[4096,-256,-144,33,-9,-1,1]
[256,-128,16,8,7,2,1,-2,1]
[15625,-2500,296,-20,1]
[4096,-2048,624,-175,39,-8,1]
[256,256,144,36,9,9,9,4,1]
[4096,-2816,1056,-301,66,-11,1]
[256,64,80,36,29,9,5,1,1]
[15625,4500,568,36,1]
[15625,-2125,279,-17,1]
[81,-18,8,-2,1]
[14641,-2541,334,-21,1]
[512,-64,80,-1,10,-1,1]
[4096,1792,624,165,39,7,1]
[15625,1125,247,9,1]
[256,128,32,4,-1,1,2,2,1]
[4096,1280,400,127,25,5,1]
[15625,-2000,231,-16,1]
[16384,-384,243,-3,1]
[729,243,27,-13,3,3,1]
[4096,1024,16,-45,1,4,1]
[4096,512,512,67,32,2,1]
[15625,-1750,288,-14,1]
[4096,0,-192,21,-12,0,1]
[729,0,81,-20,9,0,1]
[729,0,-5,0,1]
[14641,-605,80,-5,1]
[4096,-1280,384,-41,24,-5,1]
[512,-128,-16,37,-2,-2,1]
[4096,768,304,41,19,3,1]
[15625,-125,-28,-1,1]
[512,192,0,-29,0,3,1]
[729,81,9,-38,1,1,1]
[4096,-2048,912,-243,57,-8,1]
[729,243,-45,-55,-5,3,1]
[16384,384,-107,3,1]
[4096,-1792,672,-145,42,-7,1]
[256,192,272,136,103,34,17,3,1]
[4096,-1280,16,33,1,-5,1]
[15625,1250,258,10,1]
[4096,-1024,144,-5,9,-4,1]
[256,64,-48,4,29,1,-3,1,1]
[14641,847,71,7,1]
[14641,605,229,5,1]
[15625,125,-11,1,1]
[4096,-256,352,-57,22,-1,1]
[256,256,176,96,49,24,11,4,1]
[4096,0,96,-67,6,0,1]
[2401,98,-65,2,1]
[729,81,18,-13,2,1,1]
[14641,726,156,6,1]
[256,128,96,64,39,16,6,2,1]
[4096,-1792,432,-117,27,-7,1]
[4096,1280,544,125,34,5,1]
[14641,726,229,6,1]
[4096,-1280,64,29,4,-5,1]
[16384,-128,227,-1,1]
[4096,3072,1216,351,76,12,1]
[15625,-750,-109,-6,1]
[4096,1536,592,159,37,6,1]
[15625,625,63,5,1]
[14641,-847,-74,-7,1]
[4096,-320,131,-5,1]
[4096,768,240,53,15,3,1]
[512,-320,112,-35,14,-5,1]
[15625,2875,351,23,1]
[4096,256,560,45,35,1,1]
[4096,1024,176,43,11,4,1]
[15625,0,19,0,1]
[14641,0,-162,0,1]
[6561,-567,83,-7,1]
[16384,1024,245,8,1]
[14641,1210,104,10,1]
[4096,2816,736,141,46,11,1]
[6561,-1701,236,-21,1]
[4096,1536,672,181,42,6,1]
[15625,-1250,-3,-10,1]
[16384,-1280,-17,-10,1]
[729,243,90,38,10,3,1]
[16384,-512,251,-4,1]
[4096,1536,-176,-163,-11,6,1]
[14641,-363,-68,-3,1]
[4096,-2048,672,-183,42,-8,1]
[729,405,162,43,18,5,1]
[15625,1000,-14,8,1]
[2401,0,59,0,1]
[4096,768,192,13,12,3,1]
[729,-243,144,-41,16,-3,1]
[4096,1792,256,11,16,7,1]
[256,-64,-32,-16,23,-4,-2,-1,1]
[4096,-256,-32,107,-2,-1,1]
[4096,512,400,13,25,2,1]
[729,-81,-9,-19,-1,-1,1]
[4096,-768,176,29,11,-3,1]
[14641,1573,58,13,1]
[14641,-2783,323,-23,1]
[2401,-196,94,-4,1]
[256,-128,80,-48,27,-12,5,-2,1]
[729,405,216,73,24,5,1]
[4096,768,-32,-47,-2,3,1]
[15625,2250,301,18,1]
[15625,-1750,153,-14,1]
[16384,-3200,343,-25,1]
[6561,-243,95,-3,1]
[4096,0,-80,19,-5,0,1]
[14641,-2420,236,-20,1]
[14641,605,50,5,1]
[512,384,120,33,15,6,1]
[4096,-256,-192,39,-12,-1,1]
[14641,1089,146,9,1]
[4096,3072,1264,357,79,12,1]
[16384,1920,103,15,1]
[4096,0,192,-25,12,0,1]
[4096,3328,1440,423,90,13,1]
[729,0,46,0,1]
[4096,-768,80,-65,5,-3,1]
[729,-81,0,-13,0,-1,1]
[4096,512,0,-95,0,2,1]
[4096,-1536,384,-119,24,-6,1]
[256,256,176,64,29,16,11,4,1]
[4096,-256,93,-4,1]
[4096,-512,87,-8,1]
[4096,-768,496,-69,31,-3,1]
[729,243,117,43,13,3,1]
[16384,-2176,311,-17,1]
[14641,-2057,218,-17,1]
[4096,192,97,3,1]
[729,0,0,-31,0,0,1]
[64,-64,8,9,2,-4,1]
[4096,-1792,816,-191,51,-7,1]
[4096,1280,160,-5,10,5,1]
[729,81,81,-4,9,1,1]
[4096,0,192,-3,12,0,1]
[4096,512,368,21,23,2,1]
[4096,768,448,111,28,3,1]
[729,162,18,-32,2,2,1]
[16384,256,137,2,1]
[256,-192,96,-40,19,-10,6,-3,1]
[4096,256,560,27,35,1,1]
[4096,256,-64,15,-4,1,1]
[16384,-1408,121,-11,1]
[4096,512,48,-61,3,2,1]
[4096,-320,103,-5,1]
[256,-128,16,-32,35,-8,1,-2,1]
[15625,1125,18,9,1]
[256,320,128,0,-15,0,8,5,1]
[4096,-2048,464,-81,29,-8,1]
[15625,-1250,91,-10,1]
[256,-128,128,-96,35,-24,8,-2,1]
[256,-128,0,28,-25,7,0,-2,1]
[4096,-1280,320,-33,20,-5,1]
[15625,875,26,7,1]
[256,64,16,-28,-27,-7,1,1,1]
[4096,-768,16,-31,1,-3,1]
[256,-128,128,-60,41,-15,8,-2,1]
[4096,-512,-128,77,-8,-2,1]
[4096,768,208,-7,13,3,1]
[81,-27,2,-3,1]
[256,256,112,40,21,10,7,4,1]
[2401,147,-26,3,1]
[15625,-3125,384,-25,1]
[256,-64,96,-4,21,-1,6,-1,1]
[4096,1024,288,79,18,4,1]
[729,-324,99,-34,11,-4,1]
[2401,-98,79,-2,1]
[4096,-1280,512,-109,32,-5,1]
[729,81,-27,-28,-3,1,1]
[256,64,32,8,23,2,2,1,1]
[14641,-484,-90,-4,1]
[4096,512,80,-59,5,2,1]
[14641,-2178,247,-18,1]
[729,-486,126,-28,14,-6,1]
[2401,0,-73,0,1]
[729,486,270,103,30,6,1]
[14641,-3025,394,-25,1]
[4096,-1536,-192,175,-12,-6,1]
[256,-128,16,28,-29,7,1,-2,1]
[256,64,48,48,15,12,3,1,1]
[729,-81,117,-16,13,-1,1]
[2401,-196,33,-4,1]
[256,0,0,-16,19,-4,0,0,1]
[256,-256,208,-124,63,-31,13,-4,1]
[15625,1625,143,13,1]
[256,0,16,4,3,1,1,0,1]
[4096,-768,96,19,6,-3,1]
[15625,2250,322,18,1]
[512,64,160,17,20,1,1]
[4096,-1024,336,-113,21,-4,1]
[256,-320,224,-112,55,-28,14,-5,1]
[4096,512,119,8,1]
[6561,891,187,11,1]
[256,64,64,60,13,15,4,1,1]
[4096,768,-160,-89,-10,3,1]
[15625,0,-9,0,1]
[15625,-375,176,-3,1]
[256,0,144,-24,41,-6,9,0,1]
[512,-128,104,-15,13,-2,1]
[15625,3375,366,27,1]
[15625,0,-221,0,1]
[14641,-968,-45,-8,1]
[14641,968,12,8,1]
[256,-64,64,-24,15,-6,4,-1,1]
[4096,1536,352,45,22,6,1]
[14641,-2299,216,-19,1]
[4096,-1792,304,-43,19,-7,1]
[15625,-2625,343,-21,1]
[256,-128,80,-20,11,-5,5,-2,1]
[4096,256,512,11,32,1,1]
[729,-243,90,-11,10,-3,1]
[4096,0,-48,-35,-3,0,1]
[4096,256,87,4,1]
[2401,-147,-9,-3,1]
[4096,-256,32,-43,2,-1,1]
[256,64,-16,-28,-11,-7,-1,1,1]
[15625,-625,-13,-5,1]
[4096,-512,400,-27,25,-2,1]
[256,192,80,56,41,14,5,3,1]
[14641,-1452,194,-12,1]
[256,-256,128,-80,49,-20,8,-4,1]
[4096,-512,208,43,13,-2,1]
[15625,500,-126,4,1]
[15625,3125,314,25,1]
[4096,-768,112,-31,7,-3,1]
[4096,768,144,73,9,3,1]
[4096,64,81,1,1]
[16384,1664,275,13,1]
[14641,-2783,300,-23,1]
[2401,-490,111,-10,1]
[729,-162,45,-19,5,-2,1]
[4096,1024,464,129,29,4,1]
[15625,-1250,111,-10,1]
[14641,0,183,0,1]
[6561,243,22,3,1]
[14641,363,-48,3,1]
[2401,588,72,12,1]
[4096,2816,1024,273,64,11,1]
[6561,1863,283,23,1]
[4096,1024,320,59,20,4,1]
[4096,512,160,-27,10,2,1]
[64,24,7,3,1]
[4096,-1536,432,-99,27,-6,1]
[4096,2560,912,245,57,10,1]
[2401,147,83,3,1]
[4096,3072,1216,337,76,12,1]
[15625,-375,31,-3,1]
[15625,-2125,259,-17,1]
[256,-192,176,-104,63,-26,11,-3,1]
[4096,-768,416,-89,26,-3,1]
[2401,-294,104,-6,1]
[4096,512,64,33,4,2,1]
[4096,-896,97,-14,1]
[4096,512,16,-93,1,2,1]
[256,-256,272,-172,103,-43,17,-4,1]
[14641,-847,-31,-7,1]
[6561,729,67,9,1]
[4096,1280,96,-51,6,5,1]
[4096,-768,160,-105,10,-3,1]
[4096,0,16,-105,1,0,1]
[4096,256,336,71,21,1,1]
[14641,-2299,245,-19,1]
[729,81,162,5,18,1,1]
[4096,1024,496,75,31,4,1]
[4096,0,-176,-3,-11,0,1]
[256,-320,112,36,-43,9,7,-5,1]
[4096,-2048,832,-217,52,-8,1]
[4096,512,-224,-75,-14,2,1]
[4096,-1280,-128,119,-8,-5,1]
[4096,-1536,-144,155,-9,-6,1]
[16384,-2048,197,-16,1]
[625,-50,42,-2,1]
[6561,-324,5,-4,1]
[256,256,208,132,81,33,13,4,1]
[4096,-1792,816,-205,51,-7,1]
[256,-64,-64,16,13,4,-4,-1,1]
[4096,1024,480,61,30,4,1]
[1024,-160,-1,-5,1]
[4096,-1792,768,-219,48,-7,1]
[6561,324,29,4,1]
[256,-128,80,-44,19,-11,5,-2,1]
[6561,-324,-41,-4,1]
[256,-128,0,-8,11,-2,0,-2,1]
[15625,1500,152,12,1]
[256,-256,144,-84,45,-21,9,-4,1]
[256,-256,64,20,-19,5,4,-4,1]
[256,0,0,-24,11,-6,0,0,1]
[15625,375,-2,3,1]
[16384,-2816,257,-22,1]
[16384,768,145,6,1]
[2401,245,85,5,1]
[4096,256,-112,-85,-7,1,1]
[14641,3993,489,33,1]
[4096,-1792,688,-189,43,-7,1]
[4096,-1024,-16,19,-1,-4,1]
[14641,-2299,196,-19,1]
[512,-128,8,-11,1,-2,1]
[4096,512,-224,-59,-14,2,1]
[4096,-1536,32,71,2,-6,1]
[256,-64,112,-48,25,-12,7,-1,1]
[14641,-1210,31,-10,1]
[15625,1375,183,11,1]
[15625,-2500,301,-20,1]
[14641,-3993,503,-33,1]
[256,-128,48,52,-31,13,3,-2,1]
[6561,1053,142,13,1]
[4096,512,592,61,37,2,1]
[256,128,128,44,39,11,8,2,1]
[512,-128,56,-23,7,-2,1]
[16384,2048,307,16,1]
[729,486,153,34,17,6,1]
[4096,512,416,15,26,2,1]
[4096,-1792,160,37,10,-7,1]
[729,-324,36,7,4,-4,1]
[729,-243,108,-17,12,-3,1]
[16384,640,-115,5,1]
[4096,-1536,80,25,5,-6,1]
[16384,-1536,145,-12,1]
[4096,-256,256,-43,16,-1,1]
[512,512,336,137,42,8,1]
[15625,875,1,7,1]
[4096,256,272,-41,17,1,1]
[256,64,80,32,15,8,5,1,1]
[729,243,90,55,10,3,1]
[256,-320,272,-188,105,-47,17,-5,1]
[16384,896,-19,7,1]
[256,-256,240,-152,87,-38,15,-4,1]
[15625,375,39,3,1]
[256,256,224,152,79,38,14,4,1]
[256,64,-32,4,29,1,-2,1,1]
[4096,512,288,105,18,2,1]
[4096,192,39,3,1]
[1024,-96,63,-3,1]
[15625,-3125,361,-25,1]
[6561,324,140,4,1]
[4096,-512,432,-43,27,-2,1]
[729,243,54,35,6,3,1]
[256,64,-32,-4,19,-1,-2,1,1]
[729,-729,396,-154,44,-9,1]
[4096,-1088,171,-17,1]
[4096,768,208,113,13,3,1]
[4096,-1024,-176,103,-11,-4,1]
[15625,-125,-227,-1,1]
[4096,-1280,432,-155,27,-5,1]
[4096,-1280,-160,145,-10,-5,1]
[625,25,16,1,1]
[729,243,63,23,7,3,1]
[4096,-512,400,-13,25,-2,1]
[256,-448,400,-264,145,-66,25,-7,1]
[15625,375,119,3,1]
[4096,1024,64,-9,4,4,1]
[256,128,48,0,-15,0,3,2,1]
[729,0,-36,-10,-4,0,1]
[4096,2304,1008,267,63,9,1]
[729,-243,72,5,8,-3,1]
[4096,2816,768,157,48,11,1]
[4096,-768,-160,83,-10,-3,1]
[4096,-3584,1632,-485,102,-14,1]
[15625,-1625,94,-13,1]
[14641,726,-63,6,1]
[4096,1792,304,15,19,7,1]
[4096,-256,80,1,5,-1,1]
[15625,-750,-19,-6,1]
[4096,-1792,560,-165,35,-7,1]
[256,64,48,24,-3,6,3,1,1]
[4096,1024,112,51,7,4,1]
[4096,-768,144,7,9,-3,1]
[256,0,0,-16,7,-4,0,0,1]
[4096,-768,-48,97,-3,-3,1]
[15625,4125,494,33,1]
[729,0,126,7,14,0,1]
[729,-405,234,-70,26,-5,1]
[4096,-512,-112,51,-7,-2,1]
[4096,896,163,14,1]
[2401,49,48,1,1]
[14641,-363,129,-3,1]
[729,324,180,65,20,4,1]
[4096,-768,368,-31,23,-3,1]
[4096,256,112,5,7,1,1]
[6561,-1863,254,-23,1]
[625,-125,29,-5,1]
[14641,2420,336,20,1]
[14641,1210,248,10,1]
[14641,1815,133,15,1]
[729,-81,135,-13,15,-1,1]
[16384,1024,149,8,1]
[256,-64,32,12,5,3,2,-1,1]
[16384,896,83,7,1]
[729,162,-36,-34,-4,2,1]
[4096,768,176,107,11,3,1]
[4096,1280,624,119,39,5,1]
[4096,512,80,-35,5,2,1]
[6561,-1215,127,-15,1]
[729,324,153,47,17,4,1]
[15625,-1250,171,-10,1]
[256,192,16,8,17,2,1,3,1]
[729,-162,117,-29,13,-2,1]
[6561,1215,127,15,1]
[14641,-2299,323,-19,1]
[256,64,16,4,-13,1,1,1,1]
[15625,-375,198,-3,1]
[2401,343,53,7,1]
[729,324,144,70,16,4,1]
[15625,3875,453,31,1]
[4096,1536,320,25,20,6,1]
[15625,-2625,328,-21,1]
[256,-128,64,-8,3,-2,4,-2,1]
[729,-567,297,-125,33,-7,1]
[4096,4096,2032,627,127,16,1]
[15625,1500,28,12,1]
[4096,256,384,21,24,1,1]
[256,320,304,200,113,50,19,5,1]
[6561,1296,202,16,1]
[256,0,80,0,9,0,5,0,1]
[4096,256,96,81,6,1,1]
[6561,2187,338,27,1]
[14641,-2420,259,-20,1]
[16384,512,45,4,1]
[15625,-2125,313,-17,1]
[256,128,112,68,37,17,7,2,1]
[4096,768,144,21,9,3,1]
[1024,256,49,8,1]
[4096,-1280,432,-89,27,-5,1]
[256,256,144,52,23,13,9,4,1]
[16384,-512,125,-4,1]
[256,256,160,112,71,28,10,4,1]
[4096,0,336,-27,21,0,1]
[4096,-1024,48,55,3,-4,1]
[4096,1536,736,183,46,6,1]
[4096,0,-192,5,-12,0,1]
[512,128,16,17,2,2,1]
[512,64,48,-1,6,1,1]
[4096,-768,256,-51,16,-3,1]
[4096,0,176,53,11,0,1]
[14641,-363,-18,-3,1]
[256,-192,144,-56,35,-14,9,-3,1]
[64,-8,13,-1,1]
[4096,768,464,69,29,3,1]
[4096,-1024,144,-67,9,-4,1]
[256,64,-32,-12,-9,-3,-2,1,1]
[6561,81,-98,1,1]
[512,64,32,25,4,1,1]
[4096,-1024,400,-145,25,-4,1]
[256,64,-64,-8,23,-2,-4,1,1]
[16384,-4608,565,-36,1]
[15625,625,83,5,1]
[14641,1815,230,15,1]
[512,-128,40,-3,5,-2,1]
[4096,-512,16,91,1,-2,1]
[4096,1280,368,109,23,5,1]
[4096,256,-16,-21,-1,1,1]
[15625,-2750,367,-22,1]
[729,-81,-54,5,-6,-1,1]
[4096,768,224,63,14,3,1]
[256,-192,112,-44,19,-11,7,-3,1]
[4096,1536,800,169,50,6,1]
[4096,-1536,688,-163,43,-6,1]
[256,-64,80,-28,33,-7,5,-1,1]
[14641,1210,256,10,1]
[4096,-2048,608,-173,38,-8,1]
[64,80,48,23,12,5,1]
[4096,-3072,1328,-397,83,-12,1]
[4096,512,656,63,41,2,1]
[4096,1024,0,-63,0,4,1]
[4096,1024,224,25,14,4,1]
[4096,768,208,133,13,3,1]
[4096,-1280,448,-171,28,-5,1]
[4096,1024,-16,-55,-1,4,1]
[512,-64,-8,-21,-1,-1,1]
[4096,320,27,5,1]
[256,0,32,28,-1,7,2,0,1]
[256,64,16,-4,-5,-1,1,1,1]
[512,-192,136,-51,17,-3,1]
[256,-64,64,28,-3,7,4,-1,1]
[4096,-2304,960,-291,60,-9,1]
[16384,-2048,119,-16,1]
[512,256,104,29,13,4,1]
[4096,512,-80,-3,-5,2,1]
[256,0,0,-20,1,-5,0,0,1]
[4096,0,192,-35,12,0,1]
[256,-64,16,-20,29,-5,1,-1,1]
[16384,-1152,-5,-9,1]
[4096,256,352,-27,22,1,1]
[15625,-1125,41,-9,1]
[4096,-896,167,-14,1]
[256,-192,208,-120,73,-30,13,-3,1]
[4096,2560,896,245,56,10,1]
[4096,2304,752,185,47,9,1]
[4096,0,416,7,26,0,1]
[256,448,304,80,9,20,19,7,1]
[256,384,320,212,119,53,20,6,1]
[256,192,80,20,1,5,5,3,1]
[256,-384,224,-40,-7,-10,14,-6,1]
[16384,-1792,211,-14,1]
[4096,256,48,13,3,1,1]
[256,-384,256,-92,29,-23,16,-6,1]
[15625,1375,132,11,1]
[4096,-256,320,29,20,-1,1]
[4096,-1024,64,11,4,-4,1]
[256,-64,48,-48,9,-12,3,-1,1]
[15625,-1125,98,-9,1]
[2401,-441,104,-9,1]
[4096,256,464,49,29,1,1]
[256,0,112,16,33,4,7,0,1]
[729,-162,63,11,7,-2,1]
[2401,-637,138,-13,1]
[4096,-512,240,13,15,-2,1]
[256,-128,128,-72,43,-18,8,-2,1]
[14641,-847,-73,-7,1]
[15625,-375,102,-3,1]
[256,128,-32,20,41,5,-2,2,1]
[14641,-605,155,-5,1]
[4096,640,119,10,1]
[6561,1134,130,14,1]
[256,0,32,4,5,1,2,0,1]
[16384,-640,129,-5,1]
[4096,256,352,-17,22,1,1]
[64,-48,32,-13,8,-3,1]
[256,256,64,-56,-53,-14,4,4,1]
[6561,243,112,3,1]
[256,128,144,68,53,17,9,2,1]
[4096,-512,48,29,3,-2,1]
[625,-150,22,-6,1]
[256,-448,288,-52,-11,-13,18,-7,1]
[512,-192,32,-1,4,-3,1]
[256,-128,112,-40,27,-10,7,-2,1]
[4096,256,16,-73,1,1,1]
[729,54,-29,2,1]
[4096,1280,256,43,16,5,1]
[4096,256,16,-17,1,1,1]
[729,486,225,71,25,6,1]
[729,81,45,-20,5,1,1]
[16384,-1152,-47,-9,1]
[256,-128,32,-40,29,-10,2,-2,1]
[4096,-1024,-176,117,-11,-4,1]
[15625,-2500,276,-20,1]
[6561,-1539,232,-19,1]
[729,486,99,8,11,6,1]
[256,-64,112,-24,35,-6,7,-1,1]
[4096,-1536,912,-195,57,-6,1]
[16384,2304,295,18,1]
[16384,1408,263,11,1]
[729,-162,9,-4,1,-2,1]
[49,-9,1]
[16384,640,191,5,1]
[14641,605,223,5,1]
[4096,2048,736,215,46,8,1]
[512,-64,0,1,0,-1,1]
[14641,0,218,0,1]
[4096,-512,176,-65,11,-2,1]
[4096,-1536,336,-49,21,-6,1]
[4096,-768,-32,89,-2,-3,1]
[256,0,128,16,39,4,8,0,1]
[4096,256,32,-23,2,1,1]
[4096,-768,288,-55,18,-3,1]
[512,-64,8,21,1,-1,1]
[4096,-1024,-112,89,-7,-4,1]
[15625,500,-129,4,1]
[256,-256,192,-92,51,-23,12,-4,1]
[6561,0,34,0,1]
[4096,1024,704,125,44,4,1]
[15625,1750,146,14,1]
[4096,1280,512,117,32,5,1]
[256,256,176,84,39,21,11,4,1]
[4096,1792,256,-5,16,7,1]
[256,-128,96,-72,35,-18,6,-2,1]
[256,-64,112,-16,33,-4,7,-1,1]
[256,256,112,-4,-21,-1,7,4,1]
[512,-320,160,-65,20,-5,1]
[256,128,32,4,13,1,2,2,1]
[15625,-750,132,-6,1]
[256,-128,16,36,-15,9,1,-2,1]
[256,64,16,4,13,1,1,1,1]
[16384,-2304,203,-18,1]
[4096,-1280,352,-129,22,-5,1]
[15625,-250,37,-2,1]
[49,-4,1]
[4096,-256,80,-105,5,-1,1]
[4096,-1280,272,-95,17,-5,1]
[729,162,63,34,7,2,1]
[4096,-3072,1328,-389,83,-12,1]
[256,128,16,28,31,7,1,2,1]
[14641,3993,504,33,1]
[2401,147,-30,3,1]
[4096,-256,592,-25,37,-1,1]
[4096,768,544,79,34,3,1]
[15625,2125,161,17,1]
[729,324,144,50,16,4,1]
[2401,441,45,9,1]
[4096,-768,272,-51,17,-3,1]
[4096,256,272,39,17,1,1]
[14641,0,194,0,1]
[256,64,16,-16,-3,-4,1,1,1]
[4096,-832,151,-13,1]
[4096,1536,544,123,34,6,1]
[15625,-875,111,-7,1]
[16384,128,-55,1,1]
[256,0,16,-24,13,-6,1,0,1]
[4096,512,208,79,13,2,1]
[4096,-512,48,-17,3,-2,1]
[2401,294,3,6,1]
[4096,-1536,-64,113,-4,-6,1]
[4096,256,-16,-17,-1,1,1]
[4096,0,224,-19,14,0,1]
[4096,-768,432,-43,27,-3,1]
[256,64,-32,16,21,4,-2,1,1]
[256,64,32,12,9,3,2,1,1]
[4096,0,-96,-37,-6,0,1]
[256,0,-64,8,13,2,-4,0,1]
[2401,392,44,8,1]
[6561,2268,343,28,1]
[4096,0,448,-29,28,0,1]
[729,-324,135,-58,15,-4,1]
[512,-64,32,-13,4,-1,1]
[729,-243,54,4,6,-3,1]
[729,-324,108,-41,12,-4,1]
[625,-50,-27,-2,1]
[256,256,48,-64,-53,-16,3,4,1]
[16384,3456,407,27,1]
[4096,-256,-144,-15,-9,-1,1]
[64,-32,-4,5,-1,-2,1]
[4096,-1536,608,-137,38,-6,1]
[14641,-2057,164,-17,1]
[14641,-3630,449,-30,1]
[4096,-1536,752,-165,47,-6,1]
[4096,512,-16,35,-1,2,1]
[15625,-500,-9,-4,1]
[6561,648,-14,8,1]
[15625,875,243,7,1]
[15625,500,79,4,1]
[16384,2176,163,17,1]
[15625,250,211,2,1]
[4096,-1792,656,-183,41,-7,1]
[4096,-1280,352,-123,22,-5,1]
[15625,1625,213,13,1]
[4096,-1280,304,-39,19,-5,1]
[6561,1539,193,19,1]
[15625,1625,42,13,1]
[14641,1815,106,15,1]
[2401,343,109,7,1]
[4096,256,160,-17,10,1,1]
[4096,-256,-16,73,-1,-1,1]
[729,162,171,38,19,2,1]
[6561,243,4,3,1]
[16384,-1536,231,-12,1]
[256,128,16,24,25,6,1,2,1]
[14641,-2178,205,-18,1]
[14641,-242,175,-2,1]
[625,125,4,5,1]
[512,-256,184,-61,23,-4,1]
[512,-128,-16,29,-2,-2,1]
[16,-8,1,-2,1]
[4096,0,272,49,17,0,1]
[14641,3025,323,25,1]
[256,64,144,28,45,7,9,1,1]
[15625,-750,47,-6,1]
[16384,512,233,4,1]
[256,0,32,-4,-9,-1,2,0,1]
[16384,-2432,193,-19,1]
[512,0,-40,5,-5,0,1]
[14641,2662,358,22,1]
[15625,1625,49,13,1]
[625,50,31,2,1]
[729,-1053,729,-305,81,-13,1]
[14641,-484,-13,-4,1]
[4096,768,128,75,8,3,1]
[16384,-128,247,-1,1]
[4096,-768,576,-103,36,-3,1]
[14641,3267,362,27,1]
[729,-162,90,-7,10,-2,1]
[256,64,128,0,29,0,8,1,1]
[16384,-2560,303,-20,1]
[64,-16,8,-1,2,-1,1]
[6561,243,-37,3,1]
[15625,-3250,333,-26,1]
[4096,2304,864,239,54,9,1]
[4096,2304,224,-51,14,9,1]
[729,324,18,-28,2,4,1]
[4096,0,21,0,1]
[6561,810,139,10,1]
[16384,-640,207,-5,1]
[14641,-3267,379,-27,1]
[4096,2560,640,125,40,10,1]
[512,384,104,21,13,6,1]
[4096,-1536,208,-3,13,-6,1]
[2401,294,89,6,1]
[2401,147,71,3,1]
[256,192,96,36,25,9,6,3,1]
[4096,768,112,81,7,3,1]
[4096,-1792,304,-19,19,-7,1]
[729,243,18,-7,2,3,1]
[15625,-875,-53,-7,1]
[4096,-1024,-160,107,-10,-4,1]
[14641,1815,104,15,1]
[729,81,144,20,16,1,1]
[4096,-2304,784,-201,49,-9,1]
[512,64,144,9,18,1,1]
[4096,-1280,560,-135,35,-5,1]
[4096,-512,112,47,7,-2,1]
[4096,-512,112,-101,7,-2,1]
[512,64,24,33,3,1,1]
[729,324,126,53,14,4,1]
[256,-128,80,-44,7,-11,5,-2,1]
[16384,-2432,221,-19,1]
[729,648,225,58,25,8,1]
[256,0,64,36,1,9,4,0,1]
[4096,2560,832,213,52,10,1]
[4096,-1792,448,-103,28,-7,1]
[4096,-768,272,-115,17,-3,1]
[16384,-1792,267,-14,1]
[4096,256,-192,-35,-12,1,1]
[15625,-3000,354,-24,1]
[729,0,-18,19,-2,0,1]
[4096,-768,-48,51,-3,-3,1]
[256,128,64,16,21,4,4,2,1]
[15625,-750,63,-6,1]
[256,64,0,-20,-27,-5,0,1,1]
[4096,-960,179,-15,1]
[512,64,96,9,12,1,1]
[15625,-125,-138,-1,1]
[256,-128,32,-36,37,-9,2,-2,1]
[729,162,17,6,1]
[4096,-512,9,-8,1]
[4096,-3072,1248,-363,78,-12,1]
[4096,512,143,8,1]
[256,256,160,88,41,22,10,4,1]
[4096,-2304,544,-105,34,-9,1]
[256,64,0,16,19,4,0,1,1]
[256,320,192,64,17,16,12,5,1]
[14641,0,-58,0,1]
[6561,729,152,9,1]
[4096,0,96,-73,6,0,1]
[15625,375,-157,3,1]
[4096,768,288,75,18,3,1]
[4096,1280,320,127,20,5,1]
[6561,1296,134,16,1]
[16384,-768,-27,-6,1]
[729,243,81,49,9,3,1]
[729,405,180,76,20,5,1]
[14641,-2057,303,-17,1]
[729,486,216,77,24,6,1]
[16384,-3200,349,-25,1]
[729,486,-18,-67,-2,6,1]
[729,-324,9,20,1,-4,1]
[4096,512,-32,-51,-2,2,1]
[4096,256,576,41,36,1,1]
[256,-256,112,-68,47,-17,7,-4,1]
[256,-64,64,4,9,1,4,-1,1]
[2401,-49,26,-1,1]
[256,-64,48,32,-15,8,3,-1,1]
[256,256,112,-20,-29,-5,7,4,1]
[512,576,328,131,41,9,1]
[4096,-512,304,-97,19,-2,1]
[4096,1536,160,-13,10,6,1]
[4096,64,53,1,1]
[15625,250,111,2,1]
[6561,-162,-52,-2,1]
[4096,-256,336,27,21,-1,1]
[16384,-1152,161,-9,1]
[6561,486,94,6,1]
[6561,-324,11,-4,1]
[15625,-1125,18,-9,1]
[4096,0,496,1,31,0,1]
[4096,2560,880,223,55,10,1]
[512,192,192,47,24,3,1]
[256,-64,80,-32,25,-8,5,-1,1]
[2401,0,-59,0,1]
[15625,-250,-177,-2,1]
[16384,2560,285,20,1]
[512,64,128,13,16,1,1]
[729,891,549,218,61,11,1]
[15625,-2125,239,-17,1]
[256,128,80,32,17,8,5,2,1]
[256,64,128,52,33,13,8,1,1]
[4096,512,240,-9,15,2,1]
[4096,-3584,1424,-391,89,-14,1]
[256,0,48,-36,-1,-9,3,0,1]
[4096,-1024,48,33,3,-4,1]
[4096,-64,47,-1,1]
[15625,1250,63,10,1]
[15625,125,1,1,1]
[256,-192,144,-88,35,-22,9,-3,1]
[4096,-512,416,-53,26,-2,1]
[4096,-2304,432,-45,27,-9,1]
[64,-16,20,1,5,-1,1]
[4096,1792,400,99,25,7,1]
[729,270,64,10,1]
[256,320,112,-32,-39,-8,7,5,1]
[4096,-3072,1376,-417,86,-12,1]
[4096,-256,-176,57,-11,-1,1]
[512,-128,8,9,1,-2,1]
[15625,-250,-94,-2,1]
[256,320,160,16,-13,4,10,5,1]
[16384,-1792,191,-14,1]
[4096,2048,208,-29,13,8,1]
[256,-64,0,16,-13,4,0,-1,1]
[16384,-256,-153,-2,1]
[512,320,80,7,10,5,1]
[4096,-768,336,-55,21,-3,1]
[16384,-1920,113,-15,1]
[4096,256,208,-33,13,1,1]
[729,-405,153,-38,17,-5,1]
[4096,0,416,13,26,0,1]
[14641,-363,-83,-3,1]
[4096,-256,96,-1,6,-1,1]
[16384,-512,183,-4,1]
[256,128,32,4,1,1,2,2,1]
[729,-486,9,50,1,-6,1]
[15625,250,-91,2,1]
[4096,256,32,111,2,1,1]
[15625,250,-62,2,1]
[4096,-1792,448,-89,28,-7,1]
[14641,1694,246,14,1]
[1024,64,33,2,1]
[256,-256,208,-132,81,-33,13,-4,1]
[16384,-2688,315,-21,1]
[512,-256,88,-13,11,-4,1]
[4096,256,9,4,1]
[729,0,-14,0,1]
[4096,768,208,51,13,3,1]
[256,128,96,64,37,16,6,2,1]
[15625,500,-32,4,1]
[4096,-512,-48,103,-3,-2,1]
[64,-16,4,7,1,-1,1]
[256,-320,288,-196,107,-49,18,-5,1]
[15625,1500,107,12,1]
[4096,-2048,512,-97,32,-8,1]
[14641,2541,323,21,1]
[256,0,-11,0,1]
[16384,-640,155,-5,1]
[2401,-1127,227,-23,1]
[4096,-768,448,-109,28,-3,1]
[256,128,128,36,33,9,8,2,1]
[16384,1280,91,10,1]
[729,-405,207,-61,23,-5,1]
[16384,1792,209,14,1]
[625,375,102,15,1]
[4096,-512,224,9,14,-2,1]
[15625,625,112,5,1]
[729,243,36,23,4,3,1]
[256,-64,64,36,-7,9,4,-1,1]
[256,0,-80,-4,17,-1,-5,0,1]
[729,-405,135,-34,15,-5,1]
[4096,-256,45,-4,1]
[4096,-256,-80,75,-5,-1,1]
[15625,375,-94,3,1]
[729,-243,216,-52,24,-3,1]
[256,64,48,-52,-19,-13,3,1,1]
[4096,-512,-80,73,-5,-2,1]
[4096,-1536,608,-161,38,-6,1]
[14641,1452,72,12,1]
[256,0,32,16,19,4,2,0,1]
[4096,768,-96,-63,-6,3,1]
[256,64,80,32,17,8,5,1,1]
[16384,3072,331,24,1]
[4096,2048,912,241,57,8,1]
[512,192,104,29,13,3,1]
[15625,3250,388,26,1]
[4096,-2048,848,-231,53,-8,1]
[729,-81,72,-5,8,-1,1]
[4096,-512,160,-39,10,-2,1]
[256,128,96,80,33,20,6,2,1]
[14641,-484,148,-4,1]
[256,-256,96,20,-29,5,6,-4,1]
[256,-192,32,-12,17,-3,2,-3,1]
[4096,-768,560,-71,35,-3,1]
[6561,-1944,293,-24,1]
[4096,1024,272,49,17,4,1]
[15625,1875,204,15,1]
[6561,-648,43,-8,1]
[6561,1377,212,17,1]
[1024,320,57,10,1]
[15625,-1000,-19,-8,1]
[256,-192,112,-4,-3,-1,7,-3,1]
[4096,0,-48,85,-3,0,1]
[256,-128,32,12,-27,3,2,-2,1]
[14641,847,-41,7,1]
[512,64,72,5,9,1,1]
[14641,0,-50,0,1]
[729,-324,45,11,5,-4,1]
[256,-192,-32,48,-15,12,-2,-3,1]
[256,64,-48,-8,9,-2,-3,1,1]
[14641,2057,142,17,1]
[14641,484,-47,4,1]
[4096,-768,-16,63,-1,-3,1]
[2401,-343,67,-7,1]
[4096,1536,704,147,44,6,1]
[512,-320,112,-29,14,-5,1]
[15625,1500,97,12,1]
[4096,-256,128,17,8,-1,1]
[256,192,32,-24,-15,-6,2,3,1]
[14641,1331,150,11,1]
[4096,512,16,-39,1,2,1]
[4096,-1792,816,-203,51,-7,1]
[256,48,-7,3,1]
[4096,1792,-112,-155,-7,7,1]
[4096,-1536,272,-17,17,-6,1]
[2401,-441,41,-9,1]
[512,-192,32,7,4,-3,1]
[14641,-121,79,-1,1]
[14641,-3267,360,-27,1]
[4096,1792,832,207,52,7,1]
[2401,-735,139,-15,1]
[256,0,0,-20,-7,-5,0,0,1]
[16384,1152,69,9,1]
[256,64,64,12,19,3,4,1,1]
[256,192,64,16,3,4,4,3,1]
[4096,-1280,336,-71,21,-5,1]
[256,-256,128,-56,25,-14,8,-4,1]
[625,100,11,4,1]
[729,162,99,4,11,2,1]
[4096,-256,528,-27,33,-1,1]
[4096,-256,448,1,28,-1,1]
[14641,-847,97,-7,1]
[4096,1280,-208,-161,-13,5,1]
[256,0,48,-28,13,-7,3,0,1]
[2401,245,103,5,1]
[512,-192,16,5,2,-3,1]
[256,256,80,-16,-23,-4,5,4,1]
[4096,2304,880,271,55,9,1]
[4096,512,-96,-63,-6,2,1]
[6561,-81,-118,-1,1]
[15625,-500,46,-4,1]
[4096,1280,-192,-153,-12,5,1]
[4096,-512,-16,83,-1,-2,1]
[729,162,9,-35,1,2,1]
[4096,512,16,-49,1,2,1]
[4096,-256,-208,51,-13,-1,1]
[256,-64,80,-8,23,-2,5,-1,1]
[14641,-2541,351,-21,1]
[256,-128,112,-72,33,-18,7,-2,1]
[729,243,81,7,9,3,1]
[14641,-847,135,-7,1]
[4096,2048,480,101,30,8,1]
[6561,162,-125,2,1]
[4096,-1280,512,-141,32,-5,1]
[256,0,16,-8,-11,-2,1,0,1]
[4096,-1024,512,-77,32,-4,1]
[4096,0,32,-77,2,0,1]
[625,-50,22,-2,1]
[1024,-192,11,-6,1]
[6561,-1539,248,-19,1]
[4096,-1024,320,-75,20,-4,1]
[14641,-3751,444,-31,1]
[15625,-3625,416,-29,1]
[14641,2904,353,24,1]
[2401,-294,-1,-6,1]
[4096,-1536,32,81,2,-6,1]
[4096,1024,-16,-31,-1,4,1]
[4096,768,-144,-69,-9,3,1]
[4096,-3840,1904,-583,119,-15,1]
[729,-81,54,10,6,-1,1]
[4096,0,-32,-3,-2,0,1]
[4096,-2304,512,-95,32,-9,1]
[15625,-500,-8,-4,1]
[4096,256,320,37,20,1,1]
[4096,-512,112,-87,7,-2,1]
[14641,1210,83,10,1]
[256,256,208,132,67,33,13,4,1]
[4096,2560,816,205,51,10,1]
[4096,1024,208,-11,13,4,1]
[512,-256,184,-55,23,-4,1]
[15625,3250,403,26,1]
[16384,-1280,163,-10,1]
[729,162,45,37,5,2,1]
[4096,1024,-112,-115,-7,4,1]
[4096,-256,288,5,18,-1,1]
[256,-192,176,-76,47,-19,11,-3,1]
[256,0,64,-32,9,-8,4,0,1]
[4096,-1792,448,-79,28,-7,1]
[4096,-256,-48,107,-3,-1,1]
[4096,1024,464,75,29,4,1]
[4096,-512,448,-29,28,-2,1]
[14641,363,-171,3,1]
[4096,256,352,33,22,1,1]
[4096,-256,448,-21,28,-1,1]
[4096,1792,512,139,32,7,1]
[4096,512,0,15,0,2,1]
[4096,-1280,64,49,4,-5,1]
[4096,-1024,592,-113,37,-4,1]
[14641,1089,223,9,1]
[4096,0,95,0,1]
[256,64,32,4,-17,1,2,1,1]
[512,-192,-24,33,-3,-3,1]
[15625,-500,104,-4,1]
[15625,1625,81,13,1]
[4096,-384,113,-6,1]
[4096,-512,208,41,13,-2,1]
[14641,1815,263,15,1]
[256,-128,208,-80,71,-20,13,-2,1]
[4096,1024,528,103,33,4,1]
[64,0,16,7,4,0,1]
[256,64,32,20,-1,5,2,1,1]
[16384,1280,25,10,1]
[729,162,108,37,12,2,1]
[4096,-1536,288,-79,18,-6,1]
[121,15,1]
[14641,1089,6,9,1]
[15625,-750,129,-6,1]
[512,64,40,39,5,1,1]
[25,-9,1]
[729,-162,-45,13,-5,-2,1]
[729,162,9,19,1,2,1]
[512,-128,40,-17,5,-2,1]
[64,-16,28,-7,7,-1,1]
[16384,3072,323,24,1]
[512,256,176,59,22,4,1]
[14641,2178,225,18,1]
[4096,0,-64,-81,-4,0,1]
[16384,-3328,347,-26,1]
[15625,-1000,116,-8,1]
[1024,64,1,2,1]
[4096,-1024,272,-45,17,-4,1]
[4096,2560,960,263,60,10,1]
[256,-128,-64,20,15,5,-4,-2,1]
[15625,-3000,309,-24,1]
[4096,-256,80,85,5,-1,1]
[4096,0,32,-35,2,0,1]
[4096,768,400,81,25,3,1]
[15625,500,177,4,1]
[6561,-1458,205,-18,1]
[6561,1620,233,20,1]
[4096,-256,91,-4,1]
[14641,121,-58,1,1]
[2401,-931,186,-19,1]
[4096,-768,160,-87,10,-3,1]
[4096,-1536,576,-119,36,-6,1]
[15625,1250,217,10,1]
[15625,250,244,2,1]
[729,0,-9,-2,-1,0,1]
[4096,-4352,2208,-685,138,-17,1]
[729,-405,81,-1,9,-5,1]
[256,256,128,24,-3,6,8,4,1]
[4096,0,368,-33,23,0,1]
[14641,-605,51,-5,1]
[4096,512,160,77,10,2,1]
[512,-64,8,25,1,-1,1]
[4096,-1536,576,-191,36,-6,1]
[4096,1280,720,139,45,5,1]
[64,0,8,-5,2,0,1]
[512,-384,152,-49,19,-6,1]
[14641,-847,138,-7,1]
[14641,2783,343,23,1]
[6561,1377,146,17,1]
[256,384,304,184,97,46,19,6,1]
[6561,-729,151,-9,1]
[4096,-1792,-32,125,-2,-7,1]
[256,0,-16,16,19,4,-1,0,1]
[256,0,112,-4,41,-1,7,0,1]
[512,-576,328,-131,41,-9,1]
[4096,512,640,57,40,2,1]
[4096,-1280,-192,133,-12,-5,1]
[4096,-2304,912,-271,57,-9,1]
[14641,-1089,104,-9,1]
[4096,1024,-208,-143,-13,4,1]
[729,324,171,47,19,4,1]
[4096,512,432,85,27,2,1]
[512,0,-8,-29,-1,0,1]
[729,-162,-27,40,-3,-2,1]
[4096,-2560,1056,-309,66,-10,1]
[4096,-1024,-32,35,-2,-4,1]
[256,-320,256,-152,77,-38,16,-5,1]
[256,192,48,-24,-27,-6,3,3,1]
[4096,-2560,1136,-333,71,-10,1]
[729,405,243,89,27,5,1]
[256,-64,144,-24,45,-6,9,-1,1]
[4096,512,-192,-65,-12,2,1]
[512,-64,32,-29,4,-1,1]
[4096,512,-80,-45,-5,2,1]
[256,0,64,12,1,3,4,0,1]
[14641,-2662,255,-22,1]
[16384,-1024,39,-8,1]
[4096,-256,272,-19,17,-1,1]
[4096,0,-96,-21,-6,0,1]
[16384,-640,183,-5,1]
[256,-64,0,-20,9,-5,0,-1,1]
[4096,0,656,3,41,0,1]
[16384,256,-17,2,1]
[64,0,4,7,1,0,1]
[4096,-3072,1408,-417,88,-12,1]
[4096,-512,-96,101,-6,-2,1]
[4096,-1280,368,-83,23,-5,1]
[4096,256,-96,-87,-6,1,1]
[4096,1280,-48,-71,-3,5,1]
[6561,729,161,9,1]
[4096,1280,400,117,25,5,1]
[256,128,80,48,17,12,5,2,1]
[4096,-1024,176,-37,11,-4,1]
[15625,-500,92,-4,1]
[4096,2560,928,249,58,10,1]
[256,-64,48,-28,19,-7,3,-1,1]
[14641,-968,166,-8,1]
[4096,-1280,384,-77,24,-5,1]
[4096,-1792,256,-5,16,-7,1]
[15625,625,32,5,1]
[4096,512,-192,-79,-12,2,1]
[729,-81,90,8,10,-1,1]
[4096,512,544,75,34,2,1]
[256,-64,-96,0,35,0,-6,-1,1]
[729,81,-9,-28,-1,1,1]
[15625,-1625,193,-13,1]
[256,-192,112,-48,15,-12,7,-3,1]
[4096,-768,224,-61,14,-3,1]
[4096,-576,17,-9,1]
[16384,2816,283,22,1]
[256,-128,160,-84,49,-21,10,-2,1]
[14641,121,45,1,1]
[15625,1875,128,15,1]
[4096,-3584,1744,-527,109,-14,1]
[256,192,160,72,47,18,10,3,1]
[4096,2560,784,195,49,10,1]
[9,5,1]
[4096,-2048,896,-233,56,-8,1]
[256,128,96,48,43,12,6,2,1]
[4096,-768,-64,1,-4,-3,1]
[4096,192,67,3,1]
[256,128,80,0,-1,0,5,2,1]
[4096,1792,-224,-209,-14,7,1]
[256,128,80,56,29,14,5,2,1]
[4096,1024,224,57,14,4,1]
[15625,1000,26,8,1]
[1024,224,71,7,1]
[4096,512,160,125,10,2,1]
[256,256,160,96,55,24,10,4,1]
[256,64,-16,24,19,6,-1,1,1]
[729,0,90,-1,10,0,1]
[512,64,-40,-11,-5,1,1]
[14641,484,-147,4,1]
[256,0,-16,16,-5,4,-1,0,1]
[6561,486,19,6,1]
[4096,0,144,29,9,0,1]
[16384,768,113,6,1]
[4096,-768,656,-99,41,-3,1]
[512,-256,64,-15,8,-4,1]
[15625,125,-197,1,1]
[729,-324,144,-62,16,-4,1]
[4096,512,-112,-113,-7,2,1]
[4096,-1792,640,-185,40,-7,1]
[4096,-1280,368,-93,23,-5,1]
[14641,2904,369,24,1]
[14641,1089,197,9,1]
[4096,256,272,-3,17,1,1]
[4096,-1792,624,-143,39,-7,1]
[14641,121,-27,1,1]
[4096,-576,21,-9,1]
[15625,1125,24,9,1]
[14641,2299,312,19,1]
[4096,512,-48,3,-3,2,1]
[256,64,-80,4,31,1,-5,1,1]
[729,-243,54,-32,6,-3,1]
[14641,3146,389,26,1]
[4096,1280,448,133,28,5,1]
[15625,2125,149,17,1]
[256,64,80,36,15,9,5,1,1]
[256,-64,48,-16,-9,-4,3,-1,1]
[4096,1280,0,-89,0,5,1]
[14641,726,63,6,1]
[64,16,0,-3,0,1,1]
[14641,968,-20,8,1]
[4096,1280,416,161,26,5,1]
[4096,-1536,496,-87,31,-6,1]
[4096,0,48,57,3,0,1]
[4096,-512,-48,77,-3,-2,1]
[4096,512,496,67,31,2,1]
[15625,750,-101,6,1]
[256,-256,144,-48,19,-12,9,-4,1]
[256,-64,16,-24,17,-6,1,-1,1]
[14641,-242,-90,-2,1]
[14641,242,192,2,1]
[729,-162,-9,16,-1,-2,1]
[14641,121,38,1,1]
[729,243,225,49,25,3,1]
[15625,250,201,2,1]
[16384,-128,-135,-1,1]
[16384,512,-57,4,1]
[729,0,54,-23,6,0,1]
[16384,-896,141,-7,1]
[4096,256,624,35,39,1,1]
[15625,3000,332,24,1]
[15625,250,-124,2,1]
[512,-64,-56,21,-7,-1,1]
[4096,-2304,704,-191,44,-9,1]
[256,-64,0,-8,1,-2,0,-1,1]
[1024,288,45,9,1]
[6561,-1134,133,-14,1]
[4096,0,-48,-37,-3,0,1]
[4096,1280,224,33,14,5,1]
[15625,3125,396,25,1]
[16384,-1024,221,-8,1]
[14641,-3388,387,-28,1]
[4096,1536,528,145,33,6,1]
[512,128,144,29,18,2,1]
[4096,0,32,61,2,0,1]
[15625,4000,473,32,1]
[256,-64,-16,-20,25,-5,-1,-1,1]
[14641,1936,118,16,1]
[729,-162,36,-7,4,-2,1]
[15625,2750,292,22,1]
[729,-405,171,-68,19,-5,1]
[4096,1280,240,69,15,5,1]
[4096,0,128,29,8,0,1]
[729,-648,405,-155,45,-8,1]
[4096,-256,512,-29,32,-1,1]
[14641,-3025,347,-25,1]
[4096,-256,144,31,9,-1,1]
[2401,-441,100,-9,1]
[256,128,112,72,41,18,7,2,1]
[14641,1573,248,13,1]
[256,-256,96,4,-13,1,6,-4,1]
[4096,0,224,-39,14,0,1]
[256,128,32,-8,-19,-2,2,2,1]
[6561,0,104,0,1]
[15625,-2875,304,-23,1]
[15625,-250,-83,-2,1]
[15625,-875,-33,-7,1]
[4096,-768,-112,109,-7,-3,1]
[256,-96,21,-6,1]
[4096,-1536,624,-171,39,-6,1]
[4096,0,16,-7,1,0,1]
[14641,-1815,201,-15,1]
[4096,-768,-192,83,-12,-3,1]
[729,-243,-18,43,-2,-3,1]
[6561,2187,341,27,1]
[256,64,80,28,27,7,5,1,1]
[4096,2304,832,237,52,9,1]
[4096,-384,51,-6,1]
[2401,441,65,9,1]
[15625,125,-33,1,1]
[6561,162,-110,2,1]
[729,81,99,-10,11,1,1]
[15625,-2250,239,-18,1]
[4096,-512,-16,-23,-1,-2,1]
[16384,256,155,2,1]
[14641,-1694,123,-14,1]
[4096,0,-144,55,-9,0,1]
[4096,1024,256,69,16,4,1]
[15625,-1250,213,-10,1]
[4096,2048,752,239,47,8,1]
[729,324,-27,-40,-3,4,1]
[4096,1280,448,153,28,5,1]
[1024,96,-17,3,1]
[15625,0,-28,0,1]
[4096,-512,544,-73,34,-2,1]
[14641,-605,224,-5,1]
[4096,512,-224,-57,-14,2,1]
[256,0,16,16,21,4,1,0,1]
[4096,2560,1056,305,66,10,1]
[15625,2250,189,18,1]
[15625,-1750,222,-14,1]
[512,128,16,-17,2,2,1]
[6561,243,-82,3,1]
[15625,-1875,223,-15,1]
[4096,-768,592,-101,37,-3,1]
[4096,1280,176,23,11,5,1]
[256,-192,64,-8,3,-2,4,-3,1]
[4096,512,432,51,27,2,1]
[4096,-1280,464,-149,29,-5,1]
[4096,1024,224,-15,14,4,1]
[729,-486,315,-110,35,-6,1]
[256,128,16,40,33,10,1,2,1]
[256,0,64,12,23,3,4,0,1]
[256,-128,176,-72,63,-18,11,-2,1]
[256,-128,0,8,-3,2,0,-2,1]
[15625,1500,78,12,1]
[14641,0,-186,0,1]
[4096,-768,-48,47,-3,-3,1]
[15625,500,241,4,1]
[256,64,32,-12,-11,-3,2,1,1]
[15625,-500,17,-4,1]
[14641,1089,67,9,1]
[729,81,18,31,2,1,1]
[729,-243,63,-22,7,-3,1]
[15625,1625,66,13,1]
[256,-64,-112,16,27,4,-7,-1,1]
[4096,-3072,1424,-425,89,-12,1]
[15625,-2000,138,-16,1]
[512,192,120,51,15,3,1]
[256,-128,-16,24,-11,6,-1,-2,1]
[4096,0,32,-71,2,0,1]
[14641,-2299,244,-19,1]
[4096,-3328,1472,-433,92,-13,1]
[4096,0,272,41,17,0,1]
[4096,1408,233,22,1]
[15625,125,-134,1,1]
[256,-128,0,8,1,2,0,-2,1]
[15625,-1750,272,-14,1]
[6561,405,154,5,1]
[256,-128,-48,24,3,6,-3,-2,1]
[256,0,0,-16,-7,-4,0,0,1]
[729,-486,225,-92,25,-6,1]
[256,64,96,-24,9,-6,6,1,1]
[14641,242,-97,2,1]
[256,64,16,0,-23,0,1,1,1]
[729,567,216,70,24,7,1]
[15625,-1000,-49,-8,1]
[256,192,144,80,33,20,9,3,1]
[2401,49,-76,1,1]
[16384,1792,195,14,1]
[4096,-768,64,-57,4,-3,1]
[16384,1664,97,13,1]
[4096,-256,-32,95,-2,-1,1]
[4096,256,48,-39,3,1,1]
[14641,2904,310,24,1]
[4096,-768,-32,-13,-2,-3,1]
[729,-81,-72,16,-8,-1,1]
[4096,-1280,-240,167,-15,-5,1]
[4096,-1024,96,31,6,-4,1]
[4096,1792,240,-9,15,7,1]
[4096,0,320,19,20,0,1]
[4096,-512,560,-49,35,-2,1]
[4096,-1152,185,-18,1]
[4096,1024,-96,-57,-6,4,1]
[4096,1792,272,23,17,7,1]
[4096,-1280,16,55,1,-5,1]
[4096,-256,112,-71,7,-1,1]
[14641,-1694,182,-14,1]
[256,0,32,-8,3,-2,2,0,1]
[256,-128,128,-64,33,-16,8,-2,1]
[4096,-1280,512,-145,32,-5,1]
[729,81,0,26,0,1,1]
[4096,-256,61,-4,1]
[4096,1024,400,61,25,4,1]
[729,162,-9,11,-1,2,1]
[14641,-968,85,-8,1]
[16384,896,189,7,1]
[4096,1280,560,129,35,5,1]
[4096,-2816,944,-247,59,-11,1]
[6561,1053,155,13,1]
[256,320,208,112,59,28,13,5,1]
[512,-128,176,-31,22,-2,1]
[16384,0,-41,0,1]
[256,128,64,56,27,14,4,2,1]
[4096,-2304,1024,-275,64,-9,1]
[15625,-750,76,-6,1]
[4096,0,-80,15,-5,0,1]
[4096,128,-81,2,1]
[4096,-768,192,-11,12,-3,1]
[4096,-1536,544,-113,34,-6,1]
[729,162,90,1,10,2,1]
[512,320,168,63,21,5,1]
[512,192,32,9,4,3,1]
[729,-243,153,-49,17,-3,1]
[2401,-490,90,-10,1]
[16384,768,7,6,1]
[256,64,-32,12,13,3,-2,1,1]
[4096,256,-80,-49,-5,1,1]
[14641,-726,42,-6,1]
[729,405,90,17,10,5,1]
[4096,256,192,75,12,1,1]
[4096,-768,-64,57,-4,-3,1]
[16384,384,-119,3,1]
[4096,-256,32,37,2,-1,1]
[4096,-768,464,-53,29,-3,1]
[2401,-245,6,-5,1]
[729,-162,171,-22,19,-2,1]
[4096,-1792,736,-189,46,-7,1]
[16384,-640,107,-5,1]
[256,128,96,28,19,7,6,2,1]
[512,192,128,51,16,3,1]
[2401,147,17,3,1]
[15625,750,151,6,1]
[4096,-1024,336,-87,21,-4,1]
[4096,448,73,7,1]
[15625,1875,172,15,1]
[4096,-256,608,-23,38,-1,1]
[14641,-605,-43,-5,1]
[6561,-405,143,-5,1]
[256,256,240,156,83,39,15,4,1]
[6561,81,92,1,1]
[14641,-484,20,-4,1]
[14641,847,117,7,1]
[512,-128,88,-7,11,-2,1]
[256,-64,128,-36,41,-9,8,-1,1]
[14641,-363,-129,-3,1]
[15625,-500,-124,-4,1]
[4096,1024,-144,-133,-9,4,1]
[15625,-625,-66,-5,1]
[4096,0,304,25,19,0,1]
[4096,-1024,96,-13,6,-4,1]
[729,243,-27,-20,-3,3,1]
[729,-405,81,-13,9,-5,1]
[15625,2375,209,19,1]
[256,-128,32,32,-13,8,2,-2,1]
[14641,2783,271,23,1]
[15625,-1125,221,-9,1]
[14641,605,-28,5,1]
[4096,256,496,9,31,1,1]
[4096,512,160,59,10,2,1]
[4096,1024,112,-45,7,4,1]
[256,256,96,-8,-17,-2,6,4,1]
[4096,-512,96,-49,6,-2,1]
[4096,-256,336,21,21,-1,1]
[729,324,18,-13,2,4,1]
[6561,162,-113,2,1]
[4096,-768,208,-23,13,-3,1]
[256,-128,64,-44,21,-11,4,-2,1]
[4096,1792,-48,-121,-3,7,1]
[256,-448,448,-332,189,-83,28,-7,1]
[256,-128,160,-64,55,-16,10,-2,1]
[4096,1280,144,-31,9,5,1]
[15625,2750,336,22,1]
[14641,1331,37,11,1]
[16384,-128,-77,-1,1]
[729,162,18,19,2,2,1]
[4096,-1536,-144,143,-9,-6,1]
[729,-243,45,16,5,-3,1]
[256,-128,80,-4,9,-1,5,-2,1]
[14641,-363,-151,-3,1]
[256,-320,112,68,-73,17,7,-5,1]
[256,256,160,64,25,16,10,4,1]
[4096,-256,-16,-45,-1,-1,1]
[4096,-3840,1872,-571,117,-15,1]
[16384,-2432,209,-19,1]
[4096,2048,560,119,35,8,1]
[4096,768,208,3,13,3,1]
[512,-192,-8,17,-1,-3,1]
[4096,-1536,560,-169,35,-6,1]
[4096,-1024,192,-75,12,-4,1]
[4096,-1024,64,29,4,-4,1]
[256,192,64,52,39,13,4,3,1]
[256,192,32,-4,-3,-1,2,3,1]
[15625,1625,64,13,1]
[729,-81,81,2,9,-1,1]
[256,64,64,28,13,7,4,1,1]
[15625,-750,-32,-6,1]
[4096,-576,121,-9,1]
[256,-128,32,-40,27,-10,2,-2,1]
[4096,-1536,512,-143,32,-6,1]
[256,-64,48,-8,5,-2,3,-1,1]
[6561,1539,245,19,1]
[4096,512,16,43,1,2,1]
[15625,2500,254,20,1]
[6561,1296,161,16,1]
[2401,-294,53,-6,1]
[4096,256,368,53,23,1,1]
[729,-324,153,-47,17,-4,1]
[729,486,225,91,25,6,1]
[16384,384,-91,3,1]
[256,64,112,24,41,6,7,1,1]
[16384,1792,169,14,1]
[4096,256,480,7,30,1,1]
[256,320,160,24,-7,6,10,5,1]
[2401,-441,96,-9,1]
[729,324,117,16,13,4,1]
[16384,-1792,199,-14,1]
[729,-243,180,-41,20,-3,1]
[6561,-81,-130,-1,1]
[729,-324,45,-10,5,-4,1]
[14641,2299,248,19,1]
[1024,-32,-21,-1,1]
[512,-64,0,35,0,-1,1]
[256,48,13,3,1]
[256,-64,-48,20,11,5,-3,-1,1]
[256,320,272,192,107,48,17,5,1]
[14641,-605,-67,-5,1]
[4096,-256,-48,-1,-3,-1,1]
[2401,539,76,11,1]
[4096,-1280,688,-161,43,-5,1]
[256,-64,32,36,-19,9,2,-1,1]
[4096,1280,208,15,13,5,1]
[14641,2420,226,20,1]
[64,-8,-5,-1,1]
[729,-729,432,-176,48,-9,1]
[256,-64,64,-60,17,-15,4,-1,1]
[4096,1280,400,123,25,5,1]
[512,192,72,11,9,3,1]
[4096,1280,592,111,37,5,1]
[16384,-768,-29,-6,1]
[15625,1500,193,12,1]
[256,128,32,-4,-7,-1,2,2,1]
[256,-256,128,-44,21,-11,8,-4,1]
[256,64,64,28,19,7,4,1,1]
[4096,1280,320,41,20,5,1]
[4096,2560,976,293,61,10,1]
[256,192,48,12,7,3,3,3,1]
[256,-64,-32,-4,25,-1,-2,-1,1]
[15625,-2250,263,-18,1]
[4096,-768,16,-33,1,-3,1]
[4096,-256,288,1,18,-1,1]
[64,64,44,23,11,4,1]
[2401,-784,150,-16,1]
[729,243,45,17,5,3,1]
[16384,-512,-35,-4,1]
[15625,0,-211,0,1]
[16384,-128,-63,-1,1]
[256,-128,80,0,3,0,5,-2,1]
[512,-64,24,-13,3,-1,1]
[4096,1280,528,115,33,5,1]
[1024,-640,163,-20,1]
[729,-810,495,-202,55,-10,1]
[256,64,112,16,31,4,7,1,1]
[4096,0,80,-19,5,0,1]
[256,128,48,24,13,6,3,2,1]
[256,192,224,100,73,25,14,3,1]
[4096,-768,608,-75,38,-3,1]
[729,-243,27,7,3,-3,1]
[1024,-448,105,-14,1]
[6561,972,145,12,1]
[4096,0,416,31,26,0,1]
[729,486,216,83,24,6,1]
[15625,-1750,76,-14,1]
[15625,625,243,5,1]
[4096,768,384,61,24,3,1]
[15625,4375,536,35,1]
[4096,0,-48,-53,-3,0,1]
[256,-192,64,52,-39,13,4,-3,1]
[256,0,0,16,9,4,0,0,1]
[4096,-1280,448,-157,28,-5,1]
[256,128,-64,-20,13,-5,-4,2,1]
[729,567,234,71,26,7,1]
[4096,704,121,11,1]
[256,64,16,0,-5,0,1,1,1]
[4096,-1792,-32,119,-2,-7,1]
[256,-64,48,-36,7,-9,3,-1,1]
[16384,3712,435,29,1]
[256,-192,112,-52,27,-13,7,-3,1]
[6561,-486,32,-6,1]
[256,128,-16,24,33,6,-1,2,1]
[512,64,40,-5,5,1,1]
[256,192,96,48,23,12,6,3,1]
[4096,-1792,560,-163,35,-7,1]
[4096,-768,368,-63,23,-3,1]
[512,64,24,-25,3,1,1]
[14641,-363,7,-3,1]
[4096,-512,-192,69,-12,-2,1]
[512,-64,56,7,7,-1,1]
[4096,0,192,15,12,0,1]
[14641,-3630,448,-30,1]
[4096,1024,0,-47,0,4,1]
[4096,-256,0,39,0,-1,1]
[15625,4500,564,36,1]
[729,135,10,5,1]
[4096,320,-45,5,1]
[15625,-1375,69,-11,1]
[15625,-1500,143,-12,1]
[256,-256,128,-48,19,-12,8,-4,1]
[6561,-1863,271,-23,1]
[4096,-2816,1056,-283,66,-11,1]
[729,81,171,19,19,1,1]
[4096,-256,96,-13,6,-1,1]
[6561,81,-83,1,1]
[4096,-256,48,-41,3,-1,1]
[512,64,-24,-19,-3,1,1]
[729,-81,-9,-1,-1,-1,1]
[4096,0,128,37,8,0,1]
[256,0,64,-52,-1,-13,4,0,1]
[16384,-2944,361,-23,1]
[16384,1792,279,14,1]
[256,192,160,72,43,18,10,3,1]
[15625,125,127,1,1]
[4096,-1024,48,49,3,-4,1]
[4096,1024,400,125,25,4,1]
[256,64,-48,-20,7,-5,-3,1,1]
[6561,-1215,160,-15,1]
[256,-64,-112,8,37,2,-7,-1,1]
[256,-64,64,-44,23,-11,4,-1,1]
[729,-324,180,-53,20,-4,1]
[256,-128,-16,24,-3,6,-1,-2,1]
[15625,4000,477,32,1]
[16384,-640,-9,-5,1]
[15625,875,94,7,1]
[14641,-1210,147,-10,1]
[729,243,27,-22,3,3,1]
[4096,-1792,720,-183,45,-7,1]
[4096,-256,128,-15,8,-1,1]
[4096,2560,1024,285,64,10,1]
[256,-128,64,-20,-5,-5,4,-2,1]
[2401,196,1,4,1]
[729,0,0,-1,0,0,1]
[729,324,86,12,1]
[16384,-2304,259,-18,1]
[256,-384,304,-168,85,-42,19,-6,1]
[4096,0,-32,57,-2,0,1]
[4096,768,-160,-73,-10,3,1]
[256,128,-32,-24,-1,-6,-2,2,1]
[256,-64,48,0,9,0,3,-1,1]
[625,100,2,4,1]
[4096,-2560,816,-201,51,-10,1]
[4096,-768,-128,81,-8,-3,1]
[16384,-2688,331,-21,1]
[4096,-3328,1456,-425,91,-13,1]
[4096,256,352,21,22,1,1]
[15625,1000,219,8,1]
[4096,-256,48,-21,3,-1,1]
[4096,-512,-176,49,-11,-2,1]
[4096,768,127,12,1]
[15625,-1375,183,-11,1]
[14641,242,210,2,1]
[729,-135,34,-5,1]
[512,-128,24,23,3,-2,1]
[256,-256,176,-96,43,-24,11,-4,1]
[4096,-3584,1648,-499,103,-14,1]
[256,0,16,32,-5,8,1,0,1]
[256,-192,112,-28,7,-7,7,-3,1]
[15625,-875,236,-7,1]
[256,128,-16,-36,-17,-9,-1,2,1]
[15625,-2000,162,-16,1]
[256,-128,64,-40,29,-10,4,-2,1]
[512,256,136,63,17,4,1]
[256,64,32,-12,-9,-3,2,1,1]
[4096,-256,48,23,3,-1,1]
[16384,128,-155,1,1]
[14641,-1331,145,-11,1]
[15625,-1000,176,-8,1]
[4096,256,128,-41,8,1,1]
[256,0,48,0,5,0,3,0,1]
[14641,1573,239,13,1]
[14641,121,-138,1,1]
[4096,1792,688,197,43,7,1]
[256,-128,32,8,-15,2,2,-2,1]
[4096,768,368,51,23,3,1]
[512,128,8,3,1,2,1]
[14641,-1210,177,-10,1]
[256,-64,-48,12,11,3,-3,-1,1]
[4096,768,208,97,13,3,1]
[4096,1280,304,69,19,5,1]
[64,16,-4,-11,-1,1,1]
[4096,-768,-80,99,-5,-3,1]
[4096,1536,368,111,23,6,1]
[256,128,-32,-24,3,-6,-2,2,1]
[256,192,144,92,39,23,9,3,1]
[4096,1024,416,47,26,4,1]
[15625,-125,-87,-1,1]
[4096,256,-160,-15,-10,1,1]
[15625,-3875,474,-31,1]
[4096,-256,-32,-17,-2,-1,1]
[15625,500,-132,4,1]
[256,64,32,-32,-7,-8,2,1,1]
[4096,512,368,85,23,2,1]
[625,200,51,8,1]
[15625,2875,314,23,1]
[15625,-3875,479,-31,1]
[512,0,-8,-7,-1,0,1]
[4096,-768,-128,73,-8,-3,1]
[15625,-625,172,-5,1]
[256,128,0,-36,-21,-9,0,2,1]
[14641,-1089,28,-9,1]
[4096,-768,-128,33,-8,-3,1]
[4096,-192,123,-3,1]
[4096,-256,112,47,7,-1,1]
[4096,-256,64,-41,4,-1,1]
[15625,-1750,224,-14,1]
[15625,-875,212,-7,1]
[729,-81,63,-29,7,-1,1]
[16384,-2048,155,-16,1]
[729,162,99,8,11,2,1]
[512,-384,200,-73,25,-6,1]
[15625,2750,252,22,1]
[729,405,90,14,10,5,1]
[4096,256,32,-31,2,1,1]
[4096,-128,-25,-2,1]
[4096,512,400,93,25,2,1]
[256,-96,31,-6,1]
[4096,768,256,123,16,3,1]
[4096,256,432,59,27,1,1]
[729,-405,153,-37,17,-5,1]
[4096,-1280,-176,137,-11,-5,1]
[14641,-1452,185,-12,1]
[15625,3000,392,24,1]
[4096,-512,-160,51,-10,-2,1]
[4096,1024,544,133,34,4,1]
[4096,64,-35,1,1]
[14641,121,-159,1,1]
[4096,256,-96,-9,-6,1,1]
[4096,-768,144,-101,9,-3,1]
[4096,-256,64,-67,4,-1,1]
[4096,1792,64,-65,4,7,1]
[4096,-1280,528,-159,33,-5,1]
[14641,363,-144,3,1]
[4096,-768,-16,7,-1,-3,1]
[64,0,28,-3,7,0,1]
[4096,-1024,352,-129,22,-4,1]
[512,-320,40,11,5,-5,1]
[16384,1792,201,14,1]
[2401,294,51,6,1]
[729,-81,0,41,0,-1,1]
[729,-81,-45,4,-5,-1,1]
[6561,-243,-65,-3,1]
[625,225,62,9,1]
[14641,-2057,193,-17,1]
[15625,-375,164,-3,1]
[14641,847,-40,7,1]
[4096,512,288,41,18,2,1]
[729,162,-27,-22,-3,2,1]
[4096,-2816,1200,-335,75,-11,1]
[256,320,240,136,69,34,15,5,1]
[4096,512,32,77,2,2,1]
[15625,625,6,5,1]
[729,-324,108,-34,12,-4,1]
[14641,1331,166,11,1]
[4096,-2304,576,-125,36,-9,1]
[4096,-256,0,-41,0,-1,1]
[15625,-4500,563,-36,1]
[4096,-1280,624,-111,39,-5,1]
[15625,-125,43,-1,1]
[15625,-1500,186,-12,1]
[4096,256,224,37,14,1,1]
[16384,1792,125,14,1]
[4096,0,112,-83,7,0,1]
[6561,243,122,3,1]
[4096,192,-77,3,1]
[4096,2816,1168,341,73,11,1]
[729,-162,81,-25,9,-2,1]
[4096,256,128,29,8,1,1]
[729,-162,63,-47,7,-2,1]
[14641,-3146,369,-26,1]
[256,-128,48,16,-17,4,3,-2,1]
[256,192,80,32,19,8,5,3,1]
[4096,-1280,-32,59,-2,-5,1]
[16384,256,19,2,1]
[4096,-512,31,-8,1]
[15625,750,-51,6,1]
[4096,-256,-96,41,-6,-1,1]
[49,12,1]
[15625,-250,87,-2,1]
[14641,3146,405,26,1]
[2401,343,23,7,1]
[6561,-81,-86,-1,1]
[512,-256,144,-43,18,-4,1]
[4096,-512,-16,-27,-1,-2,1]
[15625,-4000,484,-32,1]
[256,128,192,80,67,20,12,2,1]
[1024,-512,123,-16,1]
[512,128,136,33,17,2,1]
[256,64,32,-28,1,-7,2,1,1]
[4096,-512,-48,-7,-3,-2,1]
[256,64,64,-12,-1,-3,4,1,1]
[4096,0,16,-85,1,0,1]
[6561,2025,308,25,1]
[729,243,0,-28,0,3,1]
[2401,-49,-19,-1,1]
[6561,-1539,212,-19,1]
[4096,256,-55,4,1]
[4096,768,512,95,32,3,1]
[15625,500,-48,4,1]
[4096,1024,-128,-125,-8,4,1]
[4096,-768,80,35,5,-3,1]
[14641,-605,123,-5,1]
[14641,-121,-113,-1,1]
[15625,-250,181,-2,1]
[4096,-512,192,-99,12,-2,1]
[15625,0,-249,0,1]
[4096,-256,560,-13,35,-1,1]
[512,-512,240,-83,30,-8,1]
[4096,1024,80,13,5,4,1]
[16384,896,71,7,1]
[15625,-750,109,-6,1]
[256,256,64,-36,-33,-9,4,4,1]
[16384,512,-97,4,1]
[4096,-1024,368,-61,23,-4,1]
[16384,-2432,305,-19,1]
[4096,1536,-192,-177,-12,6,1]
[64,8,7,1,1]
[4096,2048,416,65,26,8,1]
[4096,-512,-144,55,-9,-2,1]
[15625,750,87,6,1]
[4096,-1024,-144,89,-9,-4,1]
[729,324,126,43,14,4,1]
[4096,-256,32,73,2,-1,1]
[4096,0,0,-111,0,0,1]
[4096,0,80,-67,5,0,1]
[6561,-1215,185,-15,1]
[16384,-256,-111,-2,1]
[256,0,0,24,-7,6,0,0,1]
[4096,-1280,480,-141,30,-5,1]
[15625,2875,279,23,1]
[256,64,48,-4,-5,-1,3,1,1]
[512,384,192,77,24,6,1]
[4096,-512,448,-49,28,-2,1]
[6561,0,-47,0,1]
[4096,-512,32,-27,2,-2,1]
[4096,1792,736,175,46,7,1]
[14641,1573,271,13,1]
[16384,4352,529,34,1]
[4096,768,112,-51,7,3,1]
[4096,-2304,384,-27,24,-9,1]
[4096,-1024,192,-11,12,-4,1]
[4096,1280,144,-15,9,5,1]
[6561,810,86,10,1]
[4096,1792,208,3,13,7,1]
[15625,0,-96,0,1]
[256,-128,64,-56,29,-14,4,-2,1]
[15625,375,74,3,1]
[15625,3375,394,27,1]
[625,-175,54,-7,1]
[4096,1792,704,197,44,7,1]
[729,-324,189,-55,21,-4,1]
[14641,-968,-24,-8,1]
[6561,648,92,8,1]
[4096,1280,80,-59,5,5,1]
[4096,-1280,368,-127,23,-5,1]
[729,0,-18,13,-2,0,1]
[4096,768,240,79,15,3,1]
[4096,-1024,160,-27,10,-4,1]
[15625,625,124,5,1]
[14641,605,43,5,1]
[4096,1024,-16,-37,-1,4,1]
[6561,0,-137,0,1]
[4096,1280,-48,-85,-3,5,1]
[4096,-768,240,-57,15,-3,1]
[729,0,63,31,7,0,1]
[256,320,256,156,77,39,16,5,1]
[6561,1296,197,16,1]
[15625,375,91,3,1]
[16384,-1408,45,-11,1]
[4096,-256,48,95,3,-1,1]
[256,-128,128,-64,43,-16,8,-2,1]
[256,-64,80,32,3,8,5,-1,1]
[16384,-2816,273,-22,1]
[4096,2048,784,191,49,8,1]
[729,243,198,52,22,3,1]
[6561,-162,86,-2,1]
[15625,-875,-22,-7,1]
[512,-192,-48,41,-6,-3,1]
[256,64,48,-48,-17,-12,3,1,1]
[14641,0,147,0,1]
[15625,0,-97,0,1]
[256,0,11,0,1]
[15625,2125,293,17,1]
[14641,-726,201,-6,1]
[15625,-1250,102,-10,1]
[14641,-242,-95,-2,1]
[4096,-2816,1104,-313,69,-11,1]
[4096,-1280,848,-157,53,-5,1]
[15625,-1375,-2,-11,1]
[6561,324,73,4,1]
[4096,512,192,63,12,2,1]
[256,64,80,-40,-3,-10,5,1,1]
[4096,768,368,33,23,3,1]
[4096,-1792,288,-31,18,-7,1]
[4096,-2048,432,-61,27,-8,1]
[256,-64,192,-36,65,-9,12,-1,1]
[729,162,-18,-23,-2,2,1]
[256,128,64,-32,-17,-8,4,2,1]
[14641,-1210,255,-10,1]
[4096,256,256,-9,16,1,1]
[15625,-2875,301,-23,1]
[15625,625,148,5,1]
[4096,-256,256,-3,16,-1,1]
[4096,1024,592,105,37,4,1]
[256,-64,48,-24,-5,-6,3,-1,1]
[4096,-768,64,-59,4,-3,1]
[4096,1792,432,119,27,7,1]
[729,-81,-27,10,-3,-1,1]
[4096,768,464,61,29,3,1]
[256,0,80,-48,11,-12,5,0,1]
[4096,2304,928,243,58,9,1]
[256,-64,144,-12,39,-3,9,-1,1]
[4096,-768,432,-33,27,-3,1]
[256,64,32,8,-3,2,2,1,1]
[256,192,176,116,63,29,11,3,1]
[15625,1750,92,14,1]
[4096,-768,16,87,1,-3,1]
[4096,-512,416,-21,26,-2,1]
[14641,726,-13,6,1]
[256,-64,64,-16,27,-4,4,-1,1]
[2401,980,184,20,1]
[4096,-768,-96,97,-6,-3,1]
[625,-125,49,-5,1]
[4096,-512,80,11,5,-2,1]
[4096,-1280,384,-91,24,-5,1]
[729,0,-54,7,-6,0,1]
[16384,-256,171,-2,1]
[15625,125,128,1,1]
[14641,-1210,79,-10,1]
[4096,1024,656,113,41,4,1]
[4096,-512,-16,-49,-1,-2,1]
[4096,-512,96,73,6,-2,1]
[4096,-256,-96,73,-6,-1,1]
[6561,1134,151,14,1]
[6561,567,-7,7,1]
[4096,256,-16,-63,-1,1,1]
[4096,768,192,121,12,3,1]
[64,-16,5,-2,1]
[4096,0,496,-15,31,0,1]
[256,-128,0,-12,19,-3,0,-2,1]
[4096,512,-32,-91,-2,2,1]
[4096,-512,176,-115,11,-2,1]
[2401,-196,78,-4,1]
[256,0,144,-20,41,-5,9,0,1]
[729,162,126,25,14,2,1]
[256,256,144,80,47,20,9,4,1]
[729,243,9,-31,1,3,1]
[729,-81,-45,-1,-5,-1,1]
[4096,1024,80,-47,5,4,1]
[256,256,160,100,59,25,10,4,1]
[256,-64,48,-28,15,-7,3,-1,1]
[4096,1280,560,123,35,5,1]
[256,-128,96,16,-1,4,6,-2,1]
[4096,256,640,25,40,1,1]
[729,324,144,58,16,4,1]
[6561,0,25,0,1]
[4096,0,192,5,12,0,1]
[1024,-160,9,-5,1]
[4096,-3328,1440,-419,90,-13,1]
[256,320,144,-20,-39,-5,9,5,1]
[14641,2662,259,22,1]
[4096,-1536,400,-95,25,-6,1]
[4096,-2304,1008,-291,63,-9,1]
[4096,768,80,23,5,3,1]
[15625,-1125,-29,-9,1]
[6561,-1620,221,-20,1]
[4096,1280,336,85,21,5,1]
[4096,768,336,15,21,3,1]
[4096,512,192,117,12,2,1]
[256,-128,32,-20,27,-5,2,-2,1]
[4096,0,400,5,25,0,1]
[256,-64,-64,24,11,6,-4,-1,1]
[729,162,45,16,5,2,1]
[4096,0,32,19,2,0,1]
[16384,640,157,5,1]
[4096,1024,48,-51,3,4,1]
[15625,-2500,284,-20,1]
[16384,1280,169,10,1]
[4096,-768,16,23,1,-3,1]
[4096,1792,384,67,24,7,1]
[14641,1210,52,10,1]
[4096,2816,1136,311,71,11,1]
[4096,-2048,240,11,15,-8,1]
[512,256,192,63,24,4,1]
[4096,-512,48,19,3,-2,1]
[4096,-1536,544,-193,34,-6,1]
[256,128,64,52,31,13,4,2,1]
[6561,1458,166,18,1]
[16384,-3712,401,-29,1]
[729,243,126,28,14,3,1]
[256,0,128,0,39,0,8,0,1]
[4096,-1024,16,25,1,-4,1]
[4096,0,224,3,14,0,1]
[4096,-1280,384,-107,24,-5,1]
[4096,1280,272,91,17,5,1]
[4096,192,-75,3,1]
[4096,768,64,33,4,3,1]
[4096,1024,272,35,17,4,1]
[4096,512,224,-15,14,2,1]
[4096,1024,464,109,29,4,1]
[512,-256,120,-33,15,-4,1]
[1024,-32,-33,-1,1]
[14641,363,219,3,1]
[15625,3000,371,24,1]
[15625,-1250,258,-10,1]
[4096,256,-112,11,-7,1,1]
[14641,1694,141,14,1]
[625,175,46,7,1]
[14641,-605,-63,-5,1]
[4096,-1024,-208,127,-13,-4,1]
[4096,256,432,-3,27,1,1]
[4096,-1280,464,-135,29,-5,1]
[16384,640,13,5,1]
[729,81,81,23,9,1,1]
[729,81,117,11,13,1,1]
[4096,1024,48,-67,3,4,1]
[6561,0,125,0,1]
[256,0,-32,4,5,1,-2,0,1]
[4096,-1024,192,-87,12,-4,1]
[729,-405,252,-76,28,-5,1]
[4096,-1536,512,-99,32,-6,1]
[4096,768,608,91,38,3,1]
[729,243,126,32,14,3,1]
[4096,0,528,19,33,0,1]
[256,192,208,128,75,32,13,3,1]
[256,-64,16,-28,11,-7,1,-1,1]
[15625,3750,471,30,1]
[2401,196,62,4,1]
[14641,242,19,2,1]
[15625,750,-36,6,1]
[6561,-81,70,-1,1]
[256,128,48,44,31,11,3,2,1]
[4096,1024,-48,-25,-3,4,1]
[1024,288,59,9,1]
[729,162,-9,-20,-1,2,1]
[256,-64,32,-20,-9,-5,2,-1,1]
[729,405,-18,-53,-2,5,1]
[4096,-512,160,-53,10,-2,1]
[4096,-2560,992,-299,62,-10,1]
[4096,512,352,49,22,2,1]
[729,81,144,5,16,1,1]
[4096,256,128,53,8,1,1]
[6561,-2430,386,-30,1]
[4096,-1280,160,-47,10,-5,1]
[4096,2048,720,169,45,8,1]
[4096,1024,256,105,16,4,1]
[15625,1500,41,12,1]
[14641,121,14,1,1]
[4096,-256,144,25,9,-1,1]
[15625,1375,6,11,1]
[4096,-1536,528,-177,33,-6,1]
[2401,-588,103,-12,1]
[256,-64,32,4,-11,1,2,-1,1]
[729,-81,81,-14,9,-1,1]
[2401,686,139,14,1]
[4096,-1536,528,-135,33,-6,1]
[4096,-3328,1504,-457,94,-13,1]
[4096,1536,832,179,52,6,1]
[256,64,32,-4,17,-1,2,1,1]
[15625,-3750,467,-30,1]
[256,192,112,32,13,8,7,3,1]
[15625,-1375,201,-11,1]
[14641,3146,353,26,1]
[15625,-875,108,-7,1]
[6561,648,35,8,1]
[4096,512,208,89,13,2,1]
[4096,-512,-64,-5,-4,-2,1]
[4096,256,656,35,41,1,1]
[4096,2560,848,209,53,10,1]
[4096,256,32,-7,2,1,1]
[729,81,-18,8,-2,1,1]
[14641,-363,223,-3,1]
[14641,1452,149,12,1]
[15625,3500,432,28,1]
[256,256,160,72,37,18,10,4,1]
[512,-448,296,-119,37,-7,1]
[4096,-512,-16,101,-1,-2,1]
[4096,-256,432,-39,27,-1,1]
[4096,-768,288,-77,18,-3,1]
[2401,343,46,7,1]
[4096,1536,-48,-93,-3,6,1]
[256,-64,32,36,-23,9,2,-1,1]
[256,-128,64,12,-5,3,4,-2,1]
[4096,512,416,47,26,2,1]
[4096,1536,848,183,53,6,1]
[6561,-162,-29,-2,1]
[256,64,0,0,3,0,0,1,1]
[16384,256,71,2,1]
[4096,1792,784,187,49,7,1]
[15625,-1125,47,-9,1]
[256,128,48,-36,-27,-9,3,2,1]
[512,-64,104,-25,13,-1,1]
[256,192,80,48,37,12,5,3,1]
[256,64,32,0,15,0,2,1,1]
[4096,-1280,80,23,5,-5,1]
[729,0,99,-8,11,0,1]
[4096,1280,464,93,29,5,1]
[15625,0,-72,0,1]
[256,96,27,6,1]
[4096,1792,736,211,46,7,1]
[729,243,54,11,6,3,1]
[256,-128,-16,4,5,1,-1,-2,1]
[14641,2662,339,22,1]
[4096,1280,624,125,39,5,1]
[512,-64,-32,35,-4,-1,1]
[4096,0,256,51,16,0,1]
[16384,-2432,273,-19,1]
[256,-128,112,-20,21,-5,7,-2,1]
[4096,-1536,352,-45,22,-6,1]
[4096,768,496,83,31,3,1]
[4096,-2048,128,71,8,-8,1]
[4096,256,336,29,21,1,1]
[1024,-352,79,-11,1]
[256,-320,240,-136,65,-34,15,-5,1]
[14641,484,16,4,1]
[15625,2250,276,18,1]
[4096,-512,464,-29,29,-2,1]
[4096,512,176,1,11,2,1]
[4096,-1280,400,-97,25,-5,1]
[256,-64,0,24,-17,6,0,-1,1]
[4096,-512,-176,71,-11,-2,1]
[256,-64,48,-36,-3,-9,3,-1,1]
[256,-64,32,20,-19,5,2,-1,1]
[4096,-512,304,-85,19,-2,1]
[14641,-847,158,-7,1]
[6561,-1782,277,-22,1]
[512,192,48,11,6,3,1]
[14641,-3267,375,-27,1]
[15625,-1125,-12,-9,1]
[256,-128,128,-56,35,-14,8,-2,1]
[15625,-2375,209,-19,1]
[512,128,48,39,6,2,1]
[4096,2560,976,283,61,10,1]
[15625,-2500,337,-20,1]
[4096,256,-80,-93,-5,1,1]
[512,0,-16,9,-2,0,1]
[15625,2375,201,19,1]
[15625,-3000,353,-24,1]
[4096,-128,103,-2,1]
[256,-128,80,-20,5,-5,5,-2,1]
[4096,1536,464,117,29,6,1]
[14641,-1210,-5,-10,1]
[256,64,32,12,17,3,2,1,1]
[4096,1280,688,149,43,5,1]
[256,128,144,92,41,23,9,2,1]
[15625,-500,-24,-4,1]
[4096,0,-1,0,1]
[4096,1280,0,-71,0,5,1]
[6561,-1053,125,-13,1]
[4096,512,192,15,12,2,1]
[14641,-968,191,-8,1]
[4096,-2816,1264,-361,79,-11,1]
[729,0,27,8,3,0,1]
[4096,-1280,720,-157,45,-5,1]
[15625,-1000,243,-8,1]
[256,64,48,-40,-17,-10,3,1,1]
[16384,-640,15,-5,1]
[4096,-768,-144,103,-9,-3,1]
[256,-64,64,-12,9,-3,4,-1,1]
[4096,1280,-128,-141,-8,5,1]
[15625,-3500,438,-28,1]
[256,64,-32,4,17,1,-2,1,1]
[4096,-2304,912,-277,57,-9,1]
[729,-81,-36,35,-4,-1,1]
[256,0,32,32,7,8,2,0,1]
[15625,-1000,-1,-8,1]
[6561,-405,67,-5,1]
[4096,-1024,-160,97,-10,-4,1]
[625,-125,13,-5,1]
[256,128,160,88,53,22,10,2,1]
[15625,125,202,1,1]
[4096,1280,656,157,41,5,1]
[15625,-2000,248,-16,1]
[1024,-384,91,-12,1]
[4096,0,-112,33,-7,0,1]
[15625,1625,164,13,1]
[256,128,80,16,7,4,5,2,1]
[4096,256,-144,-21,-9,1,1]
[15625,500,161,4,1]
[14641,-121,-184,-1,1]
[4096,2560,992,299,62,10,1]
[4096,1024,-112,-85,-7,4,1]
[256,-128,176,-56,53,-14,11,-2,1]
[4096,-1280,96,5,6,-5,1]
[16384,-512,-99,-4,1]
[15625,-125,118,-1,1]
[14641,-1936,134,-16,1]
[16384,256,167,2,1]
[4096,-1536,-144,141,-9,-6,1]
[512,64,136,15,17,1,1]
[4096,1280,-80,-73,-5,5,1]
[6561,-1782,245,-22,1]
[16384,384,209,3,1]
[729,-162,108,-11,12,-2,1]
[4096,-2048,912,-245,57,-8,1]
[256,-64,64,8,1,2,4,-1,1]
[4096,-384,19,-6,1]
[625,0,-2,0,1]
[14641,-2178,263,-18,1]
[4096,768,-112,-35,-7,3,1]
[64,0,-4,-1,-1,0,1]
[4096,-1408,235,-22,1]
[512,-320,184,-69,23,-5,1]
[729,81,144,2,16,1,1]
[729,81,72,34,8,1,1]
[256,128,96,8,9,2,6,2,1]
[6561,405,142,5,1]
[4096,1280,256,55,16,5,1]
[256,0,-96,8,31,2,-6,0,1]
[4096,-512,64,-25,4,-2,1]
[4096,1024,384,139,24,4,1]
[256,320,304,200,115,50,19,5,1]
[14641,-2057,314,-17,1]
[4096,1024,144,-21,9,4,1]
[729,162,72,58,8,2,1]
[4096,-1280,-64,87,-4,-5,1]
[15625,2125,187,17,1]
[16384,-1408,195,-11,1]
[4096,-1024,96,9,6,-4,1]
[4096,-1792,496,-117,31,-7,1]
[256,64,128,4,33,1,8,1,1]
[729,-243,108,-53,12,-3,1]
[4096,768,-176,-73,-11,3,1]
[16384,-384,-99,-3,1]
[15625,2125,254,17,1]
[4096,1024,-112,-109,-7,4,1]
[15625,125,-31,1,1]
[6561,1215,218,15,1]
[4096,-512,0,47,0,-2,1]
[4096,-2048,592,-121,37,-8,1]
[4096,768,336,41,21,3,1]
[14641,726,-3,6,1]
[729,-27,-8,-1,1]
[4096,1280,384,91,24,5,1]
[14641,-121,-116,-1,1]
[4096,-256,448,-11,28,-1,1]
[256,-192,32,-36,39,-9,2,-3,1]
[15625,-3250,364,-26,1]
[4096,1024,48,-1,3,4,1]
[512,448,240,91,30,7,1]
[256,64,32,32,15,8,2,1,1]
[2401,49,96,1,1]
[4096,-768,464,-113,29,-3,1]
[4096,-512,-128,17,-8,-2,1]
[729,243,108,26,12,3,1]
[4096,1024,48,-39,3,4,1]
[729,81,72,-1,8,1,1]
[4096,1536,432,119,27,6,1]
[256,-64,112,-60,31,-15,7,-1,1]
[256,64,128,4,31,1,8,1,1]
[4096,-768,32,-39,2,-3,1]
[4096,2048,528,121,33,8,1]
[729,729,432,172,48,9,1]
[512,-256,120,-41,15,-4,1]
[14641,-1089,47,-9,1]
[256,-128,48,-44,27,-11,3,-2,1]
[256,64,0,-8,-1,-2,0,1,1]
[6561,1134,112,14,1]
[14641,-605,-42,-5,1]
[4096,-512,112,-41,7,-2,1]
[14641,-363,114,-3,1]
[64,32,0,-3,0,2,1]
[256,0,80,36,13,9,5,0,1]
[256,-256,112,-8,-13,-2,7,-4,1]
[256,-64,16,-28,27,-7,1,-1,1]
[4096,1536,704,185,44,6,1]
[256,0,-48,12,5,3,-3,0,1]
[729,81,45,41,5,1,1]
[4096,-3072,928,-207,58,-12,1]
[4096,1024,128,53,8,4,1]
[4096,-1280,400,-163,25,-5,1]
[6561,-1296,188,-16,1]
[15625,-750,-29,-6,1]
[256,0,48,32,5,8,3,0,1]
[4096,-256,-176,31,-11,-1,1]
[256,384,288,180,101,45,18,6,1]
[4096,-2560,880,-235,55,-10,1]
[14641,968,129,8,1]
[4096,0,96,-77,6,0,1]
[256,128,-48,0,29,0,-3,2,1]
[4096,768,-208,-119,-13,3,1]
[4096,-512,-160,77,-10,-2,1]
[14641,-1815,211,-15,1]
[64,0,0,-7,0,0,1]
[256,-64,96,-24,33,-6,6,-1,1]
[4096,0,48,51,3,0,1]
[4096,-512,128,-41,8,-2,1]
[4096,-256,80,-13,5,-1,1]
[729,324,0,-38,0,4,1]
[4096,-256,-128,3,-8,-1,1]
[4096,0,128,97,8,0,1]
[4096,0,0,-73,0,0,1]
[4096,768,-32,-101,-2,3,1]
[512,0,64,-21,8,0,1]
[4096,-2304,912,-269,57,-9,1]
[729,81,153,5,17,1,1]
[4096,-2304,960,-259,60,-9,1]
[15625,-1000,166,-8,1]
[4096,-1024,-80,51,-5,-4,1]
[16384,-2944,283,-23,1]
[256,-192,48,48,-41,12,3,-3,1]
[729,-567,261,-100,29,-7,1]
[14641,-363,-34,-3,1]
[625,-125,31,-5,1]
[4096,1024,496,117,31,4,1]
[4096,0,560,11,35,0,1]
[4096,1280,224,-5,14,5,1]
[729,-54,41,-2,1]
[4096,-256,352,-11,22,-1,1]
[16384,-896,89,-7,1]
[4096,-1280,688,-149,43,-5,1]
[2401,-98,31,-2,1]
[256,128,0,4,11,1,0,2,1]
[4096,1024,704,113,44,4,1]
[4096,512,-48,-65,-3,2,1]
[729,324,99,31,11,4,1]
[256,64,112,52,25,13,7,1,1]
[14641,726,219,6,1]
[6561,-1377,163,-17,1]
[729,-81,63,13,7,-1,1]
[16384,-640,251,-5,1]
[4096,-256,64,91,4,-1,1]
[4096,-768,160,19,10,-3,1]
[14641,726,249,6,1]
[15625,-1250,82,-10,1]
[2401,0,8,0,1]
[256,-64,-16,0,15,0,-1,-1,1]
[4096,512,672,57,42,2,1]
[2401,-294,-4,-6,1]
[256,64,-16,-12,-3,-3,-1,1,1]
[16384,640,87,5,1]
[256,0,-80,4,17,1,-5,0,1]
[14641,242,219,2,1]
[4096,-1024,128,23,8,-4,1]
[4096,1536,240,19,15,6,1]
[4096,-768,368,-73,23,-3,1]
[4096,-2816,1040,-285,65,-11,1]
[4096,2560,800,199,50,10,1]
[512,-128,72,-11,9,-2,1]
[729,-972,621,-251,69,-12,1]
[4096,-2816,1184,-359,74,-11,1]
[729,-729,414,-157,46,-9,1]
[4096,-1024,272,-21,17,-4,1]
[4096,768,160,87,10,3,1]
[14641,-968,210,-8,1]
[16384,0,-181,0,1]
[729,486,207,67,23,6,1]
[15625,-250,-7,-2,1]
[256,-64,96,-4,27,-1,6,-1,1]
[14641,-1936,201,-16,1]
[16,8,3,2,1]
[4096,-512,272,-19,17,-2,1]
[4096,-1792,224,-3,14,-7,1]
[4096,-768,16,29,1,-3,1]
[256,-448,400,-232,117,-58,25,-7,1]
[4096,-512,-32,1,-2,-2,1]
[4096,1024,464,123,29,4,1]
[4096,-3840,1808,-551,113,-15,1]
[4096,1024,352,111,22,4,1]
[4096,-1280,-112,131,-7,-5,1]
[729,-405,9,40,1,-5,1]
[15625,625,-24,5,1]
[4096,576,125,9,1]
[4096,1792,384,65,24,7,1]
[4096,1792,608,131,38,7,1]
[14641,242,32,2,1]
[4096,768,272,117,17,3,1]
[4096,0,208,25,13,0,1]
[4096,-1536,784,-167,49,-6,1]
[256,0,-64,-12,15,-3,-4,0,1]
[4096,-256,-176,55,-11,-1,1]
[15625,-1500,264,-12,1]
[4096,1280,752,151,47,5,1]
[14641,1331,34,11,1]
[256,-256,96,24,-33,6,6,-4,1]
[4096,512,-64,-113,-4,2,1]
[4096,-1536,320,-75,20,-6,1]
[729,-162,45,11,5,-2,1]
[512,-384,256,-97,32,-6,1]
[16384,2560,349,20,1]
[4096,0,-96,-29,-6,0,1]
[256,448,336,140,53,35,21,7,1]
[4096,-256,256,39,16,-1,1]
[15625,-1375,247,-11,1]
[4096,768,320,35,20,3,1]
[4096,-1024,480,-141,30,-4,1]
[4096,768,320,23,20,3,1]
[4096,1024,-96,-111,-6,4,1]
[4096,-512,-176,41,-11,-2,1]
[15625,625,154,5,1]
[256,128,32,20,27,5,2,2,1]
[15625,2750,278,22,1]
[4096,0,640,-1,40,0,1]
[4096,1792,400,77,25,7,1]
[15625,-125,137,-1,1]
[4096,768,176,77,11,3,1]
[4096,768,96,77,6,3,1]
[4096,3072,1424,423,89,12,1]
[4096,-256,368,-69,23,-1,1]
[15625,250,-71,2,1]
[4096,1792,384,83,24,7,1]
[14641,2178,307,18,1]
[4096,-1280,320,-25,20,-5,1]
[256,-64,48,4,9,1,3,-1,1]
[4096,1280,448,157,28,5,1]
[4096,256,-48,49,-3,1,1]
[1024,224,53,7,1]
[4096,256,-59,4,1]
[15625,-875,163,-7,1]
[4096,-3072,1248,-365,78,-12,1]
[15625,1250,238,10,1]
[14641,121,-183,1,1]
[15625,-625,14,-5,1]
[2401,196,50,4,1]
[15625,-625,86,-5,1]
[256,192,192,108,61,27,12,3,1]
[256,192,80,64,43,16,5,3,1]
[14641,-605,175,-5,1]
[4096,0,400,-11,25,0,1]
[15625,-250,8,-2,1]
[4096,1024,240,13,15,4,1]
[256,-192,176,-76,51,-19,11,-3,1]
[4096,2048,848,211,53,8,1]
[4096,1024,32,-39,2,4,1]
[512,-128,72,-25,9,-2,1]
[14641,-605,-98,-5,1]
[256,64,32,-32,-23,-8,2,1,1]
[4096,256,32,71,2,1,1]
[4096,-768,320,-19,20,-3,1]
[4096,-1280,-80,107,-5,-5,1]
[4096,-2816,832,-185,52,-11,1]
[4096,-768,512,-99,32,-3,1]
[4096,3072,1120,297,70,12,1]
[256,-64,80,-24,27,-6,5,-1,1]
[4096,-1536,544,-173,34,-6,1]
[4096,-1024,256,-125,16,-4,1]
[256,-256,176,-120,73,-30,11,-4,1]
[256,-64,96,-12,31,-3,6,-1,1]
[256,0,0,-24,-7,-6,0,0,1]
[15625,1875,273,15,1]
[15625,-125,-66,-1,1]
[256,192,112,68,47,17,7,3,1]
[4096,2560,1232,341,77,10,1]
[256,-128,64,-24,3,-6,4,-2,1]
[512,64,120,3,15,1,1]
[256,-64,16,36,-15,9,1,-1,1]
[256,-64,-32,12,-3,3,-2,-1,1]
[256,-320,288,-180,97,-45,18,-5,1]
[256,320,272,164,91,41,17,5,1]
[729,81,144,11,16,1,1]
[15625,-1000,52,-8,1]
[729,162,99,14,11,2,1]
[512,-64,24,15,3,-1,1]
[16384,-384,-81,-3,1]
[6561,-648,121,-8,1]
[4096,-1024,240,-37,15,-4,1]
[729,648,369,146,41,8,1]
[1024,224,35,7,1]
[2401,-49,-9,-1,1]
[256,-128,0,8,-5,2,0,-2,1]
[625,-25,42,-1,1]
[4096,2048,512,113,32,8,1]
[729,81,72,-8,8,1,1]
[14641,-968,-53,-8,1]
[256,64,16,0,-7,0,1,1,1]
[256,-64,-48,-8,17,-2,-3,-1,1]
[4096,0,16,-107,1,0,1]
[4096,0,272,-31,17,0,1]
[729,-324,108,-28,12,-4,1]
[4096,1536,624,149,39,6,1]
[6561,81,124,1,1]
[4096,-1792,544,-171,34,-7,1]
[256,-192,160,-108,57,-27,10,-3,1]
[4096,256,688,27,43,1,1]
[14641,-3388,398,-28,1]
[4096,-1024,304,-93,19,-4,1]
[14641,-1452,276,-12,1]
[15625,250,139,2,1]
[4096,-1280,272,-25,17,-5,1]
[4096,-448,85,-7,1]
[14641,1452,24,12,1]
[64,0,-4,9,-1,0,1]
[15625,500,183,4,1]
[4096,256,176,81,11,1,1]
[4096,2304,784,209,49,9,1]
[512,-256,136,-43,17,-4,1]
[4096,768,176,83,11,3,1]
[4096,0,-48,-39,-3,0,1]
[4096,256,256,-49,16,1,1]
[512,0,32,-29,4,0,1]
[256,0,48,16,9,4,3,0,1]
[4096,256,-128,-87,-8,1,1]
[256,-64,48,52,-17,13,3,-1,1]
[256,-64,32,40,-13,10,2,-1,1]
[4096,768,336,9,21,3,1]
[16384,128,-157,1,1]
[4096,0,240,-53,15,0,1]
[6561,1215,190,15,1]
[2401,147,4,3,1]
[4096,-1280,432,-111,27,-5,1]
[729,162,54,-5,6,2,1]
[729,-243,0,23,0,-3,1]
[256,-128,96,-32,19,-8,6,-2,1]
[4096,0,-96,-67,-6,0,1]
[4096,-1280,-48,99,-3,-5,1]
[256,0,48,24,9,6,3,0,1]
[4096,2560,1024,317,64,10,1]
[256,64,80,4,23,1,5,1,1]
[15625,250,116,2,1]
[512,128,48,-13,6,2,1]
[4096,-256,192,-83,12,-1,1]
[4096,2560,1104,331,69,10,1]
[14641,2057,222,17,1]
[256,0,16,12,17,3,1,0,1]
[256,128,48,8,-5,2,3,2,1]
[4096,-256,256,15,16,-1,1]
[15625,1125,238,9,1]
[4096,768,-176,-117,-11,3,1]
[15625,-2125,158,-17,1]
[14641,-726,114,-6,1]
[256,-256,96,28,-37,7,6,-4,1]
[256,0,80,-20,9,-5,5,0,1]
[15625,-500,-128,-4,1]
[64,0,4,-5,1,0,1]
[256,-128,16,-24,23,-6,1,-2,1]
[6561,-1215,133,-15,1]
[729,-81,-45,7,-5,-1,1]
[6561,486,49,6,1]
[256,128,-64,4,37,1,-4,2,1]
[15625,-625,-133,-5,1]
[4096,2816,1152,337,72,11,1]
[729,162,63,-11,7,2,1]
[6561,-243,-74,-3,1]
[14641,363,111,3,1]
[4096,-256,416,13,26,-1,1]
[64,-32,-8,17,-2,-2,1]
[625,250,73,10,1]
[512,-128,112,-27,14,-2,1]
[256,-384,272,-128,57,-32,17,-6,1]
[4096,1024,352,147,22,4,1]
[729,243,207,55,23,3,1]
[15625,-250,-79,-2,1]
[4096,-256,704,-29,44,-1,1]
[4096,0,32,69,2,0,1]
[4096,-1792,432,-107,27,-7,1]
[4096,-1024,-176,149,-11,-4,1]
[15625,-500,142,-4,1]
[729,-486,216,-80,24,-6,1]
[4096,2304,992,283,62,9,1]
[512,-192,112,-25,14,-3,1]
[14641,242,-125,2,1]
[256,-448,448,-316,175,-79,28,-7,1]
[4096,-2048,320,-13,20,-8,1]
[4096,-2304,800,-223,50,-9,1]
[256,0,48,-12,-5,-3,3,0,1]
[16384,-1920,183,-15,1]
[4096,-2816,1280,-367,80,-11,1]
[4096,2048,528,119,33,8,1]
[4096,-2048,816,-255,51,-8,1]
[4096,-256,160,-63,10,-1,1]
[256,256,224,140,81,35,14,4,1]
[4096,768,272,115,17,3,1]
[4096,960,137,15,1]
[256,64,16,-16,-7,-4,1,1,1]
[729,486,180,52,20,6,1]
[256,64,64,28,23,7,4,1,1]
[256,320,272,160,87,40,17,5,1]
[4096,768,320,13,20,3,1]
[256,-256,160,-84,45,-21,10,-4,1]
[4096,512,-144,-83,-9,2,1]
[512,0,64,-15,8,0,1]
[256,-256,64,24,-21,6,4,-4,1]
[4096,768,464,101,29,3,1]
[4096,1024,80,-5,5,4,1]
[4096,1024,80,-21,5,4,1]
[4096,1792,144,-31,9,7,1]
[4096,-2048,640,-159,40,-8,1]
[15625,1500,34,12,1]
[4096,-256,0,83,0,-1,1]
[4096,-768,96,13,6,-3,1]
[4096,-2816,912,-221,57,-11,1]
[15625,-2000,246,-16,1]
[4096,-1536,384,-53,24,-6,1]
[512,-192,88,-21,11,-3,1]
[16384,2176,145,17,1]
[4096,-1792,-160,177,-10,-7,1]
[14641,3388,409,28,1]
[14641,0,178,0,1]
[4096,768,48,-13,3,3,1]
[256,192,32,-20,-19,-5,2,3,1]
[256,64,0,4,17,1,0,1,1]
[256,-64,0,-4,13,-1,0,-1,1]
[4096,-1280,-80,85,-5,-5,1]
[4096,-2304,864,-259,54,-9,1]
[729,-81,-27,46,-3,-1,1]
[256,-128,144,-56,45,-14,9,-2,1]
[256,-320,176,-56,19,-14,11,-5,1]
[6561,1539,190,19,1]
[15625,4125,497,33,1]
[4096,512,-192,-67,-12,2,1]
[14641,484,112,4,1]
[729,0,-63,4,-7,0,1]
[4096,1536,384,103,24,6,1]
[512,-192,64,-37,8,-3,1]
[16384,-384,241,-3,1]
[512,-64,-16,-7,-2,-1,1]
[4096,2304,896,285,56,9,1]
[256,-192,144,-80,33,-20,9,-3,1]
[14641,605,144,5,1]
[4096,-768,448,-111,28,-3,1]
[256,256,240,168,89,42,15,4,1]
[256,64,144,24,47,6,9,1,1]
[4096,-512,96,-55,6,-2,1]
[4096,-768,112,55,7,-3,1]
[14641,-1089,202,-9,1]
[512,0,56,-25,7,0,1]
[729,-405,-9,43,-1,-5,1]
[4096,-256,208,37,13,-1,1]
[15625,500,152,4,1]
[4096,-1280,128,39,8,-5,1]
[4096,512,288,1,18,2,1]
[4096,-1280,464,-127,29,-5,1]
[14641,-1331,9,-11,1]
[729,0,27,10,3,0,1]
[15625,-250,114,-2,1]
[14641,0,-207,0,1]
[256,64,96,16,27,4,6,1,1]
[4096,0,0,-101,0,0,1]
[14641,-242,72,-2,1]
[256,64,112,48,25,12,7,1,1]
[4096,-1024,320,-25,20,-4,1]
[4096,-512,80,77,5,-2,1]
[4096,-256,-128,49,-8,-1,1]
[16384,768,-61,6,1]
[256,64,-48,-12,1,-3,-3,1,1]
[4096,-1280,592,-137,37,-5,1]
[4096,-768,528,-85,33,-3,1]
[729,405,126,46,14,5,1]
[15625,2250,234,18,1]
[256,0,64,28,1,7,4,0,1]
[4096,1280,224,29,14,5,1]
[256,192,16,-32,-23,-8,1,3,1]
[4096,-512,-176,51,-11,-2,1]
[4096,1792,464,121,29,7,1]
[14641,-726,-50,-6,1]
[256,128,32,-40,-27,-10,2,2,1]
[256,0,48,16,11,4,3,0,1]
[256,128,32,-8,3,-2,2,2,1]
[256,64,-16,12,11,3,-1,1,1]
[4096,1536,272,11,17,6,1]
[4096,-2048,912,-237,57,-8,1]
[6561,-1053,170,-13,1]
[4096,1280,384,95,24,5,1]
[4096,1024,368,127,23,4,1]
[4096,2048,880,251,55,8,1]
[256,64,64,-20,5,-5,4,1,1]
[15625,-125,-136,-1,1]
[4096,1024,-80,-41,-5,4,1]
[4096,768,480,49,30,3,1]
[4096,-768,240,5,15,-3,1]
[14641,1089,52,9,1]
[4096,-2304,1072,-299,67,-9,1]
[4096,-768,-16,29,-1,-3,1]
[4096,256,64,-15,4,1,1]
[4096,-1024,576,-129,36,-4,1]
[4096,0,128,-45,8,0,1]
[4096,-512,592,-51,37,-2,1]
[64,16,8,-5,2,1,1]
[15625,625,71,5,1]
[4096,-1024,608,-87,38,-4,1]
[4096,1024,336,35,21,4,1]
[4096,-2048,736,-227,46,-8,1]
[4096,-1536,80,43,5,-6,1]
[4096,-1280,96,21,6,-5,1]
[729,162,45,14,5,2,1]
[256,-128,128,-92,39,-23,8,-2,1]
[256,256,256,168,95,42,16,4,1]
[4096,512,384,33,24,2,1]
[4096,-512,160,-89,10,-2,1]
[15625,-500,-78,-4,1]
[4096,1280,704,159,44,5,1]
[14641,0,-71,0,1]
[729,-405,261,-80,29,-5,1]
[4096,2048,960,255,60,8,1]
[256,-192,96,-8,-3,-2,6,-3,1]
[4096,1280,576,159,36,5,1]
[729,-243,-54,64,-6,-3,1]
[4096,-3072,1200,-339,75,-12,1]
[4096,-1792,784,-185,49,-7,1]
[4096,-512,-128,101,-8,-2,1]
[4096,-512,384,-89,24,-2,1]
[15625,2125,146,17,1]
[256,-128,112,-12,15,-3,7,-2,1]
[4096,-512,304,-35,19,-2,1]
[14641,-605,89,-5,1]
[15625,-625,164,-5,1]
[15625,-1000,-69,-8,1]
[4096,-1280,80,1,5,-5,1]
[4096,-2816,1248,-355,78,-11,1]
[256,-256,96,-32,19,-8,6,-4,1]
[14641,-4356,564,-36,1]
[4096,-2304,864,-233,54,-9,1]
[6561,1215,140,15,1]
[4096,512,96,101,6,2,1]
[729,-162,-36,43,-4,-2,1]
[256,0,-32,-16,17,-4,-2,0,1]
[2401,-1078,218,-22,1]
[256,64,-16,-24,1,-6,-1,1,1]
[4096,-512,224,-103,14,-2,1]
[15625,-1000,12,-8,1]
[15625,375,-61,3,1]
[4096,-768,320,-89,20,-3,1]
[256,64,-16,-12,-15,-3,-1,1,1]
[4096,-1024,384,-41,24,-4,1]
[4096,640,37,10,1]
[4096,-768,-64,71,-4,-3,1]
[4096,768,128,59,8,3,1]
[4096,-1024,560,-113,35,-4,1]
[256,-128,0,0,13,0,0,-2,1]
[4096,1536,608,145,38,6,1]
[4096,2048,384,51,24,8,1]
[4096,-3072,1312,-395,82,-12,1]
[15625,-2000,144,-16,1]
[2401,392,64,8,1]
[256,64,16,20,19,5,1,1,1]
[4096,-1024,96,-19,6,-4,1]
[256,192,64,-8,-17,-2,4,3,1]
[14641,605,-109,5,1]
[4096,1536,496,151,31,6,1]
[14641,-3630,446,-30,1]
[14641,-121,215,-1,1]
[15625,625,141,5,1]
[4096,-1792,448,-93,28,-7,1]
[15625,250,-118,2,1]
[4096,-1280,32,61,2,-5,1]
[4096,-1024,144,-59,9,-4,1]
[4096,1536,736,157,46,6,1]
[4096,0,-112,69,-7,0,1]
[4096,0,64,-93,4,0,1]
[6561,1458,163,18,1]
[729,-243,-9,26,-1,-3,1]
[4096,1152,203,18,1]
[4096,-1280,160,-11,10,-5,1]
[256,0,48,12,13,3,3,0,1]
[729,162,126,16,14,2,1]
[15625,-1375,277,-11,1]
[15625,3250,373,26,1]
[6561,-162,91,-2,1]
[4096,0,176,45,11,0,1]
[15625,1375,13,11,1]
[6561,-81,34,-1,1]
[4096,-256,320,-67,20,-1,1]
[15625,1500,173,12,1]
[729,-162,198,-37,22,-2,1]
[14641,-484,72,-4,1]
[14641,0,-52,0,1]
[4096,768,-96,-65,-6,3,1]
[4096,-256,-112,-19,-7,-1,1]
[4096,-256,-96,-7,-6,-1,1]
[16384,-2816,327,-22,1]
[1024,-96,49,-3,1]
[14641,2057,170,17,1]
[4096,1536,464,83,29,6,1]
[6561,-1296,176,-16,1]
[2401,49,32,1,1]
[256,-320,320,-224,125,-56,20,-5,1]
[729,-162,90,-4,10,-2,1]
[256,-64,-48,4,11,1,-3,-1,1]
[256,-384,384,-268,153,-67,24,-6,1]
[1024,288,47,9,1]
[4096,1792,640,141,40,7,1]
[512,192,80,43,10,3,1]
[15625,-3250,357,-26,1]
[256,128,192,60,61,15,12,2,1]
[14641,847,239,7,1]
[4096,-1024,112,-19,7,-4,1]
[729,324,-45,-62,-5,4,1]
[4096,256,-17,4,1]
[4096,1536,272,55,17,6,1]
[4096,1024,448,111,28,4,1]
[256,-128,32,0,-15,0,2,-2,1]
[729,-567,315,-118,35,-7,1]
[2401,98,20,2,1]
[2401,-196,40,-4,1]
[4096,0,256,69,16,0,1]
[64,-32,16,-1,4,-2,1]
[256,-64,16,-24,15,-6,1,-1,1]
[15625,750,-114,6,1]
[14641,242,-72,2,1]
[6561,-405,68,-5,1]
[4096,0,16,-79,1,0,1]
[16384,-2432,287,-19,1]
[14641,0,-28,0,1]
[15625,-1875,242,-15,1]
[15625,0,2,0,1]
[4096,-1792,96,51,6,-7,1]
[15625,1250,243,10,1]
[14641,-726,221,-6,1]
[729,0,126,-5,14,0,1]
[14641,1694,199,14,1]
[2401,-147,69,-3,1]
[4096,256,432,55,27,1,1]
[15625,1375,234,11,1]
[4096,128,-83,2,1]
[4096,256,64,21,4,1,1]
[4096,-1280,320,-119,20,-5,1]
[4096,-1024,208,21,13,-4,1]
[16384,0,-249,0,1]
[1024,-64,1,-2,1]
[4096,256,0,13,0,1,1]
[512,320,112,29,14,5,1]
[15625,-875,-93,-7,1]
[16384,-896,235,-7,1]
[256,512,496,320,169,80,31,8,1]
[4096,-512,-96,29,-6,-2,1]
[16384,640,-9,5,1]
[2401,637,99,13,1]
[256,128,48,4,-7,1,3,2,1]
[15625,375,226,3,1]
[4096,-1536,160,13,10,-6,1]
[256,64,128,40,35,10,8,1,1]
[81,27,16,3,1]
[14641,-1573,248,-13,1]
[4096,-256,112,-33,7,-1,1]
[4096,0,656,-1,41,0,1]
[14641,-242,47,-2,1]
[14641,1210,48,10,1]
[256,64,0,20,9,5,0,1,1]
[4096,-512,288,17,18,-2,1]
[14641,-121,101,-1,1]
[4096,-384,53,-6,1]
[256,0,96,20,17,5,6,0,1]
[729,-162,54,-32,6,-2,1]
[15625,-2000,289,-16,1]
[16384,2176,205,17,1]
[16384,768,185,6,1]
[4096,-64,123,-1,1]
[4096,-1536,608,-119,38,-6,1]
[256,-256,144,-96,63,-24,9,-4,1]
[4096,768,336,63,21,3,1]
[4096,1024,16,-35,1,4,1]
[4096,0,-16,31,-1,0,1]
[15625,500,223,4,1]
[256,192,64,-44,-35,-11,4,3,1]
[4096,-1280,64,59,4,-5,1]
[256,-256,160,-68,33,-17,10,-4,1]
[15625,-3000,389,-24,1]
[15625,2375,249,19,1]
[4096,-256,-112,65,-7,-1,1]
[256,192,256,132,95,33,16,3,1]
[6561,0,152,0,1]
[6561,486,41,6,1]
[14641,-1331,4,-11,1]
[14641,2662,311,22,1]
[14641,605,-40,5,1]
[4096,-256,-48,-61,-3,-1,1]
[2401,-294,93,-6,1]
[16384,-2048,207,-16,1]
[256,128,-32,20,37,5,-2,2,1]
[729,-243,36,22,4,-3,1]
[15625,2250,262,18,1]
[2401,98,89,2,1]
[15625,1250,101,10,1]
[4096,256,48,-27,3,1,1]
[4096,2816,1200,341,75,11,1]
[4096,1024,608,95,38,4,1]
[729,0,81,16,9,0,1]
[16384,256,125,2,1]
[256,-256,224,-112,63,-28,14,-4,1]
[14641,0,35,0,1]
[4096,512,41,8,1]
[6561,162,-106,2,1]
[4096,-768,288,-133,18,-3,1]
[4096,0,112,19,7,0,1]
[4096,-768,-80,63,-5,-3,1]
[4096,1536,0,-87,0,6,1]
[4096,512,144,31,9,2,1]
[512,128,160,25,20,2,1]
[6561,81,151,1,1]
[14641,363,-41,3,1]
[256,0,96,20,19,5,6,0,1]
[729,81,72,28,8,1,1]
[4096,768,16,25,1,3,1]
[4096,1280,48,-37,3,5,1]
[4096,768,-144,-73,-9,3,1]
[729,243,36,-1,4,3,1]
[729,-243,90,-59,10,-3,1]
[6561,-729,170,-9,1]
[729,-567,189,-53,21,-7,1]
[6561,-1539,223,-19,1]
[4096,1280,336,69,21,5,1]
[4096,1536,736,189,46,6,1]
[14641,1573,113,13,1]
[729,243,99,7,11,3,1]
[256,320,256,156,83,39,16,5,1]
[256,64,-64,0,25,0,-4,1,1]
[6561,1458,233,18,1]
[15625,0,-113,0,1]
[4096,512,208,115,13,2,1]
[4096,256,-192,-17,-12,1,1]
[4096,-256,48,-81,3,-1,1]
[15625,-3750,429,-30,1]
[625,-175,44,-7,1]
[4096,1792,96,-57,6,7,1]
[15625,1000,2,8,1]
[4096,-1280,736,-147,46,-5,1]
[256,-128,144,-72,51,-18,9,-2,1]
[16384,-256,-113,-2,1]
[256,256,224,116,65,29,14,4,1]
[15625,375,-34,3,1]
[15625,3000,391,24,1]
[2401,294,8,6,1]
[729,-486,252,-91,28,-6,1]
[15625,-375,-49,-3,1]
[14641,-1210,145,-10,1]
[256,0,0,28,3,7,0,0,1]
[4096,0,-144,21,-9,0,1]
[4096,-2304,912,-239,57,-9,1]
[4096,-512,672,-59,42,-2,1]
[512,192,96,51,12,3,1]
[729,324,90,13,10,4,1]
[256,-64,16,12,-3,3,1,-1,1]
[6561,-324,-52,-4,1]
[4096,-1536,784,-187,49,-6,1]
[729,-729,405,-155,45,-9,1]
[14641,1815,269,15,1]
[729,162,36,-5,4,2,1]
[729,243,153,32,17,3,1]
[729,-486,135,-28,15,-6,1]
[15625,250,-8,2,1]
[1024,64,-5,2,1]
[4096,-1536,848,-193,53,-6,1]
[4096,64,85,1,1]
[256,-112,37,-7,1]
[14641,3146,403,26,1]
[256,192,112,76,45,19,7,3,1]
[4096,-512,-64,65,-4,-2,1]
[4096,-1024,96,-29,6,-4,1]
[729,81,18,-37,2,1,1]
[6561,-81,-35,-1,1]
[16384,-1280,93,-10,1]
[4096,-1280,608,-109,38,-5,1]
[14641,-1331,105,-11,1]
[4096,1280,624,133,39,5,1]
[729,-243,108,-58,12,-3,1]
[4096,2560,912,253,57,10,1]
[256,-384,288,-152,75,-38,18,-6,1]
[729,-486,153,-35,17,-6,1]
[512,192,160,45,20,3,1]
[4096,-512,-48,59,-3,-2,1]
[6561,-1215,148,-15,1]
[4096,1024,464,53,29,4,1]
[4096,2816,912,229,57,11,1]
[256,-128,80,-28,15,-7,5,-2,1]
[16384,640,-23,5,1]
[14641,1694,255,14,1]
[512,-384,256,-95,32,-6,1]
[15625,-1625,123,-13,1]
[512,-448,216,-79,27,-7,1]
[6561,567,73,7,1]
[4096,512,560,49,35,2,1]
[15625,1000,-21,8,1]
[256,0,16,16,-7,4,1,0,1]
[16384,-1024,237,-8,1]
[4096,512,96,-15,6,2,1]
[14641,-2662,256,-22,1]
[4096,0,320,-47,20,0,1]
[2401,980,190,20,1]
[4096,2048,512,89,32,8,1]
[256,0,0,0,-19,0,0,0,1]
[4096,1024,528,77,33,4,1]
[256,0,-64,-16,17,-4,-4,0,1]
[15625,-500,6,-4,1]
[15625,3000,379,24,1]
[16384,1152,119,9,1]
[16384,2048,293,16,1]
[4096,-512,176,-127,11,-2,1]
[256,-192,176,-112,59,-28,11,-3,1]
[4096,256,-32,-71,-2,1,1]
[16384,1920,123,15,1]
[14641,-1089,1,-9,1]
[4096,1024,96,1,6,4,1]
[6561,-567,130,-7,1]
[256,192,96,16,3,4,6,3,1]
[4096,768,272,129,17,3,1]
[14641,121,167,1,1]
[4096,-1536,160,25,10,-6,1]
[2401,-343,88,-7,1]
[256,-192,128,-80,51,-20,8,-3,1]
[15625,-500,249,-4,1]
[15625,2500,269,20,1]
[16384,128,-69,1,1]
[15625,-250,-24,-2,1]
[4096,-768,656,-77,41,-3,1]
[512,192,48,-9,6,3,1]
[4096,-512,64,-57,4,-2,1]
[256,0,48,4,27,1,3,0,1]
[4096,512,160,29,10,2,1]
[729,-162,-9,13,-1,-2,1]
[512,192,64,9,8,3,1]
[4096,-512,48,67,3,-2,1]
[256,256,96,28,15,7,6,4,1]
[6561,648,10,8,1]
[16384,-1152,219,-9,1]
[729,162,-36,-43,-4,2,1]
[4096,1536,32,-79,2,6,1]
[15625,-2125,247,-17,1]
[2401,147,60,3,1]
[4096,1280,-240,-161,-15,5,1]
[15625,-1000,54,-8,1]
[14641,847,207,7,1]
[256,-320,304,-204,119,-51,19,-5,1]
[14641,2299,329,19,1]
[4096,-512,672,-57,42,-2,1]
[4096,512,-128,-49,-8,2,1]
[14641,1936,199,16,1]
[2401,49,-55,1,1]
[16384,-3456,429,-27,1]
[14641,0,-84,0,1]
[15625,-1125,38,-9,1]
[256,64,64,8,3,2,4,1,1]
[4096,-512,544,-31,34,-2,1]
[4096,-768,544,-97,34,-3,1]
[4096,1792,560,135,35,7,1]
[4096,1792,544,121,34,7,1]
[256,64,48,-20,-5,-5,3,1,1]
[256,-64,48,0,-5,0,3,-1,1]
[1024,0,-59,0,1]
[729,-810,459,-176,51,-10,1]
[729,-81,54,-17,6,-1,1]
[14641,-1089,60,-9,1]
[6561,0,58,0,1]
[256,64,80,40,29,10,5,1,1]
[4096,-1024,-64,53,-4,-4,1]
[16384,-2688,269,-21,1]
[4096,1024,576,123,36,4,1]
[15625,-2125,312,-17,1]
[15625,625,241,5,1]
[4096,2048,832,211,52,8,1]
[4096,-768,-96,59,-6,-3,1]
[512,384,208,89,26,6,1]
[729,-135,14,-5,1]
[15625,3000,304,24,1]
[1024,96,59,3,1]
[15625,3000,361,24,1]
[256,0,80,24,23,6,5,0,1]
[14641,-1210,113,-10,1]
[14641,-121,53,-1,1]
[14641,0,163,0,1]
[4096,-256,47,-4,1]
[14641,2420,212,20,1]
[14641,-121,-80,-1,1]
[729,162,126,22,14,2,1]
[15625,-875,-3,-7,1]
[729,243,0,-35,0,3,1]
[6561,243,-5,3,1]
[4096,768,256,81,16,3,1]
[14641,-2783,331,-23,1]
[4096,-768,400,-37,25,-3,1]
[15625,2625,256,21,1]
[14641,-1089,62,-9,1]
[15625,3125,353,25,1]
[4096,-3584,1760,-535,110,-14,1]
[256,0,32,48,1,12,2,0,1]
[4096,-1792,800,-187,50,-7,1]
[256,-128,48,24,-13,6,3,-2,1]
[6561,-81,-23,-1,1]
[729,324,180,68,20,4,1]
[15625,250,-59,2,1]
[4096,-2048,1008,-261,63,-8,1]
[6561,-1458,182,-18,1]
[256,-64,128,8,27,2,8,-1,1]
[256,64,144,36,45,9,9,1,1]
[512,192,104,39,13,3,1]
[512,256,-48,-55,-6,4,1]
[14641,1573,48,13,1]
[256,128,112,44,27,11,7,2,1]
[512,-128,96,-27,12,-2,1]
[16384,-128,177,-1,1]
[4096,0,-176,-33,-11,0,1]
[729,270,55,10,1]
[4096,768,32,-7,2,3,1]
[16384,384,151,3,1]
[256,128,64,8,9,2,4,2,1]
[16384,-768,221,-6,1]
[729,-81,135,-4,15,-1,1]
[256,-128,-32,24,1,6,-2,-2,1]
[4096,1536,560,117,35,6,1]
[729,-405,189,-74,21,-5,1]
[4096,-1792,256,-7,16,-7,1]
[15625,1125,-27,9,1]
[16384,1408,61,11,1]
[15625,2375,327,19,1]
[512,0,-24,3,-3,0,1]
[4096,768,416,27,26,3,1]
[15625,-3250,367,-26,1]
[729,162,-27,-31,-3,2,1]
[4096,1280,624,141,39,5,1]
[14641,3388,377,28,1]
[256,-32,-7,-2,1]
[4096,-256,-128,-11,-8,-1,1]
[14641,-121,17,-1,1]
[256,-64,0,0,13,0,0,-1,1]
[15625,-1875,206,-15,1]
[256,64,-96,4,39,1,-6,1,1]
[14641,2420,306,20,1]
[4096,512,96,59,6,2,1]
[14641,2057,191,17,1]
[4096,-1024,288,-49,18,-4,1]
[256,-192,192,-104,69,-26,12,-3,1]
[15625,1000,-48,8,1]
[4096,-1536,368,-67,23,-6,1]
[14641,-2541,329,-21,1]
[4096,-256,-16,39,-1,-1,1]
[14641,-121,52,-1,1]
[256,-128,-16,32,-19,8,-1,-2,1]
[256,64,64,48,17,12,4,1,1]
[4096,256,144,41,9,1,1]
[4096,256,64,-87,4,1,1]
[256,256,128,76,47,19,8,4,1]
[256,128,96,72,35,18,6,2,1]
[4096,-256,-32,101,-2,-1,1]
[4096,-1024,-192,141,-12,-4,1]
[14641,1694,105,14,1]
[4096,256,-48,41,-3,1,1]
[4096,2816,1104,313,69,11,1]
[4096,-1280,416,-107,26,-5,1]
[4096,1280,352,139,22,5,1]
[14641,1936,206,16,1]
[4096,-2560,960,-251,60,-10,1]
[256,-64,-48,12,17,3,-3,-1,1]
[15625,0,31,0,1]
[6561,729,80,9,1]
[4096,512,0,-57,0,2,1]
[15625,-2000,293,-16,1]
[14641,-726,70,-6,1]
[14641,-1573,119,-13,1]
[256,64,48,-8,3,-2,3,1,1]
[4096,0,-176,-9,-11,0,1]
[4096,3072,1216,349,76,12,1]
[256,0,64,-12,15,-3,4,0,1]
[14641,1331,112,11,1]
[729,81,63,29,7,1,1]
[256,192,112,4,-3,1,7,3,1]
[15625,625,-33,5,1]
[15625,-250,136,-2,1]
[729,-81,54,-26,6,-1,1]
[4096,0,368,-15,23,0,1]
[4096,1280,64,-63,4,5,1]
[14641,-968,18,-8,1]
[4096,-2304,528,-91,33,-9,1]
[14641,1694,251,14,1]
[15625,3625,446,29,1]
[4096,-1280,208,-55,13,-5,1]
[4096,-512,64,-45,4,-2,1]
[4096,1280,544,105,34,5,1]
[16384,-256,231,-2,1]
[729,-81,54,-11,6,-1,1]
[512,128,80,19,10,2,1]
[64,-64,40,-17,10,-4,1]
[14641,-484,6,-4,1]
[4096,-1024,496,-87,31,-4,1]
[729,0,0,-53,0,0,1]
[4096,-512,115,-8,1]
[15625,4125,491,33,1]
[4096,3328,1216,319,76,13,1]
[2401,441,75,9,1]
[4096,0,-96,-51,-6,0,1]
[4096,0,-64,-23,-4,0,1]
[729,648,207,47,23,8,1]
[4096,-1024,176,-33,11,-4,1]
[16384,-2304,209,-18,1]
[4096,0,32,85,2,0,1]
[15625,-2500,227,-20,1]
[4096,-256,-32,111,-2,-1,1]
[4096,768,112,17,7,3,1]
[256,-128,0,-24,33,-6,0,-2,1]
[16384,384,-49,3,1]
[15625,875,93,7,1]
[256,128,-48,-24,7,-6,-3,2,1]
[16384,-2944,355,-23,1]
[4096,2560,880,243,55,10,1]
[4096,-1536,400,-79,25,-6,1]
[256,-192,128,-80,41,-20,8,-3,1]
[4096,1024,176,-31,11,4,1]
[15625,500,-34,4,1]
[14641,2420,288,20,1]
[16384,384,-95,3,1]
[4096,-1024,720,-127,45,-4,1]
[14641,-363,219,-3,1]
[4096,-512,272,-7,17,-2,1]
[4096,-3328,1536,-465,96,-13,1]
[256,0,80,28,7,7,5,0,1]
[4096,-768,304,-107,19,-3,1]
[15625,-375,7,-3,1]
[14641,1452,82,12,1]
[4096,-768,128,15,8,-3,1]
[4096,-1536,304,-29,19,-6,1]
[4096,-1536,368,-109,23,-6,1]
[81,27,4,3,1]
[4096,2048,608,171,38,8,1]
[14641,-4598,596,-38,1]
[512,320,144,51,18,5,1]
[4096,384,19,6,1]
[729,-324,144,-37,16,-4,1]
[4096,-1024,480,-105,30,-4,1]
[4096,-768,64,19,4,-3,1]
[256,-64,0,4,17,1,0,-1,1]
[14641,2783,292,23,1]
[256,128,16,16,19,4,1,2,1]
[2401,-147,-16,-3,1]
[4096,2304,688,183,43,9,1]
[16384,1792,89,14,1]
[4096,-768,528,-101,33,-3,1]
[14641,363,5,3,1]
[729,0,9,43,1,0,1]
[4096,512,224,77,14,2,1]
[14641,1210,123,10,1]
[14641,2057,226,17,1]
[4096,-256,304,-35,19,-1,1]
[15625,2750,263,22,1]
[256,64,-64,4,25,1,-4,1,1]
[15625,3125,327,25,1]
[256,-128,80,-52,27,-13,5,-2,1]
[256,-64,64,-20,31,-5,4,-1,1]
[256,0,32,-12,5,-3,2,0,1]
[4096,-768,224,-43,14,-3,1]
[14641,-2299,280,-19,1]
[4096,512,352,39,22,2,1]
[14641,363,104,3,1]
[1024,-224,25,-7,1]
[16384,-2944,313,-23,1]
[16384,-384,69,-3,1]
[14641,-363,64,-3,1]
[4096,1024,272,93,17,4,1]
[4096,512,192,3,12,2,1]
[15625,250,57,2,1]
[4096,2048,720,221,45,8,1]
[4096,-1280,256,-15,16,-5,1]
[4096,0,-112,-41,-7,0,1]
[512,-128,24,-13,3,-2,1]
[4096,1024,432,79,27,4,1]
[256,256,176,108,55,27,11,4,1]
[512,-64,8,3,1,-1,1]
[729,324,144,73,16,4,1]
[4096,-256,112,-21,7,-1,1]
[256,-64,80,-28,27,-7,5,-1,1]
[256,64,80,52,23,13,5,1,1]
[256,256,64,-52,-47,-13,4,4,1]
[64,-48,20,-7,5,-3,1]
[15625,1625,228,13,1]
[14641,-363,97,-3,1]
[512,128,112,17,14,2,1]
[4096,1280,688,143,43,5,1]
[256,0,96,0,35,0,6,0,1]
[512,64,0,5,0,1,1]
[4096,512,336,103,21,2,1]
[64,-32,0,7,0,-2,1]
[14641,-1210,217,-10,1]
[16384,-1280,197,-10,1]
[4096,-256,48,41,3,-1,1]
[4096,0,0,-99,0,0,1]
[15625,-2250,308,-18,1]
[4096,0,-96,-3,-6,0,1]
[4096,-256,416,-25,26,-1,1]
[256,64,16,12,29,3,1,1,1]
[4096,-768,272,-33,17,-3,1]
[14641,1210,10,10,1]
[256,-64,128,-4,29,-1,8,-1,1]
[729,-243,126,-59,14,-3,1]
[4096,-1536,384,-55,24,-6,1]
[4096,-192,-37,-3,1]
[729,-405,-63,80,-7,-5,1]
[16384,3456,411,27,1]
[4096,-256,336,15,21,-1,1]
[4096,1792,512,129,32,7,1]
[4096,256,208,87,13,1,1]
[256,128,16,0,-3,0,1,2,1]
[729,729,396,152,44,9,1]
[16384,-1792,203,-14,1]
[256,0,-32,-24,13,-6,-2,0,1]
[256,-128,80,-44,15,-11,5,-2,1]
[4096,-512,-48,51,-3,-2,1]
[729,-81,153,-10,17,-1,1]
[4096,-768,192,-25,12,-3,1]
[1024,448,107,14,1]
[15625,1125,128,9,1]
[16384,-4864,605,-38,1]
[15625,-375,184,-3,1]
[4096,3072,1168,327,73,12,1]
[729,-81,9,19,1,-1,1]
[4096,0,224,-9,14,0,1]
[4096,256,256,23,16,1,1]
[4096,2048,736,217,46,8,1]
[6561,648,28,8,1]
[15625,-1125,58,-9,1]
[4096,3072,1504,441,94,12,1]
[4096,-1792,352,-61,22,-7,1]
[4096,-256,32,41,2,-1,1]
[729,-243,54,-34,6,-3,1]
[15625,0,-53,0,1]
[4096,1280,-64,-65,-4,5,1]
[4096,-1024,448,-105,28,-4,1]
[4096,-2304,816,-241,51,-9,1]
[4096,2048,944,239,59,8,1]
[4096,-512,-96,69,-6,-2,1]
[256,64,64,40,19,10,4,1,1]
[4096,-256,48,61,3,-1,1]
[256,-64,-64,8,9,2,-4,-1,1]
[256,-128,128,-36,31,-9,8,-2,1]
[729,162,-36,-14,-4,2,1]
[14641,-1089,111,-9,1]
[4096,-512,96,-9,6,-2,1]
[6561,1377,184,17,1]
[128,7,1]
[4096,-2048,832,-207,52,-8,1]
[4096,-1024,128,-31,8,-4,1]
[4096,1280,32,-23,2,5,1]
[4096,-2304,1120,-303,70,-9,1]
[256,0,0,20,3,5,0,0,1]
[4096,-256,-96,17,-6,-1,1]
[4096,1280,512,127,32,5,1]
[16384,256,-147,2,1]
[14641,726,28,6,1]
[256,-64,32,12,-17,3,2,-1,1]
[256,-64,80,-16,33,-4,5,-1,1]
[4096,-512,-64,81,-4,-2,1]
[15625,4625,591,37,1]
[2401,392,107,8,1]
[4096,1536,928,195,58,6,1]
[4096,768,208,67,13,3,1]
[16384,768,175,6,1]
[729,-81,9,28,1,-1,1]
[625,50,43,2,1]
[4096,-512,80,-99,5,-2,1]
[4096,256,-48,-13,-3,1,1]
[256,-128,64,-52,25,-13,4,-2,1]
[256,-64,80,-28,21,-7,5,-1,1]
[4096,-256,128,51,8,-1,1]
[4096,1792,896,217,56,7,1]
[81,-81,37,-9,1]
[14641,1089,227,9,1]
[4096,1536,96,-39,6,6,1]
[14641,-847,134,-7,1]
[4096,2048,720,193,45,8,1]
[6561,405,-31,5,1]
[256,-384,272,-120,51,-30,17,-6,1]
[16384,384,-51,3,1]
[4096,3072,1248,365,78,12,1]
[256,-64,64,28,-1,7,4,-1,1]
[512,128,40,15,5,2,1]
[1024,-160,11,-5,1]
[729,162,-18,-28,-2,2,1]
[4096,-1280,560,-113,35,-5,1]
[14641,2420,251,20,1]
[256,-128,32,-24,9,-6,2,-2,1]
[512,-192,-16,39,-2,-3,1]
[4096,-384,-23,-6,1]
[4096,1280,128,-27,8,5,1]
[15625,1000,168,8,1]
[14641,2662,318,22,1]
[2401,0,95,0,1]
[14641,121,-170,1,1]
[4096,-256,464,-51,29,-1,1]
[256,0,-32,12,15,3,-2,0,1]
[15625,750,-29,6,1]
[256,128,48,28,15,7,3,2,1]
[256,0,-48,-8,7,-2,-3,0,1]
[4096,3328,1424,421,89,13,1]
[4096,-2304,736,-197,46,-9,1]
[4096,2560,960,251,60,10,1]
[729,-162,36,-23,4,-2,1]
[729,-81,144,-19,16,-1,1]
[15625,-4750,604,-38,1]
[256,192,64,36,21,9,4,3,1]
[256,64,48,-40,-15,-10,3,1,1]
[4096,-512,128,-49,8,-2,1]
[4096,-256,1,-4,1]
[14641,121,171,1,1]
[4096,-512,-128,51,-8,-2,1]
[256,-64,64,-48,7,-12,4,-1,1]
[4096,256,256,69,16,1,1]
[4096,-256,288,27,18,-1,1]
[4096,1792,176,-33,11,7,1]
[729,243,27,13,3,3,1]
[4096,768,224,125,14,3,1]
[14641,3630,422,30,1]
[256,-256,80,36,-39,9,5,-4,1]
[6561,162,157,2,1]
[729,81,-45,-1,-5,1,1]
[6561,-729,115,-9,1]
[512,192,32,5,4,3,1]
[4096,256,-208,-35,-13,1,1]
[256,64,48,36,21,9,3,1,1]
[15625,-125,164,-1,1]
[4096,-512,144,-123,9,-2,1]
[15625,2250,279,18,1]
[2401,-637,107,-13,1]
[4096,-1280,640,-113,40,-5,1]
[64,11,1]
[4096,512,192,1,12,2,1]
[2401,196,31,4,1]
[14641,-3993,512,-33,1]
[4096,256,448,39,28,1,1]
[4096,-1024,640,-117,40,-4,1]
[256,256,208,136,77,34,13,4,1]
[14641,605,9,5,1]
[1024,-352,93,-11,1]
[14641,242,96,2,1]
[4096,768,432,75,27,3,1]
[14641,2783,332,23,1]
[256,128,16,-16,-15,-4,1,2,1]
[4096,-256,-48,-43,-3,-1,1]
[14641,1331,103,11,1]
[2401,245,25,5,1]
[256,-64,32,16,-17,4,2,-1,1]
[4096,512,0,17,0,2,1]
[4096,-512,0,-13,0,-2,1]
[512,-64,24,19,3,-1,1]
[256,-128,48,40,-25,10,3,-2,1]
[256,320,144,-8,-27,-2,9,5,1]
[2401,196,57,4,1]
[4096,1792,128,-35,8,7,1]
[256,-64,176,-36,61,-9,11,-1,1]
[16384,1536,263,12,1]
[16384,1536,155,12,1]
[256,-64,-48,4,9,1,-3,-1,1]
[14641,3388,424,28,1]
[256,-256,96,40,-41,10,6,-4,1]
[256,0,48,12,-5,3,3,0,1]
[16384,-896,5,-7,1]
[4096,-1024,432,-137,27,-4,1]
[4096,768,320,77,20,3,1]
[15625,750,-104,6,1]
[4096,-3840,1840,-567,115,-15,1]
[14641,-363,167,-3,1]
[14641,1089,-23,9,1]
[729,243,-54,-50,-6,3,1]
[256,0,48,-16,7,-4,3,0,1]
[256,128,128,68,33,17,8,2,1]
[4096,512,-96,-41,-6,2,1]
[512,0,24,-23,3,0,1]
[4096,-2304,768,-221,48,-9,1]
[256,64,80,-24,1,-6,5,1,1]
[15625,1875,132,15,1]
[4096,2048,784,221,49,8,1]
[14641,1936,278,16,1]
[15625,875,-49,7,1]
[256,-64,64,-28,21,-7,4,-1,1]
[64,48,4,-7,1,3,1]
[6561,891,97,11,1]
[256,320,352,240,143,60,22,5,1]
[4096,-256,256,7,16,-1,1]
[49,4,1]
[14641,-3509,432,-29,1]
[14641,1331,222,11,1]
[16384,-2816,355,-22,1]
[4096,-256,-64,67,-4,-1,1]
[4096,0,-112,-33,-7,0,1]
[16384,-512,-39,-4,1]
[4096,2560,1008,303,63,10,1]
[4096,1024,0,-25,0,4,1]
[256,192,32,-48,-45,-12,2,3,1]
[14641,1815,246,15,1]
[4096,512,288,33,18,2,1]
[256,192,128,84,53,21,8,3,1]
[256,64,0,0,15,0,0,1,1]
[256,64,64,20,13,5,4,1,1]
[4096,0,64,-89,4,0,1]
[256,64,0,-28,-1,-7,0,1,1]
[6561,-405,-49,-5,1]
[256,256,144,72,33,18,9,4,1]
[1024,192,47,6,1]
[4096,0,64,-101,4,0,1]
[512,64,80,23,10,1,1]
[4096,-640,73,-10,1]
[4096,-2816,1024,-285,64,-11,1]
[15625,-750,-42,-6,1]
[4096,-1536,-32,83,-2,-6,1]
[4096,-128,-67,-2,1]
[4096,1536,560,165,35,6,1]
[256,256,128,24,3,6,8,4,1]
[15625,-500,-73,-4,1]
[4096,1024,128,-29,8,4,1]
[729,243,90,56,10,3,1]
[4096,768,416,83,26,3,1]
[256,128,48,-12,-1,-3,3,2,1]
[4096,-1536,48,73,3,-6,1]
[4096,1792,496,85,31,7,1]
[256,0,32,4,29,1,2,0,1]
[16384,-768,-45,-6,1]
[4096,256,-32,-87,-2,1,1]
[15625,-1875,91,-15,1]
[256,-192,160,-88,59,-22,10,-3,1]
[256,64,-144,-8,49,-2,-9,1,1]
[4096,2304,720,173,45,9,1]
[16384,1024,-43,8,1]
[4096,-256,304,13,19,-1,1]
[4096,-192,33,-3,1]
[49,-11,1]
[256,128,80,52,29,13,5,2,1]
[1024,-32,11,-1,1]
[14641,-484,-21,-4,1]
[6561,-162,-74,-2,1]
[729,-324,-9,43,-1,-4,1]
[256,0,80,8,23,2,5,0,1]
[6561,-1053,76,-13,1]
[15625,625,-129,5,1]
[15625,125,243,1,1]
[4096,256,448,19,28,1,1]
[6561,-1053,112,-13,1]
[4096,1024,176,75,11,4,1]
[15625,625,181,5,1]
[256,-192,80,-4,1,-1,5,-3,1]
[512,128,16,1,2,2,1]
[14641,-3025,379,-25,1]
[4096,-1536,832,-185,52,-6,1]
[256,-320,288,-192,103,-48,18,-5,1]
[256,-64,0,28,-19,7,0,-1,1]
[729,-648,369,-137,41,-8,1]
[14641,3509,410,29,1]
[4096,0,48,-105,3,0,1]
[4096,3584,1456,405,91,14,1]
[4096,1024,-176,-121,-11,4,1]
[256,64,80,20,21,5,5,1,1]
[4096,1024,480,141,30,4,1]
[4096,-1280,368,-113,23,-5,1]
[16384,-1920,289,-15,1]
[256,-128,128,-52,39,-13,8,-2,1]
[14641,-121,164,-1,1]
[14641,-2904,322,-24,1]
[256,128,16,-4,1,-1,1,2,1]
[4096,0,560,5,35,0,1]
[729,-162,81,-28,9,-2,1]
[4096,-512,48,-51,3,-2,1]
[256,192,160,92,57,23,10,3,1]
[4096,-768,384,-109,24,-3,1]
[256,128,144,60,43,15,9,2,1]
[4096,256,-32,-9,-2,1,1]
[729,-81,117,-22,13,-1,1]
[256,-512,528,-384,217,-96,33,-8,1]
[256,64,32,36,21,9,2,1,1]
[256,64,16,28,25,7,1,1,1]
[4096,512,-16,-33,-1,2,1]
[1024,224,67,7,1]
[256,64,128,32,33,8,8,1,1]
[4096,-2560,752,-167,47,-10,1]
[256,64,-48,-16,5,-4,-3,1,1]
[256,-128,16,-16,23,-4,1,-2,1]
[4096,2560,1040,317,65,10,1]
[6561,162,-50,2,1]
[16384,-128,-233,-1,1]
[729,-405,135,-44,15,-5,1]
[15625,1625,216,13,1]
[16384,4224,523,33,1]
[4096,0,400,37,25,0,1]
[6561,-243,106,-3,1]
[4096,768,91,12,1]
[4096,1536,48,-65,3,6,1]
[729,0,18,23,2,0,1]
[15625,-1375,217,-11,1]
[256,0,80,28,9,7,5,0,1]
[512,64,8,-31,1,1,1]
[256,-64,48,-20,15,-5,3,-1,1]
[15625,-750,83,-6,1]
[4096,-1536,192,15,12,-6,1]
[4096,1536,-224,-181,-14,6,1]
[4096,-384,-17,-6,1]
[4096,-512,-16,-51,-1,-2,1]
[16384,-256,163,-2,1]
[256,128,32,0,-1,0,2,2,1]
[4096,-1792,608,-143,38,-7,1]
[15625,-2625,259,-21,1]
[15625,-2625,246,-21,1]
[256,-192,80,-52,39,-13,5,-3,1]
[15625,1750,179,14,1]
[15625,750,-58,6,1]
[2401,-196,36,-4,1]
[4096,1024,464,55,29,4,1]
[6561,-972,59,-12,1]
[4096,768,704,93,44,3,1]
[4096,-512,576,-57,36,-2,1]
[14641,484,86,4,1]
[15625,-875,144,-7,1]
[4096,1792,432,115,27,7,1]
[729,-810,504,-203,56,-10,1]
[15625,125,122,1,1]
[15625,875,213,7,1]
[4096,512,464,49,29,2,1]
[4096,576,23,9,1]
[729,-324,207,-61,23,-4,1]
[625,175,27,7,1]
[4096,512,176,-39,11,2,1]
[16384,2688,231,21,1]
[729,-243,36,4,4,-3,1]
[4096,512,128,63,8,2,1]
[256,-256,240,-136,81,-34,15,-4,1]
[2401,196,10,4,1]
[256,-320,224,-124,61,-31,14,-5,1]
[15625,-250,143,-2,1]
[16384,2304,165,18,1]
[4096,0,0,-29,0,0,1]
[4096,-512,192,-103,12,-2,1]
[15625,625,108,5,1]
[256,128,0,12,13,3,0,2,1]
[16384,2432,333,19,1]
[4096,-1536,880,-193,55,-6,1]
[4096,-768,336,-15,21,-3,1]
[15625,125,-133,1,1]
[4096,-1024,208,1,13,-4,1]
[14641,-363,156,-3,1]
[4096,1536,640,159,40,6,1]
[256,0,-48,4,13,1,-3,0,1]
[4096,-256,176,25,11,-1,1]
[4096,1024,288,103,18,4,1]
[256,320,336,240,135,60,21,5,1]
[256,0,96,16,25,4,6,0,1]
[6561,2349,361,29,1]
[729,0,36,-17,4,0,1]
[4096,-2048,768,-219,48,-8,1]
[6561,-1944,274,-24,1]
[256,-128,48,-32,27,-8,3,-2,1]
[256,128,-16,-4,9,-1,-1,2,1]
[15625,2375,274,19,1]
[16384,640,-123,5,1]
[256,256,128,12,-7,3,8,4,1]
[4096,1792,272,39,17,7,1]
[4096,1024,432,113,27,4,1]
[14641,-242,128,-2,1]
[14641,-1694,255,-14,1]
[4096,-1024,272,-109,17,-4,1]
[15625,0,61,0,1]
[4096,-1280,512,-111,32,-5,1]
[4096,256,48,-71,3,1,1]
[4096,768,384,93,24,3,1]
[16384,768,177,6,1]
[15625,375,191,3,1]
[4096,512,64,-83,4,2,1]
[729,81,-27,-47,-3,1,1]
[4096,768,-160,-115,-10,3,1]
[4096,-1536,592,-129,37,-6,1]
[4096,512,0,29,0,2,1]
[256,128,96,60,29,15,6,2,1]
[256,256,96,-32,-35,-8,6,4,1]
[4096,-1024,384,-31,24,-4,1]
[512,-512,304,-121,38,-8,1]
[4096,-1280,176,-41,11,-5,1]
[16384,128,241,1,1]
[4096,1024,400,145,25,4,1]
[729,162,36,-4,4,2,1]
[625,-75,21,-3,1]
[4096,0,176,31,11,0,1]
[4096,1280,240,67,15,5,1]
[4096,0,304,-35,19,0,1]
[256,-192,32,40,-37,10,2,-3,1]
[15625,1250,84,10,1]
[4096,0,144,-9,9,0,1]
[14641,847,21,7,1]
[729,-567,252,-85,28,-7,1]
[4096,1280,-160,-127,-10,5,1]
[4096,2048,976,247,61,8,1]
[14641,726,-79,6,1]
[16384,-896,25,-7,1]
[625,275,64,11,1]
[512,-64,112,-5,14,-1,1]
[512,-64,72,-29,9,-1,1]
[15625,2750,343,22,1]
[1024,0,49,0,1]
[256,64,16,-12,-7,-3,1,1,1]
[256,64,32,24,21,6,2,1,1]
[14641,726,78,6,1]
[512,-256,96,-27,12,-4,1]
[729,-567,306,-110,34,-7,1]
[16384,1408,153,11,1]
[14641,1936,257,16,1]
[15625,-125,-137,-1,1]
[2401,245,104,5,1]
[256,-64,128,-12,37,-3,8,-1,1]
[14641,-2541,327,-21,1]
[729,567,333,119,37,7,1]
[4096,256,64,-79,4,1,1]
[4096,-768,592,-79,37,-3,1]
[4096,-1280,432,-79,27,-5,1]
[15625,-1750,202,-14,1]
[4096,-1408,243,-22,1]
[256,192,80,12,-11,3,5,3,1]
[15625,-250,167,-2,1]
[4096,768,288,101,18,3,1]
[256,128,96,44,35,11,6,2,1]
[14641,-2541,241,-21,1]
[15625,2625,309,21,1]
[729,-324,0,31,0,-4,1]
[729,162,81,19,9,2,1]
[4096,-256,272,-69,17,-1,1]
[512,640,440,189,55,10,1]
[4096,1280,400,67,25,5,1]
[256,-192,80,-12,7,-3,5,-3,1]
[14641,1089,4,9,1]
[15625,-1375,232,-11,1]
[16,16,11,4,1]
[6561,891,140,11,1]
[16384,1280,69,10,1]
[1024,-32,31,-1,1]
[4096,-2816,1264,-365,79,-11,1]
[4096,-1280,352,-35,22,-5,1]
[6561,-243,-91,-3,1]
[729,243,108,8,12,3,1]
[15625,-1875,188,-15,1]
[4096,-2304,432,-51,27,-9,1]
[4096,1792,544,157,34,7,1]
[4096,1280,560,145,35,5,1]
[4096,256,144,25,9,1,1]
[6561,2025,305,25,1]
[4096,1792,464,119,29,7,1]
[4096,-1280,272,-19,17,-5,1]
[729,81,99,-1,11,1,1]
[14641,1573,184,13,1]
[15625,625,-31,5,1]
[4096,0,144,-7,9,0,1]
[256,0,96,16,29,4,6,0,1]
[4096,-768,208,-11,13,-3,1]
[16384,512,173,4,1]
[6561,810,182,10,1]
[14641,2541,228,21,1]
[4096,-256,64,95,4,-1,1]
[4096,-512,240,-93,15,-2,1]
[729,243,144,53,16,3,1]
[512,-64,40,13,5,-1,1]
[256,-192,128,-28,17,-7,8,-3,1]
[256,-128,112,-64,23,-16,7,-2,1]
[4096,3072,1120,299,70,12,1]
[256,64,16,12,27,3,1,1,1]
[15625,-1875,259,-15,1]
[4096,256,48,-63,3,1,1]
[512,-640,424,-185,53,-10,1]
[4096,1024,240,63,15,4,1]
[15625,2125,282,17,1]
[4096,768,0,-77,0,3,1]
[6561,-162,-11,-2,1]
[4096,-1024,176,-55,11,-4,1]
[15625,-500,123,-4,1]
[4096,256,288,23,18,1,1]
[256,-128,32,4,5,1,2,-2,1]
[512,-256,16,15,2,-4,1]
[6561,243,149,3,1]
[14641,726,119,6,1]
[256,-64,32,16,1,4,2,-1,1]
[15625,2125,233,17,1]
[16384,896,241,7,1]
[4096,-768,624,-97,39,-3,1]
[15625,1250,201,10,1]
[14641,-726,174,-6,1]
[512,-128,0,7,0,-2,1]
[256,0,-80,8,23,2,-5,0,1]
[256,64,80,36,21,9,5,1,1]
[729,-648,360,-149,40,-8,1]
[16384,2176,279,17,1]
[2401,-98,-26,-2,1]
[4096,-768,272,-29,17,-3,1]
[14641,363,47,3,1]
[4096,1280,-240,-157,-15,5,1]
[4096,1024,16,1,1,4,1]
[4096,512,288,-5,18,2,1]
[4096,2816,1056,291,66,11,1]
[256,320,224,128,65,32,14,5,1]
[4096,-1024,320,-125,20,-4,1]
[4096,1024,256,61,16,4,1]
[512,0,40,-17,5,0,1]
[4096,256,-160,-63,-10,1,1]
[4096,-256,176,41,11,-1,1]
[256,64,64,20,9,5,4,1,1]
[256,-128,128,-80,41,-20,8,-2,1]
[15625,2500,229,20,1]
[14641,-605,53,-5,1]
[256,-128,144,-80,47,-20,9,-2,1]
[4096,-2048,768,-235,48,-8,1]
[15625,4000,497,32,1]
[256,64,48,8,13,2,3,1,1]
[2401,0,-67,0,1]
[6561,324,137,4,1]
[625,125,17,5,1]
[15625,-1125,109,-9,1]
[4096,256,256,-29,16,1,1]
[625,175,51,7,1]
[4096,1088,171,17,1]
[16384,512,35,4,1]
[4096,1792,544,171,34,7,1]
[16384,2560,259,20,1]
[121,3,1]
[16384,-2688,251,-21,1]
[729,243,198,41,22,3,1]
[729,0,63,34,7,0,1]
[14641,605,65,5,1]
[14641,847,-42,7,1]
[16384,-256,179,-2,1]
[256,-192,16,-4,15,-1,1,-3,1]
[4096,-768,576,-67,36,-3,1]
[4096,-1024,544,-73,34,-4,1]
[6561,-324,13,-4,1]
[4096,1792,448,113,28,7,1]
[14641,-242,180,-2,1]
[2401,147,61,3,1]
[256,-64,48,-4,13,-1,3,-1,1]
[14641,3630,452,30,1]
[512,-320,128,-47,16,-5,1]
[14641,-2783,292,-23,1]
[512,192,24,-15,3,3,1]
[512,64,-32,-31,-4,1,1]
[729,54,-14,2,1]
[4096,3584,1520,439,95,14,1]
[4096,512,384,9,24,2,1]
[14641,242,-81,2,1]
[256,144,49,9,1]
[15625,-3750,436,-30,1]
[729,162,27,19,3,2,1]
[4096,2816,1072,295,67,11,1]
[256,64,128,76,31,19,8,1,1]
[256,320,240,156,87,39,15,5,1]
[14641,-2541,294,-21,1]
[625,325,91,13,1]
[729,108,25,4,1]
[4096,2304,880,263,55,9,1]
[256,0,96,48,15,12,6,0,1]
[4096,768,-48,-3,-3,3,1]
[4096,1536,400,95,25,6,1]
[4096,-1024,640,-121,40,-4,1]
[14641,2057,153,17,1]
[14641,-2299,239,-19,1]
[512,192,0,-23,0,3,1]
[2401,1127,227,23,1]
[4096,-256,368,-23,23,-1,1]
[4096,-1792,496,-137,31,-7,1]
[4096,1536,560,149,35,6,1]
[4096,2048,624,135,39,8,1]
[14641,605,142,5,1]
[4096,2560,1024,287,64,10,1]
[256,128,32,32,35,8,2,2,1]
[16384,-1152,183,-9,1]
[4096,-512,-128,21,-8,-2,1]
[4096,-768,16,73,1,-3,1]
[4096,2816,912,231,57,11,1]
[512,0,72,1,9,0,1]
[14641,-1210,233,-10,1]
[256,192,64,0,-11,0,4,3,1]
[4096,-1536,512,-159,32,-6,1]
[4096,192,-63,3,1]
[6561,-486,106,-6,1]
[14641,-1694,233,-14,1]
[512,256,200,61,25,4,1]
[256,-64,32,8,-13,2,2,-1,1]
[729,162,0,-22,0,2,1]
[512,256,96,33,12,4,1]
[256,-128,64,-60,31,-15,4,-2,1]
[4096,1792,16,-101,1,7,1]
[14641,-363,-162,-3,1]
[15625,-1000,27,-8,1]
[14641,-242,-56,-2,1]
[512,-64,-40,29,-5,-1,1]
[4096,-256,16,-51,1,-1,1]
[729,-486,216,-68,24,-6,1]
[14641,-484,-6,-4,1]
[256,0,-48,4,23,1,-3,0,1]
[4096,768,32,-15,2,3,1]
[256,320,240,132,69,33,15,5,1]
[15625,-1125,34,-9,1]
[4096,1280,624,131,39,5,1]
[4096,-1792,96,57,6,-7,1]
[256,128,48,40,31,10,3,2,1]
[16384,-128,81,-1,1]
[4096,-256,384,21,24,-1,1]
[4096,-1536,336,-59,21,-6,1]
[14641,726,-71,6,1]
[256,-128,48,-8,9,-2,3,-2,1]
[512,64,64,31,8,1,1]
[4096,-2304,544,-97,34,-9,1]
[15625,-3250,344,-26,1]
[256,128,32,0,-7,0,2,2,1]
[4096,768,-80,-59,-5,3,1]
[256,320,304,192,111,48,19,5,1]
[4096,-768,400,-105,25,-3,1]
[16384,-2176,289,-17,1]
[256,-192,144,-72,33,-18,9,-3,1]
[4096,-1280,288,-99,18,-5,1]
[15625,-3500,396,-28,1]
[64,64,44,27,11,4,1]
[16384,1024,-29,8,1]
[512,-256,-16,33,-2,-4,1]
[1024,-64,-13,-2,1]
[4096,-1280,0,59,0,-5,1]
[256,384,288,184,105,46,18,6,1]
[4096,-512,-192,93,-12,-2,1]
[6561,-162,77,-2,1]
[4096,-2560,1024,-279,64,-10,1]
[14641,-3630,465,-30,1]
[4096,704,117,11,1]
[6561,-324,128,-4,1]
[4096,-768,-16,39,-1,-3,1]
[15625,-4875,628,-39,1]
[2401,-735,124,-15,1]
[4096,1536,528,173,33,6,1]
[16384,1408,-3,11,1]
[15625,1000,24,8,1]
[4096,-1024,240,-71,15,-4,1]
[15625,-1375,16,-11,1]
[256,64,-32,0,13,0,-2,1,1]
[4096,1280,448,111,28,5,1]
[4096,-1536,208,-19,13,-6,1]
[729,-162,18,-11,2,-2,1]
[4096,448,113,7,1]
[4096,-256,112,49,7,-1,1]
[256,-128,96,-76,29,-19,6,-2,1]
[14641,-121,-89,-1,1]
[512,0,-48,-9,-6,0,1]
[256,128,144,64,55,16,9,2,1]
[16384,640,-111,5,1]
[15625,125,194,1,1]
[256,0,80,8,11,2,5,0,1]
[729,-162,-27,22,-3,-2,1]
[256,256,128,32,7,8,8,4,1]
[729,81,153,22,17,1,1]
[512,-64,8,5,1,-1,1]
[4096,768,256,27,16,3,1]
[256,192,112,64,37,16,7,3,1]
[16384,1920,215,15,1]
[256,-192,0,44,-27,11,0,-3,1]
[14641,-484,-30,-4,1]
[4096,-1792,512,-97,32,-7,1]
[625,-350,91,-14,1]
[15625,-625,114,-5,1]
[4096,-1024,48,65,3,-4,1]
[4096,1536,560,137,35,6,1]
[256,192,160,96,59,24,10,3,1]
[4096,640,121,10,1]
[729,405,144,43,16,5,1]
[4096,-1792,672,-157,42,-7,1]
[729,-243,216,-50,24,-3,1]
[4096,-1024,384,-87,24,-4,1]
[256,0,64,-16,1,-4,4,0,1]
[14641,2299,285,19,1]
[256,128,80,-8,-1,-2,5,2,1]
[2401,539,85,11,1]
[4096,0,-16,27,-1,0,1]
[2401,-294,-10,-6,1]
[256,128,112,40,35,10,7,2,1]
[16384,-2176,153,-17,1]
[4096,0,32,87,2,0,1]
[6561,0,149,0,1]
[6561,1134,181,14,1]
[4096,1536,16,-75,1,6,1]
[4096,-1792,-32,123,-2,-7,1]
[729,81,54,37,6,1,1]
[4096,256,112,105,7,1,1]
[256,-128,32,-32,35,-8,2,-2,1]
[4096,3840,1856,575,116,15,1]
[256,-256,112,-4,-11,-1,7,-4,1]
[14641,1694,160,14,1]
[15625,-2000,169,-16,1]
[4096,-1792,576,-145,36,-7,1]
[4096,-2304,496,-85,31,-9,1]
[256,64,80,4,9,1,5,1,1]
[14641,-605,120,-5,1]
[512,256,176,61,22,4,1]
[14641,605,111,5,1]
[4096,-2304,832,-215,52,-9,1]
[4096,512,16,-17,1,2,1]
[16384,768,223,6,1]
[6561,-1458,166,-18,1]
[15625,2500,327,20,1]
[4096,1024,352,143,22,4,1]
[15625,-1250,64,-10,1]
[4096,1792,80,-73,5,7,1]
[15625,1625,89,13,1]
[4096,1536,400,133,25,6,1]
[4096,-512,192,9,12,-2,1]
[729,243,99,55,11,3,1]
[4096,-2304,608,-137,38,-9,1]
[4096,-1536,464,-97,29,-6,1]
[512,128,32,-5,4,2,1]
[4096,2048,992,261,62,8,1]
[4096,2304,448,53,28,9,1]
[256,0,16,-8,-9,-2,1,0,1]
[256,-256,176,-120,75,-30,11,-4,1]
[16384,512,-17,4,1]
[14641,1573,78,13,1]
[256,64,96,12,21,3,6,1,1]
[256,64,48,16,3,4,3,1,1]
[729,-162,144,-32,16,-2,1]
[256,-64,64,-52,9,-13,4,-1,1]
[15625,875,-12,7,1]
[15625,-2250,273,-18,1]
[256,128,64,28,25,7,4,2,1]
[256,0,64,-4,33,-1,4,0,1]
[4096,512,528,67,33,2,1]
[256,-192,48,44,-39,11,3,-3,1]
[4096,128,43,2,1]
[15625,125,247,1,1]
[256,64,-16,-20,-1,-5,-1,1,1]
[2401,-147,79,-3,1]
[16384,640,-17,5,1]
[15625,125,129,1,1]
[4096,0,32,95,2,0,1]
[512,-128,24,-11,3,-2,1]
[16384,-1792,251,-14,1]
[4096,1792,64,-67,4,7,1]
[4096,1536,480,101,30,6,1]
[4096,-1280,656,-153,41,-5,1]
[512,-192,96,-19,12,-3,1]
[4096,-256,416,-1,26,-1,1]
[16384,-256,217,-2,1]
[4096,512,-48,-43,-3,2,1]
[4096,-1280,528,-97,33,-5,1]
[4096,1536,544,197,34,6,1]
[4096,-1280,128,7,8,-5,1]
[16384,-2432,259,-19,1]
[4096,-2048,912,-235,57,-8,1]
[256,64,-16,4,5,1,-1,1,1]
[4096,-1024,-176,137,-11,-4,1]
[4096,-1792,608,-161,38,-7,1]
[4096,256,432,-11,27,1,1]
[4096,-256,256,-85,16,-1,1]
[6561,-162,-10,-2,1]
[256,0,16,4,11,1,1,0,1]
[256,-128,0,-24,35,-6,0,-2,1]
[256,-192,144,-100,47,-25,9,-3,1]
[16384,-3712,431,-29,1]
[121,2,1]
[6561,-486,121,-6,1]
[256,-192,96,-68,49,-17,6,-3,1]
[14641,-3993,514,-33,1]
[2401,294,17,6,1]
[4096,1024,368,69,23,4,1]
[256,-64,48,-36,-1,-9,3,-1,1]
[4096,256,112,77,7,1,1]
[4096,512,-192,-81,-12,2,1]
[256,64,0,16,3,4,0,1,1]
[256,-320,336,-224,131,-56,21,-5,1]
[256,128,144,60,47,15,9,2,1]
[16384,-768,-13,-6,1]
[256,-192,64,4,-11,1,4,-3,1]
[4096,0,-80,-47,-5,0,1]
[256,0,-112,0,33,0,-7,0,1]
[14641,-1452,246,-12,1]
[16384,-1024,253,-8,1]
[256,-192,160,-60,35,-15,10,-3,1]
[4096,2304,656,161,41,9,1]
[256,0,32,-12,3,-3,2,0,1]
[4096,-3328,1280,-351,80,-13,1]
[4096,1024,432,69,27,4,1]
[15625,2125,141,17,1]
[256,64,0,28,15,7,0,1,1]
[14641,2178,192,18,1]
[4096,1536,160,-27,10,6,1]
[2401,147,-4,3,1]
[4096,-256,416,15,26,-1,1]
[4096,512,112,-19,7,2,1]
[15625,-1125,222,-9,1]
[14641,968,85,8,1]
[729,-81,45,-8,5,-1,1]
[16384,1152,17,9,1]
[4096,1024,336,91,21,4,1]
[4096,-1280,96,33,6,-5,1]
[4096,-1024,368,-141,23,-4,1]
[14641,605,203,5,1]
[4096,-512,80,65,5,-2,1]
[6561,0,106,0,1]
[729,162,45,38,5,2,1]
[4096,1024,656,117,41,4,1]
[6561,-243,-76,-3,1]
[4096,-768,-80,95,-5,-3,1]
[256,64,64,4,5,1,4,1,1]
[4096,2304,752,193,47,9,1]
[256,-64,48,40,-11,10,3,-1,1]
[6561,162,104,2,1]
[729,-162,18,4,2,-2,1]
[14641,-726,213,-6,1]
[4096,3072,1456,427,91,12,1]
[6561,1863,284,23,1]
[15625,500,97,4,1]
[14641,2057,192,17,1]
[4096,-2048,576,-139,36,-8,1]
[6561,-486,44,-6,1]
[729,-243,153,-43,17,-3,1]
[4096,256,32,-81,2,1,1]
[4096,-1280,304,-27,19,-5,1]
[729,81,171,22,19,1,1]
[14641,-242,-128,-2,1]
[4096,512,-144,-31,-9,2,1]
[729,0,-45,20,-5,0,1]
[15625,250,-42,2,1]
[4096,-256,432,-45,27,-1,1]
[15625,-3125,336,-25,1]
[4096,-2816,1200,-361,75,-11,1]
[4096,0,-144,-31,-9,0,1]
[14641,1089,-24,9,1]
[4096,-768,352,-43,22,-3,1]
[256,128,160,76,49,19,10,2,1]
[729,243,99,58,11,3,1]
[4096,512,208,1,13,2,1]
[4096,256,128,23,8,1,1]
[4096,-1024,128,-15,8,-4,1]
[4096,-768,208,-13,13,-3,1]
[4096,256,-112,-91,-7,1,1]
[4096,-1024,192,-73,12,-4,1]
[4096,3072,1040,261,65,12,1]
[4096,256,336,-19,21,1,1]
[15625,2875,353,23,1]
[14641,847,122,7,1]
[256,-128,0,-12,25,-3,0,-2,1]
[4096,768,640,75,40,3,1]
[15625,-1000,73,-8,1]
[2401,-147,71,-3,1]
[2401,882,167,18,1]
[14641,-3146,397,-26,1]
[4096,-1024,128,-11,8,-4,1]
[14641,3509,444,29,1]
[1024,320,51,10,1]
[256,128,96,52,31,13,6,2,1]
[15625,-500,98,-4,1]
[15625,375,-127,3,1]
[256,128,64,40,23,10,4,2,1]
[4096,-1024,320,-39,20,-4,1]
[4096,-512,240,9,15,-2,1]
[256,128,48,40,37,10,3,2,1]
[16384,-512,45,-4,1]
[1024,160,51,5,1]
[16384,1664,203,13,1]
[729,-162,27,-7,3,-2,1]
[4096,-832,123,-13,1]
[4096,128,-41,2,1]
[729,-324,81,-19,9,-4,1]
[256,256,64,-16,-15,-4,4,4,1]
[729,324,45,-2,5,4,1]
[729,0,-9,29,-1,0,1]
[4096,768,-112,-125,-7,3,1]
[14641,-242,-174,-2,1]
[4096,2048,592,139,37,8,1]
[16384,768,83,6,1]
[15625,750,146,6,1]
[4096,256,224,-21,14,1,1]
[512,-64,-32,-1,-4,-1,1]
[14641,1089,-34,9,1]
[6561,405,5,5,1]
[4096,2304,1008,291,63,9,1]
[14641,2662,325,22,1]
[6561,-729,158,-9,1]
[14641,-968,134,-8,1]
[256,256,96,0,-15,0,6,4,1]
[4096,0,304,27,19,0,1]
[1024,224,21,7,1]
[4096,-768,-96,73,-6,-3,1]
[4096,-1792,256,-3,16,-7,1]
[4096,2048,880,235,55,8,1]
[14641,121,-3,1,1]
[4096,512,-48,-115,-3,2,1]
[729,-162,18,-25,2,-2,1]
[4096,3072,1472,433,92,12,1]
[4096,512,0,-71,0,2,1]
[256,-64,96,-4,15,-1,6,-1,1]
[256,0,64,-36,1,-9,4,0,1]
[256,-64,48,-32,7,-8,3,-1,1]
[15625,-500,-69,-4,1]
[256,-64,64,8,7,2,4,-1,1]
[1024,-224,23,-7,1]
[4096,512,-32,3,-2,2,1]
[16384,-3456,387,-27,1]
[4096,768,64,-41,4,3,1]
[4096,-1024,448,-133,28,-4,1]
[4096,-512,608,-45,38,-2,1]
[256,-64,0,-12,13,-3,0,-1,1]
[4,3,1]
[15625,2500,308,20,1]
[625,100,-1,4,1]
[256,192,48,16,13,4,3,3,1]
[4096,1536,448,125,28,6,1]
[16384,-128,-115,-1,1]
[4096,-512,-64,41,-4,-2,1]
[4096,768,416,41,26,3,1]
[4096,768,112,63,7,3,1]
[256,64,-64,8,25,2,-4,1,1]
[16384,3840,451,30,1]
[4096,-2816,1216,-355,76,-11,1]
[4096,768,384,23,24,3,1]
[4096,-512,-32,75,-2,-2,1]
[4096,-256,144,-31,9,-1,1]
[6561,-81,140,-1,1]
[16384,-256,49,-2,1]
[256,-128,96,-52,29,-13,6,-2,1]
[729,81,0,-8,0,1,1]
[256,-64,32,24,-17,6,2,-1,1]
[512,-320,40,13,5,-5,1]
[256,192,48,24,21,6,3,3,1]
[256,0,48,-32,9,-8,3,0,1]
[14641,847,94,7,1]
[256,-256,144,-76,45,-19,9,-4,1]
[6561,-81,110,-1,1]
[14641,2904,360,24,1]
[4096,1024,416,121,26,4,1]
[4096,3328,1504,457,94,13,1]
[4096,1792,640,205,40,7,1]
[14641,847,19,7,1]
[4096,1024,181,16,1]
[4096,-1024,128,-5,8,-4,1]
[729,81,38,3,1]
[4096,-1024,208,-1,13,-4,1]
[4096,-1536,-176,169,-11,-6,1]
[256,-128,48,8,-3,2,3,-2,1]
[2401,49,-50,1,1]
[6561,567,92,7,1]
[4096,0,80,59,5,0,1]
[16384,128,219,1,1]
[4096,-768,48,-25,3,-3,1]
[4096,-2560,1152,-319,72,-10,1]
[4096,768,0,-81,0,3,1]
[4096,-512,192,-1,12,-2,1]
[14641,-1573,191,-13,1]
[4096,-1280,464,-117,29,-5,1]
[16384,256,-113,2,1]
[4096,-256,336,-67,21,-1,1]
[15625,0,-139,0,1]
[512,-64,-16,-3,-2,-1,1]
[4096,1024,224,21,14,4,1]
[14641,-2420,263,-20,1]
[14641,-2662,303,-22,1]
[256,192,176,112,63,28,11,3,1]
[4096,1280,32,-59,2,5,1]
[256,-128,48,48,-31,12,3,-2,1]
[256,192,128,52,29,13,8,3,1]
[4096,0,-128,-39,-8,0,1]
[256,0,-64,8,11,2,-4,0,1]
[4096,-2560,1072,-329,67,-10,1]
[256,128,80,36,15,9,5,2,1]
[15625,-500,116,-4,1]
[729,81,45,-28,5,1,1]
[14641,-363,38,-3,1]
[14641,-968,81,-8,1]
[16384,768,217,6,1]
[256,192,64,-8,-19,-2,4,3,1]
[4096,768,160,77,10,3,1]
[4096,448,63,7,1]
[4096,-3072,1328,-399,83,-12,1]
[256,-128,80,-32,29,-8,5,-2,1]
[4096,-512,-144,75,-9,-2,1]
[4096,-1536,448,-79,28,-6,1]
[4096,256,208,-55,13,1,1]
[4096,-1536,592,-147,37,-6,1]
[4096,2560,944,245,59,10,1]
[4096,0,32,-51,2,0,1]
[4096,768,352,43,22,3,1]
[4096,-256,192,57,12,-1,1]
[4096,-1792,-48,123,-3,-7,1]
[4096,-1280,-208,161,-13,-5,1]
[15625,-2500,206,-20,1]
[256,256,96,-20,-29,-5,6,4,1]
[4096,-1280,64,63,4,-5,1]
[4096,-1024,496,-133,31,-4,1]
[14641,-2783,327,-23,1]
[729,243,72,32,8,3,1]
[16384,-896,229,-7,1]
[4096,768,16,-53,1,3,1]
[256,-128,16,32,-23,8,1,-2,1]
[256,144,45,9,1]
[4096,256,176,25,11,1,1]
[16384,2688,259,21,1]
[2401,-392,25,-8,1]
[15625,500,36,4,1]
[14641,121,-125,1,1]
[16384,384,35,3,1]
[4096,1024,48,-23,3,4,1]
[729,-162,-9,-4,-1,-2,1]
[256,256,224,136,75,34,14,4,1]
[14641,3630,432,30,1]
[4096,-512,256,29,16,-2,1]
[4096,-1024,384,-79,24,-4,1]
[4096,-1536,-48,91,-3,-6,1]
[15625,-2375,216,-19,1]
[4096,256,0,19,0,1,1]
[4096,256,16,85,1,1,1]
[4096,-768,400,-113,25,-3,1]
[2401,-245,-18,-5,1]
[4096,-2304,720,-195,45,-9,1]
[256,128,16,-12,-7,-3,1,2,1]
[2401,-49,-55,-1,1]
[4096,-512,128,-97,8,-2,1]
[4096,0,176,-59,11,0,1]
[15625,-3250,361,-26,1]
[4096,256,-128,-27,-8,1,1]
[4096,-2560,1056,-323,66,-10,1]
[4096,512,176,129,11,2,1]
[729,-135,47,-5,1]
[15625,750,-49,6,1]
[256,-192,160,-88,57,-22,10,-3,1]
[4096,256,64,-35,4,1,1]
[4096,3072,1312,397,82,12,1]
[15625,-375,-36,-3,1]
[4096,768,80,41,5,3,1]
[14641,-3025,362,-25,1]
[512,-256,-24,39,-3,-4,1]
[4096,512,544,67,34,2,1]
[256,64,48,16,11,4,3,1,1]
[16384,1920,191,15,1]
[14641,-3146,373,-26,1]
[4096,512,112,31,7,2,1]
[729,-162,45,20,5,-2,1]
[256,-384,272,-148,77,-37,17,-6,1]
[14641,3146,348,26,1]
[4096,-1280,160,-9,10,-5,1]
[4096,-2816,1120,-307,70,-11,1]
[6561,162,113,2,1]
[4096,-256,-31,-4,1]
[4096,128,-9,2,1]
[512,64,96,5,12,1,1]
[256,0,-16,28,7,7,-1,0,1]
[4096,-384,43,-6,1]
[256,-256,176,-76,41,-19,11,-4,1]
[729,-324,252,-67,28,-4,1]
[4096,768,688,95,43,3,1]
[4096,-2048,400,-59,25,-8,1]
[4096,1792,528,127,33,7,1]
[4096,-2048,640,-151,40,-8,1]
[256,-256,128,-68,39,-17,8,-4,1]
[256,64,144,12,41,3,9,1,1]
[6561,648,124,8,1]
[64,32,0,-1,0,2,1]
[256,64,48,32,-3,8,3,1,1]
[256,128,80,8,1,2,5,2,1]
[256,128,48,-36,-21,-9,3,2,1]
[15625,1875,268,15,1]
[14641,1089,234,9,1]
[256,256,128,28,1,7,8,4,1]
[4096,128,-77,2,1]
[256,64,48,52,15,13,3,1,1]
[16384,0,-179,0,1]
[16384,3456,385,27,1]
[4096,512,128,-15,8,2,1]
[4096,-512,112,-85,7,-2,1]
[625,275,69,11,1]
[512,-64,24,-29,3,-1,1]
[6561,1539,244,19,1]
[512,0,24,-13,3,0,1]
[4096,-1280,464,-69,29,-5,1]
[15625,250,-79,2,1]
[15625,-625,211,-5,1]
[4096,512,48,31,3,2,1]
[729,-243,198,-40,22,-3,1]
[256,-320,112,52,-59,13,7,-5,1]
[4096,512,-144,-69,-9,2,1]
[4096,-256,192,23,12,-1,1]
[4096,192,-67,3,1]
[6561,-1944,301,-24,1]
[16384,-1024,159,-8,1]
[4096,256,-32,-91,-2,1,1]
[4096,1792,80,-69,5,7,1]
[256,-64,16,0,-9,0,1,-1,1]
[4096,-768,432,-41,27,-3,1]
[4096,1280,256,69,16,5,1]
[4096,-512,560,-53,35,-2,1]
[729,-324,243,-65,27,-4,1]
[729,-486,198,-73,22,-6,1]
[4096,-1536,192,7,12,-6,1]
[512,0,0,13,0,0,1]
[4096,256,368,47,23,1,1]
[15625,-375,-81,-3,1]
[4096,1536,368,43,23,6,1]
[16384,5504,717,43,1]
[14641,-2541,322,-21,1]
[4096,512,336,95,21,2,1]
[729,0,-9,46,-1,0,1]
[14641,-726,131,-6,1]
[14641,-968,19,-8,1]
[256,0,16,-16,1,-4,1,0,1]
[4096,-1792,448,-81,28,-7,1]
[15625,-2000,112,-16,1]
[4096,-512,560,-71,35,-2,1]
[729,-162,72,-44,8,-2,1]
[256,320,272,184,105,46,17,5,1]
[6561,-810,170,-10,1]
[4096,-768,16,-23,1,-3,1]
[729,-162,180,-26,20,-2,1]
[4096,512,672,55,42,2,1]
[4096,1536,-208,-169,-13,6,1]
[4096,-768,-64,61,-4,-3,1]
[256,-128,48,-8,7,-2,3,-2,1]
[2401,-882,178,-18,1]
[256,64,64,32,9,8,4,1,1]
[4096,2304,960,285,60,9,1]
[4096,768,448,69,28,3,1]
[4096,-1280,336,-47,21,-5,1]
[16384,-1152,199,-9,1]
[6561,486,164,6,1]
[729,-243,54,-25,6,-3,1]
[4096,768,496,69,31,3,1]
[15625,1750,238,14,1]
[729,-162,-45,52,-5,-2,1]
[4096,-1280,-80,81,-5,-5,1]
[4096,-1600,275,-25,1]
[256,64,32,28,23,7,2,1,1]
[6561,-810,128,-10,1]
[15625,1625,109,13,1]
[256,-128,48,-20,-3,-5,3,-2,1]
[512,192,104,55,13,3,1]
[729,-162,135,-34,15,-2,1]
[256,192,160,64,43,16,10,3,1]
[256,-192,176,-80,53,-20,11,-3,1]
[256,192,80,32,23,8,5,3,1]
[14641,484,13,4,1]
[256,-128,48,-8,5,-2,3,-2,1]
[4096,768,272,-1,17,3,1]
[729,162,72,38,8,2,1]
[4096,1792,640,185,40,7,1]
[729,-729,441,-173,49,-9,1]
[1024,-32,-25,-1,1]
[256,-64,-16,12,-5,3,-1,-1,1]
[14641,-2420,284,-20,1]
[512,512,296,123,37,8,1]
[6561,-81,-133,-1,1]
[15625,3000,313,24,1]
[15625,-1250,-24,-10,1]
[512,-64,72,-5,9,-1,1]
[4096,256,272,-7,17,1,1]
[4096,-2304,544,-101,34,-9,1]
[729,405,162,47,18,5,1]
[4096,-256,144,-55,9,-1,1]
[15625,4250,521,34,1]
[64,0,20,-5,5,0,1]
[256,-64,-48,-4,19,-1,-3,-1,1]
[4096,256,-128,-57,-8,1,1]
[4096,-768,240,-5,15,-3,1]
[4096,-1280,80,57,5,-5,1]
[4096,-512,32,59,2,-2,1]
[729,405,-63,-79,-7,5,1]
[64,-64,36,-17,9,-4,1]
[4096,768,512,67,32,3,1]
[4096,512,-192,-33,-12,2,1]
[4096,-1280,608,-117,38,-5,1]
[16384,-1536,91,-12,1]
[15625,-625,209,-5,1]
[729,-189,31,-7,1]
[512,320,136,39,17,5,1]
[16384,384,47,3,1]
[4096,-512,59,-8,1]
[4096,1280,208,-15,13,5,1]
[729,-405,225,-77,25,-5,1]
[16384,2944,381,23,1]
[15625,375,33,3,1]
[14641,484,184,4,1]
[64,32,32,17,8,2,1]
[4096,1792,608,163,38,7,1]
[4096,512,368,63,23,2,1]
[16384,1152,237,9,1]
[256,-64,0,-20,31,-5,0,-1,1]
[256,64,48,28,11,7,3,1,1]
[14641,-605,244,-5,1]
[256,0,64,-28,-1,-7,4,0,1]
[4096,512,352,61,22,2,1]
[729,-108,38,-4,1]
[6561,-162,-40,-2,1]
[4096,1472,255,23,1]
[4096,-128,55,-2,1]
[4096,-1792,160,33,10,-7,1]
[15625,3750,473,30,1]
[16384,-4224,527,-33,1]
[4096,768,80,9,5,3,1]
[4096,1280,432,129,27,5,1]
[14641,968,181,8,1]
[4096,2560,1072,319,67,10,1]
[4096,-512,144,-29,9,-2,1]
[256,-64,80,-20,21,-5,5,-1,1]
[15625,2750,247,22,1]
[4096,-2048,432,-77,27,-8,1]
[4096,-2304,944,-267,59,-9,1]
[16384,1408,191,11,1]
[4096,-1024,352,-75,22,-4,1]
[4096,2048,560,121,35,8,1]
[14641,363,147,3,1]
[729,54,-2,2,1]
[256,-192,64,-8,-1,-2,4,-3,1]
[16384,3840,423,30,1]
[4096,512,480,59,30,2,1]
[6561,81,-70,1,1]
[2401,49,-64,1,1]
[4096,-1024,176,-73,11,-4,1]
[16384,-2176,223,-17,1]
[4096,-768,64,3,4,-3,1]
[4096,2816,816,179,51,11,1]
[4096,-1024,80,35,5,-4,1]
[15625,2250,174,18,1]
[4096,-1536,256,-1,16,-6,1]
[256,0,-16,0,5,0,-1,0,1]
[729,243,-63,-44,-7,3,1]
[256,-64,-16,8,5,2,-1,-1,1]
[4096,-3072,1200,-327,75,-12,1]
[4096,768,64,-61,4,3,1]
[15625,625,-126,5,1]
[729,-486,-9,61,-1,-6,1]
[4096,768,16,-31,1,3,1]
[512,0,88,-9,11,0,1]
[15625,-750,-93,-6,1]
[729,-81,-18,-4,-2,-1,1]
[4096,256,160,93,10,1,1]
[14641,2904,295,24,1]
[16384,1024,15,8,1]
[4096,-1280,288,-91,18,-5,1]
[4096,1536,624,195,39,6,1]
[16384,-1280,227,-10,1]
[729,567,135,16,15,7,1]
[4096,-768,-176,59,-11,-3,1]
[4096,-448,-7,-7,1]
[15625,-2875,321,-23,1]
[15625,-3875,464,-31,1]
[256,0,32,12,25,3,2,0,1]
[15625,1000,197,8,1]
[256,0,-16,-4,-5,-1,-1,0,1]
[256,0,64,-4,23,-1,4,0,1]
[4096,1792,656,181,41,7,1]
[512,-64,104,-9,13,-1,1]
[2401,735,113,15,1]
[15625,1625,104,13,1]
[729,81,36,26,4,1,1]
[4096,768,-16,-49,-1,3,1]
[256,64,16,-24,-29,-6,1,1,1]
[6561,972,101,12,1]
[4096,-256,0,-77,0,-1,1]
[4096,-1024,-160,127,-10,-4,1]
[4096,-1792,592,-161,37,-7,1]
[256,-64,176,-48,57,-12,11,-1,1]
[729,81,-9,-22,-1,1,1]
[14641,-3388,411,-28,1]
[16384,-640,35,-5,1]
[6561,-891,73,-11,1]
[15625,3375,376,27,1]
[6561,1296,188,16,1]
[4096,512,-96,-91,-6,2,1]
[4096,0,320,-21,20,0,1]
[15625,2000,133,16,1]
[512,-192,88,-43,11,-3,1]
[4096,1536,-192,-163,-12,6,1]
[6561,729,43,9,1]
[4096,3072,1056,265,66,12,1]
[4096,2304,272,-29,17,9,1]
[4096,256,368,45,23,1,1]
[4096,256,16,-89,1,1,1]
[4096,0,111,0,1]
[4096,-1024,384,-69,24,-4,1]
[729,0,27,-31,3,0,1]
[15625,-3750,462,-30,1]
[256,-192,80,-52,29,-13,5,-3,1]
[2401,-539,87,-11,1]
[512,256,88,27,11,4,1]
[4096,2048,816,247,51,8,1]
[4096,1536,528,133,33,6,1]
[4096,1024,320,135,20,4,1]
[15625,-250,63,-2,1]
[4096,0,48,-113,3,0,1]
[4096,1536,208,29,13,6,1]
[256,256,176,96,55,24,11,4,1]
[256,-128,96,-64,29,-16,6,-2,1]
[16384,-896,179,-7,1]
[256,-128,64,-40,31,-10,4,-2,1]
[729,324,-18,-35,-2,4,1]
[4096,-256,544,-33,34,-1,1]
[15625,-2375,199,-19,1]
[4096,1024,400,73,25,4,1]
[256,192,128,80,33,20,8,3,1]
[14641,-484,195,-4,1]
[4096,-512,-176,75,-11,-2,1]
[256,128,144,52,41,13,9,2,1]
[4096,-1792,544,-115,34,-7,1]
[4096,0,-224,-15,-14,0,1]
[512,-256,96,-35,12,-4,1]
[256,-384,320,-216,121,-54,20,-6,1]
[64,48,28,13,7,3,1]
[729,324,54,7,6,4,1]
[4096,-2048,336,-33,21,-8,1]
[4096,-3072,1312,-391,82,-12,1]
[15625,-1875,213,-15,1]
[4096,256,256,87,16,1,1]
[4096,768,-16,-7,-1,3,1]
[6561,-324,52,-4,1]
[4096,-1280,480,-81,30,-5,1]
[16384,2048,185,16,1]
[4096,1024,32,-33,2,4,1]
[256,128,96,56,35,14,6,2,1]
[256,-320,240,-152,83,-38,15,-5,1]
[16384,0,-149,0,1]
[256,-128,64,8,-9,2,4,-2,1]
[4096,-3072,1136,-307,71,-12,1]
[4096,256,192,15,12,1,1]
[4096,768,113,12,1]
[15625,2625,327,21,1]
[4096,-256,288,-1,18,-1,1]
[14641,-121,-42,-1,1]
[4096,-1024,304,-37,19,-4,1]
[256,64,-48,0,13,0,-3,1,1]
[4096,-1792,608,-177,38,-7,1]
[15625,-3750,452,-30,1]
[16384,-128,-55,-1,1]
[16384,-256,167,-2,1]
[256,-256,128,-52,23,-13,8,-4,1]
[256,-64,-48,20,5,5,-3,-1,1]
[512,-128,16,13,2,-2,1]
[4096,-1536,320,-87,20,-6,1]
[4096,-4096,1888,-559,118,-16,1]
[4096,-256,33,-4,1]
[4096,-512,-48,23,-3,-2,1]
[256,-192,16,-16,25,-4,1,-3,1]
[729,-324,162,-65,18,-4,1]
[14641,-121,200,-1,1]
[4096,-1536,496,-103,31,-6,1]
[14641,3025,392,25,1]
[16384,-2944,383,-23,1]
[729,324,99,14,11,4,1]
[4096,3584,1600,477,100,14,1]
[4096,1280,0,-61,0,5,1]
[4096,1024,736,113,46,4,1]
[1024,96,7,3,1]
[256,-128,-80,32,9,8,-5,-2,1]
[14641,-484,-16,-4,1]
[256,0,-32,12,7,3,-2,0,1]
[4096,1536,384,81,24,6,1]
[4096,-320,3,-5,1]
[6561,162,122,2,1]
[512,0,16,35,2,0,1]
[4096,-1792,608,-135,38,-7,1]
[4096,320,105,5,1]
[14641,-2057,287,-17,1]
[4096,-768,672,-93,42,-3,1]
[15625,-375,233,-3,1]
[4096,512,528,39,33,2,1]
[4096,-2816,1184,-361,74,-11,1]
[256,128,64,20,-3,5,4,2,1]
[4096,-768,352,-91,22,-3,1]
[729,-243,9,2,1,-3,1]
[4096,-256,-96,21,-6,-1,1]
[4096,1280,400,107,25,5,1]
[256,256,128,32,1,8,8,4,1]
[729,0,18,-25,2,0,1]
[512,256,56,17,7,4,1]
[4096,2816,1024,287,64,11,1]
[15625,750,-106,6,1]
[4096,512,448,85,28,2,1]
[16384,128,-193,1,1]
[256,128,48,-8,3,-2,3,2,1]
[4096,-1792,304,-23,19,-7,1]
[15625,-1375,243,-11,1]
[4096,-256,176,-61,11,-1,1]
[4096,-3072,1296,-383,81,-12,1]
[15625,-2125,159,-17,1]
[15625,3750,423,30,1]
[512,-64,24,-15,3,-1,1]
[4096,-512,48,-55,3,-2,1]
[4096,-256,0,-79,0,-1,1]
[4096,0,-80,69,-5,0,1]
[6561,-243,139,-3,1]
[512,-448,248,-97,31,-7,1]
[729,0,45,-20,5,0,1]
[512,128,-48,-29,-6,2,1]
[729,-81,117,-14,13,-1,1]
[15625,-2875,281,-23,1]
[15625,2500,198,20,1]
[256,128,-48,-8,21,-2,-3,2,1]
[4096,2560,944,273,59,10,1]
[15625,625,64,5,1]
[512,-384,224,-83,28,-6,1]
[4096,0,544,3,34,0,1]
[256,0,32,-24,-13,-6,2,0,1]
[2401,98,13,2,1]
[4096,-1792,128,53,8,-7,1]
[15625,-1000,228,-8,1]
[4096,768,-64,-35,-4,3,1]
[4096,-1024,352,-83,22,-4,1]
[14641,-121,-146,-1,1]
[6561,-972,143,-12,1]
[729,162,-27,-20,-3,2,1]
[15625,375,-86,3,1]
[256,-192,144,-68,31,-17,9,-3,1]
[4096,-2304,864,-255,54,-9,1]
[4096,-512,432,-51,27,-2,1]
[4096,-768,160,-5,10,-3,1]
[15625,1250,-7,10,1]
[64,64,36,15,9,4,1]
[256,128,96,4,11,1,6,2,1]
[256,128,128,80,41,20,8,2,1]
[4096,0,288,61,18,0,1]
[4096,512,288,3,18,2,1]
[2401,-98,-5,-2,1]
[2401,-196,69,-4,1]
[4096,128,83,2,1]
[2401,490,97,10,1]
[4096,512,144,5,9,2,1]
[14641,1331,157,11,1]
[256,128,128,80,39,20,8,2,1]
[729,729,405,154,45,9,1]
[729,-486,243,-92,27,-6,1]
[16384,1152,-7,9,1]
[4096,-1280,688,-147,43,-5,1]
[1024,64,37,2,1]
[729,486,18,-43,2,6,1]
[15625,625,-77,5,1]
[256,192,160,52,33,13,10,3,1]
[4096,-1024,96,11,6,-4,1]
[4096,-1024,432,-131,27,-4,1]
[6561,1053,106,13,1]
[4096,3584,1632,495,102,14,1]
[2401,-392,26,-8,1]
[512,256,200,63,25,4,1]
[15625,-1500,123,-12,1]
[4096,1280,80,-11,5,5,1]
[4096,256,-128,-73,-8,1,1]
[4096,-3328,1552,-471,97,-13,1]
[4096,-256,112,-65,7,-1,1]
[256,-192,224,-128,81,-32,14,-3,1]
[16384,-896,59,-7,1]
[15625,125,183,1,1]
[256,64,32,32,23,8,2,1,1]
[256,128,16,-24,-13,-6,1,2,1]
[512,-64,-16,5,-2,-1,1]
[729,-324,45,17,5,-4,1]
[4096,256,400,17,25,1,1]
[729,-324,243,-70,27,-4,1]
[4096,256,240,33,15,1,1]
[14641,726,84,6,1]
[256,64,48,-20,-13,-5,3,1,1]
[64,16,20,7,5,1,1]
[14641,363,-74,3,1]
[729,405,153,56,17,5,1]
[4096,512,320,55,20,2,1]
[14641,484,9,4,1]
[4096,-1280,144,-11,9,-5,1]
[4096,-1024,320,-77,20,-4,1]
[729,-81,9,-13,1,-1,1]
[4096,-2048,944,-247,59,-8,1]
[14641,484,168,4,1]
[4096,-1792,656,-153,41,-7,1]
[4096,-768,-160,79,-10,-3,1]
[14641,-847,205,-7,1]
[81,-9,5,-1,1]
[256,-128,64,-32,21,-8,4,-2,1]
[4096,-512,272,-1,17,-2,1]
[256,64,0,8,15,2,0,1,1]
[4096,-256,-16,-41,-1,-1,1]
[4096,0,96,-45,6,0,1]
[4096,-512,144,-17,9,-2,1]
[512,-128,32,9,4,-2,1]
[4096,-4096,2016,-621,126,-16,1]
[16384,-4608,575,-36,1]
[4096,0,480,27,30,0,1]
[2401,98,-18,2,1]
[14641,-1089,129,-9,1]
[256,256,112,28,11,7,7,4,1]
[15625,1375,157,11,1]
[256,-64,16,12,11,3,1,-1,1]
[14641,-1694,205,-14,1]
[4096,-128,71,-2,1]
[6561,324,94,4,1]
[512,0,8,-5,1,0,1]
[4096,-256,352,19,22,-1,1]
[16384,-1280,47,-10,1]
[729,81,9,-28,1,1,1]
[16384,-384,231,-3,1]
[4096,-1536,512,-175,32,-6,1]
[4096,-1536,80,65,5,-6,1]
[14641,0,-183,0,1]
[15625,1750,251,14,1]
[256,0,96,0,33,0,6,0,1]
[4096,2304,1024,285,64,9,1]
[6561,810,137,10,1]
[6561,162,41,2,1]
[4096,0,528,3,33,0,1]
[16384,-3840,459,-30,1]
[16384,-2560,223,-20,1]
[15625,-1875,207,-15,1]
[4096,512,32,53,2,2,1]
[256,64,0,-28,-15,-7,0,1,1]
[14641,484,-6,4,1]
[256,0,-16,4,15,1,-1,0,1]
[256,64,-16,-24,-7,-6,-1,1,1]
[6561,1053,113,13,1]
[4096,3072,1312,399,82,12,1]
[729,189,41,7,1]
[729,0,117,14,13,0,1]
[4096,-1536,96,37,6,-6,1]
[729,162,153,41,17,2,1]
[4096,0,-16,-65,-1,0,1]
[256,64,32,4,3,1,2,1,1]
[729,-162,-18,13,-2,-2,1]
[4096,0,-32,85,-2,0,1]
[729,-729,396,-148,44,-9,1]
[256,0,64,-8,21,-2,4,0,1]
[4096,0,576,13,36,0,1]
[256,128,64,12,-5,3,4,2,1]
[14641,726,23,6,1]
[729,162,108,22,12,2,1]
[2401,-686,111,-14,1]
[256,256,128,44,21,11,8,4,1]
[14641,1089,261,9,1]
[14641,-605,57,-5,1]
[4096,-2304,384,-25,24,-9,1]
[512,64,48,-11,6,1,1]
[256,64,16,-20,-1,-5,1,1,1]
[4096,-1792,-160,183,-10,-7,1]
[6561,1134,122,14,1]
[729,81,36,10,4,1,1]
[16384,-1152,189,-9,1]
[4096,0,-80,33,-5,0,1]
[15625,-1625,43,-13,1]
[729,0,72,2,8,0,1]
[4096,-2048,224,19,14,-8,1]
[16384,-640,145,-5,1]
[16384,-256,243,-2,1]
[4096,-2560,944,-247,59,-10,1]
[64,32,-4,-5,-1,2,1]
[16384,1280,17,10,1]
[729,162,27,-13,3,2,1]
[256,-320,272,-180,99,-45,17,-5,1]
[14641,-2057,152,-17,1]
[14641,2783,298,23,1]
[2401,-245,-11,-5,1]
[729,162,49,6,1]
[14641,121,-1,1,1]
[729,-162,162,-22,18,-2,1]
[512,192,80,9,10,3,1]
[4096,1024,336,47,21,4,1]
[4096,-1024,-144,137,-9,-4,1]
[256,128,48,-52,-29,-13,3,2,1]
[15625,4000,468,32,1]
[4096,-1536,384,-103,24,-6,1]
[4096,-1536,176,-13,11,-6,1]
[4096,-640,67,-10,1]
[4096,-256,13,-4,1]
[15625,2375,289,19,1]
[256,192,48,36,29,9,3,3,1]
[4096,-2304,1072,-287,67,-9,1]
[4096,1024,464,69,29,4,1]
[4096,256,112,47,7,1,1]
[256,256,80,4,-3,1,5,4,1]
[4096,1024,336,39,21,4,1]
[14641,-1573,139,-13,1]
[4096,-1024,368,-129,23,-4,1]
[4096,-1792,80,67,5,-7,1]
[4096,-768,336,-109,21,-3,1]
[4096,256,208,93,13,1,1]
[256,-64,48,-44,15,-11,3,-1,1]
[4096,-512,544,-53,34,-2,1]
[15625,-750,-99,-6,1]
[256,0,64,-24,15,-6,4,0,1]
[16384,640,-89,5,1]
[256,-64,48,-12,3,-3,3,-1,1]
[4096,-512,-80,-7,-5,-2,1]
[14641,121,65,1,1]
[256,64,32,-8,-15,-2,2,1,1]
[4096,512,-144,-91,-9,2,1]
[4096,-256,-16,65,-1,-1,1]
[256,-192,48,-32,31,-8,3,-3,1]
[4096,512,96,-5,6,2,1]
[4096,768,304,53,19,3,1]
[256,64,80,16,25,4,5,1,1]
[4096,-1280,128,-5,8,-5,1]
[4096,-2048,720,-173,45,-8,1]
[14641,-968,-31,-8,1]
[256,0,32,4,17,1,2,0,1]
[512,64,104,7,13,1,1]
[4096,-1024,-48,95,-3,-4,1]
[15625,2000,281,16,1]
[256,-128,-16,-20,33,-5,-1,-2,1]
[512,-64,-16,33,-2,-1,1]
[4096,1792,336,59,21,7,1]
[1024,-544,129,-17,1]
[15625,-2625,358,-21,1]
[2401,-392,33,-8,1]
[729,-324,126,-32,14,-4,1]
[4096,512,368,7,23,2,1]
[4096,-1024,512,-71,32,-4,1]
[4096,-512,-112,39,-7,-2,1]
[4096,-1280,560,-95,35,-5,1]
[4096,1280,368,103,23,5,1]
[512,192,8,-17,1,3,1]
[14641,3388,394,28,1]
[14641,121,185,1,1]
[15625,-2500,256,-20,1]
[15625,1500,279,12,1]
[256,128,176,72,59,18,11,2,1]
[256,-192,96,-8,1,-2,6,-3,1]
[256,64,16,-8,-9,-2,1,1,1]
[4096,-1536,0,89,0,-6,1]
[15625,125,236,1,1]
[16384,640,153,5,1]
[4096,512,16,-21,1,2,1]
[729,0,45,-28,5,0,1]
[729,54,13,2,1]
[512,192,160,35,20,3,1]
[4096,0,-48,13,-3,0,1]
[6561,729,26,9,1]
[4096,1280,560,153,35,5,1]
[4096,1280,-224,-155,-14,5,1]
[256,64,-80,4,33,1,-5,1,1]
[4096,-1792,352,-79,22,-7,1]
[6561,-405,70,-5,1]
[4096,768,-192,-71,-12,3,1]
[4096,1536,240,1,15,6,1]
[256,192,160,56,35,14,10,3,1]
[4096,1792,704,159,44,7,1]
[6561,-1539,230,-19,1]
[256,-64,-64,8,23,2,-4,-1,1]
[4096,512,16,-51,1,2,1]
[14641,0,103,0,1]
[4096,1280,-160,-131,-10,5,1]
[4096,1792,224,3,14,7,1]
[4096,768,16,13,1,3,1]
[4096,-3840,1696,-495,106,-15,1]
[256,-256,176,-68,33,-17,11,-4,1]
[256,448,416,296,169,74,26,7,1]
[4096,-1024,656,-113,41,-4,1]
[4096,-768,-16,59,-1,-3,1]
[4096,-1024,336,-43,21,-4,1]
[4096,0,-32,27,-2,0,1]
[16384,3200,345,25,1]
[256,192,64,20,17,5,4,3,1]
[4096,-1024,672,-101,42,-4,1]
[16384,0,-91,0,1]
[256,-64,0,-24,27,-6,0,-1,1]
[256,-128,48,36,-23,9,3,-2,1]
[256,-192,80,16,-15,4,5,-3,1]
[4096,-2560,1008,-281,63,-10,1]
[4096,1536,592,115,37,6,1]
[16384,2304,293,18,1]
[256,-320,192,-80,33,-20,12,-5,1]
[4096,256,-176,-29,-11,1,1]
[512,-128,16,11,2,-2,1]
[4096,-1280,224,-55,14,-5,1]
[729,-243,90,-56,10,-3,1]
[256,64,64,-56,-13,-14,4,1,1]
[16384,640,221,5,1]
[15625,375,202,3,1]
[729,-243,45,7,5,-3,1]
[14641,847,247,7,1]
[14641,-121,185,-1,1]
[4096,256,288,83,18,1,1]
[2401,98,-8,2,1]
[256,-192,128,-80,39,-20,8,-3,1]
[4096,1280,432,143,27,5,1]
[256,0,96,0,31,0,6,0,1]
[256,-128,48,-24,15,-6,3,-2,1]
[4096,0,544,1,34,0,1]
[16384,-1408,17,-11,1]
[14641,121,105,1,1]
[15625,2625,292,21,1]
[729,162,81,16,9,2,1]
[256,256,80,-20,-23,-5,5,4,1]
[4096,-768,-16,73,-1,-3,1]
[729,-243,27,11,3,-3,1]
[729,-162,18,-8,2,-2,1]
[512,256,120,55,15,4,1]
[256,64,-32,8,29,2,-2,1,1]
[4096,-1024,32,19,2,-4,1]
[4096,-320,77,-5,1]
[4096,2048,816,219,51,8,1]
[4096,3840,1744,517,109,15,1]
[729,-162,81,-49,9,-2,1]
[4096,1536,608,123,38,6,1]
[14641,-847,237,-7,1]
[6561,-648,67,-8,1]
[256,128,32,-16,-23,-4,2,2,1]
[4096,1792,768,213,48,7,1]
[4096,0,208,33,13,0,1]
[15625,-1000,-32,-8,1]
[16384,-1152,-45,-9,1]
[256,-192,16,4,7,1,1,-3,1]
[4096,-512,336,3,21,-2,1]
[512,-64,8,-9,1,-1,1]
[729,243,180,56,20,3,1]
[729,-243,117,-64,13,-3,1]
[729,-81,18,-32,2,-1,1]
[256,-128,112,-76,33,-19,7,-2,1]
[256,128,32,-36,-29,-9,2,2,1]
[2401,441,95,9,1]
[14641,1573,102,13,1]
[4096,-256,-48,-15,-3,-1,1]
[4096,1024,80,-45,5,4,1]
[4096,2048,432,65,27,8,1]
[729,-54,-7,-2,1]
[4096,-1024,256,-99,16,-4,1]
[2401,539,116,11,1]
[256,-192,112,-44,13,-11,7,-3,1]
[15625,-1750,128,-14,1]
[15625,2625,231,21,1]
[4096,-768,512,-75,32,-3,1]
[14641,1331,2,11,1]
[4096,-2048,880,-251,55,-8,1]
[4096,0,176,-79,11,0,1]
[14641,3872,489,32,1]
[6561,-567,23,-7,1]
[256,-192,160,-96,61,-24,10,-3,1]
[15625,-3500,402,-28,1]
[4096,-1280,-16,41,-1,-5,1]
[4096,768,256,7,16,3,1]
[4096,2560,1008,279,63,10,1]
[256,-64,0,8,-17,2,0,-1,1]
[16384,128,-181,1,1]
[4096,0,-128,27,-8,0,1]
[4096,-256,-80,-45,-5,-1,1]
[4096,-256,320,17,20,-1,1]
[729,-54,19,-2,1]
[6561,567,139,7,1]
[4096,0,-160,-23,-10,0,1]
[15625,-3875,468,-31,1]
[4096,-1280,-80,95,-5,-5,1]
[81,72,31,8,1]
[256,-64,0,8,5,2,0,-1,1]
[256,128,32,20,5,5,2,2,1]
[14641,-2420,243,-20,1]
[4096,1280,-48,-101,-3,5,1]
[4096,2304,864,257,54,9,1]
[4096,-256,272,23,17,-1,1]
[4096,256,16,21,1,1,1]
[4096,-768,192,-41,12,-3,1]
[256,-256,144,-72,35,-18,9,-4,1]
[512,256,-16,-35,-2,4,1]
[729,-648,252,-74,28,-8,1]
[4096,-256,224,39,14,-1,1]
[15625,875,-41,7,1]
[4096,512,352,41,22,2,1]
[512,320,72,3,9,5,1]
[4096,-2048,848,-225,53,-8,1]
[16384,640,103,5,1]
[4096,768,64,-51,4,3,1]
[16384,-640,33,-5,1]
[4096,-256,-48,65,-3,-1,1]
[14641,484,-123,4,1]
[256,-384,208,-4,-33,-1,13,-6,1]
[729,0,9,-32,1,0,1]
[256,192,128,32,19,8,8,3,1]
[729,-324,90,-35,10,-4,1]
[16384,1024,231,8,1]
[256,0,-16,8,-13,2,-1,0,1]
[64,-11,1]
[4096,512,128,15,8,2,1]
[4096,-512,448,-59,28,-2,1]
[512,-192,96,-41,12,-3,1]
[4096,2304,560,105,35,9,1]
[14641,-968,93,-8,1]
[14641,3267,359,27,1]
[256,0,-32,-8,23,-2,-2,0,1]
[256,-192,80,-44,21,-11,5,-3,1]
[4096,-768,-144,109,-9,-3,1]
[256,-256,208,-124,65,-31,13,-4,1]
[729,-405,252,-79,28,-5,1]
[14641,968,45,8,1]
[4096,-768,128,-75,8,-3,1]
[14641,484,-105,4,1]
[6561,1296,169,16,1]
[256,-64,16,28,-19,7,1,-1,1]
[256,-192,16,48,-31,12,1,-3,1]
[16384,2560,281,20,1]
[4096,-1280,320,-123,20,-5,1]
[4096,-2048,416,-57,26,-8,1]
[14641,484,185,4,1]
[4096,-2816,944,-241,59,-11,1]
[256,0,16,-28,3,-7,1,0,1]
[256,192,64,-4,-7,-1,4,3,1]
[15625,375,38,3,1]
[256,0,0,12,-17,3,0,0,1]
[256,-192,144,-92,47,-23,9,-3,1]
[729,-81,18,-47,2,-1,1]
[256,-128,128,-48,29,-12,8,-2,1]
[4096,768,256,-5,16,3,1]
[4096,1536,448,89,28,6,1]
[14641,-1452,168,-12,1]
[15625,-1500,156,-12,1]
[2401,490,54,10,1]
[15625,-625,126,-5,1]
[14641,726,-98,6,1]
[4096,0,16,111,1,0,1]
[16384,768,55,6,1]
[4096,1536,592,191,37,6,1]
[14641,0,-16,0,1]
[15625,3125,348,25,1]
[16384,-256,-105,-2,1]
[4096,-1536,416,-79,26,-6,1]
[256,192,112,56,23,14,7,3,1]
[4096,-1024,480,-133,30,-4,1]
[4096,-1024,16,83,1,-4,1]
[256,-192,96,-48,33,-12,6,-3,1]
[14641,-2662,357,-22,1]
[15625,3875,461,31,1]
[4096,768,16,-59,1,3,1]
[4096,-1024,-80,53,-5,-4,1]
[256,64,112,16,33,4,7,1,1]
[256,320,224,116,59,29,14,5,1]
[14641,1936,156,16,1]
[14641,363,54,3,1]
[16384,-2432,285,-19,1]
[15625,-1875,241,-15,1]
[4096,-128,83,-2,1]
[2401,-539,116,-11,1]
[14641,-2178,295,-18,1]
[4096,2304,608,119,38,9,1]
[4096,768,96,65,6,3,1]
[4096,-3072,1248,-347,78,-12,1]
[729,-243,-63,50,-7,-3,1]
[4096,512,224,55,14,2,1]
[4096,-1280,416,-129,26,-5,1]
[729,0,126,8,14,0,1]
[4096,-768,135,-12,1]
[4096,2304,864,241,54,9,1]
[4096,768,256,99,16,3,1]
[6561,-1215,181,-15,1]
[16384,4096,493,32,1]
[4096,768,-160,-139,-10,3,1]
[16384,-896,-1,-7,1]
[4096,-1280,272,-51,17,-5,1]
[256,-64,0,12,-1,3,0,-1,1]
[125,-8,1]
[4096,768,81,12,1]
[512,192,120,25,15,3,1]
[4096,1280,704,157,44,5,1]
[14641,-1573,106,-13,1]
[729,-405,108,-35,12,-5,1]
[4096,256,-144,-31,-9,1,1]
[256,-64,-48,12,13,3,-3,-1,1]
[14641,-1089,14,-9,1]
[256,-320,160,-4,-21,-1,10,-5,1]
[4096,-1536,112,25,7,-6,1]
[4096,1280,320,53,20,5,1]
[16384,-2432,181,-19,1]
[4096,-1280,240,-87,15,-5,1]
[256,64,80,44,13,11,5,1,1]
[4096,1792,576,141,36,7,1]
[256,0,-16,0,15,0,-1,0,1]
[729,135,47,5,1]
[6561,1377,233,17,1]
[14641,2299,327,19,1]
[256,-192,16,12,-3,3,1,-3,1]
[15625,-1250,33,-10,1]
[256,64,64,40,7,10,4,1,1]
[16384,3200,319,25,1]
[256,0,64,-56,3,-14,4,0,1]
[14641,0,1,0,1]
[4096,-2048,656,-197,41,-8,1]
[256,-64,32,-40,13,-10,2,-1,1]
[15625,1125,219,9,1]
[729,-243,27,-14,3,-3,1]
[4096,1280,400,149,25,5,1]
[4096,2048,448,87,28,8,1]
[6561,1701,218,21,1]
[256,64,32,-16,-9,-4,2,1,1]
[4096,256,64,121,4,1,1]
[256,0,32,24,-5,6,2,0,1]
[4096,0,160,-3,10,0,1]
[256,-64,48,-40,3,-10,3,-1,1]
[4096,768,384,95,24,3,1]
[4096,-1280,752,-153,47,-5,1]
[625,-100,32,-4,1]
[729,-162,45,-1,5,-2,1]
[256,0,16,8,-13,2,1,0,1]
[729,-567,279,-103,31,-7,1]
[15625,-125,202,-1,1]
[729,567,234,79,26,7,1]
[4096,-1792,336,-33,21,-7,1]
[4096,-512,-224,77,-14,-2,1]
[15625,875,28,7,1]
[4096,384,131,6,1]
[256,-192,64,-12,7,-3,4,-3,1]
[4096,-768,-80,25,-5,-3,1]
[64,0,8,5,2,0,1]
[4096,1280,96,-37,6,5,1]
[15625,1375,141,11,1]
[15625,-250,243,-2,1]
[256,64,32,-40,-13,-10,2,1,1]
[4096,-1024,608,-131,38,-4,1]
[4096,-2304,592,-125,37,-9,1]
[15625,3375,393,27,1]
[4096,-1024,-80,95,-5,-4,1]
[4096,-256,-96,105,-6,-1,1]
[16384,128,255,1,1]
[256,64,112,88,21,22,7,1,1]
[6561,162,-20,2,1]
[14641,-1331,250,-11,1]
[4096,-256,-80,111,-5,-1,1]
[4096,1536,80,-53,5,6,1]
[4096,-768,336,-37,21,-3,1]
[14641,1331,18,11,1]
[4096,1280,-48,-97,-3,5,1]
[729,0,-27,-23,-3,0,1]
[4096,-256,208,-31,13,-1,1]
[256,192,144,84,43,21,9,3,1]
[4096,1536,720,173,45,6,1]
[4096,1280,448,125,28,5,1]
[256,0,-64,4,9,1,-4,0,1]
[256,256,144,80,45,20,9,4,1]
[4096,0,0,-31,0,0,1]
[14641,-1573,95,-13,1]
[2401,-931,178,-19,1]
[4096,-1024,96,37,6,-4,1]
[4096,512,272,109,17,2,1]
[4096,2304,1056,285,66,9,1]
[256,192,176,128,61,32,11,3,1]
[15625,-750,159,-6,1]
[256,128,112,60,23,15,7,2,1]
[4096,-1024,224,-59,14,-4,1]
[4096,2048,432,81,27,8,1]
[256,256,240,164,91,41,15,4,1]
[256,16,25,1,1]
[512,-256,72,-25,9,-4,1]
[4096,-1280,336,-131,21,-5,1]
[4096,512,496,69,31,2,1]
[256,-128,112,-68,39,-17,7,-2,1]
[4096,-512,416,-89,26,-2,1]
[16384,3840,439,30,1]
[256,512,576,440,253,110,36,8,1]
[512,-384,144,-45,18,-6,1]
[4096,512,64,43,4,2,1]
[256,-128,-16,-16,25,-4,-1,-2,1]
[14641,1331,87,11,1]
[14641,-3025,318,-25,1]
[4096,1280,320,69,20,5,1]
[4096,-1024,176,-21,11,-4,1]
[256,128,48,48,33,12,3,2,1]
[16384,-384,-67,-3,1]
[6561,891,55,11,1]
[4096,-2304,512,-81,32,-9,1]
[4096,0,99,0,1]
[256,256,128,84,53,21,8,4,1]
[729,0,-45,-4,-5,0,1]
[4096,-256,64,-59,4,-1,1]
[512,256,-16,-33,-2,4,1]
[16384,1024,265,8,1]
[729,0,-45,4,-5,0,1]
[256,128,0,-20,-1,-5,0,2,1]
[512,192,96,21,12,3,1]
[4096,-1792,720,-187,45,-7,1]
[4096,-512,192,-95,12,-2,1]
[2401,-539,121,-11,1]
[2401,931,178,19,1]
[14641,-1815,89,-15,1]
[15625,2500,214,20,1]
[4096,1536,432,77,27,6,1]
[729,243,55,9,1]
[14641,-726,-79,-6,1]
[4096,256,432,3,27,1,1]
[4096,384,125,6,1]
[4096,-256,256,-29,16,-1,1]
[16384,640,-1,5,1]
[4096,-1280,416,-109,26,-5,1]
[4096,-1536,112,47,7,-6,1]
[2401,-441,31,-9,1]
[4096,-512,304,-11,19,-2,1]
[256,192,96,12,-1,3,6,3,1]
[256,192,112,36,21,9,7,3,1]
[625,-75,4,-3,1]
[2401,686,100,14,1]
[256,0,16,28,3,7,1,0,1]
[4096,512,80,39,5,2,1]
[16384,-1792,223,-14,1]
[256,-256,176,-76,35,-19,11,-4,1]
[256,192,64,32,21,8,4,3,1]
[256,64,48,-16,-7,-4,3,1,1]
[6561,-324,34,-4,1]
[15625,-2500,219,-20,1]
[4096,0,-48,-95,-3,0,1]
[256,-64,96,-48,27,-12,6,-1,1]
[2401,294,78,6,1]
[14641,-847,90,-7,1]
[4096,1792,768,181,48,7,1]
[256,0,96,-28,25,-7,6,0,1]
[625,0,9,0,1]
[16384,3200,329,25,1]
[256,-192,64,-44,33,-11,4,-3,1]
[6561,324,-79,4,1]
[4096,-2304,848,-219,53,-9,1]
[256,0,-17,0,1]
[256,-64,80,-36,17,-9,5,-1,1]
[729,162,162,38,18,2,1]
[256,0,16,-20,7,-5,1,0,1]
[512,-448,184,-59,23,-7,1]
[256,-128,144,-64,55,-16,9,-2,1]
[16384,-256,249,-2,1]
[4096,-2304,720,-183,45,-9,1]
[4096,512,112,71,7,2,1]
[4096,512,-96,-5,-6,2,1]
[15625,1750,241,14,1]
[256,-256,96,-44,31,-11,6,-4,1]
[256,0,96,52,13,13,6,0,1]
[4096,512,80,75,5,2,1]
[14641,-363,84,-3,1]
[4096,640,125,10,1]
[4096,2304,912,275,57,9,1]
[512,-64,56,-9,7,-1,1]
[729,-81,72,-28,8,-1,1]
[14641,-242,-102,-2,1]
[4096,512,592,67,37,2,1]
[4096,-1792,240,11,15,-7,1]
[14641,-1936,302,-16,1]
[15625,-500,106,-4,1]
[729,-648,396,-152,44,-8,1]
[1024,-96,-15,-3,1]
[4096,0,-32,103,-2,0,1]
[4096,192,81,3,1]
[14641,363,-115,3,1]
[15625,-750,224,-6,1]
[4096,-1792,-64,131,-4,-7,1]
[6561,405,118,5,1]
[4096,-256,112,37,7,-1,1]
[14641,-242,-170,-2,1]
[16384,1152,123,9,1]
[512,192,104,23,13,3,1]
[729,243,56,9,1]
[15625,-4500,572,-36,1]
[14641,0,-238,0,1]
[15625,250,-53,2,1]
[4096,1280,576,139,36,5,1]
[4096,0,32,-55,2,0,1]
[4096,1792,336,35,21,7,1]
[4096,1536,512,101,32,6,1]
[64,64,48,31,12,4,1]
[4096,1792,-176,-187,-11,7,1]
[15625,-2625,289,-21,1]
[729,81,-54,-11,-6,1,1]
[4096,256,224,13,14,1,1]
[14641,363,-133,3,1]
[14641,-968,163,-8,1]
[4096,832,117,13,1]
[4096,-1024,384,-107,24,-4,1]
[4096,-3072,1168,-319,73,-12,1]
[4096,-512,-128,15,-8,-2,1]
[4096,0,-16,-115,-1,0,1]
[729,486,99,4,11,6,1]
[16384,128,123,1,1]
[4096,1280,-16,-43,-1,5,1]
[14641,1936,259,16,1]
[14641,-2299,243,-19,1]
[256,0,160,-4,55,-1,10,0,1]
[512,-64,24,-37,3,-1,1]
[4096,-512,96,-23,6,-2,1]
[256,-192,160,-84,55,-21,10,-3,1]
[15625,1250,241,10,1]
[729,81,81,14,9,1,1]
[256,-64,80,-20,23,-5,5,-1,1]
[14641,1936,255,16,1]
[4096,-1536,784,-177,49,-6,1]
[14641,-3025,364,-25,1]
[6561,-648,103,-8,1]
[4096,-256,224,-13,14,-1,1]
[4096,-1280,-208,153,-13,-5,1]
[256,-384,368,-252,139,-63,23,-6,1]
[729,243,108,34,12,3,1]
[6561,486,32,6,1]
[729,-162,9,11,1,-2,1]
[256,-256,128,-28,5,-7,8,-4,1]
[256,-128,32,44,-29,11,2,-2,1]
[14641,-1936,202,-16,1]
[4096,-768,-144,111,-9,-3,1]
[14641,3025,367,25,1]
[4096,-1280,160,33,10,-5,1]
[512,-320,160,-55,20,-5,1]
[15625,1000,189,8,1]
[6561,-567,136,-7,1]
[256,-128,64,-44,25,-11,4,-2,1]
[128,-19,1]
[729,-135,56,-5,1]
[256,-64,80,-44,19,-11,5,-1,1]
[4096,256,464,47,29,1,1]
[729,-324,180,-64,20,-4,1]
[14641,2541,321,21,1]
[14641,-1089,136,-9,1]
[4096,3840,1648,471,103,15,1]
[15625,625,-16,5,1]
[729,162,189,28,21,2,1]
[14641,1694,113,14,1]
[15625,-875,-62,-7,1]
[14641,-3872,468,-32,1]
[4096,0,80,-39,5,0,1]
[729,-243,135,-25,15,-3,1]
[4096,-2304,784,-221,49,-9,1]
[14641,2662,256,22,1]
[4096,1792,736,209,46,7,1]
[4096,-1024,592,-95,37,-4,1]
[729,243,36,-13,4,3,1]
[4096,448,33,7,1]
[256,192,48,8,7,2,3,3,1]
[4096,2048,784,223,49,8,1]
[256,-192,112,-16,9,-4,7,-3,1]
[4096,2048,672,167,42,8,1]
[15625,3250,357,26,1]
[512,192,160,37,20,3,1]
[4096,-256,272,27,17,-1,1]
[4096,512,128,-53,8,2,1]
[4096,-512,32,35,2,-2,1]
[4096,768,208,135,13,3,1]
[4096,1280,528,89,33,5,1]
[4096,1792,688,209,43,7,1]
[4096,-2048,480,-89,30,-8,1]
[4096,512,-64,-35,-4,2,1]
[729,486,99,11,11,6,1]
[729,729,396,151,44,9,1]
[4096,-1280,-32,89,-2,-5,1]
[512,-256,128,-39,16,-4,1]
[4096,2304,976,259,61,9,1]
[256,-64,16,-12,-3,-3,1,-1,1]
[256,-192,96,-32,21,-8,6,-3,1]
[729,243,-45,-41,-5,3,1]
[4096,1024,512,115,32,4,1]
[15625,500,149,4,1]
[4096,-512,352,-35,22,-2,1]
[6561,-1458,184,-18,1]
[729,81,45,11,5,1,1]
[16384,2176,233,17,1]
[4096,-1536,656,-139,41,-6,1]
[16384,0,251,0,1]
[16384,-384,51,-3,1]
[4096,-1536,304,-35,19,-6,1]
[4096,256,640,37,40,1,1]
[4096,1280,224,27,14,5,1]
[256,128,160,72,55,18,10,2,1]
[4096,256,336,7,21,1,1]
[4096,1536,208,21,13,6,1]
[14641,-1331,191,-11,1]
[4096,512,80,17,5,2,1]
[729,-324,27,10,3,-4,1]
[729,-405,198,-83,22,-5,1]
[4096,0,480,-9,30,0,1]
[4096,2304,976,279,61,9,1]
[729,243,117,17,13,3,1]
[256,-128,32,4,-11,1,2,-2,1]
[256,448,480,368,209,92,30,7,1]
[512,64,104,3,13,1,1]
[2401,588,117,12,1]
[4096,-1280,288,-49,18,-5,1]
[4096,-768,128,11,8,-3,1]
[512,320,128,33,16,5,1]
[4096,-1024,0,43,0,-4,1]
[2401,-735,123,-15,1]
[4096,-640,115,-10,1]
[14641,1089,100,9,1]
[512,-64,48,-15,6,-1,1]
[256,-64,112,-36,31,-9,7,-1,1]
[4096,1024,141,16,1]
[4096,-768,32,-1,2,-3,1]
[14641,-1815,200,-15,1]
[729,162,63,5,7,2,1]
[6561,567,172,7,1]
[512,-128,104,-13,13,-2,1]
[256,192,112,36,9,9,7,3,1]
[729,0,9,-5,1,0,1]
[4096,512,112,-45,7,2,1]
[15625,1000,54,8,1]
[4096,256,128,-53,8,1,1]
[4096,-1536,32,63,2,-6,1]
[14641,363,1,3,1]
[16384,-1024,103,-8,1]
[4096,2304,368,21,23,9,1]
[15625,-1250,87,-10,1]
[16384,1664,207,13,1]
[4096,0,352,45,22,0,1]
[256,-64,16,8,-25,2,1,-1,1]
[4096,512,16,-69,1,2,1]
[4096,2048,528,97,33,8,1]
[4096,-1024,224,-75,14,-4,1]
[256,0,80,-24,21,-6,5,0,1]
[4096,1024,80,-63,5,4,1]
[4096,1792,80,-57,5,7,1]
[4096,256,96,31,6,1,1]
[4096,1792,16,-93,1,7,1]
[256,256,224,156,79,39,14,4,1]
[256,384,256,100,37,25,16,6,1]
[256,0,96,12,25,3,6,0,1]
[4096,-1536,672,-173,42,-6,1]
[14641,1815,188,15,1]
[15625,-125,-112,-1,1]
[4096,256,53,4,1]
[4096,1280,64,-11,4,5,1]
[4096,-256,256,-47,16,-1,1]
[4096,-2816,864,-199,54,-11,1]
[16384,1664,231,13,1]
[4096,256,80,27,5,1,1]
[16384,1280,97,10,1]
[512,192,-40,-39,-5,3,1]
[16384,2688,297,21,1]
[4096,-2304,320,1,20,-9,1]
[256,-128,64,12,-13,3,4,-2,1]
[4096,1536,176,-7,11,6,1]
[256,192,96,24,9,6,6,3,1]
[14641,-2541,339,-21,1]
[15625,-1500,82,-12,1]
[729,0,-9,-22,-1,0,1]
[256,-64,-48,16,-7,4,-3,-1,1]
[15625,-2000,201,-16,1]
[4096,0,-64,-75,-4,0,1]
[4096,1280,496,145,31,5,1]
[4096,-2048,240,15,15,-8,1]
[14641,968,64,8,1]
[256,-128,80,-52,29,-13,5,-2,1]
[14641,-1331,173,-11,1]
[6561,-1701,235,-21,1]
[14641,-484,182,-4,1]
[729,-324,36,14,4,-4,1]
[14641,1089,1,9,1]
[2401,-1078,215,-22,1]
[512,320,152,71,19,5,1]
[256,-192,80,-20,9,-5,5,-3,1]
[4096,0,144,23,9,0,1]
[256,-64,0,32,-5,8,0,-1,1]
[729,486,252,95,28,6,1]
[6561,1053,190,13,1]
[4096,768,224,55,14,3,1]
[64,-96,80,-45,20,-6,1]
[256,64,112,24,39,6,7,1,1]
[15625,-2250,232,-18,1]
[4096,768,352,109,22,3,1]
[15625,-250,112,-2,1]
[729,243,135,22,15,3,1]
[256,64,64,28,17,7,4,1,1]
[4096,-1792,640,-215,40,-7,1]
[512,-128,48,9,6,-2,1]
[729,324,71,12,1]
[4096,512,64,-77,4,2,1]
[15625,-750,223,-6,1]
[15625,-500,154,-4,1]
[512,64,-40,-19,-5,1,1]
[4096,512,640,61,40,2,1]
[4096,512,-16,45,-1,2,1]
[4096,-448,67,-7,1]
[16384,2432,277,19,1]
[256,-32,3,-2,1]
[4096,-2304,880,-279,55,-9,1]
[4096,0,-80,29,-5,0,1]
[4096,2048,368,53,23,8,1]
[16384,-2304,185,-18,1]
[512,64,152,11,19,1,1]
[256,-256,208,-132,75,-33,13,-4,1]
[4096,-2560,912,-255,57,-10,1]
[15625,750,113,6,1]
[4096,-64,-111,-1,1]
[4096,-1536,544,-179,34,-6,1]
[4096,-64,113,-1,1]
[512,128,48,35,6,2,1]
[4096,-2048,512,-117,32,-8,1]
[729,324,198,64,22,4,1]
[15625,-250,-37,-2,1]
[4096,3072,1088,283,68,12,1]
[4096,-1280,208,-43,13,-5,1]
[4096,2304,800,203,50,9,1]
[729,-243,-18,14,-2,-3,1]
[512,320,160,53,20,5,1]
[4096,-256,144,-97,9,-1,1]
[512,192,-8,-21,-1,3,1]
[15625,750,-21,6,1]
[4096,-256,-112,37,-7,-1,1]
[256,-256,128,-64,39,-16,8,-4,1]
[15625,-250,-74,-2,1]
[14641,-2178,250,-18,1]
[256,-128,0,-24,25,-6,0,-2,1]
[14641,847,107,7,1]
[15625,-1125,-9,-9,1]
[256,-448,464,-332,187,-83,29,-7,1]
[4096,512,-128,-29,-8,2,1]
[2401,147,36,3,1]
[14641,-968,-9,-8,1]
[16384,128,-1,1,1]
[256,64,64,28,15,7,4,1,1]
[256,192,176,100,53,25,11,3,1]
[4096,-1536,32,61,2,-6,1]
[14641,0,237,0,1]
[14641,0,56,0,1]
[4096,-1024,176,31,11,-4,1]
[64,0,-4,-7,-1,0,1]
[4096,2048,528,115,33,8,1]
[4096,-256,416,-21,26,-1,1]
[256,64,-64,8,29,2,-4,1,1]
[14641,-1452,250,-12,1]
[4096,512,224,39,14,2,1]
[1024,-448,95,-14,1]
[4096,768,256,93,16,3,1]
[4096,-768,400,-71,25,-3,1]
[729,162,-45,-31,-5,2,1]
[2401,-147,89,-3,1]
[4096,1280,64,-31,4,5,1]
[6561,405,100,5,1]
[729,-81,0,20,0,-1,1]
[256,-64,160,-40,53,-10,10,-1,1]
[512,0,40,7,5,0,1]
[256,64,-16,20,27,5,-1,1,1]
[4096,-768,192,-103,12,-3,1]
[4096,-1280,272,-59,17,-5,1]
[4096,-1536,352,-97,22,-6,1]
[4096,-512,320,-49,20,-2,1]
[4096,-1280,464,-159,29,-5,1]
[256,128,112,12,15,3,7,2,1]
[14641,-968,2,-8,1]
[4096,-1024,256,-3,16,-4,1]
[256,-128,64,-12,-1,-3,4,-2,1]
[14641,968,29,8,1]
[256,128,96,52,17,13,6,2,1]
[14641,-2904,290,-24,1]
[256,-192,176,-112,63,-28,11,-3,1]
[6561,-324,-85,-4,1]
[256,-192,176,-64,45,-16,11,-3,1]
[4096,-1408,241,-22,1]
[4096,1024,256,67,16,4,1]
[15625,-2000,139,-16,1]
[14641,3993,512,33,1]
[4096,0,208,-63,13,0,1]
[512,192,-24,-37,-3,3,1]
[4096,-1280,192,-43,12,-5,1]
[6561,-243,-68,-3,1]
[256,-192,128,-52,21,-13,8,-3,1]
[4096,-2048,656,-165,41,-8,1]
[2401,392,22,8,1]
[16384,1536,125,12,1]
[4096,-1280,240,-43,15,-5,1]
[16384,-384,155,-3,1]
[64,16,15,2,1]
[256,-64,112,-36,37,-9,7,-1,1]
[256,-128,48,-8,-13,-2,3,-2,1]
[6561,-486,5,-6,1]
[4096,-512,144,55,9,-2,1]
[729,162,198,26,22,2,1]
[16384,2304,203,18,1]
[256,320,112,-56,-61,-14,7,5,1]
[729,243,54,23,6,3,1]
[4096,-256,-80,21,-5,-1,1]
[4096,1792,448,71,28,7,1]
[14641,-3146,350,-26,1]
[256,0,-128,0,37,0,-8,0,1]
[4096,-1280,352,-95,22,-5,1]
[14641,484,-63,4,1]
[256,64,-48,4,13,1,-3,1,1]
[16384,0,-105,0,1]
[14641,-1936,236,-16,1]
[4096,-512,-80,5,-5,-2,1]
[4096,256,304,23,19,1,1]
[4096,1024,496,129,31,4,1]
[4096,-1024,224,-13,14,-4,1]
[4096,-640,35,-10,1]
[4096,512,112,115,7,2,1]
[16384,-1536,35,-12,1]
[16384,256,43,2,1]
[4096,512,608,53,38,2,1]
[4096,-1280,48,31,3,-5,1]
[15625,2375,278,19,1]
[4096,0,480,-17,30,0,1]
[14641,-1936,117,-16,1]
[14641,1089,127,9,1]
[15625,1250,153,10,1]
[4096,1216,197,19,1]
[4096,512,160,53,10,2,1]
[15625,1500,221,12,1]
[4096,-448,119,-7,1]
[729,162,126,19,14,2,1]
[4096,-1280,0,77,0,-5,1]
[4096,-2816,1184,-367,74,-11,1]
[16384,-3072,299,-24,1]
[6561,-1053,148,-13,1]
[14641,121,13,1,1]
[4096,-256,144,63,9,-1,1]
[15625,-3000,297,-24,1]
[4096,-2816,1216,-367,76,-11,1]
[4096,-384,129,-6,1]
[4096,1280,144,-35,9,5,1]
[14641,-363,83,-3,1]
[256,128,64,40,31,10,4,2,1]
[4096,-1024,-32,45,-2,-4,1]
[4096,-512,-192,65,-12,-2,1]
[4096,1280,272,13,17,5,1]
[6561,0,-145,0,1]
[512,192,88,57,11,3,1]
[729,0,-36,29,-4,0,1]
[15625,1250,-3,10,1]
[16384,1408,169,11,1]
[15625,875,98,7,1]
[256,256,112,48,29,12,7,4,1]
[15625,-1750,239,-14,1]
[4096,768,-32,11,-2,3,1]
[4096,1024,544,93,34,4,1]
[256,-384,368,-264,147,-66,23,-6,1]
[16384,-3072,361,-24,1]
[512,256,120,41,15,4,1]
[256,0,-16,8,-1,2,-1,0,1]
[729,-81,72,-8,8,-1,1]
[4096,-512,-112,-7,-7,-2,1]
[729,-189,65,-7,1]
[14641,968,256,8,1]
[256,-128,112,-28,17,-7,7,-2,1]
[2401,245,36,5,1]
[256,-128,48,4,-1,1,3,-2,1]
[729,243,117,55,13,3,1]
[4096,512,240,41,15,2,1]
[729,-270,64,-10,1]
[625,-25,13,-1,1]
[256,-64,48,12,-11,3,3,-1,1]
[6561,-162,-97,-2,1]
[4096,-256,144,-23,9,-1,1]
[729,243,81,44,9,3,1]
[256,-64,48,-20,7,-5,3,-1,1]
[729,-324,90,-23,10,-4,1]
[729,243,-36,-37,-4,3,1]
[15625,-875,-7,-7,1]
[4096,-768,336,-53,21,-3,1]
[4096,256,144,107,9,1,1]
[256,256,160,60,29,15,10,4,1]
[4096,256,-16,25,-1,1,1]
[15625,625,194,5,1]
[16384,-512,91,-4,1]
[256,-192,-16,16,9,4,-1,-3,1]
[15625,-1375,189,-11,1]
[14641,-121,230,-1,1]
[14641,-363,-120,-3,1]
[16384,-512,241,-4,1]
[256,64,32,-8,-5,-2,2,1,1]
[4096,-256,-32,-1,-2,-1,1]
[4096,384,37,6,1]
[729,324,189,52,21,4,1]
[14641,-2057,279,-17,1]
[4096,512,64,-41,4,2,1]
[4096,768,448,85,28,3,1]
[256,-256,160,-56,23,-14,10,-4,1]
[729,405,45,-16,5,5,1]
[4096,-1280,-208,169,-13,-5,1]
[14641,-3267,405,-27,1]
[4096,1792,624,195,39,7,1]
[4096,-768,480,-59,30,-3,1]
[4096,1280,64,-47,4,5,1]
[2401,-539,99,-11,1]
[4096,-768,240,-21,15,-3,1]
[14641,-484,-28,-4,1]
[16384,-1792,187,-14,1]
[4096,1280,640,133,40,5,1]
[15625,750,161,6,1]
[16384,-4096,479,-32,1]
[6561,810,131,10,1]
[16384,0,-203,0,1]
[4096,-1792,272,-35,17,-7,1]
[4096,1024,-192,-115,-12,4,1]
[4096,512,352,69,22,2,1]
[4096,768,400,43,25,3,1]
[4096,-256,-48,77,-3,-1,1]
[4096,-704,59,-11,1]
[4096,-768,64,27,4,-3,1]
[4096,896,147,14,1]
[4096,512,-144,-101,-9,2,1]
[4096,256,80,-65,5,1,1]
[15625,2250,308,18,1]
[729,162,27,31,3,2,1]
[729,243,63,19,7,3,1]
[4096,-256,48,-65,3,-1,1]
[4096,1024,-32,-29,-2,4,1]
[14641,-242,237,-2,1]
[14641,-3751,475,-31,1]
[729,81,14,3,1]
[729,486,279,92,31,6,1]
[4096,1024,304,131,19,4,1]
[729,486,135,32,15,6,1]
[4096,2048,736,193,46,8,1]
[15625,750,-18,6,1]
[14641,-4598,595,-38,1]
[14641,-605,219,-5,1]
[256,-64,-48,-20,29,-5,-3,-1,1]
[4096,768,224,3,14,3,1]
[256,-320,176,-88,49,-22,11,-5,1]
[256,-256,144,-68,37,-17,9,-4,1]
[729,81,18,-26,2,1,1]
[512,-64,16,11,2,-1,1]
[512,-128,-24,33,-3,-2,1]
[4096,-768,144,-53,9,-3,1]
[4096,1792,688,189,43,7,1]
[15625,-750,12,-6,1]
[4096,1792,592,143,37,7,1]
[4096,-3328,1520,-451,95,-13,1]
[4096,-256,400,-3,25,-1,1]
[256,64,144,28,41,7,9,1,1]
[14641,-605,81,-5,1]
[4096,-1280,224,-77,14,-5,1]
[256,192,112,28,9,7,7,3,1]
[16384,512,-129,4,1]
[4096,1792,432,101,27,7,1]
[729,-324,207,-59,23,-4,1]
[4096,3328,1616,485,101,13,1]
[4096,2304,800,219,50,9,1]
[256,192,80,-8,-15,-2,5,3,1]
[4096,-768,-48,5,-3,-3,1]
[14641,-363,-160,-3,1]
[256,0,32,-4,5,-1,2,0,1]
[16384,1152,137,9,1]
[256,-128,16,44,-23,11,1,-2,1]
[256,128,48,8,-7,2,3,2,1]
[256,-64,32,-12,-13,-3,2,-1,1]
[4096,1792,752,175,47,7,1]
[256,-64,96,-28,29,-7,6,-1,1]
[4096,-256,160,-39,10,-1,1]
[256,-128,48,32,-25,8,3,-2,1]
[256,-64,80,-64,13,-16,5,-1,1]
[625,-150,16,-6,1]
[256,0,48,20,-3,5,3,0,1]
[4096,-256,-64,101,-4,-1,1]
[4096,-1792,656,-219,41,-7,1]
[16384,384,167,3,1]
[4096,-256,432,-3,27,-1,1]
[4096,1792,352,55,22,7,1]
[14641,3146,391,26,1]
[14641,-1089,244,-9,1]
[256,0,32,20,15,5,2,0,1]
[14641,484,39,4,1]
[15625,-1375,124,-11,1]
[4096,-512,272,-41,17,-2,1]
[4096,-1792,624,-175,39,-7,1]
[256,-128,-48,8,21,2,-3,-2,1]
[4096,-1792,576,-147,36,-7,1]
[15625,-2125,303,-17,1]
[256,256,144,96,63,24,9,4,1]
[256,64,96,20,15,5,6,1,1]
[64,-48,4,7,1,-3,1]
[16384,-2560,313,-20,1]
[256,64,-48,8,33,2,-3,1,1]
[4096,-1024,464,-101,29,-4,1]
[1024,192,41,6,1]
[4096,1792,672,149,42,7,1]
[14641,726,-93,6,1]
[4096,-2048,880,-237,55,-8,1]
[15625,-875,51,-7,1]
[6561,-81,113,-1,1]
[256,-64,160,-44,49,-11,10,-1,1]
[256,-128,-16,20,-5,5,-1,-2,1]
[4096,-256,240,-87,15,-1,1]
[1024,-128,63,-4,1]
[14641,-121,36,-1,1]
[4096,-1792,192,21,12,-7,1]
[6561,162,-86,2,1]
[512,-192,104,-47,13,-3,1]
[4096,1536,192,-23,12,6,1]
[4096,-256,-64,45,-4,-1,1]
[6561,-324,-61,-4,1]
[4096,256,32,-29,2,1,1]
[4096,-2048,912,-239,57,-8,1]
[14641,-121,221,-1,1]
[256,-320,256,-176,99,-44,16,-5,1]
[4096,-768,576,-91,36,-3,1]
[4096,-256,-16,-5,-1,-1,1]
[256,64,16,-16,-13,-4,1,1,1]
[16384,1408,251,11,1]
[14641,1694,163,14,1]
[4096,-256,-80,63,-5,-1,1]
[14641,-242,-15,-2,1]
[4096,-2304,1168,-309,73,-9,1]
[4096,-1536,272,-57,17,-6,1]
[4096,512,576,43,36,2,1]
[4096,1280,736,149,46,5,1]
[14641,1815,240,15,1]
[14641,-242,-46,-2,1]
[15625,-3500,443,-28,1]
[1024,-32,-47,-1,1]
[729,324,135,53,15,4,1]
[6561,-648,106,-8,1]
[4096,-3072,1088,-287,68,-12,1]
[729,-81,36,-52,4,-1,1]
[729,-162,0,8,0,-2,1]
[4096,256,352,69,22,1,1]
[4096,512,208,-39,13,2,1]
[256,64,112,52,33,13,7,1,1]
[256,128,128,36,29,9,8,2,1]
[4096,-2560,912,-241,57,-10,1]
[4096,-1280,608,-115,38,-5,1]
[15625,-2125,184,-17,1]
[512,128,-24,-41,-3,2,1]
[4096,-1024,96,41,6,-4,1]
[4096,512,128,97,8,2,1]
[4096,-1280,-160,143,-10,-5,1]
[256,0,32,16,3,4,2,0,1]
[4096,-1280,336,-61,21,-5,1]
[4096,768,368,71,23,3,1]
[256,-256,144,-56,17,-14,9,-4,1]
[4096,256,208,75,13,1,1]
[14641,-1815,182,-15,1]
[14641,121,-76,1,1]
[16384,512,-7,4,1]
[4096,256,-160,15,-10,1,1]
[14641,-726,85,-6,1]
[14641,121,-200,1,1]
[6561,1134,110,14,1]
[14641,-3146,366,-26,1]
[15625,875,101,7,1]
[14641,-1936,239,-16,1]
[4096,-512,-64,107,-4,-2,1]
[729,297,77,11,1]
[4096,-256,0,65,0,-1,1]
[4096,1280,528,123,33,5,1]
[14641,4235,543,35,1]
[4096,-1024,272,-101,17,-4,1]
[4096,-1280,208,-67,13,-5,1]
[729,-162,81,-23,9,-2,1]
[4096,-512,320,-67,20,-2,1]
[256,0,80,-12,23,-3,5,0,1]
[256,0,16,-12,-23,-3,1,0,1]
[256,-192,128,-72,31,-18,8,-3,1]
[4096,-1792,816,-221,51,-7,1]
[4096,0,304,-5,19,0,1]
[4096,1216,193,19,1]
[15625,2875,273,23,1]
[256,-256,176,-92,47,-23,11,-4,1]
[512,-256,104,-39,13,-4,1]
[729,324,99,46,11,4,1]
[256,-128,32,-8,9,-2,2,-2,1]
[1024,-96,-27,-3,1]
[4096,-768,-48,29,-3,-3,1]
[4096,768,32,13,2,3,1]
[4096,256,144,73,9,1,1]
[512,640,392,161,49,10,1]
[256,128,16,-4,9,-1,1,2,1]
[16384,-896,-35,-7,1]
[4096,1280,496,143,31,5,1]
[14641,1452,191,12,1]
[14641,2420,267,20,1]
[4096,768,-112,-95,-7,3,1]
[14641,1210,23,10,1]
[15625,875,-3,7,1]
[14641,121,34,1,1]
[512,-128,48,-35,6,-2,1]
[4096,3328,1424,413,89,13,1]
[4096,-384,95,-6,1]
[14641,0,-76,0,1]
[4096,-768,64,33,4,-3,1]
[14641,1210,222,10,1]
[4096,256,240,-5,15,1,1]
[4096,1792,416,103,26,7,1]
[512,0,0,9,0,0,1]
[4096,1536,672,149,42,6,1]
[4096,0,144,-17,9,0,1]
[14641,-3630,463,-30,1]
[16384,-3968,495,-31,1]
[2401,-49,-10,-1,1]
[15625,-3250,349,-26,1]
[4096,1280,-64,-89,-4,5,1]
[4096,-1280,384,-87,24,-5,1]
[2401,49,15,1,1]
[4096,-768,288,-13,18,-3,1]
[4096,1792,336,55,21,7,1]
[729,0,18,1,2,0,1]
[64,0,-8,-5,-2,0,1]
[4096,-3840,1888,-579,118,-15,1]
[729,486,243,94,27,6,1]
[4096,-1024,544,-125,34,-4,1]
[256,64,64,-12,9,-3,4,1,1]
[15625,-4250,531,-34,1]
[4096,4096,2048,637,128,16,1]
[15625,375,141,3,1]
[4096,256,-16,75,-1,1,1]
[4096,-1024,160,13,10,-4,1]
[6561,-81,-13,-1,1]
[4096,768,65,12,1]
[512,0,56,5,7,0,1]
[4096,-1024,624,-105,39,-4,1]
[1024,320,87,10,1]
[4096,-512,-32,-15,-2,-2,1]
[4096,-2816,880,-215,55,-11,1]
[4096,1024,208,19,13,4,1]
[256,0,16,-4,29,-1,1,0,1]
[729,-324,117,-35,13,-4,1]
[4096,256,64,-75,4,1,1]
[256,-128,16,-8,11,-2,1,-2,1]
[14641,-3267,391,-27,1]
[4096,512,-32,-111,-2,2,1]
[512,128,-8,-31,-1,2,1]
[4096,-768,-64,89,-4,-3,1]
[15625,-2125,299,-17,1]
[256,0,-32,0,-15,0,-2,0,1]
[512,0,-8,-23,-1,0,1]
[4096,-768,176,-97,11,-3,1]
[4096,-320,53,-5,1]
[4096,1280,704,153,44,5,1]
[512,-64,56,-37,7,-1,1]
[4096,1792,192,-29,12,7,1]
[4096,-1536,400,-75,25,-6,1]
[4096,256,16,-21,1,1,1]
[16384,-1408,177,-11,1]
[15625,-1750,138,-14,1]
[1024,-352,77,-11,1]
[256,256,192,124,67,31,12,4,1]
[4096,-256,336,-51,21,-1,1]
[4096,1536,496,153,31,6,1]
[512,-256,80,-13,10,-4,1]
[4096,2048,496,99,31,8,1]
[4096,-1024,496,-99,31,-4,1]
[14641,-2057,262,-17,1]
[512,-192,8,23,1,-3,1]
[729,0,-36,-11,-4,0,1]
[4096,-2048,352,-35,22,-8,1]
[4096,768,416,67,26,3,1]
[14641,363,-147,3,1]
[4096,-2816,1152,-347,72,-11,1]
[14641,726,104,6,1]
[4096,-1024,480,-79,30,-4,1]
[4096,-512,480,-19,30,-2,1]
[4096,512,-80,-61,-5,2,1]
[14641,-2783,366,-23,1]
[4096,256,-16,7,-1,1,1]
[4096,-512,-64,35,-4,-2,1]
[256,64,32,20,15,5,2,1,1]
[6561,-81,8,-1,1]
[256,-256,240,-172,89,-43,15,-4,1]
[4096,256,160,-55,10,1,1]
[256,0,-32,-8,-5,-2,-2,0,1]
[4096,768,384,43,24,3,1]
[14641,1331,246,11,1]
[4096,512,-32,-63,-2,2,1]
[512,128,24,21,3,2,1]
[512,128,56,7,7,2,1]
[15625,-1000,-12,-8,1]
[729,0,135,2,15,0,1]
[14641,-3509,436,-29,1]
[4096,3328,1424,411,89,13,1]
[729,324,27,-16,3,4,1]
[4096,-768,160,35,10,-3,1]
[4096,-1536,624,-165,39,-6,1]
[4096,512,352,89,22,2,1]
[256,112,43,7,1]
[4096,-256,-128,21,-8,-1,1]
[512,-384,176,-73,22,-6,1]
[14641,1452,123,12,1]
[2401,-833,166,-17,1]
[4096,1024,320,113,20,4,1]
[14641,121,-70,1,1]
[4096,512,368,3,23,2,1]
[256,-64,-16,-8,1,-2,-1,-1,1]
[4096,-320,-25,-5,1]
[256,0,48,-40,-7,-10,3,0,1]
[4096,-2304,624,-127,39,-9,1]
[256,192,112,8,3,2,7,3,1]
[512,64,80,19,10,1,1]
[729,-81,-36,7,-4,-1,1]
[4096,-1792,288,-35,18,-7,1]
[256,-64,48,40,-7,10,3,-1,1]
[256,128,-48,8,33,2,-3,2,1]
[729,-162,207,-29,23,-2,1]
[729,0,-54,-14,-6,0,1]
[15625,2000,193,16,1]
[4096,2560,976,277,61,10,1]
[4096,512,208,57,13,2,1]
[15625,-250,238,-2,1]
[4096,512,-176,-35,-11,2,1]
[4096,-768,-192,103,-12,-3,1]
[4096,-1280,336,-55,21,-5,1]
[15625,-500,174,-4,1]
[4096,1024,544,135,34,4,1]
[4096,-3072,1120,-299,70,-12,1]
[4096,256,77,4,1]
[4096,0,160,59,10,0,1]
[14641,3630,434,30,1]
[4096,-576,137,-9,1]
[729,81,-9,-16,-1,1,1]
[4096,-3328,1424,-415,89,-13,1]
[256,-256,80,-32,25,-8,5,-4,1]
[256,128,48,-40,-27,-10,3,2,1]
[256,32,27,2,1]
[4096,1280,160,-17,10,5,1]
[1024,96,49,3,1]
[16384,896,95,7,1]
[16384,1536,43,12,1]
[256,-192,32,16,-9,4,2,-3,1]
[14641,605,-31,5,1]
[256,0,32,32,-11,8,2,0,1]
[2401,49,67,1,1]
[729,486,288,103,32,6,1]
[4096,512,336,91,21,2,1]
[15625,-125,128,-1,1]
[4096,-1024,208,-71,13,-4,1]
[256,64,48,16,5,4,3,1,1]
[729,162,90,53,10,2,1]
[4096,256,464,11,29,1,1]
[4096,-1536,416,-91,26,-6,1]
[16384,896,111,7,1]
[16384,-3840,441,-30,1]
[256,192,64,-8,-23,-2,4,3,1]
[4096,1536,352,41,22,6,1]
[4096,-1280,512,-157,32,-5,1]
[2401,-588,73,-12,1]
[14641,-726,159,-6,1]
[14641,-1452,136,-12,1]
[256,0,32,-28,5,-7,2,0,1]
[4096,512,336,57,21,2,1]
[14641,-1331,262,-11,1]
[16384,896,-31,7,1]
[4096,-1792,-96,145,-6,-7,1]
[15625,-2625,302,-21,1]
[6561,-1377,224,-17,1]
[4096,1536,736,173,46,6,1]
[256,-128,48,-4,-17,-1,3,-2,1]
[625,200,33,8,1]
[2401,245,3,5,1]
[4096,-256,23,-4,1]
[16384,256,-195,2,1]
[256,-64,-96,16,19,4,-6,-1,1]
[256,256,144,96,59,24,9,4,1]
[4096,-2048,176,45,11,-8,1]
[15625,0,-13,0,1]
[4096,-768,0,45,0,-3,1]
[4096,-512,176,-77,11,-2,1]
[14641,726,95,6,1]
[4096,256,240,63,15,1,1]
[4096,1024,0,-87,0,4,1]
[14641,-2904,318,-24,1]
[4096,-768,416,-45,26,-3,1]
[256,-128,112,-60,31,-15,7,-2,1]
[15625,-1625,114,-13,1]
[256,0,112,-16,35,-4,7,0,1]
[729,324,189,64,21,4,1]
[16384,256,-69,2,1]
[4096,-1536,-144,147,-9,-6,1]
[14641,-121,-205,-1,1]
[4096,256,176,83,11,1,1]
[4096,0,112,101,7,0,1]
[81,27,19,3,1]
[4096,0,-59,0,1]
[14641,242,-78,2,1]
[4096,-960,159,-15,1]
[256,128,96,32,21,8,6,2,1]
[512,0,-24,-21,-3,0,1]
[6561,162,29,2,1]
[729,162,-45,-25,-5,2,1]
[4096,-1280,-112,89,-7,-5,1]
[729,81,36,29,4,1,1]
[729,-162,-9,29,-1,-2,1]
[15625,375,-3,3,1]
[4096,256,400,-19,25,1,1]
[4096,256,128,-37,8,1,1]
[729,-729,432,-173,48,-9,1]
[14641,-968,76,-8,1]
[16384,-256,187,-2,1]
[15625,-1125,191,-9,1]
[14641,2299,250,19,1]
[16384,1792,141,14,1]
[14641,2178,215,18,1]
[4096,512,464,67,29,2,1]
[4096,1536,-224,-179,-14,6,1]
[16384,1408,229,11,1]
[4096,1280,-80,-105,-5,5,1]
[256,0,32,0,21,0,2,0,1]
[256,-128,48,-28,25,-7,3,-2,1]
[256,256,160,64,31,16,10,4,1]
[4096,192,-33,3,1]
[4096,-1280,0,73,0,-5,1]
[256,384,384,280,155,70,24,6,1]
[729,810,432,160,48,10,1]
[4096,512,48,33,3,2,1]
[4096,0,32,-37,2,0,1]
[729,324,0,-19,0,4,1]
[4096,0,-224,3,-14,0,1]
[256,64,-16,12,21,3,-1,1,1]
[256,192,96,72,51,18,6,3,1]
[729,-243,-9,34,-1,-3,1]
[729,243,54,-10,6,3,1]
[16384,-1792,247,-14,1]
[4096,2048,736,213,46,8,1]
[729,324,108,19,12,4,1]
[4096,-256,49,-4,1]
[4096,-256,288,15,18,-1,1]
[729,-243,162,-47,18,-3,1]
[512,-384,64,9,8,-6,1]
[15625,625,207,5,1]
[15625,1000,-37,8,1]
[64,64,24,5,6,4,1]
[15625,-2375,228,-19,1]
[15625,-1875,231,-15,1]
[4096,1024,336,77,21,4,1]
[4096,0,272,11,17,0,1]
[4096,1536,576,151,36,6,1]
[4096,-1024,288,-73,18,-4,1]
[16384,384,221,3,1]
[6561,648,86,8,1]
[15625,3500,433,28,1]
[4096,-768,64,35,4,-3,1]
[4096,-512,128,-39,8,-2,1]
[4096,1280,400,135,25,5,1]
[15625,-2500,339,-20,1]
[4096,1024,48,-69,3,4,1]
[256,128,112,36,29,9,7,2,1]
[4096,-1536,224,-7,14,-6,1]
[14641,121,164,1,1]
[4096,1536,400,75,25,6,1]
[16384,-768,-51,-6,1]
[729,-162,36,25,4,-2,1]
[27,-5,1]
[1024,-128,11,-4,1]
[256,128,64,44,39,11,4,2,1]
[4096,-1792,800,-219,50,-7,1]
[256,256,176,68,35,17,11,4,1]
[4096,512,304,107,19,2,1]
[4096,-2560,848,-227,53,-10,1]
[4096,-1280,368,-101,23,-5,1]
[4096,-1536,432,-97,27,-6,1]
[256,-64,64,-4,7,-1,4,-1,1]
[4096,0,-48,65,-3,0,1]
[729,-324,171,-59,19,-4,1]
[729,0,162,-1,18,0,1]
[4096,-256,-64,37,-4,-1,1]
[512,128,176,31,22,2,1]
[4096,512,768,63,48,2,1]
[256,-192,80,-4,-13,-1,5,-3,1]
[256,128,112,28,19,7,7,2,1]
[4096,-768,240,-71,15,-3,1]
[256,192,112,88,49,22,7,3,1]
[1024,160,1,5,1]
[4096,-2304,1024,-277,64,-9,1]
[4096,2048,272,-1,17,8,1]
[729,-54,-4,-2,1]
[512,64,0,-33,0,1,1]
[4096,768,-128,-69,-8,3,1]
[4096,-256,-32,39,-2,-1,1]
[256,-256,80,12,-17,3,5,-4,1]
[14641,968,192,8,1]
[729,-324,-18,43,-2,-4,1]
[4096,-1024,448,-93,28,-4,1]
[14641,-847,65,-7,1]
[4096,-1024,-160,141,-10,-4,1]
[4096,1792,656,215,41,7,1]
[4096,256,-224,-19,-14,1,1]
[729,324,135,50,15,4,1]
[256,-64,64,8,-3,2,4,-1,1]
[4096,512,224,109,14,2,1]
[729,405,-9,-47,-1,5,1]
[15625,1125,111,9,1]
[16384,1024,-59,8,1]
[4096,-256,448,-57,28,-1,1]
[4096,-1024,160,-39,10,-4,1]
[16384,1664,73,13,1]
[15625,375,247,3,1]
[4096,-512,336,-21,21,-2,1]
[4096,-1024,336,-71,21,-4,1]
[256,-192,96,-48,25,-12,6,-3,1]
[729,243,189,53,21,3,1]
[256,0,16,16,-17,4,1,0,1]
[1024,32,3,1,1]
[4096,0,0,17,0,0,1]
[16,-1,1]
[256,-128,112,-80,31,-20,7,-2,1]
[625,-175,59,-7,1]
[14641,1210,144,10,1]
[4096,-1280,215,-20,1]
[15625,-1625,289,-13,1]
[4096,-1536,624,-161,39,-6,1]
[15625,1000,108,8,1]
[4096,1024,128,-31,8,4,1]
[4096,1280,80,-49,5,5,1]
[16384,3328,383,26,1]
[4096,-1024,656,-123,41,-4,1]
[4096,1536,560,133,35,6,1]
[14641,-1331,101,-11,1]
[256,-128,48,24,-15,6,3,-2,1]
[4096,-1024,480,-57,30,-4,1]
[256,-256,176,-88,37,-22,11,-4,1]
[4096,1536,288,57,18,6,1]
[4096,1792,160,-19,10,7,1]
[256,128,64,20,-1,5,4,2,1]
[256,128,-16,-12,-3,-3,-1,2,1]
[16384,-3200,375,-25,1]
[729,405,270,82,30,5,1]
[15625,-750,-114,-6,1]
[16384,-1280,9,-10,1]
[6561,891,112,11,1]
[729,-567,288,-109,32,-7,1]
[4096,1280,368,105,23,5,1]
[4096,1024,96,-41,6,4,1]
[512,192,56,17,7,3,1]
[4096,0,0,-65,0,0,1]
[14641,121,112,1,1]
[4096,448,9,7,1]
[14641,605,38,5,1]
[512,0,104,-5,13,0,1]
[6561,243,14,3,1]
[256,-128,32,0,-11,0,2,-2,1]
[14641,-968,124,-8,1]
[16384,-512,161,-4,1]
[14641,1694,171,14,1]
[4096,768,0,-35,0,3,1]
[4096,1280,224,11,14,5,1]
[16,8,1,2,1]
[6561,405,10,5,1]
[16384,384,-3,3,1]
[729,378,100,14,1]
[4096,0,336,25,21,0,1]
[4096,1280,576,101,36,5,1]
[512,192,184,47,23,3,1]
[2401,-490,66,-10,1]
[2401,-147,1,-3,1]
[4096,0,288,47,18,0,1]
[15625,2125,299,17,1]
[4096,1792,608,183,38,7,1]
[4096,-1024,176,-85,11,-4,1]
[256,0,48,-4,23,-1,3,0,1]
[4096,2816,1328,381,83,11,1]
[256,64,0,0,-7,0,0,1,1]
[256,-256,112,-28,11,-7,7,-4,1]
[4096,1024,208,51,13,4,1]
[512,512,264,101,33,8,1]
[14641,-726,-6,-6,1]
[15625,1125,-32,9,1]
[256,-64,64,-16,11,-4,4,-1,1]
[4096,-512,512,-35,32,-2,1]
[729,81,36,22,4,1,1]
[14641,-363,-84,-3,1]
[4096,256,144,97,9,1,1]
[4096,1536,-112,-137,-7,6,1]
[16384,-1024,-13,-8,1]
[512,-320,152,-63,19,-5,1]
[4096,1536,400,121,25,6,1]
[16384,-640,-1,-5,1]
[256,128,112,60,41,15,7,2,1]
[15625,3125,382,25,1]
[4096,256,112,21,7,1,1]
[14641,2178,271,18,1]
[4096,256,16,83,1,1,1]
[15625,0,-2,0,1]
[4096,-768,32,49,2,-3,1]
[15625,875,-21,7,1]
[729,243,135,59,15,3,1]
[729,81,27,14,3,1,1]
[4096,-1280,352,-37,22,-5,1]
[4096,1536,-64,-111,-4,6,1]
[512,-384,184,-71,23,-6,1]
[256,-64,112,-56,31,-14,7,-1,1]
[14641,242,-174,2,1]
[14641,-242,111,-2,1]
[4096,-512,304,-73,19,-2,1]
[729,81,-9,-17,-1,1,1]
[15625,-1625,266,-13,1]
[4096,512,-128,-13,-8,2,1]
[4096,1024,464,89,29,4,1]
[4096,-1280,256,-85,16,-5,1]
[4096,512,32,23,2,2,1]
[4096,-1024,-208,125,-13,-4,1]
[729,405,153,59,17,5,1]
[4096,0,48,-115,3,0,1]
[4096,512,-176,-99,-11,2,1]
[14641,-363,21,-3,1]
[4096,-512,304,3,19,-2,1]
[4096,2816,1312,379,82,11,1]
[4096,0,-144,-9,-9,0,1]
[16384,0,181,0,1]
[4096,768,368,119,23,3,1]
[15625,1750,259,14,1]
[4096,256,256,-15,16,1,1]
[729,-324,225,-59,25,-4,1]
[4096,0,128,17,8,0,1]
[14641,2541,222,21,1]
[729,324,-45,-61,-5,4,1]
[256,64,16,36,13,9,1,1,1]
[2401,-49,2,-1,1]
[2401,294,2,6,1]
[4096,1024,160,-5,10,4,1]
[14641,121,-120,1,1]
[14641,-847,192,-7,1]
[256,-64,48,-40,1,-10,3,-1,1]
[14641,-242,-168,-2,1]
[15625,875,-63,7,1]
[14641,605,-64,5,1]
[256,-192,64,-32,21,-8,4,-3,1]
[15625,0,52,0,1]
[15625,0,177,0,1]
[14641,-3025,383,-25,1]
[729,162,-9,-22,-1,2,1]
[4096,256,400,19,25,1,1]
[729,162,0,-8,0,2,1]
[2401,-539,76,-11,1]
[14641,-1089,-7,-9,1]
[16384,0,-93,0,1]
[16384,-2304,263,-18,1]
[4096,1024,464,67,29,4,1]
[4096,-1024,496,-85,31,-4,1]
[4096,512,256,21,16,2,1]
[16384,-1280,261,-10,1]
[4096,-1536,592,-121,37,-6,1]
[256,-128,0,28,-13,7,0,-2,1]
[256,-64,96,-40,19,-10,6,-1,1]
[4096,768,304,31,19,3,1]
[4096,-2048,752,-197,47,-8,1]
[729,243,126,41,14,3,1]
[4096,0,128,-7,8,0,1]
[4096,-1792,512,-137,32,-7,1]
[256,-192,48,4,-7,1,3,-3,1]
[16384,-2048,177,-16,1]
[4096,1024,-208,-125,-13,4,1]
[512,-640,408,-171,51,-10,1]
[15625,625,-93,5,1]
[512,0,8,-41,1,0,1]
[2401,196,-32,4,1]
[16384,2944,309,23,1]
[4096,1280,384,55,24,5,1]
[4096,-768,256,-89,16,-3,1]
[256,0,-48,-12,25,-3,-3,0,1]
[4096,1280,352,97,22,5,1]
[4096,-768,640,-99,40,-3,1]
[4096,256,208,45,13,1,1]
[4096,-512,688,-55,43,-2,1]
[729,0,72,-19,8,0,1]
[16384,-512,203,-4,1]
[15625,-375,-159,-3,1]
[14641,1089,111,9,1]
[16384,2816,267,22,1]
[512,192,104,43,13,3,1]
[16384,640,45,5,1]
[256,64,80,-12,3,-3,5,1,1]
[2401,392,96,8,1]
[4096,1024,144,41,9,4,1]
[256,-384,304,-172,87,-43,19,-6,1]
[16384,1280,-17,10,1]
[16384,-896,31,-7,1]
[16384,1664,177,13,1]
[2401,-490,71,-10,1]
[4096,-512,-96,1,-6,-2,1]
[4096,2560,1184,327,74,10,1]
[729,324,117,52,13,4,1]
[15625,625,252,5,1]
[4096,-1024,576,-89,36,-4,1]
[4096,-3584,1680,-515,105,-14,1]
[256,192,128,72,39,18,8,3,1]
[2401,49,-68,1,1]
[4096,2304,752,213,47,9,1]
[6561,-243,-104,-3,1]
[4096,-1536,448,-109,28,-6,1]
[14641,242,-79,2,1]
[4096,-3584,1472,-413,92,-14,1]
[4096,-256,256,21,16,-1,1]
[256,-128,80,-32,11,-8,5,-2,1]
[15625,-625,234,-5,1]
[256,0,-16,0,-3,0,-1,0,1]
[4096,512,129,8,1]
[14641,-1573,117,-13,1]
[4096,1536,560,159,35,6,1]
[6561,162,46,2,1]
[6561,0,-20,0,1]
[729,324,153,74,17,4,1]
[4096,-1280,208,-9,13,-5,1]
[512,-320,184,-61,23,-5,1]
[4096,1280,64,-23,4,5,1]
[256,-64,128,-52,37,-13,8,-1,1]
[15625,1875,279,15,1]
[16384,-1536,283,-12,1]
[6561,81,-130,1,1]
[4096,-512,688,-63,43,-2,1]
[14641,0,234,0,1]
[256,0,-32,-12,15,-3,-2,0,1]
[4096,-256,-144,-19,-9,-1,1]
[1024,-32,-7,-1,1]
[14641,-847,208,-7,1]
[6561,405,26,5,1]
[4096,0,96,73,6,0,1]
[4096,-1280,48,27,3,-5,1]
[4096,1024,384,79,24,4,1]
[729,-162,45,7,5,-2,1]
[512,64,-8,-37,-1,1,1]
[14641,1210,146,10,1]
[14641,847,119,7,1]
[4096,768,368,17,23,3,1]
[6561,-81,28,-1,1]
[256,-64,128,-36,47,-9,8,-1,1]
[4096,0,96,-37,6,0,1]
[4096,768,-32,-1,-2,3,1]
[729,81,-45,-29,-5,1,1]
[4096,0,0,-15,0,0,1]
[512,192,112,47,14,3,1]
[256,64,64,28,29,7,4,1,1]
[15625,3125,319,25,1]
[512,-192,48,-5,6,-3,1]
[729,81,36,43,4,1,1]
[4096,2048,752,213,47,8,1]
[4096,2816,1264,371,79,11,1]
[729,-81,99,10,11,-1,1]
[4096,0,-64,11,-4,0,1]
[4096,-1280,-112,107,-7,-5,1]
[4096,-1792,656,-215,41,-7,1]
[14641,121,-147,1,1]
[256,-320,288,-200,107,-50,18,-5,1]
[14641,1210,239,10,1]
[729,162,-9,-11,-1,2,1]
[16384,256,255,2,1]
[4096,768,160,-37,10,3,1]
[4096,-768,400,-77,25,-3,1]
[14641,-968,47,-8,1]
[4096,1792,320,43,20,7,1]
[6561,-729,16,-9,1]
[4096,-768,-32,43,-2,-3,1]
[14641,-968,244,-8,1]
[512,-64,56,-25,7,-1,1]
[4096,-3072,1344,-403,84,-12,1]
[4096,2816,1248,369,78,11,1]
[256,64,-32,0,21,0,-2,1,1]
[15625,0,112,0,1]
[4096,1792,64,-81,4,7,1]
[729,-189,34,-7,1]
[14641,1331,134,11,1]
[4096,1792,640,165,40,7,1]
[256,-64,32,28,-15,7,2,-1,1]
[4096,-1024,224,-107,14,-4,1]
[512,192,128,31,16,3,1]
[2401,196,-1,4,1]
[256,-256,48,44,-35,11,3,-4,1]
[729,-81,-9,29,-1,-1,1]
[4096,512,16,-13,1,2,1]
[256,0,16,-36,3,-9,1,0,1]
[256,320,208,84,37,21,13,5,1]
[4096,-1792,576,-117,36,-7,1]
[4096,-1024,256,1,16,-4,1]
[4096,-1536,752,-167,47,-6,1]
[14641,-363,-75,-3,1]
[256,128,128,20,25,5,8,2,1]
[4096,-1792,576,-133,36,-7,1]
[15625,750,-74,6,1]
[256,-64,48,-32,-3,-8,3,-1,1]
[4096,-1024,400,-41,25,-4,1]
[15625,-2125,236,-17,1]
[256,0,64,-32,15,-8,4,0,1]
[4096,-512,-32,103,-2,-2,1]
[512,0,104,13,13,0,1]
[4096,-1280,400,-139,25,-5,1]
[4096,512,0,51,0,2,1]
[4096,256,-32,79,-2,1,1]
[4096,256,256,-17,16,1,1]
[14641,-484,244,-4,1]
[4096,-1280,304,-43,19,-5,1]
[15625,-250,-134,-2,1]
[15625,250,22,2,1]
[256,-128,48,-28,7,-7,3,-2,1]
[16384,1536,113,12,1]
[4096,-1280,608,-145,38,-5,1]
[16384,1664,197,13,1]
[4096,256,-41,4,1]
[4096,0,128,-59,8,0,1]
[4096,1536,464,97,29,6,1]
[256,0,48,-24,7,-6,3,0,1]
[4096,-1792,576,-149,36,-7,1]
[4096,1024,0,-61,0,4,1]
[4096,1024,624,129,39,4,1]
[625,225,48,9,1]
[4096,-576,67,-9,1]
[6561,-486,14,-6,1]
[256,0,-128,-4,43,-1,-8,0,1]
[4096,512,208,45,13,2,1]
[4096,-1792,688,-207,43,-7,1]
[14641,0,89,0,1]
[4096,-1024,-96,115,-6,-4,1]
[256,0,16,16,-15,4,1,0,1]
[16384,-3328,407,-26,1]
[4096,0,48,115,3,0,1]
[14641,1210,-1,10,1]
[2401,49,-6,1,1]
[729,-324,135,-70,15,-4,1]
[4096,-1024,512,-95,32,-4,1]
[4096,0,-32,39,-2,0,1]
[4096,0,512,7,32,0,1]
[4096,-256,128,-25,8,-1,1]
[256,-192,80,-56,33,-14,5,-3,1]
[4096,3072,912,199,57,12,1]
[4096,0,256,25,16,0,1]
[15625,1000,182,8,1]
[4096,3072,1376,413,86,12,1]
[2401,294,11,6,1]
[256,0,48,0,13,0,3,0,1]
[4096,512,656,53,41,2,1]
[15625,1000,-3,8,1]
[15625,-1875,163,-15,1]
[512,-64,8,-25,1,-1,1]
[4096,1792,592,161,37,7,1]
[4096,-1024,176,-43,11,-4,1]
[4096,-2560,976,-259,61,-10,1]
[4096,2304,832,249,52,9,1]
[256,128,128,56,41,14,8,2,1]
[256,192,0,-44,-27,-11,0,3,1]
[729,0,108,-20,12,0,1]
[4096,1024,304,101,19,4,1]
[4096,512,144,115,9,2,1]
[4096,-768,144,-63,9,-3,1]
[4096,-256,128,23,8,-1,1]
[1024,-320,73,-10,1]
[4096,256,-112,-83,-7,1,1]
[256,0,32,-32,3,-8,2,0,1]
[14641,-1210,75,-10,1]
[6561,324,-17,4,1]
[14641,121,222,1,1]
[14641,484,147,4,1]
[15625,-1000,262,-8,1]
[256,256,240,156,91,39,15,4,1]
[4096,1536,128,-11,8,6,1]
[4096,0,-16,73,-1,0,1]
[15625,4625,592,37,1]
[15625,250,59,2,1]
[512,-256,-40,51,-5,-4,1]
[4096,-960,165,-15,1]
[16384,-256,-79,-2,1]
[14641,1089,-8,9,1]
[729,-324,-63,65,-7,-4,1]
[15625,0,-12,0,1]
[256,64,-16,16,27,4,-1,1,1]
[256,128,64,-32,-13,-8,4,2,1]
[14641,484,-134,4,1]
[4096,1280,128,-29,8,5,1]
[256,320,256,160,83,40,16,5,1]
[256,-64,32,36,-15,9,2,-1,1]
[1024,-416,93,-13,1]
[729,-162,36,17,4,-2,1]
[4096,1024,368,123,23,4,1]
[4096,1024,-160,-147,-10,4,1]
[729,162,27,16,3,2,1]
[4096,-192,-77,-3,1]
[4096,-2048,656,-171,41,-8,1]
[4096,512,-144,-77,-9,2,1]
[4096,-256,160,-3,10,-1,1]
[14641,-968,-20,-8,1]
[4096,1024,256,63,16,4,1]
[4096,-256,192,41,12,-1,1]
[4096,512,560,47,35,2,1]
[4096,0,96,11,6,0,1]
[14641,-968,45,-8,1]
[4096,0,125,0,1]
[4096,-1024,288,-83,18,-4,1]
[4096,256,39,4,1]
[729,81,-36,-5,-4,1,1]
[6561,810,104,10,1]
[256,256,64,-60,-59,-15,4,4,1]
[4096,768,352,53,22,3,1]
[4096,1792,656,161,41,7,1]
[14641,121,-87,1,1]
[6561,891,82,11,1]
[4096,256,288,7,18,1,1]
[729,-162,162,-38,18,-2,1]
[256,0,-32,-8,7,-2,-2,0,1]
[4096,0,336,29,21,0,1]
[15625,-1875,189,-15,1]
[4096,2816,1216,345,76,11,1]
[729,243,90,32,10,3,1]
[4096,2560,784,187,49,10,1]
[512,-64,104,-23,13,-1,1]
[14641,847,250,7,1]
[256,64,0,-12,-3,-3,0,1,1]
[256,128,80,-20,-7,-5,5,2,1]
[256,0,-80,-4,25,-1,-5,0,1]
[256,-192,16,-16,27,-4,1,-3,1]
[256,-128,96,-56,25,-14,6,-2,1]
[4096,-1280,192,9,12,-5,1]
[14641,-242,-75,-2,1]
[729,486,225,76,25,6,1]
[4096,512,-144,-9,-9,2,1]
[256,-192,96,-32,3,-8,6,-3,1]
[81,18,8,2,1]
[256,384,208,16,-23,4,13,6,1]
[256,64,48,-36,-5,-9,3,1,1]
[4096,-1024,464,-55,29,-4,1]
[2401,-196,68,-4,1]
[14641,0,193,0,1]
[4096,1280,560,137,35,5,1]
[4096,512,-240,-69,-15,2,1]
[256,-64,64,0,19,0,4,-1,1]
[4096,-2304,688,-151,43,-9,1]
[15625,2500,263,20,1]
[16384,-2176,259,-17,1]
[4096,2304,960,273,60,9,1]
[729,-324,-45,55,-5,-4,1]
[729,-243,27,-8,3,-3,1]
[4096,-512,-80,41,-5,-2,1]
[729,-324,72,-22,8,-4,1]
[4096,-2304,544,-109,34,-9,1]
[256,64,-80,0,29,0,-5,1,1]
[14641,-1694,225,-14,1]
[512,-192,24,-3,3,-3,1]
[4096,-768,384,-45,24,-3,1]
[2401,-49,83,-1,1]
[256,0,-32,-4,-11,-1,-2,0,1]
[4096,1024,192,57,12,4,1]
[4096,-256,32,81,2,-1,1]
[4096,-1536,144,3,9,-6,1]
[4096,512,512,69,32,2,1]
[14641,4114,525,34,1]
[729,162,-63,-43,-7,2,1]
[14641,-605,210,-5,1]
[729,-162,144,-43,16,-2,1]
[16384,2304,229,18,1]
[4096,768,-16,-65,-1,3,1]
[4096,0,400,21,25,0,1]
[4096,-2048,496,-99,31,-8,1]
[4096,-1024,128,13,8,-4,1]
[16384,512,55,4,1]
[15625,1000,107,8,1]
[512,-256,64,-3,8,-4,1]
[6561,162,44,2,1]
[4096,512,240,97,15,2,1]
[14641,-3872,476,-32,1]
[15625,750,-46,6,1]
[4096,512,304,73,19,2,1]
[256,-64,80,28,3,7,5,-1,1]
[4096,-1024,-48,107,-3,-4,1]
[16384,-2048,219,-16,1]
[4096,512,-16,9,-1,2,1]
[15625,250,-172,2,1]
[4096,-1536,512,-177,32,-6,1]
[256,64,80,52,19,13,5,1,1]
[14641,-1210,258,-10,1]
[729,567,315,124,35,7,1]
[256,-192,96,-4,-9,-1,6,-3,1]
[14641,-726,-30,-6,1]
[16384,128,-51,1,1]
[16384,896,121,7,1]
[4096,-256,336,-29,21,-1,1]
[4096,-1536,144,13,9,-6,1]
[15625,-1750,74,-14,1]
[4096,-256,416,-57,26,-1,1]
[729,189,46,7,1]
[4096,768,352,123,22,3,1]
[729,243,162,55,18,3,1]
[16384,-1664,65,-13,1]
[4096,-512,144,41,9,-2,1]
[4096,1024,272,31,17,4,1]
[15625,-1625,82,-13,1]
[15625,-2000,153,-16,1]
[16384,-896,101,-7,1]
[4096,1280,416,155,26,5,1]
[729,81,189,17,21,1,1]
[2401,-49,40,-1,1]
[4096,1792,224,13,14,7,1]
[14641,2904,311,24,1]
[4096,-3072,1248,-355,78,-12,1]
[15625,500,127,4,1]
[14641,484,109,4,1]
[256,0,-48,-8,25,-2,-3,0,1]
[512,256,40,-5,5,4,1]
[4096,-1536,384,-75,24,-6,1]
[4096,-512,384,-55,24,-2,1]
[4096,0,-80,-81,-5,0,1]
[4096,-3328,1200,-311,75,-13,1]
[4096,1280,384,153,24,5,1]
[4096,256,304,-15,19,1,1]
[4096,-1792,272,-37,17,-7,1]
[256,0,144,8,43,2,9,0,1]
[2401,-49,58,-1,1]
[256,192,176,104,63,26,11,3,1]
[16384,256,195,2,1]
[4096,1280,544,97,34,5,1]
[256,256,208,128,65,32,13,4,1]
[256,192,80,-16,-17,-4,5,3,1]
[4096,-256,-80,-49,-5,-1,1]
[16384,1408,227,11,1]
[4096,2048,736,171,46,8,1]
[14641,1089,113,9,1]
[512,-128,120,-35,15,-2,1]
[512,64,32,11,4,1,1]
[15625,-1250,219,-10,1]
[4096,-2304,656,-151,41,-9,1]
[4096,1280,432,69,27,5,1]
[15625,625,103,5,1]
[256,-128,16,32,-39,8,1,-2,1]
[4096,-1792,944,-223,59,-7,1]
[4096,1792,336,65,21,7,1]
[6561,1134,188,14,1]
[729,-81,54,-40,6,-1,1]
[6561,-729,133,-9,1]
[4096,-256,352,-67,22,-1,1]
[625,250,54,10,1]
[729,-162,-27,20,-3,-2,1]
[4096,1792,368,55,23,7,1]
[15625,2125,226,17,1]
[4096,1792,496,123,31,7,1]
[4096,2048,800,237,50,8,1]
[14641,1331,259,11,1]
[4096,1280,128,-11,8,5,1]
[14641,-121,-108,-1,1]
[4096,-1536,432,-103,27,-6,1]
[4096,768,496,59,31,3,1]
[256,-64,32,-16,15,-4,2,-1,1]
[256,-64,-80,-4,35,-1,-5,-1,1]
[512,-128,80,-3,10,-2,1]
[729,243,180,37,20,3,1]
[4096,-1536,304,-33,19,-6,1]
[4096,-1536,800,-187,50,-6,1]
[256,64,112,52,27,13,7,1,1]
[16384,-896,175,-7,1]
[256,0,80,-60,3,-15,5,0,1]
[6561,-243,149,-3,1]
[256,-128,48,-12,17,-3,3,-2,1]
[6561,-891,167,-11,1]
[4096,256,128,85,8,1,1]
[6561,162,-5,2,1]
[4096,-768,288,-131,18,-3,1]
[4096,0,-48,11,-3,0,1]
[6561,2592,416,32,1]
[2401,-343,15,-7,1]
[4096,-1536,656,-151,41,-6,1]
[4096,256,-144,-29,-9,1,1]
[4096,2048,704,177,44,8,1]
[256,0,144,0,49,0,9,0,1]
[15625,-2375,224,-19,1]
[14641,242,179,2,1]
[15625,500,-51,4,1]
[4096,0,-96,17,-6,0,1]
[729,-27,-5,-1,1]
[729,-81,-54,22,-6,-1,1]
[4096,1280,-96,-89,-6,5,1]
[4096,-256,-64,-55,-4,-1,1]
[15625,1750,281,14,1]
[729,162,99,41,11,2,1]
[4096,-1280,512,-101,32,-5,1]
[256,32,11,2,1]
[729,486,261,103,29,6,1]
[4096,-1024,-224,139,-14,-4,1]
[4096,-1024,-64,71,-4,-4,1]
[6561,-2025,311,-25,1]
[4096,1280,352,113,22,5,1]
[729,405,180,53,20,5,1]
[15625,1625,222,13,1]
[6561,-1539,208,-19,1]
[4096,-512,512,-25,32,-2,1]
[4096,-512,48,35,3,-2,1]
[512,-64,32,-39,4,-1,1]
[16384,256,85,2,1]
[256,-64,-32,24,-5,6,-2,-1,1]
[4096,-1536,-64,117,-4,-6,1]
[729,648,414,157,46,8,1]
[4096,-1536,240,-9,15,-6,1]
[14641,-363,161,-3,1]
[4096,-1280,208,-3,13,-5,1]
[256,-192,128,-76,49,-19,8,-3,1]
[4096,-1024,0,67,0,-4,1]
[512,-256,128,-43,16,-4,1]
[4096,1536,496,137,31,6,1]
[4096,3072,1392,415,87,12,1]
[1024,0,53,0,1]
[729,81,-27,11,-3,1,1]
[4096,768,576,63,36,3,1]
[14641,968,72,8,1]
[4096,-256,80,-51,5,-1,1]
[4096,2816,1056,301,66,11,1]
[4096,1024,272,81,17,4,1]
[4096,-2304,960,-253,60,-9,1]
[14641,1573,237,13,1]
[15625,-875,228,-7,1]
[4096,-1280,16,31,1,-5,1]
[4096,256,96,-31,6,1,1]
[14641,-1210,119,-10,1]
[6561,-1377,200,-17,1]
[6561,-972,172,-12,1]
[4096,768,208,95,13,3,1]
[16384,256,165,2,1]
[4096,256,-80,49,-5,1,1]
[4096,-256,256,27,16,-1,1]
[14641,-3025,377,-25,1]
[64,16,16,-3,4,1,1]
[15625,-2500,273,-20,1]
[16384,4864,607,38,1]
[14641,-1210,13,-10,1]
[4096,576,135,9,1]
[4096,-256,688,-27,43,-1,1]
[15625,-2375,239,-19,1]
[14641,-4840,639,-40,1]
[14641,-121,222,-1,1]
[256,256,176,88,39,22,11,4,1]
[4096,512,192,7,12,2,1]
[4096,-704,147,-11,1]
[256,-256,80,8,-15,2,5,-4,1]
[16384,-384,-41,-3,1]
[729,162,63,-14,7,2,1]
[64,-64,48,-31,12,-4,1]
[256,256,64,-64,-57,-16,4,4,1]
[4096,0,112,-59,7,0,1]
[16384,1920,187,15,1]
[4096,-1792,640,-181,40,-7,1]
[4096,1536,320,33,20,6,1]
[4096,-768,0,71,0,-3,1]
[14641,3751,463,31,1]
[4096,256,288,-37,18,1,1]
[256,-128,144,-88,41,-22,9,-2,1]
[729,405,180,61,20,5,1]
[4096,256,49,4,1]
[512,64,56,-3,7,1,1]
[4096,1536,752,173,47,6,1]
[256,-128,0,24,-11,6,0,-2,1]
[4096,256,-96,-19,-6,1,1]
[14641,605,74,5,1]
[4096,512,-16,-89,-1,2,1]
[729,-81,-36,14,-4,-1,1]
[15625,1875,271,15,1]
[4096,-1024,560,-93,35,-4,1]
[4096,512,208,11,13,2,1]
[256,256,224,124,71,31,14,4,1]
[14641,121,-181,1,1]
[4096,2816,944,247,59,11,1]
[4096,-512,-48,3,-3,-2,1]
[4096,512,-128,-65,-8,2,1]
[4096,1792,672,187,42,7,1]
[4096,-256,384,-55,24,-1,1]
[14641,2178,260,18,1]
[16384,-1664,67,-13,1]
[256,-192,80,-40,29,-10,5,-3,1]
[4096,768,-32,-15,-2,3,1]
[729,0,-36,23,-4,0,1]
[4096,768,288,49,18,3,1]
[4096,-2304,992,-261,62,-9,1]
[256,-192,48,-52,49,-13,3,-3,1]
[4096,-768,16,75,1,-3,1]
[256,-192,192,-108,69,-27,12,-3,1]
[14641,-363,116,-3,1]
[256,-320,256,-156,87,-39,16,-5,1]
[16384,3456,383,27,1]
[729,-324,-27,41,-3,-4,1]
[16384,-2304,163,-18,1]
[16384,-128,-97,-1,1]
[4096,256,16,-63,1,1,1]
[4096,-1536,224,-43,14,-6,1]
[729,-243,81,1,9,-3,1]
[4096,768,-64,-95,-4,3,1]
[256,-256,80,52,-53,13,5,-4,1]
[256,-448,432,-316,181,-79,27,-7,1]
[729,-81,-36,2,-4,-1,1]
[4096,-768,16,-37,1,-3,1]
[15625,1125,151,9,1]
[4096,512,256,101,16,2,1]
[256,128,128,92,37,23,8,2,1]
[4096,768,80,-21,5,3,1]
[729,81,162,23,18,1,1]
[4096,2816,1200,363,75,11,1]
[4096,-512,336,-73,21,-2,1]
[4096,-2304,960,-273,60,-9,1]
[256,128,80,-8,3,-2,5,2,1]
[15625,3375,397,27,1]
[729,162,9,-16,1,2,1]
[15625,-250,203,-2,1]
[256,-128,-16,-24,35,-6,-1,-2,1]
[625,-200,46,-8,1]
[729,-243,117,-62,13,-3,1]
[14641,-1815,131,-15,1]
[256,-16,3,-1,1]
[16384,3328,355,26,1]
[2401,-686,109,-14,1]
[4096,0,192,-63,12,0,1]
[15625,1500,67,12,1]
[256,-320,288,-200,111,-50,18,-5,1]
[256,192,176,64,45,16,11,3,1]
[625,-75,3,-3,1]
[512,-192,120,-51,15,-3,1]
[256,0,144,24,39,6,9,0,1]
[15625,1750,119,14,1]
[512,-192,144,-31,18,-3,1]
[729,324,54,10,6,4,1]
[14641,1210,41,10,1]
[256,-192,112,-48,11,-12,7,-3,1]
[15625,1250,141,10,1]
[4096,1280,272,81,17,5,1]
[6561,-972,158,-12,1]
[4096,-512,96,-59,6,-2,1]
[4096,768,400,109,25,3,1]
[256,-64,32,32,-11,8,2,-1,1]
[6561,-729,125,-9,1]
[4096,1024,640,117,40,4,1]
[256,-64,0,24,-5,6,0,-1,1]
[14641,484,-39,4,1]
[4096,0,320,35,20,0,1]
[4096,2304,720,197,45,9,1]
[4096,-1024,48,35,3,-4,1]
[256,-64,-48,16,-5,4,-3,-1,1]
[15625,-1125,216,-9,1]
[16384,-384,229,-3,1]
[4096,768,400,47,25,3,1]
[256,-64,-16,-20,17,-5,-1,-1,1]
[14641,-1089,95,-9,1]
[4096,-768,32,31,2,-3,1]
[4096,256,32,-73,2,1,1]
[4096,-512,192,-59,12,-2,1]
[16384,256,-159,2,1]
[4096,-1280,352,-67,22,-5,1]
[4096,-512,176,-111,11,-2,1]
[256,-192,144,-80,39,-20,9,-3,1]
[256,-64,48,-40,5,-10,3,-1,1]
[729,-162,72,-53,8,-2,1]
[4096,512,416,61,26,2,1]
[16384,-384,-17,-3,1]
[729,81,9,5,1,1,1]
[4096,768,-112,-127,-7,3,1]
[6561,1134,167,14,1]
[4096,0,96,-97,6,0,1]
[14641,-3267,419,-27,1]
[4096,-768,48,7,3,-3,1]
[16384,896,215,7,1]
[14641,1210,240,10,1]
[512,-192,88,-31,11,-3,1]
[256,-128,64,-44,35,-11,4,-2,1]
[4096,1024,400,75,25,4,1]
[256,0,-16,24,7,6,-1,0,1]
[4096,0,63,0,1]
[4096,768,208,45,13,3,1]
[15625,750,111,6,1]
[256,256,144,32,5,8,9,4,1]
[15625,625,197,5,1]
[256,256,176,80,43,20,11,4,1]
[256,128,64,-20,-15,-5,4,2,1]
[14641,-3025,373,-25,1]
[4096,-2048,848,-251,53,-8,1]
[4096,1280,48,-57,3,5,1]
[256,0,16,12,-11,3,1,0,1]
[14641,4114,510,34,1]
[4096,512,144,-27,9,2,1]
[4096,512,288,-13,18,2,1]
[729,-243,117,-23,13,-3,1]
[4096,1024,480,79,30,4,1]
[4096,2304,880,249,55,9,1]
[16384,-896,-27,-7,1]
[4096,1792,800,191,50,7,1]
[2401,588,101,12,1]
[2401,-49,-8,-1,1]
[15625,-1875,148,-15,1]
[16384,1920,165,15,1]
[4096,256,96,117,6,1,1]
[15625,2500,333,20,1]
[4096,2048,688,179,43,8,1]
[729,27,25,1,1]
[2401,245,-16,5,1]
[4096,512,-16,-71,-1,2,1]
[14641,121,-112,1,1]
[6561,-729,82,-9,1]
[4096,1024,464,65,29,4,1]
[256,0,16,8,19,2,1,0,1]
[6561,-1053,163,-13,1]
[256,0,96,40,19,10,6,0,1]
[4096,512,96,49,6,2,1]
[15625,3625,402,29,1]
[15625,3750,448,30,1]
[16384,512,97,4,1]
[16384,2816,317,22,1]
[4096,512,-16,-39,-1,2,1]
[15625,0,-222,0,1]
[729,-405,261,-82,29,-5,1]
[256,-256,160,-60,25,-15,10,-4,1]
[14641,-968,137,-8,1]
[256,192,80,48,29,12,5,3,1]
[14641,-2178,190,-18,1]
[4096,1536,-112,-145,-7,6,1]
[256,64,112,44,31,11,7,1,1]
[4096,0,-80,-17,-5,0,1]
[4096,-1280,336,-125,21,-5,1]
[64,48,28,17,7,3,1]
[4096,1024,400,111,25,4,1]
[4096,-2816,1152,-335,72,-11,1]
[4096,768,-32,-77,-2,3,1]
[512,384,40,-23,5,6,1]
[4096,1792,448,85,28,7,1]
[4096,512,0,33,0,2,1]
[4096,-512,-80,81,-5,-2,1]
[729,-324,27,20,3,-4,1]
[2401,-490,59,-10,1]
[15625,1375,118,11,1]
[4096,0,64,-39,4,0,1]
[256,64,80,8,9,2,5,1,1]
[16384,2048,139,16,1]
[256,-320,192,-112,65,-28,12,-5,1]
[729,-243,180,-44,20,-3,1]
[256,256,96,-32,-39,-8,6,4,1]
[4096,1792,224,-9,14,7,1]
[4096,1024,112,-21,7,4,1]
[14641,-2299,290,-19,1]
[4096,1536,336,35,21,6,1]
[4096,-3072,1472,-433,92,-12,1]
[15625,-1875,302,-15,1]
[15625,-875,81,-7,1]
[256,0,80,24,11,6,5,0,1]
[256,-128,192,-76,67,-19,12,-2,1]
[256,256,96,-20,-27,-5,6,4,1]
[256,64,-48,-16,3,-4,-3,1,1]
[6561,-972,113,-12,1]
[4096,768,176,93,11,3,1]
[15625,3125,376,25,1]
[256,80,29,5,1]
[16384,1024,71,8,1]
[4096,1536,736,177,46,6,1]
[15625,-1375,12,-11,1]
[4096,-512,-144,97,-9,-2,1]
[4096,1024,496,61,31,4,1]
[256,-128,64,-24,-3,-6,4,-2,1]
[4096,-512,160,-131,10,-2,1]
[4096,768,48,-1,3,3,1]
[2401,637,113,13,1]
[256,64,80,28,35,7,5,1,1]
[4096,-768,99,-12,1]
[4096,0,304,-49,19,0,1]
[729,-81,27,-23,3,-1,1]
[4096,768,464,65,29,3,1]
[14641,-968,-19,-8,1]
[256,-128,96,-4,5,-1,6,-2,1]
[256,-256,176,-108,53,-27,11,-4,1]
[4096,2048,816,227,51,8,1]
[15625,-1625,153,-13,1]
[4096,1024,192,-9,12,4,1]
[256,128,96,64,19,16,6,2,1]
[4096,-256,368,-37,23,-1,1]
[14641,-3146,364,-26,1]
[4096,-768,32,55,2,-3,1]
[15625,-1000,163,-8,1]
[4096,-512,512,-73,32,-2,1]
[15625,1500,171,12,1]
[15625,-3000,308,-24,1]
[256,64,0,28,25,7,0,1,1]
[256,256,176,116,61,29,11,4,1]
[4096,1792,736,189,46,7,1]
[729,162,207,32,23,2,1]
[4096,-1280,160,-27,10,-5,1]
[729,-81,108,-1,12,-1,1]
[14641,363,-93,3,1]
[1024,192,37,6,1]
[729,-405,90,-19,10,-5,1]
[4096,2560,880,235,55,10,1]
[729,81,135,22,15,1,1]
[15625,1250,246,10,1]
[15625,-125,-36,-1,1]
[512,128,80,3,10,2,1]
[4096,512,128,-11,8,2,1]
[256,-64,48,-28,25,-7,3,-1,1]
[256,64,0,-24,-23,-6,0,1,1]
[4096,-256,544,-23,34,-1,1]
[6561,729,175,9,1]
[14641,-1452,34,-12,1]
[256,-128,128,-52,37,-13,8,-2,1]
[256,256,160,116,71,29,10,4,1]
[15625,-500,64,-4,1]
[256,0,80,28,15,7,5,0,1]
[14641,1694,123,14,1]
[4096,512,0,-37,0,2,1]
[4096,-768,80,-55,5,-3,1]
[256,256,96,-24,-33,-6,6,4,1]
[64,16,4,1,1,1,1]
[256,64,-64,4,31,1,-4,1,1]
[729,81,-36,-8,-4,1,1]
[6561,324,-89,4,1]
[2401,-392,75,-8,1]
[15625,3750,467,30,1]
[15625,2000,124,16,1]
[6561,-567,47,-7,1]
[4096,-1536,-144,153,-9,-6,1]
[256,-384,352,-248,139,-62,22,-6,1]
[256,320,208,76,27,19,13,5,1]
[15625,0,-129,0,1]
[14641,4719,618,39,1]
[15625,-2000,312,-16,1]
[6561,1296,170,16,1]
[6561,891,40,11,1]
[4096,2048,896,227,56,8,1]
[4096,-256,-80,5,-5,-1,1]
[729,162,9,-7,1,2,1]
[16384,-2048,271,-16,1]
[4096,1792,576,185,36,7,1]
[16384,-512,103,-4,1]
[16384,-768,71,-6,1]
[4096,1280,640,149,40,5,1]
[2401,637,109,13,1]
[4096,0,-80,51,-5,0,1]
[4096,-1536,-112,125,-7,-6,1]
[15625,-2125,286,-17,1]
[512,-192,176,-41,22,-3,1]
[4096,256,560,19,35,1,1]
[256,0,-96,8,27,2,-6,0,1]
[16384,1664,183,13,1]
[4096,-512,112,1,7,-2,1]
[4096,-512,0,-9,0,-2,1]
[4096,-1280,688,-133,43,-5,1]
[16384,-1536,17,-12,1]
[256,0,-16,-4,19,-1,-1,0,1]
[15625,-1000,143,-8,1]
[15625,-375,-164,-3,1]
[256,320,304,204,113,51,19,5,1]
[14641,0,109,0,1]
[4096,1280,0,-37,0,5,1]
[729,162,27,5,3,2,1]
[4096,-512,112,-117,7,-2,1]
[4096,-2816,960,-241,60,-11,1]
[4096,-2560,1152,-315,72,-10,1]
[4096,-2304,752,-181,47,-9,1]
[4096,-768,32,57,2,-3,1]
[4096,-3072,1360,-415,85,-12,1]
[4096,-256,16,-49,1,-1,1]
[256,-128,48,-4,-7,-1,3,-2,1]
[4096,-64,-23,-1,1]
[512,192,96,43,12,3,1]
[4096,1536,224,-7,14,6,1]
[1024,288,67,9,1]
[4096,1024,-48,-103,-3,4,1]
[16384,-1024,213,-8,1]
[4096,-512,176,-55,11,-2,1]
[4096,-512,128,-121,8,-2,1]
[4096,768,176,65,11,3,1]
[729,-297,79,-11,1]
[14641,1210,21,10,1]
[729,81,117,20,13,1,1]
[4096,-1024,400,-143,25,-4,1]
[256,64,16,36,21,9,1,1,1]
[4096,-512,400,-23,25,-2,1]
[4096,-1024,96,29,6,-4,1]
[4096,1536,480,111,30,6,1]
[4096,-1280,272,-21,17,-5,1]
[256,-128,48,-28,27,-7,3,-2,1]
[4096,-512,-144,39,-9,-2,1]
[14641,-726,90,-6,1]
[15625,4500,571,36,1]
[4096,512,-192,-71,-12,2,1]
[4096,768,304,35,19,3,1]
[16384,-1408,83,-11,1]
[256,-256,160,-100,55,-25,10,-4,1]
[4096,2304,768,183,48,9,1]
[4096,128,-37,2,1]
[729,324,126,59,14,4,1]
[512,-256,80,-37,10,-4,1]
[14641,-1815,246,-15,1]
[4096,1024,-208,-111,-13,4,1]
[729,-81,72,20,8,-1,1]
[625,250,64,10,1]
[256,-64,96,-40,31,-10,6,-1,1]
[256,320,256,160,89,40,16,5,1]
[256,0,144,-4,47,-1,9,0,1]
[4096,-512,208,-97,13,-2,1]
[16384,1792,107,14,1]
[14641,363,48,3,1]
[15625,500,21,4,1]
[4096,-1792,512,-123,32,-7,1]
[256,-64,-16,-8,17,-2,-1,-1,1]
[512,192,56,5,7,3,1]
[729,324,63,-4,7,4,1]
[625,0,27,0,1]
[14641,-1210,180,-10,1]
[256,192,96,48,35,12,6,3,1]
[15625,-2000,283,-16,1]
[4096,704,109,11,1]
[729,0,36,20,4,0,1]
[4096,1280,-128,-117,-8,5,1]
[4096,1280,496,111,31,5,1]
[4096,-2304,672,-155,42,-9,1]
[256,-64,0,16,-7,4,0,-1,1]
[512,-256,120,-57,15,-4,1]
[4096,-1024,-32,43,-2,-4,1]
[4096,-1280,384,-47,24,-5,1]
[512,0,32,-31,4,0,1]
[2401,196,32,4,1]
[2401,294,55,6,1]
[64,48,24,7,6,3,1]
[512,128,24,27,3,2,1]
[15625,2125,179,17,1]
[256,-128,-16,4,13,1,-1,-2,1]
[256,64,-48,4,17,1,-3,1,1]
[15625,625,239,5,1]
[14641,-1089,117,-9,1]
[256,0,96,-44,13,-11,6,0,1]
[4096,-256,288,-23,18,-1,1]
[4096,256,64,-19,4,1,1]
[256,0,64,20,23,5,4,0,1]
[4096,2560,928,245,58,10,1]
[4096,1024,176,71,11,4,1]
[15625,-2000,132,-16,1]
[4096,-512,192,1,12,-2,1]
[14641,-1694,247,-14,1]
[4096,-768,608,-77,38,-3,1]
[729,-243,81,-44,9,-3,1]
[6561,-891,182,-11,1]
[14641,-605,183,-5,1]
[729,-324,-9,38,-1,-4,1]
[4096,-512,96,45,6,-2,1]
[4096,-1024,304,-51,19,-4,1]
[6561,-567,101,-7,1]
[4096,1792,560,141,35,7,1]
[256,0,0,4,5,1,0,0,1]
[729,-324,144,-52,16,-4,1]
[15625,500,139,4,1]
[14641,484,233,4,1]
[4096,-256,208,45,13,-1,1]
[14641,2057,202,17,1]
[729,-81,27,-17,3,-1,1]
[512,0,80,-19,10,0,1]
[4096,1024,224,109,14,4,1]
[4096,0,96,-79,6,0,1]
[4096,64,51,1,1]
[256,128,48,24,15,6,3,2,1]
[4096,768,16,-79,1,3,1]
[4096,2048,720,227,45,8,1]
[16384,256,-3,2,1]
[512,256,-24,-41,-3,4,1]
[256,-256,224,-124,71,-31,14,-4,1]
[4096,-2048,736,-195,46,-8,1]
[6561,243,148,3,1]
[4096,512,144,127,9,2,1]
[4096,1280,544,89,34,5,1]
[729,405,103,15,1]
[729,-189,25,-7,1]
[14641,1089,247,9,1]
[16384,2048,109,16,1]
[512,-256,136,-51,17,-4,1]
[4096,768,-16,-41,-1,3,1]
[4096,-576,63,-9,1]
[512,448,208,71,26,7,1]
[6561,648,20,8,1]
[4096,0,-83,0,1]
[256,256,176,88,41,22,11,4,1]
[16384,-512,197,-4,1]
[729,-405,-9,47,-1,-5,1]
[256,256,80,-44,-49,-11,5,4,1]
[16384,512,215,4,1]
[16384,896,23,7,1]
[14641,605,-38,5,1]
[4096,-512,48,39,3,-2,1]
[4096,-1536,368,-105,23,-6,1]
[15625,2625,346,21,1]
[4096,-2048,832,-245,52,-8,1]
[4096,-512,0,-11,0,-2,1]
[4096,1792,352,45,22,7,1]
[4096,-1280,528,-103,33,-5,1]
[1024,-256,59,-8,1]
[729,0,54,4,6,0,1]
[4096,-2560,768,-191,48,-10,1]
[729,81,27,43,3,1,1]
[14641,-121,-183,-1,1]
[6561,-1377,227,-17,1]
[729,-243,234,-53,26,-3,1]
[256,192,32,-44,-31,-11,2,3,1]
[16384,0,-87,0,1]
[4096,1024,128,47,8,4,1]
[256,-192,96,-36,11,-9,6,-3,1]
[256,128,96,48,31,12,6,2,1]
[4096,-1792,592,-159,37,-7,1]
[256,64,-16,-4,-1,-1,-1,1,1]
[15625,0,176,0,1]
[14641,-968,174,-8,1]
[4096,1280,400,61,25,5,1]
[256,0,80,44,9,11,5,0,1]
[4096,1536,384,75,24,6,1]
[729,486,252,101,28,6,1]
[729,-162,162,-25,18,-2,1]
[14641,-605,1,-5,1]
[4096,-2304,992,-277,62,-9,1]
[4096,-256,-192,53,-12,-1,1]
[14641,-2420,306,-20,1]
[15625,-1875,167,-15,1]
[16384,3200,365,25,1]
[16384,1920,213,15,1]
[16384,-384,3,-3,1]
[14641,-2299,215,-19,1]
[15625,500,218,4,1]
[256,0,32,-20,-9,-5,2,0,1]
[625,75,19,3,1]
[1024,-224,57,-7,1]
[729,-243,108,-56,12,-3,1]
[4096,-768,208,-95,13,-3,1]
[15625,-1250,59,-10,1]
[256,-64,48,-40,7,-10,3,-1,1]
[4096,64,41,1,1]
[4096,-1792,656,-203,41,-7,1]
[15625,3375,369,27,1]
[15625,-2250,223,-18,1]
[512,-256,32,13,4,-4,1]
[16384,1024,181,8,1]
[14641,0,-25,0,1]
[4096,-1280,256,-63,16,-5,1]
[4096,-512,272,17,17,-2,1]
[4096,-1024,512,-83,32,-4,1]
[4096,1280,-144,-107,-9,5,1]
[256,-64,16,4,-21,1,1,-1,1]
[4096,512,144,125,9,2,1]
[14641,1573,120,13,1]
[729,81,108,-7,12,1,1]
[4096,-1024,-192,133,-12,-4,1]
[6561,-891,140,-11,1]
[4096,-3584,1680,-503,105,-14,1]
[4096,256,128,-15,8,1,1]
[256,256,224,128,77,32,14,4,1]
[4096,-768,64,-53,4,-3,1]
[729,81,117,17,13,1,1]
[15625,3500,427,28,1]
[729,0,-18,16,-2,0,1]
[256,128,96,52,25,13,6,2,1]
[4096,-1792,560,-121,35,-7,1]
[6561,-1458,233,-18,1]
[4096,3328,1568,469,98,13,1]
[512,-256,176,-59,22,-4,1]
[4096,768,448,39,28,3,1]
[729,324,36,-11,4,4,1]
[256,-320,240,-120,61,-30,15,-5,1]
[4096,512,32,-49,2,2,1]
[6561,-324,88,-4,1]
[4096,896,175,14,1]
[14641,-1815,273,-15,1]
[4096,256,80,41,5,1,1]
[4096,256,576,19,36,1,1]
[14641,1573,280,13,1]
[15625,-500,216,-4,1]
[14641,2783,331,23,1]
[16384,640,-103,5,1]
[16384,-768,-119,-6,1]
[16384,-128,229,-1,1]
[256,-192,64,-40,27,-10,4,-3,1]
[14641,3388,400,28,1]
[4096,0,-144,9,-9,0,1]
[4096,768,-128,-49,-8,3,1]
[128,15,1]
[512,64,0,-7,0,1,1]
[4096,0,64,-71,4,0,1]
[256,64,32,24,1,6,2,1,1]
[4096,-256,176,31,11,-1,1]
[256,256,240,144,83,36,15,4,1]
[4096,-256,112,-105,7,-1,1]
[16384,1152,67,9,1]
[512,-320,112,-25,14,-5,1]
[256,192,48,-24,-25,-6,3,3,1]
[2401,-784,159,-16,1]
[4096,1536,-208,-179,-13,6,1]
[14641,-1936,261,-16,1]
[15625,1875,266,15,1]
[729,0,-9,-38,-1,0,1]
[256,-64,96,-76,19,-19,6,-1,1]
[729,-567,297,-107,33,-7,1]
[4096,1536,96,-21,6,6,1]
[729,-324,18,29,2,-4,1]
[6561,-81,25,-1,1]
[4096,-256,-80,-5,-5,-1,1]
[4096,-256,-80,-43,-5,-1,1]
[256,-128,48,-24,7,-6,3,-2,1]
[4096,1536,-144,-147,-9,6,1]
[4096,-1536,144,-7,9,-6,1]
[15625,-3000,327,-24,1]
[4096,-256,288,9,18,-1,1]
[16384,1024,-51,8,1]
[4096,1536,-144,-137,-9,6,1]
[4096,512,-48,1,-3,2,1]
[256,-384,336,-204,109,-51,21,-6,1]
[4096,-512,480,-71,30,-2,1]
[256,0,64,-28,9,-7,4,0,1]
[729,162,81,50,9,2,1]
[4096,768,320,127,20,3,1]
[14641,-605,93,-5,1]
[81,9,4,1,1]
[4096,-1536,448,-123,28,-6,1]
[16384,896,-51,7,1]
[16384,-1152,-1,-9,1]
[729,-162,-27,35,-3,-2,1]
[256,192,112,68,45,17,7,3,1]
[256,-128,96,-4,13,-1,6,-2,1]
[729,567,153,29,17,7,1]
[256,0,0,-4,13,-1,0,0,1]
[16384,2048,271,16,1]
[256,64,48,0,11,0,3,1,1]
[16384,-2688,235,-21,1]
[4096,512,-16,27,-1,2,1]
[14641,-1573,57,-13,1]
[4096,-2048,576,-121,36,-8,1]
[729,-243,40,-9,1]
[512,128,-48,-21,-6,2,1]
[16384,384,109,3,1]
[4096,768,128,71,8,3,1]
[512,-320,200,-73,25,-5,1]
[729,81,-9,-41,-1,1,1]
[4096,1024,464,135,29,4,1]
[256,192,48,-4,-5,-1,3,3,1]
[14641,-2299,305,-19,1]
[4096,-1536,48,75,3,-6,1]
[4096,0,-64,-83,-4,0,1]
[4096,1536,608,165,38,6,1]
[256,128,80,24,23,6,5,2,1]
[15625,-1375,26,-11,1]
[1024,224,45,7,1]
[256,-384,176,40,-63,10,11,-6,1]
[4096,-1280,416,-87,26,-5,1]
[256,-192,80,-56,35,-14,5,-3,1]
[4096,-192,51,-3,1]
[15625,-1375,236,-11,1]
[256,-192,48,-52,47,-13,3,-3,1]
[4096,768,544,93,34,3,1]
[4096,-1792,704,-181,44,-7,1]
[729,0,63,-17,7,0,1]
[4096,-512,-32,67,-2,-2,1]
[4096,-512,320,-99,20,-2,1]
[256,64,80,20,25,5,5,1,1]
[4096,-768,16,-3,1,-3,1]
[256,-64,-32,-4,7,-1,-2,-1,1]
[4096,-768,-80,117,-5,-3,1]
[729,-405,180,-68,20,-5,1]
[2401,147,11,3,1]
[256,64,32,-4,-15,-1,2,1,1]
[729,81,63,-5,7,1,1]
[6561,-891,89,-11,1]
[16384,-2304,233,-18,1]
[14641,-3872,467,-32,1]
[729,-243,135,-37,15,-3,1]
[15625,1625,249,13,1]
[4096,0,-128,23,-8,0,1]
[4096,0,576,-9,36,0,1]
[256,0,80,8,31,2,5,0,1]
[256,-80,27,-5,1]
[14641,1815,292,15,1]
[15625,3250,346,26,1]
[16384,256,117,2,1]
[14641,-121,-151,-1,1]
[256,192,112,48,11,12,7,3,1]
[512,-192,0,27,0,-3,1]
[729,729,432,167,48,9,1]
[4096,0,48,-3,3,0,1]
[16384,-512,-93,-4,1]
[4096,-1536,368,-87,23,-6,1]
[4096,-1024,-16,81,-1,-4,1]
[4096,1536,816,185,51,6,1]
[2401,245,20,5,1]
[4096,-512,320,-11,20,-2,1]
[4096,-512,240,-115,15,-2,1]
[6561,1134,136,14,1]
[4096,-256,448,-47,28,-1,1]
[512,64,80,-9,10,1,1]
[15625,-500,28,-4,1]
[4096,-1024,-16,45,-1,-4,1]
[4096,1792,144,-43,9,7,1]
[4096,0,208,-57,13,0,1]
[14641,726,-95,6,1]
[14641,968,-8,8,1]
[256,192,176,60,41,15,11,3,1]
[4096,-2304,880,-241,55,-9,1]
[6561,-567,143,-7,1]
[256,-64,144,-48,47,-12,9,-1,1]
[256,256,208,104,55,26,13,4,1]
[4096,-256,512,-45,32,-1,1]
[4096,0,-16,1,-1,0,1]
[4096,-512,112,-79,7,-2,1]
[729,-567,153,-29,17,-7,1]
[256,-256,80,-28,21,-7,5,-4,1]
[2401,-147,-39,-3,1]
[256,-128,48,-36,15,-9,3,-2,1]
[256,64,16,28,9,7,1,1,1]
[4096,-256,32,-5,2,-1,1]
[2401,686,141,14,1]
[729,162,9,-10,1,2,1]
[729,486,234,82,26,6,1]
[256,192,160,80,47,20,10,3,1]
[256,64,96,32,17,8,6,1,1]
[4096,-896,121,-14,1]
[729,-81,36,-46,4,-1,1]
[15625,1125,232,9,1]
[4096,768,256,91,16,3,1]
[512,0,-32,9,-4,0,1]
[4096,1792,592,147,37,7,1]
[2401,539,102,11,1]
[256,64,32,-16,-3,-4,2,1,1]
[256,-64,48,-28,23,-7,3,-1,1]
[4096,2304,1024,291,64,9,1]
[4096,1280,512,95,32,5,1]
[4096,-512,-32,-3,-2,-2,1]
[16384,512,123,4,1]
[14641,-605,69,-5,1]
[4096,-512,192,-31,12,-2,1]
[14641,-2299,225,-19,1]
[256,-128,-32,12,11,3,-2,-2,1]
[256,-64,-96,16,21,4,-6,-1,1]
[729,81,135,8,15,1,1]
[729,-135,52,-5,1]
[4096,1280,336,101,21,5,1]
[15625,-1750,207,-14,1]
[256,-192,16,-36,45,-9,1,-3,1]
[729,-405,144,-56,16,-5,1]
[4096,-768,432,-85,27,-3,1]
[512,-576,296,-109,37,-9,1]
[15625,500,107,4,1]
[4096,768,160,17,10,3,1]
[729,-567,279,-98,31,-7,1]
[256,384,384,276,159,69,24,6,1]
[14641,-847,50,-7,1]
[4096,1792,304,53,19,7,1]
[256,64,-32,12,23,3,-2,1,1]
[4096,-768,133,-12,1]
[4096,-1024,432,-121,27,-4,1]
[4096,-256,336,-1,21,-1,1]
[729,405,234,74,26,5,1]
[256,0,16,32,7,8,1,0,1]
[2401,-539,80,-11,1]
[4096,1792,176,-31,11,7,1]
[256,-192,160,-88,55,-22,10,-3,1]
[16384,-384,75,-3,1]
[15625,2000,294,16,1]
[4096,3072,1328,387,83,12,1]
[4096,768,112,-37,7,3,1]
[512,-192,16,17,2,-3,1]
[256,-64,64,-32,13,-8,4,-1,1]
[2401,-196,-12,-4,1]
[16384,-1280,237,-10,1]
[4096,1344,227,21,1]
[4096,-256,16,-95,1,-1,1]
[15625,-1875,232,-15,1]
[256,-64,16,12,-23,3,1,-1,1]
[512,-384,256,-93,32,-6,1]
[14641,484,-101,4,1]
[4096,2048,880,243,55,8,1]
[256,256,240,152,83,38,15,4,1]
[4096,-768,448,-97,28,-3,1]
[14641,-726,-70,-6,1]
[4096,-1024,16,29,1,-4,1]
[16384,-768,-43,-6,1]
[14641,-363,74,-3,1]
[4096,0,-112,-23,-7,0,1]
[256,-320,144,12,-33,3,9,-5,1]
[16384,-128,179,-1,1]
[4096,256,48,-1,3,1,1]
[15625,-2250,229,-18,1]
[4096,-2048,720,-189,45,-8,1]
[15625,375,17,3,1]
[256,-64,-48,20,-1,5,-3,-1,1]
[256,320,192,116,69,29,12,5,1]
[6561,-324,80,-4,1]
[4096,-832,121,-13,1]
[4096,-1024,128,41,8,-4,1]
[4096,-256,80,23,5,-1,1]
[15625,750,-14,6,1]
[16384,-384,47,-3,1]
[256,64,32,-36,-5,-9,2,1,1]
[16384,-128,-133,-1,1]
[16384,-1024,153,-8,1]
[512,-192,-48,47,-6,-3,1]
[256,128,64,40,19,10,4,2,1]
[16384,-1920,229,-15,1]
[256,-256,160,-40,15,-10,10,-4,1]
[729,243,171,58,19,3,1]
[4096,-768,64,31,4,-3,1]
[16384,-128,-163,-1,1]
[4096,1024,208,17,13,4,1]
[16384,768,235,6,1]
[4096,-512,480,-61,30,-2,1]
[4096,-2560,656,-131,41,-10,1]
[4096,0,160,41,10,0,1]
[729,729,432,169,48,9,1]
[15625,2250,319,18,1]
[4096,-512,80,23,5,-2,1]
[2401,-392,38,-8,1]
[625,75,33,3,1]
[125,22,1]
[14641,1573,111,13,1]
[15625,-1750,124,-14,1]
[4096,1280,192,1,12,5,1]
[16384,1408,201,11,1]
[256,-128,16,40,-21,10,1,-2,1]
[4096,256,-16,87,-1,1,1]
[4096,2560,1152,331,72,10,1]
[4096,2048,224,-27,14,8,1]
[16384,0,-49,0,1]
[6561,-567,146,-7,1]
[729,162,63,41,7,2,1]
[4096,256,304,-1,19,1,1]
[14641,0,-9,0,1]
[4096,1536,608,143,38,6,1]
[4096,-1024,304,-79,19,-4,1]
[4096,512,656,59,41,2,1]
[729,243,9,-2,1,3,1]
[729,243,72,23,8,3,1]
[729,0,9,-16,1,0,1]
[256,192,144,84,57,21,9,3,1]
[4096,-832,159,-13,1]
[4096,1792,208,-1,13,7,1]
[16384,2304,219,18,1]
[6561,-405,50,-5,1]
[4096,1280,176,49,11,5,1]
[14641,-847,243,-7,1]
[6561,-405,-56,-5,1]
[15625,-2250,193,-18,1]
[729,0,72,-16,8,0,1]
[729,162,54,-8,6,2,1]
[4096,1024,480,99,30,4,1]
[14641,-968,225,-8,1]
[4096,0,624,9,39,0,1]
[256,-64,48,8,11,2,3,-1,1]
[4096,0,80,-87,5,0,1]
[256,-128,160,-72,49,-18,10,-2,1]
[16384,-1280,63,-10,1]
[256,-128,112,-80,35,-20,7,-2,1]
[4096,256,80,81,5,1,1]
[729,648,378,140,42,8,1]
[729,-243,81,-31,9,-3,1]
[4096,-2304,512,-87,32,-9,1]
[256,-192,176,-88,57,-22,11,-3,1]
[14641,-605,243,-5,1]
[729,-486,234,-76,26,-6,1]
[729,-81,0,-32,0,-1,1]
[256,64,-112,0,45,0,-7,1,1]
[256,320,176,76,37,19,11,5,1]
[4096,256,224,-35,14,1,1]
[256,-256,144,-72,39,-18,9,-4,1]
[4096,1536,512,113,32,6,1]
[4096,1024,560,93,35,4,1]
[4096,768,640,81,40,3,1]
[512,-320,8,33,1,-5,1]
[4096,-1024,0,59,0,-4,1]
[16384,1024,-53,8,1]
[729,270,71,10,1]
[4096,-512,112,-73,7,-2,1]
[256,-64,16,0,3,0,1,-1,1]
[4096,3584,1696,523,106,14,1]
[4096,0,-64,7,-4,0,1]
[256,64,144,36,43,9,9,1,1]
[4096,512,208,47,13,2,1]
[4096,256,-128,3,-8,1,1]
[14641,-363,229,-3,1]
[15625,500,-16,4,1]
[4096,2304,784,223,49,9,1]
[4096,1024,496,109,31,4,1]
[4096,256,144,55,9,1,1]
[15625,-1500,239,-12,1]
[4096,1024,-16,-11,-1,4,1]
[4096,576,117,9,1]
[14641,-726,28,-6,1]
[4096,768,109,12,1]
[4096,768,-208,-79,-13,3,1]
[4096,1280,320,59,20,5,1]
[256,-256,176,-88,49,-22,11,-4,1]
[256,64,-64,-12,21,-3,-4,1,1]
[256,-128,112,-48,39,-12,7,-2,1]
[15625,625,-2,5,1]
[16384,4352,531,34,1]
[15625,500,-38,4,1]
[4096,-1280,480,-105,30,-5,1]
[16384,0,-27,0,1]
[4096,2816,1184,329,74,11,1]
[256,-384,384,-256,145,-64,24,-6,1]
[256,-128,128,-84,41,-21,8,-2,1]
[14641,1089,38,9,1]
[2401,-196,3,-4,1]
[729,0,-36,-28,-4,0,1]
[4096,1792,496,147,31,7,1]
[4096,0,-32,19,-2,0,1]
[16384,-1280,-1,-10,1]
[512,320,128,39,16,5,1]
[256,-128,-80,0,41,0,-5,-2,1]
[256,-64,0,-24,23,-6,0,-1,1]
[2401,49,-54,1,1]
[15625,-1875,273,-15,1]
[4096,-256,-80,-7,-5,-1,1]
[4096,-1280,368,-95,23,-5,1]
[4096,1792,336,27,21,7,1]
[6561,-648,166,-8,1]
[15625,-125,-128,-1,1]
[4096,-1280,448,-123,28,-5,1]
[4096,1792,784,213,49,7,1]
[4096,-1280,752,-141,47,-5,1]
[4096,-256,-80,45,-5,-1,1]
[6561,-648,95,-8,1]
[256,-64,48,0,15,0,3,-1,1]
[512,-64,48,13,6,-1,1]
[15625,-1125,148,-9,1]
[729,162,56,6,1]
[6561,-486,46,-6,1]
[16384,1792,97,14,1]
[4096,-512,224,-7,14,-2,1]
[512,-448,248,-103,31,-7,1]
[15625,-250,172,-2,1]
[16384,1152,-23,9,1]
[4096,-1280,224,-21,14,-5,1]
[4096,1024,480,67,30,4,1]
[4096,256,272,-15,17,1,1]
[14641,1331,76,11,1]
[15625,3000,339,24,1]
[15625,2000,268,16,1]
[4096,-1024,176,-71,11,-4,1]
[4096,-1024,64,35,4,-4,1]
[512,-128,120,-21,15,-2,1]
[256,-256,144,-44,15,-11,9,-4,1]
[4096,-768,64,43,4,-3,1]
[729,0,-9,38,-1,0,1]
[16384,768,183,6,1]
[64,-16,24,-1,6,-1,1]
[6561,0,-28,0,1]
[256,0,64,28,9,7,4,0,1]
[256,-128,16,12,3,3,1,-2,1]
[4096,-768,592,-91,37,-3,1]
[16384,2304,157,18,1]
[4096,0,-48,-31,-3,0,1]
[4096,768,-176,-107,-11,3,1]
[15625,0,-162,0,1]
[6561,-162,92,-2,1]
[256,-64,160,-20,47,-5,10,-1,1]
[4096,-2304,528,-101,33,-9,1]
[16384,640,231,5,1]
[256,320,208,72,25,18,13,5,1]
[256,-128,0,12,-11,3,0,-2,1]
[14641,726,87,6,1]
[15625,1125,52,9,1]
[4096,-512,-128,41,-8,-2,1]
[14641,-1452,195,-12,1]
[16384,0,-61,0,1]
[4096,-768,448,-71,28,-3,1]
[512,0,56,15,7,0,1]
[4096,512,208,71,13,2,1]
[4096,256,400,37,25,1,1]
[15625,-1500,24,-12,1]
[4096,-512,-128,93,-8,-2,1]
[16384,-128,43,-1,1]
[14641,-605,128,-5,1]
[15625,-2375,302,-19,1]
[4096,1024,176,21,11,4,1]
[16384,-2176,173,-17,1]
[15625,3375,368,27,1]
[729,0,-18,25,-2,0,1]
[512,-320,72,-7,9,-5,1]
[14641,0,17,0,1]
[4096,256,16,-83,1,1,1]
[4096,256,480,23,30,1,1]
[6561,891,88,11,1]
[4096,1280,288,51,18,5,1]
[4096,1024,32,-31,2,4,1]
[14641,-121,-164,-1,1]
[729,162,126,38,14,2,1]
[256,0,96,12,27,3,6,0,1]
[729,-270,50,-10,1]
[14641,605,-23,5,1]
[256,-320,304,-212,119,-53,19,-5,1]
[16384,1152,135,9,1]
[256,-320,240,-144,73,-36,15,-5,1]
[14641,-3509,422,-29,1]
[4096,-512,128,-11,8,-2,1]
[15625,-1875,278,-15,1]
[4096,0,112,-49,7,0,1]
[15625,3125,357,25,1]
[4096,-1024,192,23,12,-4,1]
[4096,-768,256,-63,16,-3,1]
[4096,-1024,624,-121,39,-4,1]
[729,-162,99,-11,11,-2,1]
[4096,1792,752,199,47,7,1]
[14641,847,65,7,1]
[4096,64,-77,1,1]
[729,486,225,95,25,6,1]
[16384,768,-115,6,1]
[4096,512,96,71,6,2,1]
[256,64,32,-32,-15,-8,2,1,1]
[4096,-256,192,49,12,-1,1]
[256,64,48,16,-5,4,3,1,1]
[4096,256,0,37,0,1,1]
[14641,-1936,123,-16,1]
[4096,1792,-160,-177,-10,7,1]
[4096,2560,992,273,62,10,1]
[4096,512,160,-3,10,2,1]
[4096,256,224,-11,14,1,1]
[4096,-768,400,-89,25,-3,1]
[15625,0,-16,0,1]
[512,-384,176,-67,22,-6,1]
[4096,-512,224,-69,14,-2,1]
[4096,2048,288,5,18,8,1]
[4096,-768,400,-41,25,-3,1]
[4096,768,192,45,12,3,1]
[4096,768,688,97,43,3,1]
[512,-64,16,-3,2,-1,1]
[729,0,18,5,2,0,1]
[14641,-2541,279,-21,1]
[4096,-512,304,-69,19,-2,1]
[4096,768,-80,-57,-5,3,1]
[4096,1536,96,-49,6,6,1]
[256,-192,80,-32,9,-8,5,-3,1]
[4096,512,48,-7,3,2,1]
[14641,242,148,2,1]
[81,-54,25,-6,1]
[4096,-2048,624,-139,39,-8,1]
[4096,-1280,448,-153,28,-5,1]
[4096,1280,480,149,30,5,1]
[15625,-1125,118,-9,1]
[64,-16,20,-11,5,-1,1]
[625,-25,7,-1,1]
[256,256,176,68,33,17,11,4,1]
[729,162,45,40,5,2,1]
[256,128,-16,24,39,6,-1,2,1]
[16384,4864,605,38,1]
[4096,256,125,4,1]
[4096,-768,-128,129,-8,-3,1]
[4096,1536,624,165,39,6,1]
[729,-243,108,-64,12,-3,1]
[256,128,48,4,1,1,3,2,1]
[15625,-625,81,-5,1]
[256,64,-32,-24,-3,-6,-2,1,1]
[14641,-1936,125,-16,1]
[14641,605,206,5,1]
[15625,1875,93,15,1]
[256,-128,64,-40,27,-10,4,-2,1]
[15625,-1000,146,-8,1]
[4096,-2048,800,-243,50,-8,1]
[14641,3751,466,31,1]
[4096,512,-96,9,-6,2,1]
[15625,1000,164,8,1]
[4096,512,48,39,3,2,1]
[4096,1280,304,37,19,5,1]
[256,-64,48,-40,25,-10,3,-1,1]
[625,200,49,8,1]
[625,0,39,0,1]
[625,0,31,0,1]
[729,-243,54,-19,6,-3,1]
[4096,-512,-48,61,-3,-2,1]
[4096,0,240,59,15,0,1]
[256,128,0,-4,5,-1,0,2,1]
[14641,3388,426,28,1]
[4096,-512,256,-93,16,-2,1]
[6561,-81,-134,-1,1]
[2401,686,128,14,1]
[4096,3072,1120,295,70,12,1]
[729,-81,27,-2,3,-1,1]
[4096,1280,-96,-85,-6,5,1]
[4096,1024,512,125,32,4,1]
[16384,2816,289,22,1]
[256,64,-16,0,13,0,-1,1,1]
[4096,-1024,432,-89,27,-4,1]
[2401,-539,67,-11,1]
[4096,-2048,768,-185,48,-8,1]
[4096,2304,736,179,46,9,1]
[16384,768,-77,6,1]
[15625,-1125,23,-9,1]
[16384,512,193,4,1]
[729,243,52,9,1]
[6561,81,-43,1,1]
[15625,-250,133,-2,1]
[15625,0,-197,0,1]
[4096,2304,848,233,53,9,1]
[256,0,48,-12,11,-3,3,0,1]
[14641,-1452,103,-12,1]
[6561,-1215,152,-15,1]
[4096,-1024,-240,127,-15,-4,1]
[15625,0,247,0,1]
[256,128,112,56,39,14,7,2,1]
[6561,324,64,4,1]
[729,0,18,40,2,0,1]
[256,256,208,120,71,30,13,4,1]
[16384,-2816,317,-22,1]
[4096,-512,304,-75,19,-2,1]
[4096,-1792,-48,129,-3,-7,1]
[15625,-4125,492,-33,1]
[256,0,80,-16,15,-4,5,0,1]
[4096,-1536,400,-101,25,-6,1]
[14641,242,172,2,1]
[4096,-1792,48,91,3,-7,1]
[4096,-512,96,7,6,-2,1]
[729,-81,-54,23,-6,-1,1]
[4096,-256,384,-27,24,-1,1]
[4096,-512,80,-15,5,-2,1]
[256,0,-32,8,7,2,-2,0,1]
[256,-64,48,4,5,1,3,-1,1]
[4096,-2304,1088,-293,68,-9,1]
[256,0,112,0,33,0,7,0,1]
[15625,-2375,316,-19,1]
[512,64,32,15,4,1,1]
[4096,-1536,128,33,8,-6,1]
[16384,2944,357,23,1]
[512,-128,48,-39,6,-2,1]
[4096,-3072,1472,-431,92,-12,1]
[729,324,72,14,8,4,1]
[6561,-405,-7,-5,1]
[4096,-3072,1264,-361,79,-12,1]
[4096,256,48,-49,3,1,1]
[4096,1280,192,27,12,5,1]
[15625,-1500,29,-12,1]
[4096,-256,80,43,5,-1,1]
[729,486,117,16,13,6,1]
[14641,3146,393,26,1]
[16384,896,55,7,1]
[4096,-512,256,-39,16,-2,1]
[4096,1280,512,109,32,5,1]
[2401,-490,114,-10,1]
[15625,250,3,2,1]
[15625,-1375,259,-11,1]
[14641,-605,136,-5,1]
[15625,-875,147,-7,1]
[729,-324,-72,76,-8,-4,1]
[256,64,96,8,23,2,6,1,1]
[256,448,480,364,207,91,30,7,1]
[14641,-2178,161,-18,1]
[256,-256,208,-112,61,-28,13,-4,1]
[4096,-512,176,43,11,-2,1]
[4096,-512,256,17,16,-2,1]
[4096,1024,-64,-69,-4,4,1]
[14641,2420,259,20,1]
[256,128,96,52,43,13,6,2,1]
[256,192,64,-32,-31,-8,4,3,1]
[14641,726,-15,6,1]
[4096,128,-23,2,1]
[4096,1792,0,-97,0,7,1]
[4096,-2304,464,-67,29,-9,1]
[4096,1280,480,165,30,5,1]
[4096,-256,160,33,10,-1,1]
[729,81,9,23,1,1,1]
[256,0,-112,0,25,0,-7,0,1]
[14641,1936,115,16,1]
[729,-162,27,-19,3,-2,1]
[15625,-250,91,-2,1]
[4096,256,112,9,7,1,1]
[16384,1536,93,12,1]
[729,0,153,4,17,0,1]
[512,-64,8,19,1,-1,1]
[512,320,176,77,22,5,1]
[15625,2500,301,20,1]
[4096,2816,1120,327,70,11,1]
[4096,-256,528,-11,33,-1,1]
[4096,512,416,75,26,2,1]
[4096,-1024,-64,45,-4,-4,1]
[14641,-968,119,-8,1]
[4096,512,464,81,29,2,1]
[729,-486,45,26,5,-6,1]
[729,-162,-9,-2,-1,-2,1]
[16384,256,31,2,1]
[4096,-1792,480,-119,30,-7,1]
[2401,-588,109,-12,1]
[2401,-441,115,-9,1]
[4096,512,320,11,20,2,1]
[6561,1539,251,19,1]
[4096,1792,736,177,46,7,1]
[14641,121,-218,1,1]
[14641,605,76,5,1]
[15625,1500,229,12,1]
[729,-162,99,-7,11,-2,1]
[4096,-4096,2032,-627,127,-16,1]
[512,-192,24,9,3,-3,1]
[14641,-1573,72,-13,1]
[729,108,16,4,1]
[256,-64,-64,20,13,5,-4,-1,1]
[4096,-1536,704,-159,44,-6,1]
[4096,2304,928,287,58,9,1]
[14641,-242,-114,-2,1]
[4096,-512,608,-43,38,-2,1]
[14641,-1331,141,-11,1]
[4096,-2560,848,-207,53,-10,1]
[15625,-875,7,-7,1]
[729,-486,243,-88,27,-6,1]
[256,0,32,-24,-3,-6,2,0,1]
[4096,-1024,480,-135,30,-4,1]
[16384,-2048,123,-16,1]
[256,-64,32,-16,3,-4,2,-1,1]
[14641,726,130,6,1]
[729,-324,189,-59,21,-4,1]
[14641,121,89,1,1]
[512,-64,120,-17,15,-1,1]
[15625,-3750,423,-30,1]
[256,-128,112,-56,45,-14,7,-2,1]
[4096,-1280,416,-111,26,-5,1]
[4096,-1536,736,-161,46,-6,1]
[14641,-242,8,-2,1]
[15625,3500,423,28,1]
[4096,-1280,304,-37,19,-5,1]
[256,-64,96,12,15,3,6,-1,1]
[4096,3328,1328,375,83,13,1]
[4096,-1024,336,-121,21,-4,1]
[4096,-1536,-32,87,-2,-6,1]
[256,64,128,12,35,3,8,1,1]
[256,-256,80,0,-5,0,5,-4,1]
[256,-128,112,-56,23,-14,7,-2,1]
[15625,-250,171,-2,1]
[729,81,72,29,8,1,1]
[512,448,216,85,27,7,1]
[4096,768,96,29,6,3,1]
[14641,726,-26,6,1]
[256,64,160,24,51,6,10,1,1]
[16384,1280,211,10,1]
[4096,768,-32,-87,-2,3,1]
[4096,768,592,81,37,3,1]
[4096,64,-99,1,1]
[4096,512,144,99,9,2,1]
[15625,750,141,6,1]
[4096,-768,96,-67,6,-3,1]
[4096,0,336,-39,21,0,1]
[16384,3456,359,27,1]
[256,-192,32,12,-7,3,2,-3,1]
[4096,-768,320,-69,20,-3,1]
[256,0,16,16,-19,4,1,0,1]
[4096,-768,336,-71,21,-3,1]
[4096,1536,608,139,38,6,1]
[729,27,49,1,1]
[729,486,207,61,23,6,1]
[6561,0,-1,0,1]
[729,810,441,167,49,10,1]
[256,192,144,100,51,25,9,3,1]
[256,64,0,16,29,4,0,1,1]
[4096,512,432,69,27,2,1]
[4096,512,240,-3,15,2,1]
[512,-384,104,-19,13,-6,1]
[15625,-1625,111,-13,1]
[256,-128,112,-52,27,-13,7,-2,1]
[729,162,-54,-40,-6,2,1]
[256,-64,48,-4,17,-1,3,-1,1]
[256,64,-16,-8,-3,-2,-1,1,1]
[6561,-324,-56,-4,1]
[16384,-2304,299,-18,1]
[4096,0,384,-39,24,0,1]
[14641,-968,25,-8,1]
[4096,-768,160,-57,10,-3,1]
[4096,1536,160,7,10,6,1]
[16384,640,29,5,1]
[6561,162,76,2,1]
[4096,0,48,35,3,0,1]
[256,-192,48,40,-35,10,3,-3,1]
[512,-192,40,9,5,-3,1]
[4096,2560,1152,335,72,10,1]
[4096,1792,-48,-127,-3,7,1]
[4096,-512,224,-111,14,-2,1]
[4096,-1536,304,-41,19,-6,1]
[4096,1280,320,35,20,5,1]
[14641,-1331,25,-11,1]
[15625,2000,273,16,1]
[4096,-256,96,55,6,-1,1]
[16384,768,-81,6,1]
[4096,1024,64,-1,4,4,1]
[256,-128,96,-68,21,-17,6,-2,1]
[14641,-121,-82,-1,1]
[729,81,117,22,13,1,1]
[14641,-847,247,-7,1]
[14641,1573,112,13,1]
[4096,512,-160,-81,-10,2,1]
[4096,-1024,64,-21,4,-4,1]
[16384,-3328,357,-26,1]
[256,-192,64,-44,29,-11,4,-3,1]
[14641,-726,-84,-6,1]
[14641,605,-24,5,1]
[512,256,8,-25,1,4,1]
[15625,0,98,0,1]
[256,0,-64,12,17,3,-4,0,1]
[256,-256,176,-108,59,-27,11,-4,1]
[15625,-1000,122,-8,1]
[4096,-1536,512,-95,32,-6,1]
[4096,2560,1152,315,72,10,1]
[15625,2000,253,16,1]
[14641,1210,73,10,1]
[16384,-1920,223,-15,1]
[15625,1750,82,14,1]
[256,-192,96,-48,17,-12,6,-3,1]
[256,0,16,0,17,0,1,0,1]
[4096,1280,-32,-83,-2,5,1]
[256,256,256,144,87,36,16,4,1]
[729,-567,180,-44,20,-7,1]
[256,128,64,-4,-7,-1,4,2,1]
[14641,-2662,248,-22,1]
[15625,-2500,308,-20,1]
[729,-162,27,13,3,-2,1]
[14641,-363,232,-3,1]
[729,162,52,6,1]
[4096,-256,320,3,20,-1,1]
[14641,-1573,181,-13,1]
[4096,-2048,832,-229,52,-8,1]
[6561,486,152,6,1]
[4096,256,368,-17,23,1,1]
[4096,384,-17,6,1]
[16384,-2304,169,-18,1]
[4096,512,16,53,1,2,1]
[2401,49,-73,1,1]
[4096,-1024,320,-117,20,-4,1]
[4096,-768,0,5,0,-3,1]
[14641,242,91,2,1]
[4096,1536,464,85,29,6,1]
[4096,0,-32,-55,-2,0,1]
[4096,-256,128,57,8,-1,1]
[6561,648,55,8,1]
[6561,0,-146,0,1]
[729,0,-54,-17,-6,0,1]
[729,567,279,109,31,7,1]
[4096,512,48,73,3,2,1]
[512,-64,-32,37,-4,-1,1]
[4096,1280,176,31,11,5,1]
[14641,121,-7,1,1]
[4096,-192,45,-3,1]
[729,-162,117,-37,13,-2,1]
[4096,-2304,976,-281,61,-9,1]
[4096,-1280,-208,173,-13,-5,1]
[4096,-512,144,-81,9,-2,1]
[256,-64,96,-8,25,-2,6,-1,1]
[256,128,112,40,25,10,7,2,1]
[16384,-1664,41,-13,1]
[6561,162,106,2,1]
[4096,256,528,15,33,1,1]
[4096,-1792,352,-51,22,-7,1]
[256,-256,128,-40,13,-10,8,-4,1]
[4096,1792,720,187,45,7,1]
[4096,-1024,-144,121,-9,-4,1]
[4096,512,208,113,13,2,1]
[256,-192,160,-92,47,-23,10,-3,1]
[15625,0,204,0,1]
[15625,625,2,5,1]
[14641,-847,-29,-7,1]
[256,-192,96,-28,5,-7,6,-3,1]
[4096,-1792,624,-157,39,-7,1]
[256,64,-16,-4,1,-1,-1,1,1]
[4096,-1536,528,-161,33,-6,1]
[4096,-1024,-64,109,-4,-4,1]
[4096,-512,240,35,15,-2,1]
[16384,1536,85,12,1]
[15625,2750,261,22,1]
[729,-405,189,-59,21,-5,1]
[4096,-512,512,-65,32,-2,1]
[81,-9,13,-1,1]
[4096,1024,48,-27,3,4,1]
[512,192,56,33,7,3,1]
[256,-128,80,-48,43,-12,5,-2,1]
[256,64,16,-12,7,-3,1,1,1]
[256,0,112,-20,29,-5,7,0,1]
[15625,-1250,-11,-10,1]
[14641,363,-146,3,1]
[256,0,-160,4,53,1,-10,0,1]
[14641,-3872,472,-32,1]
[256,192,176,96,59,24,11,3,1]
[256,192,0,12,29,3,0,3,1]
[14641,-1452,174,-12,1]
[4096,-768,336,-57,21,-3,1]
[256,-128,192,-72,65,-18,12,-2,1]
[16384,-256,-155,-2,1]
[2401,0,-13,0,1]
[625,-75,16,-3,1]
[6561,-1539,203,-19,1]
[4096,-512,224,-35,14,-2,1]
[256,448,448,308,171,77,28,7,1]
[4096,2048,928,231,58,8,1]
[256,-192,192,-140,65,-35,12,-3,1]
[15625,-2875,292,-23,1]
[4096,256,-32,-3,-2,1,1]
[6561,648,13,8,1]
[14641,-3025,328,-25,1]
[4096,-512,-16,-17,-1,-2,1]
[15625,625,-69,5,1]
[6561,1782,241,22,1]
[16384,-768,111,-6,1]
[4096,-768,-176,121,-11,-3,1]
[4096,768,96,27,6,3,1]
[4096,-1792,416,-81,26,-7,1]
[4096,-256,272,-21,17,-1,1]
[512,-64,120,-21,15,-1,1]
[4096,0,128,59,8,0,1]
[14641,1452,70,12,1]
[512,-192,136,-31,17,-3,1]
[16384,512,-33,4,1]
[15625,-1250,56,-10,1]
[64,0,-4,11,-1,0,1]
[15625,-2125,288,-17,1]
[15625,625,-99,5,1]
[4096,0,-80,45,-5,0,1]
[4096,-2304,864,-263,54,-9,1]
[256,128,-32,4,23,1,-2,2,1]
[729,-162,63,-1,7,-2,1]
[4096,-1280,320,-125,20,-5,1]
[16384,2688,275,21,1]
[4096,2304,464,67,29,9,1]
[256,0,-48,0,3,0,-3,0,1]
[729,-243,171,-35,19,-3,1]
[512,0,104,7,13,0,1]
[729,-81,55,-3,1]
[4096,-2560,976,-289,61,-10,1]
[4096,0,-16,45,-1,0,1]
[729,-81,-9,11,-1,-1,1]
[14641,-1331,50,-11,1]
[15625,-1500,41,-12,1]
[512,64,0,17,0,1,1]
[256,192,144,76,43,19,9,3,1]
[4096,256,400,5,25,1,1]
[729,486,171,55,19,6,1]
[4096,2048,528,117,33,8,1]
[14641,-363,-59,-3,1]
[4096,1024,224,9,14,4,1]
[512,192,120,41,15,3,1]
[14641,-1452,156,-12,1]
[14641,-2783,282,-23,1]
[15625,-125,-2,-1,1]
[4096,1536,224,3,14,6,1]
[6561,972,97,12,1]
[729,-81,90,-13,10,-1,1]
[14641,121,84,1,1]
[256,0,32,0,15,0,2,0,1]
[4096,512,-32,-65,-2,2,1]
[256,-144,43,-9,1]
[256,320,288,196,105,49,18,5,1]
[4096,2304,864,243,54,9,1]
[4096,-1024,352,-143,22,-4,1]
[4096,1792,400,67,25,7,1]
[6561,-1053,193,-13,1]
[729,-162,56,-6,1]
[729,-243,-36,32,-4,-3,1]
[4096,-2048,384,-63,24,-8,1]
[256,192,80,16,3,4,5,3,1]
[256,-192,48,44,-37,11,3,-3,1]
[4096,-1280,-224,151,-14,-5,1]
[4096,1024,512,103,32,4,1]
[4096,-768,-160,63,-10,-3,1]
[4096,-512,-32,-41,-2,-2,1]
[16384,-896,199,-7,1]
[729,243,-72,-58,-8,3,1]
[4096,0,304,-23,19,0,1]
[4096,2048,80,-91,5,8,1]
[14641,-2541,316,-21,1]
[15625,-1875,94,-15,1]
[256,128,144,72,39,18,9,2,1]
[15625,1000,96,8,1]
[4096,-2816,1008,-265,63,-11,1]
[4096,-1792,768,-211,48,-7,1]
[16384,-1408,9,-11,1]
[4096,1280,352,121,22,5,1]
[256,0,80,8,13,2,5,0,1]
[256,64,32,12,-11,3,2,1,1]
[4096,-512,96,15,6,-2,1]
[729,0,-45,-23,-5,0,1]
[256,-192,80,28,-25,7,5,-3,1]
[729,-324,171,-56,19,-4,1]
[256,0,-32,0,9,0,-2,0,1]
[4096,-256,-80,27,-5,-1,1]
[6561,486,86,6,1]
[4096,-512,160,-35,10,-2,1]
[729,-405,243,-77,27,-5,1]
[14641,-3267,365,-27,1]
[16384,1280,159,10,1]
[15625,-500,16,-4,1]
[4096,1024,240,9,15,4,1]
[15625,-1125,231,-9,1]
[4096,0,-192,-9,-12,0,1]
[256,-384,336,-208,111,-52,21,-6,1]
[4096,1280,368,79,23,5,1]
[4096,-1536,288,-55,18,-6,1]
[256,-256,176,-76,33,-19,11,-4,1]
[4096,-768,32,75,2,-3,1]
[4096,640,115,10,1]
[16384,-3072,311,-24,1]
[16384,4608,563,36,1]
[16384,1152,249,9,1]
[4096,512,-48,-103,-3,2,1]
[256,0,32,32,11,8,2,0,1]
[4096,3328,1360,381,85,13,1]
[15625,1000,-11,8,1]
[15625,-1625,239,-13,1]
[729,-567,252,-92,28,-7,1]
[256,128,16,28,23,7,1,2,1]
[15625,625,208,5,1]
[6561,324,31,4,1]
[512,256,112,41,14,4,1]
[729,-324,45,5,5,-4,1]
[2401,-49,51,-1,1]
[4096,512,80,-7,5,2,1]
[4096,768,240,-7,15,3,1]
[15625,-1125,186,-9,1]
[4096,-512,-144,29,-9,-2,1]
[15625,500,191,4,1]
[4096,-768,176,-5,11,-3,1]
[729,162,18,-26,2,2,1]
[256,0,32,-4,29,-1,2,0,1]
[4096,-256,-128,-3,-8,-1,1]
[2401,-49,72,-1,1]
[4096,-1536,288,-61,18,-6,1]
[256,-128,48,-12,-3,-3,3,-2,1]
[4096,-1024,448,-79,28,-4,1]
[4096,-1024,400,-57,25,-4,1]
[256,-128,96,-48,35,-12,6,-2,1]
[4096,512,400,9,25,2,1]
[512,128,16,-11,2,2,1]
[15625,-4000,491,-32,1]
[256,-192,48,36,-35,9,3,-3,1]
[4096,-512,224,-55,14,-2,1]
[256,64,64,52,15,13,4,1,1]
[6561,-891,103,-11,1]
[512,576,312,121,39,9,1]
[4096,-256,32,-41,2,-1,1]
[6561,891,106,11,1]
[256,-256,208,-136,83,-34,13,-4,1]
[14641,605,113,5,1]
[4096,768,-48,-43,-3,3,1]
[15625,-1500,87,-12,1]
[729,-405,198,-58,22,-5,1]
[16384,-2816,353,-22,1]
[4096,2816,1232,355,77,11,1]
[16384,512,-123,4,1]
[4096,-768,288,-9,18,-3,1]
[4096,-256,32,-1,2,-1,1]
[729,81,27,44,3,1,1]
[729,81,117,31,13,1,1]
[256,-320,160,-64,33,-16,10,-5,1]
[256,-64,80,-16,11,-4,5,-1,1]
[4096,-1280,-160,119,-10,-5,1]
[256,-64,-16,32,-7,8,-1,-1,1]
[15625,-1250,191,-10,1]
[4096,-256,176,-57,11,-1,1]
[4096,512,-192,-41,-12,2,1]
[6561,-486,47,-6,1]
[256,256,192,100,51,25,12,4,1]
[15625,875,169,7,1]
[512,-64,48,7,6,-1,1]
[256,128,48,32,11,8,3,2,1]
[4096,-1024,16,33,1,-4,1]
[14641,-968,-13,-8,1]
[15625,-3875,447,-31,1]
[729,-324,9,13,1,-4,1]
[4096,768,96,71,6,3,1]
[4096,768,112,13,7,3,1]
[4096,768,608,67,38,3,1]
[15625,-875,23,-7,1]
[14641,-1573,241,-13,1]
[729,-486,225,-80,25,-6,1]
[4096,-2304,784,-187,49,-9,1]
[2401,196,6,4,1]
[4096,-64,77,-1,1]
[6561,-1215,112,-15,1]
[14641,968,162,8,1]
[512,64,-16,-37,-2,1,1]
[16384,-2944,327,-23,1]
[14641,121,175,1,1]
[15625,2000,248,16,1]
[16384,512,-63,4,1]
[14641,-726,45,-6,1]
[14641,726,69,6,1]
[4096,512,-96,-67,-6,2,1]
[4096,-512,448,-41,28,-2,1]
[15625,2625,227,21,1]
[4096,0,-112,23,-7,0,1]
[16384,-768,-89,-6,1]
[4096,-3328,1472,-439,92,-13,1]
[512,64,104,13,13,1,1]
[256,-384,416,-300,175,-75,26,-6,1]
[4096,-512,64,-13,4,-2,1]
[512,448,176,53,22,7,1]
[4096,-2560,1056,-313,66,-10,1]
[256,128,16,-16,-11,-4,1,2,1]
[4096,-1280,320,-39,20,-5,1]
[4096,1024,288,23,18,4,1]
[4096,512,128,45,8,2,1]
[14641,-121,211,-1,1]
[4096,-128,-39,-2,1]
[256,-384,240,-64,9,-16,15,-6,1]
[729,-486,99,-7,11,-6,1]
[4096,-768,-16,47,-1,-3,1]
[2401,441,33,9,1]
[14641,1210,24,10,1]
[4096,-2048,496,-119,31,-8,1]
[2401,49,-36,1,1]
[4096,-1024,-48,57,-3,-4,1]
[729,162,-9,-29,-1,2,1]
[4096,1280,0,-49,0,5,1]
[4096,-4608,2416,-759,151,-18,1]
[256,256,80,-12,-19,-3,5,4,1]
[256,-384,336,-216,119,-54,21,-6,1]
[4096,512,320,95,20,2,1]
[14641,121,124,1,1]
[256,64,48,24,19,6,3,1,1]
[256,0,64,-44,9,-11,4,0,1]
[4096,-1024,384,-113,24,-4,1]
[256,-192,160,-112,49,-28,10,-3,1]
[4096,-768,192,3,12,-3,1]
[4096,3072,1168,319,73,12,1]
[4096,-1792,448,-97,28,-7,1]
[2401,0,-74,0,1]
[625,-125,48,-5,1]
[512,256,152,63,19,4,1]
[16384,1024,117,8,1]
[256,-256,192,-112,67,-28,12,-4,1]
[4096,-768,-96,89,-6,-3,1]
[256,-192,32,-24,27,-6,2,-3,1]
[15625,-1125,42,-9,1]
[4096,-512,-160,61,-10,-2,1]
[4096,2048,448,73,28,8,1]
[4096,-768,256,-119,16,-3,1]
[4096,256,160,55,10,1,1]
[4096,256,16,93,1,1,1]
[729,-54,16,-2,1]
[4096,0,117,0,1]
[256,64,16,28,19,7,1,1,1]
[4096,1280,768,155,48,5,1]
[4096,1408,247,22,1]
[15625,625,-76,5,1]
[4096,256,-80,19,-5,1,1]
[256,-128,-16,-12,25,-3,-1,-2,1]
[256,-64,48,-4,5,-1,3,-1,1]
[15625,1250,267,10,1]
[15625,-500,-141,-4,1]
[512,-64,-16,21,-2,-1,1]
[4096,0,-32,15,-2,0,1]
[4096,256,192,-63,12,1,1]
[256,-448,416,-288,161,-72,26,-7,1]
[14641,484,80,4,1]
[256,256,96,-16,-23,-4,6,4,1]
[4096,-2304,880,-257,55,-9,1]
[16384,2304,191,18,1]
[16384,-256,81,-2,1]
[15625,-1000,-61,-8,1]
[2401,-196,71,-4,1]
[256,-320,272,-184,97,-46,17,-5,1]
[14641,-1694,257,-14,1]
[16384,-3968,473,-31,1]
[121,18,1]
[4096,-512,368,-19,23,-2,1]
[4096,512,-80,-1,-5,2,1]
[15625,3375,357,27,1]
[625,0,36,0,1]
[512,512,352,143,44,8,1]
[15625,-125,236,-1,1]
[729,162,72,19,8,2,1]
[4096,1792,592,193,37,7,1]
[512,448,120,17,15,7,1]
[4096,-1792,576,-113,36,-7,1]
[4096,1280,-16,-73,-1,5,1]
[4096,512,-80,-21,-5,2,1]
[14641,242,184,2,1]
[14641,-968,208,-8,1]
[6561,-243,157,-3,1]
[16384,1024,-5,8,1]
[4096,-1024,400,-53,25,-4,1]
[256,-128,32,24,-13,6,2,-2,1]
[16384,512,231,4,1]
[256,-128,0,-28,35,-7,0,-2,1]
[15625,1625,279,13,1]
[14641,1089,43,9,1]
[729,324,144,31,16,4,1]
[512,-64,80,-11,10,-1,1]
[256,0,0,32,9,8,0,0,1]
[14641,3267,399,27,1]
[4096,-1024,144,-55,9,-4,1]
[4096,-256,176,-31,11,-1,1]
[4096,-1536,928,-195,58,-6,1]
[256,0,16,20,-7,5,1,0,1]
[15625,625,-58,5,1]
[729,-486,225,-83,25,-6,1]
[256,256,112,8,-5,2,7,4,1]
[15625,-2125,219,-17,1]
[4096,256,144,69,9,1,1]
[729,162,0,2,0,2,1]
[14641,484,234,4,1]
[14641,-1936,180,-16,1]
[4096,1792,208,7,13,7,1]
[256,64,128,28,35,7,8,1,1]
[14641,-847,218,-7,1]
[14641,847,155,7,1]
[4096,-1536,496,-181,31,-6,1]
[4096,1024,-128,-121,-8,4,1]
[4096,-512,32,-35,2,-2,1]
[256,0,0,-32,5,-8,0,0,1]
[4096,-768,83,-12,1]
[4096,0,-192,-13,-12,0,1]
[4096,1024,-64,-99,-4,4,1]
[256,64,48,-4,5,-1,3,1,1]
[4096,-256,224,-51,14,-1,1]
[4096,-1280,48,17,3,-5,1]
[4096,-1280,176,-35,11,-5,1]
[2401,294,-2,6,1]
[4096,-3072,1072,-273,67,-12,1]
[729,-54,-11,-2,1]
[6561,162,-17,2,1]
[16384,256,113,2,1]
[4096,2048,816,243,51,8,1]
[4096,1792,576,117,36,7,1]
[4096,-256,-64,83,-4,-1,1]
[729,-81,-27,-11,-3,-1,1]
[4096,512,336,65,21,2,1]
[4096,256,272,-11,17,1,1]
[4096,-1280,224,-61,14,-5,1]
[16384,-512,-37,-4,1]
[256,128,16,-16,-17,-4,1,2,1]
[4096,512,240,39,15,2,1]
[4096,1024,64,-37,4,4,1]
[729,891,549,221,61,11,1]
[4096,-2048,160,49,10,-8,1]
[4096,1792,240,-5,15,7,1]
[256,320,192,68,25,17,12,5,1]
[256,0,16,8,21,2,1,0,1]
[512,704,464,197,58,11,1]
[15625,-4000,494,-32,1]
[4096,-1024,128,-23,8,-4,1]
[256,128,192,88,65,22,12,2,1]
[256,-448,384,-220,109,-55,24,-7,1]
[6561,2106,326,26,1]
[4096,-2560,944,-267,59,-10,1]
[4096,1024,129,16,1]
[4096,768,-160,-119,-10,3,1]
[4096,1280,224,3,14,5,1]
[729,-405,252,-88,28,-5,1]
[256,-128,0,24,-9,6,0,-2,1]
[4096,-1792,-48,131,-3,-7,1]
[4096,768,416,61,26,3,1]
[14641,1936,190,16,1]
[4096,-1792,448,-111,28,-7,1]
[15625,1375,54,11,1]
[4096,-2304,688,-169,43,-9,1]
[4096,-1280,16,65,1,-5,1]
[4096,-1216,197,-19,1]
[4096,-1280,432,-57,27,-5,1]
[512,-64,8,31,1,-1,1]
[4096,-512,48,-77,3,-2,1]
[16384,3712,425,29,1]
[15625,1000,163,8,1]
[14641,-1089,144,-9,1]
[15625,625,-52,5,1]
[2401,-98,43,-2,1]
[15625,-250,-138,-2,1]
[4096,768,400,119,25,3,1]
[16384,-896,209,-7,1]
[2401,196,17,4,1]
[256,-64,64,36,-3,9,4,-1,1]
[15625,250,68,2,1]
[729,162,-27,-35,-3,2,1]
[4096,1536,-80,-121,-5,6,1]
[512,0,56,25,7,0,1]
[16384,-2816,351,-22,1]
[14641,1573,148,13,1]
[256,-64,-64,20,9,5,-4,-1,1]
[14641,-121,144,-1,1]
[4096,-1024,304,-47,19,-4,1]
[14641,-1815,115,-15,1]
[4096,-1280,96,45,6,-5,1]
[15625,-125,-156,-1,1]
[4096,-512,416,-49,26,-2,1]
[4096,0,-64,1,-4,0,1]
[4096,-1024,304,-43,19,-4,1]
[256,128,0,4,5,1,0,2,1]
[4096,768,-112,-41,-7,3,1]
[16384,1152,273,9,1]
[16384,-128,-171,-1,1]
[15625,375,157,3,1]
[729,162,54,1,6,2,1]
[4096,-1024,0,17,0,-4,1]
[4096,0,656,7,41,0,1]
[14641,-847,32,-7,1]
[4096,256,0,-55,0,1,1]
[625,50,37,2,1]
[15625,-625,148,-5,1]
[256,128,-48,-4,21,-1,-3,2,1]
[256,0,80,-8,31,-2,5,0,1]
[256,64,176,24,55,6,11,1,1]
[256,0,-64,4,29,1,-4,0,1]
[512,128,-16,1,-2,2,1]
[729,-243,27,25,3,-3,1]
[4096,1024,416,93,26,4,1]
[16384,2432,303,19,1]
[4096,-256,16,21,1,-1,1]
[256,128,32,32,29,8,2,2,1]
[15625,-1375,214,-11,1]
[4096,-1792,416,-69,26,-7,1]
[14641,-726,-17,-6,1]
[4096,-1536,576,-185,36,-6,1]
[6561,729,178,9,1]
[4096,-1792,912,-221,57,-7,1]
[4096,-256,320,-33,20,-1,1]
[4096,1280,464,125,29,5,1]
[256,64,160,32,53,8,10,1,1]
[729,-486,216,-88,24,-6,1]
[256,192,112,32,21,8,7,3,1]
[4096,3072,1344,401,84,12,1]
[4096,-256,352,3,22,-1,1]
[15625,-875,-59,-7,1]
[4096,0,64,71,4,0,1]
[256,0,96,8,23,2,6,0,1]
[4096,1280,528,159,33,5,1]
[256,-128,96,-36,13,-9,6,-2,1]
[14641,968,127,8,1]
[4096,256,16,-9,1,1,1]
[4096,-512,0,-53,0,-2,1]
[15625,1125,197,9,1]
[512,-320,120,-29,15,-5,1]
[4096,-256,64,-7,4,-1,1]
[4096,512,0,25,0,2,1]
[14641,-2662,310,-22,1]
[15625,1125,-2,9,1]
[256,-320,208,-108,53,-27,13,-5,1]
[4096,-256,576,-25,36,-1,1]
[4096,2304,1024,289,64,9,1]
[4096,-256,448,-35,28,-1,1]
[4096,1280,480,151,30,5,1]
[4096,1024,160,41,10,4,1]
[4096,1536,576,165,36,6,1]
[4096,768,96,-47,6,3,1]
[6561,243,160,3,1]
[729,-54,-13,-2,1]
[15625,-3500,427,-28,1]
[4096,-256,64,-119,4,-1,1]
[4096,256,352,65,22,1,1]
[4096,1280,224,-3,14,5,1]
[4096,-768,192,27,12,-3,1]
[4096,192,121,3,1]
[256,0,32,-4,21,-1,2,0,1]
[512,192,136,43,17,3,1]
[4096,1536,656,169,41,6,1]
[4096,-768,-144,123,-9,-3,1]
[15625,2125,278,17,1]
[4096,512,368,79,23,2,1]
[15625,875,216,7,1]
[4096,0,80,-65,5,0,1]
[256,-128,64,8,-7,2,4,-2,1]
[4096,-2304,848,-233,53,-9,1]
[4096,-1280,-224,149,-14,-5,1]
[729,108,38,4,1]
[4096,1024,-64,-67,-4,4,1]
[256,64,48,-12,-11,-3,3,1,1]
[64,48,21,6,1]
[4096,2304,1040,273,65,9,1]
[4096,768,48,3,3,3,1]
[256,64,-32,0,15,0,-2,1,1]
[14641,2541,329,21,1]
[256,320,288,200,115,50,18,5,1]
[4096,-1280,192,19,12,-5,1]
[4096,1024,160,-17,10,4,1]
[4096,-1536,560,-179,35,-6,1]
[15625,2875,363,23,1]
[14641,3025,325,25,1]
[6561,-567,-10,-7,1]
[14641,121,60,1,1]
[4096,-768,224,23,14,-3,1]
[729,-81,63,-13,7,-1,1]
[729,324,36,1,4,4,1]
[4096,256,304,27,19,1,1]
[4096,-2048,768,-247,48,-8,1]
[4096,-1280,416,-69,26,-5,1]
[4096,-768,512,-85,32,-3,1]
[4096,1280,480,121,30,5,1]
[15625,0,-184,0,1]
[256,-128,-48,-16,43,-4,-3,-2,1]
[729,0,90,-11,10,0,1]
[15625,-875,104,-7,1]
[256,-192,80,-36,19,-9,5,-3,1]
[729,0,144,-7,16,0,1]
[4096,-256,576,-17,36,-1,1]
[256,64,80,28,29,7,5,1,1]
[4096,-1536,416,-119,26,-6,1]
[2401,196,93,4,1]
[4096,1024,384,33,24,4,1]
[15625,-875,173,-7,1]
[256,0,15,0,1]
[729,-405,225,-82,25,-5,1]
[729,-243,90,-58,10,-3,1]
[729,243,-45,-53,-5,3,1]
[729,-324,144,-28,16,-4,1]
[4096,512,0,-23,0,2,1]
[256,-192,112,-72,43,-18,7,-3,1]
[512,-64,48,-13,6,-1,1]
[15625,875,186,7,1]
[14641,0,27,0,1]
[256,192,224,128,81,32,14,3,1]
[729,-135,49,-5,1]
[4096,768,304,79,19,3,1]
[4096,0,-192,31,-12,0,1]
[512,0,-8,21,-1,0,1]
[4096,256,288,35,18,1,1]
[4096,-1280,656,-147,41,-5,1]
[15625,750,-82,6,1]
[4096,0,-127,0,1]
[4096,-1280,160,-25,10,-5,1]
[15625,2625,358,21,1]
[729,0,-9,-40,-1,0,1]
[6561,2187,343,27,1]
[14641,484,-76,4,1]
[512,-128,24,21,3,-2,1]
[512,192,96,55,12,3,1]
[512,384,248,97,31,6,1]
[512,-128,16,-7,2,-2,1]
[4096,-768,432,-97,27,-3,1]
[256,64,112,0,23,0,7,1,1]
[4096,-1792,16,101,1,-7,1]
[625,50,-3,2,1]
[6561,-243,17,-3,1]
[256,192,80,-24,-23,-6,5,3,1]
[4096,-1024,-208,123,-13,-4,1]
[6561,810,176,10,1]
[4096,-320,23,-5,1]
[512,0,24,3,3,0,1]
[14641,-1331,257,-11,1]
[16384,-128,91,-1,1]
[4096,-1024,464,-115,29,-4,1]
[6561,-405,10,-5,1]
[14641,968,-36,8,1]
[81,-45,23,-5,1]
[4096,1536,576,175,36,6,1]
[4096,-768,32,-35,2,-3,1]
[14641,605,-42,5,1]
[14641,-847,182,-7,1]
[4096,-1024,240,-43,15,-4,1]
[49,-2,1]
[4096,-512,0,91,0,-2,1]
[4096,-256,192,-69,12,-1,1]
[15625,-625,217,-5,1]
[14641,847,141,7,1]
[4096,-1280,96,13,6,-5,1]
[16384,-1280,57,-10,1]
[4096,-256,192,5,12,-1,1]
[256,-192,208,-124,73,-31,13,-3,1]
[4096,-1280,112,-11,7,-5,1]
[15625,125,224,1,1]
[16384,-768,-37,-6,1]
[4096,-1024,448,-59,28,-4,1]
[729,486,252,92,28,6,1]
[4096,-448,79,-7,1]
[729,-405,36,22,4,-5,1]
[16384,1664,85,13,1]
[4096,1024,-112,-75,-7,4,1]
[4096,2048,592,133,37,8,1]
[256,-64,80,-24,15,-6,5,-1,1]
[15625,-3375,399,-27,1]
[4096,-1024,-224,125,-14,-4,1]
[729,-162,-27,11,-3,-2,1]
[4096,1280,480,169,30,5,1]
[729,-162,99,-29,11,-2,1]
[4096,-2816,1232,-361,77,-11,1]
[4096,256,16,5,1,1,1]
[729,-243,144,-59,16,-3,1]
[512,320,104,35,13,5,1]
[16384,1152,241,9,1]
[4096,1536,720,163,45,6,1]
[14641,-1573,280,-13,1]
[4096,0,-144,43,-9,0,1]
[4096,512,272,77,17,2,1]
[256,-128,80,-64,35,-16,5,-2,1]
[4096,-704,79,-11,1]
[256,-128,96,-64,27,-16,6,-2,1]
[512,-256,80,-9,10,-4,1]
[256,0,16,0,-23,0,1,0,1]
[512,-512,296,-125,37,-8,1]
[256,0,64,28,11,7,4,0,1]
[2401,98,-41,2,1]
[729,0,18,35,2,0,1]
[4096,512,32,79,2,2,1]
[4096,1280,592,139,37,5,1]
[6561,1620,226,20,1]
[6561,648,46,8,1]
[4096,-640,53,-10,1]
[15625,-3000,391,-24,1]
[14641,-1573,167,-13,1]
[729,-486,270,-104,30,-6,1]
[4096,256,-144,-67,-9,1,1]
[256,64,5,4,1]
[256,64,64,12,23,3,4,1,1]
[4096,768,64,51,4,3,1]
[4096,-1024,176,-25,11,-4,1]
[2401,490,67,10,1]
[4096,2560,976,267,61,10,1]
[4096,512,96,103,6,2,1]
[256,128,16,-4,5,-1,1,2,1]
[256,64,16,-8,5,-2,1,1,1]
[256,-128,112,-52,45,-13,7,-2,1]
[14641,-484,226,-4,1]
[729,405,144,38,16,5,1]
[4096,-3328,1568,-465,98,-13,1]
[64,48,0,-9,0,3,1]
[16384,-896,9,-7,1]
[4096,-256,-192,17,-12,-1,1]
[4096,512,128,79,8,2,1]
[4096,-1536,288,-15,18,-6,1]
[16384,-384,-59,-3,1]
[4096,512,0,63,0,2,1]
[256,256,208,140,79,35,13,4,1]
[14641,-484,215,-4,1]
[512,-384,128,-39,16,-6,1]
[4096,1536,-96,-125,-6,6,1]
[4096,2816,1184,347,74,11,1]
[4096,-1792,880,-215,55,-7,1]
[14641,-1452,148,-12,1]
[14641,1452,130,12,1]
[14641,-1452,153,-12,1]
[4096,-256,-128,53,-8,-1,1]
[4096,256,128,5,8,1,1]
[4096,512,384,29,24,2,1]
[4096,-1536,64,67,4,-6,1]
[729,324,-9,-26,-1,4,1]
[729,324,207,67,23,4,1]
[4096,1536,816,191,51,6,1]
[15625,625,176,5,1]
[256,64,-16,0,9,0,-1,1,1]
[1024,320,81,10,1]
[14641,2299,284,19,1]
[6561,-405,38,-5,1]
[4096,1280,544,91,34,5,1]
[4096,-256,-80,95,-5,-1,1]
[6561,-243,-103,-3,1]
[4096,-1792,704,-189,44,-7,1]
[625,100,4,4,1]
[512,-128,32,-7,4,-2,1]
[16384,-3072,321,-24,1]
[4096,768,288,31,18,3,1]
[4096,-256,32,-33,2,-1,1]
[16384,1024,-1,8,1]
[625,-150,19,-6,1]
[4096,0,144,-43,9,0,1]
[16384,768,-85,6,1]
[729,243,18,-23,2,3,1]
[4096,-512,352,-15,22,-2,1]
[4096,-256,16,75,1,-1,1]
[729,81,-63,-10,-7,1,1]
[256,-128,96,-48,41,-12,6,-2,1]
[15625,2000,239,16,1]
[4096,512,-208,-47,-13,2,1]
[256,-128,64,-36,25,-9,4,-2,1]
[256,-128,96,-48,43,-12,6,-2,1]
[512,256,144,53,18,4,1]
[4096,-1024,48,-15,3,-4,1]
[4096,0,320,41,20,0,1]
[4096,256,-80,-37,-5,1,1]
[14641,363,76,3,1]
[4096,-256,352,-21,22,-1,1]
[16384,-1024,241,-8,1]
[15625,-1625,96,-13,1]
[4096,0,-32,89,-2,0,1]
[4096,1024,256,-3,16,4,1]
[256,64,112,68,25,17,7,1,1]
[4096,-1536,0,73,0,-6,1]
[512,0,0,35,0,0,1]
[14641,-2783,342,-23,1]
[16384,1408,209,11,1]
[15625,250,106,2,1]
[625,-200,57,-8,1]
[256,-192,128,-84,47,-21,8,-3,1]
[4096,0,16,109,1,0,1]
[256,256,112,12,-9,3,7,4,1]
[4096,512,-64,15,-4,2,1]
[4096,-256,-64,123,-4,-1,1]
[4096,256,160,-61,10,1,1]
[14641,-1089,-14,-9,1]
[4096,-1536,400,-103,25,-6,1]
[64,24,17,3,1]
[256,320,176,36,3,9,11,5,1]
[729,0,-54,14,-6,0,1]
[256,128,32,36,31,9,2,2,1]
[729,-810,486,-193,54,-10,1]
[729,-243,27,-5,3,-3,1]
[4096,832,81,13,1]
[4096,-512,96,61,6,-2,1]
[16384,-1024,71,-8,1]
[4096,-2048,512,-111,32,-8,1]
[16384,4096,511,32,1]
[4096,768,128,-27,8,3,1]
[15625,-2875,318,-23,1]
[729,-243,72,-28,8,-3,1]
[4096,-256,-80,-23,-5,-1,1]
[256,-64,80,-28,9,-7,5,-1,1]
[729,-27,-35,-1,1]
[15625,2625,353,21,1]
[4096,-512,192,-53,12,-2,1]
[256,-128,176,-68,57,-17,11,-2,1]
[256,-192,80,-28,11,-7,5,-3,1]
[729,-324,90,-32,10,-4,1]
[4096,768,144,15,9,3,1]
[256,-256,192,-88,47,-22,12,-4,1]
[729,324,117,32,13,4,1]
[256,-192,48,16,-17,4,3,-3,1]
[14641,-726,8,-6,1]
[4096,512,-96,-95,-6,2,1]
[256,128,48,-48,-31,-12,3,2,1]
[4096,0,-48,23,-3,0,1]
[6561,-1215,184,-15,1]
[729,81,189,13,21,1,1]
[2401,-245,99,-5,1]
[14641,-726,53,-6,1]
[256,128,48,-20,-9,-5,3,2,1]
[4096,1536,576,195,36,6,1]
[16384,1792,219,14,1]
[512,-64,16,5,2,-1,1]
[4096,-1536,464,-121,29,-6,1]
[14641,3025,393,25,1]
[14641,0,23,0,1]
[4096,-1280,848,-161,53,-5,1]
[14641,1089,-9,9,1]
[4096,-512,256,-65,16,-2,1]
[4096,1024,480,121,30,4,1]
[15625,0,-81,0,1]
[4096,256,-16,57,-1,1,1]
[4096,512,-32,1,-2,2,1]
[6561,-891,86,-11,1]
[16384,-1536,77,-12,1]
[256,-192,128,-80,47,-20,8,-3,1]
[14641,-3751,445,-31,1]
[4096,-3328,1632,-487,102,-13,1]
[256,128,32,44,35,11,2,2,1]
[4096,512,-16,1,-1,2,1]
[4096,-2304,1056,-295,66,-9,1]
[4096,0,400,-37,25,0,1]
[625,250,74,10,1]
[4096,0,528,15,33,0,1]
[4096,2048,736,207,46,8,1]
[6561,-243,128,-3,1]
[14641,-121,189,-1,1]
[15625,1750,151,14,1]
[4096,-2304,896,-239,56,-9,1]
[4096,-1024,464,-65,29,-4,1]
[15625,0,-214,0,1]
[4096,512,224,-29,14,2,1]
[4096,-1536,368,-117,23,-6,1]
[4096,-1280,208,-65,13,-5,1]
[14641,605,-125,5,1]
[729,648,387,152,43,8,1]
[256,192,64,-36,-35,-9,4,3,1]
[729,243,72,34,8,3,1]
[14641,242,59,2,1]
[14641,363,-136,3,1]
[16384,-3840,467,-30,1]
[256,64,0,-8,-5,-2,0,1,1]
[4096,1536,496,139,31,6,1]
[256,0,160,24,47,6,10,0,1]
[4096,2048,848,231,53,8,1]
[14641,-1694,157,-14,1]
[256,-192,96,0,-3,0,6,-3,1]
[4096,0,224,-59,14,0,1]
[15625,250,-87,2,1]
[4096,-2048,944,-253,59,-8,1]
[14641,-605,84,-5,1]
[4096,-256,128,-27,8,-1,1]
[2401,441,31,9,1]
[256,-64,80,-28,29,-7,5,-1,1]
[256,-64,16,20,-5,5,1,-1,1]
[4096,-768,-96,33,-6,-3,1]
[6561,-1296,190,-16,1]
[4096,2048,576,155,36,8,1]
[4096,-1024,16,49,1,-4,1]
[4096,320,39,5,1]
[4096,1280,-112,-99,-7,5,1]
[512,-128,56,-35,7,-2,1]
[2401,441,113,9,1]
[14641,-847,130,-7,1]
[16384,640,19,5,1]
[256,0,48,-4,3,-1,3,0,1]
[14641,968,-56,8,1]
[512,64,-24,-11,-3,1,1]
[4096,-768,0,61,0,-3,1]
[4096,1024,16,-51,1,4,1]
[4096,1024,-128,-79,-8,4,1]
[16384,2048,189,16,1]
[4096,-1536,224,-3,14,-6,1]
[4096,256,-176,-69,-11,1,1]
[16384,-768,-101,-6,1]
[4096,1024,272,47,17,4,1]
[4096,-512,432,-33,27,-2,1]
[4096,-1792,592,-173,37,-7,1]
[14641,2904,365,24,1]
[15625,-375,177,-3,1]
[256,128,16,-24,-21,-6,1,2,1]
[16384,2304,269,18,1]
[729,243,72,-1,8,3,1]
[2401,-49,11,-1,1]
[4096,-832,155,-13,1]
[4096,1280,208,71,13,5,1]
[15625,2000,233,16,1]
[4096,-1280,528,-147,33,-5,1]
[256,-64,16,32,-9,8,1,-1,1]
[4096,512,480,71,30,2,1]
[512,320,168,59,21,5,1]
[4096,0,-96,-61,-6,0,1]
[256,0,48,-20,-3,-5,3,0,1]
[15625,1125,-34,9,1]
[256,128,64,32,3,8,4,2,1]
[256,-64,-16,12,-9,3,-1,-1,1]
[15625,1250,254,10,1]
[4096,1024,448,141,28,4,1]
[4096,-1024,128,-1,8,-4,1]
[14641,1573,109,13,1]
[256,64,16,8,-3,2,1,1,1]
[256,192,48,-12,-11,-3,3,3,1]
[6561,-81,89,-1,1]
[4096,1024,480,87,30,4,1]
[729,486,207,73,23,6,1]
[4096,-1024,528,-97,33,-4,1]
[14641,-968,83,-8,1]
[256,192,144,92,47,23,9,3,1]
[256,-64,80,-64,17,-16,5,-1,1]
[4096,-2560,1040,-321,65,-10,1]
[625,-25,46,-1,1]
[14641,-1936,126,-16,1]
[4096,-512,-96,23,-6,-2,1]
[256,-64,64,20,7,5,4,-1,1]
[4096,512,176,63,11,2,1]
[4096,-1280,224,-37,14,-5,1]
[4096,0,144,-33,9,0,1]
[4096,0,48,-1,3,0,1]
[4096,1024,640,121,40,4,1]
[256,64,-64,-20,13,-5,-4,1,1]
[729,81,162,20,18,1,1]
[4096,4352,2192,677,137,17,1]
[6561,648,-4,8,1]
[729,-243,55,-9,1]
[4096,-1536,176,13,11,-6,1]
[6561,-1296,127,-16,1]
[729,324,189,65,21,4,1]
[256,64,176,16,53,4,11,1,1]
[625,0,41,0,1]
[512,64,56,-15,7,1,1]
[256,0,48,-28,11,-7,3,0,1]
[4096,1792,624,169,39,7,1]
[4096,-2048,560,-137,35,-8,1]
[729,-486,126,-23,14,-6,1]
[729,0,63,11,7,0,1]
[729,243,108,55,12,3,1]
[4096,-2048,784,-207,49,-8,1]
[625,0,-4,0,1]
[4096,256,208,1,13,1,1]
[14641,-968,185,-8,1]
[14641,-121,19,-1,1]
[15625,0,-27,0,1]
[4096,-1024,384,-109,24,-4,1]
[4096,256,80,23,5,1,1]
[4096,768,320,31,20,3,1]
[256,-64,-16,8,-3,2,-1,-1,1]
[4096,1792,848,203,53,7,1]
[729,81,99,-2,11,1,1]
[729,162,34,6,1]
[16384,-3072,327,-24,1]
[16384,-640,23,-5,1]
[512,-64,8,33,1,-1,1]
[256,128,48,-24,-21,-6,3,2,1]
[4096,1024,416,143,26,4,1]
[15625,250,-151,2,1]
[729,648,387,149,43,8,1]
[1024,384,89,12,1]
[1024,288,73,9,1]
[4096,-256,208,59,13,-1,1]
[4096,-64,-69,-1,1]
[256,64,-32,-20,7,-5,-2,1,1]
[729,0,-9,35,-1,0,1]
[256,-64,32,-40,17,-10,2,-1,1]
[729,0,198,4,22,0,1]
[729,0,90,-26,10,0,1]
[15625,-2250,291,-18,1]
[4096,0,480,15,30,0,1]
[4096,-512,176,-45,11,-2,1]
[15625,-875,-64,-7,1]
[256,64,0,-4,-1,-1,0,1,1]
[16384,-640,197,-5,1]
[4096,-768,-80,71,-5,-3,1]
[256,-192,176,-104,65,-26,11,-3,1]
[4096,-1536,624,-175,39,-6,1]
[256,64,96,60,23,15,6,1,1]
[15625,-625,178,-5,1]
[15625,500,62,4,1]
[6561,972,151,12,1]
[4096,512,-112,-55,-7,2,1]
[15625,250,33,2,1]
[4096,1280,-192,-155,-12,5,1]
[4096,1024,432,107,27,4,1]
[4096,256,304,77,19,1,1]
[15625,250,84,2,1]
[6561,-1215,158,-15,1]
[4096,0,368,7,23,0,1]
[16384,-128,-137,-1,1]
[4096,1280,448,119,28,5,1]
[4096,768,240,-1,15,3,1]
[4096,-2048,688,-169,43,-8,1]
[14641,-1331,181,-11,1]
[64,16,-8,-1,-2,1,1]
[4096,0,-112,-15,-7,0,1]
[16384,3456,405,27,1]
[4096,1536,480,147,30,6,1]
[14641,1694,128,14,1]
[729,162,117,17,13,2,1]
[4096,-3328,1488,-447,93,-13,1]
[4096,-768,256,-123,16,-3,1]
[4096,1792,640,169,40,7,1]
[729,-405,171,-44,19,-5,1]
[256,128,48,8,15,2,3,2,1]
[4096,1792,832,197,52,7,1]
[4096,1536,464,79,29,6,1]
[625,25,37,1,1]
[256,-256,144,-104,69,-26,9,-4,1]
[2401,-686,122,-14,1]
[729,648,342,125,38,8,1]
[729,-324,225,-70,25,-4,1]
[729,-162,-63,38,-7,-2,1]
[256,-256,192,-136,73,-34,12,-4,1]
[4096,1024,352,69,22,4,1]
[256,-128,176,-92,57,-23,11,-2,1]
[4096,768,592,87,37,3,1]
[6561,324,34,4,1]
[4096,1024,160,17,10,4,1]
[14641,-1573,97,-13,1]
[16384,896,219,7,1]
[4096,256,512,47,32,1,1]
[256,-320,320,-220,123,-55,20,-5,1]
[4096,256,64,103,4,1,1]
[15625,-375,-147,-3,1]
[6561,486,-53,6,1]
[4096,-256,336,7,21,-1,1]
[625,-150,49,-6,1]
[15625,-3250,371,-26,1]
[4096,0,-176,-21,-11,0,1]
[15625,-1000,109,-8,1]
[729,-81,-36,-8,-4,-1,1]
[15625,-375,-139,-3,1]
[4096,-512,-192,47,-12,-2,1]
[4096,1536,-144,-157,-9,6,1]
[15625,-3250,414,-26,1]
[15625,-1125,1,-9,1]
[4096,-256,-96,107,-6,-1,1]
[14641,-2541,320,-21,1]
[4096,512,480,33,30,2,1]
[4096,0,464,-19,29,0,1]
[6561,486,-23,6,1]
[15625,-1250,131,-10,1]
[729,-243,90,-14,10,-3,1]
[729,-324,-63,68,-7,-4,1]
[4096,2048,816,207,51,8,1]
[14641,-121,214,-1,1]
[4096,768,288,83,18,3,1]
[729,405,252,76,28,5,1]
[15625,3125,343,25,1]
[4096,-1024,0,53,0,-4,1]
[256,64,-96,-16,19,-4,-6,1,1]
[4096,-768,512,-105,32,-3,1]
[4096,-1280,-224,165,-14,-5,1]
[256,256,128,76,49,19,8,4,1]
[256,-64,80,24,1,6,5,-1,1]
[4096,-2048,320,-27,20,-8,1]
[512,192,152,39,19,3,1]
[256,64,32,-20,-17,-5,2,1,1]
[512,128,40,-9,5,2,1]
[256,-128,16,-36,37,-9,1,-2,1]
[15625,-3125,348,-25,1]
[2401,-637,111,-13,1]
[4096,2560,736,171,46,10,1]
[4096,1792,48,-89,3,7,1]
[256,0,-64,0,1,0,-4,0,1]
[256,-64,48,-24,11,-6,3,-1,1]
[4096,1024,448,125,28,4,1]
[14641,-484,224,-4,1]
[6561,648,113,8,1]
[2401,196,-20,4,1]
[15625,-500,91,-4,1]
[4096,-1792,336,-65,21,-7,1]
[16384,768,-45,6,1]
[16384,896,231,7,1]
[512,-64,48,-1,6,-1,1]
[4096,-1280,352,-39,22,-5,1]
[4096,448,81,7,1]
[4096,2304,896,283,56,9,1]
[256,-512,512,-352,193,-88,32,-8,1]
[4096,0,176,19,11,0,1]
[4096,0,64,-85,4,0,1]
[14641,-726,222,-6,1]
[16384,4608,575,36,1]
[256,64,32,36,17,9,2,1,1]
[4096,1024,96,-3,6,4,1]
[14641,-968,190,-8,1]
[256,192,112,28,7,7,7,3,1]
[4096,0,91,0,1]
[15625,1375,276,11,1]
[256,-64,-48,-12,21,-3,-3,-1,1]
[15625,-750,-11,-6,1]
[4096,3072,1344,395,84,12,1]
[14641,-2662,244,-22,1]
[15625,2000,131,16,1]
[15625,1375,32,11,1]
[256,128,32,36,23,9,2,2,1]
[15625,-1375,66,-11,1]
[256,0,16,-24,-15,-6,1,0,1]
[4096,2304,432,49,27,9,1]
[16384,1024,213,8,1]
[15625,1750,123,14,1]
[14641,847,63,7,1]
[256,-64,32,-4,-7,-1,2,-1,1]
[625,100,22,4,1]
[4096,768,320,1,20,3,1]
[2401,-196,-5,-4,1]
[256,0,96,-36,19,-9,6,0,1]
[256,-64,32,-32,5,-8,2,-1,1]
[729,0,-27,10,-3,0,1]
[4096,256,464,13,29,1,1]
[256,128,80,24,25,6,5,2,1]
[256,0,48,-44,5,-11,3,0,1]
[4096,-1024,448,-143,28,-4,1]
[15625,1750,71,14,1]
[6561,-405,125,-5,1]
[14641,-968,235,-8,1]
[256,64,-32,-28,-3,-7,-2,1,1]
[4096,2048,368,45,23,8,1]
[512,-128,144,-33,18,-2,1]
[16384,4096,483,32,1]
[6561,-1215,130,-15,1]
[4096,0,368,3,23,0,1]
[4096,256,-160,-33,-10,1,1]
[4096,1536,576,185,36,6,1]
[729,486,234,98,26,6,1]
[256,0,0,-32,3,-8,0,0,1]
[256,-64,80,-16,15,-4,5,-1,1]
[256,-192,64,20,-21,5,4,-3,1]
[14641,363,174,3,1]
[16384,-2176,221,-17,1]
[16384,2688,309,21,1]
[256,64,48,-16,9,-4,3,1,1]
[512,64,24,-1,3,1,1]
[6561,1296,181,16,1]
[81,-36,14,-4,1]
[14641,-1815,207,-15,1]
[64,32,36,15,9,2,1]
[4096,-1280,96,47,6,-5,1]
[256,64,80,0,15,0,5,1,1]
[14641,-605,137,-5,1]
[4096,2048,656,161,41,8,1]
[256,192,96,40,11,10,6,3,1]
[6561,1134,146,14,1]
[256,-64,80,-24,33,-6,5,-1,1]
[4096,-768,128,-21,8,-3,1]
[15625,0,-146,0,1]
[256,0,144,-8,41,-2,9,0,1]
[4096,1024,-48,-61,-3,4,1]
[256,0,-80,-8,17,-2,-5,0,1]
[512,-64,24,-11,3,-1,1]
[4096,-1536,-80,125,-5,-6,1]
[4096,-3072,1232,-343,77,-12,1]
[4096,-256,512,-23,32,-1,1]
[4096,-512,-208,61,-13,-2,1]
[512,-64,-32,23,-4,-1,1]
[4096,-1792,80,73,5,-7,1]
[4096,-1216,177,-19,1]
[256,-128,96,-36,21,-9,6,-2,1]
[15625,-1500,49,-12,1]
[512,64,32,7,4,1,1]
[15625,625,-6,5,1]
[4096,768,176,-27,11,3,1]
[6561,-324,2,-4,1]
[4096,-768,128,-43,8,-3,1]
[256,256,64,-20,-17,-5,4,4,1]
[4096,0,528,1,33,0,1]
[4096,2560,1056,321,66,10,1]
[15625,2000,274,16,1]
[729,81,-54,-1,-6,1,1]
[4096,-768,208,-43,13,-3,1]
[4096,-768,272,-83,17,-3,1]
[4096,2304,352,9,22,9,1]
[256,-128,112,-32,27,-8,7,-2,1]
[2401,-245,5,-5,1]
[4096,-1792,352,-59,22,-7,1]
[256,0,48,-12,23,-3,3,0,1]
[729,162,90,17,10,2,1]
[6561,-162,-77,-2,1]
[4096,1792,128,-41,8,7,1]
[256,-384,288,-152,73,-38,18,-6,1]
[256,256,144,44,13,11,9,4,1]
[256,0,32,-20,11,-5,2,0,1]
[16384,2176,255,17,1]
[2401,441,107,9,1]
[15625,-2750,246,-22,1]
[15625,1250,157,10,1]
[4096,0,112,-37,7,0,1]
[2401,1078,211,22,1]
[512,192,96,27,12,3,1]
[14641,363,179,3,1]
[4096,3840,1776,533,111,15,1]
[625,150,21,6,1]
[729,81,54,-14,6,1,1]
[512,-256,168,-57,21,-4,1]
[4096,0,320,51,20,0,1]
[4096,-256,-64,111,-4,-1,1]
[14641,968,254,8,1]
[4096,-768,96,3,6,-3,1]
[256,0,32,12,-9,3,2,0,1]
[4096,-256,192,9,12,-1,1]
[14641,-363,204,-3,1]
[256,-64,112,-60,27,-15,7,-1,1]
[729,-324,-9,25,-1,-4,1]
[729,-243,135,-41,15,-3,1]
[4096,1792,912,219,57,7,1]
[256,-192,192,-100,63,-25,12,-3,1]
[512,384,200,79,25,6,1]
[256,128,0,12,23,3,0,2,1]
[729,324,117,22,13,4,1]
[4096,256,80,-41,5,1,1]
[14641,-121,21,-1,1]
[256,128,96,68,23,17,6,2,1]
[15625,1750,277,14,1]
[14641,3630,419,30,1]
[256,320,240,124,59,31,15,5,1]
[4096,0,352,1,22,0,1]
[4096,768,464,59,29,3,1]
[256,-128,64,-8,-7,-2,4,-2,1]
[729,-81,18,-44,2,-1,1]
[14641,121,-178,1,1]
[256,-64,80,-40,21,-10,5,-1,1]
[4096,256,288,57,18,1,1]
[15625,500,227,4,1]
[4096,-768,-32,85,-2,-3,1]
[4096,768,512,87,32,3,1]
[14641,605,139,5,1]
[14641,484,-74,4,1]
[4096,256,-16,73,-1,1,1]
[14641,-121,-50,-1,1]
[4096,1280,288,109,18,5,1]
[256,-192,160,-100,63,-25,10,-3,1]
[15625,375,-123,3,1]
[4096,768,80,-59,5,3,1]
[6561,0,161,0,1]
[4096,-1024,16,41,1,-4,1]
[6561,162,100,2,1]
[4096,-256,96,-19,6,-1,1]
[14641,968,69,8,1]
[256,-64,128,-28,47,-7,8,-1,1]
[256,-192,32,-24,29,-6,2,-3,1]
[256,0,0,8,25,2,0,0,1]
[256,-128,32,20,-23,5,2,-2,1]
[4096,1024,-144,-97,-9,4,1]
[14641,847,-70,7,1]
[4096,-2048,912,-253,57,-8,1]
[512,256,64,11,8,4,1]
[4096,-512,-32,51,-2,-2,1]
[4096,1280,512,143,32,5,1]
[4096,-2560,1024,-311,64,-10,1]
[15625,-2625,221,-21,1]
[729,567,261,100,29,7,1]
[4096,1792,592,189,37,7,1]
[729,162,-54,-26,-6,2,1]
[14641,-1694,263,-14,1]
[4096,-1792,592,-139,37,-7,1]
[14641,-484,-87,-4,1]
[256,128,48,16,7,4,3,2,1]
[6561,-162,-125,-2,1]
[256,-192,96,-24,7,-6,6,-3,1]
[4096,-896,175,-14,1]
[256,0,-64,0,31,0,-4,0,1]
[4096,256,112,-81,7,1,1]
[4096,-1024,224,-53,14,-4,1]
[4096,-1280,368,-139,23,-5,1]
[4096,1280,368,113,23,5,1]
[256,64,16,-24,-9,-6,1,1,1]
[16384,256,73,2,1]
[4096,-1024,48,63,3,-4,1]
[4096,1024,224,93,14,4,1]
[4096,1024,-240,-125,-15,4,1]
[4096,-2048,704,-203,44,-8,1]
[256,0,-16,16,7,4,-1,0,1]
[6561,-324,35,-4,1]
[6561,-162,-14,-2,1]
[16384,-1152,59,-9,1]
[4096,1792,640,213,40,7,1]
[4096,2048,848,251,53,8,1]
[256,-192,96,-52,27,-13,6,-3,1]
[6561,1053,101,13,1]
[4096,-1280,480,-103,30,-5,1]
[16384,3200,321,25,1]
[4096,768,-112,-81,-7,3,1]
[256,-64,-16,0,7,0,-1,-1,1]
[256,32,25,2,1]
[256,-64,16,20,5,5,1,-1,1]
[512,-192,56,-1,7,-3,1]
[512,320,168,57,21,5,1]
[16384,1920,185,15,1]
[4096,-1536,720,-179,45,-6,1]
[4096,512,176,55,11,2,1]
[256,-64,80,-20,19,-5,5,-1,1]
[4096,-2048,736,-207,46,-8,1]
[256,128,128,24,27,6,8,2,1]
[4096,768,752,95,47,3,1]
[4096,768,-16,-21,-1,3,1]
[4096,2304,496,87,31,9,1]
[1024,-384,99,-12,1]
[4096,-1280,224,-39,14,-5,1]
[4096,-1536,448,-139,28,-6,1]
[6561,-1377,167,-17,1]
[4096,1024,400,79,25,4,1]
[16384,-256,117,-2,1]
[4096,-2304,720,-181,45,-9,1]
[16384,640,175,5,1]
[4096,2560,816,203,51,10,1]
[15625,-875,254,-7,1]
[6561,1215,163,15,1]
[512,0,88,11,11,0,1]
[15625,1500,283,12,1]
[512,64,-8,7,-1,1,1]
[14641,-968,256,-8,1]
[4096,-2048,624,-169,39,-8,1]
[4096,256,-16,-27,-1,1,1]
[4096,1280,576,133,36,5,1]
[729,81,-9,5,-1,1,1]
[4096,-256,-16,23,-1,-1,1]
[4096,-1280,560,-119,35,-5,1]
[4096,1280,752,153,47,5,1]
[256,-512,592,-464,269,-116,37,-8,1]
[256,-192,32,4,1,1,2,-3,1]
[4096,-256,-112,39,-7,-1,1]
[4096,-2048,992,-251,62,-8,1]
[16384,-1280,119,-10,1]
[4096,1280,-112,-93,-7,5,1]
[256,64,-16,4,19,1,-1,1,1]
[14641,0,113,0,1]
[512,320,144,53,18,5,1]
[256,128,16,-4,-11,-1,1,2,1]
[4096,2304,672,159,42,9,1]
[4096,-1024,432,-57,27,-4,1]
[14641,-2420,316,-20,1]
[4096,-2560,672,-139,42,-10,1]
[729,81,81,-1,9,1,1]
[256,192,48,-4,-7,-1,3,3,1]
[14641,1936,158,16,1]
[2401,-49,88,-1,1]
[4096,1280,-160,-145,-10,5,1]
[4096,1024,304,111,19,4,1]
[256,0,80,24,9,6,5,0,1]
[256,-192,112,-28,17,-7,7,-3,1]
[256,-320,304,-220,117,-55,19,-5,1]
[4096,768,-80,-83,-5,3,1]
[4096,0,64,11,4,0,1]
[4096,-4096,2032,-631,127,-16,1]
[4096,768,16,-61,1,3,1]
[4096,256,320,43,20,1,1]
[15625,-125,-151,-1,1]
[4096,768,368,107,23,3,1]
[4096,2048,688,187,43,8,1]
[256,64,32,16,11,4,2,1,1]
[16384,-2944,293,-23,1]
[4096,-1024,560,-89,35,-4,1]
[14641,726,-50,6,1]
[256,0,64,36,11,9,4,0,1]
[4096,256,-128,-89,-8,1,1]
[4096,0,384,33,24,0,1]
[4096,-512,-144,117,-9,-2,1]
[512,192,72,21,9,3,1]
[256,192,128,76,47,19,8,3,1]
[4096,0,224,-3,14,0,1]
[256,-192,144,-80,41,-20,9,-3,1]
[256,128,32,-40,-31,-10,2,2,1]
[16384,-1152,163,-9,1]
[6561,-891,169,-11,1]
[4096,-512,-16,79,-1,-2,1]
[729,-324,63,-4,7,-4,1]
[729,405,180,73,20,5,1]
[4096,-1280,784,-147,49,-5,1]
[16384,1152,61,9,1]
[256,-192,176,-96,57,-24,11,-3,1]
[15625,1125,33,9,1]
[4096,2816,1072,293,67,11,1]
[729,108,46,4,1]
[6561,1458,175,18,1]
[2401,-147,18,-3,1]
[15625,500,-36,4,1]
[15625,-4000,499,-32,1]
[4096,512,-80,-31,-5,2,1]
[4096,1024,96,15,6,4,1]
[4096,0,112,-47,7,0,1]
[4096,-1024,175,-16,1]
[15625,-2375,222,-19,1]
[729,-324,36,-5,4,-4,1]
[4096,576,139,9,1]
[6561,243,82,3,1]
[4096,-2048,784,-195,49,-8,1]
[729,-243,-18,38,-2,-3,1]
[512,256,48,-1,6,4,1]
[256,192,80,-12,-19,-3,5,3,1]
[512,128,48,19,6,2,1]
[256,64,32,-28,-15,-7,2,1,1]
[4096,768,112,-9,7,3,1]
[4096,1280,672,123,42,5,1]
[16384,1152,-49,9,1]
[256,-64,0,12,1,3,0,-1,1]
[4096,-768,272,-55,17,-3,1]
[256,64,80,16,21,4,5,1,1]
[512,-64,-16,-13,-2,-1,1]
[15625,1250,216,10,1]
[16384,-2432,343,-19,1]
[4096,-3328,1392,-407,87,-13,1]
[2401,735,115,15,1]
[729,0,18,8,2,0,1]
[256,-512,496,-316,165,-79,31,-8,1]
[256,128,80,0,7,0,5,2,1]
[15625,-1125,93,-9,1]
[256,256,96,20,9,5,6,4,1]
[14641,1452,161,12,1]
[4096,1280,304,35,19,5,1]
[4096,-256,-64,-39,-4,-1,1]
[4096,256,-48,-105,-3,1,1]
[4096,-1280,272,-97,17,-5,1]
[729,-162,-63,37,-7,-2,1]
[15625,-875,-77,-7,1]
[625,75,34,3,1]
[729,243,45,20,5,3,1]
[4096,-2560,992,-301,62,-10,1]
[14641,121,-53,1,1]
[4096,512,304,33,19,2,1]
[16384,640,-135,5,1]
[256,0,0,-4,29,-1,0,0,1]
[4096,1536,-224,-191,-14,6,1]
[14641,0,161,0,1]
[256,-256,160,-104,59,-26,10,-4,1]
[256,0,-32,0,-11,0,-2,0,1]
[14641,-968,151,-8,1]
[4096,-1280,128,35,8,-5,1]
[256,-64,48,-40,13,-10,3,-1,1]
[14641,-968,31,-8,1]
[256,256,176,96,43,24,11,4,1]
[512,0,8,-25,1,0,1]
[4096,-256,80,29,5,-1,1]
[14641,-2420,234,-20,1]
[256,-64,32,-12,-7,-3,2,-1,1]
[4096,-1280,560,-145,35,-5,1]
[14641,-363,-104,-3,1]
[16384,2304,307,18,1]
[256,0,32,-24,-9,-6,2,0,1]
[4096,-1280,-80,77,-5,-5,1]
[256,-128,16,-4,5,-1,1,-2,1]
[4096,256,-16,-111,-1,1,1]
[4096,256,-16,-89,-1,1,1]
[256,-256,272,-168,103,-42,17,-4,1]
[256,-128,112,-52,33,-13,7,-2,1]
[4096,256,240,79,15,1,1]
[512,64,24,-3,3,1,1]
[15625,1625,91,13,1]
[256,256,48,-32,-23,-8,3,4,1]
[729,-324,90,-8,10,-4,1]
[256,-512,528,-372,205,-93,33,-8,1]
[256,192,80,32,15,8,5,3,1]
[729,-405,-27,55,-3,-5,1]
[15625,1500,123,12,1]
[4096,-2560,992,-289,62,-10,1]
[4096,-1536,736,-153,46,-6,1]
[2401,245,34,5,1]
[15625,1375,273,11,1]
[256,-192,144,-72,45,-18,9,-3,1]
[4096,-1792,720,-203,45,-7,1]
[2401,-1225,254,-25,1]
[14641,3388,413,28,1]
[4096,-768,-192,85,-12,-3,1]
[14641,726,221,6,1]
[256,320,256,156,81,39,16,5,1]
[4096,0,352,-49,22,0,1]
[15625,0,23,0,1]
[4096,-2560,1056,-293,66,-10,1]
[256,64,0,-24,-1,-6,0,1,1]
[15625,125,-19,1,1]
[256,192,144,80,55,20,9,3,1]
[81,-9,-8,-1,1]
[4096,0,80,21,5,0,1]
[4096,1280,-96,-81,-6,5,1]
[4096,-512,240,-91,15,-2,1]
[4096,256,128,-3,8,1,1]
[256,-64,192,-40,65,-10,12,-1,1]
[4096,1536,-32,-93,-2,6,1]
[4096,-768,-80,77,-5,-3,1]
[4096,128,121,2,1]
[729,162,-54,-25,-6,2,1]
[729,-81,189,-16,21,-1,1]
[256,-64,48,-24,25,-6,3,-1,1]
[15625,-2500,272,-20,1]
[256,128,0,-28,-25,-7,0,2,1]
[15625,-2125,261,-17,1]
[2401,98,45,2,1]
[15625,4625,583,37,1]
[4096,0,48,91,3,0,1]
[4096,-2816,944,-237,59,-11,1]
[729,243,63,40,7,3,1]
[4096,0,496,21,31,0,1]
[4096,1792,0,-103,0,7,1]
[4096,-1536,560,-177,35,-6,1]
[14641,484,68,4,1]
[256,-128,112,-60,29,-15,7,-2,1]
[512,128,48,-9,6,2,1]
[14641,242,126,2,1]
[729,324,126,31,14,4,1]
[625,0,28,0,1]
[15625,-250,213,-2,1]
[4096,768,176,75,11,3,1]
[256,-128,64,-56,35,-14,4,-2,1]
[2401,-343,4,-7,1]
[4096,-768,-208,115,-13,-3,1]
[15625,500,-22,4,1]
[4096,-1024,256,-39,16,-4,1]
[4096,256,352,63,22,1,1]
[4096,1280,400,83,25,5,1]
[4096,1792,368,77,23,7,1]
[16384,-128,-89,-1,1]
[256,-192,16,16,-3,4,1,-3,1]
[729,81,-18,-22,-2,1,1]
[4096,-512,224,-115,14,-2,1]
[4096,512,51,8,1]
[729,-108,55,-4,1]
[4096,768,176,81,11,3,1]
[4096,0,128,-23,8,0,1]
[512,256,-24,-43,-3,4,1]
[625,-275,62,-11,1]
[6561,-1620,257,-20,1]
[4096,1792,560,151,35,7,1]
[4096,-1792,496,-129,31,-7,1]
[256,0,0,12,-13,3,0,0,1]
[16384,-4736,583,-37,1]
[4096,-768,0,19,0,-3,1]
[256,0,96,20,27,5,6,0,1]
[4096,256,-16,3,-1,1,1]
[256,64,96,36,23,9,6,1,1]
[16384,-4480,547,-35,1]
[4096,256,112,-5,7,1,1]
[512,-192,160,-43,20,-3,1]
[256,-128,64,16,-7,4,4,-2,1]
[512,-192,-16,27,-2,-3,1]
[256,-192,176,-124,57,-31,11,-3,1]
[15625,1625,169,13,1]
[4096,768,352,13,22,3,1]
[4096,1792,288,45,18,7,1]
[2401,-882,160,-18,1]
[16384,-1152,99,-9,1]
[4096,-768,256,-141,16,-3,1]
[256,192,48,-4,-3,-1,3,3,1]
[729,162,126,44,14,2,1]
[256,448,384,232,121,58,24,7,1]
[2401,49,-11,1,1]
[256,-64,64,56,-13,14,4,-1,1]
[256,384,320,184,95,46,20,6,1]
[256,-256,256,-156,95,-39,16,-4,1]
[64,-9,1]
[14641,1694,259,14,1]
[4096,256,464,19,29,1,1]
[512,192,48,31,6,3,1]
[2401,-588,111,-12,1]
[2401,245,101,5,1]
[729,243,99,26,11,3,1]
[4096,-1280,608,-111,38,-5,1]
[4096,-256,32,-101,2,-1,1]
[256,128,-32,16,35,4,-2,2,1]
[729,0,-9,28,-1,0,1]
[256,0,-32,-4,5,-1,-2,0,1]
[6561,1296,176,16,1]
[4096,-256,96,-91,6,-1,1]
[256,-192,96,-4,-7,-1,6,-3,1]
[4096,768,544,83,34,3,1]
[2401,147,18,3,1]
[16384,-128,-203,-1,1]
[512,-320,88,-15,11,-5,1]
[512,-128,16,9,2,-2,1]
[729,324,-36,-52,-4,4,1]
[64,32,28,13,7,2,1]
[4096,1536,496,131,31,6,1]
[4096,-2048,848,-215,53,-8,1]
[4096,2304,768,215,48,9,1]
[14641,3388,382,28,1]
[4096,-1024,-48,69,-3,-4,1]
[14641,2178,237,18,1]
[256,128,144,84,47,21,9,2,1]
[4096,-1024,304,-73,19,-4,1]
[6561,1377,232,17,1]
[4096,1536,192,-1,12,6,1]
[512,-640,424,-183,53,-10,1]
[16384,-1920,291,-15,1]
[4096,-2560,1088,-317,68,-10,1]
[15625,500,-112,4,1]
[512,-320,24,25,3,-5,1]
[14641,-1573,140,-13,1]
[14641,1210,233,10,1]
[15625,4000,467,32,1]
[256,384,400,284,163,71,25,6,1]
[6561,891,172,11,1]
[4096,-1024,320,-69,20,-4,1]
[6561,-1134,125,-14,1]
[16384,2432,305,19,1]
[4096,2816,1184,359,74,11,1]
[15625,-2375,329,-19,1]
[14641,484,41,4,1]
[15625,-250,154,-2,1]
[729,-162,99,-31,11,-2,1]
[256,128,16,24,21,6,1,2,1]
[729,-81,189,-19,21,-1,1]
[4096,-256,496,-3,31,-1,1]
[15625,875,68,7,1]
[256,128,32,32,33,8,2,2,1]
[4096,-1024,256,-109,16,-4,1]
[4096,1280,656,139,41,5,1]
[4096,0,48,45,3,0,1]
[16384,768,179,6,1]
[6561,0,-109,0,1]
[729,162,90,46,10,2,1]
[14641,-2299,269,-19,1]
[4096,64,89,1,1]
[15625,-3125,346,-25,1]
[256,64,96,-8,19,-2,6,1,1]
[729,54,-11,2,1]
[4096,-2048,864,-239,54,-8,1]
[4096,-1792,448,-125,28,-7,1]
[2401,147,94,3,1]
[4096,-256,432,-29,27,-1,1]
[256,128,64,36,17,9,4,2,1]
[4096,768,0,-83,0,3,1]
[256,-64,80,-52,13,-13,5,-1,1]
[4096,0,64,-9,4,0,1]
[4096,1280,336,47,21,5,1]
[4096,512,304,95,19,2,1]
[4096,-512,80,37,5,-2,1]
[256,-64,0,-8,5,-2,0,-1,1]
[256,256,304,188,119,47,19,4,1]
[512,320,72,5,9,5,1]
[15625,0,-149,0,1]
[6561,0,-110,0,1]
[4096,-256,272,-11,17,-1,1]
[4096,-768,384,-75,24,-3,1]
[4096,2560,864,237,54,10,1]
[729,324,108,26,12,4,1]
[256,192,96,4,-5,1,6,3,1]
[512,-128,24,9,3,-2,1]
[2401,49,-72,1,1]
[4096,2304,896,261,56,9,1]
[14641,121,225,1,1]
[4096,0,32,-27,2,0,1]
[4096,-512,0,53,0,-2,1]
[14641,484,-10,4,1]
[256,-256,224,-152,79,-38,14,-4,1]
[4096,1024,240,101,15,4,1]
[15625,-1750,112,-14,1]
[4096,1280,96,15,6,5,1]
[4096,-1792,256,-23,16,-7,1]
[4096,3328,1472,441,92,13,1]
[4096,1024,336,149,21,4,1]
[14641,3872,468,32,1]
[512,-192,-8,29,-1,-3,1]
[4096,256,224,55,14,1,1]
[4096,-1024,128,5,8,-4,1]
[729,0,81,10,9,0,1]
[4096,768,64,29,4,3,1]
[15625,-750,-21,-6,1]
[4096,1024,608,121,38,4,1]
[4096,-768,656,-87,41,-3,1]
[4096,704,91,11,1]
[15625,-2750,303,-22,1]
[256,-64,64,-48,15,-12,4,-1,1]
[14641,726,146,6,1]
[4096,512,0,19,0,2,1]
[4096,0,16,-83,1,0,1]
[14641,-1210,195,-10,1]
[256,-384,320,-208,113,-52,20,-6,1]
[64,-16,16,3,4,-1,1]
[4096,-768,336,-81,21,-3,1]
[4096,-768,464,-65,29,-3,1]
[256,192,96,64,43,16,6,3,1]
[6561,1458,230,18,1]
[4096,-1792,512,-111,32,-7,1]
[15625,-2875,337,-23,1]
[729,162,-27,-26,-3,2,1]
[729,162,-18,-14,-2,2,1]
[14641,1210,61,10,1]
[256,0,80,0,21,0,5,0,1]
[512,-128,104,-17,13,-2,1]
[16384,-2304,179,-18,1]
[4096,-256,304,-27,19,-1,1]
[4096,1024,-48,-43,-3,4,1]
[14641,2057,284,17,1]
[256,-128,48,-20,15,-5,3,-2,1]
[16384,1664,223,13,1]
[512,-384,192,-79,24,-6,1]
[256,-64,96,-36,19,-9,6,-1,1]
[4096,128,-75,2,1]
[4096,0,23,0,1]
[4096,-512,128,-117,8,-2,1]
[16384,2048,221,16,1]
[14641,-1573,240,-13,1]
[16384,2688,251,21,1]
[14641,-968,214,-8,1]
[4096,256,-80,23,-5,1,1]
[4096,2048,176,-45,11,8,1]
[16384,256,231,2,1]
[512,-128,112,-37,14,-2,1]
[14641,-121,-67,-1,1]
[4096,-768,208,11,13,-3,1]
[4096,1024,464,141,29,4,1]
[15625,375,-38,3,1]
[256,64,-112,-4,39,-1,-7,1,1]
[256,128,32,4,-11,1,2,2,1]
[256,-256,112,-84,61,-21,7,-4,1]
[2401,49,26,1,1]
[2401,441,53,9,1]
[2401,784,139,16,1]
[256,256,96,48,33,12,6,4,1]
[4096,0,-16,-97,-1,0,1]
[4096,256,-32,-31,-2,1,1]
[15625,3000,328,24,1]
[16384,256,-51,2,1]
[256,256,208,116,59,29,13,4,1]
[4096,-1280,448,-81,28,-5,1]
[4096,2816,1152,323,72,11,1]
[2401,539,125,11,1]
[14641,-1331,147,-11,1]
[15625,1750,244,14,1]
[4096,3072,896,191,56,12,1]
[729,-405,99,-28,11,-5,1]
[625,175,28,7,1]
[256,64,112,16,35,4,7,1,1]
[729,162,9,11,1,2,1]
[4096,2304,896,273,56,9,1]
[4096,-1280,576,-153,36,-5,1]
[4096,512,288,-7,18,2,1]
[4096,-256,208,-89,13,-1,1]
[2401,-490,74,-10,1]
[15625,-3250,393,-26,1]
[15625,-2375,339,-19,1]
[4096,3328,1264,339,79,13,1]
[729,162,18,20,2,2,1]
[256,-128,96,-56,23,-14,6,-2,1]
[4096,512,112,95,7,2,1]
[512,192,24,7,3,3,1]
[4096,-768,352,-67,22,-3,1]
[14641,1089,151,9,1]
[4096,-1280,656,-137,41,-5,1]
[4096,1536,256,23,16,6,1]
[729,243,108,29,12,3,1]
[512,-128,96,-37,12,-2,1]
[4096,2048,816,211,51,8,1]
[729,-54,-26,-2,1]
[256,-128,0,20,-15,5,0,-2,1]
[15625,375,-16,3,1]
[4096,-512,272,-45,17,-2,1]
[729,243,9,-20,1,3,1]
[256,192,64,8,7,2,4,3,1]
[4096,1280,384,113,24,5,1]
[16384,-3072,297,-24,1]
[4096,-1216,201,-19,1]
[256,-128,128,-44,33,-11,8,-2,1]
[15625,1625,71,13,1]
[14641,847,210,7,1]
[4096,-768,16,5,1,-3,1]
[4096,-1792,272,-21,17,-7,1]
[4096,-256,624,-37,39,-1,1]
[256,-128,48,24,-23,6,3,-2,1]
[256,-384,352,-224,121,-56,22,-6,1]
[14641,121,-145,1,1]
[4096,128,21,2,1]
[729,-81,-27,50,-3,-1,1]
[729,0,54,-28,6,0,1]
[14641,605,51,5,1]
[15625,2625,304,21,1]
[4096,512,256,71,16,2,1]
[4096,0,464,-17,29,0,1]
[15625,500,-91,4,1]
[256,256,192,124,73,31,12,4,1]
[14641,2178,213,18,1]
[4096,-1792,400,-101,25,-7,1]
[4096,-128,51,-2,1]
[4096,-1024,128,33,8,-4,1]
[4096,512,176,13,11,2,1]
[4096,1792,528,141,33,7,1]
[14641,1210,29,10,1]
[16384,3328,353,26,1]
[14641,121,188,1,1]
[16384,-2048,247,-16,1]
[625,-125,17,-5,1]
[16384,256,-127,2,1]
[256,-64,80,-52,11,-13,5,-1,1]
[256,0,-48,4,9,1,-3,0,1]
[1024,-96,33,-3,1]
[4096,-512,-224,65,-14,-2,1]
[15625,-1000,126,-8,1]
[4096,1024,656,103,41,4,1]
[4096,0,128,-5,8,0,1]
[4096,-256,64,-77,4,-1,1]
[15625,-1875,93,-15,1]
[729,-324,63,-7,7,-4,1]
[14641,-1573,251,-13,1]
[729,162,90,8,10,2,1]
[4096,-1536,608,-175,38,-6,1]
[256,-128,96,-48,37,-12,6,-2,1]
[2401,-98,-40,-2,1]
[14641,1936,262,16,1]
[4096,2560,864,219,54,10,1]
[4096,-768,-16,11,-1,-3,1]
[729,-324,153,-31,17,-4,1]
[16384,-2048,107,-16,1]
[4096,-256,528,-7,33,-1,1]
[256,-128,32,-12,1,-3,2,-2,1]
[2401,-196,43,-4,1]
[256,0,96,16,17,4,6,0,1]
[14641,-1331,212,-11,1]
[729,-324,135,-46,15,-4,1]
[256,448,416,260,137,65,26,7,1]
[14641,-605,153,-5,1]
[15625,1500,203,12,1]
[6561,1620,211,20,1]
[6561,1782,278,22,1]
[6561,648,40,8,1]
[15625,-2000,117,-16,1]
[256,256,272,172,101,43,17,4,1]
[4096,-1024,368,-81,23,-4,1]
[15625,1875,162,15,1]
[512,320,184,73,23,5,1]
[4096,256,32,29,2,1,1]
[14641,242,-191,2,1]
[256,-128,160,-100,49,-25,10,-2,1]
[256,128,48,-40,-25,-10,3,2,1]
[2401,539,62,11,1]
[16384,-3840,439,-30,1]
[625,-275,79,-11,1]
[4096,512,320,-15,20,2,1]
[4096,-256,-80,97,-5,-1,1]
[4096,768,432,85,27,3,1]
[256,-64,0,12,-17,3,0,-1,1]
[4096,256,80,-83,5,1,1]
[15625,-3000,311,-24,1]
[256,384,336,232,131,58,21,6,1]
[256,-128,48,28,-11,7,3,-2,1]
[729,324,162,41,18,4,1]
[14641,-968,49,-8,1]
[729,0,-27,-2,-3,0,1]
[14641,2904,316,24,1]
[256,-256,160,-80,37,-20,10,-4,1]
[6561,-243,-77,-3,1]
[729,-486,117,-22,13,-6,1]
[4096,1280,-48,-83,-3,5,1]
[15625,-3250,374,-26,1]
[14641,-847,141,-7,1]
[4096,256,256,-45,16,1,1]
[4096,-1792,784,-197,49,-7,1]
[15625,1250,189,10,1]
[256,128,80,64,31,16,5,2,1]
[256,320,208,100,49,25,13,5,1]
[512,-256,24,19,3,-4,1]
[4096,1024,528,137,33,4,1]
[512,-64,80,1,10,-1,1]
[256,-384,304,-168,83,-42,19,-6,1]
[2401,294,86,6,1]
[256,320,192,80,37,20,12,5,1]
[4096,2304,784,227,49,9,1]
[256,-192,96,-52,37,-13,6,-3,1]
[256,-64,-144,4,53,1,-9,-1,1]
[16384,-1408,137,-11,1]
[256,64,64,44,19,11,4,1,1]
[14641,2904,323,24,1]
[729,-405,189,-53,21,-5,1]
[4096,-2560,1056,-297,66,-10,1]
[4096,2048,768,215,48,8,1]
[14641,-363,-39,-3,1]
[512,256,16,-9,2,4,1]
[256,-64,64,-4,9,-1,4,-1,1]
[256,-320,176,-72,33,-18,11,-5,1]
[4096,-512,-144,49,-9,-2,1]
[64,1,1]
[2401,98,-66,2,1]
[16384,-1408,63,-11,1]
[4096,-1536,784,-181,49,-6,1]
[256,64,80,16,17,4,5,1,1]
[4096,1536,128,-31,8,6,1]
[729,-162,144,-31,16,-2,1]
[4096,320,75,5,1]
[729,270,74,10,1]
[4096,-256,-80,1,-5,-1,1]
[729,-648,306,-107,34,-8,1]
[512,448,256,109,32,7,1]
[4096,768,672,79,42,3,1]
[4096,-1536,512,-113,32,-6,1]
[1024,416,95,13,1]
[4096,2304,1056,281,66,9,1]
[4096,256,48,117,3,1,1]
[512,-192,48,7,6,-3,1]
[4096,3072,928,207,58,12,1]
[256,-320,176,-60,23,-15,11,-5,1]
[4096,-768,93,-12,1]
[729,567,306,124,34,7,1]
[4096,2560,1056,325,66,10,1]
[14641,847,87,7,1]
[4096,-1280,128,-15,8,-5,1]
[512,-256,144,-41,18,-4,1]
[4096,0,160,-41,10,0,1]
[2401,-245,67,-5,1]
[4096,256,-160,-11,-10,1,1]
[256,0,0,4,27,1,0,0,1]
[256,-128,48,-8,-3,-2,3,-2,1]
[4096,-1792,768,-207,48,-7,1]
[4096,-768,336,-105,21,-3,1]
[256,-64,-48,16,7,4,-3,-1,1]
[4096,-768,336,-79,21,-3,1]
[4096,1024,336,63,21,4,1]
[729,54,17,2,1]
[4096,1280,336,89,21,5,1]
[4096,1280,-32,-91,-2,5,1]
[256,256,96,0,-9,0,6,4,1]
[4096,1536,672,191,42,6,1]
[14641,1331,257,11,1]
[14641,-3388,434,-28,1]
[4096,512,-224,-65,-14,2,1]
[16384,2432,207,19,1]
[4096,-1024,-112,87,-7,-4,1]
[4096,1280,512,123,32,5,1]
[14641,-726,138,-6,1]
[256,0,32,-12,-9,-3,2,0,1]
[15625,-1250,248,-10,1]
[4096,-256,400,-29,25,-1,1]
[14641,847,97,7,1]
[512,-128,0,33,0,-2,1]
[625,75,-6,3,1]
[6561,-729,157,-9,1]
[4096,-768,96,11,6,-3,1]
[256,-64,-16,16,-11,4,-1,-1,1]
[4096,-512,624,-45,39,-2,1]
[729,0,18,32,2,0,1]
[4096,-512,240,-79,15,-2,1]
[6561,-1458,196,-18,1]
[64,-48,0,11,0,-3,1]
[256,-64,-32,4,17,1,-2,-1,1]
[15625,2625,244,21,1]
[4096,0,128,57,8,0,1]
[729,-81,36,-32,4,-1,1]
[256,256,224,148,85,37,14,4,1]
[4096,-768,512,-65,32,-3,1]
[15625,375,-68,3,1]
[14641,-1210,38,-10,1]
[512,192,-16,-17,-2,3,1]
[16384,1024,211,8,1]
[15625,-1000,-31,-8,1]
[1024,192,53,6,1]
[4096,-2304,592,-121,37,-9,1]
[15625,875,231,7,1]
[4096,-256,-48,87,-3,-1,1]
[4096,768,384,119,24,3,1]
[4096,-1024,96,-5,6,-4,1]
[729,-243,-45,58,-5,-3,1]
[4096,-3072,1248,-359,78,-12,1]
[256,64,64,8,19,2,4,1,1]
[4096,768,336,81,21,3,1]
[2401,-245,64,-5,1]
[4096,-2048,864,-251,54,-8,1]
[729,81,126,14,14,1,1]
[256,-192,128,-68,43,-17,8,-3,1]
[4096,512,464,61,29,2,1]
[4096,-256,416,1,26,-1,1]
[4096,-256,-144,13,-9,-1,1]
[256,0,48,-20,21,-5,3,0,1]
[14641,726,13,6,1]
[256,192,176,100,55,25,11,3,1]
[15625,500,112,4,1]
[14641,-3751,441,-31,1]
[121,21,1]
[256,192,0,-48,-27,-12,0,3,1]
[256,64,-32,12,33,3,-2,1,1]
[15625,-1500,101,-12,1]
[729,-243,189,-41,21,-3,1]
[15625,-2625,356,-21,1]
[4096,-1536,704,-145,44,-6,1]
[729,81,117,25,13,1,1]
[14641,-3630,428,-30,1]
[729,-729,423,-164,47,-9,1]
[14641,968,152,8,1]
[256,64,16,-24,-11,-6,1,1,1]
[14641,-1331,14,-11,1]
[4096,-1280,528,-125,33,-5,1]
[16384,1408,27,11,1]
[256,256,160,76,39,19,10,4,1]
[16384,-1152,101,-9,1]
[729,0,0,44,0,0,1]
[16384,-384,113,-3,1]
[256,0,32,36,-11,9,2,0,1]
[256,-192,112,-32,17,-8,7,-3,1]
[4096,-512,256,25,16,-2,1]
[512,-256,128,-55,16,-4,1]
[4096,1024,64,31,4,4,1]
[2401,-49,67,-1,1]
[4096,-1536,-128,137,-8,-6,1]
[4096,1280,592,155,37,5,1]
[4096,-2048,640,-189,40,-8,1]
[4096,-768,256,-121,16,-3,1]
[14641,2904,302,24,1]
[256,128,64,48,29,12,4,2,1]
[256,64,48,32,-1,8,3,1,1]
[512,128,64,31,8,2,1]
[729,162,-54,-46,-6,2,1]
[4096,1792,384,53,24,7,1]
[4096,512,224,1,14,2,1]
[4096,-512,-96,125,-6,-2,1]
[4096,0,192,53,12,0,1]
[4096,256,272,31,17,1,1]
[729,-324,144,-53,16,-4,1]
[4096,-2560,960,-265,60,-10,1]
[15625,0,-88,0,1]
[256,-192,96,-20,9,-5,6,-3,1]
[16384,-128,-179,-1,1]
[256,-320,192,-84,37,-21,12,-5,1]
[15625,1375,131,11,1]
[4096,-1024,-96,55,-6,-4,1]
[4096,-512,0,-7,0,-2,1]
[15625,250,-73,2,1]
[14641,-605,37,-5,1]
[4096,-1280,432,-149,27,-5,1]
[2401,98,90,2,1]
[14641,-1936,292,-16,1]
[4096,0,224,21,14,0,1]
[4096,-1792,496,-149,31,-7,1]
[256,-192,80,-8,-11,-2,5,-3,1]
[14641,-363,73,-3,1]
[256,-256,80,24,-27,6,5,-4,1]
[2401,0,-17,0,1]
[4096,768,272,133,17,3,1]
[4096,1280,656,153,41,5,1]
[15625,-125,-77,-1,1]
[4096,-128,53,-2,1]
[256,64,0,4,23,1,0,1,1]
[16384,-2176,313,-17,1]
[14641,2299,202,19,1]
[15625,1000,19,8,1]
[16384,3072,353,24,1]
[14641,847,90,7,1]
[4096,-2304,704,-171,44,-9,1]
[14641,484,225,4,1]
[15625,-1250,-4,-10,1]
[4096,-2560,880,-245,55,-10,1]
[15625,-3375,413,-27,1]
[14641,2904,357,24,1]
[16384,-640,123,-5,1]
[729,0,-36,-8,-4,0,1]
[4096,3584,1776,539,111,14,1]
[16384,-384,-139,-3,1]
[729,-324,9,19,1,-4,1]
[4096,-256,528,-21,33,-1,1]
[4096,768,272,127,17,3,1]
[14641,1331,57,11,1]
[512,0,96,-3,12,0,1]
[256,-64,0,32,-11,8,0,-1,1]
[4096,1280,464,91,29,5,1]
[4096,-256,240,-81,15,-1,1]
[15625,-125,163,-1,1]
[4096,0,16,-15,1,0,1]
[14641,363,-135,3,1]
[14641,1936,191,16,1]
[16384,-3968,469,-31,1]
[15625,-1250,169,-10,1]
[16384,1408,19,11,1]
[512,-128,128,-19,16,-2,1]
[4096,0,-128,43,-8,0,1]
[512,192,104,37,13,3,1]
[16384,1536,61,12,1]
[15625,-250,93,-2,1]
[15625,250,162,2,1]
[15625,1875,288,15,1]
[4096,-512,-192,85,-12,-2,1]
[256,192,176,96,53,24,11,3,1]
[4096,-2816,1136,-311,71,-11,1]
[16384,3072,339,24,1]
[4096,2560,848,229,53,10,1]
[4096,1536,496,97,31,6,1]
[729,243,0,-19,0,3,1]
[256,-192,240,-128,89,-32,15,-3,1]
[4096,-1792,544,-135,34,-7,1]
[256,-128,32,-4,-3,-1,2,-2,1]
[729,-81,126,-23,14,-1,1]
[729,-162,27,-34,3,-2,1]
[4096,-768,320,-35,20,-3,1]
[512,0,-16,19,-2,0,1]
[729,-216,62,-8,1]
[4096,-1024,416,-131,26,-4,1]
[729,-648,369,-143,41,-8,1]
[729,162,-36,-53,-4,2,1]
[256,320,256,172,97,43,16,5,1]
[4096,1792,640,179,40,7,1]
[15625,-1500,66,-12,1]
[15625,-3125,317,-25,1]
[4096,-512,176,-37,11,-2,1]
[4096,1280,320,67,20,5,1]
[4096,-512,464,-21,29,-2,1]
[4096,-2048,784,-215,49,-8,1]
[4096,-256,384,-7,24,-1,1]
[15625,375,-48,3,1]
[15625,1000,71,8,1]
[4096,-256,176,-81,11,-1,1]
[14641,-1089,245,-9,1]
[4096,896,173,14,1]
[15625,-250,92,-2,1]
[4096,0,-96,23,-6,0,1]
[14641,-605,49,-5,1]
[64,-32,-12,15,-3,-2,1]
[729,243,0,-14,0,3,1]
[6561,486,-19,6,1]
[512,192,64,3,8,3,1]
[4096,-512,272,-103,17,-2,1]
[14641,-4114,520,-34,1]
[4096,-768,-32,11,-2,-3,1]
[256,-128,32,16,-3,4,2,-2,1]
[4096,-1536,624,-169,39,-6,1]
[512,0,48,-3,6,0,1]
[729,162,99,29,11,2,1]
[14641,1331,23,11,1]
[16384,1408,107,11,1]
[4096,-512,-144,91,-9,-2,1]
[729,405,162,70,18,5,1]
[14641,-1815,138,-15,1]
[729,81,0,-14,0,1,1]
[14641,-1089,148,-9,1]
[4096,1536,448,139,28,6,1]
[6561,-1863,260,-23,1]
[4096,0,96,103,6,0,1]
[256,64,0,-12,3,-3,0,1,1]
[256,0,80,40,15,10,5,0,1]
[4096,-2560,1024,-289,64,-10,1]
[256,-64,64,-8,5,-2,4,-1,1]
[4096,0,272,39,17,0,1]
[4096,1536,128,-21,8,6,1]
[14641,0,216,0,1]
[256,64,64,24,25,6,4,1,1]
[4096,1536,432,69,27,6,1]
[4096,-256,16,43,1,-1,1]
[4096,-512,-128,45,-8,-2,1]
[15625,750,101,6,1]
[6561,1701,271,21,1]
[256,128,64,28,21,7,4,2,1]
[4096,1024,64,-3,4,4,1]
[15625,2125,148,17,1]
[16384,-256,-57,-2,1]
[4096,512,352,33,22,2,1]
[4096,1792,0,-105,0,7,1]
[4096,768,576,65,36,3,1]
[4096,-448,107,-7,1]
[14641,-242,18,-2,1]
[4096,1280,336,43,21,5,1]
[16384,1152,271,9,1]
[256,-96,39,-6,1]
[4096,0,-48,-63,-3,0,1]
[15625,625,236,5,1]
[256,-64,80,-12,17,-3,5,-1,1]
[4096,768,464,99,29,3,1]
[4096,-1792,704,-159,44,-7,1]
[4096,448,83,7,1]
[256,192,48,-52,-45,-13,3,3,1]
[15625,250,54,2,1]
[729,81,117,1,13,1,1]
[4096,-768,512,-49,32,-3,1]
[4096,-512,96,13,6,-2,1]
[15625,-1875,111,-15,1]
[15625,-125,-167,-1,1]
[4096,-1536,496,-125,31,-6,1]
[4096,2304,1152,305,72,9,1]
[4096,-1280,192,-19,12,-5,1]
[15625,1625,229,13,1]
[4096,3328,1312,361,82,13,1]
[4096,1024,256,77,16,4,1]
[729,-162,108,-13,12,-2,1]
[256,-128,144,-92,45,-23,9,-2,1]
[729,0,72,-20,8,0,1]
[4096,-256,256,13,16,-1,1]
[4096,768,272,-11,17,3,1]
[6561,-972,193,-12,1]
[4096,1024,368,65,23,4,1]
[256,-256,160,-76,31,-19,10,-4,1]
[4096,-2048,112,75,7,-8,1]
[4096,-256,-32,45,-2,-1,1]
[15625,750,-98,6,1]
[15625,-2500,309,-20,1]
[4096,1024,-48,-107,-3,4,1]
[512,192,176,43,22,3,1]
[4096,-256,208,-83,13,-1,1]
[14641,726,239,6,1]
[15625,1125,254,9,1]
[512,-64,16,29,2,-1,1]
[512,768,544,237,68,12,1]
[16384,384,33,3,1]
[4096,-1024,272,-47,17,-4,1]
[256,-256,96,-20,5,-5,6,-4,1]
[4096,-2560,1008,-283,63,-10,1]
[256,-256,240,-160,89,-40,15,-4,1]
[256,128,32,-20,-23,-5,2,2,1]
[14641,-2057,166,-17,1]
[4096,2560,1072,327,67,10,1]
[4096,-256,176,-69,11,-1,1]
[6561,2511,400,31,1]
[16384,-2944,343,-23,1]
[256,64,-80,8,39,2,-5,1,1]
[4096,768,416,49,26,3,1]
[4096,-2304,416,-41,26,-9,1]
[4096,1024,272,91,17,4,1]
[14641,2783,329,23,1]
[4096,-768,-96,75,-6,-3,1]
[14641,1089,65,9,1]
[4096,-1280,544,-165,34,-5,1]
[6561,-1539,197,-19,1]
[4096,256,128,57,8,1,1]
[4096,1792,640,217,40,7,1]
[14641,1331,174,11,1]
[4096,1792,816,197,51,7,1]
[729,567,243,80,27,7,1]
[512,128,64,7,8,2,1]
[4096,768,416,47,26,3,1]
[15625,-375,-2,-3,1]
[256,128,48,-40,-19,-10,3,2,1]
[4096,1536,-16,-83,-1,6,1]
[729,324,72,1,8,4,1]
[4096,320,91,5,1]
[4096,-256,-224,25,-14,-1,1]
[512,-64,96,1,12,-1,1]
[2401,-392,37,-8,1]
[256,0,0,8,-1,2,0,0,1]
[4096,-1024,432,-73,27,-4,1]
[14641,-1452,201,-12,1]
[6561,-486,-34,-6,1]
[4096,-512,448,-69,28,-2,1]
[256,-64,96,-20,31,-5,6,-1,1]
[6561,81,-34,1,1]
[6561,486,44,6,1]
[4096,-1280,64,31,4,-5,1]
[16384,3328,343,26,1]
[14641,-121,86,-1,1]
[4096,320,5,5,1]
[16384,512,235,4,1]
[15625,-750,236,-6,1]
[2401,343,81,7,1]
[4096,-768,240,-11,15,-3,1]
[16384,-1792,113,-14,1]
[4096,-768,240,-127,15,-3,1]
[15625,2500,348,20,1]
[4096,1280,160,15,10,5,1]
[14641,-242,-161,-2,1]
[4096,-1024,-16,49,-1,-4,1]
[729,-324,-36,44,-4,-4,1]
[4096,-1792,48,79,3,-7,1]
[729,-162,45,-13,5,-2,1]
[15625,250,52,2,1]
[512,320,232,81,29,5,1]
[256,-192,48,-44,41,-11,3,-3,1]
[256,-64,32,-20,11,-5,2,-1,1]
[4096,1024,544,81,34,4,1]
[256,192,48,4,3,1,3,3,1]
[14641,1089,81,9,1]
[15625,-1750,211,-14,1]
[14641,-3146,390,-26,1]
[15625,250,-88,2,1]
[256,-128,96,-64,31,-16,6,-2,1]
[4096,-512,-64,91,-4,-2,1]
[512,-192,0,13,0,-3,1]
[15625,1625,254,13,1]
[256,320,208,148,93,37,13,5,1]
[4096,-1280,112,-5,7,-5,1]
[4096,1536,-160,-149,-10,6,1]
[4096,2304,768,185,48,9,1]
[4096,768,240,-11,15,3,1]
[729,-324,72,2,8,-4,1]
[4096,256,160,87,10,1,1]
[15625,2000,199,16,1]
[6561,-324,79,-4,1]
[512,-192,64,-29,8,-3,1]
[729,405,153,46,17,5,1]
[256,0,16,-4,11,-1,1,0,1]
[14641,242,-8,2,1]
[256,128,-16,-32,-13,-8,-1,2,1]
[4096,2048,768,199,48,8,1]
[256,0,32,-20,9,-5,2,0,1]
[256,64,64,24,33,6,4,1,1]
[4096,-256,0,23,0,-1,1]
[4096,1792,448,89,28,7,1]
[256,-64,-32,20,7,5,-2,-1,1]
[14641,-2420,336,-20,1]
[4096,-256,0,-51,0,-1,1]
[256,64,-16,4,-1,1,-1,1,1]
[256,-192,144,-92,55,-23,9,-3,1]
[256,64,96,48,17,12,6,1,1]
[15625,875,203,7,1]
[256,128,64,16,-1,4,4,2,1]
[4096,-256,-96,-1,-6,-1,1]
[4096,-3584,1568,-457,98,-14,1]
[256,-64,16,-16,-5,-4,1,-1,1]
[256,-192,176,-100,67,-25,11,-3,1]
[16384,1792,293,14,1]
[4096,3328,1408,411,88,13,1]
[4096,1792,592,175,37,7,1]
[15625,375,59,3,1]
[4096,-512,48,-43,3,-2,1]
[6561,-810,133,-10,1]
[2401,196,59,4,1]
[729,-162,99,-23,11,-2,1]
[256,256,224,116,67,29,14,4,1]
[4096,-1024,384,-117,24,-4,1]
[4096,-256,-96,3,-6,-1,1]
[256,192,144,80,53,20,9,3,1]
[4096,1792,272,17,17,7,1]
[4096,-256,-160,43,-10,-1,1]
[4096,2048,816,205,51,8,1]
[256,0,-112,0,37,0,-7,0,1]
[729,486,180,58,20,6,1]
[512,0,152,-1,19,0,1]
[729,-162,18,-1,2,-2,1]
[4096,3584,1616,477,101,14,1]
[14641,-1210,111,-10,1]
[15625,0,-153,0,1]
[256,0,128,4,41,1,8,0,1]
[4096,512,32,65,2,2,1]
[4096,-1536,784,-185,49,-6,1]
[6561,324,-53,4,1]
[4096,-512,64,65,4,-2,1]
[512,-320,232,-79,29,-5,1]
[14641,1452,189,12,1]
[512,192,8,-9,1,3,1]
[4096,-384,133,-6,1]
[4096,-256,-32,21,-2,-1,1]
[15625,1000,136,8,1]
[4096,-768,352,-95,22,-3,1]
[4096,-256,416,-31,26,-1,1]
[4096,-512,128,-5,8,-2,1]
[256,256,160,60,23,15,10,4,1]
[14641,121,139,1,1]
[4096,-1280,544,-129,34,-5,1]
[4096,-512,64,-81,4,-2,1]
[4096,-1280,752,-147,47,-5,1]
[4096,2304,496,85,31,9,1]
[16384,1920,125,15,1]
[15625,500,-154,4,1]
[4096,1280,544,119,34,5,1]
[15625,1125,48,9,1]
[256,-256,208,-140,83,-35,13,-4,1]
[4096,2304,864,221,54,9,1]
[729,-81,-54,25,-6,-1,1]
[15625,-1375,178,-11,1]
[4096,-1792,576,-127,36,-7,1]
[4096,-1280,96,-3,6,-5,1]
[4096,0,352,-29,22,0,1]
[4096,1280,688,129,43,5,1]
[4096,1024,32,-13,2,4,1]
[4096,-512,-128,89,-8,-2,1]
[14641,121,5,1,1]
[15625,-1000,82,-8,1]
[4096,-1024,512,-65,32,-4,1]
[16384,2688,263,21,1]
[14641,-1331,96,-11,1]
[2401,-147,100,-3,1]
[4096,1024,144,-39,9,4,1]
[512,64,104,5,13,1,1]
[14641,-2057,245,-17,1]
[2401,49,-4,1,1]
[4096,-1792,208,-3,13,-7,1]
[729,-162,27,-29,3,-2,1]
[4096,-1024,576,-119,36,-4,1]
[15625,-125,178,-1,1]
[4096,1280,528,127,33,5,1]
[4096,1280,384,97,24,5,1]
[4096,4608,2400,751,150,18,1]
[14641,242,45,2,1]
[4096,1024,80,7,5,4,1]
[4096,-2048,144,61,9,-8,1]
[4096,768,-192,-113,-12,3,1]
[729,-243,252,-53,28,-3,1]
[16384,2560,223,20,1]
[729,243,90,13,10,3,1]
[4096,-1024,224,-91,14,-4,1]
[2401,196,-2,4,1]
[625,25,-38,1,1]
[625,-25,-12,-1,1]
[256,-256,208,-140,69,-35,13,-4,1]
[4096,256,160,-5,10,1,1]
[14641,-1573,269,-13,1]
[14641,1331,128,11,1]
[512,-192,96,-33,12,-3,1]
[6561,1215,152,15,1]
[4096,-1024,-176,143,-11,-4,1]
[4096,256,336,47,21,1,1]
[729,-243,9,22,1,-3,1]
[4096,1280,0,-73,0,5,1]
[729,-243,99,-44,11,-3,1]
[4096,-2048,816,-207,51,-8,1]
[15625,-1875,257,-15,1]
[4096,2560,688,151,43,10,1]
[4096,256,80,113,5,1,1]
[4096,512,-176,-89,-11,2,1]
[512,64,88,21,11,1,1]
[4096,256,416,35,26,1,1]
[4096,1024,256,43,16,4,1]
[15625,250,-194,2,1]
[729,162,45,-17,5,2,1]
[4096,512,320,29,20,2,1]
[729,324,135,65,15,4,1]
[14641,-1815,123,-15,1]
[256,-192,240,-112,83,-28,15,-3,1]
[256,192,64,-16,-19,-4,4,3,1]
[4096,768,-224,-109,-14,3,1]
[512,-256,136,-61,17,-4,1]
[1024,-96,37,-3,1]
[4096,3584,1600,475,100,14,1]
[4096,512,48,59,3,2,1]
[14641,-968,241,-8,1]
[4096,768,384,17,24,3,1]
[4096,-1280,256,-19,16,-5,1]
[4096,1280,560,159,35,5,1]
[4096,1280,544,155,34,5,1]
[4096,768,256,129,16,3,1]
[256,0,80,-8,25,-2,5,0,1]
[15625,250,16,2,1]
[15625,0,149,0,1]
[6561,-243,-47,-3,1]
[6561,-162,-119,-2,1]
[4096,1536,688,177,43,6,1]
[4096,2048,784,243,49,8,1]
[512,-64,16,-39,2,-1,1]
[4096,1280,496,139,31,5,1]
[4096,-1536,528,-121,33,-6,1]
[256,384,240,80,25,20,15,6,1]
[729,-243,90,-26,10,-3,1]
[15625,125,-214,1,1]
[256,-64,16,24,-17,6,1,-1,1]
[15625,-750,-78,-6,1]
[4096,-2048,288,-3,18,-8,1]
[256,-256,224,-148,81,-37,14,-4,1]
[256,0,48,16,5,4,3,0,1]
[729,-405,144,-32,16,-5,1]
[16384,-1920,115,-15,1]
[256,128,80,48,29,12,5,2,1]
[4096,0,32,119,2,0,1]
[256,-64,96,-48,29,-12,6,-1,1]
[729,-891,558,-224,62,-11,1]
[256,64,0,12,5,3,0,1,1]
[729,243,171,43,19,3,1]
[16384,-1664,121,-13,1]
[15625,375,-42,3,1]
[16384,1280,3,10,1]
[16384,-768,139,-6,1]
[4096,512,-144,-85,-9,2,1]
[14641,-484,21,-4,1]
[15625,-500,-147,-4,1]
[14641,-1331,65,-11,1]
[256,-128,0,20,-5,5,0,-2,1]
[256,128,16,-32,-13,-8,1,2,1]
[4096,-768,-160,137,-10,-3,1]
[4096,-768,160,-25,10,-3,1]
[4096,-1792,560,-115,35,-7,1]
[4096,2816,1136,325,71,11,1]
[6561,-1701,247,-21,1]
[729,891,576,236,64,11,1]
[256,0,0,28,7,7,0,0,1]
[15625,-625,-57,-5,1]
[14641,-1694,168,-14,1]
[729,162,-36,-40,-4,2,1]
[256,64,80,0,13,0,5,1,1]
[2401,-539,59,-11,1]
[6561,-324,86,-4,1]
[729,-567,351,-130,39,-7,1]
[256,64,80,68,15,17,5,1,1]
[256,-128,48,-32,9,-8,3,-2,1]
[2401,784,151,16,1]
[4096,-512,288,19,18,-2,1]
[15625,125,-174,1,1]
[729,81,-45,-34,-5,1,1]
[14641,726,105,6,1]
[15625,-2375,246,-19,1]
[15625,2875,299,23,1]
[256,0,80,-48,7,-12,5,0,1]
[15625,625,36,5,1]
[4096,-512,48,85,3,-2,1]
[256,64,-16,-8,13,-2,-1,1,1]
[16384,-3968,467,-31,1]
[15625,-875,29,-7,1]
[4096,-1024,160,-35,10,-4,1]
[256,64,16,0,5,0,1,1,1]
[4096,256,160,67,10,1,1]
[729,-324,0,23,0,-4,1]
[14641,1331,133,11,1]
[14641,-847,-56,-7,1]
[512,-64,32,11,4,-1,1]
[4096,1024,352,153,22,4,1]
[4096,256,320,29,20,1,1]
[256,-192,80,-36,13,-9,5,-3,1]
[256,-64,-16,4,13,1,-1,-1,1]
[4096,1536,224,45,14,6,1]
[15625,-1250,11,-10,1]
[512,64,48,9,6,1,1]
[512,-320,136,-39,17,-5,1]
[15625,1125,207,9,1]
[16384,2176,283,17,1]
[14641,-726,161,-6,1]
[4096,512,48,-35,3,2,1]
[512,128,96,35,12,2,1]
[16384,-1152,125,-9,1]
[729,243,99,32,11,3,1]
[256,128,32,-4,-11,-1,2,2,1]
[4096,256,352,-23,22,1,1]
[4096,-512,608,-59,38,-2,1]
[14641,2783,318,23,1]
[4096,1472,247,23,1]
[15625,-375,-78,-3,1]
[4096,1024,-144,-83,-9,4,1]
[729,-81,72,-29,8,-1,1]
[256,64,-16,4,9,1,-1,1,1]
[256,64,144,28,47,7,9,1,1]
[4096,2304,880,259,55,9,1]
[4096,512,-192,-49,-12,2,1]
[4096,1024,752,123,47,4,1]
[6561,648,61,8,1]
[4096,1024,-192,-149,-12,4,1]
[512,-256,-8,27,-1,-4,1]
[4096,-1024,32,47,2,-4,1]
[16384,-2304,271,-18,1]
[16384,1024,175,8,1]
[4096,768,80,-45,5,3,1]
[4096,768,336,109,21,3,1]
[4096,-2304,752,-207,47,-9,1]
[14641,3267,358,27,1]
[6561,-810,107,-10,1]
[4096,-320,35,-5,1]
[4096,512,144,-9,9,2,1]
[4096,1536,0,-91,0,6,1]
[4096,-1280,-48,83,-3,-5,1]
[14641,-1210,103,-10,1]
[256,-128,160,-72,57,-18,10,-2,1]
[256,192,64,-52,-39,-13,4,3,1]
[4096,1280,560,155,35,5,1]
[4096,-768,48,61,3,-3,1]
[4096,-512,288,-105,18,-2,1]
[14641,-3993,511,-33,1]
[16384,-1408,191,-11,1]
[4096,-768,256,-115,16,-3,1]
[4096,-512,224,-1,14,-2,1]
[4096,1536,832,189,52,6,1]
[4096,-768,560,-81,35,-3,1]
[6561,405,46,5,1]
[4096,-1536,64,39,4,-6,1]
[14641,-484,60,-4,1]
[14641,1089,30,9,1]
[4096,-2304,1008,-273,63,-9,1]
[14641,-1815,113,-15,1]
[4096,0,-16,-49,-1,0,1]
[4096,768,48,-73,3,3,1]
[512,0,-8,5,-1,0,1]
[512,64,40,-13,5,1,1]
[4096,768,-32,-5,-2,3,1]
[2401,-294,1,-6,1]
[256,64,80,60,21,15,5,1,1]
[6561,-81,127,-1,1]
[256,-64,96,-64,21,-16,6,-1,1]
[4096,512,144,77,9,2,1]
[729,-243,72,-1,8,-3,1]
[4096,-512,352,-73,22,-2,1]
[729,-648,270,-85,30,-8,1]
[256,-64,16,-24,11,-6,1,-1,1]
[4096,-1792,208,5,13,-7,1]
[4096,0,16,19,1,0,1]
[16384,-2176,283,-17,1]
[14641,-847,244,-7,1]
[4096,640,53,10,1]
[4096,1536,288,63,18,6,1]
[256,-64,16,16,-23,4,1,-1,1]
[4096,1024,256,101,16,4,1]
[16384,128,-163,1,1]
[4096,-768,80,21,5,-3,1]
[256,-64,32,16,5,4,2,-1,1]
[14641,1331,102,11,1]
[4096,-1792,752,-195,47,-7,1]
[4096,1792,208,-17,13,7,1]
[4096,4352,2256,705,141,17,1]
[4096,-2048,384,-55,24,-8,1]
[15625,-2250,214,-18,1]
[4096,-2560,608,-107,38,-10,1]
[4096,2048,464,99,29,8,1]
[256,64,160,36,55,9,10,1,1]
[4096,1280,192,-15,12,5,1]
[729,-324,27,8,3,-4,1]
[256,256,160,80,41,20,10,4,1]
[256,-64,-48,4,7,1,-3,-1,1]
[4096,-1280,221,-20,1]
[4096,768,-80,-17,-5,3,1]
[512,-64,104,-17,13,-1,1]
[256,-64,48,16,5,4,3,-1,1]
[625,75,22,3,1]
[15625,-2250,174,-18,1]
[4096,-256,208,-35,13,-1,1]
[4096,0,-96,55,-6,0,1]
[4096,384,21,6,1]
[4096,-2304,912,-263,57,-9,1]
[4096,-2048,640,-173,40,-8,1]
[256,192,32,-48,-37,-12,2,3,1]
[4096,768,576,87,36,3,1]
[729,-324,99,-23,11,-4,1]
[256,-128,128,-20,23,-5,8,-2,1]
[14641,1089,-30,9,1]
[4096,-2816,1120,-315,70,-11,1]
[4096,1280,528,161,33,5,1]
[14641,605,172,5,1]
[729,-81,-18,-2,-2,-1,1]
[256,128,-32,-28,-3,-7,-2,2,1]
[4096,1280,416,153,26,5,1]
[4096,1024,-112,-87,-7,4,1]
[15625,-1250,57,-10,1]
[256,64,64,12,-1,3,4,1,1]
[729,0,45,-10,5,0,1]
[4096,-512,592,-65,37,-2,1]
[4096,0,-112,-43,-7,0,1]
[256,-128,48,-24,1,-6,3,-2,1]
[4096,0,-144,27,-9,0,1]
[729,324,-63,-67,-7,4,1]
[6561,-567,40,-7,1]
[512,-128,24,-19,3,-2,1]
[4096,1536,656,133,41,6,1]
[2401,-441,53,-9,1]
[64,0,40,1,10,0,1]
[4096,-256,240,-67,15,-1,1]
[729,162,198,28,22,2,1]
[6561,729,88,9,1]
[6561,1944,292,24,1]
[4096,-512,448,-53,28,-2,1]
[4096,-2816,1120,-309,70,-11,1]
[64,112,104,63,26,7,1]
[4096,512,32,13,2,2,1]
[14641,1573,255,13,1]
[15625,625,247,5,1]
[256,-64,-80,-4,31,-1,-5,-1,1]
[4096,2304,864,237,54,9,1]
[16384,-1280,87,-10,1]
[4096,-1024,672,-103,42,-4,1]
[729,-81,0,-31,0,-1,1]
[14641,1210,175,10,1]
[256,128,32,-12,-5,-3,2,2,1]
[4096,512,48,-77,3,2,1]
[6561,1377,185,17,1]
[6561,891,188,11,1]
[625,75,-19,3,1]
[256,64,0,28,23,7,0,1,1]
[4096,0,176,-83,11,0,1]
[15625,-2375,269,-19,1]
[4096,-2048,848,-237,53,-8,1]
[256,-192,160,-96,49,-24,10,-3,1]
[4096,1536,128,-41,8,6,1]
[4096,-1280,592,-101,37,-5,1]
[15625,-2250,296,-18,1]
[14641,-484,-29,-4,1]
[256,192,48,0,3,0,3,3,1]
[2401,98,68,2,1]
[4096,1024,416,65,26,4,1]
[4096,-256,96,7,6,-1,1]
[4096,1024,176,55,11,4,1]
[4096,1024,800,127,50,4,1]
[4096,1792,768,221,48,7,1]
[256,-192,32,24,-17,6,2,-3,1]
[4096,-512,320,-65,20,-2,1]
[4096,0,160,71,10,0,1]
[14641,-1210,192,-10,1]
[15625,500,133,4,1]
[14641,3509,423,29,1]
[256,192,128,76,39,19,8,3,1]
[256,-192,160,-60,37,-15,10,-3,1]
[4096,256,272,75,17,1,1]
[4096,-1792,576,-137,36,-7,1]
[15625,125,203,1,1]
[4096,256,-48,-71,-3,1,1]
[16384,-2688,335,-21,1]
[4096,256,128,91,8,1,1]
[512,0,-56,5,-7,0,1]
[256,-128,0,24,-21,6,0,-2,1]
[14641,-2178,188,-18,1]
[256,-64,80,-40,29,-10,5,-1,1]
[16384,-1024,-27,-8,1]
[4096,0,192,-53,12,0,1]
[4096,-2560,960,-261,60,-10,1]
[14641,1815,285,15,1]
[4096,1024,368,83,23,4,1]
[14641,-484,-86,-4,1]
[256,-128,96,4,7,1,6,-2,1]
[256,-128,48,-36,31,-9,3,-2,1]
[4096,-768,336,-111,21,-3,1]
[4096,-1280,368,-79,23,-5,1]
[4096,3840,1744,519,109,15,1]
[4096,256,608,29,38,1,1]
[14641,-3267,357,-27,1]
[256,192,112,40,13,10,7,3,1]
[14641,-968,251,-8,1]
[14641,-1452,87,-12,1]
[16384,-3072,309,-24,1]
[625,275,77,11,1]
[256,0,-31,0,1]
[4096,-1280,-144,121,-9,-5,1]
[16384,2176,253,17,1]
[256,64,80,56,23,14,5,1,1]
[14641,121,40,1,1]
[4096,1280,560,125,35,5,1]
[16384,2304,333,18,1]
[4096,2816,1216,351,76,11,1]
[4096,768,16,3,1,3,1]
[729,-81,-54,34,-6,-1,1]
[4096,-512,320,-43,20,-2,1]
[512,-128,-40,19,-5,-2,1]
[2401,-147,23,-3,1]
[729,324,117,46,13,4,1]
[6561,162,-10,2,1]
[512,640,416,177,52,10,1]
[4096,-768,192,17,12,-3,1]
[4096,-2048,816,-227,51,-8,1]
[4096,-1536,480,-117,30,-6,1]
[4096,768,0,-33,0,3,1]
[512,-192,56,-17,7,-3,1]
[4096,-64,-5,-1,1]
[729,81,-45,4,-5,1,1]
[4096,-2560,1008,-279,63,-10,1]
[4096,-512,-128,67,-8,-2,1]
[4096,-2304,304,11,19,-9,1]
[4096,-1280,320,-85,20,-5,1]
[729,162,-18,-16,-2,2,1]
[4096,1536,160,-21,10,6,1]
[16384,128,231,1,1]
[4096,1536,-80,-123,-5,6,1]
[15625,-625,7,-5,1]
[14641,3630,443,30,1]
[4096,1024,448,143,28,4,1]
[15625,-625,-52,-5,1]
[4096,256,624,39,39,1,1]
[256,64,64,16,13,4,4,1,1]
[512,-128,144,-29,18,-2,1]
[4096,1536,448,79,28,6,1]
[512,0,-8,-17,-1,0,1]
[4096,0,256,39,16,0,1]
[2401,-784,141,-16,1]
[729,-81,-27,-17,-3,-1,1]
[4096,-2304,944,-281,59,-9,1]
[512,-128,-24,37,-3,-2,1]
[4096,-1280,272,-13,17,-5,1]
[4096,0,160,53,10,0,1]
[256,128,16,-4,-3,-1,1,2,1]
[14641,605,114,5,1]
[15625,-1000,74,-8,1]
[14641,-1089,139,-9,1]
[256,256,208,124,71,31,13,4,1]
[4096,1024,32,-57,2,4,1]
[6561,729,164,9,1]
[6561,567,77,7,1]
[729,-324,180,-47,20,-4,1]
[256,-192,48,-24,21,-6,3,-3,1]
[512,-192,-8,11,-1,-3,1]
[4096,1792,688,183,43,7,1]
[4096,-64,-105,-1,1]
[2401,-343,92,-7,1]
[14641,-1936,251,-16,1]
[256,192,32,8,9,2,2,3,1]
[4096,-256,544,-39,34,-1,1]
[256,-64,96,-36,21,-9,6,-1,1]
[256,128,32,40,37,10,2,2,1]
[15625,1875,134,15,1]
[15625,625,-94,5,1]
[4096,-768,496,-97,31,-3,1]
[14641,-1452,229,-12,1]
[256,-320,144,12,-35,3,9,-5,1]
[256,-128,-80,32,11,8,-5,-2,1]
[729,324,144,32,16,4,1]
[14641,-1452,145,-12,1]
[4096,-512,-176,33,-11,-2,1]
[4096,256,-48,37,-3,1,1]
[4096,0,256,59,16,0,1]
[729,243,126,26,14,3,1]
[6561,324,-76,4,1]
[729,0,9,-2,1,0,1]
[4096,-2560,832,-199,52,-10,1]
[4096,-256,432,-53,27,-1,1]
[15625,1000,133,8,1]
[4096,-1536,640,-169,40,-6,1]
[4096,-2048,304,-7,19,-8,1]
[14641,-2299,289,-19,1]
[4096,0,32,99,2,0,1]
[4096,1792,528,103,33,7,1]
[4096,2048,336,39,21,8,1]
[14641,363,-111,3,1]
[4096,2816,752,149,47,11,1]
[729,324,198,59,22,4,1]
[16384,-1536,223,-12,1]
[4096,1792,464,91,29,7,1]
[4096,-1536,112,35,7,-6,1]
[4096,1024,80,-19,5,4,1]
[4096,-768,336,-113,21,-3,1]
[729,162,117,40,13,2,1]
[4096,1536,320,71,20,6,1]
[14641,-2057,229,-17,1]
[256,-128,96,-72,25,-18,6,-2,1]
[256,-64,-32,8,13,2,-2,-1,1]
[4096,2816,1024,267,64,11,1]
[256,-64,32,12,-1,3,2,-1,1]
[15625,-375,91,-3,1]
[729,-405,54,13,6,-5,1]
[729,-81,-9,26,-1,-1,1]
[14641,-484,-64,-4,1]
[256,-64,80,8,11,2,5,-1,1]
[15625,125,158,1,1]
[4096,-1152,165,-18,1]
[16,3,1]
[256,-256,144,-36,7,-9,9,-4,1]
[256,256,160,92,53,23,10,4,1]
[4096,1280,608,129,38,5,1]
[4096,-512,128,-69,8,-2,1]
[4096,-1536,512,-93,32,-6,1]
[729,81,-36,-13,-4,1,1]
[729,486,306,104,34,6,1]
[16384,1408,93,11,1]
[256,-64,-32,12,11,3,-2,-1,1]
[4096,-1024,112,37,7,-4,1]
[4096,-1536,304,-19,19,-6,1]
[15625,2875,268,23,1]
[4096,-512,-32,91,-2,-2,1]
[4096,-1792,592,-145,37,-7,1]
[4096,0,144,51,9,0,1]
[16384,128,237,1,1]
[4096,512,272,23,17,2,1]
[16384,1536,241,12,1]
[4096,-256,288,-17,18,-1,1]
[4096,-1024,752,-121,47,-4,1]
[729,27,47,1,1]
[4096,-256,112,-87,7,-1,1]
[15625,-1625,113,-13,1]
[14641,0,-26,0,1]
[256,128,0,0,5,0,0,2,1]
[14641,-605,180,-5,1]
[4096,-2048,880,-221,55,-8,1]
[16384,-2816,345,-22,1]
[6561,0,-148,0,1]
[256,64,48,4,-1,1,3,1,1]
[4096,-256,-32,121,-2,-1,1]
[512,-64,40,19,5,-1,1]
[14641,0,-219,0,1]
[4096,256,352,75,22,1,1]
[729,-567,342,-124,38,-7,1]
[4096,3072,1184,327,74,12,1]
[256,-192,32,12,-9,3,2,-3,1]
[15625,-500,-118,-4,1]
[4096,1536,160,-15,10,6,1]
[4096,2048,720,229,45,8,1]
[729,405,36,-13,4,5,1]
[4096,-768,-128,117,-8,-3,1]
[256,192,160,112,57,28,10,3,1]
[729,-405,207,-88,23,-5,1]
[15625,1625,87,13,1]
[4096,0,48,-81,3,0,1]
[6561,-567,46,-7,1]
[729,324,-9,-34,-1,4,1]
[6561,-1134,122,-14,1]
[15625,-2250,256,-18,1]
[256,0,80,-4,9,-1,5,0,1]
[256,-192,144,-88,51,-22,9,-3,1]
[64,0,12,5,3,0,1]
[4096,-1024,304,-121,19,-4,1]
[2401,49,-51,1,1]
[4096,1536,640,155,40,6,1]
[4096,64,23,1,1]
[4096,-512,-96,49,-6,-2,1]
[256,-128,112,-52,23,-13,7,-2,1]
[14641,484,-116,4,1]
[4096,512,480,65,30,2,1]
[256,0,16,-4,-9,-1,1,0,1]
[4096,-1536,192,-15,12,-6,1]
[729,243,0,-4,0,3,1]
[729,-81,-54,31,-6,-1,1]
[4096,768,144,75,9,3,1]
[14641,1210,96,10,1]
[256,-256,224,-128,73,-32,14,-4,1]
[4096,0,48,77,3,0,1]
[512,-448,232,-95,29,-7,1]
[16384,1792,121,14,1]
[256,128,80,-32,-11,-8,5,2,1]
[4096,-192,-35,-3,1]
[4096,2048,576,135,36,8,1]
[256,64,16,-8,-1,-2,1,1,1]
[14641,-1210,114,-10,1]
[729,162,-27,-43,-3,2,1]
[4096,2560,896,227,56,10,1]
[256,192,80,40,23,10,5,3,1]
[4096,-1024,704,-117,44,-4,1]
[15625,-500,63,-4,1]
[16384,-1280,137,-10,1]
[4096,768,-144,-71,-9,3,1]
[16384,1408,63,11,1]
[729,162,-27,-32,-3,2,1]
[512,192,0,-21,0,3,1]
[256,128,80,-8,-3,-2,5,2,1]
[1024,160,25,5,1]
[15625,-500,-113,-4,1]
[15625,2250,323,18,1]
[15625,500,137,4,1]
[15625,-1625,112,-13,1]
[256,64,48,40,5,10,3,1,1]
[729,405,-9,-46,-1,5,1]
[4096,2304,720,189,45,9,1]
[15625,3375,403,27,1]
[6561,-162,7,-2,1]
[729,-567,279,-110,31,-7,1]
[6561,567,109,7,1]
[6561,567,-34,7,1]
[2401,-49,71,-1,1]
[4096,768,-176,-67,-11,3,1]
[4096,1024,-144,-139,-9,4,1]
[4096,1280,448,165,28,5,1]
[4096,-2816,1024,-267,64,-11,1]
[14641,-484,232,-4,1]
[16384,3328,399,26,1]
[4096,-1280,-16,59,-1,-5,1]
[729,-81,63,5,7,-1,1]
[2401,49,94,1,1]
[4096,2048,576,131,36,8,1]
[4096,-1024,384,-33,24,-4,1]
[14641,-605,240,-5,1]
[256,-192,176,-92,51,-23,11,-3,1]
[4096,-1024,112,-53,7,-4,1]
[4096,256,176,-51,11,1,1]
[256,256,192,72,37,18,12,4,1]
[729,27,-19,1,1]
[16384,1792,67,14,1]
[14641,726,228,6,1]
[256,128,-48,12,37,3,-3,2,1]
[4096,1792,416,73,26,7,1]
[4096,512,208,65,13,2,1]
[4096,2560,992,267,62,10,1]
[4096,1536,624,155,39,6,1]
[2401,490,71,10,1]
[256,128,16,-36,-15,-9,1,2,1]
[15625,-2875,298,-23,1]
[16384,512,169,4,1]
[6561,1782,253,22,1]
[4096,2048,768,227,48,8,1]
[4096,1280,144,39,9,5,1]
[729,-405,171,-49,19,-5,1]
[4096,-1536,496,-143,31,-6,1]
[6561,-324,97,-4,1]
[6561,-1053,89,-13,1]
[729,-324,225,-68,25,-4,1]
[4096,0,304,-53,19,0,1]
[4096,-1792,608,-181,38,-7,1]
[14641,1331,27,11,1]
[4096,-256,-48,101,-3,-1,1]
[16384,-1408,65,-11,1]
[4096,-512,0,37,0,-2,1]
[4096,2048,432,73,27,8,1]
[15625,1000,101,8,1]
[4096,-256,96,63,6,-1,1]
[625,150,46,6,1]
[256,-64,144,-16,41,-4,9,-1,1]
[4096,-512,64,71,4,-2,1]
[15625,-625,221,-5,1]
[14641,968,146,8,1]
[512,-192,136,-27,17,-3,1]
[4096,0,576,11,36,0,1]
[15625,-1375,143,-11,1]
[256,192,112,20,11,5,7,3,1]
[256,0,-64,12,15,3,-4,0,1]
[512,192,96,53,12,3,1]
[729,-486,207,-68,23,-6,1]
[512,128,168,31,21,2,1]
[14641,-1331,223,-11,1]
[6561,-1053,133,-13,1]
[14641,-847,-21,-7,1]
[14641,1331,162,11,1]
[14641,-484,45,-4,1]
[14641,-121,-191,-1,1]
[256,0,-16,-4,13,-1,-1,0,1]
[14641,847,-68,7,1]
[14641,726,93,6,1]
[4096,-1792,608,-159,38,-7,1]
[256,-128,64,-4,7,-1,4,-2,1]
[4096,-3584,1536,-441,96,-14,1]
[729,-243,58,-9,1]
[125,-2,1]
[15625,1250,199,10,1]
[14641,-3630,458,-30,1]
[4096,-512,-32,31,-2,-2,1]
[256,64,112,60,25,15,7,1,1]
[512,320,144,63,18,5,1]
[15625,2625,301,21,1]
[14641,847,59,7,1]
[729,162,180,34,20,2,1]
[16384,-1152,95,-9,1]
[512,128,32,1,4,2,1]
[15625,1375,64,11,1]
[256,-192,16,36,-25,9,1,-3,1]
[256,-64,64,-16,17,-4,4,-1,1]
[256,-128,144,-60,47,-15,9,-2,1]
[256,128,48,-8,-19,-2,3,2,1]
[729,486,162,44,18,6,1]
[256,-128,96,-64,23,-16,6,-2,1]
[15625,-2875,356,-23,1]
[4096,512,64,35,4,2,1]
[15625,625,223,5,1]
[4096,-512,688,-65,43,-2,1]
[4096,2560,1088,315,68,10,1]
[256,0,-64,4,21,1,-4,0,1]
[2401,343,83,7,1]
[4096,1792,304,21,19,7,1]
[2401,-294,33,-6,1]
[4096,-1024,496,-69,31,-4,1]
[15625,250,184,2,1]
[6561,-1134,145,-14,1]
[4096,512,128,49,8,2,1]
[256,-320,256,-156,83,-39,16,-5,1]
[4096,1280,304,111,19,5,1]
[4096,-1024,32,23,2,-4,1]
[15625,-750,-71,-6,1]
[256,0,16,-28,11,-7,1,0,1]
[1024,0,-61,0,1]
[4096,-256,-192,3,-12,-1,1]
[14641,-121,-203,-1,1]
[729,-324,99,-10,11,-4,1]
[4096,-512,-144,33,-9,-2,1]
[15625,-500,122,-4,1]
[15625,-625,247,-5,1]
[15625,2625,298,21,1]
[15625,-250,49,-2,1]
[2401,-490,93,-10,1]
[4096,1536,144,-33,9,6,1]
[256,-64,-64,-8,29,-2,-4,-1,1]
[729,0,153,-2,17,0,1]
[729,-405,54,7,6,-5,1]
[256,-64,112,-56,25,-14,7,-1,1]
[729,729,360,131,40,9,1]
[729,-243,126,-31,14,-3,1]
[14641,4719,619,39,1]
[15625,2375,214,19,1]
[6561,-162,5,-2,1]
[4096,768,464,113,29,3,1]
[15625,2125,164,17,1]
[16384,256,69,2,1]
[4096,256,448,13,28,1,1]
[729,81,45,-8,5,1,1]
[14641,121,-149,1,1]
[4096,-768,-112,57,-7,-3,1]
[15625,2000,186,16,1]
[4096,1024,80,15,5,4,1]
[15625,375,49,3,1]
[4096,-2560,1136,-325,71,-10,1]
[2401,-833,155,-17,1]
[4096,1024,64,11,4,4,1]
[4096,-256,64,-121,4,-1,1]
[14641,-363,72,-3,1]
[729,0,216,1,24,0,1]
[729,81,-36,-32,-4,1,1]
[512,-64,32,3,4,-1,1]
[512,512,320,137,40,8,1]
[15625,-1000,3,-8,1]
[256,-320,176,-48,13,-12,11,-5,1]
[729,81,-17,3,1]
[729,-243,90,-50,10,-3,1]
[4096,1024,192,-5,12,4,1]
[256,0,16,20,-15,5,1,0,1]
[4096,0,240,-63,15,0,1]
[15625,-1125,8,-9,1]
[729,-81,90,2,10,-1,1]
[16384,3968,455,31,1]
[256,128,32,-8,-7,-2,2,2,1]
[4096,1280,352,59,22,5,1]
[4096,-2560,752,-177,47,-10,1]
[256,128,80,20,23,5,5,2,1]
[512,-128,64,-13,8,-2,1]
[14641,0,42,0,1]
[15625,750,218,6,1]
[4096,-768,400,-111,25,-3,1]
[729,567,333,121,37,7,1]
[14641,363,56,3,1]
[4096,-1280,464,-173,29,-5,1]
[15625,-1500,138,-12,1]
[16384,3840,453,30,1]
[4096,-2048,928,-233,58,-8,1]
[14641,-3146,344,-26,1]
[4096,-256,144,-91,9,-1,1]
[256,0,-96,0,21,0,-6,0,1]
[256,-256,256,-160,99,-40,16,-4,1]
[729,567,279,106,31,7,1]
[256,64,48,-48,-13,-12,3,1,1]
[2401,490,68,10,1]
[14641,-121,223,-1,1]
[4096,256,544,23,34,1,1]
[16384,2688,317,21,1]
[4096,1024,224,31,14,4,1]
[4096,-2048,896,-253,56,-8,1]
[15625,0,147,0,1]
[15625,875,84,7,1]
[729,162,72,44,8,2,1]
[4096,768,160,-39,10,3,1]
[4096,-1280,432,-171,27,-5,1]
[256,-128,96,-56,37,-14,6,-2,1]
[15625,1125,6,9,1]
[4096,0,64,-53,4,0,1]
[4096,0,-48,79,-3,0,1]
[256,0,-16,-16,15,-4,-1,0,1]
[14641,0,-208,0,1]
[256,0,16,28,-3,7,1,0,1]
[15625,3125,322,25,1]
[256,192,144,96,49,24,9,3,1]
[729,-243,126,-23,14,-3,1]
[729,-810,405,-143,45,-10,1]
[256,64,16,-8,7,-2,1,1,1]
[256,128,112,68,35,17,7,2,1]
[15625,375,-102,3,1]
[4096,3072,1024,253,64,12,1]
[6561,0,-74,0,1]
[256,-384,352,-236,131,-59,22,-6,1]
[256,-192,144,-60,33,-15,9,-3,1]
[64,32,8,1,2,2,1]
[4096,256,288,55,18,1,1]
[4096,0,-16,91,-1,0,1]
[4096,1536,448,119,28,6,1]
[6561,729,83,9,1]
[4096,1792,48,-79,3,7,1]
[6561,-486,-35,-6,1]
[256,-64,16,-16,33,-4,1,-1,1]
[6561,-486,167,-6,1]
[4096,256,-32,-67,-2,1,1]
[512,-128,40,-39,5,-2,1]
[4096,-256,-96,-35,-6,-1,1]
[256,-192,160,-80,41,-20,10,-3,1]
[4096,-512,272,-75,17,-2,1]
[4096,-768,160,45,10,-3,1]
[2401,98,-3,2,1]
[256,0,80,8,15,2,5,0,1]
[4096,-2304,608,-121,38,-9,1]
[4096,1792,400,69,25,7,1]
[14641,-484,192,-4,1]
[256,0,128,-4,39,-1,8,0,1]
[729,-81,90,-22,10,-1,1]
[14641,2541,281,21,1]
[14641,-605,72,-5,1]
[256,128,32,28,27,7,2,2,1]
[16384,4224,495,33,1]
[15625,-1000,169,-8,1]
[16384,2944,283,23,1]
[4096,-2048,592,-127,37,-8,1]
[4096,-1024,160,19,10,-4,1]
[14641,1210,12,10,1]
[4096,1024,-160,-97,-10,4,1]
[6561,-162,88,-2,1]
[4096,-1024,384,-101,24,-4,1]
[4096,-2816,1248,-369,78,-11,1]
[4096,256,208,59,13,1,1]
[14641,-2541,246,-21,1]
[4096,-1792,160,39,10,-7,1]
[15625,-125,181,-1,1]
[256,256,224,128,69,32,14,4,1]
[4096,-2816,992,-265,62,-11,1]
[4096,2048,672,197,42,8,1]
[4096,1280,320,89,20,5,1]
[256,-128,160,-68,57,-17,10,-2,1]
[4096,4096,2000,611,125,16,1]
[512,-192,0,9,0,-3,1]
[4096,-1280,-128,113,-8,-5,1]
[2401,147,-10,3,1]
[15625,0,221,0,1]
[4096,512,528,47,33,2,1]
[729,-405,216,-71,24,-5,1]
[4096,-2560,1248,-345,78,-10,1]
[4096,768,-208,-85,-13,3,1]
[16384,-128,207,-1,1]
[4096,0,352,39,22,0,1]
[729,243,144,38,16,3,1]
[15625,-2250,327,-18,1]
[4096,2816,1200,339,75,11,1]
[4096,256,0,-101,0,1,1]
[2401,-637,102,-13,1]
[6561,-810,157,-10,1]
[256,128,128,60,35,15,8,2,1]
[512,448,264,113,33,7,1]
[4096,-512,48,63,3,-2,1]
[729,243,71,9,1]
[4096,-512,112,-1,7,-2,1]
[4096,-512,304,-29,19,-2,1]
[256,0,32,-4,7,-1,2,0,1]
[15625,2375,291,19,1]
[14641,-605,-109,-5,1]
[256,0,80,4,31,1,5,0,1]
[14641,363,125,3,1]
[15625,1125,162,9,1]
[15625,-2875,377,-23,1]
[4096,-1536,144,33,9,-6,1]
[15625,500,228,4,1]
[4096,448,25,7,1]
[256,-64,80,0,23,0,5,-1,1]
[256,-256,176,-120,71,-30,11,-4,1]
[14641,-3267,409,-27,1]
[256,64,64,28,7,7,4,1,1]
[14641,-968,-7,-8,1]
[4096,1280,256,49,16,5,1]
[4096,256,-64,-125,-4,1,1]
[14641,-484,109,-4,1]
[256,0,-80,-8,23,-2,-5,0,1]
[15625,2375,253,19,1]
[4096,1024,128,31,8,4,1]
[15625,-2500,293,-20,1]
[256,0,-16,20,-3,5,-1,0,1]
[15625,-2625,346,-21,1]
[4096,-1792,416,-73,26,-7,1]
[15625,-1500,278,-12,1]
[256,0,192,0,67,0,12,0,1]
[14641,1694,73,14,1]
[16384,384,115,3,1]
[4096,1024,144,37,9,4,1]
[256,128,64,-24,-11,-6,4,2,1]
[4096,832,169,13,1]
[2401,49,-19,1,1]
[15625,375,-12,3,1]
[4096,256,0,-45,0,1,1]
[4096,1280,608,115,38,5,1]
[6561,1377,199,17,1]
[512,320,160,57,20,5,1]
[6561,243,-16,3,1]
[8,3,1]
[4096,-256,48,-97,3,-1,1]
[14641,968,-23,8,1]
[256,-384,400,-284,165,-71,25,-6,1]
[729,-486,252,-94,28,-6,1]
[6561,405,13,5,1]
[4096,-1280,448,-131,28,-5,1]
[4096,-2816,1168,-331,73,-11,1]
[256,-128,112,-36,19,-9,7,-2,1]
[4096,1024,256,27,16,4,1]
[4096,-256,-96,11,-6,-1,1]
[256,-192,48,-24,17,-6,3,-3,1]
[16384,-128,241,-1,1]
[14641,-1694,134,-14,1]
[14641,2783,305,23,1]
[15625,625,-72,5,1]
[256,192,192,112,63,28,12,3,1]
[256,192,96,-24,-19,-6,6,3,1]
[4096,-1024,240,7,15,-4,1]
[4096,1792,608,195,38,7,1]
[15625,500,172,4,1]
[256,-64,144,-40,41,-10,9,-1,1]
[15625,-2500,332,-20,1]
[4096,-512,320,-85,20,-2,1]
[4096,2048,576,157,36,8,1]
[4096,1792,496,103,31,7,1]
[4096,-512,304,-95,19,-2,1]
[6561,81,-131,1,1]
[4096,1280,-32,-59,-2,5,1]
[4096,-1792,592,-181,37,-7,1]
[256,384,352,252,143,63,22,6,1]
[4096,-768,176,1,11,-3,1]
[729,-162,18,10,2,-2,1]
[4096,768,432,43,27,3,1]
[4096,-1280,0,39,0,-5,1]
[729,-243,153,-35,17,-3,1]
[256,-64,0,-4,17,-1,0,-1,1]
[4096,-1280,64,65,4,-5,1]
[6561,-243,77,-3,1]
[4096,1024,576,85,36,4,1]
[14641,1573,211,13,1]
[64,16,24,5,6,1,1]
[2401,-588,108,-12,1]
[256,-384,320,-200,109,-50,20,-6,1]
[256,192,32,-16,-13,-4,2,3,1]
[14641,-242,-23,-2,1]
[16384,-256,-99,-2,1]
[4096,-1280,128,37,8,-5,1]
[625,50,-8,2,1]
[1024,-224,49,-7,1]
[4096,512,-80,-107,-5,2,1]
[4096,-768,-16,-13,-1,-3,1]
[15625,750,11,6,1]
[729,0,-45,-14,-5,0,1]
[16384,-640,225,-5,1]
[4096,768,160,53,10,3,1]
[4096,1792,368,65,23,7,1]
[4096,3328,1504,455,94,13,1]
[15625,-2750,343,-22,1]
[1024,288,39,9,1]
[15625,3375,409,27,1]
[16384,-256,225,-2,1]
[256,256,224,152,81,38,14,4,1]
[4096,0,112,73,7,0,1]
[2401,-392,65,-8,1]
[4096,512,528,37,33,2,1]
[4096,0,-48,-19,-3,0,1]
[4096,-512,-96,47,-6,-2,1]
[256,-128,32,16,-27,4,2,-2,1]
[4096,256,-64,-85,-4,1,1]
[4096,512,-32,-53,-2,2,1]
[729,0,-27,22,-3,0,1]
[512,256,152,61,19,4,1]
[4096,-1536,640,-155,40,-6,1]
[15625,-1625,198,-13,1]
[14641,-1452,39,-12,1]
[4096,768,208,49,13,3,1]
[15625,1250,118,10,1]
[16384,-256,-27,-2,1]
[4096,-1280,320,-79,20,-5,1]
[4096,-1536,96,59,6,-6,1]
[16384,1280,253,10,1]
[6561,-162,89,-2,1]
[14641,-2299,223,-19,1]
[256,192,128,48,31,12,8,3,1]
[15625,2000,152,16,1]
[256,-192,96,-20,11,-5,6,-3,1]
[4096,512,-48,-55,-3,2,1]
[4096,256,400,7,25,1,1]
[729,81,108,2,12,1,1]
[4096,1792,784,205,49,7,1]
[256,128,112,60,45,15,7,2,1]
[15625,-250,-147,-2,1]
[4096,768,352,31,22,3,1]
[4096,-512,240,-111,15,-2,1]
[4096,1536,256,9,16,6,1]
[4096,-256,-80,-9,-5,-1,1]
[15625,-625,-17,-5,1]
[4096,-2560,1072,-311,67,-10,1]
[4096,1536,-96,-137,-6,6,1]
[4096,-256,-64,91,-4,-1,1]
[4096,-256,416,-49,26,-1,1]
[256,-128,112,-28,23,-7,7,-2,1]
[4096,1024,496,83,31,4,1]
[729,162,18,4,2,2,1]
[2401,-49,-62,-1,1]
[14641,242,-9,2,1]
[729,-162,72,-40,8,-2,1]
[256,128,112,72,37,18,7,2,1]
[4096,960,123,15,1]
[256,64,-16,-20,3,-5,-1,1,1]
[256,-192,96,-16,7,-4,6,-3,1]
[4096,-2816,720,-135,45,-11,1]
[16384,-512,-53,-4,1]
[4096,1280,-80,-107,-5,5,1]
[4096,-1024,-96,71,-6,-4,1]
[4096,1024,128,35,8,4,1]
[4096,1280,496,147,31,5,1]
[4096,0,352,31,22,0,1]
[4096,-768,304,-65,19,-3,1]
[4096,512,-96,-69,-6,2,1]
[6561,-405,136,-5,1]
[4096,768,256,117,16,3,1]
[256,128,80,24,21,6,5,2,1]
[14641,-726,71,-6,1]
[15625,-500,-79,-4,1]
[4096,1024,560,83,35,4,1]
[4096,-256,112,-29,7,-1,1]
[6561,-486,26,-6,1]
[4096,1536,768,179,48,6,1]
[4096,768,320,121,20,3,1]
[512,-64,0,3,0,-1,1]
[729,-81,72,-37,8,-1,1]
[14641,2662,315,22,1]
[729,162,47,6,1]
[14641,-605,-50,-5,1]
[4096,0,304,-11,19,0,1]
[256,-128,64,4,3,1,4,-2,1]
[4096,192,57,3,1]
[256,-384,304,-164,81,-41,19,-6,1]
[15625,1250,203,10,1]
[512,256,48,-3,6,4,1]
[4096,-256,-176,29,-11,-1,1]
[729,243,45,28,5,3,1]
[4096,2304,832,255,52,9,1]
[4096,1536,640,147,40,6,1]
[4096,2304,640,155,40,9,1]
[729,81,126,19,14,1,1]
[256,128,16,12,9,3,1,2,1]
[14641,-363,111,-3,1]
[256,0,-144,-4,45,-1,-9,0,1]
[512,128,-8,-7,-1,2,1]
[729,-405,126,-23,14,-5,1]
[16384,-1664,163,-13,1]
[4096,-512,144,35,9,-2,1]
[256,-256,96,-60,45,-15,6,-4,1]
[15625,-250,89,-2,1]
[15625,1250,72,10,1]
[4096,-1024,208,-41,13,-4,1]
[729,81,144,28,16,1,1]
[15625,-2125,229,-17,1]
[14641,1573,139,13,1]
[15625,-125,-126,-1,1]
[14641,-1089,-13,-9,1]
[6561,162,53,2,1]
[4096,256,96,-3,6,1,1]
[4096,1280,-96,-107,-6,5,1]
[4096,-1792,48,85,3,-7,1]
[4096,-1024,-128,97,-8,-4,1]
[14641,-847,149,-7,1]
[4096,-512,-32,43,-2,-2,1]
[15625,0,72,0,1]
[14641,-3630,444,-30,1]
[729,324,-18,-31,-2,4,1]
[4096,384,1,6,1]
[512,-320,-24,55,-3,-5,1]
[512,-64,-8,35,-1,-1,1]
[4096,-2304,720,-177,45,-9,1]
[14641,-1210,153,-10,1]
[4096,1536,432,115,27,6,1]
[14641,1452,79,12,1]
[256,-64,-16,-12,15,-3,-1,-1,1]
[256,256,80,-48,-47,-12,5,4,1]
[16384,1920,295,15,1]
[4096,-2560,944,-269,59,-10,1]
[4096,-1280,736,-157,46,-5,1]
[6561,-81,76,-1,1]
[4096,256,64,73,4,1,1]
[6561,567,157,7,1]
[4096,768,384,99,24,3,1]
[4096,1536,320,85,20,6,1]
[256,-64,96,-32,19,-8,6,-1,1]
[6561,-162,-16,-2,1]
[14641,-968,144,-8,1]
[512,-192,-32,45,-4,-3,1]
[16384,640,155,5,1]
[729,-243,90,-17,10,-3,1]
[16384,0,-229,0,1]
[2401,588,124,12,1]
[256,-64,16,-24,9,-6,1,-1,1]
[4096,-512,192,-7,12,-2,1]
[4096,-1536,448,-153,28,-6,1]
[729,0,162,1,18,0,1]
[15625,250,44,2,1]
[15625,-1250,148,-10,1]
[4096,512,-128,-119,-8,2,1]
[4096,-256,272,37,17,-1,1]
[16384,-4736,597,-37,1]
[4096,256,-32,-115,-2,1,1]
[256,192,208,120,77,30,13,3,1]
[14641,-242,63,-2,1]
[4096,256,128,1,8,1,1]
[4096,-1024,32,11,2,-4,1]
[14641,-2057,305,-17,1]
[256,0,32,-28,9,-7,2,0,1]
[729,405,18,-28,2,5,1]
[4096,-256,80,75,5,-1,1]
[4096,-768,-16,27,-1,-3,1]
[4096,1280,352,53,22,5,1]
[14641,-2662,327,-22,1]
[256,-128,32,40,-33,10,2,-2,1]
[256,64,96,-8,13,-2,6,1,1]
[256,128,16,-8,7,-2,1,2,1]
[256,192,96,56,35,14,6,3,1]
[4096,1792,384,79,24,7,1]
[4096,768,160,33,10,3,1]
[4096,-768,416,-113,26,-3,1]
[4096,-1536,528,-99,33,-6,1]
[4096,512,-96,-55,-6,2,1]
[14641,2057,287,17,1]
[4096,-1024,416,-61,26,-4,1]
[4096,-1792,704,-165,44,-7,1]
[14641,-2420,322,-20,1]
[16384,-1280,99,-10,1]
[729,81,126,32,14,1,1]
[16384,2560,287,20,1]
[4096,-256,288,21,18,-1,1]
[14641,-1210,94,-10,1]
[64,-32,-4,13,-1,-2,1]
[4096,-1792,656,-199,41,-7,1]
[15625,1250,111,10,1]
[4096,-2816,1104,-303,69,-11,1]
[4096,1792,208,-3,13,7,1]
[4096,1536,112,-53,7,6,1]
[15625,500,-107,4,1]
[512,64,-40,-15,-5,1,1]
[4096,1792,464,127,29,7,1]
[256,-64,32,-8,3,-2,2,-1,1]
[4096,-1536,480,-95,30,-6,1]
[256,-384,192,12,-43,3,12,-6,1]
[256,64,48,52,13,13,3,1,1]
[729,81,36,40,4,1,1]
[4096,256,144,39,9,1,1]
[15625,-625,62,-5,1]
[729,0,126,-4,14,0,1]
[4096,1536,448,69,28,6,1]
[4096,-2048,1072,-269,67,-8,1]
[256,192,64,48,37,12,4,3,1]
[4096,-1792,736,-205,46,-7,1]
[4096,256,256,73,16,1,1]
[15625,2000,141,16,1]
[14641,-4235,547,-35,1]
[729,-1053,738,-310,82,-13,1]
[14641,726,36,6,1]
[15625,-1500,109,-12,1]
[4096,1792,112,-63,7,7,1]
[4096,512,25,8,1]
[729,-648,369,-139,41,-8,1]
[4096,256,128,103,8,1,1]
[16384,-1536,177,-12,1]
[625,-75,22,-3,1]
[4096,-512,384,-87,24,-2,1]
[16384,1024,93,8,1]
[4096,256,592,27,37,1,1]
[256,64,0,24,21,6,0,1,1]
[4096,-768,0,-27,0,-3,1]
[4096,512,208,39,13,2,1]
[4096,0,320,27,20,0,1]
[4096,-768,96,41,6,-3,1]
[4096,0,64,13,4,0,1]
[4096,-1024,576,-103,36,-4,1]
[14641,121,228,1,1]
[256,-64,32,-12,19,-3,2,-1,1]
[256,128,0,-12,5,-3,0,2,1]
[4096,512,64,49,4,2,1]
[4096,-512,272,-47,17,-2,1]
[4096,-256,48,-99,3,-1,1]
[4096,768,272,19,17,3,1]
[1024,-320,65,-10,1]
[729,-81,-45,25,-5,-1,1]
[4096,64,123,1,1]
[14641,726,234,6,1]
[14641,-484,113,-4,1]
[4096,-768,224,-135,14,-3,1]
[4096,-2048,608,-135,38,-8,1]
[256,64,32,24,-5,6,2,1,1]
[6561,243,1,3,1]
[4096,-768,192,-95,12,-3,1]
[15625,625,149,5,1]
[4096,1024,183,16,1]
[4096,-576,97,-9,1]
[256,0,48,4,25,1,3,0,1]
[4096,1280,304,103,19,5,1]
[256,128,64,36,33,9,4,2,1]
[4096,-2816,832,-189,52,-11,1]
[256,-256,192,-116,53,-29,12,-4,1]
[15625,-1500,242,-12,1]
[4096,1536,256,47,16,6,1]
[6561,405,80,5,1]
[14641,-4477,573,-37,1]
[512,448,128,23,16,7,1]
[4096,768,0,-37,0,3,1]
[14641,242,230,2,1]
[625,175,23,7,1]
[16384,-2048,217,-16,1]
[14641,-484,173,-4,1]
[256,-128,16,24,-9,6,1,-2,1]
[81,54,23,6,1]
[4096,512,32,55,2,2,1]
[16384,4608,569,36,1]
[4096,512,560,59,35,2,1]
[4096,2048,880,249,55,8,1]
[4096,3072,1296,389,81,12,1]
[16384,768,79,6,1]
[15625,-1250,86,-10,1]
[729,243,54,29,6,3,1]
[6561,1539,194,19,1]
[256,-256,144,-72,41,-18,9,-4,1]
[256,128,80,16,13,4,5,2,1]
[4096,256,0,-87,0,1,1]
[15625,1000,-34,8,1]
[4096,768,384,71,24,3,1]
[256,128,208,80,71,20,13,2,1]
[4096,0,176,27,11,0,1]
[2401,735,139,15,1]
[15625,375,-161,3,1]
[6561,1215,121,15,1]
[256,128,48,-32,-15,-8,3,2,1]
[4096,-256,-16,25,-1,-1,1]
[4096,0,256,1,16,0,1]
[625,-25,8,-1,1]
[4096,768,96,55,6,3,1]
[4096,2304,704,167,44,9,1]
[6561,891,38,11,1]
[729,-108,-4,-4,1]
[2401,-98,26,-2,1]
[4096,-512,288,-51,18,-2,1]
[4096,-512,352,-19,22,-2,1]
[256,0,0,-20,3,-5,0,0,1]
[256,-192,80,-32,11,-8,5,-3,1]
[6561,-567,160,-7,1]
[16384,640,181,5,1]
[14641,1331,201,11,1]
[2401,441,94,9,1]
[256,0,80,32,13,8,5,0,1]
[4096,-1536,384,-117,24,-6,1]
[729,648,297,106,33,8,1]
[729,162,54,11,6,2,1]
[14641,1089,254,9,1]
[14641,605,226,5,1]
[4096,0,400,-41,25,0,1]
[256,128,-64,12,45,3,-4,2,1]
[6561,729,160,9,1]
[729,-486,198,-59,22,-6,1]
[14641,3388,414,28,1]
[4096,512,96,45,6,2,1]
[256,0,7,0,1]
[14641,1452,229,12,1]
[256,128,96,52,21,13,6,2,1]
[16384,3200,351,25,1]
[4096,-2048,192,33,12,-8,1]
[16384,-384,101,-3,1]
[6561,-324,-82,-4,1]
[256,-128,-80,-4,45,-1,-5,-2,1]
[4096,-1536,288,-53,18,-6,1]
[14641,-847,236,-7,1]
[4096,-1536,400,-135,25,-6,1]
[729,81,36,-7,4,1,1]
[256,64,-16,16,23,4,-1,1,1]
[15625,-3250,363,-26,1]
[4096,1536,288,39,18,6,1]
[14641,2299,291,19,1]
[4096,768,-144,-41,-9,3,1]
[256,-256,96,-28,13,-7,6,-4,1]
[16384,768,257,6,1]
[4096,0,-240,-1,-15,0,1]
[512,320,144,65,18,5,1]
[4096,256,-128,-79,-8,1,1]
[729,162,-36,-11,-4,2,1]
[16384,0,-15,0,1]
[15625,-1875,89,-15,1]
[4096,2304,880,235,55,9,1]
[14641,-121,135,-1,1]
[4096,-512,80,59,5,-2,1]
[256,-32,29,-2,1]
[512,0,-32,-9,-4,0,1]
[6561,-729,62,-9,1]
[15625,-1625,247,-13,1]
[4096,-1280,368,-59,23,-5,1]
[4096,448,5,7,1]
[4096,1536,-64,-101,-4,6,1]
[4096,-1280,32,25,2,-5,1]
[4096,1280,800,151,50,5,1]
[4096,-1792,560,-157,35,-7,1]
[4096,256,-192,-33,-12,1,1]
[6561,-810,31,-10,1]
[14641,-484,-131,-4,1]
[729,486,153,37,17,6,1]
[4096,1024,-80,-95,-5,4,1]
[256,-64,64,-28,11,-7,4,-1,1]
[14641,847,173,7,1]
[6561,162,103,2,1]
[512,384,192,81,24,6,1]
[15625,-500,-14,-4,1]
[15625,2000,213,16,1]
[14641,1452,230,12,1]
[256,128,32,8,17,2,2,2,1]
[4096,1536,-144,-145,-9,6,1]
[729,-162,9,4,1,-2,1]
[14641,363,-82,3,1]
[4096,-3840,1792,-541,112,-15,1]
[14641,-1573,208,-13,1]
[729,81,9,-37,1,1,1]
[6561,-405,-43,-5,1]
[256,-128,48,-32,13,-8,3,-2,1]
[4096,-2560,688,-145,43,-10,1]
[4096,-256,0,29,0,-1,1]
[256,0,16,-12,-17,-3,1,0,1]
[256,-320,256,-136,69,-34,16,-5,1]
[4096,-1024,16,59,1,-4,1]
[4096,-1536,176,9,11,-6,1]
[512,320,136,59,17,5,1]
[4096,2048,608,151,38,8,1]
[4096,-1536,672,-141,42,-6,1]
[512,-192,32,11,4,-3,1]
[4096,512,32,11,2,2,1]
[6561,-972,109,-12,1]
[4096,1408,231,22,1]
[4096,3072,1360,391,85,12,1]
[729,324,81,5,9,4,1]
[256,64,64,52,11,13,4,1,1]
[4096,-1280,592,-127,37,-5,1]
[729,-405,54,4,6,-5,1]
[729,0,18,-41,2,0,1]
[15625,0,-189,0,1]
[625,125,56,5,1]
[256,-192,48,36,-33,9,3,-3,1]
[4096,256,400,67,25,1,1]
[512,64,8,-35,1,1,1]
[256,0,16,0,-9,0,1,0,1]
[64,0,-4,5,-1,0,1]
[2401,-49,73,-1,1]
[4096,-1536,432,-107,27,-6,1]
[729,0,81,17,9,0,1]
[14641,-1815,196,-15,1]
[4096,-512,0,33,0,-2,1]
[4096,-256,208,-71,13,-1,1]
[2401,-490,67,-10,1]
[15625,-2125,281,-17,1]
[512,0,64,15,8,0,1]
[512,320,136,43,17,5,1]
[256,-256,176,-92,43,-23,11,-4,1]
[2401,931,180,19,1]
[6561,-1215,179,-15,1]
[4096,1792,480,123,30,7,1]
[4096,256,192,97,12,1,1]
[4096,-256,-160,51,-10,-1,1]
[14641,2057,262,17,1]
[16384,0,59,0,1]
[4096,2304,1056,291,66,9,1]
[4096,512,96,-47,6,2,1]
[2401,98,22,2,1]
[4096,-1280,560,-131,35,-5,1]
[14641,-968,188,-8,1]
[4096,2816,1216,353,76,11,1]
[4096,256,336,-23,21,1,1]
[4096,768,-96,-61,-6,3,1]
[15625,-250,-69,-2,1]
[4096,-1280,384,-147,24,-5,1]
[512,-64,8,-19,1,-1,1]
[256,-64,16,20,-11,5,1,-1,1]
[4096,512,-48,37,-3,2,1]
[256,64,176,36,61,9,11,1,1]
[4096,768,-208,-115,-13,3,1]
[256,128,0,-24,-21,-6,0,2,1]
[4096,512,240,59,15,2,1]
[15625,-500,102,-4,1]
[4096,1536,512,155,32,6,1]
[729,-81,-27,37,-3,-1,1]
[4096,0,-16,-37,-1,0,1]
[14641,726,-12,6,1]
[256,-192,176,-72,45,-18,11,-3,1]
[4096,1024,496,133,31,4,1]
[16384,3072,389,24,1]
[2401,539,81,11,1]
[729,162,-45,-53,-5,2,1]
[14641,2662,299,22,1]
[16384,640,109,5,1]
[4096,1024,288,53,18,4,1]
[4096,1536,528,171,33,6,1]
[512,320,200,77,25,5,1]
[729,-243,-27,20,-3,-3,1]
[14641,-2783,293,-23,1]
[512,64,-8,-31,-1,1,1]
[256,64,64,36,13,9,4,1,1]
[256,-128,-48,-8,35,-2,-3,-2,1]
[15625,375,-14,3,1]
[4096,1024,464,133,29,4,1]
[4096,0,400,15,25,0,1]
[4096,1280,448,167,28,5,1]
[729,-405,252,-85,28,-5,1]
[4096,3328,1456,433,91,13,1]
[16384,-896,23,-7,1]
[14641,1089,212,9,1]
[16384,-384,39,-3,1]
[4096,512,-48,-93,-3,2,1]
[4096,512,432,53,27,2,1]
[14641,363,-128,3,1]
[16384,-256,-53,-2,1]
[4096,1792,480,87,30,7,1]
[15625,-625,103,-5,1]
[14641,2178,167,18,1]
[4096,-768,224,-21,14,-3,1]
[512,-64,8,-1,1,-1,1]
[15625,125,-111,1,1]
[4096,-1792,32,89,2,-7,1]
[15625,0,-94,0,1]
[4096,0,0,-115,0,0,1]
[14641,1210,185,10,1]
[729,-162,0,31,0,-2,1]
[729,-243,81,-41,9,-3,1]
[14641,-968,56,-8,1]
[729,648,351,137,39,8,1]
[15625,750,-63,6,1]
[14641,363,-14,3,1]
[4096,768,-80,-71,-5,3,1]
[14641,2541,229,21,1]
[4096,512,139,8,1]
[729,-324,0,35,0,-4,1]
[14641,1694,195,14,1]
[256,-192,160,-104,51,-26,10,-3,1]
[1024,-416,95,-13,1]
[256,192,32,-44,-35,-11,2,3,1]
[14641,2783,349,23,1]
[4096,-1024,320,-81,20,-4,1]
[14641,-847,20,-7,1]
[6561,-648,109,-8,1]
[2401,-392,73,-8,1]
[14641,-1694,119,-14,1]
[15625,-750,138,-6,1]
[256,-64,-64,12,17,3,-4,-1,1]
[256,384,304,188,101,47,19,6,1]
[4096,0,160,-81,10,0,1]
[729,-162,45,-41,5,-2,1]
[4096,1280,208,31,13,5,1]
[4096,1536,720,165,45,6,1]
[256,-64,144,-48,45,-12,9,-1,1]
[4096,1280,464,65,29,5,1]
[256,-320,272,-152,83,-38,17,-5,1]
[4096,-512,64,57,4,-2,1]
[4096,448,85,7,1]
[256,0,0,28,11,7,0,0,1]
[256,0,144,-8,47,-2,9,0,1]
[15625,-1375,248,-11,1]
[14641,1210,35,10,1]
[16384,512,253,4,1]
[14641,1331,175,11,1]
[4096,512,-144,-27,-9,2,1]
[14641,726,206,6,1]
[256,-256,160,-56,27,-14,10,-4,1]
[4096,0,160,37,10,0,1]
[4096,-1024,-128,73,-8,-4,1]
[16384,-128,173,-1,1]
[4096,1280,-224,-169,-14,5,1]
[256,-64,16,28,-11,7,1,-1,1]
[4096,-2304,1024,-295,64,-9,1]
[15625,1375,239,11,1]
[16384,-384,45,-3,1]
[15625,1250,262,10,1]
[256,128,64,36,19,9,4,2,1]
[512,384,160,53,20,6,1]
[15625,1375,92,11,1]
[256,256,192,120,73,30,12,4,1]
[4096,256,512,7,32,1,1]
[15625,-1500,279,-12,1]
[4096,-256,400,-21,25,-1,1]
[256,64,48,12,-1,3,3,1,1]
[16384,-1536,241,-12,1]
[256,64,-48,-24,3,-6,-3,1,1]
[256,192,32,-16,-7,-4,2,3,1]
[14641,-363,-89,-3,1]
[4096,-2304,768,-193,48,-9,1]
[4096,-768,96,15,6,-3,1]
[4096,-2048,544,-131,34,-8,1]
[1024,288,55,9,1]
[729,-54,-25,-2,1]
[4096,-1536,-192,163,-12,-6,1]
[15625,500,-103,4,1]
[729,162,-54,-34,-6,2,1]
[15625,-1250,217,-10,1]
[4096,1024,240,43,15,4,1]
[512,-64,88,7,11,-1,1]
[6561,567,143,7,1]
[4096,-1536,-16,79,-1,-6,1]
[4096,1024,608,125,38,4,1]
[6561,810,59,10,1]
[4096,-1280,432,-167,27,-5,1]
[4096,-256,-112,-27,-7,-1,1]
[6561,810,64,10,1]
[4096,-256,96,-29,6,-1,1]
[6561,-810,166,-10,1]
[4096,-1536,480,-105,30,-6,1]
[16384,256,-201,2,1]
[729,162,63,40,7,2,1]
[256,64,96,48,21,12,6,1,1]
[512,128,8,-11,1,2,1]
[256,0,64,-20,19,-5,4,0,1]
[15625,1750,248,14,1]
[14641,847,225,7,1]
[4096,2048,240,-11,15,8,1]
[15625,-2375,261,-19,1]
[256,64,128,40,43,10,8,1,1]
[14641,2178,164,18,1]
[256,0,160,8,53,2,10,0,1]
[16384,384,11,3,1]
[14641,1452,98,12,1]
[15625,-750,101,-6,1]
[15625,250,208,2,1]
[512,-256,72,-31,9,-4,1]
[6561,-567,89,-7,1]
[256,0,128,0,37,0,8,0,1]
[4096,-1024,272,-131,17,-4,1]
[14641,-1936,274,-16,1]
[4096,1280,432,159,27,5,1]
[4096,512,128,67,8,2,1]
[4096,768,528,97,33,3,1]
[4096,-512,320,-29,20,-2,1]
[512,192,96,13,12,3,1]
[4096,-2304,592,-129,37,-9,1]
[256,64,-16,20,19,5,-1,1,1]
[256,-128,64,-40,37,-10,4,-2,1]
[4096,-512,0,-47,0,-2,1]
[4096,-768,48,-9,3,-3,1]
[14641,-1331,170,-11,1]
[4096,2560,848,213,53,10,1]
[4096,1536,624,153,39,6,1]
[4096,1536,336,63,21,6,1]
[14641,-484,185,-4,1]
[15625,-2000,164,-16,1]
[256,-64,128,-44,33,-11,8,-1,1]
[4096,-3584,1664,-505,104,-14,1]
[4096,-512,-128,53,-8,-2,1]
[4096,-1792,640,-197,40,-7,1]
[256,320,272,184,101,46,17,5,1]
[4096,1536,624,145,39,6,1]
[4096,-1024,-48,79,-3,-4,1]
[15625,-1375,138,-11,1]
[256,-64,-16,-12,33,-3,-1,-1,1]
[4096,1536,848,187,53,6,1]
[729,162,117,14,13,2,1]
[4096,-512,32,-61,2,-2,1]
[4096,-256,-144,87,-9,-1,1]
[4096,256,416,19,26,1,1]
[4096,-1024,448,-119,28,-4,1]
[14641,847,80,7,1]
[4096,-512,-64,-25,-4,-2,1]
[256,256,176,124,71,31,11,4,1]
[15625,-3000,301,-24,1]
[16384,-1920,251,-15,1]
[15625,1125,146,9,1]
[256,-128,80,-8,11,-2,5,-2,1]
[4096,1536,592,175,37,6,1]
[4096,512,240,-35,15,2,1]
[256,192,80,4,-5,1,5,3,1]
[15625,-2250,194,-18,1]
[14641,-2783,303,-23,1]
[256,192,32,20,25,5,2,3,1]
[729,-81,72,-35,8,-1,1]
[15625,750,-43,6,1]
[729,189,52,7,1]
[4096,-512,288,15,18,-2,1]
[1024,160,43,5,1]
[4096,1280,448,93,28,5,1]
[256,0,80,4,17,1,5,0,1]
[4096,0,-64,-35,-4,0,1]
[256,-192,80,-8,-9,-2,5,-3,1]
[4096,-512,-128,105,-8,-2,1]
[256,-256,64,32,-29,8,4,-4,1]
[14641,-2299,278,-19,1]
[729,648,243,71,27,8,1]
[256,128,48,-28,-23,-7,3,2,1]
[729,-135,41,-5,1]
[15625,1375,81,11,1]
[4096,0,-64,67,-4,0,1]
[16384,768,155,6,1]
[16384,-1280,205,-10,1]
[4096,768,352,39,22,3,1]
[4096,256,640,27,40,1,1]
[4096,-512,0,83,0,-2,1]
[256,0,0,4,1,1,0,0,1]
[4096,-1280,352,-111,22,-5,1]
[4096,-768,352,-99,22,-3,1]
[4096,-768,480,-69,30,-3,1]
[4096,-768,-112,99,-7,-3,1]
[4096,-1792,368,-65,23,-7,1]
[729,162,81,17,9,2,1]
[2401,1029,207,21,1]
[14641,-2662,270,-22,1]
[4096,3072,1168,321,73,12,1]
[729,-405,207,-83,23,-5,1]
[256,-256,160,-92,47,-23,10,-4,1]
[6561,-81,-4,-1,1]
[16384,768,-47,6,1]
[4096,256,560,33,35,1,1]
[16384,-1920,235,-15,1]
[4096,-256,528,-5,33,-1,1]
[4096,512,-16,17,-1,2,1]
[4096,3328,1264,341,79,13,1]
[4096,2304,992,271,62,9,1]
[256,128,64,12,5,3,4,2,1]
[16384,2688,299,21,1]
[14641,121,131,1,1]
[729,0,117,-2,13,0,1]
[4096,-768,240,-141,15,-3,1]
[4096,768,576,61,36,3,1]
[14641,-2420,300,-20,1]
[4096,-768,448,-93,28,-3,1]
[512,256,8,-29,1,4,1]
[512,0,-8,-19,-1,0,1]
[15625,-1125,67,-9,1]
[256,-128,64,24,-13,6,4,-2,1]
[4096,-768,480,-85,30,-3,1]
[4096,768,-32,1,-2,3,1]
[4096,256,176,79,11,1,1]
[15625,-1750,83,-14,1]
[6561,-324,56,-4,1]
[2401,441,72,9,1]
[15625,-3000,387,-24,1]
[256,-64,144,-40,43,-10,9,-1,1]
[256,-128,112,-56,29,-14,7,-2,1]
[4096,0,272,5,17,0,1]
[256,128,16,-24,-23,-6,1,2,1]
[4096,768,400,23,25,3,1]
[14641,1936,184,16,1]
[6561,162,-65,2,1]
[729,162,108,11,12,2,1]
[512,-128,-24,21,-3,-2,1]
[2401,441,111,9,1]
[128,3,1]
[4096,-1024,592,-121,37,-4,1]
[4096,-768,-80,111,-5,-3,1]
[729,-135,4,-5,1]
[16384,1408,157,11,1]
[512,-128,-8,33,-1,-2,1]
[14641,-121,-211,-1,1]
[4096,768,-208,-91,-13,3,1]
[14641,-363,-29,-3,1]
[15625,500,182,4,1]
[14641,2299,190,19,1]
[256,-128,128,-80,35,-20,8,-2,1]
[14641,-242,-96,-2,1]
[4096,-1024,400,-39,25,-4,1]
[4096,-512,208,-31,13,-2,1]
[2401,-147,-1,-3,1]
[4096,-2048,656,-145,41,-8,1]
[4096,0,48,61,3,0,1]
[14641,1089,140,9,1]
[256,-160,55,-10,1]
[4096,-1024,176,9,11,-4,1]
[15625,2375,279,19,1]
[4096,-256,-96,-5,-6,-1,1]
[15625,-750,-76,-6,1]
[512,128,-16,-7,-2,2,1]
[729,-27,-41,-1,1]
[729,486,180,59,20,6,1]
[15625,-3125,396,-25,1]
[14641,-1815,247,-15,1]
[14641,363,149,3,1]
[15625,1500,257,12,1]
[256,320,192,72,25,18,12,5,1]
[6561,-1782,266,-22,1]
[4096,1792,464,135,29,7,1]
[4096,-2304,784,-217,49,-9,1]
[4096,-512,544,-57,34,-2,1]
[15625,3250,381,26,1]
[4096,1024,544,83,34,4,1]
[4096,-448,71,-7,1]
[14641,1331,30,11,1]
[16384,4864,609,38,1]
[14641,968,197,8,1]
[512,64,16,31,2,1,1]
[256,64,64,-36,-9,-9,4,1,1]
[4096,-512,160,53,10,-2,1]
[6561,324,-49,4,1]
[15625,-1000,219,-8,1]
[16384,2560,283,20,1]
[256,-192,32,36,-25,9,2,-3,1]
[4096,512,-48,31,-3,2,1]
[15625,-3125,328,-25,1]
[729,81,0,-22,0,1,1]
[4096,1792,544,131,34,7,1]
[4096,-1280,-144,107,-9,-5,1]
[4096,256,512,35,32,1,1]
[4096,256,48,87,3,1,1]
[15625,-375,21,-3,1]
[6561,0,154,0,1]
[14641,2299,247,19,1]
[256,-192,64,-44,37,-11,4,-3,1]
[729,162,36,-11,4,2,1]
[4096,1280,688,161,43,5,1]
[4096,-256,-80,15,-5,-1,1]
[256,0,16,-4,21,-1,1,0,1]
[729,162,90,5,10,2,1]
[4096,-1280,-64,99,-4,-5,1]
[256,-192,160,-112,51,-28,10,-3,1]
[256,64,-64,-20,5,-5,-4,1,1]
[6561,-1944,302,-24,1]
[14641,-2662,305,-22,1]
[729,-162,-36,37,-4,-2,1]
[4096,2304,896,277,56,9,1]
[16384,-512,-79,-4,1]
[4096,-1536,576,-153,36,-6,1]
[6561,1782,244,22,1]
[729,-405,171,-77,19,-5,1]
[4096,256,0,-89,0,1,1]
[512,64,88,-3,11,1,1]
[256,0,-80,-8,31,-2,-5,0,1]
[512,0,80,17,10,0,1]
[4096,-1792,672,-191,42,-7,1]
[729,405,99,20,11,5,1]
[256,192,144,100,57,25,9,3,1]
[15625,-4125,488,-33,1]
[729,0,81,-7,9,0,1]
[15625,875,217,7,1]
[4096,-1536,-240,199,-15,-6,1]
[256,192,0,-28,-9,-7,0,3,1]
[512,-64,-32,3,-4,-1,1]
[16384,2176,189,17,1]
[256,192,64,8,-7,2,4,3,1]
[14641,0,8,0,1]
[256,0,-48,-12,21,-3,-3,0,1]
[4096,-1536,608,-133,38,-6,1]
[256,64,-48,12,29,3,-3,1,1]
[15625,-125,44,-1,1]
[2401,-588,100,-12,1]
[16384,-2432,177,-19,1]
[14641,3630,431,30,1]
[4096,-256,176,-43,11,-1,1]
[4096,768,352,121,22,3,1]
[4096,-512,432,-55,27,-2,1]
[729,-324,108,-23,12,-4,1]
[6561,1134,142,14,1]
[729,-162,63,-58,7,-2,1]
[729,324,144,65,16,4,1]
[729,243,180,49,20,3,1]
[6561,0,32,0,1]
[16384,1920,85,15,1]
[14641,0,-237,0,1]
[14641,0,-1,0,1]
[4096,768,-160,-95,-10,3,1]
[15625,-500,199,-4,1]
[14641,-605,161,-5,1]
[14641,-121,173,-1,1]
[4096,1792,720,181,45,7,1]
[6561,1458,220,18,1]
[1024,-352,87,-11,1]
[4096,-1024,208,-93,13,-4,1]
[4096,768,368,55,23,3,1]
[15625,-2250,202,-18,1]
[4096,1536,400,123,25,6,1]
[14641,-2057,273,-17,1]
[15625,-3000,298,-24,1]
[15625,-125,-16,-1,1]
[2401,196,73,4,1]
[16384,-256,185,-2,1]
[64,16,0,-7,0,1,1]
[256,0,-16,-20,1,-5,-1,0,1]
[4096,-768,192,-91,12,-3,1]
[4096,1792,512,141,32,7,1]
[4096,-1280,64,45,4,-5,1]
[729,162,-18,-7,-2,2,1]
[729,81,-27,2,-3,1,1]
[4096,1024,704,127,44,4,1]
[49,10,1]
[4096,768,0,-49,0,3,1]
[4096,-1280,496,-131,31,-5,1]
[256,160,53,10,1]
[4096,-256,64,71,4,-1,1]
[4096,-256,-3,-4,1]
[4096,-512,53,-8,1]
[6561,1053,200,13,1]
[4096,1536,-128,-139,-8,6,1]
[729,-243,-9,37,-1,-3,1]
[16384,256,135,2,1]
[4096,-1792,656,-207,41,-7,1]
[256,64,64,20,5,5,4,1,1]
[16384,768,-7,6,1]
[4096,-512,-96,5,-6,-2,1]
[14641,-1936,249,-16,1]
[729,-243,63,-1,7,-3,1]
[15625,-1875,221,-15,1]
[16384,4352,517,34,1]
[4096,1536,336,73,21,6,1]
[256,0,16,-28,5,-7,1,0,1]
[729,81,135,-1,15,1,1]
[4096,-1536,560,-105,35,-6,1]
[14641,-726,58,-6,1]
[4096,512,288,63,18,2,1]
[4096,1024,-96,-79,-6,4,1]
[512,-256,96,-23,12,-4,1]
[512,-256,128,-31,16,-4,1]
[4096,-768,192,31,12,-3,1]
[256,-192,128,-64,39,-16,8,-3,1]
[14641,-2299,299,-19,1]
[256,128,48,12,5,3,3,2,1]
[256,64,64,40,25,10,4,1,1]
[4096,768,64,-67,4,3,1]
[4096,1024,64,-41,4,4,1]
[4096,-1792,640,-153,40,-7,1]
[4096,-1536,464,-145,29,-6,1]
[4096,-256,272,21,17,-1,1]
[4096,0,208,-31,13,0,1]
[16384,256,75,2,1]
[4096,128,-5,2,1]
[256,128,176,80,57,20,11,2,1]
[4096,512,336,67,21,2,1]
[4096,1280,448,73,28,5,1]
[4096,-1280,224,-27,14,-5,1]
[4096,1536,800,177,50,6,1]
[4096,0,400,31,25,0,1]
[16384,640,-83,5,1]
[4096,-1024,-64,59,-4,-4,1]
[14641,-2057,246,-17,1]
[729,-243,63,-17,7,-3,1]
[256,128,176,92,59,23,11,2,1]
[4096,-1536,416,-67,26,-6,1]
[14641,1815,190,15,1]
[14641,-847,59,-7,1]
[4096,1536,192,-5,12,6,1]
[4096,768,-144,-109,-9,3,1]
[512,-64,0,19,0,-1,1]
[256,0,-16,-4,21,-1,-1,0,1]
[729,243,81,-1,9,3,1]
[6561,567,46,7,1]
[4096,1536,528,181,33,6,1]
[4096,1792,336,57,21,7,1]
[81,0,17,0,1]
[15625,2125,258,17,1]
[15625,1250,41,10,1]
[729,-243,18,7,2,-3,1]
[6561,1458,190,18,1]
[15625,1625,184,13,1]
[16384,-896,263,-7,1]
[729,-81,45,-37,5,-1,1]
[729,0,0,4,0,0,1]
[4096,-256,16,-21,1,-1,1]
[729,-243,-27,43,-3,-3,1]
[512,64,56,15,7,1,1]
[729,-324,0,19,0,-4,1]
[4096,0,80,75,5,0,1]
[256,-128,160,-44,45,-11,10,-2,1]
[4096,3328,1552,471,97,13,1]
[6561,-1377,145,-17,1]
[4096,-768,272,-85,17,-3,1]
[4096,512,208,109,13,2,1]
[4096,512,32,-1,2,2,1]
[729,-81,54,-5,6,-1,1]
[4096,-1536,480,-173,30,-6,1]
[15625,-250,-187,-2,1]
[4096,-512,21,-8,1]
[4096,-768,-48,31,-3,-3,1]
[4096,-256,512,-21,32,-1,1]
[1024,0,1,0,1]
[4096,-1792,672,-219,42,-7,1]
[16384,-3840,437,-30,1]
[256,-192,144,-88,53,-22,9,-3,1]
[4096,256,96,101,6,1,1]
[4096,-256,224,-69,14,-1,1]
[15625,2125,224,17,1]
[14641,121,149,1,1]
[256,-192,144,-92,57,-23,9,-3,1]
[15625,3250,377,26,1]
[512,-192,40,-9,5,-3,1]
[16384,4352,535,34,1]
[4096,512,528,59,33,2,1]
[4096,-256,80,-125,5,-1,1]
[4096,-512,-112,9,-7,-2,1]
[256,-256,144,-80,43,-20,9,-4,1]
[256,256,176,80,35,20,11,4,1]
[4096,-256,496,-21,31,-1,1]
[14641,242,-67,2,1]
[4096,512,128,-13,8,2,1]
[16384,640,-85,5,1]
[15625,3375,427,27,1]
[256,0,112,-4,35,-1,7,0,1]
[256,64,0,-20,-21,-5,0,1,1]
[15625,1375,101,11,1]
[729,324,90,8,10,4,1]
[729,0,-27,-14,-3,0,1]
[2401,-245,-9,-5,1]
[4096,-256,208,-57,13,-1,1]
[14641,605,4,5,1]
[512,128,32,29,4,2,1]
[512,128,-8,5,-1,2,1]
[4096,512,416,17,26,2,1]
[4096,2816,1168,333,73,11,1]
[16384,640,171,5,1]
[4096,512,-112,-111,-7,2,1]
[6561,-243,-43,-3,1]
[16384,-1664,165,-13,1]
[14641,121,-115,1,1]
[14641,0,-27,0,1]
[14641,847,136,7,1]
[4096,-512,-160,71,-10,-2,1]
[15625,-2250,298,-18,1]
[256,-320,144,-4,-19,-1,9,-5,1]
[15625,-125,-154,-1,1]
[729,-27,2,-1,1]
[14641,121,-148,1,1]
[256,192,80,20,3,5,5,3,1]
[4096,-2304,672,-171,42,-9,1]
[4096,0,48,-69,3,0,1]
[15625,1125,201,9,1]
[4096,-512,96,-73,6,-2,1]
[4096,1280,48,-11,3,5,1]
[4096,-3840,1824,-553,114,-15,1]
[15625,750,241,6,1]
[4096,0,-32,-9,-2,0,1]
[4096,-3328,1328,-371,83,-13,1]
[4096,-1280,-96,97,-6,-5,1]
[4096,768,112,-25,7,3,1]
[6561,-1296,172,-16,1]
[4096,768,144,13,9,3,1]
[4096,-768,160,-85,10,-3,1]
[4096,512,80,-73,5,2,1]
[4096,512,64,13,4,2,1]
[4096,-2048,848,-243,53,-8,1]
[256,64,144,40,49,10,9,1,1]
[729,-81,9,-41,1,-1,1]
[6561,-1458,224,-18,1]
[256,192,176,64,43,16,11,3,1]
[6561,-1782,247,-22,1]
[4096,256,208,49,13,1,1]
[15625,-3625,443,-29,1]
[256,-64,64,-32,1,-8,4,-1,1]
[4096,1280,0,-39,0,5,1]
[729,81,-54,-35,-6,1,1]
[4096,768,-64,-73,-4,3,1]
[14641,2178,321,18,1]
[729,0,63,22,7,0,1]
[4096,768,32,7,2,3,1]
[4096,512,-64,-117,-4,2,1]
[14641,-484,-27,-4,1]
[625,-50,8,-2,1]
[6561,1782,266,22,1]
[14641,-3509,441,-29,1]
[625,-75,32,-3,1]
[256,0,-80,4,25,1,-5,0,1]
[256,-192,80,-32,13,-8,5,-3,1]
[2401,294,88,6,1]
[256,-128,96,-36,25,-9,6,-2,1]
[729,162,9,2,1,2,1]
[729,-81,-18,34,-2,-1,1]
[4096,1024,688,105,43,4,1]
[16384,2304,319,18,1]
[4096,0,496,-21,31,0,1]
[4096,-256,208,-97,13,-1,1]
[4096,0,448,9,28,0,1]
[16384,-384,-117,-3,1]
[4096,1536,-32,-91,-2,6,1]
[2401,-147,-3,-3,1]
[4096,1792,272,15,17,7,1]
[256,-256,208,-104,59,-26,13,-4,1]
[256,-320,224,-120,63,-30,14,-5,1]
[729,81,9,-29,1,1,1]
[15625,4375,546,35,1]
[15625,1250,182,10,1]
[16384,4096,479,32,1]
[4096,2816,1072,299,67,11,1]
[15625,-250,-202,-2,1]
[256,0,48,12,17,3,3,0,1]
[16384,1792,189,14,1]
[256,-64,-32,-4,23,-1,-2,-1,1]
[256,192,0,-36,-17,-9,0,3,1]
[256,0,-64,-8,15,-2,-4,0,1]
[4096,1792,400,85,25,7,1]
[4096,-2304,800,-229,50,-9,1]
[14641,-847,-42,-7,1]
[4096,-2048,640,-171,40,-8,1]
[15625,0,-52,0,1]
[15625,-2375,299,-19,1]
[4096,-1024,288,-99,18,-4,1]
[4096,1536,368,89,23,6,1]
[4096,2560,816,211,51,10,1]
[4096,1792,832,219,52,7,1]
[1024,0,29,0,1]
[2401,147,-19,3,1]
[4096,1792,768,177,48,7,1]
[4096,-512,-80,-17,-5,-2,1]
[4096,1280,176,-23,11,5,1]
[256,0,-96,0,29,0,-6,0,1]
[14641,-847,81,-7,1]
[15625,-2625,296,-21,1]
[4096,1280,64,-41,4,5,1]
[4096,-2304,848,-255,53,-9,1]
[625,-25,16,-1,1]
[256,192,96,44,23,11,6,3,1]
[4096,768,736,93,46,3,1]
[729,-567,225,-76,25,-7,1]
[256,-256,112,-60,39,-15,7,-4,1]
[6561,-1134,164,-14,1]
[6561,972,103,12,1]
[6561,81,52,1,1]
[4096,-2816,784,-167,49,-11,1]
[16384,768,127,6,1]
[4096,-1024,48,-5,3,-4,1]
[2401,-98,-54,-2,1]
[15625,-125,-58,-1,1]
[256,-128,112,-56,43,-14,7,-2,1]
[4096,1536,272,41,17,6,1]
[4096,-768,-16,-17,-1,-3,1]
[4096,1280,368,83,23,5,1]
[4096,-192,13,-3,1]
[15625,125,231,1,1]
[2401,0,34,0,1]
[256,-256,160,-80,41,-20,10,-4,1]
[6561,-1296,136,-16,1]
[4096,192,51,3,1]
[4096,1280,624,157,39,5,1]
[256,64,16,8,27,2,1,1,1]
[729,648,396,152,44,8,1]
[729,-324,180,-61,20,-4,1]
[4096,768,464,105,29,3,1]
[256,-384,256,-96,33,-24,16,-6,1]
[81,81,38,9,1]
[4096,-256,240,1,15,-1,1]
[4096,-768,128,-61,8,-3,1]
[4096,1792,848,223,53,7,1]
[4096,1024,192,89,12,4,1]
[14641,-726,2,-6,1]
[4096,-512,-16,-53,-1,-2,1]
[16384,-128,-7,-1,1]
[16384,-2816,269,-22,1]
[256,-64,128,-36,33,-9,8,-1,1]
[4096,256,384,-7,24,1,1]
[4096,-768,288,-47,18,-3,1]
[256,384,336,208,109,52,21,6,1]
[729,432,113,16,1]
[15625,-1375,279,-11,1]
[256,64,32,36,19,9,2,1,1]
[729,81,36,-10,4,1,1]
[14641,-847,53,-7,1]
[14641,-726,142,-6,1]
[729,162,63,53,7,2,1]
[4096,768,32,33,2,3,1]
[15625,-4125,496,-33,1]
[14641,0,-156,0,1]
[4096,768,496,77,31,3,1]
[256,0,80,8,25,2,5,0,1]
[4096,-1024,320,-93,20,-4,1]
[4096,0,32,7,2,0,1]
[256,-64,0,4,19,1,0,-1,1]
[16384,512,-35,4,1]
[4096,-256,-112,103,-7,-1,1]
[14641,2299,273,19,1]
[4096,0,352,5,22,0,1]
[4096,-2816,1232,-365,77,-11,1]
[4096,1280,16,-37,1,5,1]
[64,16,-4,-3,-1,1,1]
[4096,256,144,45,9,1,1]
[256,128,80,64,25,16,5,2,1]
[16384,-128,-111,-1,1]
[4096,-1536,-80,129,-5,-6,1]
[256,0,32,8,23,2,2,0,1]
[4096,-4096,1920,-575,120,-16,1]
[256,-128,-16,-8,25,-2,-1,-2,1]
[14641,-1936,115,-16,1]
[4096,512,160,-15,10,2,1]
[16384,1152,201,9,1]
[4096,1280,672,131,42,5,1]
[16384,-2176,255,-17,1]
[4096,192,-9,3,1]
[4096,-1024,80,-5,5,-4,1]
[256,64,80,40,17,10,5,1,1]
[16384,-128,-177,-1,1]
[15625,1500,206,12,1]
[4096,768,144,1,9,3,1]
[14641,-847,92,-7,1]
[4096,512,272,1,17,2,1]
[4096,-1280,16,69,1,-5,1]
[4096,256,95,4,1]
[729,-243,36,-16,4,-3,1]
[512,256,104,53,13,4,1]
[256,0,0,8,23,2,0,0,1]
[4096,1024,512,127,32,4,1]
[4096,-768,480,-83,30,-3,1]
[4096,512,-16,-87,-1,2,1]
[4096,-1024,224,-101,14,-4,1]
[4096,-2048,400,-51,25,-8,1]
[729,648,315,113,35,8,1]
[729,-162,90,-16,10,-2,1]
[16384,1664,267,13,1]
[625,-150,37,-6,1]
[4096,512,336,71,21,2,1]
[4096,512,-64,-109,-4,2,1]
[4096,0,16,-43,1,0,1]
[256,128,208,72,71,18,13,2,1]
[15625,-1125,-41,-9,1]
[4096,-1280,400,-67,25,-5,1]
[729,243,72,40,8,3,1]
[512,-64,-8,-9,-1,-1,1]
[15625,1000,68,8,1]
[256,0,-16,0,-7,0,-1,0,1]
[4096,1024,736,115,46,4,1]
[16384,1792,161,14,1]
[4096,1024,-48,-39,-3,4,1]
[4096,-2304,576,-107,36,-9,1]
[14641,2178,189,18,1]
[4096,0,432,31,27,0,1]
[6561,-162,25,-2,1]
[4096,-2048,592,-147,37,-8,1]
[15625,4000,466,32,1]
[4096,960,161,15,1]
[256,256,256,176,95,44,16,4,1]
[4096,256,0,-53,0,1,1]
[256,-64,32,-8,-17,-2,2,-1,1]
[729,-81,18,37,2,-1,1]
[14641,847,61,7,1]
[4096,-640,71,-10,1]
[16384,-1280,-21,-10,1]
[16384,1664,129,13,1]
[512,-640,368,-145,46,-10,1]
[15625,-1625,86,-13,1]
[256,-64,48,-28,-3,-7,3,-1,1]
[2401,-343,101,-7,1]
[4096,-2816,1024,-283,64,-11,1]
[4096,-1536,208,-5,13,-6,1]
[16384,-1792,119,-14,1]
[4096,0,208,1,13,0,1]
[16384,-768,173,-6,1]
[4096,-1024,656,-119,41,-4,1]
[16384,1408,-1,11,1]
[512,-64,144,-9,18,-1,1]
[4096,1024,512,137,32,4,1]
[16384,-1920,85,-15,1]
[4096,-256,80,33,5,-1,1]
[15625,2375,246,19,1]
[4096,512,16,69,1,2,1]
[14641,2541,262,21,1]
[256,0,80,0,13,0,5,0,1]
[256,128,64,-40,-21,-10,4,2,1]
[15625,-2500,209,-20,1]
[512,384,144,51,18,6,1]
[4096,1280,528,169,33,5,1]
[4096,0,432,-35,27,0,1]
[256,-256,64,60,-57,15,4,-4,1]
[14641,0,-224,0,1]
[15625,-250,13,-2,1]
[256,-64,0,32,-13,8,0,-1,1]
[15625,3875,458,31,1]
[4096,1792,688,213,43,7,1]
[512,192,144,35,18,3,1]
[6561,-1134,118,-14,1]
[4096,0,240,11,15,0,1]
[256,-128,16,36,-25,9,1,-2,1]
[4096,2304,752,207,47,9,1]
[4096,0,384,-33,24,0,1]
[256,64,96,-20,11,-5,6,1,1]
[4096,-1280,176,-45,11,-5,1]
[4096,256,144,57,9,1,1]
[4096,256,176,107,11,1,1]
[512,-384,88,-9,11,-6,1]
[729,-567,261,-97,29,-7,1]
[2401,343,26,7,1]
[14641,-363,94,-3,1]
[4096,1024,48,23,3,4,1]
[729,567,288,109,32,7,1]
[15625,875,83,7,1]
[512,-256,72,-21,9,-4,1]
[729,405,144,46,16,5,1]
[4096,-4352,2272,-713,142,-17,1]
[14641,242,160,2,1]
[6561,-1053,155,-13,1]
[4096,-512,48,-71,3,-2,1]
[256,128,112,76,29,19,7,2,1]
[729,-324,45,4,5,-4,1]
[14641,968,94,8,1]
[4096,0,48,-45,3,0,1]
[4096,-512,-48,29,-3,-2,1]
[625,350,93,14,1]
[256,64,48,40,9,10,3,1,1]
[256,0,32,-8,-13,-2,2,0,1]
[16384,2688,357,21,1]
[512,-64,40,-25,5,-1,1]
[4096,-768,48,11,3,-3,1]
[256,-192,96,-8,-7,-2,6,-3,1]
[256,192,96,24,5,6,6,3,1]
[15625,375,-81,3,1]
[4096,768,-208,-81,-13,3,1]
[14641,605,92,5,1]
[256,128,-16,0,15,0,-1,2,1]
[4096,0,288,51,18,0,1]
[256,64,64,0,15,0,4,1,1]
[4096,0,-128,-49,-8,0,1]
[256,-128,112,-8,15,-2,7,-2,1]
[4096,1792,704,189,44,7,1]
[16384,-896,-25,-7,1]
[2401,-490,87,-10,1]
[2401,245,-19,5,1]
[4096,0,0,89,0,0,1]
[16384,-2176,155,-17,1]
[15625,-2500,232,-20,1]
[4096,512,-16,33,-1,2,1]
[4096,256,176,-3,11,1,1]
[729,0,45,-37,5,0,1]
[4096,-2816,880,-207,55,-11,1]
[2401,441,93,9,1]
[256,-128,-16,24,-9,6,-1,-2,1]
[256,128,-48,-8,17,-2,-3,2,1]
[4096,256,224,35,14,1,1]
[14641,1331,139,11,1]
[729,-81,54,-32,6,-1,1]
[4096,1792,480,95,30,7,1]
[16384,768,251,6,1]
[4096,256,192,83,12,1,1]
[729,-81,63,19,7,-1,1]
[14641,484,-65,4,1]
[4096,3584,1504,431,94,14,1]
[256,64,112,40,35,10,7,1,1]
[4096,-3072,976,-231,61,-12,1]
[729,-486,243,-82,27,-6,1]
[4096,-256,-16,-51,-1,-1,1]
[4096,-512,160,-11,10,-2,1]
[16384,-1920,157,-15,1]
[14641,3267,368,27,1]
[4096,1792,160,-39,10,7,1]
[256,192,80,52,35,13,5,3,1]
[16384,-1408,115,-11,1]
[4096,512,512,43,32,2,1]
[4096,128,113,2,1]
[4096,-1536,16,91,1,-6,1]
[4096,0,-16,41,-1,0,1]
[4096,-768,320,-15,20,-3,1]
[729,81,-18,-23,-2,1,1]
[4096,-768,256,-49,16,-3,1]
[14641,-1089,8,-9,1]
[4096,0,80,47,5,0,1]
[4096,-512,-144,47,-9,-2,1]
[4096,1280,160,-13,10,5,1]
[4096,-1280,-48,109,-3,-5,1]
[14641,3267,378,27,1]
[256,256,192,128,67,32,12,4,1]
[64,-24,5,-3,1]
[16384,-896,33,-7,1]
[256,256,96,16,5,4,6,4,1]
[4096,960,117,15,1]
[4096,256,288,-25,18,1,1]
[4096,256,112,27,7,1,1]
[16384,2048,151,16,1]
[64,0,0,-11,0,0,1]
[729,-648,360,-142,40,-8,1]
[4096,-1024,352,-57,22,-4,1]
[15625,-1500,202,-12,1]
[1024,-288,69,-9,1]
[256,128,80,-4,5,-1,5,2,1]
[4096,2816,848,193,53,11,1]
[15625,-750,1,-6,1]
[4096,-256,256,43,16,-1,1]
[14641,605,-87,5,1]
[256,-64,80,-12,27,-3,5,-1,1]
[4096,-2048,784,-219,49,-8,1]
[4096,512,112,21,7,2,1]
[2401,882,157,18,1]
[512,64,80,29,10,1,1]
[512,-512,288,-117,36,-8,1]
[729,108,56,4,1]
[14641,1089,136,9,1]
[512,64,40,21,5,1,1]
[4096,-1024,208,7,13,-4,1]
[729,567,162,32,18,7,1]
[512,-192,24,7,3,-3,1]
[512,192,88,31,11,3,1]
[15625,-1500,203,-12,1]
[4096,768,64,-15,4,3,1]
[4096,1024,-16,-83,-1,4,1]
[4096,-768,-48,99,-3,-3,1]
[729,-162,45,-17,5,-2,1]
[4096,512,-96,-101,-6,2,1]
[4096,1536,816,183,51,6,1]
[4096,2048,944,255,59,8,1]
[16384,1024,251,8,1]
[4096,-448,1,-7,1]
[4096,-768,208,-37,13,-3,1]
[4096,-512,-160,43,-10,-2,1]
[4096,1024,-96,-105,-6,4,1]
[729,-405,198,-62,22,-5,1]
[256,-256,144,-20,1,-5,9,-4,1]
[4096,0,-32,23,-2,0,1]
[4096,1088,191,17,1]
[256,-64,112,-20,29,-5,7,-1,1]
[512,0,64,9,8,0,1]
[4096,-1280,304,-93,19,-5,1]
[14641,-363,-3,-3,1]
[4096,1280,288,105,18,5,1]
[512,-256,96,-49,12,-4,1]
[256,64,-96,-16,23,-4,-6,1,1]
[4096,-1792,800,-213,50,-7,1]
[4096,0,0,121,0,0,1]
[4096,-768,80,63,5,-3,1]
[14641,3630,430,30,1]
[14641,-1452,247,-12,1]
[256,-192,96,-8,-1,-2,6,-3,1]
[729,-243,18,-7,2,-3,1]
[15625,-2875,314,-23,1]
[729,0,9,-22,1,0,1]
[729,-567,252,-91,28,-7,1]
[15625,750,-17,6,1]
[4096,1024,-48,-35,-3,4,1]
[16384,-512,-157,-4,1]
[16384,1408,129,11,1]
[512,-192,136,-41,17,-3,1]
[256,-128,48,20,-21,5,3,-2,1]
[4096,-1088,199,-17,1]
[4096,1280,112,-13,7,5,1]
[15625,-3000,324,-24,1]
[4096,1792,752,213,47,7,1]
[15625,1125,89,9,1]
[729,-243,225,-46,25,-3,1]
[512,-128,-24,29,-3,-2,1]
[15625,500,173,4,1]
[4096,256,144,17,9,1,1]
[4096,0,352,-1,22,0,1]
[256,-112,25,-7,1]
[256,0,-16,-8,-9,-2,-1,0,1]
[4096,-1280,-128,121,-8,-5,1]
[15625,-1625,106,-13,1]
[1024,288,43,9,1]
[4096,1280,272,69,17,5,1]
[14641,-3509,447,-29,1]
[14641,-2299,302,-19,1]
[4096,1024,80,-51,5,4,1]
[625,300,82,12,1]
[15625,3125,378,25,1]
[6561,648,23,8,1]
[4096,-2560,1120,-311,70,-10,1]
[256,-256,80,60,-57,15,5,-4,1]
[4096,1280,464,115,29,5,1]
[4096,2816,1024,285,64,11,1]
[14641,-2420,339,-20,1]
[14641,-1331,140,-11,1]
[4096,-256,-48,69,-3,-1,1]
[512,-64,72,-19,9,-1,1]
[6561,0,59,0,1]
[4096,768,608,97,38,3,1]
[729,81,63,28,7,1,1]
[15625,1500,189,12,1]
[64,112,100,59,25,7,1]
[729,81,117,23,13,1,1]
[16384,-1920,241,-15,1]
[4096,-256,384,-59,24,-1,1]
[256,0,128,0,33,0,8,0,1]
[15625,-375,-27,-3,1]
[16384,1792,297,14,1]
[729,81,9,17,1,1,1]
[729,243,0,-2,0,3,1]
[1024,-160,63,-5,1]
[256,192,112,64,45,16,7,3,1]
[4096,-2560,960,-275,60,-10,1]
[4096,1280,112,-23,7,5,1]
[14641,1573,228,13,1]
[16384,-1024,197,-8,1]
[4096,-1024,128,-7,8,-4,1]
[256,-64,32,-20,27,-5,2,-1,1]
[256,320,272,156,83,39,17,5,1]
[256,-192,160,-80,47,-20,10,-3,1]
[256,512,592,464,269,116,37,8,1]
[256,64,112,36,29,9,7,1,1]
[512,384,200,71,25,6,1]
[4096,256,320,73,20,1,1]
[16384,0,-123,0,1]
[14641,2057,167,17,1]
[4096,-512,432,-75,27,-2,1]
[625,-225,52,-9,1]
[16384,1152,261,9,1]
[4096,1280,496,115,31,5,1]
[2401,441,118,9,1]
[256,-64,-48,-4,29,-1,-3,-1,1]
[15625,-2375,281,-19,1]
[4096,-512,128,-45,8,-2,1]
[15625,2625,333,21,1]
[4096,0,-32,-61,-2,0,1]
[256,-64,32,-20,7,-5,2,-1,1]
[4096,512,240,115,15,2,1]
[4096,256,416,37,26,1,1]
[4096,0,-48,-23,-3,0,1]
[4096,-1536,368,-89,23,-6,1]
[2401,686,125,14,1]
[256,192,128,72,25,18,8,3,1]
[512,512,288,115,36,8,1]
[256,64,64,16,23,4,4,1,1]
[256,-64,32,-12,21,-3,2,-1,1]
[15625,-500,72,-4,1]
[4096,-1536,736,-177,46,-6,1]
[4096,-1280,480,-135,30,-5,1]
[4096,768,400,87,25,3,1]
[16384,-1408,221,-11,1]
[4096,-1024,64,7,4,-4,1]
[4096,2816,1040,275,65,11,1]
[256,192,64,-28,-31,-7,4,3,1]
[256,0,80,-12,19,-3,5,0,1]
[4096,2560,1088,327,68,10,1]
[14641,605,118,5,1]
[729,-486,180,-59,20,-6,1]
[4096,2304,976,263,61,9,1]
[15625,0,-157,0,1]
[256,-192,176,-84,49,-21,11,-3,1]
[14641,1936,218,16,1]
[14641,-1331,182,-11,1]
[4096,-1024,288,-93,18,-4,1]
[6561,162,-35,2,1]
[2401,-49,-33,-1,1]
[4096,-512,-160,49,-10,-2,1]
[15625,0,219,0,1]
[512,-192,56,5,7,-3,1]
[4096,-1792,384,-65,24,-7,1]
[16384,-4096,483,-32,1]
[4096,1792,560,109,35,7,1]
[729,162,108,13,12,2,1]
[4096,1280,192,-19,12,5,1]
[256,64,-16,-8,-9,-2,-1,1,1]
[256,-256,48,16,-7,4,3,-4,1]
[4096,2304,1008,287,63,9,1]
[512,384,176,65,22,6,1]
[4096,2560,640,127,40,10,1]
[4096,-1536,464,-119,29,-6,1]
[4096,-1792,624,-153,39,-7,1]
[6561,2106,311,26,1]
[15625,-250,184,-2,1]
[4096,768,160,-35,10,3,1]
[15625,-875,38,-7,1]
[14641,3630,446,30,1]
[4096,-2560,928,-247,58,-10,1]
[256,-128,48,-20,11,-5,3,-2,1]
[256,128,0,-20,-7,-5,0,2,1]
[256,-448,496,-372,215,-93,31,-7,1]
[512,0,96,5,12,0,1]
[4096,1024,688,117,43,4,1]
[512,-256,56,-17,7,-4,1]
[256,48,-3,3,1]
[256,-128,128,-72,37,-18,8,-2,1]
[4096,768,176,117,11,3,1]
[4096,512,-128,-87,-8,2,1]
[4096,-1536,160,19,10,-6,1]
[256,0,0,-20,9,-5,0,0,1]
[6561,1539,233,19,1]
[4096,2048,864,227,54,8,1]
[4096,-512,-96,15,-6,-2,1]
[4096,2048,112,-79,7,8,1]
[256,-192,128,-52,35,-13,8,-3,1]
[14641,363,200,3,1]
[4096,1280,432,113,27,5,1]
[729,-81,81,-16,9,-1,1]
[4096,256,-32,-109,-2,1,1]
[256,64,-16,4,11,1,-1,1,1]
[4096,128,-1,2,1]
[81,-36,20,-4,1]
[15625,1500,187,12,1]
[4096,256,352,-19,22,1,1]
[16384,512,-1,4,1]
[14641,3630,455,30,1]
[256,112,33,7,1]
[729,0,-27,20,-3,0,1]
[4096,-512,176,-109,11,-2,1]
[4096,256,64,-29,4,1,1]
[729,567,153,26,17,7,1]
[15625,-375,-83,-3,1]
[4096,768,416,25,26,3,1]
[14641,1452,95,12,1]
[729,-324,162,-64,18,-4,1]
[4096,-1792,432,-75,27,-7,1]
[4096,256,416,13,26,1,1]
[14641,-484,221,-4,1]
[4096,768,-16,23,-1,3,1]
[256,-64,112,-20,23,-5,7,-1,1]
[625,-200,37,-8,1]
[4096,-768,96,-31,6,-3,1]
[4096,0,16,-3,1,0,1]
[4096,2048,240,-17,15,8,1]
[4096,-1280,288,-109,18,-5,1]
[256,64,-32,16,27,4,-2,1,1]
[14641,-968,128,-8,1]
[4096,-256,304,29,19,-1,1]
[6561,-891,71,-11,1]
[15625,-250,-122,-2,1]
[4096,-1792,80,65,5,-7,1]
[4096,512,176,95,11,2,1]
[4096,-1024,352,-23,22,-4,1]
[6561,1134,154,14,1]
[4096,256,400,-7,25,1,1]
[4096,768,320,81,20,3,1]
[14641,242,-49,2,1]
[4096,256,-96,-13,-6,1,1]
[4096,256,64,-43,4,1,1]
[4096,-768,704,-87,44,-3,1]
[4096,1792,688,167,43,7,1]
[6561,810,164,10,1]
[729,-27,23,-1,1]
[14641,1573,117,13,1]
[6561,405,101,5,1]
[1024,-352,67,-11,1]
[14641,847,-29,7,1]
[15625,-2875,371,-23,1]
[4096,1792,576,143,36,7,1]
[4096,-2560,992,-291,62,-10,1]
[4096,-768,656,-83,41,-3,1]
[4096,-2304,192,65,12,-9,1]
[4096,-512,272,-51,17,-2,1]
[4096,512,368,81,23,2,1]
[6561,729,98,9,1]
[625,-100,49,-4,1]
[256,-256,112,0,-15,0,7,-4,1]
[4096,768,-16,-67,-1,3,1]
[256,0,-32,-24,15,-6,-2,0,1]
[4096,256,96,-33,6,1,1]
[256,128,0,32,37,8,0,2,1]
[64,32,36,13,9,2,1]
[14641,-2541,243,-21,1]
[4096,3584,1584,467,99,14,1]
[4096,-1024,288,-67,18,-4,1]
[4096,0,-128,61,-8,0,1]
[4096,-512,16,67,1,-2,1]
[4096,768,336,37,21,3,1]
[256,-64,48,-20,31,-5,3,-1,1]
[4096,2048,1056,265,66,8,1]
[512,256,64,17,8,4,1]
[4096,-1280,256,-33,16,-5,1]
[256,64,-32,-20,-7,-5,-2,1,1]
[4096,256,48,53,3,1,1]
[4096,0,256,23,16,0,1]
[4096,256,64,-67,4,1,1]
[4096,1024,176,-15,11,4,1]
[4096,768,336,103,21,3,1]
[16384,1024,73,8,1]
[729,-648,342,-124,38,-8,1]
[16384,1792,253,14,1]
[4096,1024,256,41,16,4,1]
[4096,0,336,-31,21,0,1]
[4096,-1024,304,-115,19,-4,1]
[15625,1375,193,11,1]
[14641,-1331,69,-11,1]
[4096,-512,288,7,18,-2,1]
[14641,-3388,381,-28,1]
[512,256,72,17,9,4,1]
[4096,0,16,-115,1,0,1]
[4096,-4096,2064,-639,129,-16,1]
[4096,-1792,736,-179,46,-7,1]
[16384,1920,201,15,1]
[4096,-512,368,-71,23,-2,1]
[256,-128,48,0,-7,0,3,-2,1]
[512,192,-32,-41,-4,3,1]
[15625,-750,193,-6,1]
[729,-324,-9,40,-1,-4,1]
[625,175,41,7,1]
[16384,2176,177,17,1]
[4096,256,288,-15,18,1,1]
[4096,512,-32,-33,-2,2,1]
[729,-486,207,-80,23,-6,1]
[2401,-441,80,-9,1]
[4096,-2048,752,-239,47,-8,1]
[14641,3146,345,26,1]
[6561,-243,47,-3,1]
[256,-256,208,-136,67,-34,13,-4,1]
[729,405,18,-26,2,5,1]
[4096,-1024,400,-85,25,-4,1]
[4096,-1280,304,-97,19,-5,1]
[256,256,112,32,11,8,7,4,1]
[256,0,0,8,-5,2,0,0,1]
[256,64,48,12,29,3,3,1,1]
[64,0,-8,-3,-2,0,1]
[512,-64,0,-21,0,-1,1]
[729,-162,-27,34,-3,-2,1]
[15625,2750,283,22,1]
[14641,-4477,580,-37,1]
[15625,1000,91,8,1]
[729,0,-36,14,-4,0,1]
[4096,3072,1376,411,86,12,1]
[729,324,63,11,7,4,1]
[4096,1280,496,153,31,5,1]
[4096,-768,-96,113,-6,-3,1]
[729,-324,234,-70,26,-4,1]
[14641,1452,168,12,1]
[4096,-1280,400,-57,25,-5,1]
[4096,0,416,27,26,0,1]
[256,-128,112,-72,29,-18,7,-2,1]
[4096,0,-64,-59,-4,0,1]
[729,-81,81,16,9,-1,1]
[14641,-3267,371,-27,1]
[256,64,-16,-16,-13,-4,-1,1,1]
[256,64,112,0,25,0,7,1,1]
[4096,768,368,101,23,3,1]
[4096,-3328,1456,-427,91,-13,1]
[4096,1536,192,23,12,6,1]
[4096,3584,1600,469,100,14,1]
[256,-384,336,-212,113,-53,21,-6,1]
[14641,726,-97,6,1]
[14641,3025,324,25,1]
[64,0,0,-15,0,0,1]
[4096,-1024,-96,83,-6,-4,1]
[4096,-1024,272,-49,17,-4,1]
[4096,-512,16,9,1,-2,1]
[4096,2304,432,55,27,9,1]
[14641,-2299,312,-19,1]
[4096,-512,-80,125,-5,-2,1]
[4096,-1280,192,-47,12,-5,1]
[4096,768,-48,1,-3,3,1]
[512,448,256,101,32,7,1]
[4096,1024,288,3,18,4,1]
[729,243,-54,-43,-6,3,1]
[729,324,-18,-32,-2,4,1]
[4096,-1792,320,-33,20,-7,1]
[4096,1792,512,149,32,7,1]
[16384,-3328,371,-26,1]
[2401,196,71,4,1]
[15625,1500,104,12,1]
[256,256,176,108,65,27,11,4,1]
[4096,-1792,304,-31,19,-7,1]
[256,-192,96,-64,41,-16,6,-3,1]
[4096,256,256,51,16,1,1]
[256,384,272,144,73,36,17,6,1]
[16384,-1280,151,-10,1]
[256,64,16,-20,-13,-5,1,1,1]
[15625,625,-19,5,1]
[256,64,48,4,19,1,3,1,1]
[4096,256,80,125,5,1,1]
[4096,-512,64,5,4,-2,1]
[625,-100,36,-4,1]
[4096,-1280,272,-37,17,-5,1]
[15625,-875,219,-7,1]
[16384,-768,-33,-6,1]
[14641,1573,270,13,1]
[4096,-512,32,41,2,-2,1]
[4096,-256,272,-71,17,-1,1]
[256,-64,144,-48,43,-12,9,-1,1]
[4096,-2048,272,5,17,-8,1]
[14641,847,238,7,1]
[256,-64,32,24,-11,6,2,-1,1]
[4096,-512,32,27,2,-2,1]
[4096,256,400,-11,25,1,1]
[16384,-2944,373,-23,1]
[4096,1536,832,181,52,6,1]
[4096,-256,544,-41,34,-1,1]
[256,-128,96,-32,23,-8,6,-2,1]
[4096,-3840,1824,-551,114,-15,1]
[4096,2048,496,85,31,8,1]
[16384,-896,91,-7,1]
[256,192,96,0,-3,0,6,3,1]
[6561,1701,223,21,1]
[4096,-256,304,33,19,-1,1]
[4096,1024,208,87,13,4,1]
[4096,-1792,464,-119,29,-7,1]
[256,0,-160,-4,53,-1,-10,0,1]
[729,-108,56,-4,1]
[729,-162,45,5,5,-2,1]
[4096,-256,80,31,5,-1,1]
[4096,512,131,8,1]
[16384,2688,279,21,1]
[256,128,48,28,21,7,3,2,1]
[4096,-512,336,-91,21,-2,1]
[14641,968,227,8,1]
[256,-128,32,36,-31,9,2,-2,1]
[729,0,9,-37,1,0,1]
[14641,-242,133,-2,1]
[729,-243,18,25,2,-3,1]
[729,-81,216,-16,24,-1,1]
[4096,-1024,320,-45,20,-4,1]
[4096,-640,57,-10,1]
[4096,-1792,48,73,3,-7,1]
[15625,125,204,1,1]
[256,384,400,288,165,72,25,6,1]
[14641,-2299,203,-19,1]
[4096,768,-144,-105,-9,3,1]
[729,81,27,20,3,1,1]
[4096,-512,256,23,16,-2,1]
[256,320,288,192,109,48,18,5,1]
[729,486,216,65,24,6,1]
[256,0,112,-12,29,-3,7,0,1]
[512,0,-8,-27,-1,0,1]
[256,-64,16,4,-3,1,1,-1,1]
[4096,0,288,-1,18,0,1]
[14641,-363,86,-3,1]
[6561,-405,98,-5,1]
[14641,1573,87,13,1]
[4096,1024,32,-35,2,4,1]
[2401,-245,1,-5,1]
[15625,1000,252,8,1]
[4096,768,144,95,9,3,1]
[4096,768,368,13,23,3,1]
[14641,-2178,178,-18,1]
[256,-64,-48,16,3,4,-3,-1,1]
[4096,-512,656,-67,41,-2,1]
[4096,1024,448,81,28,4,1]
[4096,768,-32,-71,-2,3,1]
[4096,-1024,432,-75,27,-4,1]
[15625,1375,127,11,1]
[4096,-256,256,-49,16,-1,1]
[15625,-2000,222,-16,1]
[15625,250,167,2,1]
[4096,-512,-64,-19,-4,-2,1]
[14641,-242,174,-2,1]
[729,162,-9,-34,-1,2,1]
[16384,128,-107,1,1]
[4096,2816,1088,295,68,11,1]
[4096,1536,192,31,12,6,1]
[4096,1536,272,47,17,6,1]
[729,-324,90,-22,10,-4,1]
[14641,-242,-146,-2,1]
[14641,-1452,175,-12,1]
[4096,2048,688,153,43,8,1]
[256,-64,80,-32,19,-8,5,-1,1]
[14641,1089,177,9,1]
[2401,-98,16,-2,1]
[4096,768,96,-49,6,3,1]
[4096,-256,112,-3,7,-1,1]
[256,64,96,12,17,3,6,1,1]
[4096,1536,256,31,16,6,1]
[4096,-3072,1392,-419,87,-12,1]
[256,64,64,56,9,14,4,1,1]
[4096,-3328,1232,-325,77,-13,1]
[15625,2625,293,21,1]
[4096,-768,304,-23,19,-3,1]
[4096,256,496,45,31,1,1]
[2401,196,69,4,1]
[4096,-1280,336,-37,21,-5,1]
[4096,-2304,672,-147,42,-9,1]
[14641,4114,511,34,1]
[4096,256,48,93,3,1,1]
[2401,-196,97,-4,1]
[256,0,80,-8,33,-2,5,0,1]
[4096,1792,96,-53,6,7,1]
[256,0,64,52,3,13,4,0,1]
[16384,2432,199,19,1]
[4096,256,240,23,15,1,1]
[256,128,80,36,7,9,5,2,1]
[16384,-2688,339,-21,1]
[16384,512,171,4,1]
[4096,-768,384,-91,24,-3,1]
[4096,1792,608,171,38,7,1]
[256,-64,176,-52,57,-13,11,-1,1]
[4096,512,288,99,18,2,1]
[2401,637,117,13,1]
[64,-32,20,-11,5,-2,1]
[256,-192,128,-24,13,-6,8,-3,1]
[4096,-1792,288,-37,18,-7,1]
[4096,1536,-16,-97,-1,6,1]
[16384,256,29,2,1]
[729,0,54,-16,6,0,1]
[4096,256,80,39,5,1,1]
[14641,1331,45,11,1]
[4096,-256,64,87,4,-1,1]
[16384,-128,-11,-1,1]
[256,192,80,20,-3,5,5,3,1]
[4096,256,240,-47,15,1,1]
[4096,256,115,4,1]
[256,-320,240,-136,73,-34,15,-5,1]
[15625,-1375,238,-11,1]
[16384,-768,21,-6,1]
[4096,1024,-192,-97,-12,4,1]
[14641,484,111,4,1]
[256,0,0,4,-13,1,0,0,1]
[4096,1024,192,23,12,4,1]
[15625,1125,16,9,1]
[4096,0,32,-57,2,0,1]
[15625,500,-146,4,1]
[4096,-768,112,23,7,-3,1]
[512,128,80,45,10,2,1]
[256,-64,-48,-4,23,-1,-3,-1,1]
[14641,-4356,557,-36,1]
[256,0,0,24,-3,6,0,0,1]
[4096,-1344,225,-21,1]
[14641,484,197,4,1]
[256,-128,64,-20,-1,-5,4,-2,1]
[2401,-49,38,-1,1]
[256,0,64,-24,17,-6,4,0,1]
[4096,-3328,1408,-407,88,-13,1]
[512,64,16,29,2,1,1]
[4096,-2304,960,-251,60,-9,1]
[16384,-640,139,-5,1]
[4096,-256,400,-67,25,-1,1]
[4096,1792,464,131,29,7,1]
[4096,256,160,101,10,1,1]
[4096,256,192,81,12,1,1]
[256,64,32,12,-1,3,2,1,1]
[4096,512,-160,-77,-10,2,1]
[4096,1024,480,57,30,4,1]
[4096,-768,96,-35,6,-3,1]
[4096,0,-112,-65,-7,0,1]
[15625,-250,67,-2,1]
[16384,384,87,3,1]
[4096,2304,496,79,31,9,1]
[4096,-256,48,-55,3,-1,1]
[14641,-1815,238,-15,1]
[4096,320,-37,5,1]
[4096,-2304,864,-215,54,-9,1]
[4096,1792,960,227,60,7,1]
[14641,484,-54,4,1]
[14641,-726,51,-6,1]
[14641,1573,72,13,1]
[14641,242,23,2,1]
[4096,512,256,15,16,2,1]
[729,0,-54,10,-6,0,1]
[15625,3500,422,28,1]
[14641,-1452,105,-12,1]
[16384,768,115,6,1]
[256,-128,96,-68,31,-17,6,-2,1]
[4096,-512,-96,59,-6,-2,1]
[14641,-1210,146,-10,1]
[4096,1024,432,49,27,4,1]
[512,-64,160,-15,20,-1,1]
[256,64,0,-8,-23,-2,0,1,1]
[4096,256,16,-103,1,1,1]
[14641,-363,137,-3,1]
[4096,-768,512,-77,32,-3,1]
[512,256,144,59,18,4,1]
[16384,2560,341,20,1]
[4096,-768,147,-12,1]
[4096,-1536,224,5,14,-6,1]
[4096,-1024,192,-61,12,-4,1]
[4096,1280,-112,-125,-7,5,1]
[4096,832,133,13,1]
[15625,-625,-54,-5,1]
[6561,810,181,10,1]
[15625,875,-84,7,1]
[4096,-1024,288,-103,18,-4,1]
[16384,-4480,539,-35,1]
[4096,2048,672,177,42,8,1]
[512,192,56,1,7,3,1]
[4096,1792,512,103,32,7,1]
[15625,-1625,262,-13,1]
[15625,-3000,322,-24,1]
[4096,1024,400,105,25,4,1]
[4096,-1536,352,-51,22,-6,1]
[15625,-500,252,-4,1]
[4096,1536,656,157,41,6,1]
[2401,49,-32,1,1]
[256,192,144,84,37,21,9,3,1]
[729,-81,45,-35,5,-1,1]
[1024,-256,27,-8,1]
[14641,2541,326,21,1]
[256,-192,192,-108,61,-27,12,-3,1]
[15625,625,49,5,1]
[512,-384,248,-95,31,-6,1]
[4096,-2048,736,-205,46,-8,1]
[15625,500,48,4,1]
[4096,256,288,-1,18,1,1]
[4096,-512,208,-107,13,-2,1]
[14641,-605,-26,-5,1]
[4096,4096,1952,589,122,16,1]
[4096,1280,-112,-101,-7,5,1]
[4096,-256,496,-23,31,-1,1]
[14641,363,-163,3,1]
[4096,-1280,240,-77,15,-5,1]
[256,384,368,264,147,66,23,6,1]
[256,-64,-48,24,3,6,-3,-1,1]
[729,-162,189,-26,21,-2,1]
[2401,-98,-57,-2,1]
[256,-256,144,-36,9,-9,9,-4,1]
[4096,-256,272,-51,17,-1,1]
[256,128,80,44,17,11,5,2,1]
[15625,-750,-34,-6,1]
[729,324,36,-7,4,4,1]
[256,-320,176,-80,41,-20,11,-5,1]
[4096,1792,208,-11,13,7,1]
[4096,-512,176,3,11,-2,1]
[729,243,81,4,9,3,1]
[16384,384,171,3,1]
[4096,256,16,-55,1,1,1]
[4096,-512,0,-5,0,-2,1]
[4096,-512,64,-91,4,-2,1]
[729,0,63,-8,7,0,1]
[4096,0,-32,-39,-2,0,1]
[256,192,112,36,19,9,7,3,1]
[4096,256,480,17,30,1,1]
[4096,-704,57,-11,1]
[4096,-1536,656,-183,41,-6,1]
[4096,-512,144,11,9,-2,1]
[256,384,320,212,117,53,20,6,1]
[729,324,198,55,22,4,1]
[256,128,64,20,9,5,4,2,1]
[16384,-1280,53,-10,1]
[4096,0,32,55,2,0,1]
[2401,-147,52,-3,1]
[4096,-512,176,17,11,-2,1]
[256,64,-32,-8,-5,-2,-2,1,1]
[4096,256,64,-57,4,1,1]
[15625,-1000,204,-8,1]
[14641,-605,58,-5,1]
[256,128,32,-4,-13,-1,2,2,1]
[15625,125,26,1,1]
[4096,-1280,480,-85,30,-5,1]
[4096,256,-192,-41,-12,1,1]
[4096,768,432,33,27,3,1]
[256,-192,64,-36,23,-9,4,-3,1]
[14641,726,96,6,1]
[4096,-512,288,-95,18,-2,1]
[256,0,21,0,1]
[4096,1280,0,-75,0,5,1]
[256,0,16,-20,1,-5,1,0,1]
[4096,1280,240,37,15,5,1]
[729,27,31,1,1]
[256,64,-16,12,25,3,-1,1,1]
[256,-128,80,8,1,2,5,-2,1]
[729,-324,216,-65,24,-4,1]
[14641,-121,-130,-1,1]
[15625,-2500,312,-20,1]
[15625,-1125,236,-9,1]
[256,192,48,-20,-17,-5,3,3,1]
[14641,121,-142,1,1]
[4096,-2816,1280,-379,80,-11,1]
[14641,2299,293,19,1]
[729,486,270,88,30,6,1]
[14641,2541,320,21,1]
[16384,-1024,83,-8,1]
[256,-256,96,16,-27,4,6,-4,1]
[512,-128,-56,35,-7,-2,1]
[2401,294,37,6,1]
[4096,768,96,79,6,3,1]
[4096,1024,368,77,23,4,1]
[256,128,16,-44,-27,-11,1,2,1]
[16384,512,-85,4,1]
[256,192,0,-32,-15,-8,0,3,1]
[256,128,32,-32,-29,-8,2,2,1]
[729,-486,162,-41,18,-6,1]
[16384,-2560,329,-20,1]
[729,-405,144,-40,16,-5,1]
[6561,-810,164,-10,1]
[729,-81,36,23,4,-1,1]
[625,100,8,4,1]
[14641,-1936,269,-16,1]
[4096,-1024,240,-113,15,-4,1]
[4096,192,129,3,1]
[729,-243,72,-4,8,-3,1]
[729,0,-63,-5,-7,0,1]
[256,0,-16,12,3,3,-1,0,1]
[512,-128,112,-29,14,-2,1]
[4096,1280,-208,-157,-13,5,1]
[256,0,16,36,7,9,1,0,1]
[256,-64,16,-4,19,-1,1,-1,1]
[256,192,64,28,19,7,4,3,1]
[512,-128,160,-27,20,-2,1]
[15625,125,-141,1,1]
[16384,-1920,225,-15,1]
[256,0,128,20,33,5,8,0,1]
[4096,-256,-192,5,-12,-1,1]
[4096,-256,176,-101,11,-1,1]
[512,-192,152,-49,19,-3,1]
[4096,-1280,560,-109,35,-5,1]
[256,-128,16,-12,23,-3,1,-2,1]
[6561,243,-70,3,1]
[256,-64,32,8,-5,2,2,-1,1]
[512,-128,0,21,0,-2,1]
[729,648,279,91,31,8,1]
[4096,-1280,240,-55,15,-5,1]
[4096,1792,512,99,32,7,1]
[15625,1250,82,10,1]
[16384,-384,-151,-3,1]
[256,192,80,16,-1,4,5,3,1]
[15625,-750,257,-6,1]
[4096,-1024,-192,125,-12,-4,1]
[4096,-512,-48,11,-3,-2,1]
[256,-128,16,-12,21,-3,1,-2,1]
[4096,-512,125,-8,1]
[729,-324,0,32,0,-4,1]
[6561,-486,34,-6,1]
[4096,1792,368,81,23,7,1]
[4096,0,9,0,1]
[15625,2500,201,20,1]
[4096,-512,512,-37,32,-2,1]
[16384,-256,23,-2,1]
[4096,-256,-128,35,-8,-1,1]
[4096,768,144,-7,9,3,1]
[2401,-98,36,-2,1]
[512,64,48,33,6,1,1]
[256,-128,80,-8,15,-2,5,-2,1]
[16384,-1152,135,-9,1]
[4096,1024,288,77,18,4,1]
[2401,294,10,6,1]
[4096,256,-112,9,-7,1,1]
[2401,-49,-72,-1,1]
[512,-64,8,-27,1,-1,1]
[4096,1792,480,101,30,7,1]
[15625,-4375,553,-35,1]
[4096,768,368,45,23,3,1]
[4096,-1024,160,-47,10,-4,1]
[729,-243,126,-49,14,-3,1]
[4096,832,147,13,1]
[16384,768,65,6,1]
[256,64,0,-4,7,-1,0,1,1]
[4096,-1024,64,-25,4,-4,1]
[4096,2048,416,57,26,8,1]
[256,128,96,52,27,13,6,2,1]
[4096,1536,160,-5,10,6,1]
[4096,-3072,1456,-431,91,-12,1]
[15625,2875,274,23,1]
[15625,-1750,264,-14,1]
[4096,-1280,336,-121,21,-5,1]
[4096,-512,208,-9,13,-2,1]
[4096,448,39,7,1]
[4096,-1024,288,-25,18,-4,1]
[2401,-637,130,-13,1]
[16384,-1920,249,-15,1]
[4096,-1792,640,-161,40,-7,1]
[14641,0,207,0,1]
[729,162,81,38,9,2,1]
[256,-192,0,16,3,4,0,-3,1]
[256,0,112,24,23,6,7,0,1]
[4096,-256,64,51,4,-1,1]
[729,-324,-18,34,-2,-4,1]
[16384,768,89,6,1]
[6561,486,70,6,1]
[4096,-512,256,21,16,-2,1]
[16384,-768,115,-6,1]
[4096,1792,320,53,20,7,1]
[15625,-500,149,-4,1]
[729,-324,207,-65,23,-4,1]
[16384,1920,97,15,1]
[15625,-2000,247,-16,1]
[729,-243,54,-20,6,-3,1]
[4096,1536,496,135,31,6,1]
[729,27,-31,1,1]
[256,-192,160,-108,49,-27,10,-3,1]
[15625,2125,222,17,1]
[625,-25,38,-1,1]
[4096,-2048,528,-127,33,-8,1]
[2401,-294,10,-6,1]
[256,256,96,-24,-35,-6,6,4,1]
[15625,-875,56,-7,1]
[15625,2000,308,16,1]
[256,0,64,24,13,6,4,0,1]
[4096,0,-16,-47,-1,0,1]
[4096,0,384,27,24,0,1]
[14641,-484,-38,-4,1]
[4096,256,55,4,1]
[16384,768,215,6,1]
[4096,512,352,75,22,2,1]
[14641,-121,-101,-1,1]
[4096,1024,384,87,24,4,1]
[729,324,135,28,15,4,1]
[4096,-512,32,-39,2,-2,1]
[512,0,32,-13,4,0,1]
[4096,-1024,160,-79,10,-4,1]
[14641,968,17,8,1]
[256,-128,0,24,-5,6,0,-2,1]
[4096,0,-16,21,-1,0,1]
[256,-256,96,12,-19,3,6,-4,1]
[4096,1024,-176,-119,-11,4,1]
[4096,1024,80,17,5,4,1]
[4096,-2560,1024,-309,64,-10,1]
[729,-81,72,-4,8,-1,1]
[15625,-250,-188,-2,1]
[256,16,-1,1,1]
[4096,1792,832,203,52,7,1]
[16384,-1024,53,-8,1]
[4096,-256,-64,125,-4,-1,1]
[6561,-81,-142,-1,1]
[4096,2048,464,97,29,8,1]
[2401,49,53,1,1]
[4096,-1792,144,35,9,-7,1]
[512,320,152,59,19,5,1]
[256,320,128,4,-11,1,8,5,1]
[256,128,16,36,33,9,1,2,1]
[4096,768,224,39,14,3,1]
[4096,-1792,384,-81,24,-7,1]
[4096,-1024,0,73,0,-4,1]
[4096,0,-80,81,-5,0,1]
[4096,-256,288,-85,18,-1,1]
[256,64,48,8,-3,2,3,1,1]
[14641,-726,244,-6,1]
[6561,-972,56,-12,1]
[4096,1024,304,83,19,4,1]
[81,-18,-5,-2,1]
[4096,2048,560,117,35,8,1]
[14641,-968,227,-8,1]
[729,-108,49,-4,1]
[4096,1792,352,37,22,7,1]
[256,-320,336,-240,135,-60,21,-5,1]
[4096,-256,48,65,3,-1,1]
[4096,0,192,17,12,0,1]
[729,-162,162,-31,18,-2,1]
[4096,768,128,47,8,3,1]
[4096,-1792,304,-15,19,-7,1]
[14641,605,-29,5,1]
[4096,256,352,51,22,1,1]
[16384,2304,251,18,1]
[256,-128,16,-12,13,-3,1,-2,1]
[256,-64,-80,16,21,4,-5,-1,1]
[4096,1280,624,153,39,5,1]
[512,-128,40,9,5,-2,1]
[14641,847,-14,7,1]
[4096,-1280,496,-95,31,-5,1]
[729,648,324,116,36,8,1]
[256,0,-112,-4,29,-1,-7,0,1]
[14641,-484,-83,-4,1]
[6561,-162,20,-2,1]
[4096,256,32,11,2,1,1]
[15625,1000,3,8,1]
[4096,-1280,512,-115,32,-5,1]
[256,0,0,16,-7,4,0,0,1]
[15625,-2125,273,-17,1]
[4096,-512,48,31,3,-2,1]
[256,128,80,44,21,11,5,2,1]
[256,-64,32,-16,7,-4,2,-1,1]
[4096,0,16,81,1,0,1]
[14641,-847,142,-7,1]
[2401,-147,6,-3,1]
[4096,-1280,32,67,2,-5,1]
[4096,-768,-48,21,-3,-3,1]
[14641,0,-49,0,1]
[14641,1936,219,16,1]
[4096,-1792,912,-225,57,-7,1]
[256,-128,64,-8,11,-2,4,-2,1]
[4096,1024,64,23,4,4,1]
[729,-162,63,-38,7,-2,1]
[729,297,79,11,1]
[4096,768,-16,-17,-1,3,1]
[4096,3584,1536,445,96,14,1]
[6561,-1215,115,-15,1]
[729,54,44,2,1]
[729,324,-54,-68,-6,4,1]
[4096,-512,32,-21,2,-2,1]
[4096,-1280,-48,63,-3,-5,1]
[15625,-2375,287,-19,1]
[15625,3125,312,25,1]
[256,-192,144,-72,49,-18,9,-3,1]
[256,-128,96,-60,19,-15,6,-2,1]
[4096,-768,272,-113,17,-3,1]
[4096,768,-16,-69,-1,3,1]
[729,0,63,8,7,0,1]
[256,64,96,12,27,3,6,1,1]
[512,-128,40,-33,5,-2,1]
[256,-192,160,-100,57,-25,10,-3,1]
[14641,-121,131,-1,1]
[4096,-1536,384,-121,24,-6,1]
[256,0,-32,-12,11,-3,-2,0,1]
[64,0,5,0,1]
[256,128,112,52,21,13,7,2,1]
[2401,637,116,13,1]
[15625,750,69,6,1]
[256,384,256,96,35,24,16,6,1]
[729,324,162,61,18,4,1]
[256,64,80,-12,5,-3,5,1,1]
[512,128,104,31,13,2,1]
[4096,-2560,768,-183,48,-10,1]
[15625,-1375,126,-11,1]
[256,-320,240,-128,65,-32,15,-5,1]
[256,128,0,-28,-9,-7,0,2,1]
[4096,1280,176,7,11,5,1]
[4096,1536,224,-1,14,6,1]
[4096,512,352,85,22,2,1]
[4096,1792,192,-31,12,7,1]
[14641,1331,16,11,1]
[4096,3072,1328,381,83,12,1]
[4096,-1536,-16,77,-1,-6,1]
[729,486,117,20,13,6,1]
[729,405,54,-2,6,5,1]
[2401,-49,59,-1,1]
[256,-256,112,24,-31,6,7,-4,1]
[256,-128,96,0,5,0,6,-2,1]
[512,128,-16,-33,-2,2,1]
[729,-405,81,-8,9,-5,1]
[4096,-1024,368,-89,23,-4,1]
[6561,1944,274,24,1]
[14641,-1210,134,-10,1]
[14641,242,-40,2,1]
[14641,968,203,8,1]
[4096,1024,560,133,35,4,1]
[15625,250,217,2,1]
[729,0,45,-35,5,0,1]
[256,0,32,16,7,4,2,0,1]
[64,0,16,-5,4,0,1]
[14641,-1331,213,-11,1]
[4096,512,384,83,24,2,1]
[4096,640,51,10,1]
[4096,1024,496,87,31,4,1]
[512,256,160,49,20,4,1]
[1024,-256,77,-8,1]
[256,64,-16,16,25,4,-1,1,1]
[15625,-3875,463,-31,1]
[4096,-1280,416,-57,26,-5,1]
[15625,-875,-51,-7,1]
[4096,1792,16,-95,1,7,1]
[4096,256,144,103,9,1,1]
[4096,1792,656,155,41,7,1]
[16384,-1280,-5,-10,1]
[14641,1815,126,15,1]
[4096,512,-176,-61,-11,2,1]
[256,256,256,168,97,42,16,4,1]
[256,-128,-16,-24,39,-6,-1,-2,1]
[256,-128,0,24,-19,6,0,-2,1]
[4096,-2560,704,-159,44,-10,1]
[512,320,48,-9,6,5,1]
[14641,-1815,108,-15,1]
[512,-448,232,-97,29,-7,1]
[15625,375,177,3,1]
[4096,1024,336,105,21,4,1]
[256,256,256,168,93,42,16,4,1]
[4096,1792,336,43,21,7,1]
[4096,-2304,608,-143,38,-9,1]
[14641,-242,-27,-2,1]
[4096,256,64,-1,4,1,1]
[729,-81,27,26,3,-1,1]
[4096,-512,224,39,14,-2,1]
[256,0,0,16,-3,4,0,0,1]
[2401,98,-57,2,1]
[256,-64,64,16,-1,4,4,-1,1]
[512,-64,-40,25,-5,-1,1]
[14641,-484,162,-4,1]
[14641,3993,491,33,1]
[4096,256,128,61,8,1,1]
[4096,-256,544,-27,34,-1,1]
[256,-320,224,-104,47,-26,14,-5,1]
[6561,324,77,4,1]
[14641,2178,289,18,1]
[4096,-1280,448,-83,28,-5,1]
[256,128,112,64,37,16,7,2,1]
[4096,256,352,35,22,1,1]
[256,256,160,40,15,10,10,4,1]
[512,-320,144,-55,18,-5,1]
[256,-64,-32,16,-11,4,-2,-1,1]
[256,-320,224,-144,83,-36,14,-5,1]
[6561,162,28,2,1]
[6561,810,98,10,1]
[4096,512,-144,-15,-9,2,1]
[14641,847,-78,7,1]
[15625,0,166,0,1]
[256,256,112,48,27,12,7,4,1]
[4096,-512,240,-3,15,-2,1]
[4096,-768,-64,63,-4,-3,1]
[2401,-588,129,-12,1]
[512,-448,288,-117,36,-7,1]
[14641,726,31,6,1]
[4096,2048,704,217,44,8,1]
[6561,-162,-91,-2,1]
[256,0,-16,16,11,4,-1,0,1]
[729,-297,83,-11,1]
[15625,-1375,267,-11,1]
[729,81,-18,-26,-2,1,1]
[729,0,63,-2,7,0,1]
[256,192,64,4,-7,1,4,3,1]
[15625,1250,162,10,1]
[15625,1375,113,11,1]
[4096,1536,480,171,30,6,1]
[16384,-2944,325,-23,1]
[4096,-1792,544,-131,34,-7,1]
[2401,196,-4,4,1]
[6561,-972,119,-12,1]
[4096,-1536,672,-159,42,-6,1]
[15625,1000,212,8,1]
[4096,1024,208,31,13,4,1]
[6561,-324,-34,-4,1]
[15625,500,84,4,1]
[4096,256,112,69,7,1,1]
[512,-64,64,7,8,-1,1]
[4096,-512,80,-87,5,-2,1]
[256,64,192,40,65,10,12,1,1]
[64,80,64,35,16,5,1]
[4096,512,320,-1,20,2,1]
[256,128,96,48,39,12,6,2,1]
[14641,-1936,250,-16,1]
[4096,-1024,64,61,4,-4,1]
[512,64,-32,-21,-4,1,1]
[4096,1024,336,31,21,4,1]
[256,-64,80,8,7,2,5,-1,1]
[14641,3872,492,32,1]
[256,128,-32,-16,5,-4,-2,2,1]
[6561,729,158,9,1]
[729,81,0,-19,0,1,1]
[14641,363,-75,3,1]
[4096,1280,256,73,16,5,1]
[4096,1280,320,107,20,5,1]
[4096,-768,416,-27,26,-3,1]
[15625,-3625,432,-29,1]
[4096,-768,96,-75,6,-3,1]
[4096,512,576,73,36,2,1]
[256,128,96,60,37,15,6,2,1]
[4096,1024,400,147,25,4,1]
[14641,1210,130,10,1]
[256,128,32,16,1,4,2,2,1]
[14641,2904,364,24,1]
[4096,-512,-48,67,-3,-2,1]
[4096,0,224,-55,14,0,1]
[16384,3584,449,28,1]
[4096,1024,16,-7,1,4,1]
[14641,-242,-125,-2,1]
[4096,320,133,5,1]
[4096,-256,80,-69,5,-1,1]
[729,-486,117,-20,13,-6,1]
[14641,0,6,0,1]
[729,81,-18,-37,-2,1,1]
[15625,-2750,293,-22,1]
[16384,1792,235,14,1]
[4096,-256,576,-33,36,-1,1]
[4096,64,25,1,1]
[729,162,-9,-10,-1,2,1]
[16384,-1664,135,-13,1]
[15625,-3875,456,-31,1]
[729,-81,90,-35,10,-1,1]
[14641,-363,-5,-3,1]
[64,128,128,79,32,8,1]
[729,162,18,17,2,2,1]
[4096,-2304,1104,-293,69,-9,1]
[256,-256,112,-36,15,-9,7,-4,1]
[4096,2304,592,111,37,9,1]
[16384,-2432,213,-19,1]
[729,-54,28,-2,1]
[14641,2057,160,17,1]
[256,64,-64,-8,9,-2,-4,1,1]
[512,-576,384,-163,48,-9,1]
[4096,-512,640,-67,40,-2,1]
[15625,-500,117,-4,1]
[256,0,-16,0,-21,0,-1,0,1]
[4096,-1024,256,-37,16,-4,1]
[729,0,0,10,0,0,1]
[256,-64,64,32,-3,8,4,-1,1]
[4096,2304,816,229,51,9,1]
[512,64,88,11,11,1,1]
[256,320,272,176,95,44,17,5,1]
[15625,2000,182,16,1]
[4096,768,-80,-97,-5,3,1]
[14641,968,-61,8,1]
[4096,-1024,496,-79,31,-4,1]
[729,-162,171,-25,19,-2,1]
[512,-64,56,-13,7,-1,1]
[4096,0,224,67,14,0,1]
[14641,-605,7,-5,1]
[16384,2816,297,22,1]
[4096,-1280,416,-63,26,-5,1]
[256,128,144,72,41,18,9,2,1]
[16384,-2432,329,-19,1]
[14641,2783,266,23,1]
[4096,768,144,43,9,3,1]
[15625,-1625,57,-13,1]
[4096,-256,256,-87,16,-1,1]
[4096,512,672,65,42,2,1]
[6561,324,74,4,1]
[4096,-256,32,-15,2,-1,1]
[729,-81,126,-31,14,-1,1]
[14641,1331,53,11,1]
[4096,1536,640,161,40,6,1]
[4096,2048,464,93,29,8,1]
[729,-405,189,-68,21,-5,1]
[256,-64,-32,20,-7,5,-2,-1,1]
[729,-135,-2,-5,1]
[14641,-968,172,-8,1]
[15625,-1375,176,-11,1]
[4096,-256,16,-5,1,-1,1]
[256,128,64,-24,-13,-6,4,2,1]
[4096,1024,592,131,37,4,1]
[256,-256,192,-112,61,-28,12,-4,1]
[14641,242,62,2,1]
[4096,768,528,55,33,3,1]
[15625,1000,229,8,1]
[4096,-768,-208,107,-13,-3,1]
[4096,768,-64,-101,-4,3,1]
[16384,0,109,0,1]
[4096,1536,512,115,32,6,1]
[729,-135,1,-5,1]
[4096,-1536,496,-83,31,-6,1]
[256,-128,112,-24,25,-6,7,-2,1]
[4096,1280,400,153,25,5,1]
[16384,-128,223,-1,1]
[6561,972,163,12,1]
[15625,500,31,4,1]
[14641,2783,288,23,1]
[729,-486,216,-86,24,-6,1]
[729,162,108,32,12,2,1]
[16384,-1024,245,-8,1]
[4096,1024,-112,-117,-7,4,1]
[15625,-500,112,-4,1]
[16384,1152,37,9,1]
[729,0,126,17,14,0,1]
[14641,0,-34,0,1]
[4096,64,-31,1,1]
[512,-128,24,15,3,-2,1]
[256,48,-1,3,1]
[15625,250,94,2,1]
[256,-64,32,-40,15,-10,2,-1,1]
[256,0,16,28,9,7,1,0,1]
[4096,1280,400,71,25,5,1]
[15625,250,9,2,1]
[14641,605,170,5,1]
[6561,-1458,232,-18,1]
[512,320,136,41,17,5,1]
[256,-192,192,-112,63,-28,12,-3,1]
[14641,-3509,452,-29,1]
[14641,-121,-166,-1,1]
[256,-192,240,-132,89,-33,15,-3,1]
[256,128,16,-32,-23,-8,1,2,1]
[512,384,256,99,32,6,1]
[15625,-1000,-43,-8,1]
[256,64,0,16,17,4,0,1,1]
[14641,-605,-72,-5,1]
[14641,-1089,23,-9,1]
[512,128,-56,-31,-7,2,1]
[256,-320,208,-80,33,-20,13,-5,1]
[256,64,112,20,37,5,7,1,1]
[4096,256,-64,-79,-4,1,1]
[4096,-768,672,-89,42,-3,1]
[15625,1375,143,11,1]
[14641,363,-76,3,1]
[256,-128,80,-56,17,-14,5,-2,1]
[6561,243,-58,3,1]
[4096,512,32,25,2,2,1]
[256,0,80,0,23,0,5,0,1]
[4096,-2304,896,-237,56,-9,1]
[4096,1792,448,119,28,7,1]
[6561,-486,110,-6,1]
[15625,-1125,21,-9,1]
[4096,-1024,144,-13,9,-4,1]
[16384,1792,269,14,1]
[729,-81,63,-38,7,-1,1]
[15625,-2000,178,-16,1]
[4096,512,112,-47,7,2,1]
[14641,1573,259,13,1]
[14641,1089,-6,9,1]
[256,0,32,32,-9,8,2,0,1]
[14641,-3509,443,-29,1]
[256,-192,80,12,-19,3,5,-3,1]
[4096,2560,672,133,42,10,1]
[4096,-3072,1248,-349,78,-12,1]
[14641,-1452,162,-12,1]
[4096,768,352,19,22,3,1]
[14641,0,-82,0,1]
[2401,-49,-22,-1,1]
[4096,768,160,83,10,3,1]
[15625,-2125,226,-17,1]
[4096,-256,-16,-71,-1,-1,1]
[256,-128,112,-4,13,-1,7,-2,1]
[2401,-343,62,-7,1]
[14641,1694,82,14,1]
[4096,1792,560,113,35,7,1]
[16384,-2816,295,-22,1]
[4096,1536,544,187,34,6,1]
[15625,-250,88,-2,1]
[4096,1792,672,199,42,7,1]
[15625,1750,183,14,1]
[4096,512,320,81,20,2,1]
[16384,-2560,345,-20,1]
[14641,363,-58,3,1]
[4096,-1024,336,-85,21,-4,1]
[15625,-875,211,-7,1]
[14641,1210,63,10,1]
[256,64,48,-28,-1,-7,3,1,1]
[14641,-1089,-17,-9,1]
[14641,2783,317,23,1]
[16384,512,-125,4,1]
[256,128,96,0,7,0,6,2,1]
[15625,3250,354,26,1]
[4096,-512,-160,57,-10,-2,1]
[14641,3993,494,33,1]
[14641,484,236,4,1]
[4096,-2560,928,-259,58,-10,1]
[256,0,96,8,25,2,6,0,1]
[6561,-1863,257,-23,1]
[2401,245,-15,5,1]
[729,324,-18,-43,-2,4,1]
[4096,-1536,176,7,11,-6,1]
[729,-243,162,-35,18,-3,1]
[4096,-256,224,-75,14,-1,1]
[512,384,48,-17,6,6,1]
[4096,-384,55,-6,1]
[14641,-2057,151,-17,1]
[729,-27,50,-1,1]
[4096,-512,112,13,7,-2,1]
[512,448,248,101,31,7,1]
[256,-128,64,-32,17,-8,4,-2,1]
[14641,-484,125,-4,1]
[15625,-1375,237,-11,1]
[15625,-1250,196,-10,1]
[4096,1792,656,175,41,7,1]
[16384,-1664,201,-13,1]
[729,324,117,59,13,4,1]
[16384,-896,127,-7,1]
[729,243,144,37,16,3,1]
[729,81,-45,-16,-5,1,1]
[14641,484,96,4,1]
[16384,4736,583,37,1]
[2401,-931,176,-19,1]
[256,-256,80,36,-37,9,5,-4,1]
[729,162,26,6,1]
[4096,-1280,-32,49,-2,-5,1]
[16384,-2688,345,-21,1]
[4096,2304,880,221,55,9,1]
[15625,2500,317,20,1]
[256,-192,128,-44,21,-11,8,-3,1]
[15625,2750,362,22,1]
[14641,-121,213,-1,1]
[16384,1152,-29,9,1]
[4096,512,368,77,23,2,1]
[4096,768,240,67,15,3,1]
[729,-405,-72,85,-8,-5,1]
[4096,256,288,39,18,1,1]
[4096,2816,1056,293,66,11,1]
[729,-27,26,-1,1]
[256,0,64,20,19,5,4,0,1]
[4096,-256,176,21,11,-1,1]
[256,64,48,-24,-11,-6,3,1,1]
[14641,-3267,364,-27,1]
[4096,2560,976,295,61,10,1]
[4096,-768,480,-55,30,-3,1]
[15625,-1750,206,-14,1]
[15625,125,-109,1,1]
[729,162,54,-4,6,2,1]
[4096,256,288,69,18,1,1]
[4096,-512,224,-85,14,-2,1]
[4096,256,160,-27,10,1,1]
[4096,-2048,992,-259,62,-8,1]
[256,0,32,16,5,4,2,0,1]
[256,-320,208,-112,61,-28,13,-5,1]
[256,-64,0,-32,21,-8,0,-1,1]
[256,256,128,60,31,15,8,4,1]
[6561,-405,109,-5,1]
[256,-64,-16,4,-3,1,-1,-1,1]
[4096,1280,416,113,26,5,1]
[16384,-384,-113,-3,1]
[256,-192,48,28,-27,7,3,-3,1]
[256,64,64,4,17,1,4,1,1]
[729,-486,117,-17,13,-6,1]
[15625,625,-119,5,1]
[15625,-750,108,-6,1]
[4096,2816,1216,367,76,11,1]
[6561,-324,59,-4,1]
[4096,-3072,1344,-413,84,-12,1]
[4096,-512,528,-47,33,-2,1]
[729,-486,225,-79,25,-6,1]
[256,176,59,11,1]
[4096,0,-80,37,-5,0,1]
[256,-64,80,-28,13,-7,5,-1,1]
[729,-81,153,-23,17,-1,1]
[4096,-256,-160,29,-10,-1,1]
[15625,625,-78,5,1]
[4096,-512,-32,105,-2,-2,1]
[729,162,90,41,10,2,1]
[14641,363,156,3,1]
[256,-256,144,-32,5,-8,9,-4,1]
[15625,-2000,121,-16,1]
[4096,-512,208,39,13,-2,1]
[4096,-768,480,-111,30,-3,1]
[15625,-1125,157,-9,1]
[14641,1089,96,9,1]
[256,64,80,24,33,6,5,1,1]
[625,275,62,11,1]
[4096,-512,-80,35,-5,-2,1]
[256,192,48,-24,-23,-6,3,3,1]
[256,64,80,-20,11,-5,5,1,1]
[4096,768,640,89,40,3,1]
[14641,-1815,117,-15,1]
[256,-128,0,-4,9,-1,0,-2,1]
[4096,0,0,3,0,0,1]
[4096,0,528,7,33,0,1]
[14641,-3146,382,-26,1]
[15625,-875,162,-7,1]
[4096,1536,880,191,55,6,1]
[512,256,-40,-51,-5,4,1]
[15625,-2000,156,-16,1]
[4096,-768,32,-17,2,-3,1]
[15625,-1250,79,-10,1]
[4096,1536,416,129,26,6,1]
[729,-243,9,28,1,-3,1]
[14641,1210,178,10,1]
[4096,768,320,41,20,3,1]
[4096,0,384,1,24,0,1]
[256,320,336,220,131,55,21,5,1]
[4096,-64,-87,-1,1]
[14641,0,69,0,1]
[14641,-605,125,-5,1]
[256,64,80,8,19,2,5,1,1]
[4096,1024,0,-75,0,4,1]
[4096,3328,1552,465,97,13,1]
[14641,484,97,4,1]
[256,-64,96,16,13,4,6,-1,1]
[729,-81,18,-34,2,-1,1]
[14641,484,-32,4,1]
[256,0,80,20,19,5,5,0,1]
[512,448,200,73,25,7,1]
[15625,-4000,498,-32,1]
[256,128,64,0,-11,0,4,2,1]
[16384,768,19,6,1]
[256,-192,112,-40,13,-10,7,-3,1]
[256,64,32,20,17,5,2,1,1]
[15625,1125,253,9,1]
[256,-64,-64,4,21,1,-4,-1,1]
[4096,2048,720,185,45,8,1]
[4096,-1280,400,-161,25,-5,1]
[512,-128,-40,25,-5,-2,1]
[4096,0,32,-41,2,0,1]
[4096,512,112,-25,7,2,1]
[4096,-2304,960,-281,60,-9,1]
[729,486,243,91,27,6,1]
[15625,375,227,3,1]
[14641,-242,200,-2,1]
[4096,-512,-192,87,-12,-2,1]
[4096,-512,496,-25,31,-2,1]
[4096,-768,576,-71,36,-3,1]
[4096,-256,-144,81,-9,-1,1]
[14641,484,-78,4,1]
[4096,1024,448,137,28,4,1]
[2401,-441,113,-9,1]
[15625,-125,107,-1,1]
[15625,1750,276,14,1]
[729,648,306,107,34,8,1]
[15625,-3125,353,-25,1]
[256,0,-16,-24,9,-6,-1,0,1]
[16384,-1280,29,-10,1]
[256,0,23,0,1]
[256,192,112,64,29,16,7,3,1]
[512,0,48,-9,6,0,1]
[4096,768,-176,-119,-11,3,1]
[6561,-243,-56,-3,1]
[4096,-256,352,25,22,-1,1]
[14641,726,81,6,1]
[256,192,160,88,55,22,10,3,1]
[729,-324,81,-4,9,-4,1]
[14641,726,227,6,1]
[14641,1089,142,9,1]
[256,-320,224,-104,49,-26,14,-5,1]
[4096,-1792,704,-209,44,-7,1]
[256,320,272,184,99,46,17,5,1]
[4096,512,304,-7,19,2,1]
[15625,-2625,317,-21,1]
[6561,-891,155,-11,1]
[64,-80,60,-33,15,-5,1]
[4096,-1024,704,-107,44,-4,1]
[4096,1024,608,127,38,4,1]
[16384,384,-165,3,1]
[256,128,48,32,19,8,3,2,1]
[4096,-768,720,-89,45,-3,1]
[6561,-567,7,-7,1]
[15625,625,158,5,1]
[256,128,16,-32,-37,-8,1,2,1]
[4096,2048,880,237,55,8,1]
[1024,-32,-15,-1,1]
[4096,768,400,65,25,3,1]
[4096,64,27,1,1]
[4096,1280,112,-15,7,5,1]
[4096,256,224,-45,14,1,1]
[4096,-256,192,31,12,-1,1]
[6561,405,-29,5,1]
[4096,-4608,2464,-781,154,-18,1]
[15625,-375,-7,-3,1]
[14641,1331,115,11,1]
[512,-64,8,9,1,-1,1]
[16384,-2432,241,-19,1]
[729,-81,27,31,3,-1,1]
[4096,-1536,800,-177,50,-6,1]
[15625,2125,307,17,1]
[256,-128,16,4,3,1,1,-2,1]
[4096,1024,192,5,12,4,1]
[6561,-162,95,-2,1]
[15625,-1125,29,-9,1]
[729,81,27,50,3,1,1]
[64,32,12,3,3,2,1]
[16384,-512,147,-4,1]
[4096,-256,16,-45,1,-1,1]
[15625,-1625,211,-13,1]
[14641,-1452,273,-12,1]
[256,-192,112,-84,45,-21,7,-3,1]
[256,128,128,88,37,22,8,2,1]
[4096,1024,-48,-73,-3,4,1]
[256,0,0,-8,9,-2,0,0,1]
[4096,-128,89,-2,1]
[16384,-1536,89,-12,1]
[729,81,45,32,5,1,1]
[14641,-1452,205,-12,1]
[15625,-2375,197,-19,1]
[256,-128,48,28,-25,7,3,-2,1]
[4096,-768,560,-73,35,-3,1]
[14641,1936,214,16,1]
[6561,891,148,11,1]
[4096,-768,448,-41,28,-3,1]
[729,-243,108,-8,12,-3,1]
[4096,-2560,1024,-307,64,-10,1]
[4096,256,320,1,20,1,1]
[4096,768,96,9,6,3,1]
[4096,768,64,-25,4,3,1]
[4096,1792,16,-97,1,7,1]
[15625,-875,253,-7,1]
[16384,-1920,133,-15,1]
[729,-405,-18,50,-2,-5,1]
[512,-384,120,-29,15,-6,1]
[16384,-2304,265,-18,1]
[729,81,-18,-47,-2,1,1]
[256,64,-48,4,19,1,-3,1,1]
[4096,512,192,35,12,2,1]
[4096,-1536,560,-171,35,-6,1]
[14641,0,-54,0,1]
[16384,1792,245,14,1]
[14641,-242,48,-2,1]
[256,192,48,20,19,5,3,3,1]
[4096,768,-112,-49,-7,3,1]
[4096,256,288,-21,18,1,1]
[4096,256,512,3,32,1,1]
[4096,768,288,85,18,3,1]
[256,320,256,144,75,36,16,5,1]
[15625,3250,344,26,1]
[256,-192,48,56,-43,14,3,-3,1]
[14641,-242,85,-2,1]
[15625,1125,-43,9,1]
[14641,-2420,292,-20,1]
[4096,-512,-160,69,-10,-2,1]
[14641,-1452,97,-12,1]
[4096,-512,144,-1,9,-2,1]
[4096,-1280,576,-105,36,-5,1]
[256,64,96,32,33,8,6,1,1]
[256,-320,272,-152,81,-38,17,-5,1]
[4096,-768,0,-29,0,-3,1]
[4096,-256,0,45,0,-1,1]
[4096,768,208,15,13,3,1]
[6561,486,-10,6,1]
[256,-64,96,-4,23,-1,6,-1,1]
[4096,256,-96,-83,-6,1,1]
[16384,896,101,7,1]
[4096,-1024,-16,41,-1,-4,1]
[729,81,63,7,7,1,1]
[14641,-4235,545,-35,1]
[4096,3584,1744,527,109,14,1]
[15625,-375,216,-3,1]
[256,64,-96,-8,25,-2,-6,1,1]
[256,320,256,168,93,42,16,5,1]
[16384,-3712,451,-29,1]
[729,324,90,4,10,4,1]
[4096,-1792,384,-75,24,-7,1]
[6561,-2106,317,-26,1]
[16384,384,-131,3,1]
[15625,1500,201,12,1]
[4096,192,25,3,1]
[729,-243,99,-58,11,-3,1]
[4096,-768,128,-89,8,-3,1]
[14641,2420,284,20,1]
[729,-324,153,-61,17,-4,1]
[14641,242,-185,2,1]
[729,324,153,44,17,4,1]
[1024,128,53,4,1]
[256,-128,16,40,-23,10,1,-2,1]
[15625,-1125,106,-9,1]
[256,-384,320,-224,129,-56,20,-6,1]
[6561,1215,148,15,1]
[16384,-128,159,-1,1]
[2401,0,-16,0,1]
[256,-64,-128,12,39,3,-8,-1,1]
[16384,-1792,147,-14,1]
[4096,1280,160,39,10,5,1]
[4096,1280,560,103,35,5,1]
[729,0,63,16,7,0,1]
[4096,512,384,71,24,2,1]
[15625,750,223,6,1]
[256,-64,-96,0,39,0,-6,-1,1]
[16384,0,223,0,1]
[4096,1792,128,-57,8,7,1]
[4096,-768,-128,47,-8,-3,1]
[2401,392,16,8,1]
[16384,-2560,323,-20,1]
[4096,256,-16,-35,-1,1,1]
[256,0,64,52,-3,13,4,0,1]
[6561,-729,121,-9,1]
[729,-567,288,-100,32,-7,1]
[15625,2750,317,22,1]
[15625,2625,278,21,1]
[512,64,72,13,9,1,1]
[15625,-1875,104,-15,1]
[512,0,56,7,7,0,1]
[512,128,144,21,18,2,1]
[512,-640,424,-181,53,-10,1]
[256,-128,35,-8,1]
[4096,1024,160,39,10,4,1]
[729,0,-18,40,-2,0,1]
[512,0,40,-19,5,0,1]
[16384,-128,123,-1,1]
[14641,121,91,1,1]
[256,-128,32,-32,31,-8,2,-2,1]
[4096,256,-224,-37,-14,1,1]
[15625,-3125,406,-25,1]
[4096,-1024,185,-16,1]
[6561,2430,382,30,1]
[256,128,0,24,25,6,0,2,1]
[4096,-1792,656,-147,41,-7,1]
[625,-25,2,-1,1]
[15625,2625,257,21,1]
[4096,-2304,912,-289,57,-9,1]
[2401,196,45,4,1]
[256,-320,256,-180,105,-45,16,-5,1]
[4096,768,400,107,25,3,1]
[4096,1280,480,141,30,5,1]
[4096,-768,73,-12,1]
[14641,2057,214,17,1]
[15625,-1000,157,-8,1]
[256,64,16,24,27,6,1,1,1]
[256,-256,112,12,-21,3,7,-4,1]
[4096,768,71,12,1]
[4096,2304,1008,281,63,9,1]
[256,0,16,4,-19,1,1,0,1]
[16384,-2560,227,-20,1]
[4096,-1024,48,-7,3,-4,1]
[15625,1250,191,10,1]
[4096,-960,151,-15,1]
[4096,-512,16,-41,1,-2,1]
[4096,1280,96,-17,6,5,1]
[14641,2178,282,18,1]
[4096,-1280,160,7,10,-5,1]
[2401,588,128,12,1]
[256,128,0,-20,-15,-5,0,2,1]
[256,-64,80,-20,15,-5,5,-1,1]
[512,128,72,13,9,2,1]
[4096,320,83,5,1]
[256,-128,208,-80,73,-20,13,-2,1]
[256,-64,-48,8,17,2,-3,-1,1]
[256,-192,128,-68,27,-17,8,-3,1]
[512,320,56,-1,7,5,1]
[256,320,256,136,71,34,16,5,1]
[512,-512,264,-101,33,-8,1]
[256,0,-48,8,21,2,-3,0,1]
[14641,1573,244,13,1]
[14641,0,-64,0,1]
[4096,-512,144,-135,9,-2,1]
[729,-810,486,-190,54,-10,1]
[2401,-98,-64,-2,1]
[4096,1536,256,25,16,6,1]
[14641,3025,316,25,1]
[15625,-750,117,-6,1]
[6561,81,-113,1,1]
[256,-384,384,-284,157,-71,24,-6,1]
[4096,1024,128,49,8,4,1]
[14641,1452,74,12,1]
[4096,2304,128,-97,8,9,1]
[4096,-2304,832,-251,52,-9,1]
[256,256,128,64,37,16,8,4,1]
[4096,1024,176,49,11,4,1]
[4096,1536,656,187,41,6,1]
[256,64,64,-40,-7,-10,4,1,1]
[15625,3000,298,24,1]
[729,-324,9,16,1,-4,1]
[4096,-256,-64,21,-4,-1,1]
[14641,-605,-128,-5,1]
[256,64,64,16,9,4,4,1,1]
[729,-162,-36,35,-4,-2,1]
[4096,2048,784,219,49,8,1]
[4096,-1024,544,-99,34,-4,1]
[14641,847,161,7,1]
[256,64,48,32,-5,8,3,1,1]
[4096,768,-160,-101,-10,3,1]
[4096,-1536,-144,151,-9,-6,1]
[6561,648,91,8,1]
[81,0,16,0,1]
[4096,1024,160,15,10,4,1]
[512,0,80,-7,10,0,1]
[14641,605,24,5,1]
[14641,-847,201,-7,1]
[256,192,96,12,5,3,6,3,1]
[4096,2304,800,239,50,9,1]
[2401,245,26,5,1]
[16384,0,53,0,1]
[14641,1210,114,10,1]
[16384,0,-145,0,1]
[512,192,8,-13,1,3,1]
[6561,405,130,5,1]
[256,128,128,96,37,24,8,2,1]
[256,64,64,16,15,4,4,1,1]
[4096,256,464,41,29,1,1]
[256,-64,32,-28,-1,-7,2,-1,1]
[729,81,-9,13,-1,1,1]
[512,-128,-24,5,-3,-2,1]
[256,128,48,20,9,5,3,2,1]
[4096,-768,384,-85,24,-3,1]
[4096,-2816,992,-257,62,-11,1]
[16384,-768,239,-6,1]
[14641,242,30,2,1]
[14641,1815,108,15,1]
[4096,256,368,-5,23,1,1]
[729,-648,315,-119,35,-8,1]
[1024,-256,43,-8,1]
[4096,-512,288,-27,18,-2,1]
[4096,384,13,6,1]
[256,-320,240,-108,51,-27,15,-5,1]
[729,81,36,25,4,1,1]
[4096,1024,352,115,22,4,1]
[4096,3328,1216,317,76,13,1]
[14641,2057,157,17,1]
[256,320,192,56,15,14,12,5,1]
[2401,882,177,18,1]
[4096,1536,192,1,12,6,1]
[4096,256,-96,-81,-6,1,1]
[4096,-512,528,-63,33,-2,1]
[256,256,128,36,11,9,8,4,1]
[4096,256,448,31,28,1,1]
[4096,2048,576,151,36,8,1]
[4096,-896,117,-14,1]
[4096,-768,-80,29,-5,-3,1]
[15625,125,98,1,1]
[4096,-2560,1120,-309,70,-10,1]
[256,0,16,-24,-5,-6,1,0,1]
[4096,1792,384,93,24,7,1]
[256,128,32,-40,-25,-10,2,2,1]
[729,243,72,25,8,3,1]
[4096,2048,720,165,45,8,1]
[14641,-1331,260,-11,1]
[16384,128,185,1,1]
[256,128,64,0,3,0,4,2,1]
[729,0,99,16,11,0,1]
[15625,1375,119,11,1]
[14641,1694,245,14,1]
[4096,1280,416,81,26,5,1]
[4096,512,-16,43,-1,2,1]
[625,0,23,0,1]
[4096,-768,272,-63,17,-3,1]
[4096,256,416,-3,26,1,1]
[15625,-1250,26,-10,1]
[256,-64,80,-64,15,-16,5,-1,1]
[16384,-384,21,-3,1]
[6561,972,119,12,1]
[512,448,208,73,26,7,1]
[256,0,48,-28,-1,-7,3,0,1]
[16384,1280,153,10,1]
[729,405,126,25,14,5,1]
[16384,-512,245,-4,1]
[4096,256,128,41,8,1,1]
[4096,0,544,19,34,0,1]
[4096,1024,224,-1,14,4,1]
[4096,-2560,976,-287,61,-10,1]
[256,-128,112,-44,21,-11,7,-2,1]
[512,64,-24,-25,-3,1,1]
[15625,-125,52,-1,1]
[14641,-2783,289,-23,1]
[2401,196,82,4,1]
[64,32,28,7,7,2,1]
[512,128,40,21,5,2,1]
[256,192,176,76,51,19,11,3,1]
[256,-192,64,4,-15,1,4,-3,1]
[4096,-768,-192,117,-12,-3,1]
[4096,0,432,35,27,0,1]
[4096,-1792,400,-69,25,-7,1]
[256,64,-48,-16,-1,-4,-3,1,1]
[6561,2106,325,26,1]
[512,-384,208,-79,26,-6,1]
[14641,363,225,3,1]
[4096,1536,656,131,41,6,1]
[512,192,96,49,12,3,1]
[256,64,16,-12,-19,-3,1,1,1]
[6561,1863,293,23,1]
[256,-192,144,-72,41,-18,9,-3,1]
[14641,3388,425,28,1]
[14641,2057,203,17,1]
[4096,-1280,-64,93,-4,-5,1]
[256,-64,96,-16,27,-4,6,-1,1]
[14641,121,148,1,1]
[15625,-375,-116,-3,1]
[14641,-968,202,-8,1]
[256,64,-80,4,39,1,-5,1,1]
[6561,-243,49,-3,1]
[256,320,224,132,71,33,14,5,1]
[16384,1408,33,11,1]
[14641,-847,43,-7,1]
[4096,-1792,800,-209,50,-7,1]
[512,64,48,25,6,1,1]
[15625,625,127,5,1]
[4096,-256,-176,1,-11,-1,1]
[6561,405,157,5,1]
[4096,1792,480,91,30,7,1]
[512,256,72,7,9,4,1]
[14641,-968,62,-8,1]
[4096,-512,0,-25,0,-2,1]
[4096,-256,112,31,7,-1,1]
[729,-243,99,-46,11,-3,1]
[729,567,243,79,27,7,1]
[512,64,80,15,10,1,1]
[4096,1280,128,27,8,5,1]
[4096,512,-176,-77,-11,2,1]
[729,243,36,11,4,3,1]
[729,0,63,-14,7,0,1]
[15625,250,182,2,1]
[14641,1694,211,14,1]
[4096,1536,512,189,32,6,1]
[4096,1280,208,69,13,5,1]
[14641,2662,295,22,1]
[256,64,0,4,25,1,0,1,1]
[4096,-1280,416,-115,26,-5,1]
[729,405,126,38,14,5,1]
[512,-192,-32,35,-4,-3,1]
[15625,1375,121,11,1]
[4096,2304,528,87,33,9,1]
[256,-64,48,36,-11,9,3,-1,1]
[256,-64,-16,32,-1,8,-1,-1,1]
[729,162,19,6,1]
[15625,500,-127,4,1]
[4096,-1024,640,-129,40,-4,1]
[256,192,144,92,49,23,9,3,1]
[2401,-49,41,-1,1]
[4096,-1024,400,-51,25,-4,1]
[729,81,63,5,7,1,1]
[729,81,81,20,9,1,1]
[4096,0,-128,59,-8,0,1]
[256,0,48,-20,17,-5,3,0,1]
[4096,1280,368,127,23,5,1]
[256,128,32,28,33,7,2,2,1]
[4096,-2048,960,-241,60,-8,1]
[4096,2048,880,219,55,8,1]
[2401,-98,89,-2,1]
[256,192,96,48,33,12,6,3,1]
[4096,-1536,512,-155,32,-6,1]
[16384,512,-9,4,1]
[15625,0,-124,0,1]
[14641,726,210,6,1]
[512,-192,88,-33,11,-3,1]
[4096,1792,528,161,33,7,1]
[256,-64,-16,-4,25,-1,-1,-1,1]
[4096,1280,320,119,20,5,1]
[4096,-256,720,-33,45,-1,1]
[4096,-2048,576,-133,36,-8,1]
[4096,0,-160,37,-10,0,1]
[14641,605,73,5,1]
[15625,-2500,201,-20,1]
[4096,-1024,624,-129,39,-4,1]
[256,128,-32,-20,-3,-5,-2,2,1]
[729,162,99,16,11,2,1]
[512,-576,360,-149,45,-9,1]
[15625,2250,283,18,1]
[14641,4719,622,39,1]
[4096,-2304,848,-241,53,-9,1]
[16384,-1280,207,-10,1]
[4096,0,-64,-69,-4,0,1]
[4096,2560,1136,319,71,10,1]
[4096,2816,1024,283,64,11,1]
[4096,1280,32,-55,2,5,1]
[4096,-1280,0,55,0,-5,1]
[729,162,171,41,19,2,1]
[256,-192,112,-56,17,-14,7,-3,1]
[512,320,208,73,26,5,1]
[729,0,-9,17,-1,0,1]
[4096,768,16,-85,1,3,1]
[14641,2783,300,23,1]
[4096,1536,48,-69,3,6,1]
[256,0,80,-8,15,-2,5,0,1]
[256,64,-96,-16,17,-4,-6,1,1]
[256,320,192,52,11,13,12,5,1]
[4096,2304,784,229,49,9,1]
[4096,0,352,11,22,0,1]
[256,0,16,4,27,1,1,0,1]
[256,192,64,44,35,11,4,3,1]
[15625,-375,161,-3,1]
[14641,-1210,-6,-10,1]
[256,-64,-64,8,19,2,-4,-1,1]
[512,0,0,23,0,0,1]
[15625,1000,89,8,1]
[4096,3072,1136,305,71,12,1]
[729,135,44,5,1]
[256,128,-32,-16,1,-4,-2,2,1]
[729,-324,-9,41,-1,-4,1]
[4096,-256,-32,-21,-2,-1,1]
[4096,512,80,77,5,2,1]
[16384,1792,299,14,1]
[4096,-1024,32,37,2,-4,1]
[14641,605,214,5,1]
[256,0,-48,0,33,0,-3,0,1]
[15625,-1125,59,-9,1]
[4096,-768,-16,91,-1,-3,1]
[4096,512,240,-29,15,2,1]
[4096,1024,240,7,15,4,1]
[4096,-128,81,-2,1]
[16384,-512,-83,-4,1]
[4096,-128,-79,-2,1]
[15625,875,32,7,1]
[4096,-768,144,-57,9,-3,1]
[729,-81,99,-2,11,-1,1]
[512,-576,320,-125,40,-9,1]
[6561,243,-52,3,1]
[15625,1625,199,13,1]
[4096,-256,64,5,4,-1,1]
[729,189,50,7,1]
[4096,768,-144,-81,-9,3,1]
[512,-128,-48,23,-6,-2,1]
[729,81,99,23,11,1,1]
[4096,768,32,-21,2,3,1]
[4096,512,64,89,4,2,1]
[512,64,-8,-5,-1,1,1]
[16384,-1792,99,-14,1]
[4096,768,224,73,14,3,1]
[512,128,-24,-39,-3,2,1]
[4096,2048,768,191,48,8,1]
[4096,256,256,81,16,1,1]
[4096,1024,336,43,21,4,1]
[4096,256,17,4,1]
[729,405,189,61,21,5,1]
[4096,1792,352,75,22,7,1]
[256,128,96,16,11,4,6,2,1]
[6561,-162,-67,-2,1]
[4096,-768,256,9,16,-3,1]
[4096,1280,416,173,26,5,1]
[4096,512,-160,-83,-10,2,1]
[4096,512,176,-13,11,2,1]
[16384,1152,31,9,1]
[15625,375,139,3,1]
[4096,-768,224,-117,14,-3,1]
[14641,-1815,277,-15,1]
[256,-64,96,-44,27,-11,6,-1,1]
[2401,-49,-18,-1,1]
[256,0,-48,0,1,0,-3,0,1]
[14641,1210,14,10,1]
[256,0,64,-24,13,-6,4,0,1]
[729,-324,117,-44,13,-4,1]
[6561,-81,-56,-1,1]
[6561,-891,125,-11,1]
[4096,-256,-16,-83,-1,-1,1]
[16384,3200,371,25,1]
[4096,0,352,43,22,0,1]
[4096,-1024,560,-77,35,-4,1]
[16384,-1664,195,-13,1]
[256,320,336,236,135,59,21,5,1]
[15625,-1375,72,-11,1]
[16384,-768,263,-6,1]
[256,256,176,92,39,23,11,4,1]
[6561,81,155,1,1]
[729,-162,-9,22,-1,-2,1]
[625,-100,3,-4,1]
[625,50,34,2,1]
[256,-64,64,-56,17,-14,4,-1,1]
[4096,768,224,131,14,3,1]
[256,192,96,48,25,12,6,3,1]
[15625,-375,73,-3,1]
[256,-128,0,28,-7,7,0,-2,1]
[4096,-2048,336,-31,21,-8,1]
[256,-64,0,16,-27,4,0,-1,1]
[6561,405,-65,5,1]
[729,0,9,-49,1,0,1]
[14641,1452,167,12,1]
[4096,-1024,240,-79,15,-4,1]
[6561,-648,134,-8,1]
[4096,-256,400,-41,25,-1,1]
[256,128,48,32,15,8,3,2,1]
[14641,-4235,538,-35,1]
[4096,-512,144,-115,9,-2,1]
[729,243,36,10,4,3,1]
[256,-128,32,24,-19,6,2,-2,1]
[256,128,32,0,9,0,2,2,1]
[6561,729,137,9,1]
[14641,-1573,102,-13,1]
[729,-405,-9,49,-1,-5,1]
[256,192,32,-52,-39,-13,2,3,1]
[15625,1125,203,9,1]
[4096,512,48,85,3,2,1]
[256,0,0,-8,-21,-2,0,0,1]
[4096,0,224,33,14,0,1]
[15625,-625,237,-5,1]
[729,486,234,97,26,6,1]
[256,-64,32,-20,-3,-5,2,-1,1]
[4096,-3072,1376,-405,86,-12,1]
[4096,-512,-224,51,-14,-2,1]
[4096,256,64,79,4,1,1]
[4096,1792,576,149,36,7,1]
[6561,1296,178,16,1]
[256,0,32,8,-7,2,2,0,1]
[729,-81,153,-20,17,-1,1]
[14641,1815,247,15,1]
[4096,-1280,304,-41,19,-5,1]
[729,486,252,86,28,6,1]
[4096,-256,-48,-57,-3,-1,1]
[4096,-1280,512,-137,32,-5,1]
[15625,-1000,68,-8,1]
[256,-128,-32,-8,29,-2,-2,-2,1]
[4096,-768,-16,31,-1,-3,1]
[4096,-256,80,-65,5,-1,1]
[15625,-1125,212,-9,1]
[512,-64,40,-23,5,-1,1]
[4096,2560,1056,307,66,10,1]
[729,54,-8,2,1]
[729,324,126,55,14,4,1]
[729,243,27,16,3,3,1]
[4096,1792,816,195,51,7,1]
[256,0,0,-8,11,-2,0,0,1]
[4096,0,208,77,13,0,1]
[256,256,144,40,13,10,9,4,1]
[4096,1536,368,41,23,6,1]
[512,192,-56,-45,-7,3,1]
[4096,1536,128,-13,8,6,1]
[256,-128,64,-4,9,-1,4,-2,1]
[15625,3750,422,30,1]
[256,128,-48,-20,11,-5,-3,2,1]
[729,-162,-36,46,-4,-2,1]
[4096,-1536,544,-175,34,-6,1]
[512,64,72,31,9,1,1]
[4096,256,352,29,22,1,1]
[14641,1089,257,9,1]
[4096,1280,432,73,27,5,1]
[4096,0,432,-25,27,0,1]
[14641,1331,258,11,1]
[729,405,198,71,22,5,1]
[15625,3000,384,24,1]
[15625,-3000,371,-24,1]
[15625,3750,421,30,1]
[16384,-1280,257,-10,1]
[729,0,-47,0,1]
[256,-64,48,-20,27,-5,3,-1,1]
[15625,875,23,7,1]
[14641,605,-61,5,1]
[256,0,64,4,7,1,4,0,1]
[4096,-256,176,-77,11,-1,1]
[256,-128,96,-64,19,-16,6,-2,1]
[2401,-196,60,-4,1]
[6561,-162,-19,-2,1]
[4096,-1024,240,-27,15,-4,1]
[4096,-896,115,-14,1]
[256,-128,96,-48,19,-12,6,-2,1]
[2401,-245,-27,-5,1]
[4096,-2048,752,-213,47,-8,1]
[4096,-768,-80,45,-5,-3,1]
[729,-567,234,-74,26,-7,1]
[14641,3146,365,26,1]
[729,-324,36,4,4,-4,1]
[15625,750,-54,6,1]
[256,-256,240,-148,87,-37,15,-4,1]
[16384,-2304,333,-18,1]
[512,128,32,-19,4,2,1]
[256,-64,48,-16,25,-4,3,-1,1]
[4096,-1536,80,57,5,-6,1]
[14641,2178,160,18,1]
[14641,-2904,354,-24,1]
[4096,1088,193,17,1]
[14641,-1210,-15,-10,1]
[4096,512,176,65,11,2,1]
[512,256,112,49,14,4,1]
[14641,-484,31,-4,1]
[14641,-2299,191,-19,1]
[4096,-768,-208,117,-13,-3,1]
[4096,0,-160,11,-10,0,1]
[4096,-704,81,-11,1]
[4096,-256,48,63,3,-1,1]
[6561,-891,85,-11,1]
[4096,-1024,256,-61,16,-4,1]
[4096,512,16,-91,1,2,1]
[4096,0,80,-5,5,0,1]
[256,0,112,12,31,3,7,0,1]
[2401,539,75,11,1]
[256,320,256,176,103,44,16,5,1]
[729,162,63,44,7,2,1]
[4096,-1536,240,-31,15,-6,1]
[15625,250,216,2,1]
[256,160,51,10,1]
[4096,768,160,41,10,3,1]
[729,162,45,23,5,2,1]
[256,-64,64,-12,23,-3,4,-1,1]
[4096,256,-192,-37,-12,1,1]
[256,-256,64,16,-15,4,4,-4,1]
[4096,-256,0,37,0,-1,1]
[14641,726,-29,6,1]
[15625,1125,118,9,1]
[4096,-1792,640,-205,40,-7,1]
[256,64,128,48,33,12,8,1,1]
[15625,-750,36,-6,1]
[16384,1664,171,13,1]
[256,64,-128,0,49,0,-8,1,1]
[4096,1792,768,187,48,7,1]
[729,-243,135,-23,15,-3,1]
[16384,-384,-125,-3,1]
[6561,-810,124,-10,1]
[4096,512,-64,1,-4,2,1]
[16384,640,127,5,1]
[512,128,56,17,7,2,1]
[4096,-2048,560,-107,35,-8,1]
[6561,2106,310,26,1]
[4096,-3072,1440,-425,90,-12,1]
[15625,-1000,36,-8,1]
[2401,588,131,12,1]
[4096,-512,-208,75,-13,-2,1]
[512,-256,184,-53,23,-4,1]
[729,-243,27,-16,3,-3,1]
[4096,-768,224,-129,14,-3,1]
[729,243,18,8,2,3,1]
[4096,0,-112,61,-7,0,1]
[256,128,16,-8,-13,-2,1,2,1]
[729,-567,297,-121,33,-7,1]
[15625,-3000,338,-24,1]
[14641,-726,19,-6,1]
[4096,2560,688,147,43,10,1]
[256,0,64,-28,15,-7,4,0,1]
[625,50,29,2,1]
[4096,-1536,736,-191,46,-6,1]
[4096,1024,352,107,22,4,1]
[256,128,32,36,37,9,2,2,1]
[256,256,96,8,-5,2,6,4,1]
[4096,-256,-80,-13,-5,-1,1]
[15625,-2125,264,-17,1]
[256,0,32,0,3,0,2,0,1]
[256,-192,32,-40,41,-10,2,-3,1]
[4096,-1024,432,-129,27,-4,1]
[1024,-160,17,-5,1]
[256,128,16,8,9,2,1,2,1]
[256,-128,64,-40,35,-10,4,-2,1]
[4096,512,240,45,15,2,1]
[729,162,90,23,10,2,1]
[6561,729,31,9,1]
[4096,384,117,6,1]
[15625,2125,154,17,1]
[256,192,48,-48,-45,-12,3,3,1]
[4096,-768,368,-41,23,-3,1]
[14641,-121,-120,-1,1]
[4096,0,-128,17,-8,0,1]
[4096,2048,448,85,28,8,1]
[16384,-3072,295,-24,1]
[512,64,72,27,9,1,1]
[4096,1024,16,-27,1,4,1]
[15625,2125,213,17,1]
[4096,1536,112,-29,7,6,1]
[4096,512,48,-55,3,2,1]
[256,0,128,-8,37,-2,8,0,1]
[15625,-750,127,-6,1]
[4096,256,-49,4,1]
[4096,0,144,-53,9,0,1]
[4096,256,0,95,0,1,1]
[729,243,81,47,9,3,1]
[15625,-1875,138,-15,1]
[4096,3328,1536,455,96,13,1]
[14641,2662,279,22,1]
[4096,-1024,560,-99,35,-4,1]
[14641,-3267,353,-27,1]
[1024,0,-17,0,1]
[729,-324,198,-68,22,-4,1]
[729,0,135,-1,15,0,1]
[4096,-768,240,-109,15,-3,1]
[4096,128,45,2,1]
[4096,-512,-160,79,-10,-2,1]
[4096,1792,576,133,36,7,1]
[4096,768,352,23,22,3,1]
[6561,-81,-76,-1,1]
[729,243,63,8,7,3,1]
[6561,0,20,0,1]
[14641,-121,115,-1,1]
[14641,-2904,379,-24,1]
[729,486,270,94,30,6,1]
[256,-64,16,-12,-7,-3,1,-1,1]
[4096,1024,208,-5,13,4,1]
[4096,128,33,2,1]
[256,0,48,-44,-5,-11,3,0,1]
[4096,768,256,35,16,3,1]
[729,81,45,16,5,1,1]
[512,256,184,59,23,4,1]
[14641,-605,-47,-5,1]
[256,-64,16,24,-19,6,1,-1,1]
[4096,1024,128,57,8,4,1]
[15625,-1750,118,-14,1]
[14641,2904,344,24,1]
[256,-192,80,-4,-7,-1,5,-3,1]
[15625,-500,213,-4,1]
[16384,-1408,99,-11,1]
[256,-64,-32,-4,11,-1,-2,-1,1]
[729,-81,90,4,10,-1,1]
[512,-320,232,-77,29,-5,1]
[4096,768,144,101,9,3,1]
[256,-64,80,4,9,1,5,-1,1]
[6561,324,-71,4,1]
[729,324,-63,-68,-7,4,1]
[6561,-243,-50,-3,1]
[729,0,-45,-5,-5,0,1]
[4096,-1280,-16,65,-1,-5,1]
[4096,256,-96,11,-6,1,1]
[729,-81,-18,-1,-2,-1,1]
[15625,-625,-14,-5,1]
[4096,-1536,624,-177,39,-6,1]
[256,0,96,-20,23,-5,6,0,1]
[6561,-162,139,-2,1]
[256,256,256,144,89,36,16,4,1]
[4096,768,-176,-121,-11,3,1]
[6561,-1296,184,-16,1]
[256,256,128,28,7,7,8,4,1]
[512,0,-16,-27,-2,0,1]
[4096,0,528,21,33,0,1]
[4096,-768,272,-25,17,-3,1]
[4096,-1280,-32,61,-2,-5,1]
[14641,0,34,0,1]
[14641,242,52,2,1]
[16384,640,-13,5,1]
[4096,512,192,-1,12,2,1]
[512,-64,176,-15,22,-1,1]
[256,192,96,20,-1,5,6,3,1]
[4096,-2048,960,-245,60,-8,1]
[256,320,176,80,41,20,11,5,1]
[14641,3267,416,27,1]
[512,64,32,13,4,1,1]
[4096,0,112,-65,7,0,1]
[256,128,-16,8,19,2,-1,2,1]
[4096,256,96,97,6,1,1]
[4096,-256,352,-65,22,-1,1]
[256,192,224,116,79,29,14,3,1]
[4096,-1024,240,-33,15,-4,1]
[256,256,192,116,55,29,12,4,1]
[4096,512,-160,-57,-10,2,1]
[4096,-256,176,-83,11,-1,1]
[6561,-648,82,-8,1]
[14641,2420,270,20,1]
[14641,-1815,298,-15,1]
[4096,1024,288,41,18,4,1]
[4096,1280,560,151,35,5,1]
[4096,1024,480,131,30,4,1]
[4096,768,-160,-127,-10,3,1]
[4096,2560,704,159,44,10,1]
[256,-256,128,-96,67,-24,8,-4,1]
[729,-405,171,-52,19,-5,1]
[4096,2304,592,113,37,9,1]
[14641,0,-164,0,1]
[14641,-242,-83,-2,1]
[2401,147,67,3,1]
[4096,768,161,12,1]
[15625,1125,-47,9,1]
[4096,-1280,16,51,1,-5,1]
[4096,-1024,288,-71,18,-4,1]
[15625,-500,-153,-4,1]
[256,64,32,16,-7,4,2,1,1]
[14641,-2662,271,-22,1]
[6561,81,-4,1,1]
[256,320,288,192,107,48,18,5,1]
[1024,32,-17,1,1]
[4096,-256,304,-3,19,-1,1]
[256,-64,0,-4,-9,-1,0,-1,1]
[4096,-768,176,-49,11,-3,1]
[6561,-1458,163,-18,1]
[4096,3328,1392,403,87,13,1]
[4096,0,-48,15,-3,0,1]
[15625,250,172,2,1]
[729,729,369,133,41,9,1]
[16384,1664,89,13,1]
[729,-243,171,-50,19,-3,1]
[256,-512,560,-424,241,-106,35,-8,1]
[256,-64,96,12,17,3,6,-1,1]
[256,192,48,-20,-27,-5,3,3,1]
[4096,-512,448,-55,28,-2,1]
[4096,-1024,640,-105,40,-4,1]
[16384,384,55,3,1]
[4096,768,-48,-85,-3,3,1]
[15625,-875,57,-7,1]
[1024,416,105,13,1]
[15625,375,46,3,1]
[14641,-968,-34,-8,1]
[4096,-1792,160,31,10,-7,1]
[16384,1408,247,11,1]
[4096,1792,48,-77,3,7,1]
[15625,3250,418,26,1]
[729,0,63,-1,7,0,1]
[4096,1024,656,109,41,4,1]
[15625,1000,121,8,1]
[1024,-32,27,-1,1]
[256,256,144,76,39,19,9,4,1]
[6561,-162,-107,-2,1]
[4096,1792,592,183,37,7,1]
[15625,-375,193,-3,1]
[16384,1152,267,9,1]
[729,-162,108,-19,12,-2,1]
[16384,-1920,179,-15,1]
[15625,0,191,0,1]
[4096,512,192,69,12,2,1]
[15625,-375,167,-3,1]
[4096,0,480,-21,30,0,1]
[6561,-567,167,-7,1]
[4096,-1024,368,-51,23,-4,1]
[4096,1280,384,49,24,5,1]
[4096,-256,224,-11,14,-1,1]
[4096,0,192,-73,12,0,1]
[16384,768,11,6,1]
[4096,1280,672,161,42,5,1]
[14641,121,-106,1,1]
[14641,-2662,336,-22,1]
[15625,1500,38,12,1]
[729,0,54,29,6,0,1]
[16384,-1280,-13,-10,1]
[256,-192,160,-48,33,-12,10,-3,1]
[4096,0,-55,0,1]
[4096,192,-23,3,1]
[4096,-512,240,-5,15,-2,1]
[15625,3750,461,30,1]
[729,729,414,158,46,9,1]
[729,-891,558,-227,62,-11,1]
[14641,-726,1,-6,1]
[4096,-1280,576,-109,36,-5,1]
[4096,-256,432,-7,27,-1,1]
[256,256,256,176,97,44,16,4,1]
[256,-64,16,28,-25,7,1,-1,1]
[4096,-256,89,-4,1]
[256,64,64,48,11,12,4,1,1]
[4096,3328,1440,429,90,13,1]
[512,64,0,-1,0,1,1]
[15625,-3875,472,-31,1]
[4096,-768,-192,71,-12,-3,1]
[15625,2625,318,21,1]
[4096,768,80,-67,5,3,1]
[15625,500,154,4,1]
[729,243,-27,-37,-3,3,1]
[4096,-1024,624,-103,39,-4,1]
[16384,-1024,61,-8,1]
[4096,-1792,816,-219,51,-7,1]
[729,486,234,83,26,6,1]
[256,-320,112,32,-39,8,7,-5,1]
[4096,-1280,464,-119,29,-5,1]
[4096,1280,224,43,14,5,1]
[16384,512,65,4,1]
[4096,-768,-80,49,-5,-3,1]
[15625,-1250,-16,-10,1]
[6561,-81,151,-1,1]
[4096,-256,80,-5,5,-1,1]
[729,243,180,35,20,3,1]
[256,128,160,76,55,19,10,2,1]
[15625,625,133,5,1]
[4096,-1536,352,-35,22,-6,1]
[14641,-1331,119,-11,1]
[4096,1280,400,133,25,5,1]
[4096,256,48,-35,3,1,1]
[14641,847,76,7,1]
[4096,-768,592,-97,37,-3,1]
[16384,1024,193,8,1]
[729,162,108,34,12,2,1]
[4096,512,624,57,39,2,1]
[4096,2560,752,183,47,10,1]
[15625,-1750,292,-14,1]
[512,64,32,3,4,1,1]
[256,0,32,16,13,4,2,0,1]
[4096,-256,-64,3,-4,-1,1]
[729,-729,450,-178,50,-9,1]
[4096,256,-64,-13,-4,1,1]
[729,-243,18,-8,2,-3,1]
[16384,3584,447,28,1]
[4096,1024,288,97,18,4,1]
[16384,-512,-133,-4,1]
[16384,640,189,5,1]
[15625,2875,329,23,1]
[729,-162,54,-8,6,-2,1]
[4096,512,272,45,17,2,1]
[256,-256,208,-116,65,-29,13,-4,1]
[16384,1024,-49,8,1]
[256,-192,0,-16,33,-4,0,-3,1]
[15625,0,-176,0,1]
[4096,-1024,96,-33,6,-4,1]
[2401,-539,93,-11,1]
[6561,729,1,9,1]
[15625,-2750,322,-22,1]
[256,-64,48,32,-7,8,3,-1,1]
[4096,256,-128,-21,-8,1,1]
[4096,768,-176,-97,-11,3,1]
[256,192,80,60,37,15,5,3,1]
[256,128,64,-8,1,-2,4,2,1]
[4096,768,432,71,27,3,1]
[256,64,64,40,5,10,4,1,1]
[14641,-363,-94,-3,1]
[4096,0,128,87,8,0,1]
[729,0,189,-4,21,0,1]
[4096,-256,512,-9,32,-1,1]
[14641,121,-157,1,1]
[4096,-1536,720,-153,45,-6,1]
[4096,256,-112,31,-7,1,1]
[256,64,-32,-16,-9,-4,-2,1,1]
[729,324,54,-11,6,4,1]
[2401,0,41,0,1]
[256,-128,144,-84,45,-21,9,-2,1]
[4096,-512,80,-67,5,-2,1]
[729,486,108,16,12,6,1]
[15625,1125,88,9,1]
[16384,384,85,3,1]
[4096,-512,496,-79,31,-2,1]
[4096,128,-69,2,1]
[256,-128,32,-32,21,-8,2,-2,1]
[14641,2178,303,18,1]
[15625,-3125,359,-25,1]
[2401,637,120,13,1]
[2401,-49,69,-1,1]
[2401,-392,69,-8,1]
[4096,-512,0,31,0,-2,1]
[15625,2000,202,16,1]
[14641,-968,70,-8,1]
[4096,1792,80,-71,5,7,1]
[4096,256,336,-1,21,1,1]
[4096,1024,163,16,1]
[14641,0,3,0,1]
[16384,896,-93,7,1]
[729,-405,108,-28,12,-5,1]
[15625,4125,511,33,1]
[14641,121,-113,1,1]
[4096,512,320,3,20,2,1]
[256,64,16,16,9,4,1,1,1]
[256,-64,144,-24,47,-6,9,-1,1]
[15625,500,-109,4,1]
[2401,196,-15,4,1]
[729,324,189,71,21,4,1]
[4096,512,128,-7,8,2,1]
[4096,-1536,352,-93,22,-6,1]
[2401,-735,137,-15,1]
[729,0,126,4,14,0,1]
[4096,1792,592,157,37,7,1]
[4096,1024,32,-47,2,4,1]
[15625,-3625,404,-29,1]
[4096,-448,27,-7,1]
[14641,968,1,8,1]
[4096,256,16,51,1,1,1]
[729,-243,135,-38,15,-3,1]
[256,128,0,-8,-7,-2,0,2,1]
[729,-81,126,-10,14,-1,1]
[4096,512,16,-97,1,2,1]
[512,-128,32,11,4,-2,1]
[729,324,108,53,12,4,1]
[256,64,0,20,31,5,0,1,1]
[6561,-324,29,-4,1]
[256,128,48,32,27,8,3,2,1]
[256,192,64,-20,-21,-5,4,3,1]
[64,48,12,1,3,3,1]
[4096,-256,128,9,8,-1,1]
[16384,-256,129,-2,1]
[256,-128,64,8,3,2,4,-2,1]
[729,-405,207,-65,23,-5,1]
[256,-192,32,40,-31,10,2,-3,1]
[16384,768,173,6,1]
[4096,-3584,1648,-497,103,-14,1]
[4096,256,288,67,18,1,1]
[512,64,8,17,1,1,1]
[4096,1792,336,71,21,7,1]
[729,162,99,37,11,2,1]
[256,0,32,20,-1,5,2,0,1]
[4096,1216,199,19,1]
[15625,-750,2,-6,1]
[14641,-3751,474,-31,1]
[4096,2304,848,231,53,9,1]
[4096,-1024,336,-123,21,-4,1]
[4096,320,-19,5,1]
[512,0,64,-13,8,0,1]
[256,128,128,52,41,13,8,2,1]
[15625,-3250,403,-26,1]
[512,-64,48,15,6,-1,1]
[4096,-1792,352,-35,22,-7,1]
[14641,1452,156,12,1]
[4096,512,111,8,1]
[4096,3584,1600,473,100,14,1]
[4096,-512,0,-63,0,-2,1]
[4096,1536,-48,-97,-3,6,1]
[15625,-500,179,-4,1]
[4096,-2048,800,-225,50,-8,1]
[16384,128,-179,1,1]
[4096,0,112,79,7,0,1]
[14641,-605,228,-5,1]
[2401,392,85,8,1]
[4096,-2304,816,-231,51,-9,1]
[4096,-256,672,-31,42,-1,1]
[4096,-1536,400,-105,25,-6,1]
[14641,-121,-3,-1,1]
[16384,1152,49,9,1]
[15625,-2375,208,-19,1]
[256,-64,-16,-4,19,-1,-1,-1,1]
[256,-448,384,-216,107,-54,24,-7,1]
[256,-128,96,-64,17,-16,6,-2,1]
[4096,-512,288,-65,18,-2,1]
[4096,1024,-176,-91,-11,4,1]
[81,18,7,2,1]
[4096,256,160,-9,10,1,1]
[4096,-1024,-64,95,-4,-4,1]
[4096,512,224,41,14,2,1]
[4096,3072,1360,403,85,12,1]
[4096,1024,224,103,14,4,1]
[729,-243,81,-28,9,-3,1]
[14641,-726,84,-6,1]
[15625,500,104,4,1]
[256,0,-48,4,29,1,-3,0,1]
[14641,3267,383,27,1]
[14641,-363,8,-3,1]
[256,128,48,0,-13,0,3,2,1]
[4096,-832,95,-13,1]
[256,128,96,36,31,9,6,2,1]
[4096,512,-32,-45,-2,2,1]
[4096,2048,736,199,46,8,1]
[256,64,16,-40,-13,-10,1,1,1]
[4096,-3072,1184,-335,74,-12,1]
[729,-324,153,-73,17,-4,1]
[256,-256,128,-20,-1,-5,8,-4,1]
[4096,-1024,288,-97,18,-4,1]
[256,128,144,56,49,14,9,2,1]
[4096,1536,800,189,50,6,1]
[729,-162,63,10,7,-2,1]
[15625,250,214,2,1]
[15625,-3875,466,-31,1]
[4096,512,448,77,28,2,1]
[14641,1331,148,11,1]
[512,256,128,63,16,4,1]
[256,-64,-48,12,1,3,-3,-1,1]
[4096,256,208,-19,13,1,1]
[256,128,80,12,9,3,5,2,1]
[729,0,-18,34,-2,0,1]
[6561,-891,50,-11,1]
[729,-405,180,-73,20,-5,1]
[15625,-2000,292,-16,1]
[729,-243,108,-25,12,-3,1]
[14641,-1573,160,-13,1]
[4096,512,384,39,24,2,1]
[512,384,240,91,30,6,1]
[15625,250,-104,2,1]
[14641,-726,92,-6,1]
[256,-384,400,-280,161,-70,25,-6,1]
[256,128,96,48,37,12,6,2,1]
[4096,-1280,-224,147,-14,-5,1]
[4096,-256,288,23,18,-1,1]
[15625,2000,191,16,1]
[15625,-1625,291,-13,1]
[4096,2816,1216,347,76,11,1]
[4096,-256,240,-63,15,-1,1]
[4096,1280,240,71,15,5,1]
[256,-64,144,-8,39,-2,9,-1,1]
[15625,1125,2,9,1]
[4096,-1024,32,39,2,-4,1]
[4096,-384,39,-6,1]
[14641,3630,424,30,1]
[4096,-3072,1136,-311,71,-12,1]
[6561,0,-76,0,1]
[4096,-256,448,-31,28,-1,1]
[4096,640,89,10,1]
[4096,-1536,496,-155,31,-6,1]
[4096,256,128,77,8,1,1]
[4096,1024,-192,-127,-12,4,1]
[729,-324,180,-44,20,-4,1]
[16384,1664,181,13,1]
[256,-192,144,-92,39,-23,9,-3,1]
[256,0,16,20,-17,5,1,0,1]
[4096,-1344,229,-21,1]
[4096,1024,192,-19,12,4,1]
[4096,0,192,-57,12,0,1]
[4096,1024,96,-49,6,4,1]
[16384,3456,401,27,1]
[4096,-2816,976,-249,61,-11,1]
[729,243,153,31,17,3,1]
[729,162,198,34,22,2,1]
[14641,-121,-173,-1,1]
[729,243,45,-2,5,3,1]
[4096,-2048,368,-47,23,-8,1]
[4096,-256,-96,53,-6,-1,1]
[1024,-64,5,-2,1]
[4096,-1024,384,-121,24,-4,1]
[256,0,-48,-4,11,-1,-3,0,1]
[256,0,96,-24,23,-6,6,0,1]
[4096,256,96,-1,6,1,1]
[4096,1024,688,115,43,4,1]
[256,-256,112,-16,-3,-4,7,-4,1]
[256,-64,32,40,-21,10,2,-1,1]
[729,243,63,7,7,3,1]
[4096,512,128,81,8,2,1]
[4096,1024,80,-41,5,4,1]
[4096,-1280,368,-87,23,-5,1]
[15625,-750,-92,-6,1]
[2401,343,18,7,1]
[4096,-256,160,-91,10,-1,1]
[14641,847,190,7,1]
[256,128,128,24,29,6,8,2,1]
[512,0,24,1,3,0,1]
[6561,-162,44,-2,1]
[256,256,96,-20,-33,-5,6,4,1]
[2401,0,48,0,1]
[16384,-1536,151,-12,1]
[256,-64,128,-32,43,-8,8,-1,1]
[4096,0,144,59,9,0,1]
[4096,-1024,96,35,6,-4,1]
[4096,-512,-96,35,-6,-2,1]
[15625,-875,202,-7,1]
[256,128,64,28,3,7,4,2,1]
[15625,1750,121,14,1]
[512,320,168,67,21,5,1]
[4096,-2560,624,-115,39,-10,1]
[512,0,88,-1,11,0,1]
[256,-64,64,28,1,7,4,-1,1]
[6561,-162,-82,-2,1]
[256,-128,80,-12,13,-3,5,-2,1]
[14641,-1452,240,-12,1]
[4096,0,384,-23,24,0,1]
[4096,-1280,256,-57,16,-5,1]
[14641,-3146,362,-26,1]
[4096,768,240,121,15,3,1]
[256,128,64,28,29,7,4,2,1]
[256,128,-16,8,21,2,-1,2,1]
[14641,363,-118,3,1]
[4096,1024,640,129,40,4,1]
[15625,-625,23,-5,1]
[256,-128,160,-48,43,-12,10,-2,1]
[512,384,96,11,12,6,1]
[14641,2541,221,21,1]
[256,-64,208,-48,73,-12,13,-1,1]
[15625,-1000,88,-8,1]
[15625,3125,387,25,1]
[4096,-256,192,55,12,-1,1]
[15625,125,22,1,1]
[15625,125,37,1,1]
[512,128,144,31,18,2,1]
[256,64,112,20,29,5,7,1,1]
[4096,-768,448,-59,28,-3,1]
[4096,-1536,288,-31,18,-6,1]
[15625,2375,311,19,1]
[15625,-375,-17,-3,1]
[15625,500,-101,4,1]
[4096,-1536,224,-37,14,-6,1]
[14641,3146,381,26,1]
[4096,768,80,71,5,3,1]
[4096,0,112,-101,7,0,1]
[4096,2816,1280,373,80,11,1]
[4096,512,80,63,5,2,1]
[729,-243,72,-31,8,-3,1]
[6561,162,112,2,1]
[4096,-256,240,51,15,-1,1]
[14641,-121,183,-1,1]
[256,256,192,116,65,29,12,4,1]
[4096,1024,544,95,34,4,1]
[15625,-500,128,-4,1]
[256,384,320,200,109,50,20,6,1]
[4096,704,89,11,1]
[4096,3840,1888,581,118,15,1]
[4096,-1536,272,-27,17,-6,1]
[4096,1024,368,35,23,4,1]
[4096,256,64,11,4,1,1]
[4096,1280,432,77,27,5,1]
[512,-256,40,-7,5,-4,1]
[256,64,176,28,55,7,11,1,1]
[14641,484,-108,4,1]
[15625,-125,96,-1,1]
[4096,2304,896,271,56,9,1]
[16384,-2560,319,-20,1]
[4096,-768,256,-131,16,-3,1]
[256,-192,-16,36,-11,9,-1,-3,1]
[4096,1536,368,67,23,6,1]
[4096,-1792,752,-213,47,-7,1]
[4096,-256,-80,109,-5,-1,1]
[14641,-363,194,-3,1]
[4096,-512,16,-65,1,-2,1]
[14641,1452,100,12,1]
[256,256,112,84,61,21,7,4,1]
[256,-192,64,-12,11,-3,4,-3,1]
[4096,128,-43,2,1]
[4096,-768,336,-13,21,-3,1]
[4096,512,-192,-43,-12,2,1]
[512,0,40,17,5,0,1]
[4096,512,141,8,1]
[121,-5,1]
[16384,1024,209,8,1]
[256,128,112,76,35,19,7,2,1]
[14641,2178,234,18,1]
[4096,-1792,-32,117,-2,-7,1]
[256,192,64,-20,-15,-5,4,3,1]
[4096,-512,112,-103,7,-2,1]
[4096,-1024,368,-37,23,-4,1]
[6561,-243,67,-3,1]
[4096,0,-61,0,1]
[14641,-363,58,-3,1]
[4096,1024,48,-49,3,4,1]
[4096,1280,432,81,27,5,1]
[4096,-1280,720,-141,45,-5,1]
[6561,-405,-40,-5,1]
[16384,-2688,295,-21,1]
[16384,-1920,87,-15,1]
[14641,1331,179,11,1]
[256,-64,16,16,-11,4,1,-1,1]
[4096,1536,480,121,30,6,1]
[4096,768,-80,-77,-5,3,1]
[729,-81,108,-26,12,-1,1]
[15625,0,126,0,1]
[6561,-1134,172,-14,1]
[14641,-2662,350,-22,1]
[4096,512,560,43,35,2,1]
[4096,-1280,656,-133,41,-5,1]
[256,128,32,-8,-9,-2,2,2,1]
[256,-192,112,-20,3,-5,7,-3,1]
[6561,1944,305,24,1]
[729,-243,0,7,0,-3,1]
[4096,-512,64,-55,4,-2,1]
[4096,0,-96,65,-6,0,1]
[15625,-500,8,-4,1]
[256,256,240,128,77,32,15,4,1]
[4096,384,23,6,1]
[512,-64,48,-23,6,-1,1]
[4096,2048,288,7,18,8,1]
[14641,363,-2,3,1]
[4096,512,64,-35,4,2,1]
[729,81,-54,-19,-6,1,1]
[15625,-750,-4,-6,1]
[512,-192,-8,33,-1,-3,1]
[4096,-2304,1008,-265,63,-9,1]
[729,405,261,79,29,5,1]
[512,-256,160,-53,20,-4,1]
[4096,2048,832,241,52,8,1]
[256,64,96,20,33,5,6,1,1]
[4096,1024,-176,-131,-11,4,1]
[15625,3250,406,26,1]
[256,-192,192,-116,69,-29,12,-3,1]
[729,-486,144,-38,16,-6,1]
[4096,3328,1408,403,88,13,1]
[4096,512,0,-1,0,2,1]
[4096,704,65,11,1]
[256,64,16,16,-5,4,1,1,1]
[6561,162,71,2,1]
[256,256,192,104,59,26,12,4,1]
[15625,2250,187,18,1]
[256,0,96,-48,13,-12,6,0,1]
[4096,-1024,368,-145,23,-4,1]
[4096,768,464,79,29,3,1]
[15625,250,-97,2,1]
[729,-81,-36,1,-4,-1,1]
[256,-192,112,-60,35,-15,7,-3,1]
[729,0,40,0,1]
[256,-192,112,-36,23,-9,7,-3,1]
[512,192,80,31,10,3,1]
[4096,1536,608,153,38,6,1]
[14641,-121,148,-1,1]
[2401,49,-16,1,1]
[15625,0,88,0,1]
[512,-64,32,7,4,-1,1]
[4096,1024,368,51,23,4,1]
[4096,2816,1184,343,74,11,1]
[729,243,99,16,11,3,1]
[4096,-768,224,-3,14,-3,1]
[729,-162,-45,59,-5,-2,1]
[4096,0,128,89,8,0,1]
[4096,-256,-192,35,-12,-1,1]
[4096,-2048,656,-161,41,-8,1]
[4096,-1280,208,-19,13,-5,1]
[729,0,36,35,4,0,1]
[625,275,72,11,1]
[6561,-162,-112,-2,1]
[15625,-2125,237,-17,1]
[256,-64,64,8,5,2,4,-1,1]
[4096,-256,16,-67,1,-1,1]
[4096,-2816,1264,-357,79,-11,1]
[4096,-1280,240,-25,15,-5,1]
[6561,81,56,1,1]
[4096,-768,48,-35,3,-3,1]
[15625,-125,98,-1,1]
[4096,-512,480,-67,30,-2,1]
[256,0,-48,-4,-1,-1,-3,0,1]
[14641,-1452,172,-12,1]
[4096,2304,944,259,59,9,1]
[4096,-2048,560,-125,35,-8,1]
[14641,968,7,8,1]
[625,0,-1,0,1]
[4096,0,-48,-47,-3,0,1]
[256,-256,112,0,-19,0,7,-4,1]
[2401,539,68,11,1]
[512,-256,96,-17,12,-4,1]
[16384,768,163,6,1]
[4096,-512,-32,-29,-2,-2,1]
[4096,0,32,53,2,0,1]
[4096,-512,-32,3,-2,-2,1]
[256,192,48,8,1,2,3,3,1]
[14641,-968,-25,-8,1]
[512,320,192,75,24,5,1]
[4096,-256,64,49,4,-1,1]
[14641,242,-159,2,1]
[729,162,27,35,3,2,1]
[4096,-1536,768,-163,48,-6,1]
[4096,-768,-112,95,-7,-3,1]
[15625,-1500,88,-12,1]
[14641,-1210,159,-10,1]
[256,0,-16,4,13,1,-1,0,1]
[4096,-256,560,-27,35,-1,1]
[512,-64,88,-3,11,-1,1]
[15625,-250,22,-2,1]
[512,64,120,21,15,1,1]
[16384,3072,313,24,1]
[16384,-128,-45,-1,1]
[4096,320,-35,5,1]
[256,-128,-32,-12,35,-3,-2,-2,1]
[4096,1024,320,89,20,4,1]
[15625,4875,623,39,1]
[4096,0,112,-89,7,0,1]
[4096,-256,528,-37,33,-1,1]
[4096,-512,368,-45,23,-2,1]
[4096,768,64,-69,4,3,1]
[256,-128,64,-44,37,-11,4,-2,1]
[256,64,-64,-8,13,-2,-4,1,1]
[6561,324,53,4,1]
[4096,256,240,-7,15,1,1]
[512,320,96,27,12,5,1]
[729,-81,-18,-16,-2,-1,1]
[4096,1792,-64,-129,-4,7,1]
[256,64,96,24,21,6,6,1,1]
[15625,-1500,146,-12,1]
[15625,1500,246,12,1]
[2401,637,111,13,1]
[729,-162,27,25,3,-2,1]
[4096,1024,592,113,37,4,1]
[14641,605,-79,5,1]
[15625,2750,331,22,1]
[4096,768,512,49,32,3,1]
[4096,-1280,336,-53,21,-5,1]
[4096,-1024,-32,77,-2,-4,1]
[4096,-1280,64,17,4,-5,1]
[6561,-486,-7,-6,1]
[16384,-3200,391,-25,1]
[4096,2816,1168,331,73,11,1]
[512,-192,56,-31,7,-3,1]
[256,0,0,0,1,0,0,0,1]
[256,-320,160,-16,-15,-4,10,-5,1]
[4096,1536,448,155,28,6,1]
[256,256,112,-16,-25,-4,7,4,1]
[4096,-128,-19,-2,1]
[4096,-768,-128,35,-8,-3,1]
[16384,-896,265,-7,1]
[4096,512,320,63,20,2,1]
[729,324,0,-35,0,4,1]
[4096,1792,-48,-125,-3,7,1]
[4096,1280,480,117,30,5,1]
[4096,-1024,304,-81,19,-4,1]
[729,162,63,14,7,2,1]
[512,-64,-24,-5,-3,-1,1]
[256,0,-80,-4,15,-1,-5,0,1]
[14641,-968,133,-8,1]
[6561,81,-47,1,1]
[15625,-1125,243,-9,1]
[4096,0,-64,-3,-4,0,1]
[729,-162,126,-10,14,-2,1]
[2401,-98,19,-2,1]
[4096,-1536,528,-101,33,-6,1]
[4096,-2048,928,-239,58,-8,1]
[2401,147,19,3,1]
[15625,-125,158,-1,1]
[4096,256,160,-51,10,1,1]
[4096,-256,224,49,14,-1,1]
[729,-162,81,-38,9,-2,1]
[16384,-1792,233,-14,1]
[512,320,32,-17,4,5,1]
[15625,-2750,301,-22,1]
[15625,1000,118,8,1]
[4096,-1024,144,-47,9,-4,1]
[256,-64,96,-20,19,-5,6,-1,1]
[4096,0,51,0,1]
[15625,-3250,412,-26,1]
[16384,-384,199,-3,1]
[4096,-3072,1360,-407,85,-12,1]
[4096,2560,1136,325,71,10,1]
[256,64,0,16,31,4,0,1,1]
[4096,-2816,656,-103,41,-11,1]
[4096,-1024,32,-7,2,-4,1]
[4096,-192,-27,-3,1]
[16384,-256,237,-2,1]
[729,-81,9,-7,1,-1,1]
[14641,2904,317,24,1]
[4096,256,128,-11,8,1,1]
[729,81,90,22,10,1,1]
[15625,-250,54,-2,1]
[14641,-242,70,-2,1]
[256,192,64,12,3,3,4,3,1]
[15625,-1750,84,-14,1]
[4096,-2560,896,-235,56,-10,1]
[14641,1815,107,15,1]
[4096,768,240,27,15,3,1]
[4096,512,0,27,0,2,1]
[16384,2432,307,19,1]
[16384,-768,43,-6,1]
[256,-64,48,12,1,3,3,-1,1]
[14641,0,127,0,1]
[14641,605,-115,5,1]
[512,576,296,109,37,9,1]
[256,-128,128,-76,35,-19,8,-2,1]
[6561,1296,131,16,1]
[729,162,9,4,1,2,1]
[256,256,144,24,1,6,9,4,1]
[4096,-1280,560,-161,35,-5,1]
[15625,-250,-13,-2,1]
[16384,-1152,69,-9,1]
[6561,972,118,12,1]
[729,-405,81,-5,9,-5,1]
[14641,-1331,61,-11,1]
[4096,1024,368,33,23,4,1]
[15625,500,-87,4,1]
[4096,-576,47,-9,1]
[6561,-486,-14,-6,1]
[256,64,32,-40,-9,-10,2,1,1]
[256,0,128,-4,43,-1,8,0,1]
[15625,875,-28,7,1]
[6561,324,164,4,1]
[16384,2944,303,23,1]
[4096,2304,1040,289,65,9,1]
[4096,-1024,320,-97,20,-4,1]
[512,-128,32,-5,4,-2,1]
[15625,-1375,73,-11,1]
[4096,3328,1504,459,94,13,1]
[4096,512,240,55,15,2,1]
[14641,0,-232,0,1]
[512,-192,152,-37,19,-3,1]
[256,-128,32,20,-27,5,2,-2,1]
[256,0,32,-4,-11,-1,2,0,1]
[15625,-3000,356,-24,1]
[729,-405,198,-85,22,-5,1]
[4096,-1536,0,71,0,-6,1]
[4096,-1024,368,-49,23,-4,1]
[14641,-121,28,-1,1]
[512,-384,208,-89,26,-6,1]
[15625,-375,226,-3,1]
[14641,968,166,8,1]
[15625,2875,367,23,1]
[4096,512,112,-35,7,2,1]
[729,-81,9,-5,1,-1,1]
[256,-128,112,-68,33,-17,7,-2,1]
[4096,3072,1376,409,86,12,1]
[729,81,9,-41,1,1,1]
[256,0,0,-4,7,-1,0,0,1]
[4096,1536,496,117,31,6,1]
[4096,-1536,208,-23,13,-6,1]
[6561,-1134,197,-14,1]
[256,0,80,-4,11,-1,5,0,1]
[4096,-512,240,-15,15,-2,1]
[4096,640,81,10,1]
[4096,-1280,-128,115,-8,-5,1]
[729,324,9,-26,1,4,1]
[6561,-1215,191,-15,1]
[4096,1536,496,109,31,6,1]
[4096,-512,128,41,8,-2,1]
[256,-256,224,-140,77,-35,14,-4,1]
[256,-64,64,-32,7,-8,4,-1,1]
[4096,-2560,976,-273,61,-10,1]
[256,-128,80,-48,29,-12,5,-2,1]
[14641,-726,192,-6,1]
[4096,2304,848,243,53,9,1]
[4096,128,-49,2,1]
[14641,363,164,3,1]
[16384,512,201,4,1]
[512,-320,224,-79,28,-5,1]
[14641,-847,94,-7,1]
[512,-384,192,-69,24,-6,1]
[4096,-1024,32,63,2,-4,1]
[14641,-242,193,-2,1]
[256,192,160,64,39,16,10,3,1]
[14641,3509,442,29,1]
[729,162,-27,-34,-3,2,1]
[4096,-768,160,-13,10,-3,1]
[1024,64,-35,2,1]
[4096,960,159,15,1]
[729,-648,306,-109,34,-8,1]
[4096,1280,-112,-115,-7,5,1]
[4096,1792,864,205,54,7,1]
[4096,2048,656,179,41,8,1]
[256,192,96,24,15,6,6,3,1]
[256,320,240,140,73,35,15,5,1]
[15625,-1750,87,-14,1]
[4096,-512,-96,39,-6,-2,1]
[15625,-1250,142,-10,1]
[729,-81,-27,2,-3,-1,1]
[256,0,80,-56,5,-14,5,0,1]
[4096,-768,-176,83,-11,-3,1]
[4096,-1280,-160,149,-10,-5,1]
[256,-384,368,-244,137,-61,23,-6,1]
[256,192,96,28,3,7,6,3,1]
[4096,-1792,96,63,6,-7,1]
[4096,-3328,1520,-457,95,-13,1]
[4096,-256,32,71,2,-1,1]
[4096,768,544,87,34,3,1]
[16384,512,167,4,1]
[4096,1280,608,145,38,5,1]
[729,-243,135,-35,15,-3,1]
[4096,-2048,592,-151,37,-8,1]
[16384,2176,247,17,1]
[14641,-1815,261,-15,1]
[14641,605,-53,5,1]
[729,324,27,-8,3,4,1]
[729,54,-25,2,1]
[14641,1089,57,9,1]
[256,192,192,108,63,27,12,3,1]
[4096,1024,336,101,21,4,1]
[729,-405,135,-38,15,-5,1]
[4096,1536,-16,-101,-1,6,1]
[729,81,-54,-8,-6,1,1]
[64,16,0,-1,0,1,1]
[6561,-1539,188,-19,1]
[4096,-768,-176,95,-11,-3,1]
[4096,-1024,32,15,2,-4,1]
[14641,1089,181,9,1]
[6561,405,28,5,1]
[4096,1024,384,81,24,4,1]
[15625,-2000,291,-16,1]
[6561,-1539,244,-19,1]
[4096,-1536,240,-53,15,-6,1]
[729,162,81,52,9,2,1]
[256,-64,16,-4,13,-1,1,-1,1]
[729,-54,40,-2,1]
[256,-320,192,-68,23,-17,12,-5,1]
[15625,-500,171,-4,1]
[729,-324,-45,49,-5,-4,1]
[256,-64,80,20,7,5,5,-1,1]
[14641,2783,339,23,1]
[729,567,252,86,28,7,1]
[256,192,144,36,23,9,9,3,1]
[4096,-1536,688,-165,43,-6,1]
[729,-486,198,-76,22,-6,1]
[4096,768,256,-9,16,3,1]
[4096,-1280,480,-89,30,-5,1]
[256,-448,416,-272,147,-68,26,-7,1]
[16384,-768,157,-6,1]
[14641,-2541,240,-21,1]
[15625,375,183,3,1]
[256,384,384,256,145,64,24,6,1]
[4096,-1280,368,-103,23,-5,1]
[6561,1215,118,15,1]
[2401,-784,149,-16,1]
[15625,750,-108,6,1]
[4096,1280,432,95,27,5,1]
[4096,512,576,47,36,2,1]
[16384,-1024,27,-8,1]
[512,128,40,25,5,2,1]
[256,-64,32,24,-1,6,2,-1,1]
[4096,1280,688,139,43,5,1]
[4096,-2560,768,-185,48,-10,1]
[15625,2500,212,20,1]
[4096,-1024,288,-137,18,-4,1]
[16384,-1664,193,-13,1]
[121,-18,1]
[16384,4096,489,32,1]
[256,-128,-16,4,9,1,-1,-2,1]
[4096,512,384,67,24,2,1]
[512,-384,176,-59,22,-6,1]
[15625,-1750,183,-14,1]
[15625,-1250,209,-10,1]
[14641,726,7,6,1]
[4096,1280,-176,-149,-11,5,1]
[4096,512,-16,-15,-1,2,1]
[729,0,36,-26,4,0,1]
[4096,-256,-112,51,-7,-1,1]
[4096,3072,1440,423,90,12,1]
[256,-128,48,-12,-9,-3,3,-2,1]
[512,0,72,-19,9,0,1]
[14641,1694,145,14,1]
[16384,2816,295,22,1]
[4096,-512,96,57,6,-2,1]
[256,0,80,-16,27,-4,5,0,1]
[256,-64,160,-36,51,-9,10,-1,1]
[14641,363,-56,3,1]
[4096,256,416,51,26,1,1]
[512,-192,-24,43,-3,-3,1]
[256,0,128,20,37,5,8,0,1]
[4096,256,16,45,1,1,1]
[4096,-1280,496,-115,31,-5,1]
[14641,-605,139,-5,1]
[4096,-256,112,-25,7,-1,1]
[6561,81,-104,1,1]
[256,-128,16,16,-11,4,1,-2,1]
[729,0,-29,0,1]
[16384,2048,237,16,1]
[256,-448,448,-308,171,-77,28,-7,1]
[16384,256,-31,2,1]
[14641,1815,185,15,1]
[4096,768,-64,-21,-4,3,1]
[6561,405,4,5,1]
[256,-384,288,-140,65,-35,18,-6,1]
[729,81,45,25,5,1,1]
[4096,-1024,272,-51,17,-4,1]
[4096,1024,320,83,20,4,1]
[256,-128,128,-60,39,-15,8,-2,1]
[4096,1280,176,51,11,5,1]
[6561,405,128,5,1]
[14641,363,70,3,1]
[4096,1536,576,173,36,6,1]
[256,-192,144,-48,29,-12,9,-3,1]
[256,-128,80,-36,7,-9,5,-2,1]
[4096,0,160,-37,10,0,1]
[14641,0,148,0,1]
[4096,1280,-112,-103,-7,5,1]
[125,1,1]
[15625,-750,202,-6,1]
[4096,0,64,-23,4,0,1]
[16384,256,237,2,1]
[729,81,-63,-16,-7,1,1]
[256,384,192,-16,-47,-4,12,6,1]
[2401,196,89,4,1]
[16384,512,47,4,1]
[4096,-768,320,-43,20,-3,1]
[6561,-324,95,-4,1]
[256,256,144,88,55,22,9,4,1]
[4096,4352,2256,707,141,17,1]
[512,128,40,11,5,2,1]
[4096,0,288,-47,18,0,1]
[4096,-768,640,-83,40,-3,1]
[16384,-1024,109,-8,1]
[256,-64,16,8,15,2,1,-1,1]
[14641,-2904,377,-24,1]
[14641,-1815,177,-15,1]
[15625,-625,-19,-5,1]
[4096,1536,256,39,16,6,1]
[16384,1920,261,15,1]
[256,192,160,88,45,22,10,3,1]
[4096,2048,336,21,21,8,1]
[4096,-2816,1216,-343,76,-11,1]
[15625,250,72,2,1]
[729,-81,108,8,12,-1,1]
[4096,-256,304,-23,19,-1,1]
[4096,-1536,704,-189,44,-6,1]
[4096,0,-32,-37,-2,0,1]
[15625,-250,48,-2,1]
[512,-256,120,-61,15,-4,1]
[4096,-1024,288,-17,18,-4,1]
[15625,375,82,3,1]
[4096,2304,960,259,60,9,1]
[256,192,112,24,9,6,7,3,1]
[4096,512,304,-11,19,2,1]
[16384,-2176,205,-17,1]
[4096,-256,-64,-59,-4,-1,1]
[6561,-324,61,-4,1]
[4096,-256,-208,15,-13,-1,1]
[256,128,80,36,25,9,5,2,1]
[256,-192,80,-32,15,-8,5,-3,1]
[512,192,48,-1,6,3,1]
[4096,-2560,1104,-321,69,-10,1]
[256,-448,448,-332,191,-83,28,-7,1]
[256,192,80,-16,-21,-4,5,3,1]
[14641,0,-181,0,1]
[4096,512,96,-57,6,2,1]
[729,-324,72,-29,8,-4,1]
[16384,-1664,275,-13,1]
[6561,-1134,179,-14,1]
[256,128,64,44,31,11,4,2,1]
[729,-486,243,-83,27,-6,1]
[256,192,112,56,29,14,7,3,1]
[16384,-1024,129,-8,1]
[14641,1573,101,13,1]
[6561,81,122,1,1]
[4096,0,96,45,6,0,1]
[4096,256,160,47,10,1,1]
[4096,-1024,32,5,2,-4,1]
[256,-64,0,0,9,0,0,-1,1]
[729,162,126,31,14,2,1]
[4096,1024,128,-17,8,4,1]
[4096,0,-80,43,-5,0,1]
[512,-384,200,-81,25,-6,1]
[14641,968,155,8,1]
[16384,2688,245,21,1]
[15625,-2375,291,-19,1]
[1024,224,51,7,1]
[4096,-256,-32,33,-2,-1,1]
[4096,0,544,7,34,0,1]
[16384,2304,331,18,1]
[16384,-2176,199,-17,1]
[4096,1792,448,115,28,7,1]
[16384,3072,295,24,1]
[4096,-768,256,-29,16,-3,1]
[729,135,55,5,1]
[256,-128,-16,24,-1,6,-1,-2,1]
[4096,2816,1168,327,73,11,1]
[4096,-1024,592,-111,37,-4,1]
[4096,1024,272,15,17,4,1]
[256,-64,48,-8,9,-2,3,-1,1]
[4096,512,240,71,15,2,1]
[256,-192,128,-60,35,-15,8,-3,1]
[14641,-2783,325,-23,1]
[64,-16,20,-1,5,-1,1]
[14641,363,74,3,1]
[15625,4375,556,35,1]
[512,320,176,73,22,5,1]
[256,-64,112,-80,23,-20,7,-1,1]
[15625,-1250,162,-10,1]
[6561,567,74,7,1]
[512,-512,208,-63,26,-8,1]
[15625,-375,87,-3,1]
[4096,-1792,720,-219,45,-7,1]
[4096,768,672,85,42,3,1]
[1024,0,-49,0,1]
[15625,-2875,276,-23,1]
[16384,-3584,423,-28,1]
[4096,1024,336,85,21,4,1]
[4096,0,96,-75,6,0,1]
[16384,-896,237,-7,1]
[4096,512,240,77,15,2,1]
[2401,-637,136,-13,1]
[4096,-256,176,-27,11,-1,1]
[4096,1280,16,-35,1,5,1]
[14641,-3388,403,-28,1]
[256,512,576,448,257,112,36,8,1]
[14641,0,114,0,1]
[256,-384,320,-192,101,-48,20,-6,1]
[2401,-343,30,-7,1]
[4096,512,272,-15,17,2,1]
[256,192,112,56,35,14,7,3,1]
[4096,-256,-176,27,-11,-1,1]
[15625,1000,144,8,1]
[256,0,176,12,57,3,11,0,1]
[256,64,96,16,25,4,6,1,1]
[4096,-1024,-176,113,-11,-4,1]
[256,-64,0,-8,13,-2,0,-1,1]
[256,0,-48,4,5,1,-3,0,1]
[625,0,13,0,1]
[729,0,90,-14,10,0,1]
[4096,512,160,43,10,2,1]
[256,-128,-16,-20,37,-5,-1,-2,1]
[4096,-1280,560,-143,35,-5,1]
[2401,294,69,6,1]
[512,192,-8,-17,-1,3,1]
[256,128,96,44,27,11,6,2,1]
[4096,-512,208,-3,13,-2,1]
[256,0,-32,8,-5,2,-2,0,1]
[512,-64,-24,5,-3,-1,1]
[16384,1536,215,12,1]
[4096,-1280,432,-127,27,-5,1]
[16384,1152,-39,9,1]
[64,-48,28,-15,7,-3,1]
[4096,-2304,944,-269,59,-9,1]
[4096,1536,384,115,24,6,1]
[2401,833,155,17,1]
[729,729,333,112,37,9,1]
[512,-192,-48,43,-6,-3,1]
[16384,2816,243,22,1]
[256,0,0,28,-3,7,0,0,1]
[6561,-162,79,-2,1]
[256,64,19,4,1]
[16384,-128,215,-1,1]
[16384,256,-133,2,1]
[15625,250,238,2,1]
[16384,-3456,383,-27,1]
[4096,256,-96,-45,-6,1,1]
[16384,256,-163,2,1]
[256,-128,16,12,-1,3,1,-2,1]
[4096,-2048,416,-63,26,-8,1]
[256,-80,17,-5,1]
[4096,1024,48,-45,3,4,1]
[256,64,-32,-8,-1,-2,-2,1,1]
[4096,64,61,1,1]
[15625,-125,27,-1,1]
[4096,-768,-80,39,-5,-3,1]
[16384,768,103,6,1]
[14641,-1331,70,-11,1]
[15625,125,-149,1,1]
[16384,512,239,4,1]
[4096,1280,480,71,30,5,1]
[2401,-490,78,-10,1]
[64,-24,9,-3,1]
[256,-64,0,12,5,3,0,-1,1]
[729,324,-27,-47,-3,4,1]
[4096,512,144,-19,9,2,1]
[14641,-121,-153,-1,1]
[4096,1280,-128,-123,-8,5,1]
[4096,256,-16,65,-1,1,1]
[4096,-256,-64,103,-4,-1,1]
[4096,-768,-96,77,-6,-3,1]
[15625,-2375,326,-19,1]
[4096,-256,-208,31,-13,-1,1]
[4096,1536,176,-13,11,6,1]
[256,0,-32,-8,19,-2,-2,0,1]
[256,0,0,16,15,4,0,0,1]
[14641,-242,-119,-2,1]
[729,-81,0,22,0,-1,1]
[15625,-2875,358,-23,1]
[14641,-1089,260,-9,1]
[4096,-1792,416,-71,26,-7,1]
[16384,256,145,2,1]
[256,-128,64,-52,29,-13,4,-2,1]
[4096,256,528,25,33,1,1]
[15625,3625,447,29,1]
[14641,-3993,486,-33,1]
[512,-256,88,-43,11,-4,1]
[15625,-625,-89,-5,1]
[512,128,-24,-17,-3,2,1]
[4096,0,-64,95,-4,0,1]
[14641,-121,-85,-1,1]
[4096,-2816,1056,-285,66,-11,1]
[4096,-256,320,19,20,-1,1]
[16384,-2304,167,-18,1]
[256,-128,64,-4,-7,-1,4,-2,1]
[512,-64,24,7,3,-1,1]
[4096,512,400,45,25,2,1]
[4096,1024,96,-11,6,4,1]
[14641,2057,260,17,1]
[16384,1664,229,13,1]
[256,256,80,-4,-11,-1,5,4,1]
[4096,-256,560,-41,35,-1,1]
[4096,256,-112,21,-7,1,1]
[4096,-512,160,-73,10,-2,1]
[729,81,26,3,1]
[4096,-1280,-112,129,-7,-5,1]
[256,-64,0,12,-5,3,0,-1,1]
[256,128,64,36,9,9,4,2,1]
[81,18,13,2,1]
[16384,0,-1,0,1]
[256,192,80,-8,-9,-2,5,3,1]
[729,-243,216,-47,24,-3,1]
[4096,-512,-176,85,-11,-2,1]
[256,-192,64,-16,5,-4,4,-3,1]
[14641,-363,53,-3,1]
[16384,2688,227,21,1]
[4096,0,464,3,29,0,1]
[15625,-750,48,-6,1]
[729,405,-18,-49,-2,5,1]
[15625,-1500,128,-12,1]
[16384,1536,107,12,1]
[4096,-1280,432,-95,27,-5,1]
[256,-128,48,-20,1,-5,3,-2,1]
[729,243,-45,-40,-5,3,1]
[15625,1750,218,14,1]
[14641,2178,194,18,1]
[6561,81,-133,1,1]
[16384,1536,101,12,1]
[14641,-1452,91,-12,1]
[16384,640,235,5,1]
[4096,-1024,160,33,10,-4,1]
[4096,-1536,544,-117,34,-6,1]
[2401,-49,-68,-1,1]
[4096,-1024,544,-107,34,-4,1]
[4096,1792,720,161,45,7,1]
[4096,-320,105,-5,1]
[256,192,80,56,33,14,5,3,1]
[15625,-2125,208,-17,1]
[14641,1694,114,14,1]
[729,-324,63,-23,7,-4,1]
[4096,-2560,960,-255,60,-10,1]
[4096,256,640,33,40,1,1]
[4096,1536,240,-5,15,6,1]
[6561,891,79,11,1]
[256,0,-48,-16,13,-4,-3,0,1]
[16384,0,127,0,1]
[4096,-1536,-96,135,-6,-6,1]
[14641,-968,78,-8,1]
[15625,250,-177,2,1]
[4096,0,256,-31,16,0,1]
[256,0,16,24,15,6,1,0,1]
[512,-512,336,-137,42,-8,1]
[256,-320,208,-80,29,-20,13,-5,1]
[14641,-484,-48,-4,1]
[4096,256,336,63,21,1,1]
[15625,-500,118,-4,1]
[15625,-1250,207,-10,1]
[14641,-121,-32,-1,1]
[256,192,112,84,45,21,7,3,1]
[15625,-2500,329,-20,1]
[15625,-3625,427,-29,1]
[4096,-512,-80,19,-5,-2,1]
[729,54,34,2,1]
[2401,441,61,9,1]
[4096,0,224,-47,14,0,1]
[4096,-512,-160,21,-10,-2,1]
[4096,0,320,-3,20,0,1]
[256,0,-48,12,9,3,-3,0,1]
[4096,1536,320,53,20,6,1]
[729,162,225,35,25,2,1]
[256,-64,-16,-4,-3,-1,-1,-1,1]
[16384,128,-195,1,1]
[16384,384,77,3,1]
[729,-81,9,25,1,-1,1]
[512,192,-32,-27,-4,3,1]
[4096,1280,80,-35,5,5,1]
[15625,750,-86,6,1]
[256,-128,96,-36,31,-9,6,-2,1]
[14641,726,-6,6,1]
[256,0,48,-24,19,-6,3,0,1]
[15625,2875,317,23,1]
[4096,512,224,59,14,2,1]
[4096,-256,192,-79,12,-1,1]
[256,-128,48,-16,-3,-4,3,-2,1]
[4096,-1280,-32,79,-2,-5,1]
[729,81,18,-17,2,1,1]
[14641,0,160,0,1]
[16384,384,-137,3,1]
[15625,-125,-146,-1,1]
[14641,242,205,2,1]
[4096,-960,163,-15,1]
[15625,-1125,126,-9,1]
[256,-192,64,16,-27,4,4,-3,1]
[4096,-1792,896,-223,56,-7,1]
[4096,0,64,-103,4,0,1]
[512,0,0,-13,0,0,1]
[729,324,-36,-50,-4,4,1]
[4096,256,-144,-43,-9,1,1]
[729,-486,162,-46,18,-6,1]
[4096,3584,1664,505,104,14,1]
[256,64,-16,-4,9,-1,-1,1,1]
[729,-243,144,-22,16,-3,1]
[729,-108,52,-4,1]
[4096,-768,384,-39,24,-3,1]
[4096,-512,256,-15,16,-2,1]
[4096,-512,80,43,5,-2,1]
[4096,-512,-144,67,-9,-2,1]
[512,0,8,-35,1,0,1]
[15625,750,228,6,1]
[4096,-768,112,-9,7,-3,1]
[4096,-1216,199,-19,1]
[4096,0,-48,-99,-3,0,1]
[4096,-512,192,31,12,-2,1]
[4096,512,-128,-3,-8,2,1]
[4096,-2560,1008,-269,63,-10,1]
[4096,768,256,29,16,3,1]
[6561,-729,127,-9,1]
[4096,-512,-112,77,-7,-2,1]
[512,320,120,37,15,5,1]
[16384,384,-39,3,1]
[729,-162,81,-2,9,-2,1]
[625,-100,39,-4,1]
[4096,-3840,1760,-523,110,-15,1]
[6561,0,-35,0,1]
[4096,768,416,31,26,3,1]
[256,-256,160,-52,21,-13,10,-4,1]
[15625,-1375,81,-11,1]
[14641,-3751,461,-31,1]
[6561,324,20,4,1]
[4096,-2048,640,-141,40,-8,1]
[14641,1210,124,10,1]
[64,64,40,23,10,4,1]
[256,-128,176,-64,57,-16,11,-2,1]
[729,-324,198,-55,22,-4,1]
[4096,-1536,592,-139,37,-6,1]
[256,-384,160,68,-83,17,10,-6,1]
[729,-81,-7,-3,1]
[256,-64,0,24,1,6,0,-1,1]
[256,0,16,-20,-13,-5,1,0,1]
[16384,384,-105,3,1]
[4096,256,-80,-61,-5,1,1]
[256,-256,128,-16,-1,-4,8,-4,1]
[729,81,0,-17,0,1,1]
[4096,-768,192,-73,12,-3,1]
[15625,1875,206,15,1]
[15625,-2000,108,-16,1]
[16384,2304,189,18,1]
[729,1053,729,304,81,13,1]
[16384,-640,179,-5,1]
[4096,-256,32,7,2,-1,1]
[15625,375,-159,3,1]
[4096,1536,-16,-95,-1,6,1]
[256,-192,208,-112,69,-28,13,-3,1]
[256,192,144,92,37,23,9,3,1]
[4096,256,128,-65,8,1,1]
[4096,-1280,-32,95,-2,-5,1]
[4096,0,208,13,13,0,1]
[4096,256,48,9,3,1,1]
[16384,-3840,423,-30,1]
[14641,121,-173,1,1]
[729,-405,-18,53,-2,-5,1]
[4096,768,-208,-73,-13,3,1]
[14641,-1210,90,-10,1]
[729,-81,-63,28,-7,-1,1]
[729,243,189,41,21,3,1]
[14641,121,-32,1,1]
[4096,768,176,79,11,3,1]
[16384,-256,-75,-2,1]
[15625,625,93,5,1]
[15625,-375,234,-3,1]
[14641,242,-31,2,1]
[729,729,396,149,44,9,1]
[4096,3328,1536,459,96,13,1]
[14641,1089,-29,9,1]
[81,-9,11,-1,1]
[4096,3072,1360,401,85,12,1]
[4096,-2048,48,109,3,-8,1]
[14641,1936,241,16,1]
[4096,-512,240,-89,15,-2,1]
[256,192,32,32,33,8,2,3,1]
[512,-64,72,-9,9,-1,1]
[14641,2057,269,17,1]
[6561,-243,85,-3,1]
[15625,1250,47,10,1]
[6561,-810,172,-10,1]
[256,192,208,124,75,31,13,3,1]
[256,-192,112,-44,17,-11,7,-3,1]
[4096,0,-208,-9,-13,0,1]
[4096,1536,352,91,22,6,1]
[4096,-512,576,-49,36,-2,1]
[4096,1280,832,155,52,5,1]
[256,128,80,16,1,4,5,2,1]
[4096,768,-16,-81,-1,3,1]
[729,162,81,55,9,2,1]
[14641,-1331,138,-11,1]
[4096,-1792,864,-211,54,-7,1]
[512,-192,88,-17,11,-3,1]
[14641,-726,-23,-6,1]
[14641,-3751,478,-31,1]
[256,-128,-64,8,25,2,-4,-2,1]
[16384,0,125,0,1]
[4096,1024,272,129,17,4,1]
[4096,-512,512,-31,32,-2,1]
[4096,1536,96,-51,6,6,1]
[512,64,48,-9,6,1,1]
[4096,-256,224,7,14,-1,1]
[16384,-2176,147,-17,1]
[4096,-256,256,11,16,-1,1]
[4096,-256,432,-47,27,-1,1]
[4096,1024,-16,-43,-1,4,1]
[16384,-5248,675,-41,1]
[4096,-512,-144,77,-9,-2,1]
[15625,-4125,491,-33,1]
[4096,-1280,416,-133,26,-5,1]
[4096,-2560,928,-249,58,-10,1]
[14641,-726,25,-6,1]
[256,-192,160,-68,37,-17,10,-3,1]
[15625,125,-44,1,1]
[256,-64,-32,28,-1,7,-2,-1,1]
[4096,1024,144,-41,9,4,1]
[16384,-2560,337,-20,1]
[512,64,-56,-21,-7,1,1]
[729,-243,-18,26,-2,-3,1]
[16384,-1536,101,-12,1]
[15625,-125,242,-1,1]
[14641,-2178,249,-18,1]
[4096,1792,528,159,33,7,1]
[729,-324,144,-74,16,-4,1]
[512,128,120,27,15,2,1]
[256,192,112,64,35,16,7,3,1]
[729,81,108,29,12,1,1]
[512,-64,96,-9,12,-1,1]
[14641,-121,-46,-1,1]
[512,-256,24,11,3,-4,1]
[4096,512,208,29,13,2,1]
[15625,-3375,431,-27,1]
[256,0,16,16,11,4,1,0,1]
[4096,2560,768,179,48,10,1]
[4096,256,80,-75,5,1,1]
[4096,256,144,93,9,1,1]
[4096,-1792,736,-185,46,-7,1]
[729,-405,252,-86,28,-5,1]
[16384,3200,405,25,1]
[4096,768,160,-33,10,3,1]
[512,128,-8,-37,-1,2,1]
[512,320,144,45,18,5,1]
[4096,2304,560,119,35,9,1]
[4096,-1024,0,57,0,-4,1]
[4096,3584,1632,485,102,14,1]
[256,-320,224,-152,91,-38,14,-5,1]
[4096,-512,688,-57,43,-2,1]
[15625,-750,258,-6,1]
[15625,2750,271,22,1]
[4096,768,128,61,8,3,1]
[4096,-1024,64,17,4,-4,1]
[15625,-1875,211,-15,1]
[4096,-512,-112,-1,-7,-2,1]
[729,-243,81,-4,9,-3,1]
[4096,256,160,63,10,1,1]
[256,64,-32,4,23,1,-2,1,1]
[256,384,272,112,43,28,17,6,1]
[4096,-1024,96,3,6,-4,1]
[4096,-256,160,-71,10,-1,1]
[256,-192,32,8,1,2,2,-3,1]
[4096,2816,1088,297,68,11,1]
[14641,-3388,400,-28,1]
[4096,1024,304,15,19,4,1]
[4096,1024,272,133,17,4,1]
[6561,0,79,0,1]
[256,-128,32,-12,13,-3,2,-2,1]
[4096,-512,336,-1,21,-2,1]
[256,192,144,88,35,22,9,3,1]
[256,256,112,16,-3,4,7,4,1]
[16384,-3712,465,-29,1]
[4096,1280,144,-19,9,5,1]
[256,64,32,20,-7,5,2,1,1]
[4096,-256,-80,-51,-5,-1,1]
[4096,-256,560,-35,35,-1,1]
[256,-64,-16,-24,21,-6,-1,-1,1]
[729,0,171,-8,19,0,1]
[14641,-2057,257,-17,1]
[729,243,171,50,19,3,1]
[256,64,64,-16,9,-4,4,1,1]
[15625,-1000,96,-8,1]
[4096,-768,224,-83,14,-3,1]
[4096,0,336,1,21,0,1]
[4096,-2816,928,-239,58,-11,1]
[256,-128,48,40,-27,10,3,-2,1]
[4096,256,240,65,15,1,1]
[4096,-1792,416,-99,26,-7,1]
[4096,-1280,736,-153,46,-5,1]
[2401,-294,106,-6,1]
[6561,810,136,10,1]
[729,-162,162,-19,18,-2,1]
[2401,0,62,0,1]
[4096,1280,784,147,49,5,1]
[16384,128,213,1,1]
[4096,-1024,416,-97,26,-4,1]
[4096,0,48,-61,3,0,1]
[14641,-605,-49,-5,1]
[16384,512,-141,4,1]
[2401,-49,39,-1,1]
[15625,-1750,64,-14,1]
[4096,-448,93,-7,1]
[4096,-256,32,-97,2,-1,1]
[729,81,54,-16,6,1,1]
[4096,256,112,95,7,1,1]
[256,-256,112,-8,-7,-2,7,-4,1]
[4096,384,-9,6,1]
[256,64,-80,8,35,2,-5,1,1]
[4096,-256,288,41,18,-1,1]
[15625,250,221,2,1]
[4096,1536,336,81,21,6,1]
[729,-108,34,-4,1]
[64,-64,24,-5,6,-4,1]
[4096,1024,-144,-77,-9,4,1]
[4096,-768,368,-103,23,-3,1]
[14641,-2420,270,-20,1]
[256,-64,128,-28,35,-7,8,-1,1]
[512,-448,272,-107,34,-7,1]
[4096,1536,832,187,52,6,1]
[256,-192,176,-128,57,-32,11,-3,1]
[729,162,-45,-38,-5,2,1]
[4096,0,-33,0,1]
[16384,-2048,161,-16,1]
[15625,4250,529,34,1]
[14641,0,-7,0,1]
[4096,512,112,-13,7,2,1]
[15625,125,24,1,1]
[2401,-686,142,-14,1]
[4096,0,128,-93,8,0,1]
[4096,768,448,91,28,3,1]
[4096,-2304,928,-257,58,-9,1]
[14641,1815,234,15,1]
[4096,-256,-192,49,-12,-1,1]
[256,-64,-32,-12,15,-3,-2,-1,1]
[256,0,0,-8,-13,-2,0,0,1]
[14641,-1573,114,-13,1]
[256,-128,96,-24,13,-6,6,-2,1]
[4096,-256,-48,59,-3,-1,1]
[256,192,80,68,49,17,5,3,1]
[16384,384,-21,3,1]
[256,320,272,160,85,40,17,5,1]
[4096,-1024,400,-129,25,-4,1]
[4096,-256,-16,3,-1,-1,1]
[256,0,-32,4,7,1,-2,0,1]
[16384,896,-35,7,1]
[729,-135,-1,-5,1]
[6561,-729,98,-9,1]
[15625,-250,187,-2,1]
[4096,-512,336,-9,21,-2,1]
[729,-27,-22,-1,1]
[14641,1694,111,14,1]
[14641,363,-117,3,1]
[4096,-768,128,29,8,-3,1]
[729,-162,54,-38,6,-2,1]
[14641,3267,392,27,1]
[4096,-1280,-96,91,-6,-5,1]
[4096,-1024,400,-59,25,-4,1]
[14641,484,7,4,1]
[14641,2783,321,23,1]
[256,-64,-32,-20,21,-5,-2,-1,1]
[729,243,81,5,9,3,1]
[512,-128,-8,-5,-1,-2,1]
[16384,-2432,227,-19,1]
[14641,-605,173,-5,1]
[4096,1792,464,123,29,7,1]
[4096,-1024,-64,85,-4,-4,1]
[14641,-847,155,-7,1]
[16384,-1408,227,-11,1]
[15625,625,27,5,1]
[4096,-256,176,11,11,-1,1]
[256,-64,128,-76,31,-19,8,-1,1]
[4096,256,112,-59,7,1,1]
[14641,2178,299,18,1]
[15625,875,132,7,1]
[729,-567,333,-122,37,-7,1]
[256,64,64,32,25,8,4,1,1]
[729,-324,180,-56,20,-4,1]
[16384,2176,135,17,1]
[256,128,48,20,-3,5,3,2,1]
[4096,512,176,19,11,2,1]
[16384,1664,127,13,1]
[4096,1536,400,97,25,6,1]
[729,-324,-54,67,-6,-4,1]
[4096,-512,208,-27,13,-2,1]
[14641,242,168,2,1]
[4096,-3072,1360,-403,85,-12,1]
[4096,2304,784,191,49,9,1]
[256,64,16,0,9,0,1,1,1]
[14641,-1815,116,-15,1]
[4096,-2048,448,-79,28,-8,1]
[14641,-847,-53,-7,1]
[729,-405,180,-55,20,-5,1]
[1024,160,-7,5,1]
[4096,1536,192,-13,12,6,1]
[14641,2178,169,18,1]
[256,448,432,300,167,75,27,7,1]
[14641,-1331,85,-11,1]
[15625,-2750,356,-22,1]
[15625,375,-179,3,1]
[4096,1024,176,-11,11,4,1]
[256,320,160,32,3,8,10,5,1]
[729,-162,-18,20,-2,-2,1]
[256,0,32,24,-1,6,2,0,1]
[729,-405,198,-68,22,-5,1]
[729,243,73,9,1]
[4096,-1792,576,-189,36,-7,1]
[256,-192,160,-84,45,-21,10,-3,1]
[256,320,256,160,91,40,16,5,1]
[4096,-1536,416,-109,26,-6,1]
[729,243,63,17,7,3,1]
[15625,-1875,126,-15,1]
[512,64,80,5,10,1,1]
[512,-192,72,-19,9,-3,1]
[256,-48,1,-3,1]
[512,-192,56,-15,7,-3,1]
[4096,512,336,-5,21,2,1]
[512,0,80,3,10,0,1]
[256,-64,96,-40,33,-10,6,-1,1]
[4096,-1536,432,-145,27,-6,1]
[729,567,252,82,28,7,1]
[16384,3840,475,30,1]
[4096,-2048,640,-185,40,-8,1]
[4096,1024,-176,-101,-11,4,1]
[4096,3328,1184,303,74,13,1]
[4096,-1536,-32,93,-2,-6,1]
[6561,-324,26,-4,1]
[2401,245,16,5,1]
[256,128,192,76,67,19,12,2,1]
[729,-243,99,-10,11,-3,1]
[16384,128,29,1,1]
[4096,-1024,400,-75,25,-4,1]
[729,0,63,29,7,0,1]
[4096,512,-144,-51,-9,2,1]
[14641,-242,-117,-2,1]
[14641,-484,-80,-4,1]
[256,64,-16,4,-3,1,-1,1,1]
[4096,1024,96,-9,6,4,1]
[4096,768,544,71,34,3,1]
[4096,1536,-240,-187,-15,6,1]
[512,64,112,11,14,1,1]
[4096,2304,992,269,62,9,1]
[16384,-128,-189,-1,1]
[729,243,-36,-26,-4,3,1]
[4096,1792,624,139,39,7,1]
[14641,-726,146,-6,1]
[4096,-256,-224,45,-14,-1,1]
[729,162,54,-17,6,2,1]
[4096,768,320,95,20,3,1]
[16384,128,33,1,1]
[4096,0,80,81,5,0,1]
[15625,875,201,7,1]
[15625,-500,27,-4,1]
[256,256,144,60,27,15,9,4,1]
[15625,2250,158,18,1]
[16384,1536,35,12,1]
[256,128,48,20,-1,5,3,2,1]
[4096,-256,384,-3,24,-1,1]
[729,324,207,70,23,4,1]
[729,405,-18,-50,-2,5,1]
[4096,2304,992,281,62,9,1]
[4096,1024,80,-3,5,4,1]
[4096,-2560,928,-255,58,-10,1]
[4096,-1024,336,-47,21,-4,1]
[4096,-512,448,-17,28,-2,1]
[256,-64,-32,16,3,4,-2,-1,1]
[4096,-1024,624,-113,39,-4,1]
[256,128,144,60,41,15,9,2,1]
[256,64,96,4,23,1,6,1,1]
[4096,-1024,288,-111,18,-4,1]
[4096,1280,512,87,32,5,1]
[256,-128,32,-4,-1,-1,2,-2,1]
[256,192,32,4,11,1,2,3,1]
[6561,0,109,0,1]
[15625,1125,209,9,1]
[15625,125,238,1,1]
[15625,-2125,233,-17,1]
[256,0,32,8,25,2,2,0,1]
[256,-64,128,-68,33,-17,8,-1,1]
[256,256,176,92,51,23,11,4,1]
[512,128,80,29,10,2,1]
[16384,1664,161,13,1]
[15625,3125,352,25,1]
[625,300,72,12,1]
[4096,-2048,592,-167,37,-8,1]
[4096,-1024,336,-129,21,-4,1]
[15625,-375,-74,-3,1]
[512,0,-16,-11,-2,0,1]
[4096,2048,608,139,38,8,1]
[14641,-726,136,-6,1]
[14641,-242,119,-2,1]
[256,128,48,24,21,6,3,2,1]
[15625,2875,271,23,1]
[4096,512,-160,-111,-10,2,1]
[729,-405,207,-71,23,-5,1]
[256,-256,160,-76,33,-19,10,-4,1]
[4096,1536,-16,-87,-1,6,1]
[16384,-768,-65,-6,1]
[4096,-1536,-160,151,-10,-6,1]
[4096,-768,96,-5,6,-3,1]
[16384,-128,-33,-1,1]
[2401,147,44,3,1]
[14641,1210,263,10,1]
[4096,1280,528,141,33,5,1]
[4096,256,160,7,10,1,1]
[256,256,128,72,41,18,8,4,1]
[15625,875,207,7,1]
[4096,768,-16,-85,-1,3,1]
[4096,-1792,592,-189,37,-7,1]
[729,-81,0,19,0,-1,1]
[256,-256,224,-116,65,-29,14,-4,1]
[6561,0,119,0,1]
[4096,-256,-41,-4,1]
[4096,128,57,2,1]
[14641,-242,107,-2,1]
[4096,-2560,992,-269,62,-10,1]
[4096,0,272,25,17,0,1]
[4096,1792,736,223,46,7,1]
[4096,-1280,272,-93,17,-5,1]
[6561,-1620,227,-20,1]
[256,64,64,32,15,8,4,1,1]
[4096,512,-112,-21,-7,2,1]
[14641,-605,148,-5,1]
[4096,-768,560,-101,35,-3,1]
[256,0,64,40,3,10,4,0,1]
[14641,-1694,251,-14,1]
[16384,256,227,2,1]
[16,-12,7,-3,1]
[14641,-2178,291,-18,1]
[15625,-2250,264,-18,1]
[6561,243,140,3,1]
[6561,-405,140,-5,1]
[256,128,96,24,17,6,6,2,1]
[256,64,96,44,21,11,6,1,1]
[4096,-1536,-128,133,-8,-6,1]
[729,405,207,71,23,5,1]
[15625,-875,-84,-7,1]
[256,0,32,-20,-15,-5,2,0,1]
[512,-256,-16,41,-2,-4,1]
[4096,768,96,41,6,3,1]
[4096,768,-32,9,-2,3,1]
[4096,-512,-64,-7,-4,-2,1]
[15625,-3750,466,-30,1]
[1024,-192,39,-6,1]
[4096,512,81,8,1]
[16384,384,-103,3,1]
[4096,1024,368,115,23,4,1]
[256,64,32,28,9,7,2,1,1]
[4096,-1024,304,-71,19,-4,1]
[256,0,32,8,7,2,2,0,1]
[256,-128,80,-44,11,-11,5,-2,1]
[512,128,-16,-15,-2,2,1]
[4096,-256,16,-7,1,-1,1]
[512,-320,136,-53,17,-5,1]
[256,-112,41,-7,1]
[729,-405,18,32,2,-5,1]
[15625,2625,343,21,1]
[15625,-625,239,-5,1]
[256,128,16,-20,-3,-5,1,2,1]
[15625,1000,232,8,1]
[16384,-2048,117,-16,1]
[256,0,144,0,47,0,9,0,1]
[256,64,0,-12,-7,-3,0,1,1]
[4096,-1280,464,-89,29,-5,1]
[729,27,-17,1,1]
[4096,1536,688,183,43,6,1]
[14641,-121,-1,-1,1]
[256,-64,16,8,-1,2,1,-1,1]
[14641,-484,147,-4,1]
[256,384,400,296,167,74,25,6,1]
[14641,484,-136,4,1]
[14641,-726,91,-6,1]
[4096,768,320,91,20,3,1]
[4096,-256,-80,47,-5,-1,1]
[256,64,48,44,9,11,3,1,1]
[4096,-512,336,5,21,-2,1]
[16384,3200,335,25,1]
[256,192,160,68,37,17,10,3,1]
[256,-128,112,-64,35,-16,7,-2,1]
[6561,567,-5,7,1]
[6561,-1863,256,-23,1]
[256,-256,240,-156,87,-39,15,-4,1]
[14641,2178,219,18,1]
[256,192,64,-40,-33,-10,4,3,1]
[15625,-500,-41,-4,1]
[512,-256,40,5,5,-4,1]
[14641,1210,214,10,1]
[729,0,45,11,5,0,1]
[4096,-512,-64,-3,-4,-2,1]
[729,-162,18,-5,2,-2,1]
[4096,0,320,25,20,0,1]
[256,0,48,-16,9,-4,3,0,1]
[16384,-1024,21,-8,1]
[4096,-2304,848,-225,53,-9,1]
[16384,2816,357,22,1]
[4096,-2304,144,89,9,-9,1]
[4096,512,208,-5,13,2,1]
[4096,-1024,272,-97,17,-4,1]
[4096,256,13,4,1]
[256,0,-32,12,17,3,-2,0,1]
[512,320,184,79,23,5,1]
[729,-405,180,-74,20,-5,1]
[15625,0,-224,0,1]
[256,64,-64,-4,23,-1,-4,1,1]
[256,128,96,76,31,19,6,2,1]
[256,-192,160,-96,57,-24,10,-3,1]
[14641,-726,38,-6,1]
[15625,-3625,413,-29,1]
[512,192,0,-31,0,3,1]
[16384,-2176,257,-17,1]
[256,0,0,20,15,5,0,0,1]
[4096,2048,176,-47,11,8,1]
[14641,2057,156,17,1]
[729,27,40,1,1]
[6561,-1134,109,-14,1]
[256,-128,80,-48,31,-12,5,-2,1]
[4096,-768,352,-123,22,-3,1]
[512,-64,24,25,3,-1,1]
[729,-81,36,7,4,-1,1]
[4096,-1792,-16,113,-1,-7,1]
[4096,3584,1680,513,105,14,1]
[256,0,0,-12,23,-3,0,0,1]
[4096,-1792,288,-43,18,-7,1]
[256,-192,32,-4,5,-1,2,-3,1]
[16384,-2688,223,-21,1]
[4096,-1536,560,-185,35,-6,1]
[256,0,0,-4,-17,-1,0,0,1]
[4096,1792,784,219,49,7,1]
[256,-128,16,4,9,1,1,-2,1]
[256,128,80,40,13,10,5,2,1]
[2401,-588,110,-12,1]
[14641,363,-69,3,1]
[512,64,-24,-23,-3,1,1]
[14641,-484,-120,-4,1]
[256,256,176,88,47,22,11,4,1]
[14641,1573,212,13,1]
[14641,726,118,6,1]
[729,243,180,41,20,3,1]
[4096,-512,128,53,8,-2,1]
[15625,1875,169,15,1]
[14641,-726,-52,-6,1]
[256,384,192,-12,-43,-3,12,6,1]
[16384,256,39,2,1]
[6561,-2025,308,-25,1]
[14641,-121,205,-1,1]
[256,-192,96,-12,1,-3,6,-3,1]
[4096,2816,1152,331,72,11,1]
[14641,-484,136,-4,1]
[4096,-1280,16,81,1,-5,1]
[256,128,48,-20,-5,-5,3,2,1]
[729,162,36,22,4,2,1]
[256,128,64,56,25,14,4,2,1]
[4096,2304,896,235,56,9,1]
[14641,-1452,233,-12,1]
[6561,81,-28,1,1]
[4096,-2048,288,-11,18,-8,1]
[16384,0,-37,0,1]
[729,-648,387,-148,43,-8,1]
[4096,1280,368,89,23,5,1]
[729,-243,63,-40,7,-3,1]
[14641,0,-85,0,1]
[4096,-512,160,-21,10,-2,1]
[64,16,0,-11,0,1,1]
[2401,-245,71,-5,1]
[6561,-891,124,-11,1]
[14641,968,40,8,1]
[256,-64,112,-72,23,-18,7,-1,1]
[2401,147,64,3,1]
[14641,-1089,211,-9,1]
[6561,486,16,6,1]
[14641,-1815,119,-15,1]
[256,0,208,0,73,0,13,0,1]
[4096,-512,-96,105,-6,-2,1]
[256,128,32,-8,-15,-2,2,2,1]
[14641,2541,311,21,1]
[256,-128,32,-32,23,-8,2,-2,1]
[4096,1024,416,69,26,4,1]
[4096,1792,688,191,43,7,1]
[4096,-1280,400,-59,25,-5,1]
[4096,512,-80,-115,-5,2,1]
[4096,1024,416,133,26,4,1]
[16384,1408,13,11,1]
[6561,1134,196,14,1]
[4096,0,448,-31,28,0,1]
[4096,-512,272,-57,17,-2,1]
[16384,-2176,145,-17,1]
[6561,-243,-89,-3,1]
[512,-384,104,-21,13,-6,1]
[256,128,48,-8,-9,-2,3,2,1]
[15625,0,164,0,1]
[256,192,48,-16,-17,-4,3,3,1]
[4096,-256,400,-45,25,-1,1]
[4096,512,304,69,19,2,1]
[4096,-768,32,51,2,-3,1]
[256,128,32,40,35,10,2,2,1]
[256,448,416,272,145,68,26,7,1]
[256,0,-64,4,17,1,-4,0,1]
[4096,-1536,688,-177,43,-6,1]
[14641,-2662,273,-22,1]
[4096,1216,195,19,1]
[16384,512,-131,4,1]
[15625,875,-76,7,1]
[6561,-648,98,-8,1]
[16384,-896,-41,-7,1]
[729,-81,18,22,2,-1,1]
[14641,-968,127,-8,1]
[512,128,96,41,12,2,1]
[256,-448,512,-388,227,-97,32,-7,1]
[4096,0,64,-1,4,0,1]
[4096,768,-16,-95,-1,3,1]
[4096,-1024,352,-51,22,-4,1]
[4096,1024,-160,-109,-10,4,1]
[14641,-1815,183,-15,1]
[4096,-256,-64,57,-4,-1,1]
[4096,-2560,1072,-293,67,-10,1]
[4096,-1280,704,-135,44,-5,1]
[4096,-2304,864,-221,54,-9,1]
[15625,2500,216,20,1]
[729,81,0,35,0,1,1]
[256,0,-16,4,-3,1,-1,0,1]
[729,81,0,14,0,1,1]
[512,512,232,79,29,8,1]
[4096,-512,368,-35,23,-2,1]
[14641,-3388,426,-28,1]
[16384,-1152,85,-9,1]
[4096,512,-144,-71,-9,2,1]
[4096,-256,16,63,1,-1,1]
[6561,-567,-7,-7,1]
[256,128,64,44,23,11,4,2,1]
[256,64,-16,4,23,1,-1,1,1]
[6561,-891,68,-11,1]
[4096,-2048,800,-223,50,-8,1]
[256,128,176,68,61,17,11,2,1]
[4096,-1792,784,-195,49,-7,1]
[14641,121,196,1,1]
[16384,256,25,2,1]
[729,81,108,-1,12,1,1]
[729,-891,567,-233,63,-11,1]
[2401,-490,122,-10,1]
[512,0,40,9,5,0,1]
[256,256,96,24,11,6,6,4,1]
[4096,-1536,784,-189,49,-6,1]
[6561,-810,130,-10,1]
[1024,-64,23,-2,1]
[15625,-125,248,-1,1]
[4096,-3584,1600,-477,100,-14,1]
[15625,-875,148,-7,1]
[4096,0,592,7,37,0,1]
[512,-192,8,-1,1,-3,1]
[15625,625,249,5,1]
[4096,576,95,9,1]
[729,81,-45,-8,-5,1,1]
[729,-81,0,-8,0,-1,1]
[4096,-256,400,17,25,-1,1]
[729,-81,0,32,0,-1,1]
[2401,294,-8,6,1]
[14641,2057,274,17,1]
[14641,-3025,386,-25,1]
[256,-128,80,-36,5,-9,5,-2,1]
[512,64,-24,-35,-3,1,1]
[256,-128,96,-20,23,-5,6,-2,1]
[4096,-1280,-128,133,-8,-5,1]
[512,-128,64,-43,8,-2,1]
[4096,-960,157,-15,1]
[729,81,-72,-20,-8,1,1]
[4096,-256,208,-87,13,-1,1]
[16384,1280,213,10,1]
[4096,640,65,10,1]
[729,324,171,43,19,4,1]
[15625,-750,131,-6,1]
[256,64,0,-4,9,-1,0,1,1]
[4096,-2048,832,-239,52,-8,1]
[256,64,32,12,-13,3,2,1,1]
[256,-256,128,-12,-5,-3,8,-4,1]
[512,-320,24,19,3,-5,1]
[16384,256,-119,2,1]
[4096,1536,464,89,29,6,1]
[4096,3072,1312,377,82,12,1]
[6561,-567,157,-7,1]
[4096,1536,96,-43,6,6,1]
[256,128,16,12,23,3,1,2,1]
[4096,768,272,97,17,3,1]
[14641,-968,5,-8,1]
[512,-192,-32,31,-4,-3,1]
[16384,2560,295,20,1]
[4096,256,-192,-5,-12,1,1]
[15625,-1625,63,-13,1]
[16384,-1536,191,-12,1]
[256,128,160,92,49,23,10,2,1]
[4096,768,64,61,4,3,1]
[14641,1573,274,13,1]
[14641,605,3,5,1]
[16384,-2304,153,-18,1]
[4096,-1024,-240,129,-15,-4,1]
[729,243,63,38,7,3,1]
[256,0,-16,-28,9,-7,-1,0,1]
[15625,375,112,3,1]
[16384,-2688,323,-21,1]
[256,-64,-64,12,7,3,-4,-1,1]
[4096,0,144,41,9,0,1]
[512,-64,16,-5,2,-1,1]
[729,405,189,83,21,5,1]
[4096,-512,32,-31,2,-2,1]
[6561,1539,241,19,1]
[4096,-256,16,29,1,-1,1]
[729,270,76,10,1]
[4096,576,75,9,1]
[14641,-1573,189,-13,1]
[729,486,306,107,34,6,1]
[256,-64,32,16,-5,4,2,-1,1]
[4096,-3584,1536,-443,96,-14,1]
[729,729,441,172,49,9,1]
[4096,2304,928,269,58,9,1]
[256,192,208,100,67,25,13,3,1]
[14641,-726,63,-6,1]
[729,-729,333,-112,37,-9,1]
[15625,-3750,454,-30,1]
[256,-320,304,-212,117,-53,19,-5,1]
[4096,2816,992,259,62,11,1]
[4096,-1024,-208,145,-13,-4,1]
[4096,-320,17,-5,1]
[4096,512,48,3,3,2,1]
[256,256,224,140,75,35,14,4,1]
[4096,512,-48,-25,-3,2,1]
[256,192,32,4,9,1,2,3,1]
[4096,512,32,-89,2,2,1]
[256,128,64,4,-1,1,4,2,1]
[4096,0,96,-95,6,0,1]
[256,-64,16,-28,9,-7,1,-1,1]
[256,0,48,8,19,2,3,0,1]
[6561,-81,-59,-1,1]
[4096,1280,208,63,13,5,1]
[4096,-512,16,-31,1,-2,1]
[14641,-2420,272,-20,1]
[512,-320,152,-49,19,-5,1]
[4096,1792,656,185,41,7,1]
[6561,0,-5,0,1]
[14641,1573,90,13,1]
[4096,512,256,11,16,2,1]
[4096,-3584,1440,-399,90,-14,1]
[15625,125,227,1,1]
[16384,2816,359,22,1]
[6561,243,139,3,1]
[6561,486,22,6,1]
[512,192,80,49,10,3,1]
[4096,1792,704,201,44,7,1]
[256,-192,64,-32,19,-8,4,-3,1]
[256,0,16,32,-3,8,1,0,1]
[4096,-1536,208,7,13,-6,1]
[6561,162,40,2,1]
[16384,2816,331,22,1]
[4096,256,16,-67,1,1,1]
[256,192,112,48,17,12,7,3,1]
[2401,343,41,7,1]
[4096,-1280,464,-141,29,-5,1]
[4096,-1280,-176,125,-11,-5,1]
[4096,1024,-128,-101,-8,4,1]
[14641,-605,211,-5,1]
[14641,-847,167,-7,1]
[256,320,272,188,107,47,17,5,1]
[15625,1125,-24,9,1]
[16384,896,173,7,1]
[14641,1331,96,11,1]
[4096,512,-48,-9,-3,2,1]
[4096,-1792,64,71,4,-7,1]
[4096,256,192,39,12,1,1]
[4096,-1536,624,-133,39,-6,1]
[4096,768,272,137,17,3,1]
[14641,847,4,7,1]
[256,256,80,-28,-29,-7,5,4,1]
[256,128,96,72,33,18,6,2,1]
[6561,1053,134,13,1]
[14641,1331,184,11,1]
[6561,-324,121,-4,1]
[4096,-256,144,45,9,-1,1]
[729,-162,-18,38,-2,-2,1]
[4096,-1792,816,-187,51,-7,1]
[4096,-320,71,-5,1]
[14641,-2299,318,-19,1]
[256,-448,384,-212,103,-53,24,-7,1]
[15625,1500,218,12,1]
[14641,1331,3,11,1]
[4096,256,32,-25,2,1,1]
[256,0,48,-12,13,-3,3,0,1]
[16384,1536,131,12,1]
[4096,1536,64,-73,4,6,1]
[4096,768,16,1,1,3,1]
[14641,-363,236,-3,1]
[256,256,208,128,75,32,13,4,1]
[256,-64,-32,8,-5,2,-2,-1,1]
[256,-128,112,-28,29,-7,7,-2,1]
[14641,-1452,207,-12,1]
[4096,3840,1856,563,116,15,1]
[64,48,0,-11,0,3,1]
[4096,768,160,107,10,3,1]
[256,384,256,96,33,24,16,6,1]
[4096,2048,688,205,43,8,1]
[256,-64,-64,12,5,3,-4,-1,1]
[4096,1536,192,27,12,6,1]
[16384,-2816,339,-22,1]
[512,320,208,69,26,5,1]
[14641,-1210,216,-10,1]
[512,-64,144,-19,18,-1,1]
[4096,1536,256,45,16,6,1]
[4096,-1536,-32,105,-2,-6,1]
[4096,-1024,-96,93,-6,-4,1]
[256,192,16,36,45,9,1,3,1]
[4096,0,208,27,13,0,1]
[14641,121,111,1,1]
[729,-162,225,-35,25,-2,1]
[4096,2048,416,67,26,8,1]
[14641,121,-79,1,1]
[4096,768,80,31,5,3,1]
[729,-243,9,25,1,-3,1]
[625,-25,-31,-1,1]
[256,128,32,16,5,4,2,2,1]
[14641,-1815,229,-15,1]
[16384,896,139,7,1]
[4096,-1024,224,-57,14,-4,1]
[729,243,45,-14,5,3,1]
[14641,-726,56,-6,1]
[4096,-256,288,-11,18,-1,1]
[6561,-810,121,-10,1]
[256,-64,48,4,-11,1,3,-1,1]
[256,-320,272,-160,87,-40,17,-5,1]
[729,891,540,215,60,11,1]
[4096,-1024,191,-16,1]
[4096,512,160,-17,10,2,1]
[256,-192,48,40,-29,10,3,-3,1]
[14641,1694,178,14,1]
[4096,-1792,576,-175,36,-7,1]
[4096,2048,560,131,35,8,1]
[729,0,126,-8,14,0,1]
[4096,1536,224,-11,14,6,1]
[4096,-2560,1040,-287,65,-10,1]
[15625,-3000,349,-24,1]
[4096,0,144,79,9,0,1]
[512,128,88,33,11,2,1]
[15625,3875,478,31,1]
[256,-128,48,4,5,1,3,-2,1]
[64,48,32,21,8,3,1]
[16384,-512,-139,-4,1]
[256,192,80,8,3,2,5,3,1]
[256,0,-48,-4,17,-1,-3,0,1]
[729,324,-63,-71,-7,4,1]
[16384,-1408,123,-11,1]
[14641,-121,-45,-1,1]
[4096,-768,496,-105,31,-3,1]
[4096,1536,640,165,40,6,1]
[256,192,48,16,9,4,3,3,1]
[16384,-1024,19,-8,1]
[14641,-1936,133,-16,1]
[4096,-256,496,-9,31,-1,1]
[15625,-1250,108,-10,1]
[4096,256,-64,7,-4,1,1]
[14641,3146,386,26,1]
[15625,375,41,3,1]
[729,243,63,-10,7,3,1]
[729,-81,99,7,11,-1,1]
[256,-64,80,-36,19,-9,5,-1,1]
[4096,1024,256,99,16,4,1]
[14641,0,-210,0,1]
[256,256,80,-56,-55,-14,5,4,1]
[16384,-256,165,-2,1]
[16384,640,-127,5,1]
[256,0,-32,-12,21,-3,-2,0,1]
[15625,2125,211,17,1]
[256,64,0,-20,-9,-5,0,1,1]
[729,162,-36,-17,-4,2,1]
[15625,2750,357,22,1]
[729,-81,126,2,14,-1,1]
[256,192,32,-28,-27,-7,2,3,1]
[1024,352,79,11,1]
[4096,2304,912,263,57,9,1]
[14641,-1331,58,-11,1]
[729,-216,41,-8,1]
[4096,256,-48,-79,-3,1,1]
[256,0,-64,-4,17,-1,-4,0,1]
[14641,1936,210,16,1]
[256,-64,48,36,-5,9,3,-1,1]
[16384,-640,119,-5,1]
[4096,0,144,-29,9,0,1]
[6561,-729,52,-9,1]
[16384,-2432,179,-19,1]
[1024,-384,89,-12,1]
[729,162,27,29,3,2,1]
[256,0,64,28,-1,7,4,0,1]
[256,64,112,56,27,14,7,1,1]
[4096,-512,176,-79,11,-2,1]
[256,128,32,-32,-17,-8,2,2,1]
[729,-108,44,-4,1]
[4096,-512,368,-91,23,-2,1]
[256,128,-16,16,31,4,-1,2,1]
[4096,-1280,320,-73,20,-5,1]
[729,243,54,-1,6,3,1]
[1024,224,19,7,1]
[256,-128,48,-36,29,-9,3,-2,1]
[15625,-750,98,-6,1]
[256,144,47,9,1]
[4096,-3328,1584,-475,99,-13,1]
[729,162,0,13,0,2,1]
[14641,-1089,124,-9,1]
[2401,-686,121,-14,1]
[2401,147,-2,3,1]
[16384,1280,63,10,1]
[15625,1375,148,11,1]
[256,-192,48,20,-27,5,3,-3,1]
[512,0,40,-7,5,0,1]
[729,81,27,5,3,1,1]
[729,567,333,130,37,7,1]
[6561,-1053,184,-13,1]
[16384,-3200,369,-25,1]
[16384,1152,161,9,1]
[15625,3500,398,28,1]
[256,256,112,-24,-31,-6,7,4,1]
[15625,0,239,0,1]
[256,128,112,40,21,10,7,2,1]
[4096,-1280,480,-87,30,-5,1]
[729,-81,153,-8,17,-1,1]
[14641,-484,-117,-4,1]
[4096,2560,1056,297,66,10,1]
[729,-81,153,-13,17,-1,1]
[4096,2048,752,187,47,8,1]
[4096,-256,480,-39,30,-1,1]
[625,-50,18,-2,1]
[4096,-3328,1456,-439,91,-13,1]
[4096,512,-192,-53,-12,2,1]
[15625,-375,-44,-3,1]
[729,324,90,35,10,4,1]
[4096,-1280,-144,127,-9,-5,1]
[512,192,0,-25,0,3,1]
[64,16,9,2,1]
[4096,3328,1584,471,99,13,1]
[512,128,32,-1,4,2,1]
[4096,512,96,-61,6,2,1]
[512,512,256,93,32,8,1]
[729,-162,9,-10,1,-2,1]
[4096,-512,96,35,6,-2,1]
[4096,-768,704,-91,44,-3,1]
[4096,960,127,15,1]
[4096,320,-27,5,1]
[4096,-2816,1216,-353,76,-11,1]
[2401,490,64,10,1]
[256,-192,64,8,-7,2,4,-3,1]
[4096,-1792,544,-117,34,-7,1]
[512,-128,80,-27,10,-2,1]
[14641,-968,-15,-8,1]
[4096,1280,608,137,38,5,1]
[625,-75,-1,-3,1]
[14641,1210,40,10,1]
[15625,-2375,266,-19,1]
[2401,-686,141,-14,1]
[4096,-256,304,-39,19,-1,1]
[4096,-768,-80,35,-5,-3,1]
[14641,1452,124,12,1]
[4096,1536,160,-7,10,6,1]
[15625,-1750,201,-14,1]
[4096,2304,544,109,34,9,1]
[729,189,31,7,1]
[625,175,39,7,1]
[4096,1280,400,95,25,5,1]
[15625,1125,44,9,1]
[729,-162,99,-4,11,-2,1]
[512,0,-40,1,-5,0,1]
[4096,-256,112,-61,7,-1,1]
[4096,-1280,624,-159,39,-5,1]
[4096,2048,896,247,56,8,1]
[15625,375,203,3,1]
[4096,0,80,1,5,0,1]
[4096,-1280,464,-145,29,-5,1]
[256,0,48,36,-3,9,3,0,1]
[81,-18,16,-2,1]
[15625,-250,-161,-2,1]
[4096,768,368,57,23,3,1]
[256,-192,64,-40,33,-10,4,-3,1]
[256,-384,256,-96,35,-24,16,-6,1]
[16384,-384,187,-3,1]
[4096,2304,784,205,49,9,1]
[4096,-768,368,-117,23,-3,1]
[14641,1452,203,12,1]
[4096,768,-144,-101,-9,3,1]
[16384,768,-39,6,1]
[4096,-1536,336,-91,21,-6,1]
[256,-64,29,-4,1]
[729,243,135,34,15,3,1]
[729,243,27,-2,3,3,1]
[2401,-98,-45,-2,1]
[4096,-1024,320,-147,20,-4,1]
[14641,-242,80,-2,1]
[256,-64,32,-36,7,-9,2,-1,1]
[15625,875,51,7,1]
[512,128,72,-1,9,2,1]
[14641,363,243,3,1]
[4096,-3072,1408,-423,88,-12,1]
[4096,-1792,560,-169,35,-7,1]
[729,0,-27,11,-3,0,1]
[729,324,135,44,15,4,1]
[729,-162,0,2,0,-2,1]
[4096,-512,64,-3,4,-2,1]
[729,-324,189,-71,21,-4,1]
[14641,-847,230,-7,1]
[4096,-256,-32,-11,-2,-1,1]
[15625,4625,579,37,1]
[4096,-768,304,-59,19,-3,1]
[512,-256,152,-45,19,-4,1]
[14641,-605,122,-5,1]
[4096,256,304,5,19,1,1]
[729,-81,117,7,13,-1,1]
[16384,-3968,457,-31,1]
[4096,-2048,784,-225,49,-8,1]
[4096,512,-48,-63,-3,2,1]
[4096,256,-48,-57,-3,1,1]
[6561,-1377,179,-17,1]
[15625,-375,154,-3,1]
[15625,875,193,7,1]
[4096,1280,560,101,35,5,1]
[256,-320,288,-204,115,-51,18,-5,1]
[4096,1472,257,23,1]
[4096,1280,608,119,38,5,1]
[16384,-2688,239,-21,1]
[512,-128,32,-21,4,-2,1]
[6561,162,89,2,1]
[6561,891,182,11,1]
[4096,256,368,1,23,1,1]
[256,-384,304,-184,99,-46,19,-6,1]
[15625,-625,138,-5,1]
[15625,-375,-26,-3,1]
[16384,0,117,0,1]
[4096,256,-144,-9,-9,1,1]
[4096,1024,32,-19,2,4,1]
[4096,3328,1600,479,100,13,1]
[256,128,112,64,27,16,7,2,1]
[4096,256,224,1,14,1,1]
[4096,-1024,48,9,3,-4,1]
[4096,-512,64,-73,4,-2,1]
[15625,-250,-14,-2,1]
[256,0,-32,12,5,3,-2,0,1]
[4096,1536,-112,-141,-7,6,1]
[512,384,208,95,26,6,1]
[15625,-2625,248,-21,1]
[4096,1024,176,65,11,4,1]
[4096,512,288,61,18,2,1]
[4096,2560,1120,313,70,10,1]
[4096,-1280,400,-123,25,-5,1]
[2401,392,20,8,1]
[256,-64,64,-44,5,-11,4,-1,1]
[4096,-1280,752,-149,47,-5,1]
[4096,-512,288,-29,18,-2,1]
[16384,-1664,107,-13,1]
[4096,1280,576,97,36,5,1]
[4096,256,48,-87,3,1,1]
[4096,-1024,272,-99,17,-4,1]
[4096,2816,1088,307,68,11,1]
[4096,1280,544,121,34,5,1]
[729,216,46,8,1]
[14641,-1573,188,-13,1]
[15625,-1625,109,-13,1]
[4096,1024,32,-25,2,4,1]
[14641,484,159,4,1]
[14641,2178,197,18,1]
[14641,3388,378,28,1]
[256,64,-96,0,33,0,-6,1,1]
[4096,256,80,117,5,1,1]
[4096,-512,144,19,9,-2,1]
[4096,1792,448,123,28,7,1]
[15625,4125,507,33,1]
[256,128,-16,-4,11,-1,-1,2,1]
[4096,-512,-208,81,-13,-2,1]
[256,-320,128,36,-49,9,8,-5,1]
[14641,484,123,4,1]
[6561,1053,178,13,1]
[729,-162,162,-23,18,-2,1]
[4096,1024,288,67,18,4,1]
[4096,-512,144,3,9,-2,1]
[6561,-810,122,-10,1]
[4096,512,192,93,12,2,1]
[4096,512,16,-37,1,2,1]
[256,64,112,20,25,5,7,1,1]
[6561,648,59,8,1]
[14641,-726,223,-6,1]
[6561,729,22,9,1]
[15625,1000,193,8,1]
[2401,245,48,5,1]
[4096,-768,208,-119,13,-3,1]
[4096,256,-96,-71,-6,1,1]
[256,192,112,56,21,14,7,3,1]
[729,-243,-36,34,-4,-3,1]
[15625,-2375,258,-19,1]
[4096,-1280,208,9,13,-5,1]
[4096,512,80,-77,5,2,1]
[256,80,35,5,1]
[729,-135,28,-5,1]
[4096,-1024,240,-89,15,-4,1]
[729,243,117,16,13,3,1]
[14641,2057,314,17,1]
[256,0,96,16,27,4,6,0,1]
[256,256,144,96,61,24,9,4,1]
[4096,-2048,752,-181,47,-8,1]
[256,256,208,136,71,34,13,4,1]
[729,81,-72,-23,-8,1,1]
[4096,-768,192,23,12,-3,1]
[64,0,-8,1,-2,0,1]
[16384,3584,451,28,1]
[729,81,-63,-29,-7,1,1]
[64,16,-4,-7,-1,1,1]
[4096,768,16,-75,1,3,1]
[256,0,96,16,21,4,6,0,1]
[625,-25,12,-1,1]
[4096,1536,528,183,33,6,1]
[4096,-704,143,-11,1]
[4096,-512,208,-119,13,-2,1]
[256,320,224,112,53,28,14,5,1]
[4096,1024,-48,-75,-3,4,1]
[729,-486,117,-13,13,-6,1]
[15625,1375,44,11,1]
[6561,-486,113,-6,1]
[256,320,208,96,47,24,13,5,1]
[4096,1536,896,193,56,6,1]
[15625,-2250,252,-18,1]
[15625,-3625,456,-29,1]
[4096,-256,384,1,24,-1,1]
[14641,726,238,6,1]
[4096,-2304,1136,-305,71,-9,1]
[256,-192,32,28,-21,7,2,-3,1]
[16384,-1280,-19,-10,1]
[4096,-1024,528,-91,33,-4,1]
[4096,-768,240,-23,15,-3,1]
[4096,-2816,1152,-317,72,-11,1]
[1024,64,-7,2,1]
[4096,1024,512,81,32,4,1]
[4096,-768,0,67,0,-3,1]
[14641,-363,41,-3,1]
[729,324,108,49,12,4,1]
[729,162,72,2,8,2,1]
[15625,-2375,284,-19,1]
[4096,-1536,224,11,14,-6,1]
[6561,-1620,232,-20,1]
[14641,484,-81,4,1]
[4096,1280,209,20,1]
[4096,-2048,608,-137,38,-8,1]
[729,324,9,-22,1,4,1]
[729,-243,99,-64,11,-3,1]
[14641,1815,101,15,1]
[2401,-147,92,-3,1]
[16384,-2176,193,-17,1]
[4096,192,-69,3,1]
[2401,-392,43,-8,1]
[625,275,76,11,1]
[4096,768,-80,-69,-5,3,1]
[4096,-1792,432,-115,27,-7,1]
[256,128,80,4,-3,1,5,2,1]
[15625,-750,68,-6,1]
[4096,-1024,176,29,11,-4,1]
[64,-32,-12,17,-3,-2,1]
[15625,250,98,2,1]
[4096,256,32,-83,2,1,1]
[512,-64,-16,-17,-2,-1,1]
[4096,-2560,784,-197,49,-10,1]
[4096,4096,2096,651,131,16,1]
[4096,-768,256,-135,16,-3,1]
[4096,768,80,-11,5,3,1]
[256,0,32,-40,-3,-10,2,0,1]
[729,-162,-27,25,-3,-2,1]
[16384,512,87,4,1]
[729,324,153,62,17,4,1]
[4096,0,176,-19,11,0,1]
[4096,1536,304,47,19,6,1]
[14641,2057,246,17,1]
[14641,-2420,324,-20,1]
[256,192,96,60,35,15,6,3,1]
[4096,1024,144,-25,9,4,1]
[4096,-1792,672,-183,42,-7,1]
[14641,2541,333,21,1]
[256,128,32,20,15,5,2,2,1]
[14641,1815,127,15,1]
[256,0,144,-16,43,-4,9,0,1]
[1024,-96,-21,-3,1]
[512,128,-8,-1,-1,2,1]
[15625,125,218,1,1]
[15625,-125,-38,-1,1]
[256,0,32,20,7,5,2,0,1]
[4096,-2048,576,-125,36,-8,1]
[6561,243,151,3,1]
[4096,1536,384,67,24,6,1]
[4096,-768,96,47,6,-3,1]
[4096,256,64,25,4,1,1]
[4096,2304,832,215,52,9,1]
[729,0,180,-7,20,0,1]
[15625,1250,31,10,1]
[4096,-256,96,67,6,-1,1]
[4096,1280,432,63,27,5,1]
[4096,-512,67,-8,1]
[4096,1024,96,-7,6,4,1]
[729,-81,81,-23,9,-1,1]
[4096,-512,-64,61,-4,-2,1]
[256,384,400,276,159,69,25,6,1]
[256,320,112,-68,-73,-17,7,5,1]
[729,243,90,47,10,3,1]
[4096,-768,144,-11,9,-3,1]
[2401,-637,131,-13,1]
[4096,1280,240,41,15,5,1]
[256,-192,48,-4,5,-1,3,-3,1]
[2401,49,29,1,1]
[15625,1875,212,15,1]
[256,-128,16,-8,19,-2,1,-2,1]
[4096,-512,160,-71,10,-2,1]
[4096,1024,544,89,34,4,1]
[4096,-768,-176,75,-11,-3,1]
[4096,1280,48,-15,3,5,1]
[16384,2304,311,18,1]
[6561,-891,94,-11,1]
[4096,-64,21,-1,1]
[256,128,96,32,17,8,6,2,1]
[6561,162,-37,2,1]
[256,-256,160,-76,29,-19,10,-4,1]
[4096,-1536,592,-195,37,-6,1]
[6561,81,58,1,1]
[2401,-539,66,-11,1]
[4096,-1024,416,-89,26,-4,1]
[4096,2816,1280,375,80,11,1]
[256,-128,64,-8,5,-2,4,-2,1]
[729,-648,414,-157,46,-8,1]
[4096,1024,112,-27,7,4,1]
[4096,-1792,240,-17,15,-7,1]
[4096,-4096,2064,-641,129,-16,1]
[14641,605,62,5,1]
[4096,0,-176,5,-11,0,1]
[14641,242,-169,2,1]
[14641,-1452,50,-12,1]
[4096,1536,608,125,38,6,1]
[4096,-1216,215,-19,1]
[256,-128,16,16,-1,4,1,-2,1]
[256,0,64,-32,3,-8,4,0,1]
[256,-64,-32,12,7,3,-2,-1,1]
[4096,2304,1040,275,65,9,1]
[4096,-1024,64,-3,4,-4,1]
[4096,512,144,-21,9,2,1]
[4096,2048,848,253,53,8,1]
[256,-128,-48,-12,37,-3,-3,-2,1]
[4096,1024,384,55,24,4,1]
[4096,-3840,1648,-471,103,-15,1]
[4096,-2304,1040,-273,65,-9,1]
[729,-405,171,-70,19,-5,1]
[1024,-128,23,-4,1]
[15625,4750,602,38,1]
[4096,-1024,368,-57,23,-4,1]
[4096,-3328,1488,-437,93,-13,1]
[4096,-256,0,-27,0,-1,1]
[15625,-1375,74,-11,1]
[4096,-3584,1712,-525,107,-14,1]
[4096,768,-160,-81,-10,3,1]
[6561,-891,115,-11,1]
[256,64,-64,-8,17,-2,-4,1,1]
[14641,-2299,321,-19,1]
[16384,-2944,321,-23,1]
[4096,-2048,688,-205,43,-8,1]
[15625,4375,543,35,1]
[4096,-512,576,-43,36,-2,1]
[4096,0,224,57,14,0,1]
[729,81,-9,-14,-1,1,1]
[512,-64,56,13,7,-1,1]
[4096,-1792,192,25,12,-7,1]
[4096,-512,176,-89,11,-2,1]
[256,192,96,68,39,17,6,3,1]
[4096,2304,672,149,42,9,1]
[4096,-2304,496,-73,31,-9,1]
[4096,-512,128,-79,8,-2,1]
[729,-162,0,38,0,-2,1]
[6561,81,29,1,1]
[256,128,96,40,23,10,6,2,1]
[4096,-1536,256,-17,16,-6,1]
[15625,-2625,293,-21,1]
[256,-128,32,-20,17,-5,2,-2,1]
[256,128,48,-28,-11,-7,3,2,1]
[256,-192,80,-12,3,-3,5,-3,1]
[14641,121,-5,1,1]
[14641,-363,-50,-3,1]
[4096,2560,464,39,29,10,1]
[2401,294,90,6,1]
[512,-64,-48,5,-6,-1,1]
[14641,-968,-18,-8,1]
[729,81,99,-5,11,1,1]
[14641,0,9,0,1]
[4096,-256,176,13,11,-1,1]
[729,162,40,6,1]
[256,192,144,68,43,17,9,3,1]
[4096,1280,-16,-97,-1,5,1]
[4096,2048,816,251,51,8,1]
[256,64,144,8,39,2,9,1,1]
[16384,-2176,303,-17,1]
[4096,1792,704,205,44,7,1]
[4096,1024,-64,-83,-4,4,1]
[14641,-242,-80,-2,1]
[4096,384,25,6,1]
[4096,-256,-144,39,-9,-1,1]
[4096,768,144,-15,9,3,1]
[4096,-512,-112,109,-7,-2,1]
[15625,750,8,6,1]
[14641,-3146,389,-26,1]
[256,0,16,-8,19,-2,1,0,1]
[4096,768,240,113,15,3,1]
[14641,121,-134,1,1]
[256,192,80,32,13,8,5,3,1]
[4096,1024,368,107,23,4,1]
[4096,768,-32,-45,-2,3,1]
[729,324,162,59,18,4,1]
[4096,-1024,-96,119,-6,-4,1]
[4096,1536,272,9,17,6,1]
[4096,256,208,27,13,1,1]
[256,320,240,168,99,42,15,5,1]
[14641,-484,141,-4,1]
[256,0,16,24,13,6,1,0,1]
[6561,-81,40,-1,1]
[729,189,65,7,1]
[256,-64,-16,12,11,3,-1,-1,1]
[4096,-512,448,-51,28,-2,1]
[15625,-250,122,-2,1]
[15625,-1000,-8,-8,1]
[256,-384,256,-112,49,-28,16,-6,1]
[4096,-1280,448,-155,28,-5,1]
[512,256,96,49,12,4,1]
[4096,0,-48,57,-3,0,1]
[14641,605,63,5,1]
[15625,-750,168,-6,1]
[15625,2750,329,22,1]
[14641,-1815,125,-15,1]
[256,-128,32,28,-21,7,2,-2,1]
[512,-128,120,-37,15,-2,1]
[4096,448,-5,7,1]
[4096,-768,16,77,1,-3,1]
[4096,256,288,29,18,1,1]
[256,0,16,20,7,5,1,0,1]
[4096,2048,592,159,37,8,1]
[4096,-256,-37,-4,1]
[4096,-1536,304,-17,19,-6,1]
[4096,-1024,560,-135,35,-4,1]
[4096,-2048,640,-191,40,-8,1]
[4096,-1792,688,-167,43,-7,1]
[2401,49,76,1,1]
[256,-192,112,-76,55,-19,7,-3,1]
[16384,-256,97,-2,1]
[16384,3328,349,26,1]
[729,0,108,-2,12,0,1]
[4096,-1792,288,-21,18,-7,1]
[4096,-256,304,-53,19,-1,1]
[64,-48,20,-9,5,-3,1]
[4096,1536,-240,-185,-15,6,1]
[16384,-2688,287,-21,1]
[512,448,256,103,32,7,1]
[256,-64,96,-40,35,-10,6,-1,1]
[15625,3875,477,31,1]
[256,0,80,-16,11,-4,5,0,1]
[256,-320,160,-44,13,-11,10,-5,1]
[4096,-768,160,-99,10,-3,1]
[15625,1000,92,8,1]
[16384,512,-27,4,1]
[4096,-1280,208,-31,13,-5,1]
[4096,1536,-208,-177,-13,6,1]
[729,486,99,7,11,6,1]
[256,128,-16,-24,-3,-6,-1,2,1]
[14641,-2057,232,-17,1]
[729,-567,342,-125,38,-7,1]
[512,256,128,37,16,4,1]
[729,243,59,9,1]
[256,-320,256,-176,101,-44,16,-5,1]
[729,-81,162,-25,18,-1,1]
[4096,256,-64,29,-4,1,1]
[4096,256,128,19,8,1,1]
[4096,-1792,192,1,12,-7,1]
[256,-192,48,-12,9,-3,3,-3,1]
[15625,-625,36,-5,1]
[256,-384,368,-244,135,-61,23,-6,1]
[256,128,208,80,73,20,13,2,1]
[15625,-1375,261,-11,1]
[4096,1024,-64,-55,-4,4,1]
[4096,-448,-5,-7,1]
[15625,-3375,398,-27,1]
[512,256,128,35,16,4,1]
[4096,0,240,-45,15,0,1]
[729,243,45,25,5,3,1]
[6561,-162,19,-2,1]
[256,-192,80,4,-15,1,5,-3,1]
[4096,-1792,288,-23,18,-7,1]
[4096,1536,496,155,31,6,1]
[4096,0,0,-125,0,0,1]
[15625,1125,28,9,1]
[4096,256,-48,13,-3,1,1]
[4096,1280,-176,-139,-11,5,1]
[4096,-384,123,-6,1]
[729,405,135,35,15,5,1]
[15625,625,-28,5,1]
[256,-256,128,-48,17,-12,8,-4,1]
[4096,3584,1568,457,98,14,1]
[4096,256,-80,53,-5,1,1]
[256,0,80,16,29,4,5,0,1]
[4096,-1792,528,-141,33,-7,1]
[4096,-512,-96,127,-6,-2,1]
[4096,-1024,96,-39,6,-4,1]
[4096,-512,-80,57,-5,-2,1]
[4096,2304,560,111,35,9,1]
[4096,256,32,-67,2,1,1]
[729,729,378,143,42,9,1]
[4096,-512,176,49,11,-2,1]
[256,256,240,136,81,34,15,4,1]
[14641,-726,206,-6,1]
[729,0,72,8,8,0,1]
[2401,147,72,3,1]
[256,-192,112,-40,19,-10,7,-3,1]
[14641,1694,183,14,1]
[14641,-1815,215,-15,1]
[15625,1500,72,12,1]
[729,-243,-18,31,-2,-3,1]
[4096,1280,48,-41,3,5,1]
[4096,-1280,560,-115,35,-5,1]
[4096,-256,144,-105,9,-1,1]
[4096,-2048,208,27,13,-8,1]
[4096,-2048,672,-165,42,-8,1]
[4096,-1280,608,-131,38,-5,1]
[4096,-2048,384,-45,24,-8,1]
[256,256,192,96,47,24,12,4,1]
[1024,-32,21,-1,1]
[4096,-1536,224,-11,14,-6,1]
[256,128,80,36,11,9,5,2,1]
[15625,-125,-42,-1,1]
[14641,2541,235,21,1]
[6561,-810,53,-10,1]
[14641,1331,100,11,1]
[729,162,99,20,11,2,1]
[14641,1210,135,10,1]
[4096,-192,35,-3,1]
[15625,2750,296,22,1]
[4096,-1280,64,37,4,-5,1]
[16384,-768,-105,-6,1]
[14641,726,141,6,1]
[15625,-750,-68,-6,1]
[15625,1500,73,12,1]
[15625,2125,304,17,1]
[729,-324,162,-47,18,-4,1]
[4096,256,160,29,10,1,1]
[4096,512,-160,-99,-10,2,1]
[729,324,-45,-49,-5,4,1]
[4096,1792,624,197,39,7,1]
[256,-64,128,-16,39,-4,8,-1,1]
[15625,3250,363,26,1]
[14641,363,185,3,1]
[625,200,48,8,1]
[14641,1936,277,16,1]
[256,64,16,20,-3,5,1,1,1]
[512,-192,120,-49,15,-3,1]
[256,-64,128,-56,37,-14,8,-1,1]
[256,320,272,176,97,44,17,5,1]
[729,-81,216,-19,24,-1,1]
[4096,256,-16,45,-1,1,1]
[15625,4250,533,34,1]
[4096,0,96,29,6,0,1]
[6561,-81,-94,-1,1]
[4096,512,32,15,2,2,1]
[4096,512,-64,-27,-4,2,1]
[16384,1408,135,11,1]
[14641,0,-152,0,1]
[4096,-1024,544,-91,34,-4,1]
[2401,147,20,3,1]
[14641,-847,140,-7,1]
[4096,256,0,-25,0,1,1]
[4096,1536,448,159,28,6,1]
[15625,1000,67,8,1]
[4096,2560,800,205,50,10,1]
[512,-512,272,-107,34,-8,1]
[729,-162,9,28,1,-2,1]
[15625,-125,59,-1,1]
[14641,3146,342,26,1]
[1024,-192,9,-6,1]
[4096,-1280,-16,67,-1,-5,1]
[256,64,96,52,27,13,6,1,1]
[6561,-243,-22,-3,1]
[256,0,16,-24,11,-6,1,0,1]
[15625,4250,527,34,1]
[256,-192,64,8,-23,2,4,-3,1]
[256,-64,112,-8,31,-2,7,-1,1]
[729,-405,180,-61,20,-5,1]
[16384,1664,245,13,1]
[256,192,160,84,45,21,10,3,1]
[512,64,-32,-35,-4,1,1]
[4096,-2048,512,-105,32,-8,1]
[4096,512,368,71,23,2,1]
[4096,-768,208,-87,13,-3,1]
[16384,896,161,7,1]
[4096,-3072,1200,-333,75,-12,1]
[4096,-512,176,-47,11,-2,1]
[4096,-896,137,-14,1]
[64,32,8,3,2,2,1]
[15625,1625,197,13,1]
[16384,-1024,203,-8,1]
[16384,-1024,119,-8,1]
[729,-81,-27,-2,-3,-1,1]
[256,320,112,-80,-81,-20,7,5,1]
[4096,1024,112,-39,7,4,1]
[4096,1280,672,157,42,5,1]
[2401,0,20,0,1]
[4096,1024,-160,-127,-10,4,1]
[4096,0,176,33,11,0,1]
[256,0,0,-16,-13,-4,0,0,1]
[16384,640,-47,5,1]
[4096,-512,272,-9,17,-2,1]
[4096,-1536,880,-191,55,-6,1]
[256,-128,-16,28,-19,7,-1,-2,1]
[6561,-1944,292,-24,1]
[6561,-729,29,-9,1]
[4096,768,112,65,7,3,1]
[14641,-121,-195,-1,1]
[14641,847,188,7,1]
[729,-81,171,-22,19,-1,1]
[256,-192,80,4,-9,1,5,-3,1]
[729,-324,99,-37,11,-4,1]
[256,64,32,-40,-7,-10,2,1,1]
[4096,-256,144,65,9,-1,1]
[4096,3584,1520,435,95,14,1]
[729,324,162,49,18,4,1]
[4096,-256,64,-31,4,-1,1]
[256,-256,272,-160,101,-40,17,-4,1]
[15625,-1625,58,-13,1]
[256,192,128,28,17,7,8,3,1]
[256,128,48,28,9,7,3,2,1]
[4096,-1024,-144,85,-9,-4,1]
[512,-320,104,-27,13,-5,1]
[4096,512,96,-17,6,2,1]
[512,192,-24,-25,-3,3,1]
[14641,-1331,40,-11,1]
[81,9,5,1,1]
[15625,250,-13,2,1]
[256,0,16,-12,-7,-3,1,0,1]
[256,-192,80,-20,5,-5,5,-3,1]
[6561,1134,209,14,1]
[4096,-1536,256,-5,16,-6,1]
[256,-128,80,-40,29,-10,5,-2,1]
[4096,0,80,25,5,0,1]
[14641,847,-81,7,1]
[16384,2560,237,20,1]
[4096,512,-160,-93,-10,2,1]
[256,192,176,96,63,24,11,3,1]
[729,0,9,14,1,0,1]
[4096,-1280,416,-141,26,-5,1]
[15625,1875,284,15,1]
[6561,-243,13,-3,1]
[512,128,8,13,1,2,1]
[512,320,104,25,13,5,1]
[4096,256,-16,-67,-1,1,1]
[256,64,48,16,15,4,3,1,1]
[4096,-256,64,-19,4,-1,1]
[256,0,80,16,15,4,5,0,1]
[256,-64,-80,12,19,3,-5,-1,1]
[256,0,48,24,-7,6,3,0,1]
[6561,-972,170,-12,1]
[15625,-2000,157,-16,1]
[729,-162,216,-31,24,-2,1]
[15625,-1125,254,-9,1]
[256,-64,32,24,-15,6,2,-1,1]
[15625,125,-123,1,1]
[4096,704,135,11,1]
[15625,1750,148,14,1]
[4096,768,176,85,11,3,1]
[14641,847,227,7,1]
[512,-64,64,-29,8,-1,1]
[16384,1792,213,14,1]
[4096,256,-48,31,-3,1,1]
[14641,-605,-39,-5,1]
[512,-256,120,-27,15,-4,1]
[4096,1792,816,213,51,7,1]
[729,-351,89,-13,1]
[256,0,144,-20,43,-5,9,0,1]
[14641,-605,46,-5,1]
[256,-64,32,-16,-1,-4,2,-1,1]
[4096,3072,1072,279,67,12,1]
[15625,875,192,7,1]
[14641,-2178,262,-18,1]
[6561,-324,1,-4,1]
[4096,-1280,-80,89,-5,-5,1]
[256,64,0,-32,-15,-8,0,1,1]
[256,-192,224,-112,79,-28,14,-3,1]
[729,-243,-63,47,-7,-3,1]
[4096,3328,1488,435,93,13,1]
[256,0,112,24,31,6,7,0,1]
[14641,121,-51,1,1]
[4096,1280,48,-25,3,5,1]
[4096,256,32,99,2,1,1]
[729,-405,216,-67,24,-5,1]
[15625,875,204,7,1]
[729,0,-54,-8,-6,0,1]
[729,162,144,13,16,2,1]
[4096,-1024,432,-69,27,-4,1]
[15625,1125,-46,9,1]
[4096,0,528,-21,33,0,1]
[729,-567,306,-119,34,-7,1]
[6561,-486,170,-6,1]
[14641,-1089,85,-9,1]
[14641,605,19,5,1]
[4096,192,-55,3,1]
[4096,0,336,-1,21,0,1]
[2401,-539,75,-11,1]
[4096,-256,-32,23,-2,-1,1]
[15625,-1000,-59,-8,1]
[4096,1536,416,109,26,6,1]
[16384,-256,-39,-2,1]
[512,-128,80,-17,10,-2,1]
[256,-64,192,-40,67,-10,12,-1,1]
[15625,-375,-126,-3,1]
[4096,2560,896,255,56,10,1]
[4096,1024,-160,-135,-10,4,1]
[16384,640,41,5,1]
[4096,-256,-80,-41,-5,-1,1]
[4096,1024,288,93,18,4,1]
[4096,-640,99,-10,1]
[16384,-2560,307,-20,1]
[1024,-160,53,-5,1]
[15625,1000,123,8,1]
[4096,-2048,592,-159,37,-8,1]
[4096,1536,48,-43,3,6,1]
[729,0,99,-17,11,0,1]
[15625,-250,102,-2,1]
[512,0,24,29,3,0,1]
[4096,0,48,-33,3,0,1]
[15625,2875,282,23,1]
[4096,-1536,176,-15,11,-6,1]
[14641,-2057,134,-17,1]
[2401,539,103,11,1]
[512,-448,272,-105,34,-7,1]
[2401,49,86,1,1]
[4096,1792,656,173,41,7,1]
[64,-16,8,-13,2,-1,1]
[14641,-363,76,-3,1]
[256,0,-48,4,25,1,-3,0,1]
[15625,-1375,-3,-11,1]
[14641,-2299,272,-19,1]
[4096,-512,224,-37,14,-2,1]
[4096,-1792,720,-179,45,-7,1]
[15625,-2125,292,-17,1]
[729,-81,18,38,2,-1,1]
[15625,-2875,329,-23,1]
[4096,-256,80,27,5,-1,1]
[256,-128,0,0,3,0,0,-2,1]
[512,-192,24,-7,3,-3,1]
[14641,-2541,251,-21,1]
[4096,-2560,656,-133,41,-10,1]
[512,-128,56,-29,7,-2,1]
[14641,726,161,6,1]
[256,128,32,-32,-21,-8,2,2,1]
[14641,-1815,230,-15,1]
[2401,98,-61,2,1]
[256,256,240,136,83,34,15,4,1]
[14641,605,150,5,1]
[14641,0,112,0,1]
[4096,-768,336,-65,21,-3,1]
[4096,512,-176,-51,-11,2,1]
[4096,-1280,688,-155,43,-5,1]
[4096,3072,1264,363,79,12,1]
[4096,-2048,1040,-265,65,-8,1]
[15625,-2875,268,-23,1]
[4096,256,16,-7,1,1,1]
[15625,-250,59,-2,1]
[6561,243,-19,3,1]
[256,-64,-32,16,-7,4,-2,-1,1]
[4096,768,432,45,27,3,1]
[4096,2560,1184,333,74,10,1]
[256,-64,32,-20,17,-5,2,-1,1]
[4096,512,80,-39,5,2,1]
[256,-64,0,8,-11,2,0,-1,1]
[512,0,120,7,15,0,1]
[15625,750,133,6,1]
[256,-320,144,-8,-13,-2,9,-5,1]
[729,-54,-17,-2,1]
[4096,-1024,256,-95,16,-4,1]
[14641,-1210,186,-10,1]
[14641,4235,534,35,1]
[4096,1280,832,159,52,5,1]
[256,-64,-64,8,21,2,-4,-1,1]
[15625,-2125,154,-17,1]
[256,-128,48,-40,17,-10,3,-2,1]
[4096,512,192,47,12,2,1]
[14641,121,-101,1,1]
[4096,-256,-48,-25,-3,-1,1]
[14641,847,-63,7,1]
[4096,1280,352,39,22,5,1]
[16384,-256,-91,-2,1]
[256,192,192,100,69,25,12,3,1]
[4096,-3328,1584,-471,99,-13,1]
[15625,250,209,2,1]
[4096,-2048,672,-207,42,-8,1]
[14641,-484,-60,-4,1]
[14641,0,228,0,1]
[256,-128,128,-88,41,-22,8,-2,1]
[256,0,48,-28,-3,-7,3,0,1]
[14641,-3388,379,-28,1]
[15625,1375,-2,11,1]
[512,128,-32,-19,-4,2,1]
[729,-324,108,-43,12,-4,1]
[15625,375,242,3,1]
[729,405,45,-10,5,5,1]
[4096,1280,-112,-117,-7,5,1]
[4096,256,368,11,23,1,1]
[15625,-375,-171,-3,1]
[4096,-1024,224,-3,14,-4,1]
[4096,256,128,13,8,1,1]
[15625,875,73,7,1]
[14641,3993,486,33,1]
[14641,121,-24,1,1]
[256,-256,224,-140,85,-35,14,-4,1]
[256,-128,0,8,7,2,0,-2,1]
[4096,-1024,-16,85,-1,-4,1]
[14641,-2299,263,-19,1]
[14641,242,-167,2,1]
[256,256,128,64,39,16,8,4,1]
[15625,-250,-166,-2,1]
[15625,-3000,372,-24,1]
[4096,768,256,-1,16,3,1]
[15625,-2875,362,-23,1]
[625,25,41,1,1]
[729,162,63,29,7,2,1]
[15625,-3125,312,-25,1]
[16384,768,-3,6,1]
[729,-270,58,-10,1]
[4096,-2304,1056,-289,66,-9,1]
[4096,-1536,320,-79,20,-6,1]
[14641,1936,288,16,1]
[729,324,99,22,11,4,1]
[512,128,-40,-19,-5,2,1]
[14641,-1936,179,-16,1]
[729,-189,47,-7,1]
[512,128,128,25,16,2,1]
[4096,-448,97,-7,1]
[4096,-512,160,-55,10,-2,1]
[4096,-256,-128,69,-8,-1,1]
[256,0,-80,0,19,0,-5,0,1]
[512,-256,64,-5,8,-4,1]
[256,256,112,16,1,4,7,4,1]
[4096,-1024,496,-129,31,-4,1]
[14641,-726,123,-6,1]
[4096,1280,592,153,37,5,1]
[729,108,26,4,1]
[4096,-256,96,-81,6,-1,1]
[512,-192,-24,31,-3,-3,1]
[4096,-512,128,13,8,-2,1]
[14641,-1210,89,-10,1]
[16384,-1792,149,-14,1]
[15625,-2750,313,-22,1]
[625,25,48,1,1]
[729,405,-54,-73,-6,5,1]
[256,-48,13,-3,1]
[4096,0,0,-49,0,0,1]
[4096,-2304,768,-217,48,-9,1]
[512,320,48,-5,6,5,1]
[4096,1024,288,107,18,4,1]
[4096,-1024,464,-85,29,-4,1]
[729,81,-36,7,-4,1,1]
[4096,768,32,-45,2,3,1]
[14641,-242,158,-2,1]
[4096,0,400,19,25,0,1]
[4096,1280,288,37,18,5,1]
[4096,256,128,109,8,1,1]
[4096,-768,256,-35,16,-3,1]
[4096,1280,48,-61,3,5,1]
[4096,-512,320,-51,20,-2,1]
[2401,588,111,12,1]
[4096,0,112,67,7,0,1]
[729,0,135,8,15,0,1]
[14641,-484,177,-4,1]
[256,0,32,-4,-5,-1,2,0,1]
[729,0,36,25,4,0,1]
[2401,343,97,7,1]
[4096,3328,1440,421,90,13,1]
[729,-243,72,-10,8,-3,1]
[256,192,64,40,29,10,4,3,1]
[4096,1024,208,35,13,4,1]
[625,0,-9,0,1]
[4096,-3072,1344,-401,84,-12,1]
[4096,0,176,15,11,0,1]
[15625,875,-56,7,1]
[4096,-1536,288,-45,18,-6,1]
[4096,-256,432,-15,27,-1,1]
[16384,-2048,223,-16,1]
[729,0,18,-11,2,0,1]
[14641,-363,-13,-3,1]
[256,-320,144,4,-25,1,9,-5,1]
[4096,1536,144,-35,9,6,1]
[4096,512,384,31,24,2,1]
[15625,250,93,2,1]
[4096,1024,512,107,32,4,1]
[4096,-1280,320,-43,20,-5,1]
[4096,-768,176,27,11,-3,1]
[14641,-1089,113,-9,1]
[4096,0,-64,29,-4,0,1]
[4096,0,96,-21,6,0,1]
[4096,-1792,208,13,13,-7,1]
[4096,-2560,1056,-283,66,-10,1]
[64,40,17,5,1]
[4096,768,160,-5,10,3,1]
[256,320,160,68,37,17,10,5,1]
[14641,484,211,4,1]
[15625,1250,272,10,1]
[256,-192,96,0,-5,0,6,-3,1]
[4096,1280,368,135,23,5,1]
[4096,-768,224,-35,14,-3,1]
[256,-320,272,-180,101,-45,17,-5,1]
[4096,3584,1600,479,100,14,1]
[256,64,96,64,17,16,6,1,1]
[16384,1920,131,15,1]
[256,-128,48,16,-5,4,3,-2,1]
[4096,-2048,880,-257,55,-8,1]
[256,-192,80,-36,21,-9,5,-3,1]
[256,-128,160,-52,47,-13,10,-2,1]
[16384,896,239,7,1]
[6561,-1215,125,-15,1]
[2401,-588,122,-12,1]
[4096,1792,752,211,47,7,1]
[512,192,48,-5,6,3,1]
[4096,1024,384,101,24,4,1]
[14641,-3872,481,-32,1]
[14641,1694,283,14,1]
[256,-128,144,-68,39,-17,9,-2,1]
[15625,-375,98,-3,1]
[4096,-1536,64,61,4,-6,1]
[15625,-2875,267,-23,1]
[16384,896,201,7,1]
[4096,256,144,-51,9,1,1]
[15625,1500,74,12,1]
[16384,512,-111,4,1]
[15625,750,89,6,1]
[4096,-512,336,-7,21,-2,1]
[14641,242,195,2,1]
[4096,-768,-16,-21,-1,-3,1]
[16384,1792,103,14,1]
[4096,-256,-32,65,-2,-1,1]
[729,-162,27,-35,3,-2,1]
[729,243,27,8,3,3,1]
[4096,448,-3,7,1]
[14641,-3509,409,-29,1]
[64,80,68,39,17,5,1]
[4096,1280,240,23,15,5,1]
[4096,-1024,464,-83,29,-4,1]
[16384,-768,-31,-6,1]
[256,64,48,40,23,10,3,1,1]
[4096,256,0,-83,0,1,1]
[729,-81,18,20,2,-1,1]
[16384,0,201,0,1]
[4096,-320,125,-5,1]
[16384,-1408,223,-11,1]
[4096,1024,480,109,30,4,1]
[4096,768,105,12,1]
[4096,-512,-224,53,-14,-2,1]
[14641,-3025,395,-25,1]
[2401,539,92,11,1]
[4096,1536,752,161,47,6,1]
[4096,3328,1456,421,91,13,1]
[16384,0,-69,0,1]
[4096,0,336,-3,21,0,1]
[4096,0,160,17,10,0,1]
[14641,-121,216,-1,1]
[14641,-242,-180,-2,1]
[729,567,270,97,30,7,1]
[512,-512,328,-133,41,-8,1]
[4096,-1280,192,-21,12,-5,1]
[256,192,128,72,47,18,8,3,1]
[4096,512,432,87,27,2,1]
[256,64,16,0,-9,0,1,1,1]
[256,-128,144,-56,49,-14,9,-2,1]
[15625,1000,187,8,1]
[512,192,48,27,6,3,1]
[4096,-1280,288,-93,18,-5,1]
[4096,0,64,59,4,0,1]
[4096,1024,208,43,13,4,1]
[729,-405,-54,76,-6,-5,1]
[2401,-294,29,-6,1]
[4096,3328,1520,463,95,13,1]
[2401,-49,-78,-1,1]
[14641,3388,433,28,1]
[4096,-768,304,-11,19,-3,1]
[14641,1089,206,9,1]
[4096,1280,64,-5,4,5,1]
[2401,0,-83,0,1]
[4096,-1280,192,1,12,-5,1]
[4096,1024,256,1,16,4,1]
[14641,1936,203,16,1]
[4096,-256,128,-51,8,-1,1]
[4096,-256,32,91,2,-1,1]
[6561,-1296,214,-16,1]
[2401,490,93,10,1]
[1024,-160,43,-5,1]
[729,-324,180,-74,20,-4,1]
[16384,4736,595,37,1]
[729,-162,63,-26,7,-2,1]
[512,256,96,21,12,4,1]
[14641,-363,96,-3,1]
[256,-128,-16,-4,23,-1,-1,-2,1]
[4096,-256,192,-51,12,-1,1]
[6561,324,97,4,1]
[4096,-768,480,-105,30,-3,1]
[512,-256,152,-49,19,-4,1]
[14641,968,105,8,1]
[4096,0,48,13,3,0,1]
[256,-256,112,0,-13,0,7,-4,1]
[256,64,13,4,1]
[4096,1024,448,139,28,4,1]
[4096,768,-208,-87,-13,3,1]
[4096,2304,928,249,58,9,1]
[4096,-256,16,-11,1,-1,1]
[14641,-363,65,-3,1]
[512,64,16,33,2,1,1]
[4096,-1024,560,-97,35,-4,1]
[729,-648,306,-113,34,-8,1]
[4096,512,512,71,32,2,1]
[4096,-1280,480,-113,30,-5,1]
[14641,-3630,442,-30,1]
[4096,256,208,89,13,1,1]
[14641,1815,98,15,1]
[729,-162,90,-32,10,-2,1]
[4096,2048,384,49,24,8,1]
[15625,-2750,249,-22,1]
[64,16,24,1,6,1,1]
[4096,2304,800,197,50,9,1]
[14641,0,2,0,1]
[6561,162,-80,2,1]
[4096,1536,-128,-137,-8,6,1]
[4096,-2560,1072,-305,67,-10,1]
[4096,1024,304,151,19,4,1]
[256,128,96,28,11,7,6,2,1]
[4096,-2816,992,-267,62,-11,1]
[512,-64,168,-13,21,-1,1]
[15625,1000,257,8,1]
[256,-64,0,24,-15,6,0,-1,1]
[4096,-1792,272,-27,17,-7,1]
[14641,-1936,247,-16,1]
[16384,-1408,237,-11,1]
[256,-256,192,-100,53,-25,12,-4,1]
[4096,256,80,31,5,1,1]
[15625,-2625,252,-21,1]
[16384,-1024,175,-8,1]
[4096,512,560,55,35,2,1]
[4096,-512,160,-75,10,-2,1]
[512,0,24,23,3,0,1]
[256,128,-32,-12,9,-3,-2,2,1]
[4096,1024,-32,-93,-2,4,1]
[14641,3993,503,33,1]
[4096,1024,-144,-109,-9,4,1]
[14641,-2783,265,-23,1]
[256,-256,240,-168,91,-42,15,-4,1]
[729,-81,27,32,3,-1,1]
[4096,-2304,752,-205,47,-9,1]
[4096,-512,224,-121,14,-2,1]
[4096,-768,48,-15,3,-3,1]
[4096,256,416,53,26,1,1]
[6561,405,121,5,1]
[4096,-512,304,-43,19,-2,1]
[4096,-256,-208,9,-13,-1,1]
[4096,-1536,256,-49,16,-6,1]
[4096,-1280,288,-27,18,-5,1]
[4096,-512,105,-8,1]
[16384,640,-25,5,1]
[512,-64,40,-29,5,-1,1]
[4096,0,432,3,27,0,1]
[4096,-256,80,-89,5,-1,1]
[4096,1792,464,93,29,7,1]
[4096,1792,688,221,43,7,1]
[256,256,160,56,27,14,10,4,1]
[729,405,180,46,20,5,1]
[4096,-256,-16,29,-1,-1,1]
[4096,0,128,-69,8,0,1]
[512,-128,128,-25,16,-2,1]
[4096,-256,-96,85,-6,-1,1]
[729,-324,126,-47,14,-4,1]
[256,64,64,16,11,4,4,1,1]
[256,64,16,0,7,0,1,1,1]
[4096,-1024,192,21,12,-4,1]
[16384,1664,107,13,1]
[256,0,176,-4,57,-1,11,0,1]
[15625,-375,-32,-3,1]
[4096,256,32,97,2,1,1]
[4096,-2048,848,-253,53,-8,1]
[4096,-1792,720,-205,45,-7,1]
[256,128,80,12,17,3,5,2,1]
[256,256,256,160,95,40,16,4,1]
[6561,-729,47,-9,1]
[4096,1024,208,33,13,4,1]
[256,-384,384,-276,157,-69,24,-6,1]
[4096,-512,448,-71,28,-2,1]
[16384,2560,313,20,1]
[16384,-1664,63,-13,1]
[16384,-128,-195,-1,1]
[4096,2816,1184,357,74,11,1]
[729,324,0,-22,0,4,1]
[15625,-2250,216,-18,1]
[256,64,48,-12,-1,-3,3,1,1]
[729,-81,90,-14,10,-1,1]
[4096,2304,896,279,56,9,1]
[4096,0,-77,0,1]
[256,-128,48,-4,-15,-1,3,-2,1]
[14641,847,6,7,1]
[4096,512,-80,-43,-5,2,1]
[1024,320,59,10,1]
[4096,1024,-176,-95,-11,4,1]
[256,-192,192,-100,59,-25,12,-3,1]
[4096,768,128,37,8,3,1]
[4096,-2304,928,-285,58,-9,1]
[729,-162,45,-37,5,-2,1]
[4096,-2560,720,-161,45,-10,1]
[4096,512,48,51,3,2,1]
[4096,-2048,832,-237,52,-8,1]
[4096,256,160,89,10,1,1]
[256,-128,-64,-8,41,-2,-4,-2,1]
[256,320,288,164,91,41,18,5,1]
[14641,0,-211,0,1]
[14641,-2057,237,-17,1]
[256,64,-16,-12,-11,-3,-1,1,1]
[4096,1024,-192,-103,-12,4,1]
[6561,1053,88,13,1]
[4096,1792,592,191,37,7,1]
[729,0,45,-23,5,0,1]
[4096,-1024,32,29,2,-4,1]
[512,0,48,19,6,0,1]
[729,-243,117,-29,13,-3,1]
[729,297,62,11,1]
[4096,0,32,59,2,0,1]
[4096,-1024,512,-133,32,-4,1]
[256,0,112,-16,27,-4,7,0,1]
[4096,-2560,1216,-343,76,-10,1]
[2401,490,61,10,1]
[15625,3250,362,26,1]
[4096,0,32,-91,2,0,1]
[14641,847,229,7,1]
[14641,3267,382,27,1]
[256,128,96,16,13,4,6,2,1]
[2401,-294,74,-6,1]
[14641,605,190,5,1]
[512,-256,56,-1,7,-4,1]
[4096,2048,448,63,28,8,1]
[729,162,54,50,6,2,1]
[4096,512,320,49,20,2,1]
[6561,-810,38,-10,1]
[729,0,90,-7,10,0,1]
[15625,-1375,139,-11,1]
[4096,-3584,1712,-517,107,-14,1]
[256,-64,80,-36,15,-9,5,-1,1]
[4096,0,-16,-105,-1,0,1]
[729,0,-34,0,1]
[729,-81,90,-17,10,-1,1]
[256,-64,32,-8,-11,-2,2,-1,1]
[4096,256,160,97,10,1,1]
[4096,2560,928,261,58,10,1]
[4096,-1280,-176,153,-11,-5,1]
[4096,1792,464,97,29,7,1]
[256,0,16,-4,3,-1,1,0,1]
[4096,-256,432,-23,27,-1,1]
[15625,-1750,101,-14,1]
[256,256,64,-44,-41,-11,4,4,1]
[4096,2048,448,65,28,8,1]
[4096,-256,496,-15,31,-1,1]
[14641,-968,226,-8,1]
[16384,256,-37,2,1]
[256,-64,32,0,-15,0,2,-1,1]
[4096,-768,96,-13,6,-3,1]
[4096,1280,416,115,26,5,1]
[256,-128,80,-32,13,-8,5,-2,1]
[729,-567,297,-104,33,-7,1]
[4096,1024,288,83,18,4,1]
[14641,363,-70,3,1]
[256,-64,16,12,5,3,1,-1,1]
[4096,1024,240,29,15,4,1]
[256,-256,192,-104,53,-26,12,-4,1]
[14641,-968,80,-8,1]
[256,256,144,28,5,7,9,4,1]
[4096,512,-96,-111,-6,2,1]
[512,192,96,37,12,3,1]
[4096,2048,960,241,60,8,1]
[6561,-648,167,-8,1]
[2401,0,43,0,1]
[4096,768,208,33,13,3,1]
[14641,242,20,2,1]
[4096,256,448,57,28,1,1]
[729,-405,103,-15,1]
[4096,-1280,352,-93,22,-5,1]
[6561,324,101,4,1]
[4096,1280,48,-67,3,5,1]
[14641,605,-127,5,1]
[14641,3267,360,27,1]
[512,-128,40,3,5,-2,1]
[256,256,192,104,53,26,12,4,1]
[15625,-1125,87,-9,1]
[4096,1024,-112,-81,-7,4,1]
[2401,98,34,2,1]
[4096,-256,-64,93,-4,-1,1]
[256,64,80,32,13,8,5,1,1]
[729,-162,-18,46,-2,-2,1]
[15625,-250,72,-2,1]
[4096,256,-160,-61,-10,1,1]
[14641,1694,273,14,1]
[4096,-512,192,35,12,-2,1]
[4096,-2560,1088,-319,68,-10,1]
[4096,256,192,93,12,1,1]
[2401,49,27,1,1]
[15625,0,-106,0,1]
[15625,2250,263,18,1]
[512,128,40,23,5,2,1]
[2401,-490,80,-10,1]
[4096,768,208,23,13,3,1]
[256,128,16,-12,1,-3,1,2,1]
[15625,-3000,368,-24,1]
[729,243,117,23,13,3,1]
[4096,-512,-144,23,-9,-2,1]
[4096,-2560,1136,-315,71,-10,1]
[512,64,88,23,11,1,1]
[16384,512,207,4,1]
[256,64,64,56,11,14,4,1,1]
[4096,-2560,1104,-311,69,-10,1]
[256,0,0,-4,-13,-1,0,0,1]
[15625,1500,31,12,1]
[15625,-1000,-29,-8,1]
[4096,1024,304,55,19,4,1]
[4096,1024,-192,-107,-12,4,1]
[4096,-768,288,-129,18,-3,1]
[15625,500,68,4,1]
[15625,3000,331,24,1]
[16384,896,-73,7,1]
[4096,-1280,448,-119,28,-5,1]
[6561,81,-118,1,1]
[4096,0,0,-75,0,0,1]
[4096,512,80,57,5,2,1]
[15625,2375,264,19,1]
[14641,2057,272,17,1]
[4096,1280,304,115,19,5,1]
[15625,625,186,5,1]
[4096,1536,-64,-105,-4,6,1]
[4096,-1792,432,-95,27,-7,1]
[1024,-96,-13,-3,1]
[15625,-375,238,-3,1]
[6561,-1296,200,-16,1]
[4096,1024,336,135,21,4,1]
[4096,3072,1120,303,70,12,1]
[6561,-81,-52,-1,1]
[729,0,18,-43,2,0,1]
[256,-128,48,-8,-5,-2,3,-2,1]
[14641,-363,186,-3,1]
[512,448,264,111,33,7,1]
[729,135,56,5,1]
[4096,-2560,1056,-287,66,-10,1]
[4096,2048,544,131,34,8,1]
[256,384,176,-40,-63,-10,11,6,1]
[256,64,80,44,27,11,5,1,1]
[512,64,48,-17,6,1,1]
[15625,-375,124,-3,1]
[4096,-512,-64,-31,-4,-2,1]
[4096,1536,512,105,32,6,1]
[256,192,96,8,-7,2,6,3,1]
[15625,250,-83,2,1]
[256,64,112,-16,17,-4,7,1,1]
[256,128,112,60,29,15,7,2,1]
[256,-256,96,-36,21,-9,6,-4,1]
[2401,-49,-69,-1,1]
[64,48,20,7,5,3,1]
[4096,-768,368,-69,23,-3,1]
[2401,-686,129,-14,1]
[15625,-1500,79,-12,1]
[15625,1625,252,13,1]
[14641,-2299,270,-19,1]
[4096,768,192,69,12,3,1]
[14641,0,196,0,1]
[4096,-1024,400,-127,25,-4,1]
[256,-192,48,12,-13,3,3,-3,1]
[256,0,-48,8,9,2,-3,0,1]
[14641,1815,294,15,1]
[6561,-567,17,-7,1]
[6561,-405,22,-5,1]
[4096,-1024,192,1,12,-4,1]
[4096,-512,656,-53,41,-2,1]
[4096,-1280,336,-57,21,-5,1]
[2401,-49,22,-1,1]
[6561,-1296,193,-16,1]
[4096,1792,496,135,31,7,1]
[256,64,64,8,15,2,4,1,1]
[6561,-972,68,-12,1]
[4096,-1024,32,51,2,-4,1]
[256,-128,48,-4,9,-1,3,-2,1]
[4096,1024,400,47,25,4,1]
[16384,2176,187,17,1]
[4096,512,80,-63,5,2,1]
[256,64,48,28,19,7,3,1,1]
[16384,128,127,1,1]
[15625,-1375,219,-11,1]
[256,-128,80,-16,19,-4,5,-2,1]
[256,256,224,136,83,34,14,4,1]
[512,0,8,21,1,0,1]
[729,-162,17,-6,1]
[14641,-363,135,-3,1]
[14641,-3025,322,-25,1]
[14641,484,1,4,1]
[729,-648,351,-133,39,-8,1]
[729,81,-27,-43,-3,1,1]
[15625,-2000,306,-16,1]
[6561,1863,281,23,1]
[14641,121,96,1,1]
[4096,2560,960,275,60,10,1]
[4096,0,160,-59,10,0,1]
[4096,-1792,208,17,13,-7,1]
[4096,-3840,1808,-549,113,-15,1]
[256,-128,32,-24,19,-6,2,-2,1]
[729,-162,-18,25,-2,-2,1]
[14641,605,109,5,1]
[729,162,45,-8,5,2,1]
[729,-81,-45,10,-5,-1,1]
[15625,3125,367,25,1]
[729,-486,234,-82,26,-6,1]
[4096,512,-112,-39,-7,2,1]
[256,320,320,220,125,55,20,5,1]
[16384,512,135,4,1]
[4096,2048,848,223,53,8,1]
[256,64,0,4,5,1,0,1,1]
[4096,-2048,880,-229,55,-8,1]
[14641,-605,-60,-5,1]
[256,192,96,20,-3,5,6,3,1]
[729,0,198,-2,22,0,1]
[2401,-294,5,-6,1]
[4096,-1024,288,-31,18,-4,1]
[256,-64,32,-44,13,-11,2,-1,1]
[256,-192,224,-124,81,-31,14,-3,1]
[512,256,152,45,19,4,1]
[14641,1694,272,14,1]
[2401,-98,-8,-2,1]
[16384,-1280,185,-10,1]
[256,-128,0,-4,15,-1,0,-2,1]
[256,128,64,-24,-15,-6,4,2,1]
[256,-64,0,20,-19,5,0,-1,1]
[14641,1089,13,9,1]
[4096,2304,640,139,40,9,1]
[512,-256,72,-5,9,-4,1]
[512,-64,0,-9,0,-1,1]
[14641,-363,-140,-3,1]
[4096,1024,192,71,12,4,1]
[729,-108,53,-4,1]
[256,-128,32,12,1,3,2,-2,1]
[2401,147,92,3,1]
[4096,1792,688,217,43,7,1]
[256,-128,32,8,-9,2,2,-2,1]
[4096,-1024,240,-97,15,-4,1]
[6561,-1053,101,-13,1]
[729,-162,72,-56,8,-2,1]
[729,0,36,-34,4,0,1]
[15625,1375,37,11,1]
[16384,-896,161,-7,1]
[4096,-768,336,-45,21,-3,1]
[256,-256,96,-76,61,-19,6,-4,1]
[4096,-512,16,59,1,-2,1]
[729,-243,153,-52,17,-3,1]
[14641,-484,36,-4,1]
[729,81,108,-4,12,1,1]
[64,32,7,4,1]
[4096,-768,64,71,4,-3,1]
[4096,2304,736,171,46,9,1]
[4096,1024,144,19,9,4,1]
[4096,512,35,8,1]
[512,320,-8,-43,-1,5,1]
[15625,-125,28,-1,1]
[14641,-1331,217,-11,1]
[4096,1024,64,-57,4,4,1]
[4096,-256,128,-21,8,-1,1]
[4096,-1536,384,-71,24,-6,1]
[6561,-567,158,-7,1]
[14641,484,-142,4,1]
[4096,1536,480,131,30,6,1]
[14641,0,-10,0,1]
[4096,1792,224,-7,14,7,1]
[256,-256,80,56,-55,14,5,-4,1]
[256,-128,32,-36,31,-9,2,-2,1]
[16384,1536,31,12,1]
[4096,-2560,688,-149,43,-10,1]
[256,320,224,104,49,26,14,5,1]
[16384,-256,-203,-2,1]
[14641,-1936,158,-16,1]
[14641,968,186,8,1]
[256,64,16,-4,-3,-1,1,1,1]
[256,192,80,60,47,15,5,3,1]
[14641,-1936,199,-16,1]
[4096,1024,496,89,31,4,1]
[4096,768,-16,-87,-1,3,1]
[4096,-512,272,-89,17,-2,1]
[4096,256,224,-15,14,1,1]
[4096,-512,496,-55,31,-2,1]
[729,0,9,-13,1,0,1]
[256,64,32,16,1,4,2,1,1]
[6561,405,85,5,1]
[256,-64,176,-48,59,-12,11,-1,1]
[4096,-512,96,19,6,-2,1]
[4096,1280,80,-51,5,5,1]
[2401,-245,37,-5,1]
[4096,0,-16,79,-1,0,1]
[15625,-2125,156,-17,1]
[256,128,16,-12,-5,-3,1,2,1]
[15625,-1000,33,-8,1]
[15625,1875,294,15,1]
[4096,768,96,-53,6,3,1]
[2401,-196,82,-4,1]
[512,64,104,15,13,1,1]
[4096,-256,-64,75,-4,-1,1]
[4096,1280,400,155,25,5,1]
[4096,2048,592,147,37,8,1]
[14641,-121,108,-1,1]
[14641,484,-41,4,1]
[256,-64,0,-16,11,-4,0,-1,1]
[4096,-1536,112,23,7,-6,1]
[256,-64,48,-20,3,-5,3,-1,1]
[729,324,36,-5,4,4,1]
[6561,567,26,7,1]
[4096,768,80,39,5,3,1]
[4096,1536,304,25,19,6,1]
[14641,1694,102,14,1]
[4096,1024,352,39,22,4,1]
[256,-128,32,-4,11,-1,2,-2,1]
[729,-81,9,-40,1,-1,1]
[729,162,99,34,11,2,1]
[4096,2048,864,247,54,8,1]
[14641,2662,320,22,1]
[256,0,-192,0,65,0,-12,0,1]
[14641,-1210,201,-10,1]
[14641,121,-204,1,1]
[4096,-1024,-16,57,-1,-4,1]
[625,-175,61,-7,1]
[729,-243,-9,23,-1,-3,1]
[15625,-875,251,-7,1]
[256,-64,48,20,5,5,3,-1,1]
[4096,-256,288,-65,18,-1,1]
[14641,0,211,0,1]
[6561,567,106,7,1]
[256,128,-80,0,41,0,-5,2,1]
[2401,931,187,19,1]
[6561,324,10,4,1]
[4096,512,176,-35,11,2,1]
[256,-192,48,-28,23,-7,3,-3,1]
[6561,-1944,277,-24,1]
[15625,-1875,262,-15,1]
[4096,-1536,0,83,0,-6,1]
[16384,-1024,55,-8,1]
[14641,121,-68,1,1]
[15625,-375,79,-3,1]
[4096,768,-176,-65,-11,3,1]
[729,-162,81,-50,9,-2,1]
[729,81,99,28,11,1,1]
[4096,1280,176,33,11,5,1]
[15625,250,187,2,1]
[4096,0,-80,-27,-5,0,1]
[2401,-245,-26,-5,1]
[512,0,24,-17,3,0,1]
[14641,3872,485,32,1]
[2401,294,18,6,1]
[14641,-1210,251,-10,1]
[6561,-405,-47,-5,1]
[14641,-1936,283,-16,1]
[14641,-2299,316,-19,1]
[4096,512,304,-9,19,2,1]
[4096,-768,96,-23,6,-3,1]
[256,-256,128,-56,27,-14,8,-4,1]
[256,128,192,64,61,16,12,2,1]
[729,0,99,-23,11,0,1]
[6561,-2187,334,-27,1]
[256,128,32,-32,-15,-8,2,2,1]
[14641,242,-100,2,1]
[16384,-1024,-53,-8,1]
[729,-162,-27,52,-3,-2,1]
[256,64,-16,-24,-3,-6,-1,1,1]
[15625,-375,-22,-3,1]
[4096,1536,96,-19,6,6,1]
[729,81,180,14,20,1,1]
[729,-405,153,-55,17,-5,1]
[15625,2500,316,20,1]
[15625,-1125,83,-9,1]
[4096,-128,23,-2,1]
[14641,3025,312,25,1]
[4096,512,560,41,35,2,1]
[256,64,16,28,23,7,1,1,1]
[15625,875,156,7,1]
[4096,1280,240,5,15,5,1]
[4096,-1024,160,1,10,-4,1]
[4096,2048,736,179,46,8,1]
[14641,-121,-70,-1,1]
[16384,-1920,231,-15,1]
[4096,-768,192,-125,12,-3,1]
[4096,-256,-16,-49,-1,-1,1]
[256,-128,32,8,-23,2,2,-2,1]
[256,-256,192,-100,49,-25,12,-4,1]
[4096,-256,-64,-27,-4,-1,1]
[729,-243,153,-47,17,-3,1]
[14641,1815,284,15,1]
[4096,1024,192,21,12,4,1]
[256,0,-64,0,27,0,-4,0,1]
[4096,-512,144,-133,9,-2,1]
[4096,1280,64,-67,4,5,1]
[14641,847,-2,7,1]
[256,-128,64,-36,9,-9,4,-2,1]
[729,162,90,34,10,2,1]
[15625,0,111,0,1]
[4096,0,432,11,27,0,1]
[4096,-512,-160,99,-10,-2,1]
[16384,384,81,3,1]
[14641,-2178,310,-18,1]
[4096,256,352,71,22,1,1]
[4096,-1280,336,-109,21,-5,1]
[2401,49,31,1,1]
[14641,3751,480,31,1]
[729,-162,9,13,1,-2,1]
[256,256,96,12,-1,3,6,4,1]
[729,-81,-54,29,-6,-1,1]
[729,-243,72,-44,8,-3,1]
[729,243,99,10,11,3,1]
[4096,-512,112,-33,7,-2,1]
[256,-64,128,-72,31,-18,8,-1,1]
[256,192,96,28,-1,7,6,3,1]
[4096,0,89,0,1]
[4096,-64,-61,-1,1]
[15625,-625,-134,-5,1]
[4096,512,-112,-89,-7,2,1]
[14641,-726,60,-6,1]
[729,-81,52,-3,1]
[4096,2816,1152,347,72,11,1]
[4096,-320,95,-5,1]
[512,-256,136,-39,17,-4,1]
[15625,-1875,234,-15,1]
[4096,1024,224,87,14,4,1]
[15625,-125,49,-1,1]
[14641,726,94,6,1]
[4096,-512,288,13,18,-2,1]
[256,256,144,40,7,10,9,4,1]
[4096,-768,-128,71,-8,-3,1]
[15625,2250,199,18,1]
[256,64,80,20,23,5,5,1,1]
[15625,2000,201,16,1]
[256,-256,192,-124,63,-31,12,-4,1]
[256,-256,240,-148,81,-37,15,-4,1]
[4096,0,96,101,6,0,1]
[256,192,128,68,37,17,8,3,1]
[15625,-125,-47,-1,1]
[14641,242,31,2,1]
[16384,-2816,365,-22,1]
[14641,484,-145,4,1]
[625,-75,44,-3,1]
[512,256,0,-25,0,4,1]
[4096,768,400,91,25,3,1]
[16384,-2304,325,-18,1]
[512,-256,-32,49,-4,-4,1]
[729,0,90,-25,10,0,1]
[4096,512,112,-61,7,2,1]
[729,-243,144,-31,16,-3,1]
[729,81,-18,-2,-2,1,1]
[512,128,32,-15,4,2,1]
[625,100,3,4,1]
[15625,-2375,282,-19,1]
[256,192,16,-28,-17,-7,1,3,1]
[4096,0,80,27,5,0,1]
[4096,256,384,25,24,1,1]
[14641,121,69,1,1]
[4096,1280,208,35,13,5,1]
[729,-162,99,2,11,-2,1]
[16384,256,171,2,1]
[256,-64,48,-24,9,-6,3,-1,1]
[512,-192,56,-27,7,-3,1]
[14641,1573,199,13,1]
[14641,2299,271,19,1]
[14641,-1452,184,-12,1]
[4096,768,-128,-87,-8,3,1]
[14641,-2178,234,-18,1]
[4096,0,32,-113,2,0,1]
[512,-128,48,-41,6,-2,1]
[14641,0,51,0,1]
[256,-128,0,-8,13,-2,0,-2,1]
[16384,256,-105,2,1]
[256,0,0,4,-23,1,0,0,1]
[256,-64,32,32,-23,8,2,-1,1]
[14641,-484,123,-4,1]
[4096,1024,-208,-131,-13,4,1]
[14641,1210,140,10,1]
[4096,256,64,-41,4,1,1]
[4096,768,128,11,8,3,1]
[4096,512,288,73,18,2,1]
[16384,128,73,1,1]
[512,320,96,19,12,5,1]
[15625,1375,181,11,1]
[2401,0,-48,0,1]
[256,384,320,188,95,47,20,6,1]
[4096,1280,-224,-149,-14,5,1]
[4096,-1024,320,-121,20,-4,1]
[729,0,27,38,3,0,1]
[16384,1664,243,13,1]
[4096,-256,112,-59,7,-1,1]
[4096,-768,560,-61,35,-3,1]
[4096,-1280,576,-127,36,-5,1]
[6561,-1458,220,-18,1]
[4096,-3328,1392,-395,87,-13,1]
[15625,-125,-198,-1,1]
[16384,1152,207,9,1]
[256,-256,192,-84,41,-21,12,-4,1]
[4096,0,0,13,0,0,1]
[4096,1280,432,103,27,5,1]
[14641,121,108,1,1]
[4096,2048,624,151,39,8,1]
[4096,-1024,64,63,4,-4,1]
[729,-405,45,19,5,-5,1]
[256,-64,48,-28,27,-7,3,-1,1]
[256,64,-80,-4,23,-1,-5,1,1]
[15625,2500,344,20,1]
[4096,-1024,352,-149,22,-4,1]
[729,-405,216,-83,24,-5,1]
[4096,256,-16,-85,-1,1,1]
[4096,0,-128,-13,-8,0,1]
[14641,484,-115,4,1]
[4096,-512,-80,65,-5,-2,1]
[256,256,160,92,47,23,10,4,1]
[256,-128,-16,24,-5,6,-1,-2,1]
[15625,-375,-3,-3,1]
[4096,-768,16,37,1,-3,1]
[15625,-4375,556,-35,1]
[256,64,-16,8,1,2,-1,1,1]
[64,-48,20,-11,5,-3,1]
[15625,1875,107,15,1]
[15625,1875,97,15,1]
[4096,256,208,13,13,1,1]
[512,-448,136,-29,17,-7,1]
[4096,-2048,784,-245,49,-8,1]
[15625,1000,251,8,1]
[2401,-245,89,-5,1]
[4096,0,-80,79,-5,0,1]
[4096,1024,768,121,48,4,1]
[256,-128,16,28,-15,7,1,-2,1]
[4096,-1536,656,-153,41,-6,1]
[256,64,16,12,7,3,1,1,1]
[256,192,64,36,25,9,4,3,1]
[16384,128,251,1,1]
[16384,-256,33,-2,1]
[16384,384,97,3,1]
[4096,-1792,448,-115,28,-7,1]
[14641,-847,-17,-7,1]
[1024,-256,39,-8,1]
[15625,-2250,209,-18,1]
[4096,1024,-128,-65,-8,4,1]
[1024,32,-45,1,1]
[729,135,43,5,1]
[15625,-750,246,-6,1]
[4096,256,0,-69,0,1,1]
[256,-256,176,-96,47,-24,11,-4,1]
[16384,2176,259,17,1]
[512,-192,112,-33,14,-3,1]
[4096,0,464,-25,29,0,1]
[256,-192,128,-80,49,-20,8,-3,1]
[4096,1728,305,27,1]
[256,64,96,8,21,2,6,1,1]
[729,405,153,64,17,5,1]
[256,-64,112,-28,29,-7,7,-1,1]
[4096,-1024,560,-123,35,-4,1]
[4096,768,608,83,38,3,1]
[4096,-1536,96,39,6,-6,1]
[15625,1625,203,13,1]
[512,0,16,-35,2,0,1]
[4096,-512,96,-29,6,-2,1]
[729,243,180,50,20,3,1]
[256,-192,64,-8,7,-2,4,-3,1]
[4096,-1280,192,-59,12,-5,1]
[4096,-1280,592,-115,37,-5,1]
[16384,-1152,-33,-9,1]
[16384,-1280,241,-10,1]
[256,-64,0,-4,15,-1,0,-1,1]
[4096,256,80,-1,5,1,1]
[15625,125,17,1,1]
[4096,1024,512,75,32,4,1]
[14641,2541,289,21,1]
[729,81,117,8,13,1,1]
[14641,-2299,268,-19,1]
[4096,-2560,976,-257,61,-10,1]
[14641,-1815,225,-15,1]
[4096,-1280,16,67,1,-5,1]
[4096,256,496,23,31,1,1]
[729,243,90,44,10,3,1]
[14641,-2662,265,-22,1]
[729,-108,19,-4,1]
[4096,1280,400,119,25,5,1]
[6561,972,154,12,1]
[64,-32,4,-1,1,-2,1]
[4096,-3328,1504,-441,94,-13,1]
[4096,-1792,-96,149,-6,-7,1]
[4096,768,32,-17,2,3,1]
[4096,-768,752,-95,47,-3,1]
[4096,0,416,21,26,0,1]
[729,405,171,71,19,5,1]
[729,81,117,13,13,1,1]
[6561,972,133,12,1]
[6561,243,-88,3,1]
[14641,605,-103,5,1]
[256,192,128,52,19,13,8,3,1]
[6561,0,-46,0,1]
[256,576,656,500,285,125,41,9,1]
[4096,512,-48,-23,-3,2,1]
[16384,-2816,297,-22,1]
[15625,-2000,286,-16,1]
[729,-135,55,-5,1]
[15625,-125,-216,-1,1]
[4096,256,208,41,13,1,1]
[4096,-1280,320,-117,20,-5,1]
[6561,81,49,1,1]
[4096,448,-11,7,1]
[729,405,27,-25,3,5,1]
[256,128,32,-8,-17,-2,2,2,1]
[4096,256,-64,-75,-4,1,1]
[729,324,72,8,8,4,1]
[14641,1936,131,16,1]
[4096,-512,64,11,4,-2,1]
[4096,-1280,320,-93,20,-5,1]
[16384,512,49,4,1]
[15625,-1000,-17,-8,1]
[6561,972,191,12,1]
[256,64,112,24,33,6,7,1,1]
[14641,-847,-70,-7,1]
[729,-324,171,-38,19,-4,1]
[16384,-896,165,-7,1]
[16384,-384,67,-3,1]
[15625,250,-191,2,1]
[4096,-128,-33,-2,1]
[4096,0,32,29,2,0,1]
[16384,3840,443,30,1]
[1024,-64,-37,-2,1]
[4096,512,-16,-67,-1,2,1]
[4096,2048,736,239,46,8,1]
[256,-64,-48,4,21,1,-3,-1,1]
[4096,1024,32,-65,2,4,1]
[256,64,80,60,17,15,5,1,1]
[256,64,128,48,37,12,8,1,1]
[625,25,7,1,1]
[512,192,8,-19,1,3,1]
[4096,256,32,-63,2,1,1]
[4096,-2304,800,-207,50,-9,1]
[4096,0,64,81,4,0,1]
[14641,-484,-127,-4,1]
[15625,2625,332,21,1]
[4096,-2048,448,-63,28,-8,1]
[512,128,16,-19,2,2,1]
[4096,768,176,-31,11,3,1]
[15625,-625,24,-5,1]
[15625,-1625,233,-13,1]
[16384,3456,403,27,1]
[16384,-2944,287,-23,1]
[4096,1792,640,189,40,7,1]
[15625,-2625,339,-21,1]
[256,0,32,4,-11,1,2,0,1]
[4096,512,256,31,16,2,1]
[4096,0,240,51,15,0,1]
[16384,-640,-137,-5,1]
[256,0,-80,0,25,0,-5,0,1]
[4096,-1280,592,-147,37,-5,1]
[15625,-2000,216,-16,1]
[729,486,135,25,15,6,1]
[256,0,16,16,-3,4,1,0,1]
[6561,567,65,7,1]
[14641,-1573,151,-13,1]
[4096,-512,48,27,3,-2,1]
[14641,3509,422,29,1]
[14641,484,-69,4,1]
[15625,-3750,431,-30,1]
[4096,768,-192,-91,-12,3,1]
[4096,1280,-224,-165,-14,5,1]
[4096,-1792,880,-225,55,-7,1]
[4096,-768,400,-43,25,-3,1]
[16384,-5504,717,-43,1]
[625,-25,19,-1,1]
[16384,-896,-93,-7,1]
[16384,2560,355,20,1]
[4096,256,288,73,18,1,1]
[4096,-768,336,-19,21,-3,1]
[4096,-256,-64,121,-4,-1,1]
[729,81,81,34,9,1,1]
[6561,729,121,9,1]
[729,-27,-28,-1,1]
[729,81,144,8,16,1,1]
[2401,-1029,197,-21,1]
[14641,-363,-71,-3,1]
[16384,3456,381,27,1]
[4096,-256,80,-53,5,-1,1]
[15625,1375,238,11,1]
[6561,-486,112,-6,1]
[256,-64,16,0,-17,0,1,-1,1]
[16384,384,-47,3,1]
[4096,768,400,89,25,3,1]
[1024,-192,35,-6,1]
[256,64,-16,-16,-5,-4,-1,1,1]
[256,320,144,-8,-29,-2,9,5,1]
[14641,-363,192,-3,1]
[4096,2816,1296,377,81,11,1]
[729,243,99,44,11,3,1]
[15625,-375,-54,-3,1]
[4096,-768,640,-91,40,-3,1]
[4096,-768,-112,35,-7,-3,1]
[14641,484,-127,4,1]
[14641,-1694,129,-14,1]
[6561,0,98,0,1]
[729,-324,189,-64,21,-4,1]
[4096,2048,816,225,51,8,1]
[16384,128,215,1,1]
[4096,512,-160,-59,-10,2,1]
[4096,1536,816,179,51,6,1]
[512,-192,24,-5,3,-3,1]
[729,81,-18,-1,-2,1,1]
[14641,484,-129,4,1]
[256,-384,240,-88,33,-22,15,-6,1]
[4096,-768,-128,107,-8,-3,1]
[14641,1815,271,15,1]
[4096,512,-144,-115,-9,2,1]
[4096,-1024,352,-85,22,-4,1]
[4096,-768,96,39,6,-3,1]
[256,0,48,36,-1,9,3,0,1]
[256,0,144,8,45,2,9,0,1]
[4096,2048,752,229,47,8,1]
[4096,256,240,27,15,1,1]
[4096,768,608,93,38,3,1]
[4096,0,192,45,12,0,1]
[512,-192,-8,23,-1,-3,1]
[512,64,48,3,6,1,1]
[256,-144,49,-9,1]
[729,81,-18,-13,-2,1,1]
[256,192,160,88,49,22,10,3,1]
[15625,0,11,0,1]
[4096,256,32,21,2,1,1]
[512,384,232,97,29,6,1]
[729,567,261,95,29,7,1]
[6561,-324,-62,-4,1]
[4096,-1792,304,-17,19,-7,1]
[256,-128,0,-16,23,-4,0,-2,1]
[2401,-294,17,-6,1]
[6561,1620,245,20,1]
[4096,-2816,1184,-343,74,-11,1]
[16384,-2688,237,-21,1]
[14641,-2178,157,-18,1]
[4096,-768,-48,3,-3,-3,1]
[4096,256,-160,-79,-10,1,1]
[4096,-1024,80,41,5,-4,1]
[4096,-1024,-112,77,-7,-4,1]
[14641,-968,-5,-8,1]
[6561,-729,142,-9,1]
[16384,3072,307,24,1]
[4096,512,-64,-71,-4,2,1]
[256,-192,128,-72,45,-18,8,-3,1]
[4096,1024,-208,-129,-13,4,1]
[16384,-1408,57,-11,1]
[4096,-2560,848,-229,53,-10,1]
[16384,-2176,229,-17,1]
[14641,-3146,334,-26,1]
[16384,-384,-111,-3,1]
[4096,-768,160,-3,10,-3,1]
[16384,-768,-21,-6,1]
[14641,-121,1,-1,1]
[6561,-81,-20,-1,1]
[4096,-896,105,-14,1]
[4096,-256,560,-17,35,-1,1]
[4096,-64,-19,-1,1]
[14641,-1815,124,-15,1]
[4096,-1280,192,21,12,-5,1]
[4096,2048,336,37,21,8,1]
[15625,2250,167,18,1]
[1024,416,91,13,1]
[4096,-2048,656,-147,41,-8,1]
[729,81,9,-22,1,1,1]
[4096,512,176,85,11,2,1]
[16384,256,-175,2,1]
[729,405,45,-20,5,5,1]
[256,-640,816,-676,397,-169,51,-10,1]
[4096,1280,272,67,17,5,1]
[4096,3072,880,183,55,12,1]
[14641,2420,265,20,1]
[4096,-1024,272,-129,17,-4,1]
[256,128,32,8,13,2,2,2,1]
[4096,256,112,-15,7,1,1]
[16384,384,67,3,1]
[4096,3328,1312,363,82,13,1]
[2401,-539,73,-11,1]
[4096,-768,112,-85,7,-3,1]
[4096,0,-48,39,-3,0,1]
[256,0,16,-8,13,-2,1,0,1]
[256,-192,80,-60,43,-15,5,-3,1]
[256,192,112,56,25,14,7,3,1]
[14641,847,218,7,1]
[4096,0,16,-13,1,0,1]
[4096,1536,544,117,34,6,1]
[2401,-245,16,-5,1]
[729,162,153,16,17,2,1]
[6561,324,-20,4,1]
[16384,768,231,6,1]
[729,891,558,224,62,11,1]
[4096,-256,288,19,18,-1,1]
[256,-128,16,32,-37,8,1,-2,1]
[4096,0,48,53,3,0,1]
[256,-192,80,-8,3,-2,5,-3,1]
[4096,192,19,3,1]
[256,-64,128,-36,37,-9,8,-1,1]
[4096,0,-192,-11,-12,0,1]
[4096,0,-48,63,-3,0,1]
[729,-243,126,-40,14,-3,1]
[4096,-512,352,-97,22,-2,1]
[15625,625,54,5,1]
[4096,1280,-176,-141,-11,5,1]
[4096,-256,304,-21,19,-1,1]
[16384,-2176,219,-17,1]
[4096,1024,288,45,18,4,1]
[4096,-1024,192,7,12,-4,1]
[512,448,248,107,31,7,1]
[16384,256,-9,2,1]
[15625,-250,113,-2,1]
[15625,2375,239,19,1]
[14641,1573,222,13,1]
[4096,1536,48,-73,3,6,1]
[14641,363,113,3,1]
[16384,-512,135,-4,1]
[729,-243,99,-13,11,-3,1]
[729,-81,54,-43,6,-1,1]
[16384,2432,251,19,1]
[14641,-605,-18,-5,1]
[256,-384,256,-104,41,-26,16,-6,1]
[729,243,45,7,5,3,1]
[15625,3000,353,24,1]
[4096,-1280,208,-7,13,-5,1]
[16384,-128,165,-1,1]
[4096,-768,240,-55,15,-3,1]
[6561,1215,209,15,1]
[15625,-1375,208,-11,1]
[4096,256,192,-43,12,1,1]
[4096,-1024,480,-121,30,-4,1]
[14641,-4356,554,-36,1]
[2401,-686,127,-14,1]
[2401,490,83,10,1]
[256,192,96,-8,-9,-2,6,3,1]
[1024,32,33,1,1]
[4096,1280,448,65,28,5,1]
[125,-1,1]
[15625,-250,-29,-2,1]
[4096,0,448,31,28,0,1]
[15625,-125,-49,-1,1]
[512,256,112,55,14,4,1]
[4096,-3584,1536,-445,96,-14,1]
[2401,-49,46,-1,1]
[729,-243,-36,29,-4,-3,1]
[4096,-1024,512,-107,32,-4,1]
[256,-64,96,-20,27,-5,6,-1,1]
[4096,-4352,2256,-709,141,-17,1]
[4096,-256,288,25,18,-1,1]
[256,-256,208,-136,81,-34,13,-4,1]
[4096,768,224,25,14,3,1]
[256,0,160,-12,49,-3,10,0,1]
[4096,576,143,9,1]
[15625,2625,254,21,1]
[729,81,45,19,5,1,1]
[14641,-968,239,-8,1]
[256,192,144,96,53,24,9,3,1]
[14641,2420,263,20,1]
[4096,768,128,53,8,3,1]
[4096,-512,-96,-13,-6,-2,1]
[729,405,135,28,15,5,1]
[15625,4625,589,37,1]
[4096,-1792,288,-17,18,-7,1]
[16384,0,243,0,1]
[4096,-768,128,39,8,-3,1]
[16384,-896,85,-7,1]
[256,-320,112,68,-71,17,7,-5,1]
[256,-192,112,-60,31,-15,7,-3,1]
[64,32,24,11,6,2,1]
[4096,512,-176,-53,-11,2,1]
[4096,-2048,592,-137,37,-8,1]
[256,-64,-16,-16,17,-4,-1,-1,1]
[256,0,-64,8,29,2,-4,0,1]
[15625,2375,332,19,1]
[4096,-1024,560,-129,35,-4,1]
[256,128,96,48,41,12,6,2,1]
[4096,-2560,912,-233,57,-10,1]
[256,128,80,48,25,12,5,2,1]
[4096,-512,-48,-29,-3,-2,1]
[4096,-1536,544,-167,34,-6,1]
[729,-162,18,-19,2,-2,1]
[512,0,-8,11,-1,0,1]
[4096,2048,800,255,50,8,1]
[14641,-121,118,-1,1]
[81,-7,1]
[15625,375,163,3,1]
[6561,729,68,9,1]
[15625,-3000,306,-24,1]
[4096,-768,336,-87,21,-3,1]
[4096,-1536,416,-75,26,-6,1]
[4096,2304,576,113,36,9,1]
[4096,0,-32,33,-2,0,1]
[256,-128,96,-24,9,-6,6,-2,1]
[4096,2048,448,77,28,8,1]
[16384,-1280,105,-10,1]
[16384,-1792,67,-14,1]
[4096,1024,-64,-41,-4,4,1]
[14641,-2904,304,-24,1]
[4096,1280,448,163,28,5,1]
[14641,-2904,365,-24,1]
[256,-64,32,-12,-1,-3,2,-1,1]
[256,-64,-48,24,5,6,-3,-1,1]
[256,-320,304,-204,117,-51,19,-5,1]
[16384,-1152,93,-9,1]
[4096,768,128,-19,8,3,1]
[14641,1331,232,11,1]
[4096,512,-80,-15,-5,2,1]
[256,64,-16,-24,-15,-6,-1,1,1]
[15625,1500,79,12,1]
[14641,-2057,313,-17,1]
[4096,-2304,896,-231,56,-9,1]
[4096,-1536,560,-195,35,-6,1]
[14641,-3025,359,-25,1]
[4096,1024,256,111,16,4,1]
[256,-128,32,24,-23,6,2,-2,1]
[4096,256,272,-25,17,1,1]
[4096,1280,752,157,47,5,1]
[4096,-2304,336,-3,21,-9,1]
[4096,-1536,304,-45,19,-6,1]
[15625,875,-34,7,1]
[4096,0,-80,-7,-5,0,1]
[2401,-539,120,-11,1]
[256,64,80,8,23,2,5,1,1]
[2401,-882,169,-18,1]
[729,81,108,34,12,1,1]
[729,162,72,25,8,2,1]
[512,64,-24,1,-3,1,1]
[4096,-1536,560,-149,35,-6,1]
[729,-648,396,-154,44,-8,1]
[15625,1250,81,10,1]
[14641,2783,285,23,1]
[512,-320,200,-79,25,-5,1]
[729,567,306,115,34,7,1]
[1024,160,37,5,1]
[4096,320,25,5,1]
[256,-256,192,-132,71,-33,12,-4,1]
[256,128,48,-16,-3,-4,3,2,1]
[4096,512,192,85,12,2,1]
[14641,1452,32,12,1]
[15625,1875,207,15,1]
[4096,-1280,560,-97,35,-5,1]
[256,-128,112,-44,27,-11,7,-2,1]
[14641,-1089,181,-9,1]
[14641,-847,58,-7,1]
[4096,-1536,592,-169,37,-6,1]
[256,-192,128,-72,49,-18,8,-3,1]
[15625,1000,179,8,1]
[512,-64,0,-3,0,-1,1]
[4096,1536,368,75,23,6,1]
[4096,1280,208,19,13,5,1]
[4096,512,48,9,3,2,1]
[256,-128,192,-76,63,-19,12,-2,1]
[256,128,128,72,31,18,8,2,1]
[256,-128,48,40,-23,10,3,-2,1]
[256,192,208,100,69,25,13,3,1]
[14641,1936,200,16,1]
[15625,1375,8,11,1]
[512,128,112,13,14,2,1]
[256,0,64,52,5,13,4,0,1]
[4096,-1536,608,-147,38,-6,1]
[16384,-128,-59,-1,1]
[4096,1536,96,-55,6,6,1]
[4096,256,320,45,20,1,1]
[4096,-1536,592,-163,37,-6,1]
[14641,484,125,4,1]
[4096,-1280,80,-7,5,-5,1]
[2401,294,-12,6,1]
[729,486,90,-1,10,6,1]
[729,324,162,50,18,4,1]
[14641,363,173,3,1]
[4096,-768,112,29,7,-3,1]
[4096,2560,992,275,62,10,1]
[4096,1792,784,201,49,7,1]
[256,192,48,48,45,12,3,3,1]
[16384,1792,257,14,1]
[729,-81,117,-34,13,-1,1]
[256,-128,32,8,-17,2,2,-2,1]
[4096,1024,171,16,1]
[16384,-1536,141,-12,1]
[256,80,23,5,1]
[14641,-4477,584,-37,1]
[16384,0,25,0,1]
[14641,1331,136,11,1]
[729,81,81,16,9,1,1]
[4096,128,35,2,1]
[256,0,-48,8,11,2,-3,0,1]
[4096,-2560,1120,-307,70,-10,1]
[4096,768,80,61,5,3,1]
[512,-320,24,23,3,-5,1]
[512,128,56,39,7,2,1]
[256,0,48,-40,3,-10,3,0,1]
[4096,-512,96,9,6,-2,1]
[4096,1280,0,-83,0,5,1]
[4096,1280,464,71,29,5,1]
[15625,-125,-73,-1,1]
[256,-256,288,-172,109,-43,18,-4,1]
[15625,-500,224,-4,1]
[16384,0,-77,0,1]
[4096,-1024,256,-105,16,-4,1]
[6561,-81,83,-1,1]
[4096,2816,928,229,58,11,1]
[4096,1280,320,79,20,5,1]
[512,64,0,-13,0,1,1]
[4096,-512,16,-23,1,-2,1]
[729,-405,36,16,4,-5,1]
[14641,1573,83,13,1]
[729,-162,108,-20,12,-2,1]
[6561,1377,209,17,1]
[1024,352,87,11,1]
[512,-384,200,-77,25,-6,1]
[14641,-2299,241,-19,1]
[4096,1792,224,-3,14,7,1]
[256,256,112,-16,-27,-4,7,4,1]
[256,192,112,44,13,11,7,3,1]
[6561,324,46,4,1]
[15625,1375,151,11,1]
[4096,2816,1248,375,78,11,1]
[15625,-2750,283,-22,1]
[2401,-882,176,-18,1]
[4096,256,160,-63,10,1,1]
[256,128,16,-28,-25,-7,1,2,1]
[4096,-2304,1008,-271,63,-9,1]
[4096,0,272,-17,17,0,1]
[512,-384,136,-41,17,-6,1]
[4096,1024,-48,-41,-3,4,1]
[729,162,-63,-46,-7,2,1]
[14641,726,-101,6,1]
[14641,-1210,236,-10,1]
[14641,-484,158,-4,1]
[729,0,0,-46,0,0,1]
[4096,-1536,288,-71,18,-6,1]
[14641,-1815,192,-15,1]
[4096,256,16,-87,1,1,1]
[512,-64,64,-17,8,-1,1]
[729,81,81,19,9,1,1]
[14641,-363,-86,-3,1]
[256,-128,32,36,-33,9,2,-2,1]
[729,-648,324,-124,36,-8,1]
[64,-48,0,9,0,-3,1]
[256,128,80,28,19,7,5,2,1]
[14641,1331,65,11,1]
[729,135,46,5,1]
[2401,-686,143,-14,1]
[15625,-1000,37,-8,1]
[512,128,112,35,14,2,1]
[729,162,45,13,5,2,1]
[729,162,-27,-40,-3,2,1]
[15625,-2500,222,-20,1]
[4096,1024,-64,-109,-4,4,1]
[32,5,1]
[4096,2816,1200,367,75,11,1]
[512,-192,64,-3,8,-3,1]
[4096,-1536,272,-11,17,-6,1]
[1024,224,59,7,1]
[16384,0,-5,0,1]
[256,128,0,-32,-17,-8,0,2,1]
[14641,-363,240,-3,1]
[2401,-392,23,-8,1]
[256,0,-112,-4,31,-1,-7,0,1]
[15625,-1250,153,-10,1]
[4096,-768,-208,101,-13,-3,1]
[14641,847,17,7,1]
[4096,-512,208,11,13,-2,1]
[4096,-1024,32,49,2,-4,1]
[4096,-1280,336,-59,21,-5,1]
[4096,-2560,928,-237,58,-10,1]
[512,192,56,35,7,3,1]
[4096,-256,-64,115,-4,-1,1]
[14641,-847,211,-7,1]
[256,0,32,-40,-1,-10,2,0,1]
[4096,1280,432,169,27,5,1]
[729,-648,396,-149,44,-8,1]
[4096,-1792,704,-157,44,-7,1]
[4096,2304,832,227,52,9,1]
[256,0,0,4,-1,1,0,0,1]
[256,0,48,44,-5,11,3,0,1]
[2401,-49,-27,-1,1]
[4096,-256,-32,-27,-2,-1,1]
[15625,-3000,307,-24,1]
[6561,-324,65,-4,1]
[4096,0,48,95,3,0,1]
[256,-64,-16,20,-19,5,-1,-1,1]
[4096,-1280,704,-159,44,-5,1]
[256,64,48,40,25,10,3,1,1]
[729,-81,-27,7,-3,-1,1]
[4096,-2304,960,-265,60,-9,1]
[729,405,-27,-55,-3,5,1]
[4096,1536,400,131,25,6,1]
[256,128,32,36,25,9,2,2,1]
[4096,256,48,19,3,1,1]
[256,320,192,40,3,10,12,5,1]
[4096,-2048,720,-217,45,-8,1]
[4096,-1280,-144,113,-9,-5,1]
[6561,486,-46,6,1]
[4096,-512,592,-71,37,-2,1]
[256,0,80,16,19,4,5,0,1]
[4096,-512,336,-103,21,-2,1]
[256,-128,-16,-20,29,-5,-1,-2,1]
[4096,-512,256,-111,16,-2,1]
[512,-64,64,5,8,-1,1]
[4096,256,144,71,9,1,1]
[512,-128,0,11,0,-2,1]
[4096,3584,1696,515,106,14,1]
[4096,-256,16,-61,1,-1,1]
[6561,-405,118,-5,1]
[4096,256,160,85,10,1,1]
[512,-320,160,-69,20,-5,1]
[256,0,-144,4,47,1,-9,0,1]
[4096,64,-63,1,1]
[4096,-1280,720,-145,45,-5,1]
[14641,1089,120,9,1]
[81,-63,26,-7,1]
[256,256,128,68,37,17,8,4,1]
[4096,1792,400,101,25,7,1]
[729,81,225,17,25,1,1]
[14641,1452,272,12,1]
[2401,-147,19,-3,1]
[4096,1024,320,101,20,4,1]
[4096,1024,144,-35,9,4,1]
[4096,2560,480,47,30,10,1]
[4096,0,240,41,15,0,1]
[16384,-128,45,-1,1]
[729,-405,243,-73,27,-5,1]
[256,192,160,108,51,27,10,3,1]
[4096,1024,480,113,30,4,1]
[14641,-363,-137,-3,1]
[4096,-768,16,13,1,-3,1]
[729,-405,225,-83,25,-5,1]
[256,-64,80,-24,23,-6,5,-1,1]
[4096,-768,128,-87,8,-3,1]
[4096,-2816,1360,-387,85,-11,1]
[4096,-256,48,-113,3,-1,1]
[256,128,-16,-4,7,-1,-1,2,1]
[4096,-1280,-144,109,-9,-5,1]
[15625,3375,392,27,1]
[256,-128,64,20,-7,5,4,-2,1]
[729,162,45,7,5,2,1]
[4096,-1536,-224,191,-14,-6,1]
[15625,-1750,187,-14,1]
[729,-162,-63,28,-7,-2,1]
[729,0,-18,31,-2,0,1]
[4096,-512,400,-83,25,-2,1]
[4096,0,0,41,0,0,1]
[4096,-2304,304,13,19,-9,1]
[256,-64,96,-28,27,-7,6,-1,1]
[512,-256,144,-59,18,-4,1]
[256,-192,48,48,-35,12,3,-3,1]
[512,-192,40,-19,5,-3,1]
[4096,1024,432,123,27,4,1]
[2401,196,29,4,1]
[15625,500,-62,4,1]
[14641,-1815,199,-15,1]
[4096,-1792,720,-163,45,-7,1]
[14641,-968,40,-8,1]
[256,192,48,40,33,10,3,3,1]
[4096,768,528,83,33,3,1]
[729,0,99,-14,11,0,1]
[256,-64,80,-56,23,-14,5,-1,1]
[4096,-3072,976,-229,61,-12,1]
[4096,-1280,624,-135,39,-5,1]
[14641,-242,160,-2,1]
[4096,512,117,8,1]
[4096,0,96,23,6,0,1]
[14641,-1694,273,-14,1]
[512,-448,240,-97,30,-7,1]
[4096,-1024,64,23,4,-4,1]
[4096,1024,352,133,22,4,1]
[14641,726,-17,6,1]
[4096,512,-128,-69,-8,2,1]
[64,48,20,5,5,3,1]
[256,-320,320,-208,121,-52,20,-5,1]
[4096,0,272,13,17,0,1]
[4096,0,96,27,6,0,1]
[4096,1536,496,157,31,6,1]
[256,0,-48,-20,15,-5,-3,0,1]
[4096,-1024,288,-53,18,-4,1]
[4096,256,32,-19,2,1,1]
[4096,-1792,656,-181,41,-7,1]
[729,-81,108,-22,12,-1,1]
[4096,512,144,37,9,2,1]
[6561,-405,-53,-5,1]
[15625,3250,387,26,1]
[6561,-162,74,-2,1]
[256,0,29,0,1]
[15625,-1500,48,-12,1]
[6561,1782,263,22,1]
[14641,-3509,404,-29,1]
[4096,0,-80,-75,-5,0,1]
[256,-320,192,-52,11,-13,12,-5,1]
[256,-96,23,-6,1]
[256,448,496,376,217,94,31,7,1]
[4096,-512,544,-43,34,-2,1]
[14641,-1331,256,-11,1]
[6561,1134,161,14,1]
[16384,-768,51,-6,1]
[4096,-256,-48,33,-3,-1,1]
[4096,1280,-128,-105,-8,5,1]
[14641,-1936,163,-16,1]
[15625,-750,116,-6,1]
[729,243,9,-11,1,3,1]
[4096,256,16,103,1,1,1]
[125,-12,1]
[1024,608,151,19,1]
[2401,-490,116,-10,1]
[4096,1536,144,-13,9,6,1]
[4096,768,560,71,35,3,1]
[729,243,99,37,11,3,1]
[4096,-2560,864,-225,54,-10,1]
[2401,196,-17,4,1]
[4096,2816,864,205,54,11,1]
[4096,256,336,13,21,1,1]
[4096,256,480,29,30,1,1]
[14641,-1573,166,-13,1]
[4096,-512,240,-113,15,-2,1]
[4096,-1792,528,-151,33,-7,1]
[729,-135,7,-5,1]
[256,128,32,8,-3,2,2,2,1]
[729,81,81,-7,9,1,1]
[512,64,72,19,9,1,1]
[16384,-640,217,-5,1]
[256,0,-23,0,1]
[4096,-1024,304,-131,19,-4,1]
[512,64,8,-5,1,1,1]
[4096,256,32,93,2,1,1]
[256,-192,80,-4,-9,-1,5,-3,1]
[4096,-1280,368,-61,23,-5,1]
[4096,-256,-96,25,-6,-1,1]
[4096,256,448,11,28,1,1]
[4096,-512,448,-81,28,-2,1]
[256,-64,32,-28,21,-7,2,-1,1]
[4096,-256,-49,-4,1]
[4096,1792,608,147,38,7,1]
[4096,1344,235,21,1]
[14641,-1452,252,-12,1]
[4096,0,80,-57,5,0,1]
[15625,750,58,6,1]
[4096,-1024,-32,17,-2,-4,1]
[4096,-192,121,-3,1]
[16384,384,257,3,1]
[256,64,0,-8,-9,-2,0,1,1]
[4096,-256,96,71,6,-1,1]
[4096,-512,-208,63,-13,-2,1]
[16384,128,83,1,1]
[4096,-1024,416,-67,26,-4,1]
[16384,-1280,229,-10,1]
[4096,1536,-128,-141,-8,6,1]
[15625,-750,243,-6,1]
[2401,539,60,11,1]
[16384,-3584,383,-28,1]
[14641,-2178,315,-18,1]
[16384,-640,-101,-5,1]
[4096,768,160,81,10,3,1]
[4096,-3072,1504,-441,94,-12,1]
[729,-81,144,-5,16,-1,1]
[256,0,-32,8,11,2,-2,0,1]
[4096,-1536,768,-185,48,-6,1]
[4096,512,432,57,27,2,1]
[14641,1452,151,12,1]
[256,384,272,140,69,35,17,6,1]
[14641,-484,190,-4,1]
[4096,-768,352,-105,22,-3,1]
[4096,0,-160,-5,-10,0,1]
[4096,512,-128,-79,-8,2,1]
[4096,768,416,57,26,3,1]
[4096,-1024,304,-75,19,-4,1]
[15625,500,92,4,1]
[512,-448,256,-103,32,-7,1]
[256,0,48,44,-3,11,3,0,1]
[4096,512,-112,-107,-7,2,1]
[4096,-1280,-96,119,-6,-5,1]
[14641,3751,444,31,1]
[14641,1936,196,16,1]
[4096,512,288,-9,18,2,1]
[256,-128,48,-36,23,-9,3,-2,1]
[4096,-256,192,13,12,-1,1]
[4096,-1280,400,-129,25,-5,1]
[729,-162,198,-26,22,-2,1]
[256,192,32,20,23,5,2,3,1]
[6561,1215,184,15,1]
[729,324,153,67,17,4,1]
[256,-128,48,12,-19,3,3,-2,1]
[4096,256,48,-23,3,1,1]
[6561,729,14,9,1]
[729,-162,-36,29,-4,-2,1]
[4096,1024,288,63,18,4,1]
[512,512,304,127,38,8,1]
[4096,-2304,608,-129,38,-9,1]
[4096,1024,-112,-79,-7,4,1]
[4096,0,-48,95,-3,0,1]
[4096,-2560,1104,-303,69,-10,1]
[4096,-256,-176,9,-11,-1,1]
[4096,-2560,1168,-321,73,-10,1]
[4096,512,576,37,36,2,1]
[4096,-512,384,-59,24,-2,1]
[16384,-2176,297,-17,1]
[256,64,-16,-4,5,-1,-1,1,1]
[14641,-242,-40,-2,1]
[4096,-1792,80,61,5,-7,1]
[4096,1024,384,95,24,4,1]
[4096,-2048,736,-229,46,-8,1]
[256,0,112,8,35,2,7,0,1]
[256,-64,0,24,-13,6,0,-1,1]
[729,0,135,5,15,0,1]
[4096,1792,144,-37,9,7,1]
[6561,567,170,7,1]
[256,128,64,4,9,1,4,2,1]
[256,64,32,0,11,0,2,1,1]
[256,192,224,120,81,30,14,3,1]
[256,-64,-64,4,25,1,-4,-1,1]
[4096,512,416,71,26,2,1]
[6561,-891,151,-11,1]
[4096,-768,112,-17,7,-3,1]
[4096,-1280,32,49,2,-5,1]
[729,162,27,-4,3,2,1]
[14641,1936,185,16,1]
[256,0,96,36,15,9,6,0,1]
[16384,-2176,157,-17,1]
[16384,0,-21,0,1]
[256,-64,64,-40,3,-10,4,-1,1]
[729,0,36,-7,4,0,1]
[256,-128,96,-60,37,-15,6,-2,1]
[6561,729,119,9,1]
[4096,0,0,37,0,0,1]
[4096,1792,496,87,31,7,1]
[512,0,-32,-5,-4,0,1]
[15625,-1375,58,-11,1]
[729,-81,-72,19,-8,-1,1]
[256,64,-96,-12,27,-3,-6,1,1]
[4096,768,528,69,33,3,1]
[256,128,112,68,25,17,7,2,1]
[512,-64,104,-11,13,-1,1]
[256,-64,0,-8,15,-2,0,-1,1]
[4096,-768,96,35,6,-3,1]
[4096,2816,768,159,48,11,1]
[128,19,1]
[2401,245,12,5,1]
[4096,-512,208,-71,13,-2,1]
[16384,-4992,635,-39,1]
[4096,256,160,-65,10,1,1]
[4096,1536,400,103,25,6,1]
[4096,-1536,96,21,6,-6,1]
[256,-160,49,-10,1]
[4096,-64,-27,-1,1]
[14641,2299,268,19,1]
[4096,512,304,83,19,2,1]
[4096,2048,720,189,45,8,1]
[6561,-324,98,-4,1]
[14641,1331,180,11,1]
[256,-64,48,-44,21,-11,3,-1,1]
[625,-25,6,-1,1]
[4096,-1536,608,-139,38,-6,1]
[64,48,44,21,11,3,1]
[4096,256,-32,-15,-2,1,1]
[14641,-1452,164,-12,1]
[4096,-2048,672,-151,42,-8,1]
[4096,512,-16,47,-1,2,1]
[14641,-2541,315,-21,1]
[4096,-2048,160,57,10,-8,1]
[256,-128,112,-68,43,-17,7,-2,1]
[4096,512,576,67,36,2,1]
[4096,1536,384,63,24,6,1]
[14641,1331,56,11,1]
[15625,3750,453,30,1]
[256,0,0,4,-21,1,0,0,1]
[512,128,8,7,1,2,1]
[4096,-512,96,-13,6,-2,1]
[256,0,-32,-12,13,-3,-2,0,1]
[14641,-242,-106,-2,1]
[4096,3584,1424,391,89,14,1]
[6561,891,52,11,1]
[2401,980,192,20,1]
[256,-256,176,-112,57,-28,11,-4,1]
[4096,-1024,-112,81,-7,-4,1]
[4096,-2048,528,-121,33,-8,1]
[15625,1250,274,10,1]
[4096,-512,-96,3,-6,-2,1]
[625,-200,52,-8,1]
[2401,1078,214,22,1]
[256,0,16,-12,5,-3,1,0,1]
[256,128,96,32,13,8,6,2,1]
[256,-256,160,-108,63,-27,10,-4,1]
[14641,-968,197,-8,1]
[4096,0,48,37,3,0,1]
[4096,1792,528,119,33,7,1]
[4096,1792,272,19,17,7,1]
[16384,-256,183,-2,1]
[4096,512,352,63,22,2,1]
[16384,1792,177,14,1]
[4096,-2304,752,-197,47,-9,1]
[512,384,160,49,20,6,1]
[15625,-375,181,-3,1]
[4096,256,160,3,10,1,1]
[729,-243,126,-46,14,-3,1]
[4096,-512,96,-61,6,-2,1]
[15625,3375,429,27,1]
[4096,1792,864,219,54,7,1]
[256,384,208,20,-19,5,13,6,1]
[729,81,0,23,0,1,1]
[16384,3456,429,27,1]
[6561,-486,67,-6,1]
[14641,-847,36,-7,1]
[729,243,108,47,12,3,1]
[15625,375,-177,3,1]
[16384,-1408,281,-11,1]
[4096,1024,368,47,23,4,1]
[14641,121,157,1,1]
[625,-150,17,-6,1]
[4096,-1280,240,-79,15,-5,1]
[4096,-1536,432,-71,27,-6,1]
[4096,1024,288,11,18,4,1]
[256,-192,160,-72,47,-18,10,-3,1]
[256,-64,-32,12,-11,3,-2,-1,1]
[15625,-2500,242,-20,1]
[15625,-500,234,-4,1]
[4096,1280,624,145,39,5,1]
[15625,2750,303,22,1]
[4096,1024,192,83,12,4,1]
[16384,1792,267,14,1]
[729,162,-36,-50,-4,2,1]
[512,256,144,45,18,4,1]
[4096,-1792,352,-37,22,-7,1]
[4096,0,624,3,39,0,1]
[4096,-256,-32,55,-2,-1,1]
[6561,891,169,11,1]
[14641,3388,391,28,1]
[729,-243,18,17,2,-3,1]
[14641,484,-67,4,1]
[15625,-2625,359,-21,1]
[15625,-875,54,-7,1]
[15625,-1125,183,-9,1]
[14641,-121,-87,-1,1]
[256,-320,336,-224,133,-56,21,-5,1]
[14641,-121,2,-1,1]
[14641,0,177,0,1]
[14641,-363,-35,-3,1]
[4096,-1280,784,-159,49,-5,1]
[256,-128,112,-16,15,-4,7,-2,1]
[4096,1024,-96,-93,-6,4,1]
[4096,-256,-39,-4,1]
[256,192,80,-20,-17,-5,5,3,1]
[256,128,96,-8,1,-2,6,2,1]
[256,-64,32,-12,13,-3,2,-1,1]
[4096,-768,-64,55,-4,-3,1]
[4096,0,-93,0,1]
[729,243,99,47,11,3,1]
[14641,121,9,1,1]
[256,64,48,24,9,6,3,1,1]
[256,-320,208,-116,63,-29,13,-5,1]
[4096,-192,9,-3,1]
[729,-486,216,-83,24,-6,1]
[14641,-1210,191,-10,1]
[4096,1280,32,-39,2,5,1]
[14641,1452,207,12,1]
[16384,-1536,121,-12,1]
[4096,1280,-96,-121,-6,5,1]
[6561,-81,94,-1,1]
[14641,0,186,0,1]
[256,64,128,16,31,4,8,1,1]
[4096,1536,560,119,35,6,1]
[4096,0,176,-15,11,0,1]
[4096,-2048,784,-203,49,-8,1]
[4096,256,32,-11,2,1,1]
[4096,-1024,464,-91,29,-4,1]
[729,-81,27,-22,3,-1,1]
[4096,1024,128,-9,8,4,1]
[729,405,243,88,27,5,1]
[512,-192,-16,15,-2,-3,1]
[14641,-1694,172,-14,1]
[256,-192,48,20,-17,5,3,-3,1]
[4096,768,224,27,14,3,1]
[14641,1089,-42,9,1]
[729,-810,504,-205,56,-10,1]
[16384,1152,125,9,1]
[4096,3584,1664,501,104,14,1]
[256,-64,128,-28,41,-7,8,-1,1]
[4096,0,208,57,13,0,1]
[6561,1782,238,22,1]
[15625,-1750,269,-14,1]
[4096,-1280,48,71,3,-5,1]
[256,-64,16,16,1,4,1,-1,1]
[256,-384,352,-244,135,-61,22,-6,1]
[4096,-512,128,35,8,-2,1]
[4096,-768,304,-113,19,-3,1]
[4096,-512,560,-55,35,-2,1]
[729,729,414,164,46,9,1]
[256,128,96,4,13,1,6,2,1]
[15625,625,-59,5,1]
[729,-567,315,-128,35,-7,1]
[4096,-1280,304,-63,19,-5,1]
[14641,1331,167,11,1]
[15625,-1250,-18,-10,1]
[512,64,104,9,13,1,1]
[729,-648,324,-115,36,-8,1]
[256,-64,48,16,-5,4,3,-1,1]
[14641,-242,10,-2,1]
[512,128,24,17,3,2,1]
[4096,-2560,1040,-293,65,-10,1]
[4096,256,480,55,30,1,1]
[2401,196,67,4,1]
[4096,512,368,93,23,2,1]
[729,0,9,-34,1,0,1]
[64,32,-8,-17,-2,2,1]
[14641,121,-74,1,1]
[512,192,24,-7,3,3,1]
[4096,-768,0,-11,0,-3,1]
[256,384,256,104,41,26,16,6,1]
[16384,896,107,7,1]
[256,0,-64,-8,19,-2,-4,0,1]
[729,324,81,7,9,4,1]
[16384,1408,265,11,1]
[4096,0,85,0,1]
[4096,256,224,31,14,1,1]
[2401,-196,-37,-4,1]
[15625,3625,457,29,1]
[256,-64,48,-28,9,-7,3,-1,1]
[729,0,27,-20,3,0,1]
[4096,-512,-176,87,-11,-2,1]
[81,-36,10,-4,1]
[4096,1024,288,137,18,4,1]
[14641,242,157,2,1]
[729,-162,90,-19,10,-2,1]
[15625,2125,252,17,1]
[256,-64,80,12,3,3,5,-1,1]
[15625,1125,-41,9,1]
[256,-128,48,-4,-1,-1,3,-2,1]
[4096,0,-64,-89,-4,0,1]
[729,-243,99,-40,11,-3,1]
[16384,640,173,5,1]
[256,-64,144,-52,41,-13,9,-1,1]
[6561,-81,104,-1,1]
[6561,243,50,3,1]
[6561,81,88,1,1]
[16384,512,33,4,1]
[256,192,96,48,21,12,6,3,1]
[4096,0,160,-25,10,0,1]
[15625,-2250,198,-18,1]
[4096,0,496,-9,31,0,1]
[512,-64,32,-23,4,-1,1]
[4096,768,528,61,33,3,1]
[16384,1792,217,14,1]
[4096,1024,0,-9,0,4,1]
[14641,242,78,2,1]
[4096,1536,224,23,14,6,1]
[256,-192,32,28,-23,7,2,-3,1]
[4096,-2304,1008,-279,63,-9,1]
[4096,-512,240,15,15,-2,1]
[4096,-1536,432,-69,27,-6,1]
[256,64,144,40,41,10,9,1,1]
[14641,484,166,4,1]
[2401,-147,-45,-3,1]
[729,-324,189,-50,21,-4,1]
[729,0,162,-7,18,0,1]
[4096,-512,192,-91,12,-2,1]
[256,-320,224,-148,85,-37,14,-5,1]
[4096,0,128,-79,8,0,1]
[4096,-256,320,15,20,-1,1]
[4096,-512,64,-23,4,-2,1]
[4096,768,80,47,5,3,1]
[14641,0,130,0,1]
[729,-162,108,-14,12,-2,1]
[256,-128,16,16,-23,4,1,-2,1]
[4096,-1024,-64,113,-4,-4,1]
[15625,875,163,7,1]
[512,256,80,11,10,4,1]
[14641,121,237,1,1]
[256,256,208,144,75,36,13,4,1]
[4096,1280,544,123,34,5,1]
[4096,-1024,-144,133,-9,-4,1]
[15625,-750,92,-6,1]
[16384,2176,227,17,1]
[15625,-1000,42,-8,1]
[256,64,16,20,27,5,1,1,1]
[16384,-2048,253,-16,1]
[4096,256,208,-27,13,1,1]
[4096,1792,176,-25,11,7,1]
[256,192,64,20,13,5,4,3,1]
[256,-128,128,-32,29,-8,8,-2,1]
[16384,-768,181,-6,1]
[4096,-512,304,-107,19,-2,1]
[4096,-768,192,1,12,-3,1]
[729,0,-27,35,-3,0,1]
[4096,256,304,31,19,1,1]
[4096,2816,1264,367,79,11,1]
[14641,726,-56,6,1]
[625,-50,-6,-2,1]
[15625,375,62,3,1]
[4096,-256,80,5,5,-1,1]
[4096,-2560,976,-295,61,-10,1]
[512,384,128,31,16,6,1]
[4096,-256,32,97,2,-1,1]
[15625,1750,176,14,1]
[4096,1024,432,109,27,4,1]
[4096,1024,464,79,29,4,1]
[729,162,153,31,17,2,1]
[729,-81,-45,-4,-5,-1,1]
[2401,-735,146,-15,1]
[729,-162,0,-7,0,-2,1]
[2401,294,6,6,1]
[4096,512,-144,-55,-9,2,1]
[729,405,198,77,22,5,1]
[14641,3630,433,30,1]
[15625,-2750,251,-22,1]
[14641,726,-74,6,1]
[729,-405,72,-11,8,-5,1]
[16384,1408,255,11,1]
[4096,0,-32,-45,-2,0,1]
[4096,-256,320,-53,20,-1,1]
[4096,-256,288,-67,18,-1,1]
[4096,-1024,192,-15,12,-4,1]
[14641,-2057,168,-17,1]
[64,-80,68,-41,17,-5,1]
[4096,768,704,89,44,3,1]
[1024,-32,15,-1,1]
[4096,-512,-48,111,-3,-2,1]
[2401,196,-12,4,1]
[15625,875,44,7,1]
[512,-64,32,-17,4,-1,1]
[6561,81,79,1,1]
[256,0,32,44,-3,11,2,0,1]
[4096,-512,-80,29,-5,-2,1]
[4096,768,592,101,37,3,1]
[256,-64,48,-8,23,-2,3,-1,1]
[256,384,160,-68,-83,-17,10,6,1]
[2401,49,-38,1,1]
[729,-162,108,-8,12,-2,1]
[14641,-1089,149,-9,1]
[4096,2816,1104,301,69,11,1]
[4096,-2304,976,-257,61,-9,1]
[4096,2560,608,109,38,10,1]
[4096,-256,144,-103,9,-1,1]
[4096,768,512,71,32,3,1]
[4096,-256,112,-53,7,-1,1]
[4096,1280,-128,-131,-8,5,1]
[4096,-256,80,-3,5,-1,1]
[15625,1125,227,9,1]
[4096,0,-64,27,-4,0,1]
[4096,0,288,-37,18,0,1]
[16384,384,-15,3,1]
[4096,-1792,208,1,13,-7,1]
[4096,1792,336,41,21,7,1]
[14641,1452,50,12,1]
[2401,245,13,5,1]
[4096,-1536,-64,103,-4,-6,1]
[256,512,528,372,205,93,33,8,1]
[256,-64,-48,24,7,6,-3,-1,1]
[15625,-1000,174,-8,1]
[16384,-384,131,-3,1]
[15625,-125,142,-1,1]
[4096,256,608,41,38,1,1]
[14641,-847,-72,-7,1]
[256,-192,160,-84,43,-21,10,-3,1]
[4096,-2560,496,-53,31,-10,1]
[16384,1408,237,11,1]
[16384,-896,3,-7,1]
[4096,-256,352,-39,22,-1,1]
[4096,0,80,-59,5,0,1]
[15625,-1250,208,-10,1]
[729,0,81,-16,9,0,1]
[4096,1536,544,97,34,6,1]
[14641,1694,265,14,1]
[512,320,104,23,13,5,1]
[4096,512,480,23,30,2,1]
[4096,512,256,-31,16,2,1]
[4096,512,208,119,13,2,1]
[729,0,27,-7,3,0,1]
[256,128,-16,-12,1,-3,-1,2,1]
[14641,-1331,116,-11,1]
[4096,-2816,1136,-323,71,-11,1]
[256,0,32,-24,13,-6,2,0,1]
[2401,196,41,4,1]
[4096,512,96,67,6,2,1]
[256,-128,64,4,-3,1,4,-2,1]
[256,192,112,64,39,16,7,3,1]
[256,128,112,68,29,17,7,2,1]
[4096,-256,-128,-5,-8,-1,1]
[256,-256,128,-16,-7,-4,8,-4,1]
[4096,2304,1024,287,64,9,1]
[14641,2783,281,23,1]
[4096,1024,576,115,36,4,1]
[4096,1792,32,-95,2,7,1]
[256,-64,16,-4,3,-1,1,-1,1]
[256,0,-48,0,31,0,-3,0,1]
[1024,128,55,4,1]
[729,-162,0,35,0,-2,1]
[4096,2048,304,15,19,8,1]
[729,-81,54,-8,6,-1,1]
[4096,1024,96,11,6,4,1]
[4096,-256,-80,71,-5,-1,1]
[256,0,32,-12,-3,-3,2,0,1]
[4096,1536,-112,-139,-7,6,1]
[256,192,80,48,33,12,5,3,1]
[4096,-2560,1024,-283,64,-10,1]
[16384,-768,3,-6,1]
[15625,500,-61,4,1]
[15625,-625,-129,-5,1]
[729,189,58,7,1]
[6561,81,140,1,1]
[256,-192,64,-32,23,-8,4,-3,1]
[256,-320,208,-72,25,-18,13,-5,1]
[4096,-2560,576,-95,36,-10,1]
[729,-81,207,-16,23,-1,1]
[14641,-121,162,-1,1]
[256,-128,32,-16,13,-4,2,-2,1]
[64,-80,52,-27,13,-5,1]
[14641,-968,30,-8,1]
[729,-243,81,-46,9,-3,1]
[256,0,64,0,9,0,4,0,1]
[14641,-1089,27,-9,1]
[4096,0,496,9,31,0,1]
[2401,147,25,3,1]
[256,-128,160,-76,49,-19,10,-2,1]
[729,567,306,110,34,7,1]
[512,-192,-16,19,-2,-3,1]
[6561,-1296,185,-16,1]
[512,64,24,27,3,1,1]
[15625,-1750,191,-14,1]
[15625,0,-26,0,1]
[4096,1024,576,93,36,4,1]
[4096,-512,-16,105,-1,-2,1]
[4096,-2048,896,-251,56,-8,1]
[15625,-625,-108,-5,1]
[6561,324,35,4,1]
[4096,-768,-64,15,-4,-3,1]
[16384,256,161,2,1]
[4096,-256,-224,29,-14,-1,1]
[4096,1024,-48,-87,-3,4,1]
[1024,64,25,2,1]
[4096,768,208,73,13,3,1]
[15625,-750,29,-6,1]
[4096,1280,-96,-111,-6,5,1]
[4096,512,0,-7,0,2,1]
[512,64,0,19,0,1,1]
[4096,1280,288,39,18,5,1]
[6561,-81,-65,-1,1]
[16384,640,39,5,1]
[14641,-484,-50,-4,1]
[4096,-1024,112,27,7,-4,1]
[256,-128,64,-48,27,-12,4,-2,1]
[4096,1024,320,81,20,4,1]
[4096,-1024,496,-65,31,-4,1]
[4096,-1536,128,37,8,-6,1]
[4096,512,96,61,6,2,1]
[256,-64,96,-76,17,-19,6,-1,1]
[4096,256,80,-13,5,1,1]
[256,-320,208,-104,53,-26,13,-5,1]
[14641,-3025,368,-25,1]
[4096,512,109,8,1]
[14641,-121,-147,-1,1]
[4096,1792,320,57,20,7,1]
[256,-64,80,8,5,2,5,-1,1]
[4096,1536,16,-79,1,6,1]
[256,64,32,28,7,7,2,1,1]
[4096,768,608,85,38,3,1]
[14641,-1331,178,-11,1]
[4096,-1024,512,-67,32,-4,1]
[729,-81,36,19,4,-1,1]
[256,256,128,40,9,10,8,4,1]
[729,486,216,71,24,6,1]
[15625,1500,149,12,1]
[4096,-1536,496,-121,31,-6,1]
[4096,1024,416,127,26,4,1]
[4096,-768,640,-81,40,-3,1]
[4096,512,208,23,13,2,1]
[4096,1792,736,199,46,7,1]
[4096,768,128,79,8,3,1]
[729,-324,270,-71,30,-4,1]
[729,162,117,11,13,2,1]
[729,0,27,7,3,0,1]
[4096,-1536,-48,101,-3,-6,1]
[256,0,-32,-4,-5,-1,-2,0,1]
[256,-64,80,-16,9,-4,5,-1,1]
[14641,-605,21,-5,1]
[4096,256,256,1,16,1,1]
[4096,768,112,19,7,3,1]
[256,128,0,-16,-9,-4,0,2,1]
[2401,-637,94,-13,1]
[4096,1792,480,99,30,7,1]
[1024,-160,41,-5,1]
[256,0,16,28,-7,7,1,0,1]
[16384,3072,319,24,1]
[256,0,-32,0,-9,0,-2,0,1]
[4096,256,288,-29,18,1,1]
[4096,1024,-224,-139,-14,4,1]
[256,64,16,-20,-9,-5,1,1,1]
[4096,320,129,5,1]
[4096,1792,320,39,20,7,1]
[14641,-363,-164,-3,1]
[4096,1280,112,-49,7,5,1]
[4096,1536,496,163,31,6,1]
[256,-128,112,-20,19,-5,7,-2,1]
[15625,-375,-12,-3,1]
[256,192,32,-36,-31,-9,2,3,1]
[1024,64,23,2,1]
[14641,1936,216,16,1]
[256,-64,64,8,15,2,4,-1,1]
[4096,256,304,-25,19,1,1]
[256,256,80,-20,-25,-5,5,4,1]
[256,-192,0,4,13,1,0,-3,1]
[15625,-875,197,-7,1]
[15625,125,-219,1,1]
[4096,1792,272,3,17,7,1]
[4096,-2304,800,-195,50,-9,1]
[16384,1024,31,8,1]
[729,243,27,-7,3,3,1]
[256,384,288,144,67,36,18,6,1]
[14641,605,193,5,1]
[4096,3328,1456,431,91,13,1]
[4096,-512,48,49,3,-2,1]
[4096,512,96,53,6,2,1]
[4096,-3072,1200,-335,75,-12,1]
[4096,1024,80,-11,5,4,1]
[256,192,176,100,59,25,11,3,1]
[14641,1210,219,10,1]
[4096,-2304,576,-127,36,-9,1]
[4096,1024,-32,-21,-2,4,1]
[256,128,96,32,29,8,6,2,1]
[256,0,0,16,11,4,0,0,1]
[4096,1024,320,105,20,4,1]
[4096,2048,800,223,50,8,1]
[4096,0,320,-17,20,0,1]
[15625,750,46,6,1]
[4096,512,384,73,24,2,1]
[16,0,5,0,1]
[4096,0,48,39,3,0,1]
[16384,1536,105,12,1]
[4096,1024,352,103,22,4,1]
[4096,1536,736,159,46,6,1]
[14641,1210,229,10,1]
[4096,-1024,768,-119,48,-4,1]
[729,243,-9,-28,-1,3,1]
[4096,384,83,6,1]
[6561,0,-7,0,1]
[256,384,256,88,27,22,16,6,1]
[256,-64,96,-20,37,-5,6,-1,1]
[4096,-64,67,-1,1]
[729,324,63,23,7,4,1]
[4096,1024,128,-27,8,4,1]
[16384,-256,-165,-2,1]
[256,128,112,76,33,19,7,2,1]
[14641,-1694,161,-14,1]
[256,-128,32,4,-5,1,2,-2,1]
[15625,1000,106,8,1]
[4096,-2816,1136,-325,71,-11,1]
[4096,0,112,31,7,0,1]
[4096,-256,-48,105,-3,-1,1]
[4096,1536,16,-73,1,6,1]
[4096,-256,96,3,6,-1,1]
[14641,363,67,3,1]
[256,-256,176,-96,51,-24,11,-4,1]
[4096,-768,240,-81,15,-3,1]
[14641,484,174,4,1]
[4096,-1536,576,-107,36,-6,1]
[729,-81,90,-4,10,-1,1]
[15625,500,-77,4,1]
[4096,-3072,992,-237,62,-12,1]
[14641,2057,248,17,1]
[256,-192,144,-100,53,-25,9,-3,1]
[512,64,24,-13,3,1,1]
[4096,0,240,35,15,0,1]
[16384,-1024,-5,-8,1]
[512,0,-24,-27,-3,0,1]
[512,-192,64,-11,8,-3,1]
[4096,-2048,720,-225,45,-8,1]
[4096,512,320,-5,20,2,1]
[4096,1024,240,77,15,4,1]
[15625,-750,233,-6,1]
[15625,1125,-29,9,1]
[15625,1500,222,12,1]
[4096,1280,-176,-151,-11,5,1]
[4096,-2304,800,-233,50,-9,1]
[16384,768,-21,6,1]
[256,128,48,12,-11,3,3,2,1]
[4096,-1280,304,-105,19,-5,1]
[729,324,63,4,7,4,1]
[4096,256,-48,35,-3,1,1]
[15625,-375,18,-3,1]
[4096,-256,16,89,1,-1,1]
[4096,1024,672,109,42,4,1]
[14641,-1815,235,-15,1]
[16384,3968,457,31,1]
[729,324,225,64,25,4,1]
[4096,1792,96,-63,6,7,1]
[6561,-891,67,-11,1]
[512,-128,0,-9,0,-2,1]
[729,0,117,-19,13,0,1]
[4096,512,288,85,18,2,1]
[729,162,36,2,4,2,1]
[256,-256,144,-52,25,-13,9,-4,1]
[256,128,128,36,35,9,8,2,1]
[14641,-847,39,-7,1]
[4096,-2048,816,-249,51,-8,1]
[4096,-512,160,-63,10,-2,1]
[16384,-3456,359,-27,1]
[4096,-1280,368,-129,23,-5,1]
[16384,3328,419,26,1]
[256,-128,0,0,15,0,0,-2,1]
[15625,-1875,212,-15,1]
[4096,-256,576,-41,36,-1,1]
[4096,1024,480,105,30,4,1]
[4096,-512,624,-59,39,-2,1]
[4096,2560,992,289,62,10,1]
[256,-128,80,-52,25,-13,5,-2,1]
[4096,-256,-128,17,-8,-1,1]
[4096,-768,464,-83,29,-3,1]
[4096,256,272,29,17,1,1]
[729,-810,468,-182,52,-10,1]
[14641,2541,248,21,1]
[14641,1089,184,9,1]
[4096,512,160,33,10,2,1]
[4096,1024,96,35,6,4,1]
[512,320,176,55,22,5,1]
[4096,0,16,-21,1,0,1]
[256,-128,16,-12,5,-3,1,-2,1]
[4096,-2304,224,51,14,-9,1]
[256,128,64,-32,-19,-8,4,2,1]
[14641,242,225,2,1]
[4096,-768,-144,65,-9,-3,1]
[4096,-1792,480,-115,30,-7,1]
[256,64,0,20,17,5,0,1,1]
[15625,1000,176,8,1]
[4096,1280,416,145,26,5,1]
[15625,-875,201,-7,1]
[256,64,160,28,49,7,10,1,1]
[256,256,96,28,13,7,6,4,1]
[14641,-1573,227,-13,1]
[4096,-512,128,21,8,-2,1]
[4096,768,368,25,23,3,1]
[4096,-768,-80,61,-5,-3,1]
[256,-64,32,-20,25,-5,2,-1,1]
[125,7,1]
[256,-128,32,4,7,1,2,-2,1]
[15625,1250,127,10,1]
[4096,0,32,115,2,0,1]
[15625,4625,586,37,1]
[4096,1024,288,59,18,4,1]
[4096,-1280,304,-19,19,-5,1]
[15625,-1125,252,-9,1]
[512,-384,96,-13,12,-6,1]
[4096,1280,-144,-147,-9,5,1]
[2401,-539,97,-11,1]
[256,-128,32,-16,19,-4,2,-2,1]
[256,128,144,100,43,25,9,2,1]
[4096,-512,384,-53,24,-2,1]
[6561,1701,226,21,1]
[4096,-768,416,-29,26,-3,1]
[256,-192,80,-16,9,-4,5,-3,1]
[4096,-2048,160,59,10,-8,1]
[256,64,48,-36,-3,-9,3,1,1]
[256,-192,32,24,-13,6,2,-3,1]
[64,0,28,1,7,0,1]
[729,324,54,-4,6,4,1]
[729,-162,99,-46,11,-2,1]
[16384,3328,339,26,1]
[4096,-768,544,-101,34,-3,1]
[4096,256,128,-21,8,1,1]
[4096,768,448,73,28,3,1]
[15625,-1250,66,-10,1]
[16384,512,-95,4,1]
[256,-256,224,-152,81,-38,14,-4,1]
[256,-128,112,-56,37,-14,7,-2,1]
[6561,1296,173,16,1]
[4096,-2816,1216,-351,76,-11,1]
[4096,256,432,-1,27,1,1]
[4096,-256,320,-41,20,-1,1]
[4096,2048,368,41,23,8,1]
[4096,768,-64,-37,-4,3,1]
[16384,1280,187,10,1]
[4096,-1024,496,-121,31,-4,1]
[4096,-256,-64,95,-4,-1,1]
[15625,-1625,226,-13,1]
[4096,-1280,448,-67,28,-5,1]
[14641,1815,123,15,1]
[15625,125,157,1,1]
[14641,363,223,3,1]
[729,-243,63,-34,7,-3,1]
[4096,256,640,21,40,1,1]
[256,-64,-48,12,-3,3,-3,-1,1]
[4096,-1792,656,-197,41,-7,1]
[256,-48,19,-3,1]
[4096,1280,448,109,28,5,1]
[256,-64,80,-28,35,-7,5,-1,1]
[256,64,-96,-12,21,-3,-6,1,1]
[512,128,48,7,6,2,1]
[4096,1280,144,21,9,5,1]
[4096,512,160,129,10,2,1]
[729,-162,-54,23,-6,-2,1]
[729,0,-63,-2,-7,0,1]
[256,-64,64,-32,27,-8,4,-1,1]
[4096,576,55,9,1]
[14641,-2904,288,-24,1]
[4096,1536,688,157,43,6,1]
[4096,1280,560,139,35,5,1]
[15625,0,-159,0,1]
[256,-192,192,-112,65,-28,12,-3,1]
[256,128,96,20,23,5,6,2,1]
[4096,-1280,448,-143,28,-5,1]
[729,-243,117,-32,13,-3,1]
[256,128,112,68,33,17,7,2,1]
[4096,256,544,25,34,1,1]
[4096,-768,224,-123,14,-3,1]
[4096,-512,128,-103,8,-2,1]
[256,-128,32,-16,5,-4,2,-2,1]
[14641,484,223,4,1]
[4096,-2048,416,-59,26,-8,1]
[729,81,99,20,11,1,1]
[729,-162,-27,47,-3,-2,1]
[14641,-1210,137,-10,1]
[256,-64,144,-16,43,-4,9,-1,1]
[729,-81,-9,8,-1,-1,1]
[729,0,9,26,1,0,1]
[256,-64,64,-28,29,-7,4,-1,1]
[2401,-343,73,-7,1]
[16384,1920,105,15,1]
[4096,1536,-224,-193,-14,6,1]
[729,-243,99,-41,11,-3,1]
[4096,2304,448,57,28,9,1]
[4096,768,272,27,17,3,1]
[256,-64,32,36,-5,9,2,-1,1]
[15625,500,66,4,1]
[4096,0,-176,39,-11,0,1]
[4096,-1280,-160,147,-10,-5,1]
[4096,1536,608,149,38,6,1]
[4096,-1792,352,-55,22,-7,1]
[14641,363,224,3,1]
[256,-64,0,-8,-1,-2,0,-1,1]
[16384,-1408,139,-11,1]
[16384,128,-119,1,1]
[512,192,88,39,11,3,1]
[14641,-121,-92,-1,1]
[6561,-243,-44,-3,1]
[4096,64,-85,1,1]
[4096,-2048,848,-241,53,-8,1]
[512,64,64,35,8,1,1]
[4096,512,192,11,12,2,1]
[16384,896,157,7,1]
[4096,512,-64,-119,-4,2,1]
[4096,512,-80,23,-5,2,1]
[15625,3250,393,26,1]
[4096,-1024,-16,91,-1,-4,1]
[16384,-256,161,-2,1]
[729,-162,153,-38,17,-2,1]
[4096,-1024,608,-109,38,-4,1]
[15625,-2625,253,-21,1]
[256,-64,96,-32,37,-8,6,-1,1]
[729,-81,36,20,4,-1,1]
[15625,-500,12,-4,1]
[4096,512,112,101,7,2,1]
[4096,-256,288,-33,18,-1,1]
[256,192,64,-4,-3,-1,4,3,1]
[16384,-2432,253,-19,1]
[4096,-768,208,-105,13,-3,1]
[625,-25,-26,-1,1]
[4096,-768,192,-81,12,-3,1]
[4096,0,272,43,17,0,1]
[729,405,270,85,30,5,1]
[6561,-243,151,-3,1]
[2401,147,-11,3,1]
[4096,2560,1120,315,70,10,1]
[16384,2944,277,23,1]
[4096,-512,224,33,14,-2,1]
[15625,2375,223,19,1]
[256,0,128,28,31,7,8,0,1]
[4096,-768,48,51,3,-3,1]
[729,-486,225,-68,25,-6,1]
[625,-50,-1,-2,1]
[4096,2048,480,87,30,8,1]
[15625,-4750,601,-38,1]
[4096,-256,496,-43,31,-1,1]
[4096,-1024,-176,99,-11,-4,1]
[4096,768,304,95,19,3,1]
[729,486,324,109,36,6,1]
[15625,875,97,7,1]
[15625,-500,38,-4,1]
[729,-243,135,-31,15,-3,1]
[4096,256,64,61,4,1,1]
[4096,0,224,23,14,0,1]
[14641,-1694,103,-14,1]
[4096,1536,-176,-159,-11,6,1]
[4096,1536,-208,-183,-13,6,1]
[14641,242,41,2,1]
[4096,-512,128,-59,8,-2,1]
[4096,-256,-80,73,-5,-1,1]
[4096,256,400,27,25,1,1]
[16384,-1536,237,-12,1]
[729,162,-36,-41,-4,2,1]
[729,324,99,26,11,4,1]
[4096,-256,80,-21,5,-1,1]
[4096,-1536,656,-133,41,-6,1]
[6561,1458,187,18,1]
[256,-64,64,0,5,0,4,-1,1]
[4096,1280,144,-25,9,5,1]
[4096,512,336,63,21,2,1]
[64,0,20,-1,5,0,1]
[4096,2048,608,141,38,8,1]
[4096,512,32,-57,2,2,1]
[4096,1536,720,189,45,6,1]
[256,0,32,0,-3,0,2,0,1]
[256,128,80,44,23,11,5,2,1]
[729,-81,9,-31,1,-1,1]
[4096,-1792,336,-45,21,-7,1]
[256,0,-64,-12,23,-3,-4,0,1]
[256,-384,336,-200,105,-50,21,-6,1]
[4096,256,16,-27,1,1,1]
[4096,-256,304,-33,19,-1,1]
[4096,512,48,-33,3,2,1]
[4096,3328,1488,437,93,13,1]
[256,-64,64,-8,21,-2,4,-1,1]
[4096,-2304,928,-259,58,-9,1]
[4096,512,-128,-27,-8,2,1]
[2401,-294,23,-6,1]
[4096,1280,128,13,8,5,1]
[1024,-64,-15,-2,1]
[4096,-256,272,-79,17,-1,1]
[4096,1024,400,39,25,4,1]
[6561,324,4,4,1]
[729,81,-63,-26,-7,1,1]
[6561,486,131,6,1]
[256,0,48,32,3,8,3,0,1]
[6561,810,160,10,1]
[15625,-2000,167,-16,1]
[15625,2875,286,23,1]
[256,0,48,8,-5,2,3,0,1]
[4096,-1024,544,-117,34,-4,1]
[15625,1500,118,12,1]
[16384,-1024,-67,-8,1]
[6561,81,142,1,1]
[4096,1792,784,203,49,7,1]
[6561,1134,118,14,1]
[729,567,180,46,20,7,1]
[4096,0,336,41,21,0,1]
[4096,-512,-192,73,-12,-2,1]
[4096,-512,128,39,8,-2,1]
[4096,1024,464,115,29,4,1]
[4096,1280,208,3,13,5,1]
[256,0,32,-24,-11,-6,2,0,1]
[4096,-384,91,-6,1]
[4096,256,80,89,5,1,1]
[512,-256,48,-9,6,-4,1]
[16,12,5,3,1]
[81,0,8,0,1]
[256,64,16,-12,-17,-3,1,1,1]
[15625,4000,499,32,1]
[6561,324,5,4,1]
[512,-192,8,19,1,-3,1]
[256,320,144,36,13,9,9,5,1]
[4096,-1024,496,-135,31,-4,1]
[4096,-256,0,67,0,-1,1]
[6561,-405,107,-5,1]
[512,192,80,19,10,3,1]
[4096,0,208,5,13,0,1]
[4096,256,-64,-87,-4,1,1]
[4096,2048,704,223,44,8,1]
[4096,2304,912,277,57,9,1]
[4096,-512,3,-8,1]
[729,-162,54,-49,6,-2,1]
[14641,0,-234,0,1]
[64,32,28,9,7,2,1]
[6561,1053,100,13,1]
[14641,1694,194,14,1]
[4096,-448,45,-7,1]
[4096,-1216,195,-19,1]
[16384,256,3,2,1]
[14641,726,-87,6,1]
[729,324,207,71,23,4,1]
[4096,-1024,320,-31,20,-4,1]
[256,-192,112,-72,41,-18,7,-3,1]
[256,384,288,140,63,35,18,6,1]
[2401,49,41,1,1]
[4096,-192,97,-3,1]
[256,-64,48,-16,3,-4,3,-1,1]
[15625,0,202,0,1]
[14641,-1210,9,-10,1]
[16384,-4480,537,-35,1]
[256,64,0,16,27,4,0,1,1]
[4096,-1216,217,-19,1]
[256,192,-32,-36,-3,-9,-2,3,1]
[14641,242,-68,2,1]
[4096,768,384,47,24,3,1]
[4096,-1536,496,-165,31,-6,1]
[14641,-2662,251,-22,1]
[6561,243,-74,3,1]
[2401,49,-80,1,1]
[625,-50,-12,-2,1]
[4096,-3072,1200,-329,75,-12,1]
[15625,-2625,227,-21,1]
[729,324,261,70,29,4,1]
[15625,5000,649,40,1]
[2401,-392,27,-8,1]
[256,0,0,-12,-11,-3,0,0,1]
[1024,352,69,11,1]
[729,0,-36,8,-4,0,1]
[4096,2816,1168,353,73,11,1]
[4096,-256,64,-125,4,-1,1]
[4096,3328,1456,425,91,13,1]
[4096,512,128,3,8,2,1]
[4096,-1792,432,-69,27,-7,1]
[4096,-2816,1264,-373,79,-11,1]
[4096,-2048,816,-233,51,-8,1]
[729,81,9,41,1,1,1]
[4096,-1280,672,-157,42,-5,1]
[729,486,162,37,18,6,1]
[256,256,192,96,51,24,12,4,1]
[16384,2176,285,17,1]
[14641,121,-186,1,1]
[15625,-250,182,-2,1]
[6561,729,17,9,1]
[256,128,80,32,5,8,5,2,1]
[4096,-1792,624,-177,39,-7,1]
[14641,121,-197,1,1]
[6561,-486,19,-6,1]
[256,-128,0,36,-21,9,0,-2,1]
[4096,0,272,33,17,0,1]
[4096,256,-32,-107,-2,1,1]
[14641,-1936,217,-16,1]
[512,128,0,-9,0,2,1]
[14641,-121,-29,-1,1]
[4096,-256,256,-73,16,-1,1]
[729,162,162,17,18,2,1]
[14641,0,-216,0,1]
[4096,1280,320,27,20,5,1]
[14641,3388,401,28,1]
[4096,-768,128,33,8,-3,1]
[14641,-484,223,-4,1]
[256,320,128,-20,-33,-5,8,5,1]
[512,128,152,27,19,2,1]
[4096,512,80,87,5,2,1]
[16384,384,245,3,1]
[4096,512,128,19,8,2,1]
[15625,-4875,629,-39,1]
[4096,-512,192,-35,12,-2,1]
[14641,-3025,327,-25,1]
[4096,-256,53,-4,1]
[4096,-1536,80,39,5,-6,1]
[4096,-1024,352,-133,22,-4,1]
[4096,-2048,672,-197,42,-8,1]
[14641,605,-119,5,1]
[15625,1375,33,11,1]
[256,64,64,-8,-1,-2,4,1,1]
[729,-324,153,-38,17,-4,1]
[14641,-121,-2,-1,1]
[4096,1280,512,161,32,5,1]
[4096,-256,288,-5,18,-1,1]
[4096,0,336,-5,21,0,1]
[14641,-242,89,-2,1]
[4096,-1024,-64,43,-4,-4,1]
[512,64,40,35,5,1,1]
[14641,3388,422,28,1]
[256,-64,-64,0,21,0,-4,-1,1]
[4096,-768,208,-71,13,-3,1]
[6561,972,181,12,1]
[256,-64,32,40,-9,10,2,-1,1]
[256,192,96,16,7,4,6,3,1]
[15625,625,-97,5,1]
[4096,2048,128,-73,8,8,1]
[15625,-2125,182,-17,1]
[4096,256,256,-23,16,1,1]
[4096,1280,528,107,33,5,1]
[512,192,64,11,8,3,1]
[729,0,-45,-11,-5,0,1]
[256,-64,80,-8,9,-2,5,-1,1]
[16384,1152,145,9,1]
[6561,-810,32,-10,1]
[4096,-1024,96,-35,6,-4,1]
[729,162,54,-1,6,2,1]
[15625,125,-192,1,1]
[14641,-847,127,-7,1]
[6561,-1539,242,-19,1]
[16384,-2048,281,-16,1]
[729,-81,45,-19,5,-1,1]
[4096,1536,624,175,39,6,1]
[2401,-245,85,-5,1]
[256,-320,208,-104,51,-26,13,-5,1]
[625,0,16,0,1]
[4096,-2048,784,-189,49,-8,1]
[4096,1536,592,131,37,6,1]
[14641,2541,225,21,1]
[256,0,-16,-12,-9,-3,-1,0,1]
[256,-384,160,64,-79,16,10,-6,1]
[4096,-1280,304,-109,19,-5,1]
[15625,5375,712,43,1]
[256,0,16,12,7,3,1,0,1]
[729,0,81,19,9,0,1]
[4096,-1024,-32,39,-2,-4,1]
[256,64,80,44,11,11,5,1,1]
[256,-192,96,-44,25,-11,6,-3,1]
[14641,3267,371,27,1]
[15625,500,-58,4,1]
[256,-64,-16,-20,19,-5,-1,-1,1]
[4096,-1280,-16,77,-1,-5,1]
[4096,-1024,560,-95,35,-4,1]
[16384,256,175,2,1]
[4096,512,160,65,10,2,1]
[256,-192,192,-124,67,-31,12,-3,1]
[256,-64,32,-24,29,-6,2,-1,1]
[4096,2048,576,147,36,8,1]
[16384,384,149,3,1]
[4096,256,336,27,21,1,1]
[14641,-1694,125,-14,1]
[14641,726,-9,6,1]
[4096,-768,-96,57,-6,-3,1]
[4096,-512,560,-57,35,-2,1]
[15625,-1625,219,-13,1]
[15625,625,101,5,1]
[4096,-192,27,-3,1]
[15625,1625,77,13,1]
[14641,2420,247,20,1]
[4096,1024,640,97,40,4,1]
[14641,1694,229,14,1]
[512,256,144,39,18,4,1]
[6561,-243,-106,-3,1]
[4096,2560,1152,325,72,10,1]
[15625,3500,441,28,1]
[6561,-1701,266,-21,1]
[16384,1664,271,13,1]
[4096,512,-16,-3,-1,2,1]
[256,-64,0,-4,3,-1,0,-1,1]
[4096,-1536,256,-59,16,-6,1]
[4096,-1536,304,-37,19,-6,1]
[256,320,176,40,1,10,11,5,1]
[256,64,-48,4,31,1,-3,1,1]
[256,-256,224,-160,85,-40,14,-4,1]
[4096,0,-32,111,-2,0,1]
[4096,1792,112,-41,7,7,1]
[4096,-512,144,-15,9,-2,1]
[512,0,56,-3,7,0,1]
[625,-25,-23,-1,1]
[2401,147,34,3,1]
[2401,-588,123,-12,1]
[256,0,16,36,-1,9,1,0,1]
[15625,-750,-107,-6,1]
[4096,-1536,240,-7,15,-6,1]
[4096,768,464,55,29,3,1]
[14641,0,-3,0,1]
[729,324,117,37,13,4,1]
[4096,896,151,14,1]
[4096,1536,416,137,26,6,1]
[6561,1782,239,22,1]
[4096,1792,864,209,54,7,1]
[14641,-1573,277,-13,1]
[4096,768,16,9,1,3,1]
[14641,-1694,177,-14,1]
[4096,-1024,544,-87,34,-4,1]
[16384,3328,397,26,1]
[6561,-81,121,-1,1]
[6561,405,-13,5,1]
[256,0,48,16,13,4,3,0,1]
[256,-64,80,20,11,5,5,-1,1]
[512,-64,32,-5,4,-1,1]
[14641,1089,182,9,1]
[14641,968,5,8,1]
[4096,1024,151,16,1]
[15625,1000,216,8,1]
[4096,-3072,1312,-377,82,-12,1]
[15625,1500,77,12,1]
[4096,-1536,256,-7,16,-6,1]
[14641,2783,359,23,1]
[256,0,0,8,3,2,0,0,1]
[4096,-2048,720,-229,45,-8,1]
[256,-64,-16,-8,15,-2,-1,-1,1]
[16384,128,-169,1,1]
[4096,-2048,576,-153,36,-8,1]
[14641,605,2,5,1]
[729,162,14,6,1]
[625,-225,67,-9,1]
[4096,-2304,672,-149,42,-9,1]
[729,-405,108,-16,12,-5,1]
[4096,-1280,-32,67,-2,-5,1]
[16384,896,93,7,1]
[14641,1089,75,9,1]
[512,384,168,61,21,6,1]
[256,64,64,20,-1,5,4,1,1]
[16384,-3072,387,-24,1]
[14641,605,27,5,1]
[4096,-2304,928,-271,58,-9,1]
[4096,768,-128,-43,-8,3,1]
[14641,-2662,283,-22,1]
[15625,-1375,129,-11,1]
[4096,1280,176,41,11,5,1]
[4096,-768,-160,135,-10,-3,1]
[729,81,126,10,14,1,1]
[4096,256,-64,-5,-4,1,1]
[4096,256,432,33,27,1,1]
[625,75,23,3,1]
[14641,605,56,5,1]
[256,192,64,-48,-37,-12,4,3,1]
[2401,-49,-79,-1,1]
[4096,-768,16,43,1,-3,1]
[4096,704,85,11,1]
[15625,-2625,334,-21,1]
[4096,-1792,544,-127,34,-7,1]
[4096,-1536,-80,127,-5,-6,1]
[16384,1024,195,8,1]
[4096,1024,112,21,7,4,1]
[256,64,0,-16,-9,-4,0,1,1]
[14641,-968,7,-8,1]
[729,-648,261,-79,29,-8,1]
[14641,-605,-120,-5,1]
[256,64,16,20,23,5,1,1,1]
[14641,0,-48,0,1]
[4096,-256,-51,-4,1]
[256,64,176,36,57,9,11,1,1]
[512,-64,32,-21,4,-1,1]
[4096,256,208,101,13,1,1]
[4096,0,96,75,6,0,1]
[729,-81,-9,32,-1,-1,1]
[256,-64,32,20,-1,5,2,-1,1]
[729,405,108,29,12,5,1]
[512,320,-40,-65,-5,5,1]
[14641,-2057,158,-17,1]
[4096,-1216,193,-19,1]
[512,256,120,57,15,4,1]
[256,64,64,44,11,11,4,1,1]
[4096,-768,-96,119,-6,-3,1]
[15625,-1625,276,-13,1]
[16384,2688,347,21,1]
[4096,768,69,12,1]
[4096,512,-176,-85,-11,2,1]
[256,0,-48,-8,17,-2,-3,0,1]
[15625,-2875,286,-23,1]
[256,-192,80,36,-29,9,5,-3,1]
[4096,-2048,720,-209,45,-8,1]
[14641,1694,238,14,1]
[4096,-512,96,17,6,-2,1]
[4096,512,176,111,11,2,1]
[15625,1125,-8,9,1]
[4096,3072,1136,303,71,12,1]
[729,54,23,2,1]
[256,64,96,32,25,8,6,1,1]
[256,0,-32,12,1,3,-2,0,1]
[256,-256,112,-32,11,-8,7,-4,1]
[512,-512,304,-123,38,-8,1]
[256,-128,160,-56,47,-14,10,-2,1]
[729,-162,-9,7,-1,-2,1]
[4096,-1024,400,-133,25,-4,1]
[512,-256,104,-37,13,-4,1]
[4096,0,-47,0,1]
[14641,-2662,292,-22,1]
[256,-128,39,-8,1]
[512,192,0,-15,0,3,1]
[15625,-3500,431,-28,1]
[14641,-484,87,-4,1]
[4096,1536,320,43,20,6,1]
[4096,-512,-112,59,-7,-2,1]
[4096,-2816,1040,-289,65,-11,1]
[64,-32,40,-13,10,-2,1]
[729,-243,189,-52,21,-3,1]
[729,-81,0,10,0,-1,1]
[16384,1664,241,13,1]
[2401,490,95,10,1]
[4096,2560,1104,301,69,10,1]
[256,-64,16,-4,17,-1,1,-1,1]
[14641,1089,137,9,1]
[4096,-1280,197,-20,1]
[14641,968,-63,8,1]
[2401,-343,69,-7,1]
[4096,-512,-32,-43,-2,-2,1]
[15625,-1125,209,-9,1]
[4096,-768,176,-113,11,-3,1]
[512,128,64,17,8,2,1]
[729,-324,153,-32,17,-4,1]
[4096,512,32,-11,2,2,1]
[729,81,9,-26,1,1,1]
[4096,512,624,61,39,2,1]
[4096,1792,704,167,44,7,1]
[2401,49,-29,1,1]
[14641,3025,350,25,1]
[15625,125,221,1,1]
[15625,-3500,389,-28,1]
[256,-64,112,-32,35,-8,7,-1,1]
[14641,-726,-80,-6,1]
[256,128,96,-8,3,-2,6,2,1]
[256,64,32,4,-13,1,2,1,1]
[512,64,-32,3,-4,1,1]
[256,64,16,4,5,1,1,1,1]
[4096,256,80,61,5,1,1]
[4096,-2304,944,-287,59,-9,1]
[512,256,112,43,14,4,1]
[4096,-256,32,-63,2,-1,1]
[4096,-256,64,43,4,-1,1]
[14641,605,-49,5,1]
[729,405,45,-11,5,5,1]
[729,-486,189,-58,21,-6,1]
[256,256,208,108,57,27,13,4,1]
[256,192,144,56,33,14,9,3,1]
[4096,1024,464,59,29,4,1]
[4096,0,448,-7,28,0,1]
[256,0,-48,8,27,2,-3,0,1]
[4096,256,-80,21,-5,1,1]
[16384,-896,129,-7,1]
[256,-64,160,-40,51,-10,10,-1,1]
[4096,-256,-128,13,-8,-1,1]
[4096,-256,96,-59,6,-1,1]
[15625,125,198,1,1]
[14641,-1694,135,-14,1]
[256,128,0,-40,-17,-10,0,2,1]
[4096,256,-96,37,-6,1,1]
[16384,-2944,371,-23,1]
[4096,-2304,928,-239,58,-9,1]
[256,-64,32,-4,15,-1,2,-1,1]
[256,-64,32,44,-13,11,2,-1,1]
[4096,-256,240,49,15,-1,1]
[4096,1536,256,13,16,6,1]
[729,27,-11,1,1]
[4096,-512,112,-19,7,-2,1]
[4096,0,48,15,3,0,1]
[4096,1024,640,115,40,4,1]
[2401,686,145,14,1]
[6561,162,16,2,1]
[512,-512,280,-113,35,-8,1]
[4096,-1280,336,-99,21,-5,1]
[256,192,96,44,17,11,6,3,1]
[6561,-1539,247,-19,1]
[15625,625,-51,5,1]
[729,243,-9,-31,-1,3,1]
[256,-64,32,12,-15,3,2,-1,1]
[4096,256,48,3,3,1,1]
[6561,-1215,146,-15,1]
[14641,1452,219,12,1]
[6561,567,155,7,1]
[2401,0,-78,0,1]
[4096,2048,672,181,42,8,1]
[4096,512,304,89,19,2,1]
[16384,640,21,5,1]
[6561,81,-85,1,1]
[4096,-512,320,-39,20,-2,1]
[2401,-637,93,-13,1]
[15625,1250,121,10,1]
[729,-81,45,-50,5,-1,1]
[729,81,9,35,1,1,1]
[4096,512,-80,-119,-5,2,1]
[4096,-2304,752,-193,47,-9,1]
[4096,-256,48,-63,3,-1,1]
[14641,1694,71,14,1]
[14641,1452,206,12,1]
[4096,1536,208,17,13,6,1]
[4096,-256,-112,69,-7,-1,1]
[256,-64,-112,0,43,0,-7,-1,1]
[4096,-768,336,-85,21,-3,1]
[256,-128,80,-32,7,-8,5,-2,1]
[16384,1408,53,11,1]
[729,324,207,58,23,4,1]
[4096,-1280,768,-147,48,-5,1]
[4096,512,0,-39,0,2,1]
[4096,-2048,592,-161,37,-8,1]
[256,384,368,240,133,60,23,6,1]
[14641,1452,48,12,1]
[14641,968,62,8,1]
[16384,-896,213,-7,1]
[15625,125,-1,1,1]
[4096,-1024,112,-11,7,-4,1]
[4096,1024,304,13,19,4,1]
[4096,-256,512,-7,32,-1,1]
[16384,2560,347,20,1]
[4096,0,0,9,0,0,1]
[4096,-1280,496,-169,31,-5,1]
[4096,768,32,-33,2,3,1]
[4096,-512,128,-111,8,-2,1]
[4096,1024,560,95,35,4,1]
[14641,1210,56,10,1]
[4096,-1280,352,-127,22,-5,1]
[4096,-2304,928,-267,58,-9,1]
[14641,1331,200,11,1]
[6561,-405,104,-5,1]
[16384,4480,561,35,1]
[256,128,128,64,35,16,8,2,1]
[512,-192,112,-49,14,-3,1]
[256,-192,176,-92,55,-23,11,-3,1]
[6561,-405,115,-5,1]
[256,-64,32,20,-3,5,2,-1,1]
[15625,3875,454,31,1]
[729,405,216,85,24,5,1]
[6561,567,-28,7,1]
[729,-486,135,-29,15,-6,1]
[14641,2541,294,21,1]
[16384,512,23,4,1]
[4096,512,144,71,9,2,1]
[14641,363,81,3,1]
[4096,-1024,64,67,4,-4,1]
[4096,-512,-192,81,-12,-2,1]
[4096,512,128,-9,8,2,1]
[256,64,64,16,1,4,4,1,1]
[14641,484,-48,4,1]
[4096,256,-80,-89,-5,1,1]
[2401,196,-22,4,1]
[4096,-512,368,-21,23,-2,1]
[14641,4114,523,34,1]
[4096,1536,416,99,26,6,1]
[4096,-512,576,-55,36,-2,1]
[4096,1024,384,49,24,4,1]
[14641,-363,142,-3,1]
[4096,1024,256,97,16,4,1]
[15625,625,-103,5,1]
[15625,0,-178,0,1]
[6561,405,116,5,1]
[15625,875,262,7,1]
[6561,1134,94,14,1]
[16384,2432,201,19,1]
[729,243,144,35,16,3,1]
[256,-192,128,-76,47,-19,8,-3,1]
[15625,-750,34,-6,1]
[15625,125,-183,1,1]
[729,-243,-36,52,-4,-3,1]
[4096,2048,624,155,39,8,1]
[4096,-1536,640,-159,40,-6,1]
[256,0,16,16,-5,4,1,0,1]
[4096,-2304,528,-103,33,-9,1]
[512,192,88,53,11,3,1]
[729,162,171,28,19,2,1]
[4096,0,-32,29,-2,0,1]
[256,-320,224,-100,47,-25,14,-5,1]
[4096,768,-32,-41,-2,3,1]
[625,-50,38,-2,1]
[256,384,352,236,127,59,22,6,1]
[729,81,-9,25,-1,1,1]
[256,192,80,24,5,6,5,3,1]
[64,-16,-4,-1,-1,-1,1]
[4096,1792,640,175,40,7,1]
[256,-64,-16,-12,13,-3,-1,-1,1]
[4096,1536,368,73,23,6,1]
[4096,256,-80,-81,-5,1,1]
[4096,-512,-16,-33,-1,-2,1]
[4096,-768,352,-115,22,-3,1]
[4096,768,-16,-1,-1,3,1]
[4096,1536,400,77,25,6,1]
[4096,0,96,-69,6,0,1]
[729,-81,40,-3,1]
[4096,512,224,107,14,2,1]
[4096,-1536,544,-177,34,-6,1]
[4096,-3328,1504,-447,94,-13,1]
[512,-192,96,-37,12,-3,1]
[15625,2250,267,18,1]
[15625,750,123,6,1]
[4096,-1792,480,-105,30,-7,1]
[4096,512,240,103,15,2,1]
[729,405,207,73,23,5,1]
[4096,1536,208,-9,13,6,1]
[4096,-1024,352,-125,22,-4,1]
[16384,-2304,175,-18,1]
[4096,256,96,47,6,1,1]
[4096,256,624,21,39,1,1]
[4096,0,672,1,42,0,1]
[15625,0,-226,0,1]
[256,-64,96,-68,21,-17,6,-1,1]
[16384,3840,457,30,1]
[4096,-512,-208,43,-13,-2,1]
[256,64,-16,-4,19,-1,-1,1,1]
[16384,2688,359,21,1]
[4096,-1536,432,-75,27,-6,1]
[16384,1408,239,11,1]
[4096,768,304,27,19,3,1]
[256,-128,224,-88,81,-22,14,-2,1]
[16384,-896,-67,-7,1]
[256,64,144,44,43,11,9,1,1]
[2401,-196,34,-4,1]
[4096,0,544,-15,34,0,1]
[256,192,144,76,51,19,9,3,1]
[14641,-968,63,-8,1]
[256,-64,112,-68,27,-17,7,-1,1]
[4096,768,176,73,11,3,1]
[256,0,-16,-12,9,-3,-1,0,1]
[4096,0,-64,-93,-4,0,1]
[4096,0,352,13,22,0,1]
[729,-324,90,-26,10,-4,1]
[14641,3630,447,30,1]
[4096,0,16,71,1,0,1]
[4096,768,208,27,13,3,1]
[256,-256,208,-140,75,-35,13,-4,1]
[4096,-1280,528,-161,33,-5,1]
[4096,-1024,112,-45,7,-4,1]
[256,0,64,-12,3,-3,4,0,1]
[16384,-1920,139,-15,1]
[15625,-375,204,-3,1]
[2401,441,58,9,1]
[256,256,128,-8,-19,-2,8,4,1]
[729,0,-18,-38,-2,0,1]
[15625,875,56,7,1]
[256,256,128,96,65,24,8,4,1]
[256,-192,64,20,-27,5,4,-3,1]
[4096,-1280,272,-27,17,-5,1]
[15625,1125,181,9,1]
[625,-25,31,-1,1]
[14641,-1815,98,-15,1]
[4096,768,448,35,28,3,1]
[4096,-2304,480,-79,30,-9,1]
[4096,1024,-80,-105,-5,4,1]
[16384,3712,453,29,1]
[15625,-1000,192,-8,1]
[4096,0,176,43,11,0,1]
[14641,484,-152,4,1]
[256,-448,432,-292,159,-73,27,-7,1]
[256,-256,112,-12,-7,-3,7,-4,1]
[15625,-250,212,-2,1]
[4096,-256,0,97,0,-1,1]
[4096,-512,48,-49,3,-2,1]
[14641,1089,106,9,1]
[16384,-4736,589,-37,1]
[512,-256,40,-5,5,-4,1]
[15625,1375,58,11,1]
[4096,0,384,-17,24,0,1]
[14641,-242,-50,-2,1]
[4096,-768,224,-127,14,-3,1]
[64,-32,-8,9,-2,-2,1]
[27,-4,1]
[256,64,112,16,23,4,7,1,1]
[2401,196,96,4,1]
[729,-405,90,-10,10,-5,1]
[4096,-1280,416,-149,26,-5,1]
[729,-378,92,-14,1]
[729,-162,54,-53,6,-2,1]
[4096,-1024,400,-97,25,-4,1]
[256,-320,240,-140,77,-35,15,-5,1]
[729,0,117,19,13,0,1]
[729,-243,63,-11,7,-3,1]
[729,405,216,89,24,5,1]
[4096,2048,48,-107,3,8,1]
[256,256,224,144,83,36,14,4,1]
[4096,1536,560,181,35,6,1]
[4096,512,80,-67,5,2,1]
[6561,-324,-73,-4,1]
[16384,-3328,385,-26,1]
[16384,2176,319,17,1]
[729,324,234,65,26,4,1]
[729,-324,81,-29,9,-4,1]
[256,-192,112,-80,47,-20,7,-3,1]
[14641,-1815,254,-15,1]
[64,-32,24,-7,6,-2,1]
[14641,121,-194,1,1]
[256,0,-80,0,17,0,-5,0,1]
[6561,1053,110,13,1]
[4096,512,-64,-47,-4,2,1]
[15625,-375,48,-3,1]
[256,0,-80,4,31,1,-5,0,1]
[4096,-1280,384,-115,24,-5,1]
[4096,1280,192,7,12,5,1]
[14641,2420,208,20,1]
[4096,1024,496,141,31,4,1]
[4096,-1152,163,-18,1]
[256,128,96,-20,-3,-5,6,2,1]
[15625,-125,-67,-1,1]
[4096,-1024,656,-99,41,-4,1]
[6561,-729,37,-9,1]
[256,-64,16,-16,3,-4,1,-1,1]
[256,-256,240,-148,85,-37,15,-4,1]
[2401,343,60,7,1]
[16384,1664,143,13,1]
[729,243,45,14,5,3,1]
[4096,2048,784,215,49,8,1]
[6561,486,38,6,1]
[4096,-1536,288,-13,18,-6,1]
[14641,-1694,160,-14,1]
[15625,-4250,529,-34,1]
[729,-324,108,-17,12,-4,1]
[16384,-128,29,-1,1]
[14641,-484,-137,-4,1]
[4096,1280,0,-69,0,5,1]
[4096,-256,-80,39,-5,-1,1]
[49,13,1]
[256,-256,192,-116,69,-29,12,-4,1]
[4096,256,128,-19,8,1,1]
[512,64,40,23,5,1,1]
[16384,-2048,227,-16,1]
[4096,-768,32,-25,2,-3,1]
[4096,4352,2160,663,135,17,1]
[256,-256,176,-56,25,-14,11,-4,1]
[16384,3200,379,25,1]
[15625,-1625,98,-13,1]
[4096,-1280,288,-61,18,-5,1]
[4096,-2304,704,-175,44,-9,1]
[4096,1280,384,111,24,5,1]
[256,-128,128,-56,45,-14,8,-2,1]
[4096,768,432,61,27,3,1]
[256,128,128,64,45,16,8,2,1]
[4096,-256,16,-87,1,-1,1]
[4096,-2560,1200,-341,75,-10,1]
[14641,-3267,373,-27,1]
[4096,-256,-32,-33,-2,-1,1]
[4096,-256,224,41,14,-1,1]
[4096,0,160,33,10,0,1]
[4096,-512,-128,23,-8,-2,1]
[15625,2125,147,17,1]
[4096,1536,-192,-161,-12,6,1]
[4096,0,256,-59,16,0,1]
[14641,-363,-91,-3,1]
[4096,512,-48,-113,-3,2,1]
[16384,1408,91,11,1]
[15625,1875,278,15,1]
[4096,-768,240,-133,15,-3,1]
[14641,1573,230,13,1]
[256,-64,80,-40,27,-10,5,-1,1]
[4096,-256,112,-77,7,-1,1]
[4096,768,544,99,34,3,1]
[2401,49,87,1,1]
[512,-128,48,-31,6,-2,1]
[6561,486,-50,6,1]
[4096,1792,368,71,23,7,1]
[4096,-2048,496,-107,31,-8,1]
[15625,2875,269,23,1]
[4096,-1024,464,-143,29,-4,1]
[4096,2560,944,279,59,10,1]
[256,0,16,28,-1,7,1,0,1]
[2401,-637,101,-13,1]
[4096,2048,432,75,27,8,1]
[14641,3267,375,27,1]
[729,0,27,-37,3,0,1]
[4096,768,304,111,19,3,1]
[256,64,224,44,81,11,14,1,1]
[1024,416,97,13,1]
[4096,2048,720,201,45,8,1]
[4096,-512,-16,33,-1,-2,1]
[729,-243,-63,65,-7,-3,1]
[4096,-1280,144,-21,9,-5,1]
[4096,1792,192,-15,12,7,1]
[256,-64,0,20,-21,5,0,-1,1]
[15625,-1875,177,-15,1]
[14641,-4719,617,-39,1]
[4096,512,304,-15,19,2,1]
[4096,-1792,800,-217,50,-7,1]
[729,324,108,38,12,4,1]
[4096,1792,672,217,42,7,1]
[512,-128,32,1,4,-2,1]
[729,-135,58,-5,1]
[256,-256,128,-64,37,-16,8,-4,1]
[4096,-256,-112,83,-7,-1,1]
[16384,2816,277,22,1]
[6561,-972,161,-12,1]
[256,-192,112,-40,23,-10,7,-3,1]
[256,-128,96,12,1,3,6,-2,1]
[16384,1408,173,11,1]
[4096,-512,80,39,5,-2,1]
[15625,250,109,2,1]
[64,0,8,7,2,0,1]
[512,128,-16,-29,-2,2,1]
[4096,-1024,224,-51,14,-4,1]
[14641,605,127,5,1]
[16384,-2432,185,-19,1]
[256,128,144,60,39,15,9,2,1]
[4096,512,112,67,7,2,1]
[512,-192,72,-15,9,-3,1]
[256,0,48,-48,-7,-12,3,0,1]
[15625,1125,149,9,1]
[729,729,468,182,52,9,1]
[16384,-2176,243,-17,1]
[4096,256,-48,51,-3,1,1]
[4096,-1536,352,-109,22,-6,1]
[2401,294,46,6,1]
[15625,-875,242,-7,1]
[4096,0,128,53,8,0,1]
[4096,-768,256,-31,16,-3,1]
[2401,882,172,18,1]
[256,-64,64,-20,11,-5,4,-1,1]
[256,-64,160,-32,51,-8,10,-1,1]
[16384,-2816,293,-22,1]
[14641,-1452,94,-12,1]
[4096,0,-64,-17,-4,0,1]
[2401,-49,93,-1,1]
[4096,-1024,48,-17,3,-4,1]
[256,192,80,4,1,1,5,3,1]
[4096,768,512,91,32,3,1]
[16384,-256,229,-2,1]
[15625,-500,-129,-4,1]
[256,192,112,56,17,14,7,3,1]
[4096,512,368,5,23,2,1]
[14641,605,140,5,1]
[14641,-605,101,-5,1]
[729,243,72,44,8,3,1]
[256,-64,16,20,1,5,1,-1,1]
[729,405,117,22,13,5,1]
[6561,-486,-31,-6,1]
[14641,726,-38,6,1]
[4096,512,400,87,25,2,1]
[16384,2176,221,17,1]
[512,640,368,145,46,10,1]
[6561,-162,-46,-2,1]
[16384,2688,271,21,1]
[4096,1024,-128,-123,-8,4,1]
[14641,-1694,90,-14,1]
[4096,-512,48,9,3,-2,1]
[4096,-1280,688,-141,43,-5,1]
[729,-405,27,19,3,-5,1]
[15625,1625,232,13,1]
[2401,147,-32,3,1]
[16384,-2432,335,-19,1]
[14641,-1815,194,-15,1]
[4096,-768,128,-47,8,-3,1]
[729,-162,-36,52,-4,-2,1]
[4096,-256,320,7,20,-1,1]
[4096,-1024,256,-41,16,-4,1]
[16384,-2560,281,-20,1]
[4096,-256,448,-13,28,-1,1]
[4096,-2048,672,-167,42,-8,1]
[15625,750,214,6,1]
[256,-448,416,-272,145,-68,26,-7,1]
[256,-448,416,-284,157,-71,26,-7,1]
[4096,768,256,79,16,3,1]
[14641,121,183,1,1]
[256,0,-32,8,9,2,-2,0,1]
[14641,-3146,379,-26,1]
[14641,-363,103,-3,1]
[16,-16,11,-4,1]
[15625,-1000,212,-8,1]
[2401,686,111,14,1]
[4096,-256,176,49,11,-1,1]
[4096,0,304,45,19,0,1]
[625,-50,37,-2,1]
[4096,1024,352,27,22,4,1]
[4096,-256,0,43,0,-1,1]
[729,0,171,8,19,0,1]
[256,64,0,-8,1,-2,0,1,1]
[14641,242,-70,2,1]
[4096,-768,-160,61,-10,-3,1]
[4096,1024,400,91,25,4,1]
[4096,1280,448,115,28,5,1]
[729,162,-45,-58,-5,2,1]
[256,-256,112,-44,23,-11,7,-4,1]
[6561,-162,16,-2,1]
[256,-256,144,-80,41,-20,9,-4,1]
[256,192,48,24,17,6,3,3,1]
[256,-64,16,0,-15,0,1,-1,1]
[4096,1024,416,61,26,4,1]
[4096,-512,368,-13,23,-2,1]
[4096,768,320,59,20,3,1]
[4096,1280,-112,-113,-7,5,1]
[4096,512,-208,-43,-13,2,1]
[4096,512,160,81,10,2,1]
[4096,-256,-128,-19,-8,-1,1]
[4096,256,-128,9,-8,1,1]
[15625,-125,237,-1,1]
[14641,726,207,6,1]
[14641,-484,149,-4,1]
[729,0,-36,5,-4,0,1]
[256,-320,288,-200,105,-50,18,-5,1]
[81,27,5,3,1]
[14641,-2420,301,-20,1]
[256,-128,112,-68,27,-17,7,-2,1]
[4096,512,32,27,2,2,1]
[512,512,272,107,34,8,1]
[4096,1280,-96,-119,-6,5,1]
[6561,-972,77,-12,1]
[4096,1024,720,115,45,4,1]
[16384,-256,177,-2,1]
[256,64,16,16,25,4,1,1,1]
[256,0,16,-28,-1,-7,1,0,1]
[4096,256,96,109,6,1,1]
[2401,-147,78,-3,1]
[6561,-1701,226,-21,1]
[4096,3584,1616,479,101,14,1]
[4096,256,32,-85,2,1,1]
[4096,0,32,-69,2,0,1]
[16384,384,-83,3,1]
[512,-192,0,31,0,-3,1]
[15625,125,121,1,1]
[14641,2904,372,24,1]
[729,-81,54,-41,6,-1,1]
[256,192,64,16,1,4,4,3,1]
[15625,-625,218,-5,1]
[4096,512,208,83,13,2,1]
[16384,-4096,471,-32,1]
[4096,2048,592,149,37,8,1]
[15625,1375,258,11,1]
[4096,1024,64,15,4,4,1]
[14641,3509,427,29,1]
[15625,250,46,2,1]
[4096,-2048,704,-219,44,-8,1]
[2401,588,108,12,1]
[4096,-1536,128,17,8,-6,1]
[4096,-1024,128,-53,8,-4,1]
[4096,1280,64,-37,4,5,1]
[4096,-3328,1264,-339,79,-13,1]
[16384,-2304,251,-18,1]
[4096,-2048,944,-239,59,-8,1]
[4096,256,-80,-59,-5,1,1]
[256,-384,304,-176,89,-44,19,-6,1]
[4096,-1536,144,41,9,-6,1]
[6561,-1134,158,-14,1]
[256,-64,96,-36,29,-9,6,-1,1]
[729,189,25,7,1]
[4096,2816,960,243,60,11,1]
[729,405,198,59,22,5,1]
[6561,162,128,2,1]
[6561,-81,100,-1,1]
[16384,768,-83,6,1]
[512,128,24,1,3,2,1]
[729,405,-63,-80,-7,5,1]
[4096,-1280,672,-153,42,-5,1]
[4096,0,-16,-119,-1,0,1]
[4096,-192,-55,-3,1]
[4096,512,-64,-7,-4,2,1]
[16384,3840,467,30,1]
[729,81,27,38,3,1,1]
[4096,64,113,1,1]
[15625,1375,222,11,1]
[14641,363,167,3,1]
[16384,2944,273,23,1]
[512,0,-16,-5,-2,0,1]
[256,0,64,-24,19,-6,4,0,1]
[15625,-125,-196,-1,1]
[4096,-768,69,-12,1]
[4096,512,32,31,2,2,1]
[4096,-256,-192,7,-12,-1,1]
[16384,-3072,315,-24,1]
[4096,1024,336,155,21,4,1]
[4096,-256,77,-4,1]
[256,-384,400,-292,167,-73,25,-6,1]
[729,81,36,17,4,1,1]
[4096,-512,240,-95,15,-2,1]
[729,324,99,29,11,4,1]
[15625,-625,112,-5,1]
[16384,2560,277,20,1]
[729,324,-9,-25,-1,4,1]
[4096,1024,320,131,20,4,1]
[729,0,36,-8,4,0,1]
[256,-128,112,-60,25,-15,7,-2,1]
[4096,256,-240,-31,-15,1,1]
[625,225,54,9,1]
[4096,-1536,336,-71,21,-6,1]
[16384,-1792,101,-14,1]
[256,-256,128,0,-15,0,8,-4,1]
[4096,-1536,640,-167,40,-6,1]
[4096,-1024,288,-81,18,-4,1]
[4096,256,64,-37,4,1,1]
[16384,-768,9,-6,1]
[4096,-256,96,45,6,-1,1]
[4096,-768,112,41,7,-3,1]
[512,64,128,9,16,1,1]
[4096,256,432,47,27,1,1]
[4096,-256,-16,99,-1,-1,1]
[729,-486,180,-64,20,-6,1]
[14641,-726,126,-6,1]
[1024,-320,63,-10,1]
[4096,1280,416,55,26,5,1]
[4096,-640,111,-10,1]
[4096,-768,688,-85,43,-3,1]
[729,405,126,22,14,5,1]
[14641,-484,168,-4,1]
[256,128,64,-36,-21,-9,4,2,1]
[16384,896,233,7,1]
[4096,256,0,-81,0,1,1]
[15625,1250,3,10,1]
[4096,2304,608,135,38,9,1]
[256,192,64,32,17,8,4,3,1]
[256,64,16,-16,-11,-4,1,1,1]
[4096,-1024,32,75,2,-4,1]
[15625,2500,309,20,1]
[729,-324,54,-7,6,-4,1]
[4096,768,320,97,20,3,1]
[16384,-896,183,-7,1]
[4096,2048,560,133,35,8,1]
[512,-128,56,-3,7,-2,1]
[512,-256,168,-55,21,-4,1]
[729,-324,171,-43,19,-4,1]
[4096,512,96,39,6,2,1]
[4096,-3328,1536,-455,96,-13,1]
[15625,-1625,128,-13,1]
[4096,-1536,768,-191,48,-6,1]
[14641,-121,136,-1,1]
[4096,768,384,115,24,3,1]
[14641,-242,-160,-2,1]
[4096,704,61,11,1]
[15625,1500,248,12,1]
[729,0,135,-8,15,0,1]
[729,810,522,208,58,10,1]
[16384,0,29,0,1]
[256,-64,0,20,1,5,0,-1,1]
[729,567,180,41,20,7,1]
[14641,2904,361,24,1]
[256,-192,80,-44,31,-11,5,-3,1]
[4096,0,208,7,13,0,1]
[15625,2375,219,19,1]
[4096,-1792,544,-145,34,-7,1]
[6561,-405,43,-5,1]
[4096,-1792,480,-111,30,-7,1]
[4096,-1024,496,-67,31,-4,1]
[14641,-3146,371,-26,1]
[4096,512,320,97,20,2,1]
[16384,0,179,0,1]
[4096,256,192,-51,12,1,1]
[6561,810,91,10,1]
[512,-128,160,-29,20,-2,1]
[15625,-750,148,-6,1]
[729,162,135,43,15,2,1]
[729,243,36,-16,4,3,1]
[4096,-1024,320,-155,20,-4,1]
[81,-27,20,-3,1]
[512,-64,8,-21,1,-1,1]
[4096,-1024,240,-119,15,-4,1]
[512,384,136,37,17,6,1]
[4096,256,-64,-69,-4,1,1]
[4096,-512,368,-73,23,-2,1]
[4096,-1280,384,-55,24,-5,1]
[4096,1024,576,113,36,4,1]
[16384,-1536,257,-12,1]
[16384,-640,25,-5,1]
[512,64,56,9,7,1,1]
[2401,343,64,7,1]
[16384,0,-197,0,1]
[15625,-625,43,-5,1]
[14641,3509,399,29,1]
[4096,1024,352,23,22,4,1]
[15625,1875,219,15,1]
[4096,1280,560,93,35,5,1]
[4096,1024,560,129,35,4,1]
[4096,-1792,320,-35,20,-7,1]
[256,128,32,-20,-25,-5,2,2,1]
[16384,-1536,213,-12,1]
[15625,-250,-4,-2,1]
[256,384,240,88,33,22,15,6,1]
[4096,-2048,672,-195,42,-8,1]
[4096,512,0,-61,0,2,1]
[4096,-256,0,-53,0,-1,1]
[4096,-768,336,-91,21,-3,1]
[15625,1500,151,12,1]
[512,64,0,-37,0,1,1]
[14641,-968,8,-8,1]
[15625,2125,196,17,1]
[14641,726,-64,6,1]
[512,-256,-40,55,-5,-4,1]
[16384,-1536,245,-12,1]
[6561,-1053,73,-13,1]
[14641,-2662,328,-22,1]
[15625,-375,-21,-3,1]
[4096,-512,528,-43,33,-2,1]
[4096,1792,768,215,48,7,1]
[625,25,-28,1,1]
[256,256,192,112,61,28,12,4,1]
[15625,500,-46,4,1]
[4096,1024,560,127,35,4,1]
[729,0,99,-16,11,0,1]
[4096,-1792,512,-159,32,-7,1]
[256,64,0,-32,-11,-8,0,1,1]
[15625,-500,-62,-4,1]
[15625,-2125,249,-17,1]
[4096,-3072,1136,-303,71,-12,1]
[256,-128,48,-4,-5,-1,3,-2,1]
[14641,-1573,175,-13,1]
[4096,1536,416,63,26,6,1]
[256,-64,48,24,-9,6,3,-1,1]
[512,0,136,1,17,0,1]
[15625,-1625,52,-13,1]
[4096,512,64,-37,4,2,1]
[15625,500,-24,4,1]
[256,-64,64,52,-11,13,4,-1,1]
[729,162,-45,-41,-5,2,1]
[16384,3712,449,29,1]
[4096,-640,87,-10,1]
[4096,256,-192,-39,-12,1,1]
[6561,81,80,1,1]
[256,128,32,16,13,4,2,2,1]
[256,128,0,0,9,0,0,2,1]
[4096,1536,624,179,39,6,1]
[4096,-2048,816,-217,51,-8,1]
[16384,3456,373,27,1]
[6561,-243,7,-3,1]
[4096,-512,64,13,4,-2,1]
[4096,256,112,103,7,1,1]
[256,0,96,20,29,5,6,0,1]
[729,-162,63,-50,7,-2,1]
[256,-192,96,-52,23,-13,6,-3,1]
[4096,-1280,480,-109,30,-5,1]
[4096,-768,-16,61,-1,-3,1]
[4096,2304,928,275,58,9,1]
[729,243,144,50,16,3,1]
[4096,3072,1408,415,88,12,1]
[512,256,168,49,21,4,1]
[14641,-242,-31,-2,1]
[256,-64,-32,8,7,2,-2,-1,1]
[512,-320,88,-13,11,-5,1]
[256,0,-21,0,1]
[4096,256,304,-35,19,1,1]
[256,320,240,104,49,26,15,5,1]
[256,0,64,-28,11,-7,4,0,1]
[512,0,-40,3,-5,0,1]
[4096,2048,384,61,24,8,1]
[256,64,64,16,27,4,4,1,1]
[15625,-4375,548,-35,1]
[4096,1536,864,185,54,6,1]
[15625,1625,156,13,1]
[512,64,-32,5,-4,1,1]
[4096,-1280,336,-31,21,-5,1]
[16384,-1536,27,-12,1]
[4096,512,192,13,12,2,1]
[1024,-416,101,-13,1]
[512,-448,184,-61,23,-7,1]
[256,-384,400,-276,159,-69,25,-6,1]
[729,-324,153,-58,17,-4,1]
[512,64,56,33,7,1,1]
[6561,1053,137,13,1]
[4096,2560,1056,311,66,10,1]
[14641,121,-169,1,1]
[15625,-1500,139,-12,1]
[4096,512,384,87,24,2,1]
[15625,-1875,146,-15,1]
[4096,-2304,480,-69,30,-9,1]
[256,256,176,72,35,18,11,4,1]
[15625,0,-57,0,1]
[15625,125,32,1,1]
[1024,192,15,6,1]
[4096,-256,176,-85,11,-1,1]
[4096,1536,624,129,39,6,1]
[14641,3872,491,32,1]
[14641,-3388,413,-28,1]
[256,320,272,180,101,45,17,5,1]
[14641,242,119,2,1]
[4096,-1536,416,-143,26,-6,1]
[4096,3584,1664,503,104,14,1]
[4096,1280,832,157,52,5,1]
[512,-128,56,-5,7,-2,1]
[4096,0,-16,63,-1,0,1]
[729,81,9,14,1,1,1]
[4096,-1024,288,-107,18,-4,1]
[15625,-125,153,-1,1]
[64,-48,48,-23,12,-3,1]
[729,-243,153,-29,17,-3,1]
[14641,0,-89,0,1]
[4096,-768,240,-131,15,-3,1]
[4096,1536,704,149,44,6,1]
[4096,256,32,31,2,1,1]
[4096,1280,384,61,24,5,1]
[14641,-968,-4,-8,1]
[4096,1536,624,147,39,6,1]
[256,64,16,8,7,2,1,1,1]
[4096,768,64,17,4,3,1]
[4096,-3328,1296,-355,81,-13,1]
[15625,125,54,1,1]
[15625,-1125,-8,-9,1]
[4096,-512,-64,29,-4,-2,1]
[4096,-512,192,-125,12,-2,1]
[4096,256,16,15,1,1,1]
[4096,1024,272,11,17,4,1]
[4096,1024,256,71,16,4,1]
[256,0,48,-24,13,-6,3,0,1]
[4096,1536,592,161,37,6,1]
[4096,704,127,11,1]
[4096,1024,32,-51,2,4,1]
[4096,1024,96,-23,6,4,1]
[4096,768,112,-5,7,3,1]
[15625,1750,161,14,1]
[6561,81,-10,1,1]
[256,-256,112,-76,53,-19,7,-4,1]
[256,128,48,28,7,7,3,2,1]
[14641,-1936,152,-16,1]
[15625,-1875,289,-15,1]
[14641,847,222,7,1]
[4096,-1536,592,-113,37,-6,1]
[16384,1280,167,10,1]
[15625,625,-64,5,1]
[16384,2176,215,17,1]
[256,64,160,44,53,11,10,1,1]
[1024,32,-9,1,1]
[6561,324,131,4,1]
[14641,-121,-148,-1,1]
[729,-405,90,-4,10,-5,1]
[4096,-192,-11,-3,1]
[256,64,48,12,3,3,3,1,1]
[729,-162,90,-23,10,-2,1]
[625,-25,-18,-1,1]
[729,243,126,38,14,3,1]
[512,64,48,37,6,1,1]
[15625,-375,84,-3,1]
[15625,250,-9,2,1]
[14641,-1210,196,-10,1]
[4096,-2304,736,-203,46,-9,1]
[15625,1375,87,11,1]
[4096,-256,352,-17,22,-1,1]
[16384,-640,19,-5,1]
[15625,250,-2,2,1]
[729,0,144,8,16,0,1]
[512,256,176,49,22,4,1]
[4096,512,16,-67,1,2,1]
[729,-729,414,-167,46,-9,1]
[16384,-1408,55,-11,1]
[4096,0,16,-11,1,0,1]
[14641,1089,128,9,1]
[256,-256,160,-84,47,-21,10,-4,1]
[4096,-1280,384,-131,24,-5,1]
[16384,256,-75,2,1]
[6561,486,14,6,1]
[256,128,64,44,13,11,4,2,1]
[4096,1792,848,219,53,7,1]
[4096,1792,656,187,41,7,1]
[4096,2560,736,161,46,10,1]
[4096,256,-32,1,-2,1,1]
[4096,256,129,4,1]
[512,128,32,31,4,2,1]
[256,-320,256,-160,89,-40,16,-5,1]
[4096,128,-15,2,1]
[4096,1536,320,35,20,6,1]
[15625,-2875,376,-23,1]
[256,0,80,32,19,8,5,0,1]
[4096,-2816,1008,-267,63,-11,1]
[4096,-1024,160,-13,10,-4,1]
[14641,3267,369,27,1]
[256,64,-16,12,17,3,-1,1,1]
[729,-243,45,-10,5,-3,1]
[14641,-726,-107,-6,1]
[4096,-768,48,55,3,-3,1]
[4096,-1280,160,5,10,-5,1]
[14641,605,67,5,1]
[16384,256,107,2,1]
[4096,768,288,57,18,3,1]
[729,-162,54,-4,6,-2,1]
[4096,0,-112,-7,-7,0,1]
[14641,-2783,301,-23,1]
[4096,1024,16,-59,1,4,1]
[4096,1280,544,133,34,5,1]
[4096,-2304,992,-279,62,-9,1]
[15625,1750,137,14,1]
[16384,-256,137,-2,1]
[4096,768,-96,-59,-6,3,1]
[4096,768,224,17,14,3,1]
[4096,768,48,-21,3,3,1]
[4096,-512,127,-8,1]
[4096,768,272,73,17,3,1]
[512,64,56,19,7,1,1]
[4096,768,704,91,44,3,1]
[4096,0,176,41,11,0,1]
[6561,1377,227,17,1]
[14641,363,107,3,1]
[256,0,32,-36,-3,-9,2,0,1]
[4096,256,-192,-43,-12,1,1]
[4096,-1280,96,-5,6,-5,1]
[256,64,0,32,23,8,0,1,1]
[4096,-768,-32,79,-2,-3,1]
[4096,1280,112,17,7,5,1]
[16384,-128,181,-1,1]
[4096,-256,16,49,1,-1,1]
[512,256,64,3,8,4,1]
[81,0,4,0,1]
[512,-192,144,-45,18,-3,1]
[4096,-512,-160,33,-10,-2,1]
[729,243,72,29,8,3,1]
[256,0,16,12,-17,3,1,0,1]
[512,192,112,35,14,3,1]
[4096,2560,960,257,60,10,1]
[6561,567,19,7,1]
[14641,605,175,5,1]
[16384,-384,165,-3,1]
[4096,0,-16,117,-1,0,1]
[16384,1024,-45,8,1]
[16384,-2176,301,-17,1]
[4096,-2048,896,-245,56,-8,1]
[4096,1280,720,143,45,5,1]
[4096,-3584,1728,-525,108,-14,1]
[4096,512,288,-15,18,2,1]
[512,448,240,99,30,7,1]
[16384,-2048,265,-16,1]
[256,64,-32,8,9,2,-2,1,1]
[4096,512,-192,-35,-12,2,1]
[15625,625,38,5,1]
[4096,64,-49,1,1]
[4096,768,96,-39,6,3,1]
[4096,2560,1008,267,63,10,1]
[256,192,80,0,-13,0,5,3,1]
[64,64,64,33,16,4,1]
[4096,-2048,416,-73,26,-8,1]
[4096,2304,688,157,43,9,1]
[729,-324,45,10,5,-4,1]
[2401,490,58,10,1]
[15625,-875,-26,-7,1]
[4096,512,-160,-65,-10,2,1]
[4096,-768,-176,109,-11,-3,1]
[4096,384,-29,6,1]
[4096,2560,880,231,55,10,1]
[256,0,16,-12,-5,-3,1,0,1]
[729,405,81,4,9,5,1]
[729,-324,108,-32,12,-4,1]
[16384,2560,293,20,1]
[512,192,72,27,9,3,1]
[729,-162,0,22,0,-2,1]
[16384,2176,323,17,1]
[729,324,135,62,15,4,1]
[4096,256,-16,-91,-1,1,1]
[4096,-768,544,-67,34,-3,1]
[256,320,128,-40,-53,-10,8,5,1]
[4096,-1536,224,-41,14,-6,1]
[4096,512,400,85,25,2,1]
[512,192,104,51,13,3,1]
[4096,1024,560,111,35,4,1]
[15625,-1875,298,-15,1]
[4096,256,112,-43,7,1,1]
[16384,1664,115,13,1]
[625,-175,24,-7,1]
[2401,833,150,17,1]
[4096,1792,592,125,37,7,1]
[6561,1620,215,20,1]
[4096,-2048,672,-161,42,-8,1]
[729,324,117,35,13,4,1]
[256,-64,64,-12,27,-3,4,-1,1]
[4096,-256,624,-23,39,-1,1]
[256,128,-32,-16,7,-4,-2,2,1]
[4096,-2560,992,-277,62,-10,1]
[14641,1815,282,15,1]
[14641,3751,454,31,1]
[729,-243,-54,47,-6,-3,1]
[256,0,48,-4,7,-1,3,0,1]
[64,48,-12,-21,-3,3,1]
[4096,1024,480,77,30,4,1]
[4096,0,-32,1,-2,0,1]
[256,-192,160,-84,47,-21,10,-3,1]
[2401,-196,13,-4,1]
[4096,256,119,4,1]
[16384,-512,131,-4,1]
[4096,0,160,15,10,0,1]
[256,128,128,52,35,13,8,2,1]
[4096,256,400,33,25,1,1]
[15625,2125,142,17,1]
[15625,125,-121,1,1]
[14641,3872,490,32,1]
[256,192,0,-4,13,-1,0,3,1]
[4096,256,176,-31,11,1,1]
[1024,-32,53,-1,1]
[4096,1024,256,11,16,4,1]
[6561,-486,-28,-6,1]
[512,-448,264,-105,33,-7,1]
[15625,-750,143,-6,1]
[4096,-1536,496,-127,31,-6,1]
[256,192,160,100,53,25,10,3,1]
[4096,-256,288,-49,18,-1,1]
[6561,-81,79,-1,1]
[4096,-2304,688,-165,43,-9,1]
[4096,-1536,272,-7,17,-6,1]
[512,256,8,-21,1,4,1]
[512,-64,80,-17,10,-1,1]
[4096,1536,528,169,33,6,1]
[256,0,48,44,-9,11,3,0,1]
[256,64,128,28,37,7,8,1,1]
[729,0,72,-23,8,0,1]
[4096,-1536,480,-89,30,-6,1]
[256,192,64,-8,-7,-2,4,3,1]
[729,648,333,124,37,8,1]
[121,-9,1]
[2401,539,80,11,1]
[256,256,176,112,61,28,11,4,1]
[4096,1024,-192,-137,-12,4,1]
[512,-128,136,-31,17,-2,1]
[512,64,64,17,8,1,1]
[4096,-1536,400,-61,25,-6,1]
[4096,-256,192,-35,12,-1,1]
[4096,768,16,-33,1,3,1]
[2401,196,27,4,1]
[512,-64,-24,33,-3,-1,1]
[4096,-256,-64,49,-4,-1,1]
[4096,0,-32,13,-2,0,1]
[4096,-256,-64,-7,-4,-1,1]
[16384,-1024,259,-8,1]
[4096,1024,80,-23,5,4,1]
[14641,2057,280,17,1]
[4096,-512,96,-25,6,-2,1]
[14641,121,35,1,1]
[4096,1024,576,127,36,4,1]
[729,27,37,1,1]
[14641,-3630,434,-30,1]
[4096,-1792,272,-3,17,-7,1]
[4096,-256,-16,-13,-1,-1,1]
[4096,-1024,32,7,2,-4,1]
[4096,256,368,-21,23,1,1]
[16384,-2688,321,-21,1]
[64,-16,12,-11,3,-1,1]
[512,384,176,63,22,6,1]
[729,324,207,61,23,4,1]
[15625,-2125,289,-17,1]
[256,-64,48,20,-13,5,3,-1,1]
[4096,2816,1040,285,65,11,1]
[15625,875,49,7,1]
[256,64,32,-4,11,-1,2,1,1]
[4096,512,304,53,19,2,1]
[1024,128,-11,4,1]
[729,162,99,2,11,2,1]
[4096,1280,256,29,16,5,1]
[256,0,32,16,-13,4,2,0,1]
[15625,375,-29,3,1]
[15625,-1125,82,-9,1]
[4096,-768,288,-45,18,-3,1]
[4096,256,80,-3,5,1,1]
[6561,1215,164,15,1]
[14641,-484,210,-4,1]
[2401,980,193,20,1]
[4096,-1280,-16,79,-1,-5,1]
[4096,768,0,-7,0,3,1]
[16384,-512,101,-4,1]
[4096,-768,304,-125,19,-3,1]
[15625,-750,149,-6,1]
[16384,-2304,201,-18,1]
[15625,2125,152,17,1]
[729,81,153,16,17,1,1]
[4096,1280,464,137,29,5,1]
[256,-128,80,-52,39,-13,5,-2,1]
[14641,2541,298,21,1]
[14641,-726,32,-6,1]
[2401,-539,106,-11,1]
[256,192,32,44,47,11,2,3,1]
[729,0,153,-10,17,0,1]
[4096,-960,173,-15,1]
[4096,1792,224,-11,14,7,1]
[256,0,48,-36,-7,-9,3,0,1]
[15625,-2250,281,-18,1]
[16384,512,129,4,1]
[729,-324,-63,62,-7,-4,1]
[15625,2875,338,23,1]
[15625,-500,42,-4,1]
[4096,-1024,512,-121,32,-4,1]
[15625,-4250,523,-34,1]
[512,256,128,65,16,4,1]
[4096,768,688,87,43,3,1]
[4096,1024,80,-35,5,4,1]
[4096,-256,-16,45,-1,-1,1]
[256,-192,176,-96,59,-24,11,-3,1]
[256,-64,64,-52,19,-13,4,-1,1]
[16384,512,91,4,1]
[6561,-891,184,-11,1]
[16384,1664,59,13,1]
[4096,-1024,208,-25,13,-4,1]
[14641,-1452,96,-12,1]
[6561,-972,118,-12,1]
[15625,0,22,0,1]
[15625,-1125,147,-9,1]
[6561,972,68,12,1]
[4096,256,368,7,23,1,1]
[15625,375,151,3,1]
[4096,512,96,33,6,2,1]
[4096,-1024,112,-51,7,-4,1]
[4096,512,16,-19,1,2,1]
[4096,-128,29,-2,1]
[4096,-2560,1168,-337,73,-10,1]
[729,0,0,17,0,0,1]
[14641,-726,124,-6,1]
[256,-192,144,-64,29,-16,9,-3,1]
[15625,0,203,0,1]
[4096,256,112,31,7,1,1]
[14641,-2178,180,-18,1]
[6561,1458,215,18,1]
[256,64,48,-20,7,-5,3,1,1]
[729,486,207,79,23,6,1]
[4096,0,32,21,2,0,1]
[64,-16,28,-9,7,-1,1]
[15625,2125,236,17,1]
[729,-108,32,-4,1]
[14641,-1210,182,-10,1]
[729,-216,38,-8,1]
[4096,0,39,0,1]
[4096,1024,544,107,34,4,1]
[512,64,96,15,12,1,1]
[4096,-512,-16,-29,-1,-2,1]
[729,0,27,34,3,0,1]
[16384,-256,-201,-2,1]
[4096,1280,112,-19,7,5,1]
[16384,0,-75,0,1]
[4096,-2560,800,-207,50,-10,1]
[16384,-512,255,-4,1]
[15625,3125,329,25,1]
[14641,-3267,415,-27,1]
[4096,-2816,1072,-293,67,-11,1]
[256,128,64,32,25,8,4,2,1]
[4096,0,112,-15,7,0,1]
[4096,-768,576,-87,36,-3,1]
[4096,768,224,79,14,3,1]
[4096,0,64,-105,4,0,1]
[16384,0,241,0,1]
[14641,968,157,8,1]
[4096,-1280,192,-7,12,-5,1]
[15625,0,59,0,1]
[4096,-256,320,-37,20,-1,1]
[14641,-484,203,-4,1]
[729,81,225,16,25,1,1]
[2401,-1029,204,-21,1]
[4096,2816,992,263,62,11,1]
[729,-324,88,-12,1]
[256,256,80,-8,-13,-2,5,4,1]
[512,128,0,7,0,2,1]
[14641,242,-25,2,1]
[4096,-1792,544,-151,34,-7,1]
[14641,-3630,431,-30,1]
[2401,147,26,3,1]
[4096,1024,80,11,5,4,1]
[16384,-768,61,-6,1]
[256,0,-48,4,19,1,-3,0,1]
[256,-192,112,-56,21,-14,7,-3,1]
[16384,-2688,299,-21,1]
[4096,-1792,432,-67,27,-7,1]
[729,243,-63,-52,-7,3,1]
[2401,-49,-75,-1,1]
[4096,256,-16,41,-1,1,1]
[15625,-500,121,-4,1]
[14641,726,162,6,1]
[4096,1024,320,115,20,4,1]
[15625,-1875,208,-15,1]
[14641,847,246,7,1]
[4096,-1024,112,11,7,-4,1]
[4096,-768,352,-25,22,-3,1]
[6561,-243,143,-3,1]
[4096,-1280,176,23,11,-5,1]
[4096,-1280,201,-20,1]
[4096,-3072,1408,-415,88,-12,1]
[14641,-1573,76,-13,1]
[15625,1500,231,12,1]
[4096,512,512,39,32,2,1]
[14641,-726,141,-6,1]
[4096,512,240,13,15,2,1]
[15625,-875,-68,-7,1]
[512,-192,16,-5,2,-3,1]
[256,-64,96,-24,29,-6,6,-1,1]
[4096,512,64,11,4,2,1]
[4096,0,528,-17,33,0,1]
[16384,-1920,275,-15,1]
[14641,1936,136,16,1]
[729,-243,108,-62,12,-3,1]
[256,192,112,24,7,6,7,3,1]
[256,-320,112,44,-51,11,7,-5,1]
[729,0,28,0,1]
[256,-64,32,8,-9,2,2,-1,1]
[729,324,135,46,15,4,1]
[14641,-242,13,-2,1]
[15625,-3625,448,-29,1]
[15625,-375,156,-3,1]
[14641,-847,28,-7,1]
[4096,-512,64,77,4,-2,1]
[4096,512,688,65,43,2,1]
[4096,-512,464,-63,29,-2,1]
[4096,256,96,107,6,1,1]
[729,0,27,40,3,0,1]
[64,-64,32,-13,8,-4,1]
[15625,125,239,1,1]
[16384,128,211,1,1]
[4096,1280,-48,-95,-3,5,1]
[4096,0,416,-9,26,0,1]
[16384,0,-121,0,1]
[4096,-768,512,-103,32,-3,1]
[4096,1024,-32,-27,-2,4,1]
[4096,-512,32,15,2,-2,1]
[4096,768,-32,-37,-2,3,1]
[256,64,48,24,17,6,3,1,1]
[4096,-1024,144,-27,9,-4,1]
[14641,3025,311,25,1]
[16384,1408,105,11,1]
[4096,-1024,336,-145,21,-4,1]
[256,-256,208,-144,75,-36,13,-4,1]
[6561,567,151,7,1]
[4096,512,80,81,5,2,1]
[4096,-768,304,-109,19,-3,1]
[14641,-605,103,-5,1]
[4096,768,-160,-63,-10,3,1]
[256,320,224,132,73,33,14,5,1]
[14641,-3146,393,-26,1]
[4096,1024,208,-1,13,4,1]
[16384,512,109,4,1]
[4096,-512,224,-109,14,-2,1]
[4096,0,416,33,26,0,1]
[256,192,48,36,35,9,3,3,1]
[4096,1024,384,89,24,4,1]
[2401,-245,88,-5,1]
[16384,3712,415,29,1]
[4096,-1536,320,-69,20,-6,1]
[64,32,-4,-11,-1,2,1]
[4096,-512,80,-21,5,-2,1]
[625,-225,48,-9,1]
[1024,-128,67,-4,1]
[15625,1375,36,11,1]
[1024,64,-19,2,1]
[15625,1875,127,15,1]
[256,0,-48,-20,19,-5,-3,0,1]
[256,-64,48,-16,29,-4,3,-1,1]
[256,-192,64,4,-3,1,4,-3,1]
[4096,384,17,6,1]
[256,-128,-16,32,-9,8,-1,-2,1]
[256,128,0,4,13,1,0,2,1]
[16384,-640,-87,-5,1]
[4096,-1536,656,-169,41,-6,1]
[4096,-1280,528,-89,33,-5,1]
[256,128,64,16,5,4,4,2,1]
[256,192,64,-20,-29,-5,4,3,1]
[6561,-324,70,-4,1]
[2401,-1176,241,-24,1]
[15625,-125,-161,-1,1]
[15625,-375,112,-3,1]
[512,256,48,7,6,4,1]
[4096,512,304,97,19,2,1]
[256,-64,64,-16,25,-4,4,-1,1]
[1024,-192,55,-6,1]
[15625,2000,307,16,1]
[4096,1024,640,113,40,4,1]
[4096,1024,448,75,28,4,1]
[256,-64,-32,8,3,2,-2,-1,1]
[4096,-256,368,-35,23,-1,1]
[4096,384,113,6,1]
[4096,1536,240,27,15,6,1]
[15625,-4375,547,-35,1]
[4096,-256,448,7,28,-1,1]
[15625,-625,188,-5,1]
[4096,2048,656,165,41,8,1]
[256,-256,224,-144,75,-36,14,-4,1]
[4096,768,544,85,34,3,1]
[256,-64,-48,16,-1,4,-3,-1,1]
[729,-567,144,-23,16,-7,1]
[15625,3000,327,24,1]
[4096,768,432,101,27,3,1]
[256,192,80,12,-1,3,5,3,1]
[4096,-768,352,-77,22,-3,1]
[256,-64,-16,16,-1,4,-1,-1,1]
[4096,-1536,384,-67,24,-6,1]
[4096,768,64,-23,4,3,1]
[256,-192,128,-36,21,-9,8,-3,1]
[256,128,-64,-12,23,-3,-4,2,1]
[2401,-98,-43,-2,1]
[15625,500,34,4,1]
[4096,-1536,448,-91,28,-6,1]
[256,0,-48,0,15,0,-3,0,1]
[15625,750,27,6,1]
[4096,768,496,67,31,3,1]
[4096,-512,-144,73,-9,-2,1]
[16384,-1536,133,-12,1]
[729,-567,234,-82,26,-7,1]
[4096,768,-48,-57,-3,3,1]
[256,128,80,12,7,3,5,2,1]
[15625,-2125,153,-17,1]
[729,162,-18,-43,-2,2,1]
[4096,1792,368,41,23,7,1]
[4096,-768,176,-83,11,-3,1]
[4096,-1024,176,-51,11,-4,1]
[14641,-847,93,-7,1]
[512,320,216,73,27,5,1]
[4096,-1024,64,53,4,-4,1]
[256,128,-48,-4,23,-1,-3,2,1]
[4096,768,64,5,4,3,1]
[4096,256,-144,-61,-9,1,1]
[729,-81,99,5,11,-1,1]
[4096,768,80,-1,5,3,1]
[4096,0,304,15,19,0,1]
[4096,768,-128,-133,-8,3,1]
[6561,1620,254,20,1]
[4096,-1536,272,-31,17,-6,1]
[14641,0,32,0,1]
[4096,-768,-32,65,-2,-3,1]
[4096,256,368,-7,23,1,1]
[256,-128,160,-56,45,-14,10,-2,1]
[4096,-512,272,-17,17,-2,1]
[15625,-1375,49,-11,1]
[4096,512,416,73,26,2,1]
[4096,-512,480,-23,30,-2,1]
[512,-384,232,-91,29,-6,1]
[512,0,72,19,9,0,1]
[4096,-256,224,15,14,-1,1]
[14641,-121,113,-1,1]
[16384,2176,245,17,1]
[729,-81,-36,31,-4,-1,1]
[6561,-810,76,-10,1]
[16384,2816,257,22,1]
[6561,-648,37,-8,1]
[4096,1024,480,129,30,4,1]
[4096,1280,496,141,31,5,1]
[4096,-192,-57,-3,1]
[14641,1089,168,9,1]
[4096,-1280,752,-157,47,-5,1]
[256,128,16,-16,-19,-4,1,2,1]
[15625,-750,201,-6,1]
[256,0,-128,4,37,1,-8,0,1]
[14641,-1694,130,-14,1]
[4096,1024,-32,-57,-2,4,1]
[4096,-256,-112,-35,-7,-1,1]
[14641,2057,217,17,1]
[4096,-512,256,-19,16,-2,1]
[256,-64,-16,-16,19,-4,-1,-1,1]
[256,-320,96,72,-71,18,6,-5,1]
[14641,-968,195,-8,1]
[4096,-256,35,-4,1]
[16384,-384,-77,-3,1]
[729,0,-18,-5,-2,0,1]
[512,128,136,25,17,2,1]
[4096,-256,96,81,6,-1,1]
[256,192,176,108,61,27,11,3,1]
[4096,-512,144,27,9,-2,1]
[4096,1024,112,45,7,4,1]
[729,486,261,104,29,6,1]
[81,-27,14,-3,1]
[14641,-1694,156,-14,1]
[16384,-2432,263,-19,1]
[512,256,136,49,17,4,1]
[4096,-1280,304,-25,19,-5,1]
[15625,-125,166,-1,1]
[16384,2048,251,16,1]
[14641,847,68,7,1]
[256,320,160,4,-23,1,10,5,1]
[729,162,27,-11,3,2,1]
[6561,0,-115,0,1]
[4096,1088,145,17,1]
[729,-81,27,-52,3,-1,1]
[14641,3751,469,31,1]
[2401,637,128,13,1]
[4096,-512,128,5,8,-2,1]
[512,192,80,45,10,3,1]
[16384,2304,313,18,1]
[4096,512,16,-89,1,2,1]
[256,-256,256,-164,99,-41,16,-4,1]
[4096,0,0,21,0,0,1]
[512,64,-32,-13,-4,1,1]
[4096,2048,544,129,34,8,1]
[4096,-512,-128,37,-8,-2,1]
[6561,729,55,9,1]
[4096,1792,656,207,41,7,1]
[256,0,80,-48,9,-12,5,0,1]
[4096,512,560,37,35,2,1]
[15625,-3125,326,-25,1]
[14641,-968,-59,-8,1]
[256,64,96,28,25,7,6,1,1]
[14641,2178,195,18,1]
[4096,-1024,129,-16,1]
[4096,-1792,880,-223,55,-7,1]
[14641,0,233,0,1]
[4096,-512,144,-71,9,-2,1]
[2401,-49,96,-1,1]
[256,-192,0,44,-23,11,0,-3,1]
[16384,-512,-75,-4,1]
[729,243,18,-13,2,3,1]
[256,0,128,-12,33,-3,8,0,1]
[4096,1280,-176,-143,-11,5,1]
[256,-320,272,-172,93,-43,17,-5,1]
[4096,1792,640,181,40,7,1]
[4096,-1024,240,-107,15,-4,1]
[14641,-484,52,-4,1]
[256,-128,192,-84,65,-21,12,-2,1]
[14641,-1331,37,-11,1]
[256,-256,224,-124,69,-31,14,-4,1]
[256,-64,96,-24,35,-6,6,-1,1]
[2401,-490,68,-10,1]
[256,0,-96,0,35,0,-6,0,1]
[4096,-1024,656,-107,41,-4,1]
[256,64,48,8,-9,2,3,1,1]
[4096,-768,-144,75,-9,-3,1]
[512,64,32,43,4,1,1]
[256,-64,0,-4,19,-1,0,-1,1]
[16384,-384,217,-3,1]
[4096,-192,63,-3,1]
[4096,768,336,97,21,3,1]
[729,972,621,251,69,12,1]
[14641,605,124,5,1]
[729,324,54,11,6,4,1]
[4096,512,112,11,7,2,1]
[4096,2048,400,63,25,8,1]
[256,-64,16,-4,9,-1,1,-1,1]
[256,-64,32,-20,31,-5,2,-1,1]
[6561,405,-46,5,1]
[4096,-512,416,-65,26,-2,1]
[4096,1280,-176,-153,-11,5,1]
[4096,-768,-240,97,-15,-3,1]
[14641,-484,78,-4,1]
[256,-64,80,-40,11,-10,5,-1,1]
[256,-256,128,-36,15,-9,8,-4,1]
[4096,2304,912,239,57,9,1]
[15625,250,-107,2,1]
[256,0,96,-12,27,-3,6,0,1]
[4096,1536,384,121,24,6,1]
[4096,2048,464,95,29,8,1]
[4096,-2816,1120,-317,70,-11,1]
[4096,0,112,-5,7,0,1]
[2401,539,87,11,1]
[6561,-405,-13,-5,1]
[256,0,-16,-4,-19,-1,-1,0,1]
[16384,2560,217,20,1]
[512,-128,-8,35,-1,-2,1]
[256,128,16,-32,-25,-8,1,2,1]
[15625,625,-107,5,1]
[15625,750,-81,6,1]
[4096,-1280,144,25,9,-5,1]
[512,-192,32,-5,4,-3,1]
[4096,-640,125,-10,1]
[15625,-2625,236,-21,1]
[4096,-768,592,-71,37,-3,1]
[4096,-512,160,29,10,-2,1]
[4096,256,48,113,3,1,1]
[15625,-2000,261,-16,1]
[4096,512,96,5,6,2,1]
[4096,0,-48,61,-3,0,1]
[16384,-1408,147,-11,1]
[4096,3328,1504,463,94,13,1]
[256,64,16,16,13,4,1,1,1]
[15625,1500,24,12,1]
[4096,-1280,96,-1,6,-5,1]
[14641,605,-70,5,1]
[6561,972,182,12,1]
[16384,-1792,263,-14,1]
[14641,0,-126,0,1]
[14641,-121,-182,-1,1]
[729,-486,99,-11,11,-6,1]
[16384,-768,131,-6,1]
[625,-150,34,-6,1]
[4096,1536,320,69,20,6,1]
[15625,-1000,187,-8,1]
[4096,256,272,43,17,1,1]
[6561,-972,178,-12,1]
[729,-243,108,-49,12,-3,1]
[14641,1936,151,16,1]
[729,-486,261,-106,29,-6,1]
[4096,1536,160,5,10,6,1]
[15625,-125,159,-1,1]
[14641,2904,305,24,1]
[256,0,112,-12,25,-3,7,0,1]
[14641,0,-103,0,1]
[4096,-512,384,-9,24,-2,1]
[256,-128,64,-24,25,-6,4,-2,1]
[14641,847,138,7,1]
[4096,512,112,-37,7,2,1]
[14641,121,46,1,1]
[15625,3875,482,31,1]
[256,0,48,-16,17,-4,3,0,1]
[14641,4961,661,41,1]
[256,64,48,-24,-7,-6,3,1,1]
[512,448,216,83,27,7,1]
[256,256,144,52,19,13,9,4,1]
[4096,2560,1008,275,63,10,1]
[512,-256,160,-51,20,-4,1]
[512,576,360,153,45,9,1]
[256,0,-64,-8,23,-2,-4,0,1]
[729,405,108,13,12,5,1]
[4096,1024,16,-3,1,4,1]
[4096,1216,189,19,1]
[729,81,126,20,14,1,1]
[512,0,8,-23,1,0,1]
[4096,0,-48,3,-3,0,1]
[16384,-768,-107,-6,1]
[14641,242,218,2,1]
[625,75,14,3,1]
[14641,0,-111,0,1]
[4096,512,352,73,22,2,1]
[256,0,-48,4,31,1,-3,0,1]
[4096,-256,144,3,9,-1,1]
[6561,-405,2,-5,1]
[14641,3146,351,26,1]
[6561,-891,53,-11,1]
[15625,0,-143,0,1]
[15625,-2750,314,-22,1]
[729,81,45,-10,5,1,1]
[4096,1280,0,-33,0,5,1]
[6561,-1053,77,-13,1]
[16384,1280,257,10,1]
[512,-192,80,-45,10,-3,1]
[14641,1452,80,12,1]
[4096,256,368,-23,23,1,1]
[729,-324,126,-65,14,-4,1]
[4096,-1024,336,-117,21,-4,1]
[4096,-512,144,43,9,-2,1]
[256,64,128,-8,27,-2,8,1,1]
[256,-256,128,-76,49,-19,8,-4,1]
[512,-192,112,-43,14,-3,1]
[4096,768,-80,-19,-5,3,1]
[4096,2048,784,245,49,8,1]
[4096,512,-176,-83,-11,2,1]
[256,512,576,448,259,112,36,8,1]
[6561,-162,-73,-2,1]
[4096,-3328,1488,-445,93,-13,1]
[64,-16,20,-7,5,-1,1]
[4096,-1536,672,-157,42,-6,1]
[4096,-512,672,-63,42,-2,1]
[14641,484,-79,4,1]
[2401,-441,43,-9,1]
[4096,256,176,-5,11,1,1]
[256,-320,208,-124,71,-31,13,-5,1]
[729,324,153,34,17,4,1]
[2401,0,-38,0,1]
[15625,-125,-113,-1,1]
[4096,-512,-16,51,-1,-2,1]
[4096,-1280,160,13,10,-5,1]
[729,-324,162,-38,18,-4,1]
[512,-384,192,-77,24,-6,1]
[256,-64,112,0,21,0,7,-1,1]
[729,162,99,35,11,2,1]
[4096,1280,-96,-109,-6,5,1]
[14641,0,85,0,1]
[4096,256,176,-45,11,1,1]
[4096,0,-16,87,-1,0,1]
[4096,1152,191,18,1]
[4096,896,139,14,1]
[16384,-2176,293,-17,1]
[15625,625,1,5,1]
[256,256,240,152,85,38,15,4,1]
[729,-243,162,-37,18,-3,1]
[4096,0,-192,-21,-12,0,1]
[15625,-1750,282,-14,1]
[15625,-750,86,-6,1]
[15625,-1250,241,-10,1]
[512,-192,88,-39,11,-3,1]
[729,-405,54,5,6,-5,1]
[4096,-256,-112,45,-7,-1,1]
[256,256,96,-56,-53,-14,6,4,1]
[16384,2304,291,18,1]
[4096,3072,1232,347,77,12,1]
[256,0,112,4,25,1,7,0,1]
[15625,-750,219,-6,1]
[4096,256,0,-111,0,1,1]
[1024,96,9,3,1]
[729,-405,216,-68,24,-5,1]
[4096,1536,240,47,15,6,1]
[4096,-1280,32,47,2,-5,1]
[4096,0,-112,71,-7,0,1]
[14641,-605,82,-5,1]
[4096,2304,1056,283,66,9,1]
[729,-324,90,-14,10,-4,1]
[4096,-2048,560,-147,35,-8,1]
[4096,1280,320,61,20,5,1]
[4096,-128,-77,-2,1]
[4096,-256,272,-25,17,-1,1]
[729,351,94,13,1]
[125,4,1]
[6561,-486,74,-6,1]
[14641,-2541,288,-21,1]
[256,128,16,12,15,3,1,2,1]
[14641,1694,280,14,1]
[256,128,96,40,25,10,6,2,1]
[256,64,0,4,1,1,0,1,1]
[4096,-256,-16,5,-1,-1,1]
[256,-192,-16,44,-19,11,-1,-3,1]
[256,-192,144,-100,45,-25,9,-3,1]
[6561,-405,101,-5,1]
[2401,686,110,14,1]
[4096,-1536,416,-83,26,-6,1]
[4096,384,41,6,1]
[4096,0,352,15,22,0,1]
[4096,2048,544,111,34,8,1]
[15625,500,207,4,1]
[4096,768,48,47,3,3,1]
[14641,0,58,0,1]
[4096,-256,128,-5,8,-1,1]
[256,192,48,36,31,9,3,3,1]
[4096,1280,448,131,28,5,1]
[512,-192,160,-39,20,-3,1]
[729,-648,387,-149,43,-8,1]
[4096,-2304,528,-93,33,-9,1]
[15625,-875,-56,-7,1]
[15625,750,167,6,1]
[4096,512,16,-61,1,2,1]
[4096,-2048,736,-231,46,-8,1]
[256,-192,48,28,-21,7,3,-3,1]
[15625,-1375,31,-11,1]
[4096,-1280,512,-151,32,-5,1]
[14641,-2783,328,-23,1]
[2401,-245,17,-5,1]
[4096,-2048,768,-237,48,-8,1]
[4096,-1280,352,-79,22,-5,1]
[15625,-250,-167,-2,1]
[4096,-768,384,-29,24,-3,1]
[256,64,32,0,-15,0,2,1,1]
[4096,1792,768,189,48,7,1]
[4096,1024,16,-21,1,4,1]
[14641,2783,294,23,1]
[4096,768,464,95,29,3,1]
[4096,-768,496,-63,31,-3,1]
[729,-324,45,2,5,-4,1]
[4096,1280,400,125,25,5,1]
[16384,-640,213,-5,1]
[4096,-1792,240,3,15,-7,1]
[2401,98,79,2,1]
[2401,-98,-37,-2,1]
[4096,128,75,2,1]
[16384,1024,97,8,1]
[16384,384,197,3,1]
[4096,256,64,1,4,1,1]
[256,128,32,-4,5,-1,2,2,1]
[256,256,160,96,59,24,10,4,1]
[4096,1792,640,173,40,7,1]
[4096,-1536,48,79,3,-6,1]
[729,-81,18,-43,2,-1,1]
[4096,512,121,8,1]
[256,-128,0,-32,37,-8,0,-2,1]
[2401,98,25,2,1]
[729,405,117,29,13,5,1]
[729,-81,27,-44,3,-1,1]
[256,64,48,0,-3,0,3,1,1]
[256,-128,80,-60,21,-15,5,-2,1]
[729,0,72,22,8,0,1]
[15625,-1875,92,-15,1]
[4096,-256,-16,75,-1,-1,1]
[256,-64,16,4,-15,1,1,-1,1]
[729,162,55,6,1]
[16384,-2176,307,-17,1]
[16384,-256,149,-2,1]
[4096,-1536,640,-179,40,-6,1]
[256,-128,80,20,-7,5,5,-2,1]
[4096,1536,576,145,36,6,1]
[4096,1536,96,-29,6,6,1]
[16384,128,165,1,1]
[16384,512,247,4,1]
[4096,2048,384,59,24,8,1]
[256,64,16,-12,3,-3,1,1,1]
[256,0,32,16,15,4,2,0,1]
[4096,-768,464,-55,29,-3,1]
[6561,1215,154,15,1]
[4096,-256,272,-49,17,-1,1]
[4096,768,272,51,17,3,1]
[2401,98,-23,2,1]
[6561,-1539,241,-19,1]
[256,64,128,24,31,6,8,1,1]
[15625,4500,563,36,1]
[512,192,48,13,6,3,1]
[256,-192,160,-84,53,-21,10,-3,1]
[4096,256,64,49,4,1,1]
[4096,1024,144,35,9,4,1]
[16384,-1408,85,-11,1]
[256,64,64,-4,3,-1,4,1,1]
[4096,768,64,-9,4,3,1]
[256,-128,80,-36,19,-9,5,-2,1]
[4096,-64,119,-1,1]
[256,64,48,-12,3,-3,3,1,1]
[14641,-1331,54,-11,1]
[14641,-1331,15,-11,1]
[4096,-1024,192,-23,12,-4,1]
[256,-384,336,-212,111,-53,21,-6,1]
[256,-64,-16,20,3,5,-1,-1,1]
[15625,-750,-8,-6,1]
[4096,-64,79,-1,1]
[729,81,72,-13,8,1,1]
[512,-64,152,-17,19,-1,1]
[256,-64,-32,20,3,5,-2,-1,1]
[15625,625,246,5,1]
[4096,768,272,25,17,3,1]
[15625,2000,271,16,1]
[4096,-2304,624,-125,39,-9,1]
[512,-576,328,-133,41,-9,1]
[4096,-768,464,-61,29,-3,1]
[256,-64,64,-4,11,-1,4,-1,1]
[512,192,24,-1,3,3,1]
[4096,-1536,384,-85,24,-6,1]
[4096,768,240,117,15,3,1]
[4096,256,-48,1,-3,1,1]
[6561,1377,148,17,1]
[729,162,-18,-8,-2,2,1]
[4096,2816,1312,375,82,11,1]
[15625,-250,149,-2,1]
[14641,1573,250,13,1]
[4096,-768,448,-67,28,-3,1]
[4096,-2048,352,-31,22,-8,1]
[4096,1024,128,-21,8,4,1]
[4096,-768,400,-27,25,-3,1]
[14641,484,181,4,1]
[4096,-768,16,63,1,-3,1]
[15625,875,223,7,1]
[4096,-256,336,-11,21,-1,1]
[256,64,-64,-16,1,-4,-4,1,1]
[4096,256,-80,5,-5,1,1]
[625,-200,36,-8,1]
[256,0,32,4,7,1,2,0,1]
[256,-256,96,24,-29,6,6,-4,1]
[256,64,0,-4,13,-1,0,1,1]
[4096,-2048,208,25,13,-8,1]
[4096,1536,576,113,36,6,1]
[256,-256,64,0,1,0,4,-4,1]
[14641,-4356,551,-36,1]
[4096,-1024,64,-31,4,-4,1]
[4096,1536,448,95,28,6,1]
[256,256,208,128,63,32,13,4,1]
[4096,2560,1024,309,64,10,1]
[256,256,160,56,19,14,10,4,1]
[256,-128,0,-24,29,-6,0,-2,1]
[14641,-1452,180,-12,1]
[256,64,16,24,25,6,1,1,1]
[4096,-1280,304,-69,19,-5,1]
[4096,-2048,800,-253,50,-8,1]
[256,-128,112,-76,35,-19,7,-2,1]
[4096,1792,448,75,28,7,1]
[4096,1792,144,-27,9,7,1]
[4096,-1024,144,29,9,-4,1]
[15625,375,69,3,1]
[256,64,64,16,21,4,4,1,1]
[4096,-512,176,-61,11,-2,1]
[256,512,560,424,241,106,35,8,1]
[4096,2048,832,239,52,8,1]
[4096,1280,176,-25,11,5,1]
[4096,-256,336,-69,21,-1,1]
[729,648,297,104,33,8,1]
[625,-150,46,-6,1]
[4096,-256,128,-79,8,-1,1]
[6561,1053,97,13,1]
[256,128,80,4,-1,1,5,2,1]
[14641,2057,270,17,1]
[256,192,64,52,45,13,4,3,1]
[4096,-3584,1712,-519,107,-14,1]
[625,-100,-2,-4,1]
[4096,-768,-144,83,-9,-3,1]
[4096,1344,209,21,1]
[14641,-121,-111,-1,1]
[256,256,160,76,29,19,10,4,1]
[2401,-833,144,-17,1]
[256,128,96,44,15,11,6,2,1]
[2401,-539,90,-11,1]
[14641,-726,216,-6,1]
[256,64,32,16,3,4,2,1,1]
[256,64,80,-36,1,-9,5,1,1]
[4096,1536,640,153,40,6,1]
[729,-81,108,-20,12,-1,1]
[6561,81,-100,1,1]
[256,-256,80,60,-55,15,5,-4,1]
[4096,-512,768,-63,48,-2,1]
[256,128,64,-12,-9,-3,4,2,1]
[256,128,64,52,35,13,4,2,1]
[2401,245,2,5,1]
[4096,-1280,464,-81,29,-5,1]
[4096,-1536,208,3,13,-6,1]
[15625,2000,144,16,1]
[4096,256,288,11,18,1,1]
[729,-486,207,-76,23,-6,1]
[16384,-1536,47,-12,1]
[4096,-1280,464,-67,29,-5,1]
[16384,896,253,7,1]
[16384,-1408,113,-11,1]
[512,256,-56,-65,-7,4,1]
[6561,1215,155,15,1]
[4096,-2304,480,-65,30,-9,1]
[6561,-1296,199,-16,1]
[4096,-1792,832,-213,52,-7,1]
[4096,-2304,800,-235,50,-9,1]
[4096,512,416,37,26,2,1]
[14641,605,6,5,1]
[256,-192,192,-128,65,-32,12,-3,1]
[729,-162,27,-25,3,-2,1]
[15625,3750,446,30,1]
[4096,1024,240,81,15,4,1]
[16384,-2560,249,-20,1]
[2401,-98,30,-2,1]
[512,-64,-8,21,-1,-1,1]
[4096,2048,384,43,24,8,1]
[729,-243,72,-17,8,-3,1]
[4096,1280,-224,-163,-14,5,1]
[4096,2304,528,95,33,9,1]
[2401,0,-23,0,1]
[729,243,126,19,14,3,1]
[14641,1089,86,9,1]
[729,162,117,23,13,2,1]
[4096,1024,32,7,2,4,1]
[4096,-1792,560,-161,35,-7,1]
[14641,1815,95,15,1]
[4096,-512,256,-3,16,-2,1]
[64,0,-15,0,1]
[4096,256,144,-73,9,1,1]
[729,-81,-9,-20,-1,-1,1]
[14641,605,128,5,1]
[16384,640,-59,5,1]
[256,64,0,12,17,3,0,1,1]
[729,-81,-63,13,-7,-1,1]
[4096,-256,0,71,0,-1,1]
[14641,363,-157,3,1]
[256,64,32,-28,-21,-7,2,1,1]
[4096,1024,560,77,35,4,1]
[14641,-363,-30,-3,1]
[4096,512,368,83,23,2,1]
[4096,1024,288,71,18,4,1]
[16384,-384,17,-3,1]
[256,-192,96,-48,23,-12,6,-3,1]
[16384,2432,327,19,1]
[15625,750,52,6,1]
[15625,500,-17,4,1]
[64,32,12,9,3,2,1]
[4096,1024,272,1,17,4,1]
[4096,-512,224,-11,14,-2,1]
[256,-128,80,-44,9,-11,5,-2,1]
[4096,-1792,128,35,8,-7,1]
[4096,0,0,117,0,0,1]
[729,162,9,8,1,2,1]
[256,0,-16,-8,9,-2,-1,0,1]
[4096,-1280,464,-71,29,-5,1]
[4096,3584,1664,511,104,14,1]
[512,-192,0,7,0,-3,1]
[512,-384,216,-79,27,-6,1]
[4096,2560,640,119,40,10,1]
[14641,-2299,218,-19,1]
[6561,-729,58,-9,1]
[14641,2299,270,19,1]
[15625,625,254,5,1]
[4096,1536,816,173,51,6,1]
[256,0,-48,20,13,5,-3,0,1]
[4096,-1536,272,-59,17,-6,1]
[512,-192,120,-27,15,-3,1]
[1024,96,-27,3,1]
[4096,256,224,-47,14,1,1]
[729,81,45,-26,5,1,1]
[14641,726,2,6,1]
[16384,640,-37,5,1]
[4096,-2304,448,-63,28,-9,1]
[4096,256,272,47,17,1,1]
[4096,-512,560,-75,35,-2,1]
[4096,1280,512,93,32,5,1]
[512,-256,96,-31,12,-4,1]
[4096,1536,-176,-171,-11,6,1]
[4096,-256,-160,5,-10,-1,1]
[16384,-1536,59,-12,1]
[256,64,48,40,17,10,3,1,1]
[729,324,144,71,16,4,1]
[15625,-375,41,-3,1]
[14641,242,63,2,1]
[14641,968,39,8,1]
[256,-64,32,4,-13,1,2,-1,1]
[729,405,81,17,9,5,1]
[15625,-1250,254,-10,1]
[256,-64,16,16,-1,4,1,-1,1]
[4096,1792,352,51,22,7,1]
[256,128,-64,-8,25,-2,-4,2,1]
[256,-128,0,-20,25,-5,0,-2,1]
[729,405,207,89,23,5,1]
[729,405,117,38,13,5,1]
[4096,-192,31,-3,1]
[4096,-768,288,-43,18,-3,1]
[4096,-1024,-32,101,-2,-4,1]
[16384,-640,-21,-5,1]
[15625,-3500,386,-28,1]
[256,-256,112,8,-19,2,7,-4,1]
[4096,-768,176,-35,11,-3,1]
[15625,-1625,157,-13,1]
[256,-64,-32,-8,17,-2,-2,-1,1]
[4096,2048,608,163,38,8,1]
[15625,-1125,49,-9,1]
[16384,768,21,6,1]
[512,256,40,3,5,4,1]
[15625,875,38,7,1]
[4096,256,-80,-9,-5,1,1]
[4096,1536,208,9,13,6,1]
[4096,-256,160,-19,10,-1,1]
[4096,0,304,-57,19,0,1]
[256,192,96,20,13,5,6,3,1]
[4096,2560,1136,323,71,10,1]
[4096,0,0,-51,0,0,1]
[14641,-2299,234,-19,1]
[4096,-192,25,-3,1]
[4096,512,-80,-79,-5,2,1]
[15625,875,41,7,1]
[6561,162,94,2,1]
[4096,192,115,3,1]
[14641,1452,86,12,1]
[729,-81,54,-44,6,-1,1]
[4096,-256,-160,9,-10,-1,1]
[4096,1792,608,201,38,7,1]
[256,64,32,-32,-19,-8,2,1,1]
[4096,-256,336,-41,21,-1,1]
[4096,-768,224,-77,14,-3,1]
[4096,1280,-176,-121,-11,5,1]
[256,-64,-16,12,-1,3,-1,-1,1]
[4096,-1536,576,-155,36,-6,1]
[729,567,315,122,35,7,1]
[4096,1280,640,155,40,5,1]
[14641,968,138,8,1]
[729,-162,99,-20,11,-2,1]
[15625,2250,257,18,1]
[4096,512,48,1,3,2,1]
[512,128,136,29,17,2,1]
[256,128,-64,-12,21,-3,-4,2,1]
[2401,392,59,8,1]
[4096,256,0,-65,0,1,1]
[729,648,315,118,35,8,1]
[4096,1792,416,69,26,7,1]
[4096,-1280,-208,157,-13,-5,1]
[16384,-1792,103,-14,1]
[4096,2048,640,159,40,8,1]
[256,0,128,-40,29,-10,8,0,1]
[4096,768,448,53,28,3,1]
[16384,-3200,389,-25,1]
[4096,1024,416,49,26,4,1]
[4096,256,208,51,13,1,1]
[256,64,112,64,25,16,7,1,1]
[16384,2304,201,18,1]
[729,81,72,13,8,1,1]
[256,-64,80,-32,29,-8,5,-1,1]
[16384,896,99,7,1]
[6561,-2106,325,-26,1]
[4096,256,480,27,30,1,1]
[256,0,-80,-4,23,-1,-5,0,1]
[4096,-256,608,-21,38,-1,1]
[15625,3750,432,30,1]
[14641,-847,70,-7,1]
[4096,-512,-144,93,-9,-2,1]
[729,-324,234,-68,26,-4,1]
[512,192,8,-7,1,3,1]
[14641,0,16,0,1]
[4096,1280,624,129,39,5,1]
[15625,-625,248,-5,1]
[16384,1664,175,13,1]
[729,-243,-45,37,-5,-3,1]
[4096,-256,160,-107,10,-1,1]
[15625,0,-43,0,1]
[15625,-875,76,-7,1]
[15625,375,-77,3,1]
[4096,-256,112,-35,7,-1,1]
[4096,-512,16,-63,1,-2,1]
[4096,-768,480,-91,30,-3,1]
[4096,768,336,59,21,3,1]
[4096,512,-48,-67,-3,2,1]
[256,192,240,120,85,30,15,3,1]
[4096,-1536,624,-151,39,-6,1]
[4096,768,-192,-97,-12,3,1]
[4096,768,176,101,11,3,1]
[4096,512,112,-31,7,2,1]
[4096,1280,-208,-139,-13,5,1]
[64,-32,28,-17,7,-2,1]
[4096,-2816,848,-193,53,-11,1]
[4096,-1792,704,-197,44,-7,1]
[256,0,80,-12,29,-3,5,0,1]
[4096,-4096,1936,-583,121,-16,1]
[14641,-484,30,-4,1]
[14641,-121,127,-1,1]
[14641,-242,-179,-2,1]
[14641,1694,191,14,1]
[15625,-500,71,-4,1]
[4096,-1280,112,37,7,-5,1]
[256,64,0,-16,1,-4,0,1,1]
[4096,-1280,400,-91,25,-5,1]
[729,-486,279,-103,31,-6,1]
[4096,1792,464,111,29,7,1]
[4096,256,80,-53,5,1,1]
[256,0,16,-4,5,-1,1,0,1]
[4096,256,32,73,2,1,1]
[16384,-896,-63,-7,1]
[64,-48,-12,21,-3,-3,1]
[14641,2178,283,18,1]
[729,81,144,17,16,1,1]
[4096,-768,416,-91,26,-3,1]
[4096,-2048,896,-243,56,-8,1]
[729,-162,117,-38,13,-2,1]
[256,256,160,76,35,19,10,4,1]
[729,-162,45,19,5,-2,1]
[4096,448,41,7,1]
[4096,256,352,13,22,1,1]
[15625,-2875,272,-23,1]
[256,320,288,204,113,51,18,5,1]
[15625,125,-18,1,1]
[256,0,-80,8,29,2,-5,0,1]
[4096,256,272,85,17,1,1]
[729,243,81,16,9,3,1]
[4096,512,480,41,30,2,1]
[256,64,80,20,9,5,5,1,1]
[15625,-5000,649,-40,1]
[16384,1024,-67,8,1]
[14641,-2057,254,-17,1]
[729,-81,-9,-10,-1,-1,1]
[256,-64,80,-56,17,-14,5,-1,1]
[4096,256,336,-13,21,1,1]
[729,486,171,44,19,6,1]
[16384,1536,49,12,1]
[16384,512,-149,4,1]
[256,64,-16,12,15,3,-1,1,1]
[4096,1024,-96,-51,-6,4,1]
[256,0,48,16,15,4,3,0,1]
[16384,1664,71,13,1]
[14641,1089,196,9,1]
[14641,121,-89,1,1]
[256,-64,48,-20,29,-5,3,-1,1]
[16384,1536,141,12,1]
[729,324,90,5,10,4,1]
[256,128,48,8,1,2,3,2,1]
[4096,512,272,79,17,2,1]
[729,243,63,-4,7,3,1]
[15625,-250,116,-2,1]
[15625,-125,-222,-1,1]
[729,0,18,-17,2,0,1]
[256,0,0,20,-7,5,0,0,1]
[4096,-64,13,-1,1]
[15625,-1750,266,-14,1]
[15625,125,228,1,1]
[6561,-1539,245,-19,1]
[256,128,32,48,33,12,2,2,1]
[6561,0,-112,0,1]
[16384,2816,249,22,1]
[4096,-256,288,-39,18,-1,1]
[14641,121,98,1,1]
[4096,-1024,240,-59,15,-4,1]
[4096,1536,16,-65,1,6,1]
[15625,-250,159,-2,1]
[729,243,27,-5,3,3,1]
[256,192,160,116,55,29,10,3,1]
[729,-162,144,-23,16,-2,1]
[14641,1936,228,16,1]
[4096,-256,144,57,9,-1,1]
[4096,-512,0,77,0,-2,1]
[6561,-243,-100,-3,1]
[4096,-768,-48,73,-3,-3,1]
[4096,-512,496,-67,31,-2,1]
[1024,-96,23,-3,1]
[256,-192,48,12,-19,3,3,-3,1]
[16384,-3584,401,-28,1]
[256,-64,16,-4,-1,-1,1,-1,1]
[15625,1125,37,9,1]
[4096,-1536,384,-127,24,-6,1]
[256,-256,160,-92,45,-23,10,-4,1]
[256,-64,32,-8,7,-2,2,-1,1]
[15625,1250,22,10,1]
[4096,512,-64,-103,-4,2,1]
[729,-486,279,-107,31,-6,1]
[81,-9,4,-1,1]
[4096,-512,96,-31,6,-2,1]
[4096,-1792,688,-169,43,-7,1]
[4096,0,0,-95,0,0,1]
[256,-256,192,-104,55,-26,12,-4,1]
[2401,-833,142,-17,1]
[729,-243,-63,62,-7,-3,1]
[6561,891,124,11,1]
[4096,1280,528,145,33,5,1]
[121,9,1]
[6561,-243,152,-3,1]
[4096,-768,-128,43,-8,-3,1]
[256,128,112,84,35,21,7,2,1]
[729,324,54,-7,6,4,1]
[15625,-125,152,-1,1]
[4096,256,-48,3,-3,1,1]
[729,-567,144,-22,16,-7,1]
[14641,1210,116,10,1]
[729,-324,99,-43,11,-4,1]
[6561,-405,158,-5,1]
[4096,640,111,10,1]
[256,128,96,28,13,7,6,2,1]
[6561,-729,64,-9,1]
[15625,-375,-53,-3,1]
[4096,256,80,77,5,1,1]
[729,-162,0,13,0,-2,1]
[625,-200,34,-8,1]
[729,729,441,173,49,9,1]
[256,-128,-16,12,5,3,-1,-2,1]
[2401,-539,103,-11,1]
[14641,1089,258,9,1]
[4096,1024,-64,-77,-4,4,1]
[14641,242,89,2,1]
[4096,256,32,-33,2,1,1]
[14641,121,203,1,1]
[4096,-768,-160,71,-10,-3,1]
[4096,-1024,400,-149,25,-4,1]
[512,128,96,9,12,2,1]
[4096,-1792,640,-135,40,-7,1]
[14641,968,119,8,1]
[4096,1792,496,89,31,7,1]
[64,16,32,5,8,1,1]
[256,0,64,-32,1,-8,4,0,1]
[16384,1920,129,15,1]
[4096,0,432,-17,27,0,1]
[16384,1152,59,9,1]
[512,384,200,75,25,6,1]
[4096,1280,384,57,24,5,1]
[6561,-243,76,-3,1]
[14641,3146,333,26,1]
[15625,375,196,3,1]
[256,0,-144,0,41,0,-9,0,1]
[14641,-3025,340,-25,1]
[4096,-512,544,-41,34,-2,1]
[4096,256,112,43,7,1,1]
[4096,512,112,17,7,2,1]
[4096,2304,1008,265,63,9,1]
[14641,1089,203,9,1]
[729,-648,378,-146,42,-8,1]
[14641,-121,119,-1,1]
[16384,-2304,291,-18,1]
[729,-162,189,-38,21,-2,1]
[512,256,184,57,23,4,1]
[4096,-768,400,-79,25,-3,1]
[15625,1875,233,15,1]
[4096,2304,896,227,56,9,1]
[729,-243,108,-20,12,-3,1]
[15625,-3500,437,-28,1]
[1024,0,-21,0,1]
[4096,0,-176,-11,-11,0,1]
[6561,-1215,139,-15,1]
[4096,1536,704,157,44,6,1]
[256,384,384,260,147,65,24,6,1]
[14641,-1936,254,-16,1]
[729,27,-8,1,1]
[4096,-3328,1472,-437,92,-13,1]
[4096,128,-27,2,1]
[4096,512,128,-37,8,2,1]
[4096,256,208,-43,13,1,1]
[4096,-1536,448,-117,28,-6,1]
[4096,-256,368,-45,23,-1,1]
[4096,-768,176,5,11,-3,1]
[4096,-2816,1088,-309,68,-11,1]
[15625,125,173,1,1]
[512,-64,88,-11,11,-1,1]
[4096,-1792,96,53,6,-7,1]
[15625,-2000,273,-16,1]
[14641,242,-146,2,1]
[256,0,-48,-8,5,-2,-3,0,1]
[729,297,73,11,1]
[4096,1024,159,16,1]
[14641,-1089,31,-9,1]
[512,128,24,29,3,2,1]
[4096,-512,208,-59,13,-2,1]
[4096,-1280,336,-133,21,-5,1]
[4096,768,-160,-85,-10,3,1]
[256,-64,0,-32,19,-8,0,-1,1]
[256,0,0,-24,-3,-6,0,0,1]
[4096,-768,400,-95,25,-3,1]
[15625,-250,248,-2,1]
[4096,-256,16,87,1,-1,1]
[16384,128,-175,1,1]
[4096,1280,-64,-105,-4,5,1]
[2401,49,2,1,1]
[14641,-2904,349,-24,1]
[16384,-1664,277,-13,1]
[16384,1664,131,13,1]
[256,-192,208,-104,69,-26,13,-3,1]
[4096,-1280,128,-27,8,-5,1]
[4096,-896,135,-14,1]
[14641,1815,238,15,1]
[4096,-256,240,-43,15,-1,1]
[256,64,48,-4,-7,-1,3,1,1]
[6561,-648,130,-8,1]
[256,-64,-16,-8,5,-2,-1,-1,1]
[4096,-2560,736,-161,46,-10,1]
[256,-128,64,4,5,1,4,-2,1]
[256,192,48,-56,-41,-14,3,3,1]
[14641,1331,93,11,1]
[729,324,-27,-38,-3,4,1]
[15625,-250,34,-2,1]
[4096,256,48,1,3,1,1]
[4096,2816,1152,319,72,11,1]
[16384,-1280,115,-10,1]
[4096,-1536,480,-127,30,-6,1]
[4096,256,-64,-51,-4,1,1]
[729,-324,-27,50,-3,-4,1]
[4096,-256,-208,55,-13,-1,1]
[4096,3328,1520,449,95,13,1]
[4096,0,-160,7,-10,0,1]
[15625,1750,203,14,1]
[4096,-1792,352,-47,22,-7,1]
[729,243,-27,-22,-3,3,1]
[16384,1920,311,15,1]
[729,-81,27,-20,3,-1,1]
[4096,-1024,432,-113,27,-4,1]
[16384,-1024,195,-8,1]
[729,-162,108,-31,12,-2,1]
[14641,2662,349,22,1]
[4096,-1792,688,-195,43,-7,1]
[512,0,0,37,0,0,1]
[15625,750,-56,6,1]
[4096,-256,224,-19,14,-1,1]
[256,448,416,272,147,68,26,7,1]
[4096,-256,0,21,0,-1,1]
[4096,-256,-48,57,-3,-1,1]
[15625,-750,62,-6,1]
[256,-384,336,-220,121,-55,21,-6,1]
[4096,-1792,-192,193,-12,-7,1]
[256,-128,112,-44,39,-11,7,-2,1]
[256,-512,528,-376,209,-94,33,-8,1]
[512,-192,144,-41,18,-3,1]
[4096,768,464,37,29,3,1]
[4096,-512,304,5,19,-2,1]
[4096,512,464,35,29,2,1]
[256,-128,112,-24,17,-6,7,-2,1]
[16384,3072,345,24,1]
[15625,750,119,6,1]
[14641,363,31,3,1]
[14641,968,18,8,1]
[4096,-1280,32,41,2,-5,1]
[256,-192,96,-4,-5,-1,6,-3,1]
[16384,256,-55,2,1]
[14641,726,216,6,1]
[4096,-2048,688,-175,43,-8,1]
[256,-128,96,-60,21,-15,6,-2,1]
[14641,-363,-174,-3,1]
[14641,2662,321,22,1]
[729,-324,63,-11,7,-4,1]
[4096,-512,400,-9,25,-2,1]
[256,0,16,0,23,0,1,0,1]
[14641,484,-17,4,1]
[4096,1536,496,147,31,6,1]
[15625,-750,-61,-6,1]
[256,384,368,252,139,63,23,6,1]
[4096,-1792,656,-149,41,-7,1]
[729,-81,-22,-3,1]
[4096,-256,-128,85,-8,-1,1]
[256,128,64,8,11,2,4,2,1]
[15625,125,-199,1,1]
[14641,-2420,238,-20,1]
[256,0,48,-36,9,-9,3,0,1]
[4096,-192,5,-3,1]
[512,64,72,-9,9,1,1]
[4096,1024,224,59,14,4,1]
[16384,1920,111,15,1]
[256,192,128,44,17,11,8,3,1]
[729,0,-45,17,-5,0,1]
[729,324,89,12,1]
[15625,-1875,168,-15,1]
[4096,-512,432,-23,27,-2,1]
[4096,1536,128,-15,8,6,1]
[14641,-3509,414,-29,1]
[729,243,-18,-41,-2,3,1]
[512,256,112,23,14,4,1]
[14641,2783,312,23,1]
[4096,4096,2112,657,132,16,1]
[4096,-1536,768,-187,48,-6,1]
[256,-256,80,-36,29,-9,5,-4,1]
[729,-162,90,-44,10,-2,1]
[15625,1375,77,11,1]
[256,-192,144,-68,35,-17,9,-3,1]
[4096,-2048,-112,185,-7,-8,1]
[4096,-1280,-240,161,-15,-5,1]
[6561,-243,-59,-3,1]
[4096,-1024,-208,149,-13,-4,1]
[14641,1936,283,16,1]
[4096,-1280,432,-69,27,-5,1]
[4096,-1024,512,-139,32,-4,1]
[64,-16,12,-1,3,-1,1]
[256,-448,400,-256,137,-64,25,-7,1]
[256,192,32,-12,-5,-3,2,3,1]
[4096,1536,-176,-155,-11,6,1]
[729,567,261,101,29,7,1]
[256,-128,64,-40,19,-10,4,-2,1]
[729,-81,18,19,2,-1,1]
[729,405,117,34,13,5,1]
[16384,-128,125,-1,1]
[729,0,-54,-13,-6,0,1]
[4096,-2048,832,-205,52,-8,1]
[4096,-256,288,17,18,-1,1]
[64,0,0,7,0,0,1]
[4096,1792,912,215,57,7,1]
[729,81,2,3,1]
[2401,-1078,212,-22,1]
[4096,-320,65,-5,1]
[4096,-1024,-80,107,-5,-4,1]
[4096,2048,832,255,52,8,1]
[2401,-294,-13,-6,1]
[4096,-1024,304,-113,19,-4,1]
[729,81,63,-13,7,1,1]
[14641,1815,128,15,1]
[15625,-750,-62,-6,1]
[9,1,1]
[4096,0,112,-17,7,0,1]
[256,128,-16,-16,1,-4,-1,2,1]
[729,0,144,-10,16,0,1]
[4096,512,-112,-65,-7,2,1]
[4096,768,448,55,28,3,1]
[14641,-847,-45,-7,1]
[15625,-1375,198,-11,1]
[4096,1280,496,91,31,5,1]
[14641,0,-201,0,1]
[14641,-4356,562,-36,1]
[4096,1536,240,53,15,6,1]
[729,162,162,31,18,2,1]
[4096,512,-112,-73,-7,2,1]
[4096,-2304,656,-141,41,-9,1]
[14641,-1815,278,-15,1]
[4096,1024,48,17,3,4,1]
[625,-25,47,-1,1]
[4096,-320,-17,-5,1]
[4096,256,-96,47,-6,1,1]
[729,-81,99,-7,11,-1,1]
[15625,1750,264,14,1]
[4096,-1024,-48,49,-3,-4,1]
[256,128,16,12,19,3,1,2,1]
[256,192,16,16,27,4,1,3,1]
[4096,-1024,-208,105,-13,-4,1]
[121,14,1]
[4096,-1280,592,-157,37,-5,1]
[4096,1280,432,105,27,5,1]
[4096,-128,-53,-2,1]
[6561,81,116,1,1]
[4096,-384,11,-6,1]
[256,0,32,-4,13,-1,2,0,1]
[512,-128,56,-9,7,-2,1]
[256,-256,48,40,-31,10,3,-4,1]
[256,-192,112,-48,29,-12,7,-3,1]
[256,-192,160,-92,51,-23,10,-3,1]
[14641,-4235,532,-35,1]
[15625,-3000,369,-24,1]
[14641,484,48,4,1]
[4096,-2304,1040,-293,65,-9,1]
[4096,1536,544,193,34,6,1]
[4096,-1024,336,-111,21,-4,1]
[729,-81,144,-16,16,-1,1]
[729,-405,108,-17,12,-5,1]
[16384,-2688,309,-21,1]
[4096,-512,160,-109,10,-2,1]
[4096,-2048,224,23,14,-8,1]
[4096,-2560,832,-223,52,-10,1]
[15625,125,177,1,1]
[729,-405,54,14,6,-5,1]
[2401,-392,30,-8,1]
[4096,-512,0,-29,0,-2,1]
[14641,-1089,17,-9,1]
[16384,2176,317,17,1]
[15625,0,-114,0,1]
[729,-567,270,-101,30,-7,1]
[4096,768,240,3,15,3,1]
[256,0,64,36,13,9,4,0,1]
[729,648,369,151,41,8,1]
[512,-64,120,-9,15,-1,1]
[4096,1024,128,55,8,4,1]
[4096,1792,-176,-189,-11,7,1]
[4096,-256,192,-97,12,-1,1]
[14641,-3025,309,-25,1]
[15625,2125,192,17,1]
[256,128,96,60,17,15,6,2,1]
[4096,-512,0,79,0,-2,1]
[15625,2125,191,17,1]
[256,256,144,64,31,16,9,4,1]
[14641,-726,47,-6,1]
[729,243,126,55,14,3,1]
[4096,-1280,496,-117,31,-5,1]
[4096,1024,48,-31,3,4,1]
[14641,1089,243,9,1]
[15625,-750,69,-6,1]
[81,-9,-7,-1,1]
[256,448,416,284,157,71,26,7,1]
[4096,1024,96,-21,6,4,1]
[512,-128,144,-31,18,-2,1]
[4096,-512,224,-41,14,-2,1]
[1024,-288,55,-9,1]
[256,-64,80,-60,13,-15,5,-1,1]
[729,-567,225,-71,25,-7,1]
[4096,-2304,816,-223,51,-9,1]
[14641,847,-51,7,1]
[256,-128,48,4,-17,1,3,-2,1]
[14641,0,-173,0,1]
[4096,1280,368,121,23,5,1]
[256,-64,96,-24,19,-6,6,-1,1]
[6561,-1620,238,-20,1]
[4096,1792,640,135,40,7,1]
[4096,512,80,65,5,2,1]
[16384,-1408,21,-11,1]
[14641,-1573,236,-13,1]
[4096,-192,101,-3,1]
[729,108,-7,4,1]
[512,128,8,-7,1,2,1]
[729,324,54,8,6,4,1]
[512,-64,-16,31,-2,-1,1]
[15625,3375,361,27,1]
[14641,-2541,268,-21,1]
[256,-128,96,-36,23,-9,6,-2,1]
[729,-81,-18,37,-2,-1,1]
[4096,768,240,-21,15,3,1]
[4096,512,-80,5,-5,2,1]
[256,-64,80,24,7,6,5,-1,1]
[4096,512,16,-3,1,2,1]
[14641,-2904,358,-24,1]
[4096,-512,464,-47,29,-2,1]
[4096,-256,144,-25,9,-1,1]
[4096,-896,99,-14,1]
[256,128,32,-48,-25,-12,2,2,1]
[16384,-128,245,-1,1]
[16384,-1792,141,-14,1]
[729,567,324,115,36,7,1]
[256,-128,-48,-12,39,-3,-3,-2,1]
[2401,-196,-23,-4,1]
[4096,0,32,-87,2,0,1]
[4096,512,37,8,1]
[256,-128,-48,24,5,6,-3,-2,1]
[729,729,450,176,50,9,1]
[14641,1573,67,13,1]
[4096,512,432,77,27,2,1]
[729,-81,-54,26,-6,-1,1]
[15625,-2125,151,-17,1]
[256,48,17,3,1]
[512,-64,-8,17,-1,-1,1]
[15625,1750,141,14,1]
[4096,-1536,256,-35,16,-6,1]
[256,64,144,48,41,12,9,1,1]
[14641,1452,67,12,1]
[4096,1792,704,165,44,7,1]
[14641,1936,172,16,1]
[4096,-1536,640,-173,40,-6,1]
[4096,512,64,59,4,2,1]
[64,-80,64,-35,16,-5,1]
[4096,-512,128,-27,8,-2,1]
[15625,-2000,174,-16,1]
[15625,-2875,364,-23,1]
[256,0,80,28,17,7,5,0,1]
[15625,500,78,4,1]
[256,0,-48,0,25,0,-3,0,1]
[4096,1024,240,103,15,4,1]
[4096,-512,224,23,14,-2,1]
[14641,-1210,179,-10,1]
[4096,1280,213,20,1]
[4096,-1024,-160,145,-10,-4,1]
[15625,500,61,4,1]
[729,-162,135,-37,15,-2,1]
[4096,448,101,7,1]
[15625,-2375,219,-19,1]
[512,-128,0,31,0,-2,1]
[729,648,315,116,35,8,1]
[4096,0,-32,7,-2,0,1]
[256,64,96,48,31,12,6,1,1]
[4096,-1280,352,-63,22,-5,1]
[4096,768,352,119,22,3,1]
[512,64,24,21,3,1,1]
[4096,768,208,25,13,3,1]
[4096,512,464,53,29,2,1]
[15625,250,-166,2,1]
[256,-384,288,-156,77,-39,18,-6,1]
[15625,-125,173,-1,1]
[512,0,80,-13,10,0,1]
[729,-324,135,-67,15,-4,1]
[6561,-1053,127,-13,1]
[256,448,320,112,33,28,20,7,1]
[256,64,-48,16,29,4,-3,1,1]
[2401,392,24,8,1]
[1024,-96,-19,-3,1]
[4096,-512,128,45,8,-2,1]
[15625,-2000,206,-16,1]
[128,-5,1]
[4096,-256,-176,41,-11,-1,1]
[14641,3267,402,27,1]
[14641,-121,68,-1,1]
[4096,-768,384,-115,24,-3,1]
[4096,2816,1040,281,65,11,1]
[4096,1024,48,-35,3,4,1]
[729,0,9,-28,1,0,1]
[2401,49,16,1,1]
[729,324,54,-2,6,4,1]
[4096,512,-48,7,-3,2,1]
[4096,320,99,5,1]
[4096,1536,752,167,47,6,1]
[4096,-512,-176,47,-11,-2,1]
[256,256,192,124,65,31,12,4,1]
[512,128,88,3,11,2,1]
[14641,1331,26,11,1]
[16384,-512,169,-4,1]
[256,64,96,24,37,6,6,1,1]
[15625,-1375,154,-11,1]
[4096,-1024,96,49,6,-4,1]
[4096,-512,101,-8,1]
[4096,-1024,288,-135,18,-4,1]
[4096,0,224,47,14,0,1]
[4096,512,160,63,10,2,1]
[1024,128,61,4,1]
[256,64,-16,-12,9,-3,-1,1,1]
[4096,-1280,-112,109,-7,-5,1]
[4096,-2560,976,-277,61,-10,1]
[729,243,108,16,12,3,1]
[14641,1331,189,11,1]
[4096,-512,512,-61,32,-2,1]
[4096,256,-35,4,1]
[4096,512,-80,-89,-5,2,1]
[256,320,256,160,85,40,16,5,1]
[256,0,64,-40,9,-10,4,0,1]
[256,-64,-32,-20,27,-5,-2,-1,1]
[4096,-768,-128,123,-8,-3,1]
[16384,-2304,219,-18,1]
[4096,-1536,736,-163,46,-6,1]
[729,243,99,20,11,3,1]
[2401,-98,12,-2,1]
[256,-192,160,-92,63,-23,10,-3,1]
[15625,1125,96,9,1]
[256,-64,-16,-12,21,-3,-1,-1,1]
[14641,-968,35,-8,1]
[15625,3375,382,27,1]
[16384,128,-87,1,1]
[14641,3146,402,26,1]
[4096,768,160,31,10,3,1]
[15625,875,127,7,1]
[4096,-2304,768,-211,48,-9,1]
[4096,512,-32,-23,-2,2,1]
[4096,-1792,672,-147,42,-7,1]
[256,64,-80,-12,21,-3,-5,1,1]
[4096,1024,512,83,32,4,1]
[256,128,-48,-32,-1,-8,-3,2,1]
[4096,768,480,97,30,3,1]
[256,64,0,-4,17,-1,0,1,1]
[4096,-704,61,-11,1]
[16384,3840,463,30,1]
[16384,2560,209,20,1]
[2401,-98,-18,-2,1]
[2401,-343,68,-7,1]
[729,162,90,7,10,2,1]
[4096,3072,1200,341,75,12,1]
[4096,0,224,65,14,0,1]
[4096,-512,240,-61,15,-2,1]
[2401,-343,32,-7,1]
[512,384,256,97,32,6,1]
[4096,512,144,73,9,2,1]
[15625,1500,27,12,1]
[729,-162,-18,47,-2,-2,1]
[256,-256,128,-8,-7,-2,8,-4,1]
[14641,-2057,288,-17,1]
[2401,-441,34,-9,1]
[4096,1536,656,143,41,6,1]
[4096,512,-240,-61,-15,2,1]
[256,256,208,124,69,31,13,4,1]
[15625,-2500,336,-20,1]
[729,189,40,7,1]
[4096,-256,-160,-13,-10,-1,1]
[4096,256,672,25,42,1,1]
[4096,-1536,720,-169,45,-6,1]
[4096,512,-160,-47,-10,2,1]
[4096,256,-112,7,-7,1,1]
[4096,-1024,80,-37,5,-4,1]
[4096,-512,304,-9,19,-2,1]
[729,-162,54,1,6,-2,1]
[14641,605,244,5,1]
[256,-64,32,-12,11,-3,2,-1,1]
[4096,-2560,1104,-301,69,-10,1]
[6561,0,-31,0,1]
[4096,2560,1104,305,69,10,1]
[256,-128,-32,-20,39,-5,-2,-2,1]
[15625,-1625,267,-13,1]
[14641,2178,304,18,1]
[14641,-605,-56,-5,1]
[512,-320,112,-39,14,-5,1]
[4096,0,-128,-63,-8,0,1]
[2401,0,-95,0,1]
[4096,512,320,-13,20,2,1]
[256,0,144,20,41,5,9,0,1]
[4096,-1536,-32,89,-2,-6,1]
[729,-486,216,-71,24,-6,1]
[4096,-768,368,-101,23,-3,1]
[16384,512,-113,4,1]
[6561,162,-56,2,1]
[14641,1331,52,11,1]
[729,324,90,31,10,4,1]
[6561,-729,110,-9,1]
[15625,3625,413,29,1]
[4096,2560,688,143,43,10,1]
[625,-25,36,-1,1]
[729,-486,234,-92,26,-6,1]
[4096,-1536,48,63,3,-6,1]
[4096,-1280,208,-61,13,-5,1]
[15625,2125,277,17,1]
[4096,256,65,4,1]
[256,-192,144,-80,51,-20,9,-3,1]
[6561,243,-59,3,1]
[15625,0,-198,0,1]
[729,-243,126,-58,14,-3,1]
[14641,-726,29,-6,1]
[4096,1792,736,203,46,7,1]
[4096,2048,928,241,58,8,1]
[16384,0,-29,0,1]
[16384,-1920,159,-15,1]
[4096,576,129,9,1]
[16384,512,117,4,1]
[256,-256,208,-140,81,-35,13,-4,1]
[4096,512,160,-43,10,2,1]
[15625,-4125,512,-33,1]
[4096,512,-32,-99,-2,2,1]
[14641,-726,-20,-6,1]
[4096,1024,80,-55,5,4,1]
[4096,-512,304,9,19,-2,1]
[16384,-640,171,-5,1]
[4096,0,-160,-7,-10,0,1]
[512,-256,64,-19,8,-4,1]
[4096,3328,1376,389,86,13,1]
[256,-64,144,-36,47,-9,9,-1,1]
[4096,512,192,21,12,2,1]
[4096,-1280,176,-47,11,-5,1]
[4096,2304,896,231,56,9,1]
[4096,-1280,336,-91,21,-5,1]
[729,-162,9,25,1,-2,1]
[256,192,176,108,53,27,11,3,1]
[4096,-768,16,-1,1,-3,1]
[256,0,-32,8,5,2,-2,0,1]
[4096,256,352,59,22,1,1]
[15625,0,-238,0,1]
[4096,-256,368,-47,23,-1,1]
[4096,768,32,-9,2,3,1]
[256,-64,-64,12,11,3,-4,-1,1]
[4096,1024,416,99,26,4,1]
[729,324,9,-17,1,4,1]
[4096,512,400,67,25,2,1]
[15625,-875,63,-7,1]
[512,-128,96,-29,12,-2,1]
[256,192,112,68,35,17,7,3,1]
[256,0,112,0,35,0,7,0,1]
[4096,-2560,928,-267,58,-10,1]
[4096,1280,336,81,21,5,1]
[6561,-81,-31,-1,1]
[14641,-1694,194,-14,1]
[4096,-512,240,-97,15,-2,1]
[4096,-256,128,-45,8,-1,1]
[64,-64,56,-29,14,-4,1]
[4096,512,64,77,4,2,1]
[14641,3509,441,29,1]
[4096,1024,-160,-117,-10,4,1]
[16384,1792,115,14,1]
[14641,1815,97,15,1]
[4096,2304,576,119,36,9,1]
[4096,-2048,976,-251,61,-8,1]
[14641,-1573,60,-13,1]
[4096,0,320,43,20,0,1]
[4096,-256,112,-95,7,-1,1]
[4096,-1536,384,-61,24,-6,1]
[4096,-2048,688,-203,43,-8,1]
[14641,-242,184,-2,1]
[14641,242,-69,2,1]
[4096,256,176,31,11,1,1]
[4096,-256,-48,-23,-3,-1,1]
[15625,-1625,102,-13,1]
[4096,1536,-80,-129,-5,6,1]
[4096,-1792,-160,181,-10,-7,1]
[729,-162,-45,14,-5,-2,1]
[16384,-768,163,-6,1]
[256,16,27,1,1]
[14641,-363,106,-3,1]
[16384,256,-197,2,1]
[15625,0,-38,0,1]
[6561,324,-34,4,1]
[4096,-512,144,-57,9,-2,1]
[4096,0,96,97,6,0,1]
[15625,-4500,564,-36,1]
[729,-486,234,-85,26,-6,1]
[729,243,126,53,14,3,1]
[256,0,-64,-16,21,-4,-4,0,1]
[256,128,16,-12,-17,-3,1,2,1]
[4096,768,224,-19,14,3,1]
[256,-64,-16,24,-5,6,-1,-1,1]
[256,0,64,-52,-3,-13,4,0,1]
[16384,-2048,237,-16,1]
[256,64,112,-16,19,-4,7,1,1]
[4096,0,32,-43,2,0,1]
[1024,-576,141,-18,1]
[512,320,80,13,10,5,1]
[6561,648,115,8,1]
[4096,0,-32,-69,-2,0,1]
[14641,-4114,507,-34,1]
[512,-256,120,-55,15,-4,1]
[256,256,208,116,61,29,13,4,1]
[14641,-2178,166,-18,1]
[4096,-1536,240,-49,15,-6,1]
[4096,-1280,576,-159,36,-5,1]
[4096,768,-80,-111,-5,3,1]
[16384,512,93,4,1]
[256,-144,47,-9,1]
[4096,-1792,656,-211,41,-7,1]
[4096,-768,496,-79,31,-3,1]
[512,192,120,33,15,3,1]
[4096,1280,-48,-77,-3,5,1]
[6561,1620,230,20,1]
[256,256,208,140,75,35,13,4,1]
[625,-100,46,-4,1]
[16384,-512,-65,-4,1]
[256,128,144,76,45,19,9,2,1]
[512,0,8,-1,1,0,1]
[14641,-363,-170,-3,1]
[15625,0,132,0,1]
[14641,-968,84,-8,1]
[14641,-2178,160,-18,1]
[256,-64,0,4,9,1,0,-1,1]
[729,324,90,38,10,4,1]
[15625,2250,281,18,1]
[14641,-1331,24,-11,1]
[512,192,88,55,11,3,1]
[14641,-2299,304,-19,1]
[15625,-1125,167,-9,1]
[512,-64,56,-35,7,-1,1]
[4096,256,-27,4,1]
[15625,-2875,296,-23,1]
[256,64,64,20,3,5,4,1,1]
[6561,-243,62,-3,1]
[729,162,9,-26,1,2,1]
[15625,-1750,73,-14,1]
[256,-128,32,12,-21,3,2,-2,1]
[16384,-1408,75,-11,1]
[4096,1536,176,-27,11,6,1]
[4096,-1792,784,-215,49,-7,1]
[4096,512,224,99,14,2,1]
[256,0,64,16,1,4,4,0,1]
[4096,1024,400,69,25,4,1]
[256,-256,256,-144,89,-36,16,-4,1]
[4096,-1280,352,-91,22,-5,1]
[2401,343,13,7,1]
[256,-384,272,-112,43,-28,17,-6,1]
[256,64,64,-24,1,-6,4,1,1]
[4096,-128,125,-2,1]
[4096,-2304,656,-161,41,-9,1]
[256,-128,128,-44,39,-11,8,-2,1]
[15625,-1375,52,-11,1]
[14641,-726,-71,-6,1]
[4096,1280,176,-27,11,5,1]
[256,-128,0,8,-1,2,0,-2,1]
[2401,-98,-13,-2,1]
[729,324,45,-13,5,4,1]
[4096,2304,624,125,39,9,1]
[729,405,171,56,19,5,1]
[1024,0,-7,0,1]
[2401,-686,102,-14,1]
[4096,-1536,272,-61,17,-6,1]
[4096,-1024,368,-41,23,-4,1]
[4096,-768,-144,93,-9,-3,1]
[4096,256,-96,-77,-6,1,1]
[4096,-512,480,-59,30,-2,1]
[15625,-2625,241,-21,1]
[256,-320,144,-4,-17,-1,9,-5,1]
[15625,-2375,241,-19,1]
[15625,-1125,43,-9,1]
[4096,768,304,5,19,3,1]
[16384,-1280,83,-10,1]
[4096,128,41,2,1]
[4096,512,224,11,14,2,1]
[4096,-576,109,-9,1]
[4096,256,-96,-107,-6,1,1]
[729,-243,62,-9,1]
[4096,256,-224,-27,-14,1,1]
[6561,891,41,11,1]
[256,320,256,180,103,45,16,5,1]
[4096,768,304,17,19,3,1]
[2401,539,97,11,1]
[256,-128,112,-48,27,-12,7,-2,1]
[256,64,80,-24,5,-6,5,1,1]
[4096,1024,192,25,12,4,1]
[512,-192,32,-15,4,-3,1]
[256,320,192,100,53,25,12,5,1]
[512,256,-8,-27,-1,4,1]
[15625,-875,98,-7,1]
[512,-128,-40,43,-5,-2,1]
[256,0,48,-28,-7,-7,3,0,1]
[64,0,4,-9,1,0,1]
[256,-128,176,-64,55,-16,11,-2,1]
[16384,-2432,315,-19,1]
[14641,-1936,118,-16,1]
[14641,484,-20,4,1]
[256,128,48,8,11,2,3,2,1]
[4096,2816,784,165,49,11,1]
[256,64,0,-28,-19,-7,0,1,1]
[729,81,0,-26,0,1,1]
[16384,1280,71,10,1]
[256,0,208,4,73,1,13,0,1]
[16384,-256,213,-2,1]
[16384,2304,315,18,1]
[256,128,112,64,25,16,7,2,1]
[4096,768,192,31,12,3,1]
[256,-128,80,28,-9,7,5,-2,1]
[256,-448,368,-184,83,-46,23,-7,1]
[4096,-768,528,-89,33,-3,1]
[15625,-750,187,-6,1]
[14641,605,94,5,1]
[6561,-1701,265,-21,1]
[16384,-1280,195,-10,1]
[4096,-256,144,-79,9,-1,1]
[6561,405,149,5,1]
[256,256,96,32,19,8,6,4,1]
[256,-128,64,-52,33,-13,4,-2,1]
[15625,-1625,202,-13,1]
[256,128,16,12,7,3,1,2,1]
[729,-81,45,22,5,-1,1]
[14641,363,-94,3,1]
[4096,512,224,33,14,2,1]
[729,189,22,7,1]
[15625,1625,177,13,1]
[729,486,72,-11,8,6,1]
[4096,-1280,192,-63,12,-5,1]
[4096,256,208,47,13,1,1]
[256,128,96,52,33,13,6,2,1]
[4096,512,256,107,16,2,1]
[4096,256,144,33,9,1,1]
[4096,768,-112,-131,-7,3,1]
[256,0,-48,12,19,3,-3,0,1]
[4096,64,49,1,1]
[4096,-3072,1376,-413,86,-12,1]
[256,-128,-32,28,-5,7,-2,-2,1]
[256,64,32,-4,-5,-1,2,1,1]
[14641,-1936,172,-16,1]
[14641,-726,20,-6,1]
[256,320,192,132,85,33,12,5,1]
[6561,-567,11,-7,1]
[256,128,64,20,5,5,4,2,1]
[6561,-405,29,-5,1]
[256,64,48,-52,-17,-13,3,1,1]
[64,-64,36,-15,9,-4,1]
[6561,-2268,347,-28,1]
[256,64,96,32,37,8,6,1,1]
[4096,768,16,27,1,3,1]
[15625,1750,174,14,1]
[4096,768,240,15,15,3,1]
[256,256,80,-40,-39,-10,5,4,1]
[256,0,16,-28,-5,-7,1,0,1]
[256,-384,368,-252,143,-63,23,-6,1]
[14641,-605,189,-5,1]
[4096,-1024,720,-119,45,-4,1]
[512,0,-40,-7,-5,0,1]
[4096,-320,-15,-5,1]
[15625,125,58,1,1]
[14641,1694,268,14,1]
[16384,-896,-97,-7,1]
[14641,-1452,37,-12,1]
[4096,-768,320,-47,20,-3,1]
[14641,0,5,0,1]
[4096,0,-96,53,-6,0,1]
[15625,-125,-193,-1,1]
[4096,-3072,1376,-403,86,-12,1]
[4096,0,144,75,9,0,1]
[15625,0,-42,0,1]
[256,-128,64,-40,11,-10,4,-2,1]
[15625,2125,306,17,1]
[16384,-1280,249,-10,1]
[512,128,48,11,6,2,1]
[4096,512,-64,-107,-4,2,1]
[729,-648,405,-154,45,-8,1]
[729,81,-45,-40,-5,1,1]
[14641,1573,93,13,1]
[2401,-49,-34,-1,1]
[256,64,64,0,3,0,4,1,1]
[2401,588,95,12,1]
[14641,968,92,8,1]
[64,-48,40,-19,10,-3,1]
[512,192,40,7,5,3,1]
[15625,-2625,318,-21,1]
[14641,1452,232,12,1]
[4096,768,720,95,45,3,1]
[256,-384,256,-120,57,-30,16,-6,1]
[2401,-686,106,-14,1]
[625,25,12,1,1]
[729,81,-36,-47,-4,1,1]
[4096,1280,128,-13,8,5,1]
[4096,-1792,864,-213,54,-7,1]
[256,192,112,76,51,19,7,3,1]
[256,-64,16,-16,19,-4,1,-1,1]
[14641,726,-61,6,1]
[256,0,-64,-16,23,-4,-4,0,1]
[256,192,48,-32,-27,-8,3,3,1]
[4096,-512,144,-59,9,-2,1]
[4096,704,57,11,1]
[729,243,171,35,19,3,1]
[14641,-726,-43,-6,1]
[4096,1024,496,71,31,4,1]
[729,-405,198,-70,22,-5,1]
[14641,1815,149,15,1]
[4096,-256,656,-25,41,-1,1]
[256,64,-96,-4,31,-1,-6,1,1]
[729,486,126,23,14,6,1]
[729,-243,-54,38,-6,-3,1]
[15625,-2000,211,-16,1]
[15625,-2875,378,-23,1]
[256,-128,80,-4,11,-1,5,-2,1]
[4096,512,16,-11,1,2,1]
[4096,1280,368,101,23,5,1]
[729,-486,18,44,2,-6,1]
[4096,-1024,144,-29,9,-4,1]
[729,648,369,137,41,8,1]
[14641,-968,243,-8,1]
[14641,2178,186,18,1]
[4096,-512,400,-87,25,-2,1]
[256,128,64,8,-7,2,4,2,1]
[6561,-81,155,-1,1]
[729,405,207,64,23,5,1]
[14641,1331,94,11,1]
[14641,2299,194,19,1]
[16384,-128,77,-1,1]
[729,189,62,7,1]
[4096,1024,80,-61,5,4,1]
[256,320,208,116,61,29,13,5,1]
[729,-162,144,-28,16,-2,1]
[14641,605,191,5,1]
[256,-64,48,-44,19,-11,3,-1,1]
[729,0,-27,-16,-3,0,1]
[4096,-768,-32,39,-2,-3,1]
[512,-256,160,-61,20,-4,1]
[4096,-2304,784,-189,49,-9,1]
[729,162,-27,-16,-3,2,1]
[4096,1152,193,18,1]
[4096,1536,480,125,30,6,1]
[4096,256,-48,-7,-3,1,1]
[256,0,48,32,1,8,3,0,1]
[4096,-1280,32,39,2,-5,1]
[4096,1536,432,137,27,6,1]
[6561,891,71,11,1]
[512,0,-16,-21,-2,0,1]
[256,-64,0,-16,31,-4,0,-1,1]
[64,0,4,9,1,0,1]
[256,-128,0,28,-11,7,0,-2,1]
[625,100,-8,4,1]
[4096,-1024,240,-73,15,-4,1]
[729,0,54,-5,6,0,1]
[15625,1000,148,8,1]
[4096,1536,560,141,35,6,1]
[4096,-512,-208,85,-13,-2,1]
[64,0,12,3,3,0,1]
[4096,256,656,27,41,1,1]
[15625,875,21,7,1]
[256,-192,96,-60,43,-15,6,-3,1]
[4096,1792,672,191,42,7,1]
[4096,384,105,6,1]
[15625,375,233,3,1]
[512,64,0,23,0,1,1]
[256,-192,128,-48,31,-12,8,-3,1]
[4096,-768,480,-43,30,-3,1]
[2401,98,85,2,1]
[256,-64,0,-16,5,-4,0,-1,1]
[4096,-1536,496,-129,31,-6,1]
[256,-192,176,-96,55,-24,11,-3,1]
[4096,0,496,19,31,0,1]
[6561,729,16,9,1]
[4096,256,176,7,11,1,1]
[4096,-512,-176,45,-11,-2,1]
[256,-64,64,-44,13,-11,4,-1,1]
[4096,-1280,464,-77,29,-5,1]
[729,243,117,29,13,3,1]
[4096,-512,384,-67,24,-2,1]
[4096,768,128,-29,8,3,1]
[14641,1331,159,11,1]
[14641,1452,256,12,1]
[4096,-1280,80,39,5,-5,1]
[256,256,176,108,57,27,11,4,1]
[729,-486,162,-38,18,-6,1]
[4096,1536,416,65,26,6,1]
[256,0,80,-40,9,-10,5,0,1]
[729,-567,297,-116,33,-7,1]
[15625,2250,219,18,1]
[15625,3500,384,28,1]
[4096,256,176,89,11,1,1]
[729,81,45,8,5,1,1]
[6561,-567,124,-7,1]
[256,-320,272,-184,99,-46,17,-5,1]
[256,-64,144,-28,45,-7,9,-1,1]
[256,-256,144,-104,67,-26,9,-4,1]
[4096,1024,576,83,36,4,1]
[4096,1024,336,83,21,4,1]
[16384,-1408,11,-11,1]
[625,350,91,14,1]
[15625,1750,94,14,1]
[512,-192,40,-21,5,-3,1]
[512,128,-16,-37,-2,2,1]
[4096,-256,176,-15,11,-1,1]
[4096,3072,1328,379,83,12,1]
[15625,3125,336,25,1]
[729,81,-9,-26,-1,1,1]
[4096,1792,848,213,53,7,1]
[14641,-484,146,-4,1]
[4096,2560,768,189,48,10,1]
[729,243,99,56,11,3,1]
[4096,0,400,-17,25,0,1]
[16384,-1280,11,-10,1]
[4096,-3072,1232,-345,77,-12,1]
[2401,-245,-16,-5,1]
[4096,768,384,49,24,3,1]
[4096,-768,-32,37,-2,-3,1]
[1024,96,1,3,1]
[4096,1024,48,-13,3,4,1]
[256,-128,64,-24,19,-6,4,-2,1]
[729,81,126,31,14,1,1]
[4096,512,-96,-115,-6,2,1]
[4096,-768,-32,53,-2,-3,1]
[16384,896,1,7,1]
[256,-256,160,-112,67,-28,10,-4,1]
[1024,128,41,4,1]
[256,128,0,-4,-1,-1,0,2,1]
[15625,-2125,308,-17,1]
[4096,1536,32,-75,2,6,1]
[15625,250,108,2,1]
[4096,-448,89,-7,1]
[4096,-1792,640,-149,40,-7,1]
[4096,-768,208,-5,13,-3,1]
[4096,-1536,672,-151,42,-6,1]
[14641,484,5,4,1]
[15625,-375,148,-3,1]
[256,-192,32,32,-23,8,2,-3,1]
[256,192,128,72,37,18,8,3,1]
[256,-320,272,-164,85,-41,17,-5,1]
[6561,1377,215,17,1]
[15625,-2750,312,-22,1]
[15625,-375,214,-3,1]
[4096,1280,-16,-93,-1,5,1]
[4096,512,-64,-85,-4,2,1]
[4096,0,464,-13,29,0,1]
[4096,-1536,720,-167,45,-6,1]
[4096,-256,-192,1,-12,-1,1]
[8,-3,1]
[64,-16,8,3,2,-1,1]
[512,-192,64,-15,8,-3,1]
[4096,256,0,51,0,1,1]
[4096,1280,544,167,34,5,1]
[16384,128,69,1,1]
[256,256,208,144,77,36,13,4,1]
[729,-81,18,14,2,-1,1]
[729,486,225,92,25,6,1]
[729,324,234,62,26,4,1]
[512,-192,-8,15,-1,-3,1]
[16384,-1280,155,-10,1]
[16384,0,-195,0,1]
[15625,125,84,1,1]
[6561,324,-74,4,1]
[729,-243,36,2,4,-3,1]
[15625,-125,-171,-1,1]
[256,64,0,-36,-5,-9,0,1,1]
[14641,-484,160,-4,1]
[729,648,279,92,31,8,1]
[4096,1024,640,125,40,4,1]
[2401,441,83,9,1]
[15625,1250,219,10,1]
[4096,-1536,128,9,8,-6,1]
[4096,-512,96,5,6,-2,1]
[256,64,96,-4,19,-1,6,1,1]
[14641,242,-43,2,1]
[256,-128,80,-48,21,-12,5,-2,1]
[256,128,48,-12,-13,-3,3,2,1]
[729,81,-54,-5,-6,1,1]
[256,-64,64,-20,33,-5,4,-1,1]
[125,-19,1]
[15625,1375,134,11,1]
[4096,-768,496,-103,31,-3,1]
[4096,-512,-128,29,-8,-2,1]
[256,-64,16,-8,-11,-2,1,-1,1]
[729,-486,198,-67,22,-6,1]
[16384,-2816,277,-22,1]
[14641,0,20,0,1]
[256,128,144,96,43,24,9,2,1]
[15625,-3625,449,-29,1]
[4096,-512,464,-57,29,-2,1]
[256,128,96,32,19,8,6,2,1]
[512,128,56,49,7,2,1]
[4096,-1792,528,-131,33,-7,1]
[4096,0,304,37,19,0,1]
[4096,1280,-48,-93,-3,5,1]
[4096,-1024,176,-39,11,-4,1]
[4096,-1280,608,-149,38,-5,1]
[256,64,64,-36,-3,-9,4,1,1]
[6561,-2106,322,-26,1]
[256,-64,0,-8,21,-2,0,-1,1]
[256,64,16,8,3,2,1,1,1]
[729,0,27,-2,3,0,1]
[256,-384,368,-260,143,-65,23,-6,1]
[4096,2048,240,-15,15,8,1]
[4096,-256,144,69,9,-1,1]
[729,162,-36,-8,-4,2,1]
[15625,-3500,434,-28,1]
[256,-128,96,-56,31,-14,6,-2,1]
[14641,2299,332,19,1]
[4096,-1024,16,9,1,-4,1]
[256,-128,32,4,-15,1,2,-2,1]
[4096,768,336,95,21,3,1]
[256,-128,-32,0,21,0,-2,-2,1]
[4096,-256,64,-123,4,-1,1]
[15625,750,147,6,1]
[14641,-2662,257,-22,1]
[4096,-1536,272,-63,17,-6,1]
[14641,-726,246,-6,1]
[4096,-1536,544,-143,34,-6,1]
[729,-324,135,-34,15,-4,1]
[256,0,16,24,-9,6,1,0,1]
[4096,1280,416,167,26,5,1]
[16384,1280,173,10,1]
[4096,512,-176,-73,-11,2,1]
[256,-64,64,20,9,5,4,-1,1]
[4096,-256,208,39,13,-1,1]
[14641,605,-4,5,1]
[4096,0,96,-71,6,0,1]
[256,192,64,48,35,12,4,3,1]
[729,162,9,-31,1,2,1]
[14641,1936,230,16,1]
[4096,2560,1088,297,68,10,1]
[15625,-2000,249,-16,1]
[16384,2688,247,21,1]
[256,-256,208,-140,77,-35,13,-4,1]
[729,486,261,94,29,6,1]
[4096,512,-48,-45,-3,2,1]
[16384,-3200,379,-25,1]
[16384,1920,197,15,1]
[256,-64,16,8,-7,2,1,-1,1]
[16384,896,-63,7,1]
[4096,1344,217,21,1]
[256,64,96,4,19,1,6,1,1]
[15625,750,-109,6,1]
[4096,-1024,-112,113,-7,-4,1]
[256,-320,272,-176,99,-44,17,-5,1]
[4096,-1792,624,-199,39,-7,1]
[729,-243,45,-8,5,-3,1]
[14641,726,-34,6,1]
[4096,-1536,96,45,6,-6,1]
[4096,4352,2256,709,141,17,1]
[16384,-1664,235,-13,1]
[512,256,56,3,7,4,1]
[729,-81,9,20,1,-1,1]
[256,320,304,216,121,54,19,5,1]
[4096,-1280,576,-135,36,-5,1]
[4096,0,144,71,9,0,1]
[14641,-1089,-28,-9,1]
[256,64,-16,8,21,2,-1,1,1]
[512,0,-32,-15,-4,0,1]
[4096,-1536,-128,145,-8,-6,1]
[4096,0,-32,3,-2,0,1]
[6561,-1296,182,-16,1]
[14641,-121,150,-1,1]
[4096,-512,-224,57,-14,-2,1]
[256,-192,64,-20,9,-5,4,-3,1]
[4096,512,-208,-81,-13,2,1]
[256,-256,240,-168,89,-42,15,-4,1]
[256,192,80,16,7,4,5,3,1]
[256,-384,352,-228,125,-57,22,-6,1]
[4096,576,97,9,1]
[4096,768,0,25,0,3,1]
[2401,245,99,5,1]
[4096,1536,512,107,32,6,1]
[4096,768,160,101,10,3,1]
[729,-648,297,-107,33,-8,1]
[6561,0,46,0,1]
[14641,-2057,214,-17,1]
[512,0,80,9,10,0,1]
[6561,-324,-37,-4,1]
[14641,-968,162,-8,1]
[4096,0,-16,-67,-1,0,1]
[16384,512,-55,4,1]
[4096,-1792,384,-55,24,-7,1]
[16384,-2688,279,-21,1]
[15625,1875,202,15,1]
[14641,-726,205,-6,1]
[512,-192,-32,27,-4,-3,1]
[729,405,99,25,11,5,1]
[729,243,27,-25,3,3,1]
[4096,-256,320,31,20,-1,1]
[14641,363,191,3,1]
[4096,512,144,133,9,2,1]
[4096,256,-16,49,-1,1,1]
[256,-128,32,-24,23,-6,2,-2,1]
[4096,-1024,133,-16,1]
[4096,256,-224,-41,-14,1,1]
[6561,0,-124,0,1]
[4096,1280,160,-11,10,5,1]
[256,128,112,0,11,0,7,2,1]
[4096,2816,992,255,62,11,1]
[4096,768,121,12,1]
[15625,4500,562,36,1]
[256,-128,0,-4,13,-1,0,-2,1]
[512,0,80,-17,10,0,1]
[16384,896,67,7,1]
[512,0,24,-29,3,0,1]
[512,-64,128,-15,16,-1,1]
[256,64,-16,0,-7,0,-1,1,1]
[14641,1331,224,11,1]
[4096,-2304,1008,-283,63,-9,1]
[4096,-256,416,3,26,-1,1]
[4096,-1280,640,-125,40,-5,1]
[729,243,189,43,21,3,1]
[4096,768,512,99,32,3,1]
[14641,1210,133,10,1]
[4096,512,80,85,5,2,1]
[729,0,-27,-1,-3,0,1]
[14641,0,95,0,1]
[14641,-968,-6,-8,1]
[4096,-1536,624,-139,39,-6,1]
[16384,-4480,549,-35,1]
[4096,1792,448,121,28,7,1]
[4096,-1024,320,-143,20,-4,1]
[512,256,96,35,12,4,1]
[4096,-512,256,27,16,-2,1]
[256,-64,48,28,-5,7,3,-1,1]
[4096,-3072,880,-183,55,-12,1]
[512,-128,16,5,2,-2,1]
[6561,2268,355,28,1]
[16384,896,147,7,1]
[16384,1664,261,13,1]
[4096,2048,496,105,31,8,1]
[256,-192,80,-4,-11,-1,5,-3,1]
[512,0,128,1,16,0,1]
[4096,2048,352,29,22,8,1]
[4096,512,125,8,1]
[729,324,27,-5,3,4,1]
[4096,0,192,69,12,0,1]
[4096,-768,352,-53,22,-3,1]
[729,-810,504,-206,56,-10,1]
[4096,-768,400,-87,25,-3,1]
[16384,-512,-77,-4,1]
[625,-175,28,-7,1]
[6561,1215,146,15,1]
[16384,-640,-29,-5,1]
[4096,0,432,-9,27,0,1]
[4096,256,37,4,1]
[16384,2432,285,19,1]
[14641,363,30,3,1]
[14641,0,159,0,1]
[4096,-768,-64,5,-4,-3,1]
[4096,512,-16,51,-1,2,1]
[729,648,333,127,37,8,1]
[4096,-256,-96,-45,-6,-1,1]
[256,0,32,-8,-9,-2,2,0,1]
[4096,-512,112,-61,7,-2,1]
[2401,49,46,1,1]
[15625,-250,-203,-2,1]
[4096,0,80,-35,5,0,1]
[729,-81,81,-8,9,-1,1]
[14641,-605,129,-5,1]
[4096,1536,384,93,24,6,1]
[4096,256,208,73,13,1,1]
[4096,-512,208,-45,13,-2,1]
[4096,256,-112,-57,-7,1,1]
[6561,-1863,266,-23,1]
[16384,512,119,4,1]
[14641,0,-112,0,1]
[256,128,128,56,33,14,8,2,1]
[256,-192,144,-64,37,-16,9,-3,1]
[256,-384,240,-72,17,-18,15,-6,1]
[4096,1024,48,-71,3,4,1]
[14641,-1815,218,-15,1]
[14641,-726,-104,-6,1]
[4096,3328,1344,375,84,13,1]
[4096,-768,544,-59,34,-3,1]
[4096,1792,448,97,28,7,1]
[15625,2125,219,17,1]
[256,256,176,100,53,25,11,4,1]
[15625,2000,286,16,1]
[256,0,80,-4,21,-1,5,0,1]
[256,128,32,-32,-27,-8,2,2,1]
[4096,-3072,1344,-397,84,-12,1]
[512,-320,200,-65,25,-5,1]
[729,567,225,68,25,7,1]
[6561,-405,-22,-5,1]
[4096,-1536,160,27,10,-6,1]
[14641,2662,258,22,1]
[4096,256,-16,11,-1,1,1]
[256,384,320,204,111,51,20,6,1]
[4096,-2560,864,-233,54,-10,1]
[256,-320,256,-140,75,-35,16,-5,1]
[14641,-363,205,-3,1]
[512,320,144,49,18,5,1]
[256,-320,144,0,-23,0,9,-5,1]
[16384,0,-33,0,1]
[4096,-512,160,-99,10,-2,1]
[15625,-1125,71,-9,1]
[14641,1694,159,14,1]
[512,-128,176,-29,22,-2,1]
[256,-64,-32,-12,27,-3,-2,-1,1]
[729,-405,207,-67,23,-5,1]
[14641,3025,395,25,1]
[6561,567,121,7,1]
[4096,-1024,-208,131,-13,-4,1]
[15625,2375,181,19,1]
[4096,-2816,1184,-335,74,-11,1]
[4096,-1536,80,29,5,-6,1]
[14641,968,-48,8,1]
[16384,-1152,15,-9,1]
[15625,-1625,189,-13,1]
[256,-256,96,-68,53,-17,6,-4,1]
[256,-64,64,-16,19,-4,4,-1,1]
[4096,0,-16,19,-1,0,1]
[729,729,387,149,43,9,1]
[512,0,16,13,2,0,1]
[14641,-1331,2,-11,1]
[4096,-256,448,-55,28,-1,1]
[2401,-147,-23,-3,1]
[15625,-375,-109,-3,1]
[15625,-375,9,-3,1]
[256,-64,64,-48,5,-12,4,-1,1]
[14641,-1331,168,-11,1]
[256,192,208,104,69,26,13,3,1]
[4096,256,192,-37,12,1,1]
[4096,-768,96,29,6,-3,1]
[729,-162,108,-46,12,-2,1]
[4096,1280,80,-39,5,5,1]
[6561,-81,-88,-1,1]
[14641,242,-116,2,1]
[16384,512,-53,4,1]
[4096,-256,16,65,1,-1,1]
[4096,0,160,5,10,0,1]
[4096,768,119,12,1]
[4096,-256,512,-5,32,-1,1]
[14641,242,178,2,1]
[729,-162,-63,47,-7,-2,1]
[4096,-512,48,-23,3,-2,1]
[1024,-480,111,-15,1]
[256,-128,128,-28,27,-7,8,-2,1]
[15625,-2125,136,-17,1]
[14641,-1089,233,-9,1]
[4096,2816,1232,367,77,11,1]
[14641,-363,180,-3,1]
[4096,1280,320,123,20,5,1]
[729,0,-18,4,-2,0,1]
[256,0,-64,4,27,1,-4,0,1]
[4096,-1024,32,-9,2,-4,1]
[4096,2048,336,29,21,8,1]
[256,64,128,20,35,5,8,1,1]
[6561,-810,40,-10,1]
[256,0,32,20,9,5,2,0,1]
[15625,-1375,37,-11,1]
[4096,-256,160,53,10,-1,1]
[256,0,32,-8,13,-2,2,0,1]
[4096,-1792,560,-177,35,-7,1]
[4096,-1536,592,-179,37,-6,1]
[16384,640,31,5,1]
[14641,605,210,5,1]
[512,-192,16,7,2,-3,1]
[4096,1024,-128,-69,-8,4,1]
[4096,1024,192,35,12,4,1]
[14641,2299,299,19,1]
[4096,-2048,688,-181,43,-8,1]
[14641,363,19,3,1]
[4096,-1536,192,-25,12,-6,1]
[4096,512,512,41,32,2,1]
[729,162,135,37,15,2,1]
[14641,121,48,1,1]
[2401,-98,32,-2,1]
[15625,1625,226,13,1]
[4096,-768,640,-73,40,-3,1]
[4096,-1792,608,-133,38,-7,1]
[4096,-2048,880,-231,55,-8,1]
[256,-320,240,-140,69,-35,15,-5,1]
[14641,2904,313,24,1]
[14641,1573,80,13,1]
[15625,750,39,6,1]
[729,-486,207,-65,23,-6,1]
[4096,2304,384,29,24,9,1]
[4096,-1536,336,-55,21,-6,1]
[256,-128,16,4,5,1,1,-2,1]
[729,81,63,1,7,1,1]
[256,-64,144,-20,43,-5,9,-1,1]
[256,-64,-32,-16,21,-4,-2,-1,1]
[14641,1210,122,10,1]
[625,100,7,4,1]
[4096,-768,64,-25,4,-3,1]
[4096,-256,112,75,7,-1,1]
[4096,256,336,-29,21,1,1]
[2401,-441,85,-9,1]
[729,729,423,170,47,9,1]
[256,-192,240,-116,85,-29,15,-3,1]
[14641,-968,138,-8,1]
[256,-128,-16,-16,33,-4,-1,-2,1]
[4096,-1536,288,-37,18,-6,1]
[256,256,208,128,77,32,13,4,1]
[4096,2816,1200,347,75,11,1]
[14641,968,170,8,1]
[15625,-1750,227,-14,1]
[15625,1000,117,8,1]
[256,192,176,84,53,21,11,3,1]
[14641,2541,327,21,1]
[14641,726,4,6,1]
[16384,2304,327,18,1]
[15625,-375,-176,-3,1]
[256,-192,96,-40,15,-10,6,-3,1]
[4096,-1536,80,45,5,-6,1]
[4096,896,171,14,1]
[14641,-1694,155,-14,1]
[4096,-256,16,-89,1,-1,1]
[512,-448,224,-85,28,-7,1]
[15625,1250,264,10,1]
[15625,-2125,227,-17,1]
[4096,-768,432,-107,27,-3,1]
[6561,567,-23,7,1]
[4096,-832,127,-13,1]
[6561,-162,61,-2,1]
[4096,-768,352,-61,22,-3,1]
[4096,512,368,55,23,2,1]
[15625,1750,188,14,1]
[256,-128,64,-40,25,-10,4,-2,1]
[16384,768,97,6,1]
[4096,256,256,-37,16,1,1]
[15625,1125,49,9,1]
[4096,-512,368,-55,23,-2,1]
[729,-162,-18,7,-2,-2,1]
[729,243,0,-16,0,3,1]
[4096,1024,416,97,26,4,1]
[4096,256,144,29,9,1,1]
[729,-243,45,-26,5,-3,1]
[512,-448,152,-39,19,-7,1]
[4096,-768,-48,55,-3,-3,1]
[4096,-768,464,-79,29,-3,1]
[4096,-1024,240,-35,15,-4,1]
[4096,1024,-160,-105,-10,4,1]
[4096,2048,816,253,51,8,1]
[729,-567,351,-131,39,-7,1]
[4096,1024,48,-43,3,4,1]
[4096,896,127,14,1]
[4096,-1280,384,-57,24,-5,1]
[15625,2125,303,17,1]
[512,-128,96,-33,12,-2,1]
[14641,-2057,219,-17,1]
[4096,-1024,224,-47,14,-4,1]
[4096,-1792,640,-165,40,-7,1]
[16384,1024,85,8,1]
[15625,4500,557,36,1]
[4096,1792,480,89,30,7,1]
[256,-64,16,4,15,1,1,-1,1]
[15625,-2625,312,-21,1]
[2401,686,142,14,1]
[729,243,207,53,23,3,1]
[4096,-256,48,91,3,-1,1]
[16384,-2944,319,-23,1]
[256,0,-64,8,21,2,-4,0,1]
[256,128,64,40,17,10,4,2,1]
[15625,-2250,258,-18,1]
[15625,-750,253,-6,1]
[4096,512,272,83,17,2,1]
[512,-512,248,-91,31,-8,1]
[4096,-1024,48,-3,3,-4,1]
[6561,-162,-124,-2,1]
[4096,1792,560,123,35,7,1]
[256,0,112,8,31,2,7,0,1]
[4096,2304,944,269,59,9,1]
[729,486,126,29,14,6,1]
[14641,1452,186,12,1]
[4096,128,99,2,1]
[4096,0,128,75,8,0,1]
[256,128,0,8,11,2,0,2,1]
[4096,-256,112,-45,7,-1,1]
[16384,-2176,167,-17,1]
[256,64,128,20,39,5,8,1,1]
[256,0,80,-24,19,-6,5,0,1]
[4096,-512,-128,79,-8,-2,1]
[729,-243,135,-19,15,-3,1]
[2401,147,-44,3,1]
[256,-128,96,-72,31,-18,6,-2,1]
[256,64,16,-24,-7,-6,1,1,1]
[4096,1280,368,81,23,5,1]
[4096,-1024,80,3,5,-4,1]
[625,-75,-9,-3,1]
[4096,1280,176,15,11,5,1]
[4096,-768,608,-73,38,-3,1]
[256,-128,32,36,-17,9,2,-2,1]
[4096,256,464,-5,29,1,1]
[4096,-512,64,81,4,-2,1]
[729,405,72,4,8,5,1]
[729,-81,-9,20,-1,-1,1]
[512,192,72,13,9,3,1]
[729,324,153,46,17,4,1]
[15625,-2250,161,-18,1]
[729,-648,342,-128,38,-8,1]
[4096,768,16,-77,1,3,1]
[14641,-363,-156,-3,1]
[4096,2048,304,9,19,8,1]
[729,567,288,104,32,7,1]
[4096,-256,0,107,0,-1,1]
[4096,1280,160,5,10,5,1]
[14641,1089,95,9,1]
[15625,625,219,5,1]
[4096,-1024,608,-123,38,-4,1]
[729,54,38,2,1]
[256,64,16,20,5,5,1,1,1]
[4096,-768,-192,69,-12,-3,1]
[14641,-1089,259,-9,1]
[4096,256,320,-27,20,1,1]
[4096,-3072,1152,-317,72,-12,1]
[512,448,248,103,31,7,1]
[4096,1792,160,-41,10,7,1]
[16384,128,-79,1,1]
[14641,-242,-74,-2,1]
[4096,-1024,48,11,3,-4,1]
[14641,3993,490,33,1]
[6561,-81,-29,-1,1]
[14641,-1573,214,-13,1]
[512,-320,144,-47,18,-5,1]
[4096,-512,0,95,0,-2,1]
[4096,-320,11,-5,1]
[256,0,-16,24,3,6,-1,0,1]
[4096,-2048,704,-187,44,-8,1]
[15625,2875,352,23,1]
[729,324,171,53,19,4,1]
[16384,-128,209,-1,1]
[4096,2048,816,215,51,8,1]
[15625,750,251,6,1]
[256,-64,48,8,1,2,3,-1,1]
[256,256,80,12,7,3,5,4,1]
[256,-320,160,-48,17,-12,10,-5,1]
[14641,484,-87,4,1]
[1024,192,43,6,1]
[4096,768,240,101,15,3,1]
[15625,-375,197,-3,1]
[16384,1280,233,10,1]
[256,0,0,4,-17,1,0,0,1]
[15625,-4000,497,-32,1]
[256,128,112,20,17,5,7,2,1]
[4096,256,240,-29,15,1,1]
[15625,-1125,69,-9,1]
[4096,2048,672,165,42,8,1]
[16384,384,-5,3,1]
[15625,-750,128,-6,1]
[256,64,-32,-12,-11,-3,-2,1,1]
[4096,-256,352,7,22,-1,1]
[16384,-2688,297,-21,1]
[4096,-1024,-80,83,-5,-4,1]
[256,-384,256,-100,37,-25,16,-6,1]
[6561,-324,-53,-4,1]
[64,-16,8,7,2,-1,1]
[4096,1024,-192,-141,-12,4,1]
[4096,0,240,-23,15,0,1]
[4096,-512,608,-61,38,-2,1]
[4096,512,352,37,22,2,1]
[4096,0,61,0,1]
[256,64,0,-12,-25,-3,0,1,1]
[4096,2048,960,257,60,8,1]
[729,162,0,-40,0,2,1]
[6561,-729,104,-9,1]
[4096,2048,432,67,27,8,1]
[4096,-1536,720,-165,45,-6,1]
[4096,-768,96,37,6,-3,1]
[4096,256,96,71,6,1,1]
[256,-64,96,-44,31,-11,6,-1,1]
[512,-64,128,-17,16,-1,1]
[14641,-484,-135,-4,1]
[729,324,171,56,19,4,1]
[625,25,11,1,1]
[512,64,40,5,5,1,1]
[15625,-3000,316,-24,1]
[15625,-1125,103,-9,1]
[4096,256,144,-41,9,1,1]
[4096,768,272,69,17,3,1]
[4096,0,48,-91,3,0,1]
[512,64,-32,1,-4,1,1]
[14641,-242,-73,-2,1]
[729,81,126,29,14,1,1]
[256,0,-64,-12,19,-3,-4,0,1]
[4096,768,224,31,14,3,1]
[16384,-1920,285,-15,1]
[4096,-768,256,-113,16,-3,1]
[729,-405,144,-37,16,-5,1]
[729,81,9,-7,1,1,1]
[4096,-1536,368,-65,23,-6,1]
[4096,1024,16,-43,1,4,1]
[4096,-1280,-96,105,-6,-5,1]
[4096,-256,-96,59,-6,-1,1]
[4096,-1280,352,-137,22,-5,1]
[2401,-245,-23,-5,1]
[4096,-512,160,-111,10,-2,1]
[4096,0,-64,23,-4,0,1]
[4096,-512,288,-55,18,-2,1]
[15625,-2875,271,-23,1]
[4096,1024,736,123,46,4,1]
[4096,2560,1104,313,69,10,1]
[4096,1024,352,59,22,4,1]
[16384,-896,215,-7,1]
[14641,-1210,65,-10,1]
[729,-243,0,28,0,-3,1]
[4096,0,512,-1,32,0,1]
[729,-405,216,-64,24,-5,1]
[512,64,8,25,1,1,1]
[256,-256,208,-112,63,-28,13,-4,1]
[256,64,64,-20,-3,-5,4,1,1]
[625,-300,78,-12,1]
[14641,-121,70,-1,1]
[4096,1280,-16,-57,-1,5,1]
[256,0,112,4,41,1,7,0,1]
[15625,625,-112,5,1]
[256,-64,-48,20,3,5,-3,-1,1]
[256,64,16,16,29,4,1,1,1]
[4096,1024,368,99,23,4,1]
[256,128,96,64,29,16,6,2,1]
[4096,-1088,167,-17,1]
[4096,1280,192,55,12,5,1]
[512,-128,-16,3,-2,-2,1]
[4096,2304,944,263,59,9,1]
[4096,768,592,63,37,3,1]
[625,175,43,7,1]
[4096,1792,368,51,23,7,1]
[4096,768,-208,-93,-13,3,1]
[4096,-1024,48,73,3,-4,1]
[16384,1024,201,8,1]
[64,8,1,1,1]
[4096,-448,23,-7,1]
[16384,1152,83,9,1]
[256,0,-48,0,-5,0,-3,0,1]
[15625,0,-107,0,1]
[4096,512,336,61,21,2,1]
[4096,0,-32,-35,-2,0,1]
[4096,0,240,71,15,0,1]
[729,405,54,-11,6,5,1]
[729,-81,0,25,0,-1,1]
[256,0,64,12,17,3,4,0,1]
[4096,-1024,272,-33,17,-4,1]
[16384,2432,329,19,1]
[15625,-1875,199,-15,1]
[14641,3267,412,27,1]
[256,-256,176,-124,73,-31,11,-4,1]
[256,-128,64,-48,21,-12,4,-2,1]
[16384,1024,221,8,1]
[14641,3267,367,27,1]
[14641,-2057,135,-17,1]
[1024,-192,41,-6,1]
[4096,1536,128,-29,8,6,1]
[14641,-605,9,-5,1]
[512,-576,360,-153,45,-9,1]
[256,64,80,-4,13,-1,5,1,1]
[512,-64,0,-25,0,-1,1]
[14641,1573,50,13,1]
[4096,512,224,111,14,2,1]
[15625,-625,167,-5,1]
[4096,768,-32,-25,-2,3,1]
[2401,-196,-10,-4,1]
[4096,256,32,15,2,1,1]
[4096,192,55,3,1]
[15625,-1500,91,-12,1]
[4096,-1024,-96,117,-6,-4,1]
[14641,605,186,5,1]
[256,-192,128,-68,25,-17,8,-3,1]
[512,192,40,-9,5,3,1]
[4096,0,-128,5,-8,0,1]
[16384,-1920,107,-15,1]
[14641,2178,290,18,1]
[14641,1452,60,12,1]
[256,128,64,32,29,8,4,2,1]
[4096,1536,16,-77,1,6,1]
[14641,726,25,6,1]
[256,256,144,80,41,20,9,4,1]
[512,256,168,53,21,4,1]
[4096,-768,240,-89,15,-3,1]
[256,-192,96,-28,19,-7,6,-3,1]
[4096,1792,0,-99,0,7,1]
[4096,2304,608,131,38,9,1]
[14641,1089,239,9,1]
[14641,1936,279,16,1]
[4096,-2304,656,-149,41,-9,1]
[4096,0,128,-31,8,0,1]
[512,0,32,-23,4,0,1]
[4096,1280,96,7,6,5,1]
[81,27,11,3,1]
[16384,-384,133,-3,1]
[2401,-49,-25,-1,1]
[4096,-2560,1008,-289,63,-10,1]
[729,-729,414,-160,46,-9,1]
[512,256,24,-19,3,4,1]
[4096,1280,448,135,28,5,1]
[4096,-3072,1168,-315,73,-12,1]
[15625,-625,-112,-5,1]
[512,-320,192,-63,24,-5,1]
[256,256,144,100,61,25,9,4,1]
[4096,-1024,352,-107,22,-4,1]
[256,64,0,-28,-11,-7,0,1,1]
[14641,-726,-68,-6,1]
[4096,2816,1168,335,73,11,1]
[14641,-605,-4,-5,1]
[64,32,-12,-17,-3,2,1]
[4096,-256,-48,119,-3,-1,1]
[64,64,40,19,10,4,1]
[14641,-3267,416,-27,1]
[16384,512,75,4,1]
[16384,-1152,147,-9,1]
[4096,768,64,1,4,3,1]
[256,64,32,4,-5,1,2,1,1]
[256,-128,0,-12,17,-3,0,-2,1]
[6561,-324,62,-4,1]
[4096,1280,224,23,14,5,1]
[4096,512,592,69,37,2,1]
[15625,-1000,13,-8,1]
[4096,256,16,-85,1,1,1]
[256,0,64,4,5,1,4,0,1]
[16384,-1024,7,-8,1]
[4096,0,400,-5,25,0,1]
[15625,-4000,504,-32,1]
[4096,-1024,112,-35,7,-4,1]
[4096,-256,256,37,16,-1,1]
[15625,125,192,1,1]
[625,75,16,3,1]
[14641,1210,-9,10,1]
[2401,-294,102,-6,1]
[14641,-1694,127,-14,1]
[4096,256,-112,5,-7,1,1]
[16384,512,27,4,1]
[14641,-726,129,-6,1]
[4096,1536,-144,-143,-9,6,1]
[4096,-768,0,-19,0,-3,1]
[256,0,0,-8,17,-2,0,0,1]
[4096,-256,96,-103,6,-1,1]
[729,81,-54,-13,-6,1,1]
[4096,-512,704,-65,44,-2,1]
[729,0,0,-14,0,0,1]
[4096,1024,288,61,18,4,1]
[4096,1536,160,-3,10,6,1]
[4096,1024,144,-9,9,4,1]
[15625,-1500,76,-12,1]
[16384,384,65,3,1]
[512,256,208,63,26,4,1]
[4096,512,0,-85,0,2,1]
[512,128,-32,-31,-4,2,1]
[512,192,16,-1,2,3,1]
[14641,1815,111,15,1]
[1024,192,55,6,1]
[4096,-768,-112,47,-7,-3,1]
[81,-5,1]
[64,0,16,-7,4,0,1]
[256,64,80,4,7,1,5,1,1]
[256,-64,64,-36,17,-9,4,-1,1]
[16384,384,-29,3,1]
[14641,1331,272,11,1]
[2401,-294,15,-6,1]
[4096,-1280,464,-113,29,-5,1]
[4096,-1792,-80,139,-5,-7,1]
[512,0,40,-21,5,0,1]
[14641,-968,117,-8,1]
[4096,-1536,368,-69,23,-6,1]
[729,405,180,59,20,5,1]
[16384,-3200,395,-25,1]
[14641,121,221,1,1]
[256,-128,-16,16,3,4,-1,-2,1]
[256,64,64,-28,-1,-7,4,1,1]
[16384,1920,301,15,1]
[256,0,-32,8,-3,2,-2,0,1]
[4096,1280,-208,-169,-13,5,1]
[729,81,90,32,10,1,1]
[4096,256,-16,-45,-1,1,1]
[4096,-1280,-16,95,-1,-5,1]
[256,-192,96,-24,3,-6,6,-3,1]
[729,81,-27,-2,-3,1,1]
[729,-324,144,-40,16,-4,1]
[4096,512,192,77,12,2,1]
[729,243,-63,-53,-7,3,1]
[4096,512,176,101,11,2,1]
[729,81,81,1,9,1,1]
[4096,3072,1008,245,63,12,1]
[2401,49,-24,1,1]
[4096,512,80,53,5,2,1]
[256,0,-16,-8,23,-2,-1,0,1]
[512,-256,32,11,4,-4,1]
[14641,-363,101,-3,1]
[729,-567,288,-116,32,-7,1]
[6561,-162,98,-2,1]
[4096,-1280,336,-127,21,-5,1]
[15625,1875,196,15,1]
[4096,-512,0,59,0,-2,1]
[16384,896,77,7,1]
[6561,-1296,139,-16,1]
[4096,-1280,448,-173,28,-5,1]
[256,64,64,56,13,14,4,1,1]
[4096,256,-112,-67,-7,1,1]
[256,64,64,-4,13,-1,4,1,1]
[512,256,144,63,18,4,1]
[4096,2048,288,1,18,8,1]
[2401,490,55,10,1]
[15625,2125,202,17,1]
[15625,125,102,1,1]
[15625,-250,173,-2,1]
[15625,2375,267,19,1]
[256,0,80,48,5,12,5,0,1]
[256,64,-32,-8,17,-2,-2,1,1]
[16384,640,129,5,1]
[2401,539,106,11,1]
[4096,-256,-144,53,-9,-1,1]
[16384,1152,-41,9,1]
[4096,-1024,32,43,2,-4,1]
[4096,256,352,47,22,1,1]
[16384,768,47,6,1]
[14641,-2299,194,-19,1]
[256,-256,112,-72,51,-18,7,-4,1]
[4096,1280,128,-23,8,5,1]
[14641,-605,28,-5,1]
[4096,0,-160,33,-10,0,1]
[14641,-2057,216,-17,1]
[512,-640,400,-165,50,-10,1]
[2401,-637,139,-13,1]
[4096,-2560,848,-211,53,-10,1]
[256,128,32,20,11,5,2,2,1]
[4096,256,-80,-57,-5,1,1]
[4096,768,416,105,26,3,1]
[4096,-320,27,-5,1]
[512,64,-16,9,-2,1,1]
[14641,-2420,232,-20,1]
[512,192,24,-5,3,3,1]
[16384,768,-17,6,1]
[729,-324,144,-38,16,-4,1]
[256,-64,96,-60,23,-15,6,-1,1]
[15625,3375,359,27,1]
[6561,0,-118,0,1]
[4096,-768,496,-101,31,-3,1]
[4096,-256,-240,39,-15,-1,1]
[729,216,67,8,1]
[4096,0,288,17,18,0,1]
[64,16,4,-5,1,1,1]
[16384,256,83,2,1]
[15625,2375,232,19,1]
[81,45,20,5,1]
[15625,-1250,4,-10,1]
[15625,2375,294,19,1]
[14641,-2057,228,-17,1]
[512,-128,88,-3,11,-2,1]
[256,-192,128,-32,17,-8,8,-3,1]
[14641,-726,24,-6,1]
[256,64,32,20,19,5,2,1,1]
[14641,-242,-124,-2,1]
[14641,-1331,249,-11,1]
[6561,81,91,1,1]
[4096,256,-144,-75,-9,1,1]
[16384,1920,265,15,1]
[4096,1024,-64,-51,-4,4,1]
[4096,-256,528,-13,33,-1,1]
[15625,1375,4,11,1]
[256,64,96,36,21,9,6,1,1]
[4096,-768,704,-89,44,-3,1]
[4096,1024,384,135,24,4,1]
[729,-243,52,-9,1]
[4096,-256,48,75,3,-1,1]
[4096,-768,272,-45,17,-3,1]
[14641,2541,274,21,1]
[4096,-512,-80,-21,-5,-2,1]
[16384,-3968,481,-31,1]
[14641,605,-84,5,1]
[14641,-2541,236,-21,1]
[512,64,56,1,7,1,1]
[6561,2187,340,27,1]
[15625,375,77,3,1]
[4096,1792,144,-35,9,7,1]
[256,0,48,-16,-7,-4,3,0,1]
[14641,-2420,285,-20,1]
[256,64,64,4,19,1,4,1,1]
[14641,2541,236,21,1]
[4096,-1280,304,-45,19,-5,1]
[64,16,0,-5,0,1,1]
[256,-64,32,8,-7,2,2,-1,1]
[6561,-1296,146,-16,1]
[4096,1536,464,111,29,6,1]
[4096,-512,160,-31,10,-2,1]
[256,256,96,-40,-41,-10,6,4,1]
[4096,768,176,105,11,3,1]
[4096,-1792,0,111,0,-7,1]
[4096,-1280,288,-21,18,-5,1]
[14641,-726,-48,-6,1]
[256,-64,16,28,-5,7,1,-1,1]
[4096,-768,103,-12,1]
[4096,1536,144,-29,9,6,1]
[256,128,128,80,43,20,8,2,1]
[256,0,-16,-20,9,-5,-1,0,1]
[14641,0,19,0,1]
[256,64,48,12,-3,3,3,1,1]
[256,-64,32,-36,13,-9,2,-1,1]
[1024,640,163,20,1]
[4096,2560,816,197,51,10,1]
[4096,-2048,64,97,4,-8,1]
[4096,256,208,79,13,1,1]
[15625,3000,312,24,1]
[625,-175,46,-7,1]
[15625,2000,266,16,1]
[4096,-1024,176,-15,11,-4,1]
[256,-64,48,-12,27,-3,3,-1,1]
[4096,0,0,51,0,0,1]
[4096,768,352,69,22,3,1]
[256,-128,-48,28,1,7,-3,-2,1]
[4096,-768,304,-21,19,-3,1]
[256,64,16,-12,1,-3,1,1,1]
[2401,392,25,8,1]
[256,-128,128,-48,33,-12,8,-2,1]
[256,-64,32,-36,5,-9,2,-1,1]
[4096,256,-16,55,-1,1,1]
[4096,2048,544,127,34,8,1]
[2401,98,95,2,1]
[256,0,0,-4,-27,-1,0,0,1]
[16384,-512,-57,-4,1]
[14641,-2178,192,-18,1]
[256,-64,-16,-28,23,-7,-1,-1,1]
[729,-162,72,5,8,-2,1]
[512,128,24,-21,3,2,1]
[256,448,448,320,177,80,28,7,1]
[729,-162,-63,41,-7,-2,1]
[4096,1280,656,137,41,5,1]
[4096,-256,-96,-39,-6,-1,1]
[2401,1029,202,21,1]
[15625,-125,-206,-1,1]
[256,-64,64,-12,25,-3,4,-1,1]
[256,-64,-32,-20,29,-5,-2,-1,1]
[256,128,-32,12,33,3,-2,2,1]
[4096,1536,112,-31,7,6,1]
[256,256,208,112,61,28,13,4,1]
[14641,0,202,0,1]
[4096,-1792,800,-205,50,-7,1]
[14641,-484,122,-4,1]
[4096,768,608,71,38,3,1]
[4096,0,41,0,1]
[256,48,5,3,1]
[256,448,384,236,125,59,24,7,1]
[4096,768,128,51,8,3,1]
[729,486,288,106,32,6,1]
[2401,735,144,15,1]
[4096,256,400,51,25,1,1]
[256,-128,32,-16,3,-4,2,-2,1]
[256,-128,96,-56,33,-14,6,-2,1]
[4096,256,464,-7,29,1,1]
[14641,-1089,37,-9,1]
[256,-192,64,-48,35,-12,4,-3,1]
[6561,81,-61,1,1]
[729,243,207,46,23,3,1]
[4096,-256,384,-69,24,-1,1]
[256,256,160,112,65,28,10,4,1]
[14641,-1089,-31,-9,1]
[15625,-1750,94,-14,1]
[256,-448,352,-176,81,-44,22,-7,1]
[4096,-1024,-240,125,-15,-4,1]
[512,-192,48,-29,6,-3,1]
[256,-256,256,-164,97,-41,16,-4,1]
[15625,1125,127,9,1]
[6561,-1134,121,-14,1]
[256,-128,-32,4,15,1,-2,-2,1]
[14641,121,-30,1,1]
[729,243,162,47,18,3,1]
[4096,-1024,-240,123,-15,-4,1]
[512,64,-24,11,-3,1,1]
[729,-243,72,2,8,-3,1]
[6561,81,67,1,1]
[512,-128,40,7,5,-2,1]
[4096,512,256,43,16,2,1]
[4096,-768,192,19,12,-3,1]
[14641,-726,218,-6,1]
[4096,-1536,256,-63,16,-6,1]
[15625,1375,126,11,1]
[4096,-1536,464,-135,29,-6,1]
[14641,-1573,115,-13,1]
[4096,2560,576,93,36,10,1]
[15625,-2875,363,-23,1]
[4096,2048,640,147,40,8,1]
[256,192,48,36,33,9,3,3,1]
[256,0,0,-28,3,-7,0,0,1]
[256,-128,16,-36,29,-9,1,-2,1]
[512,384,112,23,14,6,1]
[729,81,-9,-47,-1,1,1]
[14641,2662,273,22,1]
[14641,-1089,29,-9,1]
[729,-162,9,19,1,-2,1]
[729,405,0,-41,0,5,1]
[4096,1024,544,111,34,4,1]
[729,81,-27,-11,-3,1,1]
[729,324,162,40,18,4,1]
[4096,-1024,112,-39,7,-4,1]
[4096,1536,528,119,33,6,1]
[14641,1573,235,13,1]
[4096,-2048,880,-219,55,-8,1]
[256,128,-16,0,19,0,-1,2,1]
[16384,-384,-51,-3,1]
[4096,-1536,464,-99,29,-6,1]
[729,81,162,7,18,1,1]
[14641,-605,48,-5,1]
[256,-64,96,-64,23,-16,6,-1,1]
[4096,2048,752,207,47,8,1]
[256,-512,496,-320,169,-80,31,-8,1]
[64,16,4,-1,1,1,1]
[4096,2048,912,249,57,8,1]
[256,128,128,40,27,10,8,2,1]
[256,64,48,-40,-13,-10,3,1,1]
[729,-324,-27,52,-3,-4,1]
[14641,0,-159,0,1]
[4096,768,-160,-123,-10,3,1]
[16384,-2432,283,-19,1]
[1024,-32,19,-1,1]
[4096,1280,352,131,22,5,1]
[16384,-768,23,-6,1]
[4096,-3840,1712,-501,107,-15,1]
[14641,1452,199,12,1]
[4096,512,96,37,6,2,1]
[4096,-512,448,-37,28,-2,1]
[4096,1024,80,-37,5,4,1]
[4096,-1792,400,-83,25,-7,1]
[4096,64,-55,1,1]
[256,-192,144,-32,21,-8,9,-3,1]
[4096,2560,1072,289,67,10,1]
[4096,-2304,896,-255,56,-9,1]
[4096,2048,624,145,39,8,1]
[16384,1152,231,9,1]
[81,-18,-2,-2,1]
[2401,0,12,0,1]
[256,0,64,-12,11,-3,4,0,1]
[4096,-256,80,-27,5,-1,1]
[4096,512,256,-11,16,2,1]
[4096,1792,640,161,40,7,1]
[14641,1331,237,11,1]
[256,128,-16,-36,-11,-9,-1,2,1]
[15625,-2125,287,-17,1]
[256,64,80,20,15,5,5,1,1]
[4096,-512,-48,107,-3,-2,1]
[6561,648,-8,8,1]
[14641,2541,258,21,1]
[15625,1250,-21,10,1]
[15625,375,243,3,1]
[4096,2560,624,113,39,10,1]
[4096,1280,608,113,38,5,1]
[14641,121,-116,1,1]
[4096,1024,368,97,23,4,1]
[6561,0,-131,0,1]
[4096,768,176,39,11,3,1]
[16384,-1792,175,-14,1]
[256,0,-32,-4,27,-1,-2,0,1]
[256,192,224,124,79,31,14,3,1]
[729,-162,54,-46,6,-2,1]
[256,16,-9,1,1]
[4096,-1024,272,-17,17,-4,1]
[4096,-1024,128,29,8,-4,1]
[16384,-896,221,-7,1]
[256,192,64,-40,-35,-10,4,3,1]
[4096,-768,560,-69,35,-3,1]
[6561,-1053,79,-13,1]
[14641,-726,230,-6,1]
[729,-54,-8,-2,1]
[256,448,288,52,-11,13,18,7,1]
[4096,1280,496,113,31,5,1]
[729,-405,297,-92,33,-5,1]
[15625,-250,-191,-2,1]
[4096,1280,576,161,36,5,1]
[4096,-1280,-144,141,-9,-5,1]
[4096,-1792,624,-187,39,-7,1]
[256,0,-48,-4,1,-1,-3,0,1]
[4096,0,384,-21,24,0,1]
[256,64,64,56,17,14,4,1,1]
[256,-128,128,-44,37,-11,8,-2,1]
[1024,64,15,2,1]
[6561,243,83,3,1]
[729,729,351,124,39,9,1]
[4096,1024,416,107,26,4,1]
[6561,-486,166,-6,1]
[4096,1024,-128,-83,-8,4,1]
[4096,3328,1440,431,90,13,1]
[15625,750,13,6,1]
[4096,-256,-29,-4,1]
[4096,3328,1392,405,87,13,1]
[4096,-1024,16,73,1,-4,1]
[15625,3875,463,31,1]
[16384,1024,253,8,1]
[16384,256,-7,2,1]
[4096,-1792,576,-141,36,-7,1]
[256,64,80,48,13,12,5,1,1]
[256,64,128,32,35,8,8,1,1]
[15625,-125,-226,-1,1]
[729,-81,18,7,2,-1,1]
[4096,2304,624,137,39,9,1]
[4096,-1536,176,1,11,-6,1]
[15625,-500,176,-4,1]
[4096,-1280,272,-11,17,-5,1]
[256,-128,32,28,-15,7,2,-2,1]
[4096,512,32,9,2,2,1]
[256,-320,192,-76,31,-19,12,-5,1]
[4096,1280,-16,-47,-1,5,1]
[729,-243,63,-41,7,-3,1]
[512,128,-24,-23,-3,2,1]
[256,-128,64,-32,25,-8,4,-2,1]
[16384,1024,133,8,1]
[64,0,12,-7,3,0,1]
[14641,484,133,4,1]
[729,-81,-54,28,-6,-1,1]
[15625,-1750,123,-14,1]
[14641,2178,190,18,1]
[14641,242,-58,2,1]
[2401,833,153,17,1]
[16384,-2432,243,-19,1]
[256,0,80,0,33,0,5,0,1]
[256,64,64,12,11,3,4,1,1]
[15625,500,-86,4,1]
[256,-320,240,-164,93,-41,15,-5,1]
[15625,1125,163,9,1]
[4096,-512,48,1,3,-2,1]
[256,0,-32,-12,1,-3,-2,0,1]
[4096,1536,368,71,23,6,1]
[14641,3146,332,26,1]
[16384,384,105,3,1]
[256,256,192,80,43,20,12,4,1]
[16384,768,-97,6,1]
[16384,1024,43,8,1]
[729,405,90,8,10,5,1]
[16384,-1024,249,-8,1]
[15625,-2000,239,-16,1]
[729,243,27,-8,3,3,1]
[729,-243,36,-1,4,-3,1]
[729,405,72,2,8,5,1]
[4096,1792,672,225,42,7,1]
[4096,-2048,464,-69,29,-8,1]
[4096,768,-160,-75,-10,3,1]
[14641,1089,68,9,1]
[16384,-128,-153,-1,1]
[16384,-640,-75,-5,1]
[15625,-875,229,-7,1]
[15625,1000,-16,8,1]
[4096,-384,57,-6,1]
[15625,-125,156,-1,1]
[4096,768,352,105,22,3,1]
[4096,-256,0,59,0,-1,1]
[16384,1152,57,9,1]
[6561,-324,92,-4,1]
[81,17,1]
[256,-192,48,8,-5,2,3,-3,1]
[729,-324,-45,58,-5,-4,1]
[14641,-605,-107,-5,1]
[729,-459,125,-17,1]
[4096,0,288,-53,18,0,1]
[4096,1280,304,29,19,5,1]
[6561,405,146,5,1]
[4096,1536,480,99,30,6,1]
[4096,1536,480,105,30,6,1]
[729,162,54,-10,6,2,1]
[15625,625,-61,5,1]
[256,128,-48,-8,19,-2,-3,2,1]
[6561,486,26,6,1]
[729,-243,-9,38,-1,-3,1]
[729,243,144,49,16,3,1]
[4096,256,-16,-115,-1,1,1]
[4096,1792,400,93,25,7,1]
[16384,-1280,101,-10,1]
[14641,1694,226,14,1]
[64,-112,104,-63,26,-7,1]
[15625,-375,24,-3,1]
[4096,-1024,16,57,1,-4,1]
[6561,81,-35,1,1]
[14641,363,-85,3,1]
[4096,1024,288,13,18,4,1]
[256,-64,32,16,-9,4,2,-1,1]
[16384,1920,243,15,1]
[256,384,272,108,41,27,17,6,1]
[4096,-512,64,55,4,-2,1]
[4096,-2048,752,-189,47,-8,1]
[512,-128,80,-19,10,-2,1]
[15625,4000,483,32,1]
[729,-567,135,-17,15,-7,1]
[15625,-2125,131,-17,1]
[4096,1280,416,163,26,5,1]
[4096,-768,-112,115,-7,-3,1]
[4096,768,336,53,21,3,1]
[16384,128,-183,1,1]
[256,0,48,24,15,6,3,0,1]
[4096,-2304,912,-281,57,-9,1]
[512,384,144,41,18,6,1]
[4096,-768,-192,89,-12,-3,1]
[4096,256,-32,69,-2,1,1]
[4096,-832,93,-13,1]
[14641,-3630,443,-30,1]
[512,-256,8,23,1,-4,1]
[4096,1088,157,17,1]
[4096,1408,227,22,1]
[15625,-375,-181,-3,1]
[4096,256,96,7,6,1,1]
[15625,-750,118,-6,1]
[14641,-121,-207,-1,1]
[256,-256,256,-152,89,-38,16,-4,1]
[256,48,27,3,1]
[4096,256,160,-31,10,1,1]
[4096,1280,-144,-139,-9,5,1]
[14641,1331,255,11,1]
[14641,968,223,8,1]
[4096,1088,175,17,1]
[4096,2048,752,177,47,8,1]
[16384,-1024,-17,-8,1]
[4096,-1280,0,35,0,-5,1]
[4096,256,32,-65,2,1,1]
[4096,-1536,464,-103,29,-6,1]
[4096,1536,400,135,25,6,1]
[16384,384,127,3,1]
[4096,1280,272,7,17,5,1]
[14641,1331,138,11,1]
[4096,1792,944,225,59,7,1]
[15625,-4000,501,-32,1]
[15625,-4625,581,-37,1]
[256,-256,144,-100,63,-25,9,-4,1]
[15625,0,-17,0,1]
[4096,1536,592,167,37,6,1]
[14641,-4114,514,-34,1]
[14641,-242,-186,-2,1]
[729,-162,-27,28,-3,-2,1]
[4096,256,-16,-109,-1,1,1]
[729,-243,9,14,1,-3,1]
[4096,-1792,480,-127,30,-7,1]
[4096,1024,288,125,18,4,1]
[15625,0,-142,0,1]
[256,-64,-48,4,19,1,-3,-1,1]
[4096,0,272,-35,17,0,1]
[4096,-1536,160,-9,10,-6,1]
[256,256,64,4,5,1,4,4,1]
[4096,-512,0,-1,0,-2,1]
[4096,1280,288,67,18,5,1]
[14641,-605,71,-5,1]
[729,486,261,100,29,6,1]
[15625,-3500,382,-28,1]
[4096,-256,-176,21,-11,-1,1]
[729,162,144,32,16,2,1]
[4096,1024,-160,-81,-10,4,1]
[2401,-343,3,-7,1]
[14641,-605,112,-5,1]
[6561,1944,277,24,1]
[729,-405,144,-46,16,-5,1]
[4096,768,48,51,3,3,1]
[4096,1280,368,67,23,5,1]
[15625,125,-71,1,1]
[4096,-256,32,19,2,-1,1]
[6561,648,106,8,1]
[729,405,144,50,16,5,1]
[4096,-256,144,-61,9,-1,1]
[14641,-121,92,-1,1]
[729,-162,-45,44,-5,-2,1]
[4096,256,-208,-29,-13,1,1]
[256,-192,160,-72,49,-18,10,-3,1]
[256,-192,64,-8,-3,-2,4,-3,1]
[729,567,126,11,14,7,1]
[15625,1000,-17,8,1]
[14641,-1331,158,-11,1]
[729,-243,81,-19,9,-3,1]
[256,128,128,80,37,20,8,2,1]
[729,405,99,11,11,5,1]
[256,0,-16,8,-7,2,-1,0,1]
[4096,-256,-176,7,-11,-1,1]
[4096,-2304,1152,-307,72,-9,1]
[15625,-125,-223,-1,1]
[15625,125,97,1,1]
[729,81,36,49,4,1,1]
[6561,-405,31,-5,1]
[14641,-2178,173,-18,1]
[729,243,-18,-44,-2,3,1]
[14641,1694,217,14,1]
[16384,128,161,1,1]
[4096,1280,640,123,40,5,1]
[256,-64,32,36,-13,9,2,-1,1]
[256,0,-32,4,-1,1,-2,0,1]
[15625,250,222,2,1]
[14641,-484,151,-4,1]
[16384,896,-37,7,1]
[4096,1280,32,-61,2,5,1]
[15625,-2250,266,-18,1]
[729,324,126,56,14,4,1]
[15625,-3125,383,-25,1]
[256,64,96,-4,17,-1,6,1,1]
[4096,0,224,61,14,0,1]
[4096,768,128,9,8,3,1]
[256,64,64,40,1,10,4,1,1]
[4096,64,-57,1,1]
[4096,768,-112,-39,-7,3,1]
[15625,-1750,86,-14,1]
[4096,768,272,55,17,3,1]
[4096,-768,-112,105,-7,-3,1]
[15625,1375,203,11,1]
[4096,2304,960,267,60,9,1]
[729,-162,54,5,6,-2,1]
[512,64,8,-7,1,1,1]
[729,-162,27,10,3,-2,1]
[15625,-1125,139,-9,1]
[14641,-605,172,-5,1]
[14641,-242,36,-2,1]
[15625,-1625,127,-13,1]
[256,-128,16,4,-3,1,1,-2,1]
[6561,-648,85,-8,1]
[4096,-1792,400,-99,25,-7,1]
[4096,2048,416,69,26,8,1]
[16384,-2176,171,-17,1]
[15625,-125,-194,-1,1]
[4096,-1280,160,21,10,-5,1]
[15625,2375,213,19,1]
[16384,-256,-185,-2,1]
[4096,1024,432,139,27,4,1]
[2401,441,97,9,1]
[256,0,16,-16,5,-4,1,0,1]
[4096,-1024,224,-85,14,-4,1]
[4096,-256,256,-79,16,-1,1]
[16384,0,-55,0,1]
[14641,-1452,155,-12,1]
[15625,-375,218,-3,1]
[4096,-256,112,-43,7,-1,1]
[4096,2560,736,167,46,10,1]
[4096,-512,-64,57,-4,-2,1]
[256,256,240,132,77,33,15,4,1]
[4096,768,112,-15,7,3,1]
[4096,0,-160,13,-10,0,1]
[4096,-768,-128,77,-8,-3,1]
[4096,1792,321,28,1]
[256,256,304,184,119,46,19,4,1]
[4096,2816,864,201,54,11,1]
[256,-128,64,-32,27,-8,4,-2,1]
[15625,1250,94,10,1]
[15625,-375,-162,-3,1]
[4096,1024,400,89,25,4,1]
[6561,-567,65,-7,1]
[512,-256,152,-63,19,-4,1]
[16384,-512,95,-4,1]
[16384,-512,1,-4,1]
[256,64,16,0,-11,0,1,1,1]
[4096,-2304,896,-287,56,-9,1]
[15625,3125,351,25,1]
[16384,1920,93,15,1]
[14641,-605,-53,-5,1]
[256,128,-16,-28,-7,-7,-1,2,1]
[512,-192,40,7,5,-3,1]
[256,-128,32,0,1,0,2,-2,1]
[4096,-768,160,-75,10,-3,1]
[4096,768,272,121,17,3,1]
[14641,-2662,315,-22,1]
[16384,768,117,6,1]
[4096,0,32,-29,2,0,1]
[4096,-1024,-16,53,-1,-4,1]
[4096,1280,16,-25,1,5,1]
[729,-81,-45,28,-5,-1,1]
[6561,-2106,311,-26,1]
[14641,121,128,1,1]
[4096,-768,80,37,5,-3,1]
[4096,0,-80,-1,-5,0,1]
[4096,-256,-48,11,-3,-1,1]
[256,-192,160,-92,55,-23,10,-3,1]
[4096,-2816,752,-149,47,-11,1]
[4096,512,528,63,33,2,1]
[256,-192,64,-56,47,-14,4,-3,1]
[256,0,-96,-4,29,-1,-6,0,1]
[16384,3200,367,25,1]
[256,640,816,676,397,169,51,10,1]
[4096,1024,272,-1,17,4,1]
[4096,-1280,688,-129,43,-5,1]
[512,-384,48,17,6,-6,1]
[4096,1472,245,23,1]
[4096,-4096,2032,-629,127,-16,1]
[256,-128,-64,32,1,8,-4,-2,1]
[256,64,144,20,45,5,9,1,1]
[256,-64,80,-52,23,-13,5,-1,1]
[729,0,-18,41,-2,0,1]
[15625,0,-147,0,1]
[4096,2560,992,265,62,10,1]
[15625,125,109,1,1]
[4096,256,192,-1,12,1,1]
[256,-128,-64,20,13,5,-4,-2,1]
[15625,-2625,348,-21,1]
[14641,-1815,189,-15,1]
[14641,-847,-24,-7,1]
[15625,3875,472,31,1]
[256,-256,176,-128,73,-32,11,-4,1]
[256,-64,-16,24,1,6,-1,-1,1]
[4096,1280,624,139,39,5,1]
[4096,512,160,75,10,2,1]
[64,0,8,-3,2,0,1]
[4096,1792,784,211,49,7,1]
[4096,1536,352,35,22,6,1]
[6561,-648,76,-8,1]
[14641,2057,257,17,1]
[4096,-768,208,25,13,-3,1]
[1024,480,113,15,1]
[6561,729,8,9,1]
[4096,-512,-64,-13,-4,-2,1]
[2401,49,-52,1,1]
[256,-64,32,8,5,2,2,-1,1]
[4096,-1792,320,-63,20,-7,1]
[4096,0,48,11,3,0,1]
[4096,-768,0,75,0,-3,1]
[729,-243,-54,53,-6,-3,1]
[64,16,24,11,6,1,1]
[4096,-1536,448,-97,28,-6,1]
[14641,1331,28,11,1]
[15625,625,182,5,1]
[2401,-49,61,-1,1]
[64,32,17,4,1]
[512,128,40,17,5,2,1]
[4096,-1280,-80,79,-5,-5,1]
[729,729,423,166,47,9,1]
[4096,768,608,87,38,3,1]
[729,-162,36,-13,4,-2,1]
[256,128,96,60,27,15,6,2,1]
[64,48,20,9,5,3,1]
[4096,2048,688,157,43,8,1]
[4096,1024,64,1,4,4,1]
[4096,1792,720,209,45,7,1]
[729,324,99,43,11,4,1]
[256,-192,32,0,1,0,2,-3,1]
[729,-729,432,-169,48,-9,1]
[14641,-1573,164,-13,1]
[16384,-128,141,-1,1]
[4096,-2560,1056,-291,66,-10,1]
[4096,2816,800,173,50,11,1]
[256,320,224,116,57,29,14,5,1]
[729,-243,-9,14,-1,-3,1]
[4096,-512,0,55,0,-2,1]
[14641,-363,-98,-3,1]
[512,128,64,29,8,2,1]
[4096,1024,64,19,4,4,1]
[15625,-3000,289,-24,1]
[4096,1024,208,47,13,4,1]
[4096,-2304,1088,-289,68,-9,1]
[4096,1024,576,117,36,4,1]
[256,-64,80,-20,11,-5,5,-1,1]
[15625,-250,-182,-2,1]
[4096,1280,496,89,31,5,1]
[4096,-1280,128,11,8,-5,1]
[4096,256,128,-55,8,1,1]
[16384,-896,125,-7,1]
[14641,-2904,336,-24,1]
[4096,192,111,3,1]
[729,-405,117,-25,13,-5,1]
[16384,640,49,5,1]
[4096,-768,320,-113,20,-3,1]
[512,-384,208,-75,26,-6,1]
[4096,2816,944,235,59,11,1]
[4096,-2048,848,-249,53,-8,1]
[16384,896,87,7,1]
[6561,-972,94,-12,1]
[6561,-324,67,-4,1]
[512,0,136,-5,17,0,1]
[4096,-256,48,-109,3,-1,1]
[15625,1000,242,8,1]
[4096,256,80,29,5,1,1]
[729,-486,63,13,7,-6,1]
[256,-256,96,16,-23,4,6,-4,1]
[4096,1024,592,109,37,4,1]
[4096,-256,0,-9,0,-1,1]
[4096,2304,896,265,56,9,1]
[4096,512,384,35,24,2,1]
[14641,1694,170,14,1]
[4096,-2048,912,-255,57,-8,1]
[2401,245,79,5,1]
[256,192,80,64,41,16,5,3,1]
[729,-405,126,-43,14,-5,1]
[6561,567,76,7,1]
[4096,768,272,125,17,3,1]
[4096,-2304,928,-265,58,-9,1]
[256,-64,-48,-4,27,-1,-3,-1,1]
[15625,1875,108,15,1]
[256,-192,208,-116,71,-29,13,-3,1]
[4096,0,-48,-83,-3,0,1]
[512,192,56,15,7,3,1]
[729,243,162,34,18,3,1]
[6561,567,110,7,1]
[4096,256,-32,-47,-2,1,1]
[256,-64,-64,-4,29,-1,-4,-1,1]
[16384,384,153,3,1]
[15625,-250,129,-2,1]
[4096,-768,192,-57,12,-3,1]
[729,243,189,46,21,3,1]
[256,128,32,28,23,7,2,2,1]
[729,486,252,98,28,6,1]
[256,-320,288,-204,113,-51,18,-5,1]
[4096,1792,624,155,39,7,1]
[256,128,112,64,41,16,7,2,1]
[14641,-121,210,-1,1]
[256,256,144,76,45,19,9,4,1]
[512,-320,8,35,1,-5,1]
[4096,-1024,112,19,7,-4,1]
[4096,1280,-32,-81,-2,5,1]
[4096,2560,1040,309,65,10,1]
[256,-128,112,-40,29,-10,7,-2,1]
[4096,-1792,-176,189,-11,-7,1]
[256,192,64,36,29,9,4,3,1]
[16384,-1792,131,-14,1]
[512,64,8,-33,1,1,1]
[4096,-512,-112,17,-7,-2,1]
[6561,-729,80,-9,1]
[14641,1815,179,15,1]
[4096,1024,-32,-47,-2,4,1]
[256,64,112,76,23,19,7,1,1]
[4096,-1024,784,-123,49,-4,1]
[256,0,80,4,19,1,5,0,1]
[256,0,96,-28,23,-7,6,0,1]
[4096,-1536,496,-141,31,-6,1]
[4096,0,0,47,0,0,1]
[16384,-2048,261,-16,1]
[14641,-3025,317,-25,1]
[256,-64,32,-24,7,-6,2,-1,1]
[729,-243,81,-37,9,-3,1]
[256,64,160,24,49,6,10,1,1]
[4096,1536,64,-51,4,6,1]
[4096,-2048,512,-107,32,-8,1]
[256,-64,32,4,-15,1,2,-1,1]
[15625,625,142,5,1]
[4096,-1536,32,83,2,-6,1]
[4096,-256,-32,43,-2,-1,1]
[2401,-49,-76,-1,1]
[15625,3250,383,26,1]
[14641,-484,199,-4,1]
[4096,-1280,400,-127,25,-5,1]
[14641,2783,269,23,1]
[4096,-1280,448,-73,28,-5,1]
[4096,-1024,256,-49,16,-4,1]
[4096,-256,256,-13,16,-1,1]
[512,128,160,33,20,2,1]
[512,0,32,-17,4,0,1]
[14641,0,-114,0,1]
[4096,0,81,0,1]
[16384,640,71,5,1]
[6561,-162,97,-2,1]
[15625,-2625,333,-21,1]
[6561,-1701,227,-21,1]
[14641,484,201,4,1]
[4096,-1280,48,15,3,-5,1]
[256,128,16,24,31,6,1,2,1]
[729,-81,-45,37,-5,-1,1]
[16384,2560,229,20,1]
[256,128,64,36,31,9,4,2,1]
[4096,-1024,352,-41,22,-4,1]
[14641,-3267,381,-27,1]
[16384,-768,-83,-6,1]
[15625,-625,44,-5,1]
[4096,-256,160,-49,10,-1,1]
[15625,-1250,143,-10,1]
[14641,-1573,226,-13,1]
[64,32,-12,-13,-3,2,1]
[4096,256,-144,15,-9,1,1]
[16384,1408,245,11,1]
[1024,96,3,3,1]
[4096,256,-128,27,-8,1,1]
[729,162,-18,4,-2,2,1]
[729,-162,45,-10,5,-2,1]
[4096,256,160,107,10,1,1]
[256,128,96,64,21,16,6,2,1]
[256,64,-48,-20,-1,-5,-3,1,1]
[4096,-384,23,-6,1]
[6561,2187,335,27,1]
[14641,121,-91,1,1]
[4096,1024,544,119,34,4,1]
[625,50,41,2,1]
[4096,768,48,-69,3,3,1]
[4096,768,368,75,23,3,1]
[4096,0,416,-23,26,0,1]
[4096,1024,16,-17,1,4,1]
[15625,-1000,38,-8,1]
[14641,-2057,310,-17,1]
[4096,256,0,-61,0,1,1]
[15625,4250,516,34,1]
[15625,125,174,1,1]
[256,0,80,-16,19,-4,5,0,1]
[4096,768,128,41,8,3,1]
[15625,-375,-114,-3,1]
[4096,2816,1168,349,73,11,1]
[256,-256,192,-112,63,-28,12,-4,1]
[4096,768,192,-11,12,3,1]
[16384,384,49,3,1]
[4096,1024,208,99,13,4,1]
[729,243,144,46,16,3,1]
[14641,1089,144,9,1]
[6561,-324,158,-4,1]
[256,-64,-112,12,33,3,-7,-1,1]
[16384,1920,143,15,1]
[15625,-1500,194,-12,1]
[16384,1024,-57,8,1]
[4096,2304,816,219,51,9,1]
[14641,-363,14,-3,1]
[4096,-256,32,-99,2,-1,1]
[14641,3267,403,27,1]
[256,-192,208,-132,73,-33,13,-3,1]
[4096,-512,352,-43,22,-2,1]
[4096,-1024,192,-7,12,-4,1]
[16384,1920,279,15,1]
[16384,128,-171,1,1]
[4096,512,-16,53,-1,2,1]
[15625,500,89,4,1]
[4096,-256,160,-67,10,-1,1]
[256,-64,-32,24,5,6,-2,-1,1]
[15625,-375,-123,-3,1]
[4096,-512,576,-53,36,-2,1]
[4096,0,-105,0,1]
[625,-50,23,-2,1]
[4096,512,240,109,15,2,1]
[256,-128,96,-60,31,-15,6,-2,1]
[256,0,128,0,47,0,8,0,1]
[729,189,19,7,1]
[256,128,112,40,29,10,7,2,1]
[729,0,-27,34,-3,0,1]
[4096,1792,816,223,51,7,1]
[16384,512,127,4,1]
[729,324,135,35,15,4,1]
[256,-64,64,32,-5,8,4,-1,1]
[512,-128,56,3,7,-2,1]
[4096,768,240,71,15,3,1]
[256,192,128,36,23,9,8,3,1]
[4096,1024,384,63,24,4,1]
[16384,-3584,451,-28,1]
[625,275,79,11,1]
[4096,-256,-48,93,-3,-1,1]
[4096,1280,-224,-175,-14,5,1]
[4096,512,560,69,35,2,1]
[6561,-1863,268,-23,1]
[14641,363,-104,3,1]
[256,-128,80,-24,11,-6,5,-2,1]
[4096,256,160,-7,10,1,1]
[14641,968,195,8,1]
[729,243,-27,-35,-3,3,1]
[4096,-3328,1312,-361,82,-13,1]
[729,81,9,13,1,1,1]
[256,64,64,-32,-1,-8,4,1,1]
[256,-192,112,-72,49,-18,7,-3,1]
[4096,-2304,896,-253,56,-9,1]
[4096,-512,-32,89,-2,-2,1]
[14641,2541,332,21,1]
[2401,-637,85,-13,1]
[512,-192,-8,13,-1,-3,1]
[4096,-512,-240,71,-15,-2,1]
[14641,1331,172,11,1]
[15625,-3500,392,-28,1]
[4096,768,368,59,23,3,1]
[4096,768,-160,-91,-10,3,1]
[512,128,72,19,9,2,1]
[4096,512,544,45,34,2,1]
[15625,2125,269,17,1]
[4096,-256,416,9,26,-1,1]
[4096,256,240,-21,15,1,1]
[4096,-2048,928,-231,58,-8,1]
[4096,-1792,656,-189,41,-7,1]
[256,-128,160,-52,49,-13,10,-2,1]
[4096,-3840,1680,-487,105,-15,1]
[2401,245,19,5,1]
[4096,1280,720,147,45,5,1]
[4096,768,80,-55,5,3,1]
[256,-64,80,-32,33,-8,5,-1,1]
[14641,0,-127,0,1]
[14641,242,-12,2,1]
[14641,1694,201,14,1]
[2401,-147,74,-3,1]
[15625,2625,344,21,1]
[14641,3025,327,25,1]
[729,0,18,-13,2,0,1]
[14641,-726,-64,-6,1]
[4096,768,48,-25,3,3,1]
[4096,-512,176,25,11,-2,1]
[729,486,207,82,23,6,1]
[729,0,27,1,3,0,1]
[14641,242,-179,2,1]
[512,-320,32,17,4,-5,1]
[729,135,59,5,1]
[4096,-256,256,5,16,-1,1]
[256,0,-16,20,3,5,-1,0,1]
[4096,1536,512,125,32,6,1]
[15625,375,-126,3,1]
[14641,484,30,4,1]
[15625,-1500,282,-12,1]
[256,0,0,-20,15,-5,0,0,1]
[256,192,96,4,-3,1,6,3,1]
[14641,1331,137,11,1]
[64,0,24,-3,6,0,1]
[729,162,54,31,6,2,1]
[729,81,-27,-32,-3,1,1]
[4096,-1792,640,-183,40,-7,1]
[15625,-750,94,-6,1]
[4096,-256,128,-47,8,-1,1]
[16384,-1280,201,-10,1]
[4096,-512,480,-69,30,-2,1]
[15625,2125,204,17,1]
[256,192,80,24,7,6,5,3,1]
[15625,1125,239,9,1]
[16384,-384,121,-3,1]
[4096,-2048,608,-139,38,-8,1]
[256,64,16,-4,15,-1,1,1,1]
[256,-128,-48,-8,33,-2,-3,-2,1]
[4096,-256,384,-35,24,-1,1]
[256,64,112,-4,21,-1,7,1,1]
[4096,2304,1040,285,65,9,1]
[4096,-1024,48,59,3,-4,1]
[4096,512,-192,-77,-12,2,1]
[256,-64,-80,0,31,0,-5,-1,1]
[16384,-3456,371,-27,1]
[4096,1024,288,105,18,4,1]
[256,64,128,28,33,7,8,1,1]
[4096,1024,224,85,14,4,1]
[4096,256,-64,-93,-4,1,1]
[256,320,240,124,61,31,15,5,1]
[15625,2125,203,17,1]
[4096,-256,-144,65,-9,-1,1]
[4096,768,160,97,10,3,1]
[4096,512,-16,-43,-1,2,1]
[14641,1694,72,14,1]
[4096,-768,96,-77,6,-3,1]
[4096,-1280,400,-95,25,-5,1]
[256,-320,208,-84,35,-21,13,-5,1]
[4096,768,48,13,3,3,1]
[729,-162,72,-8,8,-2,1]
[15625,3125,347,25,1]
[256,0,-16,24,11,6,-1,0,1]
[4096,0,176,-7,11,0,1]
[256,-48,31,-3,1]
[256,-48,29,-3,1]
[6561,-1458,191,-18,1]
[16384,1024,169,8,1]
[14641,605,13,5,1]
[4096,1536,48,-41,3,6,1]
[14641,847,42,7,1]
[512,192,176,41,22,3,1]
[15625,1750,262,14,1]
[4096,1536,304,35,19,6,1]
[4096,512,-144,-37,-9,2,1]
[4096,-512,-16,-35,-1,-2,1]
[4096,-256,-112,-31,-7,-1,1]
[4096,-2304,384,-29,24,-9,1]
[1024,256,35,8,1]
[4096,-1536,176,21,11,-6,1]
[4096,-2560,800,-199,50,-10,1]
[512,-64,48,-27,6,-1,1]
[4096,1536,-48,-109,-3,6,1]
[256,0,144,-12,45,-3,9,0,1]
[14641,1573,283,13,1]
[512,-64,16,-33,2,-1,1]
[4096,1280,16,-49,1,5,1]
[14641,242,85,2,1]
[4096,-2560,976,-255,61,-10,1]
[64,-32,20,-17,5,-2,1]
[15625,-625,-103,-5,1]
[256,64,-32,-8,9,-2,-2,1,1]
[729,-324,99,-13,11,-4,1]
[4096,-1280,208,-11,13,-5,1]
[256,64,80,44,19,11,5,1,1]
[14641,-2420,323,-20,1]
[4096,512,288,-19,18,2,1]
[4096,1280,128,-39,8,5,1]
[16384,896,85,7,1]
[729,-162,18,-28,2,-2,1]
[4096,768,128,-33,8,3,1]
[14641,1815,225,15,1]
[4096,-1792,624,-181,39,-7,1]
[4096,512,144,17,9,2,1]
[4096,-1280,384,-105,24,-5,1]
[256,-64,-16,16,9,4,-1,-1,1]
[6561,-1134,209,-14,1]
[729,-243,144,-53,16,-3,1]
[256,192,96,28,7,7,6,3,1]
[4096,1536,688,155,43,6,1]
[4096,1024,-96,-61,-6,4,1]
[256,0,0,12,-3,3,0,0,1]
[4096,256,144,-9,9,1,1]
[729,81,0,-31,0,1,1]
[15625,1750,117,14,1]
[16384,1536,119,12,1]
[256,-320,272,-188,109,-47,17,-5,1]
[4096,-768,528,-103,33,-3,1]
[14641,2541,344,21,1]
[14641,726,39,6,1]
[15625,125,9,1,1]
[256,-64,16,24,-21,6,1,-1,1]
[15625,-750,-82,-6,1]
[4096,768,400,39,25,3,1]
[2401,-245,43,-5,1]
[15625,-750,81,-6,1]
[4096,-2560,960,-273,60,-10,1]
[16384,-1792,105,-14,1]
[4096,768,464,103,29,3,1]
[729,-567,207,-59,23,-7,1]
[16384,1024,109,8,1]
[256,-64,96,20,11,5,6,-1,1]
[15625,375,204,3,1]
[2401,490,73,10,1]
[256,0,-48,8,15,2,-3,0,1]
[14641,1210,85,10,1]
[15625,750,129,6,1]
[729,-189,29,-7,1]
[4096,-256,464,-53,29,-1,1]
[4096,2048,592,123,37,8,1]
[6561,-1296,167,-16,1]
[256,256,80,-24,-25,-6,5,4,1]
[14641,242,-86,2,1]
[2401,637,89,13,1]
[4096,-768,128,-73,8,-3,1]
[4096,-1792,688,-201,43,-7,1]
[729,405,72,1,8,5,1]
[14641,968,51,8,1]
[729,-567,369,-134,41,-7,1]
[14641,-3267,367,-27,1]
[15625,-1000,78,-8,1]
[14641,-1815,163,-15,1]
[6561,1539,224,19,1]
[4096,-3328,1344,-379,84,-13,1]
[15625,-125,-86,-1,1]
[256,0,32,28,13,7,2,0,1]
[4096,-1280,-224,153,-14,-5,1]
[4096,1792,160,-37,10,7,1]
[256,-64,80,-28,15,-7,5,-1,1]
[4096,512,-176,-101,-11,2,1]
[4096,-256,304,-19,19,-1,1]
[14641,121,-39,1,1]
[15625,-2875,293,-23,1]
[15625,-750,226,-6,1]
[15625,1750,129,14,1]
[15625,3125,349,25,1]
[4096,0,32,47,2,0,1]
[256,128,80,36,29,9,5,2,1]
[16384,-1408,159,-11,1]
[15625,-125,232,-1,1]
[1024,-64,51,-2,1]
[4096,-768,416,-69,26,-3,1]
[14641,-1815,219,-15,1]
[512,0,-24,25,-3,0,1]
[2401,-245,59,-5,1]
[16384,3072,309,24,1]
[4096,-1280,-16,57,-1,-5,1]
[4096,-1024,352,-29,22,-4,1]
[4096,-1792,576,-159,36,-7,1]
[256,192,96,28,15,7,6,3,1]
[4096,-768,144,21,9,-3,1]
[4096,1280,816,155,51,5,1]
[4096,1280,160,9,10,5,1]
[256,64,64,-24,-5,-6,4,1,1]
[4096,512,192,-13,12,2,1]
[4096,-1792,704,-211,44,-7,1]
[6561,972,71,12,1]
[16384,384,57,3,1]
[6561,1458,227,18,1]
[6561,324,152,4,1]
[729,81,45,-11,5,1,1]
[4096,-1536,-192,169,-12,-6,1]
[256,256,128,36,13,9,8,4,1]
[4096,1536,224,-5,14,6,1]
[4096,-256,-80,-47,-5,-1,1]
[4096,0,-80,1,-5,0,1]
[256,-192,48,16,-19,4,3,-3,1]
[4096,2048,944,249,59,8,1]
[256,-64,-16,12,-3,3,-1,-1,1]
[16384,-384,85,-3,1]
[16384,-640,211,-5,1]
[15625,-125,-208,-1,1]
[4096,512,96,-11,6,2,1]
[4096,-768,416,-35,26,-3,1]
[512,128,48,47,6,2,1]
[4096,-512,624,-47,39,-2,1]
[4096,1024,160,23,10,4,1]
[512,-192,32,5,4,-3,1]
[15625,625,171,5,1]
[4096,-1792,816,-215,51,-7,1]
[256,-128,80,-16,17,-4,5,-2,1]
[729,-486,153,-34,17,-6,1]
[256,0,64,8,23,2,4,0,1]
[256,-256,96,8,-23,2,6,-4,1]
[4096,3328,1488,443,93,13,1]
[256,-64,192,-28,63,-7,12,-1,1]
[512,384,168,55,21,6,1]
[512,-320,176,-67,22,-5,1]
[14641,2178,301,18,1]
[15625,875,208,7,1]
[16384,-256,-177,-2,1]
[4096,1536,752,157,47,6,1]
[4096,384,91,6,1]
[256,192,160,76,43,19,10,3,1]
[15625,125,6,1,1]
[15625,-1125,86,-9,1]
[6561,405,98,5,1]
[2401,1078,212,22,1]
[4096,256,528,17,33,1,1]
[16384,-1664,269,-13,1]
[14641,-605,-71,-5,1]
[256,-128,16,-12,19,-3,1,-2,1]
[729,0,99,17,11,0,1]
[14641,-1815,94,-15,1]
[14641,-242,206,-2,1]
[729,81,63,31,7,1,1]
[16384,256,229,2,1]
[4096,-512,384,-3,24,-2,1]
[4096,-2560,1056,-301,66,-10,1]
[16384,256,-21,2,1]
[256,64,48,20,-3,5,3,1,1]
[256,-256,144,-36,11,-9,9,-4,1]
[14641,847,151,7,1]
[256,128,32,12,3,3,2,2,1]
[4096,-128,-3,-2,1]
[256,-64,128,-8,29,-2,8,-1,1]
[4096,-512,48,-45,3,-2,1]
[4096,-256,48,35,3,-1,1]
[4096,-256,720,-31,45,-1,1]
[14641,-968,9,-8,1]
[729,-162,72,-17,8,-2,1]
[16384,-512,41,-4,1]
[4096,-832,97,-13,1]
[4096,-1536,352,-69,22,-6,1]
[15625,-375,76,-3,1]
[729,405,117,19,13,5,1]
[4096,-512,224,-47,14,-2,1]
[256,-192,16,4,5,1,1,-3,1]
[512,320,152,49,19,5,1]
[256,64,64,-28,3,-7,4,1,1]
[4096,256,112,-33,7,1,1]
[14641,-484,28,-4,1]
[256,-128,112,-24,21,-6,7,-2,1]
[15625,4125,509,33,1]
[4096,-768,368,-77,23,-3,1]
[256,192,96,20,11,5,6,3,1]
[256,64,32,28,13,7,2,1,1]
[4096,-1792,112,49,7,-7,1]
[4096,2048,784,187,49,8,1]
[256,64,-32,8,19,2,-2,1,1]
[16,-4,-3,-1,1]
[256,-64,-16,8,15,2,-1,-1,1]
[16384,2176,193,17,1]
[4096,-512,-176,27,-11,-2,1]
[6561,-972,149,-12,1]
[14641,847,79,7,1]
[15625,-1375,194,-11,1]
[14641,-484,98,-4,1]
[14641,968,191,8,1]
[4096,1024,-16,-19,-1,4,1]
[256,-256,144,-100,65,-25,9,-4,1]
[4096,-1792,832,-219,52,-7,1]
[4096,512,31,8,1]
[4096,-1792,704,-217,44,-7,1]
[14641,-726,199,-6,1]
[729,0,0,7,0,0,1]
[4096,-2048,656,-155,41,-8,1]
[512,192,-32,-35,-4,3,1]
[4096,-256,288,-73,18,-1,1]
[6561,-648,97,-8,1]
[6561,-405,127,-5,1]
[4096,1792,720,199,45,7,1]
[4096,-256,96,-21,6,-1,1]
[4096,256,384,-1,24,1,1]
[4096,0,-32,77,-2,0,1]
[64,-32,11,-4,1]
[6561,-162,-121,-2,1]
[4096,-2048,480,-87,30,-8,1]
[15625,375,48,3,1]
[4096,512,240,5,15,2,1]
[14641,3146,377,26,1]
[4096,0,103,0,1]
[4096,-2304,656,-165,41,-9,1]
[4096,-512,77,-8,1]
[14641,363,-47,3,1]
[256,384,352,248,141,62,22,6,1]
[16384,-1024,235,-8,1]
[14641,1815,260,15,1]
[729,324,171,49,19,4,1]
[256,-64,-48,0,17,0,-3,-1,1]
[256,0,16,-20,-19,-5,1,0,1]
[4096,-768,256,-1,16,-3,1]
[14641,0,67,0,1]
[64,-48,36,-19,9,-3,1]
[4096,1024,288,9,18,4,1]
[4096,3072,1440,429,90,12,1]
[2401,-343,65,-7,1]
[4096,-512,528,-75,33,-2,1]
[14641,1694,116,14,1]
[14641,-605,-40,-5,1]
[729,81,54,31,6,1,1]
[729,405,144,59,16,5,1]
[729,-54,11,-2,1]
[4096,-1792,160,29,10,-7,1]
[4096,1792,560,157,35,7,1]
[6561,243,28,3,1]
[4096,256,224,-23,14,1,1]
[4096,-1024,464,-123,29,-4,1]
[6561,2349,370,29,1]
[15625,-1000,-51,-8,1]
[16384,1280,11,10,1]
[1024,64,-17,2,1]
[16384,-1920,147,-15,1]
[4096,-1024,-144,123,-9,-4,1]
[729,162,171,34,19,2,1]
[729,-81,9,-23,1,-1,1]
[256,128,64,32,21,8,4,2,1]
[4096,-1024,448,-85,28,-4,1]
[256,-256,192,-124,61,-31,12,-4,1]
[16384,-768,53,-6,1]
[4096,-512,240,-25,15,-2,1]
[256,256,192,116,63,29,12,4,1]
[4096,256,48,-99,3,1,1]
[256,64,16,4,17,1,1,1,1]
[4096,-512,160,-91,10,-2,1]
[729,162,63,-5,7,2,1]
[256,64,176,32,59,8,11,1,1]
[16384,-896,149,-7,1]
[729,-81,18,35,2,-1,1]
[15625,1750,101,14,1]
[4096,512,144,111,9,2,1]
[14641,-1089,122,-9,1]
[16384,-3072,365,-24,1]
[2401,686,134,14,1]
[15625,-4250,517,-34,1]
[6561,-162,104,-2,1]
[4096,512,640,65,40,2,1]
[4096,-256,368,-63,23,-1,1]
[512,-320,120,-47,15,-5,1]
[256,64,-64,-4,17,-1,-4,1,1]
[4096,2048,624,167,39,8,1]
[16384,3584,417,28,1]
[15625,-3750,453,-30,1]
[729,243,18,7,2,3,1]
[512,-128,136,-19,17,-2,1]
[256,128,-64,-24,11,-6,-4,2,1]
[6561,162,56,2,1]
[14641,-847,169,-7,1]
[16384,2048,171,16,1]
[512,-448,192,-69,24,-7,1]
[14641,605,35,5,1]
[4096,-768,496,-43,31,-3,1]
[64,-64,28,-9,7,-4,1]
[2401,588,75,12,1]
[15625,1250,252,10,1]
[4096,-1792,576,-157,36,-7,1]
[4096,0,-16,-23,-1,0,1]
[625,100,48,4,1]
[14641,-605,5,-5,1]
[729,243,68,9,1]
[15625,-1250,166,-10,1]
[4096,0,-176,-23,-11,0,1]
[729,-81,162,-5,18,-1,1]
[256,64,112,-4,23,-1,7,1,1]
[15625,3125,366,25,1]
[14641,484,63,4,1]
[4096,1536,736,171,46,6,1]
[4096,256,-16,-3,-1,1,1]
[4096,-512,208,-29,13,-2,1]
[4096,1344,229,21,1]
[256,-192,80,0,-15,0,5,-3,1]
[4096,512,208,-27,13,2,1]
[81,-17,1]
[512,-64,40,-35,5,-1,1]
[512,-192,152,-33,19,-3,1]
[4096,512,103,8,1]
[4096,2560,1056,327,66,10,1]
[256,128,32,16,21,4,2,2,1]
[4096,1024,-128,-133,-8,4,1]
[512,-128,48,11,6,-2,1]
[256,256,192,80,41,20,12,4,1]
[256,-128,112,-80,37,-20,7,-2,1]
[14641,121,-100,1,1]
[6561,1458,203,18,1]
[4096,512,176,5,11,2,1]
[15625,0,63,0,1]
[14641,1331,130,11,1]
[256,-384,208,-16,-23,-4,13,-6,1]
[256,384,384,280,157,70,24,6,1]
[4096,-1024,-80,99,-5,-4,1]
[729,-405,135,-52,15,-5,1]
[14641,-1331,245,-11,1]
[14641,1936,217,16,1]
[16384,1664,189,13,1]
[4096,-256,32,55,2,-1,1]
[4096,-1792,480,-133,30,-7,1]
[729,-648,315,-115,35,-8,1]
[4096,0,83,0,1]
[256,0,-32,0,29,0,-2,0,1]
[14641,-1210,10,-10,1]
[1024,32,-37,1,1]
[4096,-512,-48,43,-3,-2,1]
[15625,-375,208,-3,1]
[15625,-625,-124,-5,1]
[4096,3328,1280,347,80,13,1]
[15625,-750,192,-6,1]
[16384,-640,257,-5,1]
[512,128,56,23,7,2,1]
[4096,512,224,47,14,2,1]
[512,0,96,-1,12,0,1]
[729,405,0,-37,0,5,1]
[16384,384,101,3,1]
[15625,500,213,4,1]
[4096,0,-128,13,-8,0,1]
[6561,1458,208,18,1]
[4096,1536,576,141,36,6,1]
[512,-64,-32,19,-4,-1,1]
[4096,1280,272,99,17,5,1]
[14641,484,25,4,1]
[4096,-1536,832,-187,52,-6,1]
[4096,-1280,256,-53,16,-5,1]
[4096,-1024,464,-117,29,-4,1]
[256,-384,240,-52,1,-13,15,-6,1]
[15625,1125,101,9,1]
[729,81,99,32,11,1,1]
[4096,-2560,800,-189,50,-10,1]
[4096,256,144,-29,9,1,1]
[16384,256,-187,2,1]
[256,128,128,52,43,13,8,2,1]
[729,324,0,-23,0,4,1]
[16384,1024,-37,8,1]
[4096,256,304,-3,19,1,1]
[4096,256,224,-3,14,1,1]
[15625,-250,166,-2,1]
[4096,2048,672,175,42,8,1]
[15625,1125,249,9,1]
[256,128,112,76,25,19,7,2,1]
[256,128,-80,-32,11,-8,-5,2,1]
[15625,-2000,202,-16,1]
[14641,0,101,0,1]
[4096,1792,272,11,17,7,1]
[16384,-1792,169,-14,1]
[256,-128,144,-64,47,-16,9,-2,1]
[4096,256,64,115,4,1,1]
[4096,512,480,55,30,2,1]
[4096,-2560,1056,-295,66,-10,1]
[4096,-2048,768,-199,48,-8,1]
[256,384,208,12,-27,3,13,6,1]
[4096,-1280,320,-95,20,-5,1]
[4096,-2048,144,65,9,-8,1]
[125,12,1]
[729,-486,243,-94,27,-6,1]
[14641,3509,403,29,1]
[15625,1000,-66,8,1]
[4096,-1536,96,43,6,-6,1]
[729,-162,135,-23,15,-2,1]
[4096,1280,256,19,16,5,1]
[4096,-768,384,-27,24,-3,1]
[256,-128,64,-36,17,-9,4,-2,1]
[256,-256,192,-112,65,-28,12,-4,1]
[729,81,9,-14,1,1,1]
[16384,384,-123,3,1]
[256,-64,16,-16,23,-4,1,-1,1]
[15625,125,-222,1,1]
[15625,250,-127,2,1]
[4096,2560,912,233,57,10,1]
[2401,147,32,3,1]
[4096,-768,128,23,8,-3,1]
[4096,-256,192,-5,12,-1,1]
[4096,-3840,1824,-555,114,-15,1]
[256,-64,64,-20,29,-5,4,-1,1]
[4096,-1280,784,-151,49,-5,1]
[4096,-1792,640,-223,40,-7,1]
[729,-486,207,-61,23,-6,1]
[6561,1053,127,13,1]
[4096,704,81,11,1]
[15625,-625,202,-5,1]
[729,459,124,17,1]
[4096,-1024,288,-143,18,-4,1]
[4096,-1088,147,-17,1]
[4096,-512,192,45,12,-2,1]
[4096,-2048,832,-247,52,-8,1]
[256,128,48,0,9,0,3,2,1]
[256,128,0,28,29,7,0,2,1]
[729,-567,333,-121,37,-7,1]
[512,256,160,61,20,4,1]
[256,-192,80,-28,15,-7,5,-3,1]
[4096,-768,544,-105,34,-3,1]
[4096,320,125,5,1]
[2401,147,-5,3,1]
[4096,768,208,101,13,3,1]
[256,64,16,20,31,5,1,1,1]
[4096,-512,192,29,12,-2,1]
[256,192,96,68,43,17,6,3,1]
[15625,375,11,3,1]
[729,324,99,38,11,4,1]
[512,256,168,47,21,4,1]
[6561,243,121,3,1]
[729,-243,-36,38,-4,-3,1]
[4096,256,48,-55,3,1,1]
[256,64,160,32,55,8,10,1,1]
[6561,-81,-92,-1,1]
[729,-162,153,-20,17,-2,1]
[15625,3750,462,30,1]
[4096,-1792,752,-211,47,-7,1]
[6561,-243,61,-3,1]
[4096,-3328,1552,-463,97,-13,1]
[512,0,16,-13,2,0,1]
[256,-64,112,-20,39,-5,7,-1,1]
[4096,1024,-224,-121,-14,4,1]
[4096,256,-48,-5,-3,1,1]
[14641,-3993,488,-33,1]
[14641,-363,32,-3,1]
[4096,0,192,47,12,0,1]
[14641,121,-12,1,1]
[4096,0,448,19,28,0,1]
[256,64,-32,4,25,1,-2,1,1]
[16384,-128,121,-1,1]
[14641,-1089,96,-9,1]
[4096,1792,880,219,55,7,1]
[6561,-243,-23,-3,1]
[4096,768,-176,-109,-11,3,1]
[512,320,224,79,28,5,1]
[15625,-3375,427,-27,1]
[2401,98,-13,2,1]
[512,-384,208,-77,26,-6,1]
[2401,0,-86,0,1]
[4096,1024,480,119,30,4,1]
[14641,-2904,368,-24,1]
[2401,49,79,1,1]
[15625,-875,79,-7,1]
[512,0,32,-11,4,0,1]
[4096,1024,304,143,19,4,1]
[15625,375,214,3,1]
[729,81,117,16,13,1,1]
[15625,2000,207,16,1]
[4096,-256,-176,65,-11,-1,1]
[729,81,36,-1,4,1,1]
[4096,-768,400,-65,25,-3,1]
[16384,-1920,165,-15,1]
[4096,1536,176,15,11,6,1]
[625,-125,47,-5,1]
[4096,64,-89,1,1]
[256,64,32,-28,-9,-7,2,1,1]
[15625,-375,33,-3,1]
[4096,1280,304,17,19,5,1]
[15625,-375,38,-3,1]
[4096,-1792,304,-55,19,-7,1]
[256,128,128,60,43,15,8,2,1]
[4096,0,0,85,0,0,1]
[256,-64,64,-40,5,-10,4,-1,1]
[256,-320,176,-68,31,-17,11,-5,1]
[4096,-512,496,-77,31,-2,1]
[729,-162,-9,23,-1,-2,1]
[4096,-1280,256,-47,16,-5,1]
[16384,2048,265,16,1]
[4096,-256,400,-59,25,-1,1]
[4096,-256,-64,39,-4,-1,1]
[256,-128,48,-16,21,-4,3,-2,1]
[4096,1024,304,53,19,4,1]
[4096,2304,608,125,38,9,1]
[81,-54,20,-6,1]
[4096,-2304,880,-225,55,-9,1]
[256,64,-32,-8,-7,-2,-2,1,1]
[16384,-2560,317,-20,1]
[512,-64,-40,15,-5,-1,1]
[729,-243,-54,41,-6,-3,1]
[256,-256,224,-140,75,-35,14,-4,1]
[14641,484,128,4,1]
[4096,-768,512,-71,32,-3,1]
[4096,-512,-48,97,-3,-2,1]
[256,0,-32,16,7,4,-2,0,1]
[4096,-256,-160,3,-10,-1,1]
[729,-405,243,-80,27,-5,1]
[4096,-1536,816,-187,51,-6,1]
[625,-200,48,-8,1]
[4096,1024,320,37,20,4,1]
[4096,1280,144,17,9,5,1]
[14641,1210,109,10,1]
[4096,-320,13,-5,1]
[15625,-3125,367,-25,1]
[14641,3267,388,27,1]
[4096,-512,96,-91,6,-2,1]
[4096,1024,0,-33,0,4,1]
[4096,-1536,496,-111,31,-6,1]
[4096,896,105,14,1]
[4096,-2304,640,-159,40,-9,1]
[14641,-1089,163,-9,1]
[4096,-768,272,11,17,-3,1]
[625,225,52,9,1]
[14641,1210,50,10,1]
[4096,1280,640,153,40,5,1]
[4096,512,-32,-9,-2,2,1]
[512,256,128,53,16,4,1]
[15625,3000,337,24,1]
[4096,1792,800,195,50,7,1]
[625,-50,3,-2,1]
[256,128,32,-8,-11,-2,2,2,1]
[4096,1664,295,26,1]
[256,64,64,44,15,11,4,1,1]
[4096,-512,416,-63,26,-2,1]
[729,0,126,-13,14,0,1]
[729,0,126,-14,14,0,1]
[256,-256,256,-156,91,-39,16,-4,1]
[16384,3072,327,24,1]
[4096,1024,64,-39,4,4,1]
[729,-810,486,-194,54,-10,1]
[4096,-768,-144,131,-9,-3,1]
[256,64,112,12,27,3,7,1,1]
[4096,0,288,27,18,0,1]
[256,0,32,-32,-15,-8,2,0,1]
[729,405,117,32,13,5,1]
[15625,2000,139,16,1]
[4096,-1792,144,29,9,-7,1]
[4096,256,48,-15,3,1,1]
[256,0,16,4,-23,1,1,0,1]
[14641,2178,180,18,1]
[15625,125,-6,1,1]
[4096,2048,656,169,41,8,1]
[14641,-847,235,-7,1]
[4096,1536,352,71,22,6,1]
[4096,-256,-96,91,-6,-1,1]
[4096,1024,48,-41,3,4,1]
[14641,-2299,285,-19,1]
[4096,1536,240,41,15,6,1]
[14641,-1331,135,-11,1]
[256,-64,96,-52,25,-13,6,-1,1]
[729,-324,9,32,1,-4,1]
[512,-256,48,-5,6,-4,1]
[4096,-1024,-80,63,-5,-4,1]
[4096,2560,880,233,55,10,1]
[4096,1792,576,145,36,7,1]
[625,125,52,5,1]
[16384,-3840,457,-30,1]
[256,192,128,52,33,13,8,3,1]
[512,0,32,17,4,0,1]
[512,256,120,61,15,4,1]
[256,-64,-32,4,21,1,-2,-1,1]
[2401,49,-45,1,1]
[4096,3072,1264,367,79,12,1]
[14641,2178,207,18,1]
[256,0,32,0,-5,0,2,0,1]
[4096,2560,752,177,47,10,1]
[4096,-1280,624,-155,39,-5,1]
[14641,363,160,3,1]
[4096,-768,416,-55,26,-3,1]
[256,64,-16,28,21,7,-1,1,1]
[16384,768,1,6,1]
[256,-128,16,36,-33,9,1,-2,1]
[4096,-1792,624,-211,39,-7,1]
[4096,-1280,-96,99,-6,-5,1]
[4096,1280,96,-33,6,5,1]
[4096,-1792,224,-1,14,-7,1]
[4096,0,-176,-31,-11,0,1]
[4096,-1024,512,-103,32,-4,1]
[14641,4719,617,39,1]
[4096,-1536,608,-153,38,-6,1]
[4096,-256,-144,15,-9,-1,1]
[14641,242,217,2,1]
[4096,256,304,37,19,1,1]
[512,512,224,73,28,8,1]
[16384,-1152,3,-9,1]
[256,-64,112,-4,27,-1,7,-1,1]
[4096,-512,0,5,0,-2,1]
[6561,-648,40,-8,1]
[256,-128,32,20,-17,5,2,-2,1]
[729,972,630,256,70,12,1]
[4096,-768,576,-89,36,-3,1]
[4096,256,192,-35,12,1,1]
[625,-25,17,-1,1]
[256,-192,176,-100,59,-25,11,-3,1]
[4096,2304,976,273,61,9,1]
[4096,3072,1296,381,81,12,1]
[15625,-1625,73,-13,1]
[512,-320,168,-61,21,-5,1]
[729,162,99,28,11,2,1]
[256,0,96,-16,17,-4,6,0,1]
[729,-405,153,-59,17,-5,1]
[4096,0,0,81,0,0,1]
[625,275,71,11,1]
[256,192,64,-24,-29,-6,4,3,1]
[14641,-1936,268,-16,1]
[14641,-1210,243,-10,1]
[4096,-1280,80,35,5,-5,1]
[4096,-2048,768,-215,48,-8,1]
[14641,-2783,340,-23,1]
[14641,-242,-196,-2,1]
[15625,-2750,359,-22,1]
[729,81,72,40,8,1,1]
[256,192,96,8,1,2,6,3,1]
[256,128,80,24,17,6,5,2,1]
[6561,405,-37,5,1]
[2401,-833,151,-17,1]
[2401,882,169,18,1]
[4096,256,192,-7,12,1,1]
[6561,486,76,6,1]
[49,-3,1]
[256,64,32,12,-3,3,2,1,1]
[729,81,63,-8,7,1,1]
[729,-81,27,-7,3,-1,1]
[14641,-242,-81,-2,1]
[4096,-2048,752,-225,47,-8,1]
[4096,-1024,352,-123,22,-4,1]
[256,256,112,40,17,10,7,4,1]
[256,64,80,36,19,9,5,1,1]
[729,162,117,41,13,2,1]
[4096,-320,19,-5,1]
[729,405,135,34,15,5,1]
[6561,162,-59,2,1]
[256,128,128,68,39,17,8,2,1]
[729,-162,38,-6,1]
[256,-256,80,52,-51,13,5,-4,1]
[15625,-1375,147,-11,1]
[4096,-2560,1120,-319,70,-10,1]
[256,-64,160,-56,49,-14,10,-1,1]
[4096,-1536,848,-183,53,-6,1]
[4096,-3072,1168,-321,73,-12,1]
[2401,-343,59,-7,1]
[4096,1024,16,-79,1,4,1]
[4096,1536,336,53,21,6,1]
[2401,196,19,4,1]
[4096,1536,269,24,1]
[256,-64,80,-16,13,-4,5,-1,1]
[6561,-162,26,-2,1]
[2401,588,89,12,1]
[256,128,64,48,25,12,4,2,1]
[4096,2048,624,183,39,8,1]
[6561,-972,184,-12,1]
[4096,512,224,23,14,2,1]
[4096,-1280,672,-137,42,-5,1]
[15625,-4625,578,-37,1]
[729,0,9,-31,1,0,1]
[15625,-1625,252,-13,1]
[729,0,-9,40,-1,0,1]
[729,81,10,3,1]
[15625,1000,-67,8,1]
[512,192,144,39,18,3,1]
[4096,-1280,304,-107,19,-5,1]
[256,192,48,52,49,13,3,3,1]
[4096,-64,65,-1,1]
[256,192,64,8,-5,2,4,3,1]
[4096,-256,176,-5,11,-1,1]
[15625,-375,213,-3,1]
[15625,375,73,3,1]
[256,320,192,84,39,21,12,5,1]
[14641,3388,432,28,1]
[256,-192,64,16,-15,4,4,-3,1]
[4096,0,352,27,22,0,1]
[16384,-1280,141,-10,1]
[6561,-1620,224,-20,1]
[16384,1152,163,9,1]
[4096,256,-96,-65,-6,1,1]
[729,-162,135,-32,15,-2,1]
[4096,-2560,816,-205,51,-10,1]
[4096,0,64,65,4,0,1]
[4096,1536,240,21,15,6,1]
[4096,1024,432,63,27,4,1]
[256,-128,64,-52,27,-13,4,-2,1]
[256,-192,160,-76,51,-19,10,-3,1]
[4096,-512,176,31,11,-2,1]
[256,64,48,16,17,4,3,1,1]
[15625,-875,-12,-7,1]
[256,-128,80,-32,17,-8,5,-2,1]
[14641,-242,-120,-2,1]
[4096,512,32,75,2,2,1]
[6561,-486,161,-6,1]
[6561,-2106,310,-26,1]
[256,0,80,52,7,13,5,0,1]
[4096,1536,80,-39,5,6,1]
[4096,-1536,352,-41,22,-6,1]
[14641,-363,4,-3,1]
[729,-405,63,-5,7,-5,1]
[4096,-512,16,-61,1,-2,1]
[512,-320,64,-5,8,-5,1]
[256,0,80,48,7,12,5,0,1]
[4096,-256,544,-21,34,-1,1]
[512,192,88,29,11,3,1]
[729,-810,495,-203,55,-10,1]
[256,256,208,116,63,29,13,4,1]
[729,-243,63,-23,7,-3,1]
[14641,-2057,194,-17,1]
[14641,2178,276,18,1]
[4096,512,320,13,20,2,1]
[256,64,32,-12,-13,-3,2,1,1]
[4096,256,416,-9,26,1,1]
[256,64,48,-8,15,-2,3,1,1]
[15625,500,106,4,1]
[4096,2304,656,153,41,9,1]
[14641,-121,-168,-1,1]
[625,125,23,5,1]
[16384,2688,257,21,1]
[4096,256,-48,-103,-3,1,1]
[14641,2541,300,21,1]
[4096,1536,560,189,35,6,1]
[512,448,184,63,23,7,1]
[2401,-490,101,-10,1]
[4096,-1536,-128,141,-8,-6,1]
[4096,1280,320,97,20,5,1]
[4096,768,-144,-61,-9,3,1]
[14641,1694,120,14,1]
[4096,-2048,768,-183,48,-8,1]
[4096,-1536,528,-95,33,-6,1]
[4096,-128,-41,-2,1]
[512,192,-48,-51,-6,3,1]
[256,256,96,-28,-35,-7,6,4,1]
[4096,-768,240,-19,15,-3,1]
[729,486,54,-19,6,6,1]
[256,64,96,52,25,13,6,1,1]
[729,0,0,47,0,0,1]
[4096,-192,19,-3,1]
[16384,3712,437,29,1]
[4096,-2816,1184,-351,74,-11,1]
[729,648,306,110,34,8,1]
[15625,-1500,47,-12,1]
[6561,1134,145,14,1]
[16384,1280,107,10,1]
[16384,-1024,165,-8,1]
[4096,-256,336,-73,21,-1,1]
[4096,2048,80,-89,5,8,1]
[4096,256,416,1,26,1,1]
[6561,243,-46,3,1]
[2401,-196,27,-4,1]
[16384,640,123,5,1]
[256,448,480,364,209,91,30,7,1]
[2401,-343,45,-7,1]
[4096,-1536,208,-31,13,-6,1]
[4096,-512,176,-119,11,-2,1]
[256,-192,96,-28,15,-7,6,-3,1]
[256,0,16,-16,17,-4,1,0,1]
[729,162,162,34,18,2,1]
[4096,512,32,3,2,2,1]
[4096,-2560,1008,-285,63,-10,1]
[729,0,117,11,13,0,1]
[729,162,-27,-52,-3,2,1]
[14641,-3751,457,-31,1]
[4096,0,-96,43,-6,0,1]
[6561,1296,166,16,1]
[4096,-1024,352,-91,22,-4,1]
[4096,-512,192,5,12,-2,1]
[729,0,63,-31,7,0,1]
[256,0,-32,-4,23,-1,-2,0,1]
[14641,4235,545,35,1]
[4096,1024,192,-1,12,4,1]
[4096,-768,336,-123,21,-3,1]
[729,-243,117,-56,13,-3,1]
[14641,-968,97,-8,1]
[14641,484,102,4,1]
[4096,-1280,368,-117,23,-5,1]
[512,256,-40,-53,-5,4,1]
[4096,2816,944,243,59,11,1]
[16384,128,35,1,1]
[15625,-2500,216,-20,1]
[14641,-968,-63,-8,1]
[4096,-1536,400,-71,25,-6,1]
[512,64,56,37,7,1,1]
[4096,2304,784,201,49,9,1]
[15625,-750,71,-6,1]
[4096,256,80,75,5,1,1]
[4096,1792,720,195,45,7,1]
[256,-192,160,-72,39,-18,10,-3,1]
[64,0,0,9,0,0,1]
[15625,250,-123,2,1]
[14641,242,-181,2,1]
[729,-243,99,-34,11,-3,1]
[4096,256,144,-13,9,1,1]
[15625,500,-81,4,1]
[15625,2875,336,23,1]
[15625,2250,223,18,1]
[14641,-1573,225,-13,1]
[4096,-1280,400,-147,25,-5,1]
[512,128,56,21,7,2,1]
[15625,2500,238,20,1]
[256,-128,176,-68,59,-17,11,-2,1]
[1024,-128,-1,-4,1]
[15625,1125,32,9,1]
[512,192,40,3,5,3,1]
[6561,810,161,10,1]
[14641,-2662,294,-22,1]
[256,-64,48,-48,15,-12,3,-1,1]
[625,25,-24,1,1]
[256,0,80,-40,11,-10,5,0,1]
[512,64,40,-9,5,1,1]
[729,162,54,32,6,2,1]
[4096,1280,480,73,30,5,1]
[512,448,248,99,31,7,1]
[4096,0,160,47,10,0,1]
[6561,-324,145,-4,1]
[4096,-1536,464,-75,29,-6,1]
[15625,1500,134,12,1]
[2401,196,36,4,1]
[256,128,45,8,1]
[4096,2048,736,205,46,8,1]
[512,-448,240,-99,30,-7,1]
[4096,-1280,192,-27,12,-5,1]
[729,243,-45,-31,-5,3,1]
[15625,-1500,189,-12,1]
[2401,196,48,4,1]
[4096,-1792,144,45,9,-7,1]
[6561,-162,121,-2,1]
[4096,256,224,53,14,1,1]
[15625,-1875,258,-15,1]
[256,-64,16,-8,9,-2,1,-1,1]
[14641,1936,141,16,1]
[14641,847,139,7,1]
[4096,-512,32,65,2,-2,1]
[256,-64,64,-36,3,-9,4,-1,1]
[512,-64,40,-11,5,-1,1]
[729,-243,126,-53,14,-3,1]
[4096,512,-48,-27,-3,2,1]
[6561,2349,367,29,1]
[6561,891,157,11,1]
[4096,-64,9,-1,1]
[4096,0,16,-23,1,0,1]
[729,-378,100,-14,1]
[4096,768,-48,-63,-3,3,1]
[14641,1089,35,9,1]
[729,-81,72,4,8,-1,1]
[729,324,-27,-50,-3,4,1]
[4096,-2816,1136,-313,71,-11,1]
[14641,1210,228,10,1]
[15625,4000,491,32,1]
[6561,-729,68,-9,1]
[4096,-512,96,-101,6,-2,1]
[14641,1936,258,16,1]
[4096,0,176,77,11,0,1]
[14641,1331,39,11,1]
[6561,-1053,169,-13,1]
[15625,4125,493,33,1]
[4096,-256,-48,111,-3,-1,1]
[4096,512,64,19,4,2,1]
[15625,2625,331,21,1]
[16384,-1664,115,-13,1]
[4096,-512,-16,43,-1,-2,1]
[2401,735,134,15,1]
[4096,1536,-64,-123,-4,6,1]
[4096,-512,240,-31,15,-2,1]
[4096,1792,832,209,52,7,1]
[4096,-1024,368,-111,23,-4,1]
[729,81,18,-34,2,1,1]
[14641,-2420,325,-20,1]
[14641,363,236,3,1]
[4096,0,-64,-63,-4,0,1]
[6561,-1458,202,-18,1]
[16384,1152,165,9,1]
[6561,162,11,2,1]
[14641,363,127,3,1]
[4096,768,160,85,10,3,1]
[729,-243,126,-35,14,-3,1]
[256,-320,288,-176,99,-44,18,-5,1]
[4096,-256,16,-99,1,-1,1]
[256,256,96,-12,-21,-3,6,4,1]
[4096,-1280,144,-7,9,-5,1]
[256,0,112,4,31,1,7,0,1]
[256,-64,96,-32,25,-8,6,-1,1]
[256,0,-16,20,9,5,-1,0,1]
[14641,-726,-62,-6,1]
[16384,-1152,177,-9,1]
[4096,-2048,592,-125,37,-8,1]
[15625,-1875,156,-15,1]
[4096,-1024,496,-131,31,-4,1]
[15625,1625,73,13,1]
[729,0,54,-25,6,0,1]
[15625,2500,257,20,1]
[256,-128,48,36,-25,9,3,-2,1]
[729,0,0,-35,0,0,1]
[4096,256,128,47,8,1,1]
[16384,1280,103,10,1]
[729,-243,71,-9,1]
[4096,512,80,-45,5,2,1]
[4096,256,32,107,2,1,1]
[4096,-512,0,73,0,-2,1]
[256,64,-128,-12,37,-3,-8,1,1]
[4096,2304,400,35,25,9,1]
[14641,-242,-103,-2,1]
[256,64,-16,-16,-7,-4,-1,1,1]
[4096,1280,464,121,29,5,1]
[729,405,153,61,17,5,1]
[4096,-1024,208,-19,13,-4,1]
[15625,-625,204,-5,1]
[4096,256,384,65,24,1,1]
[4096,-512,-128,99,-8,-2,1]
[512,-192,-32,29,-4,-3,1]
[14641,484,244,4,1]
[4096,512,-16,-11,-1,2,1]
[256,256,192,112,67,28,12,4,1]
[15625,-375,242,-3,1]
[4096,-1088,183,-17,1]
[15625,125,154,1,1]
[4096,-3328,1440,-427,90,-13,1]
[15625,-375,-47,-3,1]
[512,-320,40,7,5,-5,1]
[4096,-2560,944,-277,59,-10,1]
[4096,256,480,11,30,1,1]
[4096,-256,256,-23,16,-1,1]
[4096,768,160,-29,10,3,1]
[16384,2688,221,21,1]
[256,-64,-48,20,-3,5,-3,-1,1]
[15625,-625,113,-5,1]
[16384,-1152,139,-9,1]
[4096,0,224,-23,14,0,1]
[729,162,18,5,2,2,1]
[14641,-484,-129,-4,1]
[16384,1664,141,13,1]
[729,324,126,52,14,4,1]
[4096,-256,-144,57,-9,-1,1]
[15625,-750,13,-6,1]
[4096,256,688,31,43,1,1]
[14641,-1452,257,-12,1]
[15625,5000,647,40,1]
[256,128,112,32,21,8,7,2,1]
[4096,0,160,29,10,0,1]
[14641,1210,202,10,1]
[4096,768,89,12,1]
[4096,-256,432,1,27,-1,1]
[729,162,81,11,9,2,1]
[4096,-1024,0,47,0,-4,1]
[729,0,27,2,3,0,1]
[4096,-1024,320,-141,20,-4,1]
[512,-512,304,-127,38,-8,1]
[256,128,-16,20,31,5,-1,2,1]
[14641,1089,186,9,1]
[4096,0,80,83,5,0,1]
[4096,-2560,1024,-313,64,-10,1]
[256,128,0,-16,-5,-4,0,2,1]
[729,243,54,14,6,3,1]
[15625,-1375,268,-11,1]
[4096,-2048,592,-123,37,-8,1]
[4096,1280,464,173,29,5,1]
[512,320,80,9,10,5,1]
[14641,121,120,1,1]
[2401,-98,47,-2,1]
[625,-100,47,-4,1]
[4096,768,-48,-11,-3,3,1]
[729,81,63,40,7,1,1]
[14641,-1089,102,-9,1]
[256,-64,80,-48,15,-12,5,-1,1]
[14641,1573,169,13,1]
[729,-486,243,-91,27,-6,1]
[4096,-3840,1888,-581,118,-15,1]
[4096,-512,64,19,4,-2,1]
[729,0,0,14,0,0,1]
[15625,125,87,1,1]
[14641,-2541,255,-21,1]
[14641,1694,140,14,1]
[15625,1750,93,14,1]
[729,405,198,86,22,5,1]
[256,0,-128,8,41,2,-8,0,1]
[256,-192,240,-120,87,-30,15,-3,1]
[2401,-588,116,-12,1]
[4096,-512,16,-17,1,-2,1]
[256,64,16,4,3,1,1,1,1]
[4096,2304,512,83,32,9,1]
[256,128,112,60,35,15,7,2,1]
[6561,-648,55,-8,1]
[2401,245,57,5,1]
[4096,1280,-96,-117,-6,5,1]
[256,128,16,-8,-15,-2,1,2,1]
[14641,1210,-17,10,1]
[256,-128,144,-40,41,-10,9,-2,1]
[4096,1536,576,149,36,6,1]
[729,0,207,1,23,0,1]
[14641,-242,-72,-2,1]
[15625,-125,172,-1,1]
[64,24,15,3,1]
[4096,1024,272,127,17,4,1]
[512,-128,64,3,8,-2,1]
[256,128,64,12,17,3,4,2,1]
[512,320,88,15,11,5,1]
[256,64,128,32,43,8,8,1,1]
[6561,1053,115,13,1]
[729,81,108,16,12,1,1]
[14641,-121,14,-1,1]
[2401,-196,-15,-4,1]
[14641,363,-23,3,1]
[4096,-256,432,-49,27,-1,1]
[14641,242,-6,2,1]
[4096,0,592,1,37,0,1]
[4096,256,176,-23,11,1,1]
[4096,-1536,368,-107,23,-6,1]
[4096,2048,576,137,36,8,1]
[512,0,0,-35,0,0,1]
[4096,1152,199,18,1]
[256,48,31,3,1]
[512,128,80,39,10,2,1]
[4096,1024,96,17,6,4,1]
[4096,-768,-128,91,-8,-3,1]
[16384,-4736,595,-37,1]
[625,0,21,0,1]
[4096,1024,464,101,29,4,1]
[2401,637,134,13,1]
[16384,-1024,69,-8,1]
[4096,512,176,49,11,2,1]
[4096,0,224,53,14,0,1]
[4096,-256,-80,13,-5,-1,1]
[4096,512,416,9,26,2,1]
[729,243,27,5,3,3,1]
[4096,512,208,73,13,2,1]
[729,-243,90,-20,10,-3,1]
[256,-256,192,-100,47,-25,12,-4,1]
[4096,-512,576,-37,36,-2,1]
[4096,-1024,0,29,0,-4,1]
[4096,512,-64,17,-4,2,1]
[4096,1024,208,-9,13,4,1]
[4096,1536,736,161,46,6,1]
[4096,1536,128,-47,8,6,1]
[256,-256,64,64,-59,16,4,-4,1]
[4096,-1280,208,-29,13,-5,1]
[256,0,16,-24,-13,-6,1,0,1]
[256,-192,64,20,-29,5,4,-3,1]
[4096,768,16,37,1,3,1]
[4096,512,208,85,13,2,1]
[4096,768,256,69,16,3,1]
[4096,-2304,800,-221,50,-9,1]
[64,16,4,-3,1,1,1]
[4096,512,80,49,5,2,1]
[729,0,108,-1,12,0,1]
[16384,640,-117,5,1]
[4096,-256,-80,25,-5,-1,1]
[14641,-1089,173,-9,1]
[14641,-1452,73,-12,1]
[729,81,18,-19,2,1,1]
[14641,-363,-45,-3,1]
[15625,-250,26,-2,1]
[256,128,48,-20,-13,-5,3,2,1]
[14641,-1089,51,-9,1]
[256,-256,112,0,-17,0,7,-4,1]
[4096,-1536,496,-139,31,-6,1]
[4096,-2048,480,-103,30,-8,1]
[512,0,152,3,19,0,1]
[4096,-768,304,-57,19,-3,1]
[256,128,80,40,15,10,5,2,1]
[4096,-1536,224,1,14,-6,1]
[16384,1792,81,14,1]
[4096,-1280,96,27,6,-5,1]
[4096,1792,768,207,48,7,1]
[4096,2560,592,103,37,10,1]
[4096,-768,-128,69,-8,-3,1]
[4096,0,192,-61,12,0,1]
[4096,2048,480,79,30,8,1]
[4096,-1024,416,-139,26,-4,1]
[729,-243,99,-8,11,-3,1]
[4096,512,208,97,13,2,1]
[512,-256,160,-43,20,-4,1]
[6561,243,-65,3,1]
[15625,-1500,168,-12,1]
[729,-324,126,-49,14,-4,1]
[256,128,32,4,-3,1,2,2,1]
[4096,-2048,336,-29,21,-8,1]
[4096,512,64,57,4,2,1]
[256,256,144,88,51,22,9,4,1]
[4096,-1280,368,-77,23,-5,1]
[14641,-484,-148,-4,1]
[729,-243,36,-8,4,-3,1]
[4096,1024,176,-19,11,4,1]
[15625,1375,138,11,1]
[4096,1280,288,89,18,5,1]
[256,320,240,168,97,42,15,5,1]
[4096,-2304,944,-271,59,-9,1]
[1024,0,23,0,1]
[256,384,384,272,155,68,24,6,1]
[4096,0,272,-47,17,0,1]
[729,-27,-25,-1,1]
[625,125,12,5,1]
[625,200,41,8,1]
[4096,-2816,1088,-305,68,-11,1]
[256,-128,64,-40,15,-10,4,-2,1]
[14641,-3630,456,-30,1]
[15625,-1125,96,-9,1]
[15625,-1000,173,-8,1]
[256,-128,128,-92,35,-23,8,-2,1]
[16384,512,31,4,1]
[256,-64,112,-40,33,-10,7,-1,1]
[14641,1936,164,16,1]
[256,128,112,60,39,15,7,2,1]
[256,-64,48,-20,-7,-5,3,-1,1]
[4096,-1280,-192,149,-12,-5,1]
[4096,-512,288,-67,18,-2,1]
[4096,1024,-160,-107,-10,4,1]
[14641,-968,100,-8,1]
[256,-192,80,-40,23,-10,5,-3,1]
[4096,1024,320,39,20,4,1]
[4096,512,48,-69,3,2,1]
[16384,-1024,13,-8,1]
[1024,128,-15,4,1]
[16384,2560,351,20,1]
[729,-81,0,4,0,-1,1]
[4096,-1024,240,-19,15,-4,1]
[256,128,112,16,21,4,7,2,1]
[256,128,112,72,25,18,7,2,1]
[2401,98,93,2,1]
[4096,-768,-96,45,-6,-3,1]
[2401,-686,138,-14,1]
[4096,768,320,65,20,3,1]
[729,-243,63,7,7,-3,1]
[729,567,216,68,24,7,1]
[14641,-726,89,-6,1]
[4096,512,-80,-123,-5,2,1]
[256,-64,-48,4,25,1,-3,-1,1]
[4096,0,64,-75,4,0,1]
[4096,-3072,960,-221,60,-12,1]
[4096,256,720,31,45,1,1]
[4096,1024,352,109,22,4,1]
[4096,-1280,592,-153,37,-5,1]
[4096,-1280,352,-33,22,-5,1]
[4096,-1152,179,-18,1]
[729,324,234,68,26,4,1]
[256,256,256,156,95,39,16,4,1]
[256,-128,16,-24,25,-6,1,-2,1]
[512,0,24,-1,3,0,1]
[729,-243,135,-47,15,-3,1]
[4096,-768,368,-47,23,-3,1]
[729,-162,171,-20,19,-2,1]
[512,-128,24,-9,3,-2,1]
[4096,-512,256,31,16,-2,1]
[16384,-1536,57,-12,1]
[512,0,-8,25,-1,0,1]
[4096,-256,192,-67,12,-1,1]
[14641,-3630,424,-30,1]
[4096,-768,-128,75,-8,-3,1]
[4096,-256,65,-4,1]
[4096,1536,544,133,34,6,1]
[256,0,32,16,-5,4,2,0,1]
[256,-128,128,-60,49,-15,8,-2,1]
[6561,648,38,8,1]
[14641,2057,158,17,1]
[4096,1536,368,61,23,6,1]
[256,128,0,-24,-11,-6,0,2,1]
[4096,1792,672,209,42,7,1]
[729,243,72,2,8,3,1]
[2401,-245,90,-5,1]
[15625,1250,168,10,1]
[729,486,135,28,15,6,1]
[729,-324,162,-52,18,-4,1]
[15625,375,2,3,1]
[4096,-768,656,-93,41,-3,1]
[14641,1089,130,9,1]
[15625,-125,-56,-1,1]
[6561,1053,82,13,1]
[14641,4114,512,34,1]
[15625,1125,263,9,1]
[256,-64,96,-4,19,-1,6,-1,1]
[4096,384,109,6,1]
[4096,-2304,864,-245,54,-9,1]
[4096,-256,-96,-25,-6,-1,1]
[4096,768,544,97,34,3,1]
[15625,1500,174,12,1]
[4096,-1792,416,-95,26,-7,1]
[14641,-605,86,-5,1]
[729,162,9,-25,1,2,1]
[14641,-1573,134,-13,1]
[4096,-768,-64,37,-4,-3,1]
[2401,-147,17,-3,1]
[256,-256,224,-128,71,-32,14,-4,1]
[729,-162,45,-40,5,-2,1]
[4096,-512,107,-8,1]
[4096,-3328,1312,-363,82,-13,1]
[4096,1536,448,67,28,6,1]
[729,-243,-18,23,-2,-3,1]
[6561,162,154,2,1]
[256,256,208,136,75,34,13,4,1]
[4096,1216,185,19,1]
[256,256,144,64,29,16,9,4,1]
[4096,0,64,-33,4,0,1]
[4096,-512,272,-69,17,-2,1]
[256,-128,-32,4,19,1,-2,-2,1]
[256,-64,112,-68,25,-17,7,-1,1]
[4096,-1280,560,-159,35,-5,1]
[4096,-1792,640,-175,40,-7,1]
[6561,648,163,8,1]
[14641,121,137,1,1]
[4096,1280,688,147,43,5,1]
[729,-324,72,-1,8,-4,1]
[4096,-768,288,-87,18,-3,1]
[4096,-512,61,-8,1]
[4096,-1792,576,-183,36,-7,1]
[4096,-64,-49,-1,1]
[729,81,90,5,10,1,1]
[15625,1500,52,12,1]
[4096,-2560,896,-231,56,-10,1]
[729,-243,68,-9,1]
[256,64,48,32,13,8,3,1,1]
[512,128,48,-7,6,2,1]
[4096,-3072,1184,-321,74,-12,1]
[4096,-256,160,-69,10,-1,1]
[4096,1280,480,133,30,5,1]
[4096,1280,416,85,26,5,1]
[256,0,144,28,39,7,9,0,1]
[15625,-750,-52,-6,1]
[729,-243,-27,50,-3,-3,1]
[4096,256,-96,17,-6,1,1]
[256,-128,48,-52,31,-13,3,-2,1]
[729,-243,9,13,1,-3,1]
[512,192,-56,-43,-7,3,1]
[16384,1536,135,12,1]
[4096,1280,304,97,19,5,1]
[729,324,171,62,19,4,1]
[256,-192,160,-80,45,-20,10,-3,1]
[4096,-1024,384,-39,24,-4,1]
[4096,0,256,65,16,0,1]
[4096,-1536,624,-181,39,-6,1]
[729,-81,153,-25,17,-1,1]
[512,-128,-32,33,-4,-2,1]
[729,-81,18,1,2,-1,1]
[4096,-512,-48,83,-3,-2,1]
[625,125,42,5,1]
[4096,-1792,352,-71,22,-7,1]
[729,54,19,2,1]
[4096,256,128,117,8,1,1]
[256,0,32,-20,13,-5,2,0,1]
[14641,726,178,6,1]
[729,-243,90,-19,10,-3,1]
[4096,-256,272,-9,17,-1,1]
[14641,363,-9,3,1]
[4096,1280,624,127,39,5,1]
[4096,-768,240,-7,15,-3,1]
[4096,1024,272,59,17,4,1]
[4096,-512,416,-51,26,-2,1]
[256,192,48,-20,-13,-5,3,3,1]
[14641,968,73,8,1]
[729,-324,-36,50,-4,-4,1]
[4096,0,96,-23,6,0,1]
[15625,500,-8,4,1]
[256,-320,240,-124,59,-31,15,-5,1]
[15625,-1750,221,-14,1]
[4096,-768,128,-11,8,-3,1]
[256,-128,16,40,-31,10,1,-2,1]
[256,-192,16,24,-15,6,1,-3,1]
[14641,-605,241,-5,1]
[4096,512,-160,-45,-10,2,1]
[4096,-1024,-192,115,-12,-4,1]
[729,-567,297,-109,33,-7,1]
[1024,-256,41,-8,1]
[14641,-3872,494,-32,1]
[2401,294,68,6,1]
[15625,-625,2,-5,1]
[4096,0,-160,-41,-10,0,1]
[6561,-1134,191,-14,1]
[6561,162,32,2,1]
[14641,363,97,3,1]
[256,0,96,24,23,6,6,0,1]
[4096,1280,48,-53,3,5,1]
[256,192,16,-24,-9,-6,1,3,1]
[4096,0,368,23,23,0,1]
[729,243,126,50,14,3,1]
[256,0,64,-12,1,-3,4,0,1]
[2401,-196,-29,-4,1]
[256,-128,48,-40,39,-10,3,-2,1]
[4096,448,53,7,1]
[15625,-2375,336,-19,1]
[256,64,48,-12,9,-3,3,1,1]
[256,0,16,-12,3,-3,1,0,1]
[6561,-972,98,-12,1]
[4096,-256,272,-27,17,-1,1]
[512,-384,184,-73,23,-6,1]
[256,-64,80,-60,9,-15,5,-1,1]
[4096,1280,784,155,49,5,1]
[729,0,18,22,2,0,1]
[14641,484,-68,4,1]
[4096,0,64,-57,4,0,1]
[4096,-2560,1008,-273,63,-10,1]
[729,243,54,32,6,3,1]
[4096,0,288,55,18,0,1]
[14641,-968,236,-8,1]
[4096,-3072,1232,-359,77,-12,1]
[4096,-256,-48,67,-3,-1,1]
[729,486,81,-7,9,6,1]
[14641,-484,-39,-4,1]
[625,-25,-39,-1,1]
[6561,0,-91,0,1]
[4096,256,112,117,7,1,1]
[16384,-2048,157,-16,1]
[14641,-1210,-3,-10,1]
[4096,-1792,672,-211,42,-7,1]
[14641,726,244,6,1]
[15625,-2500,238,-20,1]
[512,0,48,21,6,0,1]
[4096,-2816,944,-235,59,-11,1]
[4096,-1792,432,-111,27,-7,1]
[256,64,160,20,47,5,10,1,1]
[16384,3456,435,27,1]
[16384,0,37,0,1]
[14641,2299,181,19,1]
[14641,-726,109,-6,1]
[256,0,-32,8,3,2,-2,0,1]
[256,-256,176,-84,39,-21,11,-4,1]
[4096,-512,113,-8,1]
[4096,-768,336,-7,21,-3,1]
[4096,768,48,49,3,3,1]
[14641,-2904,306,-24,1]
[4096,-2048,656,-167,41,-8,1]
[4096,3328,1408,407,88,13,1]
[4096,-1536,672,-163,42,-6,1]
[256,384,368,248,139,62,23,6,1]
[16384,-768,97,-6,1]
[15625,750,-22,6,1]
[15625,-125,176,-1,1]
[4096,-128,13,-2,1]
[14641,121,-212,1,1]
[4096,512,256,-3,16,2,1]
[4096,0,-64,-47,-4,0,1]
[15625,375,178,3,1]
[256,-64,16,12,-7,3,1,-1,1]
[4096,512,-48,-99,-3,2,1]
[4096,256,-80,-91,-5,1,1]
[256,-64,0,0,-11,0,0,-1,1]
[4096,-1024,320,-57,20,-4,1]
[4096,256,512,49,32,1,1]
[4096,-384,109,-6,1]
[4096,512,-208,-59,-13,2,1]
[256,-128,144,-44,43,-11,9,-2,1]
[4096,256,-112,-17,-7,1,1]
[4096,768,240,-13,15,3,1]
[256,0,144,16,41,4,9,0,1]
[512,-128,32,-35,4,-2,1]
[15625,0,244,0,1]
[14641,1936,266,16,1]
[729,-243,-27,46,-3,-3,1]
[16384,1536,65,12,1]
[729,-324,153,-37,17,-4,1]
[256,448,416,276,149,69,26,7,1]
[256,128,0,24,29,6,0,2,1]
[512,64,0,-23,0,1,1]
[729,405,198,55,22,5,1]
[14641,-363,217,-3,1]
[256,64,64,8,7,2,4,1,1]
[4096,512,352,95,22,2,1]
[15625,-500,53,-4,1]
[15625,-1000,144,-8,1]
[4096,0,0,-63,0,0,1]
[14641,-2178,256,-18,1]
[14641,-1331,155,-11,1]
[16384,-1152,113,-9,1]
[4096,-1024,256,-111,16,-4,1]
[4096,1024,16,-37,1,4,1]
[15625,-125,-78,-1,1]
[4096,-4096,2048,-637,128,-16,1]
[4096,512,128,87,8,2,1]
[256,-192,80,-28,5,-7,5,-3,1]
[4096,768,416,77,26,3,1]
[729,81,72,5,8,1,1]
[625,100,31,4,1]
[14641,0,-200,0,1]
[4096,2560,1088,331,68,10,1]
[6561,1782,271,22,1]
[729,-243,-36,53,-4,-3,1]
[16384,-4352,523,-34,1]
[256,384,288,148,69,37,18,6,1]
[16384,-1792,257,-14,1]
[14641,3267,387,27,1]
[4096,3584,1632,489,102,14,1]
[4096,256,0,-5,0,1,1]
[4096,-2048,1024,-265,64,-8,1]
[15625,1375,57,11,1]
[256,64,16,8,17,2,1,1,1]
[14641,-1573,149,-13,1]
[4096,-768,71,-12,1]
[15625,625,196,5,1]
[4096,-512,16,69,1,-2,1]
[15625,1625,162,13,1]
[512,-576,352,-145,44,-9,1]
[512,-256,128,-67,16,-4,1]
[4096,3328,1568,467,98,13,1]
[729,54,-31,2,1]
[256,-64,160,-52,51,-13,10,-1,1]
[256,256,112,28,9,7,7,4,1]
[512,320,64,1,8,5,1]
[256,64,112,16,37,4,7,1,1]
[14641,847,147,7,1]
[14641,-484,-119,-4,1]
[14641,363,-103,3,1]
[4096,-512,-144,59,-9,-2,1]
[256,192,128,72,49,18,8,3,1]
[14641,-1452,122,-12,1]
[4096,1536,352,85,22,6,1]
[2401,-441,95,-9,1]
[2401,294,96,6,1]
[16384,2688,355,21,1]
[14641,363,-73,3,1]
[15625,-1000,153,-8,1]
[4096,1024,160,-23,10,4,1]
[256,-64,48,-32,29,-8,3,-1,1]
[512,-320,-16,47,-2,-5,1]
[512,-128,40,-29,5,-2,1]
[4096,1536,528,151,33,6,1]
[15625,1125,257,9,1]
[729,-243,-72,53,-8,-3,1]
[729,-162,-72,41,-8,-2,1]
[256,-128,-16,8,3,2,-1,-2,1]
[4096,1792,576,165,36,7,1]
[4096,-1024,304,-45,19,-4,1]
[4096,512,144,63,9,2,1]
[15625,375,-109,3,1]
[81,-10,1]
[15625,-1625,274,-13,1]
[512,-64,80,9,10,-1,1]
[4096,-512,400,-55,25,-2,1]
[4096,1280,480,85,30,5,1]
[256,-64,-64,-4,21,-1,-4,-1,1]
[14641,-1452,236,-12,1]
[4096,-1536,560,-141,35,-6,1]
[4096,512,80,-5,5,2,1]
[4096,2816,1168,343,73,11,1]
[4096,-512,-160,45,-10,-2,1]
[16384,-2944,271,-23,1]
[15625,-2000,131,-16,1]
[4096,0,-240,1,-15,0,1]
[256,192,48,32,25,8,3,3,1]
[15625,125,-184,1,1]
[4096,512,640,69,40,2,1]
[15625,-1125,11,-9,1]
[15625,-2500,318,-20,1]
[729,-27,29,-1,1]
[256,0,-32,0,-7,0,-2,0,1]
[14641,726,-83,6,1]
[256,192,128,84,57,21,8,3,1]
[4096,-512,-144,113,-9,-2,1]
[15625,500,52,4,1]
[729,81,-27,8,-3,1,1]
[6561,81,-115,1,1]
[4096,512,256,81,16,2,1]
[15625,1000,177,8,1]
[729,243,0,-5,0,3,1]
[256,128,128,16,21,4,8,2,1]
[256,0,32,-8,-15,-2,2,0,1]
[4096,0,240,29,15,0,1]
[625,-100,41,-4,1]
[14641,968,179,8,1]
[256,0,0,-4,15,-1,0,0,1]
[4096,-512,-48,25,-3,-2,1]
[15625,3750,451,30,1]
[4096,256,-80,-107,-5,1,1]
[4096,0,384,35,24,0,1]
[4096,-768,256,-55,16,-3,1]
[14641,-242,-167,-2,1]
[512,640,416,179,52,10,1]
[256,64,48,28,25,7,3,1,1]
[4096,1024,160,51,10,4,1]
[4096,-1792,704,-179,44,-7,1]
[4096,-2048,608,-155,38,-8,1]
[512,-128,-24,9,-3,-2,1]
[729,-81,45,2,5,-1,1]
[512,256,80,33,10,4,1]
[4096,1792,544,135,34,7,1]
[6561,-648,176,-8,1]
[256,64,48,48,13,12,3,1,1]
[64,-16,-4,13,-1,-1,1]
[729,81,52,3,1]
[4096,1280,96,-45,6,5,1]
[4096,1024,480,73,30,4,1]
[14641,2057,196,17,1]
[14641,3267,379,27,1]
[15625,-2875,334,-23,1]
[15625,-3750,449,-30,1]
[14641,605,-43,5,1]
[15625,1125,94,9,1]
[4096,2816,1184,337,74,11,1]
[512,0,8,-27,1,0,1]
[729,0,54,-11,6,0,1]
[4096,256,-32,-83,-2,1,1]
[15625,1500,244,12,1]
[16384,-3200,355,-25,1]
[4096,0,-176,37,-11,0,1]
[14641,2420,211,20,1]
[729,-81,72,-20,8,-1,1]
[256,128,-16,-36,-13,-9,-1,2,1]
[4096,-192,15,-3,1]
[729,324,189,56,21,4,1]
[16384,-128,-169,-1,1]
[14641,-1452,114,-12,1]
[4096,1024,96,37,6,4,1]
[4096,-512,368,-75,23,-2,1]
[16384,-4096,489,-32,1]
[729,-405,36,14,4,-5,1]
[4096,-1280,64,51,4,-5,1]
[15625,750,104,6,1]
[4096,1024,-160,-113,-10,4,1]
[256,192,-16,-40,-15,-10,-1,3,1]
[512,192,48,25,6,3,1]
[4096,-768,144,-71,9,-3,1]
[1024,-448,97,-14,1]
[256,320,240,144,75,36,15,5,1]
[4096,256,240,67,15,1,1]
[729,135,53,5,1]
[4096,320,-1,5,1]
[6561,-729,85,-9,1]
[729,81,36,4,4,1,1]
[4096,256,-16,-57,-1,1,1]
[6561,-729,14,-9,1]
[15625,625,201,5,1]
[4096,-1024,144,17,9,-4,1]
[14641,2541,267,21,1]
[2401,-147,-32,-3,1]
[6561,1053,151,13,1]
[15625,875,62,7,1]
[4096,512,144,-31,9,2,1]
[4096,1280,752,141,47,5,1]
[15625,-125,-52,-1,1]
[4096,1280,544,129,34,5,1]
[16384,-1792,171,-14,1]
[729,-243,108,-65,12,-3,1]
[256,64,32,-24,3,-6,2,1,1]
[729,486,207,65,23,6,1]
[14641,2541,251,21,1]
[14641,-3751,459,-31,1]
[2401,-49,-20,-1,1]
[512,-192,48,-13,6,-3,1]
[15625,-375,23,-3,1]
[4096,-1792,608,-147,38,-7,1]
[256,192,128,76,51,19,8,3,1]
[4096,-1024,-80,87,-5,-4,1]
[256,64,16,36,17,9,1,1,1]
[14641,484,203,4,1]
[15625,500,18,4,1]
[256,-64,-112,0,41,0,-7,-1,1]
[16384,896,247,7,1]
[729,-378,94,-14,1]
[4096,-768,-224,103,-14,-3,1]
[729,81,36,28,4,1,1]
[16384,-3200,361,-25,1]
[14641,1089,45,9,1]
[15625,-3750,441,-30,1]
[256,-128,32,44,-33,11,2,-2,1]
[256,-192,144,-44,29,-11,9,-3,1]
[15625,-2250,154,-18,1]
[16384,1664,217,13,1]
[4096,-2560,1024,-285,64,-10,1]
[16384,-1152,241,-9,1]
[4096,576,51,9,1]
[4096,256,176,37,11,1,1]
[512,320,40,-13,5,5,1]
[4096,1280,-112,-123,-7,5,1]
[256,0,48,-24,17,-6,3,0,1]
[256,-64,0,8,-23,2,0,-1,1]
[4096,1280,400,141,25,5,1]
[4096,1024,192,15,12,4,1]
[14641,-363,-7,-3,1]
[2401,637,131,13,1]
[256,64,32,16,15,4,2,1,1]
[4096,256,240,-43,15,1,1]
[256,-192,144,-80,45,-20,9,-3,1]
[14641,-363,93,-3,1]
[6561,-1134,190,-14,1]
[625,75,36,3,1]
[4096,1536,496,113,31,6,1]
[729,405,207,67,23,5,1]
[4096,-1024,208,-63,13,-4,1]
[625,0,-31,0,1]
[256,384,352,244,139,61,22,6,1]
[2401,98,23,2,1]
[15625,-750,254,-6,1]
[256,128,64,20,3,5,4,2,1]
[4096,1536,624,185,39,6,1]
[729,-162,45,-35,5,-2,1]
[729,648,315,109,35,8,1]
[4096,0,112,27,7,0,1]
[729,-243,99,-5,11,-3,1]
[15625,-2250,222,-18,1]
[4096,-256,224,25,14,-1,1]
[4096,-512,80,-37,5,-2,1]
[4096,-2048,528,-103,33,-8,1]
[256,-256,192,-132,75,-33,12,-4,1]
[14641,-363,-82,-3,1]
[729,-81,9,-37,1,-1,1]
[4096,-1024,416,-133,26,-4,1]
[729,-486,261,-92,29,-6,1]
[729,243,135,41,15,3,1]
[14641,968,238,8,1]
[256,-80,9,-5,1]
[256,64,64,44,13,11,4,1,1]
[16384,-512,-55,-4,1]
[4096,3584,1504,427,94,14,1]
[4096,-1536,320,-57,20,-6,1]
[4096,768,128,85,8,3,1]
[4096,-256,0,-61,0,-1,1]
[512,192,-32,-33,-4,3,1]
[256,-64,16,0,-7,0,1,-1,1]
[4096,-1024,224,-97,14,-4,1]
[4096,-2304,1088,-301,68,-9,1]
[4096,512,-96,-35,-6,2,1]
[4096,0,128,11,8,0,1]
[4096,-1024,160,-43,10,-4,1]
[15625,-2500,288,-20,1]
[512,0,-16,-25,-2,0,1]
[729,-243,70,-9,1]
[256,-64,-32,4,19,1,-2,-1,1]
[15625,1375,254,11,1]
[2401,343,22,7,1]
[16384,1920,287,15,1]
[729,-162,9,20,1,-2,1]
[256,128,128,40,35,10,8,2,1]
[16384,2304,199,18,1]
[16384,0,175,0,1]
[4096,0,128,51,8,0,1]
[14641,-363,216,-3,1]
[64,16,36,7,9,1,1]
[4096,768,-96,-41,-6,3,1]
[4096,-512,48,-73,3,-2,1]
[4096,0,208,23,13,0,1]
[256,-128,32,4,-19,1,2,-2,1]
[4096,512,160,91,10,2,1]
[6561,-486,109,-6,1]
[256,0,0,-16,-11,-4,0,0,1]
[729,-162,81,-52,9,-2,1]
[15625,-1750,149,-14,1]
[6561,729,176,9,1]
[4096,-768,64,-13,4,-3,1]
[4096,-512,176,-63,11,-2,1]
[4096,512,112,81,7,2,1]
[4096,1792,544,159,34,7,1]
[729,-81,4,-3,1]
[14641,121,3,1,1]
[4096,-1280,-32,51,-2,-5,1]
[14641,1573,254,13,1]
[15625,3000,366,24,1]
[14641,847,-83,7,1]
[256,256,144,68,35,17,9,4,1]
[16384,-640,-139,-5,1]
[4096,-1280,416,-159,26,-5,1]
[4096,-1536,-128,147,-8,-6,1]
[256,128,16,32,31,8,1,2,1]
[4096,-512,91,-8,1]
[729,162,0,10,0,2,1]
[512,192,128,35,16,3,1]
[4096,-512,16,89,1,-2,1]
[15625,1625,188,13,1]
[16384,-768,81,-6,1]
[15625,-1125,107,-9,1]
[4096,-1024,784,-125,49,-4,1]
[15625,125,233,1,1]
[4096,-512,-80,-9,-5,-2,1]
[6561,-648,32,-8,1]
[729,-162,45,-2,5,-2,1]
[4096,-512,400,-33,25,-2,1]
[14641,242,181,2,1]
[4096,1536,192,-15,12,6,1]
[15625,1625,121,13,1]
[4096,-256,256,-71,16,-1,1]
[4096,256,0,79,0,1,1]
[2401,-882,173,-18,1]
[4096,-1536,480,-103,30,-6,1]
[14641,2178,200,18,1]
[4096,1024,336,59,21,4,1]
[4096,-256,336,-27,21,-1,1]
[4096,256,-128,25,-8,1,1]
[1024,0,55,0,1]
[729,486,198,64,22,6,1]
[512,192,104,17,13,3,1]
[4096,1536,432,99,27,6,1]
[729,-81,9,11,1,-1,1]
[4096,-768,464,-99,29,-3,1]
[4096,768,128,-51,8,3,1]
[4096,256,-64,-73,-4,1,1]
[4096,256,176,-37,11,1,1]
[256,-128,32,-24,27,-6,2,-2,1]
[4096,-1024,624,-107,39,-4,1]
[15625,-1000,81,-8,1]
[16384,-512,233,-4,1]
[4096,256,64,-49,4,1,1]
[14641,0,64,0,1]
[256,192,48,-36,-31,-9,3,3,1]
[14641,121,-15,1,1]
[4096,1280,320,105,20,5,1]
[4096,768,48,45,3,3,1]
[256,384,272,128,59,32,17,6,1]
[4096,-256,528,-35,33,-1,1]
[4096,-2048,608,-143,38,-8,1]
[4096,-512,-96,83,-6,-2,1]
[4096,2048,656,189,41,8,1]
[4096,-1280,-128,101,-8,-5,1]
[4096,-512,192,-17,12,-2,1]
[14641,-847,-7,-7,1]
[4096,-2816,1200,-341,75,-11,1]
[16384,-896,207,-7,1]
[4096,-512,-112,125,-7,-2,1]
[14641,2904,325,24,1]
[4096,-1280,64,61,4,-5,1]
[4096,1792,240,-3,15,7,1]
[4096,1536,512,171,32,6,1]
[4096,-3584,1664,-509,104,-14,1]
[4096,768,112,51,7,3,1]
[4096,0,-16,-41,-1,0,1]
[729,162,81,53,9,2,1]
[4096,-704,119,-11,1]
[512,-320,96,-29,12,-5,1]
[4096,1536,432,97,27,6,1]
[4096,768,64,37,4,3,1]
[4096,1536,512,109,32,6,1]
[512,128,184,31,23,2,1]
[14641,1936,256,16,1]
[729,-81,144,-1,16,-1,1]
[4096,-1792,736,-181,46,-7,1]
[256,-64,48,44,-17,11,3,-1,1]
[4096,0,352,21,22,0,1]
[4096,-768,-16,85,-1,-3,1]
[256,-128,0,16,-5,4,0,-2,1]
[256,0,-160,0,49,0,-10,0,1]
[512,0,24,-35,3,0,1]
[256,128,48,12,13,3,3,2,1]
[15625,-3125,382,-25,1]
[4096,0,80,-27,5,0,1]
[4096,-512,624,-57,39,-2,1]
[14641,-1331,87,-11,1]
[4096,512,464,21,29,2,1]
[4096,-2304,768,-197,48,-9,1]
[625,100,29,4,1]
[14641,-2178,278,-18,1]
[256,128,16,0,-5,0,1,2,1]
[15625,-500,-7,-4,1]
[256,0,48,20,-1,5,3,0,1]
[4096,512,64,17,4,2,1]
[6561,0,-80,0,1]
[4096,256,80,-67,5,1,1]
[6561,0,-83,0,1]
[4096,-768,144,-41,9,-3,1]
[4096,-512,192,-5,12,-2,1]
[4096,512,-176,-57,-11,2,1]
[4096,-512,672,-65,42,-2,1]
[6561,648,148,8,1]
[256,-192,176,-128,61,-32,11,-3,1]
[512,256,152,53,19,4,1]
[4096,512,-48,-15,-3,2,1]
[4096,0,-32,61,-2,0,1]
[256,-448,352,-164,69,-41,22,-7,1]
[2401,-784,135,-16,1]
[4096,256,48,15,3,1,1]
[16384,640,115,5,1]
[4096,0,-96,-45,-6,0,1]
[4096,1280,240,55,15,5,1]
[14641,-121,58,-1,1]
[256,192,48,16,15,4,3,3,1]
[729,81,17,3,1]
[14641,847,-16,7,1]
[256,-320,192,-56,15,-14,12,-5,1]
[4096,-768,240,-87,15,-3,1]
[729,162,-18,-5,-2,2,1]
[4096,-2304,896,-261,56,-9,1]
[4096,0,96,83,6,0,1]
[4096,1792,544,117,34,7,1]
[256,64,-80,-12,25,-3,-5,1,1]
[4096,0,-16,-25,-1,0,1]
[4096,512,240,1,15,2,1]
[14641,-847,48,-7,1]
[4096,-256,128,-3,8,-1,1]
[512,320,160,71,20,5,1]
[256,-192,272,-136,103,-34,17,-3,1]
[4096,256,32,27,2,1,1]
[2401,-49,-67,-1,1]
[4096,-1536,608,-117,38,-6,1]
[4096,768,80,-61,5,3,1]
[16384,2048,261,16,1]
[15625,-875,36,-7,1]
[16384,896,159,7,1]
[256,-128,48,-32,15,-8,3,-2,1]
[256,-64,48,28,-13,7,3,-1,1]
[6561,-243,55,-3,1]
[729,567,207,65,23,7,1]
[256,-256,160,-92,53,-23,10,-4,1]
[4096,1280,-64,-69,-4,5,1]
[4096,-1792,112,61,7,-7,1]
[4096,0,176,23,11,0,1]
[512,192,120,23,15,3,1]
[512,-256,32,7,4,-4,1]
[256,-192,-32,44,-11,11,-2,-3,1]
[729,-405,63,1,7,-5,1]
[16384,-2688,245,-21,1]
[256,64,112,36,41,9,7,1,1]
[512,-384,160,-59,20,-6,1]
[6561,1377,145,17,1]
[14641,-1210,62,-10,1]
[512,256,0,-19,0,4,1]
[15625,-2000,241,-16,1]
[512,0,-8,19,-1,0,1]
[256,-192,48,4,-9,1,3,-3,1]
[512,64,-16,-1,-2,1,1]
[4096,1024,304,103,19,4,1]
[256,0,-16,0,7,0,-1,0,1]
[4096,-1280,-16,91,-1,-5,1]
[15625,-1000,62,-8,1]
[14641,121,26,1,1]
[4096,1280,256,41,16,5,1]
[256,0,128,28,33,7,8,0,1]
[15625,875,129,7,1]
[256,192,208,108,73,27,13,3,1]
[15625,-250,23,-2,1]
[256,-128,144,-60,49,-15,9,-2,1]
[4096,1280,368,59,23,5,1]
[256,-64,16,0,9,0,1,-1,1]
[256,64,16,-24,-25,-6,1,1,1]
[256,0,32,-28,-9,-7,2,0,1]
[15625,-1000,193,-8,1]
[15625,1375,267,11,1]
[4096,1280,384,143,24,5,1]
[512,0,-16,17,-2,0,1]
[4096,-512,128,-115,8,-2,1]
[729,-324,9,26,1,-4,1]
[6561,324,65,4,1]
[256,-128,96,-28,21,-7,6,-2,1]
[4096,-512,-112,41,-7,-2,1]
[4096,-512,32,85,2,-2,1]
[14641,1936,207,16,1]
[15625,0,236,0,1]
[4096,1536,416,101,26,6,1]
[256,-256,128,-8,-11,-2,8,-4,1]
[15625,-4500,557,-36,1]
[14641,-121,177,-1,1]
[4096,2048,832,225,52,8,1]
[4096,2048,480,103,30,8,1]
[4096,-512,41,-8,1]
[4096,768,32,37,2,3,1]
[4096,-768,176,-67,11,-3,1]
[256,128,-32,12,29,3,-2,2,1]
[256,192,96,64,45,16,6,3,1]
[512,384,160,59,20,6,1]
[14641,363,-92,3,1]
[15625,4500,573,36,1]
[14641,2299,234,19,1]
[14641,3025,318,25,1]
[15625,1875,203,15,1]
[256,128,112,24,17,6,7,2,1]
[512,128,88,39,11,2,1]
[16384,-2944,305,-23,1]
[4096,-2304,800,-209,50,-9,1]
[729,243,-27,-28,-3,3,1]
[6561,-324,-77,-4,1]
[4096,-1536,704,-165,44,-6,1]
[4096,-2304,960,-289,60,-9,1]
[6561,0,116,0,1]
[4096,-2048,736,-235,46,-8,1]
[256,-128,32,12,-13,3,2,-2,1]
[14641,847,98,7,1]
[256,-64,-32,20,-11,5,-2,-1,1]
[14641,0,-228,0,1]
[512,128,112,25,14,2,1]
[15625,4500,566,36,1]
[14641,3630,449,30,1]
[6561,1782,281,22,1]
[14641,605,98,5,1]
[4096,-512,80,-85,5,-2,1]
[16384,1920,271,15,1]
[512,64,48,-15,6,1,1]
[14641,1936,159,16,1]
[4096,1536,352,61,22,6,1]
[2401,-294,85,-6,1]
[4096,-256,-64,-17,-4,-1,1]
[256,64,-16,4,7,1,-1,1,1]
[16384,2176,165,17,1]
[16384,2560,201,20,1]
[256,-64,-80,8,17,2,-5,-1,1]
[4096,768,416,115,26,3,1]
[4096,-1024,-48,27,-3,-4,1]
[256,-320,176,-20,-11,-5,11,-5,1]
[4096,2816,1344,385,84,11,1]
[14641,-1331,1,-11,1]
[4096,1024,384,113,24,4,1]
[15625,-250,-164,-2,1]
[1024,192,45,6,1]
[625,-25,9,-1,1]
[14641,-2299,328,-19,1]
[15625,1750,287,14,1]
[14641,-2541,349,-21,1]
[4096,-2048,432,-81,27,-8,1]
[4096,-2560,512,-61,32,-10,1]
[512,-64,104,-21,13,-1,1]
[4096,-384,-1,-6,1]
[15625,0,74,0,1]
[4096,1024,512,69,32,4,1]
[4096,1024,80,31,5,4,1]
[4096,512,128,-55,8,2,1]
[256,0,112,-12,37,-3,7,0,1]
[4096,256,71,4,1]
[729,324,-36,-47,-4,4,1]
[256,320,256,164,91,41,16,5,1]
[256,-128,160,-72,51,-18,10,-2,1]
[256,-64,32,32,-5,8,2,-1,1]
[4096,2816,1152,327,72,11,1]
[625,250,63,10,1]
[4096,-512,224,-97,14,-2,1]
[4096,-896,139,-14,1]
[256,320,176,52,15,13,11,5,1]
[256,-320,176,-32,-3,-8,11,-5,1]
[256,64,32,16,19,4,2,1,1]
[4096,512,-16,-5,-1,2,1]
[16384,-1664,139,-13,1]
[256,384,272,128,57,32,17,6,1]
[16384,-1280,109,-10,1]
[14641,-1815,283,-15,1]
[4096,-1792,784,-223,49,-7,1]
[4096,1280,512,135,32,5,1]
[4096,1792,688,169,43,7,1]
[4096,-1536,208,-11,13,-6,1]
[4096,-2560,1088,-313,68,-10,1]
[14641,-242,-123,-2,1]
[729,0,162,10,18,0,1]
[512,-192,136,-45,17,-3,1]
[4096,1280,-112,-105,-7,5,1]
[4096,-1792,720,-191,45,-7,1]
[14641,0,50,0,1]
[16384,512,-11,4,1]
[729,243,63,28,7,3,1]
[15625,-2000,136,-16,1]
[4096,256,176,-11,11,1,1]
[15625,2375,314,19,1]
[256,192,80,-32,-27,-8,5,3,1]
[14641,242,5,2,1]
[16,-12,9,-3,1]
[4096,512,-96,-27,-6,2,1]
[4096,-256,-48,-31,-3,-1,1]
[4096,1536,672,179,42,6,1]
[256,-256,224,-132,73,-33,14,-4,1]
[2401,-196,17,-4,1]
[4096,0,-121,0,1]
[16384,-1664,131,-13,1]
[4096,3072,1264,371,79,12,1]
[256,128,96,56,37,14,6,2,1]
[4096,2048,720,213,45,8,1]
[729,0,18,43,2,0,1]
[15625,-2750,362,-22,1]
[4096,1024,-64,-53,-4,4,1]
[256,0,17,0,1]
[4096,-256,-48,-11,-3,-1,1]
[729,162,18,-16,2,2,1]
[729,81,-9,28,-1,1,1]
[256,256,192,108,51,27,12,4,1]
[512,-64,72,-7,9,-1,1]
[6561,1539,181,19,1]
[729,-81,63,-4,7,-1,1]
[512,256,24,-15,3,4,1]
[4096,512,144,117,9,2,1]
[4096,0,16,87,1,0,1]
[4096,-2048,976,-261,61,-8,1]
[4096,256,128,59,8,1,1]
[512,-64,120,-7,15,-1,1]
[2401,196,2,4,1]
[15625,1250,186,10,1]
[4096,1280,64,-21,4,5,1]
[4096,1536,624,135,39,6,1]
[4096,0,32,-63,2,0,1]
[14641,1452,169,12,1]
[4096,256,272,9,17,1,1]
[4096,-1536,400,-81,25,-6,1]
[256,64,32,-4,7,-1,2,1,1]
[4096,-1024,-128,87,-8,-4,1]
[14641,-1452,149,-12,1]
[4096,-256,160,-57,10,-1,1]
[4096,512,304,-1,19,2,1]
[512,192,72,3,9,3,1]
[4096,256,32,-35,2,1,1]
[15625,2375,234,19,1]
[729,0,18,7,2,0,1]
[4096,2304,624,145,39,9,1]
[4096,1024,224,101,14,4,1]
[2401,441,66,9,1]
[4096,-1024,-160,85,-10,-4,1]
[729,162,180,28,20,2,1]
[2401,833,160,17,1]
[15625,125,-107,1,1]
[729,-243,9,5,1,-3,1]
[4096,-768,592,-89,37,-3,1]
[4096,3328,1584,473,99,13,1]
[4096,-1536,848,-189,53,-6,1]
[512,-128,152,-23,19,-2,1]
[4096,1280,128,-17,8,5,1]
[6561,2268,353,28,1]
[4096,1280,144,13,9,5,1]
[256,-192,48,-52,45,-13,3,-3,1]
[16384,256,191,2,1]
[4096,-2304,656,-147,41,-9,1]
[49,2,1]
[729,324,-63,-65,-7,4,1]
[256,384,384,280,159,70,24,6,1]
[16384,512,149,4,1]
[4096,384,9,6,1]
[4096,0,176,-75,11,0,1]
[4096,-512,160,-107,10,-2,1]
[4096,2816,1072,291,67,11,1]
[15625,-1000,21,-8,1]
[15625,0,-74,0,1]
[4096,-256,144,5,9,-1,1]
[4096,-1280,144,-9,9,-5,1]
[256,-64,128,-60,35,-15,8,-1,1]
[256,-128,48,-20,5,-5,3,-2,1]
[256,-256,224,-136,73,-34,14,-4,1]
[729,243,63,1,7,3,1]
[1024,-32,5,-1,1]
[256,128,48,12,11,3,3,2,1]
[4096,-1280,416,-113,26,-5,1]
[256,192,128,88,51,22,8,3,1]
[15625,-1875,179,-15,1]
[6561,972,85,12,1]
[15625,1375,231,11,1]
[4096,1024,-112,-99,-7,4,1]
[4096,-512,352,-89,22,-2,1]
[16384,-128,-165,-1,1]
[4096,-512,64,-49,4,-2,1]
[4096,-256,256,-51,16,-1,1]
[4096,-512,-144,83,-9,-2,1]
[4096,768,-80,-87,-5,3,1]
[729,-243,90,-22,10,-3,1]
[729,729,450,175,50,9,1]
[15625,-1750,217,-14,1]
[256,64,0,-20,-1,-5,0,1,1]
[4096,-4096,2032,-625,127,-16,1]
[256,128,128,96,33,24,8,2,1]
[4096,512,192,55,12,2,1]
[4096,-1024,528,-83,33,-4,1]
[6561,-243,163,-3,1]
[4096,2816,896,223,56,11,1]
[14641,2541,249,21,1]
[15625,-1125,172,-9,1]
[4096,-768,464,-103,29,-3,1]
[16384,-384,-5,-3,1]
[256,192,96,76,45,19,6,3,1]
[4096,2048,640,171,40,8,1]
[15625,1125,217,9,1]
[4096,-512,32,-71,2,-2,1]
[4096,-1792,688,-211,43,-7,1]
[14641,-847,-76,-7,1]
[512,-128,64,-19,8,-2,1]
[16384,-1024,1,-8,1]
[4096,64,-83,1,1]
[4096,-1024,304,-85,19,-4,1]
[4096,256,176,-35,11,1,1]
[625,-125,43,-5,1]
[2401,0,39,0,1]
[256,-128,64,-20,21,-5,4,-2,1]
[4096,-1536,-96,129,-6,-6,1]
[16384,-128,-119,-1,1]
[15625,500,164,4,1]
[15625,-2125,271,-17,1]
[14641,1452,63,12,1]
[4096,-768,240,-103,15,-3,1]
[6561,162,-7,2,1]
[4096,-768,368,-67,23,-3,1]
[4096,-256,176,39,11,-1,1]
[16384,896,-15,7,1]
[4096,-1536,464,-79,29,-6,1]
[14641,-2541,323,-21,1]
[4096,-512,-112,55,-7,-2,1]
[256,-128,16,-16,9,-4,1,-2,1]
[4096,-768,128,-17,8,-3,1]
[4096,1280,352,141,22,5,1]
[16384,-1152,43,-9,1]
[16384,3072,303,24,1]
[14641,-121,111,-1,1]
[4096,-1792,624,-129,39,-7,1]
[729,27,34,1,1]
[6561,-567,91,-7,1]
[4096,-1024,192,-19,12,-4,1]
[2401,-49,87,-1,1]
[256,128,192,84,67,21,12,2,1]
[512,192,112,29,14,3,1]
[15625,0,36,0,1]
[14641,-121,-160,-1,1]
[729,-162,180,-37,20,-2,1]
[2401,147,-53,3,1]
[729,0,99,20,11,0,1]
[14641,-1936,130,-16,1]
[256,-128,64,0,-1,0,4,-2,1]
[4096,-256,112,55,7,-1,1]
[14641,-2057,258,-17,1]
[512,0,56,19,7,0,1]
[4096,768,352,29,22,3,1]
[14641,-605,197,-5,1]
[15625,2000,244,16,1]
[4096,1280,112,23,7,5,1]
[512,64,16,13,2,1,1]
[15625,1000,39,8,1]
[256,64,-16,-8,-11,-2,-1,1,1]
[4096,-1280,256,-89,16,-5,1]
[15625,-500,161,-4,1]
[4096,-768,176,3,11,-3,1]
[256,128,240,84,87,21,15,2,1]
[14641,-242,157,-2,1]
[15625,-1375,203,-11,1]
[256,256,160,52,21,13,10,4,1]
[14641,-726,68,-6,1]
[256,-128,80,-56,19,-14,5,-2,1]
[4096,-2816,1184,-341,74,-11,1]
[256,64,48,-8,1,-2,3,1,1]
[4096,-1024,-128,133,-8,-4,1]
[4096,256,496,11,31,1,1]
[4096,-1024,464,-77,29,-4,1]
[15625,0,92,0,1]
[729,-81,-45,26,-5,-1,1]
[729,-405,27,20,3,-5,1]
[4096,256,336,43,21,1,1]
[15625,-625,63,-5,1]
[4096,-1024,-48,37,-3,-4,1]
[14641,-2420,294,-20,1]
[4096,-512,97,-8,1]
[256,256,112,0,-17,0,7,4,1]
[4096,-1536,592,-155,37,-6,1]
[2401,343,103,7,1]
[6561,243,-68,3,1]
[15625,-1125,134,-9,1]
[4096,1536,528,195,33,6,1]
[4096,-768,144,-9,9,-3,1]
[2401,294,59,6,1]
[16384,512,221,4,1]
[512,64,64,5,8,1,1]
[6561,-81,-82,-1,1]
[729,-81,-36,41,-4,-1,1]
[2401,1225,253,25,1]
[4096,1792,96,-55,6,7,1]
[14641,0,-59,0,1]
[729,243,45,-7,5,3,1]
[15625,-125,-97,-1,1]
[2401,343,59,7,1]
[4096,-2816,1200,-339,75,-11,1]
[15625,3125,324,25,1]
[4096,-1792,624,-147,39,-7,1]
[729,-405,72,-7,8,-5,1]
[4096,768,-16,-63,-1,3,1]
[14641,-1573,252,-13,1]
[16384,4992,633,39,1]
[16384,-4096,511,-32,1]
[4096,-768,-208,87,-13,-3,1]
[729,-324,27,5,3,-4,1]
[4096,-256,80,3,5,-1,1]
[4096,128,29,2,1]
[4096,512,-144,-105,-9,2,1]
[4096,-768,-32,27,-2,-3,1]
[14641,-363,-42,-3,1]
[16384,-1536,233,-12,1]
[16384,0,-65,0,1]
[2401,147,86,3,1]
[625,325,86,13,1]
[14641,605,238,5,1]
[512,-448,224,-89,28,-7,1]
[4096,-256,-32,29,-2,-1,1]
[16384,-1152,253,-9,1]
[16384,896,-87,7,1]
[4096,768,448,33,28,3,1]
[729,162,72,40,8,2,1]
[4096,-256,-96,47,-6,-1,1]
[4096,1024,96,-43,6,4,1]
[16384,768,-31,6,1]
[4096,-1536,-176,155,-11,-6,1]
[4096,-1024,112,-43,7,-4,1]
[4096,-1280,112,47,7,-5,1]
[512,256,104,51,13,4,1]
[256,64,-64,8,31,2,-4,1,1]
[4096,0,560,-3,35,0,1]
[4096,-512,112,-91,7,-2,1]
[256,-192,128,-56,37,-14,8,-3,1]
[4096,-512,32,37,2,-2,1]
[256,-128,96,-12,7,-3,6,-2,1]
[6561,-729,67,-9,1]
[256,-176,57,-11,1]
[6561,243,98,3,1]
[4096,-768,464,-39,29,-3,1]
[14641,-847,-23,-7,1]
[14641,-1089,41,-9,1]
[64,32,-12,-19,-3,2,1]
[4096,1280,400,139,25,5,1]
[4096,768,304,33,19,3,1]
[14641,605,49,5,1]
[6561,729,73,9,1]
[4096,-1280,384,-49,24,-5,1]
[15625,-2250,303,-18,1]
[14641,-484,-79,-4,1]
[14641,847,13,7,1]
[4096,768,224,19,14,3,1]
[512,-128,0,-3,0,-2,1]
[6561,-486,-23,-6,1]
[729,-162,135,-40,15,-2,1]
[1024,-320,71,-10,1]
[4096,1792,416,85,26,7,1]
[14641,0,104,0,1]
[6561,1134,152,14,1]
[14641,-847,-28,-7,1]
[4096,2048,736,197,46,8,1]
[512,64,-48,-17,-6,1,1]
[14641,-2420,230,-20,1]
[512,-64,80,-27,10,-1,1]
[4096,-768,384,-87,24,-3,1]
[14641,-2057,226,-17,1]
[4096,2560,688,141,43,10,1]
[512,64,-32,-9,-4,1,1]
[15625,2500,241,20,1]
[729,-405,108,-20,12,-5,1]
[16384,1536,137,12,1]
[16384,1280,179,10,1]
[15625,-3625,423,-29,1]
[4096,-1024,496,-141,31,-4,1]
[4096,-768,544,-95,34,-3,1]
[4096,0,0,105,0,0,1]
[4096,512,-48,-5,-3,2,1]
[729,81,54,7,6,1,1]
[4096,-1024,656,-103,41,-4,1]
[625,-125,51,-5,1]
[4096,1280,64,-19,4,5,1]
[4096,-1536,592,-115,37,-6,1]
[16384,512,133,4,1]
[256,160,49,10,1]
[16384,-1024,-31,-8,1]
[4096,-2048,752,-243,47,-8,1]
[4096,128,-89,2,1]
[512,-64,-8,31,-1,-1,1]
[1024,64,49,2,1]
[14641,2420,329,20,1]
[729,405,189,59,21,5,1]
[15625,-1000,232,-8,1]
[729,-810,486,-196,54,-10,1]
[729,81,126,26,14,1,1]
[4096,-512,288,-93,18,-2,1]
[4096,-2048,448,-75,28,-8,1]
[4096,-1792,528,-107,33,-7,1]
[256,128,48,40,17,10,3,2,1]
[15625,-500,198,-4,1]
[15625,-3750,474,-30,1]
[4096,-512,-48,-15,-3,-2,1]
[4096,1024,-160,-91,-10,4,1]
[4096,1792,352,49,22,7,1]
[4096,1280,336,51,21,5,1]
[14641,0,173,0,1]
[4096,-256,64,-95,4,-1,1]
[729,162,63,47,7,2,1]
[4096,1024,368,37,23,4,1]
[4096,-768,80,-63,5,-3,1]
[4096,1280,192,-13,12,5,1]
[4096,-2048,848,-207,53,-8,1]
[729,567,270,89,30,7,1]
[15625,-2125,298,-17,1]
[256,-192,192,-112,69,-28,12,-3,1]
[4096,-768,384,-69,24,-3,1]
[512,0,-48,-1,-6,0,1]
[256,0,32,-8,19,-2,2,0,1]
[4096,512,400,7,25,2,1]
[256,0,96,-4,29,-1,6,0,1]
[4096,-512,-32,21,-2,-2,1]
[16384,1152,-17,9,1]
[4096,256,320,69,20,1,1]
[256,64,11,4,1]
[14641,1573,170,13,1]
[4096,1536,768,187,48,6,1]
[15625,0,238,0,1]
[6561,-243,43,-3,1]
[512,320,-8,-41,-1,5,1]
[729,324,81,29,9,4,1]
[729,162,27,1,3,2,1]
[729,-567,189,-49,21,-7,1]
[2401,-147,60,-3,1]
[14641,-968,114,-8,1]
[4096,-2048,704,-189,44,-8,1]
[4096,256,80,85,5,1,1]
[4096,1024,560,87,35,4,1]
[256,0,-9,0,1]
[14641,2420,258,20,1]
[4096,768,544,91,34,3,1]
[15625,-250,-71,-2,1]
[14641,1694,138,14,1]
[4096,-1536,304,-65,19,-6,1]
[256,192,80,0,-3,0,5,3,1]
[256,128,64,44,41,11,4,2,1]
[256,-128,96,-36,19,-9,6,-2,1]
[4096,768,480,81,30,3,1]
[256,128,48,-4,-13,-1,3,2,1]
[16384,1536,261,12,1]
[4096,-1280,288,-63,18,-5,1]
[4096,-1280,112,9,7,-5,1]
[14641,0,-5,0,1]
[15625,-375,149,-3,1]
[16384,0,61,0,1]
[4096,768,48,-39,3,3,1]
[256,64,96,24,19,6,6,1,1]
[4096,768,-176,-79,-11,3,1]
[15625,0,233,0,1]
[256,0,80,-8,9,-2,5,0,1]
[625,150,26,6,1]
[729,243,9,-26,1,3,1]
[4096,0,-144,-29,-9,0,1]
[256,64,160,56,49,14,10,1,1]
[14641,-2783,351,-23,1]
[15625,3125,379,25,1]
[4096,-1024,128,9,8,-4,1]
[14641,242,213,2,1]
[4096,-2560,832,-209,52,-10,1]
[4096,768,112,11,7,3,1]
[1024,-64,-5,-2,1]
[256,-128,32,-24,25,-6,2,-2,1]
[256,-320,240,-136,71,-34,15,-5,1]
[6561,486,124,6,1]
[729,810,495,202,55,10,1]
[15625,-1250,71,-10,1]
[15625,-1125,166,-9,1]
[14641,3872,475,32,1]
[4096,-2560,896,-245,56,-10,1]
[2401,98,39,2,1]
[4096,256,80,63,5,1,1]
[4096,0,208,53,13,0,1]
[4096,-768,272,-95,17,-3,1]
[4096,512,144,119,9,2,1]
[4096,-768,-96,67,-6,-3,1]
[15625,-500,39,-4,1]
[14641,-2541,252,-21,1]
[6561,1539,206,19,1]
[2401,98,72,2,1]
[2401,98,60,2,1]
[4096,1536,752,179,47,6,1]
[4096,512,480,63,30,2,1]
[14641,968,34,8,1]
[14641,121,62,1,1]
[4096,-1024,139,-16,1]
[64,-64,16,1,4,-4,1]
[4096,-2304,816,-225,51,-9,1]
[256,-128,112,-52,43,-13,7,-2,1]
[256,-192,80,-20,3,-5,5,-3,1]
[4096,256,272,-23,17,1,1]
[256,-192,48,20,-13,5,3,-3,1]
[4096,-256,592,-37,37,-1,1]
[256,0,19,0,1]
[6561,-1620,256,-20,1]
[729,405,126,37,14,5,1]
[4096,-512,176,-23,11,-2,1]
[256,-256,272,-168,105,-42,17,-4,1]
[4096,320,101,5,1]
[4096,512,416,19,26,2,1]
[4096,-1792,656,-187,41,-7,1]
[4096,256,16,25,1,1,1]
[729,81,0,-23,0,1,1]
[6561,1458,179,18,1]
[729,-162,-18,4,-2,-2,1]
[15625,500,138,4,1]
[15625,-375,-124,-3,1]
[6561,0,-142,0,1]
[14641,363,-86,3,1]
[729,-405,126,-31,14,-5,1]
[256,-128,-32,16,9,4,-2,-2,1]
[15625,2125,163,17,1]
[2401,343,52,7,1]
[4096,768,352,41,22,3,1]
[15625,-625,137,-5,1]
[256,-192,208,-120,71,-30,13,-3,1]
[256,-384,400,-284,163,-71,25,-6,1]
[4096,512,384,17,24,2,1]
[4096,0,224,63,14,0,1]
[4096,768,608,95,38,3,1]
[4096,0,576,-1,36,0,1]
[14641,1210,5,10,1]
[256,0,-128,4,43,1,-8,0,1]
[4096,256,112,41,7,1,1]
[4096,0,144,-55,9,0,1]
[4096,768,-224,-95,-14,3,1]
[4096,1536,112,-21,7,6,1]
[4096,0,144,49,9,0,1]
[14641,-484,25,-4,1]
[4096,-1792,560,-129,35,-7,1]
[4096,1024,320,109,20,4,1]
[4096,1024,0,-85,0,4,1]
[729,81,18,41,2,1,1]
[16384,256,177,2,1]
[729,-486,180,-58,20,-6,1]
[4096,512,544,73,34,2,1]
[625,-325,81,-13,1]
[15625,-500,-4,-4,1]
[512,64,120,13,15,1,1]
[14641,-605,119,-5,1]
[625,-50,1,-2,1]
[2401,-539,64,-11,1]
[6561,243,142,3,1]
[4096,768,112,79,7,3,1]
[14641,2178,240,18,1]
[4096,256,32,25,2,1,1]
[4096,512,73,8,1]
[4096,1280,304,89,19,5,1]
[4096,0,96,17,6,0,1]
[14641,-3267,406,-27,1]
[14641,-4235,536,-35,1]
[6561,-1377,193,-17,1]
[729,-81,54,-7,6,-1,1]
[16384,2048,243,16,1]
[256,256,48,-40,-31,-10,3,4,1]
[729,-81,-36,-11,-4,-1,1]
[4096,-1536,416,-111,26,-6,1]
[256,-64,32,32,-3,8,2,-1,1]
[729,-81,108,-32,12,-1,1]
[15625,4000,472,32,1]
[256,256,192,116,67,29,12,4,1]
[256,192,160,92,61,23,10,3,1]
[16384,-384,-181,-3,1]
[256,-64,-16,-4,21,-1,-1,-1,1]
[4096,-512,-64,83,-4,-2,1]
[4096,64,3,1,1]
[15625,-1500,164,-12,1]
[256,0,96,4,27,1,6,0,1]
[4096,2816,1216,357,76,11,1]
[15625,-3625,409,-29,1]
[729,0,9,34,1,0,1]
[256,64,32,-4,15,-1,2,1,1]
[512,64,56,3,7,1,1]
[512,0,32,21,4,0,1]
[14641,605,195,5,1]
[256,-64,32,-8,-13,-2,2,-1,1]
[256,-320,272,-148,79,-37,17,-5,1]
[729,324,180,44,20,4,1]
[4096,-1280,144,31,9,-5,1]
[4096,256,-80,29,-5,1,1]
[4096,2048,592,143,37,8,1]
[729,-297,73,-11,1]
[15625,3625,458,29,1]
[2401,441,64,9,1]
[256,-256,272,-176,105,-44,17,-4,1]
[4096,-768,112,1,7,-3,1]
[4096,512,144,65,9,2,1]
[4096,-512,32,-13,2,-2,1]
[4096,-768,-16,69,-1,-3,1]
[256,128,48,40,39,10,3,2,1]
[256,-192,192,-88,61,-22,12,-3,1]
[4096,-1280,288,-83,18,-5,1]
[4096,-256,224,3,14,-1,1]
[14641,1210,183,10,1]
[14641,1089,42,9,1]
[64,0,4,13,1,0,1]
[4096,-256,304,-67,19,-1,1]
[4096,1280,240,29,15,5,1]
[512,192,-48,-37,-6,3,1]
[4096,-512,16,57,1,-2,1]
[729,243,81,34,9,3,1]
[16384,1792,283,14,1]
[729,-648,297,-103,33,-8,1]
[256,-128,0,36,-25,9,0,-2,1]
[14641,-242,222,-2,1]
[14641,-2178,175,-18,1]
[6561,486,134,6,1]
[4096,1280,128,-25,8,5,1]
[4096,1280,448,103,28,5,1]
[16384,512,-83,4,1]
[729,324,-36,-44,-4,4,1]
[15625,-1875,88,-15,1]
[4096,256,-16,51,-1,1,1]
[15625,2375,297,19,1]
[4096,0,96,-89,6,0,1]
[256,128,128,68,41,17,8,2,1]
[4096,-832,153,-13,1]
[16384,1664,109,13,1]
[4096,1536,368,69,23,6,1]
[16384,-768,-109,-6,1]
[15625,2625,306,21,1]
[15625,-2625,353,-21,1]
[4096,-2560,592,-99,37,-10,1]
[16384,-2688,311,-21,1]
[256,-256,128,-32,11,-8,8,-4,1]
[4096,3072,1344,385,84,12,1]
[4096,-512,-112,45,-7,-2,1]
[4096,-2560,896,-237,56,-10,1]
[4096,1024,368,85,23,4,1]
[256,-256,208,-128,77,-32,13,-4,1]
[729,0,-9,-37,-1,0,1]
[4096,-512,-64,27,-4,-2,1]
[6561,81,55,1,1]
[4096,-256,-160,41,-10,-1,1]
[14641,-1573,105,-13,1]
[4096,1536,640,139,40,6,1]
[4096,512,496,63,31,2,1]
[512,-320,104,-29,13,-5,1]
[4096,1280,560,97,35,5,1]
[16384,4352,515,34,1]
[4096,-3072,1344,-389,84,-12,1]
[15625,2375,296,19,1]
[15625,-1875,159,-15,1]
[729,405,63,2,7,5,1]
[6561,-1134,160,-14,1]
[15625,2250,173,18,1]
[256,0,-176,0,59,0,-11,0,1]
[4096,256,-64,-109,-4,1,1]
[4096,-3584,1600,-479,100,-14,1]
[4096,2560,784,191,49,10,1]
[4096,-2304,464,-63,29,-9,1]
[4096,1536,432,63,27,6,1]
[4096,1536,-224,-183,-14,6,1]
[256,320,240,128,63,32,15,5,1]
[1024,-448,101,-14,1]
[729,-297,61,-11,1]
[729,243,9,5,1,3,1]
[729,-243,-36,40,-4,-3,1]
[4096,256,-45,4,1]
[256,64,32,20,9,5,2,1,1]
[256,64,80,44,25,11,5,1,1]
[4096,256,112,107,7,1,1]
[4096,1024,672,115,42,4,1]
[4096,1792,256,23,16,7,1]
[4096,512,-128,-7,-8,2,1]
[256,192,160,112,53,28,10,3,1]
[729,486,162,40,18,6,1]
[4096,-2048,544,-123,34,-8,1]
[729,0,90,25,10,0,1]
[4096,192,93,3,1]
[4096,1280,400,85,25,5,1]
[15625,-1250,231,-10,1]
[15625,1125,187,9,1]
[15625,2125,157,17,1]
[4096,1024,-16,-65,-1,4,1]
[4096,768,112,59,7,3,1]
[256,0,-32,4,19,1,-2,0,1]
[14641,0,133,0,1]
[729,324,180,56,20,4,1]
[14641,484,-112,4,1]
[256,-64,32,-20,1,-5,2,-1,1]
[256,-64,16,8,7,2,1,-1,1]
[2401,392,97,8,1]
[4096,512,-80,-53,-5,2,1]
[4096,-2048,688,-171,43,-8,1]
[729,54,14,2,1]
[16384,-256,-207,-2,1]
[16384,2560,207,20,1]
[4096,-1280,384,-149,24,-5,1]
[4096,1792,784,215,49,7,1]
[14641,2057,161,17,1]
[256,0,32,-40,7,-10,2,0,1]
[16384,896,255,7,1]
[14641,-2178,289,-18,1]
[15625,-375,251,-3,1]
[256,-320,128,12,-27,3,8,-5,1]
[512,-384,152,-47,19,-6,1]
[4096,1792,832,195,52,7,1]
[6561,0,-61,0,1]
[15625,250,-174,2,1]
[6561,162,-73,2,1]
[256,0,48,-8,11,-2,3,0,1]
[256,64,-16,12,31,3,-1,1,1]
[256,192,32,-36,-27,-9,2,3,1]
[14641,-484,65,-4,1]
[16384,640,233,5,1]
[4096,512,528,33,33,2,1]
[4096,1024,480,59,30,4,1]
[4096,1024,144,-3,9,4,1]
[256,-192,80,-64,49,-16,5,-3,1]
[256,64,112,24,27,6,7,1,1]
[4096,0,-144,51,-9,0,1]
[512,192,-40,-33,-5,3,1]
[4096,1536,528,137,33,6,1]
[4096,896,109,14,1]
[4096,-1024,336,-91,21,-4,1]
[729,162,9,-20,1,2,1]
[729,-324,162,-70,18,-4,1]
[729,-81,72,-40,8,-1,1]
[4096,-1792,736,-211,46,-7,1]
[256,0,-32,-8,25,-2,-2,0,1]
[729,-243,-18,29,-2,-3,1]
[729,-81,-18,5,-2,-1,1]
[4096,-1792,544,-113,34,-7,1]
[15625,0,207,0,1]
[256,-320,272,-164,87,-41,17,-5,1]
[4096,-768,128,49,8,-3,1]
[4096,-256,224,-81,14,-1,1]
[256,-64,32,-16,-5,-4,2,-1,1]
[4096,-256,80,-97,5,-1,1]
[4096,256,384,-17,24,1,1]
[15625,500,231,4,1]
[14641,2904,346,24,1]
[4096,768,208,119,13,3,1]
[4096,-768,-160,127,-10,-3,1]
[4096,0,288,-41,18,0,1]
[4096,-1536,704,-173,44,-6,1]
[512,192,64,25,8,3,1]
[256,0,-48,20,17,5,-3,0,1]
[729,162,-18,-29,-2,2,1]
[4096,-1792,672,-177,42,-7,1]
[729,-81,27,23,3,-1,1]
[15625,750,102,6,1]
[4096,-1280,432,-101,27,-5,1]
[4096,-768,32,-5,2,-3,1]
[14641,484,237,4,1]
[4096,1792,160,-25,10,7,1]
[15625,1625,207,13,1]
[256,0,16,28,-5,7,1,0,1]
[4096,256,160,-15,10,1,1]
[729,162,27,-5,3,2,1]
[4096,-256,160,9,10,-1,1]
[4096,-512,368,-41,23,-2,1]
[6561,567,164,7,1]
[6561,486,5,6,1]
[4096,-512,96,59,6,-2,1]
[4096,-2048,768,-181,48,-8,1]
[4096,-512,192,-109,12,-2,1]
[15625,-1375,41,-11,1]
[256,-384,256,-116,53,-29,16,-6,1]
[729,324,90,11,10,4,1]
[4096,-256,448,-29,28,-1,1]
[256,-64,80,0,21,0,5,-1,1]
[4096,1344,237,21,1]
[512,-64,40,-9,5,-1,1]
[256,0,-48,0,21,0,-3,0,1]
[729,-324,-36,49,-4,-4,1]
[6561,648,104,8,1]
[4096,1792,400,73,25,7,1]
[4096,-1792,-112,157,-7,-7,1]
[64,-48,36,-15,9,-3,1]
[4096,256,-16,-81,-1,1,1]
[4096,2304,800,225,50,9,1]
[512,-256,104,-25,13,-4,1]
[2401,-98,78,-2,1]
[4096,-512,32,55,2,-2,1]
[4096,1024,512,121,32,4,1]
[4096,512,288,67,18,2,1]
[14641,1573,273,13,1]
[16384,2432,319,19,1]
[14641,3146,371,26,1]
[4096,-256,0,57,0,-1,1]
[4096,-1280,416,-127,26,-5,1]
[14641,1210,127,10,1]
[512,128,64,35,8,2,1]
[729,162,108,8,12,2,1]
[729,-486,234,-100,26,-6,1]
[16384,1280,251,10,1]
[4096,-1024,0,51,0,-4,1]
[4096,640,97,10,1]
[16384,-1152,91,-9,1]
[4096,-512,-192,35,-12,-2,1]
[14641,-242,-85,-2,1]
[729,-162,117,-44,13,-2,1]
[256,-192,160,-64,43,-16,10,-3,1]
[4096,-768,352,-39,22,-3,1]
[4096,-2304,880,-245,55,-9,1]
[4096,768,144,-1,9,3,1]
[4096,1280,736,147,46,5,1]
[15625,875,166,7,1]
[729,486,189,52,21,6,1]
[2401,784,129,16,1]
[1024,128,11,4,1]
[256,-320,192,-120,73,-30,12,-5,1]
[256,0,16,-8,25,-2,1,0,1]
[729,648,243,70,27,8,1]
[15625,-500,49,-4,1]
[4096,1792,448,77,28,7,1]
[729,405,27,-22,3,5,1]
[4096,1280,352,119,22,5,1]
[4096,1024,304,67,19,4,1]
[14641,726,-91,6,1]
[15625,-125,54,-1,1]
[625,25,27,1,1]
[14641,-4598,601,-38,1]
[256,256,128,64,35,16,8,4,1]
[729,-81,18,-38,2,-1,1]
[4096,-1536,560,-111,35,-6,1]
[4096,-2304,560,-115,35,-9,1]
[4096,-1024,32,77,2,-4,1]
[729,-324,108,-25,12,-4,1]
[729,351,86,13,1]
[16384,128,-203,1,1]
[256,128,112,20,15,5,7,2,1]
[4096,1024,173,16,1]
[729,324,18,-14,2,4,1]
[4096,-2816,1248,-375,78,-11,1]
[256,0,32,-16,7,-4,2,0,1]
[256,-192,16,48,-37,12,1,-3,1]
[256,64,112,28,35,7,7,1,1]
[15625,2875,294,23,1]
[14641,2904,288,24,1]
[15625,-250,121,-2,1]
[256,32,7,2,1]
[4096,-1792,160,27,10,-7,1]
[4096,512,336,83,21,2,1]
[4096,-1280,64,47,4,-5,1]
[256,0,96,12,23,3,6,0,1]
[15625,-125,-26,-1,1]
[6561,243,154,3,1]
[4096,0,224,75,14,0,1]
[4096,1024,240,107,15,4,1]
[4096,-3584,1632,-493,102,-14,1]
[16384,1152,-19,9,1]
[4096,-256,192,-53,12,-1,1]
[4096,512,320,83,20,2,1]
[4096,-2560,1104,-305,69,-10,1]
[4096,768,-112,-89,-7,3,1]
[256,-64,128,-8,35,-2,8,-1,1]
[4096,256,0,25,0,1,1]
[4096,1024,688,129,43,4,1]
[256,320,160,8,-17,2,10,5,1]
[256,-192,160,-56,35,-14,10,-3,1]
[729,0,27,37,3,0,1]
[4096,-3072,1360,-393,85,-12,1]
[16384,-3456,391,-27,1]
[15625,2000,162,16,1]
[4096,-1536,448,-107,28,-6,1]
[512,-192,16,3,2,-3,1]
[4096,-256,512,-49,32,-1,1]
[4096,-1024,-208,113,-13,-4,1]
[4096,0,-32,31,-2,0,1]
[4096,-512,304,-25,19,-2,1]
[256,64,0,12,19,3,0,1,1]
[6561,810,184,10,1]
[4096,-1024,0,45,0,-4,1]
[729,0,9,49,1,0,1]
[729,0,54,20,6,0,1]
[14641,2541,351,21,1]
[14641,605,215,5,1]
[4096,768,384,117,24,3,1]
[6561,972,187,12,1]
[4096,-1536,256,-37,16,-6,1]
[4096,0,592,-3,37,0,1]
[729,-351,92,-13,1]
[625,75,18,3,1]
[4096,0,-80,-63,-5,0,1]
[1024,-416,103,-13,1]
[16384,-3200,339,-25,1]
[15625,-875,121,-7,1]
[4096,1536,-112,-135,-7,6,1]
[6561,-729,113,-9,1]
[4096,768,128,83,8,3,1]
[4096,-1792,592,-187,37,-7,1]
[4096,256,112,-1,7,1,1]
[15625,-1250,159,-10,1]
[256,128,32,-36,-31,-9,2,2,1]
[15625,375,169,3,1]
[4096,2304,640,137,40,9,1]
[256,-64,64,-20,1,-5,4,-1,1]
[16384,-512,89,-4,1]
[14641,-363,107,-3,1]
[256,64,32,28,21,7,2,1,1]
[4096,-256,192,15,12,-1,1]
[15625,250,191,2,1]
[512,448,288,115,36,7,1]
[4096,768,288,65,18,3,1]
[14641,242,224,2,1]
[14641,-1936,288,-16,1]
[14641,-2541,281,-21,1]
[15625,-1000,8,-8,1]
[256,256,128,72,43,18,8,4,1]
[15625,750,117,6,1]
[15625,2500,231,20,1]
[6561,162,140,2,1]
[4096,-256,672,-35,42,-1,1]
[4096,-384,-9,-6,1]
[15625,-1375,47,-11,1]
[4096,-448,39,-7,1]
[14641,2662,292,22,1]
[4096,384,87,6,1]
[4096,-1536,-112,143,-7,-6,1]
[14641,847,-54,7,1]
[4096,512,224,91,14,2,1]
[512,64,48,-7,6,1,1]
[4096,768,160,19,10,3,1]
[256,-320,160,-4,-23,-1,10,-5,1]
[16384,-640,41,-5,1]
[4096,768,96,-21,6,3,1]
[4096,-2304,624,-143,39,-9,1]
[4096,1792,592,133,37,7,1]
[4096,768,256,43,16,3,1]
[4096,768,544,75,34,3,1]
[6561,729,104,9,1]
[4096,1536,368,59,23,6,1]
[4096,2048,816,203,51,8,1]
[4096,-1536,80,55,5,-6,1]
[6561,1701,265,21,1]
[4096,0,16,-97,1,0,1]
[14641,847,237,7,1]
[15625,2500,271,20,1]
[4096,1024,240,91,15,4,1]
[512,-128,-56,37,-7,-2,1]
[14641,-726,152,-6,1]
[4096,-768,352,-33,22,-3,1]
[4096,256,64,67,4,1,1]
[4096,1792,240,11,15,7,1]
[6561,-891,181,-11,1]
[729,27,-34,1,1]
[14641,-605,177,-5,1]
[4096,1280,640,141,40,5,1]
[6561,-81,-122,-1,1]
[2401,-196,-18,-4,1]
[14641,242,-93,2,1]
[4096,768,560,79,35,3,1]
[512,192,8,-21,1,3,1]
[4096,-256,80,-101,5,-1,1]
[4096,-256,-48,-35,-3,-1,1]
[4096,-256,-48,85,-3,-1,1]
[729,243,-18,-22,-2,3,1]
[64,-16,8,-11,2,-1,1]
[15625,875,-19,7,1]
[4096,1024,-32,-59,-2,4,1]
[14641,-847,-85,-7,1]
[4096,-1024,208,-13,13,-4,1]
[16384,-2432,295,-19,1]
[4096,1024,-16,-67,-1,4,1]
[256,0,96,-16,23,-4,6,0,1]
[729,324,189,61,21,4,1]
[4096,0,-48,19,-3,0,1]
[15625,-2125,191,-17,1]
[729,-324,-63,67,-7,-4,1]
[6561,81,-25,1,1]
[256,192,128,48,25,12,8,3,1]
[15625,-2250,183,-18,1]
[16384,1280,247,10,1]
[4096,-1536,112,53,7,-6,1]
[16384,256,-77,2,1]
[256,64,-32,0,3,0,-2,1,1]
[729,-162,54,-11,6,-2,1]
[4096,1792,528,115,33,7,1]
[4096,-768,240,-39,15,-3,1]
[729,-243,99,-11,11,-3,1]
[4096,1024,336,113,21,4,1]
[256,64,96,80,17,20,6,1,1]
[4096,-768,272,-21,17,-3,1]
[256,0,0,-12,21,-3,0,0,1]
[4096,256,608,27,38,1,1]
[256,64,96,4,25,1,6,1,1]
[16384,3840,435,30,1]
[512,576,320,127,40,9,1]
[4096,-1024,-96,95,-6,-4,1]
[4096,1536,32,-49,2,6,1]
[256,128,128,56,49,14,8,2,1]
[4096,-1536,-176,159,-11,-6,1]
[4096,-256,144,-73,9,-1,1]
[15625,1250,104,10,1]
[729,-324,72,-5,8,-4,1]
[15625,125,81,1,1]
[16384,768,53,6,1]
[4096,1024,240,21,15,4,1]
[15625,-625,18,-5,1]
[256,-64,-32,20,-5,5,-2,-1,1]
[256,192,-16,-4,21,-1,-1,3,1]
[4096,320,-41,5,1]
[4096,-2816,1264,-371,79,-11,1]
[512,64,88,25,11,1,1]
[4096,1536,832,177,52,6,1]
[4096,-256,-128,57,-8,-1,1]
[2401,-49,95,-1,1]
[256,192,32,32,35,8,2,3,1]
[6561,-81,71,-1,1]
[15625,-2125,152,-17,1]
[4096,768,240,9,15,3,1]
[4096,768,272,43,17,3,1]
[256,128,80,-4,3,-1,5,2,1]
[4096,64,55,1,1]
[729,0,-18,22,-2,0,1]
[256,-192,144,-48,25,-12,9,-3,1]
[4096,1280,496,161,31,5,1]
[4096,0,64,-51,4,0,1]
[15625,1000,259,8,1]
[256,64,16,-36,-13,-9,1,1,1]
[6561,1296,185,16,1]
[4096,1536,256,59,16,6,1]
[729,-243,45,-29,5,-3,1]
[4096,-640,117,-10,1]
[256,-128,64,-8,13,-2,4,-2,1]
[256,-64,0,16,-9,4,0,-1,1]
[729,243,45,2,5,3,1]
[4096,-1792,368,-49,23,-7,1]
[6561,-81,-16,-1,1]
[4096,-2048,880,-239,55,-8,1]
[4096,-1024,224,-109,14,-4,1]
[4096,-256,320,27,20,-1,1]
[4096,-2048,864,-243,54,-8,1]
[14641,2057,291,17,1]
[729,0,54,11,6,0,1]
[256,-192,96,-20,7,-5,6,-3,1]
[256,128,-32,0,17,0,-2,2,1]
[256,384,304,164,81,41,19,6,1]
[4096,-768,64,-19,4,-3,1]
[2401,98,55,2,1]
[4096,-256,48,-35,3,-1,1]
[6561,-486,139,-6,1]
[256,0,48,8,-7,2,3,0,1]
[4096,-768,416,-107,26,-3,1]
[256,-128,128,-64,49,-16,8,-2,1]
[4096,-256,688,-31,43,-1,1]
[256,64,48,20,13,5,3,1,1]
[15625,-250,-41,-2,1]
[4096,-2560,1184,-325,74,-10,1]
[14641,-1573,257,-13,1]
[2401,392,67,8,1]
[256,128,32,-36,-21,-9,2,2,1]
[4096,2304,944,243,59,9,1]
[4096,-1536,263,-24,1]
[729,-324,82,-12,1]
[256,0,-32,-24,11,-6,-2,0,1]
[4096,512,96,-43,6,2,1]
[6561,1215,215,15,1]
[15625,-1500,219,-12,1]
[729,648,360,142,40,8,1]
[4096,768,144,51,9,3,1]
[4096,-2816,848,-195,53,-11,1]
[4096,-1792,448,-69,28,-7,1]
[14641,-121,-13,-1,1]
[15625,125,-102,1,1]
[4096,0,-16,-11,-1,0,1]
[4096,1280,32,-45,2,5,1]
[729,-486,297,-106,33,-6,1]
[4096,-2048,400,-67,25,-8,1]
[4096,2816,832,187,52,11,1]
[14641,-484,84,-4,1]
[729,-162,-18,31,-2,-2,1]
[6561,-1377,199,-17,1]
[729,81,81,41,9,1,1]
[729,-135,40,-5,1]
[1024,-160,31,-5,1]
[4096,0,208,-71,13,0,1]
[4096,-1792,480,-107,30,-7,1]
[512,192,-8,-29,-1,3,1]
[6561,-162,-106,-2,1]
[4096,-512,32,-3,2,-2,1]
[4096,1280,-16,-89,-1,5,1]
[4096,256,224,-49,14,1,1]
[16384,1024,269,8,1]
[6561,729,130,9,1]
[4096,-256,144,27,9,-1,1]
[4096,-1280,-112,119,-7,-5,1]
[4096,0,-80,-87,-5,0,1]
[729,-243,162,-41,18,-3,1]
[4096,1024,224,1,14,4,1]
[4096,-1280,560,-127,35,-5,1]
[625,-75,-16,-3,1]
[256,-192,32,16,-13,4,2,-3,1]
[14641,-968,-50,-8,1]
[512,-128,72,-7,9,-2,1]
[625,100,21,4,1]
[256,0,48,-20,5,-5,3,0,1]
[256,128,144,56,43,14,9,2,1]
[729,270,65,10,1]
[4096,-1024,672,-121,42,-4,1]
[14641,-242,4,-2,1]
[729,-405,117,-40,13,-5,1]
[256,-64,48,28,-3,7,3,-1,1]
[2401,392,108,8,1]
[512,0,-24,-17,-3,0,1]
[4096,2048,864,241,54,8,1]
[15625,1000,239,8,1]
[4096,-1280,192,15,12,-5,1]
[729,486,171,53,19,6,1]
[14641,3509,421,29,1]
[6561,243,65,3,1]
[4096,-1792,320,-59,20,-7,1]
[512,512,296,119,37,8,1]
[4096,-256,64,-33,4,-1,1]
[4096,256,48,7,3,1,1]
[4096,-768,320,-91,20,-3,1]
[15625,-1500,59,-12,1]
[729,-810,477,-191,53,-10,1]
[4096,1792,368,59,23,7,1]
[256,-320,240,-156,85,-39,15,-5,1]
[256,-320,320,-204,119,-51,20,-5,1]
[4096,512,112,89,7,2,1]
[14641,-484,241,-4,1]
[4096,768,208,109,13,3,1]
[15625,-125,109,-1,1]
[4096,256,0,-19,0,1,1]
[6561,-2268,355,-28,1]
[14641,1089,109,9,1]
[729,0,18,46,2,0,1]
[4096,-512,208,-93,13,-2,1]
[729,405,110,15,1]
[729,-81,126,-25,14,-1,1]
[4096,512,87,8,1]
[4096,256,128,-63,8,1,1]
[256,64,48,20,11,5,3,1,1]
[15625,1375,1,11,1]
[512,-64,64,-3,8,-1,1]
[4096,-384,87,-6,1]
[4096,1024,464,113,29,4,1]
[256,64,-16,12,29,3,-1,1,1]
[6561,-243,-14,-3,1]
[729,-162,72,-50,8,-2,1]
[4096,-1024,400,-81,25,-4,1]
[4096,-512,240,7,15,-2,1]
[256,192,128,68,43,17,8,3,1]
[14641,-3872,470,-32,1]
[4096,-256,-160,73,-10,-1,1]
[729,27,-2,1,1]
[6561,0,139,0,1]
[4096,0,80,-17,5,0,1]
[14641,2420,338,20,1]
[6561,-729,83,-9,1]
[4096,-2048,704,-221,44,-8,1]
[14641,-605,-80,-5,1]
[6561,1134,208,14,1]
[14641,-242,153,-2,1]
[4096,-2816,1232,-347,77,-11,1]
[4096,-1536,752,-187,47,-6,1]
[4096,-1024,-112,69,-7,-4,1]
[256,0,0,-8,13,-2,0,0,1]
[625,75,12,3,1]
[256,64,32,20,-11,5,2,1,1]
[16384,1024,229,8,1]
[14641,1452,238,12,1]
[4096,1536,656,159,41,6,1]
[729,-405,216,-82,24,-5,1]
[4096,-1280,480,-129,30,-5,1]
[512,576,376,161,47,9,1]
[4096,-128,-49,-2,1]
[729,-324,18,7,2,-4,1]
[16384,640,-95,5,1]
[4096,768,320,117,20,3,1]
[4096,-768,144,-21,9,-3,1]
[14641,-121,126,-1,1]
[6561,2106,319,26,1]
[4096,-2048,48,105,3,-8,1]
[256,64,-80,8,33,2,-5,1,1]
[15625,1375,192,11,1]
[256,-320,320,-232,127,-58,20,-5,1]
[15625,1000,27,8,1]
[512,256,88,29,11,4,1]
[256,-320,208,-148,93,-37,13,-5,1]
[4096,-1536,64,53,4,-6,1]
[4096,1024,-16,-23,-1,4,1]
[15625,-4375,539,-35,1]
[512,-128,24,-21,3,-2,1]
[4096,0,288,-61,18,0,1]
[256,-192,64,-48,41,-12,4,-3,1]
[14641,-363,90,-3,1]
[14641,121,8,1,1]
[4096,0,240,-1,15,0,1]
[256,128,96,36,21,9,6,2,1]
[14641,-1936,294,-16,1]
[256,128,32,-12,-19,-3,2,2,1]
[4096,0,288,-29,18,0,1]
[512,256,56,9,7,4,1]
[4096,-768,624,-77,39,-3,1]
[6561,567,35,7,1]
[256,-64,48,-12,-3,-3,3,-1,1]
[2401,-98,-9,-2,1]
[2401,588,97,12,1]
[256,64,16,0,1,0,1,1,1]
[256,256,96,-4,-13,-1,6,4,1]
[256,-64,48,-32,25,-8,3,-1,1]
[6561,-405,52,-5,1]
[15625,750,212,6,1]
[4096,-1024,208,15,13,-4,1]
[256,0,32,-16,1,-4,2,0,1]
[1024,192,17,6,1]
[256,0,0,16,17,4,0,0,1]
[4096,-768,-32,95,-2,-3,1]
[256,-192,64,-28,15,-7,4,-3,1]
[4096,1024,-32,-97,-2,4,1]
[729,-81,-10,-3,1]
[15625,625,43,5,1]
[4096,1536,192,-11,12,6,1]
[15625,-250,24,-2,1]
[4096,2304,1072,283,67,9,1]
[4096,1536,-32,-87,-2,6,1]
[4096,-1536,560,-119,35,-6,1]
[16384,-2944,351,-23,1]
[4096,-1536,464,-115,29,-6,1]
[256,384,400,292,167,73,25,6,1]
[15625,-125,132,-1,1]
[256,-64,0,-12,-3,-3,0,-1,1]
[729,81,81,35,9,1,1]
[512,-320,160,-71,20,-5,1]
[4096,256,400,57,25,1,1]
[4096,-512,320,-1,20,-2,1]
[4096,-1024,128,27,8,-4,1]
[256,-192,96,-52,33,-13,6,-3,1]
[4096,-2048,944,-251,59,-8,1]
[256,-320,304,-216,121,-54,19,-5,1]
[256,128,112,52,37,13,7,2,1]
[256,-256,144,-72,37,-18,9,-4,1]
[4096,-256,-64,-51,-4,-1,1]
[256,128,112,52,25,13,7,2,1]
[729,81,171,14,19,1,1]
[4096,-4096,1984,-603,124,-16,1]
[2401,-98,-3,-2,1]
[4096,0,-96,-79,-6,0,1]
[4096,512,96,-65,6,2,1]
[4096,-256,144,-33,9,-1,1]
[14641,-2541,296,-21,1]
[6561,-162,-23,-2,1]
[4096,1024,496,111,31,4,1]
[4096,1280,336,91,21,5,1]
[729,324,126,49,14,4,1]
[1024,0,-15,0,1]
[4096,960,125,15,1]
[4096,-1024,576,-111,36,-4,1]
[4096,-1280,352,-65,22,-5,1]
[14641,-484,234,-4,1]
[16384,-2176,169,-17,1]
[256,64,80,20,29,5,5,1,1]
[15625,-750,176,-6,1]
[4096,512,288,11,18,2,1]
[4096,0,192,29,12,0,1]
[4096,-2560,848,-209,53,-10,1]
[4096,-1280,432,-137,27,-5,1]
[16384,-3328,401,-26,1]
[4096,-2304,784,-203,49,-9,1]
[4096,2816,1184,367,74,11,1]
[729,324,189,55,21,4,1]
[15625,3375,401,27,1]
[15625,-500,87,-4,1]
[512,0,56,-15,7,0,1]
[4096,1280,608,161,38,5,1]
[4096,-448,57,-7,1]
[4096,-512,-16,49,-1,-2,1]
[14641,363,239,3,1]
[4096,256,64,-77,4,1,1]
[256,64,0,-4,-15,-1,0,1,1]
[256,64,80,-20,3,-5,5,1,1]
[256,-192,0,0,17,0,0,-3,1]
[1024,192,29,6,1]
[4096,-1536,-192,171,-12,-6,1]
[4096,-1536,320,-91,20,-6,1]
[1024,0,-51,0,1]
[2401,-392,95,-8,1]
[4096,-256,80,11,5,-1,1]
[4096,-1280,480,-91,30,-5,1]
[15625,125,64,1,1]
[625,-150,52,-6,1]
[4096,-768,-176,131,-11,-3,1]
[256,0,0,8,17,2,0,0,1]
[4096,-1792,816,-189,51,-7,1]
[16384,2304,255,18,1]
[4096,0,416,-39,26,0,1]
[15625,1750,139,14,1]
[4096,0,16,61,1,0,1]
[4096,-512,384,-85,24,-2,1]
[15625,1500,284,12,1]
[256,384,304,188,103,47,19,6,1]
[256,128,144,68,47,17,9,2,1]
[729,-243,27,14,3,-3,1]
[256,0,48,4,-1,1,3,0,1]
[729,-243,162,-43,18,-3,1]
[4096,256,-144,-13,-9,1,1]
[4096,256,64,-51,4,1,1]
[512,-256,144,-47,18,-4,1]
[729,-243,0,25,0,-3,1]
[4096,-2304,624,-135,39,-9,1]
[729,108,53,4,1]
[256,-64,96,20,9,5,6,-1,1]
[15625,2375,242,19,1]
[15625,-1875,217,-15,1]
[4096,256,208,53,13,1,1]
[512,-256,80,-17,10,-4,1]
[729,-162,90,-53,10,-2,1]
[729,81,54,2,6,1,1]
[14641,-605,73,-5,1]
[15625,1000,202,8,1]
[15625,-2125,179,-17,1]
[15625,-1375,28,-11,1]
[4096,-1024,80,23,5,-4,1]
[2401,441,55,9,1]
[256,-64,0,12,-15,3,0,-1,1]
[4096,3584,1712,517,107,14,1]
[6561,405,-16,5,1]
[14641,-2904,383,-24,1]
[14641,726,241,6,1]
[4096,1536,768,175,48,6,1]
[2401,294,82,6,1]
[4096,-256,208,-5,13,-1,1]
[729,-324,162,-55,18,-4,1]
[16384,2304,325,18,1]
[4096,-2304,1120,-299,70,-9,1]
[256,64,48,28,5,7,3,1,1]
[6561,-1053,106,-13,1]
[4096,512,416,91,26,2,1]
[256,-192,128,-76,53,-19,8,-3,1]
[16384,-2048,279,-16,1]
[4096,2304,800,231,50,9,1]
[256,-64,0,-20,7,-5,0,-1,1]
[14641,1452,112,12,1]
[729,54,-5,2,1]
[4096,256,368,5,23,1,1]
[14641,726,29,6,1]
[729,648,297,101,33,8,1]
[14641,-726,119,-6,1]
[256,320,160,28,-1,7,10,5,1]
[14641,726,43,6,1]
[6561,-1134,155,-14,1]
[4096,1536,608,195,38,6,1]
[729,0,23,0,1]
[729,-405,189,-82,21,-5,1]
[4096,-3328,1376,-397,86,-13,1]
[4096,768,224,111,14,3,1]
[4096,-1280,416,-151,26,-5,1]
[512,-128,128,-23,16,-2,1]
[4096,-1024,656,-121,41,-4,1]
[256,192,128,56,29,14,8,3,1]
[512,64,16,11,2,1,1]
[4096,-256,48,-101,3,-1,1]
[14641,-1694,238,-14,1]
[4096,-3328,1520,-449,95,-13,1]
[4096,-1792,416,-89,26,-7,1]
[256,-128,-32,28,-3,7,-2,-2,1]
[256,128,16,-40,-25,-10,1,2,1]
[14641,-242,138,-2,1]
[4096,1280,-160,-153,-10,5,1]
[14641,-1815,221,-15,1]
[729,405,216,77,24,5,1]
[729,81,-9,-5,-1,1,1]
[4096,256,368,33,23,1,1]
[4096,-1280,752,-155,47,-5,1]
[16384,1792,127,14,1]
[512,-192,-56,53,-7,-3,1]
[14641,-2178,287,-18,1]
[6561,-1782,253,-22,1]
[256,192,32,0,3,0,2,3,1]
[729,0,-40,0,1]
[15625,125,222,1,1]
[256,-320,208,-100,47,-25,13,-5,1]
[81,0,-10,0,1]
[256,0,-48,0,19,0,-3,0,1]
[512,64,-16,-27,-2,1,1]
[729,162,81,43,9,2,1]
[2401,-98,13,-2,1]
[15625,3125,383,25,1]
[16384,384,23,3,1]
[256,64,-48,-24,7,-6,-3,1,1]
[4096,-1536,544,-123,34,-6,1]
[729,324,207,59,23,4,1]
[4096,3072,1152,319,72,12,1]
[4096,2304,768,195,48,9,1]
[512,64,64,15,8,1,1]
[4096,-2560,1008,-307,63,-10,1]
[16384,-896,65,-7,1]
[512,0,8,17,1,0,1]
[256,64,96,4,21,1,6,1,1]
[4096,1024,208,59,13,4,1]
[729,324,36,-2,4,4,1]
[729,162,9,7,1,2,1]
[4096,1280,464,133,29,5,1]
[4096,256,-224,-39,-14,1,1]
[14641,-1573,162,-13,1]
[256,0,96,16,19,4,6,0,1]
[256,-128,64,-48,35,-12,4,-2,1]
[4096,-256,-176,45,-11,-1,1]
[512,-64,112,-3,14,-1,1]
[256,-64,80,-12,9,-3,5,-1,1]
[2401,-686,145,-14,1]
[4096,-256,-16,9,-1,-1,1]
[16384,-384,31,-3,1]
[4096,1536,624,143,39,6,1]
[14641,-242,195,-2,1]
[4096,256,-32,-89,-2,1,1]
[4096,-768,368,-97,23,-3,1]
[256,64,96,28,33,7,6,1,1]
[14641,1573,267,13,1]
[64,8,11,1,1]
[4096,-256,48,99,3,-1,1]
[2401,-49,37,-1,1]
[2401,-343,31,-7,1]
[14641,0,70,0,1]
[15625,125,-26,1,1]
[4096,-256,160,-33,10,-1,1]
[512,192,120,31,15,3,1]
[256,0,-16,12,-7,3,-1,0,1]
[4096,-512,592,-49,37,-2,1]
[256,-192,80,-52,35,-13,5,-3,1]
[14641,-1331,113,-11,1]
[14641,-363,127,-3,1]
[256,64,16,0,-21,0,1,1,1]
[4096,512,240,91,15,2,1]
[4096,1024,176,-23,11,4,1]
[4096,1536,0,-65,0,6,1]
[16384,640,15,5,1]
[4096,0,192,-17,12,0,1]
[4096,-1280,464,-157,29,-5,1]
[4096,-256,32,23,2,-1,1]
[4096,-768,288,7,18,-3,1]
[4096,256,-160,-47,-10,1,1]
[4096,-256,117,-4,1]
[256,128,80,20,13,5,5,2,1]
[4096,3328,1520,447,95,13,1]
[4096,3072,1344,389,84,12,1]
[4096,768,704,95,44,3,1]
[256,256,240,164,87,41,15,4,1]
[4096,-256,96,47,6,-1,1]
[15625,-375,-24,-3,1]
[14641,-2057,201,-17,1]
[256,-64,-80,8,19,2,-5,-1,1]
[729,-405,81,-2,9,-5,1]
[15625,2250,306,18,1]
[15625,125,-154,1,1]
[729,0,90,-4,10,0,1]
[14641,-605,181,-5,1]
[256,192,80,-16,-19,-4,5,3,1]
[512,-64,96,-13,12,-1,1]
[4096,1024,368,27,23,4,1]
[14641,-363,160,-3,1]
[625,-125,7,-5,1]
[4096,2048,624,169,39,8,1]
[256,128,-32,20,39,5,-2,2,1]
[14641,121,161,1,1]
[2401,147,88,3,1]
[4096,512,128,-43,8,2,1]
[4096,1536,400,109,25,6,1]
[4096,256,144,-5,9,1,1]
[4096,-3584,1616,-477,101,-14,1]
[4096,0,512,-23,32,0,1]
[729,-162,117,-47,13,-2,1]
[4096,-256,528,-43,33,-1,1]
[4096,512,79,8,1]
[4096,-1024,320,-105,20,-4,1]
[14641,-1331,13,-11,1]
[256,-192,96,12,-11,3,6,-3,1]
[14641,2057,212,17,1]
[16384,-2560,273,-20,1]
[4096,-768,352,-47,22,-3,1]
[15625,125,213,1,1]
[4096,1792,592,171,37,7,1]
[4096,1792,560,145,35,7,1]
[15625,-1000,222,-8,1]
[4096,0,-16,-29,-1,0,1]
[4096,1536,304,29,19,6,1]
[512,192,144,31,18,3,1]
[256,-128,16,16,-9,4,1,-2,1]
[4096,768,336,85,21,3,1]
[512,320,128,37,16,5,1]
[4096,512,304,27,19,2,1]
[14641,2783,302,23,1]
[15625,-125,92,-1,1]
[4096,1536,640,149,40,6,1]
[4096,768,416,63,26,3,1]
[14641,-2299,235,-19,1]
[2401,196,81,4,1]
[256,320,240,144,79,36,15,5,1]
[256,192,48,12,11,3,3,3,1]
[15625,0,-23,0,1]
[4096,-2048,304,-19,19,-8,1]
[4096,-2304,656,-167,41,-9,1]
[256,-64,80,-4,15,-1,5,-1,1]
[4096,-1792,96,59,6,-7,1]
[4096,-1792,864,-215,54,-7,1]
[16384,-256,-47,-2,1]
[15625,-750,191,-6,1]
[4096,768,496,107,31,3,1]
[15625,2875,341,23,1]
[14641,2783,373,23,1]
[729,-27,47,-1,1]
[256,192,144,64,33,16,9,3,1]
[2401,-98,-69,-2,1]
[64,-16,-8,5,-2,-1,1]
[256,-128,80,-52,13,-13,5,-2,1]
[512,-128,-16,17,-2,-2,1]
[15625,-625,87,-5,1]
[14641,2420,323,20,1]
[4096,704,131,11,1]
[4096,-768,432,-79,27,-3,1]
[256,192,160,92,55,23,10,3,1]
[14641,-2541,229,-21,1]
[4096,0,272,-5,17,0,1]
[4096,2560,544,79,34,10,1]
[256,128,112,52,43,13,7,2,1]
[729,81,-9,-20,-1,1,1]
[4096,2816,976,253,61,11,1]
[14641,2178,214,18,1]
[16384,-512,-111,-4,1]
[49,6,1]
[2401,245,93,5,1]
[14641,242,-129,2,1]
[4096,256,0,71,0,1,1]
[4096,-128,47,-2,1]
[16384,-1280,191,-10,1]
[81,0,-13,0,1]
[15625,875,24,7,1]
[256,-64,48,0,17,0,3,-1,1]
[15625,-375,201,-3,1]
[4096,-1024,448,-115,28,-4,1]
[16384,256,251,2,1]
[4096,0,176,73,11,0,1]
[256,-128,80,-16,15,-4,5,-2,1]
[4096,-512,96,-57,6,-2,1]
[4096,1280,352,83,22,5,1]
[625,-25,-27,-1,1]
[2401,147,50,3,1]
[16384,256,127,2,1]
[4096,-1280,-128,109,-8,-5,1]
[4096,-768,432,-29,27,-3,1]
[15625,3000,357,24,1]
[16384,-3584,407,-28,1]
[4096,-256,80,-25,5,-1,1]
[256,192,160,88,57,22,10,3,1]
[256,192,16,-28,-13,-7,1,3,1]
[16384,-256,83,-2,1]
[4096,-1792,384,-69,24,-7,1]
[4096,-3328,1504,-453,94,-13,1]
[4096,-256,-112,5,-7,-1,1]
[4096,-768,176,-25,11,-3,1]
[14641,2420,321,20,1]
[15625,0,64,0,1]
[256,128,64,-28,-13,-7,4,2,1]
[4096,512,144,39,9,2,1]
[14641,363,-89,3,1]
[14641,-2057,197,-17,1]
[256,-256,96,-72,57,-18,6,-4,1]
[15625,250,136,2,1]
[256,-128,-16,36,-15,9,-1,-2,1]
[15625,625,191,5,1]
[14641,968,-26,8,1]
[14641,-121,-35,-1,1]
[256,192,128,80,51,20,8,3,1]
[729,162,-54,-22,-6,2,1]
[4096,512,656,51,41,2,1]
[4096,-1024,32,9,2,-4,1]
[4096,0,544,-5,34,0,1]
[256,0,16,4,7,1,1,0,1]
[15625,500,113,4,1]
[6561,-1863,292,-23,1]
[4096,-256,128,-13,8,-1,1]
[14641,-1936,111,-16,1]
[256,-192,0,20,-1,5,0,-3,1]
[4096,512,-32,47,-2,2,1]
[14641,-242,-127,-2,1]
[15625,-3500,381,-28,1]
[14641,121,-206,1,1]
[14641,2057,182,17,1]
[6561,81,-11,1,1]
[729,81,27,22,3,1,1]
[6561,567,59,7,1]
[16384,1152,151,9,1]
[14641,2057,177,17,1]
[4096,512,320,59,20,2,1]
[4096,1280,480,157,30,5,1]
[4096,-2560,848,-221,53,-10,1]
[4096,-768,176,-39,11,-3,1]
[4096,-256,-176,-3,-11,-1,1]
[14641,-2299,186,-19,1]
[4096,1024,352,45,22,4,1]
[14641,-1573,267,-13,1]
[2401,98,27,2,1]
[256,-64,64,-44,1,-11,4,-1,1]
[4096,-256,128,-107,8,-1,1]
[512,64,136,9,17,1,1]
[14641,2057,277,17,1]
[256,-320,208,-140,85,-35,13,-5,1]
[256,256,208,148,81,37,13,4,1]
[16384,-512,85,-4,1]
[15625,1125,-1,9,1]
[14641,605,125,5,1]
[4096,-256,96,33,6,-1,1]
[512,256,112,51,14,4,1]
[4096,-1280,768,-143,48,-5,1]
[6561,486,-40,6,1]
[15625,0,-182,0,1]
[4096,-1792,480,-129,30,-7,1]
[4096,-1024,352,-43,22,-4,1]
[512,256,128,49,16,4,1]
[4096,2560,1088,299,68,10,1]
[4096,-512,192,-119,12,-2,1]
[15625,1500,179,12,1]
[4096,-2304,1008,-285,63,-9,1]
[15625,-2750,252,-22,1]
[4096,1024,368,151,23,4,1]
[4096,256,-128,-51,-8,1,1]
[81,27,7,3,1]
[4096,-1792,448,-73,28,-7,1]
[4096,-2304,800,-199,50,-9,1]
[15625,-1750,106,-14,1]
[4096,-1536,176,-5,11,-6,1]
[4096,1280,432,99,27,5,1]
[729,324,-63,-73,-7,4,1]
[256,64,32,-44,-15,-11,2,1,1]
[14641,-1331,90,-11,1]
[4096,-2048,640,-167,40,-8,1]
[6561,486,28,6,1]
[729,162,9,-2,1,2,1]
[512,0,48,-11,6,0,1]
[4096,256,176,21,11,1,1]
[15625,-625,98,-5,1]
[4096,768,656,87,41,3,1]
[4096,-768,128,-81,8,-3,1]
[4096,-256,128,75,8,-1,1]
[4096,2560,1104,321,69,10,1]
[256,0,16,-36,-3,-9,1,0,1]
[729,0,189,-1,21,0,1]
[256,-384,368,-248,139,-62,23,-6,1]
[729,81,5,3,1]
[256,-64,33,-4,1]
[15625,3250,339,26,1]
[729,-243,-54,59,-6,-3,1]
[256,-384,432,-316,185,-79,27,-6,1]
[4096,-320,59,-5,1]
[64,-32,28,-15,7,-2,1]
[16384,1280,-27,10,1]
[4096,1536,0,-97,0,6,1]
[6561,0,19,0,1]
[729,162,207,35,23,2,1]
[16384,3840,479,30,1]
[729,-243,9,10,1,-3,1]
[14641,-605,54,-5,1]
[256,0,0,-4,-9,-1,0,0,1]
[4096,-1024,144,-65,9,-4,1]
[729,324,81,4,9,4,1]
[14641,-1452,263,-12,1]
[4096,-1024,64,19,4,-4,1]
[4096,1024,-64,-113,-4,4,1]
[256,-256,96,-20,7,-5,6,-4,1]
[256,0,-80,8,17,2,-5,0,1]
[256,192,64,16,5,4,4,3,1]
[256,-128,96,-56,27,-14,6,-2,1]
[4096,1792,800,207,50,7,1]
[256,-192,80,-12,1,-3,5,-3,1]
[4096,0,32,17,2,0,1]
[6561,567,100,7,1]
[4096,2304,384,25,24,9,1]
[4096,0,-48,75,-3,0,1]
[4096,0,112,-51,7,0,1]
[4096,-1280,16,39,1,-5,1]
[15625,2250,282,18,1]
[256,64,0,8,1,2,0,1,1]
[4096,-1536,224,-13,14,-6,1]
[14641,1573,196,13,1]
[14641,-2904,375,-24,1]
[4096,0,16,23,1,0,1]
[625,0,4,0,1]
[16384,-896,189,-7,1]
[14641,-1936,290,-16,1]
[14641,-847,100,-7,1]
[15625,-250,191,-2,1]
[256,-64,32,0,-11,0,2,-1,1]
[512,0,40,21,5,0,1]
[729,-567,270,-97,30,-7,1]
[729,81,180,13,20,1,1]
[4096,256,528,21,33,1,1]
[256,0,64,12,7,3,4,0,1]
[15625,-500,218,-4,1]
[4096,1536,592,145,37,6,1]
[4096,-2048,736,-215,46,-8,1]
[729,297,65,11,1]
[14641,726,10,6,1]
[4096,-1536,336,-69,21,-6,1]
[15625,0,-99,0,1]
[14641,1815,243,15,1]
[256,128,16,-44,-21,-11,1,2,1]
[256,-64,-48,-8,23,-2,-3,-1,1]
[4096,-1792,624,-133,39,-7,1]
[4096,-1536,-32,99,-2,-6,1]
[4096,-1024,320,-129,20,-4,1]
[4096,512,288,87,18,2,1]
[256,128,48,36,33,9,3,2,1]
[14641,0,-212,0,1]
[729,162,81,-5,9,2,1]
[4096,0,48,99,3,0,1]
[6561,-2349,364,-29,1]
[16384,-1792,283,-14,1]
[6561,-972,80,-12,1]
[256,0,48,-16,23,-4,3,0,1]
[1024,-192,69,-6,1]
[4096,-1280,544,-117,34,-5,1]
[4096,0,352,29,22,0,1]
[256,192,128,60,39,15,8,3,1]
[15625,-2125,143,-17,1]
[256,-64,80,-8,25,-2,5,-1,1]
[729,243,45,-16,5,3,1]
[256,-128,16,28,-9,7,1,-2,1]
[512,-256,96,-25,12,-4,1]
[15625,-125,219,-1,1]
[256,-112,33,-7,1]
[729,-162,27,4,3,-2,1]
[14641,-847,-8,-7,1]
[4096,2048,768,229,48,8,1]
[256,0,80,-4,15,-1,5,0,1]
[15625,1875,272,15,1]
[256,-256,112,-88,65,-22,7,-4,1]
[729,-405,144,-31,16,-5,1]
[14641,484,-2,4,1]
[4096,2304,624,135,39,9,1]
[15625,375,-19,3,1]
[729,-81,36,-28,4,-1,1]
[14641,1089,102,9,1]
[15625,-625,-58,-5,1]
[6561,1053,172,13,1]
[4096,1024,176,81,11,4,1]
[14641,1210,25,10,1]
[14641,484,219,4,1]
[729,405,198,68,22,5,1]
[4096,512,304,103,19,2,1]
[4096,256,464,43,29,1,1]
[15625,-250,-184,-2,1]
[256,-64,21,-4,1]
[15625,-375,104,-3,1]
[16384,3840,455,30,1]
[14641,-605,-54,-5,1]
[16384,4096,487,32,1]
[4096,1280,448,139,28,5,1]
[4096,256,128,-13,8,1,1]
[2401,0,-33,0,1]
[729,-162,-36,32,-4,-2,1]
[4096,512,112,77,7,2,1]
[4096,-2048,320,-19,20,-8,1]
[4096,-256,192,-75,12,-1,1]
[4096,-2048,944,-237,59,-8,1]
[14641,605,-73,5,1]
[512,384,216,77,27,6,1]
[15625,-250,-58,-2,1]
[4096,-256,208,-3,13,-1,1]
[15625,-3500,404,-28,1]
[729,81,27,8,3,1,1]
[512,-192,24,3,3,-3,1]
[16384,-256,-85,-2,1]
[4096,-512,144,59,9,-2,1]
[4096,1536,16,-83,1,6,1]
[256,64,0,0,-3,0,0,1,1]
[4096,512,-48,11,-3,2,1]
[15625,1250,158,10,1]
[512,0,64,-1,8,0,1]
[16384,384,-121,3,1]
[256,0,16,20,-5,5,1,0,1]
[15625,-750,216,-6,1]
[14641,1815,257,15,1]
[4096,-1024,240,-105,15,-4,1]
[729,0,-18,-35,-2,0,1]
[16384,0,253,0,1]
[16384,-1408,27,-11,1]
[256,64,48,16,27,4,3,1,1]
[4096,-512,-64,-21,-4,-2,1]
[729,81,-18,-41,-2,1,1]
[256,-128,96,-72,27,-18,6,-2,1]
[4096,1792,160,-35,10,7,1]
[4096,-3584,1616,-487,101,-14,1]
[4096,3328,1296,355,81,13,1]
[14641,-605,-48,-5,1]
[256,0,48,32,-5,8,3,0,1]
[729,891,585,238,65,11,1]
[512,-64,80,5,10,-1,1]
[256,-256,64,-8,9,-2,4,-4,1]
[4096,-1792,32,93,2,-7,1]
[4096,0,109,0,1]
[4096,-1024,-16,75,-1,-4,1]
[14641,-3509,434,-29,1]
[4096,-256,16,107,1,-1,1]
[4096,768,192,83,12,3,1]
[4096,-512,336,-77,21,-2,1]
[4096,-768,576,-75,36,-3,1]
[729,-243,243,-52,27,-3,1]
[64,-32,32,-13,8,-2,1]
[4096,0,16,63,1,0,1]
[4096,768,160,-7,10,3,1]
[4096,768,304,7,19,3,1]
[4096,1536,304,17,19,6,1]
[4096,-768,304,-13,19,-3,1]
[14641,-847,189,-7,1]
[256,-192,64,-16,1,-4,4,-3,1]
[6561,-81,-91,-1,1]
[256,0,48,-8,13,-2,3,0,1]
[256,-192,160,-104,47,-26,10,-3,1]
[512,-640,408,-173,51,-10,1]
[4096,256,64,71,4,1,1]
[256,0,48,24,-5,6,3,0,1]
[14641,121,-199,1,1]
[6561,0,134,0,1]
[2401,490,114,10,1]
[4096,2816,1088,313,68,11,1]
[4096,-1280,512,-95,32,-5,1]
[4096,-128,-73,-2,1]
[4096,-768,-48,19,-3,-3,1]
[4096,-1536,688,-143,43,-6,1]
[729,162,117,46,13,2,1]
[256,-384,384,-284,159,-71,24,-6,1]
[256,0,-16,8,11,2,-1,0,1]
[256,128,-16,-32,-17,-8,-1,2,1]
[6561,891,43,11,1]
[4096,256,512,41,32,1,1]
[16384,1152,227,9,1]
[4096,-768,256,-139,16,-3,1]
[15625,1125,206,9,1]
[256,64,128,16,39,4,8,1,1]
[256,0,-15,0,1]
[16384,1024,167,8,1]
[4096,-768,-16,33,-1,-3,1]
[256,192,48,-36,-35,-9,3,3,1]
[14641,-121,192,-1,1]
[256,-128,64,-12,17,-3,4,-2,1]
[4096,-512,352,-3,22,-2,1]
[256,256,112,76,55,19,7,4,1]
[4096,-768,80,-53,5,-3,1]
[14641,-605,47,-5,1]
[729,-162,63,-2,7,-2,1]
[4096,0,-208,13,-13,0,1]
[15625,1250,211,10,1]
[4096,-2048,720,-211,45,-8,1]
[512,-128,48,-37,6,-2,1]
[16384,2560,333,20,1]
[4096,512,-16,25,-1,2,1]
[4096,-2048,496,-115,31,-8,1]
[4096,-1536,816,-191,51,-6,1]
[256,64,-64,-4,19,-1,-4,1,1]
[16384,1152,39,9,1]
[256,-128,80,8,-5,2,5,-2,1]
[14641,-121,64,-1,1]
[4096,448,115,7,1]
[4096,2560,576,89,36,10,1]
[14641,-1936,252,-16,1]
[256,256,176,104,55,26,11,4,1]
[512,-320,168,-59,21,-5,1]
[4096,768,112,-31,7,3,1]
[6561,-405,100,-5,1]
[4096,-768,-16,51,-1,-3,1]
[4096,256,256,27,16,1,1]
[6561,2268,349,28,1]
[4096,512,272,113,17,2,1]
[4096,-256,448,9,28,-1,1]
[15625,1500,239,12,1]
[256,-64,16,16,-15,4,1,-1,1]
[15625,-250,232,-2,1]
[16384,-640,137,-5,1]
[4096,256,112,85,7,1,1]
[14641,-363,108,-3,1]
[4096,-256,544,-47,34,-1,1]
[14641,242,135,2,1]
[4096,768,320,71,20,3,1]
[4096,-1280,128,-1,8,-5,1]
[625,100,-7,4,1]
[15625,375,138,3,1]
[6561,-1539,190,-19,1]
[4096,1792,528,99,33,7,1]
[4096,512,368,-1,23,2,1]
[15625,-1250,151,-10,1]
[729,81,9,-19,1,1,1]
[4096,-1024,416,-81,26,-4,1]
[4096,0,384,11,24,0,1]
[6561,-162,107,-2,1]
[14641,-726,183,-6,1]
[729,81,135,26,15,1,1]
[64,-32,4,1,1,-2,1]
[729,216,68,8,1]
[15625,375,-72,3,1]
[4096,512,112,-53,7,2,1]
[4096,2304,768,207,48,9,1]
[256,-128,32,-32,33,-8,2,-2,1]
[16384,256,-101,2,1]
[6561,405,44,5,1]
[4096,512,288,-23,18,2,1]
[16384,-1152,191,-9,1]
[729,-243,-54,40,-6,-3,1]
[4096,512,512,25,32,2,1]
[512,192,0,-11,0,3,1]
[15625,-2750,347,-22,1]
[14641,-242,191,-2,1]
[256,-256,112,4,-17,1,7,-4,1]
[729,-81,180,-11,20,-1,1]
[15625,500,-41,4,1]
[4096,-1024,176,-79,11,-4,1]
[256,-128,96,-40,19,-10,6,-2,1]
[4096,-1280,-32,97,-2,-5,1]
[4096,1024,608,87,38,4,1]
[256,64,32,12,29,3,2,1,1]
[14641,1936,125,16,1]
[6561,0,91,0,1]
[4096,-1024,704,-109,44,-4,1]
[256,-256,208,-136,73,-34,13,-4,1]
[512,-192,168,-47,21,-3,1]
[729,0,153,10,17,0,1]
[729,405,171,52,19,5,1]
[16384,640,77,5,1]
[4096,1536,384,113,24,6,1]
[256,-64,64,-16,9,-4,4,-1,1]
[16384,384,-17,3,1]
[4096,768,-128,-123,-8,3,1]
[4096,-1024,-64,107,-4,-4,1]
[729,-189,32,-7,1]
[2401,-245,87,-5,1]
[4096,-1280,-16,51,-1,-5,1]
[729,324,117,40,13,4,1]
[15625,3625,421,29,1]
[512,-64,32,21,4,-1,1]
[4096,-1536,560,-181,35,-6,1]
[4096,-256,-112,-21,-7,-1,1]
[4096,512,128,89,8,2,1]
[625,-25,-11,-1,1]
[4096,1024,512,89,32,4,1]
[15625,875,17,7,1]
[256,0,0,-12,-19,-3,0,0,1]
[256,0,-64,-8,17,-2,-4,0,1]
[256,448,432,312,177,78,27,7,1]
[4096,-768,160,23,10,-3,1]
[625,-225,69,-9,1]
[15625,-3875,477,-31,1]
[729,81,-9,1,-1,1,1]
[4096,1024,464,125,29,4,1]
[256,-192,128,-40,21,-10,8,-3,1]
[6561,648,143,8,1]
[4096,1536,560,147,35,6,1]
[4096,768,224,123,14,3,1]
[256,-128,-16,-16,27,-4,-1,-2,1]
[4096,-1024,208,-31,13,-4,1]
[4096,256,224,63,14,1,1]
[4096,2048,560,113,35,8,1]
[4096,-768,240,-9,15,-3,1]
[15625,250,-119,2,1]
[625,75,26,3,1]
[4096,448,119,7,1]
[14641,2541,256,21,1]
[16384,-4352,539,-34,1]
[512,128,128,37,16,2,1]
[512,0,16,3,2,0,1]
[4096,1024,48,-25,3,4,1]
[14641,-1331,117,-11,1]
[2401,-539,62,-11,1]
[4096,1280,288,11,18,5,1]
[512,-192,80,-35,10,-3,1]
[6561,1701,242,21,1]
[4096,-1024,448,-77,28,-4,1]
[512,448,200,69,25,7,1]
[4096,768,16,-21,1,3,1]
[4096,-1280,368,-105,23,-5,1]
[729,54,-13,2,1]
[729,81,-27,-23,-3,1,1]
[15625,-875,119,-7,1]
[4096,2816,848,195,53,11,1]
[16384,-640,13,-5,1]
[4096,1024,272,87,17,4,1]
[729,162,207,31,23,2,1]
[6561,324,-40,4,1]
[14641,-242,232,-2,1]
[4096,512,208,35,13,2,1]
[512,-192,168,-39,21,-3,1]
[14641,2178,280,18,1]
[15625,-625,39,-5,1]
[4096,768,-48,-29,-3,3,1]
[4096,1280,400,81,25,5,1]
[256,-192,16,20,-11,5,1,-3,1]
[256,-64,96,-56,23,-14,6,-1,1]
[4096,-1280,-160,141,-10,-5,1]
[729,-162,180,-28,20,-2,1]
[4096,-512,-32,-27,-2,-2,1]
[14641,-847,147,-7,1]
[6561,81,-7,1,1]
[4096,2560,672,137,42,10,1]
[256,-192,160,-68,43,-17,10,-3,1]
[15625,1375,237,11,1]
[15625,-1125,112,-9,1]
[4096,-1280,400,-135,25,-5,1]
[4096,-2816,1168,-349,73,-11,1]
[4096,1792,480,143,30,7,1]
[4096,1280,128,-41,8,5,1]
[512,64,0,9,0,1,1]
[256,192,144,68,37,17,9,3,1]
[4096,-2816,1232,-357,77,-11,1]
[256,-192,128,-64,37,-16,8,-3,1]
[256,128,80,-16,-5,-4,5,2,1]
[64,48,44,23,11,3,1]
[15625,125,21,1,1]
[4096,-256,-32,-63,-2,-1,1]
[81,-36,19,-4,1]
[4096,-1792,736,-203,46,-7,1]
[4096,256,-32,45,-2,1,1]
[256,64,-48,-16,1,-4,-3,1,1]
[14641,-242,-141,-2,1]
[14641,968,-1,8,1]
[256,0,16,-12,1,-3,1,0,1]
[256,64,0,-28,-3,-7,0,1,1]
[4096,-1280,-80,73,-5,-5,1]
[4096,-2304,688,-179,43,-9,1]
[256,64,48,20,21,5,3,1,1]
[256,64,64,-12,3,-3,4,1,1]
[256,64,16,-16,-15,-4,1,1,1]
[256,0,96,24,27,6,6,0,1]
[4096,256,-32,-7,-2,1,1]
[4096,1024,352,149,22,4,1]
[2401,637,101,13,1]
[16384,128,141,1,1]
[14641,2541,304,21,1]
[4096,-1728,307,-27,1]
[15625,-1000,26,-8,1]
[6561,972,173,12,1]
[4096,-512,160,-37,10,-2,1]
[6561,1134,175,14,1]
[256,0,144,4,49,1,9,0,1]
[16384,128,119,1,1]
[4096,-1536,448,-129,28,-6,1]
[4096,1024,448,113,28,4,1]
[729,-324,234,-64,26,-4,1]
[6561,-2430,385,-30,1]
[15625,-1375,2,-11,1]
[15625,375,-106,3,1]
[4096,-512,336,-43,21,-2,1]
[625,250,69,10,1]
[14641,-242,-61,-2,1]
[256,256,176,92,47,23,11,4,1]
[6561,81,-92,1,1]
[15625,250,-134,2,1]
[15625,-875,209,-7,1]
[4096,-1024,224,-73,14,-4,1]
[256,-64,16,-28,21,-7,1,-1,1]
[4096,-1280,352,-101,22,-5,1]
[512,640,408,171,51,10,1]
[256,64,112,36,39,9,7,1,1]
[256,64,-32,4,13,1,-2,1,1]
[4096,1536,736,155,46,6,1]
[15625,-1125,7,-9,1]
[4096,-1024,208,-3,13,-4,1]
[4096,-1536,768,-167,48,-6,1]
[256,0,64,0,5,0,4,0,1]
[14641,-847,-67,-7,1]
[512,64,-48,-19,-6,1,1]
[729,0,-9,-10,-1,0,1]
[15625,-5000,648,-40,1]
[256,-64,16,44,-11,11,1,-1,1]
[4096,1024,432,75,27,4,1]
[4096,-3072,1296,-391,81,-12,1]
[4096,-256,-80,17,-5,-1,1]
[4096,-512,112,-25,7,-2,1]
[4096,-960,171,-15,1]
[729,324,189,53,21,4,1]
[15625,250,-179,2,1]
[729,324,135,68,15,4,1]
[15625,-1625,139,-13,1]
[256,128,0,-28,-21,-7,0,2,1]
[16384,-768,83,-6,1]
[15625,4250,522,34,1]
[4096,1280,208,33,13,5,1]
[15625,-4500,573,-36,1]
[4096,-3072,1312,-399,82,-12,1]
[4096,-768,512,-89,32,-3,1]
[729,324,72,25,8,4,1]
[256,192,48,-28,-25,-7,3,3,1]
[4096,-1536,384,-105,24,-6,1]
[2401,392,23,8,1]
[256,448,464,336,191,84,29,7,1]
[729,81,-18,23,-2,1,1]
[729,486,234,101,26,6,1]
[256,-128,80,-8,9,-2,5,-2,1]
[4096,1536,432,125,27,6,1]
[4096,256,160,37,10,1,1]
[14641,121,-42,1,1]
[64,-64,48,-23,12,-4,1]
[4096,-1536,640,-187,40,-6,1]
[2401,-245,102,-5,1]
[256,-64,48,-24,31,-6,3,-1,1]
[256,64,-48,4,27,1,-3,1,1]
[256,-64,32,4,9,1,2,-1,1]
[4096,-1792,0,99,0,-7,1]
[4096,256,32,-77,2,1,1]
[4096,0,-16,-117,-1,0,1]
[4096,1792,512,121,32,7,1]
[256,0,48,-32,-1,-8,3,0,1]
[256,64,112,32,33,8,7,1,1]
[256,128,0,-28,-13,-7,0,2,1]
[512,512,248,89,31,8,1]
[14641,121,141,1,1]
[4096,-1536,528,-171,33,-6,1]
[4096,-256,0,-95,0,-1,1]
[4096,-2304,800,-215,50,-9,1]
[15625,-2125,278,-17,1]
[256,0,-128,0,33,0,-8,0,1]
[512,-128,104,-11,13,-2,1]
[4096,1024,-112,-91,-7,4,1]
[16384,640,3,5,1]
[14641,-847,151,-7,1]
[729,162,216,32,24,2,1]
[4096,3072,1168,325,73,12,1]
[4096,-2048,816,-199,51,-8,1]
[15625,-1875,134,-15,1]
[4096,-1024,384,-81,24,-4,1]
[14641,-1210,241,-10,1]
[14641,847,102,7,1]
[512,64,120,5,15,1,1]
[256,-128,32,20,-19,5,2,-2,1]
[4096,-704,51,-11,1]
[256,-192,80,0,-11,0,5,-3,1]
[14641,-242,30,-2,1]
[6561,81,133,1,1]
[256,0,-48,20,15,5,-3,0,1]
[2401,0,-88,0,1]
[4096,512,272,99,17,2,1]
[15625,-3750,448,-30,1]
[256,-64,48,-32,13,-8,3,-1,1]
[4096,1536,736,165,46,6,1]
[4096,512,48,27,3,2,1]
[4096,-512,224,-71,14,-2,1]
[4096,0,480,-27,30,0,1]
[15625,3750,456,30,1]
[4096,-3072,1104,-293,69,-12,1]
[4096,2816,976,251,61,11,1]
[4096,-2560,992,-273,62,-10,1]
[1024,-352,73,-11,1]
[729,81,18,-2,2,1,1]
[4096,512,256,79,16,2,1]
[15625,625,226,5,1]
[256,256,64,-32,-29,-8,4,4,1]
[729,0,-9,-47,-1,0,1]
[6561,162,134,2,1]
[4096,-256,288,33,18,-1,1]
[256,-128,48,-40,21,-10,3,-2,1]
[4096,768,464,93,29,3,1]
[4096,0,240,43,15,0,1]
[4096,512,112,9,7,2,1]
[15625,-1250,199,-10,1]
[512,-384,216,-83,27,-6,1]
[4096,256,96,103,6,1,1]
[2401,-441,94,-9,1]
[729,405,171,44,19,5,1]
[729,81,9,22,1,1,1]
[4096,-1280,432,-119,27,-5,1]
[256,-192,112,-44,15,-11,7,-3,1]
[4096,512,288,19,18,2,1]
[6561,-1215,128,-15,1]
[256,-384,320,-196,101,-49,20,-6,1]
[256,-64,32,16,-3,4,2,-1,1]
[4096,-1024,-80,85,-5,-4,1]
[2401,735,135,15,1]
[256,0,-16,-4,-3,-1,-1,0,1]
[14641,-121,202,-1,1]
[256,-256,304,-184,119,-46,19,-4,1]
[14641,-726,155,-6,1]
[4096,768,512,55,32,3,1]
[729,243,171,38,19,3,1]
[14641,4114,530,34,1]
[16384,2944,379,23,1]
[256,-128,112,-8,17,-2,7,-2,1]
[729,-486,162,-43,18,-6,1]
[6561,-162,59,-2,1]
[4096,-768,160,-69,10,-3,1]
[14641,968,147,8,1]
[14641,-2178,267,-18,1]
[256,192,224,120,83,30,14,3,1]
[4096,512,48,37,3,2,1]
[512,576,352,149,44,9,1]
[4096,128,71,2,1]
[6561,891,80,11,1]
[4096,2816,896,221,56,11,1]
[729,-486,270,-98,30,-6,1]
[14641,-1573,178,-13,1]
[4096,-768,-112,101,-7,-3,1]
[6561,324,85,4,1]
[4096,512,-80,-111,-5,2,1]
[256,-256,224,-120,67,-30,14,-4,1]
[4096,256,240,9,15,1,1]
[729,81,72,22,8,1,1]
[4096,-1280,160,-39,10,-5,1]
[256,-192,144,-36,23,-9,9,-3,1]
[256,128,128,64,41,16,8,2,1]
[256,-256,96,8,-15,2,6,-4,1]
[15625,-500,141,-4,1]
[16384,896,-11,7,1]
[2401,245,55,5,1]
[14641,-847,114,-7,1]
[14641,-484,-125,-4,1]
[16384,256,-23,2,1]
[4096,1024,144,11,9,4,1]
[4096,-768,-96,101,-6,-3,1]
[729,81,18,11,2,1,1]
[6561,-729,32,-9,1]
[14641,4598,602,38,1]
[14641,1936,123,16,1]
[256,-64,-32,28,3,7,-2,-1,1]
[4096,256,320,17,20,1,1]
[4096,1536,272,13,17,6,1]
[14641,-1331,228,-11,1]
[256,256,192,136,75,34,12,4,1]
[256,-256,80,40,-47,10,5,-4,1]
[4096,-1280,304,-21,19,-5,1]
[729,-81,36,31,4,-1,1]
[512,-768,552,-243,69,-12,1]
[4096,512,224,-19,14,2,1]
[256,192,176,120,63,30,11,3,1]
[512,192,-40,-43,-5,3,1]
[6561,-243,-94,-3,1]
[729,162,117,10,13,2,1]
[4096,-256,80,-49,5,-1,1]
[729,-729,468,-184,52,-9,1]
[15625,-3625,418,-29,1]
[256,-128,160,-64,51,-16,10,-2,1]
[625,50,16,2,1]
[256,-128,64,44,-23,11,4,-2,1]
[256,-128,64,-40,9,-10,4,-2,1]
[14641,-1936,271,-16,1]
[2401,-147,-44,-3,1]
[4096,768,16,35,1,3,1]
[4096,-256,32,89,2,-1,1]
[4096,-1280,560,-163,35,-5,1]
[4096,-768,32,47,2,-3,1]
[256,-192,160,-116,57,-29,10,-3,1]
[4096,2304,1008,273,63,9,1]
[4096,512,288,23,18,2,1]
[2401,-441,90,-9,1]
[4096,2048,816,223,51,8,1]
[512,-320,112,-27,14,-5,1]
[2401,-196,57,-4,1]
[4096,512,-176,-67,-11,2,1]
[4096,512,544,71,34,2,1]
[729,-162,117,-40,13,-2,1]
[256,0,96,20,21,5,6,0,1]
[2401,980,185,20,1]
[256,192,144,60,31,15,9,3,1]
[15625,-625,-106,-5,1]
[4096,-1024,192,-59,12,-4,1]
[4096,512,272,71,17,2,1]
[16384,1536,191,12,1]
[256,0,-64,-4,13,-1,-4,0,1]
[729,81,54,25,6,1,1]
[4096,1024,496,101,31,4,1]
[256,64,-80,-20,15,-5,-5,1,1]
[14641,2420,328,20,1]
[4096,-256,0,101,0,-1,1]
[729,81,45,28,5,1,1]
[15625,1000,-12,8,1]
[4096,512,464,71,29,2,1]
[729,0,36,-1,4,0,1]
[4096,2816,1136,319,71,11,1]
[4096,-1536,464,-87,29,-6,1]
[256,0,-16,0,3,0,-1,0,1]
[15625,3875,464,31,1]
[512,0,0,-23,0,0,1]
[4096,1024,80,-31,5,4,1]
[729,189,61,7,1]
[729,-243,126,-28,14,-3,1]
[6561,-729,139,-9,1]
[4096,768,-176,-89,-11,3,1]
[4096,-2048,736,-187,46,-8,1]
[15625,-1625,59,-13,1]
[625,-200,39,-8,1]
[729,81,0,-16,0,1,1]
[4096,-1536,640,-171,40,-6,1]
[256,128,144,84,45,21,9,2,1]
[14641,363,217,3,1]
[4096,-3840,1904,-585,119,-15,1]
[256,320,208,68,23,17,13,5,1]
[16384,896,31,7,1]
[4096,1280,160,-3,10,5,1]
[15625,-4125,489,-33,1]
[4096,1792,720,167,45,7,1]
[14641,1331,234,11,1]
[4096,-256,-160,-9,-10,-1,1]
[4096,0,80,-83,5,0,1]
[2401,147,12,3,1]
[256,192,64,20,11,5,4,3,1]
[729,-567,216,-68,24,-7,1]
[256,-128,16,16,-7,4,1,-2,1]
[4096,0,-64,-87,-4,0,1]
[4096,1792,624,167,39,7,1]
[15625,-1625,168,-13,1]
[729,-81,32,-3,1]
[256,-256,128,-68,37,-17,8,-4,1]
[16384,-1920,89,-15,1]
[256,-128,48,20,-17,5,3,-2,1]
[256,256,96,-20,-31,-5,6,4,1]
[16384,-512,127,-4,1]
[256,320,256,152,77,38,16,5,1]
[4096,-1536,688,-155,43,-6,1]
[256,64,16,4,-7,1,1,1,1]
[4096,3072,1168,317,73,12,1]
[14641,484,114,4,1]
[729,0,45,-17,5,0,1]
[4096,-512,256,9,16,-2,1]
[15625,-1750,246,-14,1]
[256,256,160,72,29,18,10,4,1]
[4096,2048,656,173,41,8,1]
[14641,1694,224,14,1]
[4096,1792,624,131,39,7,1]
[256,-256,160,-84,37,-21,10,-4,1]
[512,-64,-32,9,-4,-1,1]
[256,-192,64,-12,-1,-3,4,-3,1]
[15625,1750,271,14,1]
[6561,-162,53,-2,1]
[4096,512,320,101,20,2,1]
[4096,2048,752,175,47,8,1]
[4096,1280,656,149,41,5,1]
[512,0,-8,-35,-1,0,1]
[15625,125,107,1,1]
[4096,256,272,-35,17,1,1]
[16384,256,81,2,1]
[4096,-768,384,-71,24,-3,1]
[4096,-3072,1344,-405,84,-12,1]
[256,0,-48,8,1,2,-3,0,1]
[4096,-2304,752,-213,47,-9,1]
[14641,-1815,269,-15,1]
[256,64,-16,-12,11,-3,-1,1,1]
[4096,1792,672,173,42,7,1]
[4096,2560,1040,319,65,10,1]
[256,64,16,12,-3,3,1,1,1]
[6561,-1944,305,-24,1]
[4096,-512,64,35,4,-2,1]
[256,-128,128,-56,49,-14,8,-2,1]
[4096,256,400,-13,25,1,1]
[4096,0,-85,0,1]
[4096,-1536,448,-67,28,-6,1]
[256,-256,80,0,-7,0,5,-4,1]
[4096,-1024,720,-115,45,-4,1]
[729,81,63,-11,7,1,1]
[6561,891,145,11,1]
[6561,-1377,152,-17,1]
[4096,-768,-16,97,-1,-3,1]
[729,-324,117,-29,13,-4,1]
[15625,-3000,393,-24,1]
[15625,-750,-113,-6,1]
[15625,-2625,349,-21,1]
[729,486,306,103,34,6,1]
[729,-891,585,-238,65,-11,1]
[4096,1024,272,135,17,4,1]
[4096,0,96,-63,6,0,1]
[4096,512,-64,-91,-4,2,1]
[14641,-847,197,-7,1]
[15625,1125,177,9,1]
[4096,-256,16,-43,1,-1,1]
[4096,-1792,560,-117,35,-7,1]
[4096,-2816,1056,-289,66,-11,1]
[4096,1024,352,53,22,4,1]
[729,486,270,91,30,6,1]
[256,320,256,164,89,41,16,5,1]
[16384,-128,-127,-1,1]
[256,192,48,-44,-41,-11,3,3,1]
[4096,-1024,-128,99,-8,-4,1]
[256,448,400,232,117,58,25,7,1]
[256,0,32,32,3,8,2,0,1]
[729,-81,36,-13,4,-1,1]
[256,-128,112,-44,33,-11,7,-2,1]
[14641,-121,180,-1,1]
[4096,-256,-48,5,-3,-1,1]
[4096,-2048,736,-181,46,-8,1]
[16384,-768,55,-6,1]
[4096,768,-176,-87,-11,3,1]
[2401,343,8,7,1]
[512,-64,48,1,6,-1,1]
[4096,-1024,-224,143,-14,-4,1]
[729,648,396,154,44,8,1]
[256,-128,32,-12,9,-3,2,-2,1]
[512,-192,80,-33,10,-3,1]
[4096,0,96,-57,6,0,1]
[4096,1024,448,85,28,4,1]
[729,-324,108,-29,12,-4,1]
[2401,-196,-16,-4,1]
[15625,500,-122,4,1]
[256,-448,432,-296,163,-74,27,-7,1]
[256,0,-48,12,25,3,-3,0,1]
[4096,-640,95,-10,1]
[729,81,81,37,9,1,1]
[256,64,32,0,9,0,2,1,1]
[4096,0,288,-51,18,0,1]
[625,50,-22,2,1]
[15625,-2125,317,-17,1]
[4096,1792,592,185,37,7,1]
[729,-162,90,-17,10,-2,1]
[14641,-1452,64,-12,1]
[256,-192,128,-72,47,-18,8,-3,1]
[625,150,17,6,1]
[4096,1536,-16,-75,-1,6,1]
[16384,-2688,257,-21,1]
[4096,256,-176,-37,-11,1,1]
[256,-64,96,-4,25,-1,6,-1,1]
[4096,1536,224,21,14,6,1]
[256,256,256,160,93,40,16,4,1]
[512,128,80,37,10,2,1]
[256,-192,96,-44,15,-11,6,-3,1]
[4096,2816,1168,337,73,11,1]
[729,405,54,-13,6,5,1]
[4096,-256,368,19,23,-1,1]
[15625,-2000,214,-16,1]
[16384,-128,89,-1,1]
[4096,-1280,528,-149,33,-5,1]
[256,64,16,28,21,7,1,1,1]
[4096,0,48,-67,3,0,1]
[14641,1573,70,13,1]
[4096,0,160,-13,10,0,1]
[14641,-847,-20,-7,1]
[14641,-2541,295,-21,1]
[4096,512,192,101,12,2,1]
[512,-256,128,-33,16,-4,1]
[4096,2304,880,267,55,9,1]
[4096,256,256,39,16,1,1]
[4096,0,-48,-29,-3,0,1]
[4096,256,-80,13,-5,1,1]
[4096,1024,416,103,26,4,1]
[4096,-768,352,-89,22,-3,1]
[256,192,128,52,23,13,8,3,1]
[4096,-512,64,-47,4,-2,1]
[15625,-4000,477,-32,1]
[14641,-1331,46,-11,1]
[4096,2048,592,131,37,8,1]
[4096,-512,-176,53,-11,-2,1]
[729,0,-9,13,-1,0,1]
[16384,896,259,7,1]
[256,256,224,144,77,36,14,4,1]
[256,64,64,36,19,9,4,1,1]
[4096,1792,240,13,15,7,1]
[4096,-256,-55,-4,1]
[256,192,96,52,23,13,6,3,1]
[729,324,90,26,10,4,1]
[256,64,48,-24,-5,-6,3,1,1]
[4096,-1024,16,77,1,-4,1]
[14641,1089,-19,9,1]
[4096,0,128,-9,8,0,1]
[4096,1536,656,179,41,6,1]
[256,-128,96,-32,21,-8,6,-2,1]
[4096,256,336,11,21,1,1]
[512,-64,24,-39,3,-1,1]
[14641,-1573,153,-13,1]
[6561,162,101,2,1]
[14641,-121,106,-1,1]
[15625,1375,3,11,1]
[729,162,36,16,4,2,1]
[4096,768,432,67,27,3,1]
[4096,1280,512,89,32,5,1]
[512,64,64,-13,8,1,1]
[729,162,27,-29,3,2,1]
[256,128,0,-36,-23,-9,0,2,1]
[729,0,-9,-11,-1,0,1]
[6561,-729,163,-9,1]
[4096,-1536,656,-175,41,-6,1]
[4096,2816,1264,357,79,11,1]
[512,256,168,57,21,4,1]
[4096,1792,0,-111,0,7,1]
[512,256,160,55,20,4,1]
[4096,1280,256,33,16,5,1]
[4096,512,64,71,4,2,1]
[4096,256,384,-9,24,1,1]
[6561,-243,122,-3,1]
[4096,-1792,272,-1,17,-7,1]
[2401,1078,218,22,1]
[16384,-1920,131,-15,1]
[729,-243,216,-46,24,-3,1]
[4096,1280,496,129,31,5,1]
[6561,729,28,9,1]
[2401,-490,106,-10,1]
[256,64,-48,8,19,2,-3,1,1]
[2401,-735,128,-15,1]
[4096,-1024,128,-29,8,-4,1]
[729,405,117,35,13,5,1]
[14641,-2783,317,-23,1]
[4096,-320,87,-5,1]
[4096,768,288,17,18,3,1]
[15625,-125,66,-1,1]
[512,-64,-56,17,-7,-1,1]
[4096,-2816,1056,-279,66,-11,1]
[4096,-256,320,-39,20,-1,1]
[4096,2816,1056,283,66,11,1]
[15625,2000,302,16,1]
[729,81,189,22,21,1,1]
[16384,1792,119,14,1]
[6561,-972,169,-12,1]
[256,-64,16,-20,31,-5,1,-1,1]
[15625,-2500,203,-20,1]
[4096,-2816,1248,-357,78,-11,1]
[6561,243,-14,3,1]
[729,0,18,13,2,0,1]
[4096,-1280,448,-115,28,-5,1]
[16384,128,63,1,1]
[729,81,0,-20,0,1,1]
[4096,-768,368,-27,23,-3,1]
[4096,0,48,41,3,0,1]
[256,64,112,8,25,2,7,1,1]
[4096,768,192,19,12,3,1]
[4096,-1536,784,-175,49,-6,1]
[4096,0,368,29,23,0,1]
[4096,128,31,2,1]
[4096,-768,256,-9,16,-3,1]
[15625,2000,188,16,1]
[256,64,48,-20,-7,-5,3,1,1]
[15625,-1125,214,-9,1]
[4096,768,0,17,0,3,1]
[4096,832,149,13,1]
[729,-405,288,-88,32,-5,1]
[6561,1539,247,19,1]
[2401,147,66,3,1]
[14641,2299,243,19,1]
[256,128,128,32,25,8,8,2,1]
[4096,1792,336,51,21,7,1]
[729,162,13,6,1]
[14641,1089,219,9,1]
[4096,0,160,-49,10,0,1]
[4096,256,416,15,26,1,1]
[16384,384,255,3,1]
[4096,-1536,672,-175,42,-6,1]
[14641,726,179,6,1]
[14641,4477,574,37,1]
[15625,-1000,223,-8,1]
[15625,-5125,667,-41,1]
[16384,0,-241,0,1]
[4096,512,272,101,17,2,1]
[256,128,16,32,25,8,1,2,1]
[256,320,288,204,109,51,18,5,1]
[512,-128,64,-25,8,-2,1]
[15625,-4500,561,-36,1]
[4096,-128,93,-2,1]
[512,64,32,-17,4,1,1]
[14641,1452,140,12,1]
[4096,-1024,-176,111,-11,-4,1]
[4096,-1536,576,-109,36,-6,1]
[14641,-1573,284,-13,1]
[256,-320,288,-196,113,-49,18,-5,1]
[4096,-2048,720,-177,45,-8,1]
[4096,-512,-112,29,-7,-2,1]
[4096,256,112,-71,7,1,1]
[4096,1792,304,29,19,7,1]
[14641,484,192,4,1]
[2401,49,-22,1,1]
[4096,-768,64,51,4,-3,1]
[64,-16,-4,3,-1,-1,1]
[16384,1024,165,8,1]
[256,0,-32,4,-7,1,-2,0,1]
[16384,-1664,103,-13,1]
[15625,-500,231,-4,1]
[16384,-768,-97,-6,1]
[512,-320,120,-41,15,-5,1]
[4096,2560,720,159,45,10,1]
[16384,0,249,0,1]
[256,320,224,132,69,33,14,5,1]
[256,-128,-32,12,7,3,-2,-2,1]
[256,192,160,72,49,18,10,3,1]
[4096,-1536,160,35,10,-6,1]
[256,128,-32,8,31,2,-2,2,1]
[15625,-375,78,-3,1]
[14641,-2299,301,-19,1]
[15625,-1375,188,-11,1]
[14641,1331,263,11,1]
[4096,512,-64,-43,-4,2,1]
[256,-64,32,-28,9,-7,2,-1,1]
[256,-128,128,-28,29,-7,8,-2,1]
[256,-448,448,-324,181,-81,28,-7,1]
[4096,0,192,-83,12,0,1]
[15625,-375,-154,-3,1]
[729,-243,153,-38,17,-3,1]
[4096,256,-176,-25,-11,1,1]
[625,200,39,8,1]
[2401,196,37,4,1]
[4096,-1280,176,-15,11,-5,1]
[4096,1024,288,51,18,4,1]
[4096,2560,1152,317,72,10,1]
[256,-192,16,36,-23,9,1,-3,1]
[4096,1536,448,135,28,6,1]
[256,0,32,-4,19,-1,2,0,1]
[729,81,-18,-17,-2,1,1]
[6561,-486,-2,-6,1]
[14641,-1210,151,-10,1]
[14641,363,83,3,1]
[6561,-567,-28,-7,1]
[256,192,160,84,43,21,10,3,1]
[1024,-608,153,-19,1]
[15625,-2750,282,-22,1]
[256,-128,80,-36,21,-9,5,-2,1]
[16384,1536,143,12,1]
[15625,-375,-143,-3,1]
[256,0,0,0,-11,0,0,0,1]
[512,384,0,-51,0,6,1]
[729,-162,45,17,5,-2,1]
[4096,-256,96,19,6,-1,1]
[4096,1280,-48,-109,-3,5,1]
[2401,-245,73,-5,1]
[256,320,96,-68,-67,-17,6,5,1]
[4096,1280,480,163,30,5,1]
[729,243,108,13,12,3,1]
[512,64,24,31,3,1,1]
[4096,4608,2464,779,154,18,1]
[15625,1125,144,9,1]
[4096,256,160,91,10,1,1]
[4096,1792,448,95,28,7,1]
[2401,-245,50,-5,1]
[16384,-256,77,-2,1]
[16384,-1280,91,-10,1]
[4096,-512,80,17,5,-2,1]
[4096,-1792,848,-219,53,-7,1]
[4096,768,320,21,20,3,1]
[256,0,-16,-12,-7,-3,-1,0,1]
[4096,2816,1008,277,63,11,1]
[729,0,189,5,21,0,1]
[256,-192,144,-60,35,-15,9,-3,1]
[4096,768,144,47,9,3,1]
[4096,3840,1920,589,120,15,1]
[729,567,315,116,35,7,1]
[256,0,16,-20,3,-5,1,0,1]
[256,192,96,20,1,5,6,3,1]
[15625,1500,158,12,1]
[4096,-640,131,-10,1]
[6561,0,148,0,1]
[16384,-384,175,-3,1]
[4096,-512,75,-8,1]
[14641,605,-75,5,1]
[16384,-1152,121,-9,1]
[512,-64,80,-23,10,-1,1]
[256,64,32,-24,-13,-6,2,1,1]
[4096,-1792,480,-91,30,-7,1]
[729,-405,72,2,8,-5,1]
[4096,0,-64,-67,-4,0,1]
[16384,512,245,4,1]
[4096,768,-80,-63,-5,3,1]
[729,0,18,-38,2,0,1]
[14641,-242,16,-2,1]
[4096,-512,-48,-3,-3,-2,1]
[256,0,0,-12,17,-3,0,0,1]
[729,-81,36,26,4,-1,1]
[15625,1125,-3,9,1]
[16384,384,27,3,1]
[4096,0,512,11,32,0,1]
[4096,256,-176,-13,-11,1,1]
[15625,1375,268,11,1]
[6561,0,-37,0,1]
[256,128,-80,-8,33,-2,-5,2,1]
[256,0,80,-12,25,-3,5,0,1]
[4096,768,400,117,25,3,1]
[2401,-588,76,-12,1]
[1024,-128,45,-4,1]
[2401,245,29,5,1]
[6561,-405,134,-5,1]
[729,162,216,34,24,2,1]
[16384,-4224,515,-33,1]
[256,-64,128,-60,37,-15,8,-1,1]
[15625,3125,363,25,1]
[256,192,160,104,61,26,10,3,1]
[256,64,144,48,47,12,9,1,1]
[16384,2560,311,20,1]
[4096,1024,320,137,20,4,1]
[4096,0,176,39,11,0,1]
[14641,-1694,89,-14,1]
[729,-81,117,-17,13,-1,1]
[256,128,48,12,19,3,3,2,1]
[256,-128,208,-88,73,-22,13,-2,1]
[2401,196,88,4,1]
[729,81,28,3,1]
[256,320,208,128,75,32,13,5,1]
[729,-162,99,1,11,-2,1]
[6561,-2349,365,-29,1]
[2401,-392,20,-8,1]
[729,81,-36,-17,-4,1,1]
[512,256,96,37,12,4,1]
[4096,1536,768,161,48,6,1]
[6561,1215,167,15,1]
[4096,256,144,-11,9,1,1]
[256,-320,304,-200,115,-50,19,-5,1]
[15625,1750,157,14,1]
[4096,-768,384,-95,24,-3,1]
[4096,-1280,112,-23,7,-5,1]
[4096,256,560,31,35,1,1]
[14641,3630,420,30,1]
[4096,1792,480,117,30,7,1]
[15625,-2125,216,-17,1]
[4096,-1792,352,-75,22,-7,1]
[729,0,45,-7,5,0,1]
[4096,256,48,-13,3,1,1]
[256,192,64,4,1,1,4,3,1]
[15625,-125,69,-1,1]
[15625,-1500,262,-12,1]
[256,0,208,-4,73,-1,13,0,1]
[729,81,-36,-22,-4,1,1]
[4096,-1024,112,51,7,-4,1]
[14641,-121,-124,-1,1]
[4096,256,-192,-31,-12,1,1]
[14641,-484,-25,-4,1]
[512,-64,8,7,1,-1,1]
[15625,125,3,1,1]
[16384,-2432,333,-19,1]
[256,-192,176,-104,67,-26,11,-3,1]
[256,-64,48,-4,-7,-1,3,-1,1]
[4096,-256,112,-37,7,-1,1]
[4096,-768,80,-9,5,-3,1]
[729,162,-36,-22,-4,2,1]
[4096,-768,-160,139,-10,-3,1]
[4096,512,-144,-43,-9,2,1]
[6561,-1053,110,-13,1]
[729,405,108,22,12,5,1]
[625,0,18,0,1]
[4096,0,-64,5,-4,0,1]
[15625,1750,204,14,1]
[4096,512,272,61,17,2,1]
[15625,0,-206,0,1]
[4096,0,384,37,24,0,1]
[14641,121,-103,1,1]
[4096,-512,32,-41,2,-2,1]
[729,-81,135,-14,15,-1,1]
[256,192,80,-4,-5,-1,5,3,1]
[4096,-1280,352,-81,22,-5,1]
[256,-256,160,-68,31,-17,10,-4,1]
[512,-256,88,-39,11,-4,1]
[14641,-242,7,-2,1]
[16384,1536,77,12,1]
[4096,-256,-48,123,-3,-1,1]
[4096,-256,112,81,7,-1,1]
[4096,0,384,-27,24,0,1]
[512,64,136,21,17,1,1]
[15625,2375,226,19,1]
[256,256,128,20,1,5,8,4,1]
[4096,-1280,432,-99,27,-5,1]
[256,128,48,-20,-19,-5,3,2,1]
[256,64,144,16,43,4,9,1,1]
[4096,-256,192,-13,12,-1,1]
[4096,256,32,103,2,1,1]
[625,-25,-7,-1,1]
[1024,32,-25,1,1]
[16384,-3712,443,-29,1]
[2401,490,101,10,1]
[4096,1280,112,-1,7,5,1]
[4096,1024,176,59,11,4,1]
[15625,1750,76,14,1]
[4096,1536,496,171,31,6,1]
[729,-243,171,-32,19,-3,1]
[4096,3072,1232,349,77,12,1]
[4096,256,96,105,6,1,1]
[729,-162,135,-25,15,-2,1]
[256,448,368,192,89,48,23,7,1]
[15625,2000,264,16,1]
[4096,-256,96,39,6,-1,1]
[256,128,-32,-16,3,-4,-2,2,1]
[729,81,-54,-23,-6,1,1]
[256,-64,96,-32,29,-8,6,-1,1]
[4096,-1792,272,-11,17,-7,1]
[4096,2304,336,1,21,9,1]
[15625,-375,22,-3,1]
[4096,1792,-96,-153,-6,7,1]
[256,-128,32,24,-29,6,2,-2,1]
[4096,768,-48,-59,-3,3,1]
[4096,-256,-128,31,-8,-1,1]
[729,162,16,6,1]
[512,0,8,-13,1,0,1]
[16384,1920,91,15,1]
[256,64,-16,8,7,2,-1,1,1]
[14641,-726,-18,-6,1]
[4096,256,272,21,17,1,1]
[4096,-512,-48,53,-3,-2,1]
[729,0,-23,0,1]
[256,192,32,-48,-41,-12,2,3,1]
[14641,1936,160,16,1]
[16384,-128,-27,-1,1]
[4096,1024,336,65,21,4,1]
[512,128,40,35,5,2,1]
[256,-256,112,-44,25,-11,7,-4,1]
[81,45,14,5,1]
[4096,-1536,464,-123,29,-6,1]
[15625,375,-147,3,1]
[4096,1024,80,29,5,4,1]
[15625,2250,197,18,1]
[256,192,112,72,49,18,7,3,1]
[729,567,198,59,22,7,1]
[6561,-567,163,-7,1]
[14641,1815,159,15,1]
[16384,-2688,325,-21,1]
[256,64,-32,-16,-11,-4,-2,1,1]
[4096,-2048,720,-179,45,-8,1]
[14641,2541,276,21,1]
[16384,-1280,187,-10,1]
[4096,1024,160,7,10,4,1]
[4096,-256,400,-7,25,-1,1]
[14641,-3509,406,-29,1]
[4096,256,208,-37,13,1,1]
[4096,-512,-16,-19,-1,-2,1]
[256,128,-48,-4,25,-1,-3,2,1]
[256,-256,144,-92,59,-23,9,-4,1]
[14641,-726,79,-6,1]
[4096,1280,208,41,13,5,1]
[4096,0,544,-13,34,0,1]
[4096,768,224,-1,14,3,1]
[4096,-256,-64,117,-4,-1,1]
[256,64,-16,-32,-1,-8,-1,1,1]
[256,64,-128,-8,41,-2,-8,1,1]
[4096,-768,32,-15,2,-3,1]
[4096,1536,560,169,35,6,1]
[64,-96,88,-51,22,-6,1]
[4096,0,288,-55,18,0,1]
[16384,-1280,103,-10,1]
[4096,512,96,85,6,2,1]
[256,128,48,-28,-19,-7,3,2,1]
[15625,1625,172,13,1]
[4096,2048,736,233,46,8,1]
[512,-64,16,17,2,-1,1]
[4096,-2048,464,-85,29,-8,1]
[15625,500,-72,4,1]
[16384,-1920,153,-15,1]
[15625,-1625,64,-13,1]
[4096,2560,1200,333,75,10,1]
[4096,1792,624,173,39,7,1]
[4096,512,-32,-109,-2,2,1]
[2401,686,123,14,1]
[729,-324,198,-50,22,-4,1]
[4096,0,-160,-33,-10,0,1]
[4096,-3072,1152,-307,72,-12,1]
[256,64,112,-24,15,-6,7,1,1]
[16384,1152,233,9,1]
[512,-320,144,-57,18,-5,1]
[16384,-1024,23,-8,1]
[256,-192,144,-72,31,-18,9,-3,1]
[512,128,16,7,2,2,1]
[256,192,80,44,25,11,5,3,1]
[256,-256,208,-128,67,-32,13,-4,1]
[4096,-1792,480,-113,30,-7,1]
[256,-128,-32,32,-15,8,-2,-2,1]
[14641,242,37,2,1]
[4096,-256,-80,-27,-5,-1,1]
[15625,-250,183,-2,1]
[4096,1280,176,-17,11,5,1]
[256,192,80,56,43,14,5,3,1]
[4096,1792,816,199,51,7,1]
[4096,768,192,59,12,3,1]
[15625,750,143,6,1]
[256,-128,144,-84,47,-21,9,-2,1]
[4096,0,-96,-35,-6,0,1]
[256,64,16,16,5,4,1,1,1]
[16384,-2944,269,-23,1]
[256,64,32,4,7,1,2,1,1]
[14641,2299,224,19,1]
[4096,-768,176,-45,11,-3,1]
[256,-64,48,4,15,1,3,-1,1]
[4096,3072,1424,419,89,12,1]
[6561,-486,-10,-6,1]
[4096,-256,400,-65,25,-1,1]
[512,0,32,-21,4,0,1]
[729,243,135,47,15,3,1]
[729,-81,-72,20,-8,-1,1]
[4096,-2816,1040,-279,65,-11,1]
[4096,256,112,-67,7,1,1]
[4096,-3840,1936,-595,121,-15,1]
[4096,64,35,1,1]
[256,64,-48,16,25,4,-3,1,1]
[4096,-1280,368,-51,23,-5,1]
[15625,-125,218,-1,1]
[15625,-1375,144,-11,1]
[256,0,48,24,17,6,3,0,1]
[14641,-363,185,-3,1]
[15625,2000,262,16,1]
[4096,768,-160,-137,-10,3,1]
[4096,1024,288,69,18,4,1]
[4096,2560,960,261,60,10,1]
[512,-64,16,9,2,-1,1]
[4096,512,-112,-1,-7,2,1]
[4096,256,128,31,8,1,1]
[15625,1375,117,11,1]
[2401,98,67,2,1]
[256,-64,0,-28,25,-7,0,-1,1]
[256,64,80,44,17,11,5,1,1]
[256,64,64,28,21,7,4,1,1]
[6561,891,142,11,1]
[625,-150,33,-6,1]
[256,192,32,16,19,4,2,3,1]
[512,256,104,31,13,4,1]
[256,128,32,-44,-27,-11,2,2,1]
[4096,1792,720,223,45,7,1]
[4096,256,288,31,18,1,1]
[256,-64,48,-16,5,-4,3,-1,1]
[729,243,-18,-29,-2,3,1]
[6561,81,14,1,1]
[4096,1792,384,87,24,7,1]
[729,0,81,25,9,0,1]
[729,0,99,11,11,0,1]
[729,-81,81,-22,9,-1,1]
[729,-324,63,-2,7,-4,1]
[256,-128,32,16,-15,4,2,-2,1]
[15625,5125,668,41,1]
[16384,2688,255,21,1]
[4096,-256,-176,59,-11,-1,1]
[4096,-1024,208,-37,13,-4,1]
[16384,2560,323,20,1]
[16384,2432,197,19,1]
[512,256,144,41,18,4,1]
[4096,0,-101,0,1]
[4096,512,-64,21,-4,2,1]
[14641,1331,15,11,1]
[256,0,16,0,25,0,1,0,1]
[4096,768,112,-35,7,3,1]
[729,-162,9,10,1,-2,1]
[4096,-2304,816,-199,51,-9,1]
[256,128,16,-20,-9,-5,1,2,1]
[256,-192,48,24,-17,6,3,-3,1]
[512,448,256,97,32,7,1]
[256,-192,48,32,-27,8,3,-3,1]
[256,0,32,-12,15,-3,2,0,1]
[4096,512,-112,-81,-7,2,1]
[4096,-768,496,-85,31,-3,1]
[4096,2560,1104,327,69,10,1]
[729,-162,55,-6,1]
[14641,726,-60,6,1]
[4096,2560,624,115,39,10,1]
[14641,-605,20,-5,1]
[15625,875,-17,7,1]
[256,-256,160,-36,11,-9,10,-4,1]
[16384,768,201,6,1]
[4096,256,-128,-65,-8,1,1]
[4096,-512,336,-45,21,-2,1]
[4096,2048,944,253,59,8,1]
[4096,-512,64,-59,4,-2,1]
[729,567,198,58,22,7,1]
[512,-192,168,-41,21,-3,1]
[16384,-2432,189,-19,1]
[256,-64,-16,8,-13,2,-1,-1,1]
[4096,-1280,0,57,0,-5,1]
[4096,-1792,720,-195,45,-7,1]
[14641,-121,212,-1,1]
[4096,0,464,13,29,0,1]
[15625,-250,-137,-2,1]
[4096,-1536,752,-169,47,-6,1]
[15625,1375,76,11,1]
[14641,1210,234,10,1]
[512,192,48,29,6,3,1]
[15625,500,49,4,1]
[4096,-768,288,-39,18,-3,1]
[4096,-256,64,3,4,-1,1]
[2401,98,41,2,1]
[15625,500,247,4,1]
[15625,-1875,301,-15,1]
[729,27,19,1,1]
[6561,81,-134,1,1]
[4096,2048,672,185,42,8,1]
[6561,972,188,12,1]
[4096,256,160,-59,10,1,1]
[256,-192,144,-88,57,-22,9,-3,1]
[729,-324,72,-7,8,-4,1]
[729,-405,225,-76,25,-5,1]
[4096,-256,128,43,8,-1,1]
[4096,256,32,-91,2,1,1]
[4096,-256,160,55,10,-1,1]
[256,-64,32,-20,19,-5,2,-1,1]
[14641,-1573,190,-13,1]
[15625,2125,134,17,1]
[256,0,96,32,15,8,6,0,1]
[15625,750,-48,6,1]
[4096,-1536,48,43,3,-6,1]
[729,-162,0,-2,0,-2,1]
[6561,-1215,142,-15,1]
[6561,0,-32,0,1]
[4096,2304,480,73,30,9,1]
[4096,-1024,608,-91,38,-4,1]
[256,64,48,20,7,5,3,1,1]
[729,-162,81,-14,9,-2,1]
[4096,256,544,33,34,1,1]
[6561,-729,146,-9,1]
[512,-384,80,-1,10,-6,1]
[4096,-768,-144,133,-9,-3,1]
[4096,-1024,320,-41,20,-4,1]
[4096,1024,400,123,25,4,1]
[4096,-1344,237,-21,1]
[256,128,48,12,7,3,3,2,1]
[14641,847,91,7,1]
[729,-243,-27,37,-3,-3,1]
[15625,3250,416,26,1]
[15625,1375,24,11,1]
[4096,-2304,928,-287,58,-9,1]
[256,192,176,92,57,23,11,3,1]
[4096,0,432,-33,27,0,1]
[4096,3072,1056,269,66,12,1]
[4096,1792,784,209,49,7,1]
[6561,-1134,116,-14,1]
[4096,1024,-64,-91,-4,4,1]
[16384,128,3,1,1]
[15625,1125,47,9,1]
[16384,0,-85,0,1]
[4096,2560,656,129,41,10,1]
[4096,-2816,1040,-287,65,-11,1]
[4096,-768,256,1,16,-3,1]
[15625,-2625,247,-21,1]
[625,-50,28,-2,1]
[256,0,128,-4,35,-1,8,0,1]
[4096,256,112,-27,7,1,1]
[14641,-1573,244,-13,1]
[4096,0,192,79,12,0,1]
[4096,2048,896,233,56,8,1]
[4096,-768,64,-35,4,-3,1]
[15625,-125,177,-1,1]
[15625,2750,257,22,1]
[2401,-147,54,-3,1]
[15625,-1500,99,-12,1]
[1024,160,7,5,1]
[15625,-2875,306,-23,1]
[4096,-1024,352,-87,22,-4,1]
[14641,3267,417,27,1]
[15625,-1750,176,-14,1]
[14641,363,-150,3,1]
[14641,2057,189,17,1]
[4096,768,320,57,20,3,1]
[729,-891,531,-208,59,-11,1]
[4096,512,128,25,8,2,1]
[4096,1024,-32,-77,-2,4,1]
[512,-320,80,-9,10,-5,1]
[6561,0,136,0,1]
[1024,-224,35,-7,1]
[4096,-256,224,23,14,-1,1]
[256,0,16,-4,15,-1,1,0,1]
[4096,-2048,800,-249,50,-8,1]
[4096,0,16,-57,1,0,1]
[16384,1792,135,14,1]
[15625,3375,432,27,1]
[4096,896,111,14,1]
[4096,-512,96,-67,6,-2,1]
[4096,512,-32,-77,-2,2,1]
[4096,576,65,9,1]
[15625,1625,292,13,1]
[4096,1280,528,167,33,5,1]
[4096,-512,16,85,1,-2,1]
[512,0,0,-19,0,0,1]
[15625,500,-23,4,1]
[15625,875,81,7,1]
[14641,-3267,421,-27,1]
[4096,768,-16,-9,-1,3,1]
[256,192,80,12,3,3,5,3,1]
[14641,1331,49,11,1]
[729,81,36,-22,4,1,1]
[15625,1250,257,10,1]
[256,0,32,20,13,5,2,0,1]
[256,0,32,24,-15,6,2,0,1]
[512,384,160,51,20,6,1]
[15625,-1250,261,-10,1]
[14641,847,145,7,1]
[6561,1539,248,19,1]
[4096,-1024,-16,89,-1,-4,1]
[512,128,64,-1,8,2,1]
[4096,512,240,-5,15,2,1]
[16384,-256,-51,-2,1]
[16384,-1280,23,-10,1]
[256,-192,112,-48,21,-12,7,-3,1]
[729,-81,-36,28,-4,-1,1]
[4096,1024,656,99,41,4,1]
[15625,250,199,2,1]
[4096,-1792,848,-211,53,-7,1]
[15625,-1750,279,-14,1]
[4096,1024,-64,-105,-4,4,1]
[256,-64,0,-8,-3,-2,0,-1,1]
[4096,-1024,144,23,9,-4,1]
[14641,484,-113,4,1]
[4096,1536,752,187,47,6,1]
[4096,1792,160,-43,10,7,1]
[729,243,9,-28,1,3,1]
[256,0,32,-40,5,-10,2,0,1]
[729,0,18,34,2,0,1]
[256,64,-128,-16,35,-4,-8,1,1]
[4096,3072,1248,353,78,12,1]
[4096,1024,400,101,25,4,1]
[15625,-4125,499,-33,1]
[2401,-343,86,-7,1]
[4096,-256,-240,25,-15,-1,1]
[4096,3072,1232,355,77,12,1]
[4096,-768,48,69,3,-3,1]
[4096,-1792,560,-159,35,-7,1]
[4096,-1536,176,-11,11,-6,1]
[6561,-1539,250,-19,1]
[4096,-1280,448,-113,28,-5,1]
[14641,-242,-28,-2,1]
[4096,1536,656,165,41,6,1]
[4096,1536,528,101,33,6,1]
[4096,-1024,256,-1,16,-4,1]
[81,54,19,6,1]
[16384,3584,389,28,1]
[2401,588,86,12,1]
[15625,0,34,0,1]
[14641,1089,141,9,1]
[4096,1024,128,-35,8,4,1]
[4096,-1280,-208,149,-13,-5,1]
[15625,-875,126,-7,1]
[4096,-1024,272,-23,17,-4,1]
[4096,2816,928,227,58,11,1]
[4096,-512,208,5,13,-2,1]
[4096,-1024,-112,83,-7,-4,1]
[4096,-256,-80,-31,-5,-1,1]
[16384,-1664,161,-13,1]
[512,256,-48,-59,-6,4,1]
[4096,-1792,832,-193,52,-7,1]
[2401,441,87,9,1]
[256,-192,128,-68,31,-17,8,-3,1]
[15625,250,-31,2,1]
[4096,1536,-192,-173,-12,6,1]
[4096,-1536,528,-109,33,-6,1]
[256,128,-64,0,33,0,-4,2,1]
[14641,1089,-39,9,1]
[4096,-256,224,-31,14,-1,1]
[4096,2048,560,145,35,8,1]
[4096,256,400,43,25,1,1]
[256,-192,144,-96,43,-24,9,-3,1]
[256,64,-48,8,31,2,-3,1,1]
[4096,-1280,496,-129,31,-5,1]
[4096,-768,352,-59,22,-3,1]
[512,320,56,-5,7,5,1]
[16384,-128,231,-1,1]
[15625,875,116,7,1]
[4096,256,-96,-27,-6,1,1]
[512,64,24,-7,3,1,1]
[4096,-512,272,11,17,-2,1]
[14641,242,97,2,1]
[16384,-128,-113,-1,1]
[256,-512,592,-468,271,-117,37,-8,1]
[256,-128,128,-88,37,-22,8,-2,1]
[1024,224,69,7,1]
[14641,-2299,329,-19,1]
[81,27,13,3,1]
[15625,250,-33,2,1]
[64,96,76,43,19,6,1]
[16384,-512,195,-4,1]
[729,-324,27,1,3,-4,1]
[4096,-512,288,-79,18,-2,1]
[4096,2048,912,247,57,8,1]
[4096,1536,-112,-133,-7,6,1]
[6561,162,152,2,1]
[4096,512,608,55,38,2,1]
[256,192,-16,-20,5,-5,-1,3,1]
[4096,1536,560,193,35,6,1]
[4096,0,112,81,7,0,1]
[256,0,96,-32,15,-8,6,0,1]
[1024,-352,69,-11,1]
[4096,-1024,-96,67,-6,-4,1]
[256,0,-32,12,3,3,-2,0,1]
[15625,-875,161,-7,1]
[4096,256,640,35,40,1,1]
[4096,-256,51,-4,1]
[4096,1024,175,16,1]
[15625,-3625,401,-29,1]
[512,-192,0,17,0,-3,1]
[512,0,40,-9,5,0,1]
[15625,-750,174,-6,1]
[4096,-1280,112,39,7,-5,1]
[15625,-3625,429,-29,1]
[14641,-2178,238,-18,1]
[4096,256,-128,-81,-8,1,1]
[4096,-768,176,-43,11,-3,1]
[256,-256,176,-96,49,-24,11,-4,1]
[625,200,42,8,1]
[4096,-1536,560,-113,35,-6,1]
[14641,-1089,182,-9,1]
[4096,0,-64,33,-4,0,1]
[4096,-2560,1040,-291,65,-10,1]
[256,-128,64,-16,-1,-4,4,-2,1]
[4096,2304,720,187,45,9,1]
[4096,-1024,96,33,6,-4,1]
[256,-64,16,24,-25,6,1,-1,1]
[729,-162,54,8,6,-2,1]
[15625,-875,17,-7,1]
[4096,-2048,832,-223,52,-8,1]
[4096,2304,368,23,23,9,1]
[4096,-1536,32,57,2,-6,1]
[2401,-98,4,-2,1]
[4096,-256,160,69,10,-1,1]
[512,-320,112,-33,14,-5,1]
[15625,-375,-157,-3,1]
[4096,-1024,187,-16,1]
[4096,-512,-112,73,-7,-2,1]
[256,-192,64,0,-7,0,4,-3,1]
[729,-243,135,-56,15,-3,1]
[4096,1024,-64,-37,-4,4,1]
[256,0,32,24,-13,6,2,0,1]
[16384,1792,113,14,1]
[4096,1280,-112,-97,-7,5,1]
[15625,-3500,423,-28,1]
[16384,1408,17,11,1]
[256,-128,-32,-20,37,-5,-2,-2,1]
[4096,-1280,688,-143,43,-5,1]
[6561,-405,20,-5,1]
[4096,256,208,-51,13,1,1]
[4096,-1024,-48,43,-3,-4,1]
[729,81,-2,3,1]
[4096,-1536,224,7,14,-6,1]
[256,256,144,40,11,10,9,4,1]
[4096,1792,480,111,30,7,1]
[14641,0,214,0,1]
[4096,-1536,528,-133,33,-6,1]
[256,-320,224,-92,41,-23,14,-5,1]
[15625,625,234,5,1]
[4096,-3072,1392,-407,87,-12,1]
[14641,-968,201,-8,1]
[256,-64,-16,24,3,6,-1,-1,1]
[256,-128,96,-16,7,-4,6,-2,1]
[4096,-1792,592,-133,37,-7,1]
[729,-486,144,-34,16,-6,1]
[512,256,48,-5,6,4,1]
[15625,2625,237,21,1]
[256,64,64,24,3,6,4,1,1]
[4096,-768,368,-89,23,-3,1]
[14641,968,-64,8,1]
[16384,-1024,173,-8,1]
[4096,1152,187,18,1]
[4096,-1024,-112,59,-7,-4,1]
[512,128,96,17,12,2,1]
[729,162,-18,-4,-2,2,1]
[4096,768,224,-17,14,3,1]
[4096,256,32,59,2,1,1]
[4096,512,176,109,11,2,1]
[256,64,-32,-16,7,-4,-2,1,1]
[4096,1536,544,163,34,6,1]
[4096,-256,176,-55,11,-1,1]
[4096,-256,-144,73,-9,-1,1]
[256,-256,64,60,-53,15,4,-4,1]
[14641,2541,301,21,1]
[6561,324,161,4,1]
[14641,1936,246,16,1]
[512,-64,40,-17,5,-1,1]
[4096,2560,992,287,62,10,1]
[256,-128,32,32,-17,8,2,-2,1]
[4096,-3072,1328,-405,83,-12,1]
[729,243,36,-17,4,3,1]
[4096,0,144,-35,9,0,1]
[729,-405,162,-55,18,-5,1]
[4096,1536,112,-37,7,6,1]
[4096,1280,784,145,49,5,1]
[729,-81,-20,-3,1]
[729,-81,18,-25,2,-1,1]
[4096,-2304,1040,-295,65,-9,1]
[4096,-960,117,-15,1]
[4096,-2560,688,-139,43,-10,1]
[15625,375,-182,3,1]
[4096,-768,272,-7,17,-3,1]
[4096,-1792,192,31,12,-7,1]
[16384,-3072,301,-24,1]
[256,0,80,48,9,12,5,0,1]
[4096,-1024,144,33,9,-4,1]
[14641,-242,-118,-2,1]
[14641,-121,-136,-1,1]
[4096,768,-48,-79,-3,3,1]
[625,200,56,8,1]
[729,162,72,52,8,2,1]
[15625,-500,-18,-4,1]
[512,0,32,-27,4,0,1]
[256,192,32,-12,-11,-3,2,3,1]
[6561,0,-128,0,1]
[15625,0,29,0,1]
[6561,-243,-52,-3,1]
[256,-128,64,-52,23,-13,4,-2,1]
[14641,1331,219,11,1]
[4096,-768,400,-55,25,-3,1]
[81,0,10,0,1]
[4096,-256,160,15,10,-1,1]
[14641,0,-38,0,1]
[4096,256,464,25,29,1,1]
[4096,1280,-144,-109,-9,5,1]
[256,-128,160,-92,51,-23,10,-2,1]
[4096,-3072,1344,-411,84,-12,1]
[256,192,32,0,1,0,2,3,1]
[512,-256,112,-45,14,-4,1]
[4096,768,448,97,28,3,1]
[256,-64,48,-24,3,-6,3,-1,1]
[4096,1792,736,217,46,7,1]
[15625,-1875,181,-15,1]
[729,-243,72,-14,8,-3,1]
[4096,2304,672,151,42,9,1]
[4096,-256,240,-7,15,-1,1]
[4096,-1536,64,47,4,-6,1]
[729,243,126,35,14,3,1]
[4096,-512,-32,-13,-2,-2,1]
[729,-486,153,-41,17,-6,1]
[4096,-3328,1328,-375,83,-13,1]
[256,0,-160,0,53,0,-10,0,1]
[4096,-256,304,19,19,-1,1]
[512,-320,104,-25,13,-5,1]
[15625,125,-144,1,1]
[512,0,8,-37,1,0,1]
[2401,-392,57,-8,1]
[256,64,32,16,13,4,2,1,1]
[4096,512,-16,-93,-1,2,1]
[729,-486,162,-52,18,-6,1]
[256,-384,368,-256,145,-64,23,-6,1]
[512,448,248,105,31,7,1]
[15625,2250,316,18,1]
[729,243,0,-26,0,3,1]
[4096,768,480,41,30,3,1]
[15625,3125,369,25,1]
[6561,648,134,8,1]
[4096,512,-16,5,-1,2,1]
[6561,81,-16,1,1]
[4096,0,-48,-3,-3,0,1]
[256,-128,80,24,-9,6,5,-2,1]
[256,-128,48,-24,11,-6,3,-2,1]
[14641,1573,190,13,1]
[256,-64,32,48,-13,12,2,-1,1]
[4096,256,-96,27,-6,1,1]
[4096,2048,656,151,41,8,1]
[4096,1792,352,73,22,7,1]
[256,-256,160,-104,63,-26,10,-4,1]
[512,-384,200,-87,25,-6,1]
[256,0,16,12,-19,3,1,0,1]
[4096,576,105,9,1]
[4096,-1792,256,-15,16,-7,1]
[15625,1250,113,10,1]
[512,448,176,57,22,7,1]
[256,256,224,148,87,37,14,4,1]
[4096,768,-64,-15,-4,3,1]
[256,-128,48,28,-23,7,3,-2,1]
[729,243,36,-8,4,3,1]
[4096,1536,336,65,21,6,1]
[4096,-1536,624,-135,39,-6,1]
[15625,-1375,172,-11,1]
[14641,-1573,173,-13,1]
[4096,1792,-192,-193,-12,7,1]
[14641,1573,115,13,1]
[4096,1024,144,51,9,4,1]
[4096,1280,560,121,35,5,1]
[729,324,117,38,13,4,1]
[16384,640,-53,5,1]
[14641,1573,127,13,1]
[4096,-1024,64,-1,4,-4,1]
[729,-486,207,-64,23,-6,1]
[14641,847,72,7,1]
[4096,768,48,-41,3,3,1]
[4096,1024,432,95,27,4,1]
[4096,1280,288,53,18,5,1]
[4096,2048,688,201,43,8,1]
[4096,2048,736,187,46,8,1]
[256,384,304,180,95,45,19,6,1]
[256,-256,192,-124,75,-31,12,-4,1]
[15625,1125,63,9,1]
[14641,363,-102,3,1]
[729,-162,45,-28,5,-2,1]
[512,128,128,23,16,2,1]
[256,-256,192,-120,67,-30,12,-4,1]
[4096,-256,0,95,0,-1,1]
[512,0,112,-11,14,0,1]
[15625,-625,31,-5,1]
[256,0,0,0,-29,0,0,0,1]
[729,-162,18,-23,2,-2,1]
[4096,-64,-25,-1,1]
[4096,-2816,1024,-287,64,-11,1]
[4096,512,112,43,7,2,1]
[256,0,16,-20,-5,-5,1,0,1]
[4096,-256,-48,-71,-3,-1,1]
[14641,-484,118,-4,1]
[4096,-256,256,-57,16,-1,1]
[729,162,18,-13,2,2,1]
[512,-256,80,-25,10,-4,1]
[729,243,-63,-55,-7,3,1]
[14641,-3751,460,-31,1]
[4096,-1280,352,-125,22,-5,1]
[729,-81,18,2,2,-1,1]
[16384,-128,-149,-1,1]
[4096,512,416,39,26,2,1]
[6561,-972,58,-12,1]
[4096,768,336,45,21,3,1]
[4096,512,224,119,14,2,1]
[4096,-1024,448,-75,28,-4,1]
[512,-64,96,-7,12,-1,1]
[256,-192,80,32,-27,8,5,-3,1]
[256,0,48,20,5,5,3,0,1]
[15625,375,97,3,1]
[4096,256,144,37,9,1,1]
[16384,-1664,113,-13,1]
[4096,256,240,-23,15,1,1]
[2401,539,61,11,1]
[14641,242,145,2,1]
[14641,-363,-153,-3,1]
[256,-64,32,-12,7,-3,2,-1,1]
[2401,147,-36,3,1]
[4096,-256,432,-43,27,-1,1]
[4096,2304,752,189,47,9,1]
[256,128,128,44,37,11,8,2,1]
[729,-324,180,-62,20,-4,1]
[14641,-3509,415,-29,1]
[4096,1536,688,181,43,6,1]
[256,-128,80,-20,3,-5,5,-2,1]
[4096,2560,1184,325,74,10,1]
[6561,405,68,5,1]
[4096,-768,544,-63,34,-3,1]
[16384,768,13,6,1]
[729,-81,45,-13,5,-1,1]
[729,-81,63,-26,7,-1,1]
[4096,-512,112,3,7,-2,1]
[4096,256,672,31,42,1,1]
[15625,-375,4,-3,1]
[15625,-125,57,-1,1]
[4096,-448,47,-7,1]
[4096,-512,-144,95,-9,-2,1]
[14641,-2541,230,-21,1]
[15625,-375,191,-3,1]
[4096,2304,704,177,44,9,1]
[729,162,0,-29,0,2,1]
[15625,3125,346,25,1]
[14641,1452,235,12,1]
[2401,0,-97,0,1]
[256,-128,112,-68,31,-17,7,-2,1]
[625,100,51,4,1]
[4096,1280,464,87,29,5,1]
[729,-243,99,-25,11,-3,1]
[2401,-392,29,-8,1]
[4096,768,512,53,32,3,1]
[256,-128,32,-44,31,-11,2,-2,1]
[4096,768,176,91,11,3,1]
[4096,320,109,5,1]
[4096,-1024,128,-43,8,-4,1]
[15625,-3125,324,-25,1]
[16384,-256,-141,-2,1]
[4096,-2048,816,-219,51,-8,1]
[256,0,32,0,-1,0,2,0,1]
[14641,2420,249,20,1]
[4096,-512,-80,55,-5,-2,1]
[729,-324,54,-4,6,-4,1]
[14641,0,-131,0,1]
[4096,-256,272,-7,17,-1,1]
[14641,2541,350,21,1]
[14641,1089,229,9,1]
[4096,1024,400,71,25,4,1]
[15625,-2750,363,-22,1]
[4096,256,0,-75,0,1,1]
[81,18,4,2,1]
[4096,-256,80,-77,5,-1,1]
[14641,-1452,152,-12,1]
[4096,-1536,736,-175,46,-6,1]
[4096,768,32,-29,2,3,1]
[4096,-256,48,-61,3,-1,1]
[256,-256,144,-60,29,-15,9,-4,1]
[14641,-847,57,-7,1]
[4096,-768,32,1,2,-3,1]
[256,128,144,60,53,15,9,2,1]
[15625,-625,243,-5,1]
[14641,1573,89,13,1]
[14641,-1089,191,-9,1]
[14641,-2299,237,-19,1]
[729,-567,153,-26,17,-7,1]
[4096,2048,944,243,59,8,1]
[4096,768,-144,-99,-9,3,1]
[14641,-2662,298,-22,1]
[14641,726,9,6,1]
[4096,-1792,752,-185,47,-7,1]
[2401,98,-16,2,1]
[4096,-512,-176,97,-11,-2,1]
[4096,2304,896,249,56,9,1]
[14641,-4477,581,-37,1]
[16384,-768,257,-6,1]
[4096,512,336,33,21,2,1]
[4096,1280,224,63,14,5,1]
[4096,448,133,7,1]
[256,64,64,44,25,11,4,1,1]
[2401,49,33,1,1]
[256,-64,80,4,19,1,5,-1,1]
[4096,-768,144,-79,9,-3,1]
[256,-256,96,-16,1,-4,6,-4,1]
[729,-486,45,28,5,-6,1]
[256,-256,128,-84,57,-21,8,-4,1]
[4096,1536,784,187,49,6,1]
[729,324,198,58,22,4,1]
[2401,343,58,7,1]
[4096,256,432,-7,27,1,1]
[512,448,296,119,37,7,1]
[2401,294,30,6,1]
[15625,-125,42,-1,1]
[4096,1024,-48,-83,-3,4,1]
[2401,343,54,7,1]
[4096,-2304,944,-257,59,-9,1]
[4096,1280,640,125,40,5,1]
[6561,-567,113,-7,1]
[4096,-1280,-160,115,-10,-5,1]
[512,192,40,21,5,3,1]
[4096,-576,65,-9,1]
[4096,-1536,544,-125,34,-6,1]
[256,64,-64,-20,9,-5,-4,1,1]
[14641,968,-4,8,1]
[256,64,16,16,27,4,1,1,1]
[256,-64,0,28,-11,7,0,-1,1]
[4096,1792,672,215,42,7,1]
[512,-64,64,-21,8,-1,1]
[256,-64,-16,20,-9,5,-1,-1,1]
[15625,-4000,469,-32,1]
[729,-486,63,14,7,-6,1]
[4096,-256,64,-37,4,-1,1]
[729,-243,18,22,2,-3,1]
[4096,-512,80,-5,5,-2,1]
[15625,-2000,218,-16,1]
[4096,1792,240,23,15,7,1]
[14641,1694,185,14,1]
[14641,-1815,178,-15,1]
[256,0,-48,0,29,0,-3,0,1]
[4096,-1280,160,31,10,-5,1]
[4096,-2048,768,-193,48,-8,1]
[4096,256,144,-35,9,1,1]
[15625,-625,-101,-5,1]
[4096,-1280,400,-107,25,-5,1]
[14641,-2057,189,-17,1]
[16384,1024,119,8,1]
[6561,-81,-140,-1,1]
[4096,1024,368,105,23,4,1]
[4096,-2304,928,-289,58,-9,1]
[4096,-1024,256,-83,16,-4,1]
[4096,-256,320,-63,20,-1,1]
[729,810,522,209,58,10,1]
[16384,1280,79,10,1]
[256,128,-16,-4,15,-1,-1,2,1]
[4096,-2048,224,29,14,-8,1]
[256,64,80,8,17,2,5,1,1]
[256,-64,-64,0,29,0,-4,-1,1]
[256,0,-64,4,7,1,-4,0,1]
[512,-512,232,-81,29,-8,1]
[64,32,4,-1,1,2,1]
[16384,2944,373,23,1]
[512,192,112,23,14,3,1]
[4096,2304,608,133,38,9,1]
[256,-64,128,4,27,1,8,-1,1]
[729,162,234,34,26,2,1]
[6561,-324,118,-4,1]
[2401,-98,82,-2,1]
[729,81,18,-7,2,1,1]
[4096,1024,224,111,14,4,1]
[729,108,44,4,1]
[15625,-1750,244,-14,1]
[2401,98,-50,2,1]
[14641,-363,-147,-3,1]
[4096,-2048,464,-91,29,-8,1]
[14641,-605,98,-5,1]
[4096,0,-112,57,-7,0,1]
[4096,1792,608,129,38,7,1]
[14641,-121,-19,-1,1]
[729,-243,81,-20,9,-3,1]
[4096,-768,272,-101,17,-3,1]
[256,-256,128,-40,15,-10,8,-4,1]
[4096,-1536,608,-121,38,-6,1]
[2401,0,-2,0,1]
[256,-448,464,-336,191,-84,29,-7,1]
[81,-63,25,-7,1]
[15625,-2375,262,-19,1]
[4096,-2048,752,-185,47,-8,1]
[14641,0,-235,0,1]
[256,192,128,32,15,8,8,3,1]
[4096,-1792,208,7,13,-7,1]
[16,-8,3,-2,1]
[729,-324,27,4,3,-4,1]
[16384,-1792,285,-14,1]
[4096,-768,336,-125,21,-3,1]
[4096,-256,-192,41,-12,-1,1]
[4096,-768,368,-121,23,-3,1]
[15625,-1875,157,-15,1]
[256,64,48,24,31,6,3,1,1]
[16384,3328,401,26,1]
[4096,-1280,192,7,12,-5,1]
[256,64,16,-32,-11,-8,1,1,1]
[729,-162,117,-20,13,-2,1]
[4096,512,416,25,26,2,1]
[4096,-1280,672,-159,42,-5,1]
[256,0,16,-20,-7,-5,1,0,1]
[256,-64,176,-28,55,-7,11,-1,1]
[4096,-768,48,35,3,-3,1]
[4096,256,272,87,17,1,1]
[4096,768,32,-69,2,3,1]
[15625,-875,21,-7,1]
[4096,-1536,400,-127,25,-6,1]
[4096,1792,544,109,34,7,1]
[16384,-512,-19,-4,1]
[16384,768,51,6,1]
[14641,-605,-70,-5,1]
[256,256,240,156,87,39,15,4,1]
[729,81,153,19,17,1,1]
[4096,-512,480,-65,30,-2,1]
[16384,1024,-19,8,1]
[4096,1280,544,149,34,5,1]
[2401,-147,58,-3,1]
[625,50,32,2,1]
[4096,-256,96,-93,6,-1,1]
[6561,-972,182,-12,1]
[14641,-2178,303,-18,1]
[256,-192,80,0,-7,0,5,-3,1]
[15625,-375,34,-3,1]
[4096,-1024,-48,65,-3,-4,1]
[15625,-750,-58,-6,1]
[6561,-972,91,-12,1]
[4096,512,-176,-43,-11,2,1]
[4096,768,240,97,15,3,1]
[4096,0,-128,25,-8,0,1]
[15625,-3250,346,-26,1]
[4096,-1536,-128,151,-8,-6,1]
[729,324,80,12,1]
[4096,256,-80,-41,-5,1,1]
[16384,1536,59,12,1]
[512,256,136,57,17,4,1]
[2401,784,158,16,1]
[729,-324,153,-40,17,-4,1]
[729,81,54,13,6,1,1]
[15625,1125,42,9,1]
[14641,-121,8,-1,1]
[4096,-256,128,69,8,-1,1]
[729,81,180,16,20,1,1]
[15625,-500,-138,-4,1]
[14641,1452,240,12,1]
[256,64,80,28,9,7,5,1,1]
[4096,768,496,103,31,3,1]
[4096,768,96,-57,6,3,1]
[4096,-512,448,-33,28,-2,1]
[4096,0,-80,-5,-5,0,1]
[15625,500,26,4,1]
[15625,-2125,257,-17,1]
[4096,768,336,51,21,3,1]
[512,192,-32,-39,-4,3,1]
[729,-81,-72,13,-8,-1,1]
[4096,-1024,256,-81,16,-4,1]
[256,-64,32,-8,23,-2,2,-1,1]
[256,-192,16,44,-29,11,1,-3,1]
[14641,-1331,6,-11,1]
[4096,-512,-48,65,-3,-2,1]
[4096,768,352,21,22,3,1]
[4096,0,-64,91,-4,0,1]
[64,32,20,19,5,2,1]
[4096,-1024,-192,157,-12,-4,1]
[4096,256,16,35,1,1,1]
[14641,-1936,183,-16,1]
[16384,-2176,183,-17,1]
[14641,-2178,301,-18,1]
[256,0,32,0,27,0,2,0,1]
[14641,121,90,1,1]
[6561,81,-88,1,1]
[4096,768,-176,-127,-11,3,1]
[729,567,288,112,32,7,1]
[15625,-1500,117,-12,1]
[256,-192,160,-108,55,-27,10,-3,1]
[2401,-147,-36,-3,1]
[4096,-2560,1072,-301,67,-10,1]
[15625,125,-194,1,1]
[4096,-512,320,1,20,-2,1]
[4096,-512,256,-97,16,-2,1]
[4096,768,16,-87,1,3,1]
[4096,-2816,1120,-313,70,-11,1]
[4096,-1280,640,-127,40,-5,1]
[16384,-1408,129,-11,1]
[256,-64,48,8,-7,2,3,-1,1]
[4096,3328,1456,435,91,13,1]
[4096,-1024,496,-123,31,-4,1]
[256,-128,64,0,5,0,4,-2,1]
[4096,-512,464,-73,29,-2,1]
[625,-225,53,-9,1]
[729,-243,171,-56,19,-3,1]
[625,-75,43,-3,1]
[4096,-1280,48,19,3,-5,1]
[256,128,80,36,5,9,5,2,1]
[2401,-343,38,-7,1]
[4096,-256,208,-41,13,-1,1]
[14641,-1089,223,-9,1]
[4096,0,-16,-15,-1,0,1]
[15625,250,173,2,1]
[4096,-1536,208,11,13,-6,1]
[14641,-1936,145,-16,1]
[729,162,63,20,7,2,1]
[14641,3025,380,25,1]
[1024,32,49,1,1]
[4096,-1536,0,65,0,-6,1]
[15625,1250,136,10,1]
[729,-162,54,16,6,-2,1]
[256,256,64,-48,-43,-12,4,4,1]
[128,21,1]
[512,192,168,39,21,3,1]
[729,81,90,-7,10,1,1]
[4096,512,-64,-73,-4,2,1]
[6561,-486,37,-6,1]
[14641,-605,-14,-5,1]
[729,0,-16,0,1]
[4096,-768,560,-63,35,-3,1]
[16,0,-3,0,1]
[14641,-2420,298,-20,1]
[6561,162,80,2,1]
[14641,3509,401,29,1]
[4096,-2560,672,-133,42,-10,1]
[4096,-2048,608,-127,38,-8,1]
[14641,-2057,268,-17,1]
[256,-320,224,-96,43,-24,14,-5,1]
[2401,343,20,7,1]
[14641,-363,13,-3,1]
[4096,1280,192,63,12,5,1]
[729,162,-27,-5,-3,2,1]
[729,162,54,52,6,2,1]
[4096,768,400,31,25,3,1]
[256,0,-16,20,17,5,-1,0,1]
[4096,-2304,768,-189,48,-9,1]
[14641,121,224,1,1]
[512,-192,56,-29,7,-3,1]
[4096,256,48,-43,3,1,1]
[14641,-1936,166,-16,1]
[4096,-256,112,13,7,-1,1]
[4096,-1536,112,43,7,-6,1]
[4096,-1536,720,-161,45,-6,1]
[4096,-512,-192,77,-12,-2,1]
[14641,605,222,5,1]
[729,0,9,28,1,0,1]
[16384,-1536,61,-12,1]
[16384,-2048,313,-16,1]
[4096,512,400,19,25,2,1]
[729,-486,144,-37,16,-6,1]
[15625,-1000,-37,-8,1]
[4096,-3072,1296,-381,81,-12,1]
[4096,-1280,224,-11,14,-5,1]
[16384,2176,315,17,1]
[512,-448,120,-17,15,-7,1]
[4096,1792,544,127,34,7,1]
[4096,-448,65,-7,1]
[512,256,104,35,13,4,1]
[4096,-1536,480,-77,30,-6,1]
[14641,242,125,2,1]
[4096,-2560,528,-71,33,-10,1]
[15625,1375,22,11,1]
[729,-324,90,-20,10,-4,1]
[15625,-3500,414,-28,1]
[4096,-768,112,-1,7,-3,1]
[4096,2560,928,251,58,10,1]
[4096,-256,464,-35,29,-1,1]
[4096,512,368,13,23,2,1]
[14641,3025,383,25,1]
[4096,-1024,-112,117,-7,-4,1]
[6561,0,-85,0,1]
[2401,-588,128,-12,1]
[16384,-2816,333,-22,1]
[4096,1536,784,179,49,6,1]
[4096,-1024,192,-55,12,-4,1]
[729,-243,36,-22,4,-3,1]
[4096,384,115,6,1]
[729,-648,360,-140,40,-8,1]
[6561,-162,85,-2,1]
[256,256,208,104,57,26,13,4,1]
[256,-128,80,-48,35,-12,5,-2,1]
[4096,2048,608,161,38,8,1]
[4096,768,512,69,32,3,1]
[4096,1792,608,143,38,7,1]
[256,256,208,132,73,33,13,4,1]
[4096,1792,768,193,48,7,1]
[729,-324,18,20,2,-4,1]
[256,-128,48,-44,23,-11,3,-2,1]
[16384,-1024,193,-8,1]
[256,0,128,4,37,1,8,0,1]
[4096,2816,1136,327,71,11,1]
[4096,-256,384,-49,24,-1,1]
[15625,-2500,322,-20,1]
[512,-448,296,-117,37,-7,1]
[729,81,-9,-40,-1,1,1]
[4096,-256,224,-9,14,-1,1]
[4096,-1280,320,-31,20,-5,1]
[512,-64,56,-17,7,-1,1]
[729,81,108,17,12,1,1]
[16384,896,211,7,1]
[6561,-810,35,-10,1]
[256,-128,160,-52,45,-13,10,-2,1]
[4096,-1792,800,-193,50,-7,1]
[15625,2125,237,17,1]
[6561,729,134,9,1]
[256,0,48,20,-5,5,3,0,1]
[4096,256,80,49,5,1,1]
[4096,512,528,57,33,2,1]
[4096,1792,672,145,42,7,1]
[256,192,176,80,55,20,11,3,1]
[4096,-768,400,-23,25,-3,1]
[4096,256,-48,-73,-3,1,1]
[256,128,144,76,51,19,9,2,1]
[4096,256,0,-29,0,1,1]
[15625,-3625,406,-29,1]
[256,-128,96,-12,17,-3,6,-2,1]
[729,-729,396,-155,44,-9,1]
[256,320,288,184,105,46,18,5,1]
[4096,0,304,-43,19,0,1]
[256,128,32,12,5,3,2,2,1]
[16384,512,141,4,1]
[4096,0,-208,5,-13,0,1]
[15625,-750,249,-6,1]
[4096,-768,64,-55,4,-3,1]
[256,-128,48,-40,25,-10,3,-2,1]
[729,0,38,0,1]
[729,486,108,11,12,6,1]
[4096,768,288,23,18,3,1]
[16384,-1408,257,-11,1]
[4096,1536,560,191,35,6,1]
[4096,1024,160,63,10,4,1]
[4096,0,240,13,15,0,1]
[4096,-512,352,-95,22,-2,1]
[512,192,96,33,12,3,1]
[729,162,99,19,11,2,1]
[4096,2304,480,79,30,9,1]
[256,-64,-96,12,29,3,-6,-1,1]
[4096,-256,32,87,2,-1,1]
[4096,0,128,-57,8,0,1]
[4096,-256,176,-3,11,-1,1]
[16384,-1792,65,-14,1]
[4096,-768,592,-85,37,-3,1]
[512,-64,40,-1,5,-1,1]
[14641,-1694,206,-14,1]
[729,405,27,-23,3,5,1]
[256,256,144,92,55,23,9,4,1]
[4096,1280,352,135,22,5,1]
[15625,-1625,196,-13,1]
[4096,256,320,-19,20,1,1]
[256,64,80,4,21,1,5,1,1]
[4096,512,-32,-75,-2,2,1]
[81,9,-7,1,1]
[4096,1280,448,173,28,5,1]
[16384,-768,149,-6,1]
[729,0,-50,0,1]
[4096,0,336,-17,21,0,1]
[625,125,47,5,1]
[256,320,304,208,113,52,19,5,1]
[729,-81,27,-41,3,-1,1]
[729,324,126,25,14,4,1]
[729,-162,81,-56,9,-2,1]
[15625,1875,242,15,1]
[15625,-250,38,-2,1]
[256,320,224,140,81,35,14,5,1]
[2401,49,4,1,1]
[14641,2541,226,21,1]
[256,256,192,92,45,23,12,4,1]
[256,-192,80,-60,37,-15,5,-3,1]
[4096,-768,96,45,6,-3,1]
[4096,768,32,39,2,3,1]
[4096,-256,352,-61,22,-1,1]
[729,-324,89,-12,1]
[16384,-1920,233,-15,1]
[4096,448,91,7,1]
[4096,3072,1232,341,77,12,1]
[4096,-1280,608,-155,38,-5,1]
[16384,1408,261,11,1]
[4096,1280,464,167,29,5,1]
[256,128,80,24,7,6,5,2,1]
[4096,0,0,61,0,0,1]
[15625,-1250,272,-10,1]
[15625,-3500,432,-28,1]
[256,-64,64,24,3,6,4,-1,1]
[256,192,128,84,37,21,8,3,1]
[729,-486,144,-29,16,-6,1]
[512,-192,112,-39,14,-3,1]
[512,128,56,-3,7,2,1]
[4096,-3840,1920,-591,120,-15,1]
[256,-96,27,-6,1]
[15625,2250,232,18,1]
[4096,1024,-160,-101,-10,4,1]
[15625,-875,41,-7,1]
[14641,242,54,2,1]
[4096,2048,368,55,23,8,1]
[16384,128,51,1,1]
[625,225,68,9,1]
[14641,363,172,3,1]
[14641,-363,184,-3,1]
[256,-64,80,-24,35,-6,5,-1,1]
[4096,2304,848,225,53,9,1]
[4096,-512,16,-27,1,-2,1]
[4096,256,144,-1,9,1,1]
[256,64,16,-28,-11,-7,1,1,1]
[4096,-1280,576,-99,36,-5,1]
[256,256,176,52,23,13,11,4,1]
[256,64,48,-32,-13,-8,3,1,1]
[729,-243,117,-20,13,-3,1]
[15625,375,88,3,1]
[256,128,0,16,23,4,0,2,1]
[256,-192,192,-92,63,-23,12,-3,1]
[16384,-2048,305,-16,1]
[15625,0,-48,0,1]
[256,-64,144,-40,47,-10,9,-1,1]
[15625,1500,22,12,1]
[256,-256,112,-4,-15,-1,7,-4,1]
[15625,0,-236,0,1]
[512,-192,96,-51,12,-3,1]
[14641,-363,244,-3,1]
[625,-200,59,-8,1]
[15625,-1875,239,-15,1]
[256,-128,48,4,-7,1,3,-2,1]
[2401,245,5,5,1]
[4096,768,336,73,21,3,1]
[729,81,-54,-31,-6,1,1]
[4096,-768,80,-35,5,-3,1]
[512,0,32,23,4,0,1]
[16384,-3072,369,-24,1]
[729,-648,351,-142,39,-8,1]
[512,0,0,-45,0,0,1]
[64,16,8,7,2,1,1]
[15625,2250,303,18,1]
[4096,4096,2032,629,127,16,1]
[4096,-1536,528,-175,33,-6,1]
[14641,0,-182,0,1]
[256,64,-112,-16,29,-4,-7,1,1]
[4096,-1792,800,-185,50,-7,1]
[256,0,80,-68,1,-17,5,0,1]
[4096,0,-96,-15,-6,0,1]
[729,162,27,20,3,2,1]
[256,0,-16,24,13,6,-1,0,1]
[4096,1280,240,31,15,5,1]
[4096,-1280,384,-103,24,-5,1]
[729,-324,-9,29,-1,-4,1]
[256,-64,-16,-20,21,-5,-1,-1,1]
[4096,-1536,448,-75,28,-6,1]
[15625,-125,239,-1,1]
[4096,768,464,49,29,3,1]
[256,-128,-16,32,-15,8,-1,-2,1]
[15625,-1000,-39,-8,1]
[512,256,40,-11,5,4,1]
[729,324,9,-20,1,4,1]
[729,-162,126,-23,14,-2,1]
[4096,2048,176,-49,11,8,1]
[4096,1280,192,23,12,5,1]
[6561,1377,179,17,1]
[15625,-250,198,-2,1]
[4096,-512,624,-63,39,-2,1]
[256,0,48,-16,-1,-4,3,0,1]
[4096,768,32,3,2,3,1]
[121,6,1]
[15625,750,256,6,1]
[4096,-2304,928,-273,58,-9,1]
[4096,1536,672,151,42,6,1]
[4096,-768,0,91,0,-3,1]
[256,64,0,12,21,3,0,1,1]
[16384,-1408,-7,-11,1]
[15625,-375,221,-3,1]
[14641,726,-81,6,1]
[16384,384,199,3,1]
[729,567,297,124,33,7,1]
[4096,1792,224,-15,14,7,1]
[4096,512,-176,-25,-11,2,1]
[14641,-3872,474,-32,1]
[15625,3375,417,27,1]
[4096,2560,1072,321,67,10,1]
[729,486,144,34,16,6,1]
[256,64,96,0,13,0,6,1,1]
[729,324,108,50,12,4,1]
[729,-405,126,-22,14,-5,1]
[14641,2662,338,22,1]
[4096,-768,-160,91,-10,-3,1]
[4096,-512,320,-35,20,-2,1]
[16384,1408,167,11,1]
[4096,-64,3,-1,1]
[729,162,81,1,9,2,1]
[256,-192,96,-40,25,-10,6,-3,1]
[512,-64,16,31,2,-1,1]
[4096,-256,224,-15,14,-1,1]
[14641,-1089,50,-9,1]
[4096,-3328,1568,-471,98,-13,1]
[4096,1024,496,103,31,4,1]
[256,320,256,172,95,43,16,5,1]
[14641,121,-80,1,1]
[256,256,224,136,73,34,14,4,1]
[14641,-363,-139,-3,1]
[4096,0,32,-73,2,0,1]
[14641,2178,312,18,1]
[15625,500,134,4,1]
[729,324,180,49,20,4,1]
[729,324,90,32,10,4,1]
[256,-64,0,-12,5,-3,0,-1,1]
[256,-192,160,-84,41,-21,10,-3,1]
[4096,512,272,-5,17,2,1]
[4096,1280,336,29,21,5,1]
[15625,-1125,37,-9,1]
[14641,-3872,463,-32,1]
[15625,750,169,6,1]
[256,0,32,-36,5,-9,2,0,1]
[729,162,9,-28,1,2,1]
[14641,2662,277,22,1]
[15625,1500,66,12,1]
[14641,3872,483,32,1]
[4096,-1280,368,-125,23,-5,1]
[256,0,16,-8,-17,-2,1,0,1]
[256,-192,80,-12,-1,-3,5,-3,1]
[4096,0,16,105,1,0,1]
[4096,-768,192,11,12,-3,1]
[16384,2432,267,19,1]
[4096,-2304,240,43,15,-9,1]
[14641,-1089,232,-9,1]
[4096,1792,432,85,27,7,1]
[4096,-768,176,-111,11,-3,1]
[16384,256,217,2,1]
[15625,-750,-103,-6,1]
[512,128,112,31,14,2,1]
[729,-243,-27,34,-3,-3,1]
[4096,1792,496,95,31,7,1]
[256,0,-48,-4,29,-1,-3,0,1]
[16384,512,-45,4,1]
[4096,64,79,1,1]
[729,-243,144,-49,16,-3,1]
[4096,0,528,-15,33,0,1]
[4096,-1280,240,-33,15,-5,1]
[256,320,320,220,129,55,20,5,1]
[256,128,80,56,21,14,5,2,1]
[14641,2904,300,24,1]
[729,81,216,19,24,1,1]
[512,-128,48,-25,6,-2,1]
[4096,-768,80,-45,5,-3,1]
[4096,-1536,128,3,8,-6,1]
[6561,162,-38,2,1]
[4096,1280,320,113,20,5,1]
[4096,-256,-112,11,-7,-1,1]
[256,-192,80,-12,-3,-3,5,-3,1]
[4096,-256,-48,-49,-3,-1,1]
[729,81,54,38,6,1,1]
[14641,-1573,210,-13,1]
[4096,2816,1280,371,80,11,1]
[4096,512,368,57,23,2,1]
[4096,2048,704,163,44,8,1]
[4096,-512,192,-19,12,-2,1]
[729,0,117,-11,13,0,1]
[16384,0,63,0,1]
[4096,-512,-64,-9,-4,-2,1]
[512,192,-8,-23,-1,3,1]
[4096,1280,96,-49,6,5,1]
[4096,-3328,1392,-399,87,-13,1]
[6561,486,43,6,1]
[512,-256,80,-27,10,-4,1]
[729,324,117,28,13,4,1]
[14641,2541,283,21,1]
[2401,-637,108,-13,1]
[14641,-605,12,-5,1]
[4096,-768,208,-63,13,-3,1]
[256,192,112,24,13,6,7,3,1]
[4096,-1536,-64,123,-4,-6,1]
[6561,729,157,9,1]
[256,320,336,228,133,57,21,5,1]
[4096,1024,576,95,36,4,1]
[4096,768,320,85,20,3,1]
[4096,256,-16,-79,-1,1,1]
[14641,-1694,109,-14,1]
[4096,1792,496,97,31,7,1]
[4096,1792,768,223,48,7,1]
[256,0,-96,-4,21,-1,-6,0,1]
[15625,-2625,263,-21,1]
[4096,-512,432,-57,27,-2,1]
[4096,256,288,43,18,1,1]
[4096,-512,64,-53,4,-2,1]
[4096,-1536,48,67,3,-6,1]
[16384,0,135,0,1]
[4096,1280,400,131,25,5,1]
[512,-320,216,-73,27,-5,1]
[256,-128,128,-40,39,-10,8,-2,1]
[729,-729,441,-172,49,-9,1]
[729,-162,54,-34,6,-2,1]
[4096,0,256,27,16,0,1]
[256,0,-32,-16,19,-4,-2,0,1]
[6561,486,-28,6,1]
[4096,0,208,-75,13,0,1]
[4096,1280,416,51,26,5,1]
[256,64,0,20,15,5,0,1,1]
[256,-64,-16,-4,23,-1,-1,-1,1]
[4096,-512,0,45,0,-2,1]
[4096,2816,1104,311,69,11,1]
[6561,405,82,5,1]
[15625,1750,208,14,1]
[4096,-768,448,-35,28,-3,1]
[14641,-605,97,-5,1]
[4096,2816,1296,369,81,11,1]
[16384,-2176,211,-17,1]
[15625,-3750,451,-30,1]
[4096,768,80,17,5,3,1]
[4096,-640,139,-10,1]
[15625,1250,192,10,1]
[6561,405,1,5,1]
[625,0,-26,0,1]
[6561,81,25,1,1]
[4096,-512,-96,13,-6,-2,1]
[4096,-1024,320,-73,20,-4,1]
[512,-64,-40,11,-5,-1,1]
[14641,1936,166,16,1]
[256,0,64,-24,7,-6,4,0,1]
[14641,2783,315,23,1]
[256,192,64,-8,-21,-2,4,3,1]
[4096,-256,129,-4,1]
[6561,0,31,0,1]
[4096,-256,-48,-19,-3,-1,1]
[512,-64,32,-7,4,-1,1]
[14641,847,-49,7,1]
[512,448,224,85,28,7,1]
[4096,-512,416,-83,26,-2,1]
[16384,1664,289,13,1]
[729,-108,-2,-4,1]
[4096,-768,256,-137,16,-3,1]
[4096,512,448,35,28,2,1]
[15625,500,-113,4,1]
[4096,768,-176,-101,-11,3,1]
[4096,2560,1088,311,68,10,1]
[4096,-1024,272,-13,17,-4,1]
[4096,-768,416,-81,26,-3,1]
[4096,-768,592,-99,37,-3,1]
[14641,-605,111,-5,1]
[4096,1792,752,205,47,7,1]
[729,-405,171,-62,19,-5,1]
[6561,-324,-46,-4,1]
[14641,121,-130,1,1]
[4096,-1024,128,17,8,-4,1]
[256,192,48,-56,-45,-14,3,3,1]
[256,192,80,-12,-11,-3,5,3,1]
[15625,-1000,258,-8,1]
[4096,1536,240,43,15,6,1]
[14641,605,205,5,1]
[512,-128,-40,39,-5,-2,1]
[16384,-4864,613,-38,1]
[512,-256,-24,41,-3,-4,1]
[4096,-1024,528,-71,33,-4,1]
[4096,-1792,320,-61,20,-7,1]
[4096,256,176,13,11,1,1]
[16384,-1280,-15,-10,1]
[256,0,0,-8,-1,-2,0,0,1]
[4096,1280,-32,-79,-2,5,1]
[16384,2048,297,16,1]
[4096,256,240,73,15,1,1]
[729,-324,74,-12,1]
[4096,-1280,592,-163,37,-5,1]
[2401,392,102,8,1]
[4096,-2560,992,-263,62,-10,1]
[729,486,252,80,28,6,1]
[14641,484,-146,4,1]
[14641,-484,39,-4,1]
[4096,-1280,-208,137,-13,-5,1]
[4096,-1024,304,-9,19,-4,1]
[4096,1024,336,123,21,4,1]
[256,128,64,-16,-9,-4,4,2,1]
[14641,-4235,542,-35,1]
[4096,256,288,-3,18,1,1]
[256,-64,64,-12,11,-3,4,-1,1]
[4096,-1792,112,51,7,-7,1]
[256,-192,96,-36,17,-9,6,-3,1]
[4096,-768,224,-79,14,-3,1]
[729,324,9,-13,1,4,1]
[6561,-810,103,-10,1]
[16384,896,61,7,1]
[4096,1280,96,-3,6,5,1]
[14641,-968,48,-8,1]
[4096,-256,656,-33,41,-1,1]
[729,0,1,0,1]
[4096,640,151,10,1]
[256,64,80,0,9,0,5,1,1]
[16384,-640,-73,-5,1]
[16384,-640,-43,-5,1]
[4096,-1536,192,11,12,-6,1]
[256,192,96,20,3,5,6,3,1]
[256,192,128,52,35,13,8,3,1]
[14641,2178,314,18,1]
[4096,-768,624,-71,39,-3,1]
[256,0,192,0,65,0,12,0,1]
[256,192,80,20,9,5,5,3,1]
[15625,-1000,234,-8,1]
[729,-891,585,-239,65,-11,1]
[4096,-1536,-240,197,-15,-6,1]
[256,64,80,52,13,13,5,1,1]
[16384,384,45,3,1]
[4096,1280,-32,-55,-2,5,1]
[256,384,384,276,153,69,24,6,1]
[4096,1024,160,-29,10,4,1]
[4096,768,368,69,23,3,1]
[14641,1089,260,9,1]
[14641,1089,218,9,1]
[512,256,-8,-37,-1,4,1]
[4096,0,128,-63,8,0,1]
[15625,-250,-1,-2,1]
[729,-162,198,-31,22,-2,1]
[256,-128,128,-96,37,-24,8,-2,1]
[14641,0,166,0,1]
[15625,2375,261,19,1]
[4096,768,448,43,28,3,1]
[2401,245,6,5,1]
[4096,-768,128,-35,8,-3,1]
[16384,3328,413,26,1]
[4096,768,-112,-73,-7,3,1]
[4096,1280,272,53,17,5,1]
[14641,3388,408,28,1]
[729,-243,180,-43,20,-3,1]
[6561,-1863,253,-23,1]
[4096,0,32,-111,2,0,1]
[729,-324,252,-71,28,-4,1]
[16384,-1280,-25,-10,1]
[729,243,135,52,15,3,1]
[256,-64,32,-4,-15,-1,2,-1,1]
[16384,-2048,267,-16,1]
[4096,1536,704,153,44,6,1]
[256,0,128,8,39,2,8,0,1]
[14641,1452,215,12,1]
[512,128,-48,-41,-6,2,1]
[512,320,88,21,11,5,1]
[4096,768,464,89,29,3,1]
[256,128,32,-28,-29,-7,2,2,1]
[256,256,160,80,45,20,10,4,1]
[16384,-512,9,-4,1]
[14641,-1331,232,-11,1]
[729,486,189,71,21,6,1]
[4096,0,240,-27,15,0,1]
[512,-128,64,-21,8,-2,1]
[4096,512,48,79,3,2,1]
[512,0,96,-9,12,0,1]
[15625,-2000,224,-16,1]
[729,-81,-36,19,-4,-1,1]
[2401,-49,-39,-1,1]
[256,64,48,-16,-3,-4,3,1,1]
[15625,-3250,389,-26,1]
[256,0,32,4,23,1,2,0,1]
[4096,0,-128,-15,-8,0,1]
[256,64,64,28,9,7,4,1,1]
[2401,49,64,1,1]
[15625,375,-9,3,1]
[14641,-605,202,-5,1]
[4096,-1600,283,-25,1]
[14641,-605,-36,-5,1]
[256,64,64,-8,15,-2,4,1,1]
[256,128,48,-4,-15,-1,3,2,1]
[256,-64,-16,-8,25,-2,-1,-1,1]
[256,64,-32,-28,1,-7,-2,1,1]
[512,-64,-24,11,-3,-1,1]
[4096,-768,80,-21,5,-3,1]
[4096,-1024,400,-125,25,-4,1]
[14641,363,129,3,1]
[16384,-384,-97,-3,1]
[4096,0,64,-21,4,0,1]
[256,-64,64,-24,5,-6,4,-1,1]
[2401,-392,108,-8,1]
[256,192,128,68,33,17,8,3,1]
[15625,0,128,0,1]
[729,243,54,2,6,3,1]
[4096,-768,496,-109,31,-3,1]
[256,128,64,4,5,1,4,2,1]
[16384,1408,115,11,1]
[729,-243,18,2,2,-3,1]
[256,128,144,68,51,17,9,2,1]
[512,64,40,29,5,1,1]
[16384,-1152,45,-9,1]
[4096,768,368,105,23,3,1]
[15625,375,66,3,1]
[4096,-2048,576,-115,36,-8,1]
[4096,768,-80,-93,-5,3,1]
[4096,512,-112,-3,-7,2,1]
[4096,-2816,1264,-377,79,-11,1]
[512,0,40,-13,5,0,1]
[729,81,54,-25,6,1,1]
[14641,1815,276,15,1]
[4096,256,16,39,1,1,1]
[729,-162,72,4,8,-2,1]
[64,-16,20,-3,5,-1,1]
[4096,-256,-64,-31,-4,-1,1]
[4096,1280,256,-1,16,5,1]
[14641,2299,283,19,1]
[729,-486,234,-98,26,-6,1]
[512,-64,-16,19,-2,-1,1]
[4096,256,-32,-41,-2,1,1]
[4096,0,-112,-53,-7,0,1]
[4096,768,-112,-29,-7,3,1]
[4096,-1792,176,23,11,-7,1]
[14641,-121,107,-1,1]
[512,320,224,75,28,5,1]
[1024,-224,71,-7,1]
[4096,-1344,209,-21,1]
[4096,1024,192,37,12,4,1]
[6561,-324,-4,-4,1]
[256,192,160,116,53,29,10,3,1]
[4096,1536,400,73,25,6,1]
[4096,1536,160,-29,10,6,1]
[256,-128,128,-92,37,-23,8,-2,1]
[4096,1024,576,119,36,4,1]
[16384,-1024,157,-8,1]
[4096,2304,1072,289,67,9,1]
[14641,363,7,3,1]
[15625,500,82,4,1]
[4096,-256,288,-25,18,-1,1]
[4096,512,-48,21,-3,2,1]
[256,384,352,240,131,60,22,6,1]
[729,-81,36,-31,4,-1,1]
[256,-128,128,-76,41,-19,8,-2,1]
[4096,-1024,192,-17,12,-4,1]
[256,192,64,12,-3,3,4,3,1]
[256,64,16,16,33,4,1,1,1]
[729,81,144,26,16,1,1]
[16384,4736,593,37,1]
[15625,-500,-54,-4,1]
[4096,0,-80,-31,-5,0,1]
[729,0,27,-10,3,0,1]
[256,320,208,96,45,24,13,5,1]
[512,256,120,51,15,4,1]
[4096,1280,416,61,26,5,1]
[4096,2560,896,225,56,10,1]
[14641,847,167,7,1]
[256,0,160,8,51,2,10,0,1]
[729,162,-18,-1,-2,2,1]
[15625,0,227,0,1]
[4096,1280,160,-1,10,5,1]
[15625,-1750,198,-14,1]
[14641,1452,148,12,1]
[15625,1000,203,8,1]
[4096,-384,-15,-6,1]
[15625,-1000,91,-8,1]
[16384,-256,-181,-2,1]
[256,128,64,8,-3,2,4,2,1]
[256,-192,112,-64,37,-16,7,-3,1]
[4096,0,464,-9,29,0,1]
[15625,-1375,59,-11,1]
[4096,512,80,-49,5,2,1]
[4096,0,64,-11,4,0,1]
[15625,3000,296,24,1]
[4096,512,176,39,11,2,1]
[15625,-3500,428,-28,1]
[4096,-1280,352,-59,22,-5,1]
[256,0,112,0,27,0,7,0,1]
[256,-128,112,-56,31,-14,7,-2,1]
[4096,-3328,1408,-405,88,-13,1]
[15625,-375,-97,-3,1]
[256,192,192,108,65,27,12,3,1]
[729,-243,-63,59,-7,-3,1]
[256,64,64,20,15,5,4,1,1]
[256,-128,80,-28,3,-7,5,-2,1]
[256,0,-32,-16,3,-4,-2,0,1]
[4096,-1024,-32,25,-2,-4,1]
[256,-64,128,-20,37,-5,8,-1,1]
[729,243,27,-19,3,3,1]
[4096,2048,608,165,38,8,1]
[15625,-3125,347,-25,1]
[2401,49,58,1,1]
[14641,0,-138,0,1]
[4096,2048,704,205,44,8,1]
[15625,1125,124,9,1]
[4096,1024,192,1,12,4,1]
[4096,1792,336,47,21,7,1]
[729,-189,43,-7,1]
[4096,3072,1264,373,79,12,1]
[4096,-1280,560,-105,35,-5,1]
[14641,2420,301,20,1]
[729,567,288,115,32,7,1]
[4096,-1024,576,-107,36,-4,1]
[16384,2816,269,22,1]
[729,-243,-54,43,-6,-3,1]
[2401,588,130,12,1]
[14641,-2904,342,-24,1]
[4096,-512,128,-99,8,-2,1]
[14641,-1936,223,-16,1]
[15625,2875,287,23,1]
[15625,500,174,4,1]
[4096,256,240,49,15,1,1]
[4096,768,640,91,40,3,1]
[4096,2816,992,253,62,11,1]
[4096,1792,688,159,43,7,1]
[4096,-512,16,17,1,-2,1]
[4096,-1536,480,-107,30,-6,1]
[4096,-3072,1200,-331,75,-12,1]
[4096,-768,96,-7,6,-3,1]
[4096,-768,272,-125,17,-3,1]
[256,64,48,28,27,7,3,1,1]
[4096,-1024,320,-159,20,-4,1]
[6561,972,127,12,1]
[256,64,-32,-16,5,-4,-2,1,1]
[256,-64,0,28,-5,7,0,-1,1]
[14641,1210,87,10,1]
[4096,-1792,496,-85,31,-7,1]
[4096,1024,208,91,13,4,1]
[1024,32,61,1,1]
[256,-64,-80,8,29,2,-5,-1,1]
[256,256,160,84,49,21,10,4,1]
[4096,-2304,1088,-295,68,-9,1]
[4096,-2048,736,-201,46,-8,1]
[4096,-2048,368,-41,23,-8,1]
[4096,-640,45,-10,1]
[4096,-1280,272,-53,17,-5,1]
[4096,2560,976,259,61,10,1]
[256,64,0,-32,-5,-8,0,1,1]
[4096,512,208,25,13,2,1]
[6561,-324,110,-4,1]
[16384,2432,279,19,1]
[512,192,32,-7,4,3,1]
[625,375,104,15,1]
[4096,768,-112,-77,-7,3,1]
[4096,-768,48,59,3,-3,1]
[4096,-3584,1680,-507,105,-14,1]
[729,-162,-54,34,-6,-2,1]
[4096,-1536,576,-193,36,-6,1]
[256,128,48,-4,1,-1,3,2,1]
[4096,0,288,49,18,0,1]
[256,64,-64,4,33,1,-4,1,1]
[256,-192,112,-64,31,-16,7,-3,1]
[15625,-2000,177,-16,1]
[6561,-405,-62,-5,1]
[4096,0,224,59,14,0,1]
[15625,-2250,196,-18,1]
[64,0,16,-3,4,0,1]
[256,-320,192,-48,9,-12,12,-5,1]
[4096,-1536,320,-25,20,-6,1]
[15625,4125,517,33,1]
[15625,-375,-91,-3,1]
[14641,968,28,8,1]
[4096,-512,176,9,11,-2,1]
[4096,0,224,29,14,0,1]
[256,-128,48,-28,29,-7,3,-2,1]
[4096,-256,288,-35,18,-1,1]
[4096,1024,32,-45,2,4,1]
[4096,0,-16,-9,-1,0,1]
[729,162,72,32,8,2,1]
[512,0,128,-3,16,0,1]
[16384,768,109,6,1]
[4096,-512,144,-125,9,-2,1]
[64,-48,24,-11,6,-3,1]
[4096,-256,208,-73,13,-1,1]
[4096,-512,576,-61,36,-2,1]
[512,-64,24,-25,3,-1,1]
[4096,-2048,800,-227,50,-8,1]
[512,192,88,19,11,3,1]
[4096,-1024,-32,83,-2,-4,1]
[256,-64,-32,4,7,1,-2,-1,1]
[4096,1536,352,43,22,6,1]
[4096,0,624,-5,39,0,1]
[14641,-363,-102,-3,1]
[15625,875,158,7,1]
[14641,726,240,6,1]
[4096,1024,624,93,39,4,1]
[4096,128,-33,2,1]
[4096,1280,-160,-137,-10,5,1]
[256,128,32,-32,-19,-8,2,2,1]
[256,-128,48,-44,33,-11,3,-2,1]
[4096,1536,512,181,32,6,1]
[256,0,64,20,1,5,4,0,1]
[6561,-243,71,-3,1]
[4096,2304,912,259,57,9,1]
[729,54,20,2,1]
[4096,-1024,288,-33,18,-4,1]
[14641,-847,125,-7,1]
[4096,-256,208,-101,13,-1,1]
[256,0,96,12,29,3,6,0,1]
[4096,3328,1520,453,95,13,1]
[14641,-2057,178,-17,1]
[256,-64,112,-8,25,-2,7,-1,1]
[256,128,16,-16,-21,-4,1,2,1]
[15625,375,234,3,1]
[256,-128,64,-20,23,-5,4,-2,1]
[4096,1536,576,171,36,6,1]
[256,0,-160,0,51,0,-10,0,1]
[16384,-2560,263,-20,1]
[16384,896,113,7,1]
[256,-128,16,-20,15,-5,1,-2,1]
[16384,2304,185,18,1]
[4096,1024,512,133,32,4,1]
[16384,3456,393,27,1]
[6561,-1377,208,-17,1]
[256,-128,-80,24,17,6,-5,-2,1]
[4096,-768,240,-49,15,-3,1]
[4096,-1280,208,-63,13,-5,1]
[4096,1024,80,19,5,4,1]
[4096,128,15,2,1]
[256,256,112,16,-1,4,7,4,1]
[729,243,-45,-56,-5,3,1]
[256,128,144,76,47,19,9,2,1]
[4096,2048,896,241,56,8,1]
[6561,243,109,3,1]
[4096,768,80,-7,5,3,1]
[2401,98,-64,2,1]
[6561,1377,155,17,1]
[4096,-256,320,-29,20,-1,1]
[4096,-768,480,-95,30,-3,1]
[4096,-1536,384,-111,24,-6,1]
[4096,768,-208,-109,-13,3,1]
[4096,768,96,-51,6,3,1]
[256,-128,112,-64,27,-16,7,-2,1]
[4096,512,112,-29,7,2,1]
[256,192,96,16,1,4,6,3,1]
[512,384,192,65,24,6,1]
[256,0,-32,-12,19,-3,-2,0,1]
[16384,-3072,395,-24,1]
[256,64,32,-36,-19,-9,2,1,1]
[4096,-768,96,-27,6,-3,1]
[4096,512,192,19,12,2,1]
[729,0,-18,-13,-2,0,1]
[4096,-512,-48,73,-3,-2,1]
[4096,-512,128,-15,8,-2,1]
[4096,-1280,-16,63,-1,-5,1]
[4096,-2816,1168,-355,73,-11,1]
[256,-128,48,4,-19,1,3,-2,1]
[729,-648,360,-137,40,-8,1]
[4096,2560,496,55,31,10,1]
[6561,1782,262,22,1]
[6561,243,-32,3,1]
[4096,-768,-192,75,-12,-3,1]
[256,128,48,12,-7,3,3,2,1]
[256,-128,32,32,-33,8,2,-2,1]
[14641,-605,149,-5,1]
[14641,726,111,6,1]
[4096,512,32,-67,2,2,1]
[4096,-2560,1088,-327,68,-10,1]
[729,0,8,0,1]
[4096,-1792,608,-131,38,-7,1]
[4096,512,64,-53,4,2,1]
[4096,-1280,144,33,9,-5,1]
[4096,640,49,10,1]
[256,192,128,84,47,21,8,3,1]
[15625,-375,196,-3,1]
[14641,242,70,2,1]
[4096,768,64,-47,4,3,1]
[15625,-2250,179,-18,1]
[4096,-2816,912,-225,57,-11,1]
[4096,768,-80,-115,-5,3,1]
[15625,125,-48,1,1]
[4096,1024,512,119,32,4,1]
[256,0,48,16,1,4,3,0,1]
[256,256,144,52,13,13,9,4,1]
[14641,-4477,577,-37,1]
[256,-64,-112,4,37,1,-7,-1,1]
[4096,256,80,127,5,1,1]
[4096,-2048,80,93,5,-8,1]
[16384,256,-111,2,1]
[4096,1024,384,97,24,4,1]
[14641,1573,82,13,1]
[4096,1024,320,139,20,4,1]
[729,243,108,10,12,3,1]
[256,128,16,-8,-1,-2,1,2,1]
[14641,1815,182,15,1]
[729,-54,53,-2,1]
[4096,768,-128,-59,-8,3,1]
[729,81,36,1,4,1,1]
[4096,768,304,69,19,3,1]
[729,0,153,-1,17,0,1]
[64,-32,24,-13,6,-2,1]
[729,0,81,7,9,0,1]
[14641,-2057,173,-17,1]
[256,-64,64,-28,3,-7,4,-1,1]
[4096,256,48,-7,3,1,1]
[256,-128,80,-16,9,-4,5,-2,1]
[4096,768,208,-1,13,3,1]
[15625,375,103,3,1]
[15625,125,116,1,1]
[256,64,32,-24,-9,-6,2,1,1]
[256,128,80,52,13,13,5,2,1]
[6561,-891,136,-11,1]
[4096,768,32,-67,2,3,1]
[16384,2688,321,21,1]
[4096,-256,432,-31,27,-1,1]
[729,567,315,113,35,7,1]
[729,-324,126,-28,14,-4,1]
[15625,-1625,163,-13,1]
[256,-64,-32,-16,29,-4,-2,-1,1]
[1024,160,33,5,1]
[4096,-320,115,-5,1]
[4096,-512,416,-9,26,-2,1]
[4096,512,96,17,6,2,1]
[256,-256,144,-60,25,-15,9,-4,1]
[4096,-1536,448,-101,28,-6,1]
[512,192,80,11,10,3,1]
[256,-64,128,-32,41,-8,8,-1,1]
[16384,-128,-157,-1,1]
[256,128,64,36,11,9,4,2,1]
[256,128,64,-24,-17,-6,4,2,1]
[4096,-2304,896,-247,56,-9,1]
[256,-64,64,-48,17,-12,4,-1,1]
[4096,1024,-96,-115,-6,4,1]
[4096,-512,512,-77,32,-2,1]
[4096,-2048,416,-75,26,-8,1]
[2401,-98,80,-2,1]
[4096,-64,125,-1,1]
[15625,375,-57,3,1]
[256,64,48,16,13,4,3,1,1]
[4096,768,352,117,22,3,1]
[729,-324,171,-52,19,-4,1]
[4096,1792,640,201,40,7,1]
[256,192,112,68,33,17,7,3,1]
[256,192,112,80,47,20,7,3,1]
[4096,1280,288,93,18,5,1]
[1024,-128,17,-4,1]
[14641,847,-13,7,1]
[729,243,0,-29,0,3,1]
[4096,-1792,96,55,6,-7,1]
[4096,1280,528,157,33,5,1]
[256,-128,64,24,-15,6,4,-2,1]
[256,192,96,52,27,13,6,3,1]
[4096,-1536,-224,183,-14,-6,1]
[15625,-3375,396,-27,1]
[14641,-726,-85,-6,1]
[4096,-1024,432,-141,27,-4,1]
[14641,3993,509,33,1]
[729,216,59,8,1]
[256,64,80,36,23,9,5,1,1]
[14641,242,-152,2,1]
[729,-81,-36,17,-4,-1,1]
[256,-64,-64,4,23,1,-4,-1,1]
[729,-324,135,-32,15,-4,1]
[4096,-1792,352,-69,22,-7,1]
[256,-64,-64,12,13,3,-4,-1,1]
[256,-256,80,-48,41,-12,5,-4,1]
[256,0,-48,-4,15,-1,-3,0,1]
[256,64,16,24,3,6,1,1,1]
[4096,-2560,1056,-317,66,-10,1]
[16384,128,221,1,1]
[256,-192,80,12,-15,3,5,-3,1]
[625,150,43,6,1]
[14641,1089,31,9,1]
[256,128,16,32,37,8,1,2,1]
[256,-192,160,-104,61,-26,10,-3,1]
[729,405,9,-38,1,5,1]
[4096,1536,224,17,14,6,1]
[4096,768,64,19,4,3,1]
[14641,1210,232,10,1]
[14641,-968,149,-8,1]
[4096,3328,1360,383,85,13,1]
[4096,768,16,-81,1,3,1]
[4096,-256,-112,41,-7,-1,1]
[256,-64,0,-12,21,-3,0,-1,1]
[4096,-1792,-144,169,-9,-7,1]
[256,-128,128,-44,35,-11,8,-2,1]
[15625,-875,196,-7,1]
[4096,-1536,-80,115,-5,-6,1]
[256,0,0,-4,-7,-1,0,0,1]
[4096,-2048,560,-149,35,-8,1]
[256,-128,64,16,-11,4,4,-2,1]
[512,384,176,73,22,6,1]
[4096,-1024,-208,141,-13,-4,1]
[729,486,288,104,32,6,1]
[4096,-768,544,-99,34,-3,1]
[2401,539,110,11,1]
[729,324,126,20,14,4,1]
[16384,3072,335,24,1]
[2401,931,186,19,1]
[4096,-768,400,-93,25,-3,1]
[729,-243,9,34,1,-3,1]
[4096,-384,107,-6,1]
[1024,-128,53,-4,1]
[256,-128,-32,8,9,2,-2,-2,1]
[4096,1792,320,49,20,7,1]
[4096,2560,1104,307,69,10,1]
[256,128,32,-24,-29,-6,2,2,1]
[4096,1024,208,-13,13,4,1]
[256,-320,192,-80,35,-20,12,-5,1]
[4096,512,240,-13,15,2,1]
[64,0,0,5,0,0,1]
[256,0,32,4,3,1,2,0,1]
[4096,1024,320,35,20,4,1]
[6561,-162,-37,-2,1]
[4096,384,5,6,1]
[4096,768,192,43,12,3,1]
[256,-256,144,-56,27,-14,9,-4,1]
[256,64,0,8,-7,2,0,1,1]
[4096,1024,304,149,19,4,1]
[729,54,49,2,1]
[256,128,16,-16,-7,-4,1,2,1]
[256,192,64,-32,-33,-8,4,3,1]
[15625,3375,418,27,1]
[729,162,99,38,11,2,1]
[4096,256,224,-13,14,1,1]
[256,-192,48,0,-7,0,3,-3,1]
[256,-64,-48,-12,25,-3,-3,-1,1]
[14641,-2662,314,-22,1]
[4096,-1536,560,-191,35,-6,1]
[4096,1280,224,35,14,5,1]
[14641,-1936,127,-16,1]
[4096,512,144,-1,9,2,1]
[4096,320,15,5,1]
[4096,1280,608,117,38,5,1]
[4096,-256,-80,33,-5,-1,1]
[16384,384,-53,3,1]
[4096,-832,105,-13,1]
[14641,2662,265,22,1]
[256,-448,384,-224,113,-56,24,-7,1]
[256,128,48,-32,-19,-8,3,2,1]
[14641,1210,258,10,1]
[512,-128,48,-19,6,-2,1]
[4096,512,-80,-7,-5,2,1]
[15625,-625,-126,-5,1]
[14641,-242,87,-2,1]
[4096,-2048,352,-37,22,-8,1]
[256,-64,-16,16,-15,4,-1,-1,1]
[16384,-1024,141,-8,1]
[4096,-512,-16,41,-1,-2,1]
[729,-405,189,-67,21,-5,1]
[4096,-128,7,-2,1]
[729,-324,207,-53,23,-4,1]
[729,81,-9,-19,-1,1,1]
[4096,768,144,41,9,3,1]
[4096,-1280,128,25,8,-5,1]
[15625,1875,249,15,1]
[512,64,-24,7,-3,1,1]
[4096,3328,1488,453,93,13,1]
[256,320,208,136,81,34,13,5,1]
[4096,-1792,640,-167,40,-7,1]
[4096,-768,304,-71,19,-3,1]
[15625,1000,222,8,1]
[4096,512,336,79,21,2,1]
[14641,242,-13,2,1]
[256,-192,144,-88,55,-22,9,-3,1]
[16384,1280,197,10,1]
[15625,-1625,76,-13,1]
[256,64,32,-4,1,-1,2,1,1]
[4096,256,16,67,1,1,1]
[4096,-1792,480,-135,30,-7,1]
[4096,-768,128,-49,8,-3,1]
[16384,-1920,237,-15,1]
[729,162,81,28,9,2,1]
[256,192,64,4,-9,1,4,3,1]
[512,-320,168,-65,21,-5,1]
[15625,-2125,169,-17,1]
[16384,-256,245,-2,1]
[729,81,72,-7,8,1,1]
[256,192,192,100,63,25,12,3,1]
[4096,-512,-48,21,-3,-2,1]
[4096,1280,256,23,16,5,1]
[6561,-243,148,-3,1]
[14641,1694,267,14,1]
[4096,512,256,-23,16,2,1]
[4096,1792,128,-55,8,7,1]
[729,81,9,11,1,1,1]
[4096,-256,32,85,2,-1,1]
[4096,-256,-80,77,-5,-1,1]
[4096,1536,464,135,29,6,1]
[16384,-1408,263,-11,1]
[15625,-2625,313,-21,1]
[729,-162,117,-19,13,-2,1]
[16384,1920,289,15,1]
[6561,0,-104,0,1]
[4096,0,144,-15,9,0,1]
[4096,-256,384,13,24,-1,1]
[15625,125,-53,1,1]
[6561,-405,58,-5,1]
[4096,-1280,336,-85,21,-5,1]
[729,135,7,5,1]
[1024,-128,1,-4,1]
[256,-96,35,-6,1]
[625,75,-17,3,1]
[4096,-1280,480,-153,30,-5,1]
[16384,256,51,2,1]
[14641,-3872,489,-32,1]
[15625,4250,519,34,1]
[14641,605,-65,5,1]
[16384,1664,121,13,1]
[256,128,-16,-32,-15,-8,-1,2,1]
[64,-48,16,-1,4,-3,1]
[512,-64,16,25,2,-1,1]
[4096,-256,144,15,9,-1,1]
[14641,-847,-40,-7,1]
[14641,968,83,8,1]
[4096,1024,576,135,36,4,1]
[15625,625,224,5,1]
[15625,1625,43,13,1]
[512,128,-8,7,-1,2,1]
[2401,-441,61,-9,1]
[256,128,48,20,25,5,3,2,1]
[512,-192,8,13,1,-3,1]
[16384,384,-99,3,1]
[14641,-1089,114,-9,1]
[4096,512,128,85,8,2,1]
[15625,-1375,229,-11,1]
[729,81,45,29,5,1,1]
[15625,750,189,6,1]
[6561,-486,95,-6,1]
[4096,512,27,8,1]
[4096,-3072,1424,-427,89,-12,1]
[4096,-512,-144,41,-9,-2,1]
[4096,2304,784,203,49,9,1]
[256,64,-64,-16,3,-4,-4,1,1]
[16384,-3584,385,-28,1]
[4096,-4096,1984,-607,124,-16,1]
[15625,-1000,63,-8,1]
[4096,-256,-128,-7,-8,-1,1]
[4096,1536,448,109,28,6,1]
[2401,-490,62,-10,1]
[4096,-512,288,-63,18,-2,1]
[6561,-567,148,-7,1]
[4096,2048,704,199,44,8,1]
[256,0,-48,8,25,2,-3,0,1]
[256,-64,16,40,-15,10,1,-1,1]
[14641,363,206,3,1]
[256,-256,144,-44,17,-11,9,-4,1]
[15625,-3000,318,-24,1]
[4096,-512,-128,11,-8,-2,1]
[15625,-1250,22,-10,1]
[256,-32,-13,-2,1]
[256,128,32,4,11,1,2,2,1]
[4096,1536,144,-11,9,6,1]
[729,324,54,17,6,4,1]
[256,-128,32,0,-9,0,2,-2,1]
[4096,-768,240,-125,15,-3,1]
[4096,1536,560,139,35,6,1]
[4096,0,112,85,7,0,1]
[4096,-1280,512,-153,32,-5,1]
[729,-81,126,-26,14,-1,1]
[256,256,208,124,61,31,13,4,1]
[16384,1024,55,8,1]
[4096,0,384,-31,24,0,1]
[4096,2048,848,245,53,8,1]
[4096,512,64,87,4,2,1]
[4096,-512,544,-77,34,-2,1]
[4096,768,176,45,11,3,1]
[15625,-750,-56,-6,1]
[4096,-1792,688,-209,43,-7,1]
[4096,0,32,77,2,0,1]
[4096,2304,336,3,21,9,1]
[4096,256,304,1,19,1,1]
[15625,-375,77,-3,1]
[6561,1377,151,17,1]
[256,0,48,-20,-7,-5,3,0,1]
[14641,-121,63,-1,1]
[4096,768,384,113,24,3,1]
[14641,-2420,222,-20,1]
[256,256,160,108,67,27,10,4,1]
[6561,-567,4,-7,1]
[256,128,-32,8,29,2,-2,2,1]
[4096,512,-128,-95,-8,2,1]
[4096,1792,608,161,38,7,1]
[256,-128,80,-56,39,-14,5,-2,1]
[15625,-1250,172,-10,1]
[4096,0,192,-81,12,0,1]
[4096,1792,720,185,45,7,1]
[256,-64,48,40,-13,10,3,-1,1]
[6561,-405,34,-5,1]
[4096,-512,112,-9,7,-2,1]
[16384,-3200,373,-25,1]
[256,128,80,24,9,6,5,2,1]
[4096,1280,480,147,30,5,1]
[4096,512,16,-71,1,2,1]
[512,256,64,19,8,4,1]
[4096,-256,-80,69,-5,-1,1]
[4096,1024,-32,-19,-2,4,1]
[729,-243,63,5,7,-3,1]
[14641,1210,6,10,1]
[256,0,32,-16,-9,-4,2,0,1]
[512,576,344,141,43,9,1]
[4096,1536,384,91,24,6,1]
[4096,-64,103,-1,1]
[4096,-1792,128,51,8,-7,1]
[4096,-512,544,-33,34,-2,1]
[4096,256,352,49,22,1,1]
[2401,49,-71,1,1]
[4096,-3584,1680,-511,105,-14,1]
[15625,1750,106,14,1]
[4096,256,112,-47,7,1,1]
[4096,1024,64,21,4,4,1]
[4096,0,112,-57,7,0,1]
[4096,512,176,33,11,2,1]
[4096,1792,736,215,46,7,1]
[4096,-1792,144,27,9,-7,1]
[4096,0,-112,-45,-7,0,1]
[4096,1536,480,153,30,6,1]
[4096,768,-128,-75,-8,3,1]
[256,192,48,32,29,8,3,3,1]
[4096,-2816,976,-251,61,-11,1]
[256,-64,32,24,1,6,2,-1,1]
[4096,-1792,320,-45,20,-7,1]
[729,486,279,104,31,6,1]
[4096,512,144,27,9,2,1]
[256,0,64,48,-3,12,4,0,1]
[15625,-750,-26,-6,1]
[729,-81,-18,2,-2,-1,1]
[4096,-768,320,-93,20,-3,1]
[15625,875,59,7,1]
[4096,-64,-31,-1,1]
[14641,847,8,7,1]
[14641,-484,-104,-4,1]
[15625,1500,207,12,1]
[4096,768,224,-13,14,3,1]
[4096,768,135,12,1]
[4096,-1024,384,-137,24,-4,1]
[256,-128,112,-76,25,-19,7,-2,1]
[14641,-242,-79,-2,1]
[14641,1089,10,9,1]
[2401,49,-62,1,1]
[4096,-256,144,-89,9,-1,1]
[15625,3000,343,24,1]
[729,27,17,1,1]
[4096,1280,-16,-79,-1,5,1]
[256,-192,208,-120,75,-30,13,-3,1]
[729,243,-63,-59,-7,3,1]
[4096,256,-48,-27,-3,1,1]
[81,-9,-5,-1,1]
[512,320,200,79,25,5,1]
[15625,1625,138,13,1]
[4096,-64,-3,-1,1]
[256,0,128,0,35,0,8,0,1]
[256,-192,64,-48,39,-12,4,-3,1]
[14641,-968,17,-8,1]
[15625,2125,137,17,1]
[4096,-1280,80,55,5,-5,1]
[4096,-512,80,-103,5,-2,1]
[1024,-192,5,-6,1]
[256,0,32,0,29,0,2,0,1]
[6561,162,-92,2,1]
[729,0,-54,2,-6,0,1]
[512,0,-16,-29,-2,0,1]
[512,192,-48,-53,-6,3,1]
[4096,1024,208,71,13,4,1]
[14641,-484,-146,-4,1]
[729,-324,54,-11,6,-4,1]
[729,162,-45,-52,-5,2,1]
[15625,4250,512,34,1]
[6561,405,155,5,1]
[4096,-1280,608,-121,38,-5,1]
[256,-128,80,-12,17,-3,5,-2,1]
[256,0,64,-40,-1,-10,4,0,1]
[4096,-512,384,-33,24,-2,1]
[729,-81,36,22,4,-1,1]
[4096,2304,944,275,59,9,1]
[729,81,-18,-34,-2,1,1]
[15625,2125,251,17,1]
[729,-162,45,-20,5,-2,1]
[4096,0,-16,103,-1,0,1]
[256,-192,48,-32,27,-8,3,-3,1]
[4096,-1792,544,-103,34,-7,1]
[4096,0,160,7,10,0,1]
[256,-64,64,-36,13,-9,4,-1,1]
[4096,3072,1376,405,86,12,1]
[15625,125,-29,1,1]
[256,128,144,76,43,19,9,2,1]
[512,-448,256,-111,32,-7,1]
[15625,-750,227,-6,1]
[4096,-256,32,-103,2,-1,1]
[4096,-512,528,-77,33,-2,1]
[4096,-256,-128,27,-8,-1,1]
[15625,625,164,5,1]
[15625,3375,424,27,1]
[4096,-1024,-144,93,-9,-4,1]
[729,81,-18,10,-2,1,1]
[729,0,126,-16,14,0,1]
[729,-162,-54,29,-6,-2,1]
[6561,1620,232,20,1]
[256,128,96,52,37,13,6,2,1]
[15625,1000,13,8,1]
[15625,-125,-94,-1,1]
[4096,576,89,9,1]
[14641,-605,-127,-5,1]
[14641,363,71,3,1]
[256,0,48,24,11,6,3,0,1]
[4096,256,-96,-103,-6,1,1]
[14641,484,-103,4,1]
[16384,-896,147,-7,1]
[4096,1792,608,151,38,7,1]
[256,256,160,92,45,23,10,4,1]
[16384,512,251,4,1]
[4096,2816,1168,329,73,11,1]
[729,81,180,19,20,1,1]
[4096,768,144,-17,9,3,1]
[256,-64,16,12,9,3,1,-1,1]
[4096,1280,-48,-89,-3,5,1]
[256,64,96,16,15,4,6,1,1]
[15625,875,89,7,1]
[15625,-2000,207,-16,1]
[256,-64,16,-20,25,-5,1,-1,1]
[256,0,64,4,11,1,4,0,1]
[4096,-1536,608,-181,38,-6,1]
[256,-64,16,8,-17,2,1,-1,1]
[4096,-1536,176,-17,11,-6,1]
[256,256,112,12,-7,3,7,4,1]
[256,0,0,0,25,0,0,0,1]
[4096,-256,272,17,17,-1,1]
[16384,3584,407,28,1]
[4096,256,112,-23,7,1,1]
[14641,-1089,158,-9,1]
[6561,891,74,11,1]
[4096,-1792,-144,173,-9,-7,1]
[256,192,128,40,17,10,8,3,1]
[256,-64,80,-56,21,-14,5,-1,1]
[256,0,48,4,13,1,3,0,1]
[2401,441,46,9,1]
[729,243,-54,-56,-6,3,1]
[256,-192,-16,32,-7,8,-1,-3,1]
[4096,1536,288,37,18,6,1]
[4096,1792,816,217,51,7,1]
[6561,324,13,4,1]
[6561,-729,1,-9,1]
[4096,-512,272,-71,17,-2,1]
[256,-64,-16,4,-5,1,-1,-1,1]
[256,-256,240,-168,87,-42,15,-4,1]
[4096,256,144,49,9,1,1]
[256,128,16,28,25,7,1,2,1]
[14641,1210,90,10,1]
[729,486,243,98,27,6,1]
[729,81,45,-22,5,1,1]
[4096,768,528,107,33,3,1]
[512,0,-56,1,-7,0,1]
[4096,-1280,176,-7,11,-5,1]
[16384,-1792,111,-14,1]
[4096,-512,-32,55,-2,-2,1]
[4096,512,-144,-25,-9,2,1]
[4096,-768,-144,87,-9,-3,1]
[14641,-1694,147,-14,1]
[4096,-256,208,-77,13,-1,1]
[14641,-2541,287,-21,1]
[15625,2500,287,20,1]
[729,-162,63,-22,7,-2,1]
[4096,0,-64,-41,-4,0,1]
[4096,2560,864,215,54,10,1]
[15625,1625,187,13,1]
[512,128,0,-7,0,2,1]
[512,192,88,47,11,3,1]
[4096,-1280,608,-135,38,-5,1]
[4096,1792,800,223,50,7,1]
[4096,1024,336,153,21,4,1]
[4096,-768,48,-55,3,-3,1]
[256,192,80,52,29,13,5,3,1]
[256,128,16,-28,-17,-7,1,2,1]
[729,405,0,-40,0,5,1]
[4096,-256,-48,-45,-3,-1,1]
[4096,1024,0,-51,0,4,1]
[15625,1125,29,9,1]
[256,-256,32,56,-39,14,2,-4,1]
[4096,512,144,103,9,2,1]
[4096,-832,135,-13,1]
[729,81,-18,-29,-2,1,1]
[256,128,32,-4,3,-1,2,2,1]
[4096,-256,240,-91,15,-1,1]
[15625,2375,284,19,1]
[729,-54,-28,-2,1]
[6561,162,-32,2,1]
[15625,-1125,201,-9,1]
[256,128,64,20,-5,5,4,2,1]
[14641,3146,408,26,1]
[2401,882,173,18,1]
[16384,-2432,267,-19,1]
[4096,-1024,96,21,6,-4,1]
[256,-128,96,-52,35,-13,6,-2,1]
[15625,-1125,-33,-9,1]
[4096,1536,384,111,24,6,1]
[256,192,64,40,27,10,4,3,1]
[4096,-512,25,-8,1]
[16384,512,177,4,1]
[4096,-2304,784,-205,49,-9,1]
[4096,1280,-112,-89,-7,5,1]
[729,162,90,25,10,2,1]
[14641,968,75,8,1]
[4096,256,0,43,0,1,1]
[15625,-500,114,-4,1]
[256,256,256,148,91,37,16,4,1]
[4096,1472,253,23,1]
[729,-162,63,-43,7,-2,1]
[4096,-2560,736,-167,46,-10,1]
[2401,-147,12,-3,1]
[14641,-1936,221,-16,1]
[4096,-768,560,-103,35,-3,1]
[729,0,-9,20,-1,0,1]
[16384,512,259,4,1]
[4096,-256,416,-61,26,-1,1]
[4096,-768,112,7,7,-3,1]
[729,0,44,0,1]
[729,243,216,53,24,3,1]
[16384,1408,75,11,1]
[4096,-2304,1008,-281,63,-9,1]
[15625,1125,122,9,1]
[256,-64,16,32,-11,8,1,-1,1]
[4096,-1792,400,-89,25,-7,1]
[14641,-2783,310,-23,1]
[4096,-1792,816,-207,51,-7,1]
[256,64,48,32,3,8,3,1,1]
[4096,-256,416,-45,26,-1,1]
[256,256,208,136,69,34,13,4,1]
[4096,-1792,176,15,11,-7,1]
[15625,-625,208,-5,1]
[4096,768,384,31,24,3,1]
[14641,1210,15,10,1]
[15625,1250,223,10,1]
[256,-64,-16,-24,23,-6,-1,-1,1]
[512,-192,152,-41,19,-3,1]
[4096,-1024,624,-93,39,-4,1]
[6561,-567,35,-7,1]
[4096,1536,480,141,30,6,1]
[4096,-768,240,1,15,-3,1]
[4096,-256,112,-93,7,-1,1]
[14641,-847,107,-7,1]
[16384,0,-89,0,1]
[4096,256,-112,-31,-7,1,1]
[4096,1792,720,215,45,7,1]
[2401,-49,74,-1,1]
[15625,1625,148,13,1]
[625,-75,52,-3,1]
[729,729,378,140,42,9,1]
[729,-108,47,-4,1]
[2401,-539,88,-11,1]
[2401,-392,64,-8,1]
[512,320,184,59,23,5,1]
[14641,-1452,124,-12,1]
[6561,486,139,6,1]
[4096,-640,69,-10,1]
[256,-64,80,-68,13,-17,5,-1,1]
[4096,-256,0,77,0,-1,1]
[15625,-1375,1,-11,1]
[256,-320,192,-44,7,-11,12,-5,1]
[256,320,224,152,91,38,14,5,1]
[256,-128,80,20,-9,5,5,-2,1]
[2401,49,55,1,1]
[4096,-1280,512,-163,32,-5,1]
[4096,-2304,880,-235,55,-9,1]
[15625,-125,-76,-1,1]
[16384,-1408,169,-11,1]
[4096,3072,1360,395,85,12,1]
[4096,1280,576,121,36,5,1]
[4096,256,-128,-17,-8,1,1]
[729,405,99,16,11,5,1]
[256,-192,128,-76,51,-19,8,-3,1]
[4096,1024,320,65,20,4,1]
[4096,1472,243,23,1]
[256,-128,144,-68,51,-17,9,-2,1]
[512,-192,72,-39,9,-3,1]
[256,128,0,-12,-9,-3,0,2,1]
[256,-128,-16,12,1,3,-1,-2,1]
[14641,-1210,18,-10,1]
[14641,-2299,211,-19,1]
[4096,1536,272,23,17,6,1]
[1024,-288,75,-9,1]
[16384,-512,-41,-4,1]
[6561,486,80,6,1]
[4096,-768,-144,67,-9,-3,1]
[4096,-768,464,-59,29,-3,1]
[256,-256,144,-68,29,-17,9,-4,1]
[512,-256,136,-41,17,-4,1]
[4096,-2560,896,-239,56,-10,1]
[4096,-768,176,-3,11,-3,1]
[4096,256,-176,-15,-11,1,1]
[4096,0,-112,29,-7,0,1]
[4096,2304,688,159,43,9,1]
[729,-729,360,-130,40,-9,1]
[4096,1024,320,13,20,4,1]
[4096,768,528,105,33,3,1]
[4096,64,117,1,1]
[6561,-2430,379,-30,1]
[14641,-605,-126,-5,1]
[15625,250,-58,2,1]
[4096,-1024,368,-65,23,-4,1]
[4096,-320,9,-5,1]
[256,128,96,32,31,8,6,2,1]
[4096,2560,1040,321,65,10,1]
[15625,-750,-111,-6,1]
[15625,-875,24,-7,1]
[4096,-3328,1360,-381,85,-13,1]
[4096,960,167,15,1]
[256,192,16,-44,-35,-11,1,3,1]
[4096,1280,400,73,25,5,1]
[4096,0,544,5,34,0,1]
[15625,-500,-63,-4,1]
[256,256,144,44,11,11,9,4,1]
[2401,392,69,8,1]
[4096,512,-192,-89,-12,2,1]
[4096,-768,576,-95,36,-3,1]
[4096,896,157,14,1]
[256,64,144,64,41,16,9,1,1]
[256,-128,64,-4,1,-1,4,-2,1]
[4096,-1024,272,-31,17,-4,1]
[4096,-1536,592,-185,37,-6,1]
[512,192,-40,-41,-5,3,1]
[4096,-1792,304,-27,19,-7,1]
[14641,-605,79,-5,1]
[729,-162,-36,19,-4,-2,1]
[4096,1280,-96,-93,-6,5,1]
[14641,1936,302,16,1]
[512,-192,120,-41,15,-3,1]
[14641,1452,103,12,1]
[256,64,-16,-12,-9,-3,-1,1,1]
[4096,1024,144,-23,9,4,1]
[4096,-512,160,-5,10,-2,1]
[4096,-512,208,-13,13,-2,1]
[256,-128,80,-28,29,-7,5,-2,1]
[4096,-768,144,47,9,-3,1]
[15625,-625,68,-5,1]
[4096,-2048,432,-75,27,-8,1]
[256,0,0,20,-3,5,0,0,1]
[15625,-1625,79,-13,1]
[16384,-896,123,-7,1]
[14641,-2662,317,-22,1]
[14641,-484,159,-4,1]
[14641,1452,180,12,1]
[6561,2025,289,25,1]
[14641,-847,83,-7,1]
[4096,768,256,3,16,3,1]
[729,243,81,14,9,3,1]
[256,-192,128,-64,31,-16,8,-3,1]
[256,256,112,36,15,9,7,4,1]
[512,0,40,-27,5,0,1]
[4096,832,141,13,1]
[256,-64,80,-52,25,-13,5,-1,1]
[14641,242,239,2,1]
[4096,1024,-64,-43,-4,4,1]
[256,0,32,-24,5,-6,2,0,1]
[4096,-256,224,43,14,-1,1]
[4096,-1024,-80,109,-5,-4,1]
[4096,2304,816,201,51,9,1]
[14641,-242,116,-2,1]
[4096,0,416,-13,26,0,1]
[15625,-1125,176,-9,1]
[729,243,126,31,14,3,1]
[15625,250,154,2,1]
[256,-128,96,-48,21,-12,6,-2,1]
[14641,2541,325,21,1]
[1024,32,-41,1,1]
[16384,-256,-173,-2,1]
[16384,2048,239,16,1]
[4096,2560,928,259,58,10,1]
[256,0,16,-12,7,-3,1,0,1]
[4096,0,128,-55,8,0,1]
[256,-128,48,20,-11,5,3,-2,1]
[256,-192,80,-52,37,-13,5,-3,1]
[1024,-256,71,-8,1]
[4096,512,-64,13,-4,2,1]
[4096,768,48,-67,3,3,1]
[6561,1782,277,22,1]
[15625,3000,321,24,1]
[4096,256,16,-29,1,1,1]
[4096,1280,-224,-153,-14,5,1]
[4096,-2048,416,-77,26,-8,1]
[4096,512,240,17,15,2,1]
[15625,-500,-154,-4,1]
[6561,1701,259,21,1]
[15625,875,-62,7,1]
[4096,1536,592,143,37,6,1]
[256,128,80,36,27,9,5,2,1]
[15625,-2000,271,-16,1]
[4096,-1536,224,-25,14,-6,1]
[4096,-256,-64,87,-4,-1,1]
[729,-486,135,-23,15,-6,1]
[4096,-512,0,-21,0,-2,1]
[256,128,96,44,31,11,6,2,1]
[4096,-256,240,19,15,-1,1]
[4096,-1024,128,21,8,-4,1]
[4096,-2560,1120,-325,70,-10,1]
[256,-128,-16,4,7,1,-1,-2,1]
[15625,-375,14,-3,1]
[4096,-1792,32,81,2,-7,1]
[15625,1375,102,11,1]
[256,0,128,-20,35,-5,8,0,1]
[16384,2304,181,18,1]
[4096,1024,480,85,30,4,1]
[729,243,162,52,18,3,1]
[256,0,0,16,-5,4,0,0,1]
[729,-648,252,-76,28,-8,1]
[729,-324,153,-46,17,-4,1]
[6561,1620,250,20,1]
[4096,-256,-96,-33,-6,-1,1]
[14641,0,137,0,1]
[2401,-49,6,-1,1]
[4096,0,112,5,7,0,1]
[256,-192,160,-100,49,-25,10,-3,1]
[4096,512,224,-39,14,2,1]
[14641,1452,276,12,1]
[16384,-4480,557,-35,1]
[729,-567,315,-112,35,-7,1]
[512,448,144,33,18,7,1]
[4096,512,592,51,37,2,1]
[4096,768,480,61,30,3,1]
[6561,1458,217,18,1]
[4096,2304,896,251,56,9,1]
[256,-192,96,-24,15,-6,6,-3,1]
[256,-64,112,-28,37,-7,7,-1,1]
[6561,-405,-17,-5,1]
[4096,-768,80,-15,5,-3,1]
[729,297,76,11,1]
[729,324,90,22,10,4,1]
[256,64,32,0,-1,0,2,1,1]
[4096,1024,336,61,21,4,1]
[4096,256,48,63,3,1,1]
[15625,750,171,6,1]
[15625,-2625,324,-21,1]
[4096,1792,832,211,52,7,1]
[256,-64,64,28,3,7,4,-1,1]
[121,-7,1]
[729,567,117,4,13,7,1]
[4096,0,464,-5,29,0,1]
[4096,2560,1040,279,65,10,1]
[4096,-768,-16,-23,-1,-3,1]
[4096,512,464,85,29,2,1]
[15625,2000,126,16,1]
[4096,1280,528,129,33,5,1]
[256,0,-80,0,15,0,-5,0,1]
[256,320,240,160,93,40,15,5,1]
[4096,-512,0,63,0,-2,1]
[729,324,90,10,10,4,1]
[729,-81,63,4,7,-1,1]
[4096,-2304,992,-259,62,-9,1]
[4096,-512,416,-27,26,-2,1]
[4096,-512,304,-33,19,-2,1]
[14641,-1573,157,-13,1]
[256,-64,-128,16,35,4,-8,-1,1]
[4096,-768,144,29,9,-3,1]
[4096,1792,608,203,38,7,1]
[729,-648,261,-83,29,-8,1]
[256,64,0,-16,-19,-4,0,1,1]
[729,324,0,-37,0,4,1]
[4096,-768,144,1,9,-3,1]
[256,-64,-16,0,3,0,-1,-1,1]
[16384,2176,173,17,1]
[256,64,32,12,-15,3,2,1,1]
[4096,-768,64,17,4,-3,1]
[256,256,112,-28,-33,-7,7,4,1]
[729,-81,90,10,10,-1,1]
[4096,-256,80,79,5,-1,1]
[4096,1792,704,223,44,7,1]
[16384,2048,131,16,1]
[729,-405,180,-77,20,-5,1]
[4096,2816,1008,271,63,11,1]
[4096,1024,64,-5,4,4,1]
[4096,1024,-64,-33,-4,4,1]
[4096,512,304,61,19,2,1]
[256,192,16,28,37,7,1,3,1]
[4096,1536,640,187,40,6,1]
[4096,-1024,160,37,10,-4,1]
[4096,-2304,768,-195,48,-9,1]
[4096,-1280,208,-15,13,-5,1]
[4096,-1280,736,-155,46,-5,1]
[4096,-768,32,83,2,-3,1]
[16384,-2176,247,-17,1]
[256,-256,96,-36,23,-9,6,-4,1]
[4096,-256,96,25,6,-1,1]
[625,-50,49,-2,1]
[4096,256,448,27,28,1,1]
[256,-256,64,56,-51,14,4,-4,1]
[256,0,48,-8,7,-2,3,0,1]
[4096,256,352,55,22,1,1]
[6561,-1377,160,-17,1]
[4096,256,-64,-45,-4,1,1]
[256,128,112,-8,7,-2,7,2,1]
[6561,-243,2,-3,1]
[4096,-256,128,1,8,-1,1]
[729,-324,261,-68,29,-4,1]
[4096,-1792,768,-209,48,-7,1]
[256,128,112,48,23,12,7,2,1]
[625,125,13,5,1]
[4096,2304,960,287,60,9,1]
[256,128,128,76,43,19,8,2,1]
[4096,256,288,51,18,1,1]
[256,-128,-16,8,13,2,-1,-2,1]
[4096,0,224,55,14,0,1]
[512,0,120,-9,15,0,1]
[14641,-605,169,-5,1]
[256,320,208,84,33,21,13,5,1]
[14641,-484,-47,-4,1]
[4096,1792,704,177,44,7,1]
[4096,1024,131,16,1]
[4096,-768,416,-59,26,-3,1]
[729,0,117,-14,13,0,1]
[256,-128,112,-40,23,-10,7,-2,1]
[15625,1125,189,9,1]
[16384,-1024,35,-8,1]
[729,81,-18,-8,-2,1,1]
[4096,4352,2144,655,134,17,1]
[729,243,36,-5,4,3,1]
[14641,1452,214,12,1]
[4096,0,-96,-73,-6,0,1]
[4096,-1792,800,-207,50,-7,1]
[4096,-1792,656,-161,41,-7,1]
[4096,-256,96,-67,6,-1,1]
[512,-576,304,-115,38,-9,1]
[4096,256,-29,4,1]
[4096,-1536,528,-179,33,-6,1]
[14641,-726,117,-6,1]
[256,-128,128,-56,31,-14,8,-2,1]
[15625,-2375,229,-19,1]
[4096,0,-112,-47,-7,0,1]
[15625,-125,-92,-1,1]
[729,-108,31,-4,1]
[729,0,126,2,14,0,1]
[14641,1089,167,9,1]
[4096,512,560,51,35,2,1]
[4096,-512,288,9,18,-2,1]
[256,-192,112,-52,15,-13,7,-3,1]
[15625,375,-58,3,1]
[6561,-1215,137,-15,1]
[14641,968,87,8,1]
[4096,1280,176,-3,11,5,1]
[4096,1600,275,25,1]
[4096,1792,320,37,20,7,1]
[4096,0,144,-77,9,0,1]
[729,405,171,53,19,5,1]
[256,-128,64,-16,7,-4,4,-2,1]
[4096,-1280,-224,169,-14,-5,1]
[256,0,80,44,13,11,5,0,1]
[256,-192,32,-20,25,-5,2,-3,1]
[4096,512,112,73,7,2,1]
[4096,1024,176,47,11,4,1]
[14641,-3630,453,-30,1]
[4096,512,352,-1,22,2,1]
[4096,2560,1104,309,69,10,1]
[4096,1280,-144,-113,-9,5,1]
[14641,-2057,162,-17,1]
[256,-192,64,-36,31,-9,4,-3,1]
[4096,512,112,-65,7,2,1]
[4096,1792,192,-27,12,7,1]
[6561,405,77,5,1]
[4096,-256,32,83,2,-1,1]
[4096,-256,144,55,9,-1,1]
[2401,-196,-8,-4,1]
[4096,-256,256,-39,16,-1,1]
[256,128,48,-28,-13,-7,3,2,1]
[729,-162,126,-29,14,-2,1]
[256,128,0,-16,-7,-4,0,2,1]
[15625,-1000,248,-8,1]
[512,-256,48,-15,6,-4,1]
[4096,-1792,720,-197,45,-7,1]
[4096,-2816,896,-219,56,-11,1]
[512,64,24,29,3,1,1]
[16384,-640,69,-5,1]
[6561,81,-41,1,1]
[4096,-1024,112,47,7,-4,1]
[4096,0,-128,57,-8,0,1]
[15625,-1750,284,-14,1]
[4096,-1024,240,-5,15,-4,1]
[16384,-1152,115,-9,1]
[15625,1500,228,12,1]
[256,-192,16,52,-33,13,1,-3,1]
[512,-128,-32,11,-4,-2,1]
[16384,-256,113,-2,1]
[14641,-605,91,-5,1]
[4096,1280,160,45,10,5,1]
[15625,-875,-73,-7,1]
[4096,-768,368,-125,23,-3,1]
[4096,256,272,71,17,1,1]
[4096,1536,336,55,21,6,1]
[4096,1280,-64,-79,-4,5,1]
[14641,-363,168,-3,1]
[15625,875,16,7,1]
[512,128,-56,-27,-7,2,1]
[4096,1280,256,89,16,5,1]
[729,-243,99,-38,11,-3,1]
[729,162,-18,-32,-2,2,1]
[4096,0,240,-35,15,0,1]
[729,0,9,-7,1,0,1]
[4096,1024,672,119,42,4,1]
[729,81,45,44,5,1,1]
[16384,2816,363,22,1]
[256,-128,160,-68,51,-17,10,-2,1]
[512,64,-24,3,-3,1,1]
[625,50,-24,2,1]
[4096,-1280,480,-171,30,-5,1]
[4096,-512,416,-91,26,-2,1]
[729,-486,180,-65,20,-6,1]
[256,-64,32,-12,-15,-3,2,-1,1]
[256,-80,11,-5,1]
[14641,0,212,0,1]
[256,-320,288,-180,101,-45,18,-5,1]
[4096,1024,112,47,7,4,1]
[256,-256,128,-36,11,-9,8,-4,1]
[256,192,176,124,55,31,11,3,1]
[4096,256,144,99,9,1,1]
[4096,256,272,51,17,1,1]
[4096,-1344,235,-21,1]
[512,-64,0,-27,0,-1,1]
[729,162,63,2,7,2,1]
[14641,-484,-4,-4,1]
[15625,1875,197,15,1]
[256,0,64,44,-1,11,4,0,1]
[16384,2560,303,20,1]
[14641,-1089,105,-9,1]
[4096,-256,304,-15,19,-1,1]
[729,-405,243,-88,27,-5,1]
[16384,-1152,159,-9,1]
[4096,1024,112,-43,7,4,1]
[4096,-768,128,35,8,-3,1]
[4096,-256,-16,97,-1,-1,1]
[14641,-2420,320,-20,1]
[4096,0,192,-13,12,0,1]
[4096,-1024,368,-125,23,-4,1]
[64,0,3,0,1]
[14641,2057,171,17,1]
[256,-128,80,-4,-3,-1,5,-2,1]
[729,81,-9,-31,-1,1,1]
[256,128,0,-28,-11,-7,0,2,1]
[2401,-392,55,-8,1]
[16384,1152,95,9,1]
[4096,2304,336,7,21,9,1]
[4096,-1280,432,-147,27,-5,1]
[256,-256,80,-44,37,-11,5,-4,1]
[256,-64,-48,4,5,1,-3,-1,1]
[729,405,225,76,25,5,1]
[4096,1792,368,83,23,7,1]
[4096,768,240,35,15,3,1]
[16384,-512,-17,-4,1]
[256,0,48,-8,19,-2,3,0,1]
[15625,2250,293,18,1]
[15625,1750,261,14,1]
[256,-128,80,-16,13,-4,5,-2,1]
[4096,-256,400,-11,25,-1,1]
[4096,768,0,19,0,3,1]
[256,-192,32,48,-43,12,2,-3,1]
[512,-64,8,13,1,-1,1]
[512,-64,-8,41,-1,-1,1]
[729,0,207,-2,23,0,1]
[4096,-512,368,-31,23,-2,1]
[256,-128,32,32,-15,8,2,-2,1]
[256,-128,96,-16,15,-4,6,-2,1]
[15625,1875,89,15,1]
[729,0,126,-7,14,0,1]
[256,64,16,-24,-5,-6,1,1,1]
[4096,-2048,608,-169,38,-8,1]
[256,-256,160,-112,65,-28,10,-4,1]
[15625,250,166,2,1]
[1024,256,55,8,1]
[14641,363,78,3,1]
[256,-256,144,-52,19,-13,9,-4,1]
[4096,256,32,-41,2,1,1]
[4096,2304,800,237,50,9,1]
[256,128,112,44,21,11,7,2,1]
[4096,-768,-16,9,-1,-3,1]
[4096,2048,864,215,54,8,1]
[4096,768,576,93,36,3,1]
[512,576,376,157,47,9,1]
[256,384,240,84,29,21,15,6,1]
[4096,1280,112,-41,7,5,1]
[729,567,297,119,33,7,1]
[256,-64,64,-32,9,-8,4,-1,1]
[14641,484,101,4,1]
[1024,-64,35,-2,1]
[256,-64,0,-8,17,-2,0,-1,1]
[16384,384,61,3,1]
[4096,960,149,15,1]
[14641,1573,269,13,1]
[4096,512,48,-13,3,2,1]
[16384,-1408,207,-11,1]
[256,256,96,0,-11,0,6,4,1]
[4096,-1536,512,-97,32,-6,1]
[4096,256,128,35,8,1,1]
[4096,-1024,-80,75,-5,-4,1]
[4096,256,-39,4,1]
[4096,768,-96,-49,-6,3,1]
[15625,-750,204,-6,1]
[6561,243,100,3,1]
[4096,1024,208,103,13,4,1]
[256,-256,208,-128,75,-32,13,-4,1]
[4096,0,-32,17,-2,0,1]
[512,-192,136,-29,17,-3,1]
[14641,0,82,0,1]
[1024,64,21,2,1]
[4096,0,96,-51,6,0,1]
[15625,125,188,1,1]
[4096,-1024,-144,73,-9,-4,1]
[14641,2420,215,20,1]
[729,243,162,29,18,3,1]
[4096,2048,192,-33,12,8,1]
[256,-64,176,-16,53,-4,11,-1,1]
[4096,-256,80,59,5,-1,1]
[729,-162,0,29,0,-2,1]
[512,192,-8,-27,-1,3,1]
[729,0,153,-7,17,0,1]
[2401,-931,169,-19,1]
[14641,968,167,8,1]
[729,-162,90,-26,10,-2,1]
[4096,768,131,12,1]
[16384,-1920,205,-15,1]
[2401,-294,48,-6,1]
[6561,-81,67,-1,1]
[512,192,0,-9,0,3,1]
[729,243,-18,-25,-2,3,1]
[256,-128,96,-28,19,-7,6,-2,1]
[4096,512,-224,-51,-14,2,1]
[4096,-2048,720,-181,45,-8,1]
[256,0,-16,16,5,4,-1,0,1]
[4096,256,-80,-45,-5,1,1]
[256,-128,32,-36,35,-9,2,-2,1]
[4096,-256,192,-63,12,-1,1]
[729,-243,72,-19,8,-3,1]
[512,-128,0,-13,0,-2,1]
[4096,3072,1392,417,87,12,1]
[729,81,45,46,5,1,1]
[4096,512,624,47,39,2,1]
[15625,-1625,119,-13,1]
[15625,2375,322,19,1]
[14641,-1815,294,-15,1]
[14641,3388,398,28,1]
[729,-27,14,-1,1]
[256,-64,64,0,21,0,4,-1,1]
[729,-81,0,-22,0,-1,1]
[4096,0,-192,25,-12,0,1]
[256,80,9,5,1]
[256,0,96,16,31,4,6,0,1]
[256,-64,32,-12,-3,-3,2,-1,1]
[4096,-3072,1440,-427,90,-12,1]
[16384,-2048,143,-16,1]
[6561,-405,44,-5,1]
[15625,-875,191,-7,1]
[14641,1936,134,16,1]
[256,-64,-32,-12,25,-3,-2,-1,1]
[14641,-242,71,-2,1]
[16384,-1536,265,-12,1]
[14641,2299,266,19,1]
[4096,0,112,51,7,0,1]
[4096,-256,-112,19,-7,-1,1]
[4096,768,256,47,16,3,1]
[2401,245,68,5,1]
[16384,128,-143,1,1]
[6561,1215,203,15,1]
[14641,242,118,2,1]
[256,128,48,36,17,9,3,2,1]
[4096,-768,-128,101,-8,-3,1]
[4096,512,16,-85,1,2,1]
[512,-128,8,17,1,-2,1]
[14641,-1694,83,-14,1]
[4096,-2048,736,-209,46,-8,1]
[4096,-3072,1392,-413,87,-12,1]
[16384,-640,167,-5,1]
[6561,486,73,6,1]
[4096,-1280,240,3,15,-5,1]
[4096,-1024,320,-123,20,-4,1]
[729,0,-63,2,-7,0,1]
[256,128,80,28,27,7,5,2,1]
[4096,-2048,720,-199,45,-8,1]
[729,243,-27,-40,-3,3,1]
[16384,3712,405,29,1]
[256,320,240,136,67,34,15,5,1]
[15625,3750,431,30,1]
[16384,1920,179,15,1]
[729,-243,162,-55,18,-3,1]
[14641,0,-175,0,1]
[729,-81,54,5,6,-1,1]
[14641,242,-85,2,1]
[512,-64,-24,-3,-3,-1,1]
[14641,1210,246,10,1]
[4096,-2304,960,-257,60,-9,1]
[4096,0,128,-73,8,0,1]
[14641,-847,-63,-7,1]
[4096,1536,-224,-177,-14,6,1]
[4096,-256,176,5,11,-1,1]
[6561,-1458,190,-18,1]
[4096,0,176,7,11,0,1]
[4096,2560,592,101,37,10,1]
[4096,0,144,37,9,0,1]
[14641,-121,75,-1,1]
[256,128,16,-32,-33,-8,1,2,1]
[4096,768,464,67,29,3,1]
[4096,1536,-144,-141,-9,6,1]
[256,-64,32,-8,-15,-2,2,-1,1]
[4096,-256,48,-29,3,-1,1]
[14641,2904,334,24,1]
[729,-243,117,-37,13,-3,1]
[4096,3072,1024,251,64,12,1]
[4096,-512,-80,53,-5,-2,1]
[6561,0,-2,0,1]
[2401,-343,23,-7,1]
[256,-64,16,-16,17,-4,1,-1,1]
[4096,1792,144,-49,9,7,1]
[4096,1024,448,67,28,4,1]
[4096,1536,720,171,45,6,1]
[14641,-1936,170,-16,1]
[2401,245,64,5,1]
[16384,-256,-179,-2,1]
[16384,-384,115,-3,1]
[16384,-896,73,-7,1]
[4096,0,448,-19,28,0,1]
[14641,121,133,1,1]
[16384,-640,-109,-5,1]
[256,-64,112,-52,29,-13,7,-1,1]
[4096,128,69,2,1]
[15625,625,-11,5,1]
[729,-162,45,-34,5,-2,1]
[6561,-1215,121,-15,1]
[4096,-1280,224,-33,14,-5,1]
[4096,2048,368,31,23,8,1]
[729,567,351,128,39,7,1]
[14641,847,-67,7,1]
[4096,512,448,41,28,2,1]
[2401,196,-25,4,1]
[256,-320,176,-64,27,-16,11,-5,1]
[4096,512,288,35,18,2,1]
[4096,1024,240,41,15,4,1]
[256,0,144,24,41,6,9,0,1]
[4096,-1536,384,-59,24,-6,1]
[256,64,144,48,45,12,9,1,1]
[15625,125,189,1,1]
[256,0,-32,-4,29,-1,-2,0,1]
[14641,-2662,281,-22,1]
[15625,-375,-48,-3,1]
[4096,1024,165,16,1]
[256,-64,32,-12,-17,-3,2,-1,1]
[4096,2304,768,181,48,9,1]
[4096,-256,112,17,7,-1,1]
[256,256,240,140,85,35,15,4,1]
[729,0,45,-5,5,0,1]
[256,192,128,64,43,16,8,3,1]
[729,-162,162,-40,18,-2,1]
[256,128,-16,-8,11,-2,-1,2,1]
[4096,256,192,13,12,1,1]
[729,-405,126,-34,14,-5,1]
[256,-64,16,-12,-9,-3,1,-1,1]
[6561,-891,158,-11,1]
[15625,-1500,28,-12,1]
[16384,-1664,119,-13,1]
[4096,-1024,336,-141,21,-4,1]
[4096,-1536,-208,183,-13,-6,1]
[729,81,81,22,9,1,1]
[4096,1280,16,-79,1,5,1]
[729,0,27,5,3,0,1]
[14641,1089,114,9,1]
[4096,1024,96,-57,6,4,1]
[625,0,-48,0,1]
[256,0,64,8,7,2,4,0,1]
[4096,1536,800,183,50,6,1]
[512,-128,104,-9,13,-2,1]
[4096,-1280,80,37,5,-5,1]
[4096,512,-96,-97,-6,2,1]
[14641,605,248,5,1]
[15625,-875,262,-7,1]
[15625,-3375,416,-27,1]
[16384,1024,23,8,1]
[4096,1024,-80,-91,-5,4,1]
[256,-192,128,-56,33,-14,8,-3,1]
[15625,-2375,184,-19,1]
[4096,0,96,21,6,0,1]
[256,-192,64,28,-31,7,4,-3,1]
[256,64,64,-28,-7,-7,4,1,1]
[256,-192,0,40,-21,10,0,-3,1]
[14641,0,-227,0,1]
[15625,1750,239,14,1]
[4096,192,117,3,1]
[256,-128,48,8,-11,2,3,-2,1]
[512,128,16,15,2,2,1]
[4096,768,-144,-119,-9,3,1]
[512,64,8,3,1,1,1]
[256,0,-32,12,21,3,-2,0,1]
[729,0,18,-2,2,0,1]
[256,128,96,-8,5,-2,6,2,1]
[4096,0,16,73,1,0,1]
[15625,125,-32,1,1]
[16384,1280,21,10,1]
[14641,-2178,230,-18,1]
[256,-192,80,24,-25,6,5,-3,1]
[4096,1280,272,47,17,5,1]
[4096,-1024,240,-103,15,-4,1]
[4096,-768,-48,77,-3,-3,1]
[14641,-1694,218,-14,1]
[4096,-512,144,-49,9,-2,1]
[4096,1792,752,173,47,7,1]
[4096,1792,704,193,44,7,1]
[256,-256,208,-96,53,-24,13,-4,1]
[2401,441,82,9,1]
[15625,-875,3,-7,1]
[256,128,128,56,31,14,8,2,1]
[16384,1280,249,10,1]
[256,192,112,68,43,17,7,3,1]
[14641,-1936,208,-16,1]
[14641,3146,359,26,1]
[1024,64,57,2,1]
[4096,-1024,272,-55,17,-4,1]
[2401,-49,-48,-1,1]
[729,486,171,46,19,6,1]
[4096,0,224,-33,14,0,1]
[729,243,-9,-41,-1,3,1]
[4096,256,112,35,7,1,1]
[256,192,80,40,27,10,5,3,1]
[14641,242,-94,2,1]
[4096,-2048,672,-155,42,-8,1]
[6561,1296,194,16,1]
[15625,125,-98,1,1]
[4096,-1280,512,-149,32,-5,1]
[16384,128,-209,1,1]
[256,-128,64,20,-15,5,4,-2,1]
[4096,576,141,9,1]
[15625,0,197,0,1]
[4096,256,-144,-27,-9,1,1]
[4096,256,192,-57,12,1,1]
[16384,-1152,17,-9,1]
[14641,3025,335,25,1]
[16384,1408,47,11,1]
[4096,-512,-112,69,-7,-2,1]
[729,-729,369,-137,41,-9,1]
[4096,-256,624,-33,39,-1,1]
[15625,625,-138,5,1]
[4096,-768,176,9,11,-3,1]
[512,-128,96,-31,12,-2,1]
[256,-192,64,-32,17,-8,4,-3,1]
[729,-162,81,-19,9,-2,1]
[256,128,64,0,-9,0,4,2,1]
[729,-405,189,-71,21,-5,1]
[729,-405,72,-5,8,-5,1]
[729,405,90,4,10,5,1]
[16384,1536,127,12,1]
[6561,-405,-52,-5,1]
[16384,-768,137,-6,1]
[4096,1024,-80,-47,-5,4,1]
[6561,243,68,3,1]
[512,-256,208,-63,26,-4,1]
[4096,-1280,80,47,5,-5,1]
[16384,-1152,173,-9,1]
[4096,-768,208,-49,13,-3,1]
[2401,98,-25,2,1]
[15625,-250,156,-2,1]
[4096,-1280,336,-135,21,-5,1]
[729,81,9,7,1,1,1]
[4096,1024,144,53,9,4,1]
[4096,1536,240,45,15,6,1]
[256,128,32,-24,-13,-6,2,2,1]
[14641,-363,148,-3,1]
[2401,-343,48,-7,1]
[4096,1280,368,139,23,5,1]
[512,-320,120,-31,15,-5,1]
[14641,363,108,3,1]
[4096,1472,251,23,1]
[2401,490,94,10,1]
[4096,-1280,176,25,11,-5,1]
[14641,1089,-21,9,1]
[6561,-486,-47,-6,1]
[2401,539,64,11,1]
[14641,1573,159,13,1]
[4096,1280,400,79,25,5,1]
[256,-64,-32,-12,33,-3,-2,-1,1]
[256,128,0,-28,-17,-7,0,2,1]
[4096,768,-64,-105,-4,3,1]
[4096,-1536,224,3,14,-6,1]
[16384,256,219,2,1]
[4096,-256,-96,-43,-6,-1,1]
[4096,-1792,720,-161,45,-7,1]
[16384,1536,243,12,1]
[15625,875,71,7,1]
[4096,1280,576,123,36,5,1]
[2401,98,31,2,1]
[729,54,25,2,1]
[4096,1536,320,83,20,6,1]
[729,-108,17,-4,1]
[4096,768,96,63,6,3,1]
[15625,-750,-23,-6,1]
[4096,-1024,400,-63,25,-4,1]
[15625,-1125,66,-9,1]
[6561,1701,266,21,1]
[15625,-375,58,-3,1]
[4096,-1792,512,-157,32,-7,1]
[729,-486,198,-64,22,-6,1]
[4096,64,19,1,1]
[256,0,25,0,1]
[14641,-121,43,-1,1]
[4096,256,-48,-69,-3,1,1]
[15625,2375,307,19,1]
[1024,128,-9,4,1]
[4096,1024,224,51,14,4,1]
[4096,-1280,688,-139,43,-5,1]
[14641,1573,84,13,1]
[14641,-484,245,-4,1]
[4096,-768,480,-107,30,-3,1]
[729,891,531,209,59,11,1]
[4096,2304,784,217,49,9,1]
[6561,-1620,212,-20,1]
[4096,1792,304,19,19,7,1]
[256,-192,176,-84,53,-21,11,-3,1]
[4096,256,-128,31,-8,1,1]
[4096,768,160,59,10,3,1]
[16384,-3328,417,-26,1]
[15625,2000,128,16,1]
[15625,-2000,196,-16,1]
[4096,-512,128,15,8,-2,1]
[4096,256,0,-31,0,1,1]
[256,128,64,40,15,10,4,2,1]
[729,243,72,47,8,3,1]
[4096,768,416,79,26,3,1]
[4096,-2560,1120,-329,70,-10,1]
[4096,0,-80,-51,-5,0,1]
[4096,3072,1264,361,79,12,1]
[512,-128,96,-39,12,-2,1]
[729,81,108,-2,12,1,1]
[14641,-2783,278,-23,1]
[4096,-2048,592,-153,37,-8,1]
[4096,768,256,135,16,3,1]
[1024,128,39,4,1]
[729,0,45,-11,5,0,1]
[625,-150,42,-6,1]
[256,0,80,-36,17,-9,5,0,1]
[14641,-1089,39,-9,1]
[4096,-768,-144,95,-9,-3,1]
[729,0,90,2,10,0,1]
[4096,2048,688,195,43,8,1]
[256,64,64,8,23,2,4,1,1]
[6561,1377,226,17,1]
[4096,256,-25,4,1]
[729,162,153,32,17,2,1]
[256,0,48,-24,-1,-6,3,0,1]
[256,-64,16,0,-21,0,1,-1,1]
[4096,0,-64,-31,-4,0,1]
[14641,968,193,8,1]
[4096,-768,77,-12,1]
[256,64,96,56,21,14,6,1,1]
[4096,1792,720,173,45,7,1]
[14641,-1210,64,-10,1]
[15625,250,64,2,1]
[4096,-1280,-80,87,-5,-5,1]
[4096,-768,576,-85,36,-3,1]
[4096,2304,1104,295,69,9,1]
[4096,-512,16,45,1,-2,1]
[729,162,-54,-53,-6,2,1]
[4096,-3072,1264,-365,79,-12,1]
[256,-192,144,-80,37,-20,9,-3,1]
[4096,-1280,672,-135,42,-5,1]
[4096,256,176,39,11,1,1]
[15625,125,66,1,1]
[4096,-768,496,-49,31,-3,1]
[256,-64,80,24,5,6,5,-1,1]
[16384,1664,69,13,1]
[512,-192,80,-41,10,-3,1]
[4096,256,224,65,14,1,1]
[4096,256,160,1,10,1,1]
[729,324,162,76,18,4,1]
[4096,-1024,272,-67,17,-4,1]
[15625,-2250,203,-18,1]
[729,405,261,83,29,5,1]
[729,162,-18,-41,-2,2,1]
[2401,686,104,14,1]
[4096,768,304,85,19,3,1]
[15625,-3750,434,-30,1]
[4096,256,-16,-107,-1,1,1]
[4096,-512,544,-59,34,-2,1]
[729,-567,207,-64,23,-7,1]
[729,-162,117,-14,13,-2,1]
[729,-567,324,-121,36,-7,1]
[729,243,72,43,8,3,1]
[512,0,48,-27,6,0,1]
[4096,-1536,448,-155,28,-6,1]
[2401,637,136,13,1]
[15625,-250,62,-2,1]
[16384,-1408,181,-11,1]
[64,8,9,1,1]
[14641,121,59,1,1]
[4096,1024,384,149,24,4,1]
[256,-256,128,-32,1,-8,8,-4,1]
[256,0,48,-4,9,-1,3,0,1]
[4096,-1536,336,-33,21,-6,1]
[16384,-2560,247,-20,1]
[512,0,120,1,15,0,1]
[14641,-1210,59,-10,1]
[16384,3968,487,31,1]
[15625,1000,-61,8,1]
[4096,-512,-128,125,-8,-2,1]
[4096,0,528,-1,33,0,1]
[2401,588,94,12,1]
[4096,-1024,48,69,3,-4,1]
[4096,-1280,368,-85,23,-5,1]
[6561,-1134,98,-14,1]
[256,0,-32,8,23,2,-2,0,1]
[256,0,-48,4,21,1,-3,0,1]
[4096,-256,-16,83,-1,-1,1]
[4096,-256,-240,37,-15,-1,1]
[256,-448,464,-348,199,-87,29,-7,1]
[4096,-256,32,-91,2,-1,1]
[4096,768,160,-31,10,3,1]
[4096,-2560,1264,-349,79,-10,1]
[6561,0,-136,0,1]
[4096,512,480,49,30,2,1]
[6561,162,55,2,1]
[16384,1152,247,9,1]
[4096,768,208,7,13,3,1]
[4096,-1024,208,-21,13,-4,1]
[6561,-972,179,-12,1]
[4096,2560,800,201,50,10,1]
[2401,-245,68,-5,1]
[729,-243,-36,35,-4,-3,1]
[4096,256,131,4,1]
[16384,-768,107,-6,1]
[4096,0,208,-53,13,0,1]
[6561,243,-20,3,1]
[4096,-512,256,-67,16,-2,1]
[16384,-1408,91,-11,1]
[16384,-1536,83,-12,1]
[512,-384,80,-5,10,-6,1]
[4096,-256,-16,-35,-1,-1,1]
[4096,-256,-64,29,-4,-1,1]
[4096,512,-64,-97,-4,2,1]
[256,0,96,-48,15,-12,6,0,1]
[4096,-512,432,-25,27,-2,1]
[4096,-1536,544,-119,34,-6,1]
[6561,810,80,10,1]
[6561,-243,92,-3,1]
[4096,1280,544,93,34,5,1]
[4096,1280,592,159,37,5,1]
[16384,-128,-23,-1,1]
[256,0,64,-8,3,-2,4,0,1]
[14641,484,-133,4,1]
[729,-405,135,-50,15,-5,1]
[14641,2299,196,19,1]
[256,192,128,60,33,15,8,3,1]
[4096,-256,368,-41,23,-1,1]
[729,0,27,-43,3,0,1]
[6561,-486,43,-6,1]
[256,-256,112,-20,1,-5,7,-4,1]
[2401,539,117,11,1]
[14641,-968,199,-8,1]
[729,-162,72,-4,8,-2,1]
[729,81,54,-5,6,1,1]
[16384,-768,119,-6,1]
[4096,0,112,-63,7,0,1]
[14641,-847,206,-7,1]
[2401,539,78,11,1]
[256,0,96,4,31,1,6,0,1]
[14641,726,50,6,1]
[16384,128,9,1,1]
[512,-128,104,-21,13,-2,1]
[6561,81,137,1,1]
[1024,-192,49,-6,1]
[16384,-896,171,-7,1]
[4096,-256,144,49,9,-1,1]
[729,-324,198,-56,22,-4,1]
[256,-128,-32,20,5,5,-2,-2,1]
[256,256,256,156,97,39,16,4,1]
[14641,-3025,391,-25,1]
[14641,0,47,0,1]
[512,0,40,31,5,0,1]
[729,162,126,32,14,2,1]
[6561,-2025,292,-25,1]
[4096,0,-96,-57,-6,0,1]
[4096,512,240,-23,15,2,1]
[4096,-256,16,-39,1,-1,1]
[4096,0,112,41,7,0,1]
[4096,-1536,544,-159,34,-6,1]
[729,-324,63,-14,7,-4,1]
[256,192,128,76,43,19,8,3,1]
[4096,768,48,25,3,3,1]
[4096,1536,384,45,24,6,1]
[14641,-1936,188,-16,1]
[256,-128,96,-60,15,-15,6,-2,1]
[4096,768,128,93,8,3,1]
[4096,0,-144,-17,-9,0,1]
[256,64,-32,12,15,3,-2,1,1]
[4096,-960,175,-15,1]
[6561,648,146,8,1]
[729,324,-63,-64,-7,4,1]
[729,378,98,14,1]
[729,486,243,88,27,6,1]
[729,162,36,17,4,2,1]
[4096,768,304,101,19,3,1]
