[512,448,232,87,29,7,1]
[4096,-1792,864,-225,54,-7,1]
[4096,256,16,-41,1,1,1]
[4096,3072,1232,353,77,12,1]
[14641,121,-84,1,1]
[256,-64,144,-28,49,-7,9,-1,1]
[14641,2662,269,22,1]
[256,-192,48,36,-27,9,3,-3,1]
[4096,768,-64,-59,-4,3,1]
[64,-48,8,3,2,-3,1]
[4096,-1280,192,-23,12,-5,1]
[16384,-1152,7,-9,1]
[256,-64,0,20,-17,5,0,-1,1]
[4096,0,240,47,15,0,1]
[729,-162,63,-31,7,-2,1]
[256,0,80,-20,23,-5,5,0,1]
[256,320,224,120,61,30,14,5,1]
[4096,512,-64,-49,-4,2,1]
[6561,-1296,152,-16,1]
[4096,256,80,-89,5,1,1]
[4096,2816,640,95,40,11,1]
[16384,896,-13,7,1]
[256,-64,128,-24,31,-6,8,-1,1]
[4096,-256,-64,-61,-4,-1,1]
[4096,1280,-16,-49,-1,5,1]
[256,-64,16,-12,21,-3,1,-1,1]
[729,-54,32,-2,1]
[4096,-256,480,-3,30,-1,1]
[729,-486,144,-28,16,-6,1]
[14641,2178,252,18,1]
[6561,243,-80,3,1]
[4096,256,32,-5,2,1,1]
[4096,-768,-112,93,-7,-3,1]
[6561,-1539,226,-19,1]
[256,64,0,-28,1,-7,0,1,1]
[729,162,117,7,13,2,1]
[4096,-1024,171,-16,1]
[729,648,387,151,43,8,1]
[16384,-512,17,-4,1]
[4096,2816,1088,311,68,11,1]
[6561,0,10,0,1]
[4096,-256,288,-21,18,-1,1]
[4096,-768,352,-85,22,-3,1]
[6561,-324,74,-4,1]
[729,81,144,4,16,1,1]
[4096,-768,560,-85,35,-3,1]
[4096,-2048,640,-179,40,-8,1]
[4096,-1792,320,-39,20,-7,1]
[512,-192,88,-19,11,-3,1]
[15625,0,-123,0,1]
[4096,512,224,-17,14,2,1]
[4096,512,480,75,30,2,1]
[256,128,64,36,27,9,4,2,1]
[14641,3993,485,33,1]
[14641,363,42,3,1]
[4096,512,16,27,1,2,1]
[14641,121,239,1,1]
[1024,352,77,11,1]
[4096,512,-16,-65,-1,2,1]
[15625,-2125,161,-17,1]
[256,-256,64,32,-31,8,4,-4,1]
[4096,0,-32,-103,-2,0,1]
[4096,-1024,-64,49,-4,-4,1]
[14641,-1815,290,-15,1]
[14641,3025,343,25,1]
[256,-192,128,-88,43,-22,8,-3,1]
[4096,-1280,0,69,0,-5,1]
[4096,-512,-128,3,-8,-2,1]
[4096,-512,224,-33,14,-2,1]
[14641,-242,-92,-2,1]
[4096,-2304,944,-289,59,-9,1]
[512,-64,152,-11,19,-1,1]
[256,-256,80,28,-29,7,5,-4,1]
[4096,1024,560,135,35,4,1]
[15625,1500,63,12,1]
[729,-243,90,-5,10,-3,1]
[256,-192,160,-88,51,-22,10,-3,1]
[14641,363,171,3,1]
[4096,-1536,-80,113,-5,-6,1]
[512,-256,40,11,5,-4,1]
[4096,-1024,352,-99,22,-4,1]
[256,-192,48,40,-31,10,3,-3,1]
[15625,-1625,223,-13,1]
[729,-297,82,-11,1]
[4096,-768,176,-31,11,-3,1]
[2401,-686,146,-14,1]
[625,125,27,5,1]
[2401,-98,22,-2,1]
[2401,294,54,6,1]
[512,64,32,39,4,1,1]
[4096,1536,512,161,32,6,1]
[729,-243,27,-11,3,-3,1]
[14641,363,75,3,1]
[6561,-81,-22,-1,1]
[729,216,35,8,1]
[512,64,8,23,1,1,1]
[4096,768,-96,-43,-6,3,1]
[729,-243,36,1,4,-3,1]
[256,-64,-16,-4,1,-1,-1,-1,1]
[256,128,80,56,25,14,5,2,1]
[256,-192,176,-120,57,-30,11,-3,1]
[512,0,40,13,5,0,1]
[15625,1500,106,12,1]
[4096,-768,480,-71,30,-3,1]
[4096,2560,912,249,57,10,1]
[4096,-1024,544,-127,34,-4,1]
[4096,512,-144,-99,-9,2,1]
[729,-567,243,-77,27,-7,1]
[4096,1024,592,119,37,4,1]
[4096,-768,160,13,10,-3,1]
[6561,-243,-11,-3,1]
[4096,-1792,544,-143,34,-7,1]
[4096,-768,320,-67,20,-3,1]
[512,128,-56,-29,-7,2,1]
[256,64,-80,0,35,0,-5,1,1]
[4096,-2304,448,-55,28,-9,1]
[4096,-512,656,-57,41,-2,1]
[15625,-625,106,-5,1]
[256,-128,80,-52,41,-13,5,-2,1]
[729,162,72,10,8,2,1]
[15625,375,193,3,1]
[2401,-147,33,-3,1]
[14641,484,199,4,1]
[4096,1792,224,5,14,7,1]
[256,-192,64,-60,49,-15,4,-3,1]
[625,-75,9,-3,1]
[729,-486,252,-88,28,-6,1]
[256,128,144,36,37,9,9,2,1]
[4096,256,-208,-49,-13,1,1]
[4096,-512,192,-29,12,-2,1]
[729,-81,36,10,4,-1,1]
[729,-567,270,-92,30,-7,1]
[4096,-1536,400,-99,25,-6,1]
[256,128,96,68,37,17,6,2,1]
[16384,2048,241,16,1]
[4096,-2048,816,-235,51,-8,1]
[6561,486,65,6,1]
[4096,-2304,976,-259,61,-9,1]
[16384,2176,251,17,1]
[256,-128,64,-48,19,-12,4,-2,1]
[256,0,-16,20,7,5,-1,0,1]
[4096,-1280,656,-159,41,-5,1]
[16384,0,205,0,1]
[512,256,56,-1,7,4,1]
[14641,-1089,156,-9,1]
[14641,363,202,3,1]
[4096,-1280,544,-119,34,-5,1]
[16384,128,77,1,1]
[256,-192,48,0,-1,0,3,-3,1]
[256,-128,-16,20,1,5,-1,-2,1]
[4096,-768,48,-29,3,-3,1]
[4096,-1216,183,-19,1]
[4096,1088,177,17,1]
[4096,-1792,384,-49,24,-7,1]
[256,128,144,64,41,16,9,2,1]
[4096,1280,672,135,42,5,1]
[729,405,90,10,10,5,1]
[15625,375,24,3,1]
[256,64,80,52,11,13,5,1,1]
[4096,1536,768,181,48,6,1]
[729,243,61,9,1]
[729,-81,63,7,7,-1,1]
[15625,-2000,298,-16,1]
[256,-64,32,-24,13,-6,2,-1,1]
[2401,-784,129,-16,1]
[4096,-256,592,-41,37,-1,1]
[256,0,-80,0,27,0,-5,0,1]
[4096,-256,176,-51,11,-1,1]
[4096,1024,336,17,21,4,1]
[4096,-1280,464,-165,29,-5,1]
[256,64,48,-8,13,-2,3,1,1]
[4096,-1024,272,-133,17,-4,1]
[14641,-1694,202,-14,1]
[15625,-250,77,-2,1]
[256,192,80,16,5,4,5,3,1]
[256,64,64,4,21,1,4,1,1]
[15625,-500,-99,-4,1]
[15625,-1500,46,-12,1]
[256,64,32,-12,-15,-3,2,1,1]
[256,256,192,108,55,27,12,4,1]
[256,64,112,40,27,10,7,1,1]
[4096,512,368,73,23,2,1]
[2401,539,86,11,1]
[729,-243,198,-46,22,-3,1]
[16384,640,163,5,1]
[4096,-512,-48,109,-3,-2,1]
[256,-128,48,8,-1,2,3,-2,1]
[4096,1024,192,43,12,4,1]
[15625,-500,-102,-4,1]
[1024,-64,57,-2,1]
[4096,1024,-48,-71,-3,4,1]
[256,128,-16,-8,1,-2,-1,2,1]
[4096,-1024,64,-23,4,-4,1]
[16384,-256,-87,-2,1]
[16384,-128,-131,-1,1]
[256,-256,256,-168,93,-42,16,-4,1]
[4096,512,288,9,18,2,1]
[4096,1024,192,-25,12,4,1]
[2401,-588,89,-12,1]
[729,648,216,52,24,8,1]
[256,-192,160,-88,47,-22,10,-3,1]
[4096,1280,848,161,53,5,1]
[4096,512,-96,-13,-6,2,1]
[2401,-196,2,-4,1]
[4096,2816,1264,373,79,11,1]
[256,128,80,28,13,7,5,2,1]
[256,192,112,40,15,10,7,3,1]
[4096,-512,-160,97,-10,-2,1]
[4096,1536,288,41,18,6,1]
[4096,2816,1168,355,73,11,1]
[256,-128,16,-32,37,-8,1,-2,1]
[256,-128,48,-16,5,-4,3,-2,1]
[4096,-2304,1056,-285,66,-9,1]
[256,-64,80,-32,21,-8,5,-1,1]
[6561,-1053,172,-13,1]
[729,81,54,-22,6,1,1]
[6561,2106,320,26,1]
[4096,-256,-32,11,-2,-1,1]
[4096,0,-16,15,-1,0,1]
[256,-64,16,4,13,1,1,-1,1]
[4096,2560,752,179,47,10,1]
[4096,0,1,0,1]
[256,256,224,112,63,28,14,4,1]
[15625,1625,193,13,1]
[6561,567,-4,7,1]
[15625,-1750,286,-14,1]
[4096,768,336,87,21,3,1]
[256,256,176,84,45,21,11,4,1]
[15625,-1625,268,-13,1]
[14641,2904,326,24,1]
[14641,363,39,3,1]
[1024,160,13,5,1]
[256,64,80,64,11,16,5,1,1]
[729,-405,144,-55,16,-5,1]
[256,-64,0,8,9,2,0,-1,1]
[4096,-2048,592,-133,37,-8,1]
[4096,3584,1680,511,105,14,1]
[4096,-1792,928,-221,58,-7,1]
[256,0,144,8,47,2,9,0,1]
[14641,-3025,345,-25,1]
[4096,1088,195,17,1]
[4096,-1792,304,-41,19,-7,1]
[729,-243,108,-10,12,-3,1]
[256,192,128,60,23,15,8,3,1]
[15625,-500,-64,-4,1]
[256,-256,160,-104,65,-26,10,-4,1]
[4096,512,-16,-59,-1,2,1]
[4096,2048,832,251,52,8,1]
[4096,1024,624,91,39,4,1]
[15625,-2000,309,-16,1]
[256,-320,192,-132,85,-33,12,-5,1]
[256,-192,224,-108,77,-27,14,-3,1]
[256,128,64,4,-3,1,4,2,1]
[64,16,8,5,2,1,1]
[15625,1375,16,11,1]
[4096,2304,288,-19,18,9,1]
[256,384,192,-8,-39,-2,12,6,1]
[256,64,-80,-16,11,-4,-5,1,1]
[16384,-1792,239,-14,1]
[729,81,54,35,6,1,1]
[256,256,128,92,63,23,8,4,1]
[14641,-1452,203,-12,1]
[4096,768,-128,-131,-8,3,1]
[6561,-1458,209,-18,1]
[14641,-363,-114,-3,1]
[14641,-1573,45,-13,1]
[4096,-768,256,-75,16,-3,1]
[4096,-256,128,-37,8,-1,1]
[15625,500,109,4,1]
[6561,405,11,5,1]
[729,54,29,2,1]
[14641,-242,-78,-2,1]
[4096,-768,-32,33,-2,-3,1]
[15625,1125,241,9,1]
[256,192,16,32,41,8,1,3,1]
[4096,-1024,-64,33,-4,-4,1]
[6561,243,56,3,1]
[6561,-891,128,-11,1]
[4096,256,208,-17,13,1,1]
[14641,2904,366,24,1]
[14641,-605,-86,-5,1]
[14641,-1089,-9,-9,1]
[729,-81,81,-19,9,-1,1]
[15625,-1750,192,-14,1]
[256,64,16,40,17,10,1,1,1]
[4096,-512,-144,69,-9,-2,1]
[4096,-1024,-48,83,-3,-4,1]
[4096,512,448,37,28,2,1]
[15625,4250,536,34,1]
[256,128,96,36,23,9,6,2,1]
[512,320,176,63,22,5,1]
[4096,-1024,528,-115,33,-4,1]
[4096,1024,176,-25,11,4,1]
[14641,-2420,207,-20,1]
[256,-128,32,44,-31,11,2,-2,1]
[729,486,297,106,33,6,1]
[4096,-768,0,23,0,-3,1]
[256,128,16,-20,-19,-5,1,2,1]
[256,-320,240,-148,79,-37,15,-5,1]
[729,-162,54,-40,6,-2,1]
[512,448,256,99,32,7,1]
[2401,-49,-1,-1,1]
[256,-192,48,-8,3,-2,3,-3,1]
[14641,363,-138,3,1]
[4096,-1024,160,-49,10,-4,1]
[4096,1024,-64,-47,-4,4,1]
[14641,-1573,177,-13,1]
[729,-648,243,-71,27,-8,1]
[256,0,64,-24,9,-6,4,0,1]
[4096,-1536,496,-115,31,-6,1]
[4096,768,352,71,22,3,1]
[14641,1815,206,15,1]
[256,0,-80,-4,33,-1,-5,0,1]
[4096,512,560,61,35,2,1]
[512,320,112,27,14,5,1]
[16384,1024,111,8,1]
[4096,-1024,-80,45,-5,-4,1]
[16384,384,141,3,1]
[4096,1024,480,133,30,4,1]
[14641,484,47,4,1]
[15625,-1250,177,-10,1]
[15625,375,81,3,1]
[15625,-3375,393,-27,1]
[4096,-1280,96,-9,6,-5,1]
[6561,-405,73,-5,1]
[256,0,-96,4,35,1,-6,0,1]
[15625,-3625,412,-29,1]
[4096,512,-160,-51,-10,2,1]
[256,256,48,-48,-37,-12,3,4,1]
[256,-64,80,-12,21,-3,5,-1,1]
[4096,-1024,-80,55,-5,-4,1]
[2401,49,-59,1,1]
[4096,-768,-64,77,-4,-3,1]
[256,-128,64,-20,19,-5,4,-2,1]
[14641,2299,256,19,1]
[729,-81,81,-41,9,-1,1]
[256,0,96,12,17,3,6,0,1]
[4096,-512,-224,61,-14,-2,1]
[4096,-1792,304,-29,19,-7,1]
[256,64,112,20,33,5,7,1,1]
[4096,-512,384,-83,24,-2,1]
[14641,1573,152,13,1]
[512,192,-16,-33,-2,3,1]
[16384,-2048,127,-16,1]
[4096,-256,16,57,1,-1,1]
[256,128,96,36,17,9,6,2,1]
[512,384,224,89,28,6,1]
[6561,-162,-113,-2,1]
[4096,-768,-32,1,-2,-3,1]
[4096,2560,1024,283,64,10,1]
[14641,-2178,228,-18,1]
[729,-162,135,-17,15,-2,1]
[4096,-2816,1072,-303,67,-11,1]
[14641,-968,192,-8,1]
[512,-192,16,-7,2,-3,1]
[256,0,16,0,1,0,1,0,1]
[6561,-1215,176,-15,1]
[4096,1280,496,125,31,5,1]
[14641,726,35,6,1]
[256,-128,48,-28,11,-7,3,-2,1]
[4096,-256,-224,35,-14,-1,1]
[4096,1024,240,117,15,4,1]
[4096,1792,880,211,55,7,1]
[4096,1536,96,-45,6,6,1]
[1024,128,67,4,1]
[6561,-324,-49,-4,1]
[15625,-875,244,-7,1]
[4096,1024,176,33,11,4,1]
[4096,1024,-144,-137,-9,4,1]
[256,64,-32,-16,-13,-4,-2,1,1]
[4096,768,224,93,14,3,1]
[14641,4235,532,35,1]
[4096,768,-192,-121,-12,3,1]
[256,-256,176,-100,59,-25,11,-4,1]
[15625,2875,331,23,1]
[256,-384,320,-208,115,-52,20,-6,1]
[4096,256,416,-5,26,1,1]
[4096,-2816,1120,-323,70,-11,1]
[729,-243,108,-22,12,-3,1]
[729,162,45,-22,5,2,1]
[4096,3072,1392,405,87,12,1]
[16384,512,83,4,1]
[15625,-1500,207,-12,1]
[4096,-512,-128,81,-8,-2,1]
[15625,500,-141,4,1]
[256,0,32,28,9,7,2,0,1]
[4096,768,0,-63,0,3,1]
[4096,-1280,496,-141,31,-5,1]
[4096,-1536,352,-99,22,-6,1]
[512,0,-40,-13,-5,0,1]
[4096,0,-64,-21,-4,0,1]
[15625,1750,273,14,1]
[256,-128,128,-48,39,-12,8,-2,1]
[14641,1210,223,10,1]
[256,-128,0,20,-3,5,0,-2,1]
[6561,648,80,8,1]
[256,256,144,56,27,14,9,4,1]
[512,64,80,-3,10,1,1]
[15625,2125,227,17,1]
[729,162,207,37,23,2,1]
[6561,162,91,2,1]
[256,256,224,144,79,36,14,4,1]
[14641,2662,257,22,1]
[256,-128,32,-44,33,-11,2,-2,1]
[15625,3125,338,25,1]
[4096,-2048,768,-231,48,-8,1]
[4096,256,400,39,25,1,1]
[512,128,-16,-9,-2,2,1]
[16384,1280,51,10,1]
[4096,1792,688,171,43,7,1]
[4096,-1280,-96,127,-6,-5,1]
[4096,2048,528,133,33,8,1]
[256,0,96,8,17,2,6,0,1]
[729,-81,144,-2,16,-1,1]
[16384,-512,-63,-4,1]
[64,0,0,1,0,0,1]
[16384,-384,-133,-3,1]
[256,192,48,-20,-19,-5,3,3,1]
[14641,-484,225,-4,1]
[4096,-256,320,-43,20,-1,1]
[4096,0,-32,5,-2,0,1]
[14641,1331,186,11,1]
[729,-243,198,-52,22,-3,1]
[4096,-256,0,51,0,-1,1]
[1024,-96,-5,-3,1]
[14641,1089,145,9,1]
[256,-192,80,-28,17,-7,5,-3,1]
[15625,-2750,323,-22,1]
[512,-384,120,-31,15,-6,1]
[2401,-147,61,-3,1]
[729,243,126,47,14,3,1]
[4096,1792,624,175,39,7,1]
[4096,-256,96,15,6,-1,1]
[512,-256,72,-29,9,-4,1]
[4096,768,224,65,14,3,1]
[256,64,112,76,25,19,7,1,1]
[4096,1024,32,-63,2,4,1]
[4096,1536,-96,-123,-6,6,1]
[4096,-1024,608,-93,38,-4,1]
[4096,256,448,55,28,1,1]
[729,-567,324,-122,36,-7,1]
[729,162,180,26,20,2,1]
[15625,1000,-53,8,1]
[256,64,16,-20,-3,-5,1,1,1]
[6561,-405,103,-5,1]
[4096,256,512,5,32,1,1]
[256,-128,112,-44,35,-11,7,-2,1]
[14641,-968,169,-8,1]
[6561,-567,25,-7,1]
[15625,500,-2,4,1]
[4096,1024,48,-7,3,4,1]
[4096,-1536,528,-145,33,-6,1]
[729,81,36,31,4,1,1]
[4096,-1024,336,-73,21,-4,1]
[4096,0,-96,-53,-6,0,1]
[4096,3072,1376,417,86,12,1]
[2401,-49,-83,-1,1]
[256,128,-32,-12,13,-3,-2,2,1]
[16384,-1024,-39,-8,1]
[4096,-4352,2240,-703,140,-17,1]
[14641,1331,63,11,1]
[4096,1024,-208,-121,-13,4,1]
[4096,-1536,32,55,2,-6,1]
[4096,2048,400,61,25,8,1]
[4096,-1024,256,-51,16,-4,1]
[4096,512,288,107,18,2,1]
[729,-243,-45,59,-5,-3,1]
[256,320,320,224,125,56,20,5,1]
[512,128,0,5,0,2,1]
[4096,-1536,480,-113,30,-6,1]
[15625,2250,318,18,1]
[4096,-448,13,-7,1]
[14641,-1452,190,-12,1]
[4096,-256,720,-29,45,-1,1]
[729,162,144,41,16,2,1]
[256,-64,64,-40,1,-10,4,-1,1]
[2401,-147,48,-3,1]
[6561,-1782,259,-22,1]
[729,486,198,73,22,6,1]
[4096,-256,64,79,4,-1,1]
[256,-64,32,-12,-5,-3,2,-1,1]
[16384,-2176,245,-17,1]
[4096,-2560,992,-303,62,-10,1]
[4096,-960,121,-15,1]
[4096,512,144,-33,9,2,1]
[4096,1536,560,157,35,6,1]
[729,-405,153,-49,17,-5,1]
[15625,125,74,1,1]
[4096,4096,2032,625,127,16,1]
[4096,0,112,13,7,0,1]
[15625,-3375,373,-27,1]
[4096,192,99,3,1]
[4096,768,64,3,4,3,1]
[4096,-1024,128,11,8,-4,1]
[4096,3072,1152,311,72,12,1]
[256,256,160,68,25,17,10,4,1]
[4096,-768,256,-69,16,-3,1]
[15625,1500,167,12,1]
[14641,-1573,107,-13,1]
[6561,324,25,4,1]
[729,324,108,29,12,4,1]
[4096,-1280,400,-53,25,-5,1]
[15625,3000,342,24,1]
[4096,256,-16,-15,-1,1,1]
[4096,-768,448,-105,28,-3,1]
[512,-128,72,-37,9,-2,1]
[15625,4000,474,32,1]
[15625,1375,146,11,1]
[4096,1024,96,-5,6,4,1]
[4096,-768,304,-97,19,-3,1]
[4096,3072,1264,369,79,12,1]
[2401,294,102,6,1]
[729,-162,90,-10,10,-2,1]
[15625,-4375,552,-35,1]
[4096,-512,208,33,13,-2,1]
[16384,1536,281,12,1]
[4096,1792,192,-7,12,7,1]
[15625,-375,-92,-3,1]
[4096,1024,-16,-17,-1,4,1]
[4096,-256,16,25,1,-1,1]
[4096,512,-112,-53,-7,2,1]
[4096,256,-32,-1,-2,1,1]
[4096,-512,288,-87,18,-2,1]
[6561,-567,-17,-7,1]
[4096,-1024,560,-119,35,-4,1]
[2401,49,59,1,1]
[15625,250,12,2,1]
[729,-729,423,-163,47,-9,1]
[256,-64,80,-8,7,-2,5,-1,1]
[256,64,48,20,-7,5,3,1,1]
[4096,-256,112,-39,7,-1,1]
[14641,605,232,5,1]
[4096,2304,896,269,56,9,1]
[512,0,16,-29,2,0,1]
[256,64,144,24,45,6,9,1,1]
[4096,0,400,-13,25,0,1]
[14641,-2178,201,-18,1]
[4096,-4352,2144,-655,134,-17,1]
[4096,-256,128,-33,8,-1,1]
[729,162,36,41,4,2,1]
[15625,500,-1,4,1]
[256,-128,96,-24,23,-6,6,-2,1]
[4096,512,288,13,18,2,1]
[16384,640,251,5,1]
[729,270,68,10,1]
[4096,1536,432,149,27,6,1]
[512,-64,24,-45,3,-1,1]
[256,0,-64,0,9,0,-4,0,1]
[4096,-1280,80,-1,5,-5,1]
[4096,1280,336,61,21,5,1]
[14641,484,161,4,1]
[4096,1280,512,97,32,5,1]
[4096,-1792,704,-193,44,-7,1]
[4096,512,48,63,3,2,1]
[4096,-1792,624,-207,39,-7,1]
[2401,-539,110,-11,1]
[15625,250,18,2,1]
[4096,2816,1120,329,70,11,1]
[14641,1089,169,9,1]
[256,64,48,24,29,6,3,1,1]
[4096,-2048,720,-201,45,-8,1]
[14641,3751,458,31,1]
[2401,686,138,14,1]
[256,64,96,76,19,19,6,1,1]
[4096,256,117,4,1]
[14641,726,45,6,1]
[4096,1280,336,135,21,5,1]
[15625,500,159,4,1]
[64,16,12,3,3,1,1]
[14641,-1936,270,-16,1]
[256,-64,112,-24,39,-6,7,-1,1]
[14641,-1331,202,-11,1]
[512,512,256,97,32,8,1]
[256,0,64,16,25,4,4,0,1]
[512,-192,48,9,6,-3,1]
[14641,-363,-93,-3,1]
[16384,-1664,143,-13,1]
[6561,-729,46,-9,1]
[2401,-343,22,-7,1]
[729,-486,306,-110,34,-6,1]
[729,-567,297,-103,33,-7,1]
[256,64,48,-28,1,-7,3,1,1]
[4096,-768,192,-19,12,-3,1]
[14641,-484,129,-4,1]
[256,64,16,32,21,8,1,1,1]
[729,243,45,22,5,3,1]
[4096,-768,448,-69,28,-3,1]
[512,256,-24,-45,-3,4,1]
[4096,1280,512,119,32,5,1]
[14641,-1210,169,-10,1]
[6561,-567,119,-7,1]
[4096,3072,1360,413,85,12,1]
[14641,726,15,6,1]
[256,-256,144,-12,-5,-3,9,-4,1]
[4096,384,71,6,1]
[4096,0,0,-21,0,0,1]
[14641,1573,130,13,1]
[14641,1089,-13,9,1]
[256,0,-144,0,51,0,-9,0,1]
[14641,-242,141,-2,1]
[4096,-256,368,-3,23,-1,1]
[2401,147,40,3,1]
[4096,0,-73,0,1]
[14641,-484,76,-4,1]
[4096,1024,224,71,14,4,1]
[4096,1280,32,-69,2,5,1]
[4096,-1280,464,-131,29,-5,1]
[729,-648,351,-128,39,-8,1]
[256,-256,80,48,-49,12,5,-4,1]
[6561,-648,116,-8,1]
[4096,512,384,79,24,2,1]
[729,-162,18,2,2,-2,1]
[729,-567,261,-94,29,-7,1]
[4096,2048,688,197,43,8,1]
[16384,0,131,0,1]
[512,64,40,13,5,1,1]
[4096,256,208,17,13,1,1]
[4096,-1024,352,-63,22,-4,1]
[256,-64,48,4,11,1,3,-1,1]
[4096,-512,-192,79,-12,-2,1]
[512,320,96,33,12,5,1]
[256,-64,112,-40,27,-10,7,-1,1]
[4096,1024,160,-37,10,4,1]
[256,-192,144,-84,53,-21,9,-3,1]
[15625,1125,103,9,1]
[15625,-2250,157,-18,1]
[15625,250,-197,2,1]
[729,270,58,10,1]
[2401,147,-55,3,1]
[4096,1024,240,17,15,4,1]
[256,128,128,72,45,18,8,2,1]
[15625,2750,318,22,1]
[4096,768,416,53,26,3,1]
[14641,-1452,38,-12,1]
[14641,-121,102,-1,1]
[15625,2500,304,20,1]
[14641,2904,291,24,1]
[64,80,60,33,15,5,1]
[4096,-512,464,-17,29,-2,1]
[4096,128,-85,2,1]
[14641,3630,435,30,1]
[256,0,-16,-8,25,-2,-1,0,1]
[4096,-2560,816,-211,51,-10,1]
[2401,1127,226,23,1]
[15625,1125,188,9,1]
[14641,-4356,552,-36,1]
[256,-64,112,-52,35,-13,7,-1,1]
[512,128,56,31,7,2,1]
[4096,-1280,240,-53,15,-5,1]
[4096,-512,160,-27,10,-2,1]
[4096,512,560,73,35,2,1]
[4096,0,352,23,22,0,1]
[14641,1815,277,15,1]
[256,0,48,4,29,1,3,0,1]
[4096,-2304,1024,-287,64,-9,1]
[4096,2560,928,247,58,10,1]
[4096,-1536,-144,145,-9,-6,1]
[729,-405,-36,64,-4,-5,1]
[2401,-588,117,-12,1]
[729,162,54,-14,6,2,1]
[2401,0,-36,0,1]
[16384,-640,235,-5,1]
[256,64,32,16,-3,4,2,1,1]
[729,-324,36,13,4,-4,1]
[4096,-256,-64,-25,-4,-1,1]
[729,-162,63,-4,7,-2,1]
[4096,0,112,83,7,0,1]
[4096,256,192,47,12,1,1]
[729,162,36,10,4,2,1]
[4096,1280,336,55,21,5,1]
[14641,0,38,0,1]
[4096,2048,768,251,48,8,1]
[4096,768,320,29,20,3,1]
[14641,-3267,362,-27,1]
[4096,1792,192,-9,12,7,1]
[2401,-196,38,-4,1]
[15625,-125,91,-1,1]
[14641,1210,247,10,1]
[4096,-1024,-160,101,-10,-4,1]
[4096,1280,336,37,21,5,1]
[14641,0,-163,0,1]
[15625,-750,234,-6,1]
[15625,2500,237,20,1]
[4096,2048,848,219,53,8,1]
[4096,-512,-32,95,-2,-2,1]
[4096,-1792,880,-207,55,-7,1]
[14641,-3025,357,-25,1]
[16384,2176,249,17,1]
[4096,-1024,112,35,7,-4,1]
[4096,256,96,45,6,1,1]
[256,144,41,9,1]
[2401,-98,-53,-2,1]
[15625,1250,29,10,1]
[4096,0,80,99,5,0,1]
[4096,512,272,13,17,2,1]
[729,648,288,100,32,8,1]
[4096,1024,-112,-71,-7,4,1]
[6561,810,179,10,1]
[729,-54,31,-2,1]
[6561,1377,190,17,1]
[729,-216,52,-8,1]
[2401,-490,57,-10,1]
[16384,-768,87,-6,1]
[16384,1920,89,15,1]
[729,324,27,-7,3,4,1]
[16384,-640,-113,-5,1]
[4096,-1792,752,-219,47,-7,1]
[4096,-1024,624,-131,39,-4,1]
[14641,-363,-109,-3,1]
[729,0,90,-5,10,0,1]
[4096,-256,416,-15,26,-1,1]
[4096,0,96,19,6,0,1]
[2401,735,142,15,1]
[729,243,9,-16,1,3,1]
[14641,726,175,6,1]
[4096,-256,-48,91,-3,-1,1]
[729,405,-27,-58,-3,5,1]
[4096,-512,-112,115,-7,-2,1]
[256,64,96,40,31,10,6,1,1]
[14641,1452,34,12,1]
[256,-64,128,-16,31,-4,8,-1,1]
[256,64,32,12,-9,3,2,1,1]
[256,64,-16,-16,1,-4,-1,1,1]
[64,8,-1,1,1]
[256,64,32,48,17,12,2,1,1]
[15625,1125,74,9,1]
[4096,3072,1360,405,85,12,1]
[15625,-625,101,-5,1]
[729,189,59,7,1]
[1024,32,1,1,1]
[15625,-750,-13,-6,1]
[512,128,40,31,5,2,1]
[4096,1280,-48,-63,-3,5,1]
[15625,2750,309,22,1]
[4096,256,112,-21,7,1,1]
[4096,512,32,-17,2,2,1]
[16384,128,151,1,1]
[16384,2688,287,21,1]
[14641,363,175,3,1]
[14641,-1815,259,-15,1]
[14641,-2541,282,-21,1]
[6561,81,5,1,1]
[15625,-3500,436,-28,1]
[4096,-1280,256,-77,16,-5,1]
[4096,-192,57,-3,1]
[256,128,0,28,33,7,0,2,1]
[4096,-2560,768,-179,48,-10,1]
[4096,-512,-96,81,-6,-2,1]
[14641,121,28,1,1]
[256,-128,64,-28,7,-7,4,-2,1]
[4096,2304,1056,293,66,9,1]
[4096,-256,96,-43,6,-1,1]
[4096,2048,432,57,27,8,1]
[4096,-1536,544,-147,34,-6,1]
[256,0,80,20,25,5,5,0,1]
[14641,-2057,223,-17,1]
[256,64,32,-20,5,-5,2,1,1]
[4096,-1792,832,-223,52,-7,1]
[15625,1500,39,12,1]
[15625,2250,168,18,1]
[729,-324,216,-67,24,-4,1]
[4096,-2048,592,-155,37,-8,1]
[729,81,117,-7,13,1,1]
[64,-32,7,-4,1]
[16384,512,197,4,1]
[15625,-2625,344,-21,1]
[256,0,16,-4,-19,-1,1,0,1]
[4096,1536,432,113,27,6,1]
[4096,-768,-32,-3,-2,-3,1]
[14641,847,-45,7,1]
[4096,-768,-176,89,-11,-3,1]
[256,128,-16,-16,-1,-4,-1,2,1]
[256,128,160,52,45,13,10,2,1]
[15625,2750,281,22,1]
[4096,768,48,23,3,3,1]
[15625,125,-37,1,1]
[4096,-256,32,-57,2,-1,1]
[14641,-2299,212,-19,1]
[729,0,72,-26,8,0,1]
[4096,-512,-160,83,-10,-2,1]
[729,-1053,720,-299,80,-13,1]
[729,405,90,23,10,5,1]
[4096,1024,48,-33,3,4,1]
[16384,-2048,149,-16,1]
[4096,-256,112,1,7,-1,1]
[6561,-243,110,-3,1]
[4096,-768,240,-143,15,-3,1]
[256,-192,160,-88,45,-22,10,-3,1]
[15625,-875,14,-7,1]
[512,-128,56,9,7,-2,1]
[15625,2000,211,16,1]
[6561,-729,50,-9,1]
[256,128,64,24,11,6,4,2,1]
[4096,-1024,736,-113,46,-4,1]
[4096,-512,224,19,14,-2,1]
[4096,512,464,29,29,2,1]
[4096,-256,352,-5,22,-1,1]
[4096,1024,48,-37,3,4,1]
[6561,891,95,11,1]
[256,0,-32,4,1,1,-2,0,1]
[4096,-512,480,-81,30,-2,1]
[4096,128,123,2,1]
[14641,363,162,3,1]
[4096,1280,240,25,15,5,1]
[15625,-375,12,-3,1]
[4096,1536,416,71,26,6,1]
[14641,-2057,141,-17,1]
[14641,363,-10,3,1]
[15625,1625,113,13,1]
[729,-162,207,-37,23,-2,1]
[512,192,184,43,23,3,1]
[4096,0,-96,-27,-6,0,1]
[16384,-512,253,-4,1]
[512,-128,-8,7,-1,-2,1]
[16384,0,55,0,1]
[6561,972,70,12,1]
[4096,-1280,304,-47,19,-5,1]
[14641,0,230,0,1]
[4096,-512,288,-15,18,-2,1]
[14641,-242,131,-2,1]
[729,-81,90,14,10,-1,1]
[16384,-1024,215,-8,1]
[15625,375,78,3,1]
[4096,-512,192,-15,12,-2,1]
[16384,2304,155,18,1]
[729,-405,117,-37,13,-5,1]
[256,-256,144,-64,33,-16,9,-4,1]
[6561,324,-58,4,1]
[14641,363,-169,3,1]
[14641,1331,164,11,1]
[4096,-256,400,15,25,-1,1]
[256,-256,160,-72,39,-18,10,-4,1]
[15625,2250,312,18,1]
[256,-64,0,-4,9,-1,0,-1,1]
[256,-64,48,-32,27,-8,3,-1,1]
[729,-54,-23,-2,1]
[6561,-486,116,-6,1]
[4096,1792,512,105,32,7,1]
[14641,-1573,65,-13,1]
[729,-243,90,-28,10,-3,1]
[625,75,28,3,1]
[4096,-512,-80,-5,-5,-2,1]
[729,243,18,-5,2,3,1]
[4096,1280,16,-43,1,5,1]
[512,256,144,57,18,4,1]
[256,-64,-64,4,17,1,-4,-1,1]
[4096,1024,528,79,33,4,1]
[4096,768,128,63,8,3,1]
[4096,256,176,53,11,1,1]
[4096,1024,-176,-141,-11,4,1]
[14641,2662,344,22,1]
[2401,-147,3,-3,1]
[2401,245,-13,5,1]
[4096,-1280,336,-27,21,-5,1]
[256,-128,0,4,3,1,0,-2,1]
[16384,1024,-39,8,1]
[4096,-512,416,-59,26,-2,1]
[14641,726,37,6,1]
[16384,-2432,203,-19,1]
[4096,-1024,272,-15,17,-4,1]
[256,64,16,-16,7,-4,1,1,1]
[4096,-768,208,21,13,-3,1]
[15625,375,-67,3,1]
[4096,-64,-65,-1,1]
[16384,-1536,211,-12,1]
[4096,-2560,1040,-317,65,-10,1]
[4096,1280,96,-43,6,5,1]
[16384,128,-149,1,1]
[15625,-625,-51,-5,1]
[14641,-1331,7,-11,1]
[4096,512,-64,-3,-4,2,1]
[16384,640,-29,5,1]
[16384,-2304,321,-18,1]
[256,-64,96,-12,21,-3,6,-1,1]
[4096,-1344,217,-21,1]
[16384,256,235,2,1]
[4096,-1280,-208,147,-13,-5,1]
[2401,-539,123,-11,1]
[16384,-640,-41,-5,1]
[16384,-2560,315,-20,1]
[729,729,396,154,44,9,1]
[4096,-256,48,-53,3,-1,1]
[15625,750,172,6,1]
[729,0,9,5,1,0,1]
[4096,-1280,96,43,6,-5,1]
[14641,-1331,114,-11,1]
[2401,-98,-15,-2,1]
[14641,-1694,201,-14,1]
[4096,-256,544,-29,34,-1,1]
[4096,-512,496,-45,31,-2,1]
[4096,-256,0,-71,0,-1,1]
[6561,-405,-16,-5,1]
[4096,-256,384,5,24,-1,1]
[729,81,72,14,8,1,1]
[512,-128,152,-27,19,-2,1]
[512,-256,112,-57,14,-4,1]
[4096,1280,192,-17,12,5,1]
[4096,-512,-112,123,-7,-2,1]
[256,320,240,128,67,32,15,5,1]
[6561,-810,118,-10,1]
[2401,-245,72,-5,1]
[256,0,-48,16,9,4,-3,0,1]
[4096,0,0,25,0,0,1]
[1024,-256,67,-8,1]
[256,64,-32,8,15,2,-2,1,1]
[4096,0,176,65,11,0,1]
[15625,-4125,521,-33,1]
[4096,-2048,880,-249,55,-8,1]
[256,-192,48,-20,19,-5,3,-3,1]
[15625,-1250,69,-10,1]
[256,192,64,52,37,13,4,3,1]
[14641,-1573,258,-13,1]
[729,-162,144,-19,16,-2,1]
[512,-384,216,-89,27,-6,1]
[14641,1694,207,14,1]
[256,-192,64,-16,7,-4,4,-3,1]
[15625,-625,-31,-5,1]
[256,0,64,-44,3,-11,4,0,1]
[256,64,32,0,1,0,2,1,1]
[16384,-1920,215,-15,1]
[729,486,72,-7,8,6,1]
[14641,2057,213,17,1]
[729,0,63,-13,7,0,1]
[256,64,16,-4,-17,-1,1,1,1]
[729,-162,135,-28,15,-2,1]
[256,0,48,8,3,2,3,0,1]
[4096,0,-160,-15,-10,0,1]
[256,128,96,52,23,13,6,2,1]
[729,-567,270,-106,30,-7,1]
[4096,1536,768,191,48,6,1]
[729,-324,153,-59,17,-4,1]
[4096,-1024,336,-61,21,-4,1]
[256,256,208,120,69,30,13,4,1]
[512,-256,88,-41,11,-4,1]
[256,-384,240,-64,11,-16,15,-6,1]
[2401,-196,-20,-4,1]
[256,64,64,32,11,8,4,1,1]
[4096,-1792,384,-95,24,-7,1]
[4096,768,512,57,32,3,1]
[15625,-1625,62,-13,1]
[4096,512,208,77,13,2,1]
[4096,256,32,1,2,1,1]
[729,486,126,26,14,6,1]
[1024,256,39,8,1]
[4096,-768,-112,71,-7,-3,1]
[256,-64,32,24,3,6,2,-1,1]
[256,-192,176,-112,61,-28,11,-3,1]
[729,-243,9,23,1,-3,1]
[14641,-2178,177,-18,1]
[4096,1280,640,117,40,5,1]
[256,64,-16,-8,3,-2,-1,1,1]
[14641,0,-14,0,1]
[512,-192,40,-5,5,-3,1]
[6561,-1296,169,-16,1]
[4096,0,320,47,20,0,1]
[729,-108,2,-4,1]
[14641,-847,124,-7,1]
[14641,-2178,270,-18,1]
[4096,256,560,29,35,1,1]
[15625,-1000,186,-8,1]
[729,270,73,10,1]
[4096,-1536,336,-73,21,-6,1]
[4096,-256,368,25,23,-1,1]
[256,-64,80,-48,17,-12,5,-1,1]
[6561,486,-47,6,1]
[729,-162,18,-13,2,-2,1]
[256,-256,80,16,-23,4,5,-4,1]
[6561,810,71,10,1]
[256,-64,80,12,7,3,5,-1,1]
[4096,-1024,32,57,2,-4,1]
[14641,2420,333,20,1]
[4096,1280,768,149,48,5,1]
[256,-48,-7,-3,1]
[4096,-2816,1040,-283,65,-11,1]
[4096,768,432,73,27,3,1]
[15625,875,72,7,1]
[4096,256,32,-37,2,1,1]
[256,-256,176,-112,61,-28,11,-4,1]
[4096,1280,-32,-103,-2,5,1]
[4096,-640,119,-10,1]
[14641,-1089,107,-9,1]
[4096,-1792,480,-141,30,-7,1]
[15625,-625,-29,-5,1]
[1024,-288,73,-9,1]
[4096,-1024,480,-83,30,-4,1]
[2401,-49,53,-1,1]
[4096,-768,304,-9,19,-3,1]
[4096,-1792,656,-155,41,-7,1]
[4096,-768,320,-9,20,-3,1]
[14641,2662,298,22,1]
[14641,-2662,301,-22,1]
[256,192,48,0,-5,0,3,3,1]
[512,384,224,85,28,6,1]
[512,128,56,19,7,2,1]
[4096,2048,480,85,30,8,1]
[15625,3125,328,25,1]
[16384,-2688,305,-21,1]
[4096,-4096,2048,-635,128,-16,1]
[14641,-242,-166,-2,1]
[256,128,64,-20,-5,-5,4,2,1]
[64,-80,60,-35,15,-5,1]
[4096,-1792,848,-215,53,-7,1]
[14641,-726,190,-6,1]
[14641,-363,79,-3,1]
[4096,2560,1120,325,70,10,1]
[4096,256,79,4,1]
[4096,-1280,-176,147,-11,-5,1]
[256,0,-16,-16,9,-4,-1,0,1]
[15625,2000,249,16,1]
[256,64,64,4,-1,1,4,1,1]
[6561,729,128,9,1]
[15625,0,-82,0,1]
[2401,245,-10,5,1]
[256,-192,96,-8,-5,-2,6,-3,1]
[14641,0,-53,0,1]
[625,-250,52,-10,1]
[256,0,-32,-20,15,-5,-2,0,1]
[4096,1536,608,157,38,6,1]
[14641,-1210,214,-10,1]
[4096,0,119,0,1]
[256,-128,48,-20,-1,-5,3,-2,1]
[15625,2000,177,16,1]
[256,320,160,60,29,15,10,5,1]
[6561,162,65,2,1]
[15625,-875,249,-7,1]
[15625,-375,101,-3,1]
[4096,768,304,133,19,3,1]
[2401,196,23,4,1]
[4096,256,384,7,24,1,1]
[4096,0,320,-7,20,0,1]
[2401,245,15,5,1]
[15625,-1625,69,-13,1]
[256,320,224,124,67,31,14,5,1]
[2401,-294,58,-6,1]
[256,0,64,-12,19,-3,4,0,1]
[4096,512,64,-67,4,2,1]
[729,-81,19,-3,1]
[4096,3072,1344,415,84,12,1]
[4096,1280,128,-31,8,5,1]
[4096,-1792,496,-131,31,-7,1]
[15625,750,233,6,1]
[4096,512,240,15,15,2,1]
[4096,-2048,736,-213,46,-8,1]
[4096,1024,191,16,1]
[256,-64,80,-40,25,-10,5,-1,1]
[625,-125,53,-5,1]
[4096,768,224,87,14,3,1]
[4096,-768,192,-45,12,-3,1]
[15625,-1375,92,-11,1]
[2401,98,76,2,1]
[4096,-2048,768,-195,48,-8,1]
[729,-405,117,-23,13,-5,1]
[16384,-3456,437,-27,1]
[729,-405,216,-74,24,-5,1]
[4096,-1536,272,-35,17,-6,1]
[4096,-2304,480,-73,30,-9,1]
[4096,2304,544,103,34,9,1]
[14641,-4114,508,-34,1]
[256,-64,-16,0,1,0,-1,-1,1]
[4096,0,144,-71,9,0,1]
[729,135,29,5,1]
[14641,-2299,240,-19,1]
[15625,-1000,108,-8,1]
[14641,2420,326,20,1]
[729,81,18,-25,2,1,1]
[512,192,24,3,3,3,1]
[2401,-245,103,-5,1]
[16384,2816,285,22,1]
[4096,256,0,91,0,1,1]
[256,-192,224,-104,75,-26,14,-3,1]
[14641,-3509,412,-29,1]
[256,0,80,16,25,4,5,0,1]
[729,-486,270,-97,30,-6,1]
[256,-256,192,-132,77,-33,12,-4,1]
[4096,-256,-192,43,-12,-1,1]
[4096,-256,256,31,16,-1,1]
[4096,-512,32,21,2,-2,1]
[4096,-768,128,-71,8,-3,1]
[6561,891,119,11,1]
[4096,1024,240,-7,15,4,1]
[4096,512,192,73,12,2,1]
[14641,-2178,273,-18,1]
[4096,512,208,-9,13,2,1]
[256,256,128,20,-1,5,8,4,1]
[4096,256,-64,-105,-4,1,1]
[256,0,-29,0,1]
[729,81,-18,-43,-2,1,1]
[256,0,-16,0,23,0,-1,0,1]
[14641,-2541,335,-21,1]
[4096,1024,256,47,16,4,1]
[4096,-2048,944,-255,59,-8,1]
[4096,-256,224,13,14,-1,1]
[4096,-2048,864,-241,54,-8,1]
[4096,1536,672,153,42,6,1]
[16384,-128,-187,-1,1]
[729,-243,-9,8,-1,-3,1]
[4096,-1536,688,-153,43,-6,1]
[14641,242,170,2,1]
[6561,-1944,281,-24,1]
[14641,-2178,155,-18,1]
[15625,-3250,358,-26,1]
[16384,384,107,3,1]
[256,256,192,132,69,33,12,4,1]
[4096,-64,1,-1,1]
[256,256,176,108,59,27,11,4,1]
[4096,1024,288,5,18,4,1]
[16384,384,239,3,1]
[16384,2688,233,21,1]
[4096,-1280,400,-47,25,-5,1]
[16384,-2560,339,-20,1]
[2401,98,59,2,1]
[15625,625,-56,5,1]
[15625,1875,171,15,1]
[4096,0,400,13,25,0,1]
[16384,1664,225,13,1]
[256,448,352,168,73,42,22,7,1]
[16384,1024,207,8,1]
[4096,512,144,85,9,2,1]
[14641,-726,10,-6,1]
[256,128,-48,0,27,0,-3,2,1]
[4096,-1024,-160,143,-10,-4,1]
[4096,-768,704,-85,44,-3,1]
[4096,1280,448,127,28,5,1]
[4096,0,352,-25,22,0,1]
[4096,512,592,49,37,2,1]
[4096,0,-80,39,-5,0,1]
[14641,1210,94,10,1]
[4096,-2304,576,-105,36,-9,1]
[16384,-2304,247,-18,1]
[256,128,96,40,33,10,6,2,1]
[4096,-512,32,-75,2,-2,1]
[4096,512,368,1,23,2,1]
[4096,2048,736,183,46,8,1]
[14641,1573,73,13,1]
[256,-64,16,-16,7,-4,1,-1,1]
[4096,-768,240,-59,15,-3,1]
[15625,-1500,137,-12,1]
[16384,2944,351,23,1]
[256,-64,32,32,-9,8,2,-1,1]
[4096,1024,384,147,24,4,1]
[4096,1024,-176,-127,-11,4,1]
[4096,-2048,384,-39,24,-8,1]
[512,-256,-16,37,-2,-4,1]
[4096,-1536,240,-51,15,-6,1]
[15625,2125,316,17,1]
[4096,-768,224,-81,14,-3,1]
[4096,1472,259,23,1]
[4096,512,528,71,33,2,1]
[729,405,243,83,27,5,1]
[14641,2662,331,22,1]
[14641,847,112,7,1]
[4096,-1280,496,-107,31,-5,1]
[4096,-256,288,-47,18,-1,1]
[4096,3072,1248,367,78,12,1]
[256,128,144,80,45,20,9,2,1]
[6561,-405,-32,-5,1]
[15625,3375,402,27,1]
[4096,-1536,352,-47,22,-6,1]
[4096,1536,288,15,18,6,1]
[512,0,-8,-13,-1,0,1]
[4096,0,464,9,29,0,1]
[4096,1024,384,133,24,4,1]
[4096,1280,608,121,38,5,1]
[4096,1536,624,137,39,6,1]
[4096,-768,208,-17,13,-3,1]
[4096,-2816,1360,-391,85,-11,1]
[4096,1024,752,125,47,4,1]
[15625,-875,74,-7,1]
[729,81,-9,14,-1,1,1]
[256,192,16,20,31,5,1,3,1]
[729,81,18,38,2,1,1]
[4096,-768,-80,73,-5,-3,1]
[729,-81,135,-2,15,-1,1]
[729,243,135,37,15,3,1]
[4096,1024,560,107,35,4,1]
[16384,2432,287,19,1]
[256,0,-80,12,25,3,-5,0,1]
[4096,-1280,544,-161,34,-5,1]
[4096,-768,48,-49,3,-3,1]
[256,320,176,44,9,11,11,5,1]
[14641,-242,-5,-2,1]
[4096,-2048,784,-231,49,-8,1]
[4096,1792,192,-17,12,7,1]
[256,-128,80,-48,13,-12,5,-2,1]
[6561,-324,161,-4,1]
[2401,588,104,12,1]
[4096,768,336,13,21,3,1]
[256,-128,96,-64,21,-16,6,-2,1]
[4096,512,48,-49,3,2,1]
[729,-135,46,-5,1]
[2401,-49,79,-1,1]
[729,-162,108,-28,12,-2,1]
[729,-324,144,-67,16,-4,1]
[14641,-968,-58,-8,1]
[4096,1024,-176,-135,-11,4,1]
[4096,-768,160,-97,10,-3,1]
[4096,1024,48,-57,3,4,1]
[256,64,-16,-32,-7,-8,-1,1,1]
[256,-64,80,12,13,3,5,-1,1]
[4096,768,-128,-63,-8,3,1]
[512,0,-8,37,-1,0,1]
[4096,-768,32,-27,2,-3,1]
[512,-320,200,-67,25,-5,1]
[4096,0,96,63,6,0,1]
[512,0,40,29,5,0,1]
[4096,256,96,1,6,1,1]
[256,-320,128,36,-51,9,8,-5,1]
[16384,1280,269,10,1]
[256,0,32,4,25,1,2,0,1]
[15625,3125,368,25,1]
[4096,-1280,560,-139,35,-5,1]
[729,162,108,1,12,2,1]
[729,648,261,80,29,8,1]
[15625,-2250,212,-18,1]
[4096,1024,480,103,30,4,1]
[14641,-726,137,-6,1]
[4096,2048,816,201,51,8,1]
[256,-384,352,-252,143,-63,22,-6,1]
[4096,-768,544,-69,34,-3,1]
[512,64,8,-3,1,1,1]
[256,64,112,0,27,0,7,1,1]
[14641,-1210,100,-10,1]
[4096,256,224,-9,14,1,1]
[14641,0,170,0,1]
[4096,512,208,9,13,2,1]
[729,-135,32,-5,1]
[4096,-1536,576,-175,36,-6,1]
[256,128,128,96,35,24,8,2,1]
[4096,-1024,272,-123,17,-4,1]
[729,243,153,53,17,3,1]
[4096,-512,176,-51,11,-2,1]
[729,-162,72,-47,8,-2,1]
[4096,1536,-192,-165,-12,6,1]
[729,-81,-27,-10,-3,-1,1]
[4096,3072,976,229,61,12,1]
[4096,1792,208,-23,13,7,1]
[4096,-3072,1120,-301,70,-12,1]
[2401,147,87,3,1]
[4096,-512,0,-45,0,-2,1]
[256,-128,160,-72,53,-18,10,-2,1]
[4096,1536,-16,-105,-1,6,1]
[14641,1452,120,12,1]
[4096,-256,-96,71,-6,-1,1]
[256,0,64,-12,21,-3,4,0,1]
[729,-81,-63,20,-7,-1,1]
[6561,810,167,10,1]
[14641,-484,117,-4,1]
[729,-243,108,-34,12,-3,1]
[15625,375,13,3,1]
[14641,-3267,424,-27,1]
[15625,-500,229,-4,1]
[625,0,32,0,1]
[15625,-625,11,-5,1]
[729,729,387,146,43,9,1]
[729,324,108,13,12,4,1]
[512,448,168,47,21,7,1]
[4096,2816,1200,345,75,11,1]
[729,-891,567,-232,63,-11,1]
[4096,-1024,32,55,2,-4,1]
[15625,625,102,5,1]
[1024,-288,67,-9,1]
[4096,-256,-192,15,-12,-1,1]
[16384,-1152,227,-9,1]
[14641,1815,160,15,1]
[4096,1536,512,119,32,6,1]
[4096,512,80,1,5,2,1]
[4096,768,-16,-53,-1,3,1]
[14641,1452,212,12,1]
[14641,-968,113,-8,1]
[14641,-2057,161,-17,1]
[4096,1024,16,5,1,4,1]
[16384,-896,259,-7,1]
[15625,-500,41,-4,1]
[14641,-2783,307,-23,1]
[2401,-294,31,-6,1]
[4096,-3072,1120,-293,70,-12,1]
[4096,512,96,-45,6,2,1]
[4096,2048,896,239,56,8,1]
[4096,256,-96,-61,-6,1,1]
[729,-486,261,-100,29,-6,1]
[625,100,38,4,1]
[14641,3025,351,25,1]
[4096,-256,240,27,15,-1,1]
[15625,-1750,144,-14,1]
[4096,512,688,55,43,2,1]
[4096,-3072,1456,-429,91,-12,1]
[4096,768,80,-69,5,3,1]
[4096,-256,576,-39,36,-1,1]
[14641,484,83,4,1]
[512,-192,64,-27,8,-3,1]
[729,162,153,37,17,2,1]
[729,81,-9,4,-1,1,1]
[4096,256,-16,59,-1,1,1]
[256,64,-80,-20,13,-5,-5,1,1]
[16384,3200,389,25,1]
[256,320,144,20,-3,5,9,5,1]
[16384,768,105,6,1]
[729,0,45,2,5,0,1]
[16384,-1792,207,-14,1]
[729,243,162,31,18,3,1]
[512,128,32,-17,4,2,1]
[4096,0,416,15,26,0,1]
[16384,3840,465,30,1]
[16384,2176,157,17,1]
[4096,-1024,480,-75,30,-4,1]
[16384,-2048,167,-16,1]
[4096,-1024,272,-71,17,-4,1]
[729,486,234,92,26,6,1]
[729,-243,108,-32,12,-3,1]
[16384,896,-81,7,1]
[15625,-2000,296,-16,1]
[4096,1536,80,-49,5,6,1]
[15625,-625,197,-5,1]
[4096,-1024,-176,129,-11,-4,1]
[4096,1536,96,-47,6,6,1]
[4096,768,32,25,2,3,1]
[4096,256,176,45,11,1,1]
[256,-192,160,-104,55,-26,10,-3,1]
[14641,847,215,7,1]
[729,-162,27,-17,3,-2,1]
[4096,512,96,19,6,2,1]
[16384,-128,117,-1,1]
[256,0,16,4,-9,1,1,0,1]
[729,-54,14,-2,1]
[512,64,32,-7,4,1,1]
[4096,512,-80,15,-5,2,1]
[729,0,18,-32,2,0,1]
[6561,-243,-98,-3,1]
[4096,512,-32,25,-2,2,1]
[256,-256,80,-12,7,-3,5,-4,1]
[4096,512,160,51,10,2,1]
[16384,4224,527,33,1]
[15625,-1250,-9,-10,1]
[256,0,-16,4,17,1,-1,0,1]
[15625,1375,213,11,1]
[4096,0,320,23,20,0,1]
[64,16,4,5,1,1,1]
[512,0,40,-3,5,0,1]
[15625,-1500,77,-12,1]
[729,-162,58,-6,1]
[14641,-2420,254,-20,1]
[729,81,189,19,21,1,1]
[64,-16,9,-2,1]
[256,128,-64,-28,9,-7,-4,2,1]
[14641,1694,174,14,1]
[4096,1280,368,117,23,5,1]
[14641,-2662,349,-22,1]
[256,-128,0,-20,31,-5,0,-2,1]
[6561,-324,-89,-4,1]
[2401,-1127,226,-23,1]
[4096,0,64,1,4,0,1]
[4096,-1536,624,-123,39,-6,1]
[4096,-256,192,37,12,-1,1]
[4096,256,128,75,8,1,1]
[4096,2304,784,211,49,9,1]
[15625,-2125,168,-17,1]
[4096,1792,400,71,25,7,1]
[14641,-484,41,-4,1]
[4096,2048,64,-101,4,8,1]
[256,-128,32,0,-7,0,2,-2,1]
[4096,-768,16,7,1,-3,1]
[4096,-2048,864,-253,54,-8,1]
[14641,2904,375,24,1]
[6561,-567,88,-7,1]
[14641,-242,230,-2,1]
[6561,-648,164,-8,1]
[729,-486,216,-73,24,-6,1]
[512,192,0,-17,0,3,1]
[512,128,88,31,11,2,1]
[4096,512,160,107,10,2,1]
[256,192,80,-8,-19,-2,5,3,1]
[2401,49,3,1,1]
[4096,-1024,560,-103,35,-4,1]
[256,0,80,8,27,2,5,0,1]
[256,128,64,28,-3,7,4,2,1]
[4096,-256,96,-5,6,-1,1]
[729,-405,9,38,1,-5,1]
[4096,-1536,832,-179,52,-6,1]
[729,-108,26,-4,1]
[4096,2048,480,105,30,8,1]
[14641,242,-172,2,1]
[256,64,0,24,9,6,0,1,1]
[4096,1280,-16,-77,-1,5,1]
[256,64,80,16,13,4,5,1,1]
[4096,1280,32,-53,2,5,1]
[256,-64,96,-24,27,-6,6,-1,1]
[4096,2560,992,271,62,10,1]
[729,-81,27,-29,3,-1,1]
[14641,1210,230,10,1]
[2401,196,68,4,1]
[512,320,104,27,13,5,1]
[6561,-162,31,-2,1]
[4096,768,496,85,31,3,1]
[4096,768,64,47,4,3,1]
[4096,-320,25,-5,1]
[4096,3072,1088,285,68,12,1]
[2401,-196,39,-4,1]
[14641,242,156,2,1]
[256,320,304,220,117,55,19,5,1]
[4096,-256,256,17,16,-1,1]
[14641,-1452,259,-12,1]
[2401,245,1,5,1]
[16384,0,-237,0,1]
[16384,-3328,409,-26,1]
[4096,-3584,1792,-543,112,-14,1]
[14641,1694,173,14,1]
[6561,810,130,10,1]
[16384,1920,309,15,1]
[15625,375,-8,3,1]
[4096,1536,400,79,25,6,1]
[15625,375,149,3,1]
[4096,-1280,80,53,5,-5,1]
[4096,-4352,2240,-701,140,-17,1]
[4096,1024,384,105,24,4,1]
[4096,768,368,95,23,3,1]
[256,384,320,196,105,49,20,6,1]
[16384,2688,239,21,1]
[4096,1536,576,123,36,6,1]
[729,648,342,131,38,8,1]
[16384,3200,377,25,1]
[4096,-2816,1072,-309,67,-11,1]
[4096,-512,256,-45,16,-2,1]
[4096,-1024,528,-117,33,-4,1]
[4096,512,-128,-93,-8,2,1]
[15625,-375,-57,-3,1]
[15625,500,-57,4,1]
[15625,750,213,6,1]
[256,-448,432,-300,167,-75,27,-7,1]
[2401,-196,25,-4,1]
[729,-81,-36,40,-4,-1,1]
[4096,320,103,5,1]
[1024,-64,-35,-2,1]
[4096,768,432,79,27,3,1]
[256,-128,160,-40,43,-10,10,-2,1]
[256,64,96,16,29,4,6,1,1]
[256,0,-32,-24,9,-6,-2,0,1]
[512,-128,-16,31,-2,-2,1]
[256,128,48,-16,-9,-4,3,2,1]
[256,-320,192,-76,33,-19,12,-5,1]
[4096,256,304,81,19,1,1]
[4096,-1792,464,-121,29,-7,1]
[4096,3328,1344,383,84,13,1]
[4096,-512,176,-117,11,-2,1]
[256,64,0,12,27,3,0,1,1]
[4096,-768,544,-57,34,-3,1]
[729,-324,18,22,2,-4,1]
[14641,-121,155,-1,1]
[15625,1750,111,14,1]
[4096,512,432,31,27,2,1]
[729,-243,90,-41,10,-3,1]
[256,-128,160,-60,47,-15,10,-2,1]
[256,-256,64,60,-55,15,4,-4,1]
[256,-64,32,-28,27,-7,2,-1,1]
[4096,3584,1584,463,99,14,1]
[4096,-1536,704,-175,44,-6,1]
[14641,-1694,97,-14,1]
[15625,-4500,562,-36,1]
[256,64,-80,-8,29,-2,-5,1,1]
[4096,-256,48,-71,3,-1,1]
[4096,-512,-96,51,-6,-2,1]
[16384,-2560,199,-20,1]
[256,-128,144,-52,39,-13,9,-2,1]
[729,-81,-27,13,-3,-1,1]
[729,-81,36,-7,4,-1,1]
[4096,-1280,432,-133,27,-5,1]
[4096,0,304,-9,19,0,1]
[256,-192,96,-36,25,-9,6,-3,1]
[4096,-768,0,59,0,-3,1]
[4096,-2560,976,-275,61,-10,1]
[4096,-256,48,-75,3,-1,1]
[4096,-512,-128,35,-8,-2,1]
[16384,1920,183,15,1]
[4096,-256,128,-101,8,-1,1]
[4096,448,107,7,1]
[729,486,243,92,27,6,1]
[729,-243,-27,31,-3,-3,1]
[256,64,0,-24,-11,-6,0,1,1]
[256,0,32,8,-11,2,2,0,1]
[729,324,171,38,19,4,1]
[256,-384,336,-240,139,-60,21,-6,1]
[256,192,64,-8,-9,-2,4,3,1]
[15625,-1875,264,-15,1]
[4096,1536,464,149,29,6,1]
[4096,-1536,320,-39,20,-6,1]
[256,64,16,16,7,4,1,1,1]
[256,-128,128,-72,41,-18,8,-2,1]
[16384,2304,321,18,1]
[4096,256,320,31,20,1,1]
[729,-81,45,5,5,-1,1]
[14641,605,84,5,1]
[4096,-768,144,-29,9,-3,1]
[14641,-242,134,-2,1]
[4096,-1280,-240,157,-15,-5,1]
[256,-320,96,56,-55,14,6,-5,1]
[14641,-1573,84,-13,1]
[256,0,0,-36,7,-9,0,0,1]
[4096,-768,64,13,4,-3,1]
[4096,2304,1040,281,65,9,1]
[15625,-1500,284,-12,1]
[4096,512,528,29,33,2,1]
[4096,-3840,1792,-543,112,-15,1]
[4096,768,80,-57,5,3,1]
[4096,-256,109,-4,1]
[2401,-49,55,-1,1]
[4096,-512,576,-59,36,-2,1]
[14641,726,189,6,1]
[81,-27,1,-3,1]
[4096,1024,352,117,22,4,1]
[256,-128,96,-44,25,-11,6,-2,1]
[4096,0,528,-11,33,0,1]
[16384,-1792,61,-14,1]
[4096,768,432,55,27,3,1]
[4096,-1024,96,-9,6,-4,1]
[14641,2057,133,17,1]
[4096,2048,912,233,57,8,1]
[256,-64,-64,12,9,3,-4,-1,1]
[16384,-640,-97,-5,1]
[4096,-256,96,-69,6,-1,1]
[14641,-3146,395,-26,1]
[2401,-784,153,-16,1]
[4096,-256,-48,117,-3,-1,1]
[729,243,135,31,15,3,1]
[4096,3328,1376,399,86,13,1]
[15625,-125,68,-1,1]
[15625,500,196,4,1]
[512,192,136,51,17,3,1]
[256,0,32,-8,-1,-2,2,0,1]
[512,192,48,23,6,3,1]
[14641,1694,87,14,1]
[729,648,306,113,34,8,1]
[4096,1792,432,99,27,7,1]
[4096,-256,352,-7,22,-1,1]
[15625,250,171,2,1]
[256,-192,32,-40,43,-10,2,-3,1]
[256,-64,64,-20,19,-5,4,-1,1]
[64,-64,52,-29,13,-4,1]
[4096,-1024,336,-77,21,-4,1]
[2401,294,45,6,1]
[4096,-512,304,-47,19,-2,1]
[4096,0,240,5,15,0,1]
[256,0,-96,12,31,3,-6,0,1]
[6561,-162,-28,-2,1]
[14641,605,37,5,1]
[256,192,48,52,47,13,3,3,1]
[64,0,-1,0,1]
[256,0,32,40,-1,10,2,0,1]
[729,243,90,7,10,3,1]
[512,0,16,-3,2,0,1]
[512,256,-48,-61,-6,4,1]
[256,-256,176,-104,51,-26,11,-4,1]
[15625,875,37,7,1]
[15625,750,61,6,1]
[4096,256,-80,-109,-5,1,1]
[16384,1664,281,13,1]
[512,-128,32,-29,4,-2,1]
[14641,847,146,7,1]
[15625,250,-126,2,1]
[4096,768,624,97,39,3,1]
[4096,512,336,89,21,2,1]
[256,0,64,8,3,2,4,0,1]
[14641,-1815,282,-15,1]
[16384,2560,249,20,1]
[4096,-256,608,-33,38,-1,1]
[16384,3968,463,31,1]
[256,0,64,0,11,0,4,0,1]
[4096,-512,-80,117,-5,-2,1]
[256,0,64,-60,1,-15,4,0,1]
[16384,896,-25,7,1]
[256,64,0,20,27,5,0,1,1]
[256,128,144,76,41,19,9,2,1]
[16384,512,51,4,1]
[15625,1625,126,13,1]
[15625,-1000,148,-8,1]
[625,150,23,6,1]
[256,64,16,12,3,3,1,1,1]
[256,0,16,-4,-5,-1,1,0,1]
[16384,-2432,339,-19,1]
[15625,125,51,1,1]
[4096,-768,128,-51,8,-3,1]
[256,0,0,24,7,6,0,0,1]
[729,-81,135,-1,15,-1,1]
[16384,1280,7,10,1]
[4096,-1024,272,-105,17,-4,1]
[16384,1280,5,10,1]
[16384,-2560,293,-20,1]
[15625,1875,238,15,1]
[256,64,48,4,21,1,3,1,1]
[6561,-1377,233,-17,1]
[4096,512,608,57,38,2,1]
[4096,-768,-80,107,-5,-3,1]
[4096,-256,128,61,8,-1,1]
[4096,-2304,608,-133,38,-9,1]
[16384,-2944,341,-23,1]
[256,-320,160,-20,-7,-5,10,-5,1]
[512,-320,24,21,3,-5,1]
[14641,-363,-146,-3,1]
[4096,-1792,672,-185,42,-7,1]
[625,-375,101,-15,1]
[14641,1452,263,12,1]
[256,192,112,60,31,15,7,3,1]
[4096,-1536,688,-161,43,-6,1]
[14641,847,182,7,1]
[4096,-1024,352,-71,22,-4,1]
[256,0,-32,0,1,0,-2,0,1]
[4096,3328,1568,473,98,13,1]
[256,-384,272,-124,55,-31,17,-6,1]
[256,-192,16,52,-35,13,1,-3,1]
[729,324,225,71,25,4,1]
[256,-128,48,20,-15,5,3,-2,1]
[6561,-648,161,-8,1]
[4096,1792,928,223,58,7,1]
[4096,1024,400,45,25,4,1]
[16384,-640,99,-5,1]
[729,-324,63,-13,7,-4,1]
[4096,768,352,37,22,3,1]
[4096,-256,304,-37,19,-1,1]
[256,-64,-16,-20,23,-5,-1,-1,1]
[15625,625,86,5,1]
[4096,-2560,992,-295,62,-10,1]
[4096,-256,-176,3,-11,-1,1]
[4096,1024,-96,-117,-6,4,1]
[16384,-2560,255,-20,1]
[729,-243,117,-52,13,-3,1]
[14641,3993,513,33,1]
[14641,-847,233,-7,1]
[16384,768,35,6,1]
[4096,2048,944,247,59,8,1]
[256,64,16,0,3,0,1,1,1]
[4096,256,-64,17,-4,1,1]
[4096,0,496,13,31,0,1]
[4096,-1024,-208,119,-13,-4,1]
[729,0,54,22,6,0,1]
[14641,2783,307,23,1]
[256,64,32,8,-5,2,2,1,1]
[4096,0,144,35,9,0,1]
[729,243,63,-8,7,3,1]
[2401,-196,11,-4,1]
[4096,3072,1328,399,83,12,1]
[256,0,0,-4,-11,-1,0,0,1]
[729,162,36,29,4,2,1]
[256,-128,208,-84,75,-21,13,-2,1]
[256,0,-64,4,5,1,-4,0,1]
[4096,-256,256,-27,16,-1,1]
[14641,726,128,6,1]
[16384,896,-69,7,1]
[729,243,72,20,8,3,1]
[4096,2304,896,239,56,9,1]
[6561,405,-35,5,1]
[4096,-256,0,-5,0,-1,1]
[4096,-256,144,-19,9,-1,1]
[16384,1024,13,8,1]
[4096,-256,144,-15,9,-1,1]
[4096,512,-16,-7,-1,2,1]
[4096,-1792,144,25,9,-7,1]
[15625,0,53,0,1]
[256,192,144,100,47,25,9,3,1]
[512,-192,112,-47,14,-3,1]
[729,81,-36,4,-4,1,1]
[4096,256,176,-9,11,1,1]
[15625,-250,106,-2,1]
[14641,-242,201,-2,1]
[729,0,18,-34,2,0,1]
[256,-128,128,-68,47,-17,8,-2,1]
[16384,-2560,267,-20,1]
[4096,2304,736,205,46,9,1]
[4096,-1792,464,-89,29,-7,1]
[256,128,176,76,63,19,11,2,1]
[4096,2048,768,211,48,8,1]
[4096,0,288,-57,18,0,1]
[64,32,4,3,1,2,1]
[16384,-2176,161,-17,1]
[14641,484,36,4,1]
[256,-128,80,-12,5,-3,5,-2,1]
[4096,-1280,-128,137,-8,-5,1]
[14641,-121,-115,-1,1]
[4096,0,256,-41,16,0,1]
[4096,1792,720,221,45,7,1]
[6561,1620,199,20,1]
[14641,-1089,243,-9,1]
[4096,-256,464,-47,29,-1,1]
[256,0,64,0,35,0,4,0,1]
[4096,256,-80,-99,-5,1,1]
[16384,1920,285,15,1]
[729,324,162,64,18,4,1]
[16384,-128,-43,-1,1]
[4096,-768,352,-23,22,-3,1]
[4096,-768,208,27,13,-3,1]
[729,-81,-18,43,-2,-1,1]
[14641,484,226,4,1]
[4096,768,176,-9,11,3,1]
[16384,2304,249,18,1]
[14641,605,-74,5,1]
[4096,-768,-128,97,-8,-3,1]
[4096,768,384,33,24,3,1]
[16384,128,167,1,1]
[4096,512,208,41,13,2,1]
[4096,512,176,-41,11,2,1]
[256,256,160,108,65,27,10,4,1]
[4096,2048,672,149,42,8,1]
[14641,-121,-199,-1,1]
[4096,0,-64,57,-4,0,1]
[15625,-3375,408,-27,1]
[14641,-1936,200,-16,1]
[729,81,-36,-4,-4,1,1]
[729,-486,216,-77,24,-6,1]
[4096,0,112,29,7,0,1]
[4096,0,-16,109,-1,0,1]
[4096,-1024,192,-41,12,-4,1]
[256,64,16,-8,-25,-2,1,1,1]
[4096,-2048,0,129,0,-8,1]
[512,0,16,-1,2,0,1]
[14641,3146,384,26,1]
[15625,875,143,7,1]
[16384,384,169,3,1]
[4096,256,80,115,5,1,1]
[4096,-256,-96,51,-6,-1,1]
[256,0,48,12,1,3,3,0,1]
[16384,-2816,319,-22,1]
[4096,0,-64,-39,-4,0,1]
[14641,-1452,123,-12,1]
[4096,-1792,576,-131,36,-7,1]
[4096,-256,32,-53,2,-1,1]
[4096,-768,256,-97,16,-3,1]
[15625,-375,222,-3,1]
[4096,1280,-112,-111,-7,5,1]
[4096,-768,-32,49,-2,-3,1]
[4096,-1792,-80,137,-5,-7,1]
[14641,242,6,2,1]
[729,-405,198,-80,22,-5,1]
[256,128,-48,-20,5,-5,-3,2,1]
[256,-64,16,-32,19,-8,1,-1,1]
[16384,3584,405,28,1]
[15625,-2125,176,-17,1]
[14641,-1331,100,-11,1]
[256,0,-32,-12,17,-3,-2,0,1]
[256,-64,16,28,-3,7,1,-1,1]
[14641,2420,272,20,1]
[256,-64,112,-8,29,-2,7,-1,1]
[256,64,160,28,51,7,10,1,1]
[4096,0,112,9,7,0,1]
[256,192,176,100,65,25,11,3,1]
[729,162,99,40,11,2,1]
[256,64,32,16,31,4,2,1,1]
[14641,1331,97,11,1]
[16384,1408,151,11,1]
[4096,-768,384,-89,24,-3,1]
[729,486,198,76,22,6,1]
[512,-64,-32,27,-4,-1,1]
[512,0,96,-15,12,0,1]
[729,-162,108,-2,12,-2,1]
[4096,-256,416,-35,26,-1,1]
[6561,-162,-58,-2,1]
[4096,0,208,-9,13,0,1]
[4096,-256,240,17,15,-1,1]
[4096,-256,128,-103,8,-1,1]
[4096,-1792,640,-177,40,-7,1]
[14641,605,-63,5,1]
[512,64,0,3,0,1,1]
[512,0,104,-13,13,0,1]
[15625,-125,131,-1,1]
[14641,3025,387,25,1]
[4096,-1280,528,-123,33,-5,1]
[4096,-256,240,-11,15,-1,1]
[256,-256,192,-112,59,-28,12,-4,1]
[256,256,128,80,51,20,8,4,1]
[4096,-1024,640,-109,40,-4,1]
[16384,-896,143,-7,1]
[4096,1024,560,125,35,4,1]
[64,-48,44,-19,11,-3,1]
[14641,1452,265,12,1]
[729,81,45,10,5,1,1]
[4096,256,304,47,19,1,1]
[4096,768,176,-23,11,3,1]
[4096,-3328,1312,-365,82,-13,1]
[4096,1024,368,61,23,4,1]
[4096,-1536,832,-177,52,-6,1]
[14641,-1331,83,-11,1]
[256,0,32,36,-7,9,2,0,1]
[256,-16,31,-1,1]
[256,-64,80,-36,21,-9,5,-1,1]
[6561,-81,-83,-1,1]
[2401,735,116,15,1]
[625,-100,52,-4,1]
[15625,2500,293,20,1]
[256,128,16,8,17,2,1,2,1]
[256,-64,48,-24,13,-6,3,-1,1]
[729,108,50,4,1]
[729,648,351,140,39,8,1]
[15625,4750,604,38,1]
[729,-324,99,-31,11,-4,1]
[4096,3072,1360,409,85,12,1]
[4096,1536,304,71,19,6,1]
[256,0,32,-28,-1,-7,2,0,1]
[4096,768,272,99,17,3,1]
[4096,-768,784,-95,49,-3,1]
[15625,-2375,301,-19,1]
[256,128,112,56,27,14,7,2,1]
[15625,375,161,3,1]
[15625,-1500,51,-12,1]
[256,-256,240,-128,75,-32,15,-4,1]
[4096,-1024,192,-63,12,-4,1]
[14641,-2420,313,-20,1]
[15625,3625,417,29,1]
[16384,-2432,261,-19,1]
[256,-192,112,0,-3,0,7,-3,1]
[4096,0,320,-37,20,0,1]
[4096,1024,336,99,21,4,1]
[14641,-968,153,-8,1]
[2401,-343,26,-7,1]
[15625,1875,237,15,1]
[16384,256,-41,2,1]
[81,-9,16,-1,1]
[4096,-256,-32,75,-2,-1,1]
[64,-48,16,-7,4,-3,1]
[14641,3872,467,32,1]
[16384,3200,339,25,1]
[2401,-735,114,-15,1]
[256,-64,-16,16,-23,4,-1,-1,1]
[15625,-1250,-13,-10,1]
[15625,500,-124,4,1]
[256,-128,128,-52,29,-13,8,-2,1]
[4096,-1280,368,-53,23,-5,1]
[4096,512,304,91,19,2,1]
[15625,-2125,291,-17,1]
[4096,1792,512,91,32,7,1]
[729,-243,-27,25,-3,-3,1]
[15625,250,-89,2,1]
[2401,-392,97,-8,1]
[4096,-768,384,-19,24,-3,1]
[256,0,112,-8,35,-2,7,0,1]
[4096,-768,400,-121,25,-3,1]
[256,128,112,68,31,17,7,2,1]
[4096,-2560,944,-265,59,-10,1]
[6561,1215,131,15,1]
[256,-64,48,-24,33,-6,3,-1,1]
[4096,-2304,1040,-291,65,-9,1]
[4096,1536,496,121,31,6,1]
[15625,-625,-116,-5,1]
[2401,392,75,8,1]
[14641,2299,306,19,1]
[14641,-968,-27,-8,1]
[512,-128,48,-45,6,-2,1]
[4096,1024,432,133,27,4,1]
[4096,1536,592,185,37,6,1]
[4096,512,-16,55,-1,2,1]
[4096,-1792,560,-131,35,-7,1]
[256,-64,-64,20,5,5,-4,-1,1]
[15625,-2750,338,-22,1]
[512,256,112,57,14,4,1]
[729,729,414,160,46,9,1]
[256,-128,-32,4,17,1,-2,-2,1]
[729,-81,63,-44,7,-1,1]
[14641,-1573,86,-13,1]
[4096,-768,272,-133,17,-3,1]
[4096,768,32,-61,2,3,1]
[512,-128,80,-25,10,-2,1]
[4096,768,304,71,19,3,1]
[14641,-1089,86,-9,1]
[256,256,112,-8,-21,-2,7,4,1]
[256,0,32,40,5,10,2,0,1]
[15625,-3000,296,-24,1]
[16384,128,-185,1,1]
[4096,1536,384,127,24,6,1]
[14641,1815,199,15,1]
[2401,147,100,3,1]
[15625,-2625,321,-21,1]
[256,128,16,-28,-11,-7,1,2,1]
[15625,-625,19,-5,1]
[4096,-256,48,-89,3,-1,1]
[256,128,16,12,11,3,1,2,1]
[729,0,153,-5,17,0,1]
[729,81,-63,-25,-7,1,1]
[729,-81,126,-1,14,-1,1]
[14641,1815,254,15,1]
[6561,-486,82,-6,1]
[16384,1920,245,15,1]
[4096,-256,272,35,17,-1,1]
[1024,0,-37,0,1]
[4096,1280,384,131,24,5,1]
[4096,512,-112,-11,-7,2,1]
[16384,2944,365,23,1]
[4096,768,-96,-111,-6,3,1]
[4096,-256,-17,-4,1]
[14641,605,12,5,1]
[4096,768,352,17,22,3,1]
[4096,0,-128,11,-8,0,1]
[729,0,-18,-23,-2,0,1]
[256,0,64,-4,29,-1,4,0,1]
[729,81,27,-13,3,1,1]
[4096,-256,-176,61,-11,-1,1]
[4096,-2048,464,-95,29,-8,1]
[4096,-2048,592,-165,37,-8,1]
[4096,1024,224,63,14,4,1]
[4096,-3328,1552,-459,97,-13,1]
[6561,-1296,196,-16,1]
[4096,2304,944,265,59,9,1]
[256,0,0,0,-31,0,0,0,1]
[512,0,56,-9,7,0,1]
[16384,1280,41,10,1]
[4096,1280,96,9,6,5,1]
[4096,2304,800,235,50,9,1]
[15625,-1375,97,-11,1]
[4096,2560,1040,291,65,10,1]
[729,-81,-9,17,-1,-1,1]
[15625,-1125,199,-9,1]
[4096,2560,784,197,49,10,1]
[256,0,-112,-8,35,-2,-7,0,1]
[15625,2375,188,19,1]
[4096,1280,336,121,21,5,1]
[4096,0,-48,-67,-3,0,1]
[4096,0,-112,19,-7,0,1]
[14641,-847,14,-7,1]
[16384,896,221,7,1]
[15625,-125,-187,-1,1]
[14641,-3267,384,-27,1]
[729,-324,90,-41,10,-4,1]
[256,-192,0,36,-15,9,0,-3,1]
[256,-128,64,36,-21,9,4,-2,1]
[256,-64,-48,-8,31,-2,-3,-1,1]
[4096,512,-160,-89,-10,2,1]
[15625,-1750,296,-14,1]
[2401,833,162,17,1]
[729,81,-36,-41,-4,1,1]
[4096,0,144,17,9,0,1]
[625,-275,77,-11,1]
[512,-192,88,-11,11,-3,1]
[2401,0,-46,0,1]
[4096,256,208,-7,13,1,1]
[256,320,208,120,65,30,13,5,1]
[4096,512,-224,-49,-14,2,1]
[4096,256,208,67,13,1,1]
[4096,1024,96,31,6,4,1]
[15625,2875,277,23,1]
[4096,-768,624,-91,39,-3,1]
[16384,640,131,5,1]
[14641,-2299,315,-19,1]
[6561,324,128,4,1]
[256,64,48,-32,-9,-8,3,1,1]
[4096,-1280,496,-87,31,-5,1]
[4096,-640,135,-10,1]
[4096,512,160,-47,10,2,1]
[4096,1280,496,171,31,5,1]
[4096,512,-128,-103,-8,2,1]
[256,-128,80,-8,3,-2,5,-2,1]
[4096,0,496,-17,31,0,1]
[15625,-1500,171,-12,1]
[2401,245,89,5,1]
[729,-162,36,11,4,-2,1]
[14641,1331,171,11,1]
[4096,0,512,-3,32,0,1]
[4096,0,48,19,3,0,1]
[256,0,48,0,-3,0,3,0,1]
[4096,3072,1296,371,81,12,1]
[256,-192,80,-24,13,-6,5,-3,1]
[729,0,108,-16,12,0,1]
[4096,1536,528,177,33,6,1]
[256,-320,256,-176,97,-44,16,-5,1]
[4096,-2304,704,-165,44,-9,1]
[4096,-1792,752,-205,47,-7,1]
[4096,-1024,-192,159,-12,-4,1]
[14641,726,-57,6,1]
[4096,-1792,976,-231,61,-7,1]
[729,486,126,22,14,6,1]
[256,0,32,8,-15,2,2,0,1]
[14641,1452,117,12,1]
[14641,-363,-80,-3,1]
[729,-162,-9,14,-1,-2,1]
[4096,1792,704,183,44,7,1]
[4096,-512,-96,109,-6,-2,1]
[14641,-847,42,-7,1]
[2401,-392,34,-8,1]
[2401,-343,33,-7,1]
[256,-64,32,-24,-7,-6,2,-1,1]
[14641,242,-124,2,1]
[4096,-2560,976,-279,61,-10,1]
[2401,147,-8,3,1]
[512,384,184,79,23,6,1]
[4096,768,-32,-69,-2,3,1]
[4096,-256,-112,53,-7,-1,1]
[256,-256,176,-104,63,-26,11,-4,1]
[6561,-648,149,-8,1]
[625,-75,-8,-3,1]
[729,-27,32,-1,1]
[14641,-726,-8,-6,1]
[4096,-1024,336,-33,21,-4,1]
[4096,-1536,624,-185,39,-6,1]
[4096,-512,48,-57,3,-2,1]
[256,-64,48,-52,15,-13,3,-1,1]
[4096,0,-29,0,1]
[256,0,0,-20,7,-5,0,0,1]
[256,-320,240,-152,87,-38,15,-5,1]
[729,-81,9,22,1,-1,1]
[512,-64,64,-5,8,-1,1]
[15625,-125,247,-1,1]
[4096,1536,544,121,34,6,1]
[14641,3025,357,25,1]
[15625,-2625,234,-21,1]
[256,256,192,84,43,21,12,4,1]
[256,-192,16,28,-19,7,1,-3,1]
[6561,1053,187,13,1]
[625,-50,-24,-2,1]
[256,-128,16,4,-5,1,1,-2,1]
[6561,891,91,11,1]
[256,-128,0,0,11,0,0,-2,1]
[6561,-729,76,-9,1]
[256,-128,32,44,-25,11,2,-2,1]
[4096,0,480,-19,30,0,1]
[4096,3072,1344,411,84,12,1]
[16384,-4096,505,-32,1]
[256,0,64,48,5,12,4,0,1]
[256,-192,144,-68,41,-17,9,-3,1]
[64,64,16,-1,4,4,1]
[729,0,45,-31,5,0,1]
[6561,-1377,157,-17,1]
[256,64,-16,-12,7,-3,-1,1,1]
[4096,-512,-112,87,-7,-2,1]
[256,256,128,32,9,8,8,4,1]
[729,-162,27,23,3,-2,1]
[4096,256,464,15,29,1,1]
[729,-81,36,-38,4,-1,1]
[512,-128,-56,29,-7,-2,1]
[512,-64,136,-17,17,-1,1]
[512,64,160,15,20,1,1]
[512,320,104,37,13,5,1]
[6561,810,43,10,1]
[4096,768,384,123,24,3,1]
[14641,-2420,214,-20,1]
[14641,3146,358,26,1]
[64,48,44,19,11,3,1]
[4096,0,-64,59,-4,0,1]
[4096,1024,176,-27,11,4,1]
[4096,-512,320,-71,20,-2,1]
[729,-162,63,-52,7,-2,1]
[4096,2560,464,37,29,10,1]
[256,-128,96,-64,39,-16,6,-2,1]
[4096,1536,272,19,17,6,1]
[4096,512,80,93,5,2,1]
[729,0,0,22,0,0,1]
[729,-324,126,-26,14,-4,1]
[16384,-4096,475,-32,1]
[256,-128,128,-40,29,-10,8,-2,1]
[729,81,-27,17,-3,1,1]
[14641,2178,245,18,1]
[2401,-490,75,-10,1]
[256,192,32,-40,-37,-10,2,3,1]
[4096,2816,1296,373,81,11,1]
[256,-256,80,-24,17,-6,5,-4,1]
[4096,0,-112,55,-7,0,1]
[4096,768,256,-17,16,3,1]
[15625,125,-14,1,1]
[256,-128,176,-72,57,-18,11,-2,1]
[4096,768,256,107,16,3,1]
[4096,-256,-16,17,-1,-1,1]
[256,-192,160,-84,57,-21,10,-3,1]
[16384,-1408,131,-11,1]
[4096,0,-112,-21,-7,0,1]
[14641,605,-129,5,1]
[16384,4096,503,32,1]
[14641,-1210,244,-10,1]
[15625,-125,-207,-1,1]
[4096,256,144,109,9,1,1]
[4096,256,-64,-65,-4,1,1]
[4096,2304,544,91,34,9,1]
[14641,-847,-43,-7,1]
[16384,-768,155,-6,1]
[6561,-243,91,-3,1]
[4096,256,240,-31,15,1,1]
[15625,1875,293,15,1]
[16384,-512,143,-4,1]
[4096,-1536,336,-41,21,-6,1]
[729,567,171,41,19,7,1]
[4096,512,80,-11,5,2,1]
[4096,-1024,352,-27,22,-4,1]
[4096,-256,352,-47,22,-1,1]
[4096,-2560,1072,-317,67,-10,1]
[4096,0,64,89,4,0,1]
[256,-128,80,-24,5,-6,5,-2,1]
[4096,256,-32,-29,-2,1,1]
[4096,128,101,2,1]
[256,320,128,-28,-43,-7,8,5,1]
[512,-256,-48,61,-6,-4,1]
[16384,-2176,277,-17,1]
[4096,-1792,192,9,12,-7,1]
[512,-192,32,3,4,-3,1]
[4096,768,-160,-53,-10,3,1]
[16384,2304,273,18,1]
[256,256,176,104,49,26,11,4,1]
[4096,-1024,608,-103,38,-4,1]
[4096,-1024,-128,69,-8,-4,1]
[256,320,224,156,95,39,14,5,1]
[14641,-121,-53,-1,1]
[4096,0,576,-3,36,0,1]
[256,128,32,-24,-17,-6,2,2,1]
[4096,-1024,192,-35,12,-4,1]
[256,-128,144,-72,43,-18,9,-2,1]
[4096,1024,208,15,13,4,1]
[15625,3000,336,24,1]
[512,64,-24,-21,-3,1,1]
[1024,-192,61,-6,1]
[4096,512,416,55,26,2,1]
[6561,-810,175,-10,1]
[4096,768,512,89,32,3,1]
[4096,-832,101,-13,1]
[625,-150,28,-6,1]
[4096,2048,96,-85,6,8,1]
[256,64,-64,-8,11,-2,-4,1,1]
[14641,-484,42,-4,1]
[256,-256,96,36,-41,9,6,-4,1]
[4096,-1280,416,-119,26,-5,1]
[14641,-2420,203,-20,1]
[4096,-768,-16,45,-1,-3,1]
[4096,-2048,880,-227,55,-8,1]
[512,512,280,107,35,8,1]
[256,64,64,-40,-9,-10,4,1,1]
[14641,242,13,2,1]
[6561,1134,116,14,1]
[14641,0,-124,0,1]
[256,256,160,84,47,21,10,4,1]
[512,-256,40,3,5,-4,1]
[14641,-2178,208,-18,1]
[729,-162,54,-20,6,-2,1]
[4096,-2048,720,-205,45,-8,1]
[4096,-2560,1008,-301,63,-10,1]
[256,64,-16,0,5,0,-1,1,1]
[4096,2048,16,-121,1,8,1]
[4096,1536,160,-31,10,6,1]
[4096,256,176,9,11,1,1]
[6561,-405,146,-5,1]
[4096,-512,83,-8,1]
[15625,875,106,7,1]
[729,324,126,46,14,4,1]
[4096,0,-32,-21,-2,0,1]
[4096,512,-144,-103,-9,2,1]
[14641,1210,-20,10,1]
[4096,-1024,496,-137,31,-4,1]
[256,64,0,12,1,3,0,1,1]
[4096,512,352,31,22,2,1]
[4096,-1280,0,49,0,-5,1]
[4096,1024,80,37,5,4,1]
[16384,-1664,295,-13,1]
[15625,250,-99,2,1]
[15625,1375,107,11,1]
[16384,128,-19,1,1]
[4096,1024,128,23,8,4,1]
[6561,-324,-13,-4,1]
[4096,-2816,1152,-337,72,-11,1]
[14641,3025,360,25,1]
[256,128,96,60,35,15,6,2,1]
[4096,768,528,65,33,3,1]
[16384,128,169,1,1]
[4096,1536,512,129,32,6,1]
[4096,1024,112,-41,7,4,1]
[512,-256,-24,43,-3,-4,1]
[15625,2875,308,23,1]
[256,0,0,4,21,1,0,0,1]
[16384,1024,87,8,1]
[4096,256,96,-73,6,1,1]
[6561,-486,1,-6,1]
[4096,512,752,63,47,2,1]
[256,0,0,-28,11,-7,0,0,1]
[4096,768,-32,-19,-2,3,1]
[256,-128,160,-72,47,-18,10,-2,1]
[16384,-1024,-63,-8,1]
[512,-384,240,-95,30,-6,1]
[4096,512,208,-37,13,2,1]
[512,-128,112,-39,14,-2,1]
[729,162,153,26,17,2,1]
[625,-300,79,-12,1]
[256,-192,16,40,-31,10,1,-3,1]
[4096,1536,304,87,19,6,1]
[4096,-256,224,-29,14,-1,1]
[15625,1125,193,9,1]
[15625,1125,158,9,1]
[256,-64,16,-4,-3,-1,1,-1,1]
[4096,1024,-80,-75,-5,4,1]
[4096,-1024,416,-49,26,-4,1]
[14641,-3509,417,-29,1]
[625,50,22,2,1]
[64,-15,1]
[4096,256,-48,61,-3,1,1]
[64,32,20,9,5,2,1]
[4096,576,103,9,1]
[4096,-1024,128,-47,8,-4,1]
[256,-64,80,24,3,6,5,-1,1]
[256,-192,144,-88,59,-22,9,-3,1]
[256,-64,64,-32,23,-8,4,-1,1]
[256,-128,-16,36,-17,9,-1,-2,1]
[4096,256,16,-23,1,1,1]
[2401,588,102,12,1]
[15625,625,-17,5,1]
[256,320,256,164,85,41,16,5,1]
[256,128,128,64,33,16,8,2,1]
[15625,-2625,268,-21,1]
[4096,1280,736,145,46,5,1]
[4096,1536,688,185,43,6,1]
[4096,768,128,29,8,3,1]
[729,-243,108,-47,12,-3,1]
[729,0,0,50,0,0,1]
[4096,-1280,176,-19,11,-5,1]
[256,128,192,84,65,21,12,2,1]
[4096,0,272,27,17,0,1]
[4096,768,336,117,21,3,1]
[256,128,0,-20,-13,-5,0,2,1]
[4096,-768,512,-59,32,-3,1]
[256,192,240,128,89,32,15,3,1]
[2401,0,-79,0,1]
[729,0,36,-35,4,0,1]
[16384,128,145,1,1]
[4096,-1280,176,15,11,-5,1]
[14641,3146,382,26,1]
[15625,-2250,207,-18,1]
[4096,256,-128,-55,-8,1,1]
[14641,-1331,251,-11,1]
[4096,-256,96,-95,6,-1,1]
[4096,2560,1008,305,63,10,1]
[4096,1024,-160,-125,-10,4,1]
[15625,875,43,7,1]
[4096,-2560,1072,-327,67,-10,1]
[512,-192,96,-55,12,-3,1]
[4096,1024,304,79,19,4,1]
[14641,0,-160,0,1]
[4096,512,320,27,20,2,1]
[16384,2048,201,16,1]
[14641,-605,35,-5,1]
[4096,0,-128,29,-8,0,1]
[16384,-768,5,-6,1]
[14641,0,189,0,1]
[4096,1536,320,49,20,6,1]
[512,192,80,51,10,3,1]
[16384,-1536,73,-12,1]
[4096,768,64,-35,4,3,1]
[64,32,9,4,1]
[729,243,135,20,15,3,1]
[4096,512,-48,19,-3,2,1]
[4096,2816,928,233,58,11,1]
[4096,1536,512,151,32,6,1]
[4096,1536,592,147,37,6,1]
[256,-128,64,-44,29,-11,4,-2,1]
[4096,-256,-192,61,-12,-1,1]
[512,384,88,11,11,6,1]
[4096,-1792,640,-155,40,-7,1]
[4096,-512,129,-8,1]
[512,0,16,5,2,0,1]
[4096,-1024,176,-19,11,-4,1]
[4096,1792,528,135,33,7,1]
[6561,-1620,215,-20,1]
[4096,256,80,-85,5,1,1]
[256,-256,144,-56,21,-14,9,-4,1]
[256,0,-32,4,27,1,-2,0,1]
[4096,256,-96,21,-6,1,1]
[4096,0,64,15,4,0,1]
[15625,2375,228,19,1]
[256,-64,80,-24,21,-6,5,-1,1]
[6561,891,61,11,1]
[4096,0,-80,-41,-5,0,1]
[4096,1024,368,41,23,4,1]
[4096,768,-96,-87,-6,3,1]
[4096,0,480,-25,30,0,1]
[16384,-1280,235,-10,1]
[6561,1134,98,14,1]
[15625,1875,178,15,1]
[4096,-768,-64,31,-4,-3,1]
[512,-256,160,-57,20,-4,1]
[4096,-256,-112,1,-7,-1,1]
[4096,512,-144,-41,-9,2,1]
[14641,2057,190,17,1]
[16384,-512,-95,-4,1]
[256,-128,64,0,-7,0,4,-2,1]
[15625,500,17,4,1]
[256,-192,64,8,-15,2,4,-3,1]
[16384,-1664,189,-13,1]
[4096,-768,512,-91,32,-3,1]
[4096,1280,176,35,11,5,1]
[15625,-125,-69,-1,1]
[4096,1536,240,9,15,6,1]
[4096,-1408,237,-22,1]
[256,128,80,48,13,12,5,2,1]
[4096,256,-64,-25,-4,1,1]
[256,0,-96,-8,29,-2,-6,0,1]
[256,-80,25,-5,1]
[16384,2176,195,17,1]
[4096,0,0,-47,0,0,1]
[256,64,-16,12,23,3,-1,1,1]
[16384,-1152,111,-9,1]
[15625,1875,92,15,1]
[14641,-1210,257,-10,1]
[14641,-2178,280,-18,1]
[4096,768,128,27,8,3,1]
[6561,1863,269,23,1]
[4096,0,416,19,26,0,1]
[14641,363,144,3,1]
[64,48,16,7,4,3,1]
[15625,2875,312,23,1]
[4096,-1792,368,-71,23,-7,1]
[4096,-128,-83,-2,1]
[4096,-1280,144,1,9,-5,1]
[4096,512,336,81,21,2,1]
[4096,-256,352,9,22,-1,1]
[729,-324,162,-43,18,-4,1]
[4096,-1536,528,-169,33,-6,1]
[729,54,50,2,1]
[16384,-3072,317,-24,1]
[4096,1024,-48,-49,-3,4,1]
[14641,121,-139,1,1]
[4096,0,224,-57,14,0,1]
[14641,3025,328,25,1]
[14641,726,-70,6,1]
[729,-486,135,-35,15,-6,1]
[4096,-2816,976,-257,61,-11,1]
[15625,-1625,234,-13,1]
[256,0,32,40,-5,10,2,0,1]
[256,-64,16,16,-5,4,1,-1,1]
[14641,-2057,224,-17,1]
[729,54,1,2,1]
[729,0,144,7,16,0,1]
[4096,-256,80,81,5,-1,1]
[512,256,24,-11,3,4,1]
[256,192,224,136,81,34,14,3,1]
[4096,1024,-48,-45,-3,4,1]
[4096,-512,-192,95,-12,-2,1]
[256,-192,192,-116,67,-29,12,-3,1]
[4096,-512,160,31,10,-2,1]
[4096,2304,912,237,57,9,1]
[4096,-2048,784,-241,49,-8,1]
[15625,4250,514,34,1]
[729,-405,126,-35,14,-5,1]
[16384,384,-171,3,1]
[16384,1920,273,15,1]
[6561,2511,397,31,1]
[15625,-750,252,-6,1]
[256,-320,272,-156,83,-39,17,-5,1]
[15625,-1375,264,-11,1]
[256,-128,64,-8,9,-2,4,-2,1]
[729,-243,189,-40,21,-3,1]
[6561,243,5,3,1]
[256,64,80,-4,11,-1,5,1,1]
[15625,625,-62,5,1]
[256,-320,304,-208,121,-52,19,-5,1]
[4096,-1024,256,-97,16,-4,1]
[6561,1134,184,14,1]
[256,64,16,4,-11,1,1,1,1]
[4096,384,119,6,1]
[4096,-1280,64,25,4,-5,1]
[4096,1792,352,59,22,7,1]
[512,-384,232,-87,29,-6,1]
[14641,-2420,289,-20,1]
[14641,2299,309,19,1]
[512,-64,72,1,9,-1,1]
[256,-128,112,-56,41,-14,7,-2,1]
[256,0,-32,-12,23,-3,-2,0,1]
[256,128,16,0,-1,0,1,2,1]
[4096,-1536,160,9,10,-6,1]
[256,64,48,-32,-1,-8,3,1,1]
[4096,-1536,624,-191,39,-6,1]
[4096,1024,304,139,19,4,1]
[256,-256,80,32,-33,8,5,-4,1]
[2401,-441,93,-9,1]
[6561,0,-50,0,1]
[729,-162,153,-43,17,-2,1]
[4096,768,0,-31,0,3,1]
[14641,363,142,3,1]
[4096,-1280,432,-157,27,-5,1]
[4096,768,320,63,20,3,1]
[256,-128,-32,32,-7,8,-2,-2,1]
[14641,242,29,2,1]
[6561,-81,103,-1,1]
[729,-27,38,-1,1]
[4096,0,128,91,8,0,1]
[1024,-32,13,-1,1]
[4096,-256,160,23,10,-1,1]
[4096,-512,64,47,4,-2,1]
[4096,3840,1840,561,115,15,1]
[729,-162,27,-5,3,-2,1]
[625,-125,28,-5,1]
[256,128,96,52,19,13,6,2,1]
[2401,833,143,17,1]
[15625,-875,-11,-7,1]
[4096,1024,96,19,6,4,1]
[4096,768,-64,-77,-4,3,1]
[4096,1536,752,177,47,6,1]
[14641,1452,35,12,1]
[16384,1408,31,11,1]
[4096,-1280,352,-119,22,-5,1]
[4096,2048,784,225,49,8,1]
[14641,2057,206,17,1]
[14641,-2299,197,-19,1]
[4096,-512,304,7,19,-2,1]
[4096,-192,21,-3,1]
[4096,512,16,-95,1,2,1]
[256,-64,0,-8,25,-2,0,-1,1]
[4096,0,-144,-45,-9,0,1]
[6561,162,-74,2,1]
[6561,1377,167,17,1]
[4096,-256,32,35,2,-1,1]
[4096,256,544,39,34,1,1]
[4096,768,384,21,24,3,1]
[4096,-256,-32,117,-2,-1,1]
[6561,486,-5,6,1]
[4096,-640,105,-10,1]
[729,567,315,112,35,7,1]
[256,-192,80,0,-13,0,5,-3,1]
[4096,512,96,7,6,2,1]
[14641,-605,92,-5,1]
[14641,-1573,246,-13,1]
[256,256,80,-40,-41,-10,5,4,1]
[2401,294,43,6,1]
[15625,2375,308,19,1]
[4096,-256,80,67,5,-1,1]
[4096,1024,240,89,15,4,1]
[2401,588,85,12,1]
[6561,-81,47,-1,1]
[256,256,128,12,-5,3,8,4,1]
[6561,1296,203,16,1]
[25,-8,1]
[256,-192,128,-64,35,-16,8,-3,1]
[4096,-512,176,35,11,-2,1]
[4096,-512,144,9,9,-2,1]
[15625,-625,256,-5,1]
[14641,-968,59,-8,1]
[14641,-3993,504,-33,1]
[256,-64,16,20,-1,5,1,-1,1]
[4096,-2560,784,-185,49,-10,1]
[6561,-1215,163,-15,1]
[256,128,80,52,37,13,5,2,1]
[4096,256,-80,-53,-5,1,1]
[16384,-896,169,-7,1]
[4096,256,-16,13,-1,1,1]
[14641,121,-137,1,1]
[4096,512,112,41,7,2,1]
[15625,-875,47,-7,1]
[512,320,192,77,24,5,1]
[15625,1875,153,15,1]
[256,-128,16,-4,-1,-1,1,-2,1]
[4096,256,-64,-7,-4,1,1]
[512,-448,288,-115,36,-7,1]
[14641,121,191,1,1]
[4096,0,-160,-35,-10,0,1]
[256,128,48,36,37,9,3,2,1]
[512,-192,80,-51,10,-3,1]
[6561,-243,10,-3,1]
[256,-256,112,-24,7,-6,7,-4,1]
[16384,-2688,267,-21,1]
[2401,0,-64,0,1]
[4096,2560,992,291,62,10,1]
[256,192,16,-44,-29,-11,1,3,1]
[256,384,368,260,145,65,23,6,1]
[512,64,48,-5,6,1,1]
[15625,-875,77,-7,1]
[512,-128,-16,11,-2,-2,1]
[16384,-1280,7,-10,1]
[729,-243,99,-37,11,-3,1]
[4096,-768,32,-11,2,-3,1]
[15625,-1500,222,-12,1]
[256,128,128,56,43,14,8,2,1]
[4096,512,144,121,9,2,1]
[256,0,-96,0,31,0,-6,0,1]
[15625,-625,32,-5,1]
[4096,-2048,96,85,6,-8,1]
[729,-324,81,-2,9,-4,1]
[14641,1573,221,13,1]
[256,64,0,-12,-1,-3,0,1,1]
[512,-128,120,-33,15,-2,1]
[729,-243,-45,56,-5,-3,1]
[16384,-768,167,-6,1]
[16384,-1920,195,-15,1]
[14641,-3872,477,-32,1]
[4096,-192,-9,-3,1]
[729,324,-9,-44,-1,4,1]
[256,-64,144,-32,43,-8,9,-1,1]
[4096,0,144,-83,9,0,1]
[14641,-2420,271,-20,1]
[4096,1280,544,163,34,5,1]
[4096,-512,208,-123,13,-2,1]
[512,128,24,-1,3,2,1]
[4096,1536,784,191,49,6,1]
[512,0,16,-17,2,0,1]
[256,-192,128,-60,37,-15,8,-3,1]
[6561,729,4,9,1]
[4096,1024,592,121,37,4,1]
[729,-162,126,-44,14,-2,1]
[14641,968,-31,8,1]
[256,0,64,0,29,0,4,0,1]
[15625,-1250,137,-10,1]
[14641,847,-47,7,1]
[4096,512,-80,-55,-5,2,1]
[1024,-32,55,-1,1]
[4096,768,16,39,1,3,1]
[256,-192,176,-72,49,-18,11,-3,1]
[2401,-294,46,-6,1]
[4096,-1792,464,-135,29,-7,1]
[4096,0,-48,-73,-3,0,1]
[14641,605,-58,5,1]
[4096,-256,400,-1,25,-1,1]
[15625,-625,-132,-5,1]
[256,256,112,-4,-19,-1,7,4,1]
[729,243,-36,-41,-4,3,1]
[4096,-768,128,-13,8,-3,1]
[256,80,25,5,1]
[4096,1024,352,95,22,4,1]
[4096,1280,688,141,43,5,1]
[729,-81,45,13,5,-1,1]
[64,16,0,7,0,1,1]
[4096,-2304,784,-213,49,-9,1]
[16384,-128,-219,-1,1]
[256,-64,48,-32,17,-8,3,-1,1]
[256,-64,-32,4,11,1,-2,-1,1]
[256,256,160,84,45,21,10,4,1]
[15625,-1875,284,-15,1]
[15625,750,226,6,1]
[16384,896,207,7,1]
[256,0,32,12,9,3,2,0,1]
[256,-192,112,-16,7,-4,7,-3,1]
[2401,-98,24,-2,1]
[256,256,160,68,29,17,10,4,1]
[729,-243,207,-41,23,-3,1]
[4096,-256,-112,-9,-7,-1,1]
[4096,-1536,128,13,8,-6,1]
[14641,484,243,4,1]
[15625,250,-183,2,1]
[14641,-2904,370,-24,1]
[15625,750,217,6,1]
[4096,512,-144,-33,-9,2,1]
[4096,256,144,15,9,1,1]
[15625,1000,188,8,1]
[256,384,352,244,133,61,22,6,1]
[16384,256,-49,2,1]
[625,-175,56,-7,1]
[4096,2304,800,211,50,9,1]
[256,-128,64,-16,9,-4,4,-2,1]
[729,-243,72,-46,8,-3,1]
[256,-320,160,-12,-15,-3,10,-5,1]
[4096,-256,176,-53,11,-1,1]
[4096,-512,-48,93,-3,-2,1]
[15625,1500,122,12,1]
[15625,1375,223,11,1]
[729,81,27,-26,3,1,1]
[4096,-2048,624,-131,39,-8,1]
[729,81,144,16,16,1,1]
[625,-75,-13,-3,1]
[4096,768,224,35,14,3,1]
[14641,-242,113,-2,1]
[2401,245,-17,5,1]
[14641,726,213,6,1]
[256,-64,0,-4,23,-1,0,-1,1]
[729,81,198,13,22,1,1]
[512,0,72,-11,9,0,1]
[256,0,96,-16,19,-4,6,0,1]
[81,0,11,0,1]
[4096,-1536,-176,163,-11,-6,1]
[14641,-2178,271,-18,1]
[4096,-512,400,-49,25,-2,1]
[15625,375,-101,3,1]
[4096,-3072,1360,-395,85,-12,1]
[729,0,27,-22,3,0,1]
[4096,512,80,47,5,2,1]
[14641,-726,80,-6,1]
[4096,-2816,1248,-373,78,-11,1]
[4096,2560,1136,333,71,10,1]
[729,-243,108,-14,12,-3,1]
[4096,-1280,224,-49,14,-5,1]
[14641,2299,210,19,1]
[6561,-1134,185,-14,1]
[512,0,64,-9,8,0,1]
[729,810,477,188,53,10,1]
[256,0,96,0,19,0,6,0,1]
[14641,-968,130,-8,1]
[625,250,62,10,1]
[6561,-324,14,-4,1]
[6561,648,149,8,1]
[4096,256,352,-7,22,1,1]
[6561,-810,184,-10,1]
[15625,-1250,269,-10,1]
[4096,-64,-1,-1,1]
[15625,-125,26,-1,1]
[256,-128,160,-60,49,-15,10,-2,1]
[6561,810,124,10,1]
[256,-64,16,8,-21,2,1,-1,1]
[729,243,207,43,23,3,1]
[4096,512,272,49,17,2,1]
[256,-64,48,-36,17,-9,3,-1,1]
[15625,-3625,439,-29,1]
[4096,-1024,208,-89,13,-4,1]
[4096,0,-99,0,1]
[2401,882,165,18,1]
[256,192,144,88,49,22,9,3,1]
[2401,-980,191,-20,1]
[512,-192,88,-55,11,-3,1]
[14641,3993,507,33,1]
[4096,-768,80,17,5,-3,1]
[4096,1792,768,205,48,7,1]
[729,486,36,-31,4,6,1]
[4096,-1280,208,13,13,-5,1]
[4096,-256,0,15,0,-1,1]
[4096,512,128,83,8,2,1]
[512,0,8,23,1,0,1]
[256,128,32,44,33,11,2,2,1]
[15625,-625,242,-5,1]
[512,64,-8,-23,-1,1,1]
[512,448,280,109,35,7,1]
[4096,768,-144,-95,-9,3,1]
[4096,-512,240,-45,15,-2,1]
[729,-405,162,-62,18,-5,1]
[6561,-1782,241,-22,1]
[15625,2875,284,23,1]
[4096,-1280,400,-117,25,-5,1]
[4096,512,304,77,19,2,1]
[256,64,80,-4,17,-1,5,1,1]
[4096,-256,-160,53,-10,-1,1]
[15625,-1750,289,-14,1]
[4096,-1280,544,-155,34,-5,1]
[4096,-512,352,-1,22,-2,1]
[512,192,80,21,10,3,1]
[256,0,96,-16,29,-4,6,0,1]
[2401,98,74,2,1]
[2401,441,108,9,1]
[4096,256,176,-47,11,1,1]
[729,-81,72,-44,8,-1,1]
[14641,484,229,4,1]
[4096,0,64,-77,4,0,1]
[256,-320,192,-60,17,-15,12,-5,1]
[256,-64,-64,-4,27,-1,-4,-1,1]
[4096,512,-144,-111,-9,2,1]
[256,192,144,56,37,14,9,3,1]
[4096,768,93,12,1]
[4096,-768,0,29,0,-3,1]
[625,-50,-11,-2,1]
[4096,-768,640,-89,40,-3,1]
[4096,-1536,624,-141,39,-6,1]
[256,64,0,0,-9,0,0,1,1]
[15625,-1000,-13,-8,1]
[4096,-2304,688,-155,43,-9,1]
[512,-64,64,11,8,-1,1]
[16384,768,225,6,1]
[4096,-256,304,5,19,-1,1]
[15625,-1000,44,-8,1]
[4096,768,336,19,21,3,1]
[256,-128,48,-36,19,-9,3,-2,1]
[6561,567,50,7,1]
[729,405,252,83,28,5,1]
[4096,-192,-47,-3,1]
[4096,256,416,43,26,1,1]
[729,81,-63,-7,-7,1,1]
[256,-192,176,-84,57,-21,11,-3,1]
[4096,1792,608,173,38,7,1]
[4096,512,-176,-55,-11,2,1]
[4096,512,-224,-71,-14,2,1]
[4096,3072,1344,409,84,12,1]
[14641,-1331,63,-11,1]
[256,192,176,116,61,29,11,3,1]
[256,-256,208,-100,53,-25,13,-4,1]
[512,0,112,-9,14,0,1]
[4096,1536,160,-25,10,6,1]
[4096,-2048,624,-167,39,-8,1]
[625,150,51,6,1]
[4096,-768,-96,79,-6,-3,1]
[14641,-2662,345,-22,1]
[16384,384,89,3,1]
[256,64,64,56,15,14,4,1,1]
[14641,0,-91,0,1]
[256,0,80,12,13,3,5,0,1]
[256,128,48,12,-5,3,3,2,1]
[16384,384,185,3,1]
[512,384,248,91,31,6,1]
[729,243,27,-11,3,3,1]
[729,162,54,16,6,2,1]
[4096,1024,432,55,27,4,1]
[4096,-1536,-64,97,-4,-6,1]
[4096,-1024,352,-49,22,-4,1]
[729,0,144,-2,16,0,1]
[729,-162,72,-26,8,-2,1]
[2401,490,92,10,1]
[729,81,153,26,17,1,1]
[4096,0,512,-17,32,0,1]
[14641,605,239,5,1]
[4096,-256,688,-33,43,-1,1]
[4096,2048,848,239,53,8,1]
[14641,2178,247,18,1]
[729,324,45,-7,5,4,1]
[4096,2304,688,151,43,9,1]
[6561,324,80,4,1]
[256,64,160,36,49,9,10,1,1]
[4096,-1280,16,61,1,-5,1]
[512,0,120,-1,15,0,1]
[6561,-648,175,-8,1]
[256,320,192,84,37,21,12,5,1]
[4096,-2560,960,-279,60,-10,1]
[4096,256,432,31,27,1,1]
[16384,-128,-229,-1,1]
[729,-567,333,-124,37,-7,1]
[256,-192,48,0,3,0,3,-3,1]
[4096,1088,153,17,1]
[4096,-2560,1104,-329,69,-10,1]
[512,128,40,-13,5,2,1]
[4096,-3072,912,-199,57,-12,1]
[256,-64,0,24,-23,6,0,-1,1]
[4096,1792,496,141,31,7,1]
[14641,-1694,173,-14,1]
[4096,-1280,0,65,0,-5,1]
[256,-128,16,-4,11,-1,1,-2,1]
[4096,256,544,31,34,1,1]
[729,162,198,35,22,2,1]
[256,-128,32,16,-25,4,2,-2,1]
[729,0,45,-38,5,0,1]
[4096,-1792,576,-165,36,-7,1]
[4096,-1792,448,-91,28,-7,1]
[6561,1377,220,17,1]
[256,-64,48,-36,15,-9,3,-1,1]
[729,729,423,169,47,9,1]
[4096,1536,48,-71,3,6,1]
[256,0,32,24,17,6,2,0,1]
[256,96,19,6,1]
[4096,2560,1024,281,64,10,1]
[256,128,160,64,53,16,10,2,1]
[2401,833,163,17,1]
[256,-256,128,-32,7,-8,8,-4,1]
[625,325,84,13,1]
[14641,605,96,5,1]
[14641,-605,90,-5,1]
[256,-128,64,-40,21,-10,4,-2,1]
[14641,-968,68,-8,1]
[4096,-512,-128,55,-8,-2,1]
[15625,4000,484,32,1]
[256,64,-16,-8,17,-2,-1,1,1]
[512,0,48,13,6,0,1]
[4096,0,0,1,0,0,1]
[256,0,-16,-8,-15,-2,-1,0,1]
[4096,1280,192,-11,12,5,1]
[729,243,45,13,5,3,1]
[15625,-750,37,-6,1]
[256,-64,80,-4,19,-1,5,-1,1]
[4096,-1280,-48,105,-3,-5,1]
[14641,2662,281,22,1]
[256,-192,16,28,-15,7,1,-3,1]
[729,-405,135,-41,15,-5,1]
[16384,128,233,1,1]
[16384,768,85,6,1]
[4096,1280,416,109,26,5,1]
[256,0,32,-28,13,-7,2,0,1]
[729,-324,144,-76,16,-4,1]
[4096,-256,-192,27,-12,-1,1]
[4096,256,113,4,1]
[625,125,53,5,1]
[16384,1280,123,10,1]
[4096,1024,96,-51,6,4,1]
[14641,-1210,14,-10,1]
[6561,-1296,220,-16,1]
[256,-64,64,-16,-1,-4,4,-1,1]
[729,0,27,-25,3,0,1]
[256,-128,64,-12,7,-3,4,-2,1]
[512,0,56,13,7,0,1]
[15625,-2500,253,-20,1]
[14641,1573,68,13,1]
[14641,242,147,2,1]
[16384,-512,-123,-4,1]
[729,0,45,22,5,0,1]
[256,-64,32,4,-17,1,2,-1,1]
[256,-64,80,-28,25,-7,5,-1,1]
[14641,-2057,299,-17,1]
[6561,486,112,6,1]
[4096,-384,97,-6,1]
[6561,324,-83,4,1]
[4096,1536,768,165,48,6,1]
[256,0,48,-44,-7,-11,3,0,1]
[16384,-2560,289,-20,1]
[2401,-882,174,-18,1]
[15625,2125,193,17,1]
[4096,1024,256,51,16,4,1]
[16384,-4352,535,-34,1]
[729,243,135,32,15,3,1]
[4096,832,101,13,1]
[14641,-1452,142,-12,1]
[6561,-1215,154,-15,1]
[256,-64,16,36,-17,9,1,-1,1]
[4096,-256,592,-19,37,-1,1]
[16384,-2560,243,-20,1]
[256,-320,192,-88,43,-22,12,-5,1]
[4096,-1024,304,-13,19,-4,1]
[14641,-484,-85,-4,1]
[15625,125,-227,1,1]
[729,-81,81,11,9,-1,1]
[14641,726,114,6,1]
[256,64,128,36,47,9,8,1,1]
[729,486,234,89,26,6,1]
[15625,0,109,0,1]
[4096,1536,608,119,38,6,1]
[16384,3200,355,25,1]
[6561,1296,190,16,1]
[256,-512,544,-412,237,-103,34,-8,1]
[4096,-2560,656,-127,41,-10,1]
[15625,1375,218,11,1]
[14641,-1089,89,-9,1]
[15625,2125,132,17,1]
[4096,1024,384,31,24,4,1]
[4096,0,-160,35,-10,0,1]
[729,-405,171,-56,19,-5,1]
[256,64,112,-8,21,-2,7,1,1]
[6561,-1377,176,-17,1]
[256,192,48,-52,-43,-13,3,3,1]
[4096,-1024,240,-69,15,-4,1]
[15625,-2375,237,-19,1]
[14641,2904,338,24,1]
[16384,-256,-71,-2,1]
[256,192,160,100,57,25,10,3,1]
[4096,256,464,53,29,1,1]
[4096,1536,32,-57,2,6,1]
[512,0,32,-5,4,0,1]
[4096,2048,544,113,34,8,1]
[6561,-972,116,-12,1]
[4096,-256,272,-41,17,-1,1]
[4096,2304,1024,277,64,9,1]
[4096,-1024,592,-91,37,-4,1]
[14641,1452,202,12,1]
[16384,-2304,289,-18,1]
[256,320,272,192,109,48,17,5,1]
[4096,-768,-112,63,-7,-3,1]
[4096,256,-112,-93,-7,1,1]
[4096,-768,-64,91,-4,-3,1]
[4096,2304,1136,303,71,9,1]
[4096,-768,640,-97,40,-3,1]
[15625,-1500,124,-12,1]
[14641,484,53,4,1]
[14641,484,50,4,1]
[4096,-1024,-64,97,-4,-4,1]
[15625,375,-178,3,1]
[256,0,128,-8,35,-2,8,0,1]
[4096,-256,128,77,8,-1,1]
[729,324,216,67,24,4,1]
[4096,-256,400,-39,25,-1,1]
[15625,-2875,336,-23,1]
[4096,1024,608,131,38,4,1]
[4096,768,512,51,32,3,1]
[512,-64,64,9,8,-1,1]
[4096,1280,176,-5,11,5,1]
[256,-128,32,32,-21,8,2,-2,1]
[256,256,176,80,41,20,11,4,1]
[4096,1024,640,123,40,4,1]
[4096,-1536,368,-101,23,-6,1]
[4096,512,320,23,20,2,1]
[4096,1536,720,183,45,6,1]
[256,-192,160,-108,59,-27,10,-3,1]
[512,0,48,9,6,0,1]
[14641,968,59,8,1]
[4096,768,384,19,24,3,1]
[4096,768,-128,-61,-8,3,1]
[16384,896,-23,7,1]
[256,-192,64,0,1,0,4,-3,1]
[729,-648,342,-127,38,-8,1]
[729,-81,36,17,4,-1,1]
[256,192,96,24,1,6,6,3,1]
[4096,512,80,-41,5,2,1]
[256,64,96,32,31,8,6,1,1]
[4096,0,256,-47,16,0,1]
[256,64,32,-28,-13,-7,2,1,1]
[256,-320,288,-172,97,-43,18,-5,1]
[256,448,448,332,189,83,28,7,1]
[4096,768,128,-41,8,3,1]
[15625,875,-52,7,1]
[4096,768,144,69,9,3,1]
[4096,-1024,304,-97,19,-4,1]
[16384,2432,317,19,1]
[4096,512,144,1,9,2,1]
[4096,2304,576,117,36,9,1]
[512,64,144,11,18,1,1]
[14641,0,-15,0,1]
[16384,-2560,261,-20,1]
[729,243,64,9,1]
[6561,1215,197,15,1]
[4096,-1280,416,-167,26,-5,1]
[256,0,-16,4,-9,1,-1,0,1]
[4096,768,496,79,31,3,1]
[4096,-768,288,-21,18,-3,1]
[16384,-2560,305,-20,1]
[4096,1024,160,55,10,4,1]
[16384,-2688,291,-21,1]
[15625,-1000,113,-8,1]
[14641,3025,390,25,1]
[4096,-2048,736,-173,46,-8,1]
[14641,1331,155,11,1]
[4096,-2304,688,-163,43,-9,1]
[6561,486,125,6,1]
[256,128,32,24,25,6,2,2,1]
[512,-256,136,-55,17,-4,1]
[6561,162,-103,2,1]
[729,405,198,80,22,5,1]
[6561,648,170,8,1]
[4096,256,496,-1,31,1,1]
[729,81,99,14,11,1,1]
[256,64,32,4,-1,1,2,1,1]
[729,-81,45,19,5,-1,1]
[256,128,80,20,15,5,5,2,1]
[15625,4375,537,35,1]
[256,0,-16,0,-5,0,-1,0,1]
[256,-64,0,-8,23,-2,0,-1,1]
[4096,2048,368,33,23,8,1]
[16384,-2944,329,-23,1]
[15625,1250,-22,10,1]
[512,192,104,25,13,3,1]
[729,405,207,59,23,5,1]
[14641,2783,306,23,1]
[4096,-768,480,-57,30,-3,1]
[15625,-250,-31,-2,1]
[256,128,48,-20,-11,-5,3,2,1]
[4096,512,64,-69,4,2,1]
[256,-128,0,-4,7,-1,0,-2,1]
[15625,-375,-167,-3,1]
[14641,242,71,2,1]
[4096,0,-48,41,-3,0,1]
[4096,-2304,784,-231,49,-9,1]
[4096,768,-48,-105,-3,3,1]
[2401,-196,5,-4,1]
[256,256,128,28,5,7,8,4,1]
[4096,2304,816,243,51,9,1]
[512,0,-32,17,-4,0,1]
[256,-128,96,-44,27,-11,6,-2,1]
[15625,1000,109,8,1]
[4096,-768,112,11,7,-3,1]
[15625,0,-156,0,1]
[6561,162,59,2,1]
[256,0,-48,8,19,2,-3,0,1]
[4096,64,77,1,1]
[15625,500,43,4,1]
[15625,-2625,342,-21,1]
[256,0,-32,4,9,1,-2,0,1]
[14641,-1331,205,-11,1]
[15625,1625,53,13,1]
[256,64,64,8,13,2,4,1,1]
[729,-81,171,-20,19,-1,1]
[6561,-891,106,-11,1]
[256,64,0,16,33,4,0,1,1]
[6561,-486,-29,-6,1]
[4096,704,87,11,1]
[16384,-1152,131,-9,1]
[4096,1024,688,113,43,4,1]
[256,64,-32,-12,11,-3,-2,1,1]
[256,0,64,-20,3,-5,4,0,1]
[256,-64,128,-40,45,-10,8,-1,1]
[512,-64,-8,37,-1,-1,1]
[4096,-64,63,-1,1]
[15625,-500,-136,-4,1]
[4096,0,-48,-13,-3,0,1]
[15625,1250,18,10,1]
[16384,-3968,449,-31,1]
[4096,2304,640,141,40,9,1]
[4096,-256,272,7,17,-1,1]
[256,128,-32,-20,-1,-5,-2,2,1]
[4096,-320,-19,-5,1]
[14641,484,158,4,1]
[14641,1452,131,12,1]
[4096,-512,-32,-1,-2,-2,1]
[729,-81,9,-4,1,-1,1]
[256,256,176,112,67,28,11,4,1]
[15625,-1750,78,-14,1]
[4096,512,-80,13,-5,2,1]
[4096,0,192,27,12,0,1]
[729,0,63,-20,7,0,1]
[4096,2048,416,59,26,8,1]
[512,0,-8,-37,-1,0,1]
[16384,-2432,299,-19,1]
[15625,1625,277,13,1]
[4096,-512,144,7,9,-2,1]
[14641,-1694,282,-14,1]
[4096,-768,-64,51,-4,-3,1]
[14641,2057,293,17,1]
[512,-128,40,-15,5,-2,1]
[4096,-1536,-80,131,-5,-6,1]
[512,64,96,25,12,1,1]
[4096,512,80,73,5,2,1]
[4096,-768,32,45,2,-3,1]
[15625,1875,251,15,1]
[4096,-256,400,-35,25,-1,1]
[4096,-512,416,-69,26,-2,1]
[4096,1280,-16,-55,-1,5,1]
[14641,2178,316,18,1]
[15625,1000,12,8,1]
[16384,768,39,6,1]
[4096,256,0,-21,0,1,1]
[4096,0,368,19,23,0,1]
[4096,-1280,-64,97,-4,-5,1]
[4096,-1536,640,-191,40,-6,1]
[4096,-1280,528,-119,33,-5,1]
[16384,1408,99,11,1]
[6561,324,143,4,1]
[4096,768,112,-21,7,3,1]
[15625,1375,244,11,1]
[16384,-384,203,-3,1]
[4096,256,128,-47,8,1,1]
[4096,-1024,-32,69,-2,-4,1]
[16384,640,-19,5,1]
[81,-9,8,-1,1]
[4096,-1536,400,-83,25,-6,1]
[256,0,-32,-20,13,-5,-2,0,1]
[256,-128,16,32,-27,8,1,-2,1]
[15625,-500,193,-4,1]
[14641,2178,171,18,1]
[4096,-768,240,21,15,-3,1]
[4096,1536,0,-95,0,6,1]
[15625,2625,281,21,1]
[4096,768,272,65,17,3,1]
[4096,512,112,65,7,2,1]
[4096,1024,-176,-145,-11,4,1]
[4096,-256,-192,19,-12,-1,1]
[4096,-1024,320,-15,20,-4,1]
[16384,-1536,219,-12,1]
[4096,-512,288,-91,18,-2,1]
[2401,-931,174,-19,1]
[256,64,80,52,25,13,5,1,1]
[16384,256,-173,2,1]
[512,0,72,-3,9,0,1]
[14641,1089,221,9,1]
[4096,1536,-64,-121,-4,6,1]
[256,0,48,36,-5,9,3,0,1]
[4096,-256,-16,93,-1,-1,1]
[4096,1280,80,-25,5,5,1]
[729,0,135,1,15,0,1]
[4096,1792,416,99,26,7,1]
[15625,2375,222,19,1]
[14641,121,-217,1,1]
[4096,1280,512,133,32,5,1]
[4096,256,256,-31,16,1,1]
[256,-64,112,-56,27,-14,7,-1,1]
[512,-128,120,-13,15,-2,1]
[512,384,208,77,26,6,1]
[4096,0,-240,-7,-15,0,1]
[6561,1539,221,19,1]
[4096,-2816,1168,-337,73,-11,1]
[14641,-1936,150,-16,1]
[256,64,48,-36,-11,-9,3,1,1]
[4096,2048,928,243,58,8,1]
[256,-128,64,-28,1,-7,4,-2,1]
[4096,1024,448,87,28,4,1]
[256,-128,64,-24,1,-6,4,-2,1]
[4096,1024,640,111,40,4,1]
[4096,768,432,59,27,3,1]
[4096,2048,896,237,56,8,1]
[4096,-896,165,-14,1]
[4096,-1024,-32,37,-2,-4,1]
[15625,-500,191,-4,1]
[256,128,48,8,-11,2,3,2,1]
[256,-256,192,-92,47,-23,12,-4,1]
[15625,1250,256,10,1]
[256,-128,64,-16,21,-4,4,-2,1]
[256,256,208,132,75,33,13,4,1]
[625,-75,29,-3,1]
[4096,-1536,608,-129,38,-6,1]
[729,567,225,71,25,7,1]
[512,128,-24,-9,-3,2,1]
[256,-64,48,8,7,2,3,-1,1]
[512,-384,168,-63,21,-6,1]
[512,-64,16,-37,2,-1,1]
[4096,1536,400,69,25,6,1]
[15625,-1250,273,-10,1]
[4096,0,-96,77,-6,0,1]
[16384,1920,269,15,1]
[4096,-1024,304,-53,19,-4,1]
[2401,441,88,9,1]
[14641,121,-216,1,1]
[15625,2875,278,23,1]
[256,128,80,-4,-3,-1,5,2,1]
[4096,0,32,67,2,0,1]
[729,243,90,49,10,3,1]
[15625,-250,127,-2,1]
[14641,-2904,361,-24,1]
[2401,-686,104,-14,1]
[14641,-363,123,-3,1]
[16384,384,-125,3,1]
[4096,1536,48,-51,3,6,1]
[16384,-640,-111,-5,1]
[256,0,80,-4,31,-1,5,0,1]
[256,128,80,48,11,12,5,2,1]
[625,-25,44,-1,1]
[14641,2057,268,17,1]
[4096,1536,560,153,35,6,1]
[4096,-512,80,-27,5,-2,1]
[14641,2420,307,20,1]
[4096,-1536,544,-111,34,-6,1]
[4096,-1280,-48,87,-3,-5,1]
[256,-256,192,-96,47,-24,12,-4,1]
[4096,256,-32,55,-2,1,1]
[16384,1152,211,9,1]
[4096,1024,-16,-69,-1,4,1]
[4096,-768,16,-15,1,-3,1]
[4096,-2048,720,-223,45,-8,1]
[14641,1331,5,11,1]
[14641,-2057,179,-17,1]
[256,128,144,64,53,16,9,2,1]
[256,-64,144,-40,49,-10,9,-1,1]
[15625,-1000,18,-8,1]
[729,243,-63,-62,-7,3,1]
[729,648,288,95,32,8,1]
[4096,768,-96,-37,-6,3,1]
[14641,1452,266,12,1]
[4096,256,240,91,15,1,1]
[512,128,48,3,6,2,1]
[4096,-1280,432,-61,27,-5,1]
[4096,-2048,448,-95,28,-8,1]
[4096,-320,-29,-5,1]
[64,64,56,31,14,4,1]
[16384,-2432,279,-19,1]
[4096,256,288,3,18,1,1]
[16384,-1792,189,-14,1]
[2401,343,12,7,1]
[625,-50,14,-2,1]
[4096,-2048,944,-259,59,-8,1]
[15625,-1625,146,-13,1]
[15625,2500,203,20,1]
[15625,875,-2,7,1]
[256,-192,112,-56,27,-14,7,-3,1]
[14641,-1089,262,-9,1]
[6561,162,-124,2,1]
[256,384,192,-4,-35,-1,12,6,1]
[4096,-576,23,-9,1]
[4096,-1280,64,11,4,-5,1]
[625,-50,-13,-2,1]
[729,-216,35,-8,1]
[15625,375,232,3,1]
[6561,-486,50,-6,1]
[4096,1280,320,47,20,5,1]
[4096,-512,240,11,15,-2,1]
[4096,2304,784,225,49,9,1]
[729,0,9,-43,1,0,1]
[14641,-968,-32,-8,1]
[4096,-1792,704,-187,44,-7,1]
[729,54,-16,2,1]
[4096,1024,592,117,37,4,1]
[256,64,32,20,3,5,2,1,1]
[729,-243,90,-53,10,-3,1]
[256,-128,-64,12,23,3,-4,-2,1]
[4096,-512,176,-103,11,-2,1]
[4096,2048,640,185,40,8,1]
[15625,-1000,-63,-8,1]
[256,-64,64,48,-9,12,4,-1,1]
[256,64,32,40,19,10,2,1,1]
[729,-81,41,-3,1]
[4096,-1792,752,-173,47,-7,1]
[4096,-512,0,51,0,-2,1]
[14641,1815,163,15,1]
[4096,512,176,27,11,2,1]
[4096,-768,-64,25,-4,-3,1]
[256,0,48,20,13,5,3,0,1]
[6561,-729,86,-9,1]
[4096,-1024,-128,117,-8,-4,1]
[14641,-2783,309,-23,1]
[4096,-2048,752,-211,47,-8,1]
[4096,0,624,-3,39,0,1]
[256,0,-96,-4,31,-1,-6,0,1]
[16384,3328,373,26,1]
[16384,1280,-19,10,1]
[6561,-2592,415,-32,1]
[6561,891,94,11,1]
[729,243,153,37,17,3,1]
[4096,-2560,1104,-313,69,-10,1]
[4096,-512,63,-8,1]
[4096,2304,560,109,35,9,1]
[4096,1280,64,-43,4,5,1]
[14641,4235,536,35,1]
[729,-108,35,-4,1]
[4096,1536,368,53,23,6,1]
[256,64,64,20,29,5,4,1,1]
[4096,0,368,-41,23,0,1]
[4096,0,160,-89,10,0,1]
[2401,245,-5,5,1]
[729,-405,225,-88,25,-5,1]
[729,405,171,58,19,5,1]
[256,64,32,20,25,5,2,1,1]
[4096,256,-112,-103,-7,1,1]
[6561,81,143,1,1]
[512,-256,128,-37,16,-4,1]
[256,-64,-16,0,21,0,-1,-1,1]
[14641,-1694,250,-14,1]
[256,64,96,28,17,7,6,1,1]
[16384,2176,209,17,1]
[14641,605,-106,5,1]
[729,0,27,22,3,0,1]
[15625,-2875,313,-23,1]
[4096,2048,416,61,26,8,1]
[4096,-512,96,21,6,-2,1]
[4096,-256,-16,-17,-1,-1,1]
[256,64,48,16,7,4,3,1,1]
[729,243,126,46,14,3,1]
[256,-320,208,-92,43,-23,13,-5,1]
[14641,1573,65,13,1]
[14641,1936,238,16,1]
[6561,729,41,9,1]
[15625,625,23,5,1]
[4096,256,96,123,6,1,1]
[15625,1500,19,12,1]
[729,405,106,15,1]
[16384,-256,-7,-2,1]
[256,0,-16,-4,3,-1,-1,0,1]
[2401,-343,9,-7,1]
[4096,256,176,73,11,1,1]
[16384,640,-121,5,1]
[256,0,0,-20,5,-5,0,0,1]
[15625,250,-198,2,1]
[4096,-1024,400,-101,25,-4,1]
[729,567,261,92,29,7,1]
[4096,512,480,19,30,2,1]
[729,162,-45,-20,-5,2,1]
[4096,768,-48,-15,-3,3,1]
[16384,3456,421,27,1]
[512,0,64,7,8,0,1]
[4096,2816,1152,345,72,11,1]
[14641,-121,-128,-1,1]
[729,-81,-9,44,-1,-1,1]
[4096,512,208,-29,13,2,1]
[512,192,96,23,12,3,1]
[4096,1536,384,65,24,6,1]
[15625,2125,178,17,1]
[4096,1280,672,121,42,5,1]
[4096,2304,592,131,37,9,1]
[14641,-1210,118,-10,1]
[4096,1792,416,59,26,7,1]
[4096,512,144,-3,9,2,1]
[4096,-256,96,-15,6,-1,1]
[256,-128,112,-16,19,-4,7,-2,1]
[64,48,36,15,9,3,1]
[14641,-1452,48,-12,1]
[4096,1792,160,-21,10,7,1]
[6561,-162,127,-2,1]
[16384,-384,-95,-3,1]
[4096,-512,64,-79,4,-2,1]
[4096,-256,96,5,6,-1,1]
[4096,256,-144,-3,-9,1,1]
[16384,-896,-85,-7,1]
[14641,1452,248,12,1]
[729,-81,99,-4,11,-1,1]
[4096,3584,1616,485,101,14,1]
[15625,0,102,0,1]
[256,0,32,-8,11,-2,2,0,1]
[729,81,18,-28,2,1,1]
[256,192,32,24,29,6,2,3,1]
[256,64,96,-20,13,-5,6,1,1]
[4096,0,176,-77,11,0,1]
[6561,1377,157,17,1]
[4096,768,144,-25,9,3,1]
[4096,1792,-16,-117,-1,7,1]
[16384,3328,393,26,1]
[2401,-784,136,-16,1]
[4096,3328,1376,395,86,13,1]
[4096,256,112,119,7,1,1]
[4096,-768,208,-65,13,-3,1]
[4096,1280,-96,-95,-6,5,1]
[15625,-2125,263,-17,1]
[512,-384,88,-7,11,-6,1]
[4096,1536,560,151,35,6,1]
[4096,1792,592,123,37,7,1]
[14641,-2541,256,-21,1]
[4096,1792,480,103,30,7,1]
[14641,484,12,4,1]
[4096,-1792,672,-179,42,-7,1]
[4096,1792,608,191,38,7,1]
[16384,1280,183,10,1]
[4096,-1536,176,3,11,-6,1]
[256,64,64,24,31,6,4,1,1]
[4096,-1024,112,21,7,-4,1]
[2401,686,107,14,1]
[729,405,81,10,9,5,1]
[4096,-2304,1072,-297,67,-9,1]
[4096,1536,-48,-101,-3,6,1]
[4096,-512,272,-73,17,-2,1]
[14641,242,53,2,1]
[15625,375,208,3,1]
[256,-64,64,24,-1,6,4,-1,1]
[14641,1815,102,15,1]
[14641,-3509,400,-29,1]
[14641,1694,157,14,1]
[14641,1815,161,15,1]
[256,16,-21,1,1]
[512,-128,-16,7,-2,-2,1]
[4096,-1280,384,-89,24,-5,1]
[4096,2560,928,269,58,10,1]
[1024,32,-19,1,1]
[256,-128,32,16,-9,4,2,-2,1]
[512,64,48,39,6,1,1]
[1024,-160,59,-5,1]
[4096,768,-80,-11,-5,3,1]
[729,-324,45,-4,5,-4,1]
[4096,-256,192,-23,12,-1,1]
[4096,512,288,55,18,2,1]
[256,-64,80,-52,15,-13,5,-1,1]
[4096,512,-96,-127,-6,2,1]
[4096,-1280,16,53,1,-5,1]
[4096,1280,-144,-115,-9,5,1]
[4096,1792,304,31,19,7,1]
[256,-64,0,-28,17,-7,0,-1,1]
[4096,512,0,-97,0,2,1]
[16384,-2944,385,-23,1]
[14641,484,6,4,1]
[14641,2057,255,17,1]
[4096,768,240,29,15,3,1]
[729,-729,423,-166,47,-9,1]
[6561,0,-79,0,1]
[4096,-1792,688,-219,43,-7,1]
[14641,242,-141,2,1]
[15625,2500,297,20,1]
[4096,-1536,192,-3,12,-6,1]
[4096,-512,-16,-5,-1,-2,1]
[256,-64,80,0,7,0,5,-1,1]
[16384,1536,239,12,1]
[4096,-2816,1008,-279,63,-11,1]
[256,0,48,48,-1,12,3,0,1]
[15625,-1125,181,-9,1]
[4096,-1792,624,-185,39,-7,1]
[14641,1694,115,14,1]
[4096,-1792,176,35,11,-7,1]
[4096,768,480,83,30,3,1]
[256,128,48,32,25,8,3,2,1]
[256,16,17,1,1]
[729,-405,90,-17,10,-5,1]
[625,200,61,8,1]
[14641,-2299,200,-19,1]
[256,128,0,-4,3,-1,0,2,1]
[15625,-5000,647,-40,1]
[512,-384,272,-101,34,-6,1]
[4096,0,288,3,18,0,1]
[16384,-896,-11,-7,1]
[256,-320,240,-104,49,-26,15,-5,1]
[256,0,16,-4,-21,-1,1,0,1]
[729,-729,405,-157,45,-9,1]
[256,0,16,4,5,1,1,0,1]
[15625,375,-44,3,1]
[4096,512,304,3,19,2,1]
[4096,-1024,544,-77,34,-4,1]
[16384,-384,89,-3,1]
[256,320,240,132,63,33,15,5,1]
[256,192,16,-44,-31,-11,1,3,1]
[4096,-256,-16,111,-1,-1,1]
[64,16,-4,-1,-1,1,1]
[256,128,160,60,47,15,10,2,1]
[256,192,32,0,7,0,2,3,1]
[4096,-1024,704,-121,44,-4,1]
[256,256,96,-40,-43,-10,6,4,1]
[16384,-1280,189,-10,1]
[15625,750,-8,6,1]
[4096,-2048,720,-183,45,-8,1]
[256,256,64,-12,-11,-3,4,4,1]
[729,-486,261,-85,29,-6,1]
[4096,-3072,1376,-401,86,-12,1]
[15625,-875,103,-7,1]
[15625,-250,222,-2,1]
[14641,2299,276,19,1]
[4096,-1536,336,-89,21,-6,1]
[4096,-1536,256,-53,16,-6,1]
[4096,-1024,704,-113,44,-4,1]
[15625,-1250,129,-10,1]
[256,-64,0,-20,29,-5,0,-1,1]
[14641,-242,164,-2,1]
[729,-162,18,-22,2,-2,1]
[512,0,-16,-17,-2,0,1]
[729,0,9,23,1,0,1]
[4096,-256,-32,-29,-2,-1,1]
[4096,1024,-144,-117,-9,4,1]
[729,162,-45,-55,-5,2,1]
[4096,-2048,768,-217,48,-8,1]
[15625,3750,428,30,1]
[4096,-640,121,-10,1]
[14641,968,50,8,1]
[256,192,160,88,59,22,10,3,1]
[4096,-256,-80,29,-5,-1,1]
[2401,-539,58,-11,1]
[4096,0,448,25,28,0,1]
[6561,0,107,0,1]
[4096,2304,1008,285,63,9,1]
[4096,768,448,109,28,3,1]
[4096,-256,-176,15,-11,-1,1]
[4096,-512,144,-63,9,-2,1]
[16384,-128,203,-1,1]
[4096,-512,496,-23,31,-2,1]
[6561,-729,20,-9,1]
[15625,-3250,416,-26,1]
[14641,0,-105,0,1]
[4096,2048,896,257,56,8,1]
[4096,1024,128,15,8,4,1]
[16384,1664,91,13,1]
[4096,-2816,1136,-331,71,-11,1]
[16384,-2944,337,-23,1]
[6561,-486,128,-6,1]
[256,256,144,84,45,21,9,4,1]
[4096,-1536,480,-147,30,-6,1]
[2401,-196,-9,-4,1]
[14641,1452,172,12,1]
[15625,125,-54,1,1]
[4096,-512,128,-107,8,-2,1]
[4096,-704,89,-11,1]
[4096,768,-96,-89,-6,3,1]
[4096,-256,352,-25,22,-1,1]
[14641,3267,409,27,1]
[256,64,-32,12,25,3,-2,1,1]
[256,320,272,184,97,46,17,5,1]
[14641,121,-62,1,1]
[729,81,63,-14,7,1,1]
[6561,162,-23,2,1]
[16384,640,223,5,1]
[256,64,-32,-4,1,-1,-2,1,1]
[14641,968,8,8,1]
[729,-162,81,-20,9,-2,1]
[625,-150,44,-6,1]
[4096,-1024,112,-5,7,-4,1]
[4096,2304,864,253,54,9,1]
[4096,-1024,528,-75,33,-4,1]
[4096,2560,1088,307,68,10,1]
[2401,-539,96,-11,1]
[256,-64,112,-44,29,-11,7,-1,1]
[4096,1280,320,39,20,5,1]
[256,128,-48,8,35,2,-3,2,1]
[256,64,144,32,43,8,9,1,1]
[256,-128,48,8,-19,2,3,-2,1]
[4096,768,-96,-115,-6,3,1]
[14641,1452,159,12,1]
[4096,-1792,672,-161,42,-7,1]
[729,-324,126,-31,14,-4,1]
[14641,1089,-4,9,1]
[4096,512,288,7,18,2,1]
[256,-64,144,-24,41,-6,9,-1,1]
[2401,-1029,201,-21,1]
[15625,375,-99,3,1]
[256,192,64,-40,-37,-10,4,3,1]
[2401,98,46,2,1]
[14641,1210,167,10,1]
[14641,-2299,183,-19,1]
[14641,-1452,265,-12,1]
[256,0,96,28,21,7,6,0,1]
[256,192,16,-28,-19,-7,1,3,1]
[4096,-768,-96,69,-6,-3,1]
[4096,-1024,160,3,10,-4,1]
[4096,-512,-64,75,-4,-2,1]
[4096,0,-64,63,-4,0,1]
[15625,1250,266,10,1]
[4096,2816,976,261,61,11,1]
[256,-320,176,-52,17,-13,11,-5,1]
[15625,750,191,6,1]
[4096,0,16,101,1,0,1]
[14641,-1331,225,-11,1]
[14641,363,96,3,1]
[14641,-1331,127,-11,1]
[256,-256,144,-44,13,-11,9,-4,1]
[256,-64,160,-40,49,-10,10,-1,1]
[729,567,324,116,36,7,1]
[16384,0,123,0,1]
[4096,-1024,-128,85,-8,-4,1]
[125,-18,1]
[256,-64,48,28,-11,7,3,-1,1]
[4096,0,32,93,2,0,1]
[256,192,112,48,29,12,7,3,1]
[4096,1024,208,5,13,4,1]
[15625,2375,241,19,1]
[15625,-2875,366,-23,1]
[15625,1875,166,15,1]
[15625,4125,518,33,1]
[14641,-1089,184,-9,1]
[16384,0,-67,0,1]
[4096,-1024,400,-93,25,-4,1]
[256,0,80,36,7,9,5,0,1]
[625,125,41,5,1]
[4096,768,336,29,21,3,1]
[512,0,32,25,4,0,1]
[256,-128,144,-32,33,-8,9,-2,1]
[16384,-1280,133,-10,1]
[15625,-1125,202,-9,1]
[4096,-1280,80,33,5,-5,1]
[256,192,64,0,-5,0,4,3,1]
[15625,625,-118,5,1]
[256,192,224,132,81,33,14,3,1]
[16384,-1280,245,-10,1]
[15625,875,183,7,1]
[14641,363,59,3,1]
[4096,2816,1184,353,74,11,1]
[15625,-3000,381,-24,1]
[256,0,96,4,37,1,6,0,1]
[6561,-972,97,-12,1]
[512,-576,352,-147,44,-9,1]
[4096,-256,256,-37,16,-1,1]
[125,9,1]
[14641,1452,47,12,1]
[16384,-3072,305,-24,1]
[256,192,64,28,17,7,4,3,1]
[4096,768,48,7,3,3,1]
[15625,-250,101,-2,1]
[4096,256,0,93,0,1,1]
[1024,96,65,3,1]
[4096,-1280,400,-99,25,-5,1]
[6561,1458,238,18,1]
[512,64,16,25,2,1,1]
[256,0,16,20,-11,5,1,0,1]
[4096,-256,-96,87,-6,-1,1]
[4096,576,133,9,1]
[4096,-1024,352,-137,22,-4,1]
[256,128,64,20,17,5,4,2,1]
[4096,-1088,177,-17,1]
[256,-128,80,-28,9,-7,5,-2,1]
[256,0,16,-12,-21,-3,1,0,1]
[256,0,32,-20,15,-5,2,0,1]
[256,-64,32,-28,5,-7,2,-1,1]
[14641,-1210,133,-10,1]
[64,-48,8,1,2,-3,1]
[4096,2560,416,15,26,10,1]
[4096,-256,544,-9,34,-1,1]
[729,-243,135,-59,15,-3,1]
[729,243,126,52,14,3,1]
[16384,-1408,103,-11,1]
[4096,-2560,1088,-325,68,-10,1]
[512,64,72,23,9,1,1]
[14641,484,67,4,1]
[14641,-968,90,-8,1]
[4096,256,32,5,2,1,1]
[15625,-2000,181,-16,1]
[256,128,48,32,21,8,3,2,1]
[256,-192,112,-72,51,-18,7,-3,1]
[256,0,-16,-20,17,-5,-1,0,1]
[4096,-1024,304,-127,19,-4,1]
[14641,-1694,210,-14,1]
[14641,363,-46,3,1]
[15625,250,-22,2,1]
[729,405,81,11,9,5,1]
[2401,-1078,214,-22,1]
[4096,-768,608,-81,38,-3,1]
[2401,147,43,3,1]
[14641,847,95,7,1]
[256,64,96,48,29,12,6,1,1]
[256,64,112,-20,17,-5,7,1,1]
[256,128,0,-16,-15,-4,0,2,1]
[15625,0,-204,0,1]
[4096,-1536,336,-31,21,-6,1]
[14641,-1694,164,-14,1]
[4096,256,448,47,28,1,1]
[4096,512,16,-7,1,2,1]
[15625,-375,52,-3,1]
[1024,32,-5,1,1]
[14641,605,-59,5,1]
[256,-64,16,-24,27,-6,1,-1,1]
[15625,-375,-177,-3,1]
[14641,-2541,272,-21,1]
[4096,-2048,672,-169,42,-8,1]
[4096,768,-208,-77,-13,3,1]
[2401,-245,97,-5,1]
[4096,-256,496,-25,31,-1,1]
[6561,-324,19,-4,1]
[4096,1792,480,121,30,7,1]
[4096,-768,272,-127,17,-3,1]
[1024,-256,35,-8,1]
[15625,-2375,211,-19,1]
[512,64,8,5,1,1,1]
[2401,196,76,4,1]
[512,-320,120,-43,15,-5,1]
[4096,-768,768,-93,48,-3,1]
[16384,1280,53,10,1]
[14641,242,-145,2,1]
[256,-64,0,28,-1,7,0,-1,1]
[15625,-1875,291,-15,1]
[4096,768,560,77,35,3,1]
[16384,-1792,253,-14,1]
[14641,-847,194,-7,1]
[15625,250,174,2,1]
[15625,1375,263,11,1]
[6561,-243,-16,-3,1]
[15625,-2500,306,-20,1]
[2401,-588,132,-12,1]
[6561,243,2,3,1]
[4096,-1024,416,-53,26,-4,1]
[15625,1125,-14,9,1]
[4096,0,80,105,5,0,1]
[4096,-256,176,-95,11,-1,1]
[256,128,-32,0,23,0,-2,2,1]
[64,-7,1]
[729,405,144,32,16,5,1]
[15625,1125,208,9,1]
[4096,-512,640,-63,40,-2,1]
[4096,-768,192,-117,12,-3,1]
[729,0,36,2,4,0,1]
[4096,1536,480,85,30,6,1]
[1024,320,79,10,1]
[729,243,99,65,11,3,1]
[729,-81,5,-3,1]
[256,-64,160,-36,57,-9,10,-1,1]
[729,0,9,-40,1,0,1]
[4096,-1280,624,-137,39,-5,1]
[14641,121,-189,1,1]
[729,0,35,0,1]
[512,256,176,57,22,4,1]
[729,-135,13,-5,1]
[4096,-256,400,5,25,-1,1]
[4096,256,-19,4,1]
[16384,-256,111,-2,1]
[4096,-1024,384,-67,24,-4,1]
[16384,-3712,445,-29,1]
[4096,-1536,800,-169,50,-6,1]
[15625,1125,87,9,1]
[14641,-2178,222,-18,1]
[4096,-512,320,-79,20,-2,1]
[729,243,108,40,12,3,1]
[4096,-1024,480,-127,30,-4,1]
[256,64,48,24,1,6,3,1,1]
[16384,2432,265,19,1]
[4096,512,-144,-97,-9,2,1]
[4096,768,272,95,17,3,1]
[14641,-363,-19,-3,1]
[256,128,48,16,19,4,3,2,1]
[4096,512,160,35,10,2,1]
[4096,1536,576,143,36,6,1]
[4096,1024,512,65,32,4,1]
[16384,-2304,199,-18,1]
[729,567,243,86,27,7,1]
[256,64,16,-8,3,-2,1,1,1]
[14641,363,119,3,1]
[15625,-2125,204,-17,1]
[16384,0,-209,0,1]
[16384,-640,-93,-5,1]
[512,64,64,-1,8,1,1]
[729,-243,144,-29,16,-3,1]
[16384,-1280,77,-10,1]
[4096,1792,608,189,38,7,1]
[256,0,-32,20,15,5,-2,0,1]
[256,-128,128,-92,33,-23,8,-2,1]
[729,-81,72,11,8,-1,1]
[625,-25,-24,-1,1]
[4096,2048,704,219,44,8,1]
[256,448,432,304,169,76,27,7,1]
[15625,-2875,291,-23,1]
[4096,-1792,592,-129,37,-7,1]
[729,-324,81,-25,9,-4,1]
[729,81,36,-5,4,1,1]
[6561,1863,268,23,1]
[4096,-1024,432,-105,27,-4,1]
[14641,3267,408,27,1]
[15625,-1875,131,-15,1]
[16384,-128,-17,-1,1]
[4096,256,112,113,7,1,1]
[4096,-1280,160,-23,10,-5,1]
[4096,832,93,13,1]
[256,384,320,216,121,54,20,6,1]
[256,-128,128,-32,25,-8,8,-2,1]
[4096,-1280,205,-20,1]
[256,0,0,-12,-9,-3,0,0,1]
[512,64,120,19,15,1,1]
[14641,-2662,311,-22,1]
[256,-192,208,-128,75,-32,13,-3,1]
[16384,-128,13,-1,1]
[14641,605,103,5,1]
[14641,605,129,5,1]
[14641,0,54,0,1]
[14641,-1452,25,-12,1]
[6561,-486,22,-6,1]
[256,128,33,8,1]
[256,0,32,0,11,0,2,0,1]
[256,64,48,24,-5,6,3,1,1]
[15625,875,7,7,1]
[4096,-1280,368,-91,23,-5,1]
[15625,-1250,89,-10,1]
[6561,162,124,2,1]
[256,-128,48,16,-3,4,3,-2,1]
[16384,-640,165,-5,1]
[14641,0,199,0,1]
[15625,3000,319,24,1]
[729,162,9,16,1,2,1]
[729,162,-36,-31,-4,2,1]
[256,-192,64,-52,39,-13,4,-3,1]
[729,-324,-36,52,-4,-4,1]
[729,243,-36,-46,-4,3,1]
[256,320,224,108,51,27,14,5,1]
[15625,875,-36,7,1]
[256,320,272,152,83,38,17,5,1]
[14641,363,188,3,1]
[4096,1536,704,161,44,6,1]
[2401,588,99,12,1]
[4096,512,432,19,27,2,1]
[16384,896,25,7,1]
[4096,0,48,-25,3,0,1]
[4096,2304,512,95,32,9,1]
[4096,256,496,3,31,1,1]
[4096,-1280,112,-9,7,-5,1]
[4096,-512,224,-117,14,-2,1]
[256,64,96,-24,11,-6,6,1,1]
[4096,-256,160,-55,10,-1,1]
[729,648,306,106,34,8,1]
[16384,2944,305,23,1]
[4096,-576,45,-9,1]
[14641,242,-173,2,1]
[4096,-320,75,-5,1]
[512,128,-24,-33,-3,2,1]
[14641,-242,152,-2,1]
[15625,-1500,173,-12,1]
[4096,-192,95,-3,1]
[4096,-256,368,-29,23,-1,1]
[256,-128,80,-12,7,-3,5,-2,1]
[14641,-3025,366,-25,1]
[512,320,96,29,12,5,1]
[6561,-648,46,-8,1]
[729,-162,18,1,2,-2,1]
[4096,0,-144,-3,-9,0,1]
[4096,-1024,624,-123,39,-4,1]
[4096,-2048,96,83,6,-8,1]
[16384,1152,75,9,1]
[14641,242,-112,2,1]
[4096,768,-160,-141,-10,3,1]
[729,-81,81,-34,9,-1,1]
[256,128,64,0,-1,0,4,2,1]
[4096,-1024,432,-117,27,-4,1]
[14641,-968,98,-8,1]
[14641,121,230,1,1]
[4096,512,-64,-23,-4,2,1]
[4096,1280,208,47,13,5,1]
[2401,-147,40,-3,1]
[14641,363,-106,3,1]
[729,-81,56,-3,1]
[4096,-512,224,7,14,-2,1]
[256,-64,64,-52,17,-13,4,-1,1]
[4096,512,128,33,8,2,1]
[121,-2,1]
[729,-81,54,7,6,-1,1]
[14641,968,42,8,1]
[4096,256,560,43,35,1,1]
[729,-405,306,-92,34,-5,1]
[256,-192,112,-68,37,-17,7,-3,1]
[4096,1024,224,-13,14,4,1]
[729,-729,396,-149,44,-9,1]
[4096,-256,384,-67,24,-1,1]
[729,81,55,3,1]
[16384,-2304,211,-18,1]
[15625,3625,404,29,1]
[256,256,208,136,65,34,13,4,1]
[256,-192,96,-36,5,-9,6,-3,1]
[256,-448,336,-136,49,-34,21,-7,1]
[4096,512,-64,7,-4,2,1]
[6561,-648,-4,-8,1]
[16384,512,-93,4,1]
[14641,-847,-71,-7,1]
[14641,363,183,3,1]
[14641,2057,240,17,1]
[729,648,351,142,39,8,1]
[256,64,16,0,-3,0,1,1,1]
[16384,1920,251,15,1]
[16384,1792,143,14,1]
[16384,-512,-105,-4,1]
[4096,-2048,480,-83,30,-8,1]
[15625,-3125,388,-25,1]
[4096,-1792,368,-63,23,-7,1]
[256,256,208,148,79,37,13,4,1]
[256,64,32,0,3,0,2,1,1]
[14641,484,146,4,1]
[4096,-1792,768,-175,48,-7,1]
[4096,1024,-80,-103,-5,4,1]
[4096,-3584,1776,-539,111,-14,1]
[2401,294,-13,6,1]
[4096,-2304,880,-259,55,-9,1]
[256,128,-64,-32,3,-8,-4,2,1]
[512,256,152,49,19,4,1]
[4096,-512,160,51,10,-2,1]
[4096,768,-112,-87,-7,3,1]
[256,256,128,40,13,10,8,4,1]
[16384,-1024,121,-8,1]
[4096,256,64,-7,4,1,1]
[4096,512,224,69,14,2,1]
[256,64,32,4,-9,1,2,1,1]
[256,256,192,104,49,26,12,4,1]
[256,512,560,428,245,107,35,8,1]
[14641,484,90,4,1]
[729,-243,81,-38,9,-3,1]
[14641,-2057,204,-17,1]
[4096,-512,704,-59,44,-2,1]
[14641,-3993,507,-33,1]
[14641,-2662,359,-22,1]
[4096,256,416,41,26,1,1]
[2401,1078,215,22,1]
[14641,363,98,3,1]
[256,-256,80,32,-37,8,5,-4,1]
[4096,-768,-176,99,-11,-3,1]
[729,486,162,50,18,6,1]
[6561,486,145,6,1]
[4096,-768,64,-51,4,-3,1]
[4096,512,0,-27,0,2,1]
[14641,3146,375,26,1]
[15625,1375,259,11,1]
[4096,0,176,-3,11,0,1]
[4096,1536,384,97,24,6,1]
[256,64,-64,-8,21,-2,-4,1,1]
[16384,512,-121,4,1]
[4096,-256,208,47,13,-1,1]
[16384,1920,147,15,1]
[4096,768,624,95,39,3,1]
[14641,-1210,17,-10,1]
[729,162,-9,-2,-1,2,1]
[4096,512,16,-29,1,2,1]
[16384,-1664,185,-13,1]
[512,128,8,11,1,2,1]
[15625,250,107,2,1]
[15625,1125,134,9,1]
[4096,512,80,95,5,2,1]
[14641,1452,210,12,1]
[4096,256,-192,-25,-12,1,1]
[4096,-1536,224,-9,14,-6,1]
[14641,-3872,464,-32,1]
[4096,-1280,368,-147,23,-5,1]
[4096,-1024,208,-73,13,-4,1]
[15625,3500,406,28,1]
[16384,2816,259,22,1]
[4096,2304,928,245,58,9,1]
[4096,0,-32,69,-2,0,1]
[256,-64,0,-16,33,-4,0,-1,1]
[4096,1280,368,119,23,5,1]
[14641,1331,236,11,1]
[14641,-2057,234,-17,1]
[14641,-605,-122,-5,1]
[4096,-1792,720,-171,45,-7,1]
[14641,2541,273,21,1]
[512,-320,104,-31,13,-5,1]
[4096,-1536,384,-113,24,-6,1]
[4096,2816,1120,323,70,11,1]
[4096,256,368,61,23,1,1]
[4096,512,176,121,11,2,1]
[6561,972,161,12,1]
[256,-64,48,-20,1,-5,3,-1,1]
[729,-243,0,29,0,-3,1]
[6561,-324,-80,-4,1]
[256,-128,16,-16,19,-4,1,-2,1]
[625,-50,47,-2,1]
[256,-64,96,-28,23,-7,6,-1,1]
[256,256,160,40,13,10,10,4,1]
[4096,1792,336,45,21,7,1]
[4096,1792,496,117,31,7,1]
[256,64,48,0,19,0,3,1,1]
[14641,-2904,347,-24,1]
[256,-64,-16,20,5,5,-1,-1,1]
[4096,-512,-16,35,-1,-2,1]
[4096,-768,528,-55,33,-3,1]
[4096,512,-96,-103,-6,2,1]
[729,243,-63,-46,-7,3,1]
[729,-162,9,-5,1,-2,1]
[729,324,-36,-53,-4,4,1]
[4096,768,208,99,13,3,1]
[256,-64,112,-24,41,-6,7,-1,1]
[256,-64,144,-72,39,-18,9,-1,1]
[2401,343,31,7,1]
[4096,320,-15,5,1]
[64,32,-4,-13,-1,2,1]
[256,0,-16,-4,23,-1,-1,0,1]
[729,243,216,47,24,3,1]
[512,-320,64,-7,8,-5,1]
[14641,-3146,376,-26,1]
[4096,-256,0,105,0,-1,1]
[4096,-1280,224,-59,14,-5,1]
[4096,-1536,496,-157,31,-6,1]
[512,-192,112,-27,14,-3,1]
[4096,-2304,832,-227,52,-9,1]
[1024,32,-23,1,1]
[15625,-2250,173,-18,1]
[729,-81,27,-1,3,-1,1]
[4096,2816,1200,351,75,11,1]
[4096,-1280,720,-149,45,-5,1]
[256,-128,16,-28,35,-7,1,-2,1]
[4096,1536,-160,-163,-10,6,1]
[4096,-512,-96,79,-6,-2,1]
[4096,768,240,41,15,3,1]
[14641,-726,157,-6,1]
[4096,1024,-176,-105,-11,4,1]
[4096,768,48,33,3,3,1]
[4096,-1024,208,-65,13,-4,1]
[4096,-768,80,23,5,-3,1]
[4096,-512,112,53,7,-2,1]
[6561,-324,38,-4,1]
[256,0,-64,-8,27,-2,-4,0,1]
[4096,-256,304,-5,19,-1,1]
[14641,-605,4,-5,1]
[512,192,96,35,12,3,1]
[4096,1536,304,43,19,6,1]
[14641,726,248,6,1]
[4096,256,400,13,25,1,1]
[729,81,72,16,8,1,1]
[6561,-162,-79,-2,1]
[15625,-125,64,-1,1]
[4096,3328,1472,435,92,13,1]
[512,-128,0,1,0,-2,1]
[256,64,64,-8,3,-2,4,1,1]
[14641,-363,-17,-3,1]
[729,243,54,22,6,3,1]
[16384,-768,185,-6,1]
[256,-256,112,-8,-11,-2,7,-4,1]
[4096,1536,416,107,26,6,1]
[4096,-256,176,-89,11,-1,1]
[256,-256,176,-80,39,-20,11,-4,1]
[512,64,40,-21,5,1,1]
[4096,256,352,41,22,1,1]
[4096,-128,75,-2,1]
[15625,125,-173,1,1]
[4096,1280,304,93,19,5,1]
[256,0,96,-12,17,-3,6,0,1]
[4096,1024,-96,-55,-6,4,1]
[15625,3125,334,25,1]
[729,243,162,49,18,3,1]
[2401,539,113,11,1]
[256,-64,-16,24,5,6,-1,-1,1]
[14641,-4477,582,-37,1]
[512,-128,56,-31,7,-2,1]
[4096,1024,256,21,16,4,1]
[4096,-2048,768,-209,48,-8,1]
[15625,1500,113,12,1]
[4096,1024,304,73,19,4,1]
[4096,-768,400,-91,25,-3,1]
[4096,1280,-208,-149,-13,5,1]
[256,-128,96,-52,33,-13,6,-2,1]
[15625,-3375,377,-27,1]
[14641,-121,-81,-1,1]
[14641,1694,228,14,1]
[14641,3267,391,27,1]
[16384,128,-221,1,1]
[256,192,128,44,21,11,8,3,1]
[4096,-2048,752,-187,47,-8,1]
[4096,1792,768,219,48,7,1]
[729,405,108,31,12,5,1]
[15625,-875,138,-7,1]
[256,0,16,-24,-1,-6,1,0,1]
[729,-324,189,-62,21,-4,1]
[729,162,117,25,13,2,1]
[4096,2048,448,79,28,8,1]
[4096,-192,-25,-3,1]
[4096,-2560,1008,-303,63,-10,1]
[4096,512,-48,-61,-3,2,1]
[729,-243,-9,16,-1,-3,1]
[15625,-500,99,-4,1]
[4096,-512,272,-49,17,-2,1]
[256,192,160,108,55,27,10,3,1]
[14641,363,80,3,1]
[4096,256,96,-27,6,1,1]
[729,0,99,-22,11,0,1]
[16384,-256,209,-2,1]
[4096,-512,224,31,14,-2,1]
[729,486,225,82,25,6,1]
[6561,1296,221,16,1]
[4096,-2304,832,-223,52,-9,1]
[256,64,64,12,13,3,4,1,1]
[512,256,72,13,9,4,1]
[729,567,207,56,23,7,1]
[4096,-768,480,-53,30,-3,1]
[4096,-2304,1024,-271,64,-9,1]
[16384,768,205,6,1]
[4096,-1536,432,-93,27,-6,1]
[4096,1536,688,163,43,6,1]
[256,64,64,36,23,9,4,1,1]
[15625,-250,244,-2,1]
[4096,-1536,560,-135,35,-6,1]
[6561,-81,37,-1,1]
[256,64,-16,0,1,0,-1,1,1]
[14641,1815,145,15,1]
[4096,768,640,85,40,3,1]
[15625,500,-74,4,1]
[4096,0,544,-11,34,0,1]
[1024,-544,133,-17,1]
[729,0,-9,14,-1,0,1]
[256,-64,0,16,7,4,0,-1,1]
[256,-320,192,-64,17,-16,12,-5,1]
[15625,1250,33,10,1]
[256,64,64,12,3,3,4,1,1]
[256,256,256,156,93,39,16,4,1]
[256,320,192,92,45,23,12,5,1]
[15625,3625,454,29,1]
[4096,-768,64,57,4,-3,1]
[729,81,-45,-37,-5,1,1]
[729,-243,63,-13,7,-3,1]
[14641,-121,-214,-1,1]
[15625,-2250,249,-18,1]
[4096,512,-96,-45,-6,2,1]
[4096,-512,-192,61,-12,-2,1]
[256,-128,16,24,-7,6,1,-2,1]
[512,192,72,15,9,3,1]
[256,128,64,56,35,14,4,2,1]
[4096,2304,832,205,52,9,1]
[729,0,90,10,10,0,1]
[4096,-512,-112,47,-7,-2,1]
[4096,-1792,544,-169,34,-7,1]
[6561,-162,113,-2,1]
[256,-64,96,-12,15,-3,6,-1,1]
[729,0,-36,25,-4,0,1]
[2401,196,92,4,1]
[729,-324,-36,58,-4,-4,1]
[729,0,63,-16,7,0,1]
[4096,0,27,0,1]
[15625,-1500,54,-12,1]
[512,256,160,63,20,4,1]
[729,-243,90,-1,10,-3,1]
[14641,-1815,271,-15,1]
[4096,512,16,33,1,2,1]
[4096,-768,112,-37,7,-3,1]
[1024,128,29,4,1]
[4096,-2304,688,-161,43,-9,1]
[512,-384,208,-85,26,-6,1]
[4096,768,96,-45,6,3,1]
[16384,-1024,225,-8,1]
[729,324,144,74,16,4,1]
[256,256,128,60,33,15,8,4,1]
[4096,1280,736,137,46,5,1]
[256,-64,64,-28,25,-7,4,-1,1]
[729,0,36,31,4,0,1]
[4096,0,240,21,15,0,1]
[4096,-832,157,-13,1]
[4096,1280,576,119,36,5,1]
[14641,-1210,219,-10,1]
[256,192,0,4,21,1,0,3,1]
[4096,1024,-16,-35,-1,4,1]
[4096,-2304,848,-217,53,-9,1]
[4096,256,176,-43,11,1,1]
[4096,896,167,14,1]
[4096,-768,240,-83,15,-3,1]
[16384,1664,43,13,1]
[256,192,144,52,27,13,9,3,1]
[512,256,120,33,15,4,1]
[4096,-3072,1392,-403,87,-12,1]
[15625,1500,196,12,1]
[4096,512,272,-9,17,2,1]
[4096,-1280,-192,131,-12,-5,1]
[14641,242,-157,2,1]
[4096,1280,217,20,1]
[4096,-1024,480,-67,30,-4,1]
[16384,1792,211,14,1]
[15625,1125,261,9,1]
[14641,-1210,-20,-10,1]
[256,-64,80,-4,23,-1,5,-1,1]
[256,128,128,40,39,10,8,2,1]
[15625,-125,93,-1,1]
[729,567,333,128,37,7,1]
[15625,-1625,118,-13,1]
[4096,1792,384,69,24,7,1]
[15625,0,49,0,1]
[256,-256,176,-88,39,-22,11,-4,1]
[512,64,-48,-11,-6,1,1]
[729,-243,45,-16,5,-3,1]
[4096,768,576,73,36,3,1]
[4096,1536,544,125,34,6,1]
[256,0,16,8,-17,2,1,0,1]
[14641,1452,227,12,1]
[4096,-512,256,-37,16,-2,1]
[16384,0,231,0,1]
[729,-405,243,-79,27,-5,1]
[15625,-1000,-21,-8,1]
[4096,256,240,-9,15,1,1]
[256,0,-48,-12,23,-3,-3,0,1]
[4096,-1792,496,-99,31,-7,1]
[256,0,32,20,-7,5,2,0,1]
[256,64,128,12,37,3,8,1,1]
[15625,250,-92,2,1]
[256,-64,16,40,-13,10,1,-1,1]
[256,192,112,4,1,1,7,3,1]
[4096,-1024,672,-115,42,-4,1]
[16384,-896,139,-7,1]
[729,-81,180,-19,20,-1,1]
[512,192,80,35,10,3,1]
[4096,0,96,81,6,0,1]
[15625,2625,222,21,1]
[729,81,18,-32,2,1,1]
[729,-324,72,-10,8,-4,1]
[256,64,-16,-16,11,-4,-1,1,1]
[625,175,24,7,1]
[4096,-768,-64,103,-4,-3,1]
[4096,768,-48,-13,-3,3,1]
[256,0,64,28,3,7,4,0,1]
[4096,-1280,128,33,8,-5,1]
[16384,1280,57,10,1]
[15625,375,-154,3,1]
[729,81,-27,-1,-3,1,1]
[256,96,23,6,1]
[4096,256,0,-35,0,1,1]
[4096,512,144,-55,9,2,1]
[64,-96,68,-35,17,-6,1]
[729,-324,81,-20,9,-4,1]
[4096,-256,560,-19,35,-1,1]
[2401,-196,96,-4,1]
[4096,1536,432,129,27,6,1]
[15625,125,219,1,1]
[16384,-256,-15,-2,1]
[4096,-2048,496,-89,31,-8,1]
[4096,1280,32,-75,2,5,1]
[4096,512,448,75,28,2,1]
[4096,-512,384,-17,24,-2,1]
[4096,0,-160,-9,-10,0,1]
[4096,768,672,81,42,3,1]
[729,81,-72,-13,-8,1,1]
[16384,256,-207,2,1]
[256,64,16,-24,-15,-6,1,1,1]
[6561,891,77,11,1]
[4096,512,608,71,38,2,1]
[4096,1792,528,155,33,7,1]
[6561,81,40,1,1]
[4096,256,336,-31,21,1,1]
[729,-27,1,-1,1]
[625,250,52,10,1]
[14641,1694,232,14,1]
[15625,1000,224,8,1]
[256,256,64,-44,-39,-11,4,4,1]
[729,162,72,11,8,2,1]
[4096,2048,640,177,40,8,1]
[4096,-2816,1184,-339,74,-11,1]
[256,64,32,0,7,0,2,1,1]
[14641,-2178,210,-18,1]
[16384,0,21,0,1]
[729,-1134,819,-347,91,-14,1]
[4096,0,400,33,25,0,1]
[256,128,16,-44,-25,-11,1,2,1]
[4096,0,-208,-23,-13,0,1]
[4096,-2560,960,-249,60,-10,1]
[256,256,96,32,17,8,6,4,1]
[4096,2560,720,157,45,10,1]
[512,192,-24,-29,-3,3,1]
[729,243,-54,-64,-6,3,1]
[4096,-1024,256,-9,16,-4,1]
[4096,256,80,7,5,1,1]
[729,162,-72,-31,-8,2,1]
[256,-128,112,-24,27,-6,7,-2,1]
[4096,-512,-112,53,-7,-2,1]
[4096,-3584,1648,-491,103,-14,1]
[15625,1125,186,9,1]
[256,-64,0,12,-21,3,0,-1,1]
[64,-64,44,-23,11,-4,1]
[15625,-1125,241,-9,1]
[15625,1250,12,10,1]
[256,-192,96,-20,-1,-5,6,-3,1]
[4096,1024,-48,-27,-3,4,1]
[4096,-768,576,-97,36,-3,1]
[16384,0,-7,0,1]
[512,320,192,63,24,5,1]
[15625,-375,172,-3,1]
[4096,-512,-96,67,-6,-2,1]
[4096,-448,105,-7,1]
[4096,-512,400,-53,25,-2,1]
[14641,242,150,2,1]
[4096,-512,80,-63,5,-2,1]
[14641,242,174,2,1]
[256,64,-80,-8,27,-2,-5,1,1]
[256,-192,32,32,-25,8,2,-3,1]
[512,-128,112,-15,14,-2,1]
[729,0,117,17,13,0,1]
[4096,-512,80,-93,5,-2,1]
[256,256,272,172,103,43,17,4,1]
[14641,-1694,92,-14,1]
[16384,1536,117,12,1]
[729,243,108,64,12,3,1]
[14641,-1331,30,-11,1]
[4096,1536,400,89,25,6,1]
[4096,256,560,25,35,1,1]
[4096,2048,752,189,47,8,1]
[4096,-256,-128,95,-8,-1,1]
[6561,1134,169,14,1]
[14641,1936,299,16,1]
[729,324,153,31,17,4,1]
[4096,-512,144,61,9,-2,1]
[4096,-256,144,-17,9,-1,1]
[256,-64,-64,8,11,2,-4,-1,1]
[256,-64,112,-24,31,-6,7,-1,1]
[4096,512,160,-41,10,2,1]
[15625,-2750,327,-22,1]
[4096,-256,-128,91,-8,-1,1]
[6561,810,44,10,1]
[4096,-1280,-208,143,-13,-5,1]
[15625,-1750,213,-14,1]
[256,0,80,-28,17,-7,5,0,1]
[4096,-1280,816,-153,51,-5,1]
[16384,-256,-89,-2,1]
[256,128,96,16,15,4,6,2,1]
[256,256,240,148,87,37,15,4,1]
[15625,-1250,38,-10,1]
[15625,-625,-3,-5,1]
[4096,1536,672,145,42,6,1]
[4096,-1024,304,-129,19,-4,1]
[4096,256,496,27,31,1,1]
[16384,-640,125,-5,1]
[256,0,80,-20,11,-5,5,0,1]
[15625,-1500,216,-12,1]
[4096,-512,176,-3,11,-2,1]
[81,81,37,9,1]
[4096,0,336,-37,21,0,1]
[4096,1280,304,59,19,5,1]
[4096,-256,384,-43,24,-1,1]
[4096,-512,384,-43,24,-2,1]
[729,243,153,26,17,3,1]
[15625,500,-138,4,1]
[2401,0,25,0,1]
[4096,-768,80,13,5,-3,1]
[729,-162,72,-1,8,-2,1]
[15625,-3500,408,-28,1]
[4096,2304,592,119,37,9,1]
[16384,2176,225,17,1]
[512,0,32,31,4,0,1]
[625,175,53,7,1]
[4096,512,176,-9,11,2,1]
[4096,-320,117,-5,1]
[256,320,320,232,127,58,20,5,1]
[16384,-1152,181,-9,1]
[256,-64,160,-28,51,-7,10,-1,1]
[15625,-500,33,-4,1]
[4096,-1792,832,-205,52,-7,1]
[512,-128,16,-1,2,-2,1]
[4096,768,-16,7,-1,3,1]
[15625,1500,181,12,1]
[4096,1792,368,79,23,7,1]
[15625,-375,86,-3,1]
[4096,-768,240,11,15,-3,1]
[4096,-256,128,-69,8,-1,1]
[729,-162,-36,16,-4,-2,1]
[14641,-1210,200,-10,1]
[15625,-375,224,-3,1]
[14641,605,71,5,1]
[16384,-384,-39,-3,1]
[4096,512,19,8,1]
[4096,-3072,1248,-367,78,-12,1]
[4096,1024,512,79,32,4,1]
[15625,-375,-178,-3,1]
[4096,-1024,288,-139,18,-4,1]
[729,-648,342,-136,38,-8,1]
[4096,-512,80,-35,5,-2,1]
[256,64,64,56,19,14,4,1,1]
[15625,-1750,256,-14,1]
[15625,-1750,71,-14,1]
[512,-128,80,-11,10,-2,1]
[256,64,48,-28,-7,-7,3,1,1]
[256,128,64,24,1,6,4,2,1]
[729,486,63,-13,7,6,1]
[4096,1792,400,89,25,7,1]
[6561,-162,37,-2,1]
[4096,768,-160,-67,-10,3,1]
[729,0,-45,16,-5,0,1]
[4096,-512,112,69,7,-2,1]
[6561,810,68,10,1]
[15625,-500,-68,-4,1]
[729,54,47,2,1]
[4096,-2560,752,-169,47,-10,1]
[256,-320,176,-68,29,-17,11,-5,1]
[625,-50,-4,-2,1]
[14641,1089,217,9,1]
[256,64,80,-16,3,-4,5,1,1]
[4096,2048,144,-57,9,8,1]
[256,192,128,72,41,18,8,3,1]
[4096,-768,96,-53,6,-3,1]
[6561,-486,10,-6,1]
[16384,1024,173,8,1]
[256,-64,16,-28,13,-7,1,-1,1]
[256,256,192,124,61,31,12,4,1]
[4096,1280,224,-1,14,5,1]
[6561,-2268,353,-28,1]
[4096,-2048,704,-171,44,-8,1]
[4096,256,352,-9,22,1,1]
[4096,-768,-160,69,-10,-3,1]
[4096,2816,1280,367,80,11,1]
[4096,512,128,-1,8,2,1]
[729,-243,99,-14,11,-3,1]
[6561,1215,160,15,1]
[4096,-1280,352,-57,22,-5,1]
[6561,405,-22,5,1]
[4096,-512,-64,3,-4,-2,1]
[14641,968,-27,8,1]
[512,64,80,7,10,1,1]
[512,128,40,7,5,2,1]
[729,-324,-18,44,-2,-4,1]
[4096,-256,160,-51,10,-1,1]
[64,96,88,53,22,6,1]
[15625,-1125,187,-9,1]
[4096,-1536,464,-137,29,-6,1]
[4096,1536,368,95,23,6,1]
[256,128,64,16,9,4,4,2,1]
[16384,-896,225,-7,1]
[512,-192,88,-41,11,-3,1]
[729,-324,-36,47,-4,-4,1]
[729,162,72,13,8,2,1]
[256,-256,192,-100,57,-25,12,-4,1]
[15625,-1375,177,-11,1]
[729,-81,36,28,4,-1,1]
[256,-64,-48,8,7,2,-3,-1,1]
[256,64,64,36,27,9,4,1,1]
[4096,512,-32,-61,-2,2,1]
[512,-192,-40,41,-5,-3,1]
[256,-256,80,-12,5,-3,5,-4,1]
[14641,-1089,255,-9,1]
[729,-324,-18,41,-2,-4,1]
[16384,1024,-35,8,1]
[4096,256,192,67,12,1,1]
[15625,1000,31,8,1]
[6561,1620,224,20,1]
[2401,-294,69,-6,1]
[15625,3000,362,24,1]
[6561,1863,274,23,1]
[4096,-768,112,35,7,-3,1]
[256,0,16,-8,-3,-2,1,0,1]
[256,0,80,20,9,5,5,0,1]
[14641,0,210,0,1]
[729,-243,-63,52,-7,-3,1]
[4096,1280,480,87,30,5,1]
[256,128,112,48,35,12,7,2,1]
[16384,3840,437,30,1]
[4096,-1024,256,-123,16,-4,1]
[64,-32,-8,13,-2,-2,1]
[14641,-121,89,-1,1]
[16384,1408,37,11,1]
[16384,-256,-13,-2,1]
[6561,-486,125,-6,1]
[4096,-512,496,-53,31,-2,1]
[4096,-3584,1648,-493,103,-14,1]
[729,648,360,146,40,8,1]
[15625,0,101,0,1]
[4096,256,80,55,5,1,1]
[4096,-1536,-160,161,-10,-6,1]
[4096,512,80,23,5,2,1]
[256,192,80,0,-11,0,5,3,1]
[14641,-363,12,-3,1]
[14641,726,49,6,1]
[729,0,27,-19,3,0,1]
[16384,-1280,273,-10,1]
[4096,1024,-176,-149,-11,4,1]
[15625,-1500,266,-12,1]
[256,-64,48,-20,-5,-5,3,-1,1]
[16384,-2432,255,-19,1]
[512,64,-16,15,-2,1,1]
[4096,1280,-176,-137,-11,5,1]
[15625,1375,266,11,1]
[256,128,96,20,11,5,6,2,1]
[14641,847,-8,7,1]
[512,64,48,35,6,1,1]
[4096,-1792,592,-151,37,-7,1]
[729,243,90,4,10,3,1]
[15625,0,-121,0,1]
[512,-128,8,21,1,-2,1]
[4096,-1280,112,25,7,-5,1]
[15625,250,-98,2,1]
[15625,-375,244,-3,1]
[4096,1280,48,-47,3,5,1]
[14641,484,-86,4,1]
[4096,512,48,-43,3,2,1]
[512,384,192,75,24,6,1]
[16384,128,-227,1,1]
[4096,-256,16,-35,1,-1,1]
[15625,750,-92,6,1]
[256,-320,224,-112,49,-28,14,-5,1]
[4096,-768,48,21,3,-3,1]
[4096,1536,768,169,48,6,1]
[6561,1053,130,13,1]
[15625,0,148,0,1]
[15625,-500,19,-4,1]
[1024,-288,41,-9,1]
[729,324,-27,-41,-3,4,1]
[4096,-1536,768,-169,48,-6,1]
[4096,0,144,53,9,0,1]
[16384,1024,103,8,1]
[4096,-768,704,-97,44,-3,1]
[512,192,120,27,15,3,1]
[4096,128,85,2,1]
[4096,0,336,-53,21,0,1]
[256,0,32,28,5,7,2,0,1]
[4096,-2304,592,-119,37,-9,1]
[4096,-512,112,61,7,-2,1]
[729,648,360,139,40,8,1]
[729,648,351,139,39,8,1]
[4096,-1280,272,-23,17,-5,1]
[4096,0,608,9,38,0,1]
[256,64,48,24,7,6,3,1,1]
[1024,-320,53,-10,1]
[14641,-3146,377,-26,1]
[15625,-875,94,-7,1]
[729,0,135,-2,15,0,1]
[256,64,0,4,-3,1,0,1,1]
[14641,-1694,239,-14,1]
[4096,-1280,-64,73,-4,-5,1]
[4096,-2816,1008,-263,63,-11,1]
[4096,256,432,25,27,1,1]
[1024,-32,-39,-1,1]
[14641,1815,210,15,1]
[4096,1280,368,69,23,5,1]
[16384,-3072,351,-24,1]
[4096,2048,704,213,44,8,1]
[256,64,-32,20,23,5,-2,1,1]
[4096,256,128,27,8,1,1]
[4096,1280,-160,-143,-10,5,1]
[729,-243,81,-14,9,-3,1]
[15625,-125,74,-1,1]
[15625,-3250,388,-26,1]
[256,128,32,0,3,0,2,2,1]
[4096,1280,608,127,38,5,1]
[4096,768,128,-5,8,3,1]
[4096,-1024,384,-115,24,-4,1]
[6561,2025,301,25,1]
[16384,-2560,257,-20,1]
[14641,-1694,159,-14,1]
[256,-128,96,-4,7,-1,6,-2,1]
[729,243,99,52,11,3,1]
[14641,-2178,239,-18,1]
[4096,2816,816,177,51,11,1]
[4096,-2304,912,-287,57,-9,1]
[16384,-512,81,-4,1]
[256,-64,64,-32,31,-8,4,-1,1]
[256,0,16,-4,23,-1,1,0,1]
[256,0,-64,0,11,0,-4,0,1]
[512,128,48,-5,6,2,1]
[14641,-605,-123,-5,1]
[4096,-768,240,-69,15,-3,1]
[512,192,88,11,11,3,1]
[256,-64,32,28,-17,7,2,-1,1]
[4096,-3328,1504,-463,94,-13,1]
[16384,-2816,275,-22,1]
[4096,256,-16,-7,-1,1,1]
[729,-81,36,32,4,-1,1]
[2401,196,-13,4,1]
[4096,-512,208,23,13,-2,1]
[4096,-1536,320,-59,20,-6,1]
[2401,-196,75,-4,1]
[4096,-256,48,-103,3,-1,1]
[6561,-2025,293,-25,1]
[256,-128,32,-28,17,-7,2,-2,1]
[256,0,16,-12,-11,-3,1,0,1]
[4096,1792,752,177,47,7,1]
[512,-512,320,-133,40,-8,1]
[4096,1024,208,53,13,4,1]
[256,-64,48,0,3,0,3,-1,1]
[729,81,-36,-20,-4,1,1]
[256,0,64,-40,7,-10,4,0,1]
[256,-128,80,12,-1,3,5,-2,1]
[14641,-2541,223,-21,1]
[16384,-384,-159,-3,1]
[4096,0,240,-31,15,0,1]
[729,-162,27,22,3,-2,1]
[625,300,71,12,1]
[14641,2420,331,20,1]
[729,243,144,47,16,3,1]
[6561,243,-56,3,1]
[256,192,48,-4,-11,-1,3,3,1]
[4096,-256,0,85,0,-1,1]
[729,-324,99,-29,11,-4,1]
[729,-243,-9,19,-1,-3,1]
[4096,256,16,11,1,1,1]
[4096,768,-96,-71,-6,3,1]
[4096,1536,720,181,45,6,1]
[4096,768,544,105,34,3,1]
[256,-192,80,-44,27,-11,5,-3,1]
[4096,512,144,95,9,2,1]
[6561,972,146,12,1]
[4096,768,576,89,36,3,1]
[4096,256,-16,53,-1,1,1]
[256,0,32,20,1,5,2,0,1]
[14641,-3872,487,-32,1]
[14641,2299,239,19,1]
[4096,-1536,256,-33,16,-6,1]
[15625,-1125,88,-9,1]
[729,567,342,122,38,7,1]
[6561,810,113,10,1]
[256,256,160,88,49,22,10,4,1]
[15625,-2125,137,-17,1]
[2401,-637,118,-13,1]
[14641,968,-19,8,1]
[256,-128,0,0,1,0,0,-2,1]
[4096,-512,0,101,0,-2,1]
[512,128,16,5,2,2,1]
[4096,256,16,-93,1,1,1]
[4096,-512,16,25,1,-2,1]
[512,128,88,43,11,2,1]
[14641,-1452,199,-12,1]
[15625,625,-87,5,1]
[256,0,64,16,21,4,4,0,1]
[4096,512,368,41,23,2,1]
[4096,1024,624,101,39,4,1]
[256,-64,0,-12,-1,-3,0,-1,1]
[256,0,64,-36,11,-9,4,0,1]
[256,-64,128,-44,41,-11,8,-1,1]
[256,-256,96,16,-31,4,6,-4,1]
[15625,-2250,317,-18,1]
[16384,1536,197,12,1]
[15625,1625,99,13,1]
[729,-135,2,-5,1]
[6561,-1701,272,-21,1]
[14641,-3267,413,-27,1]
[6561,-1701,223,-21,1]
[4096,960,113,15,1]
[4096,-1024,512,-89,32,-4,1]
[729,-162,171,-41,19,-2,1]
[4096,512,480,25,30,2,1]
[729,486,261,92,29,6,1]
[4096,-512,704,-57,44,-2,1]
[729,729,387,143,43,9,1]
[4096,0,-224,7,-14,0,1]
[6561,-81,-46,-1,1]
[4096,0,176,-85,11,0,1]
[729,162,90,38,10,2,1]
[4096,-1536,576,-127,36,-6,1]
[4096,-2304,768,-201,48,-9,1]
[81,0,14,0,1]
[15625,-2250,297,-18,1]
[2401,294,57,6,1]
[4096,-3328,1408,-403,88,-13,1]
[15625,500,153,4,1]
[16384,-384,11,-3,1]
[4096,768,128,35,8,3,1]
[512,0,144,-3,18,0,1]
[4096,-1792,-96,153,-6,-7,1]
[256,64,64,-4,5,-1,4,1,1]
[4096,-768,144,-39,9,-3,1]
[4096,1792,-32,-125,-2,7,1]
[4096,1280,592,115,37,5,1]
[4096,0,48,-53,3,0,1]
[64,-32,-12,13,-3,-2,1]
[4096,-256,-176,11,-11,-1,1]
[4096,-768,-48,91,-3,-3,1]
[729,81,0,1,0,1,1]
[729,-567,243,-83,27,-7,1]
[14641,-3146,347,-26,1]
[625,75,21,3,1]
[16384,2176,143,17,1]
[512,64,24,15,3,1,1]
[256,-64,-64,16,17,4,-4,-1,1]
[6561,486,92,6,1]
[729,0,99,-1,11,0,1]
[14641,484,15,4,1]
[16384,-1280,217,-10,1]
[4096,-768,256,-79,16,-3,1]
[4096,-512,560,-41,35,-2,1]
[16384,384,139,3,1]
[16384,-768,189,-6,1]
[729,405,198,61,22,5,1]
[256,0,0,28,5,7,0,0,1]
[4096,-1280,400,-119,25,-5,1]
[4096,0,128,-91,8,0,1]
[4096,-512,-176,61,-11,-2,1]
[4096,2048,544,121,34,8,1]
[4096,-1024,224,-41,14,-4,1]
[256,-128,128,-48,31,-12,8,-2,1]
[4096,768,256,45,16,3,1]
[256,-192,80,-28,21,-7,5,-3,1]
[15625,250,2,2,1]
[256,-128,48,-4,-9,-1,3,-2,1]
[15625,-250,109,-2,1]
[4096,2048,480,107,30,8,1]
[4096,-768,128,47,8,-3,1]
[14641,-1936,265,-16,1]
[4096,-1280,528,-113,33,-5,1]
[14641,-968,91,-8,1]
[15625,-250,174,-2,1]
[14641,363,-159,3,1]
[4096,-1024,-48,55,-3,-4,1]
[4096,1280,432,55,27,5,1]
[15625,-1625,181,-13,1]
[4096,1024,-64,-93,-4,4,1]
[4096,1024,-16,-87,-1,4,1]
[4096,512,304,-3,19,2,1]
[15625,2000,306,16,1]
[256,64,-48,0,15,0,-3,1,1]
[4096,256,-112,-49,-7,1,1]
[4096,-1280,-192,143,-12,-5,1]
[256,0,-80,0,9,0,-5,0,1]
[4096,-512,240,-81,15,-2,1]
[256,-64,80,-56,15,-14,5,-1,1]
[729,810,468,184,52,10,1]
[4096,-1536,304,-57,19,-6,1]
[512,-128,104,-31,13,-2,1]
[16384,-768,15,-6,1]
[15625,-1625,287,-13,1]
[4096,-768,-96,47,-6,-3,1]
[4096,1280,16,-57,1,5,1]
[256,0,80,0,35,0,5,0,1]
[4096,256,448,-5,28,1,1]
[4096,-256,176,61,11,-1,1]
[256,-64,-16,0,9,0,-1,-1,1]
[4096,-256,480,-53,30,-1,1]
[15625,-2750,286,-22,1]
[4096,-2304,816,-239,51,-9,1]
[4096,-768,112,-27,7,-3,1]
[15625,-750,248,-6,1]
[2401,-392,47,-8,1]
[14641,-1331,255,-11,1]
[4096,2816,1200,355,75,11,1]
[4096,1280,-80,-121,-5,5,1]
[4096,-512,272,-65,17,-2,1]
[4096,-512,304,-79,19,-2,1]
[14641,605,236,5,1]
[256,-256,80,48,-47,12,5,-4,1]
[4096,768,-48,-65,-3,3,1]
[4096,-256,240,-17,15,-1,1]
[4096,-3072,1312,-387,82,-12,1]
[4096,-768,240,13,15,-3,1]
[15625,4875,628,39,1]
[4096,-256,368,15,23,-1,1]
[256,192,176,96,51,24,11,3,1]
[256,192,64,56,43,14,4,3,1]
[729,-297,68,-11,1]
[4096,-2816,1184,-353,74,-11,1]
[6561,1458,191,18,1]
[256,384,272,120,51,30,17,6,1]
[15625,1500,119,12,1]
[16384,512,113,4,1]
[15625,750,182,6,1]
[4096,768,272,61,17,3,1]
[729,81,-27,14,-3,1,1]
[14641,1815,280,15,1]
[4096,0,288,-23,18,0,1]
[729,-81,0,16,0,-1,1]
[16384,1280,15,10,1]
[1024,-128,13,-4,1]
[729,-162,11,-6,1]
[256,-192,32,-24,25,-6,2,-3,1]
[14641,1331,197,11,1]
[4096,-768,64,-1,4,-3,1]
[256,64,-48,-20,11,-5,-3,1,1]
[4096,1280,-32,-49,-2,5,1]
[729,81,117,28,13,1,1]
[256,0,112,8,25,2,7,0,1]
[4096,0,16,89,1,0,1]
[14641,1936,292,16,1]
[4096,768,-176,-103,-11,3,1]
[4096,256,64,47,4,1,1]
[6561,0,40,0,1]
[4096,1536,544,115,34,6,1]
[15625,2500,217,20,1]
[4096,-2048,960,-249,60,-8,1]
[256,-192,176,-108,55,-27,11,-3,1]
[4096,-1280,-16,73,-1,-5,1]
[729,-405,99,-10,11,-5,1]
[4096,1536,272,61,17,6,1]
[729,-648,270,-88,30,-8,1]
[14641,2541,299,21,1]
[6561,-1053,95,-13,1]
[6561,-1215,197,-15,1]
[256,-320,272,-172,97,-43,17,-5,1]
[15625,2625,338,21,1]
[256,0,32,-40,-7,-10,2,0,1]
[4096,-1792,384,-63,24,-7,1]
[4096,-768,208,-35,13,-3,1]
[4096,1024,0,-59,0,4,1]
[4096,-512,-192,39,-12,-2,1]
[15625,-2125,301,-17,1]
[4096,-1280,640,-153,40,-5,1]
[4096,256,448,9,28,1,1]
[729,324,-45,-53,-5,4,1]
[15625,-250,-162,-2,1]
[256,64,-64,-12,5,-3,-4,1,1]
[512,768,552,243,69,12,1]
[6561,-81,152,-1,1]
[4096,2048,192,-45,12,8,1]
[4096,-768,112,-63,7,-3,1]
[729,0,90,-20,10,0,1]
[6561,-567,79,-7,1]
[256,0,48,-8,5,-2,3,0,1]
[15625,625,-67,5,1]
[2401,-833,149,-17,1]
[256,128,80,32,23,8,5,2,1]
[4096,-1536,-48,89,-3,-6,1]
[16384,1024,235,8,1]
[4096,-1280,544,-163,34,-5,1]
[14641,605,95,5,1]
[15625,500,194,4,1]
[729,-324,-63,70,-7,-4,1]
[4096,-512,48,-35,3,-2,1]
[4096,2304,800,195,50,9,1]
[512,-128,104,-29,13,-2,1]
[256,-64,96,4,13,1,6,-1,1]
[256,-64,-80,16,15,4,-5,-1,1]
[4096,1024,320,103,20,4,1]
[16384,-2560,235,-20,1]
[14641,847,111,7,1]
[256,-384,384,-280,159,-70,24,-6,1]
[15625,-2375,204,-19,1]
[1024,-384,79,-12,1]
[4096,-2560,1072,-289,67,-10,1]
[729,-162,63,5,7,-2,1]
[256,384,320,192,101,48,20,6,1]
[729,243,90,2,10,3,1]
[4096,0,-96,-69,-6,0,1]
[4096,1024,544,101,34,4,1]
[256,0,-48,0,-7,0,-3,0,1]
[4096,-1024,480,-131,30,-4,1]
[4096,-768,272,-117,17,-3,1]
[15625,2375,339,19,1]
[256,-256,128,-60,31,-15,8,-4,1]
[625,125,33,5,1]
[256,-64,16,20,-23,5,1,-1,1]
[256,192,96,40,23,10,6,3,1]
[729,162,162,29,18,2,1]
[4096,512,128,-39,8,2,1]
[4096,-256,32,95,2,-1,1]
[6561,486,74,6,1]
[729,0,-36,-1,-4,0,1]
[4096,768,208,41,13,3,1]
[2401,-343,71,-7,1]
[4096,1792,240,19,15,7,1]
[14641,242,-87,2,1]
[256,-64,-32,24,-3,6,-2,-1,1]
[4096,768,240,83,15,3,1]
[4096,1792,80,-65,5,7,1]
[256,64,-64,0,23,0,-4,1,1]
[729,-81,-27,28,-3,-1,1]
[14641,3751,474,31,1]
[16384,-2816,367,-22,1]
[4096,-768,-64,101,-4,-3,1]
[4096,1024,144,-7,9,4,1]
[15625,625,128,5,1]
[4096,2048,880,241,55,8,1]
[4096,-2048,1024,-257,64,-8,1]
[256,384,144,-96,-103,-24,9,6,1]
[729,-405,45,16,5,-5,1]
[4096,1536,432,121,27,6,1]
[14641,1573,123,13,1]
[2401,-343,34,-7,1]
[6561,648,70,8,1]
[2401,392,78,8,1]
[4096,-1792,640,-187,40,-7,1]
[256,192,112,36,11,9,7,3,1]
[256,256,192,112,65,28,12,4,1]
[256,64,16,-28,-19,-7,1,1,1]
[256,256,176,96,53,24,11,4,1]
[64,-16,-12,11,-3,-1,1]
[2401,98,52,2,1]
[14641,3993,497,33,1]
[4096,-1536,-208,177,-13,-6,1]
[512,-384,224,-81,28,-6,1]
[4096,-1280,240,-69,15,-5,1]
[256,128,32,-20,-13,-5,2,2,1]
[729,0,-27,14,-3,0,1]
[14641,-2420,237,-20,1]
[14641,-1936,273,-16,1]
[16384,896,9,7,1]
[4096,-256,-80,-35,-5,-1,1]
[15625,-500,202,-4,1]
[4096,512,16,7,1,2,1]
[16384,-1792,115,-14,1]
[15625,-375,158,-3,1]
[256,0,80,-12,11,-3,5,0,1]
[729,-81,9,-22,1,-1,1]
[14641,1452,252,12,1]
[512,-128,-16,19,-2,-2,1]
[256,256,224,152,85,38,14,4,1]
[256,-192,144,-56,33,-14,9,-3,1]
[4096,1792,736,213,46,7,1]
[16384,-128,-53,-1,1]
[256,-256,96,0,-9,0,6,-4,1]
[4096,768,-160,-93,-10,3,1]
[14641,605,-95,5,1]
[729,486,27,-37,3,6,1]
[4096,-256,96,-89,6,-1,1]
[512,128,32,-7,4,2,1]
[4096,2048,272,-5,17,8,1]
[15625,875,197,7,1]
[6561,-729,175,-9,1]
[256,-64,144,8,33,2,9,-1,1]
[4096,1280,416,139,26,5,1]
[2401,294,12,6,1]
[4096,-1024,0,13,0,-4,1]
[4096,1280,-32,-53,-2,5,1]
[4096,-2304,608,-139,38,-9,1]
[729,0,-45,5,-5,0,1]
[4096,1024,560,105,35,4,1]
[4096,-1280,432,-123,27,-5,1]
[729,-54,22,-2,1]
[4096,-768,176,17,11,-3,1]
[729,-243,-18,41,-2,-3,1]
[729,324,135,31,15,4,1]
[4096,-1280,48,29,3,-5,1]
[14641,-121,122,-1,1]
[4096,-1536,272,-71,17,-6,1]
[4096,1024,192,55,12,4,1]
[4096,512,-64,-87,-4,2,1]
[15625,-500,-13,-4,1]
[4096,256,-16,1,-1,1,1]
[729,0,153,5,17,0,1]
[729,-567,180,-41,20,-7,1]
[256,64,32,24,11,6,2,1,1]
[512,-320,168,-53,21,-5,1]
[256,-320,208,-96,45,-24,13,-5,1]
[14641,3509,443,29,1]
[4096,-1024,-144,111,-9,-4,1]
[256,64,0,-16,-27,-4,0,1,1]
[6561,-243,-32,-3,1]
[4096,0,0,95,0,0,1]
[512,0,48,-13,6,0,1]
[4096,-1280,704,-149,44,-5,1]
[729,81,18,-14,2,1,1]
[625,75,7,3,1]
[4096,512,144,131,9,2,1]
[729,81,-63,-17,-7,1,1]
[256,128,-32,-16,9,-4,-2,2,1]
[16384,-2432,175,-19,1]
[729,-81,-27,-7,-3,-1,1]
[4096,2560,1024,299,64,10,1]
[729,648,360,136,40,8,1]
[729,-162,90,2,10,-2,1]
[15625,-125,-174,-1,1]
[256,192,144,104,49,26,9,3,1]
[4096,-1536,352,-53,22,-6,1]
[256,192,160,96,49,24,10,3,1]
[256,-48,11,-3,1]
[256,-64,-80,4,31,1,-5,-1,1]
[512,128,-32,-11,-4,2,1]
[729,243,171,49,19,3,1]
[4096,2048,528,125,33,8,1]
[729,-486,144,-31,16,-6,1]
[512,256,72,9,9,4,1]
[4096,-256,-48,53,-3,-1,1]
[4096,1536,576,163,36,6,1]
[16384,-1920,281,-15,1]
[15625,2250,231,18,1]
[15625,250,-84,2,1]
[4096,2304,560,117,35,9,1]
[4096,-1024,224,-69,14,-4,1]
[4096,-1024,432,-115,27,-4,1]
[16384,2176,257,17,1]
[14641,-968,120,-8,1]
[4096,-768,-64,109,-4,-3,1]
[4096,1024,-112,-63,-7,4,1]
[2401,-392,46,-8,1]
[4096,-3840,1856,-567,116,-15,1]
[4096,256,272,23,17,1,1]
[4096,-768,-32,87,-2,-3,1]
[14641,-121,-93,-1,1]
[512,256,168,61,21,4,1]
[15625,-625,-128,-5,1]
[256,192,176,92,61,23,11,3,1]
[4096,-1280,0,45,0,-5,1]
[729,-81,-18,49,-2,-1,1]
[6561,-729,172,-9,1]
[729,-216,34,-8,1]
[4096,-1536,64,69,4,-6,1]
[16384,-1280,81,-10,1]
[4096,-1792,272,-13,17,-7,1]
[16384,-1280,-3,-10,1]
[2401,147,-6,3,1]
[4096,-512,-16,5,-1,-2,1]
[4096,1024,-112,-127,-7,4,1]
[15625,2625,261,21,1]
[15625,1500,162,12,1]
[512,256,120,37,15,4,1]
[4096,512,624,63,39,2,1]
[16384,-2432,215,-19,1]
[256,-512,480,-292,149,-73,30,-8,1]
[256,64,16,-28,-17,-7,1,1,1]
[64,32,0,-7,0,2,1]
[729,-243,0,20,0,-3,1]
[4096,512,-96,-49,-6,2,1]
[15625,0,237,0,1]
[4096,-1024,320,-119,20,-4,1]
[16384,128,207,1,1]
[4096,-2048,176,51,11,-8,1]
[4096,512,16,57,1,2,1]
[4096,-2048,896,-221,56,-8,1]
[256,192,128,92,49,23,8,3,1]
[512,256,32,-13,4,4,1]
[14641,2904,343,24,1]
[4096,1024,96,-45,6,4,1]
[4096,-1024,608,-101,38,-4,1]
[14641,2299,262,19,1]
[4096,256,-240,-29,-15,1,1]
[6561,-2106,329,-26,1]
[256,0,-64,-12,25,-3,-4,0,1]
[4096,-2560,960,-259,60,-10,1]
[4096,256,0,-27,0,1,1]
[4096,64,57,1,1]
[512,128,-32,-39,-4,2,1]
[2401,-441,46,-9,1]
[4096,320,107,5,1]
[4096,-256,208,-75,13,-1,1]
[15625,-2500,282,-20,1]
[15625,-625,8,-5,1]
[4096,-2048,896,-235,56,-8,1]
[256,-128,112,-40,25,-10,7,-2,1]
[4096,256,64,59,4,1,1]
[512,384,184,77,23,6,1]
[512,-64,144,-17,18,-1,1]
[729,810,477,190,53,10,1]
[625,0,46,0,1]
[16384,-1408,1,-11,1]
[4096,-1792,304,-49,19,-7,1]
[729,-567,99,7,11,-7,1]
[256,-16,-21,-1,1]
[256,-128,64,8,-3,2,4,-2,1]
[16384,0,195,0,1]
[15625,-2625,286,-21,1]
[729,-162,54,-35,6,-2,1]
[6561,162,77,2,1]
[729,162,-9,-37,-1,2,1]
[4096,1792,784,207,49,7,1]
[16384,1280,-15,10,1]
[14641,-2299,179,-19,1]
[256,-128,48,-20,17,-5,3,-2,1]
[2401,-294,57,-6,1]
[729,567,360,130,40,7,1]
[4096,-3072,1392,-421,87,-12,1]
[256,-64,16,-12,17,-3,1,-1,1]
[256,-320,192,-88,41,-22,12,-5,1]
[4096,2560,864,231,54,10,1]
[729,-405,180,-76,20,-5,1]
[4096,-1024,272,-29,17,-4,1]
[729,-648,324,-122,36,-8,1]
[625,50,-12,2,1]
[64,-16,15,-2,1]
[512,128,0,-17,0,2,1]
[729,-324,72,-17,8,-4,1]
[4096,0,320,9,20,0,1]
[16384,-512,-81,-4,1]
[16384,0,141,0,1]
[2401,-784,151,-16,1]
[256,0,-48,0,11,0,-3,0,1]
[4096,1024,192,79,12,4,1]
[15625,4500,561,36,1]
[4096,-768,0,-3,0,-3,1]
[14641,1573,179,13,1]
[729,324,117,31,13,4,1]
[2401,98,50,2,1]
[6561,1134,178,14,1]
[4096,1024,-112,-57,-7,4,1]
[4096,-1280,144,-5,9,-5,1]
[4096,-256,80,83,5,-1,1]
[4096,-256,-160,35,-10,-1,1]
[4096,-1024,-32,41,-2,-4,1]
[512,64,0,-31,0,1,1]
[256,-192,16,28,-17,7,1,-3,1]
[14641,-2178,214,-18,1]
[256,64,-80,-4,29,-1,-5,1,1]
[2401,196,33,4,1]
[4096,3328,1520,461,95,13,1]
[729,-243,-72,56,-8,-3,1]
[6561,243,130,3,1]
[14641,1573,197,13,1]
[512,448,224,91,28,7,1]
[15625,-125,-8,-1,1]
[4096,1536,352,103,22,6,1]
[4096,-512,416,-23,26,-2,1]
[256,-64,80,-24,31,-6,5,-1,1]
[14641,121,-156,1,1]
[14641,1573,160,13,1]
[4096,1536,144,-21,9,6,1]
[256,128,96,60,25,15,6,2,1]
[4096,-1024,-128,131,-8,-4,1]
[14641,242,1,2,1]
[512,64,-40,-17,-5,1,1]
[4096,0,240,-33,15,0,1]
[15625,2250,277,18,1]
[16384,-2560,215,-20,1]
[14641,847,28,7,1]
[4096,-768,112,19,7,-3,1]
[4096,0,160,-71,10,0,1]
[15625,-3125,372,-25,1]
[4096,512,208,91,13,2,1]
[256,0,32,20,-5,5,2,0,1]
[16384,2176,307,17,1]
[14641,-1815,190,-15,1]
[729,0,135,-4,15,0,1]
[4096,-768,176,-55,11,-3,1]
[4096,-256,48,47,3,-1,1]
[15625,500,22,4,1]
[729,-81,-54,20,-6,-1,1]
[256,-128,96,-32,31,-8,6,-2,1]
[14641,-1573,63,-13,1]
[4096,3072,1392,413,87,12,1]
[256,128,64,16,11,4,4,2,1]
[729,81,-54,-22,-6,1,1]
[4096,1024,64,-55,4,4,1]
[512,320,128,53,16,5,1]
[15625,-1000,-11,-8,1]
[256,192,208,96,65,24,13,3,1]
[512,64,96,17,12,1,1]
[256,128,176,88,57,22,11,2,1]
[4096,-256,128,-73,8,-1,1]
[15625,0,139,0,1]
[512,-64,104,-5,13,-1,1]
[14641,-2662,340,-22,1]
[512,-64,40,7,5,-1,1]
[2401,-637,122,-13,1]
[4096,-256,-48,-21,-3,-1,1]
[16384,384,-153,3,1]
[256,64,48,0,-5,0,3,1,1]
[256,0,-16,-12,11,-3,-1,0,1]
[4096,-1024,176,-11,11,-4,1]
[15625,-1875,142,-15,1]
[512,-256,136,-53,17,-4,1]
[16384,896,35,7,1]
[256,-128,160,-64,49,-16,10,-2,1]
[4096,-768,272,-37,17,-3,1]
[4096,512,256,35,16,2,1]
[64,-80,40,-15,10,-5,1]
[4096,-1792,784,-219,49,-7,1]
[4096,1792,592,129,37,7,1]
[256,0,32,-8,-11,-2,2,0,1]
[16384,2048,181,16,1]
[256,0,128,4,43,1,8,0,1]
[14641,-2057,227,-17,1]
[256,0,160,20,47,5,10,0,1]
[14641,1936,233,16,1]
[4096,1024,-80,-57,-5,4,1]
[4096,1792,432,105,27,7,1]
[4096,-1024,160,-11,10,-4,1]
[4096,-768,416,-67,26,-3,1]
[6561,-81,44,-1,1]
[4096,-1280,-96,117,-6,-5,1]
[4096,0,48,107,3,0,1]
[4096,0,32,107,2,0,1]
[4096,512,144,87,9,2,1]
[4096,512,112,47,7,2,1]
[256,64,-16,20,21,5,-1,1,1]
[4096,0,64,-87,4,0,1]
[729,0,54,35,6,0,1]
[4096,512,160,93,10,2,1]
[15625,2000,112,16,1]
[256,-64,64,-52,5,-13,4,-1,1]
[4096,-128,25,-2,1]
[4096,-768,320,-41,20,-3,1]
[4096,1280,144,11,9,5,1]
[4096,768,336,35,21,3,1]
[14641,-484,-153,-4,1]
[4096,256,544,43,34,1,1]
[4096,2304,848,259,53,9,1]
[729,135,1,5,1]
[6561,567,116,7,1]
[2401,196,95,4,1]
[729,486,189,62,21,6,1]
[4096,1536,416,67,26,6,1]
[729,486,117,13,13,6,1]
[16384,1024,-27,8,1]
[16384,-768,45,-6,1]
[4096,-1792,640,-179,40,-7,1]
[512,-64,-48,21,-6,-1,1]
[512,64,0,-35,0,1,1]
[4096,-1024,135,-16,1]
[6561,405,-49,5,1]
[4096,512,496,35,31,2,1]
[256,0,-16,16,13,4,-1,0,1]
[4096,-1280,384,-129,24,-5,1]
[4096,256,320,59,20,1,1]
[4096,256,32,79,2,1,1]
[729,324,72,11,8,4,1]
[512,-64,56,1,7,-1,1]
[256,64,48,4,-7,1,3,1,1]
[4096,2304,1008,279,63,9,1]
[256,-192,48,52,-41,13,3,-3,1]
[4096,1280,288,29,18,5,1]
[729,-243,180,-40,20,-3,1]
[6561,972,121,12,1]
[14641,-2541,350,-21,1]
[4096,-256,320,-49,20,-1,1]
[4096,768,320,87,20,3,1]
[14641,-726,-87,-6,1]
[256,64,64,-36,-5,-9,4,1,1]
[4096,1536,-48,-111,-3,6,1]
[256,0,64,-48,-1,-12,4,0,1]
[256,64,32,0,5,0,2,1,1]
[4096,0,288,25,18,0,1]
[4096,512,160,69,10,2,1]
[512,320,32,-15,4,5,1]
[4096,1536,-240,-191,-15,6,1]
[256,320,128,-8,-23,-2,8,5,1]
[16384,0,191,0,1]
[4096,-896,159,-14,1]
[15625,3125,403,25,1]
[4096,-2816,896,-217,56,-11,1]
[14641,2299,240,19,1]
[256,64,16,8,-7,2,1,1,1]
[15625,-750,-81,-6,1]
[729,-243,-45,40,-5,-3,1]
[14641,-2299,273,-19,1]
[1024,-192,31,-6,1]
[4096,0,112,-69,7,0,1]
[4096,-2048,416,-79,26,-8,1]
[14641,0,-130,0,1]
[4096,768,176,57,11,3,1]
[625,-50,9,-2,1]
[1024,-96,55,-3,1]
[256,-192,64,16,-17,4,4,-3,1]
[16384,-1152,-51,-9,1]
[16384,-2816,313,-22,1]
[14641,0,-137,0,1]
[256,384,352,236,131,59,22,6,1]
[256,320,192,60,15,15,12,5,1]
[14641,-484,184,-4,1]
[256,-128,32,-20,15,-5,2,-2,1]
[14641,605,-39,5,1]
[15625,625,118,5,1]
[16384,-128,-81,-1,1]
[16384,1152,179,9,1]
[6561,-1053,122,-13,1]
[14641,242,155,2,1]
[64,8,-9,1,1]
[4096,1280,256,53,16,5,1]
[4096,768,-144,-57,-9,3,1]
[256,0,64,32,9,8,4,0,1]
[4096,2048,752,223,47,8,1]
[4096,1536,384,105,24,6,1]
[16384,-512,-143,-4,1]
[256,-64,112,-28,43,-7,7,-1,1]
[256,0,-80,-8,19,-2,-5,0,1]
[4096,-512,144,29,9,-2,1]
[15625,0,-207,0,1]
[4096,-512,-48,91,-3,-2,1]
[15625,-1875,268,-15,1]
[14641,-726,-13,-6,1]
[4096,-1024,224,-77,14,-4,1]
[256,64,16,16,1,4,1,1,1]
[729,0,153,11,17,0,1]
[16384,-1408,81,-11,1]
[15625,1125,66,9,1]
[4096,1024,176,25,11,4,1]
[15625,-625,-28,-5,1]
[4096,-1280,256,-79,16,-5,1]
[729,243,45,26,5,3,1]
[4096,256,-32,29,-2,1,1]
[15625,-1375,13,-11,1]
[256,-320,144,16,-37,4,9,-5,1]
[14641,-363,164,-3,1]
[4096,-512,288,-61,18,-2,1]
[4096,-1536,128,29,8,-6,1]
[256,-192,64,40,-35,10,4,-3,1]
[256,64,16,-20,-19,-5,1,1,1]
[4096,2816,1024,275,64,11,1]
[16384,-1920,203,-15,1]
[256,0,32,8,9,2,2,0,1]
[4096,0,192,-11,12,0,1]
[16384,-1152,65,-9,1]
[14641,-726,-102,-6,1]
[4096,-1024,448,-55,28,-4,1]
[4096,-256,448,-15,28,-1,1]
[14641,-121,159,-1,1]
[256,-192,32,20,-17,5,2,-3,1]
[14641,847,18,7,1]
[1024,-128,-11,-4,1]
[14641,2299,313,19,1]
[4096,256,192,11,12,1,1]
[256,192,32,-16,-15,-4,2,3,1]
[4096,1536,64,-67,4,6,1]
[14641,-242,-116,-2,1]
[729,-324,216,-56,24,-4,1]
[4096,-1536,400,-87,25,-6,1]
[729,405,45,-7,5,5,1]
[15625,-125,-129,-1,1]
[16384,0,-163,0,1]
[14641,-1210,256,-10,1]
[512,-192,-32,39,-4,-3,1]
[729,-81,54,-22,6,-1,1]
[15625,1875,138,15,1]
[4096,1792,560,179,35,7,1]
[6561,-1134,161,-14,1]
[4096,3328,1504,461,94,13,1]
[14641,-484,-105,-4,1]
[4096,1792,-112,-153,-7,7,1]
[256,128,16,-4,-5,-1,1,2,1]
[4096,-512,16,-1,1,-2,1]
[4096,768,224,67,14,3,1]
[15625,-1250,264,-10,1]
[1024,96,-23,3,1]
[4096,-1792,768,-179,48,-7,1]
[4096,768,-32,-99,-2,3,1]
[15625,750,249,6,1]
[4096,448,55,7,1]
[4096,-512,48,23,3,-2,1]
[256,-192,144,-56,31,-14,9,-3,1]
[4096,-512,-96,-3,-6,-2,1]
[4096,256,-160,-77,-10,1,1]
[16384,-1024,93,-8,1]
[4096,-256,16,-85,1,-1,1]
[6561,0,142,0,1]
[4096,0,64,43,4,0,1]
[16384,-768,235,-6,1]
[4096,768,-224,-93,-14,3,1]
[14641,-726,15,-6,1]
[15625,-500,-157,-4,1]
[4096,3072,1280,373,80,12,1]
[256,320,208,116,63,29,13,5,1]
[729,405,171,55,19,5,1]
[15625,-250,-119,-2,1]
[15625,0,-103,0,1]
[256,-128,128,-56,37,-14,8,-2,1]
[14641,484,-15,4,1]
[256,0,16,12,23,3,1,0,1]
[4096,2048,336,17,21,8,1]
[4096,-1792,48,81,3,-7,1]
[4096,-2304,912,-249,57,-9,1]
[64,0,-7,0,1]
[14641,-1694,252,-14,1]
[15625,-375,88,-3,1]
[512,-256,80,-29,10,-4,1]
[4096,1536,-64,-125,-4,6,1]
[15625,-750,-79,-6,1]
[15625,1375,71,11,1]
[6561,810,121,10,1]
[14641,242,196,2,1]
[6561,-648,142,-8,1]
[15625,-1500,94,-12,1]
[4096,1536,336,59,21,6,1]
[729,-162,144,-25,16,-2,1]
[14641,1452,85,12,1]
[256,-192,80,20,-19,5,5,-3,1]
[4096,1792,352,35,22,7,1]
[4096,512,96,-49,6,2,1]
[14641,-121,-30,-1,1]
[4096,640,73,10,1]
[6561,0,38,0,1]
[14641,0,-41,0,1]
[14641,3872,493,32,1]
[729,81,63,22,7,1,1]
[256,-64,0,20,-1,5,0,-1,1]
[4096,-256,256,-91,16,-1,1]
[15625,-2000,259,-16,1]
[14641,726,54,6,1]
[4096,-768,96,-33,6,-3,1]
[729,81,18,-31,2,1,1]
[6561,-1377,194,-17,1]
[4096,-1280,224,-69,14,-5,1]
[512,64,32,5,4,1,1]
[4096,0,48,31,3,0,1]
[14641,-1694,74,-14,1]
[14641,1452,97,12,1]
[4096,-512,320,-7,20,-2,1]
[4096,-512,48,-15,3,-2,1]
[4096,1536,416,87,26,6,1]
[15625,-1750,232,-14,1]
[4096,1280,688,135,43,5,1]
[729,0,0,-20,0,0,1]
[4096,-256,-96,19,-6,-1,1]
[4096,256,80,-49,5,1,1]
[6561,1296,211,16,1]
[4096,2048,624,177,39,8,1]
[256,-64,48,20,-9,5,3,-1,1]
[256,-192,112,-80,45,-20,7,-3,1]
[4096,1280,512,167,32,5,1]
[4096,256,144,95,9,1,1]
[4096,-768,464,-67,29,-3,1]
[4096,320,73,5,1]
[4096,2048,608,153,38,8,1]
[15625,-2125,244,-17,1]
[256,-256,208,-100,57,-25,13,-4,1]
[4096,1536,672,161,42,6,1]
[256,128,48,4,5,1,3,2,1]
[16384,-256,227,-2,1]
[256,0,80,28,21,7,5,0,1]
[256,0,48,-12,3,-3,3,0,1]
[4096,1280,240,61,15,5,1]
[4096,1792,32,-91,2,7,1]
[15625,-1250,36,-10,1]
[625,125,3,5,1]
[4096,2048,0,-129,0,8,1]
[15625,1125,136,9,1]
[4096,0,256,-51,16,0,1]
[4096,-1792,960,-225,60,-7,1]
[15625,-500,192,-4,1]
[729,-162,-9,25,-1,-2,1]
[256,64,-16,-4,17,-1,-1,1,1]
[121,1,1]
[4096,1536,288,47,18,6,1]
[256,0,96,0,17,0,6,0,1]
[4096,2048,848,221,53,8,1]
[15625,-500,-131,-4,1]
[256,-256,208,-116,69,-29,13,-4,1]
[4096,-3072,1296,-377,81,-12,1]
[4096,1280,288,55,18,5,1]
[16384,1536,283,12,1]
[4096,1024,32,-1,2,4,1]
[15625,-1375,108,-11,1]
[4096,-256,496,-17,31,-1,1]
[6561,810,107,10,1]
[6561,405,-4,5,1]
[4096,768,80,-3,5,3,1]
[512,320,200,65,25,5,1]
[15625,-375,223,-3,1]
[16384,256,139,2,1]
[4096,256,-64,-31,-4,1,1]
[256,-64,80,-32,17,-8,5,-1,1]
[4096,-768,64,65,4,-3,1]
[14641,-1331,267,-11,1]
[4096,256,-128,-15,-8,1,1]
[4096,-2304,480,-67,30,-9,1]
[4096,512,672,63,42,2,1]
[16384,1408,79,11,1]
[6561,-972,185,-12,1]
[256,64,0,-28,-9,-7,0,1,1]
[14641,-242,146,-2,1]
[15625,-3125,319,-25,1]
[4096,2304,816,241,51,9,1]
[16384,640,-81,5,1]
[625,-100,1,-4,1]
[256,-128,32,-12,-1,-3,2,-2,1]
[4096,256,48,-31,3,1,1]
[4096,-768,336,-61,21,-3,1]
[256,32,17,2,1]
[14641,2783,303,23,1]
[256,-192,48,-36,31,-9,3,-3,1]
[729,405,270,86,30,5,1]
[4096,-1792,464,-133,29,-7,1]
[1024,-64,-19,-2,1]
[729,81,54,46,6,1,1]
[4096,-3328,1600,-477,100,-13,1]
[6561,1539,209,19,1]
[4096,256,-16,47,-1,1,1]
[729,-162,0,20,0,-2,1]
[256,-128,96,-12,9,-3,6,-2,1]
[4096,512,48,49,3,2,1]
[256,-64,48,-12,13,-3,3,-1,1]
[256,256,192,112,63,28,12,4,1]
[14641,-968,-23,-8,1]
[4096,256,-32,-117,-2,1,1]
[256,-256,128,-28,7,-7,8,-4,1]
[15625,500,-104,4,1]
[4096,1536,224,1,14,6,1]
[512,512,320,131,40,8,1]
[4096,1536,752,181,47,6,1]
[512,64,24,9,3,1,1]
[512,192,152,43,19,3,1]
[6561,-81,158,-1,1]
[16384,-768,261,-6,1]
[4096,-1024,-192,111,-12,-4,1]
[15625,1875,109,15,1]
[4096,0,32,-17,2,0,1]
[14641,-1331,265,-11,1]
[15625,-625,73,-5,1]
[4096,1280,224,41,14,5,1]
[2401,-1029,202,-21,1]
[4096,-1536,240,5,15,-6,1]
[4096,-1024,352,-35,22,-4,1]
[4096,-3328,1424,-411,89,-13,1]
[16384,-3072,323,-24,1]
[6561,0,145,0,1]
[4096,0,480,-13,30,0,1]
[15625,375,44,3,1]
[4096,-1280,368,-109,23,-5,1]
[729,-162,81,-4,9,-2,1]
[14641,-2783,345,-23,1]
[256,-64,64,-52,21,-13,4,-1,1]
[256,256,128,8,-7,2,8,4,1]
[512,-64,96,-23,12,-1,1]
[256,192,80,16,1,4,5,3,1]
[2401,-245,76,-5,1]
[4096,-3328,1584,-473,99,-13,1]
[4096,-768,208,-133,13,-3,1]
[4096,1280,64,-29,4,5,1]
[256,256,224,160,83,40,14,4,1]
[256,0,-16,-8,15,-2,-1,0,1]
[4096,512,224,37,14,2,1]
[256,192,176,96,65,24,11,3,1]
[16384,768,-111,6,1]
[512,-320,72,-11,9,-5,1]
[256,128,144,52,43,13,9,2,1]
[6561,486,17,6,1]
[14641,4719,621,39,1]
[4096,2304,608,141,38,9,1]
[4096,1024,-96,-97,-6,4,1]
[1024,160,-3,5,1]
[256,-256,112,16,-25,4,7,-4,1]
[729,162,99,-1,11,2,1]
[14641,2057,313,17,1]
[4096,0,-32,-93,-2,0,1]
[729,324,-9,-32,-1,4,1]
[16384,384,91,3,1]
[15625,-625,229,-5,1]
[729,243,54,34,6,3,1]
[4096,256,32,-75,2,1,1]
[15625,875,-82,7,1]
[729,729,378,142,42,9,1]
[2401,980,186,20,1]
[16384,768,-41,6,1]
[729,162,61,6,1]
[729,-54,29,-2,1]
[4096,-2304,544,-111,34,-9,1]
[256,192,96,44,29,11,6,3,1]
[256,64,80,24,35,6,5,1,1]
[256,128,96,28,29,7,6,2,1]
[4096,768,48,-35,3,3,1]
[4096,1024,160,65,10,4,1]
[256,0,112,36,25,9,7,0,1]
[15625,-3000,351,-24,1]
[6561,567,37,7,1]
[256,128,16,-16,-9,-4,1,2,1]
[14641,2299,320,19,1]
[16384,-256,135,-2,1]
[14641,0,-170,0,1]
[729,-729,450,-176,50,-9,1]
[14641,1452,87,12,1]
[4096,-1536,128,5,8,-6,1]
[4096,3072,1232,351,77,12,1]
[729,-81,36,-53,4,-1,1]
[2401,-245,-4,-5,1]
[16384,4224,515,33,1]
[16384,0,-189,0,1]
[14641,-121,-142,-1,1]
[4096,1280,352,129,22,5,1]
[4096,1216,191,19,1]
[2401,0,-94,0,1]
[4096,2304,896,287,56,9,1]
[729,81,45,-2,5,1,1]
[4096,2048,224,-17,14,8,1]
[4096,0,-224,13,-14,0,1]
[15625,-1875,214,-15,1]
[256,0,80,0,29,0,5,0,1]
[16384,-1536,183,-12,1]
[14641,363,-172,3,1]
[4096,512,64,7,4,2,1]
[15625,250,-34,2,1]
[15625,-1125,46,-9,1]
[4096,-2304,672,-151,42,-9,1]
[4096,-1280,464,-169,29,-5,1]
[256,192,16,-8,1,-2,1,3,1]
[256,-256,128,-36,5,-9,8,-4,1]
[4096,512,-144,-17,-9,2,1]
[4096,768,480,95,30,3,1]
[16384,1664,287,13,1]
[256,0,64,-4,31,-1,4,0,1]
[729,-567,117,-4,13,-7,1]
[4096,1024,400,107,25,4,1]
[256,128,0,8,23,2,0,2,1]
[512,0,48,1,6,0,1]
[2401,931,177,19,1]
[4096,1024,208,73,13,4,1]
[64,-16,4,-11,1,-1,1]
[16384,2048,199,16,1]
[14641,-484,75,-4,1]
[256,448,400,268,149,67,25,7,1]
[729,0,0,-26,0,0,1]
[512,-192,144,-47,18,-3,1]
[14641,121,-111,1,1]
[256,320,272,172,93,43,17,5,1]
[4096,256,0,-13,0,1,1]
[4096,768,720,87,45,3,1]
[512,256,32,1,4,4,1]
[2401,-245,-3,-5,1]
[512,-256,144,-45,18,-4,1]
[4096,512,448,69,28,2,1]
[729,0,-36,-2,-4,0,1]
[15625,-2375,333,-19,1]
[4096,1536,464,91,29,6,1]
[4096,384,93,6,1]
[14641,-363,-54,-3,1]
[4096,1536,336,33,21,6,1]
[256,-256,128,-72,45,-18,8,-4,1]
[6561,81,-140,1,1]
[256,320,144,12,-11,3,9,5,1]
[15625,1125,137,9,1]
[2401,-588,72,-12,1]
[729,405,72,5,8,5,1]
[729,648,279,94,31,8,1]
[256,0,96,-56,11,-14,6,0,1]
[4096,256,16,9,1,1,1]
[729,-324,-54,56,-6,-4,1]
[256,192,144,68,45,17,9,3,1]
[4096,256,80,-47,5,1,1]
[4096,-512,448,-21,28,-2,1]
[6561,-1539,221,-19,1]
[6561,-1296,178,-16,1]
[4096,-1024,336,-95,21,-4,1]
[16384,-128,61,-1,1]
[2401,-882,155,-18,1]
[256,0,32,-12,19,-3,2,0,1]
[4096,-1536,48,51,3,-6,1]
[729,-729,459,-181,51,-9,1]
[4096,1792,720,159,45,7,1]
[4096,-1536,-144,137,-9,-6,1]
[16384,-640,61,-5,1]
[16384,-1536,185,-12,1]
[625,350,92,14,1]
[2401,-637,117,-13,1]
[512,-128,-32,29,-4,-2,1]
[729,-567,333,-125,37,-7,1]
[4096,0,96,57,6,0,1]
[4096,-1216,207,-19,1]
[4096,512,-112,-13,-7,2,1]
[256,-192,32,4,3,1,2,-3,1]
[15625,0,-24,0,1]
[4096,-128,-45,-2,1]
[15625,625,-8,5,1]
[15625,-2500,202,-20,1]
[4096,-1280,-16,61,-1,-5,1]
[4096,-1280,512,-167,32,-5,1]
[14641,-121,35,-1,1]
[15625,-2000,143,-16,1]
[4096,-512,-112,37,-7,-2,1]
[4096,-1536,272,-13,17,-6,1]
[4096,0,48,87,3,0,1]
[256,-448,480,-352,201,-88,30,-7,1]
[256,-448,368,-192,89,-48,23,-7,1]
[14641,-1331,106,-11,1]
[64,16,7,2,1]
[15625,-625,-72,-5,1]
[256,128,32,40,25,10,2,2,1]
[256,64,128,8,29,2,8,1,1]
[4096,-1280,-32,93,-2,-5,1]
[4096,-1024,192,-51,12,-4,1]
[4096,256,-224,-47,-14,1,1]
[512,-320,160,-77,20,-5,1]
[4096,1280,352,99,22,5,1]
[4096,256,-144,-55,-9,1,1]
[256,128,32,-16,-29,-4,2,2,1]
[729,-243,90,-47,10,-3,1]
[729,-243,126,-55,14,-3,1]
[14641,484,14,4,1]
[4096,1024,240,15,15,4,1]
[4096,1024,640,103,40,4,1]
[16384,-1792,153,-14,1]
[4096,2048,336,19,21,8,1]
[4096,-512,144,-105,9,-2,1]
[256,64,64,40,21,10,4,1,1]
[4096,512,144,79,9,2,1]
[6561,-243,-97,-3,1]
[4096,768,-96,-113,-6,3,1]
[15625,625,-121,5,1]
[4096,-1024,240,-3,15,-4,1]
[14641,3267,405,27,1]
[15625,1875,186,15,1]
[256,-256,144,-40,13,-10,9,-4,1]
[4096,0,96,15,6,0,1]
[256,128,32,-20,-7,-5,2,2,1]
[256,0,96,36,19,9,6,0,1]
[6561,-81,-131,-1,1]
[729,-567,144,-20,16,-7,1]
[729,81,99,8,11,1,1]
[256,-192,64,8,-11,2,4,-3,1]
[4096,-1280,432,-71,27,-5,1]
[256,128,16,-40,-19,-10,1,2,1]
[512,-320,184,-73,23,-5,1]
[6561,729,7,9,1]
[256,-128,192,-60,61,-15,12,-2,1]
[729,567,234,80,26,7,1]
[14641,484,-111,4,1]
[4096,-2304,896,-271,56,-9,1]
[4096,-1024,288,-75,18,-4,1]
[729,243,81,52,9,3,1]
[4096,1792,672,171,42,7,1]
[256,-48,-5,-3,1]
[256,-64,80,-24,13,-6,5,-1,1]
[729,243,0,-34,0,3,1]
[6561,-486,61,-6,1]
[14641,1331,38,11,1]
[6561,81,-59,1,1]
[4096,-256,464,-15,29,-1,1]
[729,-81,108,5,12,-1,1]
[14641,2783,280,23,1]
[14641,2662,261,22,1]
[256,384,368,256,143,64,23,6,1]
[4096,-768,480,-79,30,-3,1]
[4096,-3072,1328,-393,83,-12,1]
[729,405,135,46,15,5,1]
[4096,-256,19,-4,1]
[256,128,80,-16,-1,-4,5,2,1]
[729,162,81,41,9,2,1]
[16384,1408,71,11,1]
[6561,-162,46,-2,1]
[4096,1024,64,-59,4,4,1]
[729,-648,378,-149,42,-8,1]
[14641,847,26,7,1]
[4096,1792,480,135,30,7,1]
[14641,1936,243,16,1]
[256,128,43,8,1]
[14641,-1089,90,-9,1]
[4096,1536,672,157,42,6,1]
[256,-128,96,-60,33,-15,6,-2,1]
[14641,-1936,243,-16,1]
[4096,-512,304,-83,19,-2,1]
[256,192,192,96,63,24,12,3,1]
[4096,-1280,384,-119,24,-5,1]
[4096,1536,240,29,15,6,1]
[729,-81,-9,47,-1,-1,1]
[4096,-512,-64,115,-4,-2,1]
[512,0,8,5,1,0,1]
[4096,1792,176,-15,11,7,1]
[14641,-1210,46,-10,1]
[15625,625,8,5,1]
[4096,-2048,752,-191,47,-8,1]
[4096,1280,-48,-99,-3,5,1]
[14641,2420,204,20,1]
[4096,256,320,-31,20,1,1]
[16384,-1664,293,-13,1]
[4096,0,-160,41,-10,0,1]
[729,648,369,148,41,8,1]
[15625,2250,201,18,1]
[14641,1210,169,10,1]
[729,-486,252,-89,28,-6,1]
[2401,931,183,19,1]
[4096,512,0,-69,0,2,1]
[729,81,108,28,12,1,1]
[6561,405,139,5,1]
[16384,-1152,63,-9,1]
[15625,2625,238,21,1]
[14641,3509,424,29,1]
[4096,2816,1136,329,71,11,1]
[4096,-1280,0,41,0,-5,1]
[4096,-2304,848,-245,53,-9,1]
[4096,-192,-67,-3,1]
[729,-162,-36,23,-4,-2,1]
[256,256,64,-40,-37,-10,4,4,1]
[15625,-250,-197,-2,1]
[1024,96,11,3,1]
[4096,-2560,544,-77,34,-10,1]
[729,324,27,-14,3,4,1]
[64,-16,24,-3,6,-1,1]
[6561,-81,-7,-1,1]
[256,-192,0,36,-19,9,0,-3,1]
[4096,-1792,592,-193,37,-7,1]
[4096,-256,336,-35,21,-1,1]
[14641,-121,139,-1,1]
[4096,-2048,832,-241,52,-8,1]
[16384,-3072,333,-24,1]
[4096,512,61,8,1]
[4096,0,37,0,1]
[4096,-1280,48,61,3,-5,1]
[4096,-768,256,-23,16,-3,1]
[256,-192,96,-40,23,-10,6,-3,1]
[14641,-1452,131,-12,1]
[256,0,64,-44,1,-11,4,0,1]
[256,64,-16,20,13,5,-1,1,1]
[729,81,0,10,0,1,1]
[4096,256,208,-49,13,1,1]
[15625,875,202,7,1]
[4096,-1024,208,-5,13,-4,1]
[4096,256,64,55,4,1,1]
[4096,-1280,496,-77,31,-5,1]
[729,243,225,50,25,3,1]
[14641,-1815,166,-15,1]
[256,0,48,-4,27,-1,3,0,1]
[4096,-1280,400,-45,25,-5,1]
[256,-64,-80,8,23,2,-5,-1,1]
[4096,-768,-48,17,-3,-3,1]
[4096,2048,656,171,41,8,1]
[4096,192,-73,3,1]
[256,64,0,-36,-7,-9,0,1,1]
[4096,-1792,784,-203,49,-7,1]
[4096,512,112,-51,7,2,1]
[14641,242,49,2,1]
[16384,1664,263,13,1]
[4096,1536,656,141,41,6,1]
[4096,-768,48,17,3,-3,1]
[4096,2304,896,263,56,9,1]
[256,-64,-32,-8,23,-2,-2,-1,1]
[16384,1664,297,13,1]
[4096,1024,544,79,34,4,1]
[4096,1536,368,49,23,6,1]
[6561,-1053,194,-13,1]
[16384,-2432,191,-19,1]
[14641,-2178,199,-18,1]
[14641,363,232,3,1]
[256,192,144,80,41,20,9,3,1]
[729,648,405,155,45,8,1]
[4096,1280,96,-13,6,5,1]
[4096,-512,48,65,3,-2,1]
[15625,-2125,192,-17,1]
[15625,-2125,174,-17,1]
[729,81,207,19,23,1,1]
[16384,1152,167,9,1]
[512,128,72,23,9,2,1]
[16384,512,223,4,1]
[256,-256,208,-132,67,-33,13,-4,1]
[4096,960,181,15,1]
[14641,-242,105,-2,1]
[14641,242,-130,2,1]
[4096,256,-112,-63,-7,1,1]
[14641,2541,269,21,1]
[729,0,9,4,1,0,1]
[14641,-1573,238,-13,1]
[4096,-2816,1120,-327,70,-11,1]
[256,128,-48,-24,1,-6,-3,2,1]
[256,64,96,40,35,10,6,1,1]
[4096,0,16,79,1,0,1]
[256,-320,224,-120,61,-30,14,-5,1]
[256,-192,112,-28,11,-7,7,-3,1]
[2401,-147,-30,-3,1]
[256,-48,17,-3,1]
[15625,-3500,383,-28,1]
[4096,512,368,31,23,2,1]
[256,0,0,-20,-1,-5,0,0,1]
[4096,1024,16,-81,1,4,1]
[4096,768,48,-59,3,3,1]
[729,324,171,68,19,4,1]
[15625,375,187,3,1]
[256,192,192,104,61,26,12,3,1]
[4096,2304,464,59,29,9,1]
[4096,-2816,1184,-331,74,-11,1]
[2401,539,83,11,1]
[4096,192,13,3,1]
[729,81,162,10,18,1,1]
[625,50,-18,2,1]
[4096,-1280,-176,141,-11,-5,1]
[4096,-256,352,-31,22,-1,1]
[256,64,144,20,39,5,9,1,1]
[256,-192,112,-64,27,-16,7,-3,1]
[256,0,16,-4,-3,-1,1,0,1]
[512,-128,24,5,3,-2,1]
[4096,0,512,-21,32,0,1]
[4096,256,112,11,7,1,1]
[15625,-1250,-7,-10,1]
[256,64,64,16,7,4,4,1,1]
[4096,-2304,464,-71,29,-9,1]
[4096,-512,160,-97,10,-2,1]
[729,81,108,10,12,1,1]
[729,243,117,56,13,3,1]
[2401,-784,132,-16,1]
[14641,-605,-45,-5,1]
[15625,2250,261,18,1]
[256,-320,144,24,-41,6,9,-5,1]
[4096,1280,240,7,15,5,1]
[4096,1024,592,99,37,4,1]
[729,-270,52,-10,1]
[256,64,32,40,9,10,2,1,1]
[4096,-1024,672,-117,42,-4,1]
[256,128,48,0,-9,0,3,2,1]
[729,729,405,157,45,9,1]
[1024,-224,31,-7,1]
[4096,0,-112,-39,-7,0,1]
[4096,2816,1376,393,86,11,1]
[14641,-1210,57,-10,1]
[256,192,176,112,61,28,11,3,1]
[4096,-768,464,-57,29,-3,1]
[4096,-256,-32,35,-2,-1,1]
[14641,1573,144,13,1]
[14641,-605,-75,-5,1]
[16384,-1280,1,-10,1]
[4096,0,96,67,6,0,1]
[15625,-2750,369,-22,1]
[14641,-121,233,-1,1]
[4096,768,416,71,26,3,1]
[4096,768,224,129,14,3,1]
[15625,875,229,7,1]
[14641,-2541,311,-21,1]
[14641,242,122,2,1]
[4096,1024,-80,-61,-5,4,1]
[14641,-4477,579,-37,1]
[15625,-1000,103,-8,1]
[256,192,48,-8,-5,-2,3,3,1]
[256,128,96,44,37,11,6,2,1]
[1024,192,31,6,1]
[4096,-2304,896,-273,56,-9,1]
[4096,-1280,272,-79,17,-5,1]
[4096,-256,16,41,1,-1,1]
[4096,128,89,2,1]
[256,192,0,-24,-5,-6,0,3,1]
[14641,968,30,8,1]
[4096,-768,272,-47,17,-3,1]
[4096,1024,-80,-71,-5,4,1]
[256,256,176,64,31,16,11,4,1]
[15625,3250,337,26,1]
[4096,-1280,448,-165,28,-5,1]
[4096,-512,64,63,4,-2,1]
[512,0,-24,19,-3,0,1]
[64,-48,4,9,1,-3,1]
[4096,-768,272,-5,17,-3,1]
[256,128,32,12,13,3,2,2,1]
[4096,-2048,512,-121,32,-8,1]
[256,0,-16,8,21,2,-1,0,1]
[4096,2304,928,241,58,9,1]
[4096,1024,688,119,43,4,1]
[256,0,64,-48,7,-12,4,0,1]
[256,64,48,-48,-15,-12,3,1,1]
[15625,-625,147,-5,1]
[4096,-512,576,-51,36,-2,1]
[6561,81,-136,1,1]
[256,64,-16,-16,-23,-4,-1,1,1]
[4096,-256,32,65,2,-1,1]
[256,-128,-16,32,-21,8,-1,-2,1]
[6561,-405,62,-5,1]
[4096,1792,352,79,22,7,1]
[4096,-512,-48,81,-3,-2,1]
[4096,1792,816,211,51,7,1]
[15625,750,24,6,1]
[16384,-1408,59,-11,1]
[729,-243,162,-46,18,-3,1]
[1024,-32,-23,-1,1]
[4096,1024,176,77,11,4,1]
[16384,-1024,209,-8,1]
[16384,-1408,3,-11,1]
[4096,448,51,7,1]
[15625,-1625,84,-13,1]
[729,162,108,47,12,2,1]
[2401,49,-30,1,1]
[256,-64,16,20,-25,5,1,-1,1]
[256,0,-48,4,1,1,-3,0,1]
[4096,-768,-224,87,-14,-3,1]
[729,-81,90,7,10,-1,1]
[4096,512,-96,1,-6,2,1]
[14641,363,79,3,1]
[14641,-242,136,-2,1]
[4096,768,480,103,30,3,1]
[4096,-2560,736,-159,46,-10,1]
[4096,-1024,240,-63,15,-4,1]
[256,-192,48,-28,27,-7,3,-3,1]
[16384,2816,319,22,1]
[4096,-2560,736,-165,46,-10,1]
[729,-81,36,5,4,-1,1]
[16384,0,-235,0,1]
[256,0,160,4,55,1,10,0,1]
[14641,3267,364,27,1]
[256,256,112,52,31,13,7,4,1]
[16384,1024,185,8,1]
[729,-162,-27,8,-3,-2,1]
[4096,256,256,75,16,1,1]
[4096,-1792,640,-137,40,-7,1]
[14641,-3146,345,-26,1]
[256,0,0,32,5,8,0,0,1]
[15625,4375,548,35,1]
[16384,128,153,1,1]
[256,256,224,136,77,34,14,4,1]
[14641,1815,203,15,1]
[4096,-256,-96,45,-6,-1,1]
[16384,2816,265,22,1]
[16384,2048,195,16,1]
[729,-324,108,-49,12,-4,1]
[4096,768,112,-59,7,3,1]
[14641,-242,-134,-2,1]
[256,128,64,-36,-19,-9,4,2,1]
[14641,4356,551,36,1]
[1024,160,49,5,1]
[6561,567,-26,7,1]
[729,-81,126,4,14,-1,1]
[4096,-3072,1408,-421,88,-12,1]
[14641,-363,190,-3,1]
[256,192,48,28,23,7,3,3,1]
[4096,-512,320,-17,20,-2,1]
[4096,-768,192,-111,12,-3,1]
[256,64,160,52,51,13,10,1,1]
[16384,3328,379,26,1]
[16384,128,111,1,1]
[729,486,288,109,32,6,1]
[729,324,144,44,16,4,1]
[512,320,168,61,21,5,1]
[4096,-512,-48,69,-3,-2,1]
[729,405,27,-20,3,5,1]
[4096,-896,153,-14,1]
[15625,0,-47,0,1]
[4096,1280,768,147,48,5,1]
[16384,-128,5,-1,1]
[729,405,216,83,24,5,1]
[4096,256,624,25,39,1,1]
[16384,-512,215,-4,1]
[2401,-147,27,-3,1]
[4096,-1024,0,69,0,-4,1]
[4096,768,16,-57,1,3,1]
[4096,-768,0,81,0,-3,1]
[4096,512,80,-43,5,2,1]
[4096,-512,64,59,4,-2,1]
[256,-256,176,-60,29,-15,11,-4,1]
[256,64,128,60,33,15,8,1,1]
[4096,-2304,880,-223,55,-9,1]
[729,-108,-11,-4,1]
[4096,1024,256,31,16,4,1]
[15625,2250,266,18,1]
[14641,-121,153,-1,1]
[16384,896,45,7,1]
[6561,-1296,164,-16,1]
[14641,1815,219,15,1]
[16384,256,-155,2,1]
[4096,-1280,368,-69,23,-5,1]
[15625,125,-59,1,1]
[256,-64,32,-40,21,-10,2,-1,1]
[1024,-128,43,-4,1]
[256,256,80,-20,-27,-5,5,4,1]
[256,-192,176,-76,49,-19,11,-3,1]
[14641,-1089,-29,-9,1]
[4096,512,272,91,17,2,1]
[4096,1280,352,111,22,5,1]
[64,64,32,11,8,4,1]
[4096,256,416,65,26,1,1]
[4096,768,608,79,38,3,1]
[15625,500,187,4,1]
[512,-192,-24,29,-3,-3,1]
[15625,-1250,198,-10,1]
[14641,-1331,247,-11,1]
[4096,256,160,33,10,1,1]
[14641,0,-116,0,1]
[15625,-2875,297,-23,1]
[15625,1875,173,15,1]
[4096,-768,-176,103,-11,-3,1]
[4096,-256,112,-117,7,-1,1]
[512,-128,128,-27,16,-2,1]
[256,128,48,-4,-5,-1,3,2,1]
[4096,0,-160,-27,-10,0,1]
[256,256,288,168,107,42,18,4,1]
[256,-64,64,32,1,8,4,-1,1]
[256,-128,80,-20,1,-5,5,-2,1]
[15625,-875,203,-7,1]
[15625,3750,441,30,1]
[256,-64,96,-36,23,-9,6,-1,1]
[4096,2304,656,149,41,9,1]
[16384,1408,141,11,1]
[4096,0,208,-13,13,0,1]
[16384,-1280,51,-10,1]
[729,486,243,104,27,6,1]
[15625,1500,114,12,1]
[4096,0,48,71,3,0,1]
[729,-81,63,-37,7,-1,1]
[4096,-512,256,-41,16,-2,1]
[729,648,369,143,41,8,1]
[15625,2625,248,21,1]
[512,64,24,19,3,1,1]
[729,0,108,-22,12,0,1]
[256,192,144,76,49,19,9,3,1]
[14641,-3146,406,-26,1]
[4096,-768,224,-89,14,-3,1]
[4096,-768,-16,25,-1,-3,1]
[4096,-256,-176,71,-11,-1,1]
[14641,0,190,0,1]
[512,64,80,-1,10,1,1]
[4096,-256,160,-87,10,-1,1]
[4096,1024,320,133,20,4,1]
[4096,768,137,12,1]
[15625,375,9,3,1]
[14641,-726,133,-6,1]
[4096,-256,192,-103,12,-1,1]
[729,81,-18,22,-2,1,1]
[256,128,64,-4,1,-1,4,2,1]
[4096,-768,192,-97,12,-3,1]
[4096,-1024,288,-65,18,-4,1]
[6561,1944,286,24,1]
[2401,-294,-5,-6,1]
[256,-192,0,-12,29,-3,0,-3,1]
[729,-81,54,16,6,-1,1]
[15625,-1625,89,-13,1]
[15625,-2375,321,-19,1]
[4096,-2560,1056,-299,66,-10,1]
[4096,896,115,14,1]
[16384,0,199,0,1]
[15625,-1625,264,-13,1]
[16384,128,109,1,1]
[729,486,90,5,10,6,1]
[256,-64,16,-16,29,-4,1,-1,1]
[4096,512,400,37,25,2,1]
[4096,2560,752,173,47,10,1]
[16384,384,-41,3,1]
[6561,-486,151,-6,1]
[256,-128,16,0,9,0,1,-2,1]
[729,81,36,-16,4,1,1]
[256,-128,32,-32,29,-8,2,-2,1]
[4096,-1280,128,43,8,-5,1]
[15625,-500,82,-4,1]
[625,0,22,0,1]
[15625,1000,58,8,1]
[15625,4500,559,36,1]
[15625,3750,436,30,1]
[4096,256,192,-31,12,1,1]
[6561,0,-97,0,1]
[64,32,40,15,10,2,1]
[256,128,160,84,51,21,10,2,1]
[4096,-2304,768,-187,48,-9,1]
[4096,-512,192,7,12,-2,1]
[4096,0,528,-3,33,0,1]
[4096,2048,784,235,49,8,1]
[512,-384,136,-39,17,-6,1]
[6561,-1215,109,-15,1]
[729,-243,108,-16,12,-3,1]
[256,64,-32,-8,1,-2,-2,1,1]
[14641,-484,37,-4,1]
[15625,-1250,19,-10,1]
[15625,-2375,273,-19,1]
[729,0,18,16,2,0,1]
[4096,-512,208,17,13,-2,1]
[256,-448,336,-140,53,-35,21,-7,1]
[256,128,128,44,35,11,8,2,1]
[4096,0,736,-1,46,0,1]
[4096,-832,129,-13,1]
[2401,-245,41,-5,1]
[4096,128,117,2,1]
[4096,0,416,29,26,0,1]
[4096,4096,2080,645,130,16,1]
[16384,-2688,307,-21,1]
[4096,1792,736,219,46,7,1]
[256,64,64,-4,1,-1,4,1,1]
[4096,-1792,224,-7,14,-7,1]
[729,0,-36,-4,-4,0,1]
[729,-648,351,-136,39,-8,1]
[14641,-2662,282,-22,1]
[4096,-1024,272,-115,17,-4,1]
[4096,1536,144,-37,9,6,1]
[729,486,90,4,10,6,1]
[6561,243,163,3,1]
[4096,0,-160,5,-10,0,1]
[4096,-256,112,-23,7,-1,1]
[16384,1664,111,13,1]
[625,300,79,12,1]
[4096,256,432,9,27,1,1]
[4096,256,-32,-49,-2,1,1]
[4096,512,256,27,16,2,1]
[4096,1280,48,-55,3,5,1]
[256,0,64,-20,23,-5,4,0,1]
[512,-64,64,-33,8,-1,1]
[4096,-1280,160,27,10,-5,1]
[1024,384,87,12,1]
[512,-64,96,-25,12,-1,1]
[16384,-768,-67,-6,1]
[4096,-768,112,25,7,-3,1]
[4096,1792,400,81,25,7,1]
[4096,1792,464,83,29,7,1]
[15625,125,179,1,1]
[4096,-1280,656,-149,41,-5,1]
[6561,567,2,7,1]
[4096,256,-64,33,-4,1,1]
[15625,1375,41,11,1]
[729,243,27,2,3,3,1]
[4096,448,103,7,1]
[4096,-576,55,-9,1]
[15625,-500,29,-4,1]
[256,0,-64,-4,31,-1,-4,0,1]
[2401,-245,65,-5,1]
[256,256,192,132,75,33,12,4,1]
[14641,-242,181,-2,1]
[16384,640,-87,5,1]
[6561,1458,221,18,1]
[4096,0,-48,31,-3,0,1]
[4096,3072,1328,395,83,12,1]
[4096,512,112,-7,7,2,1]
[4096,512,112,-41,7,2,1]
[4096,1792,352,63,22,7,1]
[729,-162,43,-6,1]
[729,81,18,37,2,1,1]
[16384,768,197,6,1]
[4096,-512,256,7,16,-2,1]
[256,64,32,4,-3,1,2,1,1]
[4096,256,99,4,1]
[15625,625,174,5,1]
[16384,-768,-63,-6,1]
[256,-192,112,-8,-1,-2,7,-3,1]
[14641,484,-30,4,1]
[4096,768,256,63,16,3,1]
[256,256,272,164,99,41,17,4,1]
[256,-128,-32,28,-9,7,-2,-2,1]
[729,324,144,52,16,4,1]
[14641,-847,101,-7,1]
[16384,2688,327,21,1]
[4096,-768,288,-53,18,-3,1]
[4096,-1024,576,-135,36,-4,1]
[625,-25,-17,-1,1]
[4096,2816,1040,273,65,11,1]
[729,-243,72,-16,8,-3,1]
[14641,1573,218,13,1]
[16384,-3840,477,-30,1]
[4096,256,-112,-87,-7,1,1]
[14641,-242,-152,-2,1]
[4096,1024,544,97,34,4,1]
[15625,1750,69,14,1]
[4096,0,160,-61,10,0,1]
[256,256,176,60,29,15,11,4,1]
[256,-128,-16,24,-7,6,-1,-2,1]
[6561,-567,109,-7,1]
[4096,-1792,880,-217,55,-7,1]
[16384,-640,169,-5,1]
[256,0,48,-8,15,-2,3,0,1]
[4096,-512,-48,1,-3,-2,1]
[15625,250,196,2,1]
[2401,-245,69,-5,1]
[625,-25,-16,-1,1]
[4096,-1024,-80,65,-5,-4,1]
[512,-256,-32,43,-4,-4,1]
[729,0,90,22,10,0,1]
[729,-243,36,17,4,-3,1]
[256,-256,144,-64,29,-16,9,-4,1]
[14641,242,-149,2,1]
[14641,-242,-142,-2,1]
[15625,-2125,322,-17,1]
[15625,250,83,2,1]
[4096,1280,208,29,13,5,1]
[4096,-512,368,-77,23,-2,1]
[4096,3328,1552,469,97,13,1]
[15625,-750,122,-6,1]
[256,-128,208,-68,69,-17,13,-2,1]
[4096,768,192,-13,12,3,1]
[4096,-512,-128,61,-8,-2,1]
[256,-64,112,-48,35,-12,7,-1,1]
[16384,128,103,1,1]
[16384,-2560,349,-20,1]
[4096,256,-48,-115,-3,1,1]
[729,-324,63,-19,7,-4,1]
[256,64,64,4,9,1,4,1,1]
[256,-320,256,-160,85,-40,16,-5,1]
[4096,-1536,528,-191,33,-6,1]
[14641,1573,263,13,1]
[4096,-256,-48,-47,-3,-1,1]
[4096,768,320,19,20,3,1]
[4096,-1280,112,29,7,-5,1]
[14641,-121,-141,-1,1]
[729,729,423,164,47,9,1]
[512,256,96,19,12,4,1]
[14641,1815,153,15,1]
[729,0,9,-44,1,0,1]
[729,405,288,91,32,5,1]
[256,64,96,52,23,13,6,1,1]
[4096,-1024,624,-91,39,-4,1]
[4096,3584,1568,455,98,14,1]
[256,64,-48,0,23,0,-3,1,1]
[15625,750,108,6,1]
[4096,-1536,144,1,9,-6,1]
[4096,-512,-224,59,-14,-2,1]
[256,-128,-80,20,21,5,-5,-2,1]
[64,-8,15,-1,1]
[4096,1536,-80,-115,-5,6,1]
[14641,968,221,8,1]
[256,64,128,16,33,4,8,1,1]
[4096,256,240,3,15,1,1]
[15625,875,11,7,1]
[4096,0,64,-29,4,0,1]
[729,324,162,46,18,4,1]
[16384,384,-181,3,1]
[4096,0,16,13,1,0,1]
[6561,-729,10,-9,1]
[14641,363,-149,3,1]
[4096,-768,32,19,2,-3,1]
[4096,1536,752,163,47,6,1]
[2401,-343,107,-7,1]
[512,0,96,9,12,0,1]
[4096,-1024,288,-101,18,-4,1]
[4096,-256,0,47,0,-1,1]
[256,256,208,132,71,33,13,4,1]
[2401,490,52,10,1]
[256,64,32,4,15,1,2,1,1]
[4096,512,-64,9,-4,2,1]
[4096,-256,224,-85,14,-1,1]
[6561,-486,134,-6,1]
[2401,-588,82,-12,1]
[15625,2500,258,20,1]
[16384,-384,-3,-3,1]
[256,192,96,52,21,13,6,3,1]
[729,-567,270,-95,30,-7,1]
[729,-81,-63,22,-7,-1,1]
[4096,2560,864,223,54,10,1]
[729,-81,-18,14,-2,-1,1]
[6561,-972,73,-12,1]
[15625,-500,242,-4,1]
[256,64,-64,-16,15,-4,-4,1,1]
[4096,0,224,49,14,0,1]
[16384,1536,167,12,1]
[256,320,240,164,95,41,15,5,1]
[4096,-256,128,19,8,-1,1]
[4096,2816,1040,277,65,11,1]
[4096,512,288,51,18,2,1]
[2401,-147,76,-3,1]
[512,-192,120,-47,15,-3,1]
[4096,960,129,15,1]
[16384,-1408,283,-11,1]
[4096,512,-112,-97,-7,2,1]
[4096,0,-176,25,-11,0,1]
[15625,3125,402,25,1]
[4096,256,336,77,21,1,1]
[4096,-2304,1072,-293,67,-9,1]
[14641,-121,-161,-1,1]
[4096,1024,352,101,22,4,1]
[4096,1024,48,-73,3,4,1]
[4096,1280,624,163,39,5,1]
[4096,-2560,1088,-299,68,-10,1]
[15625,1000,227,8,1]
[4096,-1280,352,-71,22,-5,1]
[16384,512,15,4,1]
[15625,3375,428,27,1]
[4096,1792,368,53,23,7,1]
[256,64,64,12,15,3,4,1,1]
[4096,1024,672,123,42,4,1]
[4096,-1792,912,-227,57,-7,1]
[256,-64,176,-36,57,-9,11,-1,1]
[256,-64,32,0,9,0,2,-1,1]
[4096,0,0,-53,0,0,1]
[4096,-1792,656,-205,41,-7,1]
[16384,-3456,369,-27,1]
[4096,256,-96,5,-6,1,1]
[16384,-1920,141,-15,1]
[4096,-2304,1040,-279,65,-9,1]
[4096,64,-27,1,1]
[729,-81,81,-35,9,-1,1]
[2401,-245,66,-5,1]
[256,0,-32,0,-1,0,-2,0,1]
[729,-81,-27,1,-3,-1,1]
[4096,-1024,-16,55,-1,-4,1]
[4096,2816,1264,361,79,11,1]
[4096,-1024,0,85,0,-4,1]
[16384,2048,127,16,1]
[729,567,288,100,32,7,1]
[512,320,144,57,18,5,1]
[4096,1280,320,43,20,5,1]
[4096,256,-96,-33,-6,1,1]
[2401,392,43,8,1]
[4096,-256,-112,-1,-7,-1,1]
[4096,512,16,21,1,2,1]
[4096,-1024,352,-61,22,-4,1]
[4096,2048,800,195,50,8,1]
[256,256,64,-36,-35,-9,4,4,1]
[4096,-1280,608,-125,38,-5,1]
[4096,-640,83,-10,1]
[729,0,-27,-34,-3,0,1]
[256,-128,176,-76,63,-19,11,-2,1]
[15625,-500,68,-4,1]
[512,-512,288,-113,36,-8,1]
[256,384,272,148,77,37,17,6,1]
[4096,-2304,896,-229,56,-9,1]
[512,320,160,75,20,5,1]
[256,-64,112,-76,23,-19,7,-1,1]
[16384,-2304,235,-18,1]
[4096,-1280,-112,127,-7,-5,1]
[4096,2048,544,119,34,8,1]
[14641,-3025,312,-25,1]
[4096,2304,848,237,53,9,1]
[14641,847,-34,7,1]
[14641,2178,177,18,1]
[256,0,0,12,11,3,0,0,1]
[4096,-256,0,-1,0,-1,1]
[4096,1280,80,-1,5,5,1]
[729,-405,90,-8,10,-5,1]
[512,-320,184,-71,23,-5,1]
[16384,3072,321,24,1]
[256,256,112,20,1,5,7,4,1]
[15625,4375,534,35,1]
[256,64,0,8,25,2,0,1,1]
[512,-192,16,11,2,-3,1]
[512,256,88,33,11,4,1]
[729,-729,387,-146,43,-9,1]
[256,0,32,20,-9,5,2,0,1]
[16384,-1152,11,-9,1]
[4096,768,-96,-67,-6,3,1]
[256,192,32,-28,-19,-7,2,3,1]
[256,128,48,20,19,5,3,2,1]
[256,-64,-32,-12,23,-3,-2,-1,1]
[729,81,0,-46,0,1,1]
[1024,128,23,4,1]
[15625,1000,22,8,1]
[4096,2304,752,197,47,9,1]
[512,-128,40,11,5,-2,1]
[15625,-750,181,-6,1]
[4096,-768,-32,67,-2,-3,1]
[512,-320,176,-71,22,-5,1]
[15625,-750,-9,-6,1]
[14641,-2420,312,-20,1]
[4096,-1280,320,-115,20,-5,1]
[256,-384,384,-268,151,-67,24,-6,1]
[16384,1664,253,13,1]
[4096,-256,80,87,5,-1,1]
[625,-100,-7,-4,1]
[729,162,9,10,1,2,1]
[4096,256,-48,-33,-3,1,1]
[256,64,32,12,15,3,2,1,1]
[256,0,-16,8,19,2,-1,0,1]
[2401,833,164,17,1]
[256,-192,64,-4,-11,-1,4,-3,1]
[256,-192,80,-4,-1,-1,5,-3,1]
[256,64,80,8,25,2,5,1,1]
[6561,324,32,4,1]
[14641,-968,-43,-8,1]
[4096,0,-48,87,-3,0,1]
[729,81,-9,-2,-1,1,1]
[4096,-256,480,-45,30,-1,1]
[4096,2304,864,227,54,9,1]
[16384,256,129,2,1]
[729,-324,-72,71,-8,-4,1]
[16384,1280,23,10,1]
[14641,-3388,415,-28,1]
[256,448,416,288,161,72,26,7,1]
[4096,-1024,144,39,9,-4,1]
[4096,-512,-32,81,-2,-2,1]
[16384,-1536,269,-12,1]
[4096,0,128,-75,8,0,1]
[14641,-1089,178,-9,1]
[4096,-1792,-192,195,-12,-7,1]
[4096,2560,944,263,59,10,1]
[2401,-49,94,-1,1]
[729,-243,144,-35,16,-3,1]
[4096,512,384,91,24,2,1]
[4096,-768,-32,7,-2,-3,1]
[14641,-605,126,-5,1]
[256,-192,64,-12,3,-3,4,-3,1]
[4096,-768,384,-81,24,-3,1]
[4096,256,96,-39,6,1,1]
[4096,2048,608,167,38,8,1]
[4096,1536,288,71,18,6,1]
[256,0,-16,-8,-3,-2,-1,0,1]
[14641,0,57,0,1]
[4096,256,208,3,13,1,1]
[4096,-256,320,13,20,-1,1]
[14641,-1210,-9,-10,1]
[4096,-512,112,-35,7,-2,1]
[4096,1024,208,97,13,4,1]
[729,-162,81,-32,9,-2,1]
[4096,2304,848,255,53,9,1]
[729,0,0,1,0,0,1]
[15625,500,204,4,1]
[6561,-567,-8,-7,1]
[4096,-768,144,-33,9,-3,1]
[4096,-512,112,-93,7,-2,1]
[4096,-1536,224,-1,14,-6,1]
[15625,1250,251,10,1]
[15625,-1125,156,-9,1]
[256,192,64,16,11,4,4,3,1]
[4096,768,-208,-105,-13,3,1]
[256,-64,112,-8,23,-2,7,-1,1]
[729,-729,441,-176,49,-9,1]
[14641,847,-76,7,1]
[729,243,72,35,8,3,1]
[4096,-3584,1648,-501,103,-14,1]
[729,-243,198,-50,22,-3,1]
[729,27,4,1,1]
[625,50,9,2,1]
[512,64,-8,11,-1,1,1]
[729,-243,171,-37,19,-3,1]
[4096,-1024,368,-77,23,-4,1]
[14641,-363,172,-3,1]
[4096,-1792,-80,141,-5,-7,1]
[625,50,27,2,1]
[15625,750,-9,6,1]
[16384,3456,389,27,1]
[4096,-640,129,-10,1]
[729,27,29,1,1]
[4096,-1280,240,-75,15,-5,1]
[64,-32,19,-4,1]
[256,-128,64,0,-9,0,4,-2,1]
[512,512,304,125,38,8,1]
[256,64,0,-8,13,-2,0,1,1]
[729,162,36,23,4,2,1]
[4096,3328,1488,451,93,13,1]
[256,0,64,8,5,2,4,0,1]
[4096,0,176,-13,11,0,1]
[256,192,32,-12,-9,-3,2,3,1]
[14641,-1936,175,-16,1]
[15625,-125,-54,-1,1]
[729,-324,18,19,2,-4,1]
[4096,1792,336,29,21,7,1]
[4096,256,64,65,4,1,1]
[2401,-343,82,-7,1]
[256,128,176,68,55,17,11,2,1]
[4096,0,192,1,12,0,1]
[14641,3509,409,29,1]
[4096,1792,816,193,51,7,1]
[4096,-256,-128,29,-8,-1,1]
[4096,768,80,13,5,3,1]
[15625,125,-113,1,1]
[6561,-810,100,-10,1]
[729,81,72,35,8,1,1]
[4096,-256,-64,119,-4,-1,1]
[4096,-256,-192,29,-12,-1,1]
[256,128,80,40,9,10,5,2,1]
[256,128,0,16,29,4,0,2,1]
[4096,-2048,768,-255,48,-8,1]
[4096,-256,112,43,7,-1,1]
[256,64,144,72,39,18,9,1,1]
[4096,1792,528,111,33,7,1]
[15625,-1000,72,-8,1]
[15625,-1375,94,-11,1]
[2401,49,-82,1,1]
[4096,256,-176,-3,-11,1,1]
[4096,-256,448,3,28,-1,1]
[256,-128,16,36,-31,9,1,-2,1]
[256,256,64,16,17,4,4,4,1]
[256,192,96,28,17,7,6,3,1]
[4096,0,32,83,2,0,1]
[4096,-256,240,43,15,-1,1]
[4096,256,160,25,10,1,1]
[14641,3025,347,25,1]
[16384,0,119,0,1]
[15625,-625,-9,-5,1]
[15625,625,202,5,1]
[15625,2250,259,18,1]
[256,256,64,-56,-51,-14,4,4,1]
[4096,-768,352,-45,22,-3,1]
[729,162,27,32,3,2,1]
[256,-128,80,-4,1,-1,5,-2,1]
[729,-243,72,-11,8,-3,1]
[14641,3751,475,31,1]
[4096,512,128,119,8,2,1]
[4096,4096,2016,619,126,16,1]
[4096,-1792,176,27,11,-7,1]
[15625,1375,216,11,1]
[256,128,96,16,7,4,6,2,1]
[16384,-2048,241,-16,1]
[4096,-512,-80,89,-5,-2,1]
[4096,768,-192,-85,-12,3,1]
[256,64,16,8,5,2,1,1,1]
[15625,1125,139,9,1]
[6561,-81,106,-1,1]
[4096,768,256,51,16,3,1]
[4096,-768,160,-91,10,-3,1]
[14641,726,-37,6,1]
[14641,968,230,8,1]
[14641,-2662,262,-22,1]
[2401,-735,122,-15,1]
[15625,2000,149,16,1]
[15625,-250,31,-2,1]
[4096,768,496,75,31,3,1]
[729,81,90,4,10,1,1]
[16384,1664,167,13,1]
[4096,1024,-16,-81,-1,4,1]
[4096,-512,-160,31,-10,-2,1]
[16384,-384,-85,-3,1]
[4096,768,304,123,19,3,1]
[4096,-256,-32,-45,-2,-1,1]
[64,0,4,1,1,0,1]
[4096,0,176,-51,11,0,1]
[15625,2000,223,16,1]
[4096,-1024,256,-113,16,-4,1]
[4096,-1536,736,-159,46,-6,1]
[6561,-324,104,-4,1]
[2401,147,-3,3,1]
[256,128,-16,-16,-7,-4,-1,2,1]
[4096,-896,111,-14,1]
[729,324,0,-25,0,4,1]
[16384,4736,585,37,1]
[4096,-256,128,-19,8,-1,1]
[256,0,0,-4,-15,-1,0,0,1]
[256,-64,-16,4,11,1,-1,-1,1]
[15625,0,9,0,1]
[15625,2375,206,19,1]
[4096,0,304,-7,19,0,1]
[729,324,63,5,7,4,1]
[4096,-1024,96,5,6,-4,1]
[4096,-1280,176,-1,11,-5,1]
[15625,1625,218,13,1]
[4096,-1280,160,-19,10,-5,1]
[6561,1458,224,18,1]
[4096,-768,448,-61,28,-3,1]
[15625,4375,549,35,1]
[256,256,112,64,43,16,7,4,1]
[4096,0,320,7,20,0,1]
[6561,162,34,2,1]
[4096,768,112,37,7,3,1]
[729,324,45,-1,5,4,1]
[4096,1024,384,91,24,4,1]
[729,-405,90,-23,10,-5,1]
[4096,-2816,1216,-345,76,-11,1]
[4096,-256,144,-67,9,-1,1]
[256,-64,-80,-4,37,-1,-5,-1,1]
[4096,1536,512,185,32,6,1]
[256,64,48,-44,-13,-11,3,1,1]
[729,81,162,16,18,1,1]
[14641,-2299,283,-19,1]
[4096,1536,288,67,18,6,1]
[15625,2375,252,19,1]
[14641,3267,389,27,1]
[4096,256,16,-65,1,1,1]
[256,192,48,-44,-35,-11,3,3,1]
[256,-64,-16,4,19,1,-1,-1,1]
[6561,405,145,5,1]
[256,0,160,-4,51,-1,10,0,1]
[14641,3388,436,28,1]
[15625,-1500,102,-12,1]
[16384,-640,-77,-5,1]
[14641,-2541,332,-21,1]
[256,-128,80,-52,17,-13,5,-2,1]
[14641,605,-124,5,1]
[4096,-512,128,-95,8,-2,1]
[6561,-324,-31,-4,1]
[729,-243,0,11,0,-3,1]
[729,-81,-9,46,-1,-1,1]
[625,-175,22,-7,1]
[4096,0,384,13,24,0,1]
[15625,-125,8,-1,1]
[15625,-3125,322,-25,1]
[15625,500,102,4,1]
[4096,-512,32,-23,2,-2,1]
[729,81,99,-4,11,1,1]
[4096,-512,208,-17,13,-2,1]
[15625,2250,213,18,1]
[2401,196,39,4,1]
[4096,0,480,5,30,0,1]
[2401,-196,-19,-4,1]
[15625,875,-81,7,1]
[729,-405,81,-4,9,-5,1]
[4096,-2560,832,-201,52,-10,1]
[4096,1024,208,3,13,4,1]
[14641,-1089,219,-9,1]
[729,-81,-36,34,-4,-1,1]
[4096,-2048,640,-163,40,-8,1]
[4096,-768,224,-133,14,-3,1]
[4096,768,-96,-45,-6,3,1]
[6561,-243,137,-3,1]
[256,-128,80,-44,39,-11,5,-2,1]
[14641,1694,204,14,1]
[4096,1536,768,167,48,6,1]
[14641,484,151,4,1]
[4096,-768,624,-75,39,-3,1]
[15625,-1000,189,-8,1]
[4096,1536,288,27,18,6,1]
[4096,-768,256,-7,16,-3,1]
[14641,-363,234,-3,1]
[14641,0,-72,0,1]
[15625,875,74,7,1]
[14641,2662,282,22,1]
[4096,256,-16,-19,-1,1,1]
[256,64,32,4,-7,1,2,1,1]
[256,0,16,16,15,4,1,0,1]
[14641,3509,406,29,1]
[4096,-1088,165,-17,1]
[14641,-3509,411,-29,1]
[4096,1280,400,65,25,5,1]
[16384,128,-45,1,1]
[729,243,36,16,4,3,1]
[14641,-2057,156,-17,1]
[14641,-1573,196,-13,1]
[14641,121,25,1,1]
[4096,512,176,-5,11,2,1]
[4096,256,496,21,31,1,1]
[4096,512,112,-1,7,2,1]
[4096,256,0,-93,0,1,1]
[256,192,192,88,61,22,12,3,1]
[2401,-49,-73,-1,1]
[15625,1625,92,13,1]
[256,-192,80,-64,43,-16,5,-3,1]
[14641,-242,-14,-2,1]
[625,75,17,3,1]
[256,256,208,92,51,23,13,4,1]
[6561,162,115,2,1]
[512,0,56,-23,7,0,1]
[14641,-484,179,-4,1]
[4096,-1536,432,-113,27,-6,1]
[4096,0,272,47,17,0,1]
[15625,-3375,363,-27,1]
[256,-64,0,16,-17,4,0,-1,1]
[256,64,32,24,15,6,2,1,1]
[729,135,38,5,1]
[256,-192,208,-100,71,-25,13,-3,1]
[4096,-1024,608,-133,38,-4,1]
[512,64,-40,-13,-5,1,1]
[729,-729,360,-131,40,-9,1]
[14641,484,186,4,1]
[14641,-1815,263,-15,1]
[256,64,96,-36,5,-9,6,1,1]
[256,192,112,64,33,16,7,3,1]
[4096,-256,288,3,18,-1,1]
[15625,-875,141,-7,1]
[1024,32,53,1,1]
[4096,-2304,912,-243,57,-9,1]
[512,-192,-32,33,-4,-3,1]
[512,-384,208,-73,26,-6,1]
[512,384,176,57,22,6,1]
[729,-162,81,-22,9,-2,1]
[6561,2025,298,25,1]
[4096,-768,16,-13,1,-3,1]
[512,-256,48,-3,6,-4,1]
[729,324,270,71,30,4,1]
[4096,-1280,-16,45,-1,-5,1]
[4096,768,320,53,20,3,1]
[4096,1280,192,31,12,5,1]
[4096,-512,7,-8,1]
[4096,768,192,65,12,3,1]
[256,-128,48,-8,-7,-2,3,-2,1]
[256,-192,48,-40,35,-10,3,-3,1]
[729,-81,144,-22,16,-1,1]
[256,-320,256,-164,91,-41,16,-5,1]
[6561,-162,-44,-2,1]
[15625,750,174,6,1]
[256,-128,96,-20,13,-5,6,-2,1]
[512,64,56,-5,7,1,1]
[15625,-2875,341,-23,1]
[16384,896,-91,7,1]
[256,256,224,136,81,34,14,4,1]
[512,64,56,17,7,1,1]
[2401,-49,33,-1,1]
[256,256,64,-36,-31,-9,4,4,1]
[14641,-2541,269,-21,1]
[4096,2304,864,235,54,9,1]
[4096,2304,960,255,60,9,1]
[4096,-256,48,-9,3,-1,1]
[4096,2048,464,101,29,8,1]
[4096,1536,320,93,20,6,1]
[4096,1536,464,125,29,6,1]
[64,80,56,29,14,5,1]
[4096,-256,288,-41,18,-1,1]
[4096,-256,64,-61,4,-1,1]
[256,128,112,28,21,7,7,2,1]
[2401,588,81,12,1]
[4096,1024,176,-9,11,4,1]
[4096,-1024,-64,37,-4,-4,1]
[256,-64,-80,8,27,2,-5,-1,1]
[256,-64,48,28,-9,7,3,-1,1]
[256,-256,80,-16,9,-4,5,-4,1]
[4096,-768,-64,95,-4,-3,1]
[15625,-1625,218,-13,1]
[14641,-847,-65,-7,1]
[729,81,36,-26,4,1,1]
[256,320,160,32,1,8,10,5,1]
[4096,3072,1328,383,83,12,1]
[4096,-512,-240,59,-15,-2,1]
[256,128,0,-32,-15,-8,0,2,1]
[2401,0,55,0,1]
[4096,-512,464,-27,29,-2,1]
[4096,0,32,-1,2,0,1]
[14641,-2904,337,-24,1]
[256,-192,176,-120,59,-30,11,-3,1]
[256,-448,416,-296,169,-74,26,-7,1]
[4096,-1280,400,-49,25,-5,1]
[729,432,115,16,1]
[512,320,136,51,17,5,1]
[15625,1250,-6,10,1]
[16384,640,-43,5,1]
[729,162,-9,-25,-1,2,1]
[729,324,63,17,7,4,1]
[4096,1536,656,193,41,6,1]
[2401,0,-8,0,1]
[4096,2560,816,213,51,10,1]
[16,4,1,1,1]
[4096,0,112,23,7,0,1]
[4096,960,141,15,1]
[14641,1331,181,11,1]
[729,243,90,50,10,3,1]
[6561,-648,119,-8,1]
[14641,0,-178,0,1]
[4096,1024,304,23,19,4,1]
[4096,-2048,960,-251,60,-8,1]
[64,32,20,17,5,2,1]
[1024,-96,-3,-3,1]
[4096,-1024,368,-93,23,-4,1]
[256,-128,16,8,-3,2,1,-2,1]
[4096,-1792,496,-103,31,-7,1]
[15625,-2500,258,-20,1]
[256,64,0,20,7,5,0,1,1]
[4096,0,224,-27,14,0,1]
[512,128,-48,-23,-6,2,1]
[16384,-1024,63,-8,1]
[4096,1024,736,119,46,4,1]
[6561,1053,133,13,1]
[64,-32,8,-5,2,-2,1]
[729,486,297,104,33,6,1]
[14641,-121,57,-1,1]
[256,-64,-48,16,9,4,-3,-1,1]
[512,0,-8,-9,-1,0,1]
[4096,256,96,67,6,1,1]
[4096,256,64,125,4,1,1]
[14641,-1573,212,-13,1]
[4096,-768,0,37,0,-3,1]
[256,0,48,16,3,4,3,0,1]
[2401,147,30,3,1]
[256,-256,160,-40,13,-10,10,-4,1]
[6561,-810,110,-10,1]
[4096,-2816,1168,-325,73,-11,1]
[729,-405,110,-15,1]
[4096,-256,7,-4,1]
[4096,-512,128,61,8,-2,1]
[4096,-1536,-208,173,-13,-6,1]
[15625,-1625,182,-13,1]
[4096,-768,176,-99,11,-3,1]
[4096,1792,304,43,19,7,1]
[16384,-2304,215,-18,1]
[4096,0,448,-1,28,0,1]
[729,0,9,46,1,0,1]
[14641,-1331,156,-11,1]
[729,0,99,5,11,0,1]
[15625,375,-89,3,1]
[512,-256,120,-35,15,-4,1]
[729,0,27,25,3,0,1]
[4096,-1280,272,-39,17,-5,1]
[256,64,32,-4,13,-1,2,1,1]
[256,-64,48,-44,5,-11,3,-1,1]
[4096,2304,544,107,34,9,1]
[4096,256,-144,-51,-9,1,1]
[256,-192,160,-100,47,-25,10,-3,1]
[4096,-768,112,-41,7,-3,1]
[4096,0,32,33,2,0,1]
[15625,-875,234,-7,1]
[15625,125,29,1,1]
[4096,-2816,1088,-293,68,-11,1]
[256,-128,0,28,-23,7,0,-2,1]
[4096,-2560,800,-197,50,-10,1]
[512,-320,128,-39,16,-5,1]
[15625,-4000,489,-32,1]
[4096,-3840,1824,-557,114,-15,1]
[4096,384,-3,6,1]
[4096,128,-53,2,1]
[4096,-1024,256,-117,16,-4,1]
[4096,1024,368,109,23,4,1]
[256,0,0,12,-1,3,0,0,1]
[729,-162,9,-19,1,-2,1]
[4096,1792,960,229,60,7,1]
[4096,-768,304,-119,19,-3,1]
[4096,-3072,1392,-415,87,-12,1]
[256,-64,0,32,-15,8,0,-1,1]
[14641,-1089,228,-9,1]
[15625,1750,184,14,1]
[256,64,48,-36,-13,-9,3,1,1]
[2401,147,62,3,1]
[15625,-1500,36,-12,1]
[256,128,96,56,39,14,6,2,1]
[256,0,48,48,1,12,3,0,1]
[256,-64,64,-20,25,-5,4,-1,1]
[4096,-256,240,-79,15,-1,1]
[4096,768,-32,-17,-2,3,1]
[14641,-1331,239,-11,1]
[4096,768,496,109,31,3,1]
[512,-320,128,-53,16,-5,1]
[256,0,48,-36,3,-9,3,0,1]
[4096,2304,288,-21,18,9,1]
[4096,-768,96,55,6,-3,1]
[256,256,96,-20,-25,-5,6,4,1]
[6561,-81,77,-1,1]
[256,-64,-16,20,-11,5,-1,-1,1]
[4096,1536,896,195,56,6,1]
[729,0,81,-25,9,0,1]
[256,0,16,-32,1,-8,1,0,1]
[4096,-2304,976,-275,61,-9,1]
[4096,-256,320,-31,20,-1,1]
[14641,-1694,229,-14,1]
[4096,-512,256,-47,16,-2,1]
[512,-576,384,-161,48,-9,1]
[15625,-3250,409,-26,1]
[4096,1024,256,49,16,4,1]
[4096,256,528,13,33,1,1]
[4096,2048,928,245,58,8,1]
[4096,-1792,336,-69,21,-7,1]
[256,-128,64,-36,11,-9,4,-2,1]
[256,192,80,-16,-13,-4,5,3,1]
[4096,-1536,672,-143,42,-6,1]
[729,-243,74,-9,1]
[14641,1573,240,13,1]
[4096,1536,624,163,39,6,1]
[2401,-196,19,-4,1]
[512,256,56,13,7,4,1]
[15625,-375,147,-3,1]
[4096,-768,-32,61,-2,-3,1]
[14641,-605,212,-5,1]
[15625,-1500,129,-12,1]
[729,-243,45,-5,5,-3,1]
[729,-81,72,-2,8,-1,1]
[2401,-637,109,-13,1]
[256,192,80,32,9,8,5,3,1]
[256,-256,176,-116,61,-29,11,-4,1]
[729,0,43,0,1]
[256,0,-112,-4,37,-1,-7,0,1]
[729,108,7,4,1]
[15625,-750,88,-6,1]
[4096,1792,544,113,34,7,1]
[6561,1863,275,23,1]
[512,-192,48,-25,6,-3,1]
[729,243,180,53,20,3,1]
[4096,256,-176,-39,-11,1,1]
[4096,1024,32,11,2,4,1]
[256,-320,224,-148,87,-37,14,-5,1]
[4096,128,107,2,1]
[4096,768,144,33,9,3,1]
[4096,-768,16,25,1,-3,1]
[4096,1024,144,13,9,4,1]
[256,0,176,8,59,2,11,0,1]
[4096,-1792,400,-97,25,-7,1]
[4096,-1024,608,-89,38,-4,1]
[729,162,18,28,2,2,1]
[256,0,48,0,23,0,3,0,1]
[4096,-1280,592,-123,37,-5,1]
[256,192,64,4,3,1,4,3,1]
[14641,-847,245,-7,1]
[15625,500,-33,4,1]
[15625,-1500,268,-12,1]
[15625,-625,-12,-5,1]
[15625,-2125,189,-17,1]
[4096,-256,112,-91,7,-1,1]
[4096,-3328,1440,-429,90,-13,1]
[4096,-768,320,-57,20,-3,1]
[4096,-1792,512,-145,32,-7,1]
[1024,64,-39,2,1]
[729,-81,90,-40,10,-1,1]
[256,-256,224,-140,79,-35,14,-4,1]
[6561,81,-40,1,1]
[15625,-250,-88,-2,1]
[512,-192,104,-45,13,-3,1]
[4096,-3072,1472,-429,92,-12,1]
[256,192,208,88,63,22,13,3,1]
[4096,256,-192,-7,-12,1,1]
[14641,1331,145,11,1]
[4096,-256,-48,17,-3,-1,1]
[729,243,9,-22,1,3,1]
[4096,256,96,-9,6,1,1]
[256,48,23,3,1]
[256,192,64,0,1,0,4,3,1]
[4096,-256,-96,111,-6,-1,1]
[4096,2048,624,173,39,8,1]
[256,0,64,-40,1,-10,4,0,1]
[4096,-768,176,37,11,-3,1]
[4096,512,-96,5,-6,2,1]
[1024,-32,47,-1,1]
[4096,1280,464,103,29,5,1]
[256,0,112,12,27,3,7,0,1]
[4096,256,59,4,1]
[4096,0,-144,-7,-9,0,1]
[15625,-875,-49,-7,1]
[729,0,-9,32,-1,0,1]
[4096,-2304,592,-111,37,-9,1]
[4096,-256,-144,9,-9,-1,1]
[512,-128,72,-35,9,-2,1]
[15625,-1000,101,-8,1]
[2401,-931,177,-19,1]
[14641,121,236,1,1]
[4096,-2048,896,-241,56,-8,1]
[4096,3840,1856,565,116,15,1]
[729,-162,27,-20,3,-2,1]
[14641,242,208,2,1]
[256,320,176,68,31,17,11,5,1]
[14641,1210,111,10,1]
[256,128,64,20,19,5,4,2,1]
[4096,512,-96,-21,-6,2,1]
[256,-64,64,-28,17,-7,4,-1,1]
[4096,1536,416,127,26,6,1]
[512,448,224,83,28,7,1]
[15625,-2750,361,-22,1]
[729,-27,22,-1,1]
[15625,-3375,354,-27,1]
[14641,-363,75,-3,1]
[14641,484,64,4,1]
[14641,-847,-68,-7,1]
[256,128,32,24,13,6,2,2,1]
[729,81,117,-4,13,1,1]
[4096,256,144,113,9,1,1]
[625,-250,71,-10,1]
[4096,512,352,3,22,2,1]
[729,-243,108,-59,12,-3,1]
[15625,-375,138,-3,1]
[256,0,32,-20,-11,-5,2,0,1]
[4096,64,73,1,1]
[4096,512,256,-25,16,2,1]
[6561,-162,-94,-2,1]
[4096,-1792,-208,205,-13,-7,1]
[4096,-3328,1360,-387,85,-13,1]
[4096,1792,656,167,41,7,1]
[14641,847,201,7,1]
[1024,-256,51,-8,1]
[6561,-324,-44,-4,1]
[256,-128,80,-20,7,-5,5,-2,1]
[6561,-324,71,-4,1]
[4096,-1536,144,-5,9,-6,1]
[512,448,272,113,34,7,1]
[4096,-1280,128,31,8,-5,1]
[256,192,96,68,37,17,6,3,1]
[14641,-363,54,-3,1]
[4096,2048,624,161,39,8,1]
[16384,2432,183,19,1]
[15625,1125,109,9,1]
[4096,2304,768,191,48,9,1]
[256,128,48,4,11,1,3,2,1]
[4096,768,80,67,5,3,1]
[256,128,144,52,47,13,9,2,1]
[14641,1936,152,16,1]
[625,75,42,3,1]
[14641,1694,135,14,1]
[256,192,144,40,25,10,9,3,1]
[6561,486,40,6,1]
[16384,1024,83,8,1]
[4096,2048,720,191,45,8,1]
[4096,256,0,-15,0,1,1]
[512,-256,16,11,2,-4,1]
[4096,256,144,-55,9,1,1]
[4096,-2304,736,-183,46,-9,1]
[4096,768,-16,17,-1,3,1]
[4096,1280,464,149,29,5,1]
[4096,-256,144,-99,9,-1,1]
[729,-486,117,-19,13,-6,1]
[4096,320,-33,5,1]
[256,-128,80,-12,11,-3,5,-2,1]
[6561,729,170,9,1]
[16384,2560,273,20,1]
[4096,-2560,1024,-277,64,-10,1]
[2401,490,50,10,1]
[256,128,16,-40,-27,-10,1,2,1]
[729,-243,-54,62,-6,-3,1]
[6561,0,-98,0,1]
[4096,2048,768,249,48,8,1]
[4096,-1280,48,63,3,-5,1]
[14641,363,197,3,1]
[14641,1089,-25,9,1]
[729,81,0,11,0,1,1]
[729,-243,53,-9,1]
[4096,256,64,-91,4,1,1]
[4096,0,-48,-17,-3,0,1]
[14641,847,200,7,1]
[15625,250,81,2,1]
[4096,256,416,49,26,1,1]
[256,64,48,-28,-13,-7,3,1,1]
[6561,-1134,199,-14,1]
[4096,1792,464,129,29,7,1]
[729,243,117,62,13,3,1]
[4096,1024,-64,-39,-4,4,1]
[15625,2500,204,20,1]
[14641,1573,52,13,1]
[729,-324,81,-13,9,-4,1]
[4096,-1536,160,-5,10,-6,1]
[15625,375,-112,3,1]
[4096,-2560,944,-261,59,-10,1]
[729,324,83,12,1]
[4096,0,-144,5,-9,0,1]
[4096,1280,-208,-163,-13,5,1]
[256,192,80,4,-1,1,5,3,1]
[256,64,96,0,21,0,6,1,1]
[729,0,-63,-11,-7,0,1]
[16384,-4096,485,-32,1]
[16384,-3584,391,-28,1]
[4096,256,-7,4,1]
[4096,-768,-208,103,-13,-3,1]
[4096,0,384,-43,24,0,1]
[256,0,-64,8,9,2,-4,0,1]
[14641,3509,397,29,1]
[14641,-726,227,-6,1]
[729,-729,387,-143,43,-9,1]
[14641,1936,193,16,1]
[16384,768,-11,6,1]
[4096,0,-112,5,-7,0,1]
[4096,512,-176,-59,-11,2,1]
[512,-128,40,-9,5,-2,1]
[64,48,32,19,8,3,1]
[4096,-1536,352,-105,22,-6,1]
[125,-3,1]
[15625,875,-11,7,1]
[4096,768,-128,-79,-8,3,1]
[256,-192,32,40,-33,10,2,-3,1]
[512,0,144,-1,18,0,1]
[6561,-729,43,-9,1]
[729,810,495,197,55,10,1]
[4096,-256,-128,11,-8,-1,1]
[6561,243,-11,3,1]
[4096,1280,48,-23,3,5,1]
[512,0,72,-7,9,0,1]
[4096,-256,-48,95,-3,-1,1]
[4096,1280,320,29,20,5,1]
[512,384,208,81,26,6,1]
[4096,512,128,-57,8,2,1]
[14641,-363,-20,-3,1]
[4096,-1792,176,31,11,-7,1]
[4096,-3840,1808,-545,113,-15,1]
[15625,-2500,254,-20,1]
[4096,-256,-32,27,-2,-1,1]
[15625,1500,214,12,1]
[16384,-2176,215,-17,1]
[4096,768,288,61,18,3,1]
[4096,-768,-192,65,-12,-3,1]
[4096,1024,-32,-65,-2,4,1]
[4096,-1536,384,-97,24,-6,1]
[16384,2304,233,18,1]
[256,64,0,24,17,6,0,1,1]
[729,81,-36,-16,-4,1,1]
[16384,-256,223,-2,1]
[16384,1152,255,9,1]
[4096,-192,-1,-3,1]
[4096,896,103,14,1]
[512,0,0,-37,0,0,1]
[256,-320,352,-240,143,-60,22,-5,1]
[256,0,-16,0,-11,0,-1,0,1]
[4096,-512,400,-15,25,-2,1]
[625,-25,-14,-1,1]
[729,162,189,25,21,2,1]
[15625,1500,159,12,1]
[729,567,189,49,21,7,1]
[4096,1024,448,83,28,4,1]
[512,-384,144,-41,18,-6,1]
[256,64,32,4,11,1,2,1,1]
[4096,0,192,3,12,0,1]
[4096,512,112,19,7,2,1]
[15625,-500,-137,-4,1]
[4096,1024,512,135,32,4,1]
[14641,363,139,3,1]
[15625,1125,153,9,1]
[6561,-729,13,-9,1]
[256,64,48,8,-5,2,3,1,1]
[15625,-625,-118,-5,1]
[256,0,16,0,-11,0,1,0,1]
[14641,726,-40,6,1]
[729,-405,225,-80,25,-5,1]
[4096,0,16,-77,1,0,1]
[4096,-256,-128,9,-8,-1,1]
[729,81,-45,-17,-5,1,1]
[256,-64,96,20,13,5,6,-1,1]
[15625,1125,196,9,1]
[512,-256,88,-33,11,-4,1]
[256,0,64,-24,11,-6,4,0,1]
[4096,-1280,448,-145,28,-5,1]
[4096,1024,48,-5,3,4,1]
[729,-567,306,-118,34,-7,1]
[512,64,72,1,9,1,1]
[256,0,112,-4,31,-1,7,0,1]
[15625,-125,23,-1,1]
[4096,256,304,33,19,1,1]
[14641,1694,137,14,1]
[4096,-2560,944,-249,59,-10,1]
[729,243,53,9,1]
[4096,-1792,624,-195,39,-7,1]
[2401,343,74,7,1]
[4096,0,-96,-43,-6,0,1]
[4096,-1536,480,-169,30,-6,1]
[4096,512,-32,9,-2,2,1]
[14641,-363,57,-3,1]
[4096,-320,67,-5,1]
[2401,0,90,0,1]
[16384,3072,375,24,1]
[256,-256,64,-4,5,-1,4,-4,1]
[14641,2420,235,20,1]
[729,-324,117,-19,13,-4,1]
[4096,1024,208,29,13,4,1]
[16384,-512,141,-4,1]
[256,64,64,-16,5,-4,4,1,1]
[4096,-1024,160,-3,10,-4,1]
[256,-128,48,-20,3,-5,3,-2,1]
[256,192,112,20,7,5,7,3,1]
[256,-64,48,-16,9,-4,3,-1,1]
[4096,-1024,-96,49,-6,-4,1]
[256,128,96,8,11,2,6,2,1]
[15625,2000,184,16,1]
[256,256,80,-60,-55,-15,5,4,1]
[14641,2299,238,19,1]
[729,-324,126,-46,14,-4,1]
[4096,1280,-176,-159,-11,5,1]
[256,-64,-48,8,19,2,-3,-1,1]
[4096,-256,48,-119,3,-1,1]
[4096,-1280,16,75,1,-5,1]
[2401,-343,103,-7,1]
[256,128,0,-4,9,-1,0,2,1]
[4096,-512,96,-53,6,-2,1]
[512,-128,0,23,0,-2,1]
[256,64,-16,24,17,6,-1,1,1]
[256,-128,80,-12,15,-3,5,-2,1]
[15625,-625,-33,-5,1]
[256,0,112,-24,25,-6,7,0,1]
[256,-64,0,-24,11,-6,0,-1,1]
[4096,-1024,144,-17,9,-4,1]
[4096,256,-160,-23,-10,1,1]
[14641,-2904,287,-24,1]
[6561,-810,89,-10,1]
[4096,0,272,21,17,0,1]
[512,-128,104,-35,13,-2,1]
[16384,640,59,5,1]
[4096,-768,80,47,5,-3,1]
[6561,-405,-58,-5,1]
[2401,588,79,12,1]
[15625,-1125,14,-9,1]
[4096,-1024,192,-37,12,-4,1]
[625,75,8,3,1]
[14641,242,158,2,1]
[15625,2500,207,20,1]
[4096,1024,-176,-103,-11,4,1]
[729,-243,225,-52,25,-3,1]
[4096,1024,128,-45,8,4,1]
[16384,-3328,415,-26,1]
[14641,-1815,161,-15,1]
[4096,1792,192,-19,12,7,1]
[4096,0,-32,59,-2,0,1]
[16384,256,-145,2,1]
[14641,-1210,7,-10,1]
[14641,968,130,8,1]
[729,324,81,14,9,4,1]
[15625,-125,-12,-1,1]
[4096,1024,-144,-79,-9,4,1]
[256,-256,128,-92,63,-23,8,-4,1]
[1024,64,5,2,1]
[256,-192,64,-12,1,-3,4,-3,1]
[4096,0,240,15,15,0,1]
[4096,-64,105,-1,1]
[256,320,288,196,109,49,18,5,1]
[625,25,23,1,1]
[4096,512,144,-17,9,2,1]
[14641,-3267,410,-27,1]
[729,-81,22,-3,1]
[6561,243,32,3,1]
[729,-567,216,-64,24,-7,1]
[4096,256,256,19,16,1,1]
[6561,-2106,328,-26,1]
[15625,-2250,313,-18,1]
[6561,-2025,314,-25,1]
[16384,1152,181,9,1]
[729,0,45,8,5,0,1]
[16384,-1664,233,-13,1]
[256,-128,80,12,1,3,5,-2,1]
[4096,512,192,97,12,2,1]
[256,64,-16,-28,-5,-7,-1,1,1]
[256,256,256,152,89,38,16,4,1]
[256,64,64,8,21,2,4,1,1]
[4096,-512,496,-71,31,-2,1]
[16384,-896,-31,-7,1]
[256,320,240,124,63,31,15,5,1]
[16384,-128,71,-1,1]
[6561,-1053,164,-13,1]
[4096,-1024,-176,121,-11,-4,1]
[4096,1792,704,209,44,7,1]
[15625,-2250,168,-18,1]
[256,256,192,92,51,23,12,4,1]
[2401,147,74,3,1]
[4096,-512,48,7,3,-2,1]
[4096,-1792,608,-163,38,-7,1]
[16384,128,55,1,1]
[256,0,32,36,-1,9,2,0,1]
[4096,-256,32,-95,2,-1,1]
[4096,-1792,768,-199,48,-7,1]
[256,64,48,36,17,9,3,1,1]
[256,0,-16,20,15,5,-1,0,1]
[16384,0,-173,0,1]
[14641,605,166,5,1]
[16384,-4480,551,-35,1]
[4096,1536,512,147,32,6,1]
[4096,0,-240,-5,-15,0,1]
[16384,-3712,403,-29,1]
[15625,-2000,154,-16,1]
[15625,-2875,319,-23,1]
[14641,-242,100,-2,1]
[6561,405,160,5,1]
[512,128,16,3,2,2,1]
[4096,1280,576,111,36,5,1]
[6561,891,158,11,1]
[2401,-245,-17,-5,1]
[256,-320,304,-204,113,-51,19,-5,1]
[4096,-512,256,5,16,-2,1]
[512,-128,88,-23,11,-2,1]
[6561,-81,-104,-1,1]
[4096,3328,1456,439,91,13,1]
[15625,1375,52,11,1]
[729,405,180,56,20,5,1]
[512,320,192,69,24,5,1]
[4096,0,-96,5,-6,0,1]
[6561,324,82,4,1]
[4096,-512,208,-61,13,-2,1]
[4096,-256,128,-81,8,-1,1]
[512,128,24,-13,3,2,1]
[6561,81,-50,1,1]
[15625,-500,204,-4,1]
[729,81,0,-5,0,1,1]
[4096,768,-160,-71,-10,3,1]
[4096,1792,320,35,20,7,1]
[15625,-625,74,-5,1]
[14641,-3267,402,-27,1]
[4096,-768,528,-81,33,-3,1]
[4096,512,-144,-81,-9,2,1]
[4096,-256,384,-41,24,-1,1]
[4096,1792,736,221,46,7,1]
[4096,512,-32,27,-2,2,1]
[4096,3072,1344,407,84,12,1]
[4096,-2816,1072,-305,67,-11,1]
[4096,-1280,320,-77,20,-5,1]
[15625,-250,-157,-2,1]
[4096,768,656,89,41,3,1]
[15625,-1500,27,-12,1]
[4096,-2048,800,-197,50,-8,1]
[16384,1792,237,14,1]
[16384,-4096,487,-32,1]
[4096,1280,432,149,27,5,1]
[4096,768,256,95,16,3,1]
[6561,81,145,1,1]
[4096,1280,432,139,27,5,1]
[4096,512,288,49,18,2,1]
[729,810,450,172,50,10,1]
[4096,-1536,288,-25,18,-6,1]
[4096,512,224,-13,14,2,1]
[16384,-2688,359,-21,1]
[256,-128,0,28,-17,7,0,-2,1]
[729,-81,90,-29,10,-1,1]
[14641,-605,247,-5,1]
[4096,-1536,592,-131,37,-6,1]
[6561,-1377,190,-17,1]
[4096,256,-96,-99,-6,1,1]
[4096,-1280,144,-35,9,-5,1]
[256,0,-32,-8,1,-2,-2,0,1]
[4096,0,-16,-31,-1,0,1]
[256,320,176,36,1,9,11,5,1]
[729,-243,-27,47,-3,-3,1]
[4096,-256,224,-53,14,-1,1]
[4096,256,128,-5,8,1,1]
[256,-64,-112,12,29,3,-7,-1,1]
[14641,1210,-16,10,1]
[729,324,63,7,7,4,1]
[4096,512,288,97,18,2,1]
[1024,256,65,8,1]
[4096,-1024,416,-93,26,-4,1]
[14641,-363,49,-3,1]
[16384,-3584,421,-28,1]
[15625,375,248,3,1]
[625,100,27,4,1]
[4096,0,80,-85,5,0,1]
[4096,0,288,57,18,0,1]
[256,-192,64,-56,41,-14,4,-3,1]
[4096,-768,48,-33,3,-3,1]
[729,324,99,11,11,4,1]
[4096,-512,688,-61,43,-2,1]
[15625,-250,7,-2,1]
[14641,-2420,340,-20,1]
[15625,250,-187,2,1]
[15625,2875,371,23,1]
[4096,512,160,-33,10,2,1]
[16384,-1152,257,-9,1]
[6561,162,25,2,1]
[14641,2541,337,21,1]
[14641,-847,24,-7,1]
[256,-192,112,-80,41,-20,7,-3,1]
[4096,1024,224,41,14,4,1]
[14641,2662,332,22,1]
[256,-192,64,40,-33,10,4,-3,1]
[4096,-256,176,9,11,-1,1]
[4096,-3072,1136,-301,71,-12,1]
[4096,768,240,31,15,3,1]
[16384,3456,423,27,1]
[14641,-2541,273,-21,1]
[4096,0,416,-11,26,0,1]
[4096,-1792,528,-125,33,-7,1]
[256,64,16,-28,-13,-7,1,1,1]
[4096,-1280,352,-77,22,-5,1]
[4096,1792,208,-13,13,7,1]
[2401,343,37,7,1]
[729,-243,99,-7,11,-3,1]
[256,128,48,-8,-5,-2,3,2,1]
[4096,-1792,624,-135,39,-7,1]
[4096,-1792,16,93,1,-7,1]
[14641,-1331,159,-11,1]
[729,324,108,34,12,4,1]
[4096,0,96,-53,6,0,1]
[4096,512,416,33,26,2,1]
[256,-64,0,8,15,2,0,-1,1]
[15625,625,-109,5,1]
[16,4,-1,1,1]
[4096,-1536,-208,169,-13,-6,1]
[14641,605,188,5,1]
[16384,-1024,-51,-8,1]
[729,-486,189,-55,21,-6,1]
[6561,567,160,7,1]
[4096,-512,-16,47,-1,-2,1]
[256,256,240,148,83,37,15,4,1]
[4096,0,192,39,12,0,1]
[256,128,32,-40,-35,-10,2,2,1]
[256,128,80,0,5,0,5,2,1]
[729,0,45,-8,5,0,1]
[4096,0,144,-75,9,0,1]
[14641,-2057,233,-17,1]
[729,81,81,31,9,1,1]
[4096,1792,848,211,53,7,1]
[4096,0,272,61,17,0,1]
[4096,2048,688,181,43,8,1]
[64,-64,40,-19,10,-4,1]
[4096,2048,416,71,26,8,1]
[729,648,315,115,35,8,1]
[729,243,-27,-38,-3,3,1]
[15625,0,212,0,1]
[729,243,189,44,21,3,1]
[4096,-1024,64,27,4,-4,1]
[16384,-2688,343,-21,1]
[15625,2750,277,22,1]
[6561,-1134,151,-14,1]
[256,-256,224,-152,85,-38,14,-4,1]
[14641,-2057,281,-17,1]
[14641,3025,376,25,1]
[2401,49,57,1,1]
[4096,0,144,-87,9,0,1]
[4096,768,656,83,41,3,1]
[4096,512,0,-77,0,2,1]
[256,0,0,-16,5,-4,0,0,1]
[15625,-2125,269,-17,1]
[4096,640,91,10,1]
[729,324,27,-25,3,4,1]
[4096,-1024,80,17,5,-4,1]
[256,-64,80,-16,27,-4,5,-1,1]
[256,64,80,52,17,13,5,1,1]
[4096,-3328,1488,-451,93,-13,1]
[729,-567,189,-46,21,-7,1]
[4096,-3072,1296,-373,81,-12,1]
[14641,968,111,8,1]
[4096,0,-80,77,-5,0,1]
[4096,1024,784,125,49,4,1]
[4096,0,64,-7,4,0,1]
[4096,-1024,-192,153,-12,-4,1]
[256,-64,-16,32,-5,8,-1,-1,1]
[16384,4224,503,33,1]
[4096,-1280,416,-81,26,-5,1]
[729,0,-72,-1,-8,0,1]
[4096,2304,448,59,28,9,1]
[15625,-1625,154,-13,1]
[4096,-2816,1104,-323,69,-11,1]
[256,-32,-15,-2,1]
[512,-64,88,1,11,-1,1]
[729,-324,153,-43,17,-4,1]
[4096,-1024,288,-69,18,-4,1]
[4096,-768,544,-75,34,-3,1]
[6561,1134,124,14,1]
[256,192,48,-12,-9,-3,3,3,1]
[4096,-768,0,93,0,-3,1]
[256,192,48,32,31,8,3,3,1]
[15625,875,157,7,1]
[4096,-768,96,-29,6,-3,1]
[4096,-1536,320,-81,20,-6,1]
[4096,256,112,71,7,1,1]
[256,64,64,32,27,8,4,1,1]
[4096,-256,384,-53,24,-1,1]
[256,64,-48,-8,13,-2,-3,1,1]
[64,32,8,-5,2,2,1]
[15625,375,128,3,1]
[256,192,128,64,23,16,8,3,1]
[14641,-363,222,-3,1]
[14641,-242,142,-2,1]
[4096,-64,11,-1,1]
[729,81,-45,-2,-5,1,1]
[256,-144,45,-9,1]
[256,256,256,140,85,35,16,4,1]
[256,-64,-32,-12,21,-3,-2,-1,1]
[256,192,128,84,39,21,8,3,1]
[4096,-1024,608,-95,38,-4,1]
[4096,1280,400,45,25,5,1]
[14641,605,137,5,1]
[4096,1792,720,219,45,7,1]
[256,-64,32,-16,1,-4,2,-1,1]
[16384,2176,223,17,1]
[4096,-768,432,-51,27,-3,1]
[256,-320,192,-68,21,-17,12,-5,1]
[4096,256,-128,-9,-8,1,1]
[729,-162,81,-46,9,-2,1]
[729,162,-36,-7,-4,2,1]
[4096,256,144,-39,9,1,1]
[15625,2250,248,18,1]
[16384,1792,223,14,1]
[4096,-512,288,5,18,-2,1]
[4096,-1792,64,75,4,-7,1]
[14641,-1573,197,-13,1]
[6561,-567,13,-7,1]
[2401,588,83,12,1]
[14641,-2420,213,-20,1]
[4096,1024,448,53,28,4,1]
[4096,1536,336,69,21,6,1]
[15625,-1750,233,-14,1]
[15625,1875,258,15,1]
[4096,2816,1184,349,74,11,1]
[4096,-1280,80,7,5,-5,1]
[15625,-375,157,-3,1]
[14641,-3630,455,-30,1]
[4096,-1024,272,-69,17,-4,1]
[729,243,54,13,6,3,1]
[81,16,1]
[729,27,16,1,1]
[729,-243,0,13,0,-3,1]
[16384,256,105,2,1]
[256,-64,64,-56,9,-14,4,-1,1]
[4096,-128,11,-2,1]
[2401,735,152,15,1]
[4096,384,69,6,1]
[16384,-2048,187,-16,1]
[4096,1024,144,57,9,4,1]
[729,81,27,25,3,1,1]
[64,0,40,-1,10,0,1]
[16384,-768,121,-6,1]
[15625,1000,82,8,1]
[4096,768,688,93,43,3,1]
[4096,1792,672,211,42,7,1]
[16384,384,-33,3,1]
[4096,-1792,528,-147,33,-7,1]
[6561,-1539,214,-19,1]
[14641,847,23,7,1]
[512,-128,56,-11,7,-2,1]
[4096,-256,16,33,1,-1,1]
[4096,-1024,528,-119,33,-4,1]
[729,0,108,1,12,0,1]
[16384,1152,117,9,1]
[4096,-768,-80,67,-5,-3,1]
[256,128,48,20,11,5,3,2,1]
[4096,2048,368,47,23,8,1]
[4096,-512,64,-93,4,-2,1]
[4096,768,-112,-111,-7,3,1]
[4096,1024,240,25,15,4,1]
[256,-192,64,16,-19,4,4,-3,1]
[4096,-2560,1104,-327,69,-10,1]
[729,-81,0,-5,0,-1,1]
[625,-25,21,-1,1]
[256,128,64,16,19,4,4,2,1]
[729,-81,27,-14,3,-1,1]
[15625,3625,442,29,1]
[256,192,112,52,23,13,7,3,1]
[14641,-1210,155,-10,1]
[14641,0,221,0,1]
[14641,-1815,203,-15,1]
[729,-162,63,7,7,-2,1]
[4096,1792,528,109,33,7,1]
[6561,324,-64,4,1]
[4096,-192,-33,-3,1]
[15625,250,137,2,1]
[256,-192,48,24,-25,6,3,-3,1]
[16384,128,-35,1,1]
[4096,-256,160,-17,10,-1,1]
[4096,1024,672,127,42,4,1]
[729,486,189,58,21,6,1]
[4096,-1792,592,-167,37,-7,1]
[4096,-2048,960,-261,60,-8,1]
[729,81,18,25,2,1,1]
[4096,2304,752,205,47,9,1]
[256,64,80,40,27,10,5,1,1]
[256,128,32,-40,-29,-10,2,2,1]
[4096,256,400,-3,25,1,1]
[625,25,18,1,1]
[4096,1792,224,7,14,7,1]
[256,0,16,-12,9,-3,1,0,1]
[2401,343,99,7,1]
[4096,-1280,304,-83,19,-5,1]
[256,-64,-32,28,1,7,-2,-1,1]
[4096,768,-48,-33,-3,3,1]
[16384,-2560,213,-20,1]
[4096,-2304,688,-175,43,-9,1]
[1024,-192,23,-6,1]
[15625,875,164,7,1]
[4096,-2560,864,-217,54,-10,1]
[256,-64,128,-48,39,-12,8,-1,1]
[14641,0,-215,0,1]
[4096,-768,192,5,12,-3,1]
[256,320,288,204,111,51,18,5,1]
[256,-256,208,-144,73,-36,13,-4,1]
[4096,256,240,37,15,1,1]
[4096,-768,32,-3,2,-3,1]
[4096,512,-96,-99,-6,2,1]
[4096,-1280,208,-47,13,-5,1]
[4096,256,-160,13,-10,1,1]
[4096,768,32,1,2,3,1]
[15625,125,-221,1,1]
[4096,2304,864,231,54,9,1]
[16384,2048,269,16,1]
[4096,-1280,528,-133,33,-5,1]
[2401,98,9,2,1]
[256,0,64,32,-1,8,4,0,1]
[256,-64,-64,-8,35,-2,-4,-1,1]
[256,0,-48,12,15,3,-3,0,1]
[729,810,495,203,55,10,1]
[256,256,192,108,57,27,12,4,1]
[4096,-1792,528,-111,33,-7,1]
[4096,-256,288,-27,18,-1,1]
[729,405,81,16,9,5,1]
[4096,-1792,384,-61,24,-7,1]
[6561,162,19,2,1]
[4096,256,304,21,19,1,1]
[729,405,126,44,14,5,1]
[2401,-147,85,-3,1]
[6561,810,67,10,1]
[729,-81,63,-20,7,-1,1]
[4096,768,80,-33,5,3,1]
[4096,256,352,-1,22,1,1]
[256,-128,80,-40,37,-10,5,-2,1]
[6561,-567,170,-7,1]
[14641,0,-179,0,1]
[512,-128,48,-47,6,-2,1]
[1024,32,59,1,1]
[729,405,162,71,18,5,1]
[15625,-2625,256,-21,1]
[6561,-243,112,-3,1]
[2401,-147,-52,-3,1]
[256,128,64,-4,5,-1,4,2,1]
[1024,-416,87,-13,1]
[256,128,48,44,27,11,3,2,1]
[4096,-1024,560,-115,35,-4,1]
[4096,-512,-32,101,-2,-2,1]
[4096,0,-96,-63,-6,0,1]
[4096,-2304,976,-271,61,-9,1]
[256,0,48,48,-3,12,3,0,1]
[256,-384,240,-68,13,-17,15,-6,1]
[729,-405,252,-83,28,-5,1]
[729,-243,0,5,0,-3,1]
[4096,-2816,1216,-361,76,-11,1]
[4096,-512,464,-75,29,-2,1]
[4096,1536,624,187,39,6,1]
[256,-384,320,-184,93,-46,20,-6,1]
[2401,49,-44,1,1]
[256,-64,192,-44,65,-11,12,-1,1]
[4096,-2048,832,-211,52,-8,1]
[4096,3072,1328,401,83,12,1]
[4096,-512,384,-45,24,-2,1]
[4096,1280,640,135,40,5,1]
[256,64,32,-4,-9,-1,2,1,1]
[4096,3072,1424,427,89,12,1]
[256,-128,144,-64,51,-16,9,-2,1]
[729,-324,45,1,5,-4,1]
[15625,1375,63,11,1]
[4096,256,192,29,12,1,1]
[512,192,192,45,24,3,1]
[4096,-1280,128,-13,8,-5,1]
[256,128,112,32,29,8,7,2,1]
[15625,125,-163,1,1]
[729,243,-45,-50,-5,3,1]
[4096,-1280,480,-169,30,-5,1]
[2401,-539,95,-11,1]
[4096,1024,-128,-109,-8,4,1]
[729,297,71,11,1]
[6561,81,127,1,1]
[4096,512,80,-21,5,2,1]
[729,-405,117,-28,13,-5,1]
[14641,-1089,138,-9,1]
[14641,726,218,6,1]
[729,405,225,65,25,5,1]
[512,-384,256,-99,32,-6,1]
[4096,-1536,704,-187,44,-6,1]
[256,128,32,-16,-1,-4,2,2,1]
[4096,-1792,480,-93,30,-7,1]
[16384,-1024,33,-8,1]
[14641,484,40,4,1]
[14641,242,79,2,1]
[4096,1792,768,203,48,7,1]
[14641,-242,14,-2,1]
[4096,768,560,87,35,3,1]
[4096,512,0,-51,0,2,1]
[16,0,-5,0,1]
[256,-64,32,-8,-1,-2,2,-1,1]
[625,75,31,3,1]
[729,648,396,149,44,8,1]
[14641,1573,51,13,1]
[4096,-768,224,-107,14,-3,1]
[64,-16,8,-5,2,-1,1]
[256,320,192,64,21,16,12,5,1]
[4096,768,368,125,23,3,1]
[256,192,64,-12,-13,-3,4,3,1]
[4096,-2304,1072,-283,67,-9,1]
[4096,512,384,53,24,2,1]
[4096,-1792,784,-211,49,-7,1]
[6561,-81,148,-1,1]
[256,64,16,-8,1,-2,1,1,1]
[16384,2048,253,16,1]
[4096,2304,992,259,62,9,1]
[15625,-125,37,-1,1]
[14641,1210,204,10,1]
[4096,-2304,368,-17,23,-9,1]
[729,648,396,148,44,8,1]
[256,128,112,64,31,16,7,2,1]
[4096,-512,288,-103,18,-2,1]
[4096,-512,352,-77,22,-2,1]
[4096,-2048,432,-73,27,-8,1]
[16384,-640,21,-5,1]
[15625,-1125,133,-9,1]
[4096,-768,496,-111,31,-3,1]
[4096,-1024,-112,95,-7,-4,1]
[4096,1792,832,205,52,7,1]
[14641,1452,61,12,1]
[4096,2560,1088,317,68,10,1]
[4096,-2304,848,-229,53,-9,1]
[256,192,32,-28,-23,-7,2,3,1]
[15625,3250,392,26,1]
[16384,-2048,153,-16,1]
[16384,1152,235,9,1]
[4096,0,-48,-69,-3,0,1]
[256,128,160,72,53,18,10,2,1]
[256,-128,64,-4,11,-1,4,-2,1]
[729,54,8,2,1]
[4096,0,208,35,13,0,1]
[256,-192,64,-24,11,-6,4,-3,1]
[14641,-847,-34,-7,1]
[16384,-1280,69,-10,1]
[4096,768,-208,-83,-13,3,1]
[15625,-1750,218,-14,1]
[256,0,-64,-4,25,-1,-4,0,1]
[16384,1152,97,9,1]
[14641,-2662,288,-22,1]
[256,-192,80,28,-23,7,5,-3,1]
[14641,-2541,271,-21,1]
[729,-81,-45,34,-5,-1,1]
[256,0,16,-8,-13,-2,1,0,1]
[729,-324,243,-67,27,-4,1]
[625,25,34,1,1]
[14641,1452,138,12,1]
[4096,2304,512,93,32,9,1]
[4096,3072,1344,399,84,12,1]
[6561,-1215,149,-15,1]
[512,-64,48,11,6,-1,1]
[15625,-1500,228,-12,1]
[4096,1280,576,143,36,5,1]
[256,-128,80,-28,7,-7,5,-2,1]
[14641,484,-83,4,1]
[4096,-1280,400,-93,25,-5,1]
[6561,1296,128,16,1]
[256,-64,128,-48,41,-12,8,-1,1]
[729,-54,13,-2,1]
[15625,3000,306,24,1]
[15625,1875,198,15,1]
[4096,1536,448,101,28,6,1]
[14641,1573,46,13,1]
[4096,-2048,448,-71,28,-8,1]
[15625,-625,-111,-5,1]
[14641,2783,372,23,1]
[4096,-2048,704,-207,44,-8,1]
[14641,726,-106,6,1]
[15625,500,54,4,1]
[512,-128,80,-15,10,-2,1]
[2401,245,-24,5,1]
[729,81,-18,16,-2,1,1]
[4096,-1536,320,-61,20,-6,1]
[256,-128,112,-60,45,-15,7,-2,1]
[729,-162,18,-7,2,-2,1]
[729,-162,99,-43,11,-2,1]
[729,243,-54,-38,-6,3,1]
[729,81,45,20,5,1,1]
[16384,-1664,87,-13,1]
[729,162,-45,-59,-5,2,1]
[256,128,144,64,43,16,9,2,1]
[4096,1024,-80,-67,-5,4,1]
[4096,-256,-48,3,-3,-1,1]
[4096,1280,336,111,21,5,1]
[4096,-1280,576,-157,36,-5,1]
[4096,-768,352,-107,22,-3,1]
[256,192,160,96,57,24,10,3,1]
[256,-64,64,-16,13,-4,4,-1,1]
[4096,512,-144,-79,-9,2,1]
[512,-192,96,-15,12,-3,1]
[729,405,-18,-52,-2,5,1]
[4096,-1280,-128,105,-8,-5,1]
[4096,-448,29,-7,1]
[2401,588,80,12,1]
[256,-256,176,-80,37,-20,11,-4,1]
[14641,484,-117,4,1]
[4096,-1024,336,-103,21,-4,1]
[4096,512,-240,-71,-15,2,1]
[6561,-162,115,-2,1]
[15625,-1250,167,-10,1]
[15625,3875,451,31,1]
[6561,-324,-79,-4,1]
[729,405,198,89,22,5,1]
[4096,1536,608,175,38,6,1]
[729,0,36,-5,4,0,1]
[4096,768,-192,-79,-12,3,1]
[512,-64,-48,23,-6,-1,1]
[14641,-2057,259,-17,1]
[729,-162,126,-19,14,-2,1]
[4096,768,112,-1,7,3,1]
[729,-405,126,-47,14,-5,1]
[256,64,64,12,21,3,4,1,1]
[4096,1536,224,-3,14,6,1]
[4096,768,-48,-73,-3,3,1]
[4096,-256,432,-55,27,-1,1]
[14641,-2541,238,-21,1]
[4096,-1792,336,-63,21,-7,1]
[256,-64,-32,-8,13,-2,-2,-1,1]
[6561,567,91,7,1]
[4096,512,304,-19,19,2,1]
[256,0,48,52,1,13,3,0,1]
[256,-256,96,56,-53,14,6,-4,1]
[6561,2187,332,27,1]
[2401,-245,74,-5,1]
[4096,1280,624,113,39,5,1]
[16384,-1536,67,-12,1]
[4096,-512,192,-61,12,-2,1]
[14641,605,219,5,1]
[4096,-2304,336,-7,21,-9,1]
[4096,-512,-96,91,-6,-2,1]
[14641,-1573,129,-13,1]
[4096,768,96,-19,6,3,1]
[729,324,180,46,20,4,1]
[4096,2560,880,221,55,10,1]
[6561,1215,212,15,1]
[256,192,0,-48,-31,-12,0,3,1]
[4096,256,-176,-57,-11,1,1]
[4096,2560,1024,293,64,10,1]
[256,-64,128,0,29,0,8,-1,1]
[4096,2816,1136,323,71,11,1]
[729,405,27,-19,3,5,1]
[4096,256,240,41,15,1,1]
[256,32,1,2,1]
[4096,512,432,9,27,2,1]
[4096,768,96,51,6,3,1]
[14641,-121,137,-1,1]
[4096,512,128,57,8,2,1]
[15625,250,193,2,1]
[256,64,48,32,7,8,3,1,1]
[729,108,5,4,1]
[4096,2560,496,53,31,10,1]
[4096,-256,192,-1,12,-1,1]
[4096,-512,16,77,1,-2,1]
[2401,-343,19,-7,1]
[4096,512,160,-1,10,2,1]
[6561,1377,206,17,1]
[16384,-640,143,-5,1]
[4096,1280,528,93,33,5,1]
[1024,480,117,15,1]
[14641,726,71,6,1]
[16384,-2176,241,-17,1]
[4096,-256,192,43,12,-1,1]
[4096,-256,128,-91,8,-1,1]
[15625,125,142,1,1]
[4096,512,144,105,9,2,1]
[15625,-750,61,-6,1]
[14641,0,81,0,1]
[4096,-2560,1008,-277,63,-10,1]
[14641,0,40,0,1]
[256,0,-96,-4,33,-1,-6,0,1]
[729,81,-8,3,1]
[256,-192,64,12,-23,3,4,-3,1]
[15625,375,-28,3,1]
[256,0,64,36,3,9,4,0,1]
[729,-729,360,-127,40,-9,1]
[14641,1331,240,11,1]
[4096,2048,256,-5,16,8,1]
[16384,-128,-69,-1,1]
[4096,256,192,21,12,1,1]
[4096,-256,352,-37,22,-1,1]
[256,192,64,16,13,4,4,3,1]
[14641,-3388,389,-28,1]
[15625,-500,51,-4,1]
[6561,-1701,248,-21,1]
[6561,-1620,242,-20,1]
[16384,0,-35,0,1]
[4096,-512,208,3,13,-2,1]
[4096,256,96,119,6,1,1]
[4096,-256,0,-31,0,-1,1]
[6561,-324,-23,-4,1]
[4096,1792,304,33,19,7,1]
[14641,-363,177,-3,1]
[4096,-1024,416,-73,26,-4,1]
[4096,-768,80,-25,5,-3,1]
[4096,-1024,448,-109,28,-4,1]
[15625,250,236,2,1]
[15625,625,-92,5,1]
[14641,1452,204,12,1]
[16384,1280,205,10,1]
[256,-64,-112,8,33,2,-7,-1,1]
[4096,768,-48,-35,-3,3,1]
[256,128,80,40,35,10,5,2,1]
[14641,-121,-75,-1,1]
[4096,-3584,1696,-519,106,-14,1]
[729,243,207,44,23,3,1]
[14641,-484,97,-4,1]
[16384,-256,219,-2,1]
[14641,1573,183,13,1]
[256,-64,128,-28,37,-7,8,-1,1]
[256,64,112,12,25,3,7,1,1]
[6561,324,-38,4,1]
[4096,-1280,320,-49,20,-5,1]
[14641,-2178,272,-18,1]
[256,192,80,28,11,7,5,3,1]
[729,81,54,-7,6,1,1]
[4096,1024,320,73,20,4,1]
[4096,-2560,992,-279,62,-10,1]
[729,324,81,10,9,4,1]
[14641,-968,123,-8,1]
[4096,-1792,-48,121,-3,-7,1]
[256,0,64,8,29,2,4,0,1]
[256,64,0,-12,1,-3,0,1,1]
[4096,1024,128,-23,8,4,1]
[14641,-726,-54,-6,1]
[256,-128,48,-20,25,-5,3,-2,1]
[4096,-1280,80,51,5,-5,1]
[4096,-3584,1408,-383,88,-14,1]
[4096,-256,-32,-47,-2,-1,1]
[15625,500,-66,4,1]
[14641,1573,118,13,1]
[4096,-512,96,-33,6,-2,1]
[4096,-1536,432,-121,27,-6,1]
[512,64,-48,-5,-6,1,1]
[4096,-1024,368,-105,23,-4,1]
[625,25,-12,1,1]
[2401,196,-27,4,1]
[256,-16,-1,-1,1]
[14641,121,47,1,1]
[4096,512,-208,-79,-13,2,1]
[6561,-405,152,-5,1]
[14641,-1089,4,-9,1]
[14641,-363,-108,-3,1]
[64,24,5,3,1]
[2401,-294,92,-6,1]
[16384,768,189,6,1]
[729,-243,117,-46,13,-3,1]
[4096,512,160,41,10,2,1]
[4096,2304,688,167,43,9,1]
[4096,-256,-64,85,-4,-1,1]
[81,0,-8,0,1]
[4096,-768,320,-45,20,-3,1]
[256,0,48,-52,-1,-13,3,0,1]
[4096,768,64,-29,4,3,1]
[512,256,-48,-53,-6,4,1]
[4096,256,32,-103,2,1,1]
[15625,125,-7,1,1]
[4096,-1792,80,63,5,-7,1]
[4096,1280,272,9,17,5,1]
[729,162,108,25,12,2,1]
[256,0,-128,0,43,0,-8,0,1]
[729,216,32,8,1]
[4096,-1536,528,-141,33,-6,1]
[14641,484,-84,4,1]
[15625,-2000,199,-16,1]
[729,243,9,-13,1,3,1]
[15625,1875,289,15,1]
[4096,-1536,512,-187,32,-6,1]
[4096,-768,528,-97,33,-3,1]
[4096,-768,-96,123,-6,-3,1]
[16384,-1408,165,-11,1]
[4096,768,576,85,36,3,1]
[256,-320,320,-216,125,-54,20,-5,1]
[256,192,192,128,65,32,12,3,1]
[4096,1792,112,-43,7,7,1]
[4096,1024,-32,-69,-2,4,1]
[4096,-512,96,67,6,-2,1]
[14641,2057,229,17,1]
[512,-384,56,13,7,-6,1]
[15625,-4000,473,-32,1]
[4096,3328,1408,413,88,13,1]
[14641,726,116,6,1]
[4096,256,-32,61,-2,1,1]
[4096,256,160,39,10,1,1]
[256,64,-80,-16,15,-4,-5,1,1]
[16384,768,151,6,1]
[14641,0,68,0,1]
[14641,-1331,18,-11,1]
[14641,-363,-167,-3,1]
[4096,256,208,97,13,1,1]
[256,64,32,-12,-7,-3,2,1,1]
[729,81,9,38,1,1,1]
[15625,-1000,207,-8,1]
[15625,250,169,2,1]
[4096,0,-192,-27,-12,0,1]
[4096,-1280,464,-73,29,-5,1]
[512,384,232,87,29,6,1]
[16384,1280,275,10,1]
[4096,1024,416,91,26,4,1]
[4096,-768,96,-25,6,-3,1]
[256,64,-48,-20,1,-5,-3,1,1]
[14641,-1573,53,-13,1]
[4096,-1024,64,-27,4,-4,1]
[4096,-1216,191,-19,1]
[4096,256,-240,-39,-15,1,1]
[14641,1573,86,13,1]
[256,256,160,100,57,25,10,4,1]
[4096,-1280,512,-81,32,-5,1]
[512,512,312,127,39,8,1]
[6561,1296,218,16,1]
[4096,0,336,37,21,0,1]
[4096,1024,-32,-79,-2,4,1]
[4096,1024,16,-13,1,4,1]
[729,162,0,-13,0,2,1]
[256,-64,64,-56,11,-14,4,-1,1]
[4096,-512,112,35,7,-2,1]
[256,0,32,4,21,1,2,0,1]
[4096,768,352,11,22,3,1]
[4096,-512,304,-15,19,-2,1]
[729,378,92,14,1]
[16384,640,193,5,1]
[16384,768,-13,6,1]
[256,64,80,48,27,12,5,1,1]
[6561,-243,25,-3,1]
[4096,-1024,224,-25,14,-4,1]
[4096,768,-144,-141,-9,3,1]
[6561,2025,296,25,1]
[4096,-640,47,-10,1]
[64,16,8,-3,2,1,1]
[512,-320,160,-61,20,-5,1]
[4096,1792,608,165,38,7,1]
[6561,1134,148,14,1]
[729,-81,-36,20,-4,-1,1]
[729,-324,225,-71,25,-4,1]
[6561,-1863,262,-23,1]
[729,-81,63,-5,7,-1,1]
[4096,-1536,464,-165,29,-6,1]
[15625,1500,227,12,1]
[729,-81,-45,35,-5,-1,1]
[4096,1792,736,197,46,7,1]
[14641,-1331,79,-11,1]
[14641,121,-108,1,1]
[4096,1024,224,-9,14,4,1]
[16384,-1152,267,-9,1]
[729,0,90,16,10,0,1]
[4096,-256,80,-55,5,-1,1]
[64,0,32,-3,8,0,1]
[4096,-2304,880,-227,55,-9,1]
[15625,-1125,76,-9,1]
[14641,-3388,395,-28,1]
[14641,-847,40,-7,1]
[14641,-3751,454,-31,1]
[15625,-1250,161,-10,1]
[4096,512,432,49,27,2,1]
[4096,2560,688,145,43,10,1]
[16384,-1152,261,-9,1]
[4096,0,512,5,32,0,1]
[15625,2125,319,17,1]
[14641,-1573,276,-13,1]
[4096,1280,752,155,47,5,1]
[15625,1250,88,10,1]
[14641,242,83,2,1]
[4096,-512,112,45,7,-2,1]
[16384,640,183,5,1]
[512,-448,176,-53,22,-7,1]
[14641,242,191,2,1]
[256,-64,-112,4,39,1,-7,-1,1]
[15625,3750,438,30,1]
[4096,-384,67,-6,1]
[256,192,128,76,49,19,8,3,1]
[256,-512,576,-448,259,-112,36,-8,1]
[729,0,9,-50,1,0,1]
[16384,128,-159,1,1]
[256,-256,192,-108,59,-27,12,-4,1]
[4096,-2304,928,-249,58,-9,1]
[256,-256,144,-88,55,-22,9,-4,1]
[4096,768,-192,-99,-12,3,1]
[4096,-256,-80,43,-5,-1,1]
[15625,-1125,248,-9,1]
[729,-324,-18,40,-2,-4,1]
[512,-448,280,-109,35,-7,1]
[256,-64,32,-24,9,-6,2,-1,1]
[15625,-2000,134,-16,1]
[512,-128,0,13,0,-2,1]
[15625,-2750,296,-22,1]
[2401,637,104,13,1]
[256,256,208,100,57,25,13,4,1]
[14641,1452,146,12,1]
[4096,-3584,1632,-491,102,-14,1]
[4096,3584,1552,453,97,14,1]
[14641,968,24,8,1]
[4096,-256,176,-71,11,-1,1]
[14641,1936,173,16,1]
[4096,-1536,560,-129,35,-6,1]
[4096,-768,-32,71,-2,-3,1]
[4096,-1792,368,-83,23,-7,1]
[4096,512,560,57,35,2,1]
[15625,1000,77,8,1]
[256,-128,0,8,3,2,0,-2,1]
[256,320,144,-16,-35,-4,9,5,1]
[512,-192,0,15,0,-3,1]
[14641,726,131,6,1]
[4096,1280,-80,-101,-5,5,1]
[15625,-125,4,-1,1]
[4096,256,-176,-65,-11,1,1]
[4096,2048,848,247,53,8,1]
[4096,-1280,416,-169,26,-5,1]
[729,27,46,1,1]
[4096,-512,112,-113,7,-2,1]
[512,0,88,-11,11,0,1]
[4096,512,80,55,5,2,1]
[16384,1664,239,13,1]
[4096,768,-128,-105,-8,3,1]
[4096,-256,80,35,5,-1,1]
[256,-256,144,-68,33,-17,9,-4,1]
[256,0,64,0,19,0,4,0,1]
[4096,0,16,-47,1,0,1]
[14641,1331,193,11,1]
[512,0,24,-25,3,0,1]
[256,128,-16,20,37,5,-1,2,1]
[14641,847,92,7,1]
[6561,0,143,0,1]
[729,162,-18,-25,-2,2,1]
[16384,2048,211,16,1]
[4096,-2048,720,-193,45,-8,1]
[4096,-768,336,-39,21,-3,1]
[512,128,40,3,5,2,1]
[729,243,171,40,19,3,1]
[4096,512,16,-59,1,2,1]
[4096,1280,256,63,16,5,1]
[15625,2500,234,20,1]
[4096,-512,176,-13,11,-2,1]
[625,250,58,10,1]
[4096,1536,640,131,40,6,1]
[512,-192,64,-13,8,-3,1]
[256,-64,0,-28,23,-7,0,-1,1]
[16384,2944,271,23,1]
[256,-128,128,-96,33,-24,8,-2,1]
[256,256,192,108,61,27,12,4,1]
[4096,768,129,12,1]
[4096,-256,128,-57,8,-1,1]
[4096,-2304,880,-265,55,-9,1]
[2401,-735,132,-15,1]
[15625,250,89,2,1]
[4096,1408,243,22,1]
[512,64,16,17,2,1,1]
[256,64,96,44,27,11,6,1,1]
[14641,-605,-118,-5,1]
[512,-320,40,15,5,-5,1]
[729,-567,252,-80,28,-7,1]
[4096,-1280,512,-87,32,-5,1]
[16384,896,251,7,1]
[16384,-2688,283,-21,1]
[2401,245,-18,5,1]
[4096,256,0,5,0,1,1]
[4096,-256,-32,-31,-2,-1,1]
[256,128,-16,-8,7,-2,-1,2,1]
[4096,768,144,-11,9,3,1]
[14641,-968,180,-8,1]
[14641,1815,218,15,1]
[256,192,192,108,67,27,12,3,1]
[64,16,4,7,1,1,1]
[4096,-2304,960,-283,60,-9,1]
[729,324,45,4,5,4,1]
[4096,-1280,-192,137,-12,-5,1]
[256,-128,16,28,-13,7,1,-2,1]
[14641,-968,223,-8,1]
[6561,-810,176,-10,1]
[512,128,104,15,13,2,1]
[14641,2299,197,19,1]
[256,-192,144,-96,57,-24,9,-3,1]
[729,135,5,5,1]
[2401,-833,167,-17,1]
[256,-128,-16,-12,21,-3,-1,-2,1]
[15625,-1000,129,-8,1]
[4096,-2304,656,-153,41,-9,1]
[4096,2304,768,213,48,9,1]
[256,64,0,12,15,3,0,1,1]
[256,256,112,-8,-23,-2,7,4,1]
[4096,0,-224,-3,-14,0,1]
[256,64,16,-28,-9,-7,1,1,1]
[4096,0,208,-39,13,0,1]
[4096,-512,32,39,2,-2,1]
[4096,1792,240,3,15,7,1]
[4096,768,176,119,11,3,1]
[256,192,80,-36,-29,-9,5,3,1]
[4096,768,-224,-83,-14,3,1]
[4096,768,240,13,15,3,1]
[4096,-1024,256,-33,16,-4,1]
[15625,-750,73,-6,1]
[9,-5,1]
[4096,-3072,1296,-379,81,-12,1]
[256,0,0,-24,-5,-6,0,0,1]
[256,-64,-16,20,-3,5,-1,-1,1]
[14641,2057,188,17,1]
[729,81,9,4,1,1,1]
[4096,-1024,544,-111,34,-4,1]
[2401,637,130,13,1]
[15625,-1750,248,-14,1]
[4096,512,176,77,11,2,1]
[256,192,64,-12,-21,-3,4,3,1]
[256,-192,64,-16,13,-4,4,-3,1]
[512,-64,40,23,5,-1,1]
[14641,1452,274,12,1]
[15625,-250,177,-2,1]
[512,128,-16,-25,-2,2,1]
[14641,484,215,4,1]
[256,-64,-16,12,5,3,-1,-1,1]
[4096,512,48,5,3,2,1]
[4096,0,160,-9,10,0,1]
[15625,-750,-33,-6,1]
[4096,-2048,432,-83,27,-8,1]
[256,128,192,80,65,20,12,2,1]
[256,128,-32,-32,-15,-8,-2,2,1]
[4096,1280,240,51,15,5,1]
[256,0,80,52,9,13,5,0,1]
[4096,1280,-80,-89,-5,5,1]
[15625,1750,158,14,1]
[16384,2048,119,16,1]
[14641,847,93,7,1]
[4096,1792,768,191,48,7,1]
[14641,-2178,312,-18,1]
[4096,896,159,14,1]
[256,192,208,104,67,26,13,3,1]
[2401,-147,39,-3,1]
[256,64,32,8,19,2,2,1,1]
[4096,-768,-208,75,-13,-3,1]
[256,512,512,348,189,87,32,8,1]
[4096,1280,96,-47,6,5,1]
[256,128,160,80,55,20,10,2,1]
[4096,768,16,21,1,3,1]
[4096,-1280,384,-81,24,-5,1]
[4096,1024,592,115,37,4,1]
[4096,-256,-192,45,-12,-1,1]
[15625,625,-86,5,1]
[15625,1750,73,14,1]
[4096,-512,224,-113,14,-2,1]
[256,320,144,4,-19,1,9,5,1]
[256,-192,16,-8,19,-2,1,-3,1]
[15625,1500,243,12,1]
[15625,3000,292,24,1]
[4096,256,48,-89,3,1,1]
[16384,-3200,401,-25,1]
[15625,2000,293,16,1]
[512,0,0,39,0,0,1]
[15625,2875,328,23,1]
[16384,768,187,6,1]
[729,162,180,35,20,2,1]
[2401,392,46,8,1]
[14641,-3146,378,-26,1]
[4096,1792,736,167,46,7,1]
[14641,1089,236,9,1]
[4096,-1024,224,-49,14,-4,1]
[4096,-1024,144,-23,9,-4,1]
[4096,-256,16,39,1,-1,1]
[4096,512,432,33,27,2,1]
[16384,-128,201,-1,1]
[729,-243,117,-58,13,-3,1]
[729,162,144,35,16,2,1]
[256,192,16,-4,9,-1,1,3,1]
[4096,-1792,336,-31,21,-7,1]
[256,320,208,108,53,27,13,5,1]
[256,64,128,44,35,11,8,1,1]
[4096,-1024,416,-107,26,-4,1]
[729,0,-27,25,-3,0,1]
[15625,2125,238,17,1]
[256,-256,192,-120,61,-30,12,-4,1]
[4096,-1024,672,-113,42,-4,1]
[4096,256,-96,-5,-6,1,1]
[16384,-640,-69,-5,1]
[2401,-588,79,-12,1]
[15625,1875,152,15,1]
[16384,-1152,185,-9,1]
[256,-128,64,-8,-5,-2,4,-2,1]
[4096,-768,-192,93,-12,-3,1]
[4096,256,-240,-27,-15,1,1]
[16384,1792,179,14,1]
[4096,0,240,-15,15,0,1]
[4096,768,160,91,10,3,1]
[4096,-2560,1120,-321,70,-10,1]
[256,-64,80,-12,23,-3,5,-1,1]
[15625,625,233,5,1]
[4096,2816,672,111,42,11,1]
[729,-567,261,-92,29,-7,1]
[4096,1024,272,73,17,4,1]
[256,-128,144,-56,39,-14,9,-2,1]
[256,128,32,8,15,2,2,2,1]
[15625,250,122,2,1]
[256,0,-80,-4,13,-1,-5,0,1]
[6561,-243,-8,-3,1]
[4096,1280,656,119,41,5,1]
[4096,-256,64,-127,4,-1,1]
[256,-128,16,32,-13,8,1,-2,1]
[729,162,153,23,17,2,1]
[4096,1792,624,207,39,7,1]
[4096,-1024,-64,65,-4,-4,1]
[14641,-605,-116,-5,1]
[256,0,64,-8,1,-2,4,0,1]
[15625,-750,162,-6,1]
[256,0,48,8,13,2,3,0,1]
[4096,2560,592,97,37,10,1]
[14641,1936,150,16,1]
[256,192,48,-24,-21,-6,3,3,1]
[4096,0,320,-45,20,0,1]
[256,0,32,20,-15,5,2,0,1]
[256,128,64,44,37,11,4,2,1]
[2401,-686,117,-14,1]
[4096,2304,752,211,47,9,1]
[16384,-768,231,-6,1]
[4096,768,-64,-9,-4,3,1]
[256,192,128,36,19,9,8,3,1]
[4096,512,-32,33,-2,2,1]
[15625,-375,144,-3,1]
[16384,1792,249,14,1]
[15625,-875,128,-7,1]
[15625,500,123,4,1]
[14641,2057,193,17,1]
[256,-64,96,-32,39,-8,6,-1,1]
[15625,-375,-46,-3,1]
[15625,1125,117,9,1]
[4096,-512,192,13,12,-2,1]
[4096,1536,560,195,35,6,1]
[4096,-1536,544,-189,34,-6,1]
[16384,-640,219,-5,1]
[4096,2816,1280,377,80,11,1]
[256,-128,112,-28,25,-7,7,-2,1]
[6561,-648,50,-8,1]
[15625,4125,489,33,1]
[256,64,-32,-12,15,-3,-2,1,1]
[2401,833,148,17,1]
[4096,-1792,656,-143,41,-7,1]
[4096,-512,48,75,3,-2,1]
[6561,-162,152,-2,1]
[6561,1458,184,18,1]
[4096,512,336,43,21,2,1]
[14641,242,-126,2,1]
[729,81,36,52,4,1,1]
[14641,0,-8,0,1]
[625,-75,47,-3,1]
[4096,0,560,17,35,0,1]
[14641,-1089,214,-9,1]
[4096,0,-64,49,-4,0,1]
[256,192,112,68,31,17,7,3,1]
[4096,-1280,320,-35,20,-5,1]
[2401,-980,184,-20,1]
[4096,0,-16,-19,-1,0,1]
[256,128,48,52,33,13,3,2,1]
[256,-128,64,0,9,0,4,-2,1]
[256,64,32,16,5,4,2,1,1]
[14641,-2057,249,-17,1]
[4096,512,400,51,25,2,1]
[15625,-1500,211,-12,1]
[4096,256,-16,-69,-1,1,1]
[15625,250,56,2,1]
[15625,500,-83,4,1]
[4096,-512,27,-8,1]
[729,81,171,7,19,1,1]
[4096,1280,-176,-157,-11,5,1]
[256,-192,256,-132,97,-33,16,-3,1]
[512,192,32,1,4,3,1]
[256,-128,80,16,-7,4,5,-2,1]
[4096,-256,97,-4,1]
[4096,512,144,-61,9,2,1]
[15625,0,-136,0,1]
[15625,-1875,114,-15,1]
[2401,-245,-15,-5,1]
[256,-64,32,12,-5,3,2,-1,1]
[512,128,192,31,24,2,1]
[256,192,128,72,45,18,8,3,1]
[256,-192,80,-52,41,-13,5,-3,1]
[4096,-768,144,41,9,-3,1]
[4096,1280,480,129,30,5,1]
[4096,0,96,-39,6,0,1]
[14641,-1331,39,-11,1]
[729,-81,-9,31,-1,-1,1]
[729,-243,-18,35,-2,-3,1]
[4096,-1536,656,-191,41,-6,1]
[4096,1536,448,143,28,6,1]
[4096,2048,480,109,30,8,1]
[4096,-1536,352,-73,22,-6,1]
[14641,-2541,321,-21,1]
[16384,-1280,259,-10,1]
[4096,-1280,416,-93,26,-5,1]
[256,128,32,8,-5,2,2,2,1]
[2401,294,73,6,1]
[14641,2299,324,19,1]
[4096,-768,368,-119,23,-3,1]
[15625,625,81,5,1]
[729,162,198,29,22,2,1]
[729,-324,63,-10,7,-4,1]
[256,-128,112,-24,19,-6,7,-2,1]
[2401,-637,128,-13,1]
[14641,0,195,0,1]
[4096,-1536,528,-197,33,-6,1]
[4096,2816,1120,311,70,11,1]
[4096,0,448,-3,28,0,1]
[16384,384,-129,3,1]
[4096,3072,1408,409,88,12,1]
[4096,1280,416,151,26,5,1]
[15625,0,-244,0,1]
[256,-64,-64,-8,25,-2,-4,-1,1]
[4096,0,336,35,21,0,1]
[1024,64,59,2,1]
[16384,1408,81,11,1]
[4096,-2304,752,-201,47,-9,1]
[4096,-1536,736,-187,46,-6,1]
[4096,768,32,-43,2,3,1]
[625,-250,56,-10,1]
[256,64,112,60,27,15,7,1,1]
[15625,1000,206,8,1]
[4096,2048,624,181,39,8,1]
[256,64,29,4,1]
[256,-192,208,-112,71,-28,13,-3,1]
[256,256,64,8,9,2,4,4,1]
[4096,-256,96,-51,6,-1,1]
[4096,2048,512,111,32,8,1]
[256,-128,128,-52,33,-13,8,-2,1]
[16384,-640,-131,-5,1]
[15625,1750,64,14,1]
[14641,121,-150,1,1]
[16384,-1408,31,-11,1]
[729,-324,189,-73,21,-4,1]
[256,0,-32,-4,1,-1,-2,0,1]
[15625,-2000,176,-16,1]
[4096,0,192,-69,12,0,1]
[16384,-640,141,-5,1]
[15625,2875,321,23,1]
[729,243,216,50,24,3,1]
[256,-320,208,-88,37,-22,13,-5,1]
[15625,2500,232,20,1]
[729,324,-27,-46,-3,4,1]
[14641,968,60,8,1]
[4096,1280,160,47,10,5,1]
[14641,363,12,3,1]
[729,54,-32,2,1]
[4096,512,544,65,34,2,1]
[4096,-2048,768,-243,48,-8,1]
[4096,-512,320,-57,20,-2,1]
[256,192,128,96,49,24,8,3,1]
[4096,-768,-160,81,-10,-3,1]
[4096,1024,352,125,22,4,1]
[16384,-2048,121,-16,1]
[14641,-484,95,-4,1]
[4096,-256,160,-61,10,-1,1]
[4096,512,107,8,1]
[256,192,80,28,9,7,5,3,1]
[14641,1210,-19,10,1]
[729,-243,117,-28,13,-3,1]
[256,0,96,-8,19,-2,6,0,1]
[256,-128,80,-56,33,-14,5,-2,1]
[4096,-1536,240,-23,15,-6,1]
[14641,484,38,4,1]
[729,-81,9,32,1,-1,1]
[256,-64,96,-32,35,-8,6,-1,1]
[625,125,21,5,1]
[4096,-768,128,21,8,-3,1]
[4096,2048,48,-105,3,8,1]
[6561,-891,104,-11,1]
[27,10,1]
[256,0,48,-48,-5,-12,3,0,1]
[4096,-2304,928,-277,58,-9,1]
[4096,0,560,15,35,0,1]
[14641,-1331,183,-11,1]
[14641,-605,15,-5,1]
[4096,1024,-16,-79,-1,4,1]
[4096,1024,496,137,31,4,1]
[256,192,64,24,21,6,4,3,1]
[4096,256,-96,19,-6,1,1]
[512,-384,208,-91,26,-6,1]
[729,567,279,100,31,7,1]
[4096,-256,176,-33,11,-1,1]
[512,64,112,25,14,1,1]
[729,243,117,46,13,3,1]
[4096,-1024,368,-27,23,-4,1]
[16384,1792,91,14,1]
[256,320,128,-12,-27,-3,8,5,1]
[4096,3328,1552,459,97,13,1]
[4096,-832,169,-13,1]
[6561,243,23,3,1]
[256,-320,288,-184,101,-46,18,-5,1]
[15625,2500,332,20,1]
[4096,256,192,19,12,1,1]
[4096,-1280,544,-87,34,-5,1]
[15625,-2375,242,-19,1]
[14641,3872,469,32,1]
[15625,-625,-23,-5,1]
[4096,-1536,464,-157,29,-6,1]
[4096,-1536,464,-159,29,-6,1]
[14641,-242,-32,-2,1]
[256,-64,112,-44,37,-11,7,-1,1]
[4096,-1280,-64,83,-4,-5,1]
[512,192,40,-11,5,3,1]
[4096,-256,336,-19,21,-1,1]
[256,-64,16,-24,25,-6,1,-1,1]
[4096,-512,0,-31,0,-2,1]
[256,64,16,-12,-25,-3,1,1,1]
[1024,192,35,6,1]
[256,-64,-16,20,-5,5,-1,-1,1]
[729,567,207,61,23,7,1]
[6561,729,97,9,1]
[14641,3751,479,31,1]
[729,243,-45,-47,-5,3,1]
[2401,147,47,3,1]
[256,64,16,16,11,4,1,1,1]
[4096,-512,240,-35,15,-2,1]
[14641,-1089,216,-9,1]
[512,256,8,-15,1,4,1]
[729,81,126,7,14,1,1]
[4096,-1024,384,-123,24,-4,1]
[4096,-1536,368,-41,23,-6,1]
[2401,245,94,5,1]
[6561,1539,205,19,1]
[14641,363,-137,3,1]
[16384,-1792,225,-14,1]
[4096,1280,80,3,5,5,1]
[15625,250,82,2,1]
[729,-243,180,-56,20,-3,1]
[4096,-2560,944,-263,59,-10,1]
[14641,-3025,343,-25,1]
[4096,-640,101,-10,1]
[15625,375,72,3,1]
[729,81,81,29,9,1,1]
[4096,3072,1216,345,76,12,1]
[15625,-1125,192,-9,1]
[4096,512,688,57,43,2,1]
[15625,-125,1,-1,1]
[4096,0,464,31,29,0,1]
[4096,-3328,1424,-421,89,-13,1]
[4096,1280,-96,-103,-6,5,1]
[729,-243,36,-19,4,-3,1]
[4096,2048,784,239,49,8,1]
[16384,-640,-63,-5,1]
[4096,3840,1840,567,115,15,1]
[2401,98,24,2,1]
[256,-64,80,-4,7,-1,5,-1,1]
[4096,1280,416,59,26,5,1]
[14641,242,-115,2,1]
[14641,968,-3,8,1]
[512,64,-40,-25,-5,1,1]
[4096,-768,336,-35,21,-3,1]
[729,405,234,89,26,5,1]
[15625,625,113,5,1]
[512,384,168,57,21,6,1]
[6561,-729,160,-9,1]
[729,-27,53,-1,1]
[4096,3072,1424,425,89,12,1]
[15625,2000,269,16,1]
[14641,1331,169,11,1]
[16384,768,141,6,1]
[729,243,81,22,9,3,1]
[4096,1024,0,-17,0,4,1]
[4096,-768,208,-31,13,-3,1]
[4096,2048,832,205,52,8,1]
[4096,-2048,880,-245,55,-8,1]
[4096,384,-1,6,1]
[15625,-3250,372,-26,1]
[512,0,8,-9,1,0,1]
[4096,1280,288,57,18,5,1]
[14641,484,193,4,1]
[256,-256,160,-60,29,-15,10,-4,1]
[256,-64,112,-4,21,-1,7,-1,1]
[256,256,48,-64,-55,-16,3,4,1]
[4096,1536,608,173,38,6,1]
[256,64,32,-36,-13,-9,2,1,1]
[4096,2304,720,171,45,9,1]
[14641,0,-45,0,1]
[4096,1024,160,59,10,4,1]
[512,384,144,39,18,6,1]
[16384,-256,-209,-2,1]
[256,-192,112,-84,49,-21,7,-3,1]
[14641,-1331,163,-11,1]
[4096,1024,544,121,34,4,1]
[16384,256,49,2,1]
[2401,0,-92,0,1]
[729,0,81,28,9,0,1]
[4096,0,0,-123,0,0,1]
[512,256,-16,-39,-2,4,1]
[14641,-2541,331,-21,1]
[4096,256,400,3,25,1,1]
[4096,0,32,13,2,0,1]
[729,81,180,23,20,1,1]
[4096,768,176,15,11,3,1]
[512,448,144,35,18,7,1]
[256,-256,128,-64,35,-16,8,-4,1]
[15625,1250,74,10,1]
[1024,-480,115,-15,1]
[2401,539,72,11,1]
[4096,1024,736,125,46,4,1]
[14641,-484,124,-4,1]
[729,-81,18,-16,2,-1,1]
[16384,384,181,3,1]
[4096,1024,240,115,15,4,1]
[4096,-256,176,1,11,-1,1]
[15625,4125,488,33,1]
[512,-256,72,-27,9,-4,1]
[4096,512,-112,1,-7,2,1]
[6561,1377,200,17,1]
[4096,-2304,592,-133,37,-9,1]
[4096,-256,-64,-33,-4,-1,1]
[4096,-2048,736,-237,46,-8,1]
[16384,-2560,299,-20,1]
[4096,768,80,-31,5,3,1]
[4096,0,-80,-49,-5,0,1]
[4096,256,-128,1,-8,1,1]
[256,64,64,-20,7,-5,4,1,1]
[729,243,18,-16,2,3,1]
[4096,-1280,208,17,13,-5,1]
[256,0,48,-36,11,-9,3,0,1]
[256,128,48,28,11,7,3,2,1]
[512,-256,112,-43,14,-4,1]
[6561,-891,145,-11,1]
[256,-64,-16,8,-9,2,-1,-1,1]
[4096,0,48,47,3,0,1]
[4096,768,32,41,2,3,1]
[27,-8,1]
[4096,256,224,5,14,1,1]
[729,81,49,3,1]
[4096,1536,672,177,42,6,1]
[4096,2048,512,127,32,8,1]
[256,192,48,4,-3,1,3,3,1]
[256,-192,64,-36,21,-9,4,-3,1]
[512,-320,88,-23,11,-5,1]
[4096,256,96,-15,6,1,1]
[16384,-1792,183,-14,1]
[15625,1875,111,15,1]
[4096,-256,-160,55,-10,-1,1]
[4096,-768,288,-103,18,-3,1]
[729,-567,243,-85,27,-7,1]
[4096,512,32,-37,2,2,1]
[512,-192,16,9,2,-3,1]
[14641,242,167,2,1]
[14641,3751,465,31,1]
[256,0,16,0,9,0,1,0,1]
[729,567,306,121,34,7,1]
[4096,1280,400,109,25,5,1]
[256,256,224,148,79,37,14,4,1]
[256,0,80,-52,9,-13,5,0,1]
[4096,-1792,512,-115,32,-7,1]
[512,320,40,-15,5,5,1]
[2401,294,24,6,1]
[15625,1500,277,12,1]
[6561,81,-26,1,1]
[64,-32,16,-13,4,-2,1]
[15625,-125,-116,-1,1]
[729,243,108,35,12,3,1]
[4096,0,-112,47,-7,0,1]
[4096,0,32,45,2,0,1]
[16384,-1536,261,-12,1]
[256,-192,48,56,-45,14,3,-3,1]
[729,324,99,40,11,4,1]
[256,64,0,0,7,0,0,1,1]
[2401,147,97,3,1]
[4096,-1536,256,-29,16,-6,1]
[4096,-1280,240,-61,15,-5,1]
[729,-567,216,-65,24,-7,1]
[2401,-147,65,-3,1]
[4096,-1280,192,-15,12,-5,1]
[15625,1000,-49,8,1]
[15625,-250,-146,-2,1]
[729,162,23,6,1]
[14641,0,229,0,1]
[15625,-125,223,-1,1]
[729,0,99,13,11,0,1]
[4096,-512,48,71,3,-2,1]
[4096,192,9,3,1]
[729,-162,-63,40,-7,-2,1]
[256,-64,32,-24,31,-6,2,-1,1]
[4096,0,432,19,27,0,1]
[256,-128,32,-16,17,-4,2,-2,1]
[256,-128,32,-16,11,-4,2,-2,1]
[4096,-448,73,-7,1]
[14641,3751,450,31,1]
[256,448,368,184,83,46,23,7,1]
[4096,-1024,-160,83,-10,-4,1]
[4096,768,32,-31,2,3,1]
[16384,-1280,95,-10,1]
[2401,-343,27,-7,1]
[14641,1694,221,14,1]
[15625,1125,199,9,1]
[4096,-512,-80,49,-5,-2,1]
[4096,1280,192,9,12,5,1]
[256,-128,16,-4,3,-1,1,-2,1]
[4096,-512,-208,83,-13,-2,1]
[64,-48,19,-6,1]
[14641,121,2,1,1]
[4096,1280,48,-27,3,5,1]
[4096,512,112,35,7,2,1]
[16384,-1664,133,-13,1]
[256,-64,64,4,17,1,4,-1,1]
[14641,-3025,381,-25,1]
[15625,1250,209,10,1]
[15625,-2125,232,-17,1]
[4096,-512,-208,77,-13,-2,1]
[729,-162,-63,29,-7,-2,1]
[729,54,37,2,1]
[14641,1815,144,15,1]
[729,-162,36,16,4,-2,1]
[256,192,144,68,33,17,9,3,1]
[4096,2304,944,253,59,9,1]
[4096,-2304,1120,-297,70,-9,1]
[14641,121,70,1,1]
[16384,-640,85,-5,1]
[15625,-375,-16,-3,1]
[256,-256,96,8,-19,2,6,-4,1]
[4096,-2304,768,-185,48,-9,1]
[512,-192,48,-11,6,-3,1]
[512,-192,-16,25,-2,-3,1]
[4096,2304,960,291,60,9,1]
[4096,1024,-32,-41,-2,4,1]
[16384,0,-19,0,1]
[6561,324,112,4,1]
[729,-324,153,-65,17,-4,1]
[4096,512,-48,-39,-3,2,1]
[2401,147,41,3,1]
[4096,-1792,384,-93,24,-7,1]
[4096,-768,160,-59,10,-3,1]
[4096,-768,160,-107,10,-3,1]
[512,-320,168,-55,21,-5,1]
[14641,847,170,7,1]
[512,-384,232,-93,29,-6,1]
[2401,0,5,0,1]
[4096,2816,1216,369,76,11,1]
[256,64,-96,-8,29,-2,-6,1,1]
[16384,-3712,429,-29,1]
[4096,0,320,3,20,0,1]
[256,128,80,24,15,6,5,2,1]
[14641,726,-68,6,1]
[256,-192,112,-36,13,-9,7,-3,1]
[16384,1024,115,8,1]
[729,-81,189,-20,21,-1,1]
[4096,0,-32,-13,-2,0,1]
[4096,0,-128,1,-8,0,1]
[4096,2048,624,157,39,8,1]
[256,320,240,136,65,34,15,5,1]
[512,-64,24,-33,3,-1,1]
[15625,-2125,139,-17,1]
[4096,1536,240,33,15,6,1]
[4096,-1024,480,-85,30,-4,1]
[4096,-1536,896,-189,56,-6,1]
[14641,-242,159,-2,1]
[6561,648,-16,8,1]
[512,-192,88,-29,11,-3,1]
[4096,-3072,1344,-395,84,-12,1]
[14641,363,-129,3,1]
[729,-297,71,-11,1]
[4096,1536,640,133,40,6,1]
[4096,-1536,592,-159,37,-6,1]
[14641,-242,203,-2,1]
[15625,125,-69,1,1]
[729,0,-27,-28,-3,0,1]
[16384,-1152,243,-9,1]
[14641,-121,98,-1,1]
[4096,0,240,23,15,0,1]
[4096,-1792,800,-215,50,-7,1]
[4096,-320,1,-5,1]
[256,128,48,8,13,2,3,2,1]
[14641,-968,233,-8,1]
[256,256,128,88,57,22,8,4,1]
[4096,256,496,17,31,1,1]
[512,128,40,9,5,2,1]
[4096,-512,128,65,8,-2,1]
[15625,-3375,389,-27,1]
[256,-64,160,-24,47,-6,10,-1,1]
[4096,-1536,896,-193,56,-6,1]
[4096,1792,608,207,38,7,1]
[729,-162,54,-44,6,-2,1]
[729,0,171,5,19,0,1]
[16384,-1792,293,-14,1]
[2401,392,55,8,1]
[256,64,0,8,11,2,0,1,1]
[256,64,16,4,-5,1,1,1,1]
[256,-128,32,-32,19,-8,2,-2,1]
[14641,242,8,2,1]
[14641,1573,188,13,1]
[4096,-64,97,-1,1]
[16384,256,-177,2,1]
[4096,512,64,-79,4,2,1]
[4096,-2304,848,-231,53,-9,1]
[4096,3328,1344,379,84,13,1]
[6561,-972,85,-12,1]
[4096,256,160,53,10,1,1]
[4096,-768,-176,85,-11,-3,1]
[4096,-1280,480,-119,30,-5,1]
[4096,3072,1344,413,84,12,1]
[4096,0,464,19,29,0,1]
[4096,-1024,144,-31,9,-4,1]
[2401,882,174,18,1]
[256,0,96,-8,27,-2,6,0,1]
[4096,-768,48,-41,3,-3,1]
[15625,-2750,304,-22,1]
[6561,-486,131,-6,1]
[256,-128,-16,28,-5,7,-1,-2,1]
[512,384,168,59,21,6,1]
[4096,2048,624,139,39,8,1]
[15625,125,31,1,1]
[4096,-1280,624,-115,39,-5,1]
[256,256,112,44,23,11,7,4,1]
[729,216,56,8,1]
[15625,250,-77,2,1]
[4096,0,240,17,15,0,1]
[4096,0,112,97,7,0,1]
[15625,1250,11,10,1]
[4096,-1280,-144,147,-9,-5,1]
[4096,256,-80,-67,-5,1,1]
[256,256,208,124,73,31,13,4,1]
[2401,49,51,1,1]
[15625,-750,-43,-6,1]
[2401,49,-66,1,1]
[6561,324,-7,4,1]
[729,-162,45,-23,5,-2,1]
[14641,-121,-118,-1,1]
[512,64,8,-21,1,1,1]
[4096,0,400,25,25,0,1]
[4096,-1280,176,-53,11,-5,1]
[256,0,-96,4,29,1,-6,0,1]
[729,-243,99,-53,11,-3,1]
[4096,-512,-16,17,-1,-2,1]
[16384,1024,-41,8,1]
[256,128,0,4,15,1,0,2,1]
[4096,-1024,512,-131,32,-4,1]
[256,0,16,32,9,8,1,0,1]
[14641,1331,262,11,1]
[14641,1573,97,13,1]
[4096,-1024,752,-119,47,-4,1]
[4096,-2048,368,-51,23,-8,1]
[14641,-2541,313,-21,1]
[4096,1792,576,139,36,7,1]
[256,256,96,52,37,13,6,4,1]
[256,-64,112,-60,25,-15,7,-1,1]
[6561,1215,130,15,1]
[256,64,48,44,23,11,3,1,1]
[6561,162,62,2,1]
[4096,-512,-176,77,-11,-2,1]
[4096,0,288,-9,18,0,1]
[16384,-896,-47,-7,1]
[256,-128,48,0,-13,0,3,-2,1]
[14641,-2299,251,-19,1]
[4096,2816,1248,355,78,11,1]
[4096,-1536,416,-59,26,-6,1]
[14641,1694,202,14,1]
[729,243,171,56,19,3,1]
[14641,1331,205,11,1]
[1024,-160,23,-5,1]
[4096,2304,496,75,31,9,1]
[15625,-1250,203,-10,1]
[6561,729,149,9,1]
[4096,-1024,192,5,12,-4,1]
[4096,-1280,784,-155,49,-5,1]
[14641,2299,245,19,1]
[4096,1280,448,83,28,5,1]
[14641,847,30,7,1]
[14641,847,24,7,1]
[729,-405,198,-71,22,-5,1]
[729,-81,90,-5,10,-1,1]
[729,-243,45,11,5,-3,1]
[729,81,45,47,5,1,1]
[4096,2816,1104,319,69,11,1]
[4096,256,32,105,2,1,1]
[4096,-1280,-32,91,-2,-5,1]
[4096,-1024,-128,89,-8,-4,1]
[4096,-1280,320,-23,20,-5,1]
[4096,768,-208,-89,-13,3,1]
[256,-64,32,-4,19,-1,2,-1,1]
[4096,-1536,176,23,11,-6,1]
[15625,-1000,-64,-8,1]
[4096,-2048,624,-165,39,-8,1]
[4096,512,464,79,29,2,1]
[4096,-1024,240,-47,15,-4,1]
[729,-162,63,-56,7,-2,1]
[256,-64,48,-20,33,-5,3,-1,1]
[256,-64,-64,16,7,4,-4,-1,1]
[121,-15,1]
[14641,3993,505,33,1]
[15625,-4500,556,-36,1]
[729,-405,234,-85,26,-5,1]
[4096,-768,-112,123,-7,-3,1]
[256,-128,48,12,-17,3,3,-2,1]
[16384,-768,245,-6,1]
[256,-192,32,44,-33,11,2,-3,1]
[256,128,128,44,41,11,8,2,1]
[14641,968,19,8,1]
[16384,-2304,315,-18,1]
[256,192,96,32,7,8,6,3,1]
[15625,-1375,273,-11,1]
[256,0,-48,-8,13,-2,-3,0,1]
[6561,405,-10,5,1]
[4096,1280,560,147,35,5,1]
[4096,256,320,15,20,1,1]
[256,-64,-16,16,11,4,-1,-1,1]
[14641,484,136,4,1]
[4096,1024,112,11,7,4,1]
[2401,294,5,6,1]
[729,-81,-27,49,-3,-1,1]
[15625,3875,486,31,1]
[512,-320,152,-71,19,-5,1]
[4096,-512,464,-33,29,-2,1]
[4096,0,48,3,3,0,1]
[512,0,16,-37,2,0,1]
[4096,1792,208,-19,13,7,1]
[729,81,81,-11,9,1,1]
[15625,-375,-89,-3,1]
[256,256,112,76,53,19,7,4,1]
[16,-8,7,-2,1]
[256,256,208,124,65,31,13,4,1]
[6561,567,32,7,1]
[256,128,0,28,35,7,0,2,1]
[14641,-363,-145,-3,1]
[4096,2048,496,83,31,8,1]
[15625,2000,178,16,1]
[4096,-1280,544,-153,34,-5,1]
[15625,-500,221,-4,1]
[15625,750,-41,6,1]
[121,-17,1]
[16384,-640,199,-5,1]
[4096,256,-128,13,-8,1,1]
[32,1,1]
[16384,1792,105,14,1]
[4096,256,176,-41,11,1,1]
[4096,-1024,-176,101,-11,-4,1]
[256,-64,0,-16,25,-4,0,-1,1]
[14641,363,-156,3,1]
[2401,588,118,12,1]
[4096,-1792,496,-107,31,-7,1]
[256,64,48,40,19,10,3,1,1]
[256,-192,64,36,-29,9,4,-3,1]
[729,0,90,-19,10,0,1]
[256,-128,-96,24,25,6,-6,-2,1]
[6561,-891,109,-11,1]
[15625,0,243,0,1]
[729,81,108,35,12,1,1]
[4096,2304,672,169,42,9,1]
[2401,-98,71,-2,1]
[256,64,16,-32,-13,-8,1,1,1]
[14641,2057,239,17,1]
[16384,-3200,385,-25,1]
[625,-50,7,-2,1]
[512,0,0,-43,0,0,1]
[4096,256,192,-27,12,1,1]
[729,-243,27,-7,3,-3,1]
[25,-6,1]
[256,-320,144,20,-39,5,9,-5,1]
[4096,1536,336,43,21,6,1]
[4096,-192,-79,-3,1]
[6561,-486,41,-6,1]
[256,-192,48,16,-13,4,3,-3,1]
[4096,2816,1184,361,74,11,1]
[4096,2816,1216,349,76,11,1]
[512,384,120,29,15,6,1]
[6561,486,50,6,1]
[4096,512,240,53,15,2,1]
[4096,-704,65,-11,1]
[4096,2816,1152,333,72,11,1]
[14641,-1331,252,-11,1]
[4096,0,304,39,19,0,1]
[4096,1536,816,177,51,6,1]
[4096,-256,-144,19,-9,-1,1]
[14641,1815,134,15,1]
[14641,1210,26,10,1]
[4096,-1024,320,-71,20,-4,1]
[1024,-256,73,-8,1]
[4096,-1280,592,-113,37,-5,1]
[512,-256,40,9,5,-4,1]
[4096,-1024,416,-55,26,-4,1]
[256,0,16,-16,-13,-4,1,0,1]
[256,64,32,-8,-19,-2,2,1,1]
[4096,-512,304,1,19,-2,1]
[256,0,-112,4,31,1,-7,0,1]
[256,0,112,-52,19,-13,7,0,1]
[15625,-750,84,-6,1]
[4096,-256,-16,-59,-1,-1,1]
[15625,-250,-98,-2,1]
[15625,1500,96,12,1]
[14641,363,43,3,1]
[729,-648,324,-125,36,-8,1]
[15625,375,153,3,1]
[4096,-1536,304,-77,19,-6,1]
[4096,3328,1344,381,84,13,1]
[4096,-768,-48,13,-3,-3,1]
[512,-512,248,-89,31,-8,1]
[512,0,104,5,13,0,1]
[256,-64,-32,-4,13,-1,-2,-1,1]
[14641,1210,141,10,1]
[15625,-1250,124,-10,1]
[4096,-512,224,37,14,-2,1]
[4096,-1024,288,-51,18,-4,1]
[16384,-128,-217,-1,1]
[4096,256,352,-5,22,1,1]
[729,162,126,10,14,2,1]
[15625,-625,-136,-5,1]
[512,-192,32,15,4,-3,1]
[256,-192,160,-92,49,-23,10,-3,1]
[512,-256,104,-23,13,-4,1]
[6561,-729,169,-9,1]
[256,64,32,32,3,8,2,1,1]
[14641,-484,-42,-4,1]
[14641,-242,189,-2,1]
[2401,-490,117,-10,1]
[729,-972,639,-262,71,-12,1]
[729,27,26,1,1]
[729,243,70,9,1]
[256,384,320,204,109,51,20,6,1]
[256,192,176,84,51,21,11,3,1]
[4096,-1024,48,5,3,-4,1]
[729,0,18,-20,2,0,1]
[4096,-2560,944,-243,59,-10,1]
[4096,-256,256,23,16,-1,1]
[729,-243,-18,17,-2,-3,1]
[256,128,96,60,41,15,6,2,1]
[14641,-1089,164,-9,1]
[15625,-375,-76,-3,1]
[15625,-1250,152,-10,1]
[14641,-3388,380,-28,1]
[4096,256,240,85,15,1,1]
[729,405,180,47,20,5,1]
[4096,-512,0,-19,0,-2,1]
[729,243,0,-10,0,3,1]
[16384,384,-63,3,1]
[2401,-392,16,-8,1]
[256,-128,48,32,-21,8,3,-2,1]
[16384,384,-115,3,1]
[6561,0,-94,0,1]
[512,256,120,43,15,4,1]
[15625,-1875,287,-15,1]
[14641,-121,12,-1,1]
[4096,-512,224,35,14,-2,1]
[15625,-2250,153,-18,1]
[15625,-2375,307,-19,1]
[6561,243,133,3,1]
[6561,-81,146,-1,1]
[256,64,64,24,35,6,4,1,1]
[4096,512,608,61,38,2,1]
[14641,605,-37,5,1]
[729,-324,108,-19,12,-4,1]
[6561,1620,200,20,1]
[16384,1152,223,9,1]
[64,0,-4,-3,-1,0,1]
[15625,-750,231,-6,1]
[4096,-1280,0,87,0,-5,1]
[4096,512,192,127,12,2,1]
[256,192,144,64,37,16,9,3,1]
[4096,-512,544,-55,34,-2,1]
[256,0,-32,16,15,4,-2,0,1]
[256,-192,96,-60,33,-15,6,-3,1]
[729,162,45,43,5,2,1]
[729,0,-45,-7,-5,0,1]
[4096,-256,-64,-5,-4,-1,1]
[729,27,-4,1,1]
[4096,1536,576,179,36,6,1]
[4096,256,-32,-35,-2,1,1]
[4096,0,80,85,5,0,1]
[4096,-1536,288,-41,18,-6,1]
[6561,567,173,7,1]
[256,128,48,44,29,11,3,2,1]
[15625,1000,88,8,1]
[256,64,16,12,23,3,1,1,1]
[4096,-1536,368,-71,23,-6,1]
[256,192,160,108,47,27,10,3,1]
[16384,128,131,1,1]
[15625,-750,23,-6,1]
[625,-100,44,-4,1]
[729,648,387,146,43,8,1]
[15625,375,-148,3,1]
[4096,1536,288,43,18,6,1]
[729,0,54,10,6,0,1]
[4096,-2816,1040,-295,65,-11,1]
[4096,-1536,448,-83,28,-6,1]
[6561,-243,-79,-3,1]
[4096,-2816,1136,-317,71,-11,1]
[15625,1625,61,13,1]
[256,128,-32,4,21,1,-2,2,1]
[15625,625,117,5,1]
[512,-320,200,-77,25,-5,1]
[729,-81,36,-44,4,-1,1]
[4096,256,352,37,22,1,1]
[4096,-512,-48,-11,-3,-2,1]
[512,128,16,-9,2,2,1]
[4096,2048,560,127,35,8,1]
[256,128,128,32,27,8,8,2,1]
[15625,1375,123,11,1]
[256,-448,464,-344,195,-86,29,-7,1]
[15625,-1000,-71,-8,1]
[4096,256,16,-45,1,1,1]
[6561,-1215,215,-15,1]
[256,64,-96,-4,33,-1,-6,1,1]
[256,0,16,4,29,1,1,0,1]
[4096,-512,288,-5,18,-2,1]
[729,-27,-2,-1,1]
[4096,-1536,720,-189,45,-6,1]
[4096,256,272,-39,17,1,1]
[512,512,344,141,43,8,1]
[2401,98,80,2,1]
[729,567,297,107,33,7,1]
[256,-128,-16,24,-13,6,-1,-2,1]
[4096,-1280,64,67,4,-5,1]
[729,81,189,16,21,1,1]
[14641,-726,144,-6,1]
[1024,160,23,5,1]
[15625,-125,-27,-1,1]
[256,-64,16,4,-25,1,1,-1,1]
[4096,0,-208,-21,-13,0,1]
[256,96,35,6,1]
[6561,1134,92,14,1]
[256,128,144,44,35,11,9,2,1]
[4096,-1792,768,-177,48,-7,1]
[4096,1280,304,119,19,5,1]
[4096,512,320,87,20,2,1]
[16384,3584,445,28,1]
[256,64,64,20,25,5,4,1,1]
[14641,2541,296,21,1]
[6561,-405,-38,-5,1]
[4096,0,-80,21,-5,0,1]
[256,0,16,-24,3,-6,1,0,1]
[256,0,-32,8,13,2,-2,0,1]
[729,-243,0,1,0,-3,1]
[4096,256,-32,-51,-2,1,1]
[6561,-810,182,-10,1]
[4096,-512,240,-47,15,-2,1]
[4096,-512,256,-69,16,-2,1]
[14641,2662,300,22,1]
[15625,-2000,276,-16,1]
[14641,0,224,0,1]
[4096,512,-96,-59,-6,2,1]
[6561,-243,-29,-3,1]
[16384,-512,163,-4,1]
[14641,1331,69,11,1]
[15625,-375,146,-3,1]
[2401,-294,99,-6,1]
[4096,1792,-208,-203,-13,7,1]
[729,-405,198,-61,22,-5,1]
[15625,-3250,336,-26,1]
[4096,1536,528,159,33,6,1]
[4096,1024,-80,-113,-5,4,1]
[15625,1625,223,13,1]
[4096,-1024,-96,87,-6,-4,1]
[81,14,1]
[4096,-1280,-224,157,-14,-5,1]
[4096,768,224,5,14,3,1]
[4096,-512,480,-29,30,-2,1]
[256,-64,48,-4,3,-1,3,-1,1]
[4096,-512,80,-3,5,-2,1]
[16384,640,105,5,1]
[729,-324,216,-55,24,-4,1]
[512,128,176,29,22,2,1]
[512,-64,0,-11,0,-1,1]
[14641,-1573,54,-13,1]
[4096,-1792,512,-121,32,-7,1]
[4096,1280,528,99,33,5,1]
[2401,686,106,14,1]
[256,128,32,36,35,9,2,2,1]
[4096,256,80,51,5,1,1]
[15625,2500,343,20,1]
[512,128,-24,-35,-3,2,1]
[16384,-384,103,-3,1]
[2401,147,79,3,1]
[4096,1024,-176,-139,-11,4,1]
[4096,1280,320,121,20,5,1]
[4096,0,32,97,2,0,1]
[4096,2048,128,-67,8,8,1]
[4096,1536,512,139,32,6,1]
[4096,256,400,-15,25,1,1]
[14641,1089,41,9,1]
[4096,-1792,544,-173,34,-7,1]
[4096,0,368,-39,23,0,1]
[15625,-3750,426,-30,1]
[4096,256,544,37,34,1,1]
[256,-128,96,-40,31,-10,6,-2,1]
[14641,968,86,8,1]
[512,384,56,-13,7,6,1]
[4096,1536,576,121,36,6,1]
[14641,-726,95,-6,1]
[256,-256,160,-92,51,-23,10,-4,1]
[256,-384,368,-268,149,-67,23,-6,1]
[14641,726,-1,6,1]
[256,128,-32,-20,3,-5,-2,2,1]
[4096,-2304,384,-31,24,-9,1]
[512,-64,40,3,5,-1,1]
[4096,1792,688,215,43,7,1]
[256,256,96,56,41,14,6,4,1]
[14641,363,-101,3,1]
[4096,-1792,144,31,9,-7,1]
[4096,-2560,1072,-297,67,-10,1]
[4096,1280,64,-61,4,5,1]
[4096,-2304,944,-279,59,-9,1]
[4096,256,-32,-85,-2,1,1]
[14641,2299,280,19,1]
[729,243,-36,-34,-4,3,1]
[14641,605,117,5,1]
[4096,1024,384,65,24,4,1]
[256,0,128,4,35,1,8,0,1]
[14641,-1210,87,-10,1]
[4096,-256,608,-25,38,-1,1]
[14641,726,158,6,1]
[256,-384,336,-236,135,-59,21,-6,1]
[16384,1664,269,13,1]
[4096,2560,960,287,60,10,1]
[256,-64,32,-16,19,-4,2,-1,1]
[4096,-1792,960,-229,60,-7,1]
[4096,-256,176,43,11,-1,1]
[4096,512,-128,-9,-8,2,1]
[4096,-512,208,-35,13,-2,1]
[4096,-1536,624,-147,39,-6,1]
[15625,2375,262,19,1]
[16384,2048,287,16,1]
[1024,-64,11,-2,1]
[4096,768,432,49,27,3,1]
[4096,512,-128,-101,-8,2,1]
[4096,-1024,-144,109,-9,-4,1]
[256,-448,432,-304,169,-76,27,-7,1]
[4096,1792,64,-77,4,7,1]
[4096,768,-16,-39,-1,3,1]
[256,64,80,24,13,6,5,1,1]
[4096,256,272,-45,17,1,1]
[256,-64,80,-8,19,-2,5,-1,1]
[16384,-512,225,-4,1]
[4096,-1024,464,-133,29,-4,1]
[729,-162,63,-8,7,-2,1]
[4096,-1280,784,-157,49,-5,1]
[512,448,256,107,32,7,1]
[256,64,-32,0,23,0,-2,1,1]
[15625,-1125,57,-9,1]
[4096,2048,656,193,41,8,1]
[729,324,153,70,17,4,1]
[15625,-2125,213,-17,1]
[4096,1536,544,99,34,6,1]
[4096,512,320,21,20,2,1]
[16384,-1024,-21,-8,1]
[15625,-3625,446,-29,1]
[4096,1792,400,57,25,7,1]
[1024,-64,27,-2,1]
[14641,1936,204,16,1]
[625,-225,41,-9,1]
[256,64,-96,-16,21,-4,-6,1,1]
[729,324,108,37,12,4,1]
[16384,896,81,7,1]
[14641,-242,102,-2,1]
[4096,1024,496,67,31,4,1]
[6561,-1782,239,-22,1]
[14641,121,-210,1,1]
[256,0,48,-52,1,-13,3,0,1]
[4096,512,224,61,14,2,1]
[4096,-768,128,-31,8,-3,1]
[14641,-1210,212,-10,1]
[4096,-512,32,9,2,-2,1]
[256,-64,-16,16,-5,4,-1,-1,1]
[256,320,208,144,89,36,13,5,1]
[729,81,99,22,11,1,1]
[512,0,136,-3,17,0,1]
[256,128,48,44,21,11,3,2,1]
[256,-64,48,0,-3,0,3,-1,1]
[4096,1536,272,27,17,6,1]
[256,-448,368,-196,93,-49,23,-7,1]
[256,384,224,60,13,15,14,6,1]
[4096,2048,496,95,31,8,1]
[729,-81,9,13,1,-1,1]
[4096,1280,48,-13,3,5,1]
[4096,768,528,73,33,3,1]
[256,-384,336,-216,115,-54,21,-6,1]
[256,64,0,28,21,7,0,1,1]
[14641,-605,-84,-5,1]
[15625,-375,-93,-3,1]
[14641,-484,191,-4,1]
[4096,-1280,256,-37,16,-5,1]
[256,-192,224,-128,79,-32,14,-3,1]
[4096,-1024,256,-13,16,-4,1]
[4096,-512,160,-133,10,-2,1]
[2401,-490,107,-10,1]
[4096,512,32,35,2,2,1]
[512,192,112,41,14,3,1]
[4096,768,224,-9,14,3,1]
[729,-891,558,-226,62,-11,1]
[4096,2560,1040,327,65,10,1]
[729,162,153,40,17,2,1]
[4096,64,-17,1,1]
[4096,-1344,221,-21,1]
[4096,1792,816,203,51,7,1]
[4096,-1536,864,-183,54,-6,1]
[6561,810,85,10,1]
[4096,256,160,5,10,1,1]
[256,256,256,148,89,37,16,4,1]
[16384,-896,7,-7,1]
[14641,-1815,217,-15,1]
[6561,-810,70,-10,1]
[16384,-384,-45,-3,1]
[6561,810,77,10,1]
[4096,0,-48,-75,-3,0,1]
[64,32,12,-1,3,2,1]
[4096,-3072,1120,-297,70,-12,1]
[16384,640,-129,5,1]
[14641,-3509,397,-29,1]
[4096,256,96,121,6,1,1]
[512,-64,-48,17,-6,-1,1]
[729,-162,27,-32,3,-2,1]
[4096,-512,128,-81,8,-2,1]
[4096,-256,512,-25,32,-1,1]
[4096,1792,576,157,36,7,1]
[14641,2057,301,17,1]
[14641,-1936,213,-16,1]
[15625,375,-149,3,1]
[256,256,80,-44,-45,-11,5,4,1]
[14641,-1452,72,-12,1]
[4096,256,208,-41,13,1,1]
[256,0,48,-32,-5,-8,3,0,1]
[256,-128,96,-44,29,-11,6,-2,1]
[4096,-512,192,-111,12,-2,1]
[15625,-2500,247,-20,1]
[14641,2904,306,24,1]
[2401,-49,-61,-1,1]
[14641,-605,-90,-5,1]
[256,64,96,28,31,7,6,1,1]
[16384,1024,151,8,1]
[729,405,63,-4,7,5,1]
[6561,-567,107,-7,1]
[4096,-1536,576,-171,36,-6,1]
[4096,192,-7,3,1]
[16384,-512,107,-4,1]
[64,0,11,0,1]
[4096,1024,32,-41,2,4,1]
[512,-576,352,-149,44,-9,1]
[4096,-1536,416,-89,26,-6,1]
[16384,-1152,-29,-9,1]
[2401,-980,192,-20,1]
[4096,-512,32,-63,2,-2,1]
[15625,-1125,246,-9,1]
[4096,896,143,14,1]
[4096,0,-128,-61,-8,0,1]
[729,-81,126,-7,14,-1,1]
[4096,-768,144,-3,9,-3,1]
[512,-128,88,-21,11,-2,1]
[256,64,96,24,31,6,6,1,1]
[15625,-125,41,-1,1]
[625,-125,54,-5,1]
[256,0,64,8,25,2,4,0,1]
[4096,1536,544,167,34,6,1]
[4096,1792,800,205,50,7,1]
[4096,2560,1072,297,67,10,1]
[4096,0,-48,51,-3,0,1]
[4096,512,448,67,28,2,1]
[256,192,112,32,17,8,7,3,1]
[14641,847,206,7,1]
[4096,-2048,880,-225,55,-8,1]
[15625,-4250,522,-34,1]
[15625,875,124,7,1]
[4096,-2816,1312,-377,82,-11,1]
[4096,768,192,51,12,3,1]
[4096,768,240,123,15,3,1]
[4096,1216,183,19,1]
[256,64,160,48,51,12,10,1,1]
[512,-64,-24,31,-3,-1,1]
[15625,0,8,0,1]
[729,81,36,-14,4,1,1]
[4096,-192,-7,-3,1]
[256,192,192,76,53,19,12,3,1]
[729,243,72,37,8,3,1]
[256,128,208,80,75,20,13,2,1]
[15625,4500,558,36,1]
[4096,-768,16,53,1,-3,1]
[4096,1024,512,139,32,4,1]
[256,0,48,12,-1,3,3,0,1]
[729,81,27,-25,3,1,1]
[4096,1280,-192,-135,-12,5,1]
[4096,768,416,37,26,3,1]
[4096,-1792,736,-195,46,-7,1]
[729,-81,108,2,12,-1,1]
[16384,-896,21,-7,1]
[4096,-2304,912,-233,57,-9,1]
[14641,3146,395,26,1]
[6561,-81,-107,-1,1]
[14641,-242,83,-2,1]
[6561,-81,-121,-1,1]
[256,192,64,-36,-31,-9,4,3,1]
[256,-256,176,-124,71,-31,11,-4,1]
[4096,512,80,-27,5,2,1]
[4096,512,16,-33,1,2,1]
[4096,-512,320,-5,20,-2,1]
[256,-448,336,-144,57,-36,21,-7,1]
[729,-81,-18,41,-2,-1,1]
[15625,-750,18,-6,1]
[16384,-3712,425,-29,1]
[4096,1792,224,11,14,7,1]
[729,-162,45,-43,5,-2,1]
[16384,256,37,2,1]
[15625,2250,208,18,1]
[4096,512,-80,-17,-5,2,1]
[729,-81,45,10,5,-1,1]
[4096,2048,592,119,37,8,1]
[4096,-768,304,-129,19,-3,1]
[15625,-4625,584,-37,1]
[256,0,-32,8,17,2,-2,0,1]
[15625,250,-128,2,1]
[15625,1875,99,15,1]
[16384,-2560,325,-20,1]
[14641,-1089,172,-9,1]
[15625,625,143,5,1]
[4096,768,144,91,9,3,1]
[4096,1024,112,-17,7,4,1]
[729,-243,108,-37,12,-3,1]
[4096,-1792,640,-163,40,-7,1]
[4096,768,176,35,11,3,1]
[6561,-1134,130,-14,1]
[256,-64,16,8,-5,2,1,-1,1]
[256,192,96,48,19,12,6,3,1]
[4096,-768,0,79,0,-3,1]
[4096,-1792,160,21,10,-7,1]
[4096,64,-71,1,1]
[6561,1053,173,13,1]
[16384,1024,113,8,1]
[4096,1024,144,-33,9,4,1]
[256,320,288,196,113,49,18,5,1]
[4096,-1536,544,-99,34,-6,1]
[6561,0,-89,0,1]
[14641,-847,156,-7,1]
[729,0,9,20,1,0,1]
[4096,-1024,304,-117,19,-4,1]
[729,324,171,64,19,4,1]
[14641,-121,-10,-1,1]
[6561,-243,164,-3,1]
[256,-128,64,16,-9,4,4,-2,1]
[4096,1280,304,45,19,5,1]
[729,243,144,52,16,3,1]
[256,-64,-48,8,15,2,-3,-1,1]
[4096,0,112,33,7,0,1]
[512,-192,72,-3,9,-3,1]
[4096,768,192,123,12,3,1]
[729,-648,369,-148,41,-8,1]
[15625,-2000,221,-16,1]
[4096,768,32,-13,2,3,1]
[256,192,144,56,35,14,9,3,1]
[2401,490,109,10,1]
[4096,1536,624,177,39,6,1]
[4096,-768,-208,119,-13,-3,1]
[16384,-1408,133,-11,1]
[729,81,-9,-46,-1,1,1]
[15625,-500,-11,-4,1]
[256,-128,48,-32,11,-8,3,-2,1]
[4096,1792,720,203,45,7,1]
[256,-64,128,-8,33,-2,8,-1,1]
[256,-64,48,-8,11,-2,3,-1,1]
[256,64,16,0,15,0,1,1,1]
[512,-320,240,-81,30,-5,1]
[4096,-512,208,-87,13,-2,1]
[729,-81,-54,7,-6,-1,1]
[4096,2048,240,-19,15,8,1]
[4096,0,-16,13,-1,0,1]
[4096,-256,80,-115,5,-1,1]
[4096,-256,-48,41,-3,-1,1]
[729,648,333,131,37,8,1]
[4096,1024,32,9,2,4,1]
[4096,-3840,1888,-583,118,-15,1]
[512,320,120,31,15,5,1]
[256,-256,48,28,-19,7,3,-4,1]
[15625,375,186,3,1]
[256,-64,-16,16,-9,4,-1,-1,1]
[6561,-162,158,-2,1]
[64,-32,-8,15,-2,-2,1]
[256,64,17,4,1]
[256,128,0,12,25,3,0,2,1]
[14641,847,-19,7,1]
[256,-16,9,-1,1]
[729,81,144,22,16,1,1]
[16384,-128,-211,-1,1]
[4096,256,736,31,46,1,1]
[4096,0,192,-21,12,0,1]
[14641,-484,-103,-4,1]
[14641,968,168,8,1]
[4096,-1024,128,-13,8,-4,1]
[4096,768,-48,-9,-3,3,1]
[15625,-2250,312,-18,1]
[4096,-768,192,-13,12,-3,1]
[4096,1792,432,103,27,7,1]
[4096,1280,576,157,36,5,1]
[4096,0,224,45,14,0,1]
[4096,-512,16,-39,1,-2,1]
[6561,-486,-8,-6,1]
[4096,768,-96,-53,-6,3,1]
[256,256,128,16,-3,4,8,4,1]
[4096,-1536,304,-39,19,-6,1]
[4096,2304,1120,299,70,9,1]
[256,-64,0,20,7,5,0,-1,1]
[4096,-1280,272,-17,17,-5,1]
[4096,256,256,65,16,1,1]
[4096,512,496,57,31,2,1]
[256,-64,96,-68,23,-17,6,-1,1]
[256,64,80,36,9,9,5,1,1]
[256,192,0,-40,-21,-10,0,3,1]
[81,-27,5,-3,1]
[729,81,90,-4,10,1,1]
[15625,-1375,191,-11,1]
[14641,1331,146,11,1]
[14641,-1694,267,-14,1]
[512,64,104,21,13,1,1]
[6561,-81,134,-1,1]
[729,-81,54,-16,6,-1,1]
[6561,-243,65,-3,1]
[256,64,48,52,17,13,3,1,1]
[625,-100,33,-4,1]
[4096,-128,117,-2,1]
[256,256,128,52,23,13,8,4,1]
[256,192,144,68,39,17,9,3,1]
[625,-150,56,-6,1]
[512,64,-32,-3,-4,1,1]
[1024,-96,-7,-3,1]
[4096,256,128,69,8,1,1]
[256,-384,320,-212,117,-53,20,-6,1]
[6561,-324,58,-4,1]
[4096,-1536,416,-99,26,-6,1]
[4096,-512,96,53,6,-2,1]
[4096,768,304,1,19,3,1]
[14641,363,189,3,1]
[16384,384,155,3,1]
[15625,1625,189,13,1]
[14641,1089,172,9,1]
[16384,-128,-143,-1,1]
[4096,-1792,-208,203,-13,-7,1]
[729,-81,-18,46,-2,-1,1]
[512,128,72,17,9,2,1]
[64,32,4,-5,1,2,1]
[15625,-875,259,-7,1]
[4096,512,160,17,10,2,1]
[729,-243,54,-35,6,-3,1]
[729,243,-45,-49,-5,3,1]
[4096,2048,848,209,53,8,1]
[256,32,-1,2,1]
[16,-7,1]
[2401,-490,46,-10,1]
[729,0,27,14,3,0,1]
[256,-192,64,8,-9,2,4,-3,1]
[256,128,32,28,21,7,2,2,1]
[729,-486,171,-47,19,-6,1]
[15625,-1000,19,-8,1]
[15625,2625,282,21,1]
[729,81,180,17,20,1,1]
[15625,1625,221,13,1]
[4096,768,544,63,34,3,1]
[2401,637,86,13,1]
[4096,768,224,113,14,3,1]
[15625,-3000,366,-24,1]
[16384,-512,-141,-4,1]
[15625,750,-68,6,1]
[14641,605,7,5,1]
[16384,256,-103,2,1]
[16384,0,-9,0,1]
[14641,242,226,2,1]
[4096,1536,112,-47,7,6,1]
[625,50,-4,2,1]
[4096,512,-192,-87,-12,2,1]
[4096,-2048,512,-101,32,-8,1]
[4096,-512,-64,-27,-4,-2,1]
[14641,605,29,5,1]
[729,-486,252,-80,28,-6,1]
[4096,768,160,9,10,3,1]
[256,64,32,-36,-9,-9,2,1,1]
[4096,-256,160,71,10,-1,1]
[625,-25,39,-1,1]
[16384,-3840,433,-30,1]
[256,0,16,0,-19,0,1,0,1]
[256,64,96,72,19,18,6,1,1]
[2401,784,152,16,1]
[6561,1215,113,15,1]
[256,192,176,104,57,26,11,3,1]
[15625,-1375,42,-11,1]
[4096,1280,256,35,16,5,1]
[4096,1792,768,197,48,7,1]
[15625,-625,-83,-5,1]
[4096,-256,16,55,1,-1,1]
[6561,486,-49,6,1]
[4096,512,144,107,9,2,1]
[6561,243,115,3,1]
[256,-64,128,-4,33,-1,8,-1,1]
[15625,-1250,8,-10,1]
[4096,-384,1,-6,1]
[256,128,48,40,27,10,3,2,1]
[256,320,304,216,119,54,19,5,1]
[4096,0,-48,-33,-3,0,1]
[729,81,9,-8,1,1,1]
[4096,1536,464,133,29,6,1]
[14641,121,17,1,1]
[256,256,112,0,-19,0,7,4,1]
[4096,1280,304,49,19,5,1]
[4096,1536,256,29,16,6,1]
[4096,-512,192,-93,12,-2,1]
[15625,1625,268,13,1]
[6561,-648,-2,-8,1]
[4096,2048,896,229,56,8,1]
[256,-128,16,12,-15,3,1,-2,1]
[4096,-1024,368,-73,23,-4,1]
[256,0,32,-12,7,-3,2,0,1]
[16384,768,-35,6,1]
[6561,-81,-89,-1,1]
[256,-64,0,4,-5,1,0,-1,1]
[729,-243,54,13,6,-3,1]
[16384,1536,235,12,1]
[729,162,27,-17,3,2,1]
[6561,1053,166,13,1]
[256,0,0,-4,23,-1,0,0,1]
[4096,-1536,608,-173,38,-6,1]
[4096,512,32,-31,2,2,1]
[4096,-256,32,-27,2,-1,1]
[2401,245,38,5,1]
[14641,1089,211,9,1]
[16384,1920,283,15,1]
[4096,-1024,272,-37,17,-4,1]
[256,0,112,36,23,9,7,0,1]
[256,192,128,84,51,21,8,3,1]
[4096,768,336,55,21,3,1]
[14641,1331,1,11,1]
[729,-270,67,-10,1]
[6561,-648,113,-8,1]
[14641,484,91,4,1]
[729,486,126,25,14,6,1]
[729,0,-36,10,-4,0,1]
[16384,1664,249,13,1]
[4096,512,416,45,26,2,1]
[4096,1792,112,-57,7,7,1]
[14641,121,-37,1,1]
[256,192,144,100,45,25,9,3,1]
[256,192,144,92,59,23,9,3,1]
[4096,0,16,1,1,0,1]
[512,-64,104,-3,13,-1,1]
[4096,512,48,83,3,2,1]
[4096,-768,96,-19,6,-3,1]
[4096,-256,80,77,5,-1,1]
[4096,1792,912,223,57,7,1]
[4096,-3328,1504,-461,94,-13,1]
[4096,-1792,656,-145,41,-7,1]
[4096,768,112,75,7,3,1]
[14641,-605,106,-5,1]
[4096,0,128,-51,8,0,1]
[16384,1536,27,12,1]
[256,-128,16,8,5,2,1,-2,1]
[4096,-512,128,-55,8,-2,1]
[256,192,96,40,15,10,6,3,1]
[6561,-324,-43,-4,1]
[4096,0,144,-5,9,0,1]
[4096,-1792,192,11,12,-7,1]
[4096,-1280,-240,153,-15,-5,1]
[256,48,9,3,1]
[4096,-1280,-80,83,-5,-5,1]
[14641,2420,203,20,1]
[14641,2299,191,19,1]
[16384,1408,275,11,1]
[4096,-1792,192,19,12,-7,1]
[14641,3388,434,28,1]
[15625,1000,49,8,1]
[512,192,16,-7,2,3,1]
[256,192,160,60,35,15,10,3,1]
[14641,484,162,4,1]
[15625,-250,76,-2,1]
[729,243,72,19,8,3,1]
[256,0,48,0,3,0,3,0,1]
[256,128,80,48,39,12,5,2,1]
[4096,-2304,896,-259,56,-9,1]
[4096,1536,368,57,23,6,1]
[15625,-3625,407,-29,1]
[4096,-448,31,-7,1]
[4096,-1792,608,-157,38,-7,1]
[4096,0,-208,-13,-13,0,1]
[256,128,80,-32,-13,-8,5,2,1]
[512,-448,232,-85,29,-7,1]
[4096,2304,688,161,43,9,1]
[4096,768,160,63,10,3,1]
[4096,1216,205,19,1]
[4096,-2048,480,-79,30,-8,1]
[256,-64,-16,4,17,1,-1,-1,1]
[4096,-4096,2048,-639,128,-16,1]
[4096,256,208,-15,13,1,1]
[4096,1792,800,209,50,7,1]
[4096,1280,-48,-91,-3,5,1]
[14641,1573,108,13,1]
[4096,1280,128,-43,8,5,1]
[512,448,248,97,31,7,1]
[4096,-1536,-240,191,-15,-6,1]
[16384,-2304,191,-18,1]
[4096,-320,-43,-5,1]
[15625,-125,-217,-1,1]
[729,81,81,5,9,1,1]
[4096,1536,576,119,36,6,1]
[512,-192,88,-57,11,-3,1]
[256,0,0,-16,-15,-4,0,0,1]
[4096,1280,272,93,17,5,1]
[256,-128,-16,32,-17,8,-1,-2,1]
[729,162,18,-14,2,2,1]
[256,0,64,32,3,8,4,0,1]
[256,256,176,76,41,19,11,4,1]
[4096,256,-64,-11,-4,1,1]
[256,-128,16,28,-11,7,1,-2,1]
[16384,2176,295,17,1]
[4096,-1792,576,-143,36,-7,1]
[256,-128,0,4,11,1,0,-2,1]
[256,-64,0,8,7,2,0,-1,1]
[15625,1625,67,13,1]
[512,128,96,11,12,2,1]
[4096,-768,-112,73,-7,-3,1]
[1024,0,-57,0,1]
[6561,162,95,2,1]
[14641,-2057,213,-17,1]
[256,-192,160,-76,47,-19,10,-3,1]
[256,0,0,12,-5,3,0,0,1]
[256,192,80,20,7,5,5,3,1]
[729,0,16,0,1]
[256,0,16,-8,5,-2,1,0,1]
[4096,-768,160,-37,10,-3,1]
[4096,1280,752,147,47,5,1]
[4096,-256,0,-45,0,-1,1]
[16384,768,59,6,1]
[256,192,80,8,-3,2,5,3,1]
[4096,-2304,1072,-291,67,-9,1]
[256,128,64,4,11,1,4,2,1]
[512,-64,0,29,0,-1,1]
[4096,768,-80,-79,-5,3,1]
[4096,256,-128,11,-8,1,1]
[4096,-1280,416,-165,26,-5,1]
[256,128,32,0,-3,0,2,2,1]
[256,-384,352,-244,133,-61,22,-6,1]
[256,0,0,-4,27,-1,0,0,1]
[16384,0,211,0,1]
[729,-162,72,-34,8,-2,1]
[729,243,27,10,3,3,1]
[16384,2048,249,16,1]
[729,243,-63,-56,-7,3,1]
[16384,0,77,0,1]
[4096,-448,109,-7,1]
[729,-243,18,-5,2,-3,1]
[4096,1792,640,215,40,7,1]
[4096,-1024,-208,139,-13,-4,1]
[2401,98,-38,2,1]
[4096,-512,272,-93,17,-2,1]
[729,162,-9,-8,-1,2,1]
[4096,-1280,432,-143,27,-5,1]
[15625,3250,372,26,1]
[4096,-256,480,-43,30,-1,1]
[16384,-1408,53,-11,1]
[2401,-294,62,-6,1]
[729,108,28,4,1]
[14641,2662,362,22,1]
[14641,1331,71,11,1]
[4096,-2048,736,-171,46,-8,1]
[256,64,96,24,27,6,6,1,1]
[14641,-121,90,-1,1]
[729,243,27,-17,3,3,1]
[4096,-1536,496,-145,31,-6,1]
[4096,-2304,688,-171,43,-9,1]
[14641,1089,210,9,1]
[4096,-1536,832,-191,52,-6,1]
[729,-162,-27,5,-3,-2,1]
[14641,2420,254,20,1]
[4096,-768,240,-35,15,-3,1]
[16384,-1408,93,-11,1]
[256,-192,192,-84,57,-21,12,-3,1]
[4096,-1536,-80,107,-5,-6,1]
[14641,-121,60,-1,1]
[16384,4096,481,32,1]
[256,128,48,40,23,10,3,2,1]
[4096,1792,704,181,44,7,1]
[4096,0,560,-7,35,0,1]
[15625,-1625,54,-13,1]
[4096,512,224,117,14,2,1]
[4096,1280,384,123,24,5,1]
[4096,-256,656,-35,41,-1,1]
[2401,-49,85,-1,1]
[256,64,32,4,5,1,2,1,1]
[4096,-256,-112,13,-7,-1,1]
[15625,250,194,2,1]
[4096,-512,448,-83,28,-2,1]
[256,-256,128,4,-17,1,8,-4,1]
[512,256,120,27,15,4,1]
[15625,1000,43,8,1]
[4096,2304,784,221,49,9,1]
[4096,1536,224,41,14,6,1]
[729,243,153,49,17,3,1]
[256,64,0,4,7,1,0,1,1]
[4096,256,336,15,21,1,1]
[4096,-1536,128,35,8,-6,1]
[729,243,126,20,14,3,1]
[15625,1125,57,9,1]
[4096,-2560,880,-247,55,-10,1]
[4096,1024,416,105,26,4,1]
[256,128,0,-20,-9,-5,0,2,1]
[256,-64,48,16,7,4,3,-1,1]
[4096,-768,304,-47,19,-3,1]
[256,-64,16,-8,21,-2,1,-1,1]
[4096,-768,64,25,4,-3,1]
[15625,250,-188,2,1]
[256,0,96,-4,21,-1,6,0,1]
[15625,-1875,219,-15,1]
[4096,-1024,-16,37,-1,-4,1]
[15625,-250,226,-2,1]
[15625,1125,157,9,1]
[14641,1452,119,12,1]
[4096,3072,1184,331,74,12,1]
[4096,-448,15,-7,1]
[16384,3584,437,28,1]
[256,64,96,36,17,9,6,1,1]
[16384,-256,151,-2,1]
[4096,512,96,-39,6,2,1]
[15625,-500,137,-4,1]
[4096,-256,128,59,8,-1,1]
[4096,-512,368,-89,23,-2,1]
[4096,-512,-80,99,-5,-2,1]
[729,0,171,4,19,0,1]
[4096,-1280,96,25,6,-5,1]
[15625,-1750,219,-14,1]
[14641,-1573,184,-13,1]
[15625,-1875,149,-15,1]
[729,162,72,-5,8,2,1]
[2401,-882,164,-18,1]
[14641,-2178,221,-18,1]
[4096,-256,80,37,5,-1,1]
[4096,-3328,1552,-467,97,-13,1]
[15625,-250,68,-2,1]
[14641,-2420,288,-20,1]
[4096,256,-96,-57,-6,1,1]
[256,-64,16,8,-23,2,1,-1,1]
[512,192,8,-11,1,3,1]
[512,-64,64,13,8,-1,1]
[4096,768,304,61,19,3,1]
[256,-64,48,44,-11,11,3,-1,1]
[256,64,-48,-16,-3,-4,-3,1,1]
[4096,-2048,784,-201,49,-8,1]
[4096,768,448,65,28,3,1]
[6561,-810,136,-10,1]
[4096,0,-160,47,-10,0,1]
[2401,-539,117,-11,1]
[15625,-625,-39,-5,1]
[4096,256,-64,-95,-4,1,1]
[4096,2304,1072,291,67,9,1]
[16384,1024,107,8,1]
[4096,1792,272,5,17,7,1]
[625,25,1,1,1]
[256,-128,16,24,-31,6,1,-2,1]
[729,-567,207,-61,23,-7,1]
[4096,768,624,79,39,3,1]
[16384,-640,17,-5,1]
[729,405,207,58,23,5,1]
[4096,2304,816,225,51,9,1]
[625,275,73,11,1]
[4096,1280,32,-65,2,5,1]
[256,64,16,-12,-3,-3,1,1,1]
[4096,1280,528,101,33,5,1]
[256,256,112,60,39,15,7,4,1]
[4096,256,48,111,3,1,1]
[512,192,16,-13,2,3,1]
[625,-100,-6,-4,1]
[4096,-1792,896,-213,56,-7,1]
[2401,-245,-5,-5,1]
[4096,768,0,13,0,3,1]
[729,243,162,53,18,3,1]
[4096,-768,384,-53,24,-3,1]
[4096,512,32,37,2,2,1]
[512,-128,48,5,6,-2,1]
[14641,1936,130,16,1]
[256,64,48,-28,-3,-7,3,1,1]
[4096,-512,448,-39,28,-2,1]
[4096,256,0,-3,0,1,1]
[512,-64,32,-3,4,-1,1]
[4096,-1280,368,-47,23,-5,1]
[16384,256,111,2,1]
[4096,768,528,51,33,3,1]
[14641,121,125,1,1]
[4096,0,224,-73,14,0,1]
[512,0,144,5,18,0,1]
[256,64,112,52,35,13,7,1,1]
[4096,-1280,720,-139,45,-5,1]
[4096,256,32,-39,2,1,1]
[256,-128,48,-48,25,-12,3,-2,1]
[15625,125,23,1,1]
[15625,-125,14,-1,1]
[256,0,-32,16,17,4,-2,0,1]
[14641,2783,274,23,1]
[4096,-768,-64,49,-4,-3,1]
[4096,-256,16,-19,1,-1,1]
[4096,-256,224,-45,14,-1,1]
[4096,1024,272,69,17,4,1]
[256,128,112,28,29,7,7,2,1]
[15625,1375,207,11,1]
[256,64,-16,16,21,4,-1,1,1]
[16384,1792,77,14,1]
[4096,-768,-128,67,-8,-3,1]
[2401,-686,130,-14,1]
[729,324,-63,-61,-7,4,1]
[4096,1280,672,153,42,5,1]
[4096,960,119,15,1]
[15625,-2500,251,-20,1]
[256,64,-48,-12,9,-3,-3,1,1]
[4096,-512,240,-21,15,-2,1]
[512,-128,96,-35,12,-2,1]
[256,0,64,16,23,4,4,0,1]
[16384,2432,261,19,1]
[4096,-512,-64,103,-4,-2,1]
[729,-243,144,-55,16,-3,1]
[512,-128,-32,37,-4,-2,1]
[4096,512,80,-47,5,2,1]
[4096,-256,240,33,15,-1,1]
[16384,256,-47,2,1]
[4096,1024,432,71,27,4,1]
[4096,-1280,128,15,8,-5,1]
[256,64,80,-4,19,-1,5,1,1]
[15625,-2125,304,-17,1]
[16384,1152,35,9,1]
[256,64,128,64,33,16,8,1,1]
[14641,1452,73,12,1]
[256,128,48,4,-9,1,3,2,1]
[14641,726,-25,6,1]
[14641,-121,74,-1,1]
[512,-64,-24,1,-3,-1,1]
[4096,1536,240,13,15,6,1]
[15625,-1000,7,-8,1]
[15625,1500,172,12,1]
[625,150,57,6,1]
[1024,0,-11,0,1]
[4096,-1024,384,-45,24,-4,1]
[4096,192,-79,3,1]
[15625,-2125,276,-17,1]
[256,0,32,-16,5,-4,2,0,1]
[256,0,-32,-8,9,-2,-2,0,1]
[256,128,96,64,25,16,6,2,1]
[4096,256,-112,15,-7,1,1]
[4096,-768,-224,111,-14,-3,1]
[4096,-512,336,-83,21,-2,1]
[6561,0,146,0,1]
[4096,1280,560,165,35,5,1]
[256,-64,-80,4,23,1,-5,-1,1]
[256,-448,384,-236,125,-59,24,-7,1]
[512,128,72,31,9,2,1]
[4096,4096,1984,607,124,16,1]
[256,128,48,0,1,0,3,2,1]
[16384,-256,-157,-2,1]
[729,-162,18,28,2,-2,1]
[256,0,48,-32,3,-8,3,0,1]
[4096,768,-80,-47,-5,3,1]
[2401,392,76,8,1]
[4096,-3328,1392,-403,87,-13,1]
[4096,1792,752,197,47,7,1]
[256,-192,16,12,1,3,1,-3,1]
[4096,-1536,160,-13,10,-6,1]
[4096,1024,0,-5,0,4,1]
[729,-243,90,-43,10,-3,1]
[16384,-512,189,-4,1]
[4096,0,96,9,6,0,1]
[6561,-729,136,-9,1]
[4096,-1536,544,-197,34,-6,1]
[4096,-1024,-208,129,-13,-4,1]
[4096,-512,416,-45,26,-2,1]
[4096,0,-16,-3,-1,0,1]
[4096,768,256,17,16,3,1]
[256,-64,32,-24,19,-6,2,-1,1]
[16384,-256,233,-2,1]
[4096,-512,384,-23,24,-2,1]
[15625,-625,-11,-5,1]
[4096,704,155,11,1]
[4096,-2048,400,-53,25,-8,1]
[625,-250,68,-10,1]
[16384,0,189,0,1]
[4096,0,272,-3,17,0,1]
[14641,-121,73,-1,1]
[4096,3072,1184,329,74,12,1]
[729,-486,288,-109,32,-6,1]
[4096,-768,-128,45,-8,-3,1]
[4096,768,-48,-81,-3,3,1]
[2401,-392,82,-8,1]
[4096,512,-160,-23,-10,2,1]
[729,-189,61,-7,1]
[4096,-1024,272,-59,17,-4,1]
[256,-64,64,-60,13,-15,4,-1,1]
[4096,512,-64,-5,-4,2,1]
[6561,324,113,4,1]
[4096,1792,592,121,37,7,1]
[16384,1024,77,8,1]
[4096,1280,528,149,33,5,1]
[4096,768,288,77,18,3,1]
[256,128,32,-36,-25,-9,2,2,1]
[16384,-3200,323,-25,1]
[4096,-768,16,-21,1,-3,1]
[4096,1024,-224,-133,-14,4,1]
[4096,-1792,464,-129,29,-7,1]
[256,128,-16,-32,-23,-8,-1,2,1]
[256,-256,80,-8,3,-2,5,-4,1]
[16384,-2688,353,-21,1]
[4096,1024,592,101,37,4,1]
[256,-128,16,-16,17,-4,1,-2,1]
[16384,640,25,5,1]
[4096,256,496,43,31,1,1]
[256,-16,21,-1,1]
[6561,-486,127,-6,1]
[729,81,36,-25,4,1,1]
[256,128,32,-44,-31,-11,2,2,1]
[4096,0,368,37,23,0,1]
[15625,750,134,6,1]
[2401,392,48,8,1]
[4096,2048,432,63,27,8,1]
[14641,3388,416,28,1]
[256,128,96,16,9,4,6,2,1]
[256,64,-64,-16,9,-4,-4,1,1]
[256,128,-64,-28,5,-7,-4,2,1]
[4096,1024,368,111,23,4,1]
[16384,896,235,7,1]
[729,0,27,-28,3,0,1]
[4096,320,7,5,1]
[14641,605,-82,5,1]
[1024,-160,35,-5,1]
[256,-64,0,12,9,3,0,-1,1]
[256,-128,160,-36,41,-9,10,-2,1]
[15625,-125,-134,-1,1]
[256,192,32,-8,1,-2,2,3,1]
[512,192,40,19,5,3,1]
[15625,-1375,96,-11,1]
[2401,0,-96,0,1]
[14641,2783,328,23,1]
[4096,2304,816,223,51,9,1]
[4096,512,-128,-109,-8,2,1]
[4096,256,144,-65,9,1,1]
[4096,256,256,63,16,1,1]
[16384,-3456,405,-27,1]
[256,0,64,-20,17,-5,4,0,1]
[14641,1452,53,12,1]
[729,0,0,-10,0,0,1]
[4096,256,192,-11,12,1,1]
[6561,648,128,8,1]
[4096,512,-64,-19,-4,2,1]
[15625,1375,261,11,1]
[256,-64,0,4,15,1,0,-1,1]
[15625,3000,317,24,1]
[15625,-625,198,-5,1]
[256,-64,0,4,-19,1,0,-1,1]
[4096,1536,704,175,44,6,1]
[15625,0,-163,0,1]
[729,162,0,-26,0,2,1]
[729,405,252,82,28,5,1]
[729,162,-18,-46,-2,2,1]
[256,0,32,-32,-7,-8,2,0,1]
[14641,121,117,1,1]
[4096,-2048,720,-195,45,-8,1]
[4096,-1024,480,-91,30,-4,1]
[256,64,-16,-20,-13,-5,-1,1,1]
[729,567,171,37,19,7,1]
[15625,3375,423,27,1]
[16384,2048,177,16,1]
[4096,512,128,21,8,2,1]
[4096,704,143,11,1]
[256,192,112,84,47,21,7,3,1]
[256,-128,32,-28,23,-7,2,-2,1]
[4096,-1536,400,-131,25,-6,1]
[4096,-192,17,-3,1]
[729,0,0,38,0,0,1]
[256,-64,64,-44,25,-11,4,-1,1]
[15625,-1500,83,-12,1]
[729,-81,27,2,3,-1,1]
[4096,1792,512,135,32,7,1]
[4096,1792,384,61,24,7,1]
[256,-192,64,20,-15,5,4,-3,1]
[256,192,192,124,65,31,12,3,1]
[256,64,-64,4,35,1,-4,1,1]
[4096,1536,272,33,17,6,1]
[729,243,36,8,4,3,1]
[4096,768,432,53,27,3,1]
[14641,-484,-142,-4,1]
[15625,875,53,7,1]
[256,64,48,-4,-9,-1,3,1,1]
[16384,2304,275,18,1]
[4096,256,192,3,12,1,1]
[14641,-2662,346,-22,1]
[14641,-1573,98,-13,1]
[256,256,96,4,-7,1,6,4,1]
[16384,1792,71,14,1]
[512,64,24,1,3,1,1]
[4096,1088,179,17,1]
[6561,162,-26,2,1]
[256,-64,32,-28,3,-7,2,-1,1]
[15625,-1750,199,-14,1]
[15625,-1125,232,-9,1]
[4096,896,155,14,1]
[6561,-324,149,-4,1]
[4096,512,-160,-31,-10,2,1]
[14641,1815,248,15,1]
[2401,-686,110,-14,1]
[4096,3584,1552,449,97,14,1]
[2401,-931,171,-19,1]
[16384,-512,75,-4,1]
[729,0,18,-14,2,0,1]
[256,-192,128,-80,43,-20,8,-3,1]
[4096,0,-176,-27,-11,0,1]
[729,-162,-54,40,-6,-2,1]
[4096,-2304,944,-273,59,-9,1]
[729,243,-36,-31,-4,3,1]
[15625,-1000,79,-8,1]
[256,256,160,60,21,15,10,4,1]
[14641,968,-51,8,1]
[15625,750,-94,6,1]
[15625,2625,302,21,1]
[4096,256,48,71,3,1,1]
[625,-250,63,-10,1]
[256,-64,32,12,-7,3,2,-1,1]
[15625,-2000,274,-16,1]
[4096,0,496,-13,31,0,1]
[729,405,117,26,13,5,1]
[4096,2560,1072,293,67,10,1]
[4096,2816,912,221,57,11,1]
[256,128,96,28,15,7,6,2,1]
[16384,-512,65,-4,1]
[729,162,36,37,4,2,1]
[4096,1792,560,159,35,7,1]
[4096,-768,304,-131,19,-3,1]
[4096,3072,1040,259,65,12,1]
[4096,1280,416,79,26,5,1]
[15625,1750,136,14,1]
[256,64,112,44,33,11,7,1,1]
[4096,768,192,41,12,3,1]
[4096,256,64,89,4,1,1]
[4096,256,-32,67,-2,1,1]
[4096,0,-80,-83,-5,0,1]
[4096,-3584,1648,-489,103,-14,1]
[4096,-256,464,-21,29,-1,1]
[4096,2048,-32,-147,-2,8,1]
[625,25,33,1,1]
[256,0,80,4,25,1,5,0,1]
[4096,512,64,-71,4,2,1]
[6561,-567,97,-7,1]
[4096,1792,160,-23,10,7,1]
[625,50,33,2,1]
[1024,-96,15,-3,1]
[4096,-512,128,29,8,-2,1]
[64,-56,25,-7,1]
[14641,-726,160,-6,1]
[4096,-1280,-144,135,-9,-5,1]
[6561,1296,212,16,1]
[4096,512,128,27,8,2,1]
[256,0,0,0,21,0,0,0,1]
[6561,-162,154,-2,1]
[4096,-2048,640,-183,40,-8,1]
[256,-256,48,56,-47,14,3,-4,1]
[4096,-2048,480,-77,30,-8,1]
[256,64,-160,-12,53,-3,-10,1,1]
[64,16,5,2,1]
[4096,-2816,1152,-345,72,-11,1]
[4096,1280,176,3,11,5,1]
[729,0,-36,1,-4,0,1]
[14641,847,118,7,1]
[4096,1280,48,-29,3,5,1]
[4096,-1536,368,-99,23,-6,1]
[729,-81,162,-14,18,-1,1]
[4096,-256,-224,27,-14,-1,1]
[2401,735,123,15,1]
[729,486,153,38,17,6,1]
[4096,256,416,9,26,1,1]
[4096,1536,384,77,24,6,1]
[256,-192,112,-20,11,-5,7,-3,1]
[512,320,152,65,19,5,1]
[16384,-2688,271,-21,1]
[729,-162,-63,31,-7,-2,1]
[4096,1024,592,125,37,4,1]
[256,-128,48,52,-27,13,3,-2,1]
[4096,512,272,87,17,2,1]
[15625,250,38,2,1]
[14641,1452,179,12,1]
[15625,1875,144,15,1]
[4096,0,96,-25,6,0,1]
[4096,-2560,656,-125,41,-10,1]
[14641,-1694,258,-14,1]
[4096,256,272,25,17,1,1]
[4096,-1536,-80,123,-5,-6,1]
[4096,0,-111,0,1]
[4096,-1280,304,-67,19,-5,1]
[1024,96,15,3,1]
[4096,-256,0,7,0,-1,1]
[6561,-324,94,-4,1]
[4096,1024,-48,-97,-3,4,1]
[4096,-1024,-224,115,-14,-4,1]
[4096,-512,32,-57,2,-2,1]
[64,48,28,11,7,3,1]
[256,0,0,-12,19,-3,0,0,1]
[15625,-750,133,-6,1]
[15625,1625,117,13,1]
[4096,-1280,544,-143,34,-5,1]
[6561,-405,124,-5,1]
[4096,2048,848,233,53,8,1]
[2401,588,82,12,1]
[512,-320,168,-79,21,-5,1]
[256,128,208,84,75,21,13,2,1]
[4096,2304,848,245,53,9,1]
[4096,1024,352,123,22,4,1]
[256,64,-80,-16,19,-4,-5,1,1]
[729,243,117,38,13,3,1]
[4096,1536,544,199,34,6,1]
[256,-64,16,-24,21,-6,1,-1,1]
[512,384,264,97,33,6,1]
[256,320,128,-24,-39,-6,8,5,1]
[256,-128,176,-80,59,-20,11,-2,1]
[729,162,-36,-19,-4,2,1]
[16384,384,-155,3,1]
[16384,1664,95,13,1]
[4096,-512,-48,57,-3,-2,1]
[2401,196,64,4,1]
[4096,-256,-80,-15,-5,-1,1]
[4096,-1280,256,-55,16,-5,1]
[4096,-512,-80,-3,-5,-2,1]
[14641,-2541,304,-21,1]
[14641,242,107,2,1]
[14641,968,208,8,1]
[4096,1280,448,117,28,5,1]
[14641,2662,270,22,1]
[256,64,80,-16,13,-4,5,1,1]
[256,128,48,4,-1,1,3,2,1]
[4096,-512,176,-121,11,-2,1]
[6561,-1458,193,-18,1]
[14641,3388,399,28,1]
[625,325,92,13,1]
[4096,512,224,-35,14,2,1]
[4096,320,-25,5,1]
[4096,256,192,61,12,1,1]
[4096,-1536,512,-87,32,-6,1]
[4096,2304,752,201,47,9,1]
[4096,1024,-64,-103,-4,4,1]
[4096,768,48,53,3,3,1]
[4096,1024,256,53,16,4,1]
[4096,-1536,176,-19,11,-6,1]
[14641,-2662,335,-22,1]
[256,-256,208,-116,59,-29,13,-4,1]
[14641,121,-195,1,1]
[256,0,16,0,31,0,1,0,1]
[256,-64,0,24,-1,6,0,-1,1]
[4096,-512,-96,7,-6,-2,1]
[729,81,-9,-35,-1,1,1]
[256,-64,80,-28,31,-7,5,-1,1]
[15625,1375,73,11,1]
[15625,-1625,68,-13,1]
[6561,1620,206,20,1]
[4096,512,-32,-39,-2,2,1]
[4096,2048,768,237,48,8,1]
[4096,512,400,69,25,2,1]
[256,512,512,344,185,86,32,8,1]
[14641,-2662,274,-22,1]
[4096,-448,59,-7,1]
[4096,-1792,688,-155,43,-7,1]
[256,-64,16,-32,25,-8,1,-1,1]
[4096,-256,-128,-29,-8,-1,1]
[64,-32,48,-15,12,-2,1]
[2401,0,-10,0,1]
[4096,0,128,5,8,0,1]
[15625,0,-4,0,1]
[256,128,0,0,11,0,0,2,1]
[256,0,-32,-20,9,-5,-2,0,1]
[4096,-1536,544,-191,34,-6,1]
[4096,1024,208,85,13,4,1]
[256,0,128,-16,35,-4,8,0,1]
[625,-125,33,-5,1]
[14641,-121,-40,-1,1]
[14641,2662,280,22,1]
[4096,0,576,-15,36,0,1]
[15625,1125,237,9,1]
[4096,-256,-176,33,-11,-1,1]
[4096,768,-64,-25,-4,3,1]
[4096,3840,1808,551,113,15,1]
[6561,81,-62,1,1]
[4096,2048,784,217,49,8,1]
[4096,-2048,928,-259,58,-8,1]
[14641,726,-20,6,1]
[256,128,0,24,31,6,0,2,1]
[729,405,261,86,29,5,1]
[729,-324,126,-41,14,-4,1]
[4096,-1024,304,-137,19,-4,1]
[256,-64,-48,-8,33,-2,-3,-1,1]
[4096,768,608,101,38,3,1]
[729,0,22,0,1]
[16384,512,37,4,1]
[256,64,-16,-16,9,-4,-1,1,1]
[4096,256,208,21,13,1,1]
[4096,1792,848,205,53,7,1]
[4096,1792,432,77,27,7,1]
[2401,-49,45,-1,1]
[15625,-1625,213,-13,1]
[4096,1792,448,105,28,7,1]
[4096,-1792,464,-109,29,-7,1]
[4096,-1792,-112,153,-7,-7,1]
[512,-256,72,-13,9,-4,1]
[4096,-3584,1616,-479,101,-14,1]
[4096,-768,144,-25,9,-3,1]
[4096,256,-96,-101,-6,1,1]
[729,81,45,-17,5,1,1]
[6561,-891,190,-11,1]
[256,128,128,64,37,16,8,2,1]
[4096,-1024,240,-111,15,-4,1]
[16384,-1152,103,-9,1]
[16384,-896,75,-7,1]
[729,-405,225,-71,25,-5,1]
[64,0,32,3,8,0,1]
[4096,0,64,-81,4,0,1]
[4096,-256,224,-55,14,-1,1]
[6561,1296,172,16,1]
[14641,-1694,104,-14,1]
[4096,768,352,115,22,3,1]
[14641,2178,315,18,1]
[4096,768,400,45,25,3,1]
[4096,512,21,8,1]
[4096,768,512,101,32,3,1]
[4096,-512,-16,25,-1,-2,1]
[4096,-768,128,-63,8,-3,1]
[512,-64,24,-17,3,-1,1]
[4096,-512,160,-79,10,-2,1]
[256,-192,128,-84,53,-21,8,-3,1]
[4096,-1536,352,-89,22,-6,1]
[15625,2000,231,16,1]
[4096,768,80,29,5,3,1]
[4096,-2304,864,-257,54,-9,1]
[2401,0,-50,0,1]
[2401,294,52,6,1]
[14641,242,233,2,1]
[512,0,40,23,5,0,1]
[4096,-192,83,-3,1]
[4096,-2048,704,-181,44,-8,1]
[4096,1024,64,-19,4,4,1]
[4096,-1792,736,-201,46,-7,1]
[4096,1024,64,29,4,4,1]
[1024,-32,-3,-1,1]
[4096,256,480,49,30,1,1]
[15625,-1500,107,-12,1]
[4096,2816,1024,277,64,11,1]
[15625,2625,223,21,1]
[729,-81,36,14,4,-1,1]
[4096,1792,592,187,37,7,1]
[14641,-1815,287,-15,1]
[4096,2816,1088,301,68,11,1]
[256,320,224,108,47,27,14,5,1]
[14641,968,239,8,1]
[256,-128,16,8,3,2,1,-2,1]
[256,-320,304,-188,107,-47,19,-5,1]
[256,-128,32,4,-3,1,2,-2,1]
[512,-256,192,-55,24,-4,1]
[4096,-256,256,-77,16,-1,1]
[4096,256,48,33,3,1,1]
[4096,-256,-80,79,-5,-1,1]
[256,-128,144,-64,39,-16,9,-2,1]
[256,128,16,-8,-9,-2,1,2,1]
[16384,1024,-17,8,1]
[4096,512,400,55,25,2,1]
[729,-81,81,7,9,-1,1]
[512,192,128,33,16,3,1]
[4096,-512,112,7,7,-2,1]
[16384,-3840,443,-30,1]
[4096,512,160,25,10,2,1]
[4096,1280,176,17,11,5,1]
[15625,1500,233,12,1]
[256,-128,64,-8,7,-2,4,-2,1]
[4096,-256,-160,33,-10,-1,1]
[4096,256,112,99,7,1,1]
[256,64,-48,8,21,2,-3,1,1]
[15625,-875,207,-7,1]
[4096,-512,57,-8,1]
[256,-32,-1,-2,1]
[4096,256,192,73,12,1,1]
[15625,-2000,151,-16,1]
[256,192,16,-28,-15,-7,1,3,1]
[6561,486,10,6,1]
[4096,512,-80,-65,-5,2,1]
[4096,1024,256,25,16,4,1]
[4096,1536,320,61,20,6,1]
[6561,-567,152,-7,1]
[4096,-768,-32,25,-2,-3,1]
[4096,-256,96,27,6,-1,1]
[729,486,288,100,32,6,1]
[15625,-875,32,-7,1]
[256,-64,64,-12,-1,-3,4,-1,1]
[15625,1125,39,9,1]
[4096,512,48,45,3,2,1]
[15625,-4625,591,-37,1]
[2401,392,31,8,1]
[16384,-3456,357,-27,1]
[4096,-768,320,-109,20,-3,1]
[4096,256,112,-83,7,1,1]
[16384,-1152,203,-9,1]
[256,-256,144,-28,7,-7,9,-4,1]
[14641,0,92,0,1]
[512,-256,152,-61,19,-4,1]
[4096,-768,416,-39,26,-3,1]
[4096,512,384,89,24,2,1]
[256,64,80,64,13,16,5,1,1]
[4096,2048,880,231,55,8,1]
[4096,-512,-192,91,-12,-2,1]
[4096,768,272,57,17,3,1]
[1024,256,27,8,1]
[4096,512,288,109,18,2,1]
[4096,0,464,1,29,0,1]
[4096,512,448,65,28,2,1]
[4096,-256,0,79,0,-1,1]
[256,64,80,48,15,12,5,1,1]
[256,-128,96,-40,37,-10,6,-2,1]
[4096,512,-16,-61,-1,2,1]
[256,128,160,88,49,22,10,2,1]
[14641,605,243,5,1]
[4096,-512,448,-77,28,-2,1]
[14641,-2420,303,-20,1]
[4096,1280,112,9,7,5,1]
[729,-648,333,-128,37,-8,1]
[729,-243,54,7,6,-3,1]
[15625,3625,432,29,1]
[4096,-768,144,-45,9,-3,1]
[729,-486,270,-101,30,-6,1]
[4096,-1024,208,-29,13,-4,1]
[16384,640,-77,5,1]
[6561,81,-109,1,1]
[4096,1280,416,75,26,5,1]
[4096,1280,400,75,25,5,1]
[15625,750,-61,6,1]
[15625,500,103,4,1]
[256,192,0,-16,1,-4,0,3,1]
[14641,-605,-68,-5,1]
[512,128,-16,-21,-2,2,1]
[4096,-1792,-128,163,-8,-7,1]
[512,384,96,15,12,6,1]
[15625,-750,-112,-6,1]
[4096,1792,496,133,31,7,1]
[256,384,304,152,71,38,19,6,1]
[4096,-1280,400,-151,25,-5,1]
[256,128,80,32,9,8,5,2,1]
[4096,1024,112,25,7,4,1]
[512,128,24,-7,3,2,1]
[256,-128,48,36,-27,9,3,-2,1]
[729,243,234,49,26,3,1]
[14641,2420,289,20,1]
[4096,0,-128,-35,-8,0,1]
[4096,768,-16,-97,-1,3,1]
[256,-192,112,-20,9,-5,7,-3,1]
[15625,3500,387,28,1]
[729,486,243,77,27,6,1]
[729,-81,-9,25,-1,-1,1]
[4096,512,224,5,14,2,1]
[4096,-1792,592,-169,37,-7,1]
[729,81,72,1,8,1,1]
[16384,-896,-9,-7,1]
[256,64,176,40,61,10,11,1,1]
[625,-75,-7,-3,1]
[4096,1280,416,125,26,5,1]
[4096,-1536,-64,107,-4,-6,1]
[14641,2057,136,17,1]
[256,128,96,68,21,17,6,2,1]
[4096,-1280,480,-111,30,-5,1]
[256,-192,64,-24,17,-6,4,-3,1]
[6561,0,-103,0,1]
[4096,1024,48,-11,3,4,1]
[4096,-256,0,27,0,-1,1]
[512,192,88,23,11,3,1]
[16384,-256,93,-2,1]
[14641,-1452,104,-12,1]
[6561,-162,-49,-2,1]
[729,81,54,28,6,1,1]
[16384,2304,267,18,1]
[729,-324,198,-61,22,-4,1]
[4096,-512,-176,79,-11,-2,1]
[15625,250,198,2,1]
[15625,-250,11,-2,1]
[4096,-1024,240,-109,15,-4,1]
[729,0,-18,-7,-2,0,1]
[16384,-3072,325,-24,1]
[14641,1573,129,13,1]
[15625,875,64,7,1]
[256,-192,160,-80,53,-20,10,-3,1]
[4096,-512,128,23,8,-2,1]
[6561,486,158,6,1]
[729,324,99,37,11,4,1]
[15625,0,-247,0,1]
[4096,-1536,-80,111,-5,-6,1]
[4096,1792,208,1,13,7,1]
[512,-192,80,-47,10,-3,1]
[15625,2250,321,18,1]
[1024,-288,65,-9,1]
[256,-128,-16,0,19,0,-1,-2,1]
[4096,-256,672,-25,42,-1,1]
[4096,768,368,37,23,3,1]
[15625,875,-47,7,1]
[15625,750,162,6,1]
[4096,512,336,77,21,2,1]
[4096,-512,240,-9,15,-2,1]
[4096,640,103,10,1]
[256,-64,32,-28,1,-7,2,-1,1]
[4096,-768,304,-87,19,-3,1]
[4096,1280,336,105,21,5,1]
[512,448,192,67,24,7,1]
[4096,-768,304,-133,19,-3,1]
[14641,-242,-51,-2,1]
[6561,-243,-101,-3,1]
[256,256,192,100,47,25,12,4,1]
[729,405,189,86,21,5,1]
[256,64,80,20,7,5,5,1,1]
[256,-128,64,8,-1,2,4,-2,1]
[15625,2500,281,20,1]
[15625,-4250,521,-34,1]
[15625,-625,162,-5,1]
[2401,-49,-57,-1,1]
[512,0,56,-5,7,0,1]
[4096,-2048,336,-37,21,-8,1]
[4096,2560,1040,325,65,10,1]
[4096,1536,416,111,26,6,1]
[4096,256,480,35,30,1,1]
[15625,2500,341,20,1]
[4096,-768,-32,63,-2,-3,1]
[4096,512,-240,-63,-15,2,1]
[14641,-1331,93,-11,1]
[15625,625,4,5,1]
[4096,1536,496,173,31,6,1]
[256,-192,112,-64,41,-16,7,-3,1]
[256,0,64,12,3,3,4,0,1]
[256,-64,16,0,17,0,1,-1,1]
[14641,1210,-2,10,1]
[6561,-486,-43,-6,1]
[729,-162,-27,44,-3,-2,1]
[14641,363,36,3,1]
[2401,735,130,15,1]
[4096,-512,-176,43,-11,-2,1]
[4096,-1280,-176,155,-11,-5,1]
[6561,-1296,133,-16,1]
[729,81,0,28,0,1,1]
[512,-192,48,5,6,-3,1]
[4096,0,176,51,11,0,1]
[4096,1536,96,-59,6,6,1]
[4096,1536,272,15,17,6,1]
[4096,1280,592,165,37,5,1]
[256,192,112,36,23,9,7,3,1]
[14641,-121,217,-1,1]
[4096,-1280,207,-20,1]
[4096,1792,528,107,33,7,1]
[4096,256,208,-47,13,1,1]
[729,324,207,52,23,4,1]
[15625,-500,88,-4,1]
[15625,1250,261,10,1]
[14641,1936,224,16,1]
[2401,-49,82,-1,1]
[4096,-3072,1312,-383,82,-12,1]
[729,-243,72,-26,8,-3,1]
[4096,1024,320,71,20,4,1]
[4096,704,95,11,1]
[14641,-3388,410,-28,1]
[14641,2299,260,19,1]
[729,324,63,16,7,4,1]
[4096,2304,768,209,48,9,1]
[729,-81,-2,-3,1]
[4096,-1536,640,-129,40,-6,1]
[16384,0,-17,0,1]
[4096,1280,656,127,41,5,1]
[256,64,32,-12,-5,-3,2,1,1]
[256,-256,112,4,-15,1,7,-4,1]
[6561,-1782,281,-22,1]
[256,192,128,48,21,12,8,3,1]
[256,-192,48,16,-15,4,3,-3,1]
[64,-16,-8,9,-2,-1,1]
[729,-81,-9,1,-1,-1,1]
[14641,605,115,5,1]
[6561,891,170,11,1]
[2401,-539,94,-11,1]
[4096,768,144,71,9,3,1]
[15625,-625,-62,-5,1]
[14641,-2057,175,-17,1]
[4096,512,272,21,17,2,1]
[256,-192,48,8,-15,2,3,-3,1]
[4096,-256,48,-105,3,-1,1]
[4096,-768,400,-53,25,-3,1]
[14641,-968,207,-8,1]
[14641,242,129,2,1]
[4096,-256,-16,67,-1,-1,1]
[6561,-648,70,-8,1]
[4096,1280,192,-1,12,5,1]
[4096,0,96,-19,6,0,1]
[14641,0,46,0,1]
[15625,-375,37,-3,1]
[729,162,180,37,20,2,1]
[4096,256,-96,-35,-6,1,1]
[4096,256,240,81,15,1,1]
[512,-256,144,-55,18,-4,1]
[14641,121,-196,1,1]
[4096,640,69,10,1]
[14641,363,-30,3,1]
[4096,-1024,336,-63,21,-4,1]
[4096,-1280,320,-53,20,-5,1]
[729,0,-9,1,-1,0,1]
[4096,256,-128,15,-8,1,1]
[729,-216,47,-8,1]
[4096,256,336,33,21,1,1]
[4096,512,80,-55,5,2,1]
[4096,-512,144,-61,9,-2,1]
[729,-648,288,-97,32,-8,1]
[6561,-162,142,-2,1]
[1024,-96,-29,-3,1]
[14641,-363,51,-3,1]
[15625,-2125,282,-17,1]
[4096,1024,0,-39,0,4,1]
[256,0,-48,-4,5,-1,-3,0,1]
[729,0,-54,-10,-6,0,1]
[625,-225,49,-9,1]
[6561,-81,107,-1,1]
[729,0,-9,19,-1,0,1]
[15625,2125,144,17,1]
[14641,121,41,1,1]
[4096,256,272,73,17,1,1]
[14641,-2783,355,-23,1]
[4096,512,176,21,11,2,1]
[256,-192,128,-36,15,-9,8,-3,1]
[4096,3072,1072,277,67,12,1]
[4096,-768,416,-53,26,-3,1]
[14641,-605,-28,-5,1]
[4096,-1024,-32,53,-2,-4,1]
[4096,-1024,-112,63,-7,-4,1]
[1024,384,77,12,1]
[4096,-256,272,31,17,-1,1]
[4096,-256,-16,113,-1,-1,1]
[14641,-121,194,-1,1]
[256,128,0,-28,-27,-7,0,2,1]
[81,36,17,4,1]
[4096,-512,192,33,12,-2,1]
[4096,-256,480,-47,30,-1,1]
[4096,-256,-128,59,-8,-1,1]
[15625,1750,116,14,1]
[4096,-3840,1888,-577,118,-15,1]
[4096,-1024,432,-97,27,-4,1]
[15625,1000,201,8,1]
[4096,-768,192,-31,12,-3,1]
[256,64,48,0,-7,0,3,1,1]
[729,-162,0,10,0,-2,1]
[512,512,208,63,26,8,1]
[4096,1280,-48,-73,-3,5,1]
[15625,-875,33,-7,1]
[256,64,32,44,19,11,2,1,1]
[16384,-3456,419,-27,1]
[14641,-726,-47,-6,1]
[16384,-3328,351,-26,1]
[16384,-384,191,-3,1]
[2401,735,118,15,1]
[256,-128,16,-28,21,-7,1,-2,1]
[256,64,80,-32,1,-8,5,1,1]
[4096,512,192,39,12,2,1]
[4096,-512,128,-29,8,-2,1]
[256,320,320,212,123,53,20,5,1]
[4096,-256,304,21,19,-1,1]
[729,-486,135,-25,15,-6,1]
[15625,625,-66,5,1]
[16384,512,13,4,1]
[14641,3025,355,25,1]
[4096,0,48,-15,3,0,1]
[512,-64,24,-21,3,-1,1]
[256,-128,80,-44,17,-11,5,-2,1]
[512,64,16,1,2,1,1]
[256,-64,16,8,-13,2,1,-1,1]
[14641,-847,-58,-7,1]
[4096,512,80,99,5,2,1]
[4096,0,-192,-15,-12,0,1]
[4096,1536,112,-9,7,6,1]
[2401,539,121,11,1]
[729,-648,360,-146,40,-8,1]
[16384,1408,281,11,1]
[81,36,19,4,1]
[729,-81,-9,-11,-1,-1,1]
[15625,625,157,5,1]
[15625,-1375,218,-11,1]
[256,192,160,52,35,13,10,3,1]
[256,0,16,-16,-5,-4,1,0,1]
[256,256,96,-12,-19,-3,6,4,1]
[256,64,96,-12,15,-3,6,1,1]
[14641,1452,96,12,1]
[4096,1024,416,131,26,4,1]
[4096,1280,48,-65,3,5,1]
[4096,256,-112,23,-7,1,1]
[4096,-1024,272,-107,17,-4,1]
[729,-81,108,-8,12,-1,1]
[4096,1024,-176,-137,-11,4,1]
[4096,-768,176,15,11,-3,1]
[4096,1536,352,63,22,6,1]
[256,64,48,8,19,2,3,1,1]
[256,128,64,-20,-7,-5,4,2,1]
[16384,1024,187,8,1]
[4096,512,-176,-93,-11,2,1]
[14641,3630,457,30,1]
[15625,-1375,254,-11,1]
[14641,968,-43,8,1]
[729,459,125,17,1]
[4096,-1792,288,-39,18,-7,1]
[256,-64,32,12,11,3,2,-1,1]
[4096,512,176,57,11,2,1]
[4096,2816,896,215,56,11,1]
[256,-128,64,-52,37,-13,4,-2,1]
[14641,1089,194,9,1]
[4096,-2560,976,-265,61,-10,1]
[512,64,-16,-43,-2,1,1]
[729,162,9,-14,1,2,1]
[14641,-726,-38,-6,1]
[14641,605,47,5,1]
[729,-81,108,-17,12,-1,1]
[4096,-1536,336,-61,21,-6,1]
[256,-64,96,-16,29,-4,6,-1,1]
[4096,-1024,144,13,9,-4,1]
[4096,-256,-16,7,-1,-1,1]
[14641,2178,156,18,1]
[256,128,64,20,15,5,4,2,1]
[4096,-2048,720,-167,45,-8,1]
[256,-128,128,-40,33,-10,8,-2,1]
[16384,-896,177,-7,1]
[6561,162,-116,2,1]
[6561,1944,275,24,1]
[4096,1280,496,123,31,5,1]
[4096,-576,125,-9,1]
[729,81,135,2,15,1,1]
[4096,-768,512,-107,32,-3,1]
[256,-192,48,24,-21,6,3,-3,1]
[15625,-375,131,-3,1]
[729,-405,0,38,0,-5,1]
[256,-192,96,-4,-1,-1,6,-3,1]
[4096,-1536,560,-103,35,-6,1]
[4096,-512,144,-89,9,-2,1]
[4096,768,144,45,9,3,1]
[14641,847,150,7,1]
[15625,1250,-19,10,1]
[256,0,0,-16,-5,-4,0,0,1]
[625,50,42,2,1]
[256,0,48,24,-1,6,3,0,1]
[729,-162,72,-16,8,-2,1]
[4096,-2048,16,121,1,-8,1]
[256,-64,-128,8,41,2,-8,-1,1]
[512,0,96,7,12,0,1]
[4096,-1536,368,-55,23,-6,1]
[4096,-768,-96,85,-6,-3,1]
[4096,512,624,51,39,2,1]
[256,128,64,36,5,9,4,2,1]
[729,-162,-18,37,-2,-2,1]
[4096,-2048,816,-213,51,-8,1]
[256,-64,32,-12,17,-3,2,-1,1]
[15625,0,-227,0,1]
[16384,-1024,177,-8,1]
[4096,256,512,15,32,1,1]
[16384,3840,449,30,1]
[4096,3328,1520,465,95,13,1]
[14641,-847,191,-7,1]
[729,135,40,5,1]
[4096,-3840,1856,-571,116,-15,1]
[4096,-512,160,17,10,-2,1]
[2401,882,156,18,1]
[256,128,32,-32,-13,-8,2,2,1]
[14641,-121,-76,-1,1]
[512,64,32,9,4,1,1]
[4096,1280,384,145,24,5,1]
[4096,768,304,23,19,3,1]
[256,192,144,76,35,19,9,3,1]
[256,192,80,20,13,5,5,3,1]
[4096,1536,656,173,41,6,1]
[14641,-1452,67,-12,1]
[4096,-256,80,-23,5,-1,1]
[256,0,80,0,25,0,5,0,1]
[512,-192,112,-41,14,-3,1]
[4096,512,-112,-77,-7,2,1]
[4096,1280,32,-29,2,5,1]
[4096,2304,816,231,51,9,1]
[6561,729,95,9,1]
[4096,-256,400,-5,25,-1,1]
[15625,-4250,534,-34,1]
[729,648,306,109,34,8,1]
[4096,-2816,1088,-297,68,-11,1]
[512,128,-40,-21,-5,2,1]
[6561,-810,20,-10,1]
[4096,4096,2048,639,128,16,1]
[256,192,192,92,59,23,12,3,1]
[15625,1375,48,11,1]
[4096,768,464,87,29,3,1]
[256,-128,0,40,-17,10,0,-2,1]
[4096,-1024,368,-97,23,-4,1]
[4096,768,592,89,37,3,1]
[256,64,96,28,29,7,6,1,1]
[2401,637,93,13,1]
[4096,1792,448,81,28,7,1]
[4096,640,57,10,1]
[256,0,48,12,-3,3,3,0,1]
[4096,768,400,59,25,3,1]
[4096,1024,160,43,10,4,1]
[4096,320,-11,5,1]
[15625,0,-22,0,1]
[16384,0,-215,0,1]
[4096,2048,768,201,48,8,1]
[4096,1536,416,61,26,6,1]
[15625,-625,21,-5,1]
[6561,162,-82,2,1]
[2401,392,33,8,1]
[4096,-256,272,-45,17,-1,1]
[4096,-512,32,-19,2,-2,1]
[4096,768,496,99,31,3,1]
[4096,0,416,-31,26,0,1]
[15625,375,54,3,1]
[729,0,-18,-31,-2,0,1]
[729,-297,76,-11,1]
[4096,-256,15,-4,1]
[15625,-2875,347,-23,1]
[14641,121,138,1,1]
[512,-64,-24,27,-3,-1,1]
[256,0,80,4,15,1,5,0,1]
[4096,448,-7,7,1]
[729,-324,-36,53,-4,-4,1]
[4096,1280,112,7,7,5,1]
[256,-128,-32,0,19,0,-2,-2,1]
[256,-256,160,-56,25,-14,10,-4,1]
[16384,-1152,47,-9,1]
[4096,128,-91,2,1]
[256,64,32,16,23,4,2,1,1]
[729,-324,135,-38,15,-4,1]
[16384,0,97,0,1]
[4096,-1536,-64,125,-4,-6,1]
[15625,-1250,146,-10,1]
[4096,-768,80,61,5,-3,1]
[4096,-1792,528,-129,33,-7,1]
[4096,1024,384,41,24,4,1]
[6561,0,-73,0,1]
[4096,-256,128,11,8,-1,1]
[729,324,108,28,12,4,1]
[729,-243,0,8,0,-3,1]
[256,128,-16,28,37,7,-1,2,1]
[2401,343,32,7,1]
[256,-384,368,-236,131,-59,23,-6,1]
[729,567,324,127,36,7,1]
[4096,512,640,63,40,2,1]
[512,-320,136,-61,17,-5,1]
[512,128,72,9,9,2,1]
[512,-128,56,1,7,-2,1]
[4096,-1280,144,-1,9,-5,1]
[4096,1536,-128,-133,-8,6,1]
[4096,-1024,496,-95,31,-4,1]
[4096,-1024,208,-15,13,-4,1]
[256,0,-48,12,11,3,-3,0,1]
[14641,363,24,3,1]
[4096,-2304,800,-205,50,-9,1]
[256,-64,48,-8,25,-2,3,-1,1]
[4096,-896,149,-14,1]
[256,-384,304,-156,75,-39,19,-6,1]
[6561,-81,19,-1,1]
[4096,-512,192,-21,12,-2,1]
[4096,1792,448,93,28,7,1]
[4096,1024,480,127,30,4,1]
[729,243,45,-10,5,3,1]
[4096,768,592,67,37,3,1]
[4096,-768,352,-111,22,-3,1]
[4096,-1280,320,-105,20,-5,1]
[256,192,96,44,31,11,6,3,1]
[15625,0,-126,0,1]
[512,0,8,41,1,0,1]
[4096,1792,544,139,34,7,1]
[256,0,32,-24,17,-6,2,0,1]
[256,0,32,16,-7,4,2,0,1]
[14641,1452,150,12,1]
[256,64,48,12,21,3,3,1,1]
[4096,128,-57,2,1]
[4096,-1024,48,-23,3,-4,1]
[4096,0,304,-21,19,0,1]
[256,-256,96,20,-27,5,6,-4,1]
[4096,-1536,-208,181,-13,-6,1]
[729,-324,83,-12,1]
[256,-64,160,-48,49,-12,10,-1,1]
[512,512,256,95,32,8,1]
[256,-64,16,8,3,2,1,-1,1]
[256,64,48,-28,-11,-7,3,1,1]
[4096,448,17,7,1]
[4096,1024,384,77,24,4,1]
[4096,-2048,400,-49,25,-8,1]
[4096,-768,32,7,2,-3,1]
[4096,256,64,-93,4,1,1]
[4096,0,208,-23,13,0,1]
[4096,-2304,128,97,8,-9,1]
[512,0,16,19,2,0,1]
[16384,3072,315,24,1]
[15625,-625,29,-5,1]
[625,100,28,4,1]
[15625,1500,128,12,1]
[4096,1536,528,131,33,6,1]
[256,256,160,96,51,24,10,4,1]
[4096,512,-16,-99,-1,2,1]
[4096,768,752,93,47,3,1]
[4096,1280,288,31,18,5,1]
[4096,-768,-96,23,-6,-3,1]
[512,-64,-40,31,-5,-1,1]
[4096,-1536,80,31,5,-6,1]
[6561,486,-35,6,1]
[256,-64,-96,8,29,2,-6,-1,1]
[256,-320,304,-212,121,-53,19,-5,1]
[4096,-576,41,-9,1]
[729,162,-18,-26,-2,2,1]
[512,0,64,-7,8,0,1]
[14641,242,-56,2,1]
[14641,1815,150,15,1]
[4096,-1536,288,-39,18,-6,1]
[256,-64,0,24,-7,6,0,-1,1]
[16384,1792,73,14,1]
[16384,0,213,0,1]
[4096,-1024,432,-65,27,-4,1]
[6561,2511,398,31,1]
[16384,-768,113,-6,1]
[4096,-1536,368,-103,23,-6,1]
[256,-64,96,-24,23,-6,6,-1,1]
[729,405,261,82,29,5,1]
[15625,-375,27,-3,1]
[4096,-1280,432,-115,27,-5,1]
[14641,-1452,35,-12,1]
[4096,1024,352,67,22,4,1]
[4096,-2304,752,-179,47,-9,1]
[4096,2560,1008,277,63,10,1]
[4096,1280,208,-13,13,5,1]
[729,-162,126,-22,14,-2,1]
[2401,-539,57,-11,1]
[4096,512,432,83,27,2,1]
[256,128,-48,12,39,3,-3,2,1]
[256,128,48,0,-5,0,3,2,1]
[729,-243,144,-50,16,-3,1]
[2401,196,-6,4,1]
[256,-64,0,-12,31,-3,0,-1,1]
[14641,605,86,5,1]
[4096,1024,0,-69,0,4,1]
[256,64,32,-32,-21,-8,2,1,1]
[4096,-1280,64,35,4,-5,1]
[4096,-768,64,-7,4,-3,1]
[512,-384,168,-59,21,-6,1]
[4096,1024,-224,-141,-14,4,1]
[16384,-2816,305,-22,1]
[512,384,232,89,29,6,1]
[4096,1024,336,79,21,4,1]
[4096,512,-80,-67,-5,2,1]
[16384,1792,95,14,1]
[4096,-2048,816,-225,51,-8,1]
[729,-189,40,-7,1]
[14641,2783,267,23,1]
[4096,-256,-16,19,-1,-1,1]
[4096,-256,336,-53,21,-1,1]
[14641,0,31,0,1]
[16384,2432,213,19,1]
[4096,1024,-224,-115,-14,4,1]
[512,0,24,-27,3,0,1]
[729,-405,18,31,2,-5,1]
[4096,-512,-16,77,-1,-2,1]
[729,243,216,44,24,3,1]
[4096,1280,400,121,25,5,1]
[15625,-1250,76,-10,1]
[14641,3509,437,29,1]
[4096,-512,192,-107,12,-2,1]
[4096,1280,416,93,26,5,1]
[4096,640,55,10,1]
[16384,-1920,245,-15,1]
[4096,2048,864,239,54,8,1]
[4096,-1536,624,-155,39,-6,1]
[4096,1536,656,181,41,6,1]
[729,-81,9,-1,1,-1,1]
[4096,512,176,123,11,2,1]
[14641,605,-60,5,1]
[729,0,99,-5,11,0,1]
[4096,-512,272,-67,17,-2,1]
[256,-384,384,-272,153,-68,24,-6,1]
[729,-81,-9,-16,-1,-1,1]
[256,192,96,64,41,16,6,3,1]
[4096,-1536,720,-155,45,-6,1]
[15625,-1375,222,-11,1]
[6561,162,85,2,1]
[4096,-1280,368,-37,23,-5,1]
[256,-64,32,-4,-11,-1,2,-1,1]
[6561,-162,29,-2,1]
[4096,-1792,656,-209,41,-7,1]
[256,-192,112,-52,23,-13,7,-3,1]
[14641,605,246,5,1]
[4096,768,432,89,27,3,1]
[729,-162,198,-32,22,-2,1]
[14641,-1694,241,-14,1]
[4096,1792,640,137,40,7,1]
[16384,-1920,91,-15,1]
[15625,-1000,66,-8,1]
[256,-256,224,-148,83,-37,14,-4,1]
[625,-150,21,-6,1]
[2401,98,-39,2,1]
[256,256,128,32,3,8,8,4,1]
[512,128,-40,-29,-5,2,1]
[4096,-768,-16,57,-1,-3,1]
[4096,-2048,816,-205,51,-8,1]
[4096,512,384,75,24,2,1]
[1024,-96,27,-3,1]
[4096,2048,784,237,49,8,1]
[256,-192,208,-100,69,-25,13,-3,1]
[4096,1024,144,31,9,4,1]
[14641,-847,-5,-7,1]
[4096,768,304,-1,19,3,1]
[15625,-2250,178,-18,1]
[16384,0,-169,0,1]
[729,27,-35,1,1]
[512,320,224,77,28,5,1]
[729,81,90,1,10,1,1]
[14641,-1452,109,-12,1]
[729,243,-27,-19,-3,3,1]
[14641,-847,195,-7,1]
[16384,128,149,1,1]
[4096,2048,592,155,37,8,1]
[15625,1875,157,15,1]
[256,-64,0,12,-19,3,0,-1,1]
[625,100,1,4,1]
[4096,-1536,544,-155,34,-6,1]
[256,-128,128,-48,35,-12,8,-2,1]
[256,128,35,8,1]
[256,-128,64,-16,19,-4,4,-2,1]
[4096,-512,128,-85,8,-2,1]
[6561,1377,166,17,1]
[4096,-512,64,-75,4,-2,1]
[4096,-1024,480,-129,30,-4,1]
[256,64,0,-24,3,-6,0,1,1]
[256,-128,32,24,-15,6,2,-2,1]
[1024,-160,37,-5,1]
[512,-64,-24,9,-3,-1,1]
[4096,-640,143,-10,1]
[4096,768,256,73,16,3,1]
[4096,-3072,1424,-423,89,-12,1]
[4096,-1536,592,-183,37,-6,1]
[4096,1024,-16,-63,-1,4,1]
[4096,-256,32,-29,2,-1,1]
[256,-128,80,-56,35,-14,5,-2,1]
[4096,2048,688,159,43,8,1]
[256,0,96,-8,31,-2,6,0,1]
[729,-162,18,14,2,-2,1]
[4096,-2560,1024,-293,64,-10,1]
[512,0,-40,13,-5,0,1]
[14641,-3751,456,-31,1]
[512,192,136,49,17,3,1]
[4096,768,-80,-113,-5,3,1]
[729,81,63,38,7,1,1]
[14641,242,-16,2,1]
[4096,1792,512,97,32,7,1]
[14641,605,-26,5,1]
[729,-243,27,22,3,-3,1]
[15625,375,26,3,1]
[256,128,0,-32,-23,-8,0,2,1]
[729,-243,-63,61,-7,-3,1]
[15625,-250,169,-2,1]
[256,128,48,-20,-21,-5,3,2,1]
[256,-64,80,4,17,1,5,-1,1]
[256,128,64,0,9,0,4,2,1]
[4096,-256,0,81,0,-1,1]
[4096,256,-192,-49,-12,1,1]
[4096,-1792,272,-15,17,-7,1]
[14641,605,192,5,1]
[4096,1280,192,17,12,5,1]
[15625,3125,371,25,1]
[4096,-256,272,-31,17,-1,1]
[14641,-1452,186,-12,1]
[4096,-768,32,-29,2,-3,1]
[16384,-2304,173,-18,1]
[729,0,144,2,16,0,1]
[729,243,108,19,12,3,1]
[15625,125,193,1,1]
[4096,-1536,-176,153,-11,-6,1]
[4096,-512,496,-63,31,-2,1]
[4096,512,-16,3,-1,2,1]
[729,-81,-18,38,-2,-1,1]
[256,-128,128,-32,31,-8,8,-2,1]
[256,128,48,-36,-19,-9,3,2,1]
[15625,-2125,197,-17,1]
[729,0,45,-26,5,0,1]
[6561,-81,137,-1,1]
[15625,-875,43,-7,1]
[256,128,48,4,13,1,3,2,1]
[256,0,96,24,19,6,6,0,1]
[4096,1792,672,193,42,7,1]
[15625,1750,246,14,1]
[4096,2048,640,163,40,8,1]
[512,64,0,21,0,1,1]
[256,-128,80,12,-7,3,5,-2,1]
[4096,0,-160,-19,-10,0,1]
[4096,1536,80,-31,5,6,1]
[4096,0,0,19,0,0,1]
[15625,-375,44,-3,1]
[256,-384,272,-140,69,-35,17,-6,1]
[4096,-768,48,-13,3,-3,1]
[729,-243,-63,43,-7,-3,1]
[4096,0,16,9,1,0,1]
[2401,-1078,211,-22,1]
[4096,1280,192,33,12,5,1]
[4096,256,-32,59,-2,1,1]
[4096,1024,-144,-121,-9,4,1]
[256,64,48,12,15,3,3,1,1]
[256,-320,208,-132,79,-33,13,-5,1]
[4096,-256,16,-17,1,-1,1]
[729,162,117,19,13,2,1]
[4096,0,0,-27,0,0,1]
[6561,1053,103,13,1]
[729,324,-27,-37,-3,4,1]
[16384,2304,305,18,1]
[6561,2349,362,29,1]
[729,-405,27,25,3,-5,1]
[4096,-1024,240,-57,15,-4,1]
[14641,1210,188,10,1]
[16384,-256,-73,-2,1]
[256,128,-48,-16,9,-4,-3,2,1]
[4096,576,45,9,1]
[4096,512,432,55,27,2,1]
[729,243,63,32,7,3,1]
[4096,-576,145,-9,1]
[4096,-768,320,-63,20,-3,1]
[4096,768,320,73,20,3,1]
[15625,-1000,254,-8,1]
[15625,-750,91,-6,1]
[14641,-363,183,-3,1]
[4096,1536,192,25,12,6,1]
[256,-128,48,-28,23,-7,3,-2,1]
[4096,512,-208,-75,-13,2,1]
[14641,242,-102,2,1]
[4096,0,123,0,1]
[256,192,48,-48,-41,-12,3,3,1]
[4096,768,-64,-91,-4,3,1]
[14641,-2057,157,-17,1]
[256,-64,16,28,-27,7,1,-1,1]
[14641,-1452,213,-12,1]
[4096,256,-32,-105,-2,1,1]
[16384,-128,53,-1,1]
[15625,2500,262,20,1]
[6561,648,56,8,1]
[4096,512,-112,-99,-7,2,1]
[4096,768,624,73,39,3,1]
[4096,-192,-21,-3,1]
[14641,726,-85,6,1]
[256,-192,112,-64,39,-16,7,-3,1]
[16384,-1408,23,-11,1]
[729,108,29,4,1]
[4096,512,96,31,6,2,1]
[14641,-121,-78,-1,1]
[14641,-121,-4,-1,1]
[4096,-768,-80,75,-5,-3,1]
[2401,-49,-74,-1,1]
[16384,-2048,251,-16,1]
[729,-243,171,-34,19,-3,1]
[4096,512,176,73,11,2,1]
[256,-320,176,-44,5,-11,11,-5,1]
[4096,-2048,704,-173,44,-8,1]
[256,-128,112,-52,39,-13,7,-2,1]
[256,-192,32,36,-23,9,2,-3,1]
[6561,405,7,5,1]
[4096,-256,-32,79,-2,-1,1]
[14641,-242,-195,-2,1]
[4096,768,-112,-47,-7,3,1]
[4096,-1792,784,-179,49,-7,1]
[4096,256,608,19,38,1,1]
[14641,605,25,5,1]
[2401,539,57,11,1]
[4096,-1280,272,-103,17,-5,1]
[16384,2816,313,22,1]
[729,-243,36,10,4,-3,1]
[256,0,128,-20,33,-5,8,0,1]
[4096,256,-208,-47,-13,1,1]
[256,64,-48,-8,15,-2,-3,1,1]
[4096,768,80,59,5,3,1]
[4096,1536,640,129,40,6,1]
[512,-128,48,-21,6,-2,1]
[14641,484,85,4,1]
[729,324,18,-25,2,4,1]
[4096,-1024,64,13,4,-4,1]
[15625,-125,97,-1,1]
[729,-81,126,-16,14,-1,1]
[4096,1280,576,137,36,5,1]
[4096,1536,144,-25,9,6,1]
[4096,-1024,208,-99,13,-4,1]
[2401,-539,74,-11,1]
[6561,405,-70,5,1]
[729,-27,20,-1,1]
[16384,-1536,291,-12,1]
[256,128,80,8,5,2,5,2,1]
[4096,512,112,49,7,2,1]
[729,648,369,149,41,8,1]
[256,-64,-48,12,7,3,-3,-1,1]
[4096,-1024,-176,109,-11,-4,1]
[14641,0,91,0,1]
[729,-324,126,-22,14,-4,1]
[729,324,162,38,18,4,1]
[4096,-1280,-144,117,-9,-5,1]
[4096,-768,-208,109,-13,-3,1]
[16384,1664,103,13,1]
[729,324,117,17,13,4,1]
[16384,-640,113,-5,1]
[15625,-2000,236,-16,1]
[729,162,108,5,12,2,1]
[4096,1024,320,45,20,4,1]
[256,0,16,-4,1,-1,1,0,1]
[4096,1280,80,-15,5,5,1]
[256,64,80,24,25,6,5,1,1]
[4096,256,592,23,37,1,1]
[14641,-242,-6,-2,1]
[256,0,-80,4,35,1,-5,0,1]
[256,192,208,112,71,28,13,3,1]
[6561,324,134,4,1]
[16384,2944,339,23,1]
[2401,784,150,16,1]
[6561,-486,-17,-6,1]
[4096,768,400,51,25,3,1]
[6561,1296,167,16,1]
[729,-729,351,-125,39,-9,1]
[14641,-726,-25,-6,1]
[256,-64,144,-28,41,-7,9,-1,1]
[256,0,80,40,13,10,5,0,1]
[14641,847,166,7,1]
[256,-384,304,-212,125,-53,19,-6,1]
[4096,256,96,61,6,1,1]
[256,0,16,8,-7,2,1,0,1]
[16384,1024,137,8,1]
[256,192,160,100,61,25,10,3,1]
[81,-27,16,-3,1]
[4096,256,-64,23,-4,1,1]
[4096,320,11,5,1]
[4096,-256,16,-77,1,-1,1]
[256,-64,0,-8,-7,-2,0,-1,1]
[4096,-1024,272,-39,17,-4,1]
[729,-162,126,-37,14,-2,1]
[512,128,144,23,18,2,1]
[14641,-121,147,-1,1]
[16384,2304,179,18,1]
[14641,-2178,261,-18,1]
[14641,2057,169,17,1]
[16384,-1152,151,-9,1]
[6561,1215,170,15,1]
[4096,-1024,576,-99,36,-4,1]
[256,256,128,44,13,11,8,4,1]
[14641,2662,343,22,1]
[6561,1863,292,23,1]
[4096,256,176,47,11,1,1]
[4096,-512,224,-83,14,-2,1]
[4096,-256,560,-11,35,-1,1]
[14641,-484,178,-4,1]
[4096,-1792,464,-107,29,-7,1]
[625,-25,37,-1,1]
[64,-16,32,-5,8,-1,1]
[729,405,153,52,17,5,1]
[4096,768,272,47,17,3,1]
[4096,1024,272,57,17,4,1]
[4096,1024,192,17,12,4,1]
[4096,-1280,-16,75,-1,-5,1]
[729,567,306,125,34,7,1]
[4096,768,288,123,18,3,1]
[14641,-968,75,-8,1]
[15625,0,-229,0,1]
[4096,768,-112,-91,-7,3,1]
[4096,1536,864,187,54,6,1]
[256,64,32,-4,9,-1,2,1,1]
[4096,512,528,73,33,2,1]
[1024,0,25,0,1]
[4096,-768,512,-61,32,-3,1]
[2401,343,19,7,1]
[2401,196,-40,4,1]
[4096,0,368,-5,23,0,1]
[14641,-1573,216,-13,1]
[512,-192,120,-31,15,-3,1]
[4096,-1024,112,33,7,-4,1]
[4096,0,160,43,10,0,1]
[4096,-1536,576,-145,36,-6,1]
[4096,-256,16,-47,1,-1,1]
[4096,2048,800,235,50,8,1]
[14641,1573,213,13,1]
[4096,-512,560,-63,35,-2,1]
[256,0,-96,4,23,1,-6,0,1]
[512,-64,40,-27,5,-1,1]
[4096,128,91,2,1]
[4096,-256,-16,85,-1,-1,1]
[4096,-768,256,-61,16,-3,1]
[4096,768,464,75,29,3,1]
[4096,1536,576,153,36,6,1]
[256,192,48,-28,-23,-7,3,3,1]
[2401,784,138,16,1]
[625,-200,54,-8,1]
[4096,-1280,112,-19,7,-5,1]
[4096,-768,304,-91,19,-3,1]
[256,320,192,68,21,17,12,5,1]
[4096,0,0,57,0,0,1]
[256,128,0,-24,-17,-6,0,2,1]
[256,-192,192,-112,67,-28,12,-3,1]
[4096,1792,416,57,26,7,1]
[512,-512,280,-109,35,-8,1]
[729,-162,171,-23,19,-2,1]
[4096,-1024,464,-137,29,-4,1]
[81,18,11,2,1]
[14641,-847,91,-7,1]
[14641,605,185,5,1]
[4096,-512,-48,5,-3,-2,1]
[256,64,-16,-4,-5,-1,-1,1,1]
[512,0,-16,11,-2,0,1]
[14641,363,211,3,1]
[256,-128,-16,-4,17,-1,-1,-2,1]
[4096,-256,-112,-25,-7,-1,1]
[512,0,112,-3,14,0,1]
[256,-128,176,-96,57,-24,11,-2,1]
[15625,1375,47,11,1]
[512,256,-56,-63,-7,4,1]
[14641,847,45,7,1]
[729,0,-7,0,1]
[15625,-125,-169,-1,1]
[256,-256,112,-56,35,-14,7,-4,1]
[81,-9,14,-1,1]
[729,-162,9,7,1,-2,1]
[4096,-512,192,-43,12,-2,1]
[4096,-512,-48,71,-3,-2,1]
[729,648,360,145,40,8,1]
[256,0,32,0,-13,0,2,0,1]
[729,243,27,14,3,3,1]
[4096,0,112,-13,7,0,1]
[4096,768,112,39,7,3,1]
[256,-256,112,-8,-9,-2,7,-4,1]
[256,256,272,168,101,42,17,4,1]
[256,0,32,32,1,8,2,0,1]
[4096,64,69,1,1]
[4096,-2048,928,-235,58,-8,1]
[4096,-1280,80,15,5,-5,1]
[256,128,48,0,-11,0,3,2,1]
[2401,98,57,2,1]
[14641,-726,250,-6,1]
[16384,384,3,3,1]
[4096,768,176,103,11,3,1]
[256,64,48,-8,11,-2,3,1,1]
[256,-64,16,-16,9,-4,1,-1,1]
[256,-128,48,8,-13,2,3,-2,1]
[512,384,192,69,24,6,1]
[4096,1280,784,159,49,5,1]
[729,-243,-63,55,-7,-3,1]
[2401,-343,108,-7,1]
[256,128,0,8,19,2,0,2,1]
[4096,-768,224,-119,14,-3,1]
[256,80,31,5,1]
[6561,1296,143,16,1]
[729,405,153,35,17,5,1]
[4096,-768,400,-31,25,-3,1]
[4096,-1024,304,-49,19,-4,1]
[6561,1620,248,20,1]
[4096,1792,608,185,38,7,1]
[256,-64,80,-60,11,-15,5,-1,1]
[14641,-484,-151,-4,1]
[512,-192,96,-35,12,-3,1]
[4096,-512,128,33,8,-2,1]
[4096,1024,112,-31,7,4,1]
[4096,-512,464,-67,29,-2,1]
[6561,486,136,6,1]
[4096,-256,-80,-1,-5,-1,1]
[14641,1936,269,16,1]
[15625,-1250,31,-10,1]
[2401,-686,132,-14,1]
[4096,-2304,864,-229,54,-9,1]
[512,256,-32,-43,-4,4,1]
[4096,512,208,-35,13,2,1]
[4096,-768,320,-37,20,-3,1]
[4096,-2560,928,-261,58,-10,1]
[256,0,48,-8,23,-2,3,0,1]
[14641,-121,-31,-1,1]
[4096,1024,304,43,19,4,1]
[512,0,40,-23,5,0,1]
[512,0,48,15,6,0,1]
[4096,-256,480,-41,30,-1,1]
[4096,-256,512,-27,32,-1,1]
[15625,-1375,23,-11,1]
[256,128,112,72,35,18,7,2,1]
[4096,256,96,-63,6,1,1]
[4096,512,240,69,15,2,1]
[512,-320,-56,75,-7,-5,1]
[4096,-768,144,-49,9,-3,1]
[15625,500,83,4,1]
[15625,1750,268,14,1]
[4096,1792,624,199,39,7,1]
[729,0,171,-1,19,0,1]
[4096,1792,256,7,16,7,1]
[256,-320,288,-196,103,-49,18,-5,1]
[14641,-968,116,-8,1]
[4096,-512,16,71,1,-2,1]
[256,-192,48,28,-31,7,3,-3,1]
[4096,-2560,1088,-295,68,-10,1]
[256,192,64,-36,-29,-9,4,3,1]
[4096,-2048,-64,161,-4,-8,1]
[15625,500,-97,4,1]
[15625,1750,156,14,1]
[4096,0,320,-27,20,0,1]
[1024,128,-13,4,1]
[512,192,104,41,13,3,1]
[6561,-486,-52,-6,1]
[4096,-256,-80,-55,-5,-1,1]
[4096,-512,256,-63,16,-2,1]
[4096,-1792,288,-11,18,-7,1]
[16384,0,161,0,1]
[4096,-768,64,-3,4,-3,1]
[14641,-1210,124,-10,1]
[512,128,96,25,12,2,1]
[729,162,9,-1,1,2,1]
[4096,2304,944,279,59,9,1]
[4096,64,-43,1,1]
[14641,1936,138,16,1]
[16384,256,87,2,1]
[4096,256,16,3,1,1,1]
[625,-150,14,-6,1]
[4096,-768,480,-101,30,-3,1]
[4096,-256,288,-9,18,-1,1]
[14641,1694,236,14,1]
[256,0,32,-32,7,-8,2,0,1]
[2401,-1127,228,-23,1]
[256,128,32,-16,-21,-4,2,2,1]
[16384,2048,213,16,1]
[14641,-726,81,-6,1]
[16384,-1920,193,-15,1]
[4096,512,560,65,35,2,1]
[4096,-1280,416,-67,26,-5,1]
[14641,-121,-100,-1,1]
[256,128,112,44,25,11,7,2,1]
[512,128,72,7,9,2,1]
[4096,256,432,19,27,1,1]
[4096,1280,-144,-135,-9,5,1]
[4096,3584,1680,519,105,14,1]
[6561,-729,77,-9,1]
[729,-243,126,-17,14,-3,1]
[4096,512,-208,-53,-13,2,1]
[4096,-1792,512,-155,32,-7,1]
[15625,1250,148,10,1]
[4096,1536,560,109,35,6,1]
[15625,-1125,-18,-9,1]
[4096,-1280,384,-101,24,-5,1]
[729,243,45,-5,5,3,1]
[4096,256,32,45,2,1,1]
[2401,1029,206,21,1]
[16384,-640,77,-5,1]
[16384,-1280,277,-10,1]
[15625,3000,393,24,1]
[4096,-768,48,27,3,-3,1]
[256,128,48,4,-3,1,3,2,1]
[16384,-512,-149,-4,1]
[16384,-2304,231,-18,1]
[4096,-2560,640,-123,40,-10,1]
[256,64,80,48,21,12,5,1,1]
[729,-405,180,-56,20,-5,1]
[4096,1792,416,67,26,7,1]
[4096,-256,-48,-17,-3,-1,1]
[2401,245,-22,5,1]
[512,-128,-40,29,-5,-2,1]
[15625,1875,177,15,1]
[256,-64,-32,12,15,3,-2,-1,1]
[4096,1536,480,97,30,6,1]
[4096,768,-64,-93,-4,3,1]
[4096,-256,496,-33,31,-1,1]
[4096,768,592,75,37,3,1]
[4096,-1536,576,-125,36,-6,1]
[4096,768,96,75,6,3,1]
[4096,512,448,39,28,2,1]
[729,243,99,46,11,3,1]
[14641,-3509,437,-29,1]
[15625,-375,109,-3,1]
[15625,-250,103,-2,1]
[4096,1024,224,29,14,4,1]
[14641,2904,371,24,1]
[1024,224,61,7,1]
[4096,-256,112,65,7,-1,1]
[256,-64,80,20,9,5,5,-1,1]
[4096,-2304,848,-235,53,-9,1]
[729,0,81,22,9,0,1]
[4096,192,71,3,1]
[6561,-405,128,-5,1]
[4096,1280,608,163,38,5,1]
[15625,-3250,402,-26,1]
[256,-128,0,36,-15,9,0,-2,1]
[14641,-121,225,-1,1]
[256,-256,160,-60,23,-15,10,-4,1]
[4096,-192,107,-3,1]
[512,192,136,27,17,3,1]
[4096,1536,368,81,23,6,1]
[15625,-2000,256,-16,1]
[2401,1029,200,21,1]
[256,448,464,348,199,87,29,7,1]
[512,-64,96,-21,12,-1,1]
[16384,-2048,277,-16,1]
[4096,1024,704,115,44,4,1]
[4096,3328,1600,477,100,13,1]
[15625,1500,62,12,1]
[256,256,272,176,105,44,17,4,1]
[15625,0,-241,0,1]
[15625,-125,-184,-1,1]
[4096,1280,0,-77,0,5,1]
[4096,256,64,57,4,1,1]
[2401,-98,88,-2,1]
[2401,-735,121,-15,1]
[6561,405,122,5,1]
[256,-48,3,-3,1]
[256,64,80,12,23,3,5,1,1]
[4096,0,272,45,17,0,1]
[729,0,72,19,8,0,1]
[15625,2125,214,17,1]
[4096,-2048,576,-145,36,-8,1]
[4096,-768,128,-19,8,-3,1]
[256,-64,32,24,-21,6,2,-1,1]
[6561,0,-40,0,1]
[4096,2816,1216,361,76,11,1]
[4096,1024,-224,-127,-14,4,1]
[4096,-768,32,3,2,-3,1]
[14641,2178,320,18,1]
[4096,512,-96,-131,-6,2,1]
[256,0,64,-40,11,-10,4,0,1]
[16384,-1152,1,-9,1]
[729,189,55,7,1]
[729,81,27,40,3,1,1]
[256,64,16,16,-3,4,1,1,1]
[2401,147,13,3,1]
[6561,1377,202,17,1]
[14641,0,-61,0,1]
[256,64,16,-24,-27,-6,1,1,1]
[4096,768,368,35,23,3,1]
[512,-64,24,-43,3,-1,1]
[15625,500,132,4,1]
[81,18,5,2,1]
[14641,2783,320,23,1]
[512,-320,128,-51,16,-5,1]
[4096,-768,592,-93,37,-3,1]
[4096,-256,272,-57,17,-1,1]
[4096,1536,0,-89,0,6,1]
[4096,-768,272,7,17,-3,1]
[729,324,225,58,25,4,1]
[4096,1280,16,-71,1,5,1]
[512,-256,112,-29,14,-4,1]
[4096,1792,112,-59,7,7,1]
[256,-256,208,-128,69,-32,13,-4,1]
[4096,1280,496,131,31,5,1]
[256,64,48,-12,5,-3,3,1,1]
[729,27,-43,1,1]
[4096,256,384,13,24,1,1]
[512,-384,248,-97,31,-6,1]
[14641,-242,207,-2,1]
[4096,256,48,47,3,1,1]
[4096,-768,368,-35,23,-3,1]
[256,-64,-48,-16,29,-4,-3,-1,1]
[6561,1134,194,14,1]
[4096,-1024,-80,59,-5,-4,1]
[4096,2560,1040,283,65,10,1]
[4096,-256,384,-65,24,-1,1]
[4096,-1280,272,-35,17,-5,1]
[4096,-1536,144,29,9,-6,1]
[4096,-1536,736,-167,46,-6,1]
[729,0,180,1,20,0,1]
[4096,768,-128,-91,-8,3,1]
[4096,-256,-48,23,-3,-1,1]
[4096,-1280,0,91,0,-5,1]
[4096,-1536,464,-133,29,-6,1]
[14641,-363,95,-3,1]
[4096,-1024,-112,111,-7,-4,1]
[4096,-2816,1328,-385,83,-11,1]
[256,-64,16,16,7,4,1,-1,1]
[6561,-405,-46,-5,1]
[4096,1536,96,-41,6,6,1]
[256,-128,224,-84,81,-21,14,-2,1]
[1024,-64,61,-2,1]
[16384,-2176,227,-17,1]
[512,-128,104,-27,13,-2,1]
[4096,-1024,720,-125,45,-4,1]
[729,243,54,20,6,3,1]
[1024,96,31,3,1]
[6561,405,89,5,1]
[4096,2304,784,207,49,9,1]
[4096,-1280,576,-149,36,-5,1]
[729,0,-36,-5,-4,0,1]
[14641,-121,-190,-1,1]
[4096,-1024,336,-29,21,-4,1]
[4096,0,-16,53,-1,0,1]
[4096,768,192,115,12,3,1]
[4096,768,224,-7,14,3,1]
[4096,-2048,752,-219,47,-8,1]
[4096,256,-112,-39,-7,1,1]
[4096,-256,304,-79,19,-1,1]
[256,64,-32,16,29,4,-2,1,1]
[15625,-250,-107,-2,1]
[4096,-256,256,-69,16,-1,1]
[256,192,160,68,39,17,10,3,1]
[14641,121,206,1,1]
[4096,1024,288,127,18,4,1]
[729,162,-63,-26,-7,2,1]
[256,-128,48,-40,33,-10,3,-2,1]
[4096,-1280,256,-25,16,-5,1]
[4096,1792,944,227,59,7,1]
[4096,-2048,880,-241,55,-8,1]
[15625,1750,249,14,1]
[729,486,243,89,27,6,1]
[4096,768,0,-55,0,3,1]
[4096,1024,-144,-123,-9,4,1]
[512,256,136,41,17,4,1]
[14641,968,115,8,1]
[256,0,64,-16,5,-4,4,0,1]
[256,16,-5,1,1]
[4096,768,400,97,25,3,1]
[4096,2048,672,201,42,8,1]
[4096,-512,-160,59,-10,-2,1]
[15625,-500,181,-4,1]
[15625,2125,183,17,1]
[4096,-1024,112,-27,7,-4,1]
[4096,-768,352,-29,22,-3,1]
[4096,0,384,-25,24,0,1]
[256,-128,16,44,-25,11,1,-2,1]
[729,-648,333,-130,37,-8,1]
[4096,1024,48,-63,3,4,1]
[256,-192,32,44,-31,11,2,-3,1]
[512,64,-48,-13,-6,1,1]
[4096,-768,80,15,5,-3,1]
[15625,-1625,231,-13,1]
[256,0,-192,0,67,0,-12,0,1]
[4096,-256,-32,-3,-2,-1,1]
[729,-162,63,-35,7,-2,1]
[4096,-1792,368,-69,23,-7,1]
[15625,-625,-67,-5,1]
[4096,-2304,848,-243,53,-9,1]
[4096,-2048,544,-137,34,-8,1]
[16384,128,229,1,1]
[16384,-256,125,-2,1]
[4096,-1728,305,-27,1]
[4096,1280,208,37,13,5,1]
[2401,98,-48,2,1]
[16384,-2176,315,-17,1]
[16384,1024,247,8,1]
[256,0,48,44,7,11,3,0,1]
[15625,-625,102,-5,1]
[256,128,96,40,19,10,6,2,1]
[4096,256,-48,11,-3,1,1]
[729,-243,9,-2,1,-3,1]
[4096,0,160,87,10,0,1]
[256,0,0,-28,1,-7,0,0,1]
[16384,128,89,1,1]
[256,-320,336,-232,135,-58,21,-5,1]
[15625,-3750,472,-30,1]
[729,-648,324,-121,36,-8,1]
[4096,512,64,-7,4,2,1]
[14641,-484,189,-4,1]
[256,-320,240,-144,79,-36,15,-5,1]
[4096,256,368,39,23,1,1]
[4096,-512,416,-13,26,-2,1]
[4096,-512,176,-69,11,-2,1]
[729,-81,36,11,4,-1,1]
[6561,-1620,235,-20,1]
[1024,-128,27,-4,1]
[4096,-1536,-16,83,-1,-6,1]
[4096,1536,656,183,41,6,1]
[729,81,45,4,5,1,1]
[16384,896,-45,7,1]
[16384,-2944,377,-23,1]
[256,-128,64,-28,19,-7,4,-2,1]
[512,0,8,-33,1,0,1]
[14641,-2541,307,-21,1]
[4096,-256,-32,-69,-2,-1,1]
[256,192,48,-44,-37,-11,3,3,1]
[4096,512,16,-9,1,2,1]
[4096,-1792,560,-155,35,-7,1]
[4096,768,288,-3,18,3,1]
[256,64,-32,0,17,0,-2,1,1]
[4096,1280,688,125,43,5,1]
[512,-64,48,17,6,-1,1]
[2401,392,72,8,1]
[14641,-726,-100,-6,1]
[256,0,64,-48,5,-12,4,0,1]
[4096,0,176,59,11,0,1]
[14641,-2420,208,-20,1]
[6561,891,100,11,1]
[15625,-125,99,-1,1]
[15625,750,219,6,1]
[14641,-2783,371,-23,1]
[14641,-1936,241,-16,1]
[4096,384,135,6,1]
[729,-162,-9,26,-1,-2,1]
[14641,-2178,313,-18,1]
[4096,0,608,-7,38,0,1]
[4096,64,-91,1,1]
[14641,1089,69,9,1]
[4096,-1024,496,-109,31,-4,1]
[14641,-1573,80,-13,1]
[4096,-1536,384,-83,24,-6,1]
[16384,2304,285,18,1]
[15625,375,71,3,1]
[4096,-1024,-240,131,-15,-4,1]
[14641,726,138,6,1]
[15625,2500,298,20,1]
[15625,-875,87,-7,1]
[4096,1536,544,127,34,6,1]
[729,0,25,0,1]
[4096,64,-25,1,1]
[15625,1625,271,13,1]
[4096,256,192,5,12,1,1]
[6561,405,124,5,1]
[4096,-512,0,97,0,-2,1]
[4096,4352,2224,693,139,17,1]
[4096,1024,256,7,16,4,1]
[4096,-256,64,-51,4,-1,1]
[4096,2816,1104,325,69,11,1]
[729,-162,81,2,9,-2,1]
[256,64,32,-24,-11,-6,2,1,1]
[4096,-512,-192,75,-12,-2,1]
[4096,768,624,83,39,3,1]
[6561,-324,10,-4,1]
[256,128,64,32,9,8,4,2,1]
[4096,0,112,-91,7,0,1]
[4096,-768,-176,107,-11,-3,1]
[4096,-512,96,-65,6,-2,1]
[4096,-1024,400,-43,25,-4,1]
[256,-192,160,-80,49,-20,10,-3,1]
[4096,0,-32,21,-2,0,1]
[256,-64,64,-16,15,-4,4,-1,1]
[4096,512,224,-9,14,2,1]
[4096,-1280,624,-129,39,-5,1]
[729,324,162,53,18,4,1]
[729,-162,-45,50,-5,-2,1]
[4096,512,0,49,0,2,1]
[4096,1792,880,225,55,7,1]
[4096,-512,-64,93,-4,-2,1]
[14641,121,-23,1,1]
[15625,2625,342,21,1]
[16384,-128,-21,-1,1]
[4096,-512,-112,97,-7,-2,1]
[4096,-1024,320,-27,20,-4,1]
[4096,1024,16,-11,1,4,1]
[4096,2048,768,223,48,8,1]
[256,256,240,128,75,32,15,4,1]
[15625,-1125,247,-9,1]
[4096,-1536,592,-181,37,-6,1]
[15625,-1250,266,-10,1]
[4096,-768,384,-111,24,-3,1]
[256,-256,240,-156,85,-39,15,-4,1]
[14641,-2541,302,-21,1]
[4096,-256,96,-119,6,-1,1]
[4096,256,48,67,3,1,1]
[4096,512,128,-47,8,2,1]
[4096,256,208,57,13,1,1]
[4096,-3328,1520,-465,95,-13,1]
[256,0,-16,12,-5,3,-1,0,1]
[729,-648,261,-80,29,-8,1]
[4096,256,208,69,13,1,1]
[4096,-1280,576,-145,36,-5,1]
[2401,49,40,1,1]
[4096,-512,288,-107,18,-2,1]
[64,64,32,13,8,4,1]
[256,64,32,-20,-15,-5,2,1,1]
[6561,-810,143,-10,1]
[512,512,312,129,39,8,1]
[729,567,189,53,21,7,1]
[256,0,0,12,19,3,0,0,1]
[16384,1280,225,10,1]
[256,-128,128,-72,31,-18,8,-2,1]
[256,64,80,-8,9,-2,5,1,1]
[4096,1088,181,17,1]
[4096,0,144,93,9,0,1]
[256,-64,144,-32,49,-8,9,-1,1]
[256,-128,32,-20,11,-5,2,-2,1]
[512,0,104,-11,13,0,1]
[4096,0,0,-25,0,0,1]
[14641,0,-115,0,1]
[4096,-1792,544,-165,34,-7,1]
[729,243,126,25,14,3,1]
[729,81,189,14,21,1,1]
[15625,2750,337,22,1]
[4096,-512,160,-9,10,-2,1]
[4096,2816,1200,335,75,11,1]
[512,448,272,115,34,7,1]
[256,0,16,-12,-15,-3,1,0,1]
[512,-128,-40,33,-5,-2,1]
[256,-320,224,-124,67,-31,14,-5,1]
[4096,2048,512,117,32,8,1]
[256,512,544,412,237,103,34,8,1]
[256,-192,32,32,-31,8,2,-3,1]
[4096,-1536,512,-139,32,-6,1]
[4096,1792,752,217,47,7,1]
[15625,-500,7,-4,1]
[14641,2299,321,19,1]
[14641,605,169,5,1]
[14641,-1452,235,-12,1]
[4096,1280,496,109,31,5,1]
[4096,0,31,0,1]
[2401,-392,101,-8,1]
[512,512,264,99,33,8,1]
[4096,-1536,128,39,8,-6,1]
[14641,363,-6,3,1]
[4096,-512,15,-8,1]
[4096,1024,240,-5,15,4,1]
[729,-486,243,-103,27,-6,1]
[256,320,208,88,35,22,13,5,1]
[729,-243,27,10,3,-3,1]
[4096,-1280,192,-49,12,-5,1]
[14641,121,-144,1,1]
[4096,0,0,-59,0,0,1]
[4096,-512,272,9,17,-2,1]
[256,0,-64,8,23,2,-4,0,1]
[512,128,32,-3,4,2,1]
[729,-162,90,-14,10,-2,1]
[15625,2000,147,16,1]
[15625,-500,189,-4,1]
[256,-256,80,40,-39,10,5,-4,1]
[625,125,39,5,1]
[4096,-1280,608,-127,38,-5,1]
[4096,-768,384,-83,24,-3,1]
[4096,-256,240,25,15,-1,1]
[6561,-1215,169,-15,1]
[256,0,80,64,3,16,5,0,1]
[15625,-3250,418,-26,1]
[729,81,-54,-7,-6,1,1]
[729,324,-9,-28,-1,4,1]
[4096,-1536,352,-55,22,-6,1]
[4096,2048,512,125,32,8,1]
[4096,-1792,896,-219,56,-7,1]
[14641,-2662,302,-22,1]
[6561,-162,-34,-2,1]
[4096,1536,496,127,31,6,1]
[4096,512,-96,-129,-6,2,1]
[4096,-512,208,37,13,-2,1]
[14641,2420,292,20,1]
[4096,-1024,224,-61,14,-4,1]
[729,162,90,49,10,2,1]
[15625,750,242,6,1]
[6561,1944,293,24,1]
[256,320,240,152,83,38,15,5,1]
[14641,-1089,20,-9,1]
[4096,-512,-64,117,-4,-2,1]
[4096,2048,528,105,33,8,1]
[14641,-605,-32,-5,1]
[16384,256,45,2,1]
[729,-243,-36,26,-4,-3,1]
[14641,726,-48,6,1]
[256,-128,96,-52,15,-13,6,-2,1]
[14641,2299,237,19,1]
[4096,-2816,944,-243,59,-11,1]
[2401,147,16,3,1]
[256,-128,64,-8,15,-2,4,-2,1]
[256,192,128,72,27,18,8,3,1]
[14641,2420,223,20,1]
[4096,1280,848,157,53,5,1]
[6561,1701,256,21,1]
[4096,1024,384,117,24,4,1]
[4096,-768,-80,103,-5,-3,1]
[729,-81,-45,22,-5,-1,1]
[14641,1694,276,14,1]
[256,-320,224,-140,79,-35,14,-5,1]
[4096,-256,0,89,0,-1,1]
[729,243,-54,-41,-6,3,1]
[16384,-1792,173,-14,1]
[256,64,48,0,9,0,3,1,1]
[4096,256,192,41,12,1,1]
[6561,-1296,158,-16,1]
[4096,0,16,17,1,0,1]
[4096,-64,-17,-1,1]
[729,-324,81,-23,9,-4,1]
[6561,1134,199,14,1]
[14641,242,138,2,1]
[4096,0,-32,-71,-2,0,1]
[4096,0,-144,-21,-9,0,1]
[4096,-256,176,-17,11,-1,1]
[256,-320,208,-96,41,-24,13,-5,1]
[4096,-2816,992,-263,62,-11,1]
[512,320,160,49,20,5,1]
[14641,-1573,230,-13,1]
[14641,-1210,202,-10,1]
[729,162,-63,-25,-7,2,1]
[16384,-1152,221,-9,1]
[4096,-512,256,-107,16,-2,1]
[512,-256,128,-65,16,-4,1]
[16384,512,137,4,1]
[729,-486,171,-55,19,-6,1]
[15625,-875,237,-7,1]
[4096,-768,-208,99,-13,-3,1]
[4096,1280,-176,-147,-11,5,1]
[4096,768,368,31,23,3,1]
[4096,-2304,448,-53,28,-9,1]
[256,192,144,60,29,15,9,3,1]
[6561,243,-29,3,1]
[16384,1024,155,8,1]
[2401,0,38,0,1]
[512,-192,168,-45,21,-3,1]
[4096,192,-51,3,1]
[6561,1944,296,24,1]
[14641,726,-54,6,1]
[4096,0,0,-113,0,0,1]
[15625,1250,112,10,1]
[729,0,126,-1,14,0,1]
[6561,1458,182,18,1]
[729,-324,108,-50,12,-4,1]
[4096,3072,1408,413,88,12,1]
[16384,-2048,211,-16,1]
[6561,81,-46,1,1]
[15625,625,-98,5,1]
[4096,256,-48,-49,-3,1,1]
[4096,1024,304,133,19,4,1]
[4096,256,128,93,8,1,1]
[4096,1536,32,-69,2,6,1]
[729,243,90,11,10,3,1]
[4096,-768,432,-71,27,-3,1]
[6561,-891,121,-11,1]
[4096,-2816,896,-221,56,-11,1]
[256,-64,128,-64,35,-16,8,-1,1]
[4096,-2304,640,-131,40,-9,1]
[2401,-980,193,-20,1]
[2401,-245,9,-5,1]
[256,-384,352,-256,145,-64,22,-6,1]
[729,-243,108,-52,12,-3,1]
[729,162,18,-31,2,2,1]
[512,0,112,1,14,0,1]
[2401,98,51,2,1]
[4096,-1792,592,-147,37,-7,1]
[15625,-125,122,-1,1]
[15625,-1000,-57,-8,1]
[2401,-147,25,-3,1]
[256,0,32,-16,3,-4,2,0,1]
[729,-243,135,-44,15,-3,1]
[256,64,32,-24,-5,-6,2,1,1]
[4096,-3072,1088,-285,68,-12,1]
[256,-64,96,0,23,0,6,-1,1]
[729,81,135,20,15,1,1]
[15625,-250,-73,-2,1]
[256,64,48,28,17,7,3,1,1]
[14641,-121,16,-1,1]
[512,0,96,13,12,0,1]
[4096,768,-96,-107,-6,3,1]
[15625,-750,152,-6,1]
[4096,768,64,45,4,3,1]
[4096,1024,400,141,25,4,1]
[14641,1089,125,9,1]
[14641,-2057,239,-17,1]
[15625,2250,172,18,1]
[6561,891,65,11,1]
[4096,-64,39,-1,1]
[4096,2048,640,183,40,8,1]
[4096,-64,15,-1,1]
[15625,-500,113,-4,1]
[15625,-125,221,-1,1]
[4096,-512,-96,65,-6,-2,1]
[512,-192,184,-47,23,-3,1]
[4096,1024,352,93,22,4,1]
[4096,-1024,608,-97,38,-4,1]
[256,64,0,-4,19,-1,0,1,1]
[256,192,176,104,55,26,11,3,1]
[729,-324,180,-50,20,-4,1]
[2401,0,27,0,1]
[4096,-768,0,21,0,-3,1]
[15625,875,161,7,1]
[512,384,200,73,25,6,1]
[512,192,16,-17,2,3,1]
[16384,256,93,2,1]
[4096,-512,-160,19,-10,-2,1]
[4096,1024,272,13,17,4,1]
[15625,-875,48,-7,1]
[4096,1024,336,89,21,4,1]
[512,0,104,-9,13,0,1]
[15625,-500,207,-4,1]
[4096,-2816,1184,-349,74,-11,1]
[15625,2000,138,16,1]
[4096,1024,192,59,12,4,1]
[4096,1280,704,143,44,5,1]
[15625,1250,-4,10,1]
[256,-128,-16,12,7,3,-1,-2,1]
[4096,768,320,45,20,3,1]
[512,-320,168,-63,21,-5,1]
[1024,-320,85,-10,1]
[256,-64,16,-4,-19,-1,1,-1,1]
[256,0,32,-24,1,-6,2,0,1]
[15625,2625,224,21,1]
[4096,768,192,119,12,3,1]
[256,-128,32,8,-3,2,2,-2,1]
[256,-64,-16,12,-7,3,-1,-1,1]
[4096,1280,208,39,13,5,1]
[256,-64,16,-28,19,-7,1,-1,1]
[15625,0,-58,0,1]
[256,0,0,4,7,1,0,0,1]
[512,192,136,39,17,3,1]
[6561,-162,-109,-2,1]
[14641,121,204,1,1]
[256,-320,336,-236,135,-59,21,-5,1]
[15625,875,-79,7,1]
[4096,-512,224,-73,14,-2,1]
[2401,-245,2,-5,1]
[256,-64,0,-20,25,-5,0,-1,1]
[4096,512,-80,-5,-5,2,1]
[4096,-512,-128,97,-8,-2,1]
[4096,-1280,448,-121,28,-5,1]
[729,0,153,-8,17,0,1]
[14641,847,35,7,1]
[729,-81,-27,44,-3,-1,1]
[4096,-768,768,-95,48,-3,1]
[4096,256,384,17,24,1,1]
[4096,-1792,368,-77,23,-7,1]
[15625,-500,-88,-4,1]
[4096,2304,784,215,49,9,1]
[512,-64,0,31,0,-1,1]
[14641,-726,73,-6,1]
[256,0,0,8,-17,2,0,0,1]
[4096,0,272,31,17,0,1]
[256,-128,48,-12,-11,-3,3,-2,1]
[256,-192,64,-36,25,-9,4,-3,1]
[4096,-1024,-176,89,-11,-4,1]
[15625,0,163,0,1]
[16384,-1792,279,-14,1]
[256,0,0,-16,3,-4,0,0,1]
[4096,768,192,61,12,3,1]
[4096,-768,336,-59,21,-3,1]
[729,81,36,-2,4,1,1]
[15625,1250,253,10,1]
[16384,1664,293,13,1]
[14641,847,120,7,1]
[14641,-1573,52,-13,1]
[256,192,96,24,3,6,6,3,1]
[625,-325,83,-13,1]
[4096,-1024,448,-89,28,-4,1]
[14641,-484,236,-4,1]
[256,192,112,16,9,4,7,3,1]
[4096,-512,176,-91,11,-2,1]
[4096,-2048,944,-235,59,-8,1]
[14641,-242,186,-2,1]
[6561,-2268,349,-28,1]
[256,-192,80,-8,5,-2,5,-3,1]
[6561,-1620,251,-20,1]
[256,256,144,72,37,18,9,4,1]
[256,-320,272,-180,103,-45,17,-5,1]
[512,-128,-56,27,-7,-2,1]
[625,-50,33,-2,1]
[625,200,59,8,1]
[512,-64,32,-31,4,-1,1]
[4096,512,192,115,12,2,1]
[15625,3125,311,25,1]
[15625,-875,257,-7,1]
[4096,-1024,208,-43,13,-4,1]
[512,-192,120,-25,15,-3,1]
[14641,-1694,189,-14,1]
[14641,0,-239,0,1]
[14641,-2057,195,-17,1]
[64,32,-8,-11,-2,2,1]
[14641,-1089,153,-9,1]
[4096,1536,112,-17,7,6,1]
[256,-192,128,-84,55,-21,8,-3,1]
[729,-243,36,-2,4,-3,1]
[4096,-1024,176,-17,11,-4,1]
[4096,-1792,16,91,1,-7,1]
[4096,256,-48,-55,-3,1,1]
[14641,-242,-148,-2,1]
[6561,-1701,268,-21,1]
[4096,-1536,-64,109,-4,-6,1]
[6561,324,-35,4,1]
[256,192,0,16,33,4,0,3,1]
[4096,1792,624,179,39,7,1]
[4096,1024,48,-9,3,4,1]
[4096,768,208,81,13,3,1]
[16384,-2176,131,-17,1]
[729,-243,126,-47,14,-3,1]
[4096,-1280,624,-121,39,-5,1]
[4096,-1536,560,-151,35,-6,1]
[15625,-2500,283,-20,1]
[14641,-484,81,-4,1]
[256,-64,32,-28,13,-7,2,-1,1]
[256,-192,32,32,-27,8,2,-3,1]
[4096,128,87,2,1]
[15625,-500,163,-4,1]
[512,448,192,65,24,7,1]
[4096,-1536,336,-57,21,-6,1]
[4096,1536,512,165,32,6,1]
[16384,-768,217,-6,1]
[2401,-147,-10,-3,1]
[512,128,-8,3,-1,2,1]
[16384,-640,-17,-5,1]
[4096,-3072,1360,-401,85,-12,1]
[1024,-128,33,-4,1]
[14641,121,-219,1,1]
[14641,-2541,228,-21,1]
[4096,2816,1136,315,71,11,1]
[4096,-256,272,-29,17,-1,1]
[14641,-847,7,-7,1]
[6561,486,157,6,1]
[4096,-1024,-32,85,-2,-4,1]
[256,-256,160,-68,25,-17,10,-4,1]
[4096,-256,304,-25,19,-1,1]
[14641,-1089,171,-9,1]
[4096,1536,512,179,32,6,1]
[15625,-3125,342,-25,1]
[512,64,-8,15,-1,1,1]
[4096,-512,336,-81,21,-2,1]
[4096,-256,352,-49,22,-1,1]
[15625,3500,408,28,1]
[256,-128,112,-28,21,-7,7,-2,1]
[256,-64,-16,20,-15,5,-1,-1,1]
[4096,1792,592,163,37,7,1]
[4096,0,144,63,9,0,1]
[64,64,28,9,7,4,1]
[16384,-3456,401,-27,1]
[4096,-1792,832,-209,52,-7,1]
[256,-320,256,-168,89,-42,16,-5,1]
[512,-128,56,-25,7,-2,1]
[4096,-1024,-32,99,-2,-4,1]
[4096,-2048,896,-223,56,-8,1]
[14641,-2904,317,-24,1]
[4096,-64,91,-1,1]
[4096,1792,448,117,28,7,1]
[512,-512,256,-97,32,-8,1]
[4096,1536,480,113,30,6,1]
[512,64,88,-1,11,1,1]
[256,-64,0,20,5,5,0,-1,1]
[27,-1,1]
[512,128,0,-33,0,2,1]
[729,0,27,-17,3,0,1]
[4096,2560,1232,343,77,10,1]
[16384,-2048,163,-16,1]
[4096,1792,336,67,21,7,1]
[729,405,108,14,12,5,1]
[4096,768,192,-27,12,3,1]
[729,-243,-9,17,-1,-3,1]
[15625,3500,396,28,1]
[256,64,-16,-8,7,-2,-1,1,1]
[14641,-242,-136,-2,1]
[256,-128,96,-12,15,-3,6,-2,1]
[4096,-1536,288,-75,18,-6,1]
[16384,256,-203,2,1]
[4096,256,1,4,1]
[4096,1536,544,109,34,6,1]
[256,0,32,32,-3,8,2,0,1]
[729,81,27,-34,3,1,1]
[256,128,80,44,33,11,5,2,1]
[729,162,99,13,11,2,1]
[14641,-847,31,-7,1]
[4096,-1792,176,21,11,-7,1]
[4096,-1792,608,-185,38,-7,1]
[15625,-750,194,-6,1]
[256,-128,64,-28,-1,-7,4,-2,1]
[256,192,48,-32,-35,-8,3,3,1]
[4096,1280,592,131,37,5,1]
[6561,-324,-40,-4,1]
[729,405,252,79,28,5,1]
[256,64,32,28,-1,7,2,1,1]
[14641,-121,161,-1,1]
[4096,512,-80,-105,-5,2,1]
[15625,-1750,152,-14,1]
[4096,-256,48,3,3,-1,1]
[4096,-2304,896,-241,56,-9,1]
[4096,-512,-80,11,-5,-2,1]
[512,-256,144,-37,18,-4,1]
[729,0,54,17,6,0,1]
[4096,-1536,528,-163,33,-6,1]
[15625,375,-32,3,1]
[14641,-1210,188,-10,1]
[256,0,32,24,-3,6,2,0,1]
[14641,363,103,3,1]
[14641,484,130,4,1]
[4096,3072,992,237,62,12,1]
[16384,1536,209,12,1]
[14641,363,-17,3,1]
[729,81,-45,-7,-5,1,1]
[6561,1296,208,16,1]
[15625,-2375,309,-19,1]
[256,-128,64,-28,3,-7,4,-2,1]
[16384,-4992,627,-39,1]
[15625,-750,89,-6,1]
[4096,-2816,1312,-373,82,-11,1]
[4096,-832,117,-13,1]
[256,0,16,16,-9,4,1,0,1]
[512,-192,-32,41,-4,-3,1]
[256,-192,208,-92,65,-23,13,-3,1]
[256,-256,192,-100,51,-25,12,-4,1]
[4096,-1024,320,-135,20,-4,1]
[6561,972,112,12,1]
[256,-64,0,-8,27,-2,0,-1,1]
[4096,-1024,576,-109,36,-4,1]
[256,192,16,-48,-35,-12,1,3,1]
[4096,-3072,1296,-385,81,-12,1]
[729,324,27,-13,3,4,1]
[6561,-486,17,-6,1]
[6561,486,29,6,1]
[729,-162,0,5,0,-2,1]
[256,64,64,20,21,5,4,1,1]
[625,-75,27,-3,1]
[256,-64,128,-32,33,-8,8,-1,1]
[4096,-1536,-176,161,-11,-6,1]
[2401,-49,-58,-1,1]
[15625,1875,301,15,1]
[729,162,117,43,13,2,1]
[16384,-1280,233,-10,1]
[14641,-1210,2,-10,1]
[1024,-96,3,-3,1]
[4096,-1280,416,-65,26,-5,1]
[14641,726,157,6,1]
[4096,-512,368,-87,23,-2,1]
[4096,192,45,3,1]
[15625,1000,114,8,1]
[729,162,63,56,7,2,1]
[4096,-1792,720,-193,45,-7,1]
[16384,-1152,87,-9,1]
[4096,-1024,464,-131,29,-4,1]
[14641,-242,-21,-2,1]
[729,243,126,16,14,3,1]
[729,-81,-18,8,-2,-1,1]
[4096,-256,368,17,23,-1,1]
[14641,-484,51,-4,1]
[256,384,272,132,61,33,17,6,1]
[256,448,416,280,153,70,26,7,1]
[15625,-625,-91,-5,1]
[4096,1024,-80,-109,-5,4,1]
[729,-324,180,-52,20,-4,1]
[4096,0,576,-11,36,0,1]
[729,-81,72,13,8,-1,1]
[14641,847,212,7,1]
[512,-192,32,9,4,-3,1]
[729,0,-9,8,-1,0,1]
[256,192,112,12,5,3,7,3,1]
[256,-64,-64,16,3,4,-4,-1,1]
[4096,1536,-16,-99,-1,6,1]
[4096,1280,352,61,22,5,1]
[256,64,16,4,-17,1,1,1,1]
[256,0,16,-12,-1,-3,1,0,1]
[6561,-1377,172,-17,1]
[4096,0,-48,1,-3,0,1]
[256,-64,0,8,-7,2,0,-1,1]
[14641,1936,276,16,1]
[256,64,16,16,17,4,1,1,1]
[14641,1331,213,11,1]
[4096,-768,-96,95,-6,-3,1]
[6561,-162,1,-2,1]
[256,-128,41,-8,1]
[4096,512,0,-87,0,2,1]
[729,-567,324,-118,36,-7,1]
[15625,-1000,132,-8,1]
[4096,1280,400,161,25,5,1]
[4096,1536,560,197,35,6,1]
[14641,121,95,1,1]
[4096,768,-112,-105,-7,3,1]
[4096,-768,160,27,10,-3,1]
[14641,1089,-28,9,1]
[256,64,80,12,19,3,5,1,1]
[15625,-875,-69,-7,1]
[729,81,54,-23,6,1,1]
[15625,-875,106,-7,1]
[256,-192,112,-68,43,-17,7,-3,1]
[14641,-3388,436,-28,1]
[14641,121,79,1,1]
[1024,256,75,8,1]
[4096,-512,-80,91,-5,-2,1]
[256,48,11,3,1]
[4096,1792,512,109,32,7,1]
[6561,-891,122,-11,1]
[6561,-1134,205,-14,1]
[256,64,16,-36,-15,-9,1,1,1]
[256,0,32,-24,-7,-6,2,0,1]
[16384,-3968,487,-31,1]
[14641,1210,-18,10,1]
[256,0,32,-4,1,-1,2,0,1]
[14641,363,-142,3,1]
[15625,1125,-21,9,1]
[4096,-2048,816,-201,51,-8,1]
[4096,0,576,15,36,0,1]
[6561,567,38,7,1]
[625,-175,41,-7,1]
[256,64,96,8,15,2,6,1,1]
[14641,-1936,149,-16,1]
[4096,1280,352,69,22,5,1]
[4096,512,256,-13,16,2,1]
[4096,1280,448,137,28,5,1]
[4096,-256,304,3,19,-1,1]
[729,-162,49,-6,1]
[16384,640,1,5,1]
[6561,324,49,4,1]
[6561,-1053,118,-13,1]
[4096,1024,352,131,22,4,1]
[6561,243,-98,3,1]
[4096,-1280,-96,113,-6,-5,1]
[4096,-2560,1072,-299,67,-10,1]
[4096,256,256,43,16,1,1]
[4096,256,352,7,22,1,1]
[4096,768,0,-59,0,3,1]
[4096,-512,-16,-47,-1,-2,1]
[6561,324,104,4,1]
[256,-320,224,-108,51,-27,14,-5,1]
[4096,0,480,-15,30,0,1]
[256,-128,64,32,-17,8,4,-2,1]
[14641,1452,261,12,1]
[15625,2000,276,16,1]
[81,63,25,7,1]
[15625,-1125,-27,-9,1]
[256,384,352,244,137,61,22,6,1]
[14641,-605,226,-5,1]
[512,384,240,97,30,6,1]
[729,162,9,-22,1,2,1]
[256,0,64,24,3,6,4,0,1]
[729,-243,153,-59,17,-3,1]
[15625,-1250,158,-10,1]
[15625,3750,449,30,1]
[256,64,96,-12,17,-3,6,1,1]
[14641,-484,181,-4,1]
[4096,-512,304,-91,19,-2,1]
[4096,-2816,1280,-369,80,-11,1]
[512,0,24,-33,3,0,1]
[729,-243,153,-40,17,-3,1]
[256,64,80,32,29,8,5,1,1]
[4096,-1024,-80,71,-5,-4,1]
[4096,-512,320,-19,20,-2,1]
[4096,256,320,-1,20,1,1]
[256,-80,35,-5,1]
[15625,-1125,119,-9,1]
[729,405,189,71,21,5,1]
[15625,125,212,1,1]
[4096,-2560,640,-121,40,-10,1]
[4096,256,144,47,9,1,1]
[729,162,90,50,10,2,1]
[4096,256,-48,-35,-3,1,1]
[4096,768,80,-29,5,3,1]
[4096,2560,960,269,60,10,1]
[15625,1875,229,15,1]
[4096,1536,-96,-119,-6,6,1]
[15625,2250,176,18,1]
[14641,2662,328,22,1]
[256,128,112,4,15,1,7,2,1]
[4096,-2048,848,-213,53,-8,1]
[4096,-1024,688,-121,43,-4,1]
[1024,-32,-45,-1,1]
[4096,0,240,-39,15,0,1]
[729,405,54,-10,6,5,1]
[4096,-576,35,-9,1]
[4096,2304,768,205,48,9,1]
[14641,0,-107,0,1]
[16384,1024,59,8,1]
[729,-162,90,-8,10,-2,1]
[14641,1936,182,16,1]
[15625,-625,83,-5,1]
[14641,1089,150,9,1]
[4096,-768,240,-137,15,-3,1]
[256,192,64,-4,-13,-1,4,3,1]
[4096,1536,16,-85,1,6,1]
[4096,1024,224,79,14,4,1]
[512,-64,-8,5,-1,-1,1]
[2401,392,41,8,1]
[128,-15,1]
[256,-256,96,28,-33,7,6,-4,1]
[4096,0,-208,15,-13,0,1]
[16384,-1792,75,-14,1]
[4096,4352,2272,713,142,17,1]
[2401,-882,159,-18,1]
[14641,-363,136,-3,1]
[6561,243,-43,3,1]
[729,324,180,50,20,4,1]
[4096,768,400,29,25,3,1]
[512,-320,184,-79,23,-5,1]
[15625,-2125,134,-17,1]
[4096,-512,-208,47,-13,-2,1]
[15625,1000,226,8,1]
[256,64,64,-16,1,-4,4,1,1]
[14641,3509,411,29,1]
[4096,2304,576,105,36,9,1]
[256,-128,32,-24,11,-6,2,-2,1]
[15625,125,226,1,1]
[14641,-3146,332,-26,1]
[4096,768,144,65,9,3,1]
[256,-128,144,-76,47,-19,9,-2,1]
[14641,968,196,8,1]
[512,-128,24,-23,3,-2,1]
[256,-256,224,-160,81,-40,14,-4,1]
[15625,0,-166,0,1]
[625,0,-24,0,1]
[4096,-256,16,59,1,-1,1]
[15625,3375,389,27,1]
[4096,-768,-128,55,-8,-3,1]
[16384,896,89,7,1]
[4096,-1792,384,-79,24,-7,1]
[256,-64,160,-28,53,-7,10,-1,1]
[256,128,112,56,25,14,7,2,1]
[256,64,16,12,25,3,1,1,1]
[4096,1792,416,63,26,7,1]
[14641,-2420,328,-20,1]
[4096,-2304,816,-221,51,-9,1]
[4096,-768,656,-89,41,-3,1]
[729,81,45,-5,5,1,1]
[256,-192,144,-64,39,-16,9,-3,1]
[6561,0,-116,0,1]
[256,128,48,20,23,5,3,2,1]
[4096,-256,80,57,5,-1,1]
[15625,250,47,2,1]
[4096,1024,384,143,24,4,1]
[15625,-1875,187,-15,1]
[4096,1024,256,103,16,4,1]
[4096,0,160,-57,10,0,1]
[4096,-1536,160,-1,10,-6,1]
[16384,1664,235,13,1]
[625,50,38,2,1]
[256,64,112,36,33,9,7,1,1]
[729,81,-72,-14,-8,1,1]
[16384,1536,257,12,1]
[4096,-768,96,-79,6,-3,1]
[256,64,32,8,7,2,2,1,1]
[16384,0,177,0,1]
[14641,-1694,246,-14,1]
[4096,-512,128,-33,8,-2,1]
[16384,384,-43,3,1]
[256,64,64,16,17,4,4,1,1]
[729,567,315,127,35,7,1]
[49,3,1]
[512,-256,0,29,0,-4,1]
[256,128,128,28,25,7,8,2,1]
[16384,-2048,311,-16,1]
[15625,-875,-76,-7,1]
[729,324,216,62,24,4,1]
[4096,-2560,784,-195,49,-10,1]
[729,243,126,49,14,3,1]
[4096,256,208,37,13,1,1]
[4096,768,67,12,1]
[4096,-1280,336,-105,21,-5,1]
[256,128,16,-20,-21,-5,1,2,1]
[256,192,128,76,33,19,8,3,1]
[4096,-768,608,-79,38,-3,1]
[729,-162,-27,19,-3,-2,1]
[256,-64,0,-16,15,-4,0,-1,1]
[256,-128,32,20,-7,5,2,-2,1]
[14641,363,17,3,1]
[256,0,32,-24,-1,-6,2,0,1]
[512,320,-16,-49,-2,5,1]
[15625,4500,567,36,1]
[256,-128,16,-4,1,-1,1,-2,1]
[256,-192,112,-72,45,-18,7,-3,1]
[1024,-32,3,-1,1]
[256,0,-32,16,13,4,-2,0,1]
[14641,1452,127,12,1]
[4096,512,208,53,13,2,1]
[4096,1280,432,111,27,5,1]
[14641,605,171,5,1]
[512,448,168,51,21,7,1]
[4096,192,17,3,1]
[14641,-3509,448,-29,1]
[14641,-2057,263,-17,1]
[729,243,-72,-53,-8,3,1]
[4096,-1792,816,-201,51,-7,1]
[16384,3840,427,30,1]
[15625,3250,364,26,1]
[16384,768,5,6,1]
[256,-128,32,-12,7,-3,2,-2,1]
[14641,-2420,202,-20,1]
[4096,2816,928,235,58,11,1]
[14641,-484,-36,-4,1]
[16384,-4224,495,-33,1]
[256,64,16,32,15,8,1,1,1]
[4096,1536,224,5,14,6,1]
[4096,768,208,129,13,3,1]
[6561,-81,-11,-1,1]
[15625,250,14,2,1]
[4096,-2560,1088,-311,68,-10,1]
[6561,648,154,8,1]
[4096,-1024,336,-19,21,-4,1]
[4096,-2560,880,-233,55,-10,1]
[256,-192,48,20,-23,5,3,-3,1]
[729,-324,117,-22,13,-4,1]
[256,-64,0,16,9,4,0,-1,1]
[729,405,153,50,17,5,1]
[256,-64,-64,-12,33,-3,-4,-1,1]
[4096,-768,512,-97,32,-3,1]
[2401,294,71,6,1]
[729,81,63,37,7,1,1]
[4096,2560,1072,307,67,10,1]
[729,0,153,2,17,0,1]
[14641,-2057,307,-17,1]
[4096,-256,384,-63,24,-1,1]
[4096,-512,320,-91,20,-2,1]
[15625,-750,6,-6,1]
[4096,-1280,640,-135,40,-5,1]
[4096,0,288,33,18,0,1]
[4096,256,64,37,4,1,1]
[14641,363,101,3,1]
[512,-448,256,-101,32,-7,1]
[4096,2304,944,247,59,9,1]
[256,-192,96,-24,1,-6,6,-3,1]
[256,-192,192,-124,65,-31,12,-3,1]
[4096,1280,400,105,25,5,1]
[512,192,104,45,13,3,1]
[4096,-768,-192,73,-12,-3,1]
[4096,-1024,0,87,0,-4,1]
[4096,-2304,992,-289,62,-9,1]
[4096,-1792,496,-119,31,-7,1]
[4096,1536,400,71,25,6,1]
[256,-320,256,-152,79,-38,16,-5,1]
[256,128,144,92,43,23,9,2,1]
[4096,-256,64,-29,4,-1,1]
[256,-64,80,40,-3,10,5,-1,1]
[14641,484,-90,4,1]
[16384,-256,-67,-2,1]
[4096,1024,-192,-101,-12,4,1]
[4096,-1280,336,-119,21,-5,1]
[2401,-392,96,-8,1]
[4096,-2304,640,-149,40,-9,1]
[256,128,48,-8,-13,-2,3,2,1]
[256,-64,80,44,-3,11,5,-1,1]
[14641,0,-70,0,1]
[1024,-64,-3,-2,1]
[15625,3875,488,31,1]
[512,64,-16,-9,-2,1,1]
[14641,-1089,-4,-9,1]
[6561,0,-38,0,1]
[512,-64,24,11,3,-1,1]
[4096,256,144,-23,9,1,1]
[729,486,18,-44,2,6,1]
[6561,-486,88,-6,1]
[4096,512,0,61,0,2,1]
[14641,-121,95,-1,1]
[4096,0,112,-33,7,0,1]
[14641,-2904,360,-24,1]
[2401,98,17,2,1]
[4096,1280,16,-53,1,5,1]
[4096,-2048,32,117,2,-8,1]
[14641,-1694,265,-14,1]
[2401,49,82,1,1]
[6561,-810,140,-10,1]
[4096,1536,208,-11,13,6,1]
[729,648,333,119,37,8,1]
[256,-192,64,40,-37,10,4,-3,1]
[14641,1210,237,10,1]
[256,192,96,36,5,9,6,3,1]
[4096,-2048,368,-35,23,-8,1]
[4096,-1792,624,-159,39,-7,1]
[512,-64,-56,19,-7,-1,1]
[256,192,0,-24,-7,-6,0,3,1]
[4096,1024,80,-27,5,4,1]
[4096,-1024,432,-59,27,-4,1]
[4096,512,-176,-97,-11,2,1]
[4096,2304,736,173,46,9,1]
[6561,-81,-101,-1,1]
[256,128,128,64,47,16,8,2,1]
[4096,-768,608,-85,38,-3,1]
[256,-64,32,-12,5,-3,2,-1,1]
[729,810,513,205,57,10,1]
[729,-162,-45,58,-5,-2,1]
[256,256,96,64,49,16,6,4,1]
[4096,1792,336,33,21,7,1]
[14641,4477,581,37,1]
[2401,735,120,15,1]
[4096,-1280,624,-139,39,-5,1]
[2401,-490,73,-10,1]
[4096,512,336,23,21,2,1]
[15625,-3375,367,-27,1]
[4096,-1536,-16,99,-1,-6,1]
[4096,0,16,-91,1,0,1]
[512,-192,168,-43,21,-3,1]
[4096,768,-208,-99,-13,3,1]
[512,128,0,11,0,2,1]
[14641,605,-113,5,1]
[15625,-625,34,-5,1]
[256,0,64,24,5,6,4,0,1]
[729,-297,62,-11,1]
[512,384,248,93,31,6,1]
[256,-128,16,28,-23,7,1,-2,1]
[4096,-256,112,45,7,-1,1]
[15625,1125,-11,9,1]
[256,-64,0,0,-3,0,0,-1,1]
[15625,-1125,204,-9,1]
[14641,-968,42,-8,1]
[256,128,144,84,41,21,9,2,1]
[4096,384,15,6,1]
[2401,-49,-13,-1,1]
[15625,1625,94,13,1]
[4096,512,352,9,22,2,1]
[729,0,90,13,10,0,1]
[4096,0,256,35,16,0,1]
[4096,-1536,64,71,4,-6,1]
[4096,-768,304,-25,19,-3,1]
[4096,768,32,21,2,3,1]
[15625,1625,161,13,1]
[729,81,117,19,13,1,1]
[512,0,112,5,14,0,1]
[4096,3072,1328,407,83,12,1]
[15625,1250,69,10,1]
[16384,2048,145,16,1]
[4096,-1280,272,-55,17,-5,1]
[4096,1280,352,35,22,5,1]
[256,192,192,120,65,30,12,3,1]
[4096,-2304,720,-179,45,-9,1]
[729,567,126,10,14,7,1]
[4096,2304,944,289,59,9,1]
[256,0,160,16,49,4,10,0,1]
[16384,-128,-67,-1,1]
[4096,768,272,1,17,3,1]
[512,384,152,49,19,6,1]
[4096,256,192,25,12,1,1]
[729,-81,-18,28,-2,-1,1]
[6561,-243,-34,-3,1]
[729,-162,90,-13,10,-2,1]
[15625,-500,9,-4,1]
[4096,-2048,208,29,13,-8,1]
[2401,-441,47,-9,1]
[729,324,162,55,18,4,1]
[4096,256,112,101,7,1,1]
[14641,-2904,292,-24,1]
[4096,-1536,384,-49,24,-6,1]
[14641,1331,163,11,1]
[4096,-1280,512,-133,32,-5,1]
[729,486,243,106,27,6,1]
[4096,-256,73,-4,1]
[16384,-128,-29,-1,1]
[4096,-1536,656,-143,41,-6,1]
[512,64,88,3,11,1,1]
[14641,605,-13,5,1]
[4096,-512,144,-51,9,-2,1]
[4096,-256,240,-25,15,-1,1]
[14641,968,58,8,1]
[729,243,108,43,12,3,1]
[14641,363,18,3,1]
[256,-64,96,-52,29,-13,6,-1,1]
[4096,1536,304,39,19,6,1]
[256,-64,80,-20,17,-5,5,-1,1]
[4096,-256,16,83,1,-1,1]
[729,-243,-36,50,-4,-3,1]
[4096,-768,105,-12,1]
[4096,512,128,23,8,2,1]
[16384,1280,59,10,1]
[14641,4719,620,39,1]
[4096,-1024,160,-9,10,-4,1]
[4096,1024,368,145,23,4,1]
[729,-81,54,-10,6,-1,1]
[4096,256,560,13,35,1,1]
[4096,512,32,-75,2,2,1]
[256,192,128,76,41,19,8,3,1]
[625,250,72,10,1]
[4096,1792,672,175,42,7,1]
[256,64,0,0,17,0,0,1,1]
[4096,-1792,112,53,7,-7,1]
[16384,2432,189,19,1]
[4096,1024,528,105,33,4,1]
[4096,1024,576,121,36,4,1]
[14641,-2178,246,-18,1]
[256,384,336,240,137,60,21,6,1]
[4096,-256,48,43,3,-1,1]
[4096,512,-16,23,-1,2,1]
[4096,-1024,160,-61,10,-4,1]
[14641,-2299,277,-19,1]
[4096,768,736,89,46,3,1]
[4096,-256,128,-75,8,-1,1]
[15625,-1875,218,-15,1]
[256,64,32,-24,-21,-6,2,1,1]
[15625,-1125,61,-9,1]
[16384,768,227,6,1]
[256,-128,0,-16,27,-4,0,-2,1]
[729,27,53,1,1]
[256,64,144,48,43,12,9,1,1]
[4096,832,105,13,1]
[4096,512,-96,-7,-6,2,1]
[4096,-768,-224,85,-14,-3,1]
[4096,1024,16,-65,1,4,1]
[729,162,135,14,15,2,1]
[4096,512,224,-31,14,2,1]
[16384,-1408,47,-11,1]
[6561,-810,79,-10,1]
[15625,-1500,208,-12,1]
[14641,0,-19,0,1]
[4096,-1280,224,-47,14,-5,1]
[4096,-1280,32,37,2,-5,1]
[729,-324,279,-73,31,-4,1]
[729,-243,-9,40,-1,-3,1]
[512,128,128,35,16,2,1]
[729,-162,-18,19,-2,-2,1]
[14641,0,180,0,1]
[16384,-256,-205,-2,1]
[4096,-1024,528,-131,33,-4,1]
[512,256,40,-7,5,4,1]
[256,-64,32,-32,11,-8,2,-1,1]
[4096,-256,144,-39,9,-1,1]
[4096,-640,43,-10,1]
[4096,2048,496,91,31,8,1]
[14641,-242,65,-2,1]
[16384,2432,243,19,1]
[4096,256,-160,-51,-10,1,1]
[4096,-768,-208,89,-13,-3,1]
[256,64,96,44,29,11,6,1,1]
[256,-320,288,-188,107,-47,18,-5,1]
[256,-192,160,-72,45,-18,10,-3,1]
[4096,1792,576,155,36,7,1]
[256,128,48,48,27,12,3,2,1]
[15625,-2750,299,-22,1]
[729,-81,27,-11,3,-1,1]
[4096,-256,208,29,13,-1,1]
[256,-64,-96,4,31,1,-6,-1,1]
[729,-162,34,-6,1]
[4096,2048,192,-43,12,8,1]
[729,0,72,-7,8,0,1]
[4096,-256,64,47,4,-1,1]
[14641,-968,-60,-8,1]
[256,-16,27,-1,1]
[16384,256,115,2,1]
[15625,-2750,317,-22,1]
[4096,-256,48,97,3,-1,1]
[4096,-1536,368,-45,23,-6,1]
[14641,605,-68,5,1]
[256,0,32,-24,-5,-6,2,0,1]
[256,64,64,8,25,2,4,1,1]
[6561,1215,194,15,1]
[729,-243,-9,20,-1,-3,1]
[4096,-1536,528,-167,33,-6,1]
[4096,-1024,432,-55,27,-4,1]
[4096,-1024,-16,51,-1,-4,1]
[4096,-256,-64,55,-4,-1,1]
[4096,128,-65,2,1]
[4096,0,16,-25,1,0,1]
[16384,1024,271,8,1]
[16384,4352,525,34,1]
[4096,0,256,-37,16,0,1]
[6561,891,173,11,1]
[16384,0,193,0,1]
[15625,-1375,88,-11,1]
[4096,768,224,53,14,3,1]
[15625,625,68,5,1]
[4096,-1024,288,-15,18,-4,1]
[14641,2299,249,19,1]
[256,64,-64,12,31,3,-4,1,1]
[256,-64,160,-24,49,-6,10,-1,1]
[4096,-512,48,-65,3,-2,1]
[512,64,8,19,1,1,1]
[256,-128,16,-20,25,-5,1,-2,1]
[15625,500,-69,4,1]
[15625,1625,103,13,1]
[16384,768,-89,6,1]
[729,-162,-45,56,-5,-2,1]
[4096,1280,256,81,16,5,1]
[4096,-1792,656,-195,41,-7,1]
[4096,256,0,-47,0,1,1]
[4096,-1536,448,-121,28,-6,1]
[4096,-2304,704,-159,44,-9,1]
[4096,-1280,608,-153,38,-5,1]
[4096,1536,512,117,32,6,1]
[16384,-2176,317,-17,1]
[729,162,90,-5,10,2,1]
[4096,-2560,784,-181,49,-10,1]
[16384,640,79,5,1]
[15625,-1250,257,-10,1]
[256,192,32,28,33,7,2,3,1]
[256,-192,144,-92,51,-23,9,-3,1]
[512,320,112,39,14,5,1]
[6561,-1134,178,-14,1]
[4096,256,512,21,32,1,1]
[8,5,1]
[4096,-512,48,-27,3,-2,1]
[2401,245,23,5,1]
[256,192,160,72,39,18,10,3,1]
[15625,500,236,4,1]
[4096,-1536,240,-13,15,-6,1]
[4096,768,176,9,11,3,1]
[729,81,-9,22,-1,1,1]
[4096,1280,336,83,21,5,1]
[256,64,96,76,17,19,6,1,1]
[4096,-1024,16,71,1,-4,1]
[14641,2420,322,20,1]
[4096,-256,-128,1,-8,-1,1]
[4096,-256,304,-47,19,-1,1]
[15625,-125,-93,-1,1]
[256,-64,-16,-12,29,-3,-1,-1,1]
[256,-128,64,-4,-5,-1,4,-2,1]
[4096,-512,-144,15,-9,-2,1]
[4096,1024,368,125,23,4,1]
[256,-128,-32,24,-1,6,-2,-2,1]
[729,0,63,23,7,0,1]
[4096,1536,624,169,39,6,1]
[2401,-833,158,-17,1]
[256,-320,256,-160,87,-40,16,-5,1]
[4096,512,624,55,39,2,1]
[64,48,-4,-15,-1,3,1]
[729,81,36,11,4,1,1]
[4096,-512,304,-31,19,-2,1]
[729,-324,234,-62,26,-4,1]
[256,-448,432,-308,173,-77,27,-7,1]
[256,-128,80,-24,7,-6,5,-2,1]
[729,0,0,-29,0,0,1]
[2401,-588,127,-12,1]
[14641,-1936,301,-16,1]
[256,-128,48,24,-9,6,3,-2,1]
[4096,-2304,400,-39,25,-9,1]
[256,0,96,0,21,0,6,0,1]
[15625,-1625,44,-13,1]
[4096,768,336,107,21,3,1]
[256,192,112,72,33,18,7,3,1]
[4096,-1536,-32,109,-2,-6,1]
[15625,-750,197,-6,1]
[729,162,72,37,8,2,1]
[4096,0,16,-41,1,0,1]
[4096,-256,0,-93,0,-1,1]
[4096,1536,528,117,33,6,1]
[729,-27,16,-1,1]
[256,0,112,16,27,4,7,0,1]
[2401,-294,45,-6,1]
[256,128,96,48,25,12,6,2,1]
[256,128,64,0,-3,0,4,2,1]
[512,512,280,109,35,8,1]
[14641,-1089,152,-9,1]
[4096,-2048,384,-37,24,-8,1]
[256,0,48,0,21,0,3,0,1]
[4096,256,304,-21,19,1,1]
[6561,-81,11,-1,1]
[4096,768,128,-13,8,3,1]
[14641,605,163,5,1]
[4096,-512,160,-103,10,-2,1]
[256,128,32,12,15,3,2,2,1]
[6561,-486,118,-6,1]
[15625,-500,96,-4,1]
[512,256,88,17,11,4,1]
[15625,250,-44,2,1]
[4096,-256,-192,57,-12,-1,1]
[729,243,-9,-20,-1,3,1]
[4096,-512,352,-21,22,-2,1]
[512,-128,40,-11,5,-2,1]
[256,-128,-48,20,5,5,-3,-2,1]
[4096,256,-48,21,-3,1,1]
[4096,1280,64,-65,4,5,1]
[14641,-1452,42,-12,1]
[6561,729,19,9,1]
[4096,-2304,208,57,13,-9,1]
[16384,1024,-31,8,1]
[4096,-256,48,21,3,-1,1]
[15625,-2000,303,-16,1]
[14641,-1573,142,-13,1]
[256,0,0,-8,-7,-2,0,0,1]
[6561,324,-32,4,1]
[256,0,96,-28,17,-7,6,0,1]
[512,-256,200,-61,25,-4,1]
[256,-192,128,-44,19,-11,8,-3,1]
[2401,637,107,13,1]
[256,64,96,36,25,9,6,1,1]
[4096,2304,768,187,48,9,1]
[729,324,126,64,14,4,1]
[256,-64,48,-12,-7,-3,3,-1,1]
[14641,968,212,8,1]
[4096,-2048,896,-229,56,-8,1]
[256,128,48,-12,-7,-3,3,2,1]
[16384,-1920,201,-15,1]
[4096,-256,160,-5,10,-1,1]
[14641,-1936,305,-16,1]
[15625,-5000,646,-40,1]
[15625,2750,284,22,1]
[512,-64,-48,25,-6,-1,1]
[4096,-1536,80,51,5,-6,1]
[4096,-256,224,11,14,-1,1]
[4096,-1792,736,-173,46,-7,1]
[15625,2125,246,17,1]
[4096,-1792,112,55,7,-7,1]
[256,320,224,116,53,29,14,5,1]
[4096,768,192,11,12,3,1]
[16384,-768,141,-6,1]
[256,-192,192,-84,59,-21,12,-3,1]
[4096,-1792,528,-113,33,-7,1]
[2401,-245,33,-5,1]
[15625,-250,-151,-2,1]
[14641,-1694,274,-14,1]
[4096,-2816,1168,-343,73,-11,1]
[15625,-250,157,-2,1]
[4096,-1792,400,-95,25,-7,1]
[256,-256,96,-16,5,-4,6,-4,1]
[15625,0,-108,0,1]
[256,256,80,-36,-37,-9,5,4,1]
[729,-81,54,20,6,-1,1]
[512,0,152,-3,19,0,1]
[14641,363,-71,3,1]
[15625,1375,168,11,1]
[4096,-1280,592,-117,37,-5,1]
[729,-162,162,-17,18,-2,1]
[4096,256,-176,-23,-11,1,1]
[64,-16,36,-9,9,-1,1]
[256,256,144,76,43,19,9,4,1]
[729,81,81,7,9,1,1]
[15625,-1625,104,-13,1]
[15625,-375,171,-3,1]
[4096,1024,-80,-117,-5,4,1]
[16384,-256,41,-2,1]
[4096,-1792,224,5,14,-7,1]
[15625,1625,286,13,1]
[4096,640,93,10,1]
[512,0,80,-15,10,0,1]
[256,0,48,0,31,0,3,0,1]
[4096,-512,-192,59,-12,-2,1]
[4096,-768,256,-109,16,-3,1]
[4096,1088,161,17,1]
[15625,-500,228,-4,1]
[256,64,32,-8,7,-2,2,1,1]
[15625,375,127,3,1]
[729,189,35,7,1]
[6561,-486,29,-6,1]
[14641,121,-123,1,1]
[4096,1280,560,107,35,5,1]
[15625,-3000,376,-24,1]
[2401,0,-5,0,1]
[4096,256,352,-3,22,1,1]
[4096,-1280,544,-157,34,-5,1]
[4096,1792,656,141,41,7,1]
[14641,1331,82,11,1]
[2401,-98,59,-2,1]
[729,108,52,4,1]
[2401,245,92,5,1]
[4096,0,59,0,1]
[14641,-1210,3,-10,1]
[14641,-1815,233,-15,1]
[256,256,208,132,63,33,13,4,1]
[15625,-500,-49,-4,1]
[4096,-512,0,3,0,-2,1]
[4096,-256,-80,-29,-5,-1,1]
[256,-192,128,-96,49,-24,8,-3,1]
[6561,-1701,251,-21,1]
[15625,-250,124,-2,1]
[16384,3712,407,29,1]
[6561,-567,10,-7,1]
[4096,512,480,45,30,2,1]
[256,64,128,32,45,8,8,1,1]
[2401,0,79,0,1]
[14641,1331,173,11,1]
[15625,1250,57,10,1]
[4096,-1024,400,-77,25,-4,1]
[14641,-242,229,-2,1]
[729,-324,180,-73,20,-4,1]
[256,128,80,32,31,8,5,2,1]
[4096,768,48,-9,3,3,1]
[4096,-1280,144,7,9,-5,1]
[4096,-256,368,-1,23,-1,1]
[256,-192,176,-88,49,-22,11,-3,1]
[14641,-726,153,-6,1]
[4096,1536,656,155,41,6,1]
[4096,0,416,17,26,0,1]
[4096,-1792,688,-205,43,-7,1]
[15625,1000,23,8,1]
[4096,-1280,480,-163,30,-5,1]
[15625,-1500,26,-12,1]
[4096,-768,-160,89,-10,-3,1]
[4096,256,-48,-45,-3,1,1]
[14641,-1694,207,-14,1]
[4096,2048,688,199,43,8,1]
[6561,-729,116,-9,1]
[729,567,270,91,30,7,1]
[15625,625,187,5,1]
[4096,-1536,112,45,7,-6,1]
[16384,1664,153,13,1]
[256,-128,32,12,-11,3,2,-2,1]
[14641,1694,67,14,1]
[4096,1536,400,107,25,6,1]
[1024,576,143,18,1]
[4096,-1792,224,9,14,-7,1]
[4096,-1536,240,-5,15,-6,1]
[256,0,32,28,7,7,2,0,1]
[4096,0,-80,47,-5,0,1]
[4096,-768,-144,115,-9,-3,1]
[14641,3025,378,25,1]
[16384,1152,177,9,1]
[4096,2048,704,159,44,8,1]
[14641,-605,45,-5,1]
[14641,-847,38,-7,1]
[15625,-1875,228,-15,1]
[6561,-567,103,-7,1]
[729,0,99,2,11,0,1]
[4096,512,144,59,9,2,1]
[15625,500,-44,4,1]
[4096,256,160,-35,10,1,1]
[4096,1024,240,65,15,4,1]
[256,64,32,-8,3,-2,2,1,1]
[14641,-242,-105,-2,1]
[729,243,9,2,1,3,1]
[512,128,80,35,10,2,1]
[729,486,162,49,18,6,1]
[16384,-512,-121,-4,1]
[729,486,252,100,28,6,1]
[256,256,96,12,-3,3,6,4,1]
[14641,1694,92,14,1]
[4096,-768,16,15,1,-3,1]
[15625,0,141,0,1]
[15625,-375,111,-3,1]
[256,64,112,24,25,6,7,1,1]
[729,-243,-27,26,-3,-3,1]
[729,324,189,67,21,4,1]
[729,-243,180,-35,20,-3,1]
[14641,0,141,0,1]
[729,324,18,-29,2,4,1]
[4096,-768,416,-115,26,-3,1]
[729,-486,171,-52,19,-6,1]
[729,-324,108,-47,12,-4,1]
[729,324,117,56,13,4,1]
[4096,1792,560,155,35,7,1]
[4096,-768,288,-121,18,-3,1]
[6561,-162,-88,-2,1]
[4096,256,160,57,10,1,1]
[4096,256,-48,63,-3,1,1]
[15625,-1500,276,-12,1]
[4096,-2560,1072,-323,67,-10,1]
[256,0,112,-4,39,-1,7,0,1]
[256,128,112,12,13,3,7,2,1]
[729,-243,0,32,0,-3,1]
[4096,1024,656,121,41,4,1]
[4096,-2048,848,-219,53,-8,1]
[256,192,64,-4,-15,-1,4,3,1]
[4096,256,432,43,27,1,1]
[4096,3072,1200,337,75,12,1]
[16384,-768,-59,-6,1]
[15625,-1375,226,-11,1]
[4096,1024,-32,-63,-2,4,1]
[4096,-1536,528,-115,33,-6,1]
[4096,-768,-32,47,-2,-3,1]
[16384,2048,197,16,1]
[15625,875,114,7,1]
[512,-192,-24,41,-3,-3,1]
[15625,-2875,352,-23,1]
[729,486,63,-14,7,6,1]
[14641,847,-37,7,1]
[2401,441,39,9,1]
[256,-192,32,48,-47,12,2,-3,1]
[256,-384,368,-252,141,-63,23,-6,1]
[4096,0,512,21,32,0,1]
[15625,250,123,2,1]
[15625,-500,-143,-4,1]
[729,648,252,74,28,8,1]
[15625,2625,243,21,1]
[256,-64,0,16,-15,4,0,-1,1]
[256,-320,96,68,-67,17,6,-5,1]
[4096,-2304,944,-265,59,-9,1]
[16384,1792,251,14,1]
[256,-128,32,4,-13,1,2,-2,1]
[4096,256,192,-29,12,1,1]
[4096,1280,-64,-83,-4,5,1]
[15625,-625,69,-5,1]
[4096,2304,736,183,46,9,1]
[256,-128,16,-20,21,-5,1,-2,1]
[4096,-2304,720,-193,45,-9,1]
[4096,-768,-80,21,-5,-3,1]
[15625,625,-46,5,1]
[4096,-2304,1008,-287,63,-9,1]
[256,0,0,36,7,9,0,0,1]
[4096,2560,928,265,58,10,1]
[4096,-1280,368,-119,23,-5,1]
[14641,2541,285,21,1]
[15625,625,79,5,1]
[512,256,16,-17,2,4,1]
[4096,-576,61,-9,1]
[4096,-768,352,-81,22,-3,1]
[15625,-250,1,-2,1]
[15625,-1375,107,-11,1]
[256,64,48,36,3,9,3,1,1]
[4096,1280,816,157,51,5,1]
[14641,847,-4,7,1]
[15625,375,-117,3,1]
[4096,0,352,-13,22,0,1]
[4096,-512,-176,95,-11,-2,1]
[625,25,-17,1,1]
[729,-486,288,-107,32,-6,1]
[4096,-256,-112,91,-7,-1,1]
[729,-324,135,-25,15,-4,1]
[729,-243,108,-31,12,-3,1]
[14641,1089,79,9,1]
[4096,1792,432,73,27,7,1]
[4096,512,-144,-59,-9,2,1]
[512,0,72,-5,9,0,1]
[15625,875,173,7,1]
[256,64,-64,-4,15,-1,-4,1,1]
[14641,242,-175,2,1]
[729,-81,-9,5,-1,-1,1]
[729,567,198,53,22,7,1]
[15625,-250,-57,-2,1]
[4096,1024,208,-3,13,4,1]
[4096,-1792,704,-183,44,-7,1]
[2401,392,50,8,1]
[256,192,160,68,43,17,10,3,1]
[2401,245,96,5,1]
[15625,1500,136,12,1]
[14641,-3146,351,-26,1]
[4096,-384,65,-6,1]
[15625,1625,202,13,1]
[512,-192,8,15,1,-3,1]
[16384,1152,-47,9,1]
[512,-64,-40,27,-5,-1,1]
[4096,512,320,65,20,2,1]
[729,0,11,0,1]
[4096,-256,-19,-4,1]
[15625,-1000,182,-8,1]
[6561,-1701,257,-21,1]
[256,0,144,4,41,1,9,0,1]
[4096,-2304,928,-279,58,-9,1]
[512,320,56,1,7,5,1]
[16384,-1664,289,-13,1]
[729,-729,423,-161,47,-9,1]
[4096,1024,496,105,31,4,1]
[2401,637,118,13,1]
[4096,256,96,55,6,1,1]
[4096,-2048,768,-213,48,-8,1]
[14641,2057,166,17,1]
[2401,98,71,2,1]
[15625,-3875,486,-31,1]
[729,-243,63,8,7,-3,1]
[4096,-1536,512,-181,32,-6,1]
[4096,704,103,11,1]
[2401,833,159,17,1]
[15625,3000,368,24,1]
[15625,1375,219,11,1]
[729,243,90,1,10,3,1]
[15625,-500,146,-4,1]
[256,64,112,40,25,10,7,1,1]
[4096,0,240,-69,15,0,1]
[4096,0,176,-81,11,0,1]
[15625,1750,84,14,1]
[4096,-512,400,-29,25,-2,1]
[14641,4114,519,34,1]
[729,-81,90,1,10,-1,1]
[14641,-242,-89,-2,1]
[15625,-750,126,-6,1]
[14641,-847,223,-7,1]
[729,243,225,53,25,3,1]
[4096,-2048,544,-115,34,-8,1]
[729,-162,9,-13,1,-2,1]
[15625,-3500,401,-28,1]
[512,-128,24,-29,3,-2,1]
[14641,847,67,7,1]
[256,0,32,0,-7,0,2,0,1]
[4096,-256,272,39,17,-1,1]
[4096,1152,181,18,1]
[256,-64,96,-36,37,-9,6,-1,1]
[6561,243,-103,3,1]
[4096,-1024,352,-59,22,-4,1]
[15625,-750,-101,-6,1]
[4096,256,-240,-33,-15,1,1]
[15625,0,198,0,1]
[4096,-1536,496,-85,31,-6,1]
[14641,-363,-60,-3,1]
[4096,-256,-144,49,-9,-1,1]
[625,0,12,0,1]
[512,0,96,-5,12,0,1]
[4096,0,304,-41,19,0,1]
[4096,256,528,49,33,1,1]
[729,162,90,-2,10,2,1]
[15625,-375,229,-3,1]
[4096,512,272,73,17,2,1]
[15625,625,-18,5,1]
[4096,2048,464,79,29,8,1]
[16384,-512,-107,-4,1]
[729,0,36,37,4,0,1]
[512,-192,8,1,1,-3,1]
[256,-256,176,-76,39,-19,11,-4,1]
[1024,544,131,17,1]
[4096,-1280,400,-75,25,-5,1]
[4096,2560,1216,343,76,10,1]
[4096,0,0,-109,0,0,1]
[4096,512,-32,-25,-2,2,1]
[512,-128,64,-1,8,-2,1]
[4096,1024,64,-15,4,4,1]
[15625,-375,83,-3,1]
[256,256,176,116,63,29,11,4,1]
[16384,-4352,543,-34,1]
[15625,625,-38,5,1]
[16384,1536,273,12,1]
[256,-192,32,-8,11,-2,2,-3,1]
[16384,-640,215,-5,1]
[4096,-1024,608,-121,38,-4,1]
[14641,1331,80,11,1]
[256,128,112,60,25,15,7,2,1]
[4096,2560,1152,321,72,10,1]
[4096,-256,16,-41,1,-1,1]
[2401,294,19,6,1]
[4096,-1024,416,-77,26,-4,1]
[729,0,27,-40,3,0,1]
[4096,-1536,64,51,4,-6,1]
[15625,625,-39,5,1]
[256,-192,144,-36,21,-9,9,-3,1]
[4096,-256,-208,25,-13,-1,1]
[15625,-1000,261,-8,1]
[14641,363,-42,3,1]
[4096,-256,240,7,15,-1,1]
[2401,-686,131,-14,1]
[729,162,36,28,4,2,1]
[4096,-1536,672,-135,42,-6,1]
[16384,-384,-179,-3,1]
[4096,256,288,5,18,1,1]
[15625,3625,429,29,1]
[729,0,153,1,17,0,1]
[4096,-256,-144,77,-9,-1,1]
[256,-64,16,36,-5,9,1,-1,1]
[256,-192,160,-76,41,-19,10,-3,1]
[6561,324,50,4,1]
[4096,-768,304,-27,19,-3,1]
[64,-80,44,-19,11,-5,1]
[16384,2432,339,19,1]
[729,0,117,2,13,0,1]
[4096,-1024,32,59,2,-4,1]
[4096,512,496,47,31,2,1]
[256,256,240,124,75,31,15,4,1]
[14641,2299,189,19,1]
[4096,512,256,-19,16,2,1]
[4096,-768,448,-43,28,-3,1]
[4096,-1024,176,-31,11,-4,1]
[256,-128,96,-60,17,-15,6,-2,1]
[512,320,16,-25,2,5,1]
[15625,1625,196,13,1]
[4096,-1024,384,-75,24,-4,1]
[16384,384,227,3,1]
[14641,1210,-6,10,1]
[14641,726,73,6,1]
[14641,2178,226,18,1]
[16384,0,255,0,1]
[256,64,32,-20,-1,-5,2,1,1]
[256,-64,32,-4,3,-1,2,-1,1]
[4096,-256,32,-79,2,-1,1]
[729,-243,36,-17,4,-3,1]
[4096,-1792,32,91,2,-7,1]
[512,64,-8,-25,-1,1,1]
[4096,1536,336,99,21,6,1]
[256,-256,176,-88,47,-22,11,-4,1]
[14641,-3751,458,-31,1]
[16384,896,-17,7,1]
[6561,-1458,241,-18,1]
[4096,-256,-16,-33,-1,-1,1]
[14641,2299,328,19,1]
[16384,2816,301,22,1]
[14641,-968,111,-8,1]
[4096,-1024,176,-45,11,-4,1]
[256,-320,192,-96,49,-24,12,-5,1]
[625,-125,37,-5,1]
[4096,-1024,192,-1,12,-4,1]
[4096,768,144,81,9,3,1]
[256,-384,336,-224,121,-56,21,-6,1]
[256,-320,320,-208,119,-52,20,-5,1]
[4096,1536,-160,-159,-10,6,1]
[14641,-726,-16,-6,1]
[729,-162,63,1,7,-2,1]
[4096,640,143,10,1]
[729,-405,189,-77,21,-5,1]
[4096,256,16,-105,1,1,1]
[729,405,297,91,33,5,1]
[256,0,16,-32,-3,-8,1,0,1]
[4096,512,128,-59,8,2,1]
[1024,0,-1,0,1]
[4096,-1536,-192,165,-12,-6,1]
[1024,256,41,8,1]
[4096,3072,1344,391,84,12,1]
[4096,-768,144,-85,9,-3,1]
[4096,-1280,560,-123,35,-5,1]
[16384,2560,219,20,1]
[4096,0,80,13,5,0,1]
[15625,2375,194,19,1]
[729,-81,-54,16,-6,-1,1]
[4096,-512,176,-83,11,-2,1]
[729,-486,81,4,9,-6,1]
[15625,-875,184,-7,1]
[6561,162,-91,2,1]
[256,384,336,220,121,55,21,6,1]
[15625,125,217,1,1]
[256,128,16,-20,-25,-5,1,2,1]
[729,-297,64,-11,1]
[512,128,-8,-25,-1,2,1]
[729,243,0,-38,0,3,1]
[4096,-256,384,-21,24,-1,1]
[4096,-1536,272,-33,17,-6,1]
[512,320,128,43,16,5,1]
[4096,1280,96,-11,6,5,1]
[256,-128,176,-72,59,-18,11,-2,1]
[81,11,1]
[256,128,32,20,13,5,2,2,1]
[4096,-2560,704,-145,44,-10,1]
[4096,-1024,160,25,10,-4,1]
[256,-576,688,-552,321,-138,43,-9,1]
[15625,-125,47,-1,1]
[256,0,-32,16,9,4,-2,0,1]
[81,0,7,0,1]
[14641,-2299,296,-19,1]
[256,128,112,68,39,17,7,2,1]
[4096,-256,112,-7,7,-1,1]
[256,0,176,8,57,2,11,0,1]
[15625,2375,338,19,1]
[4096,-1024,-48,41,-3,-4,1]
[4096,-1024,576,-133,36,-4,1]
[4096,256,128,49,8,1,1]
[2401,0,-47,0,1]
[4096,-1280,64,23,4,-5,1]
[256,384,320,224,129,56,20,6,1]
[4096,-2048,800,-207,50,-8,1]
[4096,2048,272,-9,17,8,1]
[729,-405,261,-89,29,-5,1]
[4096,-1536,592,-171,37,-6,1]
[16384,3072,397,24,1]
[14641,242,40,2,1]
[64,-16,0,7,0,-1,1]
[729,-81,108,-14,12,-1,1]
[256,-192,144,-84,57,-21,9,-3,1]
[256,-128,80,-32,15,-8,5,-2,1]
[16384,-768,203,-6,1]
[4096,-256,-16,61,-1,-1,1]
[15625,250,-57,2,1]
[4096,1280,848,159,53,5,1]
[6561,-1863,277,-23,1]
[4096,2048,784,227,49,8,1]
[14641,-1331,137,-11,1]
[256,64,0,-20,-13,-5,0,1,1]
[4096,-512,-208,65,-13,-2,1]
[14641,1089,-18,9,1]
[4096,-1280,-80,91,-5,-5,1]
[4096,2304,1120,301,70,9,1]
[4096,-768,-32,93,-2,-3,1]
[16384,4480,555,35,1]
[256,-128,16,36,-27,9,1,-2,1]
[4096,1536,384,69,24,6,1]
[6561,729,23,9,1]
[4096,2304,736,177,46,9,1]
[729,405,27,-29,3,5,1]
[4096,-1280,432,-87,27,-5,1]
[2401,490,96,10,1]
[4096,-768,-96,103,-6,-3,1]
[15625,-1250,123,-10,1]
[16384,4224,505,33,1]
[14641,-242,-145,-2,1]
[4096,-256,0,75,0,-1,1]
[15625,-1000,1,-8,1]
[256,0,48,-4,13,-1,3,0,1]
[625,25,6,1,1]
[4096,-1280,560,-99,35,-5,1]
[256,-192,64,-56,45,-14,4,-3,1]
[15625,750,156,6,1]
[4096,0,144,-21,9,0,1]
[729,405,117,41,13,5,1]
[4096,-512,32,61,2,-2,1]
[4096,-768,-80,81,-5,-3,1]
[4096,-448,41,-7,1]
[4096,-1024,0,89,0,-4,1]
[4096,-512,512,-53,32,-2,1]
[4096,1792,352,69,22,7,1]
[2401,-294,26,-6,1]
[4096,-512,224,-63,14,-2,1]
[64,-96,84,-49,21,-6,1]
[4096,-1280,528,-145,33,-5,1]
[4096,-2048,672,-173,42,-8,1]
[14641,3630,464,30,1]
[6561,1377,211,17,1]
[6561,-729,95,-9,1]
[729,324,88,12,1]
[16384,-640,89,-5,1]
[4096,1792,672,205,42,7,1]
[15625,-500,238,-4,1]
[512,0,80,-11,10,0,1]
[15625,125,52,1,1]
[256,0,-80,8,19,2,-5,0,1]
[256,0,16,-12,-9,-3,1,0,1]
[15625,-2250,323,-18,1]
[14641,847,20,7,1]
[512,-64,96,3,12,-1,1]
[4096,0,-128,-59,-8,0,1]
[4096,-768,176,-9,11,-3,1]
[14641,484,-120,4,1]
[4096,-512,112,-15,7,-2,1]
[256,-64,16,4,1,1,1,-1,1]
[729,54,10,2,1]
[729,324,108,23,12,4,1]
[256,-128,-48,16,11,4,-3,-2,1]
[256,-256,192,-84,43,-21,12,-4,1]
[81,36,8,4,1]
[256,0,48,12,-7,3,3,0,1]
[729,0,9,1,1,0,1]
[4096,3840,1840,559,115,15,1]
[2401,0,-68,0,1]
[4096,0,480,23,30,0,1]
[4096,-256,16,-59,1,-1,1]
[4096,1536,608,131,38,6,1]
[256,64,32,16,29,4,2,1,1]
[256,64,16,32,17,8,1,1,1]
[16384,-1408,95,-11,1]
[729,-405,90,-11,10,-5,1]
[4096,2304,672,167,42,9,1]
[4096,768,64,53,4,3,1]
[15625,2125,197,17,1]
[4096,512,-176,-75,-11,2,1]
[4096,1536,-112,-131,-7,6,1]
[15625,625,-88,5,1]
[256,256,208,108,59,27,13,4,1]
[14641,-1210,205,-10,1]
[4096,-2816,1264,-375,79,-11,1]
[6561,-891,134,-11,1]
[15625,1500,147,12,1]
[4096,256,0,-43,0,1,1]
[4096,1280,368,129,23,5,1]
[4096,256,16,49,1,1,1]
[729,-162,-54,52,-6,-2,1]
[4096,768,112,-27,7,3,1]
[729,324,207,55,23,4,1]
[4096,-1024,432,-147,27,-4,1]
[729,81,-45,-20,-5,1,1]
[729,162,171,29,19,2,1]
[4096,256,224,-55,14,1,1]
[2401,-686,101,-14,1]
[4096,256,-32,-75,-2,1,1]
[256,64,32,-36,-23,-9,2,1,1]
[15625,125,12,1,1]
[4096,-2048,864,-211,54,-8,1]
[14641,1694,218,14,1]
[2401,441,106,9,1]
[4096,64,111,1,1]
[15625,-4125,508,-33,1]
[16384,128,147,1,1]
[15625,-1250,-14,-10,1]
[15625,-2250,301,-18,1]
[729,-243,27,17,3,-3,1]
[15625,0,47,0,1]
[14641,-1331,51,-11,1]
[4096,1280,512,153,32,5,1]
[4096,768,320,33,20,3,1]
[729,243,-36,-28,-4,3,1]
[4096,512,176,37,11,2,1]
[4096,1280,-80,-75,-5,5,1]
[4096,768,64,-63,4,3,1]
[4096,-512,208,-81,13,-2,1]
[4096,1280,219,20,1]
[256,-576,656,-496,281,-124,41,-9,1]
[15625,2875,322,23,1]
[256,-320,208,-104,49,-26,13,-5,1]
[2401,-784,144,-16,1]
[15625,1000,-22,8,1]
[14641,-1936,156,-16,1]
[729,162,27,23,3,2,1]
[4096,256,304,-29,19,1,1]
[64,16,20,3,5,1,1]
[6561,-162,106,-2,1]
[2401,882,170,18,1]
[2401,98,53,2,1]
[4096,-1536,112,51,7,-6,1]
[15625,-750,56,-6,1]
[4096,1024,304,81,19,4,1]
[4096,1024,272,103,17,4,1]
[14641,-1089,160,-9,1]
[16384,-2816,349,-22,1]
[15625,3000,289,24,1]
[729,-243,36,-11,4,-3,1]
[256,0,64,-4,25,-1,4,0,1]
[4096,0,-69,0,1]
[4096,2048,944,257,59,8,1]
[14641,121,178,1,1]
[14641,3630,423,30,1]
[16384,3072,399,24,1]
[15625,750,131,6,1]
[256,-128,176,-44,49,-11,11,-2,1]
[729,567,324,122,36,7,1]
[6561,-1053,191,-13,1]
[4096,-768,352,-49,22,-3,1]
[4096,512,0,9,0,2,1]
[2401,-392,100,-8,1]
[16384,2432,191,19,1]
[16384,-128,-213,-1,1]
[729,405,-45,-71,-5,5,1]
[256,-256,176,-80,35,-20,11,-4,1]
[14641,-3267,361,-27,1]
[729,162,117,29,13,2,1]
[4096,1536,592,187,37,6,1]
[512,-128,8,15,1,-2,1]
[15625,-1250,63,-10,1]
[4096,2048,496,93,31,8,1]
[729,-81,144,-8,16,-1,1]
[4096,1536,64,-71,4,6,1]
[4096,-320,119,-5,1]
[15625,0,-76,0,1]
[14641,1573,272,13,1]
[4096,768,-80,-49,-5,3,1]
[14641,1089,179,9,1]
[4096,-256,-176,39,-11,-1,1]
[256,64,48,12,-7,3,3,1,1]
[14641,-847,139,-7,1]
[4096,0,-65,0,1]
[15625,-250,-117,-2,1]
[16384,-2176,213,-17,1]
[4096,-256,464,-9,29,-1,1]
[4096,192,89,3,1]
[14641,-1694,84,-14,1]
[256,320,240,164,93,41,15,5,1]
[729,162,162,37,18,2,1]
[4096,2048,624,153,39,8,1]
[16384,1664,101,13,1]
[256,320,160,48,17,12,10,5,1]
[4096,320,51,5,1]
[256,256,224,124,73,31,14,4,1]
[4096,-2304,752,-191,47,-9,1]
[4096,-512,304,17,19,-2,1]
[16384,1408,21,11,1]
[14641,-1331,28,-11,1]
[2401,49,78,1,1]
[256,-64,96,8,13,2,6,-1,1]
[14641,968,49,8,1]
[729,81,-9,8,-1,1,1]
[15625,1125,59,9,1]
[256,-128,-32,20,3,5,-2,-2,1]
[729,-243,72,-35,8,-3,1]
[14641,1210,17,10,1]
[16384,1280,39,10,1]
[512,-64,160,-13,20,-1,1]
[14641,2057,150,17,1]
[729,0,36,-37,4,0,1]
[729,0,171,1,19,0,1]
[256,192,64,0,-13,0,4,3,1]
[15625,-1625,147,-13,1]
[256,-192,208,-108,75,-27,13,-3,1]
[14641,1210,38,10,1]
[15625,500,217,4,1]
[16384,384,75,3,1]
[256,-64,-16,-8,29,-2,-1,-1,1]
[4096,-2048,688,-193,43,-8,1]
[4096,-1024,704,-123,44,-4,1]
[512,0,-24,-23,-3,0,1]
[4096,2304,1072,285,67,9,1]
[256,320,240,152,85,38,15,5,1]
[2401,-147,93,-3,1]
[4096,2048,832,207,52,8,1]
[4096,512,96,-27,6,2,1]
[15625,-2000,288,-16,1]
[256,128,-16,0,11,0,-1,2,1]
[15625,-1875,266,-15,1]
[4096,1024,-48,-81,-3,4,1]
[256,-128,0,16,-15,4,0,-2,1]
[15625,875,247,7,1]
[4096,768,256,97,16,3,1]
[512,64,-32,-1,-4,1,1]
[14641,242,-17,2,1]
[14641,3025,388,25,1]
[256,384,304,176,91,44,19,6,1]
[256,-64,0,-24,15,-6,0,-1,1]
[15625,-125,121,-1,1]
[512,192,104,33,13,3,1]
[4096,-1024,704,-115,44,-4,1]
[14641,-2662,338,-22,1]
[16384,2048,165,16,1]
[4096,-1280,128,-29,8,-5,1]
[256,-256,160,-72,27,-18,10,-4,1]
[512,64,-24,-43,-3,1,1]
[256,-256,144,-60,31,-15,9,-4,1]
[256,192,64,36,31,9,4,3,1]
[4096,768,256,77,16,3,1]
[729,-189,19,-7,1]
[4096,512,256,49,16,2,1]
[729,-162,108,-40,12,-2,1]
[256,0,48,24,7,6,3,0,1]
[14641,3509,438,29,1]
[4096,-1792,368,-57,23,-7,1]
[15625,1500,102,12,1]
[729,162,81,-1,9,2,1]
[4096,1536,592,169,37,6,1]
[729,-162,-9,28,-1,-2,1]
[4096,-1024,192,-21,12,-4,1]
[4096,1024,-112,-65,-7,4,1]
[15625,-250,58,-2,1]
[256,-192,96,-72,49,-18,6,-3,1]
[4096,-1024,400,-83,25,-4,1]
[256,-64,48,8,3,2,3,-1,1]
[14641,-1089,78,-9,1]
[4096,-768,-80,51,-5,-3,1]
[15625,500,-42,4,1]
[729,648,270,88,30,8,1]
[256,-320,224,-108,47,-27,14,-5,1]
[4096,0,64,111,4,0,1]
[4096,-1536,768,-175,48,-6,1]
[15625,3250,408,26,1]
[256,128,48,-24,-9,-6,3,2,1]
[729,-81,45,-11,5,-1,1]
[256,-256,160,-44,17,-11,10,-4,1]
[729,-567,315,-116,35,-7,1]
[4096,-2304,880,-249,55,-9,1]
[729,567,288,110,32,7,1]
[14641,1089,139,9,1]
[729,-405,171,-53,19,-5,1]
[256,-256,192,-128,65,-32,12,-4,1]
[4096,1280,-128,-103,-8,5,1]
[14641,363,46,3,1]
[729,162,-45,-40,-5,2,1]
[256,-192,144,-72,39,-18,9,-3,1]
[256,64,48,40,21,10,3,1,1]
[15625,-875,6,-7,1]
[4096,768,96,61,6,3,1]
[4096,0,0,-97,0,0,1]
[4096,-2048,464,-77,29,-8,1]
[4096,-1792,704,-175,44,-7,1]
[256,-64,64,-12,5,-3,4,-1,1]
[256,128,-16,-24,-1,-6,-1,2,1]
[4096,2048,288,9,18,8,1]
[6561,-810,34,-10,1]
[729,-405,171,-67,19,-5,1]
[14641,121,-71,1,1]
[729,486,261,89,29,6,1]
[4096,-2304,960,-279,60,-9,1]
[4096,512,576,63,36,2,1]
[4096,512,160,71,10,2,1]
[4096,768,160,61,10,3,1]
[4096,-256,-35,-4,1]
[625,-25,41,-1,1]
[15625,1500,237,12,1]
[4096,2048,400,67,25,8,1]
[729,0,-27,32,-3,0,1]
[729,405,99,22,11,5,1]
[16384,640,117,5,1]
[14641,484,-35,4,1]
[4096,-1024,640,-97,40,-4,1]
[16384,-2048,205,-16,1]
[256,0,32,-28,-7,-7,2,0,1]
[256,64,96,-32,7,-8,6,1,1]
[15625,-3375,402,-27,1]
[4096,512,256,97,16,2,1]
[256,-128,80,-20,21,-5,5,-2,1]
[14641,242,137,2,1]
[256,-256,240,-160,87,-40,15,-4,1]
[6561,-486,136,-6,1]
[14641,605,-90,5,1]
[4096,3840,1776,531,111,15,1]
[2401,147,89,3,1]
[4096,-768,400,-35,25,-3,1]
[14641,-605,-10,-5,1]
[256,192,112,48,19,12,7,3,1]
[4096,-1280,-176,139,-11,-5,1]
[512,128,24,3,3,2,1]
[4096,1024,-16,-95,-1,4,1]
[256,128,48,20,7,5,3,2,1]
[14641,242,-139,2,1]
[15625,-875,134,-7,1]
[14641,-3751,453,-31,1]
[4096,1024,304,21,19,4,1]
[4096,448,27,7,1]
[729,405,198,67,22,5,1]
[2401,-294,51,-6,1]
[256,64,80,44,21,11,5,1,1]
[15625,-750,-16,-6,1]
[4096,1536,528,111,33,6,1]
[14641,1089,-41,9,1]
[256,-128,112,-52,31,-13,7,-2,1]
[4096,1280,336,33,21,5,1]
[4096,-1536,192,-23,12,-6,1]
[512,0,48,-21,6,0,1]
[4096,512,368,17,23,2,1]
[256,192,128,76,45,19,8,3,1]
[14641,2541,312,21,1]
[256,256,144,64,27,16,9,4,1]
[14641,-3872,491,-32,1]
[15625,250,149,2,1]
[256,64,96,36,19,9,6,1,1]
[4096,1280,272,25,17,5,1]
[16384,512,187,4,1]
[14641,484,160,4,1]
[4096,-1024,304,-61,19,-4,1]
[256,128,32,4,-5,1,2,2,1]
[15625,-3125,334,-25,1]
[256,64,112,12,29,3,7,1,1]
[6561,0,128,0,1]
[512,-64,80,-7,10,-1,1]
[4096,-512,112,-107,7,-2,1]
[15625,3625,399,29,1]
[256,-128,-64,4,29,1,-4,-2,1]
[256,64,-16,-20,7,-5,-1,1,1]
[6561,-1377,178,-17,1]
[4096,-1280,432,-139,27,-5,1]
[256,-256,112,-20,-3,-5,7,-4,1]
[14641,3025,338,25,1]
[2401,392,45,8,1]
[256,0,-32,-8,17,-2,-2,0,1]
[729,81,16,3,1]
[512,256,152,51,19,4,1]
[4096,-2560,944,-257,59,-10,1]
[4096,2048,800,251,50,8,1]
[2401,196,-31,4,1]
[14641,-1089,101,-9,1]
[4096,-448,7,-7,1]
[14641,-726,4,-6,1]
[14641,-2057,212,-17,1]
[512,-192,104,-55,13,-3,1]
[14641,-968,-65,-8,1]
[729,324,117,25,13,4,1]
[6561,-81,7,-1,1]
[4096,-256,400,-19,25,-1,1]
[15625,-1625,83,-13,1]
[4096,-1792,352,-53,22,-7,1]
[729,162,18,-19,2,2,1]
[256,0,64,8,13,2,4,0,1]
[4096,1024,464,111,29,4,1]
[4096,-1536,592,-145,37,-6,1]
[256,64,21,4,1]
[4096,512,96,-55,6,2,1]
[4096,-512,448,-87,28,-2,1]
[16384,-2560,309,-20,1]
[4096,1792,96,-51,6,7,1]
[4096,1280,0,-51,0,5,1]
[15625,-1125,-16,-9,1]
[256,-128,96,-48,33,-12,6,-2,1]
[81,9,16,1,1]
[4096,-256,544,-13,34,-1,1]
[256,0,16,-28,-7,-7,1,0,1]
[14641,484,-106,4,1]
[15625,500,-47,4,1]
[256,-128,176,-76,57,-19,11,-2,1]
[2401,637,102,13,1]
[4096,-5120,2880,-927,180,-20,1]
[256,-64,112,-12,33,-3,7,-1,1]
[512,64,72,25,9,1,1]
[4096,1792,688,155,43,7,1]
[729,162,81,20,9,2,1]
[729,-405,180,-70,20,-5,1]
[4096,256,-32,9,-2,1,1]
[256,-128,112,-48,31,-12,7,-2,1]
[256,0,32,16,-11,4,2,0,1]
[15625,1500,103,12,1]
[4096,-1024,160,17,10,-4,1]
[256,128,47,8,1]
[16384,-1152,23,-9,1]
[15625,500,148,4,1]
[4096,-768,-160,49,-10,-3,1]
[4096,2048,752,211,47,8,1]
[729,-486,153,-43,17,-6,1]
[256,128,192,72,65,18,12,2,1]
[16384,-4864,607,-38,1]
[15625,-1000,11,-8,1]
[256,0,-16,8,15,2,-1,0,1]
[256,192,144,52,31,13,9,3,1]
[256,320,192,88,41,22,12,5,1]
[4096,1280,160,23,10,5,1]
[15625,0,-36,0,1]
[256,-192,112,-24,13,-6,7,-3,1]
[4096,1792,736,191,46,7,1]
[14641,-2904,299,-24,1]
[4096,-1536,-16,81,-1,-6,1]
[4096,1280,-112,-131,-7,5,1]
[512,-256,128,-59,16,-4,1]
[729,-486,225,-73,25,-6,1]
[4096,320,63,5,1]
[15625,1250,244,10,1]
[4096,-768,144,-91,9,-3,1]
[4096,-2048,560,-109,35,-8,1]
[4096,512,-48,-31,-3,2,1]
[256,-64,0,8,11,2,0,-1,1]
[16384,1024,127,8,1]
[256,64,16,-8,-15,-2,1,1,1]
[256,-64,-16,12,1,3,-1,-1,1]
[4096,0,48,1,3,0,1]
[15625,500,44,4,1]
[256,128,32,-36,-27,-9,2,2,1]
[2401,-294,100,-6,1]
[6561,-972,164,-12,1]
[4096,1280,352,81,22,5,1]
[729,0,117,7,13,0,1]
[4096,-256,-240,27,-15,-1,1]
[4096,256,112,-55,7,1,1]
[15625,1750,87,14,1]
[15625,625,82,5,1]
[4096,0,192,81,12,0,1]
[6561,0,-139,0,1]
[15625,-1375,56,-11,1]
[4096,512,112,117,7,2,1]
[14641,968,255,8,1]
[512,-128,48,-23,6,-2,1]
[256,-320,208,-72,27,-18,13,-5,1]
[15625,2875,272,23,1]
[4096,-512,128,-87,8,-2,1]
[14641,-1452,181,-12,1]
[4096,-512,320,-59,20,-2,1]
[256,192,0,24,41,6,0,3,1]
[1024,-96,21,-3,1]
[4096,-768,-160,65,-10,-3,1]
[625,75,-13,3,1]
[1024,64,13,2,1]
[256,-192,64,16,-13,4,4,-3,1]
[15625,3500,407,28,1]
[14641,-1210,193,-10,1]
[729,486,153,41,17,6,1]
[15625,125,-73,1,1]
[15625,3500,378,28,1]
[14641,-484,131,-4,1]
[4096,1024,-32,-87,-2,4,1]
[14641,-1815,295,-15,1]
[4096,512,-96,-77,-6,2,1]
[4096,-768,368,-17,23,-3,1]
[729,162,27,-26,3,2,1]
[14641,-847,214,-7,1]
[15625,-125,-111,-1,1]
[4096,-1280,576,-97,36,-5,1]
[14641,1573,193,13,1]
[15625,3500,444,28,1]
[729,81,135,11,15,1,1]
[4096,768,256,103,16,3,1]
[64,-16,12,1,3,-1,1]
[256,-192,176,-116,59,-29,11,-3,1]
[4096,-768,512,-57,32,-3,1]
[512,-192,152,-39,19,-3,1]
[256,64,-16,0,23,0,-1,1,1]
[6561,-1377,181,-17,1]
[2401,-490,53,-10,1]
[4096,512,-48,-21,-3,2,1]
[6561,-810,58,-10,1]
[14641,-3025,360,-25,1]
[4096,256,-80,-97,-5,1,1]
[6561,81,-31,1,1]
[2401,245,9,5,1]
[4096,1280,-112,-95,-7,5,1]
[1024,-160,61,-5,1]
[4096,-1536,480,-171,30,-6,1]
[256,-128,48,16,-7,4,3,-2,1]
[256,-320,304,-196,113,-49,19,-5,1]
[16384,1280,113,10,1]
[729,0,-18,-4,-2,0,1]
[14641,1331,153,11,1]
[16384,2432,233,19,1]
[4096,-512,-144,71,-9,-2,1]
[14641,-1210,83,-10,1]
[4096,768,288,-1,18,3,1]
[512,0,-16,-23,-2,0,1]
[512,192,64,37,8,3,1]
[4096,1280,-64,-111,-4,5,1]
[4096,-1024,336,-109,21,-4,1]
[729,81,63,-20,7,1,1]
[16384,-512,231,-4,1]
[256,192,32,-52,-43,-13,2,3,1]
[2401,735,122,15,1]
[14641,1815,287,15,1]
[14641,-1815,265,-15,1]
[14641,-847,-86,-7,1]
[4096,768,224,23,14,3,1]
[14641,3025,345,25,1]
[4096,512,528,35,33,2,1]
[512,-448,240,-101,30,-7,1]
[4096,3072,1088,287,68,12,1]
[14641,-726,219,-6,1]
[4096,512,464,47,29,2,1]
[729,162,180,22,20,2,1]
[729,162,-9,-41,-1,2,1]
[256,64,-48,-4,15,-1,-3,1,1]
[4096,-1792,208,-5,13,-7,1]
[4096,-128,-7,-2,1]
[4096,-768,-48,85,-3,-3,1]
[4096,-1536,464,-155,29,-6,1]
[4096,1536,176,-1,11,6,1]
[729,-81,-54,8,-6,-1,1]
[15625,-4125,503,-33,1]
[256,-192,112,-20,5,-5,7,-3,1]
[4096,1792,384,73,24,7,1]
[4096,-2560,704,-153,44,-10,1]
[729,243,117,37,13,3,1]
[15625,-1500,247,-12,1]
[256,-64,16,12,-1,3,1,-1,1]
[729,-162,-9,17,-1,-2,1]
[4096,1792,512,93,32,7,1]
[256,256,160,88,47,22,10,4,1]
[4096,-1024,672,-127,42,-4,1]
[4096,0,112,-27,7,0,1]
[4096,512,-48,-33,-3,2,1]
[4096,-1792,496,-109,31,-7,1]
[15625,250,207,2,1]
[4096,256,-64,-43,-4,1,1]
[2401,-686,134,-14,1]
[512,192,-16,-25,-2,3,1]
[15625,-125,-177,-1,1]
[4096,-256,11,-4,1]
[16384,-3712,417,-29,1]
[4096,2048,288,15,18,8,1]
[15625,1750,243,14,1]
[729,-162,27,16,3,-2,1]
[729,162,-54,-41,-6,2,1]
[512,-256,128,-51,16,-4,1]
[4096,-256,-16,-19,-1,-1,1]
[15625,-125,123,-1,1]
[2401,-343,76,-7,1]
[4096,-1024,144,-45,9,-4,1]
[256,128,-16,12,27,3,-1,2,1]
[14641,484,69,4,1]
[4096,-1024,208,-81,13,-4,1]
[6561,972,95,12,1]
[4096,512,192,-27,12,2,1]
[4096,256,-64,-39,-4,1,1]
[4096,1792,368,67,23,7,1]
[14641,-847,254,-7,1]
[256,384,336,216,119,54,21,6,1]
[729,162,-45,-43,-5,2,1]
[15625,250,186,2,1]
[4096,-1536,816,-181,51,-6,1]
[16384,1408,179,11,1]
[256,-64,16,-8,-5,-2,1,-1,1]
[14641,-2299,227,-19,1]
[15625,2125,286,17,1]
[4096,512,272,-3,17,2,1]
[4096,1792,576,167,36,7,1]
[4096,3584,1488,421,93,14,1]
[15625,-2750,292,-22,1]
[4,-1,1]
[14641,-484,-145,-4,1]
[729,405,153,58,17,5,1]
[256,-128,-48,0,25,0,-3,-2,1]
[4096,768,-160,-65,-10,3,1]
[15625,-3750,428,-30,1]
[256,-128,37,-8,1]
[4096,256,368,3,23,1,1]
[4096,768,528,91,33,3,1]
[256,0,-80,12,27,3,-5,0,1]
[14641,-1573,281,-13,1]
[27,-10,1]
[4096,-1536,512,-157,32,-6,1]
[15625,-1750,91,-14,1]
[4096,1280,336,119,21,5,1]
[4096,0,208,43,13,0,1]
[6561,648,79,8,1]
[16384,512,181,4,1]
[16384,2432,301,19,1]
[4096,1280,-80,-115,-5,5,1]
[256,192,128,84,55,21,8,3,1]
[4096,1536,480,173,30,6,1]
[256,-384,288,-140,63,-35,18,-6,1]
[4096,-512,-176,25,-11,-2,1]
[16384,-3840,427,-30,1]
[256,192,64,8,-1,2,4,3,1]
[1024,64,19,2,1]
[4096,-1792,464,-103,29,-7,1]
[15625,2625,317,21,1]
[512,0,136,-1,17,0,1]
[14641,-121,219,-1,1]
[729,0,9,32,1,0,1]
[6561,0,-107,0,1]
[729,243,18,4,2,3,1]
[4096,2304,560,107,35,9,1]
[4096,-512,240,-29,15,-2,1]
[512,-448,264,-103,33,-7,1]
[4096,-1792,128,47,8,-7,1]
[256,-64,0,32,-9,8,0,-1,1]
[256,0,32,0,19,0,2,0,1]
[15625,1875,164,15,1]
[15625,1375,43,11,1]
[256,64,16,-32,-7,-8,1,1,1]
[4096,-2304,528,-99,33,-9,1]
[4096,2048,352,41,22,8,1]
[512,256,112,25,14,4,1]
[256,64,-48,-8,11,-2,-3,1,1]
[4096,-1024,161,-16,1]
[4096,0,48,85,3,0,1]
[256,64,48,32,9,8,3,1,1]
[16384,2944,385,23,1]
[4096,-512,0,-49,0,-2,1]
[4096,-1024,80,-11,5,-4,1]
[729,648,378,146,42,8,1]
[4096,1280,560,99,35,5,1]
[1024,-288,47,-9,1]
[256,320,128,-52,-61,-13,8,5,1]
[4096,-1536,512,-135,32,-6,1]
[6561,810,166,10,1]
[16384,1280,117,10,1]
[14641,-1694,279,-14,1]
[16384,-896,245,-7,1]
[4096,256,-48,27,-3,1,1]
[4096,-1280,576,-125,36,-5,1]
[4096,-1024,448,-57,28,-4,1]
[1024,-64,-41,-2,1]
[16384,2816,323,22,1]
[4096,-128,-91,-2,1]
[729,-81,-18,-10,-2,-1,1]
[2401,-196,6,-4,1]
[4096,1792,448,87,28,7,1]
[4096,-448,3,-7,1]
[14641,1694,76,14,1]
[4096,2304,752,199,47,9,1]
[256,64,112,-12,19,-3,7,1,1]
[4096,-512,96,63,6,-2,1]
[729,27,5,1,1]
[6561,162,-94,2,1]
[4096,-512,416,-79,26,-2,1]
[16384,1024,-25,8,1]
[4096,-256,64,-93,4,-1,1]
[729,81,-27,-26,-3,1,1]
[729,162,72,46,8,2,1]
[729,162,18,-28,2,2,1]
[15625,-375,194,-3,1]
[4096,-512,272,-59,17,-2,1]
[4096,-512,-96,123,-6,-2,1]
[4096,2048,480,97,30,8,1]
[4096,256,112,-35,7,1,1]
[14641,2904,354,24,1]
[512,-192,40,5,5,-3,1]
[256,-64,-16,-24,25,-6,-1,-1,1]
[256,64,-16,4,3,1,-1,1,1]
[15625,2125,297,17,1]
[512,448,272,109,34,7,1]
[256,0,32,-4,-15,-1,2,0,1]
[625,50,46,2,1]
[4096,-1280,448,-149,28,-5,1]
[4096,1280,224,5,14,5,1]
[4096,0,16,-101,1,0,1]
[729,-405,63,10,7,-5,1]
[4096,-768,-16,-7,-1,-3,1]
[4096,1280,-32,-69,-2,5,1]
[4096,512,144,-57,9,2,1]
[4096,-512,-32,19,-2,-2,1]
[2401,-49,62,-1,1]
[15625,-500,47,-4,1]
[15625,375,198,3,1]
[6561,-1215,110,-15,1]
[4096,1792,0,-107,0,7,1]
[4096,-768,240,-117,15,-3,1]
[4096,-256,560,-23,35,-1,1]
[4096,2048,768,245,48,8,1]
[4096,-1792,544,-119,34,-7,1]
[4096,1536,368,65,23,6,1]
[15625,-1500,161,-12,1]
[14641,2662,303,22,1]
[15625,750,-76,6,1]
[4096,768,368,39,23,3,1]
[4096,1024,157,16,1]
[256,192,224,112,79,28,14,3,1]
[6561,243,134,3,1]
[4096,-768,112,-11,7,-3,1]
[4096,0,208,-47,13,0,1]
[256,192,80,56,37,14,5,3,1]
[256,-128,16,20,-19,5,1,-2,1]
[14641,1089,-15,9,1]
[16384,-1536,195,-12,1]
[729,81,126,1,14,1,1]
[6561,324,142,4,1]
[16384,-2048,189,-16,1]
[4096,1024,-96,-77,-6,4,1]
[4096,-768,352,-93,22,-3,1]
[4096,1536,672,183,42,6,1]
[16384,512,-137,4,1]
[512,-256,128,-49,16,-4,1]
[16384,1152,-11,9,1]
[256,320,224,100,45,25,14,5,1]
[256,-192,32,-20,21,-5,2,-3,1]
[4096,-768,192,-115,12,-3,1]
[4096,256,144,111,9,1,1]
[4096,2048,608,173,38,8,1]
[4096,0,96,-15,6,0,1]
[4096,-256,-176,53,-11,-1,1]
[4096,1536,272,43,17,6,1]
[256,192,64,56,47,14,4,3,1]
[15625,875,-46,7,1]
[4096,0,-80,41,-5,0,1]
[4096,1024,128,7,8,4,1]
[14641,-2662,322,-22,1]
[14641,-605,109,-5,1]
[14641,363,-98,3,1]
[15625,-1625,228,-13,1]
[256,-128,48,-12,7,-3,3,-2,1]
[4096,512,-16,37,-1,2,1]
[16384,2176,159,17,1]
[4096,-1024,192,-65,12,-4,1]
[14641,-1452,146,-12,1]
[512,-128,88,-33,11,-2,1]
[4096,768,384,51,24,3,1]
[256,0,-16,-4,1,-1,-1,0,1]
[6561,-486,89,-6,1]
[4096,256,-48,-37,-3,1,1]
[256,128,128,16,23,4,8,2,1]
[2401,343,75,7,1]
[15625,-1375,79,-11,1]
[4096,-768,272,-77,17,-3,1]
[15625,125,-148,1,1]
[4096,256,-64,13,-4,1,1]
[6561,243,89,3,1]
[4096,0,288,-27,18,0,1]
[512,-64,16,7,2,-1,1]
[14641,-1573,283,-13,1]
[16384,-2688,229,-21,1]
[256,64,-16,0,3,0,-1,1,1]
[4096,-1536,400,-65,25,-6,1]
[256,0,-96,4,27,1,-6,0,1]
[256,-64,64,-52,15,-13,4,-1,1]
[4096,-512,160,-49,10,-2,1]
[14641,-2904,303,-24,1]
[4096,-1024,-112,91,-7,-4,1]
[6561,-567,70,-7,1]
[4096,0,80,-103,5,0,1]
[16384,-512,13,-4,1]
[2401,196,85,4,1]
[4096,-1536,288,-59,18,-6,1]
[14641,3146,334,26,1]
[4096,256,-32,-23,-2,1,1]
[15625,2250,284,18,1]
[4096,-768,288,-31,18,-3,1]
[4096,768,192,99,12,3,1]
[16384,-1152,107,-9,1]
[6561,972,76,12,1]
[2401,-49,-32,-1,1]
[14641,-605,62,-5,1]
[14641,-605,2,-5,1]
[4096,-768,80,39,5,-3,1]
[14641,-2541,260,-21,1]
[6561,-1377,187,-17,1]
[4096,-1280,-16,53,-1,-5,1]
[729,0,9,17,1,0,1]
[16384,384,243,3,1]
[16384,0,93,0,1]
[4096,1024,336,121,21,4,1]
[4096,1536,272,53,17,6,1]
[6561,1863,287,23,1]
[4096,1536,464,137,29,6,1]
[4096,1600,277,25,1]
[6561,-486,65,-6,1]
[14641,-2904,305,-24,1]
[6561,324,41,4,1]
[16384,3072,343,24,1]
[256,128,0,-20,-3,-5,0,2,1]
[4096,-1536,-112,127,-7,-6,1]
[4096,2048,448,69,28,8,1]
[4096,1792,656,139,41,7,1]
[729,-486,279,-101,31,-6,1]
[4096,1280,112,-39,7,5,1]
[729,-324,135,-43,15,-4,1]
[729,81,0,-41,0,1,1]
[1024,-96,57,-3,1]
[4096,1024,-128,-81,-8,4,1]
[4096,768,128,81,8,3,1]
[256,-128,-16,32,-11,8,-1,-2,1]
[4096,0,320,-41,20,0,1]
[4096,-1024,432,-99,27,-4,1]
[4096,-1536,32,67,2,-6,1]
[729,-162,63,-20,7,-2,1]
[15625,125,144,1,1]
[6561,-162,109,-2,1]
[729,243,36,19,4,3,1]
[64,16,12,5,3,1,1]
[512,-64,136,-21,17,-1,1]
[512,-128,48,-33,6,-2,1]
[4096,1024,592,127,37,4,1]
[4096,512,144,53,9,2,1]
[64,64,44,21,11,4,1]
[4096,-768,32,27,2,-3,1]
[16384,-2304,159,-18,1]
[4096,-512,176,41,11,-2,1]
[4096,-2048,688,-185,43,-8,1]
[4096,0,-64,83,-4,0,1]
[4096,0,368,-11,23,0,1]
[14641,605,17,5,1]
[4096,0,96,61,6,0,1]
[4096,-1280,384,-93,24,-5,1]
[256,-192,48,40,-39,10,3,-3,1]
[256,-64,48,20,-3,5,3,-1,1]
[15625,1750,178,14,1]
[4096,1024,192,13,12,4,1]
[15625,0,-31,0,1]
[1024,288,63,9,1]
[256,0,112,44,21,11,7,0,1]
[4096,-1280,176,-25,11,-5,1]
[14641,242,-193,2,1]
[256,-192,144,-60,37,-15,9,-3,1]
[15625,1375,78,11,1]
[14641,0,-51,0,1]
[4096,-1792,352,-45,22,-7,1]
[4096,-768,352,-117,22,-3,1]
[15625,-3500,409,-28,1]
[4096,-1792,416,-111,26,-7,1]
[256,320,272,172,95,43,17,5,1]
[14641,-1331,266,-11,1]
[4096,768,-16,-73,-1,3,1]
[14641,1694,216,14,1]
[4096,256,496,15,31,1,1]
[256,256,96,68,53,17,6,4,1]
[4096,-256,496,-5,31,-1,1]
[4096,-256,400,1,25,-1,1]
[512,-192,144,-33,18,-3,1]
[256,128,96,72,29,18,6,2,1]
[14641,1089,101,9,1]
[4096,1024,112,-35,7,4,1]
[2401,0,-58,0,1]
[729,0,45,17,5,0,1]
[256,0,128,12,33,3,8,0,1]
[4096,512,-144,-65,-9,2,1]
[729,81,23,3,1]
[6561,1215,205,15,1]
[729,162,63,49,7,2,1]
[4096,-768,208,3,13,-3,1]
[256,192,128,44,19,11,8,3,1]
[4096,-768,80,-5,5,-3,1]
[256,-128,64,-24,5,-6,4,-2,1]
[729,-162,-18,-1,-2,-2,1]
[4096,256,64,99,4,1,1]
[729,-81,108,-10,12,-1,1]
[729,0,126,-10,14,0,1]
[15625,-750,-96,-6,1]
[256,0,32,36,5,9,2,0,1]
[14641,363,-100,3,1]
[4096,3840,1776,535,111,15,1]
[729,324,72,29,8,4,1]
[4096,-2304,640,-143,40,-9,1]
[14641,1089,157,9,1]
[256,-192,96,-28,7,-7,6,-3,1]
[14641,-2057,200,-17,1]
[729,243,108,17,12,3,1]
[15625,-1750,237,-14,1]
[6561,81,31,1,1]
[4096,-512,-96,71,-6,-2,1]
[14641,2783,304,23,1]
[6561,-972,173,-12,1]
[256,64,64,48,3,12,4,1,1]
[6561,-1701,262,-21,1]
[14641,1815,283,15,1]
[4096,1280,96,-19,6,5,1]
[256,192,48,-32,-33,-8,3,3,1]
[16384,4480,559,35,1]
[4096,1536,288,73,18,6,1]
[4096,768,224,43,14,3,1]
[14641,847,60,7,1]
[729,-81,-36,25,-4,-1,1]
[2401,0,64,0,1]
[14641,-1573,82,-13,1]
[256,192,128,88,47,22,8,3,1]
[4096,0,-176,35,-11,0,1]
[14641,1694,68,14,1]
[16384,-384,177,-3,1]
[4096,256,176,-63,11,1,1]
[4096,256,16,-25,1,1,1]
[256,0,-64,-12,21,-3,-4,0,1]
[4096,-1024,336,-75,21,-4,1]
[512,-512,344,-141,43,-8,1]
[4096,1536,48,-57,3,6,1]
[256,128,96,56,27,14,6,2,1]
[4096,2304,1040,279,65,9,1]
[16384,768,169,6,1]
[2401,-196,87,-4,1]
[512,64,-16,13,-2,1,1]
[14641,1331,118,11,1]
[4096,1792,656,151,41,7,1]
[4096,256,576,21,36,1,1]
[15625,-625,-6,-5,1]
[729,-162,9,-16,1,-2,1]
[14641,-2904,327,-24,1]
[4096,1280,384,79,24,5,1]
[14641,2178,162,18,1]
[4096,1280,80,-41,5,5,1]
[14641,-1936,298,-16,1]
[15625,250,87,2,1]
[256,128,144,56,45,14,9,2,1]
[4096,-512,-192,57,-12,-2,1]
[729,243,40,9,1]
[4096,768,96,69,6,3,1]
[4096,1280,-16,-65,-1,5,1]
[14641,121,114,1,1]
[4096,1536,320,57,20,6,1]
[15625,-125,222,-1,1]
[4096,-256,-32,87,-2,-1,1]
[4096,-2304,1040,-281,65,-9,1]
[4096,-512,224,-89,14,-2,1]
[729,-648,234,-65,26,-8,1]
[512,-64,-40,21,-5,-1,1]
[14641,-1815,291,-15,1]
[4096,0,400,39,25,0,1]
[14641,-363,208,-3,1]
[14641,-1694,82,-14,1]
[4096,768,0,-61,0,3,1]
[4096,512,-48,-79,-3,2,1]
[4096,-512,16,61,1,-2,1]
[15625,-2250,271,-18,1]
[15625,-250,-179,-2,1]
[256,64,64,24,27,6,4,1,1]
[256,128,112,36,23,9,7,2,1]
[15625,2000,304,16,1]
[16384,-640,51,-5,1]
[4096,-2304,608,-127,38,-9,1]
[2401,147,-52,3,1]
[729,81,45,-7,5,1,1]
[256,64,64,-20,3,-5,4,1,1]
[4096,-1280,352,-113,22,-5,1]
[6561,0,2,0,1]
[512,0,-8,33,-1,0,1]
[4096,1792,368,43,23,7,1]
[4096,768,-96,-103,-6,3,1]
[729,0,0,-32,0,0,1]
[4096,-1280,528,-153,33,-5,1]
[256,-128,-32,-20,41,-5,-2,-2,1]
[15625,1000,81,8,1]
[729,0,9,11,1,0,1]
[6561,-891,43,-11,1]
[4096,512,128,-17,8,2,1]
[4096,-256,-112,-11,-7,-1,1]
[16384,-1024,73,-8,1]
[4096,-256,624,-29,39,-1,1]
[256,-128,32,48,-29,12,2,-2,1]
[512,-128,168,-29,21,-2,1]
[15625,500,59,4,1]
[256,-128,32,20,-25,5,2,-2,1]
[4096,2048,960,259,60,8,1]
[4096,3328,1536,457,96,13,1]
[512,256,168,59,21,4,1]
[4096,1024,64,3,4,4,1]
[256,-128,128,-80,33,-20,8,-2,1]
[15625,2000,183,16,1]
[4096,1280,592,105,37,5,1]
[64,-8,1,-1,1]
[729,-243,153,-37,17,-3,1]
[4096,768,-16,-13,-1,3,1]
[4096,-1536,480,-161,30,-6,1]
[14641,-726,-106,-6,1]
[6561,729,118,9,1]
[2401,882,178,18,1]
[16384,1536,129,12,1]
[6561,0,-88,0,1]
[256,192,128,96,51,24,8,3,1]
[256,64,48,36,15,9,3,1,1]
[14641,0,135,0,1]
[256,-64,16,-8,3,-2,1,-1,1]
[512,512,296,117,37,8,1]
[4096,1024,80,-15,5,4,1]
[256,64,32,20,13,5,2,1,1]
[4096,-2560,832,-213,52,-10,1]
[16384,-2816,369,-22,1]
[14641,-1210,259,-10,1]
[16384,-1920,181,-15,1]
[4096,0,320,49,20,0,1]
[256,-192,112,-76,41,-19,7,-3,1]
[4096,-512,144,-39,9,-2,1]
[15625,-1250,214,-10,1]
[512,256,152,41,19,4,1]
[4096,1536,416,103,26,6,1]
[729,-405,99,-20,11,-5,1]
[4096,2048,784,213,49,8,1]
[256,-256,192,-136,75,-34,12,-4,1]
[4096,512,496,51,31,2,1]
[729,324,216,68,24,4,1]
[4096,256,0,21,0,1,1]
[15625,-1000,4,-8,1]
[4096,-512,-128,73,-8,-2,1]
[4096,1280,704,135,44,5,1]
[4096,-2048,704,-217,44,-8,1]
[4096,-512,368,-15,23,-2,1]
[4096,-512,400,-79,25,-2,1]
[729,324,144,77,16,4,1]
[15625,-1375,251,-11,1]
[4096,768,144,-37,9,3,1]
[4096,-2048,928,-237,58,-8,1]
[512,-192,72,-35,9,-3,1]
[64,0,0,-5,0,0,1]
[4096,2816,960,249,60,11,1]
[15625,-1125,228,-9,1]
[15625,-1250,189,-10,1]
[256,-128,32,-12,15,-3,2,-2,1]
[16384,-1280,25,-10,1]
[4096,1024,-16,-91,-1,4,1]
[4096,-256,240,-21,15,-1,1]
[64,0,20,7,5,0,1]
[14641,-1694,232,-14,1]
[16384,3712,419,29,1]
[4096,0,-16,51,-1,0,1]
[4096,512,-32,-83,-2,2,1]
[16384,1024,141,8,1]
[4096,-1280,-208,171,-13,-5,1]
[14641,1331,149,11,1]
[4096,1536,608,129,38,6,1]
[256,192,80,40,31,10,5,3,1]
[4096,1536,304,49,19,6,1]
[14641,242,201,2,1]
[4096,-192,89,-3,1]
[729,324,-18,-44,-2,4,1]
[16384,-256,95,-2,1]
[16384,1792,303,14,1]
[512,192,80,15,10,3,1]
[4096,-512,480,-43,30,-2,1]
[4096,0,-96,1,-6,0,1]
[4096,-256,-16,33,-1,-1,1]
[625,0,11,0,1]
[6561,-324,-20,-4,1]
[4096,-1280,144,9,9,-5,1]
[15625,250,128,2,1]
[16384,3200,359,25,1]
[4096,3584,1648,497,103,14,1]
[4096,-1024,288,-3,18,-4,1]
[256,-256,144,-64,35,-16,9,-4,1]
[4096,-1280,304,-115,19,-5,1]
[81,9,-4,1,1]
[4096,768,176,49,11,3,1]
[729,-486,279,-94,31,-6,1]
[256,-64,16,32,-21,8,1,-1,1]
[2401,-196,30,-4,1]
[14641,1573,217,13,1]
[14641,-242,147,-2,1]
[14641,-484,175,-4,1]
[512,-256,16,21,2,-4,1]
[256,192,160,68,41,17,10,3,1]
[4096,-256,192,53,12,-1,1]
[6561,324,-8,4,1]
[256,256,224,132,75,33,14,4,1]
[4096,0,384,-37,24,0,1]
[729,243,99,22,11,3,1]
[4096,0,192,19,12,0,1]
[2401,-98,11,-2,1]
[15625,1625,112,13,1]
[4096,256,-32,19,-2,1,1]
[14641,-1089,190,-9,1]
[15625,-1500,176,-12,1]
[256,0,16,16,3,4,1,0,1]
[256,192,64,0,-15,0,4,3,1]
[14641,-242,-59,-2,1]
[4096,1792,240,15,15,7,1]
[256,-128,112,-28,19,-7,7,-2,1]
[14641,-2783,335,-23,1]
[4096,-256,0,-59,0,-1,1]
[14641,-1452,26,-12,1]
[14641,2541,271,21,1]
[256,256,80,24,17,6,5,4,1]
[4096,-256,112,-85,7,-1,1]
[15625,0,43,0,1]
[14641,3630,454,30,1]
[729,243,-18,-16,-2,3,1]
[4096,-1280,112,21,7,-5,1]
[4096,1024,288,15,18,4,1]
[15625,0,-246,0,1]
[4096,1024,240,69,15,4,1]
[4096,256,496,35,31,1,1]
[15625,-500,79,-4,1]
[256,320,288,200,113,50,18,5,1]
[4096,-512,368,-9,23,-2,1]
[4096,1536,624,167,39,6,1]
[16384,1280,127,10,1]
[256,64,176,44,59,11,11,1,1]
[256,192,96,-12,-13,-3,6,3,1]
[4096,0,688,-3,43,0,1]
[4096,2560,1072,291,67,10,1]
[256,-64,144,-24,43,-6,9,-1,1]
[256,0,48,8,9,2,3,0,1]
[4096,512,192,75,12,2,1]
[256,64,32,12,27,3,2,1,1]
[4096,1792,64,-75,4,7,1]
[4096,-1792,448,-87,28,-7,1]
[4096,-1792,-144,171,-9,-7,1]
[4096,256,288,27,18,1,1]
[15625,875,133,7,1]
[729,0,126,-2,14,0,1]
[4096,768,288,35,18,3,1]
[729,-324,63,-17,7,-4,1]
[2401,0,-81,0,1]
[6561,-1215,145,-15,1]
[256,128,0,0,13,0,0,2,1]
[256,0,48,32,-3,8,3,0,1]
[4096,-768,-160,99,-10,-3,1]
[256,192,64,24,11,6,4,3,1]
[6561,-81,125,-1,1]
[256,0,16,-8,-19,-2,1,0,1]
[4096,-320,-21,-5,1]
[15625,-375,189,-3,1]
[729,81,27,52,3,1,1]
[4096,-256,320,-15,20,-1,1]
[14641,-1452,125,-12,1]
[16384,-512,55,-4,1]
[256,0,128,0,45,0,8,0,1]
[15625,1000,-19,8,1]
[15625,1125,91,9,1]
[512,256,152,65,19,4,1]
[4096,1536,176,13,11,6,1]
[4096,0,32,89,2,0,1]
[4096,-1024,288,-119,18,-4,1]
[4096,256,32,-9,2,1,1]
[256,-128,96,8,1,2,6,-2,1]
[512,128,0,-1,0,2,1]
[4096,-768,0,53,0,-3,1]
[4096,-1024,-16,59,-1,-4,1]
[16384,-1408,233,-11,1]
[6561,-324,4,-4,1]
[14641,-1210,28,-10,1]
[512,384,64,-7,8,6,1]
[16384,3328,365,26,1]
[14641,2541,305,21,1]
[256,-256,160,-56,21,-14,10,-4,1]
[4096,-1280,736,-135,46,-5,1]
[256,-256,64,24,-23,6,4,-4,1]
[4096,-256,272,-39,17,-1,1]
[1024,-32,49,-1,1]
[15625,1750,197,14,1]
[256,-64,112,-28,39,-7,7,-1,1]
[256,-64,128,-8,31,-2,8,-1,1]
[15625,2000,118,16,1]
[16384,1152,169,9,1]
[256,-256,256,-164,95,-41,16,-4,1]
[256,-192,128,-76,39,-19,8,-3,1]
[256,0,16,-20,15,-5,1,0,1]
[729,-162,108,-10,12,-2,1]
[14641,-121,236,-1,1]
[256,-64,-16,-12,27,-3,-1,-1,1]
[4096,-512,192,-65,12,-2,1]
[4096,1536,480,109,30,6,1]
[16384,1920,223,15,1]
[4096,-768,304,-39,19,-3,1]
[4096,-1280,544,-109,34,-5,1]
[729,0,18,-1,2,0,1]
[256,256,96,-16,-25,-4,6,4,1]
[256,-64,32,-4,11,-1,2,-1,1]
[4096,-256,208,-95,13,-1,1]
[4096,768,-16,-35,-1,3,1]
[625,-75,-6,-3,1]
[256,-192,64,-4,-3,-1,4,-3,1]
[4096,256,-144,9,-9,1,1]
[16384,640,85,5,1]
[4096,2560,432,23,27,10,1]
[15625,-625,-84,-5,1]
[14641,968,41,8,1]
[512,64,-16,5,-2,1,1]
[512,-256,64,-23,8,-4,1]
[512,128,152,25,19,2,1]
[4096,-768,320,-53,20,-3,1]
[16384,-2176,217,-17,1]
[4096,1792,432,87,27,7,1]
[4096,1792,288,33,18,7,1]
[4096,1536,656,139,41,6,1]
[15625,-2750,321,-22,1]
[729,162,-18,-34,-2,2,1]
[729,243,117,31,13,3,1]
[4096,-512,160,-41,10,-2,1]
[4096,-1024,240,-13,15,-4,1]
[4096,2048,944,235,59,8,1]
[16384,1024,57,8,1]
[4096,-256,576,-15,36,-1,1]
[6561,-972,148,-12,1]
[4096,-1792,400,-79,25,-7,1]
[14641,-847,-13,-7,1]
[256,448,464,344,195,86,29,7,1]
[512,320,200,67,25,5,1]
[729,-81,18,-40,2,-1,1]
[4096,256,48,89,3,1,1]
[15625,625,136,5,1]
[729,-486,288,-95,32,-6,1]
[4096,512,-160,-19,-10,2,1]
[14641,-847,108,-7,1]
[4096,2048,848,243,53,8,1]
[256,128,128,92,33,23,8,2,1]
[4096,0,208,-25,13,0,1]
[2401,147,33,3,1]
[14641,-363,228,-3,1]
[4096,-2304,928,-261,58,-9,1]
[64,-64,48,-29,12,-4,1]
[4096,-1600,281,-25,1]
[4096,768,-64,-97,-4,3,1]
[729,-81,198,-20,22,-1,1]
[512,448,200,71,25,7,1]
[16384,-2816,249,-22,1]
[256,-64,144,-56,41,-14,9,-1,1]
[256,64,48,32,19,8,3,1,1]
[625,-150,54,-6,1]
[16384,768,-109,6,1]
[14641,-1089,-2,-9,1]
[4096,512,352,55,22,2,1]
[4096,-1280,160,-5,10,-5,1]
[4096,0,240,57,15,0,1]
[256,-192,80,-40,19,-10,5,-3,1]
[4096,-3072,1152,-311,72,-12,1]
[4096,512,512,31,32,2,1]
[512,64,-32,-25,-4,1,1]
[256,0,-32,-4,9,-1,-2,0,1]
[4096,-256,-176,-7,-11,-1,1]
[14641,-726,9,-6,1]
[14641,-2541,276,-21,1]
[729,-324,171,-50,19,-4,1]
[2401,441,109,9,1]
[256,320,288,180,101,45,18,5,1]
[729,-243,90,-32,10,-3,1]
[4096,1024,368,57,23,4,1]
[4096,-1152,197,-18,1]
[15625,1375,116,11,1]
[4096,1280,16,-41,1,5,1]
[2401,-392,31,-8,1]
[16384,2048,231,16,1]
[4096,0,112,7,7,0,1]
[4096,1024,-32,-43,-2,4,1]
[729,-81,45,-22,5,-1,1]
[729,243,144,32,16,3,1]
[15625,-1375,211,-11,1]
[14641,1452,164,12,1]
[4096,0,16,25,1,0,1]
[4096,3584,1392,375,87,14,1]
[4096,1280,224,67,14,5,1]
[6561,-1134,143,-14,1]
[256,192,112,28,17,7,7,3,1]
[4096,1536,480,163,30,6,1]
[6561,-405,161,-5,1]
[14641,726,122,6,1]
[4096,-512,176,-57,11,-2,1]
[4096,2560,624,111,39,10,1]
[729,-162,198,-34,22,-2,1]
[16384,-2304,245,-18,1]
[256,0,0,0,-9,0,0,0,1]
[14641,2057,172,17,1]
[256,128,64,32,15,8,4,2,1]
[256,384,384,272,153,68,24,6,1]
[4096,1024,0,-11,0,4,1]
[14641,968,98,8,1]
[4096,704,129,11,1]
[256,-128,112,-32,29,-8,7,-2,1]
[729,81,-45,-25,-5,1,1]
[1024,-224,69,-7,1]
[256,128,96,24,9,6,6,2,1]
[4096,512,144,123,9,2,1]
[729,-243,153,-28,17,-3,1]
[256,64,32,32,11,8,2,1,1]
[256,0,48,-20,9,-5,3,0,1]
[15625,-2500,239,-20,1]
[512,-256,144,-51,18,-4,1]
[6561,-1620,247,-20,1]
[256,0,0,8,-3,2,0,0,1]
[4096,-1792,752,-215,47,-7,1]
[4096,-576,135,-9,1]
[4096,-2560,928,-245,58,-10,1]
[256,128,80,44,41,11,5,2,1]
[15625,-1500,214,-12,1]
[256,-128,64,32,-15,8,4,-2,1]
[4096,1024,64,-29,4,4,1]
[4096,-2304,1056,-279,66,-9,1]
[256,-128,16,-32,39,-8,1,-2,1]
[4096,512,-128,-111,-8,2,1]
[4096,0,-128,47,-8,0,1]
[4096,256,208,43,13,1,1]
[4096,768,48,-57,3,3,1]
[256,-128,32,-16,21,-4,2,-2,1]
[16384,-384,-33,-3,1]
[14641,-3630,441,-30,1]
[4096,-768,656,-79,41,-3,1]
[2401,-441,78,-9,1]
[4096,1792,-96,-145,-6,7,1]
[256,-192,112,-64,45,-16,7,-3,1]
[4096,256,240,-15,15,1,1]
[14641,-242,-68,-2,1]
[512,64,-16,1,-2,1,1]
[4096,-1024,112,-33,7,-4,1]
[256,64,208,48,73,12,13,1,1]
[729,405,207,82,23,5,1]
[4096,2048,480,91,30,8,1]
[256,128,64,-8,-5,-2,4,2,1]
[512,64,-8,-15,-1,1,1]
[15625,2750,314,22,1]
[4096,-1280,512,-155,32,-5,1]
[729,-405,144,-38,16,-5,1]
[4096,-2560,1008,-271,63,-10,1]
[256,-256,256,-160,97,-40,16,-4,1]
[15625,-875,146,-7,1]
[512,256,104,23,13,4,1]
[729,486,234,94,26,6,1]
[14641,-363,175,-3,1]
[729,405,216,80,24,5,1]
[256,320,272,176,101,44,17,5,1]
[2401,196,-26,4,1]
[1024,224,55,7,1]
[256,16,29,1,1]
[4096,-768,240,-31,15,-3,1]
[512,-128,56,-15,7,-2,1]
[256,64,-48,20,29,5,-3,1,1]
[6561,972,130,12,1]
[256,64,-16,16,29,4,-1,1,1]
[6561,648,31,8,1]
[256,0,-16,-4,5,-1,-1,0,1]
[4096,-1024,544,-105,34,-4,1]
[6561,-162,-103,-2,1]
[14641,1573,91,13,1]
[16384,256,55,2,1]
[15625,0,-173,0,1]
[14641,-968,159,-8,1]
[4096,768,-96,-83,-6,3,1]
[4096,832,161,13,1]
[729,162,45,31,5,2,1]
[14641,-1331,64,-11,1]
[64,-64,32,-15,8,-4,1]
[15625,-1125,158,-9,1]
[4096,1792,672,155,42,7,1]
[4096,-1024,480,-125,30,-4,1]
[16384,640,215,5,1]
[4096,1024,64,-43,4,4,1]
[14641,242,-34,2,1]
[512,128,80,7,10,2,1]
[256,-128,-32,-4,25,-1,-2,-2,1]
[729,-243,162,-29,18,-3,1]
[15625,125,-202,1,1]
[4096,0,-128,39,-8,0,1]
[256,-128,160,-32,39,-8,10,-2,1]
[14641,-484,-141,-4,1]
[4096,1536,608,141,38,6,1]
[4096,512,544,51,34,2,1]
[14641,-2783,302,-23,1]
[625,125,19,5,1]
[6561,324,139,4,1]
[256,128,16,4,9,1,1,2,1]
[4096,-1024,192,13,12,-4,1]
[256,128,128,56,39,14,8,2,1]
[4096,512,128,111,8,2,1]
[256,-320,304,-200,113,-50,19,-5,1]
[16384,512,29,4,1]
[16384,-256,-195,-2,1]
[4096,-256,-208,13,-13,-1,1]
[4096,-768,48,77,3,-3,1]
[4096,-1024,-128,109,-8,-4,1]
[4096,256,-128,-49,-8,1,1]
[2401,-392,99,-8,1]
[4096,4864,2640,839,165,19,1]
[729,-162,72,-38,8,-2,1]
[4096,-1792,448,-119,28,-7,1]
[256,-64,64,20,1,5,4,-1,1]
[4096,-1536,656,-155,41,-6,1]
[16384,4352,521,34,1]
[256,64,64,24,37,6,4,1,1]
[256,0,80,4,27,1,5,0,1]
[256,128,0,-20,-17,-5,0,2,1]
[1024,0,33,0,1]
[4096,-1024,144,-21,9,-4,1]
[4096,768,48,29,3,3,1]
[4096,2048,384,53,24,8,1]
[4096,1536,512,135,32,6,1]
[4096,1280,384,147,24,5,1]
[6561,-1296,212,-16,1]
[15625,-125,24,-1,1]
[256,128,96,24,23,6,6,2,1]
[512,192,32,19,4,3,1]
[256,64,32,-16,-17,-4,2,1,1]
[6561,243,11,3,1]
[4096,0,272,-41,17,0,1]
[4096,-2304,896,-267,56,-9,1]
[256,64,64,36,9,9,4,1,1]
[625,125,16,5,1]
[512,-192,56,-13,7,-3,1]
[4096,256,73,4,1]
[512,192,152,49,19,3,1]
[256,0,0,8,1,2,0,0,1]
[16384,1792,181,14,1]
[16384,256,-157,2,1]
[15625,1875,131,15,1]
[6561,810,170,10,1]
[4096,768,336,43,21,3,1]
[4096,1024,272,119,17,4,1]
[4096,256,320,35,20,1,1]
[16384,512,125,4,1]
[14641,484,59,4,1]
[256,-128,0,28,-27,7,0,-2,1]
[15625,-1875,297,-15,1]
[4096,-768,112,-83,7,-3,1]
[4096,-1536,752,-159,47,-6,1]
[4096,-512,112,5,7,-2,1]
[729,486,216,74,24,6,1]
[4096,-384,121,-6,1]
[4096,128,23,2,1]
[4096,768,288,129,18,3,1]
[16384,-768,-23,-6,1]
[4096,512,-208,-77,-13,2,1]
[4096,-1280,496,-125,31,-5,1]
[256,128,32,0,11,0,2,2,1]
[15625,1250,171,10,1]
[2401,-490,65,-10,1]
[6561,-324,136,-4,1]
[729,81,-18,-49,-2,1,1]
[16384,1664,265,13,1]
[4096,-320,47,-5,1]
[256,0,-64,-4,29,-1,-4,0,1]
[14641,726,163,6,1]
[4096,-2560,1088,-303,68,-10,1]
[16384,2048,113,16,1]
[4096,0,64,-5,4,0,1]
[14641,0,107,0,1]
[6561,486,-14,6,1]
[729,81,34,3,1]
[4096,1024,672,117,42,4,1]
[729,-405,180,-80,20,-5,1]
[4096,512,640,49,40,2,1]
[256,64,128,32,39,8,8,1,1]
[4096,-768,160,-23,10,-3,1]
[4096,-2304,560,-99,35,-9,1]
[15625,-875,-57,-7,1]
[14641,-1452,268,-12,1]
[16384,768,31,6,1]
[4096,-1280,176,27,11,-5,1]
[2401,-98,-44,-2,1]
[15625,-250,-129,-2,1]
[4096,256,144,-63,9,1,1]
[15625,-2375,198,-19,1]
[64,-16,4,-7,1,-1,1]
[4096,-256,352,-75,22,-1,1]
[14641,968,21,8,1]
[6561,-567,73,-7,1]
[256,-64,16,32,-15,8,1,-1,1]
[4096,0,-80,73,-5,0,1]
[4096,256,368,65,23,1,1]
[4096,-1536,432,-147,27,-6,1]
[256,384,304,168,85,42,19,6,1]
[256,192,96,20,7,5,6,3,1]
[15625,1750,232,14,1]
[4096,-2048,512,-91,32,-8,1]
[512,192,96,25,12,3,1]
[729,162,18,-23,2,2,1]
[4096,-1024,-32,67,-2,-4,1]
[256,0,48,-24,-5,-6,3,0,1]
[4096,768,-96,-105,-6,3,1]
[4096,-768,-32,5,-2,-3,1]
[14641,-2178,265,-18,1]
[16384,640,151,5,1]
[4096,512,432,67,27,2,1]
[14641,484,141,4,1]
[4096,0,448,33,28,0,1]
[256,0,80,-64,3,-16,5,0,1]
[4096,768,101,12,1]
[256,128,176,72,55,18,11,2,1]
[512,192,-24,-33,-3,3,1]
[4096,-1024,-48,103,-3,-4,1]
[6561,2187,329,27,1]
[4096,-2304,816,-215,51,-9,1]
[16384,-3456,431,-27,1]
[4096,-256,416,-43,26,-1,1]
[4096,1024,32,-3,2,4,1]
[4096,1536,624,125,39,6,1]
[4096,1792,32,-97,2,7,1]
[14641,1936,139,16,1]
[729,-405,-9,46,-1,-5,1]
[4096,2560,896,247,56,10,1]
[4096,-1280,624,-133,39,-5,1]
[15625,1250,144,10,1]
[6561,1377,154,17,1]
[256,-64,16,0,15,0,1,-1,1]
[256,-64,64,-8,7,-2,4,-1,1]
[4096,256,464,-1,29,1,1]
[15625,1250,269,10,1]
[4096,-1152,169,-18,1]
[4096,-576,95,-9,1]
[256,0,128,-24,33,-6,8,0,1]
[256,0,16,8,9,2,1,0,1]
[256,128,0,28,37,7,0,2,1]
[4096,1792,640,199,40,7,1]
[256,192,64,-16,-23,-4,4,3,1]
[4096,-512,96,47,6,-2,1]
[4096,512,-48,-111,-3,2,1]
[6561,162,-109,2,1]
[729,-162,234,-34,26,-2,1]
[16384,128,-97,1,1]
[4096,-512,736,-63,46,-2,1]
[256,-192,0,40,-19,10,0,-3,1]
[256,192,176,128,59,32,11,3,1]
[4096,-256,48,81,3,-1,1]
[512,-256,120,-63,15,-4,1]
[2401,-147,75,-3,1]
[6561,405,35,5,1]
[6561,-2106,320,-26,1]
[256,0,-32,24,15,6,-2,0,1]
[16384,512,131,4,1]
[15625,-3375,397,-27,1]
[15625,1125,251,9,1]
[4096,768,112,1,7,3,1]
[4096,-256,160,31,10,-1,1]
[2401,-637,88,-13,1]
[729,-162,0,-16,0,-2,1]
[4096,1280,416,129,26,5,1]
[729,0,36,22,4,0,1]
[256,0,64,28,17,7,4,0,1]
[729,-81,135,-23,15,-1,1]
[14641,-121,-119,-1,1]
[729,162,144,40,16,2,1]
[512,0,48,7,6,0,1]
[16384,2560,197,20,1]
[256,128,80,40,27,10,5,2,1]
[15625,1000,41,8,1]
[14641,-363,126,-3,1]
[256,192,160,96,47,24,10,3,1]
[16384,-3328,421,-26,1]
[4096,1024,400,51,25,4,1]
[729,162,9,-11,1,2,1]
[729,-486,225,-95,25,-6,1]
[16384,-1024,79,-8,1]
[4096,-1216,209,-19,1]
[4096,3072,1296,377,81,12,1]
[4096,-256,256,-45,16,-1,1]
[14641,968,-13,8,1]
[729,-162,37,-6,1]
[6561,486,142,6,1]
[4096,-512,144,-31,9,-2,1]
[512,192,0,-13,0,3,1]
[14641,-1573,148,-13,1]
[4096,-704,85,-11,1]
[14641,-1573,130,-13,1]
[256,-128,96,-72,37,-18,6,-2,1]
[4096,3328,1504,447,94,13,1]
[14641,-847,102,-7,1]
[256,128,48,32,13,8,3,2,1]
[14641,-242,115,-2,1]
[15625,-2625,319,-21,1]
[4096,0,80,69,5,0,1]
[4096,-1024,-176,133,-11,-4,1]
[512,128,160,31,20,2,1]
[256,192,16,-40,-27,-10,1,3,1]
[729,-324,207,-68,23,-4,1]
[256,128,80,24,3,6,5,2,1]
[256,384,288,156,77,39,18,6,1]
[2401,98,-30,2,1]
[16384,2688,277,21,1]
[4096,1280,-64,-75,-4,5,1]
[4096,-256,96,-65,6,-1,1]
[4096,512,-96,-23,-6,2,1]
[625,250,51,10,1]
[4096,768,176,23,11,3,1]
[4096,2048,784,193,49,8,1]
[4096,1024,688,111,43,4,1]
[2401,-49,-53,-1,1]
[512,384,152,51,19,6,1]
[4096,1024,-112,-89,-7,4,1]
[4096,128,27,2,1]
[4096,1280,160,33,10,5,1]
[16384,2944,369,23,1]
[4096,1792,720,217,45,7,1]
[4096,768,432,91,27,3,1]
[6561,891,53,11,1]
[729,-135,29,-5,1]
[4096,768,-32,-103,-2,3,1]
[4096,256,-128,-85,-8,1,1]
[14641,-1210,213,-10,1]
[256,128,96,68,29,17,6,2,1]
[14641,0,128,0,1]
[14641,847,38,7,1]
[256,-128,32,-24,13,-6,2,-2,1]
[4096,1536,592,151,37,6,1]
[6561,1539,215,19,1]
[4096,-256,176,-47,11,-1,1]
[4096,-1536,96,23,6,-6,1]
[15625,-500,244,-4,1]
[512,128,0,9,0,2,1]
[4096,-1792,752,-181,47,-7,1]
[256,128,48,44,35,11,3,2,1]
[4096,-1792,-64,137,-4,-7,1]
[15625,-875,186,-7,1]
[256,-128,-16,32,-23,8,-1,-2,1]
[729,81,-18,2,-2,1,1]
[729,-81,18,16,2,-1,1]
[4096,256,480,53,30,1,1]
[256,-64,64,-36,25,-9,4,-1,1]
[729,567,189,47,21,7,1]
[256,256,128,92,61,23,8,4,1]
[256,64,0,-8,-3,-2,0,1,1]
[14641,968,251,8,1]
[256,-64,0,-12,7,-3,0,-1,1]
[15625,1875,304,15,1]
[729,81,-36,-43,-4,1,1]
[4096,-768,64,-37,4,-3,1]
[4096,0,0,-83,0,0,1]
[256,128,160,60,49,15,10,2,1]
[4096,-768,272,-135,17,-3,1]
[14641,-847,-15,-7,1]
[15625,-125,-202,-1,1]
[729,81,135,16,15,1,1]
[729,-729,333,-113,37,-9,1]
[14641,121,73,1,1]
[729,-243,171,-40,19,-3,1]
[4096,256,240,77,15,1,1]
[4096,1792,752,187,47,7,1]
[4096,2560,912,255,57,10,1]
[14641,1331,58,11,1]
[256,0,96,12,33,3,6,0,1]
[4096,-256,160,43,10,-1,1]
[4096,-256,-32,5,-2,-1,1]
[729,486,261,95,29,6,1]
[4096,-2560,1088,-315,68,-10,1]
[256,-192,128,-36,17,-9,8,-3,1]
[512,-64,168,-15,21,-1,1]
[256,256,128,16,-7,4,8,4,1]
[256,-448,496,-384,219,-96,31,-7,1]
[4096,-1024,0,71,0,-4,1]
[15625,-2750,248,-22,1]
[14641,-121,-14,-1,1]
[16384,-896,63,-7,1]
[256,64,16,24,13,6,1,1,1]
[729,324,82,12,1]
[15625,-2250,284,-18,1]
[14641,-726,202,-6,1]
[256,-64,112,-20,27,-5,7,-1,1]
[4096,1024,-160,-123,-10,4,1]
[6561,324,28,4,1]
[4096,1280,32,-51,2,5,1]
[4096,-1792,240,-5,15,-7,1]
[256,128,48,0,3,0,3,2,1]
[4096,-256,240,5,15,-1,1]
[4096,256,-224,-17,-14,1,1]
[15625,-1625,204,-13,1]
[14641,847,74,7,1]
[256,0,0,0,-13,0,0,0,1]
[729,243,27,-20,3,3,1]
[14641,-242,23,-2,1]
[729,-486,297,-104,33,-6,1]
[4096,768,528,85,33,3,1]
[512,256,96,41,12,4,1]
[4096,1792,640,171,40,7,1]
[256,0,48,-36,7,-9,3,0,1]
[15625,2000,171,16,1]
[256,0,0,-4,-3,-1,0,0,1]
[4096,-1792,624,-163,39,-7,1]
[512,-320,208,-69,26,-5,1]
[512,128,8,15,1,2,1]
[4096,1280,-160,-141,-10,5,1]
[4096,-2048,672,-185,42,-8,1]
[14641,-2783,270,-23,1]
[4096,2560,752,167,47,10,1]
[4096,-256,64,-25,4,-1,1]
[14641,2178,243,18,1]
[729,324,216,71,24,4,1]
[256,-64,96,-56,21,-14,6,-1,1]
[4096,256,-144,-69,-9,1,1]
[6561,486,1,6,1]
[4096,-768,144,-99,9,-3,1]
[256,0,96,16,23,4,6,0,1]
[4096,1536,416,141,26,6,1]
[4096,-512,272,-97,17,-2,1]
[512,-128,32,-31,4,-2,1]
[4096,-256,3,-4,1]
[14641,-1452,228,-12,1]
[4096,0,224,39,14,0,1]
[4096,1536,400,81,25,6,1]
[256,-128,48,-40,35,-10,3,-2,1]
[4096,1024,320,121,20,4,1]
[256,-128,0,-12,23,-3,0,-2,1]
[625,300,78,12,1]
[14641,-484,5,-4,1]
[4096,1024,496,91,31,4,1]
[4096,-2048,752,-229,47,-8,1]
[4096,-2560,1248,-347,78,-10,1]
[4096,2304,544,95,34,9,1]
[6561,-2268,352,-28,1]
[256,256,96,-8,-19,-2,6,4,1]
[6561,243,-101,3,1]
[4096,1536,-16,-73,-1,6,1]
[15625,-250,144,-2,1]
[256,-320,208,-108,55,-27,13,-5,1]
[4096,256,192,69,12,1,1]
[6561,-648,35,-8,1]
[256,0,128,-20,37,-5,8,0,1]
[15625,1250,214,10,1]
[6561,891,73,11,1]
[4096,-1024,-208,151,-13,-4,1]
[4096,2304,304,-9,19,9,1]
[256,-128,80,-64,25,-16,5,-2,1]
[256,192,160,92,45,23,10,3,1]
[15625,-1125,102,-9,1]
[729,0,-72,-4,-8,0,1]
[729,567,297,116,33,7,1]
[4096,-1792,448,-127,28,-7,1]
[14641,-363,178,-3,1]
[15625,1500,49,12,1]
[4096,1792,496,115,31,7,1]
[6561,1053,158,13,1]
[256,-128,64,-8,-1,-2,4,-2,1]
[256,-128,0,8,5,2,0,-2,1]
[16384,-384,-185,-3,1]
[256,384,208,4,-33,1,13,6,1]
[4096,512,112,33,7,2,1]
[64,0,-4,-9,-1,0,1]
[4096,256,48,-5,3,1,1]
[256,0,-16,-4,29,-1,-1,0,1]
[6561,567,149,7,1]
[4096,-1280,224,-71,14,-5,1]
[4096,512,-96,-61,-6,2,1]
[14641,2299,246,19,1]
[256,128,64,40,33,10,4,2,1]
[729,81,54,43,6,1,1]
[4096,1024,752,117,47,4,1]
[14641,-242,-184,-2,1]
[4096,-2048,1040,-261,65,-8,1]
[14641,363,240,3,1]
[14641,2783,361,23,1]
[729,162,126,41,14,2,1]
[4096,-2048,816,-247,51,-8,1]
[15625,-2875,287,-23,1]
[4096,256,160,65,10,1,1]
[15625,-1500,204,-12,1]
[4096,3072,1200,335,75,12,1]
[4096,-1024,-112,109,-7,-4,1]
[121,-14,1]
[512,320,160,61,20,5,1]
[625,-275,66,-11,1]
[15625,3000,354,24,1]
[729,324,135,56,15,4,1]
[512,256,184,55,23,4,1]
[6561,-1134,142,-14,1]
[14641,1089,233,9,1]
[14641,242,-92,2,1]
[4096,-512,48,47,3,-2,1]
[4096,-256,-160,-1,-10,-1,1]
[4096,-256,-16,-31,-1,-1,1]
[15625,-250,178,-2,1]
[14641,-3146,372,-26,1]
[16384,512,-23,4,1]
[15625,1000,29,8,1]
[729,-243,90,-35,10,-3,1]
[15625,-1000,239,-8,1]
[4096,512,304,19,19,2,1]
[14641,-726,210,-6,1]
[16384,896,15,7,1]
[14641,-3025,378,-25,1]
[4096,2816,1008,263,63,11,1]
[15625,250,183,2,1]
[4096,2304,848,251,53,9,1]
[729,162,-27,-2,-3,2,1]
[4096,768,448,107,28,3,1]
[4096,-512,0,61,0,-2,1]
[729,-81,126,-14,14,-1,1]
[4096,2304,928,285,58,9,1]
[4096,-2048,464,-89,29,-8,1]
[4096,512,-64,-63,-4,2,1]
[16384,768,-71,6,1]
[729,-324,81,-7,9,-4,1]
[729,-243,72,-47,8,-3,1]
[256,0,32,-4,-13,-1,2,0,1]
[15625,-500,-83,-4,1]
[256,256,144,56,23,14,9,4,1]
[6561,324,56,4,1]
[256,192,192,96,65,24,12,3,1]
[4096,-1280,656,-139,41,-5,1]
[16384,-1536,111,-12,1]
[14641,968,93,8,1]
[256,64,-16,0,21,0,-1,1,1]
[4096,0,288,39,18,0,1]
[15625,-1750,136,-14,1]
[256,-192,96,-24,13,-6,6,-3,1]
[4096,-1024,560,-91,35,-4,1]
[16384,640,-141,5,1]
[729,-162,-36,56,-4,-2,1]
[4096,1280,640,127,40,5,1]
[4096,0,-128,-41,-8,0,1]
[64,16,28,5,7,1,1]
[6561,-648,26,-8,1]
[4096,-2816,1120,-321,70,-11,1]
[4096,3072,1376,397,86,12,1]
[15625,-875,189,-7,1]
[32,-1,1]
[14641,363,-97,3,1]
[4096,1536,192,29,12,6,1]
[14641,-726,-49,-6,1]
[4096,-256,80,-79,5,-1,1]
[256,-64,16,24,-3,6,1,-1,1]
[4096,-256,128,-41,8,-1,1]
[14641,-1573,128,-13,1]
[256,-128,-16,-8,17,-2,-1,-2,1]
[64,-32,28,-11,7,-2,1]
[16384,3840,441,30,1]
[6561,2268,352,28,1]
[15625,250,134,2,1]
[512,320,168,75,21,5,1]
[15625,-875,109,-7,1]
[729,243,54,10,6,3,1]
[6561,729,86,9,1]
[256,-64,16,-12,25,-3,1,-1,1]
[4096,-256,96,41,6,-1,1]
[15625,1625,128,13,1]
[15625,2750,338,22,1]
[1024,64,7,2,1]
[4096,-1024,336,-133,21,-4,1]
[4096,512,-128,-51,-8,2,1]
[4096,-256,16,47,1,-1,1]
[256,128,16,28,29,7,1,2,1]
[15625,625,192,5,1]
[4096,-1792,736,-177,46,-7,1]
[4096,768,208,-19,13,3,1]
[4096,0,272,63,17,0,1]
[14641,363,-105,3,1]
[4096,1024,48,5,3,4,1]
[4096,1280,464,69,29,5,1]
[4096,-1280,224,-65,14,-5,1]
[729,243,-9,-40,-1,3,1]
[4096,256,-48,-107,-3,1,1]
[4096,-1280,368,-43,23,-5,1]
[729,162,-36,-25,-4,2,1]
[16384,512,217,4,1]
[256,-64,-16,4,-9,1,-1,-1,1]
[16384,1920,207,15,1]
[4096,512,352,11,22,2,1]
[512,128,24,19,3,2,1]
[15625,-2250,246,-18,1]
[4096,-768,64,-9,4,-3,1]
[4096,512,-144,-67,-9,2,1]
[4096,-3328,1488,-453,93,-13,1]
[256,-256,192,-128,75,-32,12,-4,1]
[4096,1792,624,129,39,7,1]
[729,-243,135,-55,15,-3,1]
[512,-320,64,-3,8,-5,1]
[256,192,64,24,9,6,4,3,1]
[14641,2904,287,24,1]
[14641,-726,-27,-6,1]
[4096,512,256,23,16,2,1]
[4096,512,80,33,5,2,1]
[729,0,-27,-8,-3,0,1]
[729,486,225,88,25,6,1]
[14641,-847,-75,-7,1]
[4096,2560,1024,289,64,10,1]
[6561,567,17,7,1]
[4096,256,448,3,28,1,1]
[16384,-2304,323,-18,1]
[4096,1024,-16,-59,-1,4,1]
[729,-81,-63,29,-7,-1,1]
[4096,1024,-144,-129,-9,4,1]
[4096,1280,304,23,19,5,1]
[256,-192,112,-64,25,-16,7,-3,1]
[14641,-2299,213,-19,1]
[625,-100,9,-4,1]
[6561,0,4,0,1]
[64,-16,-8,7,-2,-1,1]
[6561,-405,154,-5,1]
[2401,245,54,5,1]
[15625,750,72,6,1]
[15625,-3625,431,-29,1]
[4096,-512,272,-113,17,-2,1]
[4096,-1536,288,-27,18,-6,1]
[4096,1536,688,141,43,6,1]
[14641,-484,-1,-4,1]
[6561,972,82,12,1]
[729,0,-36,4,-4,0,1]
[16384,512,175,4,1]
[4096,768,528,57,33,3,1]
[14641,-121,-60,-1,1]
[256,128,112,12,19,3,7,2,1]
[15625,125,234,1,1]
[256,-64,112,-88,21,-22,7,-1,1]
[15625,1000,14,8,1]
[14641,-1331,23,-11,1]
[4096,512,-128,-123,-8,2,1]
[4096,768,176,99,11,3,1]
[4096,-256,-160,63,-10,-1,1]
[4096,-512,224,13,14,-2,1]
[4096,-1280,272,-43,17,-5,1]
[4096,-3072,1264,-373,79,-12,1]
[4096,-1024,144,37,9,-4,1]
[4096,-256,480,-15,30,-1,1]
[4096,-768,208,-73,13,-3,1]
[256,192,64,-4,-17,-1,4,3,1]
[4096,1024,528,75,33,4,1]
[4096,512,-144,-49,-9,2,1]
[6561,-2187,335,-27,1]
[4096,3584,1792,543,112,14,1]
[4096,1792,592,179,37,7,1]
[15625,-250,28,-2,1]
[4096,-1792,752,-177,47,-7,1]
[15625,125,-204,1,1]
[4096,-2304,752,-199,47,-9,1]
[4096,-768,96,-3,6,-3,1]
[4096,-1536,304,-49,19,-6,1]
[14641,726,38,6,1]
[15625,-2750,357,-22,1]
[15625,625,184,5,1]
[729,0,54,16,6,0,1]
[256,0,32,-24,3,-6,2,0,1]
[256,192,80,12,-7,3,5,3,1]
[16384,1792,109,14,1]
[15625,-3000,331,-24,1]
[4096,256,160,71,10,1,1]
[4096,1024,336,29,21,4,1]
[4096,-1536,272,-43,17,-6,1]
[15625,2000,113,16,1]
[729,648,378,149,42,8,1]
[4096,-768,304,-3,19,-3,1]
[4096,1280,144,31,9,5,1]
[14641,-4114,526,-34,1]
[2401,98,87,2,1]
[4096,512,-96,-109,-6,2,1]
[14641,2783,283,23,1]
[256,-64,80,-40,9,-10,5,-1,1]
[512,-256,80,-33,10,-4,1]
[4096,-256,112,-49,7,-1,1]
[14641,-3025,325,-25,1]
[14641,0,-97,0,1]
[4096,576,57,9,1]
[15625,625,88,5,1]
[15625,750,48,6,1]
[1024,192,13,6,1]
[729,972,657,271,73,12,1]
[4096,768,208,61,13,3,1]
[512,192,64,41,8,3,1]
[256,-128,0,32,-29,8,0,-2,1]
[4096,0,-208,7,-13,0,1]
[6561,-1458,208,-18,1]
[4096,0,192,-49,12,0,1]
[4096,1024,144,27,9,4,1]
[16384,-2944,291,-23,1]
[4096,256,96,89,6,1,1]
[4096,0,-91,0,1]
[729,-648,324,-118,36,-8,1]
[4096,-256,256,1,16,-1,1]
[4096,-2816,992,-269,62,-11,1]
[729,-162,-45,47,-5,-2,1]
[4096,-1280,288,-95,18,-5,1]
[16384,0,-127,0,1]
[4096,-2816,1072,-295,67,-11,1]
[512,-128,-8,31,-1,-2,1]
[4096,-512,512,-39,32,-2,1]
[256,-192,48,4,-11,1,3,-3,1]
[512,-128,96,-21,12,-2,1]
[16384,384,-73,3,1]
[14641,726,-18,6,1]
[15625,2000,156,16,1]
[4096,-256,32,9,2,-1,1]
[512,128,-8,-19,-1,2,1]
[4096,-512,336,-67,21,-2,1]
[4096,1280,368,125,23,5,1]
[4096,-2048,496,-87,31,-8,1]
[512,-192,136,-39,17,-3,1]
[256,-256,112,20,-27,5,7,-4,1]
[729,-243,207,-44,23,-3,1]
[14641,-2178,182,-18,1]
[4096,-1536,-64,121,-4,-6,1]
[512,-256,80,-31,10,-4,1]
[4096,-1792,544,-147,34,-7,1]
[729,648,306,104,34,8,1]
[16384,-384,237,-3,1]
[4096,-640,63,-10,1]
[256,320,144,-12,-33,-3,9,5,1]
[729,-81,-36,23,-4,-1,1]
[15625,1875,283,15,1]
[256,64,0,4,3,1,0,1,1]
[2401,0,-1,0,1]
[81,-63,28,-7,1]
[1024,-160,51,-5,1]
[4096,-1280,-160,129,-10,-5,1]
[4096,2816,1232,361,77,11,1]
[512,-320,152,-55,19,-5,1]
[4096,-1024,416,-111,26,-4,1]
[4096,256,176,75,11,1,1]
[15625,-2625,329,-21,1]
[14641,-605,-3,-5,1]
[256,-128,208,-80,75,-20,13,-2,1]
[256,192,80,12,5,3,5,3,1]
[4096,-512,288,-11,18,-2,1]
[14641,-1573,204,-13,1]
[4096,0,49,0,1]
[4096,832,83,13,1]
[14641,605,30,5,1]
[4096,0,-64,-61,-4,0,1]
[4096,2304,304,-13,19,9,1]
[4096,768,128,-35,8,3,1]
[4096,-1024,208,-39,13,-4,1]
[15625,-2375,327,-19,1]
[14641,-242,-129,-2,1]
[256,64,-32,-4,7,-1,-2,1,1]
[256,0,16,0,19,0,1,0,1]
[729,-243,72,-34,8,-3,1]
[512,64,144,17,18,1,1]
[729,-243,27,1,3,-3,1]
[4096,-512,112,-51,7,-2,1]
[1024,-96,7,-3,1]
[4096,-1024,448,-103,28,-4,1]
[16384,128,15,1,1]
[16384,896,127,7,1]
[256,-64,64,24,-5,6,4,-1,1]
[4096,2304,1024,283,64,9,1]
[625,-50,17,-2,1]
[4096,1536,64,-49,4,6,1]
[15625,750,187,6,1]
[729,-162,144,-22,16,-2,1]
[729,162,31,6,1]
[256,128,160,32,39,8,10,2,1]
[256,192,16,-52,-33,-13,1,3,1]
[4096,-768,-176,129,-11,-3,1]
[4096,256,336,61,21,1,1]
[16384,128,43,1,1]
[256,64,80,40,21,10,5,1,1]
[4096,-1280,560,-121,35,-5,1]
[2401,392,61,8,1]
[4096,-3072,1136,-305,71,-12,1]
[4096,0,352,-17,22,0,1]
[14641,-242,-94,-2,1]
[4096,768,208,117,13,3,1]
[256,64,48,36,5,9,3,1,1]
[256,128,16,-4,-1,-1,1,2,1]
[256,64,48,24,-7,6,3,1,1]
[256,-64,64,4,11,1,4,-1,1]
[4096,1536,576,177,36,6,1]
[256,-64,64,-20,15,-5,4,-1,1]
[256,-128,32,12,-25,3,2,-2,1]
[16384,-384,19,-3,1]
[6561,243,92,3,1]
[4096,-256,32,-9,2,-1,1]
[729,0,54,37,6,0,1]
[4096,3584,1664,497,104,14,1]
[4096,-3328,1232,-327,77,-13,1]
[729,-162,-54,28,-6,-2,1]
[14641,-363,-123,-3,1]
[4096,512,240,43,15,2,1]
[4096,1024,192,-7,12,4,1]
[4096,-256,-96,-13,-6,-1,1]
[4096,0,35,0,1]
[4096,0,352,51,22,0,1]
[15625,500,224,4,1]
[4096,0,-208,9,-13,0,1]
[4096,-1024,304,-25,19,-4,1]
[4096,-256,32,-65,2,-1,1]
[256,256,224,124,69,31,14,4,1]
[729,-243,144,-44,16,-3,1]
[256,64,-16,4,15,1,-1,1,1]
[4096,-1024,240,5,15,-4,1]
[4096,-256,224,-83,14,-1,1]
[4096,2816,1072,289,67,11,1]
[4096,2048,688,169,43,8,1]
[6561,-162,52,-2,1]
[16384,-640,203,-5,1]
[256,-64,-64,4,13,1,-4,-1,1]
[15625,-2125,319,-17,1]
[4096,1024,480,63,30,4,1]
[4096,1280,32,-37,2,5,1]
[4096,-1536,544,-187,34,-6,1]
[15625,1250,122,10,1]
[729,-324,216,-62,24,-4,1]
[4096,1280,240,35,15,5,1]
[729,162,90,20,10,2,1]
[4096,0,368,-25,23,0,1]
[4096,-2048,688,-167,43,-8,1]
[4096,256,512,29,32,1,1]
[14641,726,107,6,1]
[729,324,216,56,24,4,1]
[16384,512,85,4,1]
[4096,-256,496,-35,31,-1,1]
[256,128,-64,-24,9,-6,-4,2,1]
[1024,96,29,3,1]
[15625,250,-193,2,1]
[1024,352,73,11,1]
[15625,2625,354,21,1]
[4096,-1536,384,-99,24,-6,1]
[6561,-324,-10,-4,1]
[81,36,7,4,1]
[4096,-1024,592,-107,37,-4,1]
[14641,-1452,60,-12,1]
[4096,-768,432,-109,27,-3,1]
[729,27,-23,1,1]
[4096,-2304,640,-133,40,-9,1]
[256,192,128,88,45,22,8,3,1]
[4096,-1536,464,-83,29,-6,1]
[4096,-2048,240,17,15,-8,1]
[4096,2304,704,187,44,9,1]
[16384,-512,-9,-4,1]
[256,-64,32,20,-5,5,2,-1,1]
[256,64,32,12,25,3,2,1,1]
[14641,-242,-49,-2,1]
[4096,2560,864,227,54,10,1]
[4096,640,77,10,1]
[15625,-1125,-21,-9,1]
[2401,-98,93,-2,1]
[256,-64,96,-28,37,-7,6,-1,1]
[14641,-1452,56,-12,1]
[4096,512,-48,5,-3,2,1]
[729,-81,45,-16,5,-1,1]
[4096,-256,32,67,2,-1,1]
[4096,-2816,1040,-291,65,-11,1]
[4096,256,48,59,3,1,1]
[15625,2625,334,21,1]
[256,-128,128,-68,41,-17,8,-2,1]
[14641,-605,42,-5,1]
[4096,2304,592,127,37,9,1]
[14641,-1694,285,-14,1]
[4096,1280,368,111,23,5,1]
[15625,375,-132,3,1]
[256,-64,-144,8,49,2,-9,-1,1]
[4096,0,160,-11,10,0,1]
[256,-128,112,-68,29,-17,7,-2,1]
[4096,-1792,400,-51,25,-7,1]
[15625,3125,372,25,1]
[4096,64,5,1,1]
[4096,0,112,-75,7,0,1]
[14641,0,-140,0,1]
[16384,3072,289,24,1]
[1024,384,81,12,1]
[4096,-768,32,79,2,-3,1]
[4096,-512,16,7,1,-2,1]
[256,-192,128,-32,13,-8,8,-3,1]
[15625,1250,237,10,1]
[16384,1408,249,11,1]
[512,-384,184,-77,23,-6,1]
[4096,1024,320,97,20,4,1]
[729,-162,216,-32,24,-2,1]
[4096,768,144,-33,9,3,1]
[4096,768,208,-29,13,3,1]
[4096,1536,112,-19,7,6,1]
[256,-64,32,-4,-1,-1,2,-1,1]
[14641,-1210,142,-10,1]
[256,64,64,-32,1,-8,4,1,1]
[15625,-625,107,-5,1]
[4096,1024,592,129,37,4,1]
[4096,-768,176,-63,11,-3,1]
[4096,512,48,75,3,2,1]
[512,128,-40,-41,-5,2,1]
[4096,256,176,-59,11,1,1]
[4096,-1472,247,-23,1]
[14641,121,32,1,1]
[256,256,224,140,79,35,14,4,1]
[15625,1250,71,10,1]
[4096,1792,992,231,62,7,1]
[2401,588,73,12,1]
[2401,147,1,3,1]
[4096,-2048,704,-199,44,-8,1]
[729,-486,207,-83,23,-6,1]
[729,-486,279,-97,31,-6,1]
[15625,-3625,402,-29,1]
[1024,-416,99,-13,1]
[14641,1089,26,9,1]
[256,-64,-16,-16,31,-4,-1,-1,1]
[256,384,400,280,161,70,25,6,1]
[14641,-2299,201,-19,1]
[512,128,88,19,11,2,1]
[512,128,88,35,11,2,1]
[256,192,112,76,43,19,7,3,1]
[15625,-625,38,-5,1]
[4096,-2560,912,-243,57,-10,1]
[4096,2560,1008,295,63,10,1]
[16384,1280,135,10,1]
[15625,-250,-19,-2,1]
[256,128,48,-4,-19,-1,3,2,1]
[4096,0,-144,-19,-9,0,1]
[14641,-121,-56,-1,1]
[4096,2048,688,211,43,8,1]
[256,-128,112,-48,25,-12,7,-2,1]
[16384,2560,203,20,1]
[256,-64,48,-20,9,-5,3,-1,1]
[729,-81,-27,16,-3,-1,1]
[64,-16,12,5,3,-1,1]
[729,324,171,73,19,4,1]
[4096,0,16,-45,1,0,1]
[4096,-512,256,-75,16,-2,1]
[15625,-125,-48,-1,1]
[4096,2048,368,49,23,8,1]
[14641,-1452,29,-12,1]
[4096,1280,32,-33,2,5,1]
[512,128,144,27,18,2,1]
[729,-324,126,-64,14,-4,1]
[729,0,63,17,7,0,1]
[15625,1750,199,14,1]
[6561,2025,295,25,1]
[6561,567,-1,7,1]
[256,-64,32,28,-3,7,2,-1,1]
[4096,1280,224,51,14,5,1]
[15625,1375,156,11,1]
[4096,1280,496,133,31,5,1]
[14641,-484,202,-4,1]
[15625,1375,236,11,1]
[16384,-3968,451,-31,1]
[16384,-384,43,-3,1]
[4096,768,192,105,12,3,1]
[729,0,18,-47,2,0,1]
[16384,640,-15,5,1]
[14641,-1210,232,-10,1]
[729,486,9,-49,1,6,1]
[16384,256,-151,2,1]
[4096,1024,185,16,1]
[15625,-1125,-39,-9,1]
[4096,1280,240,3,15,5,1]
[14641,-968,161,-8,1]
[16384,1152,51,9,1]
[16384,-2432,235,-19,1]
[4096,1536,320,39,20,6,1]
[256,384,240,64,9,16,15,6,1]
[256,-48,5,-3,1]
[14641,847,-6,7,1]
[64,8,13,1,1]
[1024,-416,89,-13,1]
[4096,1280,-176,-133,-11,5,1]
[256,-128,80,-40,7,-10,5,-2,1]
[6561,-567,169,-7,1]
[729,-162,162,-41,18,-2,1]
[4096,-1280,432,-77,27,-5,1]
[14641,605,40,5,1]
[14641,1210,156,10,1]
[512,320,136,37,17,5,1]
[14641,-2178,285,-18,1]
[1024,32,-29,1,1]
[14641,121,80,1,1]
[256,-128,48,0,-15,0,3,-2,1]
[15625,375,108,3,1]
[4096,-1536,688,-147,43,-6,1]
[256,0,48,0,15,0,3,0,1]
[4096,-1280,384,-111,24,-5,1]
[729,-162,18,26,2,-2,1]
[14641,847,54,7,1]
[256,-128,80,-40,33,-10,5,-2,1]
[14641,484,182,4,1]
[625,0,-39,0,1]
[512,320,40,-7,5,5,1]
[14641,847,41,7,1]
[4096,-256,80,-37,5,-1,1]
[16384,0,35,0,1]
[729,405,180,49,20,5,1]
[256,-128,32,-24,21,-6,2,-2,1]
[64,48,36,23,9,3,1]
[15625,-750,-88,-6,1]
[4096,-1024,592,-129,37,-4,1]
[4096,-2048,832,-253,52,-8,1]
[15625,250,-19,2,1]
[15625,-2250,328,-18,1]
[14641,605,-56,5,1]
[15625,-875,-4,-7,1]
[14641,484,-3,4,1]
[4096,384,107,6,1]
[14641,0,-214,0,1]
[15625,-250,46,-2,1]
[15625,-125,-107,-1,1]
[6561,891,67,11,1]
[729,-54,-31,-2,1]
[256,-320,304,-192,109,-48,19,-5,1]
[4096,3840,1888,579,118,15,1]
[256,-128,16,40,-29,10,1,-2,1]
[4096,0,32,117,2,0,1]
[512,192,32,-1,4,3,1]
[256,64,0,-16,5,-4,0,1,1]
[256,-64,80,-40,15,-10,5,-1,1]
[256,0,112,-20,33,-5,7,0,1]
[4096,0,-96,25,-6,0,1]
[16384,-512,155,-4,1]
[4096,-512,128,51,8,-2,1]
[4096,-1792,208,9,13,-7,1]
[256,-192,112,-36,17,-9,7,-3,1]
[729,0,162,-10,18,0,1]
[4096,256,176,15,11,1,1]
[6561,648,94,8,1]
[16384,-2816,255,-22,1]
[15625,4375,541,35,1]
[4096,-1280,688,-157,43,-5,1]
[15625,-500,36,-4,1]
[4096,-256,624,-35,39,-1,1]
[4096,-64,19,-1,1]
[16384,-896,99,-7,1]
[256,-128,0,20,-7,5,0,-2,1]
[2401,245,75,5,1]
[256,-256,208,-136,65,-34,13,-4,1]
[512,0,176,-1,22,0,1]
[4096,-2560,1232,-345,77,-10,1]
[6561,1053,85,13,1]
[4096,0,32,49,2,0,1]
[4096,-1024,592,-99,37,-4,1]
[16384,-1408,29,-11,1]
[4096,1792,640,157,40,7,1]
[4096,1792,704,221,44,7,1]
[4096,-2304,800,-239,50,-9,1]
[14641,3751,455,31,1]
[4096,2560,640,117,40,10,1]
[16384,-1536,153,-12,1]
[15625,1625,69,13,1]
[4096,-1792,464,-111,29,-7,1]
[729,162,36,-8,4,2,1]
[15625,-1000,242,-8,1]
[4096,2816,1168,325,73,11,1]
[6561,0,76,0,1]
[14641,3388,427,28,1]
[64,-32,-4,7,-1,-2,1]
[4096,2304,1040,295,65,9,1]
[4096,1024,-112,-93,-7,4,1]
[15625,750,32,6,1]
[15625,625,13,5,1]
[4096,1536,-64,-99,-4,6,1]
[15625,-2000,226,-16,1]
[4096,-256,160,-65,10,-1,1]
[4096,1024,720,125,45,4,1]
[2401,392,100,8,1]
[4096,2048,464,81,29,8,1]
[4096,-1536,192,-1,12,-6,1]
[4096,-1536,512,-153,32,-6,1]
[14641,-1210,41,-10,1]
[4096,1792,-32,-123,-2,7,1]
[4096,-768,176,-41,11,-3,1]
[14641,726,-30,6,1]
[14641,-847,159,-7,1]
[4096,512,272,9,17,2,1]
[4096,-768,208,-109,13,-3,1]
[16384,640,-69,5,1]
[256,320,208,92,41,23,13,5,1]
[14641,1936,126,16,1]
[4096,-512,512,-69,32,-2,1]
[15625,-2625,279,-21,1]
[4096,1024,16,-31,1,4,1]
[4096,-2048,400,-55,25,-8,1]
[4096,192,109,3,1]
[512,-128,88,-9,11,-2,1]
[4096,-768,176,-71,11,-3,1]
[729,243,126,44,14,3,1]
[4096,64,-61,1,1]
[14641,-2420,304,-20,1]
[16384,0,163,0,1]
[16384,2304,257,18,1]
[256,-192,96,-16,1,-4,6,-3,1]
[14641,-242,-188,-2,1]
[729,81,126,23,14,1,1]
[4096,1280,400,57,25,5,1]
[2401,294,39,6,1]
[4096,-256,304,-1,19,-1,1]
[4096,256,-16,-75,-1,1,1]
[14641,-1936,137,-16,1]
[4096,0,176,-55,11,0,1]
[1024,-416,105,-13,1]
[16384,2432,237,19,1]
[4096,-2560,1056,-289,66,-10,1]
[256,-192,128,-40,19,-10,8,-3,1]
[4096,-1024,160,-45,10,-4,1]
[4096,512,352,87,22,2,1]
[4096,-2560,1280,-353,80,-10,1]
[256,256,224,152,87,38,14,4,1]
[16384,-896,255,-7,1]
[256,-256,208,-124,75,-31,13,-4,1]
[4096,256,112,-63,7,1,1]
[4096,-1792,400,-53,25,-7,1]
[6561,-162,-118,-2,1]
[4096,0,-112,-29,-7,0,1]
[14641,726,98,6,1]
[14641,242,141,2,1]
[4096,1536,720,187,45,6,1]
[4096,0,-16,-79,-1,0,1]
[4096,-512,-64,7,-4,-2,1]
[6561,972,152,12,1]
[15625,2625,268,21,1]
[256,128,128,60,31,15,8,2,1]
[15625,1125,264,9,1]
[4096,-1216,185,-19,1]
[256,0,128,-12,39,-3,8,0,1]
[256,128,80,0,3,0,5,2,1]
[6561,891,154,11,1]
[4096,-768,528,-105,33,-3,1]
[1024,32,-43,1,1]
[256,128,41,8,1]
[4096,2560,528,67,33,10,1]
[81,9,17,1,1]
[512,320,200,75,25,5,1]
[15625,-125,-29,-1,1]
[256,16,5,1,1]
[4096,-1280,-192,135,-12,-5,1]
[4096,320,29,5,1]
[256,-192,128,-52,29,-13,8,-3,1]
[729,-81,27,25,3,-1,1]
[4096,512,496,43,31,2,1]
[4096,448,131,7,1]
[15625,375,-152,3,1]
[4096,768,576,101,36,3,1]
[4096,-512,-32,39,-2,-2,1]
[15625,1375,42,11,1]
[4096,-2048,624,-155,39,-8,1]
[729,-486,225,-77,25,-6,1]
[16384,768,-51,6,1]
[4096,-1536,720,-151,45,-6,1]
[4096,1792,432,65,27,7,1]
[6561,891,103,11,1]
[4096,768,720,89,45,3,1]
[15625,0,-61,0,1]
[15625,-1500,249,-12,1]
[4096,-2304,896,-249,56,-9,1]
[729,0,9,-26,1,0,1]
[4096,1536,496,143,31,6,1]
[14641,-847,126,-7,1]
[4096,0,-176,-29,-11,0,1]
[4096,1024,208,9,13,4,1]
[16384,-2688,249,-21,1]
[4096,1792,176,-13,11,7,1]
[256,64,80,12,9,3,5,1,1]
[15625,2625,249,21,1]
[512,-448,208,-75,26,-7,1]
[256,-256,64,60,-59,15,4,-4,1]
[16384,768,193,6,1]
[4096,-1216,181,-19,1]
[64,32,24,15,6,2,1]
[4096,2048,144,-61,9,8,1]
[4096,-1536,400,-129,25,-6,1]
[4096,0,48,-35,3,0,1]
[14641,1573,251,13,1]
[4096,256,-112,39,-7,1,1]
[15625,-1500,188,-12,1]
[16384,1152,203,9,1]
[625,-25,-1,-1,1]
[256,384,224,52,5,13,14,6,1]
[729,648,324,118,36,8,1]
[14641,1573,76,13,1]
[16384,896,193,7,1]
[4096,-768,-16,79,-1,-3,1]
[4096,-1024,448,-63,28,-4,1]
[14641,2783,365,23,1]
[729,81,36,38,4,1,1]
[4096,-512,320,-63,20,-2,1]
[4096,-256,176,-45,11,-1,1]
[256,0,32,24,-7,6,2,0,1]
[6561,1377,172,17,1]
[14641,847,-27,7,1]
[14641,-1573,78,-13,1]
[256,-128,64,-20,15,-5,4,-2,1]
[256,-320,304,-216,117,-54,19,-5,1]
[4096,1280,96,1,6,5,1]
[14641,-1089,-43,-9,1]
[256,0,80,12,21,3,5,0,1]
[4096,0,-128,53,-8,0,1]
[4096,1792,640,187,40,7,1]
[256,-64,128,-64,33,-16,8,-1,1]
[729,-108,-7,-4,1]
[512,128,120,13,15,2,1]
[256,192,128,28,13,7,8,3,1]
[512,-320,32,15,4,-5,1]
[729,-81,153,-2,17,-1,1]
[4096,512,288,43,18,2,1]
[4096,256,288,-31,18,1,1]
[256,256,256,180,95,45,16,4,1]
[4096,768,160,-21,10,3,1]
[4096,768,-32,-13,-2,3,1]
[2401,-196,-27,-4,1]
[15625,750,43,6,1]
[4096,768,304,21,19,3,1]
[512,64,56,-13,7,1,1]
[4096,-3072,1056,-267,66,-12,1]
[4096,-2560,736,-173,46,-10,1]
[14641,1815,279,15,1]
[14641,-2057,169,-17,1]
[512,0,112,11,14,0,1]
[4096,256,80,-15,5,1,1]
[4096,-256,-144,47,-9,-1,1]
[4096,128,3,2,1]
[4096,-1536,832,-189,52,-6,1]
[729,-324,126,-34,14,-4,1]
[4096,-512,144,45,9,-2,1]
[4096,1280,64,-27,4,5,1]
[16384,1920,99,15,1]
[4096,-512,-32,7,-2,-2,1]
[4096,1024,179,16,1]
[4096,-1536,672,-169,42,-6,1]
[15625,-1125,177,-9,1]
[15625,1500,146,12,1]
[15625,-4375,538,-35,1]
[64,-16,-12,9,-3,-1,1]
[4096,0,0,-23,0,0,1]
[14641,-605,70,-5,1]
[4096,-512,-96,9,-6,-2,1]
[4096,-768,256,-11,16,-3,1]
[14641,0,-68,0,1]
[14641,-968,240,-8,1]
[2401,98,62,2,1]
[4096,-2816,944,-233,59,-11,1]
[16384,3584,415,28,1]
[729,-162,117,-4,13,-2,1]
[4096,256,240,93,15,1,1]
[256,96,25,6,1]
[4096,256,-16,37,-1,1,1]
[15625,1125,173,9,1]
[15625,1125,191,9,1]
[256,0,112,20,27,5,7,0,1]
[256,-128,80,-48,17,-12,5,-2,1]
[16384,3712,461,29,1]
[4096,2304,1040,293,65,9,1]
[4096,-832,87,-13,1]
[15625,-1000,184,-8,1]
[4096,256,0,-95,0,1,1]
[4096,-768,304,-41,19,-3,1]
[729,0,9,-35,1,0,1]
[4096,-1280,-64,67,-4,-5,1]
[729,162,63,17,7,2,1]
[14641,121,-59,1,1]
[4096,768,384,87,24,3,1]
[15625,-250,-42,-2,1]
[729,162,-45,-23,-5,2,1]
[15625,875,167,7,1]
[256,448,352,164,69,41,22,7,1]
[512,0,16,-9,2,0,1]
[4096,1536,-208,-171,-13,6,1]
[625,75,29,3,1]
[256,192,64,0,-3,0,4,3,1]
[15625,1500,169,12,1]
[4096,1280,0,-47,0,5,1]
[256,-256,128,-4,-13,-1,8,-4,1]
[15625,-875,61,-7,1]
[512,0,8,37,1,0,1]
[4096,0,16,-99,1,0,1]
[4096,2560,560,85,35,10,1]
[14641,-3993,487,-33,1]
[4096,256,400,41,25,1,1]
[4096,0,336,-33,21,0,1]
[512,-64,72,-1,9,-1,1]
[729,0,81,-26,9,0,1]
[4096,0,448,3,28,0,1]
[14641,-1694,224,-14,1]
[729,405,180,58,20,5,1]
[256,64,32,28,1,7,2,1,1]
[4096,768,240,19,15,3,1]
[16384,1536,207,12,1]
[4096,-768,-32,3,-2,-3,1]
[4096,1024,-64,-57,-4,4,1]
[4096,-2560,880,-231,55,-10,1]
[4096,-512,416,-71,26,-2,1]
[4096,-512,384,-95,24,-2,1]
[4096,768,32,-71,2,3,1]
[14641,2541,244,21,1]
[625,50,49,2,1]
[256,-384,240,-84,29,-21,15,-6,1]
[16384,384,-7,3,1]
[729,81,-18,-11,-2,1,1]
[512,128,96,7,12,2,1]
[15625,125,-64,1,1]
[16384,896,-53,7,1]
[256,-64,160,-52,49,-13,10,-1,1]
[15625,-2250,287,-18,1]
[4096,-512,304,-55,19,-2,1]
[4096,-2048,800,-235,50,-8,1]
[256,128,64,44,21,11,4,2,1]
[256,384,320,228,133,57,20,6,1]
[4096,256,-64,-29,-4,1,1]
[4096,768,-160,-135,-10,3,1]
[14641,-242,227,-2,1]
[14641,-968,72,-8,1]
[512,384,72,-1,9,6,1]
[729,324,126,41,14,4,1]
[4096,0,160,49,10,0,1]
[15625,3000,349,24,1]
[15625,1250,139,10,1]
[15625,875,4,7,1]
[256,-128,32,-20,13,-5,2,-2,1]
[256,-64,144,-12,41,-3,9,-1,1]
[256,-64,48,-24,27,-6,3,-1,1]
[4096,-2304,832,-233,52,-9,1]
[4096,-1792,768,-181,48,-7,1]
[256,128,0,20,33,5,0,2,1]
[4096,256,560,23,35,1,1]
[16384,-3072,391,-24,1]
[256,64,80,-32,3,-8,5,1,1]
[4096,-2816,1136,-339,71,-11,1]
[16384,-640,201,-5,1]
[2401,0,16,0,1]
[15625,3125,377,25,1]
[16384,0,167,0,1]
[4096,448,79,7,1]
[256,-192,128,-56,21,-14,8,-3,1]
[2401,833,144,17,1]
[4096,-2304,848,-239,53,-9,1]
[4096,-768,-80,89,-5,-3,1]
[4096,-1280,-224,159,-14,-5,1]
[256,0,16,-32,-5,-8,1,0,1]
[4096,0,-16,81,-1,0,1]
[256,256,96,4,-11,1,6,4,1]
[512,512,240,83,30,8,1]
[256,-256,64,-16,17,-4,4,-4,1]
[4096,1792,368,75,23,7,1]
[625,125,7,5,1]
[256,64,80,12,21,3,5,1,1]
[4096,-256,-160,23,-10,-1,1]
[16384,128,75,1,1]
[4096,1280,288,91,18,5,1]
[4096,512,48,43,3,2,1]
[4096,-2816,1136,-315,71,-11,1]
[4096,-256,208,-21,13,-1,1]
[14641,-3993,497,-33,1]
[6561,-567,68,-7,1]
[256,192,128,40,21,10,8,3,1]
[4096,0,32,-115,2,0,1]
[15625,1250,77,10,1]
[512,64,-40,-9,-5,1,1]
[256,-192,64,-4,3,-1,4,-3,1]
[4096,1280,576,109,36,5,1]
[14641,3751,445,31,1]
[4096,0,-64,-53,-4,0,1]
[16384,896,43,7,1]
[6561,-729,107,-9,1]
[2401,0,96,0,1]
[15625,1000,102,8,1]
[6561,567,88,7,1]
[16384,-3072,379,-24,1]
[256,64,-112,0,43,0,-7,1,1]
[256,192,144,72,33,18,9,3,1]
[14641,-1694,245,-14,1]
[256,0,32,-28,-3,-7,2,0,1]
[4096,0,432,29,27,0,1]
[729,243,63,34,7,3,1]
[4096,128,-55,2,1]
[4096,0,16,77,1,0,1]
[729,162,0,-5,0,2,1]
[4096,-1024,448,-65,28,-4,1]
[15625,2000,284,16,1]
[4096,-1024,256,-67,16,-4,1]
[4096,-1792,784,-209,49,-7,1]
[512,-64,96,-3,12,-1,1]
[2401,-784,155,-16,1]
[729,162,126,20,14,2,1]
[14641,2178,266,18,1]
[4096,-768,416,-105,26,-3,1]
[4096,1024,80,-49,5,4,1]
[4096,512,688,59,43,2,1]
[15625,750,64,6,1]
[4096,-2048,784,-235,49,-8,1]
[729,-81,144,-4,16,-1,1]
[256,-320,160,-40,11,-10,10,-5,1]
[512,0,128,7,16,0,1]
[14641,1815,168,15,1]
[4096,-1792,512,-133,32,-7,1]
[6561,1620,229,20,1]
[729,-810,513,-205,57,-10,1]
[15625,-2750,279,-22,1]
[256,-320,288,-180,99,-45,18,-5,1]
[729,-81,126,-13,14,-1,1]
[256,64,16,-28,-1,-7,1,1,1]
[4096,-1280,432,-175,27,-5,1]
[256,384,256,92,31,23,16,6,1]
[16384,1280,73,10,1]
[14641,-1694,268,-14,1]
[256,64,-48,-16,7,-4,-3,1,1]
[729,-162,9,26,1,-2,1]
[4096,-512,-48,13,-3,-2,1]
[15625,375,126,3,1]
[729,324,180,43,20,4,1]
[14641,-726,-57,-6,1]
[4096,-128,99,-2,1]
[4096,-256,208,-47,13,-1,1]
[15625,-875,127,-7,1]
[15625,500,-84,4,1]
[4096,0,-96,71,-6,0,1]
[4096,192,105,3,1]
[4096,-768,-144,71,-9,-3,1]
[4096,2304,672,153,42,9,1]
[4096,1024,224,73,14,4,1]
[4096,-2048,464,-99,29,-8,1]
[4096,1792,32,-87,2,7,1]
[4096,-1024,496,-107,31,-4,1]
[625,50,19,2,1]
[4096,768,448,83,28,3,1]
[4096,1536,64,-43,4,6,1]
[729,-243,99,-61,11,-3,1]
[4096,256,-96,-89,-6,1,1]
[81,36,14,4,1]
[729,648,216,53,24,8,1]
[4096,0,-48,-59,-3,0,1]
[4096,2048,224,-31,14,8,1]
[6561,1215,196,15,1]
[14641,-2904,359,-24,1]
[16384,640,-107,5,1]
[14641,-3025,397,-25,1]
[4096,-256,96,35,6,-1,1]
[256,-128,96,-8,7,-2,6,-2,1]
[256,-128,-16,28,-11,7,-1,-2,1]
[729,486,162,52,18,6,1]
[4096,-2048,528,-117,33,-8,1]
[256,64,80,-20,7,-5,5,1,1]
[256,-64,-64,-8,31,-2,-4,-1,1]
[4096,-1024,-128,71,-8,-4,1]
[14641,847,152,7,1]
[4096,-1024,480,-113,30,-4,1]
[16384,-3584,433,-28,1]
[2401,588,76,12,1]
[729,405,54,-5,6,5,1]
[256,192,64,32,27,8,4,3,1]
[14641,968,67,8,1]
[16384,-1408,157,-11,1]
[16384,3456,357,27,1]
[256,0,16,-24,-11,-6,1,0,1]
[256,-192,32,-16,19,-4,2,-3,1]
[4096,-256,-32,7,-2,-1,1]
[256,192,144,96,45,24,9,3,1]
[4096,768,400,49,25,3,1]
[4096,256,-16,63,-1,1,1]
[2401,-441,108,-9,1]
[4096,256,-32,27,-2,1,1]
[4096,768,144,61,9,3,1]
[6561,-648,74,-8,1]
[4096,-1536,192,9,12,-6,1]
[4096,1280,368,93,23,5,1]
[729,-162,243,-35,27,-2,1]
[256,256,288,184,111,46,18,4,1]
[4096,-1280,288,-69,18,-5,1]
[729,-162,18,29,2,-2,1]
[256,0,0,-20,-9,-5,0,0,1]
[14641,-1452,43,-12,1]
[6561,-243,121,-3,1]
[256,-128,-32,-8,31,-2,-2,-2,1]
[15625,-625,132,-5,1]
[256,128,64,20,23,5,4,2,1]
[256,-64,-32,-8,19,-2,-2,-1,1]
[4096,2048,416,53,26,8,1]
[512,-64,80,-25,10,-1,1]
[16384,-3072,353,-24,1]
[4096,0,288,-5,18,0,1]
[16384,4608,565,36,1]
[4096,-576,119,-9,1]
[15625,-1250,114,-10,1]
[256,256,128,32,11,8,8,4,1]
[64,64,20,3,5,4,1]
[14641,1210,179,10,1]
[16384,2048,163,16,1]
[256,-320,224,-140,81,-35,14,-5,1]
[6561,-486,49,-6,1]
[4096,2816,1280,363,80,11,1]
[16384,128,-111,1,1]
[6561,810,82,10,1]
[729,-243,99,-31,11,-3,1]
[625,225,56,9,1]
[512,384,136,39,17,6,1]
[14641,-2904,338,-24,1]
[256,-64,80,-8,27,-2,5,-1,1]
[729,-567,297,-118,33,-7,1]
[4096,1024,400,43,25,4,1]
[4096,448,23,7,1]
[512,256,48,9,6,4,1]
[15625,-2500,346,-20,1]
[256,64,-16,-4,-3,-1,-1,1,1]
[4096,-256,352,21,22,-1,1]
[256,64,32,-32,-5,-8,2,1,1]
[16384,-768,13,-6,1]
[256,-64,64,-8,13,-2,4,-1,1]
[14641,-1936,159,-16,1]
[15625,1250,26,10,1]
[256,128,112,72,29,18,7,2,1]
[16384,1024,-69,8,1]
[512,256,152,55,19,4,1]
[14641,2541,277,21,1]
[4096,-768,336,-23,21,-3,1]
[14641,1331,64,11,1]
[4096,0,112,71,7,0,1]
[15625,1500,91,12,1]
[16384,1152,129,9,1]
[4096,-384,75,-6,1]
[15625,1250,-9,10,1]
[6561,-324,68,-4,1]
[512,128,0,-21,0,2,1]
[14641,1452,247,12,1]
[4096,-384,71,-6,1]
[6561,81,65,1,1]
[4096,256,32,63,2,1,1]
[256,384,368,264,145,66,23,6,1]
[2401,-343,79,-7,1]
[15625,3375,379,27,1]
[4096,-512,576,-47,36,-2,1]
[729,-648,324,-119,36,-8,1]
[4096,512,96,-69,6,2,1]
[512,-128,136,-35,17,-2,1]
[14641,1331,125,11,1]
[6561,405,-38,5,1]
[15625,4375,553,35,1]
[4096,-384,79,-6,1]
[14641,-1452,118,-12,1]
[6561,-567,64,-7,1]
[4096,2048,768,213,48,8,1]
[1024,224,63,7,1]
[729,324,90,19,10,4,1]
[4096,-1280,-96,93,-6,-5,1]
[15625,-875,37,-7,1]
[512,-768,560,-247,70,-12,1]
[4096,-384,-5,-6,1]
[15625,250,-161,2,1]
[6561,1377,214,17,1]
[4096,1792,544,153,34,7,1]
[15625,625,89,5,1]
[4096,0,192,37,12,0,1]
[729,0,189,-5,21,0,1]
[16384,1152,-9,9,1]
[16384,-1536,93,-12,1]
[14641,363,151,3,1]
[512,-64,-8,-23,-1,-1,1]
[4096,-768,192,-29,12,-3,1]
[4096,-512,448,-15,28,-2,1]
[4096,-1152,171,-18,1]
[4096,0,96,89,6,0,1]
[729,324,153,38,17,4,1]
[4096,-256,352,27,22,-1,1]
[729,162,20,6,1]
[15625,2375,176,19,1]
[4096,0,-80,13,-5,0,1]
[729,-81,-36,47,-4,-1,1]
[512,-256,120,-29,15,-4,1]
[16384,1920,253,15,1]
[6561,1215,214,15,1]
[4096,-768,48,13,3,-3,1]
[4096,1280,320,21,20,5,1]
[15625,-125,147,-1,1]
[4096,-768,432,-67,27,-3,1]
[729,-486,252,-86,28,-6,1]
[15625,625,94,5,1]
[256,192,16,4,15,1,1,3,1]
[729,0,36,4,4,0,1]
[6561,-324,44,-4,1]
[4096,-1024,144,-1,9,-4,1]
[4096,0,208,-5,13,0,1]
[256,-256,192,-116,59,-29,12,-4,1]
[729,0,117,16,13,0,1]
[4096,0,-176,-5,-11,0,1]
[16384,-512,59,-4,1]
[729,-567,252,-86,28,-7,1]
[256,-256,128,-56,29,-14,8,-4,1]
[729,-81,-27,11,-3,-1,1]
[256,64,32,24,23,6,2,1,1]
[14641,242,111,2,1]
[16384,-896,37,-7,1]
[16384,3328,351,26,1]
[4096,2048,544,139,34,8,1]
[256,320,288,200,105,50,18,5,1]
[6561,-810,61,-10,1]
[4096,0,-144,37,-9,0,1]
[15625,-1375,152,-11,1]
[4096,256,128,-75,8,1,1]
[512,128,-32,-13,-4,2,1]
[14641,3509,414,29,1]
[256,128,48,-28,-25,-7,3,2,1]
[15625,-2875,357,-23,1]
[4096,0,352,25,22,0,1]
[4096,-1280,336,-111,21,-5,1]
[4096,2560,912,235,57,10,1]
[14641,605,218,5,1]
[729,-81,36,-10,4,-1,1]
[4096,256,208,95,13,1,1]
[512,192,32,-5,4,3,1]
[14641,2178,239,18,1]
[4096,-1024,272,-85,17,-4,1]
[14641,242,-61,2,1]
[4096,2304,960,275,60,9,1]
[4096,0,32,73,2,0,1]
[729,162,-9,-1,-1,2,1]
[256,0,16,36,-3,9,1,0,1]
[15625,-1250,206,-10,1]
[2401,-441,74,-9,1]
[4096,512,-96,-105,-6,2,1]
[256,-256,208,-92,51,-23,13,-4,1]
[256,-64,32,-20,29,-5,2,-1,1]
[4096,-256,48,-1,3,-1,1]
[256,-256,272,-164,101,-41,17,-4,1]
[4096,1792,496,91,31,7,1]
[4096,3072,1312,393,82,12,1]
[1024,160,57,5,1]
[729,0,-54,1,-6,0,1]
[4096,-2304,896,-263,56,-9,1]
[4096,-1536,32,85,2,-6,1]
[16384,-128,-175,-1,1]
[16384,-512,15,-4,1]
[15625,1375,14,11,1]
[4096,-1024,288,-27,18,-4,1]
[256,0,128,24,33,6,8,0,1]
[4096,768,176,-15,11,3,1]
[256,-192,64,28,-29,7,4,-3,1]
[4096,-1280,480,-151,30,-5,1]
[256,-256,160,-64,23,-16,10,-4,1]
[4096,256,464,9,29,1,1]
[4096,512,16,5,1,2,1]
[4096,0,32,-25,2,0,1]
[14641,-968,255,-8,1]
[4096,-1536,848,-181,53,-6,1]
[14641,1815,194,15,1]
[256,320,144,28,5,7,9,5,1]
[14641,-484,9,-4,1]
[16384,-2944,369,-23,1]
[14641,-3872,492,-32,1]
[4096,-3584,1552,-455,97,-14,1]
[256,128,64,16,1,4,4,2,1]
[4096,-2304,800,-231,50,-9,1]
[16384,256,187,2,1]
[729,243,108,11,12,3,1]
[4096,1536,560,187,35,6,1]
[15625,2125,198,17,1]
[256,128,16,8,11,2,1,2,1]
[256,-256,112,-52,31,-13,7,-4,1]
[256,64,-16,0,-1,0,-1,1,1]
[256,192,-16,-44,-17,-11,-1,3,1]
[4096,832,127,13,1]
[256,256,224,128,71,32,14,4,1]
[512,-128,88,-43,11,-2,1]
[2401,147,-29,3,1]
[4096,-512,112,-3,7,-2,1]
[14641,-726,43,-6,1]
[4096,-1024,128,37,8,-4,1]
[256,64,-32,-4,3,-1,-2,1,1]
[512,0,16,27,2,0,1]
[729,567,306,113,34,7,1]
[15625,-1000,-4,-8,1]
[15625,875,128,7,1]
[4096,-1792,560,-173,35,-7,1]
[4096,2048,192,-39,12,8,1]
[256,128,112,44,35,11,7,2,1]
[256,0,32,-36,-7,-9,2,0,1]
[729,-243,-54,55,-6,-3,1]
[256,-192,48,-16,15,-4,3,-3,1]
[256,0,128,-12,41,-3,8,0,1]
[15625,-250,-181,-2,1]
[256,-192,80,-8,-1,-2,5,-3,1]
[14641,121,24,1,1]
[4096,-1536,240,-19,15,-6,1]
[256,192,96,8,-1,2,6,3,1]
[256,64,48,20,5,5,3,1,1]
[256,-64,64,-20,27,-5,4,-1,1]
[4096,-512,-112,7,-7,-2,1]
[16384,-1408,125,-11,1]
[4096,-256,-16,-85,-1,-1,1]
[256,0,32,0,5,0,2,0,1]
[256,64,-64,0,21,0,-4,1,1]
[4096,256,-176,-45,-11,1,1]
[4096,-768,288,-115,18,-3,1]
[4096,2560,1120,311,70,10,1]
[4096,1024,96,5,6,4,1]
[729,-486,72,11,8,-6,1]
[4096,1024,-80,-65,-5,4,1]
[4096,256,0,-99,0,1,1]
[15625,125,89,1,1]
[6561,-1215,199,-15,1]
[256,-256,176,-116,63,-29,11,-4,1]
[4096,256,-16,-29,-1,1,1]
[4096,2048,704,185,44,8,1]
[256,-128,128,-76,45,-19,8,-2,1]
[15625,0,-164,0,1]
[15625,375,-137,3,1]
[4096,768,96,-3,6,3,1]
[4096,-1280,784,-145,49,-5,1]
[16384,-3328,393,-26,1]
[1024,-320,77,-10,1]
[4096,1792,528,145,33,7,1]
[16384,1280,191,10,1]
[729,162,108,43,12,2,1]
[729,81,-9,-38,-1,1,1]
[15625,125,-82,1,1]
[15625,1125,23,9,1]
[4096,-1024,-96,111,-6,-4,1]
[15625,1000,-6,8,1]
[512,0,112,-5,14,0,1]
[4096,-1536,560,-143,35,-6,1]
[4096,-1024,224,-33,14,-4,1]
[6561,-162,-5,-2,1]
[16384,-1152,169,-9,1]
[4096,256,0,-51,0,1,1]
[14641,-484,-20,-4,1]
[256,-64,80,-40,19,-10,5,-1,1]
[15625,-2750,274,-22,1]
[256,128,48,12,-9,3,3,2,1]
[4096,-4096,2080,-647,130,-16,1]
[14641,-121,190,-1,1]
[256,128,48,-24,-13,-6,3,2,1]
[256,192,64,24,19,6,4,3,1]
[6561,-2511,398,-31,1]
[256,0,0,12,21,3,0,0,1]
[14641,-968,170,-8,1]
[256,64,-32,0,5,0,-2,1,1]
[256,64,48,-24,1,-6,3,1,1]
[15625,4000,469,32,1]
[729,729,441,175,49,9,1]
[4096,64,121,1,1]
[4096,-768,-32,19,-2,-3,1]
[15625,-2625,269,-21,1]
[15625,1125,123,9,1]
[15625,-1750,137,-14,1]
[4096,2048,560,125,35,8,1]
[729,-324,108,-22,12,-4,1]
[15625,1375,194,11,1]
[4096,-1280,32,79,2,-5,1]
[14641,-121,124,-1,1]
[4096,-512,93,-8,1]
[15625,1375,209,11,1]
[4096,768,-112,-43,-7,3,1]
[4096,1024,-64,-61,-4,4,1]
[4096,1280,416,141,26,5,1]
[4096,-2048,704,-179,44,-8,1]
[14641,-1331,226,-11,1]
[256,64,0,8,27,2,0,1,1]
[729,81,99,1,11,1,1]
[4096,-256,304,-41,19,-1,1]
[256,0,0,8,-9,2,0,0,1]
[256,0,32,-8,25,-2,2,0,1]
[15625,-1625,277,-13,1]
[4096,256,-128,-59,-8,1,1]
[256,128,32,-36,-23,-9,2,2,1]
[729,-162,0,4,0,-2,1]
[729,-405,90,-16,10,-5,1]
[14641,-3146,384,-26,1]
[512,-192,64,-39,8,-3,1]
[4096,-512,432,-77,27,-2,1]
[729,-162,72,-55,8,-2,1]
[16384,128,41,1,1]
[4096,768,480,39,30,3,1]
[4096,-768,160,-53,10,-3,1]
[15625,2125,314,17,1]
[15625,500,178,4,1]
[4096,3840,1728,509,108,15,1]
[256,-256,32,48,-31,12,2,-4,1]
[4096,-768,192,-127,12,-3,1]
[16384,-1664,77,-13,1]
[256,64,25,4,1]
[4096,-2816,976,-263,61,-11,1]
[2401,1176,241,24,1]
[729,648,351,134,39,8,1]
[14641,-1815,243,-15,1]
[4096,-1024,160,-69,10,-4,1]
[4096,512,128,-61,8,2,1]
[256,-320,176,-36,1,-9,11,-5,1]
[64,-64,64,-33,16,-4,1]
[15625,1000,44,8,1]
[15625,-1625,199,-13,1]
[256,-256,112,-72,49,-18,7,-4,1]
[6561,-648,143,-8,1]
[256,64,16,-16,5,-4,1,1,1]
[729,324,54,-1,6,4,1]
[4096,512,288,27,18,2,1]
[4096,-256,96,9,6,-1,1]
[4096,-256,-64,15,-4,-1,1]
[256,64,3,4,1]
[6561,-405,-44,-5,1]
[729,-81,63,-2,7,-1,1]
[512,-64,-24,13,-3,-1,1]
[4096,-768,448,-47,28,-3,1]
[512,-320,72,-15,9,-5,1]
[4096,-1280,128,-17,8,-5,1]
[14641,2541,322,21,1]
[512,256,-16,-41,-2,4,1]
[512,-192,64,-17,8,-3,1]
[4096,256,-80,-117,-5,1,1]
[4096,-1792,400,-57,25,-7,1]
[4096,256,-128,-35,-8,1,1]
[256,256,224,132,73,33,14,4,1]
[4096,1536,800,185,50,6,1]
[4096,-2048,496,-103,31,-8,1]
[14641,605,120,5,1]
[256,-64,0,12,-3,3,0,-1,1]
[4096,-512,-176,31,-11,-2,1]
[4096,1024,336,143,21,4,1]
[256,-64,48,-28,-5,-7,3,-1,1]
[729,-81,180,-13,20,-1,1]
[14641,-605,107,-5,1]
[4096,768,128,-47,8,3,1]
[4096,-3584,1600,-475,100,-14,1]
[4096,1280,192,39,12,5,1]
[16384,128,11,1,1]
[256,0,-16,8,5,2,-1,0,1]
[4096,0,256,47,16,0,1]
[256,-384,304,-148,69,-37,19,-6,1]
[4096,512,224,43,14,2,1]
[4096,-1536,432,-89,27,-6,1]
[14641,242,82,2,1]
[512,256,128,39,16,4,1]
[4096,-256,-80,-17,-5,-1,1]
[15625,3375,363,27,1]
[15625,1500,57,12,1]
[14641,726,151,6,1]
[4096,256,-32,-73,-2,1,1]
[4096,-1280,656,-119,41,-5,1]
[256,64,0,-16,-17,-4,0,1,1]
[4096,512,736,61,46,2,1]
[729,-567,342,-122,38,-7,1]
[14641,1694,260,14,1]
[512,-192,48,-31,6,-3,1]
[4096,640,33,10,1]
[4096,-512,55,-8,1]
[4096,-1536,640,-149,40,-6,1]
[14641,484,24,4,1]
[256,-192,96,-16,3,-4,6,-3,1]
[256,-192,48,4,-1,1,3,-3,1]
[4096,768,320,101,20,3,1]
[16384,-1152,211,-9,1]
[2401,539,124,11,1]
[4096,2560,1200,339,75,10,1]
[14641,3388,405,28,1]
[4096,-512,-32,-25,-2,-2,1]
[256,64,64,48,19,12,4,1,1]
[256,0,-48,4,11,1,-3,0,1]
[4096,-768,-48,101,-3,-3,1]
[256,0,48,16,19,4,3,0,1]
[4096,-512,384,-51,24,-2,1]
[4096,512,336,55,21,2,1]
[729,-405,216,-70,24,-5,1]
[14641,-1089,235,-9,1]
[6561,729,163,9,1]
[256,320,160,8,-19,2,10,5,1]
[6561,-162,83,-2,1]
[16384,-384,41,-3,1]
[4096,1280,80,-33,5,5,1]
[4096,0,288,-33,18,0,1]
[4096,1280,-128,-113,-8,5,1]
[16384,896,-1,7,1]
[16384,-1024,87,-8,1]
[14641,121,-10,1,1]
[14641,1331,249,11,1]
[4096,1536,736,179,46,6,1]
[729,0,29,0,1]
[4096,256,256,-41,16,1,1]
[256,384,272,120,49,30,17,6,1]
[256,0,0,4,23,1,0,0,1]
[4096,768,0,7,0,3,1]
[14641,-242,169,-2,1]
[4096,-1792,384,-51,24,-7,1]
[2401,-392,53,-8,1]
[256,-64,64,-4,13,-1,4,-1,1]
[4096,-256,-48,13,-3,-1,1]
[4096,-2048,464,-101,29,-8,1]
[4096,256,-32,-113,-2,1,1]
[6561,-162,43,-2,1]
[4096,256,240,-41,15,1,1]
[15625,1250,56,10,1]
[15625,250,-76,2,1]
[4096,-1280,16,41,1,-5,1]
[16384,1664,67,13,1]
[4096,-4096,2000,-611,125,-16,1]
[256,128,16,28,33,7,1,2,1]
[4096,-512,144,-79,9,-2,1]
[15625,750,-87,6,1]
[729,-81,126,-11,14,-1,1]
[16384,384,-37,3,1]
[512,-192,120,-45,15,-3,1]
[4096,-2560,1088,-329,68,-10,1]
[4096,-1280,160,-7,10,-5,1]
[4096,-512,0,-41,0,-2,1]
[16384,128,-49,1,1]
[4096,-1024,368,-35,23,-4,1]
[4096,768,-16,-83,-1,3,1]
[16384,-3456,393,-27,1]
[4096,768,128,17,8,3,1]
[6561,-1863,293,-23,1]
[4096,-1280,528,-141,33,-5,1]
[4096,-2048,784,-233,49,-8,1]
[256,128,64,0,1,0,4,2,1]
[4096,-1536,688,-191,43,-6,1]
[256,-192,0,-28,45,-7,0,-3,1]
[4096,-768,160,-71,10,-3,1]
[4096,256,-37,4,1]
[4096,-512,-224,73,-14,-2,1]
[15625,-500,-44,-4,1]
[14641,-1331,98,-11,1]
[256,128,64,20,13,5,4,2,1]
[15625,-1000,181,-8,1]
[15625,-500,13,-4,1]
[4096,1536,80,-51,5,6,1]
[15625,-750,106,-6,1]
[6561,0,-152,0,1]
[4096,-1024,512,-117,32,-4,1]
[256,-256,96,32,-35,8,6,-4,1]
[256,-128,48,-28,31,-7,3,-2,1]
[15625,1875,101,15,1]
[81,-1,1]
[15625,125,27,1,1]
[4096,1792,48,-75,3,7,1]
[16384,384,73,3,1]
[14641,0,25,0,1]
[6561,-324,134,-4,1]
[256,-64,96,-56,17,-14,6,-1,1]
[16384,384,125,3,1]
[256,48,19,3,1]
[14641,847,84,7,1]
[4096,-1280,672,-151,42,-5,1]
[4096,-256,64,27,4,-1,1]
[14641,1815,265,15,1]
[4096,0,112,-39,7,0,1]
[4096,-1024,576,-93,36,-4,1]
[14641,3509,436,29,1]
[4096,-1024,192,-89,12,-4,1]
[625,-150,58,-6,1]
[15625,-1375,8,-11,1]
[2401,-98,-36,-2,1]
[4096,1792,688,193,43,7,1]
[15625,1250,51,10,1]
[256,-192,16,44,-31,11,1,-3,1]
[14641,0,83,0,1]
[4096,-1792,656,-201,41,-7,1]
[6561,-1782,269,-22,1]
[256,128,80,44,13,11,5,2,1]
[2401,-441,45,-9,1]
[729,0,126,-17,14,0,1]
[256,128,144,76,49,19,9,2,1]
[4096,2048,720,207,45,8,1]
[15625,-1000,104,-8,1]
[16384,-3072,345,-24,1]
[14641,-3630,435,-30,1]
[729,-81,153,-16,17,-1,1]
[4096,-512,0,-15,0,-2,1]
[729,567,333,125,37,7,1]
[729,27,43,1,1]
[14641,1694,233,14,1]
[4096,0,16,-109,1,0,1]
[4096,1536,496,177,31,6,1]
[15625,125,209,1,1]
[4096,-2048,896,-239,56,-8,1]
[14641,-1694,288,-14,1]
[512,320,176,75,22,5,1]
[16384,1536,187,12,1]
[4096,-1280,432,-135,27,-5,1]
[4096,0,256,-19,16,0,1]
[729,-243,0,16,0,-3,1]
[14641,363,-114,3,1]
[4096,-2048,464,-71,29,-8,1]
[14641,-2904,332,-24,1]
[14641,-121,-63,-1,1]
[15625,0,151,0,1]
[4096,3072,1296,375,81,12,1]
[4096,3584,1456,407,91,14,1]
[16384,-2560,233,-20,1]
[14641,-1452,101,-12,1]
[4096,-1792,96,65,6,-7,1]
[6561,810,70,10,1]
[4096,-256,64,-117,4,-1,1]
[256,-128,64,-52,21,-13,4,-2,1]
[729,324,135,49,15,4,1]
[256,64,64,48,21,12,4,1,1]
[256,0,-48,16,13,4,-3,0,1]
[4096,-768,192,-47,12,-3,1]
[4096,-256,32,61,2,-1,1]
[256,-384,288,-144,67,-36,18,-6,1]
[14641,-484,-51,-4,1]
[256,0,112,16,35,4,7,0,1]
[4096,1792,896,215,56,7,1]
[6561,243,143,3,1]
[14641,-1210,227,-10,1]
[256,0,16,-20,-17,-5,1,0,1]
[4096,-256,-128,39,-8,-1,1]
[4096,-1792,704,-213,44,-7,1]
[729,-81,0,34,0,-1,1]
[4096,768,432,57,27,3,1]
[256,192,128,60,37,15,8,3,1]
[4096,1280,448,97,28,5,1]
[4096,1280,-128,-133,-8,5,1]
[15625,-2875,359,-23,1]
[4096,-768,176,25,11,-3,1]
[15625,-375,211,-3,1]
[4096,1792,272,21,17,7,1]
[729,270,59,10,1]
[15625,750,29,6,1]
[4096,-512,480,-49,30,-2,1]
[4096,-1280,400,-109,25,-5,1]
[16384,-768,105,-6,1]
[729,0,27,26,3,0,1]
[256,256,112,24,3,6,7,4,1]
[512,256,144,47,18,4,1]
[4096,1536,400,117,25,6,1]
[256,128,128,52,31,13,8,2,1]
[14641,-121,-123,-1,1]
[4096,-2304,832,-213,52,-9,1]
[15625,375,53,3,1]
[256,-384,320,-196,105,-49,20,-6,1]
[4096,-256,-160,-15,-10,-1,1]
[512,-192,-48,37,-6,-3,1]
[15625,-2625,306,-21,1]
[4096,768,576,69,36,3,1]
[15625,-3125,389,-25,1]
[729,-81,45,25,5,-1,1]
[16384,-1920,255,-15,1]
[729,-486,225,-70,25,-6,1]
[14641,1331,24,11,1]
[15625,250,21,2,1]
[4096,1792,336,31,21,7,1]
[4096,256,464,23,29,1,1]
[729,405,144,35,16,5,1]
[4096,-704,135,-11,1]
[729,-189,58,-7,1]
[2401,196,83,4,1]
[256,64,48,8,5,2,3,1,1]
[16384,-2432,345,-19,1]
[4096,-1024,-160,137,-10,-4,1]
[256,-64,0,-24,25,-6,0,-1,1]
[4096,1280,80,-55,5,5,1]
[4096,3584,1584,465,99,14,1]
[4096,-1024,128,-25,8,-4,1]
[512,192,56,11,7,3,1]
[256,192,-16,-32,-7,-8,-1,3,1]
[6561,-405,46,-5,1]
[4096,0,432,25,27,0,1]
[729,-567,261,-86,29,-7,1]
[6561,1134,106,14,1]
[15625,3375,371,27,1]
[4096,1792,624,187,39,7,1]
[4096,1792,-208,-201,-13,7,1]
[4096,256,64,-11,4,1,1]
[16384,3712,423,29,1]
[4096,-1536,480,-119,30,-6,1]
[14641,-363,87,-3,1]
[4096,256,-208,-11,-13,1,1]
[15625,1000,-24,8,1]
[4096,512,-32,21,-2,2,1]
[14641,0,227,0,1]
[4096,256,432,53,27,1,1]
[256,0,16,28,13,7,1,0,1]
[4096,-3328,1520,-455,95,-13,1]
[4096,256,-208,-17,-13,1,1]
[4096,-2048,992,-261,62,-8,1]
[729,243,-63,-49,-7,3,1]
[256,64,64,-32,-3,-8,4,1,1]
[256,-256,96,12,-23,3,6,-4,1]
[4096,-1024,-48,35,-3,-4,1]
[512,0,-8,-11,-1,0,1]
[4096,512,0,13,0,2,1]
[4096,512,112,113,7,2,1]
[4096,-1536,0,87,0,-6,1]
[15625,-1500,97,-12,1]
[4096,-1024,576,-91,36,-4,1]
[14641,-847,-9,-7,1]
[6561,1782,256,22,1]
[6561,-1539,194,-19,1]
[4096,1024,144,7,9,4,1]
[4096,768,400,95,25,3,1]
[4096,-1536,528,-111,33,-6,1]
[16384,-1792,205,-14,1]
[729,0,-9,-31,-1,0,1]
[15625,-500,201,-4,1]
[729,567,189,50,21,7,1]
[15625,1875,189,15,1]
[4096,-1024,448,-69,28,-4,1]
[256,-128,160,-68,49,-17,10,-2,1]
[14641,-242,137,-2,1]
[729,-81,153,-22,17,-1,1]
[14641,-1089,-34,-9,1]
[2401,-49,47,-1,1]
[4096,-768,240,-105,15,-3,1]
[4096,768,592,79,37,3,1]
[256,-64,16,8,-27,2,1,-1,1]
[4096,256,192,65,12,1,1]
[4096,-512,-192,41,-12,-2,1]
[4096,-2048,608,-149,38,-8,1]
[15625,-875,86,-7,1]
[4096,-512,-240,57,-15,-2,1]
[256,384,336,220,119,55,21,6,1]
[81,9,-1,1,1]
[256,128,112,44,33,11,7,2,1]
[14641,847,172,7,1]
[4096,512,-16,-73,-1,2,1]
[16384,1152,-1,9,1]
[256,0,32,-36,-5,-9,2,0,1]
[512,128,-32,-29,-4,2,1]
[15625,2250,302,18,1]
[15625,-625,168,-5,1]
[4096,768,144,67,9,3,1]
[6561,405,-8,5,1]
[6561,-486,143,-6,1]
[16384,-1536,159,-12,1]
[15625,-2625,283,-21,1]
[4096,1024,320,125,20,4,1]
[15625,-1875,224,-15,1]
[15625,750,-37,6,1]
[4096,0,112,-35,7,0,1]
[15625,-1000,177,-8,1]
[14641,-484,92,-4,1]
[16384,2688,223,21,1]
[4096,-768,112,-25,7,-3,1]
[4096,-1536,448,-159,28,-6,1]
[14641,-847,193,-7,1]
[4096,-768,-128,61,-8,-3,1]
[4096,-768,80,-59,5,-3,1]
[729,-81,36,-8,4,-1,1]
[4096,-1280,400,-149,25,-5,1]
[4096,-256,0,-85,0,-1,1]
[4096,256,176,67,11,1,1]
[729,-324,198,-73,22,-4,1]
[512,64,64,27,8,1,1]
[256,-128,96,-60,35,-15,6,-2,1]
[4096,2048,656,157,41,8,1]
[729,-324,54,-14,6,-4,1]
[2401,-539,89,-11,1]
[512,-384,200,-69,25,-6,1]
[256,384,368,268,151,67,23,6,1]
[729,-324,117,-28,13,-4,1]
[4096,768,208,37,13,3,1]
[6561,-891,146,-11,1]
[729,-243,18,-10,2,-3,1]
[16384,384,-133,3,1]
[256,-64,-16,-8,23,-2,-1,-1,1]
[14641,-2420,246,-20,1]
[64,8,15,1,1]
[256,-64,-16,16,-13,4,-1,-1,1]
[6561,405,50,5,1]
[4096,256,144,63,9,1,1]
[16384,-3584,419,-28,1]
[729,-81,81,-40,9,-1,1]
[4096,1792,128,-47,8,7,1]
[4096,-1280,208,-35,13,-5,1]
[4096,-2048,80,95,5,-8,1]
[4096,3584,1600,471,100,14,1]
[256,64,96,32,35,8,6,1,1]
[512,-192,136,-43,17,-3,1]
[4096,1536,224,37,14,6,1]
[256,256,208,116,69,29,13,4,1]
[4096,-2304,576,-117,36,-9,1]
[4096,384,121,6,1]
[16384,128,99,1,1]
[4096,2560,768,187,48,10,1]
[14641,-2783,269,-23,1]
[2401,-98,81,-2,1]
[256,-128,112,-76,37,-19,7,-2,1]
[4096,768,352,67,22,3,1]
[6561,-243,127,-3,1]
[6561,1539,227,19,1]
[512,128,-32,-45,-4,2,1]
[729,-567,261,-95,29,-7,1]
[4096,1280,448,95,28,5,1]
[15625,-3375,403,-27,1]
[4096,-256,-59,-4,1]
[256,-128,0,16,-3,4,0,-2,1]
[256,-64,48,-20,21,-5,3,-1,1]
[4096,-1792,368,-47,23,-7,1]
[16384,-896,1,-7,1]
[729,-162,45,10,5,-2,1]
[4096,-768,272,-57,17,-3,1]
[256,0,96,-4,19,-1,6,0,1]
[256,0,16,0,-3,0,1,0,1]
[16384,384,179,3,1]
[14641,847,100,7,1]
[16384,896,187,7,1]
[14641,-847,12,-7,1]
[16,4,5,1,1]
[4096,-1024,-160,109,-10,-4,1]
[256,0,48,28,-1,7,3,0,1]
[729,-243,225,-50,25,-3,1]
[4096,-256,288,-81,18,-1,1]
[4096,256,-1,4,1]
[16384,-512,-101,-4,1]
[4096,1344,215,21,1]
[15625,-1125,264,-9,1]
[4096,-256,352,-51,22,-1,1]
[256,-192,112,-56,29,-14,7,-3,1]
[256,-128,-32,36,-11,9,-2,-2,1]
[4096,-1024,160,-37,10,-4,1]
[6561,-1134,127,-14,1]
[15625,-3250,381,-26,1]
[256,64,96,-4,15,-1,6,1,1]
[4096,-768,144,-1,9,-3,1]
[256,256,176,80,37,20,11,4,1]
[2401,0,24,0,1]
[256,256,208,104,59,26,13,4,1]
[15625,1500,202,12,1]
[4096,1024,304,121,19,4,1]
[14641,121,61,1,1]
[512,64,168,13,21,1,1]
[6561,1377,191,17,1]
[14641,1210,145,10,1]
[256,0,16,-8,-5,-2,1,0,1]
[4096,-3072,1136,-309,71,-12,1]
[512,-128,40,-23,5,-2,1]
[4096,256,240,53,15,1,1]
[15625,-875,149,-7,1]
[4096,-1024,352,-37,22,-4,1]
[15625,-3375,421,-27,1]
[4096,-1024,16,27,1,-4,1]
[16384,2560,225,20,1]
[4096,2560,928,257,58,10,1]
[4096,-1024,544,-133,34,-4,1]
[512,64,-48,-21,-6,1,1]
[14641,-1089,197,-9,1]
[4096,512,160,31,10,2,1]
[729,-243,171,-52,19,-3,1]
[15625,-500,-97,-4,1]
[256,128,32,12,1,3,2,2,1]
[15625,-250,-104,-2,1]
[256,256,240,172,87,43,15,4,1]
[16384,2048,275,16,1]
[4096,-512,544,-75,34,-2,1]
[256,192,112,84,49,21,7,3,1]
[256,0,-16,-20,15,-5,-1,0,1]
[4096,-512,512,-29,32,-2,1]
[16384,2560,245,20,1]
[16384,-1920,111,-15,1]
[6561,-729,38,-9,1]
[256,64,-16,-8,11,-2,-1,1,1]
[4096,-2304,592,-135,37,-9,1]
[512,-256,88,-31,11,-4,1]
[256,-64,-80,4,27,1,-5,-1,1]
[512,256,96,31,12,4,1]
[4096,512,560,63,35,2,1]
[4096,128,61,2,1]
[729,-243,153,-55,17,-3,1]
[64,-32,12,-7,3,-2,1]
[6561,1215,208,15,1]
[16384,-768,-61,-6,1]
[15625,1250,132,10,1]
[15625,-250,-173,-2,1]
[256,192,80,-4,-7,-1,5,3,1]
[16384,-4096,473,-32,1]
[512,-448,280,-115,35,-7,1]
[6561,-2268,343,-28,1]
[15625,-3125,341,-25,1]
[4096,512,480,31,30,2,1]
[14641,-3267,408,-27,1]
[512,-320,160,-67,20,-5,1]
[4096,512,-96,-79,-6,2,1]
[4096,256,176,101,11,1,1]
[729,-162,-72,32,-8,-2,1]
[4096,1024,128,-19,8,4,1]
[2401,343,79,7,1]
[4096,-1792,448,-105,28,-7,1]
[256,192,64,16,9,4,4,3,1]
[4096,-2560,1040,-297,65,-10,1]
[4096,-512,-112,129,-7,-2,1]
[4096,256,240,1,15,1,1]
[4096,768,112,87,7,3,1]
[2401,0,57,0,1]
[4096,768,480,67,30,3,1]
[256,-256,160,-96,49,-24,10,-4,1]
[14641,1936,142,16,1]
[512,64,168,15,21,1,1]
[256,192,64,60,49,15,4,3,1]
[256,192,144,108,53,27,9,3,1]
[64,0,32,-1,8,0,1]
[4096,-512,-96,115,-6,-2,1]
[4096,256,240,-17,15,1,1]
[6561,2268,356,28,1]
[1024,384,97,12,1]
[729,81,171,20,19,1,1]
[4096,-1280,368,-135,23,-5,1]
[16384,896,227,7,1]
[16384,-896,-59,-7,1]
[512,-512,216,-69,27,-8,1]
[4096,-1536,544,-171,34,-6,1]
[15625,-3375,391,-27,1]
[15625,1750,81,14,1]
[256,-64,-16,28,-5,7,-1,-1,1]
[16384,-2304,275,-18,1]
[729,297,68,11,1]
[6561,1620,244,20,1]
[14641,726,3,6,1]
[16384,-3840,471,-30,1]
[15625,-3500,407,-28,1]
[15625,-500,-77,-4,1]
[4096,-2048,384,-47,24,-8,1]
[729,-405,-36,62,-4,-5,1]
[4096,-512,304,-89,19,-2,1]
[729,486,207,83,23,6,1]
[4096,2816,1200,359,75,11,1]
[256,192,192,112,67,28,12,3,1]
[729,0,36,7,4,0,1]
[256,-192,112,-48,19,-12,7,-3,1]
[14641,-3146,367,-26,1]
[4096,-512,-112,103,-7,-2,1]
[256,0,16,12,9,3,1,0,1]
[256,256,96,-8,-15,-2,6,4,1]
[625,150,49,6,1]
[6561,486,113,6,1]
[256,256,96,0,-13,0,6,4,1]
[4096,-512,352,-23,22,-2,1]
[16384,-768,-17,-6,1]
[6561,1944,271,24,1]
[16,0,-7,0,1]
[14641,-121,206,-1,1]
[6561,0,-119,0,1]
[4096,-1024,-176,147,-11,-4,1]
[4096,-2560,1072,-307,67,-10,1]
[1024,-480,107,-15,1]
[256,0,64,24,11,6,4,0,1]
[4096,-512,160,-57,10,-2,1]
[4096,-256,-64,47,-4,-1,1]
[2401,245,86,5,1]
[729,-324,36,8,4,-4,1]
[14641,-3025,339,-25,1]
[4096,256,112,55,7,1,1]
[4096,-1024,560,-127,35,-4,1]
[256,-128,16,-20,19,-5,1,-2,1]
[4096,1536,160,11,10,6,1]
[15625,-625,127,-5,1]
[4096,512,272,81,17,2,1]
[14641,363,82,3,1]
[4096,256,464,39,29,1,1]
[256,192,208,128,73,32,13,3,1]
[256,-64,48,0,-1,0,3,-1,1]
[14641,847,171,7,1]
[14641,-4235,533,-35,1]
[4096,768,-80,-107,-5,3,1]
[256,192,80,-4,-11,-1,5,3,1]
[4096,2048,560,135,35,8,1]
[4096,-2560,1008,-267,63,-10,1]
[14641,-605,41,-5,1]
[729,-81,72,-13,8,-1,1]
[1024,-128,-17,-4,1]
[4096,-2816,1248,-371,78,-11,1]
[4096,-768,224,17,14,-3,1]
[729,0,41,0,1]
[4096,-1792,800,-195,50,-7,1]
[729,243,63,-5,7,3,1]
[4096,0,48,-57,3,0,1]
[512,0,-8,3,-1,0,1]
[6561,1701,262,21,1]
[256,-64,80,-32,23,-8,5,-1,1]
[14641,-968,246,-8,1]
[729,324,90,14,10,4,1]
[14641,-1331,240,-11,1]
[512,64,-8,3,-1,1,1]
[4096,512,80,-37,5,2,1]
[14641,-3630,426,-30,1]
[512,704,472,203,59,11,1]
[14641,0,240,0,1]
[16384,-512,149,-4,1]
[625,125,43,5,1]
[256,192,32,-24,-21,-6,2,3,1]
[4096,256,256,57,16,1,1]
[6561,-324,-76,-4,1]
[256,256,80,0,-5,0,5,4,1]
[15625,-1500,31,-12,1]
[256,-256,128,-24,1,-6,8,-4,1]
[4096,1792,752,207,47,7,1]
[4096,768,-16,-11,-1,3,1]
[256,-256,112,-20,5,-5,7,-4,1]
[256,64,16,24,15,6,1,1,1]
[4096,256,272,5,17,1,1]
[4096,-256,-112,59,-7,-1,1]
[4096,512,592,65,37,2,1]
[14641,1331,185,11,1]
[4096,-256,16,-57,1,-1,1]
[4096,512,320,41,20,2,1]
[15625,1500,142,12,1]
[256,-128,96,-16,11,-4,6,-2,1]
[256,0,-48,0,7,0,-3,0,1]
[256,128,96,24,21,6,6,2,1]
[4096,-2304,896,-279,56,-9,1]
[15625,-750,-97,-6,1]
[6561,1296,127,16,1]
[16384,-2304,293,-18,1]
[4096,-1280,496,-101,31,-5,1]
[256,-128,128,-84,35,-21,8,-2,1]
[256,320,272,188,103,47,17,5,1]
[4096,-192,37,-3,1]
[15625,-750,161,-6,1]
[1024,-160,1,-5,1]
[14641,242,-168,2,1]
[14641,1452,108,12,1]
[15625,1875,104,15,1]
[4096,-2560,880,-237,55,-10,1]
[16384,-1536,161,-12,1]
[729,-162,45,-47,5,-2,1]
[14641,-1452,98,-12,1]
[4096,1280,192,61,12,5,1]
[4096,-1536,800,-189,50,-6,1]
[729,243,171,32,19,3,1]
[16384,-1408,153,-11,1]
[4096,-256,480,-33,30,-1,1]
[6561,1134,104,14,1]
[729,405,180,71,20,5,1]
[4096,1280,784,157,49,5,1]
[4096,0,-48,27,-3,0,1]
[4096,-512,160,23,10,-2,1]
[4096,1792,-112,-159,-7,7,1]
[15625,-125,46,-1,1]
[4096,-2304,1136,-303,71,-9,1]
[6561,-1215,178,-15,1]
[6561,1863,263,23,1]
[256,320,192,104,57,26,12,5,1]
[4096,0,224,-61,14,0,1]
[729,-81,9,-19,1,-1,1]
[4096,512,-160,-27,-10,2,1]
[4096,256,128,95,8,1,1]
[4096,-2048,624,-161,39,-8,1]
[14641,-1210,170,-10,1]
[4096,1024,384,67,24,4,1]
[2401,0,-44,0,1]
[4096,-2048,928,-257,58,-8,1]
[15625,250,-117,2,1]
[4096,-64,-75,-1,1]
[16384,0,-165,0,1]
[729,162,-36,-32,-4,2,1]
[625,25,19,1,1]
[2401,343,43,7,1]
[4096,-1536,240,-11,15,-6,1]
[6561,486,82,6,1]
[4096,-256,272,-35,17,-1,1]
[4096,-3072,1312,-381,82,-12,1]
[4096,0,-224,-5,-14,0,1]
[16384,2816,281,22,1]
[512,192,80,33,10,3,1]
[4096,-1280,16,27,1,-5,1]
[4096,0,-144,-27,-9,0,1]
[15625,250,132,2,1]
[256,-128,64,-8,1,-2,4,-2,1]
[4096,-1536,32,49,2,-6,1]
[4096,2560,896,233,56,10,1]
[4096,1024,528,117,33,4,1]
[4096,512,-160,-107,-10,2,1]
[4096,2304,1072,293,67,9,1]
[4096,-1216,205,-19,1]
[6561,405,-32,5,1]
[729,81,81,17,9,1,1]
[14641,0,191,0,1]
[15625,2250,307,18,1]
[4096,-768,-224,81,-14,-3,1]
[256,0,-48,12,21,3,-3,0,1]
[729,0,225,1,25,0,1]
[14641,-121,32,-1,1]
[729,-162,54,-10,6,-2,1]
[4096,1280,736,139,46,5,1]
[14641,847,1,7,1]
[256,128,48,-4,-17,-1,3,2,1]
[4096,512,208,51,13,2,1]
[729,-405,36,23,4,-5,1]
[256,-64,48,-28,29,-7,3,-1,1]
[4096,512,192,121,12,2,1]
[14641,1936,153,16,1]
[14641,1694,127,14,1]
[4096,-1280,-112,103,-7,-5,1]
[14641,3872,477,32,1]
[14641,363,-29,3,1]
[4096,-1792,688,-191,43,-7,1]
[4096,-1536,496,-133,31,-6,1]
[512,-128,-32,19,-4,-2,1]
[512,384,168,65,21,6,1]
[4096,0,304,-1,19,0,1]
[729,-243,36,-14,4,-3,1]
[4096,-512,192,-41,12,-2,1]
[4096,512,352,97,22,2,1]
[4096,512,-192,-63,-12,2,1]
[256,-192,112,-76,51,-19,7,-3,1]
[4096,1024,192,69,12,4,1]
[15625,1250,239,10,1]
[2401,-539,85,-11,1]
[1024,0,-43,0,1]
[4096,768,32,-77,2,3,1]
[4096,0,-176,29,-11,0,1]
[256,128,112,40,37,10,7,2,1]
[6561,-567,137,-7,1]
[6561,1458,172,18,1]
[512,-128,24,11,3,-2,1]
[729,-567,135,-16,15,-7,1]
[256,128,144,64,39,16,9,2,1]
[4096,0,208,-67,13,0,1]
[64,32,12,1,3,2,1]
[14641,-1089,179,-9,1]
[4096,1024,224,-5,14,4,1]
[4096,-2304,784,-227,49,-9,1]
[14641,-847,74,-7,1]
[6561,1782,274,22,1]
[4096,-768,64,15,4,-3,1]
[16384,3968,467,31,1]
[4096,-512,69,-8,1]
[6561,-567,58,-7,1]
[4096,-1280,240,-1,15,-5,1]
[4096,-512,16,95,1,-2,1]
[4096,-1280,464,-111,29,-5,1]
[16384,-384,-141,-3,1]
[4096,256,-224,-25,-14,1,1]
[4096,-64,-77,-1,1]
[16384,-1792,87,-14,1]
[256,-192,64,24,-29,6,4,-3,1]
[6561,-81,-103,-1,1]
[16384,-640,-121,-5,1]
[14641,2420,281,20,1]
[4096,256,464,51,29,1,1]
[6561,-1377,202,-17,1]
[256,0,80,-12,31,-3,5,0,1]
[14641,-605,188,-5,1]
[4096,-768,80,45,5,-3,1]
[729,-135,11,-5,1]
[14641,1936,298,16,1]
[2401,49,-43,1,1]
[256,64,64,44,1,11,4,1,1]
[4096,256,272,53,17,1,1]
[256,-64,16,-12,5,-3,1,-1,1]
[15625,0,-201,0,1]
[4096,576,37,9,1]
[729,-729,351,-124,39,-9,1]
[256,-128,48,16,-9,4,3,-2,1]
[256,-128,96,-56,29,-14,6,-2,1]
[729,-81,9,31,1,-1,1]
[4096,256,48,31,3,1,1]
[14641,1936,270,16,1]
[15625,-750,-6,-6,1]
[14641,-1210,67,-10,1]
[15625,-375,-112,-3,1]
[15625,-625,109,-5,1]
[4096,-1536,800,-183,50,-6,1]
[729,162,27,-8,3,2,1]
[14641,2783,327,23,1]
[4096,-256,640,-27,40,-1,1]
[15625,-125,209,-1,1]
[256,-64,16,24,-23,6,1,-1,1]
[4096,1792,-80,-143,-5,7,1]
[14641,-3388,397,-28,1]
[4096,-768,256,-103,16,-3,1]
[4096,-1024,-144,91,-9,-4,1]
[16384,2944,363,23,1]
[512,64,-8,-9,-1,1,1]
[256,64,32,28,27,7,2,1,1]
[14641,-3267,395,-27,1]
[256,192,-16,-40,-13,-10,-1,3,1]
[729,81,36,-32,4,1,1]
[15625,1125,107,9,1]
[4096,0,720,-1,45,0,1]
[4096,512,144,49,9,2,1]
[15625,-2250,314,-18,1]
[4096,-2048,688,-159,43,-8,1]
[4096,512,160,-25,10,2,1]
[4096,-256,64,-79,4,-1,1]
[256,-320,160,4,-27,1,10,-5,1]
[14641,1936,174,16,1]
[16384,-1792,217,-14,1]
[6561,81,-94,1,1]
[4096,-512,32,67,2,-2,1]
[4096,768,640,73,40,3,1]
[4096,512,208,123,13,2,1]
[4096,-2816,976,-255,61,-11,1]
[4096,-256,80,41,5,-1,1]
[4096,-2048,336,-39,21,-8,1]
[14641,968,53,8,1]
[4096,1280,608,159,38,5,1]
[256,192,144,92,41,23,9,3,1]
[512,-384,224,-95,28,-6,1]
[4096,-1280,-64,65,-4,-5,1]
[512,-128,-56,31,-7,-2,1]
[14641,-484,174,-4,1]
[6561,810,101,10,1]
[4096,-2304,1024,-285,64,-9,1]
[729,-162,180,-23,20,-2,1]
[15625,750,166,6,1]
[729,0,9,37,1,0,1]
[4096,-3584,1488,-423,93,-14,1]
[729,324,243,70,27,4,1]
[6561,810,56,10,1]
[512,192,64,27,8,3,1]
[4096,0,-176,-15,-11,0,1]
[512,192,120,43,15,3,1]
[256,-256,176,-92,53,-23,11,-4,1]
[4096,-1024,688,-111,43,-4,1]
[729,-162,54,-52,6,-2,1]
[4096,256,-80,43,-5,1,1]
[4096,512,-112,-71,-7,2,1]
[256,128,64,8,13,2,4,2,1]
[4096,2304,912,287,57,9,1]
[1024,-320,79,-10,1]
[4096,-256,304,-31,19,-1,1]
[256,0,32,24,9,6,2,0,1]
[512,192,168,45,21,3,1]
[729,0,63,-34,7,0,1]
[25,2,1]
[81,-14,1]
[14641,968,141,8,1]
[729,-324,-72,70,-8,-4,1]
[256,-256,192,-108,57,-27,12,-4,1]
[4096,1536,400,63,25,6,1]
[625,150,41,6,1]
[256,-64,112,-40,37,-10,7,-1,1]
[14641,363,-81,3,1]
[14641,2541,288,21,1]
[16384,0,-211,0,1]
[15625,-1250,212,-10,1]
[15625,375,-122,3,1]
[4096,-256,144,-87,9,-1,1]
[2401,-539,60,-11,1]
[4096,256,-32,-11,-2,1,1]
[14641,-2783,290,-23,1]
[14641,-121,-114,-1,1]
[256,128,16,-32,-21,-8,1,2,1]
[15625,-125,-64,-1,1]
[4096,-768,-96,31,-6,-3,1]
[729,-486,243,-86,27,-6,1]
[4096,256,32,109,2,1,1]
[512,-192,80,-17,10,-3,1]
[15625,-375,-43,-3,1]
[1024,192,33,6,1]
[512,-192,80,-19,10,-3,1]
[15625,-1000,164,-8,1]
[4096,256,64,41,4,1,1]
[729,81,0,-37,0,1,1]
[4096,-1536,656,-159,41,-6,1]
[4096,1024,592,107,37,4,1]
[729,324,27,-2,3,4,1]
[4096,-768,192,-63,12,-3,1]
[4096,-512,320,-83,20,-2,1]
[729,0,27,23,3,0,1]
[16384,1280,33,10,1]
[4096,-1280,-48,79,-3,-5,1]
[729,0,-19,0,1]
[256,0,48,-32,-3,-8,3,0,1]
[4096,1280,432,83,27,5,1]
[2401,686,116,14,1]
[256,-128,48,-8,1,-2,3,-2,1]
[4096,-768,192,-55,12,-3,1]
[4096,1536,544,131,34,6,1]
[4096,768,480,53,30,3,1]
[4096,1280,336,75,21,5,1]
[4096,512,432,63,27,2,1]
[14641,1694,222,14,1]
[256,-256,96,4,-15,1,6,-4,1]
[15625,-2750,309,-22,1]
[16384,0,-201,0,1]
[14641,726,65,6,1]
[256,192,192,124,67,31,12,3,1]
[4096,-1280,496,-171,31,-5,1]
[14641,605,-25,5,1]
[4096,0,160,1,10,0,1]
[512,64,8,-27,1,1,1]
[729,567,261,86,29,7,1]
[4096,256,352,39,22,1,1]
[4096,512,48,-51,3,2,1]
[4096,0,128,-97,8,0,1]
[4096,1024,672,107,42,4,1]
[4096,1536,400,85,25,6,1]
[4096,256,15,4,1]
[4096,0,-112,7,-7,0,1]
[729,-162,45,-29,5,-2,1]
[729,-405,0,44,0,-5,1]
[256,0,96,8,33,2,6,0,1]
[14641,242,-196,2,1]
[15625,-625,67,-5,1]
[729,243,-9,-32,-1,3,1]
[6561,81,-1,1,1]
[14641,-2057,251,-17,1]
[256,64,48,48,19,12,3,1,1]
[4096,1536,592,121,37,6,1]
[4096,1792,400,97,25,7,1]
[4096,1024,544,113,34,4,1]
[15625,750,209,6,1]
[4096,-1024,0,21,0,-4,1]
[15625,1625,167,13,1]
[15625,-1000,209,-8,1]
[729,243,67,9,1]
[256,192,64,-20,-19,-5,4,3,1]
[6561,-1053,85,-13,1]
[16384,-384,111,-3,1]
[256,-192,112,-76,47,-19,7,-3,1]
[14641,-1331,26,-11,1]
[16384,-768,-103,-6,1]
[4096,-512,80,53,5,-2,1]
[15625,1250,142,10,1]
[4096,-1024,-160,113,-10,-4,1]
[14641,1815,105,15,1]
[4096,0,-96,-47,-6,0,1]
[4096,1280,272,85,17,5,1]
[4096,-512,16,-5,1,-2,1]
[15625,3250,367,26,1]
[4096,1280,384,99,24,5,1]
[4096,-512,480,-35,30,-2,1]
[512,-64,-24,3,-3,-1,1]
[4096,-512,-48,17,-3,-2,1]
[256,-192,48,-32,29,-8,3,-3,1]
[729,243,-18,-31,-2,3,1]
[4096,-576,127,-9,1]
[256,128,16,-16,-13,-4,1,2,1]
[4096,-1024,560,-117,35,-4,1]
[4096,2560,1120,329,70,10,1]
[4096,1792,768,185,48,7,1]
[14641,484,179,4,1]
[256,256,208,116,65,29,13,4,1]
[4096,2048,432,77,27,8,1]
[16384,512,7,4,1]
[256,192,144,80,43,20,9,3,1]
[4096,-1280,416,-123,26,-5,1]
[4096,768,672,83,42,3,1]
[256,-64,64,0,11,0,4,-1,1]
[125,3,1]
[256,64,16,4,-9,1,1,1,1]
[15625,750,216,6,1]
[4096,512,96,63,6,2,1]
[4096,-2048,224,17,14,-8,1]
[4096,1280,288,45,18,5,1]
[4096,0,64,-13,4,0,1]
[15625,125,162,1,1]
[256,-64,80,-44,23,-11,5,-1,1]
[14641,605,148,5,1]
[4096,2048,400,65,25,8,1]
[256,-64,48,-36,1,-9,3,-1,1]
[16384,-768,-91,-6,1]
[256,256,176,92,45,23,11,4,1]
[512,-256,120,-43,15,-4,1]
[256,0,0,-4,9,-1,0,0,1]
[64,-16,4,5,1,-1,1]
[4096,1536,-48,-117,-3,6,1]
[15625,-1625,158,-13,1]
[4096,512,-64,-37,-4,2,1]
[4096,1792,144,-41,9,7,1]
[14641,968,116,8,1]
[4096,-1536,528,-119,33,-6,1]
[256,-64,64,-48,19,-12,4,-1,1]
[256,-128,-16,-12,23,-3,-1,-2,1]
[14641,-968,146,-8,1]
[256,-256,144,-88,53,-22,9,-4,1]
[4096,512,-32,-43,-2,2,1]
[14641,-363,235,-3,1]
[14641,1452,223,12,1]
[4096,2304,832,231,52,9,1]
[256,64,80,-32,-1,-8,5,1,1]
[4096,-1280,-64,81,-4,-5,1]
[14641,1331,14,11,1]
[16384,-1792,201,-14,1]
[2401,-147,43,-3,1]
[256,-192,48,20,-15,5,3,-3,1]
[6561,81,134,1,1]
[256,-128,112,-32,23,-8,7,-2,1]
[4096,-1024,368,-153,23,-4,1]
[4096,-1024,256,-115,16,-4,1]
[16384,0,153,0,1]
[16384,512,157,4,1]
[4096,256,-96,-95,-6,1,1]
[4096,256,-32,73,-2,1,1]
[6561,567,23,7,1]
[729,0,180,-4,20,0,1]
[16384,-3584,405,-28,1]
[15625,625,137,5,1]
[256,64,-128,-8,43,-2,-8,1,1]
[15625,375,-27,3,1]
[4096,-768,480,-61,30,-3,1]
[16384,-1664,231,-13,1]
[256,128,160,56,53,14,10,2,1]
[625,175,54,7,1]
[14641,-605,-57,-5,1]
[2401,196,47,4,1]
[512,512,312,125,39,8,1]
[4096,1024,32,-9,2,4,1]
[4096,-1536,640,-193,40,-6,1]
[256,-64,-48,24,1,6,-3,-1,1]
[4096,-128,115,-2,1]
[512,-128,48,-11,6,-2,1]
[4096,-64,-15,-1,1]
[256,-192,128,-56,27,-14,8,-3,1]
[4096,256,160,51,10,1,1]
[4096,-256,320,5,20,-1,1]
[6561,-1620,199,-20,1]
[15625,-1250,263,-10,1]
[256,192,32,-24,-23,-6,2,3,1]
[15625,-1625,201,-13,1]
[256,128,80,-4,1,-1,5,2,1]
[729,-567,288,-104,32,-7,1]
[729,-405,45,8,5,-5,1]
[4096,512,128,35,8,2,1]
[4096,-256,48,53,3,-1,1]
[256,64,128,24,35,6,8,1,1]
[4096,768,496,45,31,3,1]
[729,-243,54,-26,6,-3,1]
[4096,-768,-224,107,-14,-3,1]
[512,-64,-8,19,-1,-1,1]
[15625,2750,244,22,1]
[729,-243,117,-59,13,-3,1]
[4096,-256,176,53,11,-1,1]
[729,-810,450,-173,50,-10,1]
[15625,2125,244,17,1]
[4096,-2048,640,-157,40,-8,1]
[4096,1536,720,149,45,6,1]
[256,-192,80,8,-9,2,5,-3,1]
[6561,-567,121,-7,1]
[16384,-2560,201,-20,1]
[4096,-256,-64,109,-4,-1,1]
[729,-81,8,-3,1]
[729,162,9,-34,1,2,1]
[4096,128,-93,2,1]
[4096,-3328,1536,-469,96,-13,1]
[4096,-512,160,33,10,-2,1]
[729,-81,54,-20,6,-1,1]
[256,64,32,-44,-13,-11,2,1,1]
[16384,-2304,189,-18,1]
[729,567,342,127,38,7,1]
[16384,0,43,0,1]
[4096,-1536,432,-91,27,-6,1]
[256,-64,32,-28,17,-7,2,-1,1]
[256,192,128,80,43,20,8,3,1]
[625,-125,14,-5,1]
[4096,-256,640,-23,40,-1,1]
[4096,-768,-128,87,-8,-3,1]
[4096,768,528,93,33,3,1]
[15625,1000,18,8,1]
[512,320,48,-7,6,5,1]
[256,-320,144,12,-31,3,9,-5,1]
[256,192,128,44,25,11,8,3,1]
[4096,256,480,31,30,1,1]
[256,-64,32,40,-7,10,2,-1,1]
[6561,81,128,1,1]
[4096,-1024,448,-123,28,-4,1]
[4096,1024,384,85,24,4,1]
[1024,-32,-49,-1,1]
[4096,256,160,-41,10,1,1]
[6561,1215,110,15,1]
[14641,484,-93,4,1]
[256,-128,16,4,7,1,1,-2,1]
[15625,-1500,238,-12,1]
[4096,512,608,59,38,2,1]
[14641,1331,120,11,1]
[16384,256,197,2,1]
[64,96,80,47,20,6,1]
[15625,-1625,186,-13,1]
[512,576,368,155,46,9,1]
[625,-50,48,-2,1]
[729,-81,-27,19,-3,-1,1]
[4096,0,48,103,3,0,1]
[4096,1792,368,87,23,7,1]
[15625,500,-71,4,1]
[16384,1152,113,9,1]
[14641,3267,390,27,1]
[512,-192,152,-47,19,-3,1]
[4096,-1792,-176,185,-11,-7,1]
[256,128,112,60,43,15,7,2,1]
[4096,-256,48,73,3,-1,1]
[16384,-640,9,-5,1]
[4096,-512,-112,-3,-7,-2,1]
[16384,-1408,261,-11,1]
[4096,0,16,59,1,0,1]
[4096,2048,608,133,38,8,1]
[256,384,384,284,157,71,24,6,1]
[4096,-2816,1088,-317,68,-11,1]
[6561,-81,49,-1,1]
[4096,-2304,464,-65,29,-9,1]
[4096,-768,432,-31,27,-3,1]
[4096,-768,-144,101,-9,-3,1]
[729,-324,135,-55,15,-4,1]
[4096,-256,128,-65,8,-1,1]
[4096,0,208,-3,13,0,1]
[1024,128,13,4,1]
[4096,768,592,91,37,3,1]
[256,128,80,36,35,9,5,2,1]
[256,0,48,-40,5,-10,3,0,1]
[4096,1280,688,133,43,5,1]
[512,0,-16,3,-2,0,1]
[512,0,88,3,11,0,1]
[4096,-768,159,-12,1]
[4096,2816,1232,373,77,11,1]
[15625,2875,298,23,1]
[14641,-1936,171,-16,1]
[4096,3072,1040,263,65,12,1]
[4096,-1280,640,-143,40,-5,1]
[256,-192,96,-20,1,-5,6,-3,1]
[256,128,-16,-20,-3,-5,-1,2,1]
[1024,-480,109,-15,1]
[729,-486,225,-76,25,-6,1]
[6561,-648,13,-8,1]
[4096,-1792,784,-191,49,-7,1]
[4096,1024,-112,-111,-7,4,1]
[2401,0,76,0,1]
[256,-192,112,-56,31,-14,7,-3,1]
[14641,-121,-180,-1,1]
[14641,2299,316,19,1]
[4096,-3072,1040,-259,65,-12,1]
[256,64,32,-32,-11,-8,2,1,1]
[4096,-2048,608,-167,38,-8,1]
[256,320,112,-60,-67,-15,7,5,1]
[15625,1875,211,15,1]
[4096,-256,240,-27,15,-1,1]
[4096,512,-32,-5,-2,2,1]
[4096,-1280,448,-77,28,-5,1]
[6561,648,98,8,1]
[4096,1024,224,53,14,4,1]
[16384,-2048,191,-16,1]
[4096,-1280,160,-33,10,-5,1]
[4096,-1536,656,-179,41,-6,1]
[64,16,16,-1,4,1,1]
[4096,-2816,1088,-319,68,-11,1]
[14641,1936,137,16,1]
[256,0,48,28,-7,7,3,0,1]
[4096,-512,272,-25,17,-2,1]
[16384,-2688,277,-21,1]
[2401,-441,62,-9,1]
[15625,625,-133,5,1]
[4096,-256,96,73,6,-1,1]
[4096,256,-80,-65,-5,1,1]
[729,-648,315,-112,35,-8,1]
[256,128,64,24,-1,6,4,2,1]
[4096,2560,1056,285,66,10,1]
[4096,1792,832,217,52,7,1]
[4096,1024,-192,-129,-12,4,1]
[4096,-1024,384,-91,24,-4,1]
[256,-192,64,-16,3,-4,4,-3,1]
[4096,256,416,-13,26,1,1]
[16384,2304,263,18,1]
[4096,-768,64,-23,4,-3,1]
[512,-384,80,-3,10,-6,1]
[2401,-539,107,-11,1]
[256,-64,32,-16,9,-4,2,-1,1]
[4096,768,224,81,14,3,1]
[256,64,32,-8,1,-2,2,1,1]
[4096,-1024,592,-101,37,-4,1]
[4096,0,0,115,0,0,1]
[729,81,-18,-35,-2,1,1]
[4096,-1536,784,-173,49,-6,1]
[4096,-768,16,-39,1,-3,1]
[729,81,99,-7,11,1,1]
[6561,-648,29,-8,1]
[256,-64,144,-20,39,-5,9,-1,1]
[4096,-512,0,41,0,-2,1]
[256,-128,16,20,-23,5,1,-2,1]
[14641,1815,250,15,1]
[14641,484,178,4,1]
[4096,1280,320,23,20,5,1]
[15625,125,-88,1,1]
[512,-512,320,-131,40,-8,1]
[4096,2048,352,25,22,8,1]
[4096,-512,624,-61,39,-2,1]
[4096,-1536,656,-157,41,-6,1]
[256,128,112,64,39,16,7,2,1]
[729,810,486,196,54,10,1]
[512,-256,184,-63,23,-4,1]
[4096,0,304,-19,19,0,1]
[729,162,63,7,7,2,1]
[256,0,-32,8,27,2,-2,0,1]
[15625,-3875,458,-31,1]
[4096,-2048,480,-95,30,-8,1]
[15625,-1125,226,-9,1]
[729,162,-45,-47,-5,2,1]
[4096,1792,432,67,27,7,1]
[256,64,-48,8,29,2,-3,1,1]
[14641,1210,174,10,1]
[729,0,18,-7,2,0,1]
[64,-80,68,-39,17,-5,1]
[729,-81,0,-19,0,-1,1]
[15625,875,29,7,1]
[15625,1625,289,13,1]
[14641,2299,318,19,1]
[729,243,45,10,5,3,1]
[4096,-2560,1152,-335,72,-10,1]
[4096,-2304,992,-275,62,-9,1]
[256,-448,400,-268,149,-67,25,-7,1]
[4096,512,400,75,25,2,1]
[256,-64,112,-56,33,-14,7,-1,1]
[729,-81,-9,-5,-1,-1,1]
[14641,363,152,3,1]
[256,192,112,76,41,19,7,3,1]
[4096,512,16,49,1,2,1]
[4096,256,-48,47,-3,1,1]
[81,0,-5,0,1]
[4096,512,320,19,20,2,1]
[256,-64,64,-8,11,-2,4,-1,1]
[2401,147,69,3,1]
[4096,2048,720,205,45,8,1]
[4096,448,67,7,1]
[16384,4096,469,32,1]
[4096,768,64,-45,4,3,1]
[14641,0,-194,0,1]
[64,-32,17,-4,1]
[14641,-121,41,-1,1]
[4096,256,7,4,1]
[4096,3072,1312,375,82,12,1]
[512,-64,0,-15,0,-1,1]
[729,486,135,29,15,6,1]
[15625,2000,267,16,1]
[729,-243,135,-58,15,-3,1]
[256,-192,96,-60,35,-15,6,-3,1]
[14641,847,81,7,1]
[729,-405,63,-4,7,-5,1]
[14641,-1089,194,-9,1]
[512,64,48,-13,6,1,1]
[14641,-2783,320,-23,1]
[2401,833,157,17,1]
[625,-75,38,-3,1]
[14641,-847,-78,-7,1]
[4096,256,-80,-111,-5,1,1]
[16384,-512,11,-4,1]
[4096,-256,-144,27,-9,-1,1]
[14641,-1331,229,-11,1]
[512,-64,0,5,0,-1,1]
[4096,2304,800,215,50,9,1]
[4096,-2816,1040,-273,65,-11,1]
[4096,1536,608,179,38,6,1]
[4096,-1024,144,35,9,-4,1]
[4096,-2816,1200,-365,75,-11,1]
[15625,500,246,4,1]
[4096,768,-96,-121,-6,3,1]
[14641,3509,408,29,1]
[4096,-1536,-80,119,-5,-6,1]
[729,-324,54,-16,6,-4,1]
[256,0,32,-4,9,-1,2,0,1]
[14641,-2541,270,-21,1]
[4096,512,336,-3,21,2,1]
[729,405,-36,-64,-4,5,1]
[2401,490,47,10,1]
[512,-256,80,-21,10,-4,1]
[4096,0,-96,13,-6,0,1]
[256,128,16,-8,-3,-2,1,2,1]
[15625,2500,349,20,1]
[4096,0,-64,71,-4,0,1]
[15625,-2625,261,-21,1]
[4096,-448,49,-7,1]
[512,-64,-16,29,-2,-1,1]
[512,0,40,-15,5,0,1]
[6561,405,14,5,1]
[4096,-768,256,-13,16,-3,1]
[14641,484,200,4,1]
[4096,-768,143,-12,1]
[16384,-1664,259,-13,1]
[4096,256,192,57,12,1,1]
[4096,-256,0,111,0,-1,1]
[256,-64,96,-60,17,-15,6,-1,1]
[4096,2048,672,179,42,8,1]
[4096,1536,496,129,31,6,1]
[16384,-2944,279,-23,1]
[16384,-3456,435,-27,1]
[4096,0,192,77,12,0,1]
[4096,832,163,13,1]
[729,162,54,4,6,2,1]
[4096,-2048,800,-237,50,-8,1]
[256,-192,16,-8,17,-2,1,-3,1]
[6561,-81,116,-1,1]
[729,-162,36,-17,4,-2,1]
[4096,-2560,1136,-329,71,-10,1]
[4096,256,528,33,33,1,1]
[4096,768,-16,-51,-1,3,1]
[4096,-768,-224,83,-14,-3,1]
[256,128,80,48,31,12,5,2,1]
[4096,768,400,101,25,3,1]
[16384,-2560,205,-20,1]
[729,486,297,103,33,6,1]
[4096,-768,-80,37,-5,-3,1]
[729,162,18,-7,2,2,1]
[4096,256,256,59,16,1,1]
[256,-64,32,0,5,0,2,-1,1]
[16384,-1024,101,-8,1]
[15625,-1250,139,-10,1]
[512,256,160,45,20,4,1]
[15625,625,237,5,1]
[4096,768,32,-27,2,3,1]
[16384,-1792,221,-14,1]
[4096,0,48,43,3,0,1]
[6561,1053,194,13,1]
[4096,-768,272,-59,17,-3,1]
[15625,2250,311,18,1]
[256,0,-16,-16,-1,-4,-1,0,1]
[512,0,96,1,12,0,1]
[4096,-256,48,-17,3,-1,1]
[4096,-1792,784,-213,49,-7,1]
[15625,1750,193,14,1]
[256,256,112,4,-13,1,7,4,1]
[4096,1536,112,-27,7,6,1]
[729,-405,144,-43,16,-5,1]
[256,-192,144,-88,43,-22,9,-3,1]
[6561,81,-8,1,1]
[4096,-768,-64,85,-4,-3,1]
[4096,-1792,448,-121,28,-7,1]
[729,-162,-27,7,-3,-2,1]
[4096,256,192,91,12,1,1]
[256,64,48,-20,-11,-5,3,1,1]
[4096,256,80,5,5,1,1]
[256,256,144,88,53,22,9,4,1]
[14641,847,196,7,1]
[4096,-768,0,7,0,-3,1]
[6561,891,64,11,1]
[64,0,36,1,9,0,1]
[256,-384,368,-260,145,-65,23,-6,1]
[256,128,96,40,15,10,6,2,1]
[15625,1250,146,10,1]
[512,448,256,113,32,7,1]
[6561,0,7,0,1]
[14641,0,21,0,1]
[6561,891,101,11,1]
[4096,1024,304,115,19,4,1]
[2401,539,120,11,1]
[14641,1210,20,10,1]
[15625,-125,229,-1,1]
[4096,-512,160,-3,10,-2,1]
[4096,-256,111,-4,1]
[16384,512,199,4,1]
[729,0,7,0,1]
[16384,-2944,349,-23,1]
[4096,-768,480,-73,30,-3,1]
[256,-192,128,-72,27,-18,8,-3,1]
[15625,3500,383,28,1]
[729,324,126,26,14,4,1]
[256,-256,80,68,-61,17,5,-4,1]
[4096,-768,0,83,0,-3,1]
[14641,0,201,0,1]
[15625,-4000,493,-32,1]
[256,64,80,48,11,12,5,1,1]
[4096,768,192,93,12,3,1]
[15625,-3875,451,-31,1]
[4096,-1280,704,-157,44,-5,1]
[14641,484,218,4,1]
[6561,-1539,236,-19,1]
[4096,-1536,176,27,11,-6,1]
[4096,-512,0,75,0,-2,1]
[14641,484,-46,4,1]
[729,81,153,11,17,1,1]
[4096,-512,32,-45,2,-2,1]
[256,-64,32,0,1,0,2,-1,1]
[4096,0,-16,39,-1,0,1]
[256,64,48,24,27,6,3,1,1]
[16384,4096,501,32,1]
[4096,-3584,1568,-459,98,-14,1]
[14641,-2057,206,-17,1]
[256,64,-80,0,27,0,-5,1,1]
[4096,256,48,-75,3,1,1]
[256,192,112,60,39,15,7,3,1]
[14641,-1573,111,-13,1]
[4096,-1024,-224,119,-14,-4,1]
[4096,-1536,752,-175,47,-6,1]
[4096,-1536,-224,181,-14,-6,1]
[14641,605,160,5,1]
[256,128,0,-24,-5,-6,0,2,1]
[16384,2432,259,19,1]
[4096,-1536,912,-193,57,-6,1]
[14641,-363,131,-3,1]
[256,128,-16,8,25,2,-1,2,1]
[14641,2057,147,17,1]
[4096,-256,240,-61,15,-1,1]
[4096,-256,80,25,5,-1,1]
[4096,-1024,-32,49,-2,-4,1]
[14641,-3146,359,-26,1]
[256,-192,176,-96,61,-24,11,-3,1]
[729,-324,-54,55,-6,-4,1]
[14641,-3146,380,-26,1]
[4096,0,-16,61,-1,0,1]
[256,64,80,40,11,10,5,1,1]
[4096,2560,928,241,58,10,1]
[4096,-256,64,17,4,-1,1]
[15625,1875,224,15,1]
[14641,2299,311,19,1]
[4096,0,384,7,24,0,1]
[4096,256,-64,49,-4,1,1]
[4096,2816,880,213,55,11,1]
[512,-192,56,-19,7,-3,1]
[4096,256,80,-17,5,1,1]
[4096,-1280,32,23,2,-5,1]
[729,162,0,-14,0,2,1]
[6561,0,14,0,1]
[4096,256,80,-59,5,1,1]
[2401,-441,72,-9,1]
[256,192,32,-32,-29,-8,2,3,1]
[14641,-605,27,-5,1]
[14641,-484,-31,-4,1]
[256,-128,96,-20,21,-5,6,-2,1]
[4096,-768,176,-59,11,-3,1]
[4096,512,336,-7,21,2,1]
[729,-405,99,-22,11,-5,1]
[14641,-1331,241,-11,1]
[14641,2057,256,17,1]
[16384,2560,325,20,1]
[4096,256,80,95,5,1,1]
[4096,1280,48,-21,3,5,1]
[15625,-1375,206,-11,1]
[4096,-1536,480,-81,30,-6,1]
[729,-81,9,40,1,-1,1]
[4096,-256,-160,7,-10,-1,1]
[15625,750,-31,6,1]
[15625,875,199,7,1]
[4096,-768,32,29,2,-3,1]
[256,128,96,32,11,8,6,2,1]
[4096,768,-96,-17,-6,3,1]
[4096,1536,416,59,26,6,1]
[15625,500,57,4,1]
[4096,3072,944,215,59,12,1]
[4096,-1024,256,-17,16,-4,1]
[4096,-256,368,11,23,-1,1]
[256,192,96,32,1,8,6,3,1]
[4096,-1280,464,-155,29,-5,1]
[15625,500,211,4,1]
[729,-135,31,-5,1]
[729,-405,261,-83,29,-5,1]
[729,-243,18,26,2,-3,1]
[4096,1280,448,129,28,5,1]
[256,-64,64,40,-9,10,4,-1,1]
[256,-80,33,-5,1]
[729,81,54,29,6,1,1]
[729,-81,-54,2,-6,-1,1]
[15625,500,69,4,1]
[256,192,192,104,63,26,12,3,1]
[512,-192,8,9,1,-3,1]
[729,324,252,70,28,4,1]
[6561,-1701,218,-21,1]
[4096,768,336,69,21,3,1]
[16384,-4736,585,-37,1]
[4096,-2304,496,-83,31,-9,1]
[4096,-1536,352,-107,22,-6,1]
[256,-128,128,-88,39,-22,8,-2,1]
[256,0,32,8,5,2,2,0,1]
[729,324,180,61,20,4,1]
[14641,242,131,2,1]
[14641,-847,-52,-7,1]
[256,-256,192,-120,73,-30,12,-4,1]
[6561,162,-101,2,1]
[15625,125,-213,1,1]
[14641,-121,54,-1,1]
[15625,375,-156,3,1]
[729,-270,68,-10,1]
[256,-384,352,-252,145,-63,22,-6,1]
[6561,1134,164,14,1]
[256,-256,144,-40,11,-10,9,-4,1]
[16384,-4224,505,-33,1]
[729,-81,63,-19,7,-1,1]
[4096,-768,96,-15,6,-3,1]
[729,243,144,56,16,3,1]
[6561,-81,1,-1,1]
[4096,1280,-160,-139,-10,5,1]
[729,-324,81,-17,9,-4,1]
[14641,-2299,325,-19,1]
[4096,2048,1008,253,63,8,1]
[4096,-512,656,-65,41,-2,1]
[16384,-512,153,-4,1]
[256,128,32,28,29,7,2,2,1]
[256,-256,96,36,-39,9,6,-4,1]
[15625,-2125,157,-17,1]
[256,-64,16,-16,-3,-4,1,-1,1]
[4096,256,-16,-77,-1,1,1]
[4096,256,48,-81,3,1,1]
[4096,-512,-16,91,-1,-2,1]
[4096,256,672,29,42,1,1]
[15625,-1875,87,-15,1]
[4096,2048,688,177,43,8,1]
[15625,250,-6,2,1]
[4096,-1024,432,-77,27,-4,1]
[729,-162,45,-25,5,-2,1]
[729,243,45,-13,5,3,1]
[256,192,96,52,25,13,6,3,1]
[16384,3072,367,24,1]
[4096,-1024,416,-103,26,-4,1]
[4096,-1024,272,-111,17,-4,1]
[256,-128,48,-24,17,-6,3,-2,1]
[2401,196,-19,4,1]
[512,576,360,155,45,9,1]
[729,-162,36,-5,4,-2,1]
[6561,324,55,4,1]
[6561,-1215,167,-15,1]
[4096,2816,1264,365,79,11,1]
[256,64,80,56,15,14,5,1,1]
[4096,-1024,-32,93,-2,-4,1]
[4096,1024,272,41,17,4,1]
[14641,-3751,480,-31,1]
[6561,162,-115,2,1]
[16384,-3584,441,-28,1]
[256,-128,16,-8,1,-2,1,-2,1]
[4096,-512,192,-85,12,-2,1]
[256,-128,80,-68,31,-17,5,-2,1]
[512,-128,-8,1,-1,-2,1]
[2401,-49,36,-1,1]
[4096,0,416,9,26,0,1]
[4096,1280,-48,-69,-3,5,1]
[14641,-242,125,-2,1]
[4096,1536,688,189,43,6,1]
[4096,-256,0,99,0,-1,1]
[14641,2299,255,19,1]
[15625,1250,73,10,1]
[256,64,128,24,37,6,8,1,1]
[6561,-81,53,-1,1]
[4096,-256,96,-25,6,-1,1]
[729,-324,162,-68,18,-4,1]
[256,-64,96,-56,25,-14,6,-1,1]
[4096,256,208,33,13,1,1]
[14641,242,-178,2,1]
[15625,1750,113,14,1]
[6561,1053,139,13,1]
[14641,726,212,6,1]
[256,-256,128,-28,3,-7,8,-4,1]
[2401,196,25,4,1]
[729,162,-18,-35,-2,2,1]
[256,-256,176,-64,31,-16,11,-4,1]
[14641,-847,248,-7,1]
[14641,2662,310,22,1]
[14641,2662,306,22,1]
[14641,2299,180,19,1]
[2401,-735,148,-15,1]
[256,128,112,56,43,14,7,2,1]
[4096,-768,272,-131,17,-3,1]
[4096,-2816,1088,-311,68,-11,1]
[256,-384,208,-20,-19,-5,13,-6,1]
[512,64,72,15,9,1,1]
[14641,-605,134,-5,1]
[4096,-768,576,-65,36,-3,1]
[4096,1792,656,199,41,7,1]
[4096,768,272,131,17,3,1]
[14641,2299,229,19,1]
[256,384,352,228,125,57,22,6,1]
[256,0,32,28,1,7,2,0,1]
[4096,1024,288,57,18,4,1]
[729,-243,90,-8,10,-3,1]
[256,128,112,44,37,11,7,2,1]
[14641,-1331,216,-11,1]
[4096,-512,176,27,11,-2,1]
[729,162,108,44,12,2,1]
[4096,1280,384,71,24,5,1]
[256,128,-48,-32,-3,-8,-3,2,1]
[2401,343,66,7,1]
[1024,288,57,9,1]
[14641,-2662,355,-22,1]
[15625,-2000,126,-16,1]
[2401,343,24,7,1]
[4096,768,133,12,1]
[256,-192,176,-120,55,-30,11,-3,1]
[4096,-1792,736,-167,46,-7,1]
[729,243,135,26,15,3,1]
[15625,-2750,244,-22,1]
[16384,1536,147,12,1]
[16384,-512,-43,-4,1]
[2401,-294,19,-6,1]
[256,0,16,24,-15,6,1,0,1]
[14641,968,20,8,1]
[729,-324,-54,58,-6,-4,1]
[14641,1694,147,14,1]
[729,0,-52,0,1]
[14641,363,95,3,1]
[4096,1280,208,49,13,5,1]
[6561,324,-88,4,1]
[4096,-192,81,-3,1]
[6561,-324,32,-4,1]
[4096,1280,384,135,24,5,1]
[4096,0,80,101,5,0,1]
[4096,1536,528,125,33,6,1]
[256,-128,48,-48,33,-12,3,-2,1]
[4096,-512,128,3,8,-2,1]
[6561,-243,1,-3,1]
[4096,1792,-80,-139,-5,7,1]
[729,324,-63,-62,-7,4,1]
[256,448,384,228,117,57,24,7,1]
[15625,-750,256,-6,1]
[512,128,88,21,11,2,1]
[256,-64,48,48,-11,12,3,-1,1]
[512,-128,80,-29,10,-2,1]
[15625,-375,168,-3,1]
[729,243,180,34,20,3,1]
[4096,-1536,96,33,6,-6,1]
[729,-81,9,-32,1,-1,1]
[15625,500,168,4,1]
[729,81,63,17,7,1,1]
[4096,768,512,77,32,3,1]
[14641,2299,201,19,1]
[4096,-1024,320,-65,20,-4,1]
[4096,-64,107,-1,1]
[256,192,80,64,51,16,5,3,1]
[15625,250,-186,2,1]
[1024,-64,53,-2,1]
[14641,-3025,354,-25,1]
[4096,1280,176,-7,11,5,1]
[729,0,45,7,5,0,1]
[4096,-512,224,29,14,-2,1]
[4096,-2048,736,-175,46,-8,1]
[16384,-1664,227,-13,1]
[4096,1280,480,123,30,5,1]
[14641,847,46,7,1]
[512,-64,24,9,3,-1,1]
[16384,512,255,4,1]
[4096,-1280,112,-17,7,-5,1]
[4096,256,528,23,33,1,1]
[15625,500,203,4,1]
[256,0,-32,12,9,3,-2,0,1]
[14641,-726,122,-6,1]
[256,-192,80,8,-19,2,5,-3,1]
[4096,1536,160,15,10,6,1]
[4096,1792,576,131,36,7,1]
[2401,-490,104,-10,1]
[4096,-3328,1344,-377,84,-13,1]
[14641,-2541,312,-21,1]
[4096,2304,912,271,57,9,1]
[4096,2304,816,215,51,9,1]
[4096,0,0,-79,0,0,1]
[4096,512,96,-3,6,2,1]
[14641,2299,278,19,1]
[4096,-2048,400,-45,25,-8,1]
[256,256,48,-16,-7,-4,3,4,1]
[16384,-3712,457,-29,1]
[14641,-3267,388,-27,1]
[729,162,-45,-34,-5,2,1]
[4096,512,496,31,31,2,1]
[256,64,-32,4,19,1,-2,1,1]
[4096,0,160,-53,10,0,1]
[4096,-256,176,-21,11,-1,1]
[256,-64,112,16,17,4,7,-1,1]
[4096,-256,192,11,12,-1,1]
[15625,1125,31,9,1]
[14641,-1331,192,-11,1]
[256,-192,160,-112,55,-28,10,-3,1]
[4096,1024,432,127,27,4,1]
[14641,-1089,261,-9,1]
[4096,2048,320,23,20,8,1]
[729,405,144,49,16,5,1]
[4096,1536,560,127,35,6,1]
[512,0,40,-5,5,0,1]
[4096,2048,752,241,47,8,1]
[1024,-128,47,-4,1]
[729,243,99,29,11,3,1]
[4096,2304,864,263,54,9,1]
[6561,-162,118,-2,1]
[512,256,112,29,14,4,1]
[256,64,160,52,49,13,10,1,1]
[256,-64,16,-8,-3,-2,1,-1,1]
[14641,-1331,80,-11,1]
[256,320,192,76,29,19,12,5,1]
[4096,-256,0,11,0,-1,1]
[4096,0,240,-55,15,0,1]
[4096,512,384,21,24,2,1]
[4096,2816,800,171,50,11,1]
[15625,2250,229,18,1]
[4096,1024,560,81,35,4,1]
[6561,-81,-43,-1,1]
[256,-192,48,24,-23,6,3,-3,1]
[4096,1536,304,55,19,6,1]
[14641,-1089,-30,-9,1]
[4096,768,144,-19,9,3,1]
[4096,2816,1248,373,78,11,1]
[4096,256,432,15,27,1,1]
[6561,0,11,0,1]
[4096,-1024,-64,101,-4,-4,1]
[6561,-405,-10,-5,1]
[4096,-512,-96,-11,-6,-2,1]
[4096,-768,240,-3,15,-3,1]
[256,-64,-16,16,-3,4,-1,-1,1]
[4096,1024,320,119,20,4,1]
[4096,-256,128,27,8,-1,1]
[6561,-1701,244,-21,1]
[15625,-125,114,-1,1]
[14641,-1210,246,-10,1]
[2401,0,-54,0,1]
[15625,3250,369,26,1]
[6561,648,130,8,1]
[4096,640,145,10,1]
[512,-384,272,-99,34,-6,1]
[14641,0,-177,0,1]
[256,384,272,100,35,25,17,6,1]
[14641,-121,232,-1,1]
[4096,768,224,143,14,3,1]
[256,0,-64,4,11,1,-4,0,1]
[4096,-512,137,-8,1]
[4096,1536,400,61,25,6,1]
[729,648,378,143,42,8,1]
[4096,-3072,1328,-383,83,-12,1]
[729,-81,108,-7,12,-1,1]
[256,-64,32,-32,17,-8,2,-1,1]
[512,-128,16,7,2,-2,1]
[15625,1000,-52,8,1]
[16384,3712,445,29,1]
[729,405,171,43,19,5,1]
[512,0,64,13,8,0,1]
[14641,-726,-98,-6,1]
[15625,1500,89,12,1]
[729,162,117,37,13,2,1]
[14641,-242,24,-2,1]
[256,-128,0,20,-9,5,0,-2,1]
[6561,567,118,7,1]
[6561,1134,137,14,1]
[15625,250,-39,2,1]
[4096,-3072,1296,-375,81,-12,1]
[4096,1536,768,185,48,6,1]
[14641,-2783,348,-23,1]
[4096,-1792,672,-153,42,-7,1]
[512,64,-8,-29,-1,1,1]
[15625,-1000,-28,-8,1]
[729,324,198,67,22,4,1]
[4096,0,192,35,12,0,1]
[729,243,-45,-46,-5,3,1]
[729,-81,45,-14,5,-1,1]
[4096,1088,185,17,1]
[4096,-768,-160,87,-10,-3,1]
[4096,512,-112,-67,-7,2,1]
[16384,896,73,7,1]
[4096,-3072,1216,-345,76,-12,1]
[256,0,16,8,13,2,1,0,1]
[4096,0,304,29,19,0,1]
[4096,768,16,11,1,3,1]
[256,-64,32,-24,15,-6,2,-1,1]
[729,-486,234,-88,26,-6,1]
[14641,-1573,124,-13,1]
[4096,1536,16,-57,1,6,1]
[4096,2048,400,49,25,8,1]
[4096,1024,336,21,21,4,1]
[16384,3584,433,28,1]
[4096,768,592,83,37,3,1]
[16384,-768,-73,-6,1]
[14641,-484,-35,-4,1]
[14641,-847,46,-7,1]
[4096,1280,240,-3,15,5,1]
[4096,256,64,-17,4,1,1]
[6561,-1134,149,-14,1]
[4096,512,-64,29,-4,2,1]
[4096,1536,592,139,37,6,1]
[2401,-49,64,-1,1]
[6561,-1053,187,-13,1]
[4096,512,-16,-95,-1,2,1]
[729,243,9,-19,1,3,1]
[4096,-1024,768,-123,48,-4,1]
[256,192,64,-28,-29,-7,4,3,1]
[4096,256,-48,45,-3,1,1]
[256,0,96,24,21,6,6,0,1]
[4096,1024,0,-73,0,4,1]
[14641,847,129,7,1]
[256,192,176,112,59,28,11,3,1]
[2401,98,94,2,1]
[256,-320,128,28,-41,7,8,-5,1]
[256,-192,128,-16,9,-4,8,-3,1]
[4096,1024,288,139,18,4,1]
[4096,-1024,-208,115,-13,-4,1]
[6561,-648,125,-8,1]
[256,-128,64,0,-5,0,4,-2,1]
[4096,-1280,32,59,2,-5,1]
[256,128,32,-44,-33,-11,2,2,1]
[256,64,64,20,1,5,4,1,1]
[14641,1210,18,10,1]
[15625,625,26,5,1]
[4096,-2048,528,-95,33,-8,1]
[4096,-1536,16,57,1,-6,1]
[512,256,128,45,16,4,1]
[512,320,80,17,10,5,1]
[4096,0,640,5,40,0,1]
[729,-405,198,-67,22,-5,1]
[729,0,135,11,15,0,1]
[729,-324,72,-23,8,-4,1]
[15625,-1000,-62,-8,1]
[4096,1792,672,151,42,7,1]
[14641,-1694,158,-14,1]
[4096,2560,1072,325,67,10,1]
[4096,256,128,-39,8,1,1]
[512,-64,48,-17,6,-1,1]
[256,0,0,0,11,0,0,0,1]
[4096,256,192,-39,12,1,1]
[512,192,136,31,17,3,1]
[4096,-1792,112,47,7,-7,1]
[4096,0,32,109,2,0,1]
[4096,768,16,-27,1,3,1]
[2401,0,45,0,1]
[256,-256,144,-48,17,-12,9,-4,1]
[16384,-896,-73,-7,1]
[15625,-1625,116,-13,1]
[4096,-1024,400,-71,25,-4,1]
[4096,256,0,-85,0,1,1]
[15625,-250,-194,-2,1]
[729,-162,153,-28,17,-2,1]
[4096,-64,-107,-1,1]
[4096,0,-144,7,-9,0,1]
[512,128,152,29,19,2,1]
[729,-324,243,-64,27,-4,1]
[16384,-1280,143,-10,1]
[4096,1280,256,21,16,5,1]
[4096,0,-48,-45,-3,0,1]
[512,192,8,-25,1,3,1]
[4096,256,432,5,27,1,1]
[16384,2560,267,20,1]
[256,64,64,36,1,9,4,1,1]
[16384,3712,429,29,1]
[4096,2304,832,207,52,9,1]
[4096,-1280,272,-47,17,-5,1]
[4096,0,192,21,12,0,1]
[729,-324,99,-32,11,-4,1]
[4096,-1536,496,-159,31,-6,1]
[2401,931,184,19,1]
[256,-192,80,44,-33,11,5,-3,1]
[4096,1280,176,53,11,5,1]
[14641,1210,152,10,1]
[625,-175,23,-7,1]
[256,192,64,12,7,3,4,3,1]
[4096,-1280,464,-87,29,-5,1]
[4096,-2560,1120,-315,70,-10,1]
[4096,1024,288,29,18,4,1]
[512,192,176,47,22,3,1]
[729,-162,-45,28,-5,-2,1]
[16384,384,-151,3,1]
[4096,-512,224,-17,14,-2,1]
[4096,768,224,59,14,3,1]
[15625,-750,-69,-6,1]
[4096,-1536,704,-185,44,-6,1]
[256,-64,112,-12,23,-3,7,-1,1]
[4096,512,32,-45,2,2,1]
[14641,1331,32,11,1]
[15625,-2250,274,-18,1]
[4096,-256,80,-9,5,-1,1]
[14641,-1936,210,-16,1]
[4096,-512,320,3,20,-2,1]
[625,100,12,4,1]
[256,-192,128,-44,25,-11,8,-3,1]
[4096,1280,-192,-131,-12,5,1]
[14641,2178,222,18,1]
[4096,-256,-176,-1,-11,-1,1]
[2401,-245,62,-5,1]
[4096,512,-48,-13,-3,2,1]
[256,-256,256,-152,91,-38,16,-4,1]
[256,64,-48,-8,1,-2,-3,1,1]
[256,0,64,-16,3,-4,4,0,1]
[4096,1024,80,-9,5,4,1]
[4096,-256,96,-23,6,-1,1]
[4096,-1024,432,-53,27,-4,1]
[625,-75,-11,-3,1]
[4096,-2304,272,25,17,-9,1]
[729,405,243,85,27,5,1]
[4096,-1536,864,-189,54,-6,1]
[4096,1280,227,20,1]
[14641,2541,345,21,1]
[15625,1500,131,12,1]
[81,-9,-1,-1,1]
[4096,768,224,85,14,3,1]
[256,320,256,180,101,45,16,5,1]
[729,243,153,28,17,3,1]
[512,448,280,111,35,7,1]
[15625,-2125,212,-17,1]
[256,128,32,28,31,7,2,2,1]
[256,64,32,-20,-13,-5,2,1,1]
[15625,2375,317,19,1]
[4096,64,-65,1,1]
[4096,256,496,7,31,1,1]
[4096,0,-48,-81,-3,0,1]
[14641,-363,34,-3,1]
[4096,768,320,125,20,3,1]
[6561,243,-83,3,1]
[4096,-256,224,-91,14,-1,1]
[16384,1152,111,9,1]
[512,64,0,29,0,1,1]
[15625,2500,272,20,1]
[256,320,176,52,17,13,11,5,1]
[6561,1701,250,21,1]
[4096,256,48,-21,3,1,1]
[729,-81,108,-29,12,-1,1]
[16384,-384,183,-3,1]
[16384,256,109,2,1]
[15625,3375,421,27,1]
[4096,256,48,45,3,1,1]
[14641,-363,-61,-3,1]
[4096,2048,832,233,52,8,1]
[4096,0,80,-29,5,0,1]
[512,64,40,11,5,1,1]
[4096,-512,448,-63,28,-2,1]
[14641,-2420,235,-20,1]
[15625,-375,-129,-3,1]
[6561,-81,-41,-1,1]
[256,0,96,12,31,3,6,0,1]
[4096,0,96,-85,6,0,1]
[4096,-256,0,9,0,-1,1]
[256,0,16,-20,-11,-5,1,0,1]
[256,-128,16,8,-7,2,1,-2,1]
[4096,-1792,608,-155,38,-7,1]
[16384,-1280,203,-10,1]
[16384,2944,315,23,1]
[14641,-1815,95,-15,1]
[256,128,32,20,23,5,2,2,1]
[15625,-1125,268,-9,1]
[729,81,-27,-4,-3,1,1]
[729,-486,189,-61,21,-6,1]
[4096,2048,336,23,21,8,1]
[14641,-1694,171,-14,1]
[256,192,48,16,17,4,3,3,1]
[729,0,54,-4,6,0,1]
[14641,-2178,298,-18,1]
[4096,768,16,-45,1,3,1]
[4096,1024,-112,-73,-7,4,1]
[14641,-121,-185,-1,1]
[4096,2560,1216,339,76,10,1]
[729,216,43,8,1]
[256,256,176,80,39,20,11,4,1]
[14641,-1573,255,-13,1]
[4096,-512,544,-35,34,-2,1]
[14641,-1815,152,-15,1]
[14641,-3267,403,-27,1]
[256,0,0,20,7,5,0,0,1]
[256,128,48,20,3,5,3,2,1]
[512,-192,56,-7,7,-3,1]
[16384,-256,-55,-2,1]
[14641,-1331,42,-11,1]
[4096,256,-80,-29,-5,1,1]
[4096,256,-64,-55,-4,1,1]
[4096,-256,336,-47,21,-1,1]
[4096,-768,256,-77,16,-3,1]
[729,81,27,49,3,1,1]
[64,3,1]
[729,81,-36,-10,-4,1,1]
[4096,-1536,656,-135,41,-6,1]
[729,-162,46,-6,1]
[4096,-512,-192,67,-12,-2,1]
[4096,-768,720,-95,45,-3,1]
[256,64,16,24,1,6,1,1,1]
[729,324,198,62,22,4,1]
[4096,-1024,304,-145,19,-4,1]
[2401,-147,-19,-3,1]
[16384,896,-27,7,1]
[14641,605,97,5,1]
[4096,-768,320,-107,20,-3,1]
[6561,-810,173,-10,1]
[4096,1024,528,123,33,4,1]
[14641,-968,171,-8,1]
[256,64,112,56,29,14,7,1,1]
[2401,-147,-31,-3,1]
[6561,648,62,8,1]
[4096,0,48,-39,3,0,1]
[4096,-768,-176,101,-11,-3,1]
[15625,2000,228,16,1]
[4096,1536,464,101,29,6,1]
[14641,-2178,296,-18,1]
[4096,-1536,672,-179,42,-6,1]
[256,0,-16,-12,-3,-3,-1,0,1]
[4096,768,-176,-111,-11,3,1]
[256,-256,80,-20,13,-5,5,-4,1]
[4096,-1280,336,-77,21,-5,1]
[4096,768,144,17,9,3,1]
[4096,256,624,37,39,1,1]
[14641,-1936,160,-16,1]
[256,-384,320,-200,105,-50,20,-6,1]
[15625,1250,66,10,1]
[14641,242,-137,2,1]
[729,0,153,7,17,0,1]
[256,192,128,68,31,17,8,3,1]
[256,-192,176,-96,65,-24,11,-3,1]
[4096,-768,240,-121,15,-3,1]
[15625,375,-62,3,1]
[512,576,336,137,42,9,1]
[256,128,0,-12,-5,-3,0,2,1]
[256,128,112,40,23,10,7,2,1]
[16384,2432,275,19,1]
[6561,243,-8,3,1]
[625,75,11,3,1]
[4096,1280,368,91,23,5,1]
[2401,-686,125,-14,1]
[729,405,153,55,17,5,1]
[4096,-2048,1008,-253,63,-8,1]
[15625,-1375,164,-11,1]
[15625,-375,19,-3,1]
[256,128,32,-16,-9,-4,2,2,1]
[4096,640,101,10,1]
[4096,-1536,640,-163,40,-6,1]
[4096,-512,32,-9,2,-2,1]
[256,-64,80,-4,11,-1,5,-1,1]
[729,-81,0,-28,0,-1,1]
[2401,0,-89,0,1]
[14641,-363,141,-3,1]
[4096,-2048,864,-215,54,-8,1]
[6561,2430,380,30,1]
[4096,-1024,272,-53,17,-4,1]
[625,-325,92,-13,1]
[6561,1701,248,21,1]
[15625,125,191,1,1]
[4096,768,224,107,14,3,1]
[16384,3456,375,27,1]
[4096,512,-160,-103,-10,2,1]
[1024,-224,27,-7,1]
[4096,0,384,39,24,0,1]
[4096,-1152,195,-18,1]
[512,640,400,165,50,10,1]
[4096,256,0,85,0,1,1]
[4096,256,80,109,5,1,1]
[14641,1089,116,9,1]
[4096,-512,176,-81,11,-2,1]
[729,243,54,-2,6,3,1]
[16384,-1152,223,-9,1]
[4096,768,-128,-73,-8,3,1]
[15625,-1125,193,-9,1]
[4096,128,-3,2,1]
[4096,256,96,-35,6,1,1]
[6561,-81,-19,-1,1]
[4096,-2560,640,-127,40,-10,1]
[6561,-1053,197,-13,1]
[4096,2048,32,-117,2,8,1]
[4096,768,-64,-79,-4,3,1]
[16384,-1536,209,-12,1]
[512,-64,40,-33,5,-1,1]
[14641,0,-167,0,1]
[4096,-1536,320,-89,20,-6,1]
[15625,1125,116,9,1]
[256,0,16,-8,-23,-2,1,0,1]
[16384,-1920,199,-15,1]
[15625,-875,218,-7,1]
[14641,121,223,1,1]
[4096,1600,281,25,1]
[4096,768,496,53,31,3,1]
[64,16,-8,-15,-2,1,1]
[4096,1024,352,61,22,4,1]
[4096,-1536,320,-93,20,-6,1]
[729,324,135,26,15,4,1]
[4096,-1280,96,39,6,-5,1]
[256,-128,0,-8,17,-2,0,-2,1]
[256,0,80,-28,13,-7,5,0,1]
[64,80,68,41,17,5,1]
[6561,-405,-68,-5,1]
[4096,-1024,-48,39,-3,-4,1]
[14641,-726,-105,-6,1]
[4096,0,192,-5,12,0,1]
[4096,-512,-160,55,-10,-2,1]
[2401,343,50,7,1]
[4096,-1024,-16,65,-1,-4,1]
[256,64,16,28,15,7,1,1,1]
[4096,0,32,-39,2,0,1]
[4096,1024,432,145,27,4,1]
[729,-567,342,-130,38,-7,1]
[16384,-896,249,-7,1]
[729,-405,54,10,6,-5,1]
[729,-324,153,-70,17,-4,1]
[256,-128,64,0,-11,0,4,-2,1]
[6561,810,65,10,1]
[6561,-81,20,-1,1]
[16384,-2944,315,-23,1]
[256,64,16,-36,-5,-9,1,1,1]
[256,128,0,-4,7,-1,0,2,1]
[729,81,0,5,0,1,1]
[4096,-256,96,-37,6,-1,1]
[4096,0,672,5,42,0,1]
[729,-162,27,-11,3,-2,1]
[256,256,144,20,-1,5,9,4,1]
[256,-64,48,-12,23,-3,3,-1,1]
[4096,-512,528,-37,33,-2,1]
[14641,-3025,372,-25,1]
[15625,-750,-66,-6,1]
[4096,-2816,992,-271,62,-11,1]
[4096,-256,320,-1,20,-1,1]
[4096,256,240,61,15,1,1]
[256,192,176,92,59,23,11,3,1]
[4096,256,-128,-25,-8,1,1]
[15625,750,153,6,1]
[256,192,144,100,49,25,9,3,1]
[14641,1573,246,13,1]
[4096,-256,16,-27,1,-1,1]
[4096,-2816,1104,-315,69,-11,1]
[2401,-196,32,-4,1]
[16384,2688,273,21,1]
[15625,750,16,6,1]
[14641,-3146,403,-26,1]
[512,-128,24,-25,3,-2,1]
[14641,1452,171,12,1]
[4096,1792,64,-71,4,7,1]
[14641,2057,181,17,1]
[16384,-2432,225,-19,1]
[16384,-1280,125,-10,1]
[4096,-256,-96,-37,-6,-1,1]
[4096,-3072,1344,-393,84,-12,1]
[4096,256,496,25,31,1,1]
[14641,4598,601,38,1]
[729,-324,72,-13,8,-4,1]
[4096,-256,64,33,4,-1,1]
[2401,-245,101,-5,1]
[256,-256,112,-24,3,-6,7,-4,1]
[4096,-256,400,13,25,-1,1]
[2401,49,10,1,1]
[4096,2304,928,255,58,9,1]
[6561,891,76,11,1]
[4096,-2048,976,-257,61,-8,1]
[14641,-847,173,-7,1]
[4096,1792,528,133,33,7,1]
[256,64,-32,12,31,3,-2,1,1]
[4096,256,-32,21,-2,1,1]
[4096,512,80,-33,5,2,1]
[729,0,-36,13,-4,0,1]
[512,-640,416,-175,52,-10,1]
[256,-320,272,-176,101,-44,17,-5,1]
[4096,1280,208,7,13,5,1]
[2401,-49,20,-1,1]
[4096,-512,144,-69,9,-2,1]
[4096,2816,1152,351,72,11,1]
[81,27,2,3,1]
[4096,-256,-80,61,-5,-1,1]
[625,-300,77,-12,1]
[4096,-768,0,15,0,-3,1]
[512,-128,-32,39,-4,-2,1]
[4096,-1024,224,-29,14,-4,1]
[4096,0,112,59,7,0,1]
[512,256,168,55,21,4,1]
[14641,4477,577,37,1]
[4096,0,-16,-73,-1,0,1]
[16384,-1408,149,-11,1]
[14641,-484,105,-4,1]
[4096,1024,96,43,6,4,1]
[15625,-250,214,-2,1]
[4096,1280,480,113,30,5,1]
[4096,0,192,-1,12,0,1]
[4096,256,512,31,32,1,1]
[625,-50,-18,-2,1]
[625,325,81,13,1]
[14641,-1452,45,-12,1]
[14641,1936,261,16,1]
[4096,1280,416,175,26,5,1]
[729,162,29,6,1]
[2401,245,-2,5,1]
[4096,256,368,27,23,1,1]
[4096,-2560,1200,-335,75,-10,1]
[4096,1536,32,-81,2,6,1]
[729,486,270,106,30,6,1]
[4096,-512,-144,85,-9,-2,1]
[4096,-512,208,-73,13,-2,1]
[256,128,48,-12,1,-3,3,2,1]
[729,162,108,26,12,2,1]
[14641,1089,155,9,1]
[4096,2816,848,197,53,11,1]
[256,-256,192,-128,77,-32,12,-4,1]
[14641,-242,-7,-2,1]
[15625,-750,156,-6,1]
[4096,0,224,-51,14,0,1]
[256,128,0,-16,-13,-4,0,2,1]
[256,128,144,64,45,16,9,2,1]
[4096,512,576,55,36,2,1]
[256,320,224,100,43,25,14,5,1]
[256,0,-32,8,25,2,-2,0,1]
[4096,-256,128,-9,8,-1,1]
[14641,-3025,388,-25,1]
[14641,726,-16,6,1]
[256,-128,32,4,-17,1,2,-2,1]
[729,324,108,20,12,4,1]
[4096,1024,784,123,49,4,1]
[14641,2057,299,17,1]
[256,64,16,-12,-21,-3,1,1,1]
[512,128,64,41,8,2,1]
[256,128,80,32,27,8,5,2,1]
[2401,-147,37,-3,1]
[16384,-640,45,-5,1]
[4096,-256,224,-71,14,-1,1]
[4096,0,-192,-3,-12,0,1]
[256,-128,96,4,3,1,6,-2,1]
[4096,1536,544,155,34,6,1]
[16384,-256,-139,-2,1]
[6561,405,119,5,1]
[1024,-160,-3,-5,1]
[6561,-891,149,-11,1]
[256,-64,48,-12,19,-3,3,-1,1]
[16384,-1408,243,-11,1]
[4096,-512,240,-39,15,-2,1]
[729,162,108,19,12,2,1]
[14641,-1089,-18,-9,1]
[4096,-1280,448,-101,28,-5,1]
[729,-81,-9,34,-1,-1,1]
[4096,768,288,9,18,3,1]
[729,-81,63,17,7,-1,1]
[256,-64,-48,-16,25,-4,-3,-1,1]
[4096,-512,-80,1,-5,-2,1]
[256,64,32,12,21,3,2,1,1]
[6561,-1620,203,-20,1]
[14641,-1694,75,-14,1]
[16384,1536,251,12,1]
[729,405,171,74,19,5,1]
[16384,-384,-135,-3,1]
[4096,768,688,81,43,3,1]
[4096,64,93,1,1]
[1024,320,53,10,1]
[16384,768,199,6,1]
[2401,294,50,6,1]
[4096,0,400,-29,25,0,1]
[256,64,64,-48,-9,-12,4,1,1]
[256,0,112,-24,29,-6,7,0,1]
[256,64,64,-12,11,-3,4,1,1]
[1024,-448,111,-14,1]
[14641,2420,303,20,1]
[4096,2048,832,213,52,8,1]
[4096,256,400,21,25,1,1]
[14641,2541,292,21,1]
[14641,1331,17,11,1]
[256,64,-160,-16,49,-4,-10,1,1]
[4096,-1536,512,-103,32,-6,1]
[15625,125,-146,1,1]
[256,256,112,52,29,13,7,4,1]
[15625,-2500,268,-20,1]
[256,-192,64,-52,43,-13,4,-3,1]
[256,320,256,176,97,44,16,5,1]
[14641,-1089,118,-9,1]
[256,-128,16,4,-9,1,1,-2,1]
[256,128,96,-4,5,-1,6,2,1]
[4096,-1792,544,-137,34,-7,1]
[4096,-256,-96,97,-6,-1,1]
[14641,-121,-169,-1,1]
[512,256,64,5,8,4,1]
[4096,-2304,736,-191,46,-9,1]
[256,576,704,572,335,143,44,9,1]
[81,-45,22,-5,1]
[14641,-2420,233,-20,1]
[512,-192,72,-5,9,-3,1]
[4096,-512,192,-121,12,-2,1]
[15625,-625,27,-5,1]
[4096,-256,272,-85,17,-1,1]
[256,-128,48,-12,1,-3,3,-2,1]
[256,-192,112,-40,21,-10,7,-3,1]
[256,-256,208,-144,77,-36,13,-4,1]
[2401,98,-43,2,1]
[2401,392,58,8,1]
[4096,256,-208,-43,-13,1,1]
[256,-64,16,16,-27,4,1,-1,1]
[15625,0,71,0,1]
[4096,1280,560,117,35,5,1]
[2401,-882,172,-18,1]
[4096,-512,32,63,2,-2,1]
[4096,384,77,6,1]
[729,648,270,89,30,8,1]
[15625,-2125,173,-17,1]
[729,567,315,119,35,7,1]
[256,64,32,4,19,1,2,1,1]
[15625,875,-54,7,1]
[14641,-4114,519,-34,1]
[729,-162,45,-4,5,-2,1]
[512,-128,112,-35,14,-2,1]
[14641,3872,488,32,1]
[512,-192,-24,35,-3,-3,1]
[4096,-1216,213,-19,1]
[4096,-2816,1056,-303,66,-11,1]
[256,256,192,92,49,23,12,4,1]
[256,0,32,-20,17,-5,2,0,1]
[4096,-256,256,25,16,-1,1]
[512,128,128,27,16,2,1]
[14641,0,-168,0,1]
[256,192,96,48,29,12,6,3,1]
[729,81,162,8,18,1,1]
[625,-100,-8,-4,1]
[14641,2904,324,24,1]
[256,192,48,-40,-31,-10,3,3,1]
[16384,1920,117,15,1]
[256,-256,64,52,-49,13,4,-4,1]
[4096,-1024,512,-137,32,-4,1]
[256,-320,256,-156,81,-39,16,-5,1]
[4096,-256,480,-29,30,-1,1]
[14641,-121,-15,-1,1]
[4096,-256,256,-15,16,-1,1]
[4096,-256,-16,-87,-1,-1,1]
[729,162,-18,-31,-2,2,1]
[14641,1936,180,16,1]
[6561,486,91,6,1]
[16384,512,105,4,1]
[729,-405,189,-50,21,-5,1]
[512,64,48,29,6,1,1]
[256,64,-32,-16,1,-4,-2,1,1]
[256,-64,-48,12,-1,3,-3,-1,1]
[4096,0,176,-61,11,0,1]
[4096,-768,320,-129,20,-3,1]
[4096,512,-16,39,-1,2,1]
[15625,3500,429,28,1]
[729,-162,198,-38,22,-2,1]
[81,-36,13,-4,1]
[15625,-625,-42,-5,1]
[16384,1664,39,13,1]
[256,64,112,28,37,7,7,1,1]
[729,162,9,-4,1,2,1]
[729,324,144,40,16,4,1]
[4096,1024,528,87,33,4,1]
[729,405,126,41,14,5,1]
[4096,1280,368,39,23,5,1]
[16384,768,77,6,1]
[4096,-1024,272,-7,17,-4,1]
[4096,-1792,416,-75,26,-7,1]
[256,256,144,52,17,13,9,4,1]
[14641,1936,213,16,1]
[256,384,400,300,167,75,25,6,1]
[4096,256,-160,-21,-10,1,1]
[4096,-2304,512,-83,32,-9,1]
[512,128,56,25,7,2,1]
[4096,1792,320,33,20,7,1]
[256,-128,16,0,-7,0,1,-2,1]
[14641,726,243,6,1]
[256,0,-16,-12,-11,-3,-1,0,1]
[625,100,17,4,1]
[14641,242,60,2,1]
[256,-576,656,-500,285,-125,41,-9,1]
[15625,2500,314,20,1]
[4096,-1024,320,-107,20,-4,1]
[15625,625,153,5,1]
[14641,-847,-51,-7,1]
[16384,-256,-169,-2,1]
[4096,-1792,416,-79,26,-7,1]
[625,0,-44,0,1]
[729,324,36,2,4,4,1]
[512,256,136,59,17,4,1]
[14641,2057,232,17,1]
[729,81,-27,-31,-3,1,1]
[4096,1280,128,29,8,5,1]
[4096,-512,400,-89,25,-2,1]
[256,-64,48,12,-9,3,3,-1,1]
[4096,-1792,576,-185,36,-7,1]
[6561,405,56,5,1]
[4096,-1536,480,-109,30,-6,1]
[15625,4250,538,34,1]
[4096,768,160,-27,10,3,1]
[256,192,32,8,11,2,2,3,1]
[14641,-2178,294,-18,1]
[4096,256,0,47,0,1,1]
[4096,-1536,496,-119,31,-6,1]
[4096,512,160,55,10,2,1]
[4096,1280,384,157,24,5,1]
[4096,-768,160,-51,10,-3,1]
[16384,-4608,579,-36,1]
[4096,256,240,69,15,1,1]
[15625,0,-33,0,1]
[256,-320,304,-216,115,-54,19,-5,1]
[14641,-2057,180,-17,1]
[4096,1792,-64,-135,-4,7,1]
[14641,-363,-168,-3,1]
[4096,256,16,55,1,1,1]
[625,-25,-3,-1,1]
[4096,512,-48,-1,-3,2,1]
[256,128,128,88,39,22,8,2,1]
[512,128,56,29,7,2,1]
[729,405,198,73,22,5,1]
[4096,0,224,73,14,0,1]
[729,-162,72,-29,8,-2,1]
[4096,256,0,69,0,1,1]
[15625,-3125,323,-25,1]
[256,-128,32,-28,19,-7,2,-2,1]
[4096,0,112,-67,7,0,1]
[256,-128,-16,12,9,3,-1,-2,1]
[4096,832,129,13,1]
[16384,-384,-165,-3,1]
[4096,0,-32,-111,-2,0,1]
[729,-81,36,-25,4,-1,1]
[16384,2944,323,23,1]
[14641,-2783,329,-23,1]
[729,405,189,67,21,5,1]
[4096,1280,144,-23,9,5,1]
[256,0,0,-16,17,-4,0,0,1]
[4096,-512,496,-31,31,-2,1]
[4096,-192,67,-3,1]
[4096,1024,384,119,24,4,1]
[729,162,-27,-29,-3,2,1]
[15625,500,212,4,1]
[512,-64,-32,17,-4,-1,1]
[256,-256,144,-80,47,-20,9,-4,1]
[1024,96,45,3,1]
[2401,1029,197,21,1]
[14641,605,197,5,1]
[4096,-1280,448,-105,28,-5,1]
[256,-128,-16,36,-11,9,-1,-2,1]
[256,-192,48,20,-21,5,3,-3,1]
[256,128,112,16,17,4,7,2,1]
[729,-486,36,31,4,-6,1]
[4096,1280,384,117,24,5,1]
[729,567,306,109,34,7,1]
[14641,-484,-150,-4,1]
[256,-64,-48,-16,27,-4,-3,-1,1]
[16384,-3328,405,-26,1]
[4096,-2560,1072,-325,67,-10,1]
[4096,-64,37,-1,1]
[256,320,128,-36,-51,-9,8,5,1]
[4096,-512,512,-63,32,-2,1]
[15625,-1500,224,-12,1]
[15625,1375,94,11,1]
[256,128,64,-12,-11,-3,4,2,1]
[729,405,189,80,21,5,1]
[512,0,-24,27,-3,0,1]
[256,128,96,64,17,16,6,2,1]
[729,-162,126,-35,14,-2,1]
[4096,3072,1248,363,78,12,1]
[15625,1250,61,10,1]
[4096,-320,81,-5,1]
[4096,3328,1232,327,77,13,1]
[4096,1536,592,129,37,6,1]
[4096,-512,192,-73,12,-2,1]
[15625,-250,247,-2,1]
[16384,1280,195,10,1]
[729,-162,-9,-5,-1,-2,1]
[14641,1331,199,11,1]
[4096,-1280,592,-107,37,-5,1]
[14641,121,-128,1,1]
[256,-128,64,-36,19,-9,4,-2,1]
[14641,3509,404,29,1]
[6561,-1377,206,-17,1]
[729,81,81,13,9,1,1]
[15625,-375,173,-3,1]
[4096,-768,352,-125,22,-3,1]
[256,-320,288,-196,111,-49,18,-5,1]
[4096,-512,336,-57,21,-2,1]
[512,64,48,7,6,1,1]
[729,-405,126,-32,14,-5,1]
[14641,-605,-8,-5,1]
[256,64,48,-16,-5,-4,3,1,1]
[15625,-2125,267,-17,1]
[256,64,0,8,17,2,0,1,1]
[4096,2304,656,141,41,9,1]
[729,-81,81,-37,9,-1,1]
[4096,1536,192,-19,12,6,1]
[256,0,0,4,11,1,0,0,1]
[15625,-625,99,-5,1]
[4096,256,32,77,2,1,1]
[256,64,0,-16,7,-4,0,1,1]
[4096,1280,752,139,47,5,1]
[15625,-625,186,-5,1]
[4096,2560,608,103,38,10,1]
[4096,-576,99,-9,1]
[4096,0,32,39,2,0,1]
[14641,3146,401,26,1]
[4096,-768,112,-77,7,-3,1]
[256,128,16,-12,-19,-3,1,2,1]
[4096,-1600,273,-25,1]
[2401,490,100,10,1]
[4096,768,384,55,24,3,1]
[4096,1536,80,-63,5,6,1]
[4096,0,112,-93,7,0,1]
[14641,0,118,0,1]
[729,324,162,71,18,4,1]
[16384,-1152,179,-9,1]
[4096,-256,-128,79,-8,-1,1]
[16384,-4224,521,-33,1]
[15625,-1250,204,-10,1]
[256,-384,304,-208,121,-52,19,-6,1]
[512,-320,32,13,4,-5,1]
[512,-64,112,-7,14,-1,1]
[4096,-1024,-176,97,-11,-4,1]
[15625,-875,239,-7,1]
[4096,-2560,896,-227,56,-10,1]
[4096,-1280,528,-115,33,-5,1]
[4096,-1024,-176,151,-11,-4,1]
[15625,1875,126,15,1]
[4096,-768,288,-127,18,-3,1]
[256,384,336,204,109,51,21,6,1]
[256,-64,48,40,-15,10,3,-1,1]
[4096,-768,464,-93,29,-3,1]
[256,192,80,0,-1,0,5,3,1]
[16384,-1280,139,-10,1]
[256,-192,160,-92,45,-23,10,-3,1]
[15625,-125,72,-1,1]
[256,0,-128,0,45,0,-8,0,1]
[4096,-1024,96,-43,6,-4,1]
[15625,250,-41,2,1]
[4096,-1536,624,-189,39,-6,1]
[4096,-256,96,-83,6,-1,1]
[6561,-486,-5,-6,1]
[256,0,0,-8,1,-2,0,0,1]
[512,64,128,7,16,1,1]
[256,192,96,32,11,8,6,3,1]
[14641,-2783,267,-23,1]
[15625,625,-83,5,1]
[4096,256,80,-73,5,1,1]
[256,192,96,16,5,4,6,3,1]
[6561,-1053,188,-13,1]
[256,64,16,-12,-11,-3,1,1,1]
[16384,0,183,0,1]
[4096,-1024,-112,119,-7,-4,1]
[4096,-768,-48,107,-3,-3,1]
[6561,-243,131,-3,1]
[6561,729,5,9,1]
[729,81,27,13,3,1,1]
[4096,0,0,5,0,0,1]
[256,64,96,40,25,10,6,1,1]
[4096,1024,656,123,41,4,1]
[6561,-486,-38,-6,1]
[16384,-384,195,-3,1]
[4096,2560,880,247,55,10,1]
[4096,-2304,1104,-301,69,-9,1]
[14641,968,25,8,1]
[729,81,-36,-1,-4,1,1]
[4096,-1280,-160,117,-10,-5,1]
[15625,750,-2,6,1]
[4096,512,-128,-31,-8,2,1]
[15625,-750,43,-6,1]
[15625,1500,92,12,1]
[256,-128,144,-100,43,-25,9,-2,1]
[729,-243,99,-55,11,-3,1]
[6561,1134,185,14,1]
[512,-256,152,-51,19,-4,1]
[729,108,-11,4,1]
[14641,-363,-21,-3,1]
[16384,2560,199,20,1]
[4096,0,432,27,27,0,1]
[4096,1280,16,-59,1,5,1]
[4096,-768,672,-81,42,-3,1]
[2401,392,113,8,1]
[4096,1024,288,7,18,4,1]
[256,-128,112,-64,31,-16,7,-2,1]
[4096,-1280,-96,85,-6,-5,1]
[15625,2875,332,23,1]
[4096,-256,-16,-79,-1,-1,1]
[625,200,52,8,1]
[14641,-2662,272,-22,1]
[256,0,80,-8,19,-2,5,0,1]
[16384,-1536,271,-12,1]
[15625,-1125,33,-9,1]
[1024,-352,83,-11,1]
[512,576,368,159,46,9,1]
[4096,-64,35,-1,1]
[14641,1089,224,9,1]
[4096,1280,592,101,37,5,1]
[729,-162,117,-7,13,-2,1]
[256,0,32,-36,-11,-9,2,0,1]
[4096,-256,592,-15,37,-1,1]
[15625,1250,202,10,1]
[4096,-1024,560,-105,35,-4,1]
[14641,1210,224,10,1]
[2401,49,11,1,1]
[729,-486,108,-11,12,-6,1]
[4096,-1024,-128,123,-8,-4,1]
[256,64,48,24,13,6,3,1,1]
[729,-243,225,-53,25,-3,1]
[625,-50,-26,-2,1]
[15625,1125,77,9,1]
[14641,847,-75,7,1]
[729,162,63,-8,7,2,1]
[4096,1792,704,163,44,7,1]
[4096,-256,-144,-7,-9,-1,1]
[14641,-1210,42,-10,1]
[256,0,0,8,-15,2,0,0,1]
[2401,490,120,10,1]
[625,0,8,0,1]
[729,-81,26,-3,1]
[6561,567,11,7,1]
[1024,192,69,6,1]
[4096,-768,176,23,11,-3,1]
[256,0,16,8,23,2,1,0,1]
[16384,2304,235,18,1]
[729,-243,0,34,0,-3,1]
[4096,256,48,-79,3,1,1]
[256,-128,32,-8,1,-2,2,-2,1]
[4096,832,123,13,1]
[256,0,64,12,11,3,4,0,1]
[256,-128,-64,16,17,4,-4,-2,1]
[256,-192,16,8,5,2,1,-3,1]
[4096,-768,256,-67,16,-3,1]
[256,128,-32,-8,15,-2,-2,2,1]
[4096,-256,112,-99,7,-1,1]
[14641,242,199,2,1]
[4096,64,47,1,1]
[4096,64,59,1,1]
[4096,1024,336,75,21,4,1]
[512,-128,72,-39,9,-2,1]
[4096,768,16,-29,1,3,1]
[4096,768,-144,-107,-9,3,1]
[2401,-539,100,-11,1]
[4096,-2816,1104,-325,69,-11,1]
[15625,-2000,258,-16,1]
[256,128,64,8,5,2,4,2,1]
[14641,121,27,1,1]
[14641,1210,251,10,1]
[512,64,80,-7,10,1,1]
[256,64,32,-36,-7,-9,2,1,1]
[729,-162,126,-34,14,-2,1]
[2401,-98,60,-2,1]
[4096,256,624,19,39,1,1]
[14641,-1573,221,-13,1]
[4096,-2304,480,-71,30,-9,1]
[729,-486,126,-22,14,-6,1]
[256,-320,160,-32,3,-8,10,-5,1]
[6561,-1053,104,-13,1]
[2401,-98,87,-2,1]
[14641,-1210,80,-10,1]
[15625,-1750,93,-14,1]
[625,-50,31,-2,1]
[256,-128,128,-64,47,-16,8,-2,1]
[2401,-245,36,-5,1]
[16384,-256,69,-2,1]
[729,81,9,-13,1,1,1]
[6561,567,131,7,1]
[4096,0,-48,69,-3,0,1]
[14641,-1089,248,-9,1]
[14641,1210,129,10,1]
[15625,-250,223,-2,1]
[6561,-405,155,-5,1]
[6561,-1053,134,-13,1]
[4096,1536,384,73,24,6,1]
[256,0,16,-16,-19,-4,1,0,1]
[4096,768,32,5,2,3,1]
[14641,-2057,140,-17,1]
[512,128,-24,-11,-3,2,1]
[15625,3000,318,24,1]
[16384,2176,325,17,1]
[4096,256,48,75,3,1,1]
[256,0,-208,0,73,0,-13,0,1]
[4096,-512,96,27,6,-2,1]
[256,64,112,64,27,16,7,1,1]
[14641,-1331,91,-11,1]
[512,-192,72,-43,9,-3,1]
[256,-64,64,12,-3,3,4,-1,1]
[1024,-192,33,-6,1]
[4096,320,13,5,1]
[4096,768,240,141,15,3,1]
[4096,-512,224,-65,14,-2,1]
[14641,-2178,179,-18,1]
[15625,-1125,238,-9,1]
[4096,-768,656,-91,41,-3,1]
[4096,512,400,73,25,2,1]
[729,243,-27,-31,-3,3,1]
[256,-384,400,-300,167,-75,25,-6,1]
[729,-81,-9,43,-1,-1,1]
[14641,-242,-62,-2,1]
[15625,2250,153,18,1]
[4096,-256,-32,9,-2,-1,1]
[4096,-1280,144,5,9,-5,1]
[14641,-242,-69,-2,1]
[2401,735,136,15,1]
[256,128,-16,16,25,4,-1,2,1]
[1024,32,-3,1,1]
[14641,1210,259,10,1]
[16384,-384,-93,-3,1]
[625,-75,12,-3,1]
[729,-243,72,-40,8,-3,1]
[14641,242,-166,2,1]
[14641,-1210,78,-10,1]
[14641,-3630,432,-30,1]
[64,-32,32,-9,8,-2,1]
[4096,1280,336,27,21,5,1]
[256,-192,48,-8,7,-2,3,-3,1]
[4096,512,-112,-9,-7,2,1]
[14641,-3267,417,-27,1]
[4096,-256,144,61,9,-1,1]
[4096,2304,992,267,62,9,1]
[4096,1280,352,67,22,5,1]
[14641,1331,25,11,1]
[4096,-64,31,-1,1]
[512,-320,192,-75,24,-5,1]
[16384,4608,577,36,1]
[729,-27,-7,-1,1]
[256,192,128,64,39,16,8,3,1]
[256,192,112,24,15,6,7,3,1]
[512,128,48,25,6,2,1]
[4096,-1536,352,-59,22,-6,1]
[512,192,-48,-39,-6,3,1]
[15625,-3375,422,-27,1]
[4096,-2560,1024,-275,64,-10,1]
[4096,-256,-64,-63,-4,-1,1]
[256,192,16,-36,-21,-9,1,3,1]
[256,-64,48,16,3,4,3,-1,1]
[4096,256,416,11,26,1,1]
[2401,-539,68,-11,1]
[15625,2750,243,22,1]
[14641,-3146,392,-26,1]
[729,405,162,64,18,5,1]
[256,192,16,12,23,3,1,3,1]
[256,256,48,-28,-19,-7,3,4,1]
[15625,-500,57,-4,1]
[729,81,216,17,24,1,1]
[2401,245,81,5,1]
[4096,0,64,-3,4,0,1]
[729,0,-45,-16,-5,0,1]
[4096,2304,928,251,58,9,1]
[6561,-648,47,-8,1]
[16384,-1024,155,-8,1]
[256,256,240,144,87,36,15,4,1]
[4096,512,176,11,11,2,1]
[4096,0,-112,25,-7,0,1]
[4096,-256,96,-99,6,-1,1]
[4096,512,0,23,0,2,1]
[256,64,80,56,21,14,5,1,1]
[2401,441,92,9,1]
[4096,-512,112,-71,7,-2,1]
[4096,-768,320,-1,20,-3,1]
[4096,0,144,-27,9,0,1]
[256,-128,96,-28,23,-7,6,-2,1]
[729,162,0,-16,0,2,1]
[256,256,176,96,51,24,11,4,1]
[14641,-121,241,-1,1]
[16384,-384,117,-3,1]
[4096,256,432,37,27,1,1]
[4096,-640,93,-10,1]
[14641,-1210,71,-10,1]
[4096,-768,0,17,0,-3,1]
[256,0,64,4,1,1,4,0,1]
[14641,-726,-63,-6,1]
[4096,3584,1664,499,104,14,1]
[4096,-1024,208,19,13,-4,1]
[729,-405,234,-79,26,-5,1]
[4096,0,-16,-27,-1,0,1]
[4096,-512,192,3,12,-2,1]
[256,128,16,-36,-33,-9,1,2,1]
[729,-162,144,-26,16,-2,1]
[16384,-4352,531,-34,1]
[729,27,-25,1,1]
[256,128,96,72,27,18,6,2,1]
[6561,-1377,158,-17,1]
[14641,-605,201,-5,1]
[14641,-2904,369,-24,1]
[4096,512,96,97,6,2,1]
[14641,1936,116,16,1]
[4096,-1536,368,-47,23,-6,1]
[729,243,108,50,12,3,1]
[256,128,64,44,25,11,4,2,1]
[256,192,64,-56,-43,-14,4,3,1]
[4096,-1024,48,17,3,-4,1]
[15625,-625,153,-5,1]
[14641,-2420,321,-20,1]
[4096,-1536,176,-3,11,-6,1]
[4096,-2048,768,-205,48,-8,1]
[4096,512,115,8,1]
[729,405,288,88,32,5,1]
[16384,-128,197,-1,1]
[4096,-1536,32,59,2,-6,1]
[4096,-768,80,-27,5,-3,1]
[15625,-875,199,-7,1]
[14641,-2057,285,-17,1]
[256,-64,32,32,-13,8,2,-1,1]
[4096,320,-21,5,1]
[729,243,90,53,10,3,1]
[4096,1024,304,123,19,4,1]
[4096,-256,48,5,3,-1,1]
[15625,-125,-108,-1,1]
[4096,-768,-128,125,-8,-3,1]
[4096,-768,-96,107,-6,-3,1]
[4096,-1280,496,-165,31,-5,1]
[2401,441,48,9,1]
[4096,0,64,3,4,0,1]
[256,0,0,-12,3,-3,0,0,1]
[4096,-512,192,17,12,-2,1]
[6561,2025,299,25,1]
[729,162,36,-13,4,2,1]
[4096,-1024,288,-121,18,-4,1]
[4096,-1024,272,-127,17,-4,1]
[256,256,160,80,39,20,10,4,1]
[256,192,128,72,33,18,8,3,1]
[16384,-768,77,-6,1]
[4096,1280,160,31,10,5,1]
[256,256,176,100,57,25,11,4,1]
[256,-192,0,8,9,2,0,-3,1]
[4096,256,-16,-59,-1,1,1]
[15625,1375,214,11,1]
[16384,-1536,75,-12,1]
[4096,256,96,23,6,1,1]
[4096,-256,48,-83,3,-1,1]
[4096,-256,448,-17,28,-1,1]
[125,16,1]
[6561,729,71,9,1]
[16384,-256,235,-2,1]
[2401,-147,22,-3,1]
[14641,-1452,192,-12,1]
[729,243,108,62,12,3,1]
[256,-512,544,-396,221,-99,34,-8,1]
[256,128,16,-36,-27,-9,1,2,1]
[729,0,54,14,6,0,1]
[729,324,72,4,8,4,1]
[4096,1280,112,-43,7,5,1]
[15625,-125,76,-1,1]
[4096,768,624,91,39,3,1]
[6561,-1377,232,-17,1]
[4096,-2560,928,-241,58,-10,1]
[256,-128,64,16,-5,4,4,-2,1]
[729,-486,279,-104,31,-6,1]
[729,324,144,67,16,4,1]
[4096,-1024,352,-67,22,-4,1]
[4096,2560,624,117,39,10,1]
[729,-81,99,-8,11,-1,1]
[256,-96,17,-6,1]
[14641,242,-177,2,1]
[4096,-256,-128,43,-8,-1,1]
[4096,512,448,33,28,2,1]
[729,243,9,-8,1,3,1]
[4096,256,-48,-83,-3,1,1]
[64,16,16,13,4,1,1]
[4096,2304,512,79,32,9,1]
[4096,2304,960,265,60,9,1]
[4096,-2560,992,-261,62,-10,1]
[4096,320,119,5,1]
[256,128,112,64,29,16,7,2,1]
[4096,-1536,576,-133,36,-6,1]
[4096,1792,624,159,39,7,1]
[4096,-1536,352,-63,22,-6,1]
[4096,1792,320,59,20,7,1]
[4096,0,-48,17,-3,0,1]
[256,-192,32,32,-29,8,2,-3,1]
[6561,-486,73,-6,1]
[16384,0,3,0,1]
[256,-192,96,-16,-3,-4,6,-3,1]
[729,-81,108,-16,12,-1,1]
[256,256,144,48,15,12,9,4,1]
[729,-243,54,10,6,-3,1]
[16384,1920,87,15,1]
[16384,1152,153,9,1]
[256,-192,96,-12,3,-3,6,-3,1]
[4096,-768,160,11,10,-3,1]
[4096,-2048,576,-119,36,-8,1]
[16384,2816,279,22,1]
[4096,-512,-144,9,-9,-2,1]
[4096,0,-32,-107,-2,0,1]
[4096,-1024,320,-153,20,-4,1]
[16384,-896,111,-7,1]
[4096,-1792,736,-197,46,-7,1]
[4096,0,320,-9,20,0,1]
[4096,512,-32,-85,-2,2,1]
[4096,-512,592,-53,37,-2,1]
[729,243,180,52,20,3,1]
[15625,-1250,226,-10,1]
[256,64,48,-24,-13,-6,3,1,1]
[4096,256,320,13,20,1,1]
[4096,1024,-176,-111,-11,4,1]
[4096,0,160,-63,10,0,1]
[14641,605,200,5,1]
[2401,343,82,7,1]
[4096,-1536,96,27,6,-6,1]
[4096,1024,560,119,35,4,1]
[4096,0,336,15,21,0,1]
[15625,-375,-94,-3,1]
[256,64,0,-12,-11,-3,0,1,1]
[15625,-2000,251,-16,1]
[729,81,-10,3,1]
[4096,64,-5,1,1]
[4096,1536,384,51,24,6,1]
[4096,512,464,27,29,2,1]
[4096,-512,-64,1,-4,-2,1]
[4096,-1024,464,-69,29,-4,1]
[4096,768,-144,-139,-9,3,1]
[14641,3630,450,30,1]
[4096,256,112,51,7,1,1]
[14641,-3146,354,-26,1]
[15625,0,106,0,1]
[729,81,63,-7,7,1,1]
[4096,768,-176,-91,-11,3,1]
[256,320,160,52,21,13,10,5,1]
[15625,-1625,173,-13,1]
[16384,256,169,2,1]
[4096,-2304,640,-139,40,-9,1]
[4096,640,79,10,1]
[4096,512,48,-25,3,2,1]
[16384,-2560,207,-20,1]
[4096,256,192,-55,12,1,1]
[256,256,128,40,11,10,8,4,1]
[729,-405,108,-34,12,-5,1]
[4096,-3584,1632,-483,102,-14,1]
[4096,2560,736,159,46,10,1]
[256,64,96,16,17,4,6,1,1]
[4096,512,80,91,5,2,1]
[14641,242,-26,2,1]
[14641,-605,144,-5,1]
[256,64,80,28,23,7,5,1,1]
[4096,512,64,-45,4,2,1]
[256,192,0,-12,7,-3,0,3,1]
[256,-256,176,-72,31,-18,11,-4,1]
[14641,-1089,125,-9,1]
[4096,-1792,624,-141,39,-7,1]
[16384,-384,-65,-3,1]
[4096,256,-208,-23,-13,1,1]
[512,64,96,21,12,1,1]
[15625,875,233,7,1]
[4096,-832,167,-13,1]
[16384,640,-105,5,1]
[16384,3328,357,26,1]
[4096,512,112,-33,7,2,1]
[4096,-128,73,-2,1]
[4096,-1024,-96,73,-6,-4,1]
[4096,-1280,192,-1,12,-5,1]
[16384,-1920,299,-15,1]
[256,-128,64,-48,39,-12,4,-2,1]
[4096,512,96,55,6,2,1]
[256,320,224,108,49,27,14,5,1]
[15625,-1500,114,-12,1]
[4096,-2304,752,-189,47,-9,1]
[15625,1000,147,8,1]
[4096,-512,592,-69,37,-2,1]
[729,297,70,11,1]
[729,0,54,13,6,0,1]
[256,-64,96,-44,33,-11,6,-1,1]
[256,128,64,44,19,11,4,2,1]
[6561,-81,109,-1,1]
[4096,-256,176,-29,11,-1,1]
[625,250,61,10,1]
[16384,2176,261,17,1]
[4096,-2816,1216,-365,76,-11,1]
[14641,1815,130,15,1]
[4096,256,-96,-37,-6,1,1]
[4096,512,-176,-41,-11,2,1]
[256,-384,304,-168,81,-42,19,-6,1]
[15625,1500,226,12,1]
[512,-256,0,27,0,-4,1]
[4096,-512,48,-85,3,-2,1]
[14641,242,56,2,1]
[16384,512,-39,4,1]
[256,128,96,56,29,14,6,2,1]
[15625,-875,-52,-7,1]
[729,324,27,-4,3,4,1]
[4096,-256,64,-89,4,-1,1]
[16384,640,-55,5,1]
[256,-192,48,24,-19,6,3,-3,1]
[729,162,63,38,7,2,1]
[256,-64,64,-24,37,-6,4,-1,1]
[6561,-486,140,-6,1]
[14641,2541,270,21,1]
[4096,2816,1200,357,75,11,1]
[512,192,-8,-19,-1,3,1]
[14641,363,85,3,1]
[16384,-4096,495,-32,1]
[4096,768,480,51,30,3,1]
[256,384,368,252,141,63,23,6,1]
[256,-64,0,24,3,6,0,-1,1]
[1024,-192,19,-6,1]
[6561,81,149,1,1]
[1024,96,41,3,1]
[4096,0,-64,85,-4,0,1]
[16384,2176,269,17,1]
[16384,2688,267,21,1]
[1024,-512,119,-16,1]
[6561,1782,250,22,1]
[15625,-375,113,-3,1]
[4096,1792,16,-105,1,7,1]
[15625,-1000,49,-8,1]
[4096,256,-16,5,-1,1,1]
[729,162,-45,-56,-5,2,1]
[256,64,-64,-20,15,-5,-4,1,1]
[4096,-2816,768,-159,48,-11,1]
[4096,2560,1248,345,78,10,1]
[15625,-125,-212,-1,1]
[512,320,160,51,20,5,1]
[4096,-512,336,-47,21,-2,1]
[4096,-256,320,-57,20,-1,1]
[2401,637,114,13,1]
[16384,0,85,0,1]
[256,64,-16,-16,5,-4,-1,1,1]
[625,-225,56,-9,1]
[14641,0,-230,0,1]
[4096,768,48,-45,3,3,1]
[15625,0,-188,0,1]
[4096,-256,432,-5,27,-1,1]
[4096,1536,32,-55,2,6,1]
[4096,512,224,-5,14,2,1]
[256,-64,80,0,5,0,5,-1,1]
[4096,-768,-144,51,-9,-3,1]
[14641,1573,229,13,1]
[14641,363,-50,3,1]
[6561,-405,160,-5,1]
[15625,625,-123,5,1]
[4096,0,-64,-43,-4,0,1]
[14641,-3630,447,-30,1]
[256,128,160,40,43,10,10,2,1]
[14641,-121,228,-1,1]
[4096,1024,80,-7,5,4,1]
[256,128,48,36,15,9,3,2,1]
[512,192,128,39,16,3,1]
[256,256,176,76,33,19,11,4,1]
[256,-128,64,4,-5,1,4,-2,1]
[14641,242,25,2,1]
[256,-192,32,28,-25,7,2,-3,1]
[4096,-1792,496,-151,31,-7,1]
[256,128,48,8,-3,2,3,2,1]
[4096,0,416,-27,26,0,1]
[16384,-3584,447,-28,1]
[512,192,80,41,10,3,1]
[625,-325,89,-13,1]
[4096,-2304,848,-213,53,-9,1]
[14641,-847,172,-7,1]
[256,-320,256,-152,75,-38,16,-5,1]
[729,-162,54,-14,6,-2,1]
[4096,1536,416,105,26,6,1]
[4096,-512,160,3,10,-2,1]
[4096,256,96,99,6,1,1]
[256,0,16,-16,13,-4,1,0,1]
[4096,2048,640,165,40,8,1]
[14641,-242,51,-2,1]
[4096,-2048,544,-109,34,-8,1]
[512,-192,72,-13,9,-3,1]
[4096,-256,608,-31,38,-1,1]
[14641,-484,16,-4,1]
[256,192,160,88,53,22,10,3,1]
[256,-192,64,12,-15,3,4,-3,1]
[15625,1750,214,14,1]
[4096,0,16,-103,1,0,1]
[512,192,88,41,11,3,1]
[16384,-2816,331,-22,1]
[512,-256,8,17,1,-4,1]
[256,128,0,8,13,2,0,2,1]
[256,64,48,44,15,11,3,1,1]
[4096,256,288,13,18,1,1]
[16384,3584,421,28,1]
[14641,2541,237,21,1]
[256,0,112,32,23,8,7,0,1]
[4096,1792,272,37,17,7,1]
[14641,1089,90,9,1]
[15625,750,-99,6,1]
[15625,4000,471,32,1]
[4096,-512,80,-75,5,-2,1]
[729,-405,90,-13,10,-5,1]
[729,324,76,12,1]
[15625,250,142,2,1]
[256,-64,32,-40,19,-10,2,-1,1]
[4096,-1280,784,-149,49,-5,1]
[16384,512,-105,4,1]
[256,-128,32,16,-19,4,2,-2,1]
[15625,-1250,126,-10,1]
[256,128,-16,-32,-21,-8,-1,2,1]
[512,-64,-8,1,-1,-1,1]
[15625,1000,258,8,1]
[4096,-2048,608,-131,38,-8,1]
[4096,1024,160,21,10,4,1]
[4096,-512,192,-23,12,-2,1]
[4096,-1280,496,-155,31,-5,1]
[4096,512,160,119,10,2,1]
[4096,-512,80,-45,5,-2,1]
[14641,605,-81,5,1]
[15625,-1000,264,-8,1]
[14641,363,-18,3,1]
[15625,-1125,132,-9,1]
[4096,-768,464,-51,29,-3,1]
[14641,-2299,190,-19,1]
[14641,-1452,63,-12,1]
[4096,0,240,45,15,0,1]
[256,-128,96,-64,35,-16,6,-2,1]
[4096,-832,147,-13,1]
[512,192,120,49,15,3,1]
[4096,-2560,1088,-323,68,-10,1]
[4096,-2048,560,-135,35,-8,1]
[4096,1536,112,-13,7,6,1]
[4096,-1024,-128,107,-8,-4,1]
[16,8,7,2,1]
[16384,-2048,213,-16,1]
[15625,-625,61,-5,1]
[4096,-1536,176,25,11,-6,1]
[4096,-768,-64,53,-4,-3,1]
[1024,-128,29,-4,1]
[15625,-1625,87,-13,1]
[16384,1792,133,14,1]
[256,64,160,28,47,7,10,1,1]
[256,-64,-16,0,-7,0,-1,-1,1]
[14641,-1452,262,-12,1]
[729,-162,108,-5,12,-2,1]
[256,192,96,52,35,13,6,3,1]
[4096,512,288,5,18,2,1]
[6561,-486,70,-6,1]
[4096,320,-3,5,1]
[4096,512,192,125,12,2,1]
[14641,-1815,205,-15,1]
[4096,256,96,115,6,1,1]
[256,256,144,80,49,20,9,4,1]
[14641,-3025,337,-25,1]
[4096,-768,320,-61,20,-3,1]
[4096,256,-144,-11,-9,1,1]
[512,320,176,65,22,5,1]
[729,-405,117,-32,13,-5,1]
[15625,-1250,24,-10,1]
[256,-128,80,-36,31,-9,5,-2,1]
[256,-192,96,-32,13,-8,6,-3,1]
[512,256,72,21,9,4,1]
[16384,1664,49,13,1]
[256,0,-48,-4,27,-1,-3,0,1]
[2401,-882,171,-18,1]
[256,-64,-80,20,15,5,-5,-1,1]
[512,128,24,-11,3,2,1]
[16384,-512,249,-4,1]
[256,320,256,164,87,41,16,5,1]
[2401,98,78,2,1]
[729,324,45,1,5,4,1]
[256,-128,48,-32,19,-8,3,-2,1]
[2401,-441,30,-9,1]
[729,486,81,-5,9,6,1]
[4096,-1792,512,-103,32,-7,1]
[4096,-512,-160,35,-10,-2,1]
[729,0,-9,-41,-1,0,1]
[4096,-768,240,-111,15,-3,1]
[14641,-726,-7,-6,1]
[4096,-1536,704,-157,44,-6,1]
[4096,-1024,224,-27,14,-4,1]
[4096,-384,49,-6,1]
[256,64,48,-52,-15,-13,3,1,1]
[4096,1024,288,43,18,4,1]
[4096,-768,-112,39,-7,-3,1]
[4096,1024,96,-35,6,4,1]
[6561,324,145,4,1]
[256,384,304,176,89,44,19,6,1]
[256,-128,48,52,-29,13,3,-2,1]
[16384,-128,-147,-1,1]
[4096,-1024,-224,133,-14,-4,1]
[15625,-1125,78,-9,1]
[14641,-2662,285,-22,1]
[256,128,112,84,37,21,7,2,1]
[4096,-768,608,-101,38,-3,1]
[15625,-750,39,-6,1]
[729,-81,54,-34,6,-1,1]
[4096,0,384,-35,24,0,1]
[4096,-1536,272,-25,17,-6,1]
[4096,-2816,1200,-349,75,-11,1]
[16384,256,151,2,1]
[256,448,448,328,187,82,28,7,1]
[729,162,-36,-10,-4,2,1]
[729,-405,135,-46,15,-5,1]
[512,0,0,-5,0,0,1]
[15625,1250,226,10,1]
[14641,-726,140,-6,1]
[15625,3875,467,31,1]
[512,-384,208,-87,26,-6,1]
[4096,-1280,-96,89,-6,-5,1]
[256,-256,144,-40,9,-10,9,-4,1]
[729,-405,9,32,1,-5,1]
[4096,1024,-48,-51,-3,4,1]
[15625,625,231,5,1]
[512,-192,136,-49,17,-3,1]
[4096,-1024,-64,35,-4,-4,1]
[6561,-1053,136,-13,1]
[729,486,270,100,30,6,1]
[15625,3000,307,24,1]
[14641,-363,37,-3,1]
[15625,-3875,453,-31,1]
[15625,-750,28,-6,1]
[14641,121,101,1,1]
[256,-384,336,-228,125,-57,21,-6,1]
[16384,-2816,263,-22,1]
[729,0,144,-5,16,0,1]
[729,162,-63,-35,-7,2,1]
[4096,0,368,-13,23,0,1]
[4096,-768,400,-103,25,-3,1]
[256,-128,16,-16,25,-4,1,-2,1]
[4096,-1088,145,-17,1]
[4096,256,320,27,20,1,1]
[256,-128,160,-60,53,-15,10,-2,1]
[256,192,144,84,45,21,9,3,1]
[6561,0,-26,0,1]
[16384,-1152,167,-9,1]
[15625,1375,38,11,1]
[14641,1089,78,9,1]
[14641,-121,104,-1,1]
[256,192,64,20,15,5,4,3,1]
[4096,0,-64,15,-4,0,1]
[625,275,66,11,1]
[729,-162,41,-6,1]
[256,0,0,-16,9,-4,0,0,1]
[4096,-1024,64,3,4,-4,1]
[14641,1936,171,16,1]
[256,-128,32,-48,33,-12,2,-2,1]
[16384,0,209,0,1]
[14641,-3146,408,-26,1]
[15625,1000,37,8,1]
[4096,-512,-176,35,-11,-2,1]
[4096,3328,1632,487,102,13,1]
[15625,-2750,297,-22,1]
[256,128,32,-4,-17,-1,2,2,1]
[4096,-1024,352,-139,22,-4,1]
[256,-192,112,-64,33,-16,7,-3,1]
[729,-405,234,-76,26,-5,1]
[256,-128,0,-20,23,-5,0,-2,1]
[256,64,48,16,23,4,3,1,1]
[64,0,0,-13,0,0,1]
[729,243,180,47,20,3,1]
[16384,2048,129,16,1]
[512,-256,-32,45,-4,-4,1]
[4096,256,144,3,9,1,1]
[14641,1573,266,13,1]
[4096,512,0,3,0,2,1]
[512,-256,112,-47,14,-4,1]
[16384,-1024,229,-8,1]
[15625,1625,244,13,1]
[2401,-490,86,-10,1]
[2401,-147,-18,-3,1]
[729,324,72,5,8,4,1]
[4096,1024,-112,-95,-7,4,1]
[729,-81,-45,13,-5,-1,1]
[4096,-128,-51,-2,1]
[4096,-512,-112,121,-7,-2,1]
[16384,1152,-21,9,1]
[2401,784,145,16,1]
[729,324,45,-14,5,4,1]
[4096,-256,-80,37,-5,-1,1]
[512,384,144,47,18,6,1]
[6561,-324,139,-4,1]
[256,192,112,52,31,13,7,3,1]
[4096,-768,-144,59,-9,-3,1]
[256,-256,192,-128,79,-32,12,-4,1]
[729,-729,423,-170,47,-9,1]
[4096,-512,256,-17,16,-2,1]
[15625,-2125,201,-17,1]
[16384,-512,239,-4,1]
[256,-256,176,-84,45,-21,11,-4,1]
[15625,1625,176,13,1]
[16384,2432,219,19,1]
[16384,-3328,335,-26,1]
[4096,-256,240,-71,15,-1,1]
[256,-192,32,44,-43,11,2,-3,1]
[4096,1536,576,139,36,6,1]
[4096,1024,-240,-135,-15,4,1]
[16384,-512,151,-4,1]
[4096,-512,-96,11,-6,-2,1]
[4096,1536,352,93,22,6,1]
[4096,1536,640,175,40,6,1]
[4096,-768,320,-117,20,-3,1]
[4096,-256,304,9,19,-1,1]
[14641,2541,346,21,1]
[256,64,80,-8,5,-2,5,1,1]
[4096,-1280,-192,163,-12,-5,1]
[4096,1024,736,121,46,4,1]
[256,-64,16,-16,1,-4,1,-1,1]
[4096,-2048,864,-213,54,-8,1]
[729,-81,99,-34,11,-1,1]
[729,243,-9,-35,-1,3,1]
[4096,1536,144,3,9,6,1]
[4096,-1536,144,35,9,-6,1]
[256,128,32,44,31,11,2,2,1]
[4096,768,256,5,16,3,1]
[64,-96,80,-47,20,-6,1]
[14641,-1815,118,-15,1]
[729,0,-9,-5,-1,0,1]
[256,256,208,120,61,30,13,4,1]
[4096,-512,320,5,20,-2,1]
[512,-128,-16,1,-2,-2,1]
[256,64,80,20,13,5,5,1,1]
[14641,1089,249,9,1]
[4096,1792,608,199,38,7,1]
[1024,-32,-1,-1,1]
[4096,-512,16,-37,1,-2,1]
[256,64,0,-8,5,-2,0,1,1]
[4096,512,-64,-13,-4,2,1]
[512,64,16,23,2,1,1]
[4096,512,-64,-11,-4,2,1]
[256,-128,64,32,-13,8,4,-2,1]
[256,0,32,-12,1,-3,2,0,1]
[15625,-875,233,-7,1]
[15625,2500,322,20,1]
[4096,512,272,-27,17,2,1]
[256,128,96,-12,1,-3,6,2,1]
[6561,0,-65,0,1]
[4096,768,32,-83,2,3,1]
[15625,750,28,6,1]
[729,162,-54,-23,-6,2,1]
[15625,-2250,182,-18,1]
[729,-324,63,1,7,-4,1]
[4096,-2048,688,-157,43,-8,1]
[15625,500,131,4,1]
[15625,-375,97,-3,1]
[256,192,192,104,71,26,12,3,1]
[14641,2662,293,22,1]
[15625,-125,-18,-1,1]
[4096,-2048,656,-187,41,-8,1]
[15625,-2750,271,-22,1]
[4096,1024,752,119,47,4,1]
[256,-192,144,-56,37,-14,9,-3,1]
[256,-64,48,8,-11,2,3,-1,1]
[4096,0,-32,-57,-2,0,1]
[15625,875,6,7,1]
[15625,750,-16,6,1]
[14641,-1815,227,-15,1]
[16384,2688,331,21,1]
[4096,512,560,67,35,2,1]
[256,64,32,24,-7,6,2,1,1]
[4096,2048,576,145,36,8,1]
[14641,0,-161,0,1]
[729,-405,189,-73,21,-5,1]
[14641,2541,284,21,1]
[4096,256,144,21,9,1,1]
[4096,-2048,784,-223,49,-8,1]
[4096,1536,240,3,15,6,1]
[6561,729,166,9,1]
[4096,1280,16,-65,1,5,1]
[14641,-121,56,-1,1]
[16384,256,-65,2,1]
[4096,0,256,-7,16,0,1]
[512,384,184,71,23,6,1]
[14641,605,241,5,1]
[4096,-1280,336,-101,21,-5,1]
[4096,256,176,69,11,1,1]
[15625,-125,-186,-1,1]
[4096,-896,113,-14,1]
[729,162,117,8,13,2,1]
[256,-64,80,-60,17,-15,5,-1,1]
[4096,-256,320,-35,20,-1,1]
[625,200,44,8,1]
[14641,-2783,367,-23,1]
[1024,-512,125,-16,1]
[729,-378,98,-14,1]
[4096,-2560,960,-271,60,-10,1]
[256,-64,32,8,-1,2,2,-1,1]
[4096,256,112,93,7,1,1]
[4096,1280,272,33,17,5,1]
[256,-192,128,-92,49,-23,8,-3,1]
[16384,-1920,171,-15,1]
[4096,512,128,13,8,2,1]
[4096,1024,304,137,19,4,1]
[4096,-768,384,-51,24,-3,1]
[256,-192,224,-116,77,-29,14,-3,1]
[729,0,0,52,0,0,1]
[4096,768,96,15,6,3,1]
[256,-64,112,-40,39,-10,7,-1,1]
[2401,294,4,6,1]
[4096,-3072,1424,-413,89,-12,1]
[16384,384,-65,3,1]
[4096,-1792,321,-28,1]
[4096,1792,320,25,20,7,1]
[14641,1936,301,16,1]
[16384,-2176,149,-17,1]
[729,405,135,43,15,5,1]
[256,-64,16,20,-27,5,1,-1,1]
[14641,-1089,208,-9,1]
[256,-128,48,-52,33,-13,3,-2,1]
[4096,512,128,73,8,2,1]
[256,192,128,64,35,16,8,3,1]
[729,0,108,20,12,0,1]
[6561,-1377,218,-17,1]
[4096,-1536,544,-101,34,-6,1]
[256,320,160,16,-15,4,10,5,1]
[14641,-1815,280,-15,1]
[4096,768,560,85,35,3,1]
[4096,1280,528,151,33,5,1]
[512,64,-40,-5,-5,1,1]
[4096,1536,432,135,27,6,1]
[4096,2304,448,51,28,9,1]
[729,-81,99,1,11,-1,1]
[15625,1625,198,13,1]
[4096,-1536,464,-105,29,-6,1]
[256,0,-16,-12,-5,-3,-1,0,1]
[729,243,-9,-14,-1,3,1]
[512,-64,-24,29,-3,-1,1]
[4096,3328,1408,409,88,13,1]
[729,81,99,10,11,1,1]
[256,0,-48,-8,3,-2,-3,0,1]
[729,-405,135,-35,15,-5,1]
[4096,3840,1664,479,104,15,1]
[4096,1024,432,137,27,4,1]
[729,-648,342,-131,38,-8,1]
[256,-192,64,-24,21,-6,4,-3,1]
[14641,-242,-16,-2,1]
[4096,768,32,-63,2,3,1]
[15625,-1250,-8,-10,1]
[4096,3072,1376,401,86,12,1]
[16384,0,-243,0,1]
[4096,-1536,544,-185,34,-6,1]
[4096,0,-112,-13,-7,0,1]
[14641,1452,23,12,1]
[256,-128,32,32,-23,8,2,-2,1]
[6561,-2187,337,-27,1]
[4096,-4608,2464,-779,154,-18,1]
[729,324,-72,-70,-8,4,1]
[4096,2048,784,205,49,8,1]
[4096,1280,304,105,19,5,1]
[729,405,-45,-70,-5,5,1]
[4096,-1280,400,-125,25,-5,1]
[256,0,-48,4,-3,1,-3,0,1]
[4096,-768,208,-97,13,-3,1]
[256,-64,-48,-12,23,-3,-3,-1,1]
[729,-162,189,-32,21,-2,1]
[4096,-1792,496,-133,31,-7,1]
[15625,2750,369,22,1]
[15625,-4125,516,-33,1]
[15625,2000,114,16,1]
[4096,-256,63,-4,1]
[4096,-768,0,73,0,-3,1]
[256,-192,32,8,-7,2,2,-3,1]
[729,567,333,122,37,7,1]
[4096,768,-80,-101,-5,3,1]
[16384,2176,169,17,1]
[256,-64,-16,8,3,2,-1,-1,1]
[729,162,-72,-40,-8,2,1]
[512,192,88,17,11,3,1]
[1024,-64,-1,-2,1]
[4096,1024,400,93,25,4,1]
[4096,256,208,5,13,1,1]
[2401,735,114,15,1]
[14641,4235,542,35,1]
[15625,-250,208,-2,1]
[4096,-1280,368,-49,23,-5,1]
[16384,0,215,0,1]
[4096,0,576,-5,36,0,1]
[729,-162,45,13,5,-2,1]
[256,128,112,28,17,7,7,2,1]
[4096,-2816,1088,-315,68,-11,1]
[1024,-384,75,-12,1]
[256,192,112,28,11,7,7,3,1]
[2401,-245,86,-5,1]
[4096,1280,128,9,8,5,1]
[729,-405,225,-86,25,-5,1]
[256,-192,144,-76,45,-19,9,-3,1]
[512,256,0,-23,0,4,1]
[256,-192,80,-44,23,-11,5,-3,1]
[4096,256,-144,7,-9,1,1]
[729,-405,90,-14,10,-5,1]
[256,-128,128,-24,29,-6,8,-2,1]
[4096,-1024,416,-45,26,-4,1]
[256,0,64,20,3,5,4,0,1]
[4096,512,-64,-9,-4,2,1]
[4096,-512,64,21,4,-2,1]
[512,64,32,-23,4,1,1]
[4096,-512,336,-93,21,-2,1]
[729,-405,180,-83,20,-5,1]
[729,-81,207,-19,23,-1,1]
[14641,484,58,4,1]
[256,-64,96,0,17,0,6,-1,1]
[512,64,88,5,11,1,1]
[729,162,36,4,4,2,1]
[14641,847,208,7,1]
[4096,768,-160,-57,-10,3,1]
[729,0,81,-17,9,0,1]
[256,0,80,-8,23,-2,5,0,1]
[4096,-768,160,-47,10,-3,1]
[4096,1792,480,137,30,7,1]
[15625,-250,43,-2,1]
[729,81,-36,-28,-4,1,1]
[14641,-3388,432,-28,1]
[256,-192,208,-96,65,-24,13,-3,1]
[4096,2304,992,275,62,9,1]
[625,-50,-21,-2,1]
[14641,2299,184,19,1]
[256,192,-16,-16,9,-4,-1,3,1]
[15625,500,-21,4,1]
[15625,-375,-56,-3,1]
[14641,847,233,7,1]
[14641,3146,354,26,1]
[256,192,192,120,69,30,12,3,1]
[4096,-512,-112,3,-7,-2,1]
[256,-192,112,-84,47,-21,7,-3,1]
[16384,2176,321,17,1]
[16384,-3456,423,-27,1]
[14641,-121,-149,-1,1]
[14641,-1573,260,-13,1]
[4096,1792,416,81,26,7,1]
[256,64,80,16,19,4,5,1,1]
[256,-64,64,-4,19,-1,4,-1,1]
[256,-128,160,-68,47,-17,10,-2,1]
[15625,-3375,358,-27,1]
[4096,-1024,336,-97,21,-4,1]
[6561,-81,-62,-1,1]
[4096,-1536,608,-195,38,-6,1]
[4096,-256,304,-57,19,-1,1]
[4096,512,112,55,7,2,1]
[14641,484,-60,4,1]
[6561,-324,16,-4,1]
[625,75,-11,3,1]
[6561,-972,163,-12,1]
[256,-384,368,-240,133,-60,23,-6,1]
[14641,726,224,6,1]
[14641,2904,301,24,1]
[256,-192,96,-32,17,-8,6,-3,1]
[15625,1750,297,14,1]
[14641,968,-34,8,1]
[4096,512,-144,-39,-9,2,1]
[4096,-1792,848,-201,53,-7,1]
[256,128,64,52,21,13,4,2,1]
[256,-64,-16,-8,13,-2,-1,-1,1]
[4096,768,-96,-69,-6,3,1]
[4096,1792,608,177,38,7,1]
[4096,640,147,10,1]
[4096,-3072,1216,-341,76,-12,1]
[64,-40,15,-5,1]
[4096,-512,544,-51,34,-2,1]
[2401,343,88,7,1]
[14641,-121,-216,-1,1]
[4096,2048,640,173,40,8,1]
[256,128,16,20,29,5,1,2,1]
[16384,0,225,0,1]
[256,0,-16,0,1,0,-1,0,1]
[6561,-567,76,-7,1]
[14641,3509,430,29,1]
[256,0,80,-40,15,-10,5,0,1]
[4096,-256,112,51,7,-1,1]
[14641,1089,213,9,1]
[16384,3456,371,27,1]
[15625,125,182,1,1]
[16384,-1024,131,-8,1]
[6561,-243,-1,-3,1]
[14641,-3267,398,-27,1]
[256,-16,-23,-1,1]
[4096,256,352,-15,22,1,1]
[256,-256,96,-16,3,-4,6,-4,1]
[4096,-768,16,35,1,-3,1]
[729,-81,9,23,1,-1,1]
[4096,1536,-16,-93,-1,6,1]
[6561,-891,170,-11,1]
[4096,-1280,209,-20,1]
[14641,726,170,6,1]
[729,81,144,19,16,1,1]
[4096,2048,576,153,36,8,1]
[4096,-1024,464,-129,29,-4,1]
[16384,896,169,7,1]
[6561,0,-130,0,1]
[4096,1536,688,173,43,6,1]
[512,256,-56,-61,-7,4,1]
[16384,-2304,287,-18,1]
[256,0,64,-32,17,-8,4,0,1]
[512,0,72,13,9,0,1]
[4096,-1280,368,-39,23,-5,1]
[4096,-512,208,-23,13,-2,1]
[729,-648,369,-145,41,-8,1]
[256,64,48,8,-7,2,3,1,1]
[256,-192,96,-12,5,-3,6,-3,1]
[14641,-3025,370,-25,1]
[6561,810,92,10,1]
[6561,-81,149,-1,1]
[256,-128,32,0,5,0,2,-2,1]
[4096,2560,832,219,52,10,1]
[4096,2304,512,85,32,9,1]
[256,-128,112,-36,23,-9,7,-2,1]
[4096,256,224,79,14,1,1]
[512,-320,152,-69,19,-5,1]
[4096,-2304,688,-173,43,-9,1]
[4096,-1536,448,-133,28,-6,1]
[729,405,225,73,25,5,1]
[256,-64,16,12,1,3,1,-1,1]
[15625,1250,19,10,1]
[15625,1750,221,14,1]
[4096,256,288,49,18,1,1]
[4096,-1024,336,-81,21,-4,1]
[4096,-2816,1248,-363,78,-11,1]
[14641,-363,56,-3,1]
[256,0,80,-28,9,-7,5,0,1]
[14641,1936,113,16,1]
[15625,4500,556,36,1]
[14641,-363,189,-3,1]
[729,-162,54,-28,6,-2,1]
[4096,768,-224,-103,-14,3,1]
[256,-64,64,0,17,0,4,-1,1]
[4096,0,96,-29,6,0,1]
[14641,1573,106,13,1]
[4096,1024,304,25,19,4,1]
[4096,-512,176,7,11,-2,1]
[15625,-1875,137,-15,1]
[729,-486,108,-13,12,-6,1]
[15625,-3500,387,-28,1]
[2401,98,86,2,1]
[6561,-81,-70,-1,1]
[4096,512,208,55,13,2,1]
[729,-81,-18,50,-2,-1,1]
[256,-192,176,-100,57,-25,11,-3,1]
[729,243,72,13,8,3,1]
[256,64,96,76,15,19,6,1,1]
[16384,-2560,229,-20,1]
[14641,242,73,2,1]
[4096,1792,576,173,36,7,1]
[16384,2560,263,20,1]
[4096,384,89,6,1]
[4096,768,416,55,26,3,1]
[256,-128,48,-40,19,-10,3,-2,1]
[16384,-128,101,-1,1]
[4096,1280,640,159,40,5,1]
[256,320,224,136,75,34,14,5,1]
[4096,768,208,53,13,3,1]
[4096,1024,112,-51,7,4,1]
[256,128,160,44,43,11,10,2,1]
[729,162,27,28,3,2,1]
[4096,-1792,80,59,5,-7,1]
[16384,640,69,5,1]
[4096,0,192,11,12,0,1]
[2401,-392,62,-8,1]
[4096,-1536,-208,175,-13,-6,1]
[4096,1280,176,-9,11,5,1]
[729,-243,-9,28,-1,-3,1]
[729,135,-1,5,1]
[256,0,16,8,-23,2,1,0,1]
[4096,320,37,5,1]
[256,192,96,60,43,15,6,3,1]
[4096,-2048,640,-175,40,-8,1]
[4096,1536,-80,-107,-5,6,1]
[14641,0,-32,0,1]
[256,64,80,32,21,8,5,1,1]
[4096,0,-80,71,-5,0,1]
[15625,2625,236,21,1]
[4096,0,208,-11,13,0,1]
[4096,1536,528,141,33,6,1]
[16384,-384,79,-3,1]
[4096,2816,896,213,56,11,1]
[729,243,180,46,20,3,1]
[729,-54,50,-2,1]
[1024,128,37,4,1]
[4096,-3072,1072,-275,67,-12,1]
[4096,1280,416,77,26,5,1]
[14641,-363,-15,-3,1]
[4096,-256,352,-27,22,-1,1]
[256,384,416,304,175,76,26,6,1]
[256,-192,112,4,-5,1,7,-3,1]
[256,128,80,36,13,9,5,2,1]
[16384,1664,47,13,1]
[4096,-128,-11,-2,1]
[256,64,32,20,7,5,2,1,1]
[4096,-1024,112,23,7,-4,1]
[4096,0,240,3,15,0,1]
[15625,0,-34,0,1]
[4096,1792,576,147,36,7,1]
[4096,-1792,672,-201,42,-7,1]
[729,-81,36,-22,4,-1,1]
[4096,2816,1200,371,75,11,1]
[4096,0,-64,53,-4,0,1]
[256,-128,80,-32,5,-8,5,-2,1]
[4096,0,336,-11,21,0,1]
[14641,968,-41,8,1]
[729,81,108,7,12,1,1]
[4096,-1536,-32,101,-2,-6,1]
[4096,1024,640,95,40,4,1]
[512,-256,112,-27,14,-4,1]
[15625,2750,333,22,1]
[4096,1792,320,31,20,7,1]
[4096,-2560,528,-67,33,-10,1]
[4096,-768,160,-77,10,-3,1]
[4096,3072,1232,357,77,12,1]
[4096,256,288,-23,18,1,1]
[4096,1536,16,-81,1,6,1]
[2401,784,148,16,1]
[4096,-1792,528,-159,33,-7,1]
[6561,-162,-17,-2,1]
[14641,-726,224,-6,1]
[256,0,16,20,1,5,1,0,1]
[4096,-2816,1168,-359,73,-11,1]
[4096,512,-80,-97,-5,2,1]
[729,162,-9,-13,-1,2,1]
[2401,-98,33,-2,1]
[16384,3840,469,30,1]
[4096,1536,-32,-109,-2,6,1]
[14641,-242,135,-2,1]
[256,256,144,68,31,17,9,4,1]
[16384,1792,281,14,1]
[15625,-1875,152,-15,1]
[16384,3200,387,25,1]
[256,192,48,0,-7,0,3,3,1]
[4096,1536,288,25,18,6,1]
[729,-486,153,-40,17,-6,1]
[4096,-1024,432,-135,27,-4,1]
[729,243,18,-11,2,3,1]
[4096,-1024,640,-113,40,-4,1]
[256,-256,192,-124,65,-31,12,-4,1]
[4096,-1280,384,-117,24,-5,1]
[4096,-2048,720,-203,45,-8,1]
[4096,1280,480,171,30,5,1]
[15625,750,42,6,1]
[4096,-1536,128,19,8,-6,1]
[256,320,256,148,79,37,16,5,1]
[4096,1024,137,16,1]
[14641,1210,261,10,1]
[4096,512,208,15,13,2,1]
[4096,-1536,64,45,4,-6,1]
[4096,-512,-128,7,-8,-2,1]
[4096,-1536,416,-105,26,-6,1]
[2401,0,23,0,1]
[256,0,0,12,1,3,0,0,1]
[4096,-256,-48,39,-3,-1,1]
[15625,125,-172,1,1]
[256,384,336,200,105,50,21,6,1]
[16384,-2048,297,-16,1]
[14641,242,74,2,1]
[4096,0,448,7,28,0,1]
[16384,384,-147,3,1]
[729,0,-18,-25,-2,0,1]
[625,25,-1,1,1]
[4,-3,1]
[16384,512,161,4,1]
[4096,-512,352,3,22,-2,1]
[16384,3584,435,28,1]
[4096,-2048,640,-161,40,-8,1]
[4096,-256,-64,-47,-4,-1,1]
[2401,196,99,4,1]
[14641,-3146,383,-26,1]
[256,128,32,-24,-19,-6,2,2,1]
[729,-324,99,-28,11,-4,1]
[256,128,64,56,29,14,4,2,1]
[6561,972,73,12,1]
[15625,125,-4,1,1]
[729,0,36,-40,4,0,1]
[256,0,-16,0,-19,0,-1,0,1]
[512,0,32,3,4,0,1]
[4096,512,496,29,31,2,1]
[256,-64,32,-4,21,-1,2,-1,1]
[512,192,104,27,13,3,1]
[4096,-1024,336,-55,21,-4,1]
[4096,-3328,1424,-423,89,-13,1]
[15625,0,58,0,1]
[4096,3328,1600,481,100,13,1]
[512,0,64,-17,8,0,1]
[256,128,112,72,39,18,7,2,1]
[256,128,112,48,39,12,7,2,1]
[729,81,108,19,12,1,1]
[14641,2904,356,24,1]
[4096,-384,85,-6,1]
[6561,-81,46,-1,1]
[729,0,72,28,8,0,1]
[15625,-1875,162,-15,1]
[14641,-1331,204,-11,1]
[4096,-2560,912,-247,57,-10,1]
[16384,0,71,0,1]
[2401,294,74,6,1]
[4096,1792,640,219,40,7,1]
[14641,-1210,85,-10,1]
[256,0,48,36,5,9,3,0,1]
[256,-64,48,8,9,2,3,-1,1]
[4096,-1536,640,-161,40,-6,1]
[2401,588,88,12,1]
[512,-448,200,-71,25,-7,1]
[15625,-2875,277,-23,1]
[15625,-1375,196,-11,1]
[729,162,81,40,9,2,1]
[6561,-1134,107,-14,1]
[512,256,32,-3,4,4,1]
[15625,1125,-44,9,1]
[256,128,32,-28,-15,-7,2,2,1]
[256,-128,16,24,-11,6,1,-2,1]
[14641,-605,-100,-5,1]
[15625,-1750,298,-14,1]
[512,256,120,53,15,4,1]
[16384,384,37,3,1]
[256,0,128,-4,45,-1,8,0,1]
[4096,256,544,17,34,1,1]
[256,0,0,16,1,4,0,0,1]
[625,50,24,2,1]
[256,0,-16,-4,-17,-1,-1,0,1]
[16384,512,219,4,1]
[4096,0,384,25,24,0,1]
[256,-192,48,-12,11,-3,3,-3,1]
[64,-96,72,-39,18,-6,1]
[6561,405,97,5,1]
[625,0,14,0,1]
[4096,0,192,61,12,0,1]
[729,108,13,4,1]
[729,81,153,14,17,1,1]
[256,-128,48,-52,29,-13,3,-2,1]
[4096,256,592,33,37,1,1]
[16384,2048,309,16,1]
[256,-320,192,-52,13,-13,12,-5,1]
[15625,125,28,1,1]
[729,-162,-63,26,-7,-2,1]
[256,0,32,12,7,3,2,0,1]
[14641,-1089,142,-9,1]
[4096,1280,384,87,24,5,1]
[6561,-810,92,-10,1]
[4096,0,176,-41,11,0,1]
[15625,0,42,0,1]
[4096,1024,480,111,30,4,1]
[256,192,80,24,17,6,5,3,1]
[4096,-1280,128,-3,8,-5,1]
[729,-243,117,-61,13,-3,1]
[4096,2816,1024,269,64,11,1]
[4096,2048,240,-21,15,8,1]
[15625,0,-177,0,1]
[15625,-875,42,-7,1]
[15625,1750,189,14,1]
[14641,605,235,5,1]
[729,162,25,6,1]
[4096,-256,144,43,9,-1,1]
[512,-320,208,-77,26,-5,1]
[14641,-726,-96,-6,1]
[14641,-484,-14,-4,1]
[4096,1024,-160,-83,-10,4,1]
[256,128,128,52,39,13,8,2,1]
[4096,-512,496,-81,31,-2,1]
[4096,-768,496,-77,31,-3,1]
[4096,-1024,181,-16,1]
[729,405,216,68,24,5,1]
[4096,-768,-144,117,-9,-3,1]
[512,-128,152,-25,19,-2,1]
[2401,147,3,3,1]
[256,-128,16,28,-19,7,1,-2,1]
[256,-320,160,-52,21,-13,10,-5,1]
[4096,-512,208,-53,13,-2,1]
[16384,512,121,4,1]
[4096,-1536,480,-125,30,-6,1]
[4096,0,128,27,8,0,1]
[256,0,64,60,1,15,4,0,1]
[256,64,48,-16,7,-4,3,1,1]
[4096,-1792,752,-193,47,-7,1]
[4096,-256,48,-47,3,-1,1]
[256,64,80,64,9,16,5,1,1]
[6561,-2106,326,-26,1]
[14641,242,-144,2,1]
[625,-125,44,-5,1]
[15625,1375,189,11,1]
[4096,1792,240,1,15,7,1]
[4096,-1024,368,-71,23,-4,1]
[4096,1792,624,149,39,7,1]
[4096,-2304,864,-217,54,-9,1]
[4096,-2304,992,-281,62,-9,1]
[256,-128,112,-20,17,-5,7,-2,1]
[256,64,48,-16,-1,-4,3,1,1]
[16384,256,-115,2,1]
[4096,-512,-128,13,-8,-2,1]
[14641,-2299,184,-19,1]
[256,256,240,132,79,33,15,4,1]
[729,81,-18,-16,-2,1,1]
[256,256,64,-56,-55,-14,4,4,1]
[4096,-1024,-48,89,-3,-4,1]
[4096,256,-16,-9,-1,1,1]
[64,16,-4,-9,-1,1,1]
[14641,-363,145,-3,1]
[4096,2560,1040,297,65,10,1]
[4096,0,-208,19,-13,0,1]
[14641,1573,241,13,1]
[4096,-1280,320,-59,20,-5,1]
[4096,2304,928,257,58,9,1]
[14641,-121,-186,-1,1]
[256,0,96,-20,27,-5,6,0,1]
[256,128,80,20,11,5,5,2,1]
[4096,-512,384,-41,24,-2,1]
[16384,2688,329,21,1]
[256,-64,64,-4,1,-1,4,-1,1]
[4096,-512,-16,15,-1,-2,1]
[4096,512,464,43,29,2,1]
[64,-16,36,-7,9,-1,1]
[4096,1792,544,111,34,7,1]
[4096,-3072,1392,-409,87,-12,1]
[14641,484,46,4,1]
[14641,121,-45,1,1]
[4096,256,640,31,40,1,1]
[4096,0,-192,27,-12,0,1]
[4096,0,80,-53,5,0,1]
[4096,768,-128,-121,-8,3,1]
[15625,-2375,298,-19,1]
[4096,-1280,432,-145,27,-5,1]
[4096,256,176,99,11,1,1]
[4096,2304,624,129,39,9,1]
[4096,1536,576,157,36,6,1]
[15625,2875,303,23,1]
[729,-243,-9,10,-1,-3,1]
[4096,-1280,16,29,1,-5,1]
[4096,512,352,71,22,2,1]
[4096,-1536,64,73,4,-6,1]
[256,0,64,-4,5,-1,4,0,1]
[14641,1210,134,10,1]
[15625,2000,169,16,1]
[256,-64,32,-20,-1,-5,2,-1,1]
[6561,648,1,8,1]
[256,64,48,40,1,10,3,1,1]
[256,-128,-48,32,-1,8,-3,-2,1]
[4096,-2304,912,-283,57,-9,1]
[15625,-1375,57,-11,1]
[256,128,16,4,7,1,1,2,1]
[6561,648,22,8,1]
[256,256,96,-4,-19,-1,6,4,1]
[14641,363,-32,3,1]
[14641,-2541,333,-21,1]
[15625,-2625,307,-21,1]
[729,-81,27,-13,3,-1,1]
[16384,-3584,389,-28,1]
[256,-320,256,-176,103,-44,16,-5,1]
[4096,512,192,87,12,2,1]
[256,0,32,8,27,2,2,0,1]
[4096,-1536,16,87,1,-6,1]
[16384,2304,297,18,1]
[4096,0,-32,-67,-2,0,1]
[4096,768,160,-1,10,3,1]
[4096,1792,464,117,29,7,1]
[14641,-121,140,-1,1]
[15625,2000,203,16,1]
[256,-128,96,-56,41,-14,6,-2,1]
[14641,242,171,2,1]
[4096,256,64,35,4,1,1]
[4096,512,192,89,12,2,1]
[4096,0,16,-111,1,0,1]
[4096,-256,336,-23,21,-1,1]
[16384,-1920,95,-15,1]
[15625,750,98,6,1]
[15625,-250,-204,-2,1]
[256,-64,16,-4,11,-1,1,-1,1]
[14641,484,72,4,1]
[4096,-768,-112,121,-7,-3,1]
[729,-567,333,-119,37,-7,1]
[256,-64,128,-40,35,-10,8,-1,1]
[512,320,88,23,11,5,1]
[256,128,160,76,57,19,10,2,1]
[4096,512,112,91,7,2,1]
[4096,0,-125,0,1]
[15625,1750,86,14,1]
[4096,-256,48,-13,3,-1,1]
[256,-64,16,-24,3,-6,1,-1,1]
[625,175,31,7,1]
[4096,-1280,528,-93,33,-5,1]
[256,128,16,32,27,8,1,2,1]
[14641,-363,63,-3,1]
[512,64,-16,-35,-2,1,1]
[4096,256,448,53,28,1,1]
[4096,448,125,7,1]
[15625,-1125,143,-9,1]
[4096,256,304,55,19,1,1]
[4096,768,192,-31,12,3,1]
[16384,128,-173,1,1]
[14641,0,100,0,1]
[256,64,64,52,17,13,4,1,1]
[15625,-1375,213,-11,1]
[4096,-256,64,31,4,-1,1]
[4096,-3072,1456,-427,91,-12,1]
[15625,625,33,5,1]
[256,128,48,4,-15,1,3,2,1]
[4096,-256,368,-65,23,-1,1]
[14641,1089,170,9,1]
[4096,-2816,1328,-381,83,-11,1]
[15625,2000,312,16,1]
[729,81,35,3,1]
[256,64,-16,12,27,3,-1,1,1]
[4096,256,-208,-15,-13,1,1]
[81,-27,19,-3,1]
[4096,2560,1024,303,64,10,1]
[256,-256,112,-40,17,-10,7,-4,1]
[14641,1089,49,9,1]
[4096,-1280,416,-131,26,-5,1]
[729,0,126,10,14,0,1]
[15625,0,-37,0,1]
[256,128,48,-4,-9,-1,3,2,1]
[14641,-4235,534,-35,1]
[6561,324,-4,4,1]
[4096,1536,-192,-169,-12,6,1]
[4096,512,-96,-89,-6,2,1]
[4096,768,-144,-67,-9,3,1]
[14641,121,130,1,1]
[6561,405,-67,5,1]
[4096,-1536,336,-35,21,-6,1]
[729,162,45,22,5,2,1]
[14641,-726,249,-6,1]
[4096,-256,-80,53,-5,-1,1]
[2401,147,-9,3,1]
[4096,-256,256,47,16,-1,1]
[256,-128,64,-40,33,-10,4,-2,1]
[512,384,128,35,16,6,1]
[4096,3072,992,239,62,12,1]
[256,128,80,64,29,16,5,2,1]
[15625,875,42,7,1]
[14641,1331,127,11,1]
[4096,2560,1104,303,69,10,1]
[15625,-750,238,-6,1]
[4096,256,96,-53,6,1,1]
[15625,-2500,262,-20,1]
[4096,-1792,608,-191,38,-7,1]
[256,-64,-64,16,15,4,-4,-1,1]
[4096,-512,64,43,4,-2,1]
[15625,3750,474,30,1]
[4096,-1024,144,-49,9,-4,1]
[4096,-256,-80,-37,-5,-1,1]
[64,16,0,-9,0,1,1]
[4096,-384,61,-6,1]
[16384,2560,309,20,1]
[4096,256,-96,3,-6,1,1]
[729,0,18,-40,2,0,1]
[4096,1024,480,139,30,4,1]
[256,-64,32,-28,-3,-7,2,-1,1]
[729,405,18,-31,2,5,1]
[15625,2250,164,18,1]
[4096,-768,400,-45,25,-3,1]
[256,0,16,16,9,4,1,0,1]
[256,128,128,36,31,9,8,2,1]
[256,-128,32,40,-27,10,2,-2,1]
[15625,-375,139,-3,1]
[15625,-2500,333,-20,1]
[256,-64,32,20,-11,5,2,-1,1]
[15625,1625,192,13,1]
[15625,250,224,2,1]
[4096,512,0,-79,0,2,1]
[14641,2904,370,24,1]
[2401,-833,141,-17,1]
[729,648,342,128,38,8,1]
[4096,192,-59,3,1]
[14641,-847,49,-7,1]
[16384,-384,143,-3,1]
[4096,1024,208,39,13,4,1]
[256,-256,128,-12,-9,-3,8,-4,1]
[729,-486,252,-98,28,-6,1]
[512,192,56,-1,7,3,1]
[14641,-1331,222,-11,1]
[4096,-1536,480,-97,30,-6,1]
[14641,1936,181,16,1]
[1024,-320,59,-10,1]
[4096,-256,112,-79,7,-1,1]
[15625,-625,193,-5,1]
[256,192,192,108,71,27,12,3,1]
[256,-64,-32,4,9,1,-2,-1,1]
[4096,512,-96,-83,-6,2,1]
[14641,-1936,296,-16,1]
[256,0,80,0,37,0,5,0,1]
[4096,-512,240,-49,15,-2,1]
[16384,2688,339,21,1]
[512,320,200,69,25,5,1]
[729,324,135,67,15,4,1]
[256,-128,16,-28,23,-7,1,-2,1]
[256,256,160,80,37,20,10,4,1]
[4096,256,-144,21,-9,1,1]
[15625,1500,129,12,1]
[2401,245,50,5,1]
[729,81,117,29,13,1,1]
[4096,-1792,336,-49,21,-7,1]
[15625,125,161,1,1]
[729,-81,27,-26,3,-1,1]
[15625,-250,64,-2,1]
[512,-128,8,25,1,-2,1]
[729,-162,45,8,5,-2,1]
[15625,-1500,229,-12,1]
[625,75,-16,3,1]
[1024,64,-33,2,1]
[14641,3388,393,28,1]
[512,-192,80,-7,10,-3,1]
[14641,363,86,3,1]
[4096,-768,192,-3,12,-3,1]
[256,64,192,36,67,9,12,1,1]
[256,384,384,276,157,69,24,6,1]
[512,-128,56,-41,7,-2,1]
[15625,1750,266,14,1]
[256,0,112,16,31,4,7,0,1]
[6561,-324,53,-4,1]
[4096,768,128,95,8,3,1]
[4096,-1280,768,-155,48,-5,1]
[729,0,180,7,20,0,1]
[14641,121,-185,1,1]
[15625,2000,277,16,1]
[4096,-2048,608,-129,38,-8,1]
[4096,1024,528,131,33,4,1]
[4096,-512,320,-73,20,-2,1]
[4096,1536,640,135,40,6,1]
[15625,-2625,224,-21,1]
[6561,-162,62,-2,1]
[15625,-1000,257,-8,1]
[14641,2057,285,17,1]
[512,128,-32,-23,-4,2,1]
[256,192,112,48,15,12,7,3,1]
[4096,-1792,352,-73,22,-7,1]
[14641,-121,226,-1,1]
[256,256,128,40,15,10,8,4,1]
[4096,1536,384,117,24,6,1]
[4096,768,-80,-67,-5,3,1]
[4096,1536,384,53,24,6,1]
[6561,1782,245,22,1]
[729,405,180,68,20,5,1]
[14641,-3872,490,-32,1]
[729,324,153,41,17,4,1]
[729,162,117,20,13,2,1]
[14641,-2662,284,-22,1]
[256,-192,96,-44,19,-11,6,-3,1]
[15625,375,122,3,1]
[6561,567,119,7,1]
[15625,-1000,131,-8,1]
[4096,256,-80,-27,-5,1,1]
[4096,2560,1120,305,70,10,1]
[729,-243,144,-26,16,-3,1]
[4096,-768,416,-73,26,-3,1]
[256,128,-48,-28,-1,-7,-3,2,1]
[729,-81,18,-35,2,-1,1]
[4096,1536,96,-31,6,6,1]
[15625,-2625,332,-21,1]
[15625,2250,246,18,1]
[4096,-2560,864,-229,54,-10,1]
[15625,1500,217,12,1]
[15625,1125,-28,9,1]
[4096,-1024,192,-95,12,-4,1]
[14641,-1210,194,-10,1]
[4096,0,-128,15,-8,0,1]
[2401,98,69,2,1]
[256,-192,80,-24,7,-6,5,-3,1]
[729,-243,171,-49,19,-3,1]
[14641,1331,252,11,1]
[6561,-648,-13,-8,1]
[15625,1375,224,11,1]
[729,-324,216,-61,24,-4,1]
[4096,1280,288,77,18,5,1]
[4096,256,48,109,3,1,1]
[4096,-3072,1264,-363,79,-12,1]
[4096,-1024,144,15,9,-4,1]
[16384,-3200,353,-25,1]
[15625,-625,3,-5,1]
[512,-64,16,-11,2,-1,1]
[729,324,144,76,16,4,1]
[4096,-704,101,-11,1]
[4096,-1792,864,-201,54,-7,1]
[4096,-1792,432,-71,27,-7,1]
[14641,1210,257,10,1]
[1024,96,51,3,1]
[256,-192,32,-8,9,-2,2,-3,1]
[4096,-640,149,-10,1]
[15625,1750,267,14,1]
[4096,1792,912,227,57,7,1]
[4096,1280,624,115,39,5,1]
[15625,1875,216,15,1]
[4096,-512,-96,45,-6,-2,1]
[4096,512,208,87,13,2,1]
[14641,1815,191,15,1]
[16384,-128,187,-1,1]
[256,0,48,0,17,0,3,0,1]
[4096,-1792,720,-189,45,-7,1]
[4096,768,160,109,10,3,1]
[729,486,144,35,16,6,1]
[4096,256,400,-9,25,1,1]
[729,0,-36,-17,-4,0,1]
[2401,196,11,4,1]
[4096,-1024,144,19,9,-4,1]
[4096,512,576,45,36,2,1]
[4096,256,48,-65,3,1,1]
[14641,1331,90,11,1]
[4096,-512,-48,19,-3,-2,1]
[14641,-847,234,-7,1]
[512,-320,72,-9,9,-5,1]
[256,64,-48,-20,3,-5,-3,1,1]
[4096,-256,16,-97,1,-1,1]
[15625,3875,456,31,1]
[256,-192,112,-40,27,-10,7,-3,1]
[81,18,10,2,1]
[256,64,96,68,17,17,6,1,1]
[14641,1694,91,14,1]
[256,192,64,-4,-5,-1,4,3,1]
[256,-64,-16,28,-3,7,-1,-1,1]
[512,-256,104,-27,13,-4,1]
[729,324,45,7,5,4,1]
[4096,-2048,672,-179,42,-8,1]
[14641,-1936,167,-16,1]
[512,192,152,47,19,3,1]
[4096,-1024,-48,101,-3,-4,1]
[14641,363,60,3,1]
[4096,-2304,288,17,18,-9,1]
[256,0,-16,-24,13,-6,-1,0,1]
[15625,-500,24,-4,1]
[4096,-512,95,-8,1]
[4096,512,304,101,19,2,1]
[256,-192,176,-96,51,-24,11,-3,1]
[4096,-2048,544,-111,34,-8,1]
[16384,3072,391,24,1]
[4096,512,-128,-1,-8,2,1]
[729,0,-18,17,-2,0,1]
[256,0,48,36,-7,9,3,0,1]
[4096,-512,-48,79,-3,-2,1]
[256,384,416,296,173,74,26,6,1]
[14641,-605,-13,-5,1]
[4096,-768,-192,125,-12,-3,1]
[15625,-125,-221,-1,1]
[16384,-384,-29,-3,1]
[256,64,80,40,13,10,5,1,1]
[4096,-1024,-32,63,-2,-4,1]
[15625,-375,217,-3,1]
[256,64,16,0,11,0,1,1,1]
[14641,242,151,2,1]
[4096,256,400,45,25,1,1]
[4096,-1280,352,-73,22,-5,1]
[256,-192,144,-64,33,-16,9,-3,1]
[6561,1944,284,24,1]
[4096,-256,80,71,5,-1,1]
[14641,2783,354,23,1]
[4096,-512,416,-37,26,-2,1]
[256,-64,144,-20,45,-5,9,-1,1]
[4096,256,80,17,5,1,1]
[729,243,27,-16,3,3,1]
[4096,-1024,176,-67,11,-4,1]
[256,192,48,-20,-21,-5,3,3,1]
[256,192,16,-48,-31,-12,1,3,1]
[4096,-1280,576,-143,36,-5,1]
[6561,567,7,7,1]
[729,-486,225,-94,25,-6,1]
[16384,1024,67,8,1]
[729,0,-9,-16,-1,0,1]
[14641,121,129,1,1]
[256,64,64,24,29,6,4,1,1]
[256,448,416,268,143,67,26,7,1]
[4096,2816,1088,315,68,11,1]
[729,-324,117,-49,13,-4,1]
[729,567,279,107,31,7,1]
[2401,637,132,13,1]
[4096,1792,112,-47,7,7,1]
[16384,4480,553,35,1]
[14641,484,42,4,1]
[256,64,16,0,17,0,1,1,1]
[2401,196,61,4,1]
[4096,256,0,9,0,1,1]
[14641,3509,412,29,1]
[4096,-3584,1552,-451,97,-14,1]
[81,0,-16,0,1]
[512,0,-8,1,-1,0,1]
[14641,-1815,212,-15,1]
[256,-64,48,-12,17,-3,3,-1,1]
[4096,0,16,45,1,0,1]
[14641,1452,196,12,1]
[729,-486,234,-80,26,-6,1]
[729,0,72,-8,8,0,1]
[4096,-1024,512,-111,32,-4,1]
[6561,-1053,88,-13,1]
[4096,-1024,336,-49,21,-4,1]
[2401,98,-32,2,1]
[15625,-1000,56,-8,1]
[16384,3968,475,31,1]
[256,0,96,-12,23,-3,6,0,1]
[4096,4352,2240,703,140,17,1]
[4096,-1024,16,53,1,-4,1]
[14641,3267,386,27,1]
[4096,-1024,336,-93,21,-4,1]
[729,-243,27,-13,3,-3,1]
[256,-128,-16,16,-1,4,-1,-2,1]
[14641,-1694,87,-14,1]
[729,-162,135,-44,15,-2,1]
[512,-256,56,-5,7,-4,1]
[14641,-242,-169,-2,1]
[6561,486,-29,6,1]
[14641,484,191,4,1]
[4096,2048,496,101,31,8,1]
[4096,0,-112,-9,-7,0,1]
[4096,768,448,75,28,3,1]
[512,128,64,19,8,2,1]
[729,81,81,28,9,1,1]
[14641,726,-96,6,1]
[256,-192,96,0,-7,0,6,-3,1]
[4096,-512,400,-35,25,-2,1]
[4096,-256,-96,67,-6,-1,1]
[729,162,-36,-26,-4,2,1]
[15625,250,-49,2,1]
[512,-256,64,-17,8,-4,1]
[81,7,1]
[4096,768,96,-9,6,3,1]
[4096,1024,512,95,32,4,1]
[4096,-256,101,-4,1]
[4096,0,384,-29,24,0,1]
[6561,243,-104,3,1]
[256,-256,160,-72,31,-18,10,-4,1]
[15625,-375,3,-3,1]
[4096,0,64,87,4,0,1]
[256,128,-80,-20,21,-5,-5,2,1]
[2401,735,151,15,1]
[4096,768,144,27,9,3,1]
[6561,648,127,8,1]
[6561,-1296,218,-16,1]
[256,256,64,-8,-7,-2,4,4,1]
[729,0,72,-5,8,0,1]
[256,-128,80,-32,21,-8,5,-2,1]
[256,-64,48,20,-1,5,3,-1,1]
[4096,-512,272,-33,17,-2,1]
[4096,1024,336,33,21,4,1]
[729,243,-9,-11,-1,3,1]
[4096,-1024,-192,145,-12,-4,1]
[16384,2688,269,21,1]
[15625,3000,358,24,1]
[15625,-1500,22,-12,1]
[256,-320,304,-208,115,-52,19,-5,1]
[1024,320,55,10,1]
[4096,1792,48,-81,3,7,1]
[4096,-1280,448,-163,28,-5,1]
[6561,0,17,0,1]
[512,-64,-16,3,-2,-1,1]
[256,-192,64,-24,15,-6,4,-3,1]
[15625,-2000,172,-16,1]
[729,-405,207,-58,23,-5,1]
[729,0,90,-22,10,0,1]
[729,-324,144,-29,16,-4,1]
[14641,847,73,7,1]
[4096,-256,32,29,2,-1,1]
[512,-192,16,19,2,-3,1]
[729,162,-45,-44,-5,2,1]
[256,0,-32,0,31,0,-2,0,1]
[729,-162,144,-38,16,-2,1]
[4096,-768,224,-25,14,-3,1]
[729,81,-18,1,-2,1,1]
[4096,2560,848,221,53,10,1]
[1024,-480,113,-15,1]
[15625,2250,207,18,1]
[4096,-512,0,21,0,-2,1]
[16384,1280,-9,10,1]
[256,128,80,28,29,7,5,2,1]
[6561,-324,-11,-4,1]
[512,-128,-48,27,-6,-2,1]
[14641,-1331,233,-11,1]
[81,45,17,5,1]
[14641,242,234,2,1]
[4096,512,224,-7,14,2,1]
[4096,-768,288,-109,18,-3,1]
[256,192,160,64,41,16,10,3,1]
[6561,1215,185,15,1]
[729,-324,45,8,5,-4,1]
[4096,768,432,93,27,3,1]
[4096,-512,208,-103,13,-2,1]
[15625,-1875,143,-15,1]
[6561,486,143,6,1]
[15625,-875,-83,-7,1]
[15625,-1750,194,-14,1]
[256,64,144,32,51,8,9,1,1]
[14641,-363,-130,-3,1]
[256,64,-16,-24,-11,-6,-1,1,1]
[729,81,0,-29,0,1,1]
[14641,-484,-9,-4,1]
[4096,512,-176,-91,-11,2,1]
[4096,-1536,560,-189,35,-6,1]
[14641,1815,152,15,1]
[16384,-2048,303,-16,1]
[4096,-2048,640,-145,40,-8,1]
[4096,-1280,-48,95,-3,-5,1]
[729,-324,108,-37,12,-4,1]
[256,0,48,40,9,10,3,0,1]
[6561,0,-127,0,1]
[256,-64,16,4,-1,1,1,-1,1]
[4096,1024,-192,-117,-12,4,1]
[14641,0,-199,0,1]
[729,-81,9,-17,1,-1,1]
[512,256,176,55,22,4,1]
[4096,768,256,-3,16,3,1]
[729,405,-45,-67,-5,5,1]
[512,-320,16,25,2,-5,1]
[14641,-1936,114,-16,1]
[14641,-121,-98,-1,1]
[14641,2662,285,22,1]
[256,-128,0,20,-13,5,0,-2,1]
[512,192,88,25,11,3,1]
[4096,-2048,688,-191,43,-8,1]
[256,256,64,-64,-59,-16,4,4,1]
[256,-64,32,4,15,1,2,-1,1]
[15625,1750,236,14,1]
[256,-320,368,-248,151,-62,23,-5,1]
[512,-64,16,-29,2,-1,1]
[4096,-512,464,-55,29,-2,1]
[4096,1280,384,69,24,5,1]
[2401,588,127,12,1]
[4096,1024,528,133,33,4,1]
[4096,256,272,61,17,1,1]
[512,-256,64,-21,8,-4,1]
[729,243,81,1,9,3,1]
[4096,1024,336,23,21,4,1]
[4096,1792,352,33,22,7,1]
[4096,2816,1168,345,73,11,1]
[256,0,80,16,21,4,5,0,1]
[4096,2304,976,265,61,9,1]
[256,64,48,16,31,4,3,1,1]
[512,-384,192,-85,24,-6,1]
[256,192,160,68,45,17,10,3,1]
[6561,-729,112,-9,1]
[729,648,378,142,42,8,1]
[14641,968,189,8,1]
[256,-320,128,32,-45,8,8,-5,1]
[14641,-2178,290,-18,1]
[4096,0,480,-11,30,0,1]
[14641,3751,478,31,1]
[4096,1280,160,-21,10,5,1]
[256,-64,96,28,9,7,6,-1,1]
[1024,192,57,6,1]
[14641,0,204,0,1]
[512,-192,72,-31,9,-3,1]
[256,0,96,8,19,2,6,0,1]
[14641,-847,96,-7,1]
[4096,-128,95,-2,1]
[256,0,0,12,9,3,0,0,1]
[256,192,64,-12,-25,-3,4,3,1]
[4096,-2816,1184,-347,74,-11,1]
[256,-192,96,-44,27,-11,6,-3,1]
[256,256,192,100,55,25,12,4,1]
[15625,-1875,128,-15,1]
[256,0,96,-16,31,-4,6,0,1]
[4096,256,144,-19,9,1,1]
[4096,1024,139,16,1]
[729,243,171,55,19,3,1]
[4096,-1536,528,-107,33,-6,1]
[6561,567,47,7,1]
[1024,-192,43,-6,1]
[4096,1344,225,21,1]
[15625,1750,89,14,1]
[4096,-256,32,93,2,-1,1]
[729,162,18,-20,2,2,1]
[15625,1375,264,11,1]
[1024,96,63,3,1]
[256,64,0,12,25,3,0,1,1]
[4096,2304,928,267,58,9,1]
[2401,49,60,1,1]
[256,-128,64,-32,31,-8,4,-2,1]
[4096,-2304,544,-91,34,-9,1]
[4096,1536,448,137,28,6,1]
[4096,-512,128,-75,8,-2,1]
[16384,128,-167,1,1]
[4096,-384,119,-6,1]
[14641,4840,641,40,1]
[4096,-768,-64,79,-4,-3,1]
[729,162,63,59,7,2,1]
[256,-128,-16,28,-9,7,-1,-2,1]
[256,128,96,44,39,11,6,2,1]
[256,-64,64,-52,11,-13,4,-1,1]
[16384,896,141,7,1]
[4096,768,-48,-25,-3,3,1]
[4096,1024,432,81,27,4,1]
[4096,256,48,79,3,1,1]
[128,17,1]
[14641,121,-60,1,1]
[729,-81,-45,-5,-5,-1,1]
[4096,1024,448,61,28,4,1]
[14641,0,152,0,1]
[16384,2048,255,16,1]
[4096,-1792,144,37,9,-7,1]
[4096,-512,-32,-45,-2,-2,1]
[2401,-147,67,-3,1]
[4096,1536,528,163,33,6,1]
[14641,-1452,46,-12,1]
[4096,512,96,29,6,2,1]
[256,-16,-9,-1,1]
[4096,1024,464,97,29,4,1]
[4096,-512,128,-25,8,-2,1]
[14641,-363,17,-3,1]
[4096,-2816,1136,-327,71,-11,1]
[729,0,-27,4,-3,0,1]
[14641,968,101,8,1]
[4096,-1536,512,-91,32,-6,1]
[4096,-1024,224,7,14,-4,1]
[256,0,16,16,-21,4,1,0,1]
[4096,-1280,288,-45,18,-5,1]
[256,64,0,24,19,6,0,1,1]
[15625,2000,289,16,1]
[256,0,32,24,15,6,2,0,1]
[4096,832,155,13,1]
[6561,162,-121,2,1]
[2401,294,40,6,1]
[4096,-1536,240,-55,15,-6,1]
[256,-192,64,16,-25,4,4,-3,1]
[4096,1024,512,113,32,4,1]
[6561,81,-82,1,1]
[729,486,198,59,22,6,1]
[729,-81,27,20,3,-1,1]
[729,-243,135,-62,15,-3,1]
[6561,243,-10,3,1]
[4096,-256,560,-43,35,-1,1]
[16384,-1024,111,-8,1]
[15625,-125,174,-1,1]
[15625,-2250,234,-18,1]
[256,0,-48,4,17,1,-3,0,1]
[729,-324,-54,59,-6,-4,1]
[6561,567,169,7,1]
[512,-64,56,-3,7,-1,1]
[4096,-512,112,-65,7,-2,1]
[256,64,32,4,13,1,2,1,1]
[14641,1452,173,12,1]
[16384,-256,-9,-2,1]
[15625,-3125,392,-25,1]
[4096,1024,160,-15,10,4,1]
[4096,0,-192,15,-12,0,1]
[14641,2420,318,20,1]
[14641,-1089,10,-9,1]
[4096,-256,-160,49,-10,-1,1]
[16384,2816,261,22,1]
[256,-64,32,16,-15,4,2,-1,1]
[14641,1573,281,13,1]
[729,405,-9,-44,-1,5,1]
[256,-128,32,36,-27,9,2,-2,1]
[512,-192,48,-19,6,-3,1]
[16384,1152,-13,9,1]
[729,-81,72,-17,8,-1,1]
[4096,-1024,-48,99,-3,-4,1]
[4096,-1792,448,-107,28,-7,1]
[4096,512,288,-21,18,2,1]
[4096,1024,208,101,13,4,1]
[4096,-512,480,-51,30,-2,1]
[512,448,168,49,21,7,1]
[16384,640,95,5,1]
[14641,1452,25,12,1]
[6561,1620,256,20,1]
[256,192,224,108,77,27,14,3,1]
[256,64,176,48,59,12,11,1,1]
[729,162,36,-16,4,2,1]
[4096,512,0,57,0,2,1]
[14641,242,-7,2,1]
[4096,-256,96,69,6,-1,1]
[4096,2048,784,251,49,8,1]
[2401,147,8,3,1]
[729,648,261,83,29,8,1]
[4096,-3072,1280,-379,80,-12,1]
[256,-320,240,-140,75,-35,15,-5,1]
[4096,256,272,63,17,1,1]
[4096,0,-160,-13,-10,0,1]
[14641,1331,267,11,1]
[256,-128,80,-8,13,-2,5,-2,1]
[14641,-605,61,-5,1]
[15625,1875,87,15,1]
[625,-100,37,-4,1]
[4096,-1024,112,5,7,-4,1]
[16384,128,-15,1,1]
[512,64,-24,-39,-3,1,1]
[16384,-1280,15,-10,1]
[16384,-1024,233,-8,1]
[16384,4608,573,36,1]
[4096,256,48,-83,3,1,1]
[15625,-1250,44,-10,1]
[729,0,45,14,5,0,1]
[4096,-768,64,59,4,-3,1]
[4096,1280,560,105,35,5,1]
[4096,1280,240,53,15,5,1]
[256,0,-16,24,5,6,-1,0,1]
[729,-108,20,-4,1]
[729,-162,153,-35,17,-2,1]
[1024,-192,59,-6,1]
[729,162,90,40,10,2,1]
[14641,363,27,3,1]
[14641,-2057,296,-17,1]
[4096,1792,576,187,36,7,1]
[15625,125,168,1,1]
[14641,847,15,7,1]
[256,448,432,296,163,74,27,7,1]
[14641,-1210,108,-10,1]
[256,128,0,-28,-15,-7,0,2,1]
[4096,-1536,448,-103,28,-6,1]
[16384,-1536,19,-12,1]
[6561,-81,-79,-1,1]
[15625,250,204,2,1]
[4096,-1280,64,57,4,-5,1]
[15625,1375,188,11,1]
[6561,-891,44,-11,1]
[16384,-896,-89,-7,1]
[4096,-1792,464,-93,29,-7,1]
[256,64,-112,-4,37,-1,-7,1,1]
[4096,-768,64,-49,4,-3,1]
[729,243,72,38,8,3,1]
[16384,2688,283,21,1]
[4096,-256,-96,33,-6,-1,1]
[4096,-3072,1280,-383,80,-12,1]
[256,-128,48,-28,17,-7,3,-2,1]
[4096,-768,144,39,9,-3,1]
[4096,1280,112,21,7,5,1]
[14641,1089,7,9,1]
[256,-64,64,-24,11,-6,4,-1,1]
[512,192,48,-7,6,3,1]
[729,162,-27,-17,-3,2,1]
[4096,3072,1376,415,86,12,1]
[16384,-1920,297,-15,1]
[4096,-1280,-240,165,-15,-5,1]
[4096,-768,256,-41,16,-3,1]
[4096,-768,144,15,9,-3,1]
[15625,1125,221,9,1]
[16384,1408,15,11,1]
[4096,512,560,39,35,2,1]
[15625,875,63,7,1]
[14641,-121,-104,-1,1]
[4096,-768,240,7,15,-3,1]
[4096,-256,240,11,15,-1,1]
[729,81,-45,-31,-5,1,1]
[256,-128,32,20,-15,5,2,-2,1]
[256,0,-80,-4,21,-1,-5,0,1]
[4096,-1536,192,-31,12,-6,1]
[729,486,171,43,19,6,1]
[256,0,-32,0,25,0,-2,0,1]
[4096,-1024,176,-13,11,-4,1]
[14641,1210,195,10,1]
[14641,-2178,162,-18,1]
[256,64,-112,-8,33,-2,-7,1,1]
[15625,-500,101,-4,1]
[4096,-1024,192,-91,12,-4,1]
[729,-324,-63,71,-7,-4,1]
[125,-16,1]
[729,-567,279,-112,31,-7,1]
[14641,-3267,420,-27,1]
[14641,605,-45,5,1]
[14641,0,-134,0,1]
[256,64,96,48,19,12,6,1,1]
[15625,875,58,7,1]
[512,384,208,83,26,6,1]
[4096,0,-48,81,-3,0,1]
[4096,512,608,43,38,2,1]
[6561,972,77,12,1]
[15625,1625,108,13,1]
[625,-75,-12,-3,1]
[512,256,72,5,9,4,1]
[729,81,-27,-35,-3,1,1]
[16384,-1664,225,-13,1]
[4096,-2304,848,-253,53,-9,1]
[6561,-810,167,-10,1]
[4096,1024,48,-65,3,4,1]
[4096,-1024,-48,47,-3,-4,1]
[4096,-1280,256,-93,16,-5,1]
[4096,-768,304,-99,19,-3,1]
[4096,-1792,592,-191,37,-7,1]
[4096,1024,320,93,20,4,1]
[4096,-1280,448,-85,28,-5,1]
[256,192,32,40,41,10,2,3,1]
[512,64,40,-1,5,1,1]
[4096,1024,272,21,17,4,1]
[256,-64,-32,16,-5,4,-2,-1,1]
[4096,-512,352,-101,22,-2,1]
[729,-324,-36,46,-4,-4,1]
[2401,490,60,10,1]
[4096,768,224,133,14,3,1]
[16384,-1536,33,-12,1]
[256,0,64,40,9,10,4,0,1]
[729,81,9,8,1,1,1]
[4096,768,176,51,11,3,1]
[4096,2560,736,173,46,10,1]
[4096,-1024,432,-139,27,-4,1]
[4096,-2048,704,-177,44,-8,1]
[729,324,126,47,14,4,1]
[14641,-121,72,-1,1]
[15625,-250,-23,-2,1]
[4096,768,-192,-73,-12,3,1]
[6561,1458,188,18,1]
[256,64,16,-28,-7,-7,1,1,1]
[4096,-320,-9,-5,1]
[15625,-500,-159,-4,1]
[256,-192,128,-56,23,-14,8,-3,1]
[4096,-512,-16,21,-1,-2,1]
[4096,512,336,45,21,2,1]
[4096,-256,416,-59,26,-1,1]
[14641,363,-59,3,1]
[4096,256,224,69,14,1,1]
[256,-192,112,-28,9,-7,7,-3,1]
[729,-405,153,-61,17,-5,1]
[4096,1024,208,25,13,4,1]
[512,320,120,43,15,5,1]
[16384,1792,139,14,1]
[729,-324,72,-16,8,-4,1]
[16384,1536,253,12,1]
[4096,256,-176,-27,-11,1,1]
[4096,-1024,112,49,7,-4,1]
[4096,-1280,384,-95,24,-5,1]
[512,-256,24,15,3,-4,1]
[4096,-1280,528,-151,33,-5,1]
[4096,-768,-112,33,-7,-3,1]
[729,-162,117,-23,13,-2,1]
[729,-81,72,-38,8,-1,1]
[4096,-256,192,-81,12,-1,1]
[625,-150,39,-6,1]
[4096,-512,336,-101,21,-2,1]
[4096,-1792,848,-197,53,-7,1]
[4096,384,57,6,1]
[2401,-196,81,-4,1]
[4096,0,192,-41,12,0,1]
[14641,2420,325,20,1]
[15625,-1750,274,-14,1]
[256,-64,64,-36,7,-9,4,-1,1]
[2401,245,53,5,1]
[729,-324,180,-71,20,-4,1]
[14641,-363,-158,-3,1]
[4096,0,-48,33,-3,0,1]
[4096,1024,176,87,11,4,1]
[14641,-1089,-8,-9,1]
[256,-64,-48,-4,31,-1,-3,-1,1]
[256,128,0,16,19,4,0,2,1]
[256,-64,0,4,-7,1,0,-1,1]
[4096,1792,528,167,33,7,1]
[512,64,56,7,7,1,1]
[256,320,224,148,87,37,14,5,1]
[81,0,-2,0,1]
[4096,2304,992,285,62,9,1]
[4096,-1024,480,-111,30,-4,1]
[256,-128,0,-16,17,-4,0,-2,1]
[15625,1125,258,9,1]
[4096,-256,464,3,29,-1,1]
[14641,242,35,2,1]
[256,64,64,12,25,3,4,1,1]
[16384,384,-101,3,1]
[256,256,48,-60,-49,-15,3,4,1]
[4096,1024,128,-33,8,4,1]
[4096,-1024,-192,121,-12,-4,1]
[4096,1792,368,49,23,7,1]
[14641,605,-57,5,1]
[4096,2048,288,11,18,8,1]
[15625,2500,268,20,1]
[4096,-2048,256,9,16,-8,1]
[729,567,252,85,28,7,1]
[4096,512,368,65,23,2,1]
[14641,-484,-114,-4,1]
[256,0,-32,-20,17,-5,-2,0,1]
[6561,243,31,3,1]
[512,-128,-56,33,-7,-2,1]
[4096,512,192,-5,12,2,1]
[4096,-1280,448,-151,28,-5,1]
[4096,-4352,2224,-693,139,-17,1]
[625,-275,68,-11,1]
[14641,-242,45,-2,1]
[256,320,272,168,91,42,17,5,1]
[4096,512,16,-5,1,2,1]
[729,486,90,2,10,6,1]
[4096,768,208,93,13,3,1]
[16384,-1792,177,-14,1]
[16384,896,129,7,1]
[16384,128,-187,1,1]
[4096,-768,-48,1,-3,-3,1]
[512,0,56,23,7,0,1]
[15625,3250,351,26,1]
[4096,-2048,848,-227,53,-8,1]
[4096,1536,368,85,23,6,1]
[14641,363,190,3,1]
[4096,-2304,976,-291,61,-9,1]
[6561,648,32,8,1]
[256,128,96,40,29,10,6,2,1]
[256,128,64,12,11,3,4,2,1]
[256,-256,176,-120,67,-30,11,-4,1]
[256,0,0,-4,21,-1,0,0,1]
[4096,-2560,1136,-317,71,-10,1]
[6561,243,106,3,1]
[4096,256,336,73,21,1,1]
[729,0,9,22,1,0,1]
[256,0,-16,-12,19,-3,-1,0,1]
[4096,512,512,53,32,2,1]
[729,81,-54,-20,-6,1,1]
[256,128,80,40,5,10,5,2,1]
[4096,-1024,480,-123,30,-4,1]
[256,-192,64,36,-35,9,4,-3,1]
[4096,-64,5,-1,1]
[256,-64,32,-36,23,-9,2,-1,1]
[4096,0,128,-87,8,0,1]
[256,192,-32,-48,-15,-12,-2,3,1]
[4096,-512,160,-61,10,-2,1]
[4096,1536,176,-19,11,6,1]
[16384,-128,-121,-1,1]
[729,162,153,17,17,2,1]
[15625,500,1,4,1]
[4096,0,496,-1,31,0,1]
[4096,256,112,-75,7,1,1]
[4096,2304,848,261,53,9,1]
[15625,-125,127,-1,1]
[4096,-256,112,61,7,-1,1]
[256,-128,80,-64,33,-16,5,-2,1]
[4096,512,176,-51,11,2,1]
[4096,-768,176,-51,11,-3,1]
[256,0,144,-8,43,-2,9,0,1]
[2401,147,-46,3,1]
[16384,1920,231,15,1]
[256,-128,96,-32,29,-8,6,-2,1]
[256,64,32,-48,-13,-12,2,1,1]
[4096,-2816,1264,-363,79,-11,1]
[4096,-256,608,-17,38,-1,1]
[729,-324,189,-65,21,-4,1]
[4096,256,224,9,14,1,1]
[4096,768,224,33,14,3,1]
[4096,-1024,176,-47,11,-4,1]
[256,0,48,-4,-1,-1,3,0,1]
[6561,-2187,340,-27,1]
[14641,-968,65,-8,1]
[4096,-1792,0,101,0,-7,1]
[15625,-2250,299,-18,1]
[256,-256,96,12,-25,3,6,-4,1]
[729,162,45,11,5,2,1]
[15625,875,218,7,1]
[14641,3388,431,28,1]
[729,-324,171,-64,19,-4,1]
[4096,1280,-144,-117,-9,5,1]
[729,243,-36,-43,-4,3,1]
[4096,0,256,-21,16,0,1]
[4096,-512,-96,57,-6,-2,1]
[15625,1500,254,12,1]
[14641,-4356,563,-36,1]
[729,162,-9,-40,-1,2,1]
[256,64,64,20,33,5,4,1,1]
[4096,-384,5,-6,1]
[15625,625,162,5,1]
[6561,405,8,5,1]
[4096,0,144,-93,9,0,1]
[4096,0,416,23,26,0,1]
[14641,-242,3,-2,1]
[16384,-640,-67,-5,1]
[16384,0,89,0,1]
[256,0,64,4,15,1,4,0,1]
[4096,-256,-48,31,-3,-1,1]
[14641,1936,149,16,1]
[256,64,16,8,-15,2,1,1,1]
[4096,-512,336,-97,21,-2,1]
[4096,-256,-192,11,-12,-1,1]
[512,0,-32,1,-4,0,1]
[2401,343,5,7,1]
[4096,-2048,704,-211,44,-8,1]
[729,243,90,25,10,3,1]
[512,-256,104,-45,13,-4,1]
[729,0,-27,31,-3,0,1]
[4096,-2560,1088,-331,68,-10,1]
[4096,-2560,832,-219,52,-10,1]
[15625,-375,-88,-3,1]
[16384,-3200,347,-25,1]
[729,324,54,1,6,4,1]
[4096,-256,144,59,9,-1,1]
[512,-64,-16,35,-2,-1,1]
[14641,-121,38,-1,1]
[4096,-512,224,-77,14,-2,1]
[256,-320,240,-148,81,-37,15,-5,1]
[4096,-1536,176,-9,11,-6,1]
[4096,-1536,432,-111,27,-6,1]
[729,-189,55,-7,1]
[4096,-192,23,-3,1]
[14641,-121,-37,-1,1]
[256,64,-32,4,21,1,-2,1,1]
[15625,-875,159,-7,1]
[14641,-2541,298,-21,1]
[729,-243,171,-47,19,-3,1]
[15625,-1625,77,-13,1]
[16384,1536,255,12,1]
[4096,2048,928,253,58,8,1]
[15625,1500,263,12,1]
[256,128,32,-28,-21,-7,2,2,1]
[14641,1452,233,12,1]
[256,-256,128,-32,9,-8,8,-4,1]
[14641,-605,135,-5,1]
[256,-128,-32,-4,21,-1,-2,-2,1]
[4096,-256,336,-25,21,-1,1]
[15625,-2500,198,-20,1]
[4096,-256,-16,-77,-1,-1,1]
[15625,250,229,2,1]
[4096,-256,96,-7,6,-1,1]
[15625,-1000,119,-8,1]
[256,128,32,36,33,9,2,2,1]
[729,324,73,12,1]
[729,-243,72,-22,8,-3,1]
[729,-405,117,-41,13,-5,1]
[2401,98,-69,2,1]
[81,-54,26,-6,1]
[4096,-2304,832,-243,52,-9,1]
[4096,-512,336,-87,21,-2,1]
[4096,-1792,368,-51,23,-7,1]
[14641,-1089,146,-9,1]
[4096,-2048,512,-113,32,-8,1]
[4096,512,352,91,22,2,1]
[4096,2816,992,265,62,11,1]
[4096,-768,464,-71,29,-3,1]
[512,64,16,9,2,1,1]
[4096,2304,928,263,58,9,1]
[14641,1089,153,9,1]
[512,128,56,37,7,2,1]
[4096,-1280,592,-119,37,-5,1]
[256,0,16,-12,-19,-3,1,0,1]
[4096,256,704,33,44,1,1]
[4096,2304,640,135,40,9,1]
[4096,-512,96,-77,6,-2,1]
[4096,0,-48,99,-3,0,1]
[512,-192,80,-31,10,-3,1]
[729,-243,99,-56,11,-3,1]
[4096,768,-192,-105,-12,3,1]
[256,0,16,28,7,7,1,0,1]
[4096,768,160,-43,10,3,1]
[14641,726,203,6,1]
[15625,-1000,-27,-8,1]
[6561,0,28,0,1]
[256,384,320,176,89,44,20,6,1]
[256,192,176,128,57,32,11,3,1]
[256,192,96,32,15,8,6,3,1]
[4096,1536,144,-17,9,6,1]
[4096,-512,144,-35,9,-2,1]
[4096,256,32,89,2,1,1]
[4096,-1536,768,-189,48,-6,1]
[4096,-3328,1568,-475,98,-13,1]
[14641,-2299,182,-19,1]
[512,-64,-24,-7,-3,-1,1]
[256,192,144,64,35,16,9,3,1]
[4096,-512,320,-27,20,-2,1]
[4096,768,192,15,12,3,1]
[2401,833,158,17,1]
[14641,-4598,598,-38,1]
[16384,512,243,4,1]
[256,320,160,56,25,14,10,5,1]
[81,1,1]
[2401,98,65,2,1]
[6561,-243,23,-3,1]
[4096,512,208,93,13,2,1]
[4096,768,-32,-35,-2,3,1]
[15625,125,-159,1,1]
[14641,-847,217,-7,1]
[6561,567,112,7,1]
[14641,3751,447,31,1]
[4096,512,64,-81,4,2,1]
[512,-192,56,-9,7,-3,1]
[16384,2688,323,21,1]
[4096,1024,528,127,33,4,1]
[14641,-484,-17,-4,1]
[1024,128,35,4,1]
[256,320,256,124,63,31,16,5,1]
[6561,1458,209,18,1]
[16384,1408,133,11,1]
[4096,2816,1056,297,66,11,1]
[729,-243,72,-25,8,-3,1]
[4096,-1024,528,-137,33,-4,1]
[4096,-1792,256,-25,16,-7,1]
[512,256,64,1,8,4,1]
[4096,-512,352,-11,22,-2,1]
[256,448,432,288,157,72,27,7,1]
[256,64,-32,-4,9,-1,-2,1,1]
[16384,2560,317,20,1]
[256,0,-16,16,17,4,-1,0,1]
[14641,363,138,3,1]
[4096,512,656,67,41,2,1]
[14641,2299,267,19,1]
[729,243,-54,-52,-6,3,1]
[4096,512,176,75,11,2,1]
[256,-320,272,-188,107,-47,17,-5,1]
[512,0,144,-5,18,0,1]
[64,-8,-1,-1,1]
[15625,2125,223,17,1]
[15625,-875,-66,-7,1]
[14641,-726,67,-6,1]
[256,0,0,8,7,2,0,0,1]
[15625,625,104,5,1]
[256,192,64,16,7,4,4,3,1]
[4096,512,144,13,9,2,1]
[256,128,48,24,5,6,3,2,1]
[4096,256,384,-13,24,1,1]
[15625,1250,32,10,1]
[729,324,189,62,21,4,1]
[4096,-2048,608,-147,38,-8,1]
[4096,2048,640,179,40,8,1]
[729,-81,90,-10,10,-1,1]
[729,405,153,43,17,5,1]
[256,-64,32,0,-5,0,2,-1,1]
[4096,-512,224,-45,14,-2,1]
[6561,1458,226,18,1]
[4096,2304,656,165,41,9,1]
[15625,-625,-119,-5,1]
[6561,891,122,11,1]
[4096,-512,224,-79,14,-2,1]
[2401,-490,82,-10,1]
[16384,-1152,-49,-9,1]
[4096,-256,464,-37,29,-1,1]
[4096,0,32,-31,2,0,1]
[16384,-2944,347,-23,1]
[4096,1792,176,-9,11,7,1]
[256,-192,208,-108,71,-27,13,-3,1]
[4096,0,-64,73,-4,0,1]
[729,162,0,-28,0,2,1]
[729,0,198,-1,22,0,1]
[729,-81,-45,19,-5,-1,1]
[256,0,64,32,1,8,4,0,1]
[512,-192,160,-45,20,-3,1]
[4096,768,16,-71,1,3,1]
[729,0,45,26,5,0,1]
[6561,-1539,209,-19,1]
[729,-162,99,-28,11,-2,1]
[15625,-1000,41,-8,1]
[16384,1408,139,11,1]
[4096,-256,64,-39,4,-1,1]
[256,-80,13,-5,1]
[256,-128,80,-60,35,-15,5,-2,1]
[4096,1024,240,113,15,4,1]
[15625,-625,-76,-5,1]
[4096,-256,352,-73,22,-1,1]
[4096,-512,176,-33,11,-2,1]
[256,0,64,-12,23,-3,4,0,1]
[15625,1125,234,9,1]
[15625,1750,279,14,1]
[729,0,54,-19,6,0,1]
[4096,0,432,-21,27,0,1]
[4096,-2048,496,-85,31,-8,1]
[14641,-3146,358,-26,1]
[4096,1280,256,57,16,5,1]
[14641,242,43,2,1]
[625,300,83,12,1]
[4096,1536,576,127,36,6,1]
[4096,-1024,576,-83,36,-4,1]
[256,-192,128,-64,43,-16,8,-3,1]
[256,64,80,-16,9,-4,5,1,1]
[512,-320,72,-5,9,-5,1]
[256,0,48,52,-3,13,3,0,1]
[4096,-512,80,-11,5,-2,1]
[14641,484,-107,4,1]
[256,128,64,-16,-3,-4,4,2,1]
[14641,2541,309,21,1]
[14641,-121,65,-1,1]
[6561,324,7,4,1]
[4096,1024,336,127,21,4,1]
[625,25,-2,1,1]
[14641,-968,-57,-8,1]
[4096,768,73,12,1]
[4096,-256,576,-27,36,-1,1]
[4096,2048,784,249,49,8,1]
[512,-192,96,-23,12,-3,1]
[256,128,160,84,53,21,10,2,1]
[512,256,136,45,17,4,1]
[4096,-1536,608,-157,38,-6,1]
[4096,1792,480,113,30,7,1]
[4096,1664,291,26,1]
[4096,-512,128,-123,8,-2,1]
[729,-81,-27,5,-3,-1,1]
[4096,1024,368,95,23,4,1]
[2401,-539,102,-11,1]
[4096,-256,368,-59,23,-1,1]
[4096,-768,48,19,3,-3,1]
[4096,1280,448,63,28,5,1]
[4096,-2560,1088,-301,68,-10,1]
[512,-64,32,-1,4,-1,1]
[14641,1815,113,15,1]
[256,-32,5,-2,1]
[4096,-1792,288,-27,18,-7,1]
[4096,512,448,51,28,2,1]
[256,192,160,92,63,23,10,3,1]
[15625,-2750,324,-22,1]
[4096,-1536,592,-133,37,-6,1]
[256,64,64,16,31,4,4,1,1]
[729,243,153,55,17,3,1]
[256,-64,16,-8,-7,-2,1,-1,1]
[4096,1024,416,79,26,4,1]
[256,-128,16,-28,27,-7,1,-2,1]
[4096,1280,-48,-103,-3,5,1]
[4096,-512,-80,-15,-5,-2,1]
[14641,726,46,6,1]
[15625,125,-124,1,1]
[4096,-384,31,-6,1]
[4096,2048,720,175,45,8,1]
[4096,-2304,880,-275,55,-9,1]
[15625,-1000,99,-8,1]
[16384,-128,-209,-1,1]
[4096,0,-176,19,-11,0,1]
[16384,-1920,305,-15,1]
[729,243,18,-19,2,3,1]
[15625,-625,-73,-5,1]
[256,-64,48,-32,1,-8,3,-1,1]
[16384,128,189,1,1]
[6561,891,166,11,1]
[256,0,-80,4,19,1,-5,0,1]
[4096,-256,128,49,8,-1,1]
[4096,-2048,704,-163,44,-8,1]
[4096,0,128,-61,8,0,1]
[15625,4000,487,32,1]
[16384,-256,159,-2,1]
[15625,1375,103,11,1]
[4096,-1536,0,85,0,-6,1]
[729,324,90,40,10,4,1]
[512,-192,16,-3,2,-3,1]
[6561,891,130,11,1]
[15625,3875,466,31,1]
[256,128,112,64,45,16,7,2,1]
[6561,1053,164,13,1]
[4096,1536,32,-83,2,6,1]
[4096,-1536,416,-113,26,-6,1]
[4096,-256,48,9,3,-1,1]
[15625,-375,-79,-3,1]
[4096,2816,848,199,53,11,1]
[4096,-1536,624,-125,39,-6,1]
[4096,-256,16,35,1,-1,1]
[14641,-2178,255,-18,1]
[2401,-98,-2,-2,1]
[256,-64,16,12,-25,3,1,-1,1]
[4096,768,464,53,29,3,1]
[729,-243,144,-58,16,-3,1]
[15625,-1625,99,-13,1]
[4096,0,-128,9,-8,0,1]
[512,256,-16,-31,-2,4,1]
[256,-320,288,-184,99,-46,18,-5,1]
[4096,768,368,111,23,3,1]
[256,-192,112,-40,9,-10,7,-3,1]
[4096,-768,592,-75,37,-3,1]
[6561,-2268,356,-28,1]
[15625,-500,-28,-4,1]
[256,-256,176,-116,69,-29,11,-4,1]
[256,64,16,-12,-27,-3,1,1,1]
[256,0,16,-8,7,-2,1,0,1]
[15625,1500,236,12,1]
[4096,0,-80,17,-5,0,1]
[14641,-242,32,-2,1]
[4096,-768,-208,91,-13,-3,1]
[729,162,135,32,15,2,1]
[1024,-320,57,-10,1]
[729,-81,108,-2,12,-1,1]
[4096,-2560,976,-269,61,-10,1]
[15625,875,-23,7,1]
[14641,-1936,232,-16,1]
[4096,-1536,592,-127,37,-6,1]
[256,-64,16,-12,9,-3,1,-1,1]
[4096,-2304,976,-293,61,-9,1]
[729,162,72,22,8,2,1]
[14641,121,-184,1,1]
[4096,512,176,47,11,2,1]
[14641,-363,-79,-3,1]
[16384,3584,431,28,1]
[4096,-512,-16,29,-1,-2,1]
[15625,-1250,116,-10,1]
[256,128,48,32,17,8,3,2,1]
[256,0,144,16,45,4,9,0,1]
[4096,2048,336,25,21,8,1]
[256,-320,160,-32,1,-8,10,-5,1]
[4096,-1280,672,-141,42,-5,1]
[4096,-1792,816,-199,51,-7,1]
[729,405,153,37,17,5,1]
[256,320,176,84,45,21,11,5,1]
[4096,3840,1808,547,113,15,1]
[729,-405,198,-73,22,-5,1]
[4096,-448,-9,-7,1]
[2401,-147,20,-3,1]
[729,-405,27,29,3,-5,1]
[729,162,45,26,5,2,1]
[4096,-1536,400,-97,25,-6,1]
[4096,-768,-64,41,-4,-3,1]
[15625,-250,-159,-2,1]
[14641,121,-90,1,1]
[14641,121,-109,1,1]
[6561,486,107,6,1]
[15625,-2125,209,-17,1]
[15625,-500,-19,-4,1]
[256,256,128,60,35,15,8,4,1]
[729,162,-63,-28,-7,2,1]
[14641,-363,3,-3,1]
[512,-448,216,-83,27,-7,1]
[256,-64,80,-44,13,-11,5,-1,1]
[6561,-1782,251,-22,1]
[256,192,96,-12,-11,-3,6,3,1]
[4096,-1792,320,-51,20,-7,1]
[4096,0,64,-15,4,0,1]
[4096,-1024,-144,101,-9,-4,1]
[729,-81,63,-46,7,-1,1]
[2401,49,9,1,1]
[6561,0,103,0,1]
[4096,-256,-48,-67,-3,-1,1]
[256,0,-16,4,29,1,-1,0,1]
[15625,500,71,4,1]
[256,64,0,-12,-15,-3,0,1,1]
[14641,363,177,3,1]
[256,-320,304,-220,119,-55,19,-5,1]
[4096,1024,160,79,10,4,1]
[4096,-256,16,-31,1,-1,1]
[2401,-196,100,-4,1]
[729,324,108,14,12,4,1]
[15625,0,68,0,1]
[4096,0,-80,-19,-5,0,1]
[256,-128,48,0,3,0,3,-2,1]
[14641,1452,105,12,1]
[256,-256,48,52,-41,13,3,-4,1]
[4096,2048,656,199,41,8,1]
[14641,-1331,131,-11,1]
[512,320,152,47,19,5,1]
[512,-64,88,-1,11,-1,1]
[4096,-2560,816,-215,51,-10,1]
[512,-128,56,-19,7,-2,1]
[4096,1024,400,57,25,4,1]
[15625,-2125,149,-17,1]
[4096,768,128,77,8,3,1]
[6561,891,167,11,1]
[2401,1127,225,23,1]
[4096,-1536,656,-171,41,-6,1]
[16384,2816,275,22,1]
[729,0,0,20,0,0,1]
[729,81,72,11,8,1,1]
[15625,-375,182,-3,1]
[256,64,96,28,37,7,6,1,1]
[14641,-242,161,-2,1]
[16384,512,-61,4,1]
[16384,-1024,161,-8,1]
[729,216,50,8,1]
[729,162,-9,-38,-1,2,1]
[625,150,44,6,1]
[4096,0,-208,-19,-13,0,1]
[2401,-245,18,-5,1]
[256,256,224,156,83,39,14,4,1]
[15625,3375,387,27,1]
[4096,768,448,59,28,3,1]
[4096,-1792,480,-83,30,-7,1]
[4096,-512,400,-91,25,-2,1]
[729,-162,-63,34,-7,-2,1]
[4096,1152,167,18,1]
[15625,2250,253,18,1]
[729,-243,27,-10,3,-3,1]
[4096,0,176,9,11,0,1]
[14641,-1331,102,-11,1]
[256,0,0,12,23,3,0,0,1]
[16384,256,65,2,1]
[729,81,108,-8,12,1,1]
[256,192,48,20,15,5,3,3,1]
[4096,768,80,-17,5,3,1]
[121,-16,1]
[4096,1280,64,-59,4,5,1]
[14641,0,-241,0,1]
[256,64,48,36,27,9,3,1,1]
[15625,1375,272,11,1]
[4096,2048,160,-51,10,8,1]
[14641,-242,-183,-2,1]
[15625,-2375,207,-19,1]
[15625,375,89,3,1]
[2401,-49,-52,-1,1]
[14641,-1694,137,-14,1]
[512,64,40,-7,5,1,1]
[256,0,-32,-12,9,-3,-2,0,1]
[16384,-1280,263,-10,1]
[15625,-375,163,-3,1]
[729,-567,288,-101,32,-7,1]
[16384,896,117,7,1]
[4096,3072,1312,389,82,12,1]
[14641,-1573,268,-13,1]
[512,-192,136,-47,17,-3,1]
[2401,-931,173,-19,1]
[14641,-3993,493,-33,1]
[4096,-1280,-64,95,-4,-5,1]
[256,128,32,4,-7,1,2,2,1]
[16384,-512,-161,-4,1]
[4096,1792,176,-11,11,7,1]
[4096,0,80,5,5,0,1]
[4096,-768,-176,113,-11,-3,1]
[14641,-726,193,-6,1]
[256,0,16,12,21,3,1,0,1]
[4096,1536,560,155,35,6,1]
[4096,320,49,5,1]
[256,-128,0,36,-23,9,0,-2,1]
[1024,-128,55,-4,1]
[4096,1536,560,105,35,6,1]
[4096,1536,416,123,26,6,1]
[15625,375,222,3,1]
[512,320,152,69,19,5,1]
[625,75,47,3,1]
[4096,1536,736,187,46,6,1]
[4096,-1280,96,53,6,-5,1]
[4096,1024,48,-53,3,4,1]
[256,-64,96,0,25,0,6,-1,1]
[16384,512,5,4,1]
[256,-64,48,16,-3,4,3,-1,1]
[15625,250,-81,2,1]
[4096,2560,848,231,53,10,1]
[2401,637,125,13,1]
[4096,512,-16,15,-1,2,1]
[16384,1536,259,12,1]
[4096,1024,368,141,23,4,1]
[16384,-1920,271,-15,1]
[14641,-242,129,-2,1]
[256,0,-5,0,1]
[6561,324,-13,4,1]
[4096,-1536,160,31,10,-6,1]
[4096,-512,416,-77,26,-2,1]
[256,-64,-96,-4,39,-1,-6,-1,1]
[4096,0,304,53,19,0,1]
[4096,1280,224,57,14,5,1]
[6561,1296,223,16,1]
[6561,-162,-7,-2,1]
[4096,-256,-112,93,-7,-1,1]
[4096,-1536,384,-79,24,-6,1]
[15625,1250,188,10,1]
[256,128,-16,-4,13,-1,-1,2,1]
[256,64,0,16,9,4,0,1,1]
[15625,-1250,251,-10,1]
[4096,0,-48,-43,-3,0,1]
[625,25,44,1,1]
[4096,-2048,512,-115,32,-8,1]
[512,128,104,17,13,2,1]
[729,243,81,31,9,3,1]
[512,128,-48,-37,-6,2,1]
[512,0,64,-11,8,0,1]
[4096,-256,16,-25,1,-1,1]
[4096,-256,464,-25,29,-1,1]
[256,64,192,40,67,10,12,1,1]
[15625,-2000,229,-16,1]
[729,324,108,31,12,4,1]
[4096,0,-160,-1,-10,0,1]
[4096,-1024,304,-119,19,-4,1]
[729,-81,54,23,6,-1,1]
[15625,625,-117,5,1]
[15625,125,-166,1,1]
[4096,-768,272,-65,17,-3,1]
[6561,-1134,193,-14,1]
[4096,256,512,27,32,1,1]
[256,-128,144,-72,47,-18,9,-2,1]
[6561,81,-103,1,1]
[4096,512,512,55,32,2,1]
[15625,250,88,2,1]
[4096,-1280,96,23,6,-5,1]
[4096,256,112,-7,7,1,1]
[512,576,320,125,40,9,1]
[14641,-484,14,-4,1]
[2401,490,99,10,1]
[256,-128,64,-48,23,-12,4,-2,1]
[729,-486,135,-31,15,-6,1]
[256,128,128,44,29,11,8,2,1]
[4096,-1024,240,1,15,-4,1]
[4096,512,144,-45,9,2,1]
[4096,-1536,816,-177,51,-6,1]
[4096,768,64,-65,4,3,1]
[4096,-1024,128,25,8,-4,1]
[14641,-1452,230,-12,1]
[4096,512,256,-5,16,2,1]
[4096,-2048,448,-67,28,-8,1]
[4096,512,352,35,22,2,1]
[625,100,32,4,1]
[15625,1375,187,11,1]
[4096,1280,160,-9,10,5,1]
[729,-81,0,5,0,-1,1]
[729,-243,63,-16,7,-3,1]
[4096,768,288,5,18,3,1]
[4096,-1792,400,-65,25,-7,1]
[256,-128,176,-64,59,-16,11,-2,1]
[4096,2816,1104,299,69,11,1]
[15625,-875,-67,-7,1]
[15625,-3125,343,-25,1]
[256,320,240,140,69,35,15,5,1]
[729,-216,50,-8,1]
[512,-384,48,19,6,-6,1]
[256,-256,96,-44,29,-11,6,-4,1]
[4096,-256,128,-113,8,-1,1]
[4096,-256,208,-19,13,-1,1]
[14641,847,5,7,1]
[4096,0,176,49,11,0,1]
[256,-192,80,-68,49,-17,5,-3,1]
[4096,1536,576,125,36,6,1]
[4096,2304,608,139,38,9,1]
[4096,-768,-48,59,-3,-3,1]
[256,256,96,24,9,6,6,4,1]
[4096,-1536,48,71,3,-6,1]
[4096,-768,432,-83,27,-3,1]
[14641,-2420,327,-20,1]
[16384,-256,-29,-2,1]
[15625,750,183,6,1]
[6561,-1539,233,-19,1]
[4096,0,176,1,11,0,1]
[15625,1625,274,13,1]
[729,-648,387,-145,43,-8,1]
[4096,-768,64,47,4,-3,1]
[14641,968,134,8,1]
[729,405,243,74,27,5,1]
[4096,768,288,11,18,3,1]
[256,128,0,-8,9,-2,0,2,1]
[14641,-1936,276,-16,1]
[4096,768,-32,-53,-2,3,1]
[4096,2304,720,183,45,9,1]
[14641,2178,300,18,1]
[4096,-1024,656,-111,41,-4,1]
[16384,-640,115,-5,1]
[2401,0,-66,0,1]
[256,128,112,52,39,13,7,2,1]
[16384,1152,219,9,1]
[4096,-1792,848,-213,53,-7,1]
[4096,-512,48,51,3,-2,1]
[16384,-2048,147,-16,1]
[2401,343,104,7,1]
[4096,1536,400,101,25,6,1]
[4096,-1280,-224,163,-14,-5,1]
[729,486,54,-20,6,6,1]
[256,256,192,84,45,21,12,4,1]
[6561,81,160,1,1]
[14641,-484,197,-4,1]
[256,0,80,-36,7,-9,5,0,1]
[512,384,216,93,27,6,1]
[4096,1536,176,-3,11,6,1]
[6561,0,-14,0,1]
[16384,-1920,125,-15,1]
[14641,3146,376,26,1]
[256,-64,-16,8,-11,2,-1,-1,1]
[14641,-2541,310,-21,1]
[4096,0,64,-73,4,0,1]
[4096,-1024,320,-83,20,-4,1]
[15625,3250,382,26,1]
[4096,768,288,59,18,3,1]
[4096,1024,128,61,8,4,1]
[729,-243,99,-65,11,-3,1]
[256,192,96,64,35,16,6,3,1]
[4096,1024,336,51,21,4,1]
[16384,-2432,327,-19,1]
[16384,0,133,0,1]
[64,48,28,15,7,3,1]
[512,128,112,19,14,2,1]
[4096,2048,784,241,49,8,1]
[14641,-363,-40,-3,1]
[14641,2541,279,21,1]
[16384,-896,-37,-7,1]
[256,192,64,-16,-13,-4,4,3,1]
[4096,-1536,400,-53,25,-6,1]
[4096,-256,176,33,11,-1,1]
[256,0,64,-8,11,-2,4,0,1]
[256,-64,0,-8,7,-2,0,-1,1]
[4096,-1024,-80,105,-5,-4,1]
[6561,-1620,230,-20,1]
[729,324,180,52,20,4,1]
[729,0,27,19,3,0,1]
[512,-192,40,-13,5,-3,1]
[729,648,342,130,38,8,1]
[16384,-3840,469,-30,1]
[4096,-3072,1264,-359,79,-12,1]
[6561,-405,110,-5,1]
[16384,768,-67,6,1]
[6561,972,134,12,1]
[4096,1280,112,-9,7,5,1]
[4096,256,-112,-51,-7,1,1]
[6561,-243,119,-3,1]
[6561,-324,8,-4,1]
[2401,245,73,5,1]
[15625,250,96,2,1]
[16384,-768,151,-6,1]
[6561,-1782,265,-22,1]
[4096,512,416,81,26,2,1]
[4096,-1792,672,-197,42,-7,1]
[16384,-256,85,-2,1]
[4096,0,-16,-69,-1,0,1]
[512,448,208,79,26,7,1]
[16384,1024,199,8,1]
[256,-64,32,20,1,5,2,-1,1]
[4096,2560,1040,313,65,10,1]
[4096,1280,288,61,18,5,1]
[4096,-512,80,49,5,-2,1]
[4096,-768,96,-21,6,-3,1]
[4096,2048,912,245,57,8,1]
[16384,0,-139,0,1]
[4096,2048,624,141,39,8,1]
[512,192,56,9,7,3,1]
[4096,-512,576,-63,36,-2,1]
[15625,-875,217,-7,1]
[4096,1024,320,57,20,4,1]
[6561,-1539,217,-19,1]
[2401,-490,88,-10,1]
[4096,-2816,1184,-357,74,-11,1]
[4096,256,448,37,28,1,1]
[4096,1024,304,31,19,4,1]
[1024,-384,73,-12,1]
[15625,-500,-93,-4,1]
[4096,-1536,528,-149,33,-6,1]
[256,192,224,116,77,29,14,3,1]
[4096,-1792,-112,159,-7,-7,1]
[4096,-1280,640,-133,40,-5,1]
[14641,-3630,436,-30,1]
[256,128,144,88,47,22,9,2,1]
[625,-350,92,-14,1]
[6561,324,-16,4,1]
[256,-448,448,-312,173,-78,28,-7,1]
[14641,-3751,452,-31,1]
[4096,-320,55,-5,1]
[4096,256,-96,-31,-6,1,1]
[4096,-512,16,13,1,-2,1]
[6561,243,26,3,1]
[15625,-3000,337,-24,1]
[6561,648,140,8,1]
[4096,-704,139,-11,1]
[4096,-768,384,-47,24,-3,1]
[16384,1920,151,15,1]
[4096,0,-208,21,-13,0,1]
[14641,121,-54,1,1]
[4096,-2560,1040,-279,65,-10,1]
[512,-64,64,-27,8,-1,1]
[4096,512,80,67,5,2,1]
[729,405,252,80,28,5,1]
[14641,1815,293,15,1]
[4096,1024,147,16,1]
[729,-486,243,-101,27,-6,1]
[6561,729,140,9,1]
[256,128,96,0,3,0,6,2,1]
[4096,-512,43,-8,1]
[14641,726,92,6,1]
[6561,81,70,1,1]
[256,-64,16,32,-23,8,1,-1,1]
[14641,726,8,6,1]
[4096,640,63,10,1]
[16384,128,-53,1,1]
[256,-256,112,-32,9,-8,7,-4,1]
[14641,-2057,190,-17,1]
[6561,-81,139,-1,1]
[4096,-4096,2000,-615,125,-16,1]
[729,-486,243,-107,27,-6,1]
[15625,750,-44,6,1]
[4096,0,-96,-75,-6,0,1]
[2401,-294,59,-6,1]
[4096,1792,576,137,36,7,1]
[729,-648,225,-58,25,-8,1]
[256,-64,-80,12,17,3,-5,-1,1]
[729,-810,504,-202,56,-10,1]
[4096,-2560,1120,-331,70,-10,1]
[4096,2560,1056,317,66,10,1]
[4096,-2048,736,-223,46,-8,1]
[4096,256,304,13,19,1,1]
[4096,-512,-48,27,-3,-2,1]
[4096,1536,496,169,31,6,1]
[4096,-1280,240,-85,15,-5,1]
[15625,2875,372,23,1]
[512,-320,152,-53,19,-5,1]
[15625,3375,419,27,1]
[4096,0,288,45,18,0,1]
[256,-64,-48,8,9,2,-3,-1,1]
[4096,2304,768,201,48,9,1]
[14641,-1452,116,-12,1]
[4096,1024,368,31,23,4,1]
[15625,4125,514,33,1]
[15625,-1875,292,-15,1]
[4096,768,256,55,16,3,1]
[512,-64,16,-35,2,-1,1]
[256,-320,256,-168,97,-42,16,-5,1]
[16384,-128,-199,-1,1]
[256,0,32,12,-7,3,2,0,1]
[512,-128,0,5,0,-2,1]
[4096,512,288,71,18,2,1]
[256,192,48,-32,-23,-8,3,3,1]
[16384,-4224,493,-33,1]
[2401,0,-12,0,1]
[256,-320,112,48,-55,12,7,-5,1]
[16384,3712,455,29,1]
[4096,1280,176,1,11,5,1]
[729,-324,63,5,7,-4,1]
[4096,768,16,23,1,3,1]
[15625,-1750,273,-14,1]
[4096,1536,656,189,41,6,1]
[4096,1024,144,17,9,4,1]
[15625,-250,-172,-2,1]
[4096,512,-32,-37,-2,2,1]
[4096,256,-208,-55,-13,1,1]
[16384,-896,-45,-7,1]
[14641,363,10,3,1]
[16384,-1024,89,-8,1]
[4096,-768,208,-19,13,-3,1]
[14641,-1815,239,-15,1]
[256,0,0,-16,-3,-4,0,0,1]
[4096,-512,432,-41,27,-2,1]
[14641,847,69,7,1]
[16384,0,57,0,1]
[729,0,162,2,18,0,1]
[15625,375,29,3,1]
[512,-256,-48,57,-6,-4,1]
[14641,847,197,7,1]
[4096,512,256,39,16,2,1]
[256,0,96,-12,21,-3,6,0,1]
[14641,-726,30,-6,1]
[15625,-4375,551,-35,1]
[4096,-768,-64,111,-4,-3,1]
[256,-128,32,48,-25,12,2,-2,1]
[729,-324,117,-59,13,-4,1]
[4096,768,320,47,20,3,1]
[4096,-448,123,-7,1]
[4096,-1024,-96,107,-6,-4,1]
[4096,0,288,-31,18,0,1]
[15625,625,41,5,1]
[256,0,96,28,25,7,6,0,1]
[14641,2178,287,18,1]
[512,-256,16,17,2,-4,1]
[15625,-250,3,-2,1]
[4096,-3072,1376,-419,86,-12,1]
[729,-405,153,-62,17,-5,1]
[729,162,153,19,17,2,1]
[4096,0,-48,-21,-3,0,1]
[4096,-1408,227,-22,1]
[4096,1280,432,125,27,5,1]
[4096,-1536,112,9,7,-6,1]
[4096,-256,320,-23,20,-1,1]
[16384,768,137,6,1]
[4096,2048,768,217,48,8,1]
[256,-128,16,-20,13,-5,1,-2,1]
[16384,-384,119,-3,1]
[729,243,90,23,10,3,1]
[256,0,-16,-20,-3,-5,-1,0,1]
[1024,96,13,3,1]
[4096,0,-48,-85,-3,0,1]
[4096,1280,416,165,26,5,1]
[16384,-1280,89,-10,1]
[4096,2048,880,233,55,8,1]
[4096,1024,336,115,21,4,1]
[2401,-196,80,-4,1]
[2401,833,170,17,1]
[16384,-384,185,-3,1]
[16384,768,209,6,1]
[15625,2625,271,21,1]
[16384,-5376,695,-42,1]
[15625,-1375,212,-11,1]
[16384,2560,327,20,1]
[81,18,-1,2,1]
[256,0,48,-16,13,-4,3,0,1]
[15625,500,39,4,1]
[4096,-1280,400,-51,25,-5,1]
[4096,-960,119,-15,1]
[4096,-768,111,-12,1]
[512,-256,48,1,6,-4,1]
[4096,256,160,105,10,1,1]
[14641,3872,471,32,1]
[4096,1536,496,149,31,6,1]
[15625,125,59,1,1]
[4096,256,320,57,20,1,1]
[4096,-768,240,-45,15,-3,1]
[4096,-256,272,45,17,-1,1]
[15625,-2750,329,-22,1]
[14641,-2178,254,-18,1]
[4096,-1536,464,-143,29,-6,1]
[256,-64,64,-44,19,-11,4,-1,1]
[6561,405,73,5,1]
[4096,256,464,45,29,1,1]
[4096,0,512,-5,32,0,1]
[256,0,80,-28,21,-7,5,0,1]
[2401,49,-48,1,1]
[15625,-250,27,-2,1]
[512,128,72,39,9,2,1]
[4096,0,224,35,14,0,1]
[16384,-768,29,-6,1]
[6561,-243,142,-3,1]
[4096,-256,480,-49,30,-1,1]
[15625,125,-13,1,1]
[512,128,104,9,13,2,1]
[729,-189,62,-7,1]
[4096,768,592,77,37,3,1]
[15625,3125,364,25,1]
[4096,-512,416,-41,26,-2,1]
[512,-128,8,-9,1,-2,1]
[4096,768,192,113,12,3,1]
[2401,392,27,8,1]
[6561,-81,59,-1,1]
[15625,0,222,0,1]
[729,-243,63,-2,7,-3,1]
[4096,-1280,640,-159,40,-5,1]
[64,-40,21,-5,1]
[4096,-3072,1248,-353,78,-12,1]
[4096,-1024,-96,97,-6,-4,1]
[4096,2560,1216,335,76,10,1]
[14641,2662,248,22,1]
[512,64,-8,13,-1,1,1]
[729,243,162,44,18,3,1]
[4096,-256,48,15,3,-1,1]
[4096,2560,832,223,52,10,1]
[4096,-1152,177,-18,1]
[512,-64,56,-7,7,-1,1]
[16384,1024,49,8,1]
[256,-128,112,-44,31,-11,7,-2,1]
[4096,0,672,-1,42,0,1]
[4096,-1280,256,-91,16,-5,1]
[512,-192,128,-33,16,-3,1]
[14641,1089,164,9,1]
[256,-64,-64,-8,33,-2,-4,-1,1]
[16384,-512,-23,-4,1]
[729,-324,153,-41,17,-4,1]
[4096,512,304,5,19,2,1]
[4096,256,0,-9,0,1,1]
[4096,0,528,-7,33,0,1]
[4096,-1536,448,-95,28,-6,1]
[15625,1875,129,15,1]
[14641,-1210,148,-10,1]
[256,320,176,64,27,16,11,5,1]
[512,192,96,15,12,3,1]
[14641,-2541,226,-21,1]
[625,150,29,6,1]
[256,64,48,0,15,0,3,1,1]
[625,-225,57,-9,1]
[256,64,16,-24,-19,-6,1,1,1]
[4096,1280,448,175,28,5,1]
[512,448,256,111,32,7,1]
[256,64,32,-16,-15,-4,2,1,1]
[16384,-128,127,-1,1]
[729,81,-4,3,1]
[4096,-256,-80,3,-5,-1,1]
[4096,-512,112,-63,7,-2,1]
[15625,-2000,297,-16,1]
[4096,-1280,608,-113,38,-5,1]
[256,-96,19,-6,1]
[14641,-121,184,-1,1]
[4096,1024,112,-15,7,4,1]
[4096,1280,448,145,28,5,1]
[4096,-512,256,-77,16,-2,1]
[4096,1024,240,1,15,4,1]
[4096,-1280,304,-113,19,-5,1]
[4096,-768,128,-15,8,-3,1]
[4096,2304,976,287,61,9,1]
[256,64,-112,-16,27,-4,-7,1,1]
[4096,0,-128,-5,-8,0,1]
[4096,-576,73,-9,1]
[4096,-768,336,-127,21,-3,1]
[6561,1944,272,24,1]
[256,-128,96,-68,33,-17,6,-2,1]
[4096,-1536,512,-105,32,-6,1]
[4096,512,320,69,20,2,1]
[4096,-768,272,-73,17,-3,1]
[4096,-1536,576,-187,36,-6,1]
[512,-192,48,3,6,-3,1]
[729,-81,126,-19,14,-1,1]
[729,-567,324,-115,36,-7,1]
[4096,-512,224,-119,14,-2,1]
[15625,-250,141,-2,1]
[4096,1024,48,1,3,4,1]
[4096,-768,-96,65,-6,-3,1]
[256,128,96,0,9,0,6,2,1]
[729,-243,171,-44,19,-3,1]
[14641,2299,301,19,1]
[81,-18,5,-2,1]
[256,-128,32,-8,5,-2,2,-2,1]
[4096,1024,-192,-113,-12,4,1]
[256,-64,64,-24,3,-6,4,-1,1]
[4096,1024,480,75,30,4,1]
[16384,1536,41,12,1]
[4096,2304,464,65,29,9,1]
[4096,1792,336,69,21,7,1]
[6561,810,55,10,1]
[256,-64,-16,12,9,3,-1,-1,1]
[256,-320,224,-112,51,-28,14,-5,1]
[729,486,81,-1,9,6,1]
[15625,1250,37,10,1]
[14641,121,-215,1,1]
[6561,-567,71,-7,1]
[512,-64,32,23,4,-1,1]
[16384,-2816,285,-22,1]
[4096,512,192,119,12,2,1]
[4096,0,-48,73,-3,0,1]
[4096,-512,64,-85,4,-2,1]
[6561,567,40,7,1]
[14641,-2904,335,-24,1]
[4096,2816,1088,303,68,11,1]
[4096,256,160,-1,10,1,1]
[14641,-1452,129,-12,1]
[4096,1280,-32,-99,-2,5,1]
[729,324,234,70,26,4,1]
[4096,768,272,67,17,3,1]
[16384,1536,133,12,1]
[6561,-1377,170,-17,1]
[16384,-2560,295,-20,1]
[14641,363,228,3,1]
[256,-64,32,-4,9,-1,2,-1,1]
[6561,1296,182,16,1]
[512,-512,312,-135,39,-8,1]
[512,128,48,43,6,2,1]
[15625,-2250,192,-18,1]
[4096,-1280,384,-113,24,-5,1]
[4096,2048,656,163,41,8,1]
[4096,256,256,-35,16,1,1]
[729,162,-18,-47,-2,2,1]
[16384,128,-125,1,1]
[4096,-1024,-96,51,-6,-4,1]
[1024,-160,39,-5,1]
[729,-162,18,-10,2,-2,1]
[14641,-3146,375,-26,1]
[4096,-1792,496,-89,31,-7,1]
[729,-81,81,5,9,-1,1]
[256,192,208,104,71,26,13,3,1]
[1024,-384,97,-12,1]
[256,-128,32,12,-15,3,2,-2,1]
[729,405,225,68,25,5,1]
[4096,-768,79,-12,1]
[4096,2048,976,255,61,8,1]
[4096,768,96,-7,6,3,1]
[4096,768,448,89,28,3,1]
[729,162,171,37,19,2,1]
[4096,-512,752,-63,47,-2,1]
[16384,256,-15,2,1]
[256,-128,32,-40,35,-10,2,-2,1]
[256,-64,16,-12,13,-3,1,-1,1]
[16384,3328,345,26,1]
[14641,847,214,7,1]
[4096,-256,48,-111,3,-1,1]
[4096,-1024,-128,111,-8,-4,1]
[16384,640,-11,5,1]
[16384,3200,313,25,1]
[4096,512,192,99,12,2,1]
[4096,-256,336,-21,21,-1,1]
[15625,250,71,2,1]
[4096,0,288,21,18,0,1]
[512,0,16,-7,2,0,1]
[4096,-2304,1120,-301,70,-9,1]
[256,-256,224,-156,85,-39,14,-4,1]
[15625,2250,154,18,1]
[256,384,384,272,157,68,24,6,1]
[14641,968,-9,8,1]
[256,64,96,32,23,8,6,1,1]
[14641,-1210,68,-10,1]
[2401,294,-5,6,1]
[4096,0,-176,11,-11,0,1]
[15625,750,84,6,1]
[729,-486,27,37,3,-6,1]
[729,0,63,2,7,0,1]
[15625,1000,221,8,1]
[14641,-3751,479,-31,1]
[16384,-2432,207,-19,1]
[4096,704,111,11,1]
[14641,1331,4,11,1]
[16384,768,-69,6,1]
[4096,1280,176,9,11,5,1]
[512,384,88,7,11,6,1]
[256,-64,48,16,9,4,3,-1,1]
[1024,-192,47,-6,1]
[256,-384,384,-272,157,-68,24,-6,1]
[16384,128,5,1,1]
[4096,-1536,688,-179,43,-6,1]
[16384,128,-59,1,1]
[15625,-1750,178,-14,1]
[4096,-256,-176,13,-11,-1,1]
[4096,-1024,-128,127,-8,-4,1]
[4096,2048,720,203,45,8,1]
[256,-64,32,-8,15,-2,2,-1,1]
[256,64,-16,-24,-9,-6,-1,1,1]
[16384,-512,43,-4,1]
[15625,-1750,148,-14,1]
[6561,162,79,2,1]
[4096,-1280,528,-99,33,-5,1]
[256,-256,160,-76,39,-19,10,-4,1]
[512,-384,144,-39,18,-6,1]
[256,-64,0,4,-15,1,0,-1,1]
[512,-64,56,3,7,-1,1]
[512,-320,160,-49,20,-5,1]
[4096,-1792,560,-151,35,-7,1]
[14641,-1936,113,-16,1]
[512,-128,-32,17,-4,-2,1]
[15625,1250,147,10,1]
[4096,-256,32,-69,2,-1,1]
[4096,-256,-32,85,-2,-1,1]
[4096,256,16,-35,1,1,1]
[4096,-2048,480,-99,30,-8,1]
[256,-256,192,-120,59,-30,12,-4,1]
[4096,-1792,688,-183,43,-7,1]
[15625,1625,139,13,1]
[16384,2432,331,19,1]
[4096,-2304,832,-241,52,-9,1]
[256,192,128,16,9,4,8,3,1]
[729,324,81,25,9,4,1]
[256,0,0,4,19,1,0,0,1]
[15625,-3000,293,-24,1]
[4096,512,112,83,7,2,1]
[256,128,-16,-28,-15,-7,-1,2,1]
[14641,-363,-85,-3,1]
[14641,-121,-27,-1,1]
[14641,-1210,48,-10,1]
[729,-81,18,-29,2,-1,1]
[4096,256,288,-9,18,1,1]
[256,-64,96,12,13,3,6,-1,1]
[4096,256,336,3,21,1,1]
[4096,512,-64,19,-4,2,1]
[14641,-2057,282,-17,1]
[256,320,304,208,115,52,19,5,1]
[256,0,64,8,31,2,4,0,1]
[729,189,43,7,1]
[15625,0,-56,0,1]
[4096,-1280,800,-155,50,-5,1]
[256,-64,176,-40,61,-10,11,-1,1]
[14641,-121,-159,-1,1]
[15625,375,-49,3,1]
[14641,3267,373,27,1]
[512,128,0,-15,0,2,1]
[1024,-256,49,-8,1]
[14641,-1210,27,-10,1]
[4096,256,288,79,18,1,1]
[256,-256,96,-52,37,-13,6,-4,1]
[4096,1280,208,5,13,5,1]
[4096,-512,48,-53,3,-2,1]
[14641,2662,337,22,1]
[4096,-1536,96,55,6,-6,1]
[4096,-192,127,-3,1]
[4096,1280,128,-33,8,5,1]
[4096,-768,208,23,13,-3,1]
[625,0,7,0,1]
[4096,-1280,80,9,5,-5,1]
[625,-125,23,-5,1]
[256,64,16,-20,-25,-5,1,1,1]
[14641,-726,74,-6,1]
[16384,-1024,95,-8,1]
[4096,-1536,608,-191,38,-6,1]
[6561,81,-86,1,1]
[14641,-1210,173,-10,1]
[4096,-2304,976,-287,61,-9,1]
[16384,1280,-1,10,1]
[256,384,352,224,123,56,22,6,1]
[729,81,-9,-11,-1,1,1]
[4096,-512,256,-51,16,-2,1]
[2401,-147,24,-3,1]
[4096,0,-16,9,-1,0,1]
[4096,2304,528,99,33,9,1]
[4096,256,240,51,15,1,1]
[6561,-162,-43,-2,1]
[4096,-3328,1440,-425,90,-13,1]
[4096,-1024,304,-91,19,-4,1]
[15625,2125,302,17,1]
[4096,1792,640,193,40,7,1]
[729,0,162,4,18,0,1]
[4096,0,48,-107,3,0,1]
[4096,0,432,5,27,0,1]
[4096,-256,496,-19,31,-1,1]
[256,0,80,56,7,14,5,0,1]
[14641,1331,50,11,1]
[4096,-1024,112,25,7,-4,1]
[729,324,144,34,16,4,1]
[4096,-512,160,5,10,-2,1]
[15625,125,-128,1,1]
[4096,-512,-80,85,-5,-2,1]
[256,-320,304,-196,109,-49,19,-5,1]
[4096,-768,91,-12,1]
[16384,-128,105,-1,1]
[15625,3750,437,30,1]
[4096,320,67,5,1]
[729,243,144,55,16,3,1]
[2401,98,-5,2,1]
[1024,-224,67,-7,1]
[4096,768,208,89,13,3,1]
[4096,-1024,-64,99,-4,-4,1]
[4096,-2048,624,-151,39,-8,1]
[14641,-121,-64,-1,1]
[4096,0,-48,-25,-3,0,1]
[14641,-242,68,-2,1]
[14641,3388,437,28,1]
[15625,-375,202,-3,1]
[256,64,16,-8,11,-2,1,1,1]
[14641,-847,-36,-7,1]
[4096,0,64,79,4,0,1]
[256,192,80,64,49,16,5,3,1]
[15625,-500,58,-4,1]
[4096,1024,512,93,32,4,1]
[4096,2048,448,89,28,8,1]
[729,81,18,-11,2,1,1]
[729,-81,45,-26,5,-1,1]
[6561,1215,134,15,1]
[14641,1573,232,13,1]
[4096,-832,149,-13,1]
[256,128,-64,8,41,2,-4,2,1]
[2401,-294,11,-6,1]
[14641,1694,93,14,1]
[4096,768,16,-9,1,3,1]
[256,192,64,-8,-11,-2,4,3,1]
[4096,1280,272,71,17,5,1]
[15625,0,-3,0,1]
[729,-243,63,-29,7,-3,1]
[2401,-343,51,-7,1]
[4096,-1024,272,-63,17,-4,1]
[729,-486,162,-44,18,-6,1]
[256,0,32,-4,15,-1,2,0,1]
[256,-64,48,-4,7,-1,3,-1,1]
[4096,256,48,43,3,1,1]
[4096,-256,208,-9,13,-1,1]
[16384,2048,223,16,1]
[2401,-294,-3,-6,1]
[256,-64,32,-20,13,-5,2,-1,1]
[4096,-256,-112,-29,-7,-1,1]
[15625,2750,319,22,1]
[4096,256,-128,29,-8,1,1]
[4096,-1280,416,-117,26,-5,1]
[15625,250,23,2,1]
[4096,768,272,101,17,3,1]
[4096,704,107,11,1]
[729,-297,77,-11,1]
[512,-128,-32,23,-4,-2,1]
[4096,1792,688,165,43,7,1]
[256,0,128,8,41,2,8,0,1]
[1024,224,43,7,1]
[512,640,424,185,53,10,1]
[256,-128,160,-96,51,-24,10,-2,1]
[4096,1280,0,-45,0,5,1]
[4096,768,80,-19,5,3,1]
[729,-324,180,-70,20,-4,1]
[4096,-256,192,21,12,-1,1]
[4096,-512,224,-15,14,-2,1]
[16384,512,95,4,1]
[256,0,64,-4,13,-1,4,0,1]
[2401,-49,-65,-1,1]
[4096,-3072,1376,-397,86,-12,1]
[729,0,-17,0,1]
[2401,490,48,10,1]
[256,192,64,12,1,3,4,3,1]
[4096,-1792,672,-199,42,-7,1]
[16384,-1664,75,-13,1]
[15625,0,-171,0,1]
[2401,-392,79,-8,1]
[256,0,16,-20,9,-5,1,0,1]
[14641,-605,-5,-5,1]
[4096,-1024,80,-27,5,-4,1]
[16384,-512,243,-4,1]
[4096,512,-96,13,-6,2,1]
[16384,-128,37,-1,1]
[6561,-1539,218,-19,1]
[4096,1536,640,179,40,6,1]
[4096,256,240,-33,15,1,1]
[256,-128,64,4,-11,1,4,-2,1]
[6561,567,52,7,1]
[4096,256,176,5,11,1,1]
[256,-64,-32,12,-7,3,-2,-1,1]
[4096,-2048,816,-245,51,-8,1]
[4096,-512,-160,37,-10,-2,1]
[256,64,-16,16,11,4,-1,1,1]
[256,448,464,336,189,84,29,7,1]
[256,0,176,-8,59,-2,11,0,1]
[256,0,80,24,19,6,5,0,1]
[16384,-128,161,-1,1]
[4096,2560,672,141,42,10,1]
[14641,-726,-3,-6,1]
[4096,-768,208,-81,13,-3,1]
[16384,-3200,377,-25,1]
[15625,250,141,2,1]
[6561,-1296,130,-16,1]
[729,162,63,8,7,2,1]
[14641,-484,-115,-4,1]
[4096,-512,224,-105,14,-2,1]
[4096,-2048,656,-175,41,-8,1]
[4096,-1280,560,-151,35,-5,1]
[4096,-1280,32,29,2,-5,1]
[14641,1089,259,9,1]
[14641,-242,-86,-2,1]
[256,128,112,64,33,16,7,2,1]
[14641,1331,158,11,1]
[15625,1750,88,14,1]
[4096,1536,16,-61,1,6,1]
[4096,1024,240,105,15,4,1]
[4096,768,224,121,14,3,1]
[256,128,32,28,25,7,2,2,1]
[4096,256,-160,-35,-10,1,1]
[256,192,112,72,47,18,7,3,1]
[256,448,448,324,183,81,28,7,1]
[4096,-1536,480,-153,30,-6,1]
[1024,256,29,8,1]
[4096,-1024,32,-11,2,-4,1]
[729,-81,45,-2,5,-1,1]
[4096,-1792,160,23,10,-7,1]
[729,405,126,31,14,5,1]
[15625,2500,331,20,1]
[729,-162,18,-20,2,-2,1]
[4096,0,144,89,9,0,1]
[4096,-2304,688,-183,43,-9,1]
[729,-243,45,-4,5,-3,1]
[256,64,80,20,27,5,5,1,1]
[512,-512,232,-79,29,-8,1]
[4096,-2048,496,-97,31,-8,1]
[4096,0,96,13,6,0,1]
[4096,-1280,160,23,10,-5,1]
[4096,-2048,688,-165,43,-8,1]
[4096,512,48,69,3,2,1]
[729,-162,153,-16,17,-2,1]
[4096,1536,320,23,20,6,1]
[14641,-4719,621,-39,1]
[729,648,342,133,38,8,1]
[15625,-2750,273,-22,1]
[15625,-125,13,-1,1]
[64,0,-4,1,-1,0,1]
[729,243,108,37,12,3,1]
[729,-567,333,-127,37,-7,1]
[4096,-1792,912,-219,57,-7,1]
[16384,1664,45,13,1]
[4096,2048,304,7,19,8,1]
[16384,1664,251,13,1]
[256,0,80,-24,11,-6,5,0,1]
[4096,-512,-96,37,-6,-2,1]
[4096,768,144,59,9,3,1]
[729,0,90,-23,10,0,1]
[729,0,27,-16,3,0,1]
[15625,375,123,3,1]
[4096,-1024,112,7,7,-4,1]
[4096,1792,880,215,55,7,1]
[4096,256,96,11,6,1,1]
[729,243,99,38,11,3,1]
[14641,-968,58,-8,1]
[4096,-1280,32,21,2,-5,1]
[14641,847,202,7,1]
[4096,0,-48,25,-3,0,1]
[4096,-1024,496,-125,31,-4,1]
[4096,-1024,304,-17,19,-4,1]
[4096,768,-128,-107,-8,3,1]
[4096,-512,48,-33,3,-2,1]
[1024,96,-29,3,1]
[256,0,48,24,1,6,3,0,1]
[4096,-256,224,-77,14,-1,1]
[256,320,160,20,-9,5,10,5,1]
[14641,121,-171,1,1]
[625,-250,61,-10,1]
[4096,-256,160,47,10,-1,1]
[14641,-242,-38,-2,1]
[256,0,64,-56,1,-14,4,0,1]
[6561,-324,76,-4,1]
[4096,-896,155,-14,1]
[729,-81,180,-8,20,-1,1]
[729,0,-41,0,1]
[4096,-128,39,-2,1]
[4096,0,-144,35,-9,0,1]
[625,-175,39,-7,1]
[4096,-384,-21,-6,1]
[15625,-2500,278,-20,1]
[4096,-2560,1104,-307,69,-10,1]
[729,324,18,-8,2,4,1]
[729,162,180,23,20,2,1]
[15625,-1375,121,-11,1]
[256,64,48,32,25,8,3,1,1]
[729,0,36,-4,4,0,1]
[256,-128,-16,28,-15,7,-1,-2,1]
[4096,-1536,288,-29,18,-6,1]
[4096,1024,-48,-29,-3,4,1]
[4096,192,61,3,1]
[256,192,48,-36,-29,-9,3,3,1]
[256,0,-32,-8,-1,-2,-2,0,1]
[14641,484,56,4,1]
[4096,-768,48,-53,3,-3,1]
[4096,2048,800,243,50,8,1]
[256,64,0,12,13,3,0,1,1]
[4096,-1280,352,-121,22,-5,1]
[16384,128,-229,1,1]
[625,50,-21,2,1]
[14641,-484,18,-4,1]
[256,0,144,-24,39,-6,9,0,1]
[256,0,48,-4,15,-1,3,0,1]
[6561,648,151,8,1]
[14641,1331,7,11,1]
[6561,972,160,12,1]
[4096,-1280,288,-41,18,-5,1]
[4096,0,0,111,0,0,1]
[729,-324,63,-5,7,-4,1]
[14641,-1936,157,-16,1]
[4096,-256,528,-47,33,-1,1]
[4096,-2560,544,-75,34,-10,1]
[14641,1089,-43,9,1]
[15625,-875,93,-7,1]
[4096,256,-96,1,-6,1,1]
[4096,0,496,15,31,0,1]
[2401,245,44,5,1]
[15625,2875,302,23,1]
[16384,-512,-33,-4,1]
[512,-192,24,15,3,-3,1]
[15625,-1000,2,-8,1]
[512,-128,144,-23,18,-2,1]
[256,64,144,24,41,6,9,1,1]
[4096,-1024,416,-99,26,-4,1]
[4096,-2048,752,-221,47,-8,1]
[14641,-847,240,-7,1]
[6561,2430,385,30,1]
[16384,-384,29,-3,1]
[14641,-968,82,-8,1]
[4096,1280,96,-7,6,5,1]
[256,128,64,32,17,8,4,2,1]
[14641,2904,376,24,1]
[14641,2783,295,23,1]
[256,64,32,8,-15,2,2,1,1]
[6561,729,155,9,1]
[2401,-98,58,-2,1]
[16384,1920,219,15,1]
[4096,1536,512,191,32,6,1]
[14641,2420,228,20,1]
[729,-81,18,28,2,-1,1]
[16384,1792,231,14,1]
[4096,-3584,1552,-453,97,-14,1]
[512,-320,176,-79,22,-5,1]
[16384,256,33,2,1]
[15625,750,203,6,1]
[256,128,128,64,31,16,8,2,1]
[16384,1408,103,11,1]
[4096,2816,1264,359,79,11,1]
[729,-81,-18,19,-2,-1,1]
[15625,-2875,344,-23,1]
[4096,-512,208,15,13,-2,1]
[6561,648,133,8,1]
[4096,512,-32,37,-2,2,1]
[15625,-3375,432,-27,1]
[729,162,45,41,5,2,1]
[256,-128,80,-40,21,-10,5,-2,1]
[15625,625,228,5,1]
[4096,768,464,39,29,3,1]
[4096,768,32,-79,2,3,1]
[2401,392,38,8,1]
[14641,121,-193,1,1]
[4096,768,160,103,10,3,1]
[256,256,64,-52,-49,-13,4,4,1]
[4096,-768,320,-39,20,-3,1]
[4096,1024,64,-63,4,4,1]
[4096,1024,464,91,29,4,1]
[256,-64,-64,8,13,2,-4,-1,1]
[14641,-2420,335,-20,1]
[14641,-1452,160,-12,1]
[6561,-81,-106,-1,1]
[4096,256,-96,-11,-6,1,1]
[4096,-256,320,-55,20,-1,1]
[4096,2048,816,217,51,8,1]
[729,0,81,-8,9,0,1]
[6561,-567,151,-7,1]
[4096,0,48,59,3,0,1]
[4096,-512,48,15,3,-2,1]
[4096,-1024,592,-87,37,-4,1]
[4096,-768,480,-89,30,-3,1]
[4096,-256,-32,17,-2,-1,1]
[256,-256,224,-144,83,-36,14,-4,1]
[6561,243,71,3,1]
[4096,768,0,-29,0,3,1]
[15625,-1750,223,-14,1]
[512,192,-40,-35,-5,3,1]
[4096,-1280,576,-129,36,-5,1]
[16384,-1408,171,-11,1]
[16384,256,-91,2,1]
[14641,2420,202,20,1]
[729,-297,67,-11,1]
[4096,3328,1136,279,71,13,1]
[4096,0,48,7,3,0,1]
[4096,-512,80,-43,5,-2,1]
[512,-192,-40,43,-5,-3,1]
[729,-81,-36,26,-4,-1,1]
[2401,294,99,6,1]
[4096,-3584,1664,-507,104,-14,1]
[14641,484,-62,4,1]
[4096,512,16,-75,1,2,1]
[256,-192,16,44,-27,11,1,-3,1]
[729,-81,90,-28,10,-1,1]
[2401,49,-3,1,1]
[15625,-875,124,-7,1]
[14641,4356,560,36,1]
[16384,-3328,389,-26,1]
[4096,-256,48,-49,3,-1,1]
[14641,1331,19,11,1]
[512,0,40,27,5,0,1]
[4096,0,-80,85,-5,0,1]
[4096,512,416,85,26,2,1]
[4096,-3072,1328,-401,83,-12,1]
[14641,-363,181,-3,1]
[4096,256,224,15,14,1,1]
[4096,2048,1024,263,64,8,1]
[512,64,16,-23,2,1,1]
[4096,-256,176,-19,11,-1,1]
[14641,363,222,3,1]
[2401,392,82,8,1]
[4096,512,-80,-83,-5,2,1]
[15625,375,223,3,1]
[14641,-484,96,-4,1]
[4096,1792,560,171,35,7,1]
[4096,1280,496,121,31,5,1]
[4096,-512,224,-95,14,-2,1]
[4096,2304,976,275,61,9,1]
[4096,-1280,480,-137,30,-5,1]
[6561,-1458,187,-18,1]
[4096,768,544,73,34,3,1]
[4096,-256,32,33,2,-1,1]
[256,0,-16,-24,3,-6,-1,0,1]
[256,0,-16,0,29,0,-1,0,1]
[15625,125,71,1,1]
[4096,-768,97,-12,1]
[15625,250,-74,2,1]
[256,128,48,44,23,11,3,2,1]
[4096,1024,256,-1,16,4,1]
[256,-192,144,-88,49,-22,9,-3,1]
[256,-192,224,-124,83,-31,14,-3,1]
[4096,2816,1136,339,71,11,1]
[729,324,243,71,27,4,1]
[15625,-250,47,-2,1]
[1024,-64,3,-2,1]
[256,0,32,-16,-7,-4,2,0,1]
[14641,484,222,4,1]
[256,64,16,-8,-27,-2,1,1,1]
[4096,1280,464,105,29,5,1]
[4096,-768,-64,45,-4,-3,1]
[4096,-256,528,-39,33,-1,1]
[2401,196,-41,4,1]
[729,-405,243,-74,27,-5,1]
[729,243,99,5,11,3,1]
[4096,0,-48,97,-3,0,1]
[15625,375,238,3,1]
[729,81,45,13,5,1,1]
[4096,0,144,-59,9,0,1]
[14641,-605,-34,-5,1]
[15625,1625,214,13,1]
[6561,1134,125,14,1]
[729,405,180,64,20,5,1]
[6561,-243,41,-3,1]
[4096,-256,-32,-7,-2,-1,1]
[4096,-1280,384,-133,24,-5,1]
[14641,0,-109,0,1]
[4096,-768,-64,73,-4,-3,1]
[14641,1573,284,13,1]
[16384,-3200,387,-25,1]
[256,192,48,-16,-23,-4,3,3,1]
[4096,-1536,240,-47,15,-6,1]
[256,-64,80,-44,9,-11,5,-1,1]
[4096,256,16,19,1,1,1]
[4096,-256,176,-9,11,-1,1]
[4096,0,320,15,20,0,1]
[15625,-250,147,-2,1]
[4096,-768,160,-101,10,-3,1]
[729,-162,54,-1,6,-2,1]
[14641,-1089,82,-9,1]
[16384,-2560,221,-20,1]
[512,704,488,213,61,11,1]
[729,-162,-27,43,-3,-2,1]
[512,-128,88,-15,11,-2,1]
[256,-256,112,12,-25,3,7,-4,1]
[4096,2560,1024,313,64,10,1]
[4096,-256,128,-11,8,-1,1]
[729,243,135,56,15,3,1]
[14641,-1331,248,-11,1]
[512,-256,176,-57,22,-4,1]
[15625,2375,211,19,1]
[15625,2375,281,19,1]
[256,64,128,36,37,9,8,1,1]
[256,-192,176,-104,61,-26,11,-3,1]
[6561,243,-85,3,1]
[6561,-162,-47,-2,1]
[4096,1280,416,73,26,5,1]
[4096,1280,320,93,20,5,1]
[729,-162,117,-43,13,-2,1]
[4096,256,-32,-81,-2,1,1]
[256,-128,112,-84,31,-21,7,-2,1]
[256,0,16,-16,9,-4,1,0,1]
[16384,896,195,7,1]
[4096,-512,48,61,3,-2,1]
[256,-192,80,40,-31,10,5,-3,1]
[256,-256,112,-24,1,-6,7,-4,1]
[14641,1089,152,9,1]
[64,80,64,37,16,5,1]
[4096,0,-112,3,-7,0,1]
[4096,256,-16,-87,-1,1,1]
[256,-192,80,-20,11,-5,5,-3,1]
[14641,-726,31,-6,1]
[256,0,-128,-4,39,-1,-8,0,1]
[256,-192,112,-68,35,-17,7,-3,1]
[15625,3625,451,29,1]
[4096,-512,-112,49,-7,-2,1]
[256,-64,128,-24,39,-6,8,-1,1]
[256,-64,48,-16,11,-4,3,-1,1]
[4096,0,320,-33,20,0,1]
[15625,-1500,172,-12,1]
[4096,-256,119,-4,1]
[15625,-1500,254,-12,1]
[14641,726,-14,6,1]
[16384,-1024,139,-8,1]
[4096,0,80,3,5,0,1]
[256,-256,192,-128,69,-32,12,-4,1]
[14641,-605,26,-5,1]
[4096,512,144,-53,9,2,1]
[4096,-1536,208,-29,13,-6,1]
[4096,-192,79,-3,1]
[4096,1024,96,23,6,4,1]
[4096,-256,512,-41,32,-1,1]
[512,640,400,167,50,10,1]
[6561,972,59,12,1]
[4096,2304,944,291,59,9,1]
[4096,-512,224,27,14,-2,1]
[4096,-2304,816,-233,51,-9,1]
[4096,1280,528,83,33,5,1]
[15625,125,-206,1,1]
[16384,1408,217,11,1]
[4096,-1536,560,-161,35,-6,1]
[14641,2299,282,19,1]
[729,567,261,91,29,7,1]
[2401,0,61,0,1]
[6561,-810,77,-10,1]
[4096,1280,256,15,16,5,1]
[512,-128,8,-15,1,-2,1]
[2401,392,79,8,1]
[256,192,80,20,11,5,5,3,1]
[256,320,144,32,9,8,9,5,1]
[4096,1536,-112,-125,-7,6,1]
[4096,1536,384,85,24,6,1]
[729,81,-63,-8,-7,1,1]
[15625,-3625,434,-29,1]
[256,0,32,-36,9,-9,2,0,1]
[4096,-3328,1328,-369,83,-13,1]
[4096,-512,-80,95,-5,-2,1]
[729,-81,54,-31,6,-1,1]
[4096,0,-128,49,-8,0,1]
[14641,968,65,8,1]
[4096,256,48,77,3,1,1]
[1024,-224,61,-7,1]
[4096,-256,320,-79,20,-1,1]
[4096,-1024,336,-69,21,-4,1]
[14641,968,82,8,1]
[4096,-768,480,-39,30,-3,1]
[256,64,112,4,27,1,7,1,1]
[256,128,48,20,15,5,3,2,1]
[4096,-64,-67,-1,1]
[729,-324,198,-67,22,-4,1]
[729,-162,54,-17,6,-2,1]
[4096,-384,13,-6,1]
[512,192,88,35,11,3,1]
[2401,784,127,16,1]
[4096,-1280,512,-121,32,-5,1]
[256,64,16,32,23,8,1,1,1]
[256,-256,144,-52,13,-13,9,-4,1]
[4096,-1024,-160,129,-10,-4,1]
[512,-320,8,31,1,-5,1]
[729,0,126,1,14,0,1]
[512,0,-48,-5,-6,0,1]
[4096,1024,336,139,21,4,1]
[15625,-375,-69,-3,1]
[256,-128,48,-40,27,-10,3,-2,1]
[256,-192,64,40,-31,10,4,-3,1]
[4096,512,176,71,11,2,1]
[14641,847,75,7,1]
[4096,512,-80,-47,-5,2,1]
[4096,0,256,-43,16,0,1]
[15625,3000,359,24,1]
[14641,-242,76,-2,1]
[4096,1024,240,55,15,4,1]
[4096,256,-176,-5,-11,1,1]
[256,-320,240,-128,63,-32,15,-5,1]
[6561,-243,29,-3,1]
[4096,-768,288,-101,18,-3,1]
[4096,768,208,83,13,3,1]
[15625,-750,173,-6,1]
[4096,2816,1104,323,69,11,1]
[4096,-1792,656,-173,41,-7,1]
[4096,-2560,592,-101,37,-10,1]
[4096,0,80,77,5,0,1]
[4096,-1536,352,-39,22,-6,1]
[4096,-1280,128,-23,8,-5,1]
[4096,0,192,-39,12,0,1]
[4096,2816,1120,315,70,11,1]
[1024,512,121,16,1]
[4096,768,464,45,29,3,1]
[15625,-875,31,-7,1]
[2401,980,183,20,1]
[729,-405,171,-74,19,-5,1]
[729,81,63,2,7,1,1]
[14641,3509,434,29,1]
[256,0,80,-32,7,-8,5,0,1]
[512,192,32,11,4,3,1]
[4096,-2048,784,-211,49,-8,1]
[4096,1536,704,173,44,6,1]
[14641,-1815,202,-15,1]
[256,-64,128,-52,39,-13,8,-1,1]
[4096,2816,976,247,61,11,1]
[1024,160,55,5,1]
[15625,125,57,1,1]
[729,405,198,58,22,5,1]
[14641,-2178,288,-18,1]
[14641,0,239,0,1]
[14641,-1573,192,-13,1]
[2401,637,135,13,1]
[4096,-512,144,-111,9,-2,1]
[256,-192,176,-68,45,-17,11,-3,1]
[4096,0,-32,-65,-2,0,1]
[256,-64,0,20,-5,5,0,-1,1]
[14641,-1815,128,-15,1]
[729,-567,225,-77,25,-7,1]
[4096,1536,464,123,29,6,1]
[14641,-242,-115,-2,1]
[256,0,32,-32,-3,-8,2,0,1]
[2401,539,94,11,1]
[729,-162,99,-10,11,-2,1]
[2401,-882,177,-18,1]
[4096,1024,720,119,45,4,1]
[4096,1280,48,-33,3,5,1]
[256,-256,256,-156,97,-39,16,-4,1]
[4096,-768,80,1,5,-3,1]
[14641,-1089,58,-9,1]
[14641,-484,100,-4,1]
[4096,-2304,1088,-299,68,-9,1]
[512,-320,160,-73,20,-5,1]
[15625,500,9,4,1]
[256,128,48,52,29,13,3,2,1]
[4096,1024,240,-3,15,4,1]
[729,0,18,4,2,0,1]
[14641,-3267,359,-27,1]
[512,0,24,-9,3,0,1]
[625,-75,-18,-3,1]
[4096,-2560,928,-257,58,-10,1]
[256,0,32,40,-3,10,2,0,1]
[4096,-1024,112,29,7,-4,1]
[15625,500,244,4,1]
[256,-64,96,-28,17,-7,6,-1,1]
[4096,-1024,496,-73,31,-4,1]
[4096,-512,11,-8,1]
[4096,256,-80,-105,-5,1,1]
[2401,490,80,10,1]
[256,0,-64,0,13,0,-4,0,1]
[16384,2048,215,16,1]
[256,128,16,-20,-27,-5,1,2,1]
[256,-64,32,36,-21,9,2,-1,1]
[4096,-768,208,17,13,-3,1]
[512,-192,72,-37,9,-3,1]
[14641,2783,358,23,1]
[16384,-1408,161,-11,1]
[4096,2560,928,271,58,10,1]
[256,-192,96,-64,33,-16,6,-3,1]
[4096,-2560,880,-225,55,-10,1]
[4096,0,304,-13,19,0,1]
[14641,847,32,7,1]
[15625,0,113,0,1]
[1024,-128,39,-4,1]
[256,-64,-16,8,13,2,-1,-1,1]
[4096,0,-16,43,-1,0,1]
[15625,-4125,504,-33,1]
[256,128,96,36,19,9,6,2,1]
[14641,484,-36,4,1]
[256,-128,112,-64,25,-16,7,-2,1]
[15625,1750,233,14,1]
[256,320,176,32,-3,8,11,5,1]
[15625,-1125,128,-9,1]
[729,324,153,52,17,4,1]
[16384,-1920,283,-15,1]
[4096,576,91,9,1]
[15625,-625,111,-5,1]
[14641,-3993,510,-33,1]
[15625,-750,178,-6,1]
[4096,-1536,240,-45,15,-6,1]
[15625,-1625,286,-13,1]
[4096,768,-16,-55,-1,3,1]
[4096,-768,-144,77,-9,-3,1]
[16384,3072,351,24,1]
[15625,-500,138,-4,1]
[1024,-32,37,-1,1]
[4096,-2304,992,-283,62,-9,1]
[4096,0,256,-69,16,0,1]
[4096,1024,320,117,20,4,1]
[4096,512,-128,-35,-8,2,1]
[256,-64,-48,4,15,1,-3,-1,1]
[16384,256,179,2,1]
[256,-64,-48,20,7,5,-3,-1,1]
[256,-192,112,-24,11,-6,7,-3,1]
[15625,-2250,307,-18,1]
[4096,-1024,352,-121,22,-4,1]
[256,64,96,48,23,12,6,1,1]
[16384,3072,379,24,1]
[4096,-1536,624,-167,39,-6,1]
[4096,1024,304,129,19,4,1]
[4096,-1024,224,3,14,-4,1]
[4096,1024,112,13,7,4,1]
[4096,-2816,736,-143,46,-11,1]
[4096,-1792,512,-113,32,-7,1]
[4096,512,16,61,1,2,1]
[6561,243,10,3,1]
[729,81,99,-11,11,1,1]
[15625,-1625,253,-13,1]
[256,-128,160,-60,51,-15,10,-2,1]
[256,64,80,0,7,0,5,1,1]
[6561,-1620,211,-20,1]
[16384,3200,381,25,1]
[4096,-1536,576,-183,36,-6,1]
[14641,3630,466,30,1]
[256,256,96,16,3,4,6,4,1]
[256,-384,256,-88,27,-22,16,-6,1]
[4096,2816,1152,335,72,11,1]
[729,-378,97,-14,1]
[729,162,99,46,11,2,1]
[4096,768,176,-21,11,3,1]
[4096,2560,800,197,50,10,1]
[4096,768,320,15,20,3,1]
[4096,-1280,199,-20,1]
[4096,-2816,928,-237,58,-11,1]
[256,-64,64,-48,21,-12,4,-1,1]
[16384,640,-65,5,1]
[6561,-567,86,-7,1]
[729,405,171,47,19,5,1]
[729,-243,99,-23,11,-3,1]
[4096,768,-64,-13,-4,3,1]
[4096,768,-192,-123,-12,3,1]
[256,-192,80,-56,43,-14,5,-3,1]
[4096,-768,240,-53,15,-3,1]
[4096,1024,224,105,14,4,1]
[15625,500,-108,4,1]
[512,-704,456,-191,57,-11,1]
[256,-64,16,-8,11,-2,1,-1,1]
[256,0,-64,-8,25,-2,-4,0,1]
[256,64,16,-24,-13,-6,1,1,1]
[16384,-384,137,-3,1]
[512,-192,56,-5,7,-3,1]
[4096,0,160,45,10,0,1]
[15625,2375,238,19,1]
[256,0,48,-20,1,-5,3,0,1]
[6561,-162,-116,-2,1]
[4096,1024,448,55,28,4,1]
[4096,0,400,27,25,0,1]
[15625,-1625,53,-13,1]
[4096,-768,192,-85,12,-3,1]
[512,320,80,11,10,5,1]
[4096,0,-13,0,1]
[4096,64,21,1,1]
[512,-192,88,-25,11,-3,1]
[4096,-768,224,-105,14,-3,1]
[4096,-512,-160,47,-10,-2,1]
[729,-162,45,-32,5,-2,1]
[16384,-384,-105,-3,1]
[14641,363,-155,3,1]
[4096,-1024,320,-157,20,-4,1]
[256,-192,48,-20,13,-5,3,-3,1]
[4096,1536,656,185,41,6,1]
[16384,-512,-27,-4,1]
[256,0,16,-8,-15,-2,1,0,1]
[14641,0,61,0,1]
[4096,256,16,-47,1,1,1]
[4096,3584,1744,529,109,14,1]
[4096,256,-64,3,-4,1,1]
[4096,-512,352,-83,22,-2,1]
[16384,256,9,2,1]
[4096,768,448,49,28,3,1]
[16384,-1792,123,-14,1]
[14641,363,196,3,1]
[4096,256,80,107,5,1,1]
[2401,-980,183,-20,1]
[15625,-125,-141,-1,1]
[15625,-500,214,-4,1]
[15625,2375,298,19,1]
[14641,2178,235,18,1]
[14641,1089,204,9,1]
[256,-64,80,12,9,3,5,-1,1]
[16384,-1280,97,-10,1]
[14641,363,221,3,1]
[256,-256,80,28,-35,7,5,-4,1]
[4096,512,48,-71,3,2,1]
[256,-256,240,-140,81,-35,15,-4,1]
[256,-64,-128,0,49,0,-8,-1,1]
[256,-256,128,-24,-1,-6,8,-4,1]
[4096,-512,-192,71,-12,-2,1]
[14641,1573,105,13,1]
[4096,1792,800,193,50,7,1]
[4096,1536,400,127,25,6,1]
[4096,2304,864,233,54,9,1]
[4096,-512,352,7,22,-2,1]
[4096,1280,560,115,35,5,1]
[256,128,48,24,3,6,3,2,1]
[4096,-512,256,13,16,-2,1]
[4096,768,96,3,6,3,1]
[256,-64,-80,0,35,0,-5,-1,1]
[729,0,-26,0,1]
[6561,-972,88,-12,1]
[4096,256,160,-57,10,1,1]
[4096,512,-144,-35,-9,2,1]
[4096,2304,768,203,48,9,1]
[729,729,432,170,48,9,1]
[256,64,64,12,5,3,4,1,1]
[4096,-1280,176,-21,11,-5,1]
[4096,-1024,528,-111,33,-4,1]
[15625,-1125,138,-9,1]
[4096,512,-64,-115,-4,2,1]
[16384,1920,145,15,1]
[14641,-1331,49,-11,1]
[15625,1625,98,13,1]
[4096,512,240,57,15,2,1]
[256,320,160,36,5,9,10,5,1]
[256,64,96,68,19,17,6,1,1]
[4096,1024,384,61,24,4,1]
[4096,256,-16,-101,-1,1,1]
[4096,-256,448,-3,28,-1,1]
[6561,-810,169,-10,1]
[15625,-3250,368,-26,1]
[14641,1452,144,12,1]
[4096,-256,160,37,10,-1,1]
[6561,-405,71,-5,1]
[14641,1815,140,15,1]
[4096,-1536,672,-153,42,-6,1]
[256,192,192,116,63,29,12,3,1]
[256,128,208,76,73,19,13,2,1]
[4096,0,64,109,4,0,1]
[4096,2048,560,109,35,8,1]
[4096,512,288,89,18,2,1]
[512,128,32,27,4,2,1]
[14641,-605,-93,-5,1]
[15625,1875,174,15,1]
[256,128,48,32,33,8,3,2,1]
[4096,-768,-48,75,-3,-3,1]
[15625,3375,377,27,1]
[4096,1024,0,-3,0,4,1]
[4096,0,80,-79,5,0,1]
[4096,-2048,752,-179,47,-8,1]
[15625,2750,328,22,1]
[4096,-768,272,-119,17,-3,1]
[4096,1280,592,127,37,5,1]
[4096,-512,144,15,9,-2,1]
[15625,-3625,447,-29,1]
[256,-320,208,-116,61,-29,13,-5,1]
[4096,-256,144,-83,9,-1,1]
[16384,-256,221,-2,1]
[4096,-256,128,-95,8,-1,1]
[256,0,16,-28,-9,-7,1,0,1]
[512,-192,48,-27,6,-3,1]
[6561,-81,-98,-1,1]
[256,-192,208,-104,67,-26,13,-3,1]
[256,-192,64,-32,25,-8,4,-3,1]
[16384,-1536,95,-12,1]
[256,0,16,-8,9,-2,1,0,1]
[4096,-768,304,-105,19,-3,1]
[4096,-256,544,-35,34,-1,1]
[4096,1024,192,-15,12,4,1]
[4096,-1024,608,-127,38,-4,1]
[512,512,336,139,42,8,1]
[4096,-3072,1280,-363,80,-12,1]
[4096,1280,48,-69,3,5,1]
[14641,0,169,0,1]
[512,-64,80,7,10,-1,1]
[14641,-2904,362,-24,1]
[14641,-484,7,-4,1]
[4096,3584,1680,517,105,14,1]
[256,-64,32,-28,19,-7,2,-1,1]
[256,0,32,36,-3,9,2,0,1]
[4096,-2304,816,-243,51,-9,1]
[4096,-256,-96,-3,-6,-1,1]
[256,-64,48,-44,9,-11,3,-1,1]
[256,-192,96,4,-5,1,6,-3,1]
[4096,512,-144,-47,-9,2,1]
[15625,2750,364,22,1]
[14641,1452,51,12,1]
[256,-192,64,-16,11,-4,4,-3,1]
[15625,375,86,3,1]
[16384,-2560,291,-20,1]
[14641,2299,300,19,1]
[4096,1792,752,201,47,7,1]
[15625,-2125,314,-17,1]
[6561,648,82,8,1]
[4096,-1536,384,-63,24,-6,1]
[14641,-1210,4,-10,1]
[4096,-1536,592,-149,37,-6,1]
[4096,-1280,-96,81,-6,-5,1]
[4096,768,352,55,22,3,1]
[14641,-2662,268,-22,1]
[512,128,104,39,13,2,1]
[2401,-294,32,-6,1]
[4096,-768,560,-105,35,-3,1]
[15625,-1000,236,-8,1]
[4096,1280,464,67,29,5,1]
[16384,-4224,497,-33,1]
[256,-128,48,-24,3,-6,3,-2,1]
[256,256,80,-32,-37,-8,5,4,1]
[256,-64,48,-16,13,-4,3,-1,1]
[4096,0,432,-19,27,0,1]
[16384,1152,149,9,1]
[14641,605,-47,5,1]
[6561,-81,-74,-1,1]
[14641,-968,73,-8,1]
[4096,1792,-64,-137,-4,7,1]
[15625,-1500,148,-12,1]
[729,243,9,-34,1,3,1]
[14641,4356,559,36,1]
[256,-64,32,-16,31,-4,2,-1,1]
[4096,-128,-23,-2,1]
[256,-192,48,44,-43,11,3,-3,1]
[16384,256,-35,2,1]
[15625,-4000,502,-32,1]
[4096,-1024,304,-107,19,-4,1]
[16384,-896,227,-7,1]
[14641,605,149,5,1]
[4096,512,336,-9,21,2,1]
[256,-64,48,8,5,2,3,-1,1]
[15625,-1500,158,-12,1]
[256,-64,-16,-4,13,-1,-1,-1,1]
[4096,2560,704,147,44,10,1]
[4096,512,592,47,37,2,1]
[2401,-392,24,-8,1]
[4096,1280,288,13,18,5,1]
[4096,-1024,528,-81,33,-4,1]
[4096,-768,320,-73,20,-3,1]
[4096,-576,131,-9,1]
[64,48,16,3,4,3,1]
[14641,-726,127,-6,1]
[6561,-1458,221,-18,1]
[256,192,0,-36,-19,-9,0,3,1]
[16384,-256,211,-2,1]
[4096,1024,-16,-15,-1,4,1]
[256,-192,112,-76,45,-19,7,-3,1]
[14641,1573,258,13,1]
[256,64,16,4,15,1,1,1,1]
[4096,-1024,288,-29,18,-4,1]
[4096,-256,464,1,29,-1,1]
[256,64,-16,-16,-19,-4,-1,1,1]
[4096,-1536,272,-51,17,-6,1]
[16384,2688,229,21,1]
[16384,-896,93,-7,1]
[4096,0,80,-47,5,0,1]
[729,-270,70,-10,1]
[256,-128,64,16,-13,4,4,-2,1]
[512,128,88,25,11,2,1]
[1024,32,-7,1,1]
[15625,250,-192,2,1]
[4096,-768,336,-41,21,-3,1]
[4096,-256,288,-45,18,-1,1]
[14641,1694,261,14,1]
[256,128,-48,-24,5,-6,-3,2,1]
[4096,-256,-32,-49,-2,-1,1]
[4096,-2048,464,-87,29,-8,1]
[4096,2560,736,175,46,10,1]
[4096,768,-32,-55,-2,3,1]
[256,-128,-64,28,9,7,-4,-2,1]
[256,64,0,-36,-11,-9,0,1,1]
[6561,405,79,5,1]
[256,0,64,4,23,1,4,0,1]
[256,-64,0,28,-9,7,0,-1,1]
[2401,980,195,20,1]
[4096,2048,752,197,47,8,1]
[4096,256,448,15,28,1,1]
[4096,-512,320,-93,20,-2,1]
[16384,896,225,7,1]
[729,162,36,35,4,2,1]
[256,0,64,-32,-1,-8,4,0,1]
[4096,-1024,32,17,2,-4,1]
[4096,-768,-96,55,-6,-3,1]
[729,-405,252,-77,28,-5,1]
[256,0,32,8,21,2,2,0,1]
[4096,-1024,-16,21,-1,-4,1]
[512,-192,-8,31,-1,-3,1]
[256,-32,13,-2,1]
[15625,500,74,4,1]
[4096,512,720,61,45,2,1]
[4096,-2304,400,-37,25,-9,1]
[14641,363,-134,3,1]
[16384,896,-89,7,1]
[256,-192,96,-56,41,-14,6,-3,1]
[4096,-1024,0,33,0,-4,1]
[16384,512,115,4,1]
[64,-32,24,-9,6,-2,1]
[256,0,48,-12,7,-3,3,0,1]
[4096,256,304,53,19,1,1]
[4096,-1536,400,-133,25,-6,1]
[4096,768,128,-53,8,3,1]
[15625,2000,204,16,1]
[4096,-256,48,-91,3,-1,1]
[16384,-512,73,-4,1]
[15625,-3125,321,-25,1]
[4096,2304,432,47,27,9,1]
[729,-243,90,-25,10,-3,1]
[4096,256,272,79,17,1,1]
[4096,-512,-144,61,-9,-2,1]
[256,0,112,24,29,6,7,0,1]
[4096,2048,992,259,62,8,1]
[15625,-2375,267,-19,1]
[15625,-3125,314,-25,1]
[6561,486,71,6,1]
[256,384,272,116,45,29,17,6,1]
[4096,-1152,193,-18,1]
[4096,2048,880,247,55,8,1]
[4096,-768,176,13,11,-3,1]
[4096,2560,1168,335,73,10,1]
[256,64,96,12,25,3,6,1,1]
[4096,2816,1248,365,78,11,1]
[4096,-896,145,-14,1]
[256,64,96,24,33,6,6,1,1]
[729,-648,288,-100,32,-8,1]
[256,-64,64,20,-1,5,4,-1,1]
[256,256,64,-24,-21,-6,4,4,1]
[512,-320,200,-69,25,-5,1]
[1024,0,3,0,1]
[4096,-768,80,-39,5,-3,1]
[15625,-625,-131,-5,1]
[256,320,176,44,5,11,11,5,1]
[15625,0,-77,0,1]
[2401,-147,-22,-3,1]
[256,-192,128,-88,49,-22,8,-3,1]
[4096,-512,64,-11,4,-2,1]
[4096,768,208,59,13,3,1]
[256,128,16,16,21,4,1,2,1]
[4096,-1280,-80,113,-5,-5,1]
[4096,2304,912,265,57,9,1]
[6561,1215,211,15,1]
[4096,1536,352,39,22,6,1]
[4096,-1536,-48,103,-3,-6,1]
[14641,2299,244,19,1]
[256,256,240,156,85,39,15,4,1]
[256,-64,144,-52,45,-13,9,-1,1]
[15625,2875,346,23,1]
[512,0,64,-5,8,0,1]
[256,64,144,44,41,11,9,1,1]
[4096,-1792,592,-119,37,-7,1]
[4096,1536,592,127,37,6,1]
[4096,1536,448,115,28,6,1]
[6561,-81,-32,-1,1]
[4096,768,352,9,22,3,1]
[16384,1408,273,11,1]
[4096,-1024,288,-39,18,-4,1]
[15625,-500,61,-4,1]
[256,-256,192,-128,73,-32,12,-4,1]
[4096,-2304,400,-29,25,-9,1]
[729,-648,351,-143,39,-8,1]
[729,-324,216,-64,24,-4,1]
[15625,-1375,168,-11,1]
[6561,-648,16,-8,1]
[14641,0,-223,0,1]
[256,320,368,248,151,62,23,5,1]
[14641,484,8,4,1]
[256,64,96,8,29,2,6,1,1]
[16384,0,-193,0,1]
[4096,-768,-48,33,-3,-3,1]
[1024,128,5,4,1]
[16384,768,-95,6,1]
[4096,768,576,81,36,3,1]
[4096,0,-16,-91,-1,0,1]
[4096,0,-144,49,-9,0,1]
[256,-128,80,8,-3,2,5,-2,1]
[4096,-1280,352,-89,22,-5,1]
[4096,1280,192,35,12,5,1]
[4096,-1280,576,-147,36,-5,1]
[15625,2875,347,23,1]
[256,320,288,192,111,48,18,5,1]
[14641,-242,-58,-2,1]
[729,405,135,31,15,5,1]
[4096,768,352,65,22,3,1]
[4096,1280,192,21,12,5,1]
[14641,363,-37,3,1]
[256,0,16,16,5,4,1,0,1]
[4096,-1536,16,89,1,-6,1]
[256,64,80,60,13,15,5,1,1]
[4096,1536,48,-47,3,6,1]
[14641,2178,318,18,1]
[15625,750,-66,6,1]
[256,64,32,4,-11,1,2,1,1]
[15625,1125,218,9,1]
[6561,891,139,11,1]
[4096,1024,320,63,20,4,1]
[4096,512,304,7,19,2,1]
[256,0,80,68,1,17,5,0,1]
[15625,-3125,394,-25,1]
[2401,0,-72,0,1]
[256,128,-16,-8,5,-2,-1,2,1]
[256,0,-16,8,17,2,-1,0,1]
[4096,0,-16,71,-1,0,1]
[15625,375,-107,3,1]
[256,-64,128,-52,35,-13,8,-1,1]
[2401,588,74,12,1]
[15625,-1125,19,-9,1]
[16384,640,99,5,1]
[14641,-968,101,-8,1]
[512,-384,112,-21,14,-6,1]
[4096,256,16,-19,1,1,1]
[14641,726,246,6,1]
[16384,-3840,445,-30,1]
[6561,324,-77,4,1]
[256,-192,176,-124,61,-31,11,-3,1]
[512,64,32,-25,4,1,1]
[512,-192,64,-25,8,-3,1]
[15625,750,142,6,1]
[729,-243,36,7,4,-3,1]
[14641,-2178,164,-18,1]
[4096,2048,800,211,50,8,1]
[4096,256,63,4,1]
[4096,768,448,47,28,3,1]
[4096,-1792,384,-77,24,-7,1]
[14641,-2178,269,-18,1]
[256,-256,208,-148,81,-37,13,-4,1]
[256,-320,112,60,-67,15,7,-5,1]
[256,320,128,-4,-19,-1,8,5,1]
[4096,512,-80,3,-5,2,1]
[4096,2816,1184,345,74,11,1]
[256,64,32,12,13,3,2,1,1]
[14641,2662,254,22,1]
[4096,-320,69,-5,1]
[4096,-1280,736,-159,46,-5,1]
[256,0,32,12,-5,3,2,0,1]
[4096,-512,-48,-35,-3,-2,1]
[14641,-1573,156,-13,1]
[256,-320,160,-8,-19,-2,10,-5,1]
[15625,375,174,3,1]
[4096,-256,496,-37,31,-1,1]
[4096,768,144,-3,9,3,1]
[15625,250,-158,2,1]
[256,64,-16,-4,-7,-1,-1,1,1]
[15625,-375,57,-3,1]
[256,-128,128,-68,45,-17,8,-2,1]
[15625,1375,227,11,1]
[4096,1536,592,133,37,6,1]
[4096,-256,160,-75,10,-1,1]
[2401,490,76,10,1]
[4096,-1536,544,-115,34,-6,1]
[4096,-256,-112,-13,-7,-1,1]
[4096,0,-32,45,-2,0,1]
[6561,243,-62,3,1]
[4096,-1280,416,-135,26,-5,1]
[15625,-3000,304,-24,1]
[256,-64,48,-16,-3,-4,3,-1,1]
[729,0,90,-13,10,0,1]
[4096,2048,768,209,48,8,1]
[256,0,-32,4,11,1,-2,0,1]
[14641,-363,70,-3,1]
[729,-567,297,-110,33,-7,1]
[512,-128,112,-21,14,-2,1]
[256,-192,128,-52,27,-13,8,-3,1]
[256,0,96,-24,19,-6,6,0,1]
[4096,2048,928,237,58,8,1]
[729,81,-45,5,-5,1,1]
[14641,-3751,470,-31,1]
[4096,0,-112,37,-7,0,1]
[4096,-1280,256,-83,16,-5,1]
[4096,1536,544,103,34,6,1]
[16384,384,253,3,1]
[729,486,198,61,22,6,1]
[256,64,32,-40,-17,-10,2,1,1]
[4096,-2048,336,-25,21,-8,1]
[4096,1536,272,69,17,6,1]
[625,250,71,10,1]
[4096,512,32,-7,2,2,1]
[256,0,64,-16,17,-4,4,0,1]
[729,810,459,179,51,10,1]
[4096,-256,208,-1,13,-1,1]
[16384,1152,269,9,1]
[2401,392,40,8,1]
[4096,-256,-16,21,-1,-1,1]
[6561,-972,121,-12,1]
[4096,512,-96,-125,-6,2,1]
[256,128,96,56,17,14,6,2,1]
[4096,0,-16,-33,-1,0,1]
[256,192,16,12,21,3,1,3,1]
[256,-192,144,-64,31,-16,9,-3,1]
[4096,1792,544,137,34,7,1]
[512,0,-56,3,-7,0,1]
[1024,96,-5,3,1]
[15625,-3375,387,-27,1]
[4096,768,560,57,35,3,1]
[4096,-1024,144,-69,9,-4,1]
[256,0,64,8,9,2,4,0,1]
[14641,-242,166,-2,1]
[16384,384,137,3,1]
[15625,-3125,378,-25,1]
[4096,-2560,1024,-301,64,-10,1]
[16384,4992,627,39,1]
[14641,-1210,208,-10,1]
[4096,512,-64,-45,-4,2,1]
[4096,-1024,320,-127,20,-4,1]
[256,-192,80,16,-19,4,5,-3,1]
[4096,-2816,1280,-371,80,-11,1]
[14641,-2057,230,-17,1]
[4096,0,64,99,4,0,1]
[15625,750,208,6,1]
[14641,-2057,188,-17,1]
[15625,5125,667,41,1]
[4096,192,85,3,1]
[4096,1792,576,127,36,7,1]
[4096,1024,240,59,15,4,1]
[16384,-2048,257,-16,1]
[729,-324,90,-40,10,-4,1]
[256,-64,48,48,-17,12,3,-1,1]
[32,11,1]
[512,-320,120,-37,15,-5,1]
[14641,363,215,3,1]
[512,-128,120,-29,15,-2,1]
[4096,768,-32,-31,-2,3,1]
[4096,768,272,79,17,3,1]
[14641,1210,13,10,1]
[4096,0,-27,0,1]
[256,64,15,4,1]
[729,-162,-36,38,-4,-2,1]
[4096,-2816,1120,-329,70,-11,1]
[729,324,144,28,16,4,1]
[729,-405,-18,55,-2,-5,1]
[256,-128,96,-28,29,-7,6,-2,1]
[4096,0,256,-17,16,0,1]
[4096,-512,-144,37,-9,-2,1]
[729,486,171,59,19,6,1]
[4096,-768,-80,65,-5,-3,1]
[256,16,-19,1,1]
[4096,2304,1104,299,69,9,1]
[4096,-1536,704,-151,44,-6,1]
[4096,0,-112,-3,-7,0,1]
[15625,-125,-21,-1,1]
[15625,1875,227,15,1]
[4096,-512,320,-97,20,-2,1]
[15625,1250,24,10,1]
[14641,363,-164,3,1]
[16384,-2176,195,-17,1]
[4096,-512,96,-51,6,-2,1]
[4096,0,128,67,8,0,1]
[4096,256,-112,-97,-7,1,1]
[4096,-256,-160,31,-10,-1,1]
[16384,-2816,361,-22,1]
[14641,1452,188,12,1]
[256,-128,80,-32,31,-8,5,-2,1]
[16384,0,-207,0,1]
[6561,1296,154,16,1]
[256,0,16,8,-21,2,1,0,1]
[4096,-768,-16,3,-1,-3,1]
[729,-486,108,-17,12,-6,1]
[14641,242,159,2,1]
[14641,484,-24,4,1]
[4096,-768,304,-33,19,-3,1]
[512,0,96,-7,12,0,1]
[4096,1536,416,81,26,6,1]
[4096,768,224,29,14,3,1]
[15625,125,146,1,1]
[4096,-128,-21,-2,1]
[14641,-726,49,-6,1]
[16384,1408,187,11,1]
[512,-320,80,-13,10,-5,1]
[256,192,112,48,23,12,7,3,1]
[256,64,64,24,1,6,4,1,1]
[64,16,-4,-13,-1,1,1]
[6561,0,55,0,1]
[2401,392,81,8,1]
[6561,243,-1,3,1]
[256,128,-16,-20,-5,-5,-1,2,1]
[64,-32,16,-5,4,-2,1]
[4096,1024,240,79,15,4,1]
[256,-64,96,-20,17,-5,6,-1,1]
[729,-81,162,-7,18,-1,1]
[4096,1024,144,39,9,4,1]
[729,0,45,31,5,0,1]
[4096,64,-103,1,1]
[512,-256,176,-49,22,-4,1]
[14641,-2420,333,-20,1]
[4096,-256,336,-17,21,-1,1]
[14641,2299,232,19,1]
[4096,-1792,640,-191,40,-7,1]
[729,-81,27,-35,3,-1,1]
[4096,768,160,11,10,3,1]
[4096,0,240,69,15,0,1]
[4096,1280,352,87,22,5,1]
[4096,1280,256,95,16,5,1]
[729,-243,126,-29,14,-3,1]
[256,-64,96,-20,23,-5,6,-1,1]
[4096,0,16,-9,1,0,1]
[4096,512,-144,-63,-9,2,1]
[4096,-2304,816,-227,51,-9,1]
[729,486,315,107,35,6,1]
[4096,-1792,192,17,12,-7,1]
[4096,256,-80,-79,-5,1,1]
[2401,-343,25,-7,1]
[14641,1331,151,11,1]
[4096,-1024,288,-47,18,-4,1]
[4096,256,-80,3,-5,1,1]
[16384,-1024,239,-8,1]
[256,-128,0,24,-7,6,0,-2,1]
[729,81,45,-16,5,1,1]
[14641,121,29,1,1]
[16384,1408,269,11,1]
[4096,-512,432,-19,27,-2,1]
[4096,0,-160,29,-10,0,1]
[729,162,126,46,14,2,1]
[15625,625,14,5,1]
[4096,-384,27,-6,1]
[512,-128,8,27,1,-2,1]
[256,0,96,0,27,0,6,0,1]
[15625,1875,119,15,1]
[15625,250,-121,2,1]
[256,192,32,28,31,7,2,3,1]
[14641,-726,236,-6,1]
[6561,243,79,3,1]
[729,324,63,-5,7,4,1]
[256,64,-16,-8,1,-2,-1,1,1]
[4096,-256,160,-95,10,-1,1]
[4096,-2560,784,-199,49,-10,1]
[4096,-256,112,29,7,-1,1]
[6561,-567,127,-7,1]
[4096,-256,352,15,22,-1,1]
[4096,-1024,96,53,6,-4,1]
[14641,-3146,356,-26,1]
[256,-128,112,-12,19,-3,7,-2,1]
[4096,1792,704,199,44,7,1]
[256,-320,144,-32,9,-8,9,-5,1]
[4096,1024,96,3,6,4,1]
[729,0,9,-10,1,0,1]
[729,0,135,-11,15,0,1]
[14641,-1089,13,-9,1]
[256,-256,48,32,-23,8,3,-4,1]
[4096,1024,-80,-51,-5,4,1]
[2401,490,110,10,1]
[4096,-256,496,1,31,-1,1]
[256,128,96,20,15,5,6,2,1]
[729,-324,9,14,1,-4,1]
[512,-192,80,-9,10,-3,1]
[256,256,160,56,21,14,10,4,1]
[4096,-3584,1504,-429,94,-14,1]
[256,0,128,8,33,2,8,0,1]
[16384,-1152,265,-9,1]
[256,0,16,-4,13,-1,1,0,1]
[4096,-256,-32,-77,-2,-1,1]
[512,320,24,-23,3,5,1]
[15625,-500,-112,-4,1]
[4096,1536,720,161,45,6,1]
[14641,-484,27,-4,1]
[729,567,279,95,31,7,1]
[4096,768,192,-19,12,3,1]
[729,-81,-27,47,-3,-1,1]
[256,-192,192,-96,59,-24,12,-3,1]
[256,128,-32,12,35,3,-2,2,1]
[4096,1792,608,187,38,7,1]
[6561,-243,97,-3,1]
[4096,2304,416,43,26,9,1]
[15625,750,81,6,1]
[15625,-125,63,-1,1]
[16384,640,-97,5,1]
[16384,-2176,323,-17,1]
[6561,0,-59,0,1]
[4096,-256,-80,65,-5,-1,1]
[256,-64,80,32,-1,8,5,-1,1]
[4096,-2048,720,-207,45,-8,1]
[729,81,54,32,6,1,1]
[15625,1125,-37,9,1]
[729,891,567,229,63,11,1]
[15625,-3375,419,-27,1]
[4096,256,576,17,36,1,1]
[6561,567,-8,7,1]
[256,-64,-16,-16,15,-4,-1,-1,1]
[4096,-1024,224,-81,14,-4,1]
[4096,256,-208,-39,-13,1,1]
[256,0,96,12,21,3,6,0,1]
[4096,-1024,48,19,3,-4,1]
[256,-64,16,20,-21,5,1,-1,1]
[4096,1280,64,-51,4,5,1]
[4096,-1024,160,-21,10,-4,1]
[14641,121,49,1,1]
[16384,-2304,249,-18,1]
[729,-81,-9,14,-1,-1,1]
[256,192,96,76,49,19,6,3,1]
[14641,-726,40,-6,1]
[64,32,44,15,11,2,1]
[512,-128,-48,31,-6,-2,1]
[14641,605,41,5,1]
[4096,-256,160,3,10,-1,1]
[14641,242,-54,2,1]
[4096,1536,256,3,16,6,1]
[256,64,32,0,-3,0,2,1,1]
[15625,2875,327,23,1]
[4096,1024,160,-35,10,4,1]
[16384,1664,291,13,1]
[4096,-512,-80,43,-5,-2,1]
[15625,-2125,132,-17,1]
[4096,-512,288,-31,18,-2,1]
[4096,-2048,896,-225,56,-8,1]
[14641,1694,193,14,1]
[729,243,117,44,13,3,1]
[4096,1536,464,147,29,6,1]
[6561,81,130,1,1]
[256,-128,32,-24,17,-6,2,-2,1]
[729,-81,-36,38,-4,-1,1]
[4096,-2560,1040,-323,65,-10,1]
[4096,512,0,-5,0,2,1]
[14641,-242,-131,-2,1]
[256,-384,272,-128,59,-32,17,-6,1]
[14641,1694,153,14,1]
[256,-128,80,0,9,0,5,-2,1]
[15625,750,73,6,1]
[4096,-2304,784,-207,49,-9,1]
[4096,-512,-96,99,-6,-2,1]
[16384,-384,-145,-3,1]
[4096,-1536,704,-171,44,-6,1]
[729,162,-18,-19,-2,2,1]
[729,-162,126,-38,14,-2,1]
[16384,128,-25,1,1]
[14641,-726,-59,-6,1]
[4096,0,128,81,8,0,1]
[15625,2875,376,23,1]
[4096,256,288,85,18,1,1]
[256,0,0,0,-25,0,0,0,1]
[15625,-4625,579,-37,1]
[512,-192,64,-9,8,-3,1]
[512,-512,280,-115,35,-8,1]
[15625,4875,627,39,1]
[4096,448,139,7,1]
[15625,1250,268,10,1]
[4096,-512,256,-31,16,-2,1]
[14641,-242,50,-2,1]
[4096,-768,160,17,10,-3,1]
[4096,2048,128,-71,8,8,1]
[4096,768,416,87,26,3,1]
[4096,0,-208,-15,-13,0,1]
[15625,-250,-49,-2,1]
[4096,-512,48,-11,3,-2,1]
[729,-81,81,-11,9,-1,1]
[15625,1000,143,8,1]
[15625,-250,96,-2,1]
[512,128,40,-11,5,2,1]
[4096,0,-16,-83,-1,0,1]
[2401,441,47,9,1]
[4096,0,16,37,1,0,1]
[14641,605,70,5,1]
[4096,-512,48,-87,3,-2,1]
[4096,-1792,576,-115,36,-7,1]
[256,-192,32,40,-27,10,2,-3,1]
[14641,-484,-68,-4,1]
[512,-64,-16,43,-2,-1,1]
[256,128,0,-40,-23,-10,0,2,1]
[729,243,-36,-47,-4,3,1]
[14641,-1331,196,-11,1]
[16384,-1152,271,-9,1]
[4096,-1792,736,-217,46,-7,1]
[4096,-512,288,1,18,-2,1]
[729,-135,37,-5,1]
[2401,-147,-37,-3,1]
[729,0,-9,44,-1,0,1]
[4096,1536,240,23,15,6,1]
[6561,-405,-31,-5,1]
[4096,-2048,720,-171,45,-8,1]
[729,810,405,143,45,10,1]
[729,-405,162,-56,18,-5,1]
[256,384,320,192,99,48,20,6,1]
[4096,-256,272,-87,17,-1,1]
[256,-64,96,-36,25,-9,6,-1,1]
[4096,1024,352,89,22,4,1]
[15625,1000,51,8,1]
[256,64,128,36,43,9,8,1,1]
[4096,-2304,496,-79,31,-9,1]
[4096,-768,117,-12,1]
[256,128,112,52,45,13,7,2,1]
[256,64,-112,-4,41,-1,-7,1,1]
[4096,-1216,211,-19,1]
[4096,-1792,768,-187,48,-7,1]
[729,-324,126,-56,14,-4,1]
[15625,-125,32,-1,1]
[14641,2299,203,19,1]
[512,128,40,41,5,2,1]
[15625,-1875,226,-15,1]
[256,0,160,0,49,0,10,0,1]
[512,-512,280,-111,35,-8,1]
[15625,4625,582,37,1]
[4096,-512,-112,91,-7,-2,1]
[4096,256,-96,-59,-6,1,1]
[256,64,112,72,25,18,7,1,1]
[6561,-810,152,-10,1]
[4096,-1536,272,-9,17,-6,1]
[2401,490,87,10,1]
[256,0,64,12,9,3,4,0,1]
[4096,-256,304,17,19,-1,1]
[4096,0,48,83,3,0,1]
[512,192,16,-9,2,3,1]
[256,-64,-48,0,11,0,-3,-1,1]
[4096,-256,-112,49,-7,-1,1]
[4096,512,176,31,11,2,1]
[4096,-1024,384,-35,24,-4,1]
[4096,-512,432,-69,27,-2,1]
[1024,64,53,2,1]
[512,-256,48,-13,6,-4,1]
[4096,0,288,-59,18,0,1]
[2401,-343,102,-7,1]
[4096,-1280,-192,153,-12,-5,1]
[2401,49,5,1,1]
[4096,768,208,121,13,3,1]
[64,-48,44,-21,11,-3,1]
[2401,147,52,3,1]
[15625,-2250,289,-18,1]
[14641,-726,-40,-6,1]
[14641,726,42,6,1]
[4096,-256,368,-31,23,-1,1]
[256,64,112,20,23,5,7,1,1]
[256,-128,48,-32,33,-8,3,-2,1]
[256,64,112,40,31,10,7,1,1]
[512,320,184,63,23,5,1]
[6561,-405,-50,-5,1]
[4096,-512,16,-29,1,-2,1]
[256,-320,240,-124,61,-31,15,-5,1]
[15625,-2375,217,-19,1]
[15625,-875,-58,-7,1]
[16384,-256,133,-2,1]
[729,324,63,1,7,4,1]
[4096,-1024,480,-87,30,-4,1]
[512,384,136,41,17,6,1]
[4096,1536,320,59,20,6,1]
[512,-384,128,-35,16,-6,1]
[14641,1936,303,16,1]
[16384,-1920,161,-15,1]
[4096,-256,144,-21,9,-1,1]
[15625,-750,144,-6,1]
[14641,242,216,2,1]
[14641,-2057,199,-17,1]
[16384,-512,-45,-4,1]
[256,-256,80,56,-53,14,5,-4,1]
[256,64,64,-20,-5,-5,4,1,1]
[6561,486,11,6,1]
[256,64,32,-20,-5,-5,2,1,1]
[256,64,32,24,25,6,2,1,1]
[512,-320,176,-73,22,-5,1]
[15625,-250,217,-2,1]
[4096,768,176,69,11,3,1]
[16384,1152,99,9,1]
[4096,1280,240,83,15,5,1]
[14641,2662,267,22,1]
[729,81,63,19,7,1,1]
[2401,441,57,9,1]
[4096,0,160,-85,10,0,1]
[4096,2304,1056,289,66,9,1]
[512,-64,96,-11,12,-1,1]
[15625,750,128,6,1]
[4096,640,41,10,1]
[14641,363,-90,3,1]
[729,0,-9,31,-1,0,1]
[4096,192,125,3,1]
[4096,-768,32,-43,2,-3,1]
[512,-128,184,-31,23,-2,1]
[16384,-1280,275,-10,1]
[4096,3072,1456,425,91,12,1]
[4096,2048,272,1,17,8,1]
[15625,375,-141,3,1]
[256,320,256,160,81,40,16,5,1]
[4096,-2048,800,-247,50,-8,1]
[256,-128,48,40,-19,10,3,-2,1]
[729,405,108,35,12,5,1]
[14641,-1815,223,-15,1]
[6561,-162,149,-2,1]
[256,0,176,4,57,1,11,0,1]
[16384,2944,333,23,1]
[256,128,16,-12,3,-3,1,2,1]
[4096,512,320,15,20,2,1]
[15625,-375,39,-3,1]
[4096,256,384,31,24,1,1]
[256,-64,-16,12,-11,3,-1,-1,1]
[256,192,16,20,29,5,1,3,1]
[15625,-1375,84,-11,1]
[256,192,208,108,69,27,13,3,1]
[4096,-896,147,-14,1]
[512,-64,8,-5,1,-1,1]
[6561,-567,62,-7,1]
[4096,-1280,240,-23,15,-5,1]
[256,-192,64,32,-27,8,4,-3,1]
[4096,-2048,768,-187,48,-8,1]
[2401,490,62,10,1]
[512,-64,-24,19,-3,-1,1]
[256,-64,16,0,-1,0,1,-1,1]
[729,0,108,4,12,0,1]
[512,-192,136,-33,17,-3,1]
[2401,686,136,14,1]
[729,243,54,7,6,3,1]
[16384,384,193,3,1]
[4096,0,32,-65,2,0,1]
[4096,768,240,77,15,3,1]
[256,-64,80,-24,19,-6,5,-1,1]
[256,-64,32,32,-15,8,2,-1,1]
[4096,0,144,-37,9,0,1]
[256,-192,96,-80,49,-20,6,-3,1]
[512,-384,232,-95,29,-6,1]
[729,-162,-18,-5,-2,-2,1]
[16384,-768,169,-6,1]
[4096,-512,48,-5,3,-2,1]
[6561,1782,251,22,1]
[512,128,56,45,7,2,1]
[14641,1815,175,15,1]
[14641,-1573,145,-13,1]
[14641,1210,59,10,1]
[4096,-2304,720,-191,45,-9,1]
[4096,256,160,-19,10,1,1]
[4096,1792,336,49,21,7,1]
[4096,768,48,-75,3,3,1]
[4096,-256,304,-71,19,-1,1]
[729,-81,53,-3,1]
[4096,-512,-80,61,-5,-2,1]
[729,324,108,32,12,4,1]
[4096,-1536,720,-157,45,-6,1]
[729,-405,207,-89,23,-5,1]
[256,0,48,-16,19,-4,3,0,1]
[4096,-2304,928,-251,58,-9,1]
[4096,-1024,96,-23,6,-4,1]
[4096,512,496,33,31,2,1]
[2401,98,-54,2,1]
[4096,-2816,1008,-277,63,-11,1]
[256,-192,96,-48,29,-12,6,-3,1]
[15625,1625,273,13,1]
[4096,768,480,109,30,3,1]
[6561,972,88,12,1]
[256,0,16,8,-11,2,1,0,1]
[256,-256,176,-64,29,-16,11,-4,1]
[729,324,171,70,19,4,1]
[729,-162,45,-5,5,-2,1]
[15625,-250,74,-2,1]
[4096,512,432,23,27,2,1]
[729,324,162,43,18,4,1]
[16384,-896,55,-7,1]
[4096,2304,832,241,52,9,1]
[4096,-768,592,-65,37,-3,1]
[512,-448,96,-1,12,-7,1]
[729,-162,117,-41,13,-2,1]
[4096,768,416,93,26,3,1]
[15625,-1125,263,-9,1]
[256,-320,352,-236,141,-59,22,-5,1]
[4096,768,256,31,16,3,1]
[14641,2057,234,17,1]
[15625,-3250,377,-26,1]
[16384,-2304,283,-18,1]
[256,-128,96,-28,17,-7,6,-2,1]
[256,192,192,80,55,20,12,3,1]
[15625,-1250,218,-10,1]
[4096,3072,1008,247,63,12,1]
[729,0,-9,-25,-1,0,1]
[4096,-1280,592,-139,37,-5,1]
[625,225,47,9,1]
[6561,1539,239,19,1]
[512,-192,104,-31,13,-3,1]
[256,-192,128,-28,15,-7,8,-3,1]
[4096,-1536,368,-97,23,-6,1]
[4096,1024,352,85,22,4,1]
[512,-448,168,-51,21,-7,1]
[256,0,-16,12,15,3,-1,0,1]
[4096,1024,496,95,31,4,1]
[15625,625,121,5,1]
[256,384,304,168,83,42,19,6,1]
[729,0,-36,20,-4,0,1]
[14641,363,234,3,1]
[4096,1792,608,167,38,7,1]
[16384,-384,93,-3,1]
[625,100,42,4,1]
[4096,0,-128,-19,-8,0,1]
[4096,512,352,13,22,2,1]
[16384,1152,71,9,1]
[729,-81,-9,28,-1,-1,1]
[256,128,48,40,33,10,3,2,1]
[4096,256,64,15,4,1,1]
[2401,245,39,5,1]
[4096,256,48,-57,3,1,1]
[4096,1024,80,25,5,4,1]
[256,-64,32,4,-7,1,2,-1,1]
[64,-32,24,-11,6,-2,1]
[512,-320,56,-3,7,-5,1]
[729,405,63,-2,7,5,1]
[14641,726,-49,6,1]
[4096,-1792,96,61,6,-7,1]
[512,256,72,25,9,4,1]
[14641,605,-104,5,1]
[16384,1280,189,10,1]
[4096,1536,336,95,21,6,1]
[14641,1815,262,15,1]
[16384,-896,115,-7,1]
[4096,1792,480,85,30,7,1]
[4096,-1024,176,-41,11,-4,1]
[4096,-64,-41,-1,1]
[4096,384,45,6,1]
[4096,0,0,-33,0,0,1]
[15625,0,-73,0,1]
[512,-256,8,29,1,-4,1]
[4096,512,-16,-97,-1,2,1]
[16384,-768,-57,-6,1]
[4096,-768,96,-41,6,-3,1]
[256,-64,32,-20,21,-5,2,-1,1]
[16384,-1536,255,-12,1]
[6561,1620,257,20,1]
[14641,-3025,349,-25,1]
[256,128,160,72,57,18,10,2,1]
[4096,-2816,1248,-353,78,-11,1]
[4096,-2304,848,-247,53,-9,1]
[4096,-256,304,-63,19,-1,1]
[729,81,-27,-29,-3,1,1]
[256,0,32,-40,3,-10,2,0,1]
[256,192,96,4,1,1,6,3,1]
[4096,-1024,224,-1,14,-4,1]
[81,0,-4,0,1]
[4096,1024,320,51,20,4,1]
[4096,2048,752,209,47,8,1]
[15625,0,38,0,1]
[2401,-588,130,-12,1]
[256,-384,304,-184,97,-46,19,-6,1]
[16384,2048,291,16,1]
[15625,1500,53,12,1]
[1024,-128,19,-4,1]
[15625,-2125,266,-17,1]
[4096,768,272,119,17,3,1]
[4096,-1024,-144,119,-9,-4,1]
[4096,0,336,23,21,0,1]
[16384,512,195,4,1]
[4096,-512,16,5,1,-2,1]
[16384,896,119,7,1]
[4096,256,288,9,18,1,1]
[4096,-512,-96,119,-6,-2,1]
[4096,1536,544,135,34,6,1]
[4096,-64,-55,-1,1]
[6561,324,92,4,1]
[4096,2048,336,27,21,8,1]
[14641,0,179,0,1]
[729,-324,144,-47,16,-4,1]
[15625,-2000,284,-16,1]
[1024,32,5,1,1]
[4096,0,0,7,0,0,1]
[14641,1210,142,10,1]
[16384,-512,-91,-4,1]
[4096,512,304,21,19,2,1]
[4096,1536,496,91,31,6,1]
[4096,768,112,-7,7,3,1]
[4096,512,-16,-19,-1,2,1]
[4096,-512,80,47,5,-2,1]
[256,-256,160,-64,29,-16,10,-4,1]
[512,-256,152,-53,19,-4,1]
[4096,512,64,9,4,2,1]
[729,405,63,1,7,5,1]
[16384,-256,59,-2,1]
[14641,-968,71,-8,1]
[15625,500,4,4,1]
[4096,1792,288,37,18,7,1]
[512,-64,24,-27,3,-1,1]
[15625,-2375,314,-19,1]
[4096,1280,400,53,25,5,1]
[729,-486,198,-61,22,-6,1]
[14641,1089,73,9,1]
[2401,-294,3,-6,1]
[512,-320,-8,41,-1,-5,1]
[729,-486,189,-53,21,-6,1]
[256,0,-48,0,9,0,-3,0,1]
[512,-64,64,-35,8,-1,1]
[256,192,112,52,33,13,7,3,1]
[15625,1500,194,12,1]
[16384,3456,413,27,1]
[256,128,0,-12,-11,-3,0,2,1]
[729,-567,171,-37,19,-7,1]
[729,0,-18,-28,-2,0,1]
[14641,2904,333,24,1]
[729,-162,36,-35,4,-2,1]
[14641,-1815,127,-15,1]
[4096,-1280,304,-31,19,-5,1]
[256,-256,192,-104,51,-26,12,-4,1]
[4096,-1792,912,-217,57,-7,1]
[14641,-1089,45,-9,1]
[4096,768,144,3,9,3,1]
[4096,-3328,1616,-481,101,-13,1]
[729,324,90,28,10,4,1]
[4096,768,-144,-63,-9,3,1]
[4096,0,96,7,6,0,1]
[14641,-2057,276,-17,1]
[4096,-256,32,27,2,-1,1]
[4096,-2048,912,-227,57,-8,1]
[4096,-1792,640,-195,40,-7,1]
[4096,512,-160,-35,-10,2,1]
[6561,-2025,290,-25,1]
[4096,-2048,208,37,13,-8,1]
[4096,-256,560,-37,35,-1,1]
[16384,-640,-71,-5,1]
[4096,256,-144,-25,-9,1,1]
[512,128,8,-29,1,2,1]
[14641,-1815,134,-15,1]
[6561,-648,155,-8,1]
[15625,2750,359,22,1]
[14641,1573,85,13,1]
[2401,343,55,7,1]
[4096,512,80,-31,5,2,1]
[15625,-2125,246,-17,1]
[15625,2750,347,22,1]
[256,-64,0,-28,15,-7,0,-1,1]
[4096,-3328,1472,-445,92,-13,1]
[4096,-1024,352,-109,22,-4,1]
[4096,1024,-80,-107,-5,4,1]
[4096,512,256,41,16,2,1]
[729,-189,46,-7,1]
[4096,1280,208,9,13,5,1]
[4096,-448,101,-7,1]
[256,256,176,124,73,31,11,4,1]
[4096,-256,208,31,13,-1,1]
[15625,750,56,6,1]
[4096,-1536,544,-163,34,-6,1]
[4096,-2048,240,19,15,-8,1]
[4096,-512,320,-33,20,-2,1]
[6561,1053,122,13,1]
[625,-75,28,-3,1]
[729,0,-45,-20,-5,0,1]
[15625,1500,48,12,1]
[4096,256,-64,57,-4,1,1]
[4096,-256,384,19,24,-1,1]
[256,0,-32,0,21,0,-2,0,1]
[14641,1331,208,11,1]
[4096,-1024,320,-61,20,-4,1]
[14641,605,153,5,1]
[729,-243,198,-44,22,-3,1]
[4096,0,16,29,1,0,1]
[15625,1000,-44,8,1]
[4096,2048,512,103,32,8,1]
[15625,-1125,-2,-9,1]
[729,486,288,107,32,6,1]
[4096,0,272,-49,17,0,1]
[16384,-256,-191,-2,1]
[16384,-384,-103,-3,1]
[4096,-2560,1136,-327,71,-10,1]
[15625,-1750,278,-14,1]
[16384,-1024,65,-8,1]
[256,0,32,12,-3,3,2,0,1]
[14641,0,-204,0,1]
[4096,-256,224,5,14,-1,1]
[729,81,135,7,15,1,1]
[729,-243,135,-32,15,-3,1]
[729,81,45,-29,5,1,1]
[4096,1280,-224,-147,-14,5,1]
[625,50,6,2,1]
[4096,768,272,37,17,3,1]
[4096,3328,1424,423,89,13,1]
[256,0,-80,0,13,0,-5,0,1]
[4096,-256,-144,41,-9,-1,1]
[256,128,112,16,15,4,7,2,1]
[4096,0,224,-11,14,0,1]
[4096,2048,480,111,30,8,1]
[4096,-1536,576,-139,36,-6,1]
[729,-324,0,34,0,-4,1]
[15625,-1125,258,-9,1]
[14641,-1452,134,-12,1]
[256,256,224,144,81,36,14,4,1]
[4096,-1536,384,-47,24,-6,1]
[14641,1210,81,10,1]
[256,256,192,120,71,30,12,4,1]
[4096,2048,208,-37,13,8,1]
[256,0,-16,-4,17,-1,-1,0,1]
[4096,-256,-80,41,-5,-1,1]
[4096,-256,304,-51,19,-1,1]
[4096,-256,336,-33,21,-1,1]
[14641,968,123,8,1]
[4096,256,-48,-117,-3,1,1]
[4096,-512,336,-85,21,-2,1]
[4096,-1280,256,-67,16,-5,1]
[4096,1792,496,111,31,7,1]
[6561,0,-151,0,1]
[16384,1536,201,12,1]
[15625,2250,157,18,1]
[4096,-1024,320,-91,20,-4,1]
[256,128,80,36,23,9,5,2,1]
[256,-64,-64,-4,23,-1,-4,-1,1]
[256,128,144,88,43,22,9,2,1]
[729,162,72,-4,8,2,1]
[16384,-128,51,-1,1]
[256,-256,112,-48,27,-12,7,-4,1]
[4096,256,352,1,22,1,1]
[14641,2662,356,22,1]
[4096,-1536,432,-141,27,-6,1]
[15625,-500,151,-4,1]
[6561,-729,41,-9,1]
[256,-192,112,-40,11,-10,7,-3,1]
[64,32,0,-11,0,2,1]
[256,64,-32,16,19,4,-2,1,1]
[16384,640,-91,5,1]
[14641,726,102,6,1]
[4096,768,-16,-77,-1,3,1]
[6561,0,-92,0,1]
[4096,-2304,816,-219,51,-9,1]
[14641,-121,-49,-1,1]
[256,0,112,20,29,5,7,0,1]
[1024,-64,-31,-2,1]
[256,0,-16,4,21,1,-1,0,1]
[16384,896,267,7,1]
[4096,1536,560,123,35,6,1]
[14641,847,-74,7,1]
[4096,1280,608,155,38,5,1]
[256,576,672,524,301,131,42,9,1]
[4096,-1024,208,5,13,-4,1]
[15625,0,122,0,1]
[15625,-625,171,-5,1]
[512,-64,-56,11,-7,-1,1]
[256,0,48,4,23,1,3,0,1]
[15625,-3875,478,-31,1]
[256,0,0,-20,11,-5,0,0,1]
[14641,2783,278,23,1]
[256,0,64,16,7,4,4,0,1]
[14641,1452,28,12,1]
[729,-81,108,-28,12,-1,1]
[2401,-98,-51,-2,1]
[4096,-768,112,-69,7,-3,1]
[14641,1573,107,13,1]
[1024,32,-35,1,1]
[1024,0,15,0,1]
[16384,-384,159,-3,1]
[6561,891,184,11,1]
[729,-162,36,-20,4,-2,1]
[4096,1024,240,53,15,4,1]
[4096,0,272,-13,17,0,1]
[729,-81,9,-20,1,-1,1]
[4096,512,-96,-37,-6,2,1]
[4096,768,160,93,10,3,1]
[15625,-1500,63,-12,1]
[4096,-1280,576,-151,36,-5,1]
[14641,-1089,68,-9,1]
[4096,192,47,3,1]
[729,-81,54,-25,6,-1,1]
[4096,-1536,592,-153,37,-6,1]
[4096,-1792,816,-217,51,-7,1]
[729,-81,189,-22,21,-1,1]
[729,-81,0,26,0,-1,1]
[14641,1936,161,16,1]
[15625,-875,39,-7,1]
[4096,-256,64,-63,4,-1,1]
[4096,512,240,31,15,2,1]
[256,64,32,-28,-5,-7,2,1,1]
[625,-50,-19,-2,1]
[512,256,40,-3,5,4,1]
[256,-256,160,-52,19,-13,10,-4,1]
[4096,1536,464,151,29,6,1]
[256,-64,112,-32,33,-8,7,-1,1]
[256,-64,16,-12,-11,-3,1,-1,1]
[4096,-1280,128,1,8,-5,1]
[256,0,0,8,-21,2,0,0,1]
[4096,0,16,-17,1,0,1]
[4096,-1024,336,-51,21,-4,1]
[4096,-256,-112,55,-7,-1,1]
[4096,1280,352,73,22,5,1]
[4096,-256,288,-59,18,-1,1]
[6561,-648,53,-8,1]
[4096,0,64,-25,4,0,1]
[2401,-196,73,-4,1]
[2401,147,45,3,1]
[15625,-3000,383,-24,1]
[4096,-256,144,-29,9,-1,1]
[15625,-875,129,-7,1]
[4096,-2048,896,-247,56,-8,1]
[4096,-1536,320,-77,20,-6,1]
[14641,-1694,98,-14,1]
[25,1,1]
[4096,-768,400,-117,25,-3,1]
[4096,1536,496,179,31,6,1]
[16384,512,-43,4,1]
[256,384,384,268,153,67,24,6,1]
[4096,-1792,864,-203,54,-7,1]
[15625,2500,307,20,1]
[15625,-3875,452,-31,1]
[729,-243,45,-1,5,-3,1]
[256,128,64,4,-7,1,4,2,1]
[1024,-320,69,-10,1]
[4096,0,-32,-109,-2,0,1]
[4096,-512,208,-19,13,-2,1]
[14641,-605,166,-5,1]
[14641,121,-201,1,1]
[4096,768,192,111,12,3,1]
[14641,847,179,7,1]
[512,-128,8,23,1,-2,1]
[4096,1536,576,181,36,6,1]
[15625,-1000,23,-8,1]
[14641,121,146,1,1]
[81,9,8,1,1]
[256,0,16,24,11,6,1,0,1]
[4096,-1024,448,-99,28,-4,1]
[14641,-1573,200,-13,1]
[256,-128,48,-28,19,-7,3,-2,1]
[729,81,-63,-28,-7,1,1]
[4096,-2560,896,-253,56,-10,1]
[4096,256,128,17,8,1,1]
[4096,0,576,5,36,0,1]
[14641,-2662,289,-22,1]
[4096,-512,176,-1,11,-2,1]
[15625,1375,198,11,1]
[4096,1024,320,91,20,4,1]
[4096,-1024,336,-79,21,-4,1]
[14641,968,52,8,1]
[15625,-1375,242,-11,1]
[4096,512,48,81,3,2,1]
[4096,-1536,80,41,5,-6,1]
[256,-128,96,-8,13,-2,6,-2,1]
[1024,0,-13,0,1]
[14641,2178,174,18,1]
[729,243,27,17,3,3,1]
[4096,-1280,352,-49,22,-5,1]
[256,-64,48,20,-7,5,3,-1,1]
[256,-64,0,20,-15,5,0,-1,1]
[512,128,0,-5,0,2,1]
[256,-128,144,-68,47,-17,9,-2,1]
[4096,-512,-160,53,-10,-2,1]
[15625,-875,4,-7,1]
[14641,-2662,362,-22,1]
[729,-243,234,-49,26,-3,1]
[15625,-1000,-22,-8,1]
[729,-243,99,-17,11,-3,1]
[729,-243,-27,19,-3,-3,1]
[15625,2625,319,21,1]
[6561,972,142,12,1]
[256,-128,32,-20,25,-5,2,-2,1]
[4096,768,80,-63,5,3,1]
[256,-64,-16,20,-17,5,-1,-1,1]
[729,-162,117,-22,13,-2,1]
[256,64,112,40,39,10,7,1,1]
[4096,-1280,0,53,0,-5,1]
[15625,1500,94,12,1]
[512,320,168,77,21,5,1]
[15625,1375,242,11,1]
[6561,162,-118,2,1]
[4096,2304,1088,295,68,9,1]
[16384,-2304,197,-18,1]
[4096,0,224,13,14,0,1]
[512,-512,320,-135,40,-8,1]
[256,-64,64,4,5,1,4,-1,1]
[15625,-1625,101,-13,1]
[4096,512,272,35,17,2,1]
[256,-128,80,-24,15,-6,5,-2,1]
[4096,-1280,400,-71,25,-5,1]
[256,0,32,-20,-7,-5,2,0,1]
[4096,704,71,11,1]
[4096,-768,-48,43,-3,-3,1]
[4096,-1280,192,-5,12,-5,1]
[256,-384,272,-108,41,-27,17,-6,1]
[2401,-98,3,-2,1]
[16384,2688,307,21,1]
[4096,1216,211,19,1]
[256,-128,0,12,-3,3,0,-2,1]
[2401,343,11,7,1]
[16384,-896,167,-7,1]
[256,128,16,-28,-33,-7,1,2,1]
[4096,1536,480,115,30,6,1]
[256,64,32,-40,-19,-10,2,1,1]
[4096,-3072,1296,-387,81,-12,1]
[256,-128,0,-8,21,-2,0,-2,1]
[256,-192,48,56,-41,14,3,-3,1]
[4096,-1280,240,-37,15,-5,1]
[4096,-1536,0,95,0,-6,1]
[4096,512,-32,19,-2,2,1]
[6561,972,67,12,1]
[4096,1536,288,35,18,6,1]
[4096,-512,528,-73,33,-2,1]
[256,-256,176,-52,23,-13,11,-4,1]
[256,-192,160,-88,43,-22,10,-3,1]
[14641,121,52,1,1]
[4096,1024,272,99,17,4,1]
[4096,-1536,416,-129,26,-6,1]
[256,128,48,-12,-5,-3,3,2,1]
[256,0,32,28,-7,7,2,0,1]
[4096,768,-32,-81,-2,3,1]
[15625,1500,188,12,1]
[6561,1053,116,13,1]
[512,-64,8,17,1,-1,1]
[15625,-2625,304,-21,1]
[4096,-3328,1584,-477,99,-13,1]
[14641,363,37,3,1]
[729,-81,27,-8,3,-1,1]
[14641,-605,-1,-5,1]
[256,16,21,1,1]
[4096,-1280,688,-153,43,-5,1]
[4096,256,64,91,4,1,1]
[4096,-1280,288,-15,18,-5,1]
[16384,-1536,289,-12,1]
[4096,-2816,1200,-369,75,-11,1]
[729,-243,63,-38,7,-3,1]
[14641,-1089,127,-9,1]
[2401,-490,44,-10,1]
[14641,121,168,1,1]
[256,256,48,-52,-41,-13,3,4,1]
[729,729,378,139,42,9,1]
[14641,-3751,448,-31,1]
[256,448,464,332,187,83,29,7,1]
[729,-81,-9,23,-1,-1,1]
[4096,2816,1152,339,72,11,1]
[4096,-2816,1072,-307,67,-11,1]
[4096,-1024,480,-63,30,-4,1]
[4096,1792,576,161,36,7,1]
[6561,0,-113,0,1]
[4096,-896,141,-14,1]
[15625,625,18,5,1]
[256,-128,16,-4,15,-1,1,-2,1]
[1024,256,45,8,1]
[256,64,32,-16,-1,-4,2,1,1]
[4096,1792,608,153,38,7,1]
[4096,-1280,512,-93,32,-5,1]
[16384,-256,-3,-2,1]
[4096,256,-176,-63,-11,1,1]
[256,128,224,84,81,21,14,2,1]
[4096,1280,256,11,16,5,1]
[4096,-512,208,-7,13,-2,1]
[4096,512,96,109,6,2,1]
[14641,242,-170,2,1]
[4096,-256,-96,15,-6,-1,1]
[256,128,0,20,31,5,0,2,1]
[4096,-1536,384,-87,24,-6,1]
[729,-162,63,4,7,-2,1]
[4096,-384,77,-6,1]
[256,128,128,92,39,23,8,2,1]
[4096,256,-96,-25,-6,1,1]
[4096,-512,304,-27,19,-2,1]
[729,0,198,-4,22,0,1]
[256,320,176,56,17,14,11,5,1]
[4096,-512,240,-37,15,-2,1]
[512,-128,-32,35,-4,-2,1]
[16384,-384,55,-3,1]
[15625,375,47,3,1]
[4096,-1536,640,-133,40,-6,1]
[4096,-1792,528,-145,33,-7,1]
[15625,-1125,-26,-9,1]
[729,-405,99,-25,11,-5,1]
[4096,1024,128,-7,8,4,1]
[15625,-250,39,-2,1]
[4096,-1280,144,-39,9,-5,1]
[4096,-256,176,-7,11,-1,1]
[256,192,80,12,-9,3,5,3,1]
[4096,0,528,9,33,0,1]
[15625,-125,-34,-1,1]
[4096,1024,272,109,17,4,1]
[4096,256,112,-41,7,1,1]
[729,-162,27,-1,3,-2,1]
[4096,-64,-99,-1,1]
[14641,1331,251,11,1]
[4096,256,528,45,33,1,1]
[4096,-512,128,-125,8,-2,1]
[4096,1536,464,103,29,6,1]
[15625,-125,108,-1,1]
[15625,625,-124,5,1]
[4096,2048,752,227,47,8,1]
[4096,-1536,800,-171,50,-6,1]
[15625,3750,433,30,1]
[256,-128,48,16,-19,4,3,-2,1]
[4096,1792,624,213,39,7,1]
[256,128,48,16,9,4,3,2,1]
[4096,1024,128,17,8,4,1]
[256,64,-64,-12,13,-3,-4,1,1]
[729,0,0,34,0,0,1]
[4096,-1024,48,1,3,-4,1]
[14641,-968,-37,-8,1]
[4096,-1792,800,-191,50,-7,1]
[4096,-768,144,-31,9,-3,1]
[15625,-500,-84,-4,1]
[6561,-1782,268,-22,1]
[6561,1620,212,20,1]
[4096,-512,160,45,10,-2,1]
[16384,640,53,5,1]
[729,405,135,40,15,5,1]
[4096,-1024,288,-125,18,-4,1]
[4096,256,144,59,9,1,1]
[15625,2875,374,23,1]
[256,192,96,28,1,7,6,3,1]
[4096,-768,160,-19,10,-3,1]
[256,-128,80,-44,27,-11,5,-2,1]
[4096,-512,192,-67,12,-2,1]
[4096,1280,336,31,21,5,1]
[4096,-1536,144,37,9,-6,1]
[15625,1500,258,12,1]
[4096,-1536,272,-21,17,-6,1]
[256,-192,32,-4,9,-1,2,-3,1]
[256,64,80,36,27,9,5,1,1]
[4096,3072,1392,421,87,12,1]
[14641,-1815,107,-15,1]
[4096,0,80,-41,5,0,1]
[6561,-648,131,-8,1]
[256,-192,160,-88,49,-22,10,-3,1]
[625,-50,34,-2,1]
[256,-128,32,-4,-9,-1,2,-2,1]
[15625,-500,211,-4,1]
[4096,-256,496,-53,31,-1,1]
[4096,256,384,-19,24,1,1]
[4096,-1536,688,-149,43,-6,1]
[4096,-1280,432,-129,27,-5,1]
[729,-243,90,-55,10,-3,1]
[14641,-242,-48,-2,1]
[15625,-875,152,-7,1]
[14641,1452,271,12,1]
[4096,768,592,93,37,3,1]
[15625,-2875,348,-23,1]
[4096,2304,1024,295,64,9,1]
[4096,-512,272,23,17,-2,1]
[4096,-1792,768,-185,48,-7,1]
[16384,0,91,0,1]
[729,-405,90,-20,10,-5,1]
[15625,0,127,0,1]
[256,-64,-112,4,41,1,-7,-1,1]
[15625,3875,468,31,1]
[512,-128,96,-9,12,-2,1]
[14641,2541,290,21,1]
[729,-162,81,-8,9,-2,1]
[4096,512,-80,-35,-5,2,1]
[4096,512,64,91,4,2,1]
[256,64,0,-32,-9,-8,0,1,1]
[6561,-405,151,-5,1]
[625,-125,24,-5,1]
[4096,2048,544,133,34,8,1]
[4096,1536,640,137,40,6,1]
[4096,256,48,85,3,1,1]
[4096,-1792,640,-203,40,-7,1]
[14641,0,-125,0,1]
[4096,768,96,11,6,3,1]
[14641,1331,194,11,1]
[512,-704,480,-207,60,-11,1]
[16384,512,225,4,1]
[4096,-1024,-48,25,-3,-4,1]
[15625,2375,184,19,1]
[14641,-1089,12,-9,1]
[14641,484,-118,4,1]
[256,192,144,48,25,12,9,3,1]
[625,0,-18,0,1]
[4096,-1280,32,57,2,-5,1]
[1024,448,101,14,1]
[16384,2176,291,17,1]
[256,192,192,96,61,24,12,3,1]
[256,-192,128,-56,25,-14,8,-3,1]
[4096,-256,144,-51,9,-1,1]
[256,192,80,-44,-33,-11,5,3,1]
[4096,1792,256,27,16,7,1]
[14641,1452,178,12,1]
[256,-512,512,-348,189,-87,32,-8,1]
[625,50,26,2,1]
[4096,-896,173,-14,1]
[15625,125,-93,1,1]
[15625,125,88,1,1]
[4096,1280,-64,-93,-4,5,1]
[256,-128,48,-4,7,-1,3,-2,1]
[4096,-768,80,7,5,-3,1]
[4096,-512,-80,13,-5,-2,1]
[16384,-128,251,-1,1]
[729,-81,9,35,1,-1,1]
[256,448,480,360,207,90,30,7,1]
[256,-256,160,-88,49,-22,10,-4,1]
[4096,-2048,320,-31,20,-8,1]
[15625,-625,182,-5,1]
[729,81,63,26,7,1,1]
[14641,3025,309,25,1]
[2401,-539,61,-11,1]
[4096,2560,1088,309,68,10,1]
[14641,1452,197,12,1]
[14641,-2299,205,-19,1]
[256,64,-32,-8,11,-2,-2,1,1]
[512,-448,240,-93,30,-7,1]
[4096,-1792,704,-185,44,-7,1]
[15625,-750,239,-6,1]
[15625,-1750,169,-14,1]
[729,324,153,35,17,4,1]
[256,-192,80,-48,35,-12,5,-3,1]
[256,128,48,-16,-19,-4,3,2,1]
[14641,-2420,211,-20,1]
[256,-64,0,-8,19,-2,0,-1,1]
[6561,-1701,256,-21,1]
[4096,512,288,-17,18,2,1]
[2401,-1176,240,-24,1]
[729,-81,117,-1,13,-1,1]
[256,128,48,8,-13,2,3,2,1]
[4096,-512,-176,103,-11,-2,1]
[14641,-242,-157,-2,1]
[256,-128,-16,20,-3,5,-1,-2,1]
[15625,2375,304,19,1]
[4096,3584,1648,501,103,14,1]
[256,0,32,-8,15,-2,2,0,1]
[729,-162,-45,32,-5,-2,1]
[4096,896,149,14,1]
[4096,512,416,59,26,2,1]
[256,-64,64,-12,21,-3,4,-1,1]
[14641,242,211,2,1]
[729,243,135,58,15,3,1]
[4096,-512,320,-31,20,-2,1]
[16384,-3456,417,-27,1]
[256,-320,224,-136,73,-34,14,-5,1]
[14641,-2904,324,-24,1]
[256,192,96,8,3,2,6,3,1]
[512,192,8,-23,1,3,1]
[4096,256,528,5,33,1,1]
[4096,-2048,-48,153,-3,-8,1]
[15625,1250,102,10,1]
[256,-128,16,0,11,0,1,-2,1]
[512,-128,48,-17,6,-2,1]
[4096,256,304,-19,19,1,1]
[256,128,-32,16,33,4,-2,2,1]
[14641,2541,263,21,1]
[4096,0,32,71,2,0,1]
[4096,-1536,336,-97,21,-6,1]
[4096,-1280,544,-149,34,-5,1]
[729,-324,180,-67,20,-4,1]
[2401,-147,-43,-3,1]
[14641,-121,-72,-1,1]
[14641,3025,354,25,1]
[2401,196,22,4,1]
[4096,2560,1136,331,71,10,1]
[729,-567,324,-119,36,-7,1]
[14641,605,80,5,1]
[256,576,672,532,309,133,42,9,1]
[16384,1920,141,15,1]
[4096,-2304,768,-219,48,-9,1]
[4096,1792,112,-45,7,7,1]
[4096,-256,-208,19,-13,-1,1]
[729,0,-36,-16,-4,0,1]
[256,192,128,72,43,18,8,3,1]
[4096,-512,-80,83,-5,-2,1]
[4096,-512,-32,33,-2,-2,1]
[4096,768,64,9,4,3,1]
[6561,-810,179,-10,1]
[4096,-1536,32,53,2,-6,1]
[729,-81,34,-3,1]
[6561,81,-23,1,1]
[15625,-1625,246,-13,1]
[16384,-1280,157,-10,1]
[14641,-1210,136,-10,1]
[729,0,18,-19,2,0,1]
[4096,128,7,2,1]
[64,48,32,15,8,3,1]
[4096,-256,-208,23,-13,-1,1]
[4096,256,80,45,5,1,1]
[729,-405,180,-79,20,-5,1]
[729,162,0,-32,0,2,1]
[15625,-3375,364,-27,1]
[256,-256,128,8,-19,2,8,-4,1]
[4096,-512,-16,-41,-1,-2,1]
[6561,324,8,4,1]
[2401,-245,-12,-5,1]
[14641,-3388,437,-28,1]
[4096,-512,544,-49,34,-2,1]
[4096,-256,-96,63,-6,-1,1]
[4096,-2816,960,-247,60,-11,1]
[512,-384,144,-51,18,-6,1]
[4096,-1536,368,-111,23,-6,1]
[4096,0,560,-13,35,0,1]
[512,0,56,-19,7,0,1]
[4096,3072,1456,429,91,12,1]
[6561,243,161,3,1]
[14641,-847,-48,-7,1]
[256,384,224,32,-13,8,14,6,1]
[4096,1280,416,101,26,5,1]
[4096,0,192,7,12,0,1]
[14641,2057,184,17,1]
[4096,3072,1280,367,80,12,1]
[4096,768,288,89,18,3,1]
[729,486,45,-28,5,6,1]
[1024,192,21,6,1]
[729,162,99,22,11,2,1]
[15625,1000,126,8,1]
[4096,1792,976,229,61,7,1]
[729,405,207,88,23,5,1]
[15625,125,123,1,1]
[14641,242,15,2,1]
[256,-128,192,-96,65,-24,12,-2,1]
[6561,162,26,2,1]
[512,128,72,3,9,2,1]
[4096,2048,736,223,46,8,1]
[14641,-363,-95,-3,1]
[4096,-1536,208,-39,13,-6,1]
[256,256,160,80,35,20,10,4,1]
[4096,1792,640,163,40,7,1]
[4096,-960,139,-15,1]
[15625,-1000,-7,-8,1]
[4096,-512,-224,67,-14,-2,1]
[15625,0,-68,0,1]
[4096,512,-48,13,-3,2,1]
[15625,750,-24,6,1]
[15625,-1375,179,-11,1]
[16384,1664,255,13,1]
[16384,768,-117,6,1]
[4096,-512,112,21,7,-2,1]
[256,0,-16,-8,-13,-2,-1,0,1]
[4096,-768,192,-9,12,-3,1]
[4096,-256,-128,47,-8,-1,1]
[4096,0,64,-37,4,0,1]
[4096,2048,784,247,49,8,1]
[625,-275,67,-11,1]
[15625,-625,216,-5,1]
[15625,-1250,192,-10,1]
[16384,1408,259,11,1]
[4096,-512,32,5,2,-2,1]
[4096,-256,-16,101,-1,-1,1]
[256,-128,112,-56,47,-14,7,-2,1]
[15625,1000,122,8,1]
[15625,1125,268,9,1]
[256,-128,112,-64,43,-16,7,-2,1]
[4096,1280,656,121,41,5,1]
[512,128,56,11,7,2,1]
[15625,-1375,276,-11,1]
[4096,1536,576,189,36,6,1]
[4096,-1024,144,-7,9,-4,1]
[4096,-256,256,-1,16,-1,1]
[4096,-768,208,-69,13,-3,1]
[2401,-343,106,-7,1]
[4096,-768,368,-59,23,-3,1]
[4096,2048,800,253,50,8,1]
[4096,1408,225,22,1]
[15625,-500,103,-4,1]
[4096,768,64,27,4,3,1]
[15625,2500,273,20,1]
[729,-81,81,-13,9,-1,1]
[625,-125,26,-5,1]
[4096,0,-48,-91,-3,0,1]
[4096,512,176,-47,11,2,1]
[4096,768,256,101,16,3,1]
[15625,250,-46,2,1]
[15625,375,98,3,1]
[6561,0,53,0,1]
[14641,968,13,8,1]
[4096,1024,96,-29,6,4,1]
[256,-64,112,-12,35,-3,7,-1,1]
[4096,-768,256,-17,16,-3,1]
[4096,1792,608,159,38,7,1]
[4096,768,304,67,19,3,1]
[14641,-605,186,-5,1]
[4096,512,464,37,29,2,1]
[256,-64,0,0,-1,0,0,-1,1]
[512,192,16,1,2,3,1]
[256,128,128,28,29,7,8,2,1]
[4096,-256,-32,-5,-2,-1,1]
[729,243,18,-29,2,3,1]
[16384,-1152,109,-9,1]
[4096,0,352,-7,22,0,1]
[729,-243,72,-41,8,-3,1]
[16384,-3968,477,-31,1]
[729,-648,315,-118,35,-8,1]
[6561,1377,160,17,1]
[512,448,248,95,31,7,1]
[6561,-1053,182,-13,1]
[729,648,360,134,40,8,1]
[512,0,24,25,3,0,1]
[15625,0,-219,0,1]
[16384,384,-9,3,1]
[4096,1024,320,107,20,4,1]
[4096,1536,-112,-143,-7,6,1]
[729,-729,423,-169,47,-9,1]
[16384,-1536,247,-12,1]
[4096,2304,448,61,28,9,1]
[256,0,32,-20,5,-5,2,0,1]
[512,-128,128,-35,16,-2,1]
[256,0,32,-8,21,-2,2,0,1]
[14641,-1815,268,-15,1]
[16384,-1408,101,-11,1]
[14641,968,103,8,1]
[16384,-1280,59,-10,1]
[729,0,-27,-31,-3,0,1]
[4096,-2048,624,-173,39,-8,1]
[15625,-375,-77,-3,1]
[16384,640,-101,5,1]
[4096,-2048,496,-91,31,-8,1]
[512,64,120,9,15,1,1]
[16384,256,-1,2,1]
[256,-256,256,-180,95,-45,16,-4,1]
[4096,256,111,4,1]
[256,-64,-16,-4,-1,-1,-1,-1,1]
[2401,196,75,4,1]
[4096,320,97,5,1]
[14641,605,46,5,1]
[729,-162,-18,43,-2,-2,1]
[256,-128,112,-68,41,-17,7,-2,1]
[4096,0,208,-37,13,0,1]
[4096,-768,208,-79,13,-3,1]
[14641,-3025,338,-25,1]
[14641,-3509,444,-29,1]
[4096,1536,656,135,41,6,1]
[4096,256,16,17,1,1,1]
[512,-64,56,-15,7,-1,1]
[256,128,-32,-28,-7,-7,-2,2,1]
[14641,1452,244,12,1]
[729,81,-19,3,1]
[4096,-1024,-128,79,-8,-4,1]
[4096,-512,256,-59,16,-2,1]
[15625,-2875,381,-23,1]
[4096,-2048,544,-119,34,-8,1]
[512,64,64,-7,8,1,1]
[14641,-1210,168,-10,1]
[16384,-1536,31,-12,1]
[4096,-1408,247,-22,1]
[256,-64,64,4,-3,1,4,-1,1]
[4096,-1024,48,-21,3,-4,1]
[4096,-1024,368,-85,23,-4,1]
[729,648,369,140,41,8,1]
[729,-81,90,-32,10,-1,1]
[512,-256,72,-23,9,-4,1]
[6561,405,95,5,1]
[16384,2944,313,23,1]
[256,256,208,128,67,32,13,4,1]
[6561,-810,83,-10,1]
[4096,-1216,187,-19,1]
[4096,-1792,704,-171,44,-7,1]
[256,-64,32,-36,19,-9,2,-1,1]
[14641,2904,293,24,1]
[4096,-512,176,-39,11,-2,1]
[4096,-1792,896,-209,56,-7,1]
[15625,-2875,373,-23,1]
[729,-243,-45,55,-5,-3,1]
[256,-64,0,-12,15,-3,0,-1,1]
[729,135,41,5,1]
[4096,-256,-208,37,-13,-1,1]
[4096,0,640,-3,40,0,1]
[4096,-768,-16,17,-1,-3,1]
[625,-50,-23,-2,1]
[14641,0,-135,0,1]
[729,-81,63,-14,7,-1,1]
[256,0,32,0,-11,0,2,0,1]
[2401,49,93,1,1]
[729,-162,27,-22,3,-2,1]
[14641,363,158,3,1]
[729,-81,54,-23,6,-1,1]
[256,192,128,68,39,17,8,3,1]
[4096,512,448,53,28,2,1]
[256,0,48,20,-7,5,3,0,1]
[256,128,32,24,21,6,2,2,1]
[256,128,80,0,1,0,5,2,1]
[64,-64,40,-21,10,-4,1]
[4096,-1280,208,-45,13,-5,1]
[16384,-3712,413,-29,1]
[15625,0,-64,0,1]
[256,-128,48,36,-17,9,3,-2,1]
[256,-64,32,36,-9,9,2,-1,1]
[256,-64,-16,20,1,5,-1,-1,1]
[4096,2304,352,11,22,9,1]
[4096,512,0,41,0,2,1]
[15625,-2875,327,-23,1]
[512,320,-24,-55,-3,5,1]
[729,405,279,85,31,5,1]
[256,-64,80,32,1,8,5,-1,1]
[256,64,-48,-12,7,-3,-3,1,1]
[4096,512,160,111,10,2,1]
[4096,512,400,61,25,2,1]
[14641,-484,-106,-4,1]
[4096,1024,320,155,20,4,1]
[16384,-512,-97,-4,1]
[14641,1694,81,14,1]
[256,-256,96,24,-35,6,6,-4,1]
[729,-243,-27,41,-3,-3,1]
[256,-64,-32,-4,27,-1,-2,-1,1]
[256,0,-32,4,21,1,-2,0,1]
[4096,1792,544,143,34,7,1]
[6561,-324,77,-4,1]
[16384,3712,457,29,1]
[15625,-2625,243,-21,1]
[16384,1024,-15,8,1]
[4096,-256,32,-111,2,-1,1]
[4096,256,-128,-83,-8,1,1]
[2401,-196,-26,-4,1]
[14641,2057,283,17,1]
[4096,512,-128,-105,-8,2,1]
[14641,-1331,12,-11,1]
[4096,1536,176,-11,11,6,1]
[729,243,-18,-26,-2,3,1]
[4096,768,352,83,22,3,1]
[256,0,16,8,-5,2,1,0,1]
[16384,-1920,301,-15,1]
[256,64,48,-20,1,-5,3,1,1]
[16384,-1024,231,-8,1]
[15625,1625,102,13,1]
[4096,768,544,69,34,3,1]
[4096,2048,768,193,48,8,1]
[14641,-3388,399,-28,1]
[729,-405,234,-83,26,-5,1]
[4096,256,320,3,20,1,1]
[512,-256,24,13,3,-4,1]
[14641,1210,115,10,1]
[14641,-2662,318,-22,1]
[256,128,80,16,3,4,5,2,1]
[256,-384,384,-272,155,-68,24,-6,1]
[4096,-2048,656,-143,41,-8,1]
[6561,2268,346,28,1]
[256,192,48,-48,-43,-12,3,3,1]
[4096,-256,96,-55,6,-1,1]
[4096,0,16,75,1,0,1]
[15625,-500,-57,-4,1]
[4096,2048,672,155,42,8,1]
[4096,768,-160,-49,-10,3,1]
[4096,1536,624,173,39,6,1]
[512,-256,16,23,2,-4,1]
[256,-128,16,-12,15,-3,1,-2,1]
[4096,256,384,5,24,1,1]
[256,256,112,20,-1,5,7,4,1]
[4096,-1280,256,-49,16,-5,1]
[256,-128,80,-24,13,-6,5,-2,1]
[256,-192,128,-84,37,-21,8,-3,1]
[4096,-2560,720,-163,45,-10,1]
[15625,-3125,399,-25,1]
[256,-64,80,-48,23,-12,5,-1,1]
[4096,256,288,33,18,1,1]
[14641,1089,-1,9,1]
[64,-32,24,-5,6,-2,1]
[14641,-1936,206,-16,1]
[14641,-2178,181,-18,1]
[4096,512,448,27,28,2,1]
[256,-320,272,-160,89,-40,17,-5,1]
[625,-250,66,-10,1]
[16384,-1152,105,-9,1]
[4096,1280,416,57,26,5,1]
[6561,972,136,12,1]
[729,324,153,37,17,4,1]
[512,-320,48,11,6,-5,1]
[4096,-256,96,-39,6,-1,1]
[4096,2304,912,289,57,9,1]
[256,-64,-48,20,9,5,-3,-1,1]
[256,128,80,36,19,9,5,2,1]
[256,-256,96,-8,-3,-2,6,-4,1]
[16384,1024,-73,8,1]
[4096,2048,800,217,50,8,1]
[64,-16,12,-9,3,-1,1]
[4096,-2048,592,-149,37,-8,1]
[4096,1280,384,75,24,5,1]
[729,162,0,-38,0,2,1]
[4096,-1280,-176,131,-11,-5,1]
[4096,-256,-96,-9,-6,-1,1]
[4096,-2304,1008,-293,63,-9,1]
[4096,0,-15,0,1]
[729,-486,252,-101,28,-6,1]
[15625,2000,172,16,1]
[6561,810,172,10,1]
[14641,121,241,1,1]
[15625,1625,194,13,1]
[4096,1536,32,-61,2,6,1]
[2401,-147,13,-3,1]
[6561,243,-61,3,1]
[6561,972,185,12,1]
[15625,-750,67,-6,1]
[15625,-3125,338,-25,1]
[15625,-1250,107,-10,1]
[4096,768,176,-37,11,3,1]
[4096,-1280,480,-75,30,-5,1]
[4096,256,0,-79,0,1,1]
[6561,0,-56,0,1]
[14641,-847,160,-7,1]
[6561,243,128,3,1]
[256,64,0,12,9,3,0,1,1]
[512,448,232,93,29,7,1]
[256,-192,16,24,-13,6,1,-3,1]
[4096,0,-144,-37,-9,0,1]
[256,192,240,112,83,28,15,3,1]
[15625,1750,254,14,1]
[14641,-1694,94,-14,1]
[256,-64,16,36,-13,9,1,-1,1]
[4096,1536,784,185,49,6,1]
[2401,490,57,10,1]
[4096,1280,-16,-95,-1,5,1]
[4096,768,-64,-17,-4,3,1]
[729,-81,90,-20,10,-1,1]
[512,-128,8,5,1,-2,1]
[15625,-750,251,-6,1]
[15625,875,149,7,1]
[4096,768,144,-13,9,3,1]
[729,486,99,10,11,6,1]
[4096,-1536,608,-189,38,-6,1]
[15625,2125,182,17,1]
[256,256,160,76,31,19,10,4,1]
[4096,-2816,1040,-277,65,-11,1]
[16384,-1664,127,-13,1]
[14641,242,-80,2,1]
[256,0,96,-52,13,-13,6,0,1]
[4096,0,576,7,36,0,1]
[4096,-512,64,-71,4,-2,1]
[729,0,-54,-11,-6,0,1]
[16384,-1024,-19,-8,1]
[6561,405,74,5,1]
[256,-64,64,-36,21,-9,4,-1,1]
[4096,-1024,-80,73,-5,-4,1]
[625,100,18,4,1]
[4096,-1024,-32,51,-2,-4,1]
[4096,1024,64,-7,4,4,1]
[4096,768,160,55,10,3,1]
[4096,-1280,560,-93,35,-5,1]
[4096,1024,368,117,23,4,1]
[4096,1536,240,55,15,6,1]
[4096,-2560,1008,-275,63,-10,1]
[4096,-2048,928,-245,58,-8,1]
[512,128,-40,-27,-5,2,1]
[15625,500,-111,4,1]
[4096,-512,16,23,1,-2,1]
[512,-128,160,-25,20,-2,1]
[2401,294,87,6,1]
[15625,2000,119,16,1]
[256,320,208,84,31,21,13,5,1]
[4096,-256,96,-111,6,-1,1]
[4096,768,240,91,15,3,1]
[729,405,270,89,30,5,1]
[15625,2250,233,18,1]
[15625,-625,47,-5,1]
[4096,2304,704,179,44,9,1]
[4096,-1536,608,-185,38,-6,1]
[16384,-3840,451,-30,1]
[4096,512,-128,-15,-8,2,1]
[4096,1024,448,127,28,4,1]
[14641,-1694,185,-14,1]
[16384,3584,387,28,1]
[4096,-2560,736,-163,46,-10,1]
[729,81,-9,-23,-1,1,1]
[4096,0,256,33,16,0,1]
[4096,0,64,33,4,0,1]
[1024,-224,39,-7,1]
[4096,-2048,480,-105,30,-8,1]
[256,64,-16,-28,-1,-7,-1,1,1]
[256,-64,112,-40,25,-10,7,-1,1]
[4096,-2560,752,-181,47,-10,1]
[256,-384,352,-240,133,-60,22,-6,1]
[15625,625,7,5,1]
[256,-128,16,-40,35,-10,1,-2,1]
[4096,2560,976,269,61,10,1]
[4096,-256,240,-57,15,-1,1]
[4096,2048,304,23,19,8,1]
[4096,-768,128,-41,8,-3,1]
[4096,0,144,-85,9,0,1]
[4096,256,16,31,1,1,1]
[15625,-1125,22,-9,1]
[2401,490,46,10,1]
[4096,-2048,720,-231,45,-8,1]
[256,0,112,-20,27,-5,7,0,1]
[15625,2000,229,16,1]
[256,-64,-16,-12,7,-3,-1,-1,1]
[2401,-392,17,-8,1]
[15625,2500,347,20,1]
[15625,2375,259,19,1]
[4096,1280,448,71,28,5,1]
[4096,0,-112,27,-7,0,1]
[4096,1024,16,-23,1,4,1]
[4096,-1024,512,-85,32,-4,1]
[4096,1536,608,185,38,6,1]
[4096,1792,384,85,24,7,1]
[15625,-875,73,-7,1]
[4096,1024,288,49,18,4,1]
[512,384,120,31,15,6,1]
[729,243,171,31,19,3,1]
[256,0,48,-8,-5,-2,3,0,1]
[4096,2304,880,277,55,9,1]
[4096,512,208,121,13,2,1]
[14641,-1089,-40,-9,1]
[729,135,11,5,1]
[4096,-768,272,-121,17,-3,1]
[15625,1625,119,13,1]
[729,162,-18,-20,-2,2,1]
[256,256,112,-8,-19,-2,7,4,1]
[16384,896,79,7,1]
[4096,-768,272,-53,17,-3,1]
[4096,768,560,69,35,3,1]
[729,0,72,-17,8,0,1]
[14641,-726,182,-6,1]
[4096,-1536,144,19,9,-6,1]
[4096,768,-32,-63,-2,3,1]
[729,-27,-43,-1,1]
[4096,-128,-17,-2,1]
[4096,-1792,128,55,8,-7,1]
[256,-128,64,-32,3,-8,4,-2,1]
[256,-64,0,12,-23,3,0,-1,1]
[256,64,80,56,9,14,5,1,1]
[4096,1280,432,137,27,5,1]
[4096,-1792,-48,133,-3,-7,1]
[256,64,64,8,11,2,4,1,1]
[4096,-256,48,-39,3,-1,1]
[729,162,-36,-44,-4,2,1]
[625,75,49,3,1]
[729,-81,45,-5,5,-1,1]
[15625,-125,78,-1,1]
[6561,891,136,11,1]
[256,256,96,-28,-33,-7,6,4,1]
[4096,-512,80,-57,5,-2,1]
[512,-64,56,-31,7,-1,1]
[4096,1024,672,125,42,4,1]
[4096,1280,592,135,37,5,1]
[729,405,9,-32,1,5,1]
[4096,-512,85,-8,1]
[14641,-1936,164,-16,1]
[4096,256,128,-17,8,1,1]
[15625,0,142,0,1]
[6561,162,-67,2,1]
[729,-162,-18,32,-2,-2,1]
[256,192,64,-28,-27,-7,4,3,1]
[729,162,-9,-26,-1,2,1]
[15625,-500,-17,-4,1]
[4096,-256,144,-77,9,-1,1]
[729,81,9,-1,1,1,1]
[729,-324,126,-50,14,-4,1]
[4096,-768,288,-25,18,-3,1]
[15625,1625,57,13,1]
[14641,2057,145,17,1]
[4096,-2816,1280,-363,80,-11,1]
[729,162,72,8,8,2,1]
[15625,2125,253,17,1]
[2401,-49,86,-1,1]
[16384,2944,347,23,1]
[14641,363,169,3,1]
[4096,-256,192,-15,12,-1,1]
[4096,512,304,105,19,2,1]
[15625,500,197,4,1]
[4096,-2304,944,-253,59,-9,1]
[4096,-1024,192,25,12,-4,1]
[256,0,-80,-12,25,-3,-5,0,1]
[4096,1280,80,-45,5,5,1]
[4096,256,368,69,23,1,1]
[16384,-128,-151,-1,1]
[256,64,0,-8,11,-2,0,1,1]
[14641,-605,25,-5,1]
[14641,-121,-155,-1,1]
[15625,-1625,171,-13,1]
[4096,-512,144,-67,9,-2,1]
[256,-64,64,-40,17,-10,4,-1,1]
[256,128,0,-24,-7,-6,0,2,1]
[4096,2048,256,-7,16,8,1]
[14641,-3388,433,-28,1]
[4096,-512,592,-47,37,-2,1]
[15625,3750,464,30,1]
[6561,-81,17,-1,1]
[4096,-768,224,-29,14,-3,1]
[256,384,224,36,-9,9,14,6,1]
[256,0,0,20,-9,5,0,0,1]
[256,-192,128,-80,35,-20,8,-3,1]
[729,-486,225,-88,25,-6,1]
[4096,-768,-160,109,-10,-3,1]
[4096,512,448,15,28,2,1]
[2401,-392,76,-8,1]
[4096,256,-48,-3,-3,1,1]
[4096,3072,1184,325,74,12,1]
[256,64,32,-48,-15,-12,2,1,1]
[15625,-2500,233,-20,1]
[729,162,11,6,1]
[4096,-1792,624,-205,39,-7,1]
[16384,2944,329,23,1]
[4096,1536,688,143,43,6,1]
[4096,-256,16,97,1,-1,1]
[4096,-256,304,-13,19,-1,1]
[256,0,-32,-4,15,-1,-2,0,1]
[256,128,112,68,41,17,7,2,1]
[256,-256,160,-116,69,-29,10,-4,1]
[4096,512,32,-33,2,2,1]
[16384,-1920,219,-15,1]
[6561,891,70,11,1]
[4096,3072,1472,435,92,12,1]
[16384,-1664,279,-13,1]
[512,64,-8,-33,-1,1,1]
[4096,1024,-176,-93,-11,4,1]
[16384,-1152,205,-9,1]
[4096,-1024,656,-105,41,-4,1]
[4096,-1536,-96,121,-6,-6,1]
[14641,-2178,170,-18,1]
[256,128,16,-40,-29,-10,1,2,1]
[256,128,80,28,5,7,5,2,1]
[2401,637,124,13,1]
[625,0,-6,0,1]
[729,405,54,-7,6,5,1]
[4096,512,240,113,15,2,1]
[4096,0,64,9,4,0,1]
[4096,-768,368,-49,23,-3,1]
[512,512,296,121,37,8,1]
[4096,-2560,608,-111,38,-10,1]
[64,-32,16,-7,4,-2,1]
[1024,288,69,9,1]
[15625,375,221,3,1]
[4096,-256,-176,43,-11,-1,1]
[256,-192,112,-84,51,-21,7,-3,1]
[6561,1053,128,13,1]
[4096,-1280,256,-17,16,-5,1]
[15625,-250,-32,-2,1]
[14641,2057,137,17,1]
[16384,2304,171,18,1]
[16384,-1920,197,-15,1]
[729,-135,53,-5,1]
[4096,0,96,-27,6,0,1]
[15625,-125,231,-1,1]
[729,-324,9,29,1,-4,1]
[256,-128,32,0,-5,0,2,-2,1]
[256,-64,96,-24,31,-6,6,-1,1]
[16384,384,143,3,1]
[4096,256,304,17,19,1,1]
[256,0,0,36,5,9,0,0,1]
[15625,-125,-33,-1,1]
[4096,-256,96,51,6,-1,1]
[4096,512,144,-43,9,2,1]
[729,-81,-9,16,-1,-1,1]
[16384,-3328,403,-26,1]
[256,0,48,28,-3,7,3,0,1]
[16384,2688,289,21,1]
[4096,256,-32,-33,-2,1,1]
[4096,-768,240,-107,15,-3,1]
[512,128,48,29,6,2,1]
[4096,-768,272,-107,17,-3,1]
[2401,-441,117,-9,1]
[14641,-3630,425,-30,1]
[6561,-810,155,-10,1]
[4096,512,240,3,15,2,1]
[256,-320,208,-120,67,-30,13,-5,1]
[4096,256,336,-15,21,1,1]
[6561,-567,-31,-7,1]
[256,-256,128,-76,45,-19,8,-4,1]
[4096,-2304,416,-43,26,-9,1]
[256,64,-48,-12,-1,-3,-3,1,1]
[16384,-640,261,-5,1]
[256,0,48,-40,9,-10,3,0,1]
[256,-192,144,-84,35,-21,9,-3,1]
[256,-128,128,-88,33,-22,8,-2,1]
[729,-324,171,-41,19,-4,1]
[4096,1536,352,55,22,6,1]
[4096,-768,240,-13,15,-3,1]
[14641,-363,193,-3,1]
[15625,625,-44,5,1]
[256,-64,144,-36,41,-9,9,-1,1]
[729,-243,81,-13,9,-3,1]
[256,-192,80,-28,19,-7,5,-3,1]
[14641,605,75,5,1]
[15625,375,18,3,1]
[4096,256,64,101,4,1,1]
[14641,363,-8,3,1]
[256,-192,144,-80,53,-20,9,-3,1]
[4096,1024,496,113,31,4,1]
[256,-320,240,-140,73,-35,15,-5,1]
[14641,-4114,527,-34,1]
[15625,-1000,32,-8,1]
[256,-64,160,-36,53,-9,10,-1,1]
[729,0,0,5,0,0,1]
[256,64,0,16,7,4,0,1,1]
[729,81,72,23,8,1,1]
[4096,-1024,304,-57,19,-4,1]
[256,-128,48,-24,27,-6,3,-2,1]
[16384,1536,245,12,1]
[4096,-256,176,63,11,-1,1]
[4096,-1536,-144,139,-9,-6,1]
[256,-256,96,0,-15,0,6,-4,1]
[625,425,122,17,1]
[15625,500,-63,4,1]
[729,324,-54,-55,-6,4,1]
[256,-128,48,8,-17,2,3,-2,1]
[16384,1792,75,14,1]
[256,-64,48,8,-1,2,3,-1,1]
[2401,-196,65,-4,1]
[256,0,48,16,17,4,3,0,1]
[4096,256,-80,-23,-5,1,1]
[6561,0,89,0,1]
[15625,250,-154,2,1]
[15625,2000,217,16,1]
[729,-405,189,-85,21,-5,1]
[4096,1280,800,153,50,5,1]
[14641,726,-75,6,1]
[14641,968,206,8,1]
[729,-81,-36,22,-4,-1,1]
[16384,-3968,447,-31,1]
[14641,-847,5,-7,1]
[256,0,112,-32,25,-8,7,0,1]
[4096,-2048,688,-215,43,-8,1]
[4096,-1280,-16,89,-1,-5,1]
[14641,-605,32,-5,1]
[4096,-1280,480,-115,30,-5,1]
[512,-128,56,-17,7,-2,1]
[256,256,64,-24,-23,-6,4,4,1]
[512,-320,48,7,6,-5,1]
[14641,-1210,237,-10,1]
[256,-256,96,20,-33,5,6,-4,1]
[4096,-2048,800,-199,50,-8,1]
[4096,-768,-144,47,-9,-3,1]
[2401,-637,103,-13,1]
[4096,-256,192,-33,12,-1,1]
[16384,-256,-145,-2,1]
[256,64,96,28,23,7,6,1,1]
[4096,-384,-25,-6,1]
[4096,1024,528,71,33,4,1]
[15625,250,177,2,1]
[4096,-2048,800,-193,50,-8,1]
[256,-128,64,-44,17,-11,4,-2,1]
[4096,768,-96,-109,-6,3,1]
[512,-256,88,-35,11,-4,1]
[4096,-512,288,-17,18,-2,1]
[4096,-1280,464,-115,29,-5,1]
[16384,-1792,125,-14,1]
[14641,847,101,7,1]
[729,-243,-45,35,-5,-3,1]
[1024,-320,51,-10,1]
[256,-320,240,-116,57,-29,15,-5,1]
[4096,-256,208,-81,13,-1,1]
[16384,2688,325,21,1]
[4096,256,-32,39,-2,1,1]
[4096,2048,848,227,53,8,1]
[4096,-512,-112,23,-7,-2,1]
[256,384,304,156,75,39,19,6,1]
[256,128,112,36,33,9,7,2,1]
[4096,-1792,512,-107,32,-7,1]
[4096,256,304,-13,19,1,1]
[15625,750,201,6,1]
[15625,3250,394,26,1]
[512,-64,-16,-1,-2,-1,1]
[4096,768,304,91,19,3,1]
[4096,448,-9,7,1]
[4096,-768,-96,43,-6,-3,1]
[14641,-2783,277,-23,1]
[4096,-2304,864,-235,54,-9,1]
[4096,2560,928,253,58,10,1]
[4096,-1280,-32,85,-2,-5,1]
[4096,1280,64,-25,4,5,1]
[4096,-2560,624,-117,39,-10,1]
[4096,256,-176,7,-11,1,1]
[4096,-256,-112,-15,-7,-1,1]
[729,162,72,26,8,2,1]
[14641,-847,72,-7,1]
[4096,-1024,320,-87,20,-4,1]
[256,-64,64,-36,29,-9,4,-1,1]
[6561,1377,158,17,1]
[4096,1792,560,111,35,7,1]
[15625,-875,59,-7,1]
[729,-243,81,-8,9,-3,1]
[4096,1024,592,97,37,4,1]
[15625,375,-131,3,1]
[256,64,80,24,23,6,5,1,1]
[2401,-343,85,-7,1]
[4096,0,-144,29,-9,0,1]
[6561,1053,160,13,1]
[4096,256,-16,31,-1,1,1]
[729,324,117,19,13,4,1]
[256,192,112,52,21,13,7,3,1]
[4096,-2304,1024,-273,64,-9,1]
[4096,192,75,3,1]
[14641,2420,255,20,1]
[1024,64,47,2,1]
[256,80,15,5,1]
[4096,2048,640,155,40,8,1]
[256,-128,192,-72,63,-18,12,-2,1]
[625,100,52,4,1]
[256,320,288,188,103,47,18,5,1]
[6561,-1377,217,-17,1]
[512,-64,24,-41,3,-1,1]
[4096,768,400,71,25,3,1]
[4096,1280,-64,-99,-4,5,1]
[4096,2048,576,143,36,8,1]
[4096,-768,288,-83,18,-3,1]
[4096,512,320,57,20,2,1]
[4096,1024,-96,-87,-6,4,1]
[256,-128,48,-16,19,-4,3,-2,1]
[14641,1452,26,12,1]
[4096,512,304,15,19,2,1]
[15625,1250,248,10,1]
[4096,768,-80,-85,-5,3,1]
[6561,-405,61,-5,1]
[4096,1536,272,45,17,6,1]
[15625,2750,282,22,1]
[4096,-768,256,-33,16,-3,1]
[14641,847,-25,7,1]
[256,192,64,-20,-25,-5,4,3,1]
[256,-64,-64,4,19,1,-4,-1,1]
[729,-405,162,-52,18,-5,1]
[4096,-1792,432,-119,27,-7,1]
[14641,-3509,424,-29,1]
[14641,-1936,218,-16,1]
[512,-192,-48,45,-6,-3,1]
[4096,768,0,-19,0,3,1]
[4096,-2304,704,-189,44,-9,1]
[729,324,108,17,12,4,1]
[4096,512,-16,-37,-1,2,1]
[15625,-250,-149,-2,1]
[14641,-605,195,-5,1]
[14641,1936,268,16,1]
[4096,768,512,105,32,3,1]
[256,-128,160,-64,57,-16,10,-2,1]
[729,-324,72,-11,8,-4,1]
[16384,3584,441,28,1]
[6561,-243,-31,-3,1]
[16384,-1280,55,-10,1]
[4096,-1024,160,-19,10,-4,1]
[4096,1280,656,125,41,5,1]
[4096,2048,752,245,47,8,1]
[6561,729,62,9,1]
[15625,-250,206,-2,1]
[4096,-512,224,5,14,-2,1]
[4096,-512,288,-13,18,-2,1]
[4096,-768,496,-71,31,-3,1]
[4096,768,400,113,25,3,1]
[16384,-1152,-19,-9,1]
[625,0,-34,0,1]
[16384,384,183,3,1]
[256,-192,160,-92,61,-23,10,-3,1]
[15625,1000,72,8,1]
[64,48,24,13,6,3,1]
[256,-256,240,-152,89,-38,15,-4,1]
[256,0,64,44,7,11,4,0,1]
[4096,-2304,592,-113,37,-9,1]
[512,-256,120,-37,15,-4,1]
[729,324,117,55,13,4,1]
[625,0,-49,0,1]
[6561,2025,314,25,1]
[4096,2048,656,147,41,8,1]
[16384,2688,319,21,1]
[256,192,96,76,47,19,6,3,1]
[4096,-2304,736,-177,46,-9,1]
[729,567,288,101,32,7,1]
[4096,-768,-144,125,-9,-3,1]
[6561,-405,116,-5,1]
[6561,-648,152,-8,1]
[4096,-768,145,-12,1]
[15625,875,69,7,1]
[14641,-121,-95,-1,1]
[256,256,160,64,29,16,10,4,1]
[729,-81,90,-37,10,-1,1]
[256,-320,208,-144,89,-36,13,-5,1]
[4096,64,-51,1,1]
[4096,-1792,752,-169,47,-7,1]
[256,192,144,88,43,22,9,3,1]
[4096,1536,144,7,9,6,1]
[256,0,64,-4,27,-1,4,0,1]
[256,64,144,24,39,6,9,1,1]
[4096,-1280,192,-13,12,-5,1]
[256,64,0,-32,-3,-8,0,1,1]
[4096,1792,480,141,30,7,1]
[625,-150,41,-6,1]
[16384,-1408,189,-11,1]
[4096,-1024,96,7,6,-4,1]
[4096,-512,128,55,8,-2,1]
[256,128,128,84,39,21,8,2,1]
[4096,0,-16,89,-1,0,1]
[256,-64,16,-12,19,-3,1,-1,1]
[6561,81,35,1,1]
[15625,1375,228,11,1]
[729,-405,162,-38,18,-5,1]
[16384,2688,315,21,1]
[4096,256,32,-55,2,1,1]
[729,-567,288,-113,32,-7,1]
[15625,500,118,4,1]
[729,162,54,19,6,2,1]
[14641,-605,-117,-5,1]
[4096,2304,496,77,31,9,1]
[4096,-1024,48,-19,3,-4,1]
[4096,256,96,57,6,1,1]
[256,-128,16,36,-29,9,1,-2,1]
[81,-45,14,-5,1]
[4096,-1280,496,-149,31,-5,1]
[14641,605,26,5,1]
[256,128,0,-24,-19,-6,0,2,1]
[512,-64,72,5,9,-1,1]
[15625,-375,-51,-3,1]
[4096,-64,95,-1,1]
[4096,-1280,192,17,12,-5,1]
[256,64,16,24,9,6,1,1,1]
[15625,3250,368,26,1]
[256,0,80,-32,17,-8,5,0,1]
[256,128,80,36,33,9,5,2,1]
[2401,196,80,4,1]
[4096,-1024,-240,133,-15,-4,1]
[4096,-768,400,-51,25,-3,1]
[4096,-512,448,-65,28,-2,1]
[4096,256,-192,-27,-12,1,1]
[15625,-1125,39,-9,1]
[15625,1000,94,8,1]
[4096,2048,816,209,51,8,1]
[729,-486,108,-10,12,-6,1]
[256,64,16,40,19,10,1,1,1]
[14641,-1815,270,-15,1]
[4096,-1280,400,-145,25,-5,1]
[256,64,48,0,1,0,3,1,1]
[4096,768,224,97,14,3,1]
[625,75,51,3,1]
[729,-243,135,-52,15,-3,1]
[256,-192,112,-48,33,-12,7,-3,1]
[256,-64,64,-16,21,-4,4,-1,1]
[14641,-2783,283,-23,1]
[14641,726,115,6,1]
[14641,-363,15,-3,1]
[6561,0,44,0,1]
[512,-576,368,-153,46,-9,1]
[16384,2944,317,23,1]
[6561,243,107,3,1]
[729,-324,108,-52,12,-4,1]
[16384,-3328,419,-26,1]
[729,-162,108,-16,12,-2,1]
[4096,2304,832,213,52,9,1]
[4096,-2560,1040,-289,65,-10,1]
[4096,256,32,43,2,1,1]
[4096,768,-32,-3,-2,3,1]
[15625,-625,192,-5,1]
[14641,242,7,2,1]
[256,192,176,104,67,26,11,3,1]
[4096,-512,16,79,1,-2,1]
[729,0,45,10,5,0,1]
[4096,-768,16,47,1,-3,1]
[15625,-3625,421,-29,1]
[4096,512,448,31,28,2,1]
[729,0,-9,5,-1,0,1]
[14641,2178,250,18,1]
[256,256,144,40,9,10,9,4,1]
[15625,-625,28,-5,1]
[256,-192,128,-68,47,-17,8,-3,1]
[729,108,-8,4,1]
[16384,-1536,97,-12,1]
[256,0,0,-16,13,-4,0,0,1]
[4096,-512,-32,63,-2,-2,1]
[6561,486,23,6,1]
[1024,-224,51,-7,1]
[4096,512,48,-79,3,2,1]
[4096,1536,448,103,28,6,1]
[4096,-1024,256,-25,16,-4,1]
[16384,-3840,461,-30,1]
[2401,686,130,14,1]
[14641,605,201,5,1]
[256,-256,176,-88,45,-22,11,-4,1]
[729,-243,-54,52,-6,-3,1]
[256,-64,48,36,-3,9,3,-1,1]
[14641,847,103,7,1]
[4096,1024,-176,-123,-11,4,1]
[256,64,128,52,35,13,8,1,1]
[6561,1620,235,20,1]
[4096,-1280,160,-43,10,-5,1]
[4096,-256,-32,81,-2,-1,1]
[2401,539,118,11,1]
[4096,-1792,880,-213,55,-7,1]
[4096,1280,656,143,41,5,1]
[14641,-1210,16,-10,1]
[256,64,-32,12,19,3,-2,1,1]
[4096,-1280,432,-55,27,-5,1]
[256,0,16,-4,9,-1,1,0,1]
[4096,-768,160,-79,10,-3,1]
[4096,768,-128,-129,-8,3,1]
[4096,2560,1088,313,68,10,1]
[4096,768,-160,-55,-10,3,1]
[4096,-1024,-144,135,-9,-4,1]
[4096,2304,1088,299,68,9,1]
[4096,768,176,113,11,3,1]
[16384,0,-225,0,1]
[4096,-128,-63,-2,1]
[4096,0,48,17,3,0,1]
[4096,-1536,-80,117,-5,-6,1]
[729,0,72,11,8,0,1]
[4096,-1280,112,-13,7,-5,1]
[4096,768,368,81,23,3,1]
[4096,-256,-144,7,-9,-1,1]
[16384,-2048,239,-16,1]
[4096,-256,256,45,16,-1,1]
[256,-192,128,-72,25,-18,8,-3,1]
[4096,-704,97,-11,1]
[4096,512,592,45,37,2,1]
[14641,-2299,292,-19,1]
[4096,-256,96,79,6,-1,1]
[4096,-256,-96,23,-6,-1,1]
[4096,2048,752,219,47,8,1]
[4096,-1536,464,-109,29,-6,1]
[729,-648,333,-127,37,-8,1]
[256,-64,19,-4,1]
[4096,-512,16,19,1,-2,1]
[2401,-441,65,-9,1]
[512,64,24,17,3,1,1]
[729,0,27,-1,3,0,1]
[16384,256,79,2,1]
[4096,1536,720,177,45,6,1]
[15625,-3000,329,-24,1]
[4096,512,416,43,26,2,1]
[16384,1664,219,13,1]
[4096,0,512,17,32,0,1]
[512,64,88,19,11,1,1]
[512,-64,40,21,5,-1,1]
[256,192,96,44,15,11,6,3,1]
[729,-243,45,10,5,-3,1]
[256,-320,192,-64,19,-16,12,-5,1]
[256,0,64,0,33,0,4,0,1]
[4096,-2816,816,-179,51,-11,1]
[4096,-768,-160,125,-10,-3,1]
[16384,128,47,1,1]
[256,128,160,80,51,20,10,2,1]
[512,64,80,1,10,1,1]
[4096,-768,-240,103,-15,-3,1]
[15625,250,223,2,1]
[14641,2057,300,17,1]
[729,-243,63,-8,7,-3,1]
[4096,2048,400,69,25,8,1]
[4096,1280,112,-3,7,5,1]
[16384,4352,533,34,1]
[4096,512,-64,-77,-4,2,1]
[256,-192,128,-64,29,-16,8,-3,1]
[4096,-2048,464,-75,29,-8,1]
[4096,-512,-64,113,-4,-2,1]
[4096,512,192,45,12,2,1]
[512,-128,-40,27,-5,-2,1]
[256,128,80,8,3,2,5,2,1]
[4096,768,160,15,10,3,1]
[256,192,80,24,13,6,5,3,1]
[256,-256,96,32,-37,8,6,-4,1]
[256,192,96,60,41,15,6,3,1]
[256,-64,-80,0,33,0,-5,-1,1]
[4096,512,336,17,21,2,1]
[6561,-810,134,-10,1]
[256,64,48,8,9,2,3,1,1]
[512,-192,96,-49,12,-3,1]
[14641,-1452,243,-12,1]
[4096,-256,32,-109,2,-1,1]
[256,320,224,96,41,24,14,5,1]
[4096,2560,1056,329,66,10,1]
[512,-192,128,-45,16,-3,1]
[2401,441,34,9,1]
[729,243,90,35,10,3,1]
[4096,-768,208,-21,13,-3,1]
[4096,1536,384,61,24,6,1]
[256,-192,64,4,-7,1,4,-3,1]
[6561,-1620,253,-20,1]
[2401,-245,38,-5,1]
[256,-128,16,20,-9,5,1,-2,1]
[4096,1536,128,-39,8,6,1]
[4096,512,528,69,33,2,1]
[4096,-1536,304,-71,19,-6,1]
[15625,2750,269,22,1]
[729,-567,297,-112,33,-7,1]
[6561,-243,-19,-3,1]
[15625,-1500,191,-12,1]
[512,448,264,107,33,7,1]
[4096,-512,352,-51,22,-2,1]
[15625,-875,-18,-7,1]
[4096,-1536,336,-83,21,-6,1]
[6561,891,58,11,1]
[256,0,-16,20,-1,5,-1,0,1]
[14641,-2662,325,-22,1]
[256,-256,144,-60,27,-15,9,-4,1]
[625,-150,47,-6,1]
[6561,-81,50,-1,1]
[14641,0,-118,0,1]
[729,405,72,-4,8,5,1]
[4096,-1280,16,57,1,-5,1]
[4096,2816,1168,323,73,11,1]
[256,64,0,24,13,6,0,1,1]
[81,36,13,4,1]
[256,-384,272,-144,73,-36,17,-6,1]
[256,0,32,-20,7,-5,2,0,1]
[4096,-1024,304,-125,19,-4,1]
[4096,-2048,352,-33,22,-8,1]
[4096,-3072,1216,-339,76,-12,1]
[15625,2000,256,16,1]
[4096,-512,-112,99,-7,-2,1]
[729,297,64,11,1]
[4096,256,-48,-61,-3,1,1]
[15625,2500,312,20,1]
[256,128,144,56,37,14,9,2,1]
[729,0,-9,-17,-1,0,1]
[14641,-1210,70,-10,1]
[256,-256,160,-104,57,-26,10,-4,1]
[4096,768,-176,-129,-11,3,1]
[16384,-2304,331,-18,1]
[4096,768,-192,-65,-12,3,1]
[16384,-128,145,-1,1]
[15625,-750,-59,-6,1]
[256,0,-96,4,25,1,-6,0,1]
[4096,-1280,336,-107,21,-5,1]
[729,-81,-27,53,-3,-1,1]
[15625,3000,378,24,1]
[729,243,108,22,12,3,1]
[729,162,0,-11,0,2,1]
[15625,2000,287,16,1]
[4096,-256,288,11,18,-1,1]
[15625,500,-19,4,1]
[4096,-512,-112,107,-7,-2,1]
[16384,1536,177,12,1]
[14641,-121,207,-1,1]
[16384,-1024,145,-8,1]
[4096,-768,240,-73,15,-3,1]
[14641,-726,41,-6,1]
[729,81,9,29,1,1,1]
[4096,0,112,-97,7,0,1]
[4096,256,272,45,17,1,1]
[729,405,108,23,12,5,1]
[4096,-3584,1600,-473,100,-14,1]
[4096,-768,176,-29,11,-3,1]
[625,75,32,3,1]
[14641,-484,-12,-4,1]
[256,64,-32,-16,11,-4,-2,1,1]
[14641,121,20,1,1]
[729,-81,-8,-3,1]
[512,-64,104,1,13,-1,1]
[4096,768,-32,-79,-2,3,1]
[256,64,-80,-16,17,-4,-5,1,1]
[14641,2662,266,22,1]
[256,-64,-32,16,9,4,-2,-1,1]
[4096,2560,720,153,45,10,1]
[4096,-256,125,-4,1]
[4096,1024,64,5,4,4,1]
[4096,2816,1056,285,66,11,1]
[4096,2816,880,215,55,11,1]
[6561,324,11,4,1]
[4096,-1536,368,-75,23,-6,1]
[256,-192,224,-120,79,-30,14,-3,1]
[14641,2178,199,18,1]
[4096,-1024,-64,55,-4,-4,1]
[512,192,32,13,4,3,1]
[16384,-2304,307,-18,1]
[4096,-512,160,-13,10,-2,1]
[15625,2375,292,19,1]
[2401,-343,110,-7,1]
[4096,1024,384,111,24,4,1]
[15625,1375,233,11,1]
[4096,768,-192,-109,-12,3,1]
[512,0,16,-19,2,0,1]
[4096,-1280,736,-151,46,-5,1]
[4096,-1792,592,-175,37,-7,1]
[4096,-2048,224,25,14,-8,1]
[4096,-2816,1104,-321,69,-11,1]
[16384,3200,323,25,1]
[256,-192,-16,24,1,6,-1,-3,1]
[512,0,-24,23,-3,0,1]
[4096,0,-48,-93,-3,0,1]
[256,64,80,0,5,0,5,1,1]
[14641,-242,-147,-2,1]
[6561,0,121,0,1]
[256,0,-16,-4,9,-1,-1,0,1]
[4096,384,7,6,1]
[4096,-256,432,-41,27,-1,1]
[14641,-242,31,-2,1]
[4096,1536,16,-59,1,6,1]
[4096,1280,144,-9,9,5,1]
[256,64,-128,-4,47,-1,-8,1,1]
[4096,1024,176,15,11,4,1]
[4096,1280,224,47,14,5,1]
[4096,2560,976,265,61,10,1]
[4096,1792,848,215,53,7,1]
[4096,-2048,672,-171,42,-8,1]
[4096,-1536,608,-159,38,-6,1]
[4096,-1280,223,-20,1]
[729,-405,135,-47,15,-5,1]
[256,-64,32,4,11,1,2,-1,1]
[14641,-363,-97,-3,1]
[729,810,486,190,54,10,1]
[16384,2688,237,21,1]
[6561,-81,122,-1,1]
[729,-243,18,1,2,-3,1]
[4096,256,-48,-25,-3,1,1]
[14641,-1089,123,-9,1]
[15625,250,8,2,1]
[256,-320,176,-40,5,-10,11,-5,1]
[729,243,108,20,12,3,1]
[729,324,27,-1,3,4,1]
[512,-320,144,-65,18,-5,1]
[729,162,-36,-49,-4,2,1]
[2401,-441,64,-9,1]
[256,256,192,120,67,30,12,4,1]
[4096,512,-128,-45,-8,2,1]
[4096,-2048,272,7,17,-8,1]
[4096,2048,672,203,42,8,1]
[512,0,0,1,0,0,1]
[4096,-512,256,-35,16,-2,1]
[729,-486,306,-107,34,-6,1]
[14641,2420,298,20,1]
[512,-640,384,-155,48,-10,1]
[15625,4750,601,38,1]
[256,-64,48,-4,-5,-1,3,-1,1]
[4096,-1536,624,-153,39,-6,1]
[4096,-512,400,-57,25,-2,1]
[4096,-1280,640,-149,40,-5,1]
[729,243,-27,-29,-3,3,1]
[4096,-1024,320,-63,20,-4,1]
[256,128,16,-40,-23,-10,1,2,1]
[15625,-500,107,-4,1]
[512,-256,-32,51,-4,-4,1]
[256,320,192,88,43,22,12,5,1]
[256,0,-16,-12,5,-3,-1,0,1]
[2401,-735,138,-15,1]
[256,-64,16,-28,25,-7,1,-1,1]
[4096,-1280,288,-105,18,-5,1]
[729,-81,-18,-11,-2,-1,1]
[4096,-2048,672,-153,42,-8,1]
[4096,-1024,784,-127,49,-4,1]
[4096,1536,32,-85,2,6,1]
[2401,882,164,18,1]
[4096,-256,240,15,15,-1,1]
[729,-729,414,-158,46,-9,1]
[4096,0,-80,67,-5,0,1]
[256,320,240,136,71,34,15,5,1]
[256,128,64,16,17,4,4,2,1]
[14641,-363,85,-3,1]
[14641,2178,217,18,1]
[729,0,81,-14,9,0,1]
[4096,1792,768,217,48,7,1]
[4096,-1024,416,-87,26,-4,1]
[4096,1024,-16,-93,-1,4,1]
[625,0,-21,0,1]
[4096,1536,96,-27,6,6,1]
[121,-13,1]
[15625,-500,-106,-4,1]
[4096,-512,320,-55,20,-2,1]
[4096,-2048,384,-43,24,-8,1]
[4096,-2304,1024,-293,64,-9,1]
[4096,-512,240,3,15,-2,1]
[4096,960,145,15,1]
[4096,-1792,192,27,12,-7,1]
[256,0,-16,12,11,3,-1,0,1]
[4096,0,-80,-25,-5,0,1]
[4096,-768,400,-25,25,-3,1]
[4096,-1792,432,-97,27,-7,1]
[256,128,16,24,17,6,1,2,1]
[256,0,128,0,43,0,8,0,1]
[4096,512,-32,5,-2,2,1]
[14641,1210,245,10,1]
[256,-192,112,-8,3,-2,7,-3,1]
[15625,-375,-4,-3,1]
[14641,-2178,174,-18,1]
[15625,-3500,377,-28,1]
[6561,-1215,209,-15,1]
[4096,2816,1040,291,65,11,1]
[256,192,32,-44,-33,-11,2,3,1]
[256,-192,160,-96,63,-24,10,-3,1]
[15625,4125,519,33,1]
[729,324,162,47,18,4,1]
[256,-64,48,4,-3,1,3,-1,1]
[4096,-1024,528,-79,33,-4,1]
[4096,-1024,432,-85,27,-4,1]
[256,64,80,-12,15,-3,5,1,1]
[4096,-512,592,-57,37,-2,1]
[14641,-847,18,-7,1]
[729,-405,234,-88,26,-5,1]
[512,128,-32,-33,-4,2,1]
[4096,-1024,-208,135,-13,-4,1]
[6561,-567,-16,-7,1]
[14641,2662,313,22,1]
[4096,768,176,-33,11,3,1]
[4096,-768,96,59,6,-3,1]
[256,-16,29,-1,1]
[14641,-484,229,-4,1]
[4096,1024,0,-29,0,4,1]
[14641,-1331,56,-11,1]
[14641,3146,379,26,1]
[4096,-768,208,-61,13,-3,1]
[4096,1024,-144,-127,-9,4,1]
[729,-324,135,-65,15,-4,1]
[4096,-256,64,-105,4,-1,1]
[729,162,162,26,18,2,1]
[256,128,0,32,35,8,0,2,1]
[16384,512,-31,4,1]
[729,324,171,50,19,4,1]
[4096,256,-48,7,-3,1,1]
[4096,-768,304,-101,19,-3,1]
[15625,-4750,608,-38,1]
[256,320,304,192,109,48,19,5,1]
[512,-384,192,-83,24,-6,1]
[256,64,-80,-4,27,-1,-5,1,1]
[729,486,27,-38,3,6,1]
[256,64,16,-16,-23,-4,1,1,1]
[4096,0,32,75,2,0,1]
[14641,2057,258,17,1]
[4096,512,112,-5,7,2,1]
[256,-64,16,0,-11,0,1,-1,1]
[6561,-1215,182,-15,1]
[15625,-2500,319,-20,1]
[16384,-384,-175,-3,1]
[14641,847,248,7,1]
[256,-192,32,-16,21,-4,2,-3,1]
[15625,-1875,281,-15,1]
[15625,1875,96,15,1]
[16,4,3,1,1]
[729,-162,-18,35,-2,-2,1]
[256,-192,128,-20,9,-5,8,-3,1]
[4096,512,-48,23,-3,2,1]
[4096,-2048,624,-141,39,-8,1]
[729,-81,108,-19,12,-1,1]
[4096,2048,752,193,47,8,1]
[16384,-3584,427,-28,1]
[4096,-1280,352,-131,22,-5,1]
[256,192,32,-32,-27,-8,2,3,1]
[4096,768,80,5,5,3,1]
[16384,4992,631,39,1]
[729,-81,36,8,4,-1,1]
[729,-162,45,-14,5,-2,1]
[15625,-1250,178,-10,1]
[4096,0,96,5,6,0,1]
[4096,-2560,704,-151,44,-10,1]
[256,-192,144,-76,33,-19,9,-3,1]
[512,-64,0,7,0,-1,1]
[729,162,50,6,1]
[729,-405,189,-83,21,-5,1]
[4096,1088,189,17,1]
[256,-320,272,-164,89,-41,17,-5,1]
[4096,2048,816,213,51,8,1]
[16384,-128,235,-1,1]
[14641,-1936,185,-16,1]
[4096,2560,1232,345,77,10,1]
[256,0,32,12,11,3,2,0,1]
[6561,648,41,8,1]
[6561,-1053,154,-13,1]
[4096,-768,320,-81,20,-3,1]
[4096,3072,1312,373,82,12,1]
[16384,3840,425,30,1]
[4096,1536,272,25,17,6,1]
[256,0,96,-28,15,-7,6,0,1]
[512,0,40,3,5,0,1]
[729,324,162,44,18,4,1]
[4096,-768,107,-12,1]
[4096,-320,-11,-5,1]
[729,-324,153,-74,17,-4,1]
[4096,-1536,-224,187,-14,-6,1]
[4096,512,-176,-33,-11,2,1]
[256,-64,144,-36,51,-9,9,-1,1]
[15625,-1500,179,-12,1]
[512,-64,0,13,0,-1,1]
[15625,1625,246,13,1]
[256,64,80,48,19,12,5,1,1]
[14641,-363,-141,-3,1]
[16384,-2176,235,-17,1]
[14641,0,-192,0,1]
[4096,1792,320,29,20,7,1]
[4096,0,-32,-59,-2,0,1]
[256,192,176,84,55,21,11,3,1]
[4096,0,272,-33,17,0,1]
[4096,-768,-96,83,-6,-3,1]
[4096,-768,224,-49,14,-3,1]
[16384,-896,145,-7,1]
[4096,0,-16,-85,-1,0,1]
[256,128,48,-4,-11,-1,3,2,1]
[4096,256,688,29,43,1,1]
[4096,-1024,-32,81,-2,-4,1]
[256,128,96,52,35,13,6,2,1]
[16384,-384,-15,-3,1]
[14641,-2783,337,-23,1]
[4096,4352,2192,679,137,17,1]
[256,-128,96,-36,27,-9,6,-2,1]
[729,0,126,5,14,0,1]
[729,-81,-18,35,-2,-1,1]
[256,256,128,4,-13,1,8,4,1]
[14641,-484,-74,-4,1]
[4096,-1536,368,-79,23,-6,1]
[14641,-2057,205,-17,1]
[15625,875,117,7,1]
[4096,-1792,528,-97,33,-7,1]
[14641,1936,179,16,1]
[256,-128,176,-52,53,-13,11,-2,1]
[14641,1331,36,11,1]
[256,-256,160,-80,45,-20,10,-4,1]
[256,128,0,12,15,3,0,2,1]
[4096,1280,-160,-151,-10,5,1]
[4096,-256,-176,-5,-11,-1,1]
[256,-192,80,-24,5,-6,5,-3,1]
[4096,512,320,45,20,2,1]
[6561,-648,7,-8,1]
[16384,384,71,3,1]
[4096,0,384,-9,24,0,1]
[4096,-1280,304,-117,19,-5,1]
[729,-243,207,-50,23,-3,1]
[15625,-750,217,-6,1]
[4096,-256,288,-31,18,-1,1]
[625,-75,49,-3,1]
[729,162,45,17,5,2,1]
[4096,256,75,4,1]
[4096,2048,816,237,51,8,1]
[1024,384,85,12,1]
[16384,-512,37,-4,1]
[14641,3993,511,33,1]
[15625,-2000,184,-16,1]
[4096,-2048,832,-215,52,-8,1]
[4096,-512,-32,-35,-2,-2,1]
[6561,729,2,9,1]
[16384,0,-99,0,1]
[4096,-1280,-144,131,-9,-5,1]
[4096,-1536,-16,85,-1,-6,1]
[2401,49,83,1,1]
[4096,0,0,59,0,0,1]
[4096,-64,59,-1,1]
[729,567,216,61,24,7,1]
[4096,-3072,1152,-319,72,-12,1]
[14641,3388,428,28,1]
[4096,512,480,37,30,2,1]
[14641,2783,310,23,1]
[256,-192,144,-76,43,-19,9,-3,1]
[512,-64,40,-5,5,-1,1]
[14641,0,-136,0,1]
[729,324,54,14,6,4,1]
[512,384,176,59,22,6,1]
[2401,-441,67,-9,1]
[14641,2178,291,18,1]
[15625,-2375,279,-19,1]
[4096,-128,-43,-2,1]
[256,192,112,52,15,13,7,3,1]
[729,162,63,1,7,2,1]
[625,50,2,2,1]
[4096,-1024,448,-87,28,-4,1]
[6561,0,52,0,1]
[512,384,152,55,19,6,1]
[14641,484,-38,4,1]
[4096,-1536,240,-43,15,-6,1]
[256,-128,192,-68,63,-17,12,-2,1]
[4096,-768,-96,63,-6,-3,1]
[729,162,18,-10,2,2,1]
[16384,-896,173,-7,1]
[16384,3200,393,25,1]
[256,512,544,396,221,99,34,8,1]
[4096,1024,400,97,25,4,1]
[4096,-768,416,-77,26,-3,1]
[4096,0,-16,-101,-1,0,1]
[4096,-768,-224,109,-14,-3,1]
[16384,0,-167,0,1]
[15625,-250,-108,-2,1]
[14641,-2783,304,-23,1]
[15625,-3125,398,-25,1]
[4096,-1280,-224,161,-14,-5,1]
[4096,-1024,160,-53,10,-4,1]
[256,0,32,-16,19,-4,2,0,1]
[729,-81,18,4,2,-1,1]
[14641,242,-135,2,1]
[15625,0,-14,0,1]
[256,192,160,80,43,20,10,3,1]
[16384,3584,391,28,1]
[256,64,96,20,27,5,6,1,1]
[4096,-1280,432,-75,27,-5,1]
[15625,3625,409,29,1]
[256,128,-48,-28,-3,-7,-3,2,1]
[4096,832,153,13,1]
[6561,1296,160,16,1]
[15625,3625,406,29,1]
[4096,0,208,47,13,0,1]
[729,0,-9,-1,-1,0,1]
[256,-128,16,16,-17,4,1,-2,1]
[4096,-1024,592,-85,37,-4,1]
[512,0,128,5,16,0,1]
[4096,512,48,87,3,2,1]
[15625,-2875,322,-23,1]
[729,162,117,35,13,2,1]
[6561,2025,293,25,1]
[4096,-768,48,63,3,-3,1]
[15625,2875,373,23,1]
[256,64,32,8,-11,2,2,1,1]
[256,192,32,-36,-29,-9,2,3,1]
[2401,294,72,6,1]
[625,-175,58,-7,1]
[16384,-768,93,-6,1]
[14641,1331,75,11,1]
[4096,1280,560,119,35,5,1]
[121,-10,1]
[6561,-729,182,-9,1]
[14641,-2299,324,-19,1]
[14641,2057,197,17,1]
[256,-192,112,-68,45,-17,7,-3,1]
[15625,2875,344,23,1]
[14641,-2178,302,-18,1]
[4096,768,0,-47,0,3,1]
[14641,-363,-76,-3,1]
[512,128,-40,-35,-5,2,1]
[14641,-1210,53,-10,1]
[14641,-1694,200,-14,1]
[4096,0,64,101,4,0,1]
[512,-64,40,11,5,-1,1]
[14641,3025,340,25,1]
[4096,2304,800,213,50,9,1]
[256,128,64,-44,-21,-11,4,2,1]
[14641,1210,98,10,1]
[729,-567,297,-122,33,-7,1]
[256,128,128,40,37,10,8,2,1]
[16384,1408,199,11,1]
[14641,-2178,281,-18,1]
[256,0,-16,16,-7,4,-1,0,1]
[4096,1536,304,65,19,6,1]
[4096,256,-48,-95,-3,1,1]
[4096,-1024,144,21,9,-4,1]
[4096,-2304,896,-283,56,-9,1]
[16384,-2944,311,-23,1]
[256,0,112,8,27,2,7,0,1]
[14641,-242,211,-2,1]
[14641,-363,144,-3,1]
[15625,-1000,28,-8,1]
[4096,-512,-16,27,-1,-2,1]
[15625,-1125,189,-9,1]
[6561,1377,187,17,1]
[729,243,-9,-13,-1,3,1]
[16384,1152,121,9,1]
[256,192,160,64,37,16,10,3,1]
[4096,320,87,5,1]
[4096,-2048,656,-179,41,-8,1]
[16384,-2432,289,-19,1]
[729,405,234,83,26,5,1]
[4096,-1024,432,-63,27,-4,1]
[256,0,48,8,21,2,3,0,1]
[729,324,18,-19,2,4,1]
[4096,-768,400,-97,25,-3,1]
[15625,250,246,2,1]
[4096,1792,656,205,41,7,1]
[14641,-363,-122,-3,1]
[14641,-242,240,-2,1]
[4096,-1024,-112,61,-7,-4,1]
[4096,-2048,224,21,14,-8,1]
[4096,0,224,5,14,0,1]
[4096,0,-240,3,-15,0,1]
[4096,768,144,-31,9,3,1]
[256,0,-48,-8,19,-2,-3,0,1]
[4096,512,304,11,19,2,1]
[256,0,64,-12,17,-3,4,0,1]
[4096,0,-16,101,-1,0,1]
[256,-192,48,-20,21,-5,3,-3,1]
[729,81,-27,10,-3,1,1]
[14641,2904,350,24,1]
[256,128,80,56,23,14,5,2,1]
[16384,2176,203,17,1]
[15625,-250,-6,-2,1]
[256,-128,128,-48,37,-12,8,-2,1]
[14641,363,-141,3,1]
[4096,1280,384,73,24,5,1]
[729,243,135,23,15,3,1]
[4096,-256,-112,27,-7,-1,1]
[4096,0,16,91,1,0,1]
[729,324,99,23,11,4,1]
[4096,1536,-192,-179,-12,6,1]
[729,0,63,-23,7,0,1]
[256,-64,48,12,9,3,3,-1,1]
[256,0,-16,20,13,5,-1,0,1]
[15625,-3500,388,-28,1]
[4096,-768,304,-51,19,-3,1]
[16384,1792,255,14,1]
[15625,0,-101,0,1]
[256,64,32,0,-5,0,2,1,1]
[4096,2560,1088,323,68,10,1]
[256,-128,0,16,-9,4,0,-2,1]
[15625,-1875,202,-15,1]
[4096,1280,288,21,18,5,1]
[4096,768,144,11,9,3,1]
[512,64,48,1,6,1,1]
[15625,2250,228,18,1]
[4096,-768,-80,13,-5,-3,1]
[256,320,192,56,13,14,12,5,1]
[4096,1280,304,75,19,5,1]
[4096,0,-64,-79,-4,0,1]
[15625,2875,297,23,1]
[16384,-1664,247,-13,1]
[256,0,48,-8,-1,-2,3,0,1]
[4096,-2048,848,-217,53,-8,1]
[14641,2420,332,20,1]
[14641,-847,129,-7,1]
[16384,-2688,351,-21,1]
[256,256,240,144,81,36,15,4,1]
[2401,-196,-13,-4,1]
[4096,-256,416,-7,26,-1,1]
[4096,576,27,9,1]
[14641,2299,305,19,1]
[256,-256,240,-156,93,-39,15,-4,1]
[4096,-128,77,-2,1]
[4096,-1792,352,-43,22,-7,1]
[4096,2816,864,207,54,11,1]
[15625,-2000,192,-16,1]
[729,-324,207,-62,23,-4,1]
[4096,768,-16,-91,-1,3,1]
[256,-64,32,-24,5,-6,2,-1,1]
[256,0,-32,4,17,1,-2,0,1]
[4096,-2048,432,-63,27,-8,1]
[729,567,243,83,27,7,1]
[256,-192,224,-120,83,-30,14,-3,1]
[4096,512,512,75,32,2,1]
[64,16,16,9,4,1,1]
[14641,-1452,226,-12,1]
[4096,2304,528,103,33,9,1]
[4096,-2304,704,-183,44,-9,1]
[256,-384,272,-136,65,-34,17,-6,1]
[15625,1250,164,10,1]
[15625,-625,-26,-5,1]
[14641,1936,245,16,1]
[16384,-1024,167,-8,1]
[4096,512,256,29,16,2,1]
[15625,-2000,187,-16,1]
[256,256,144,68,33,17,9,4,1]
[729,486,135,35,15,6,1]
[4096,2304,880,231,55,9,1]
[4096,2560,944,277,59,10,1]
[4096,256,0,35,0,1,1]
[4096,256,416,55,26,1,1]
[1024,-160,3,-5,1]
[256,0,32,12,23,3,2,0,1]
[4096,-1280,0,63,0,-5,1]
[4096,-768,144,-27,9,-3,1]
[1024,-128,7,-4,1]
[4096,768,352,73,22,3,1]
[14641,0,164,0,1]
[256,64,-64,0,29,0,-4,1,1]
[16384,-2048,181,-16,1]
[2401,0,-45,0,1]
[729,-324,72,-19,8,-4,1]
[4096,-768,48,25,3,-3,1]
[2401,-147,87,-3,1]
[4096,768,256,111,16,3,1]
[15625,-875,222,-7,1]
[4096,-256,400,-57,25,-1,1]
[625,-50,-28,-2,1]
[16384,1920,233,15,1]
[729,243,72,46,8,3,1]
[256,64,64,32,1,8,4,1,1]
[15625,-125,56,-1,1]
[256,192,80,-4,-9,-1,5,3,1]
[256,64,32,16,9,4,2,1,1]
[15625,0,-213,0,1]
[16384,-1152,141,-9,1]
[512,-192,96,-29,12,-3,1]
[4096,-1024,432,-133,27,-4,1]
[256,-64,64,4,19,1,4,-1,1]
[15625,-1750,276,-14,1]
[4096,2048,16,-123,1,8,1]
[16384,-1536,193,-12,1]
[256,64,16,-4,9,-1,1,1,1]
[16384,-1280,123,-10,1]
[256,-64,80,0,13,0,5,-1,1]
[4096,-704,117,-11,1]
[4096,2304,928,253,58,9,1]
[729,567,279,104,31,7,1]
[64,80,52,27,13,5,1]
[512,192,-48,-55,-6,3,1]
[4096,-64,109,-1,1]
[4096,-768,528,-67,33,-3,1]
[2401,-882,157,-18,1]
[4096,768,-240,-99,-15,3,1]
[256,0,-80,0,31,0,-5,0,1]
[256,0,48,-8,25,-2,3,0,1]
[4096,0,208,-29,13,0,1]
[4096,2048,160,-55,10,8,1]
[256,0,0,20,-1,5,0,0,1]
[256,-192,80,-36,23,-9,5,-3,1]
[4096,-2304,768,-181,48,-9,1]
[729,-486,126,-26,14,-6,1]
[1024,32,15,1,1]
[15625,-4375,542,-35,1]
[729,-243,117,-16,13,-3,1]
[2401,833,167,17,1]
[4096,768,-160,-79,-10,3,1]
[15625,-500,4,-4,1]
[256,-64,32,44,-15,11,2,-1,1]
[625,25,-13,1,1]
[512,-256,40,7,5,-4,1]
[15625,-750,198,-6,1]
[15625,-1250,97,-10,1]
[14641,2178,216,18,1]
[256,64,32,8,-13,2,2,1,1]
[14641,-3509,445,-29,1]
[4096,-2048,800,-191,50,-8,1]
[256,-192,112,-32,19,-8,7,-3,1]
[256,-128,-16,8,11,2,-1,-2,1]
[4096,1024,464,143,29,4,1]
[14641,242,-108,2,1]
[64,0,0,-9,0,0,1]
[15625,-2250,171,-18,1]
[6561,243,113,3,1]
[4096,128,-31,2,1]
[256,0,-64,0,7,0,-4,0,1]
[256,-192,80,0,-5,0,5,-3,1]
[4096,-1024,240,-65,15,-4,1]
[4096,1280,-144,-131,-9,5,1]
[4096,2304,992,291,62,9,1]
[4096,2048,752,195,47,8,1]
[4096,-768,96,25,6,-3,1]
[256,64,-16,-8,-7,-2,-1,1,1]
[729,486,207,71,23,6,1]
[14641,-1936,224,-16,1]
[4096,-768,224,-115,14,-3,1]
[4096,-1280,32,51,2,-5,1]
[256,-192,176,-80,47,-20,11,-3,1]
[64,-32,28,-9,7,-2,1]
[4096,-512,272,-61,17,-2,1]
[4096,-1280,-160,123,-10,-5,1]
[4096,1280,240,63,15,5,1]
[4096,1024,272,117,17,4,1]
[4096,256,224,73,14,1,1]
[4096,256,256,49,16,1,1]
[729,324,-63,-70,-7,4,1]
[4096,-1024,208,-49,13,-4,1]
[14641,-726,217,-6,1]
[4096,-1792,608,-201,38,-7,1]
[4096,0,80,-25,5,0,1]
[512,-128,32,-1,4,-2,1]
[256,-128,-16,-16,31,-4,-1,-2,1]
[729,-567,198,-58,22,-7,1]
[15625,-1875,272,-15,1]
[4096,-1024,768,-125,48,-4,1]
[14641,1452,259,12,1]
[512,-256,160,-45,20,-4,1]
[4096,-256,336,-5,21,-1,1]
[4096,0,80,43,5,0,1]
[512,128,48,-3,6,2,1]
[2401,-49,66,-1,1]
[16384,-640,53,-5,1]
[729,-81,-36,32,-4,-1,1]
[256,192,112,72,51,18,7,3,1]
[729,-162,225,-32,25,-2,1]
[4096,4096,2048,635,128,16,1]
[512,0,-24,9,-3,0,1]
[729,0,54,7,6,0,1]
[4096,-512,464,-79,29,-2,1]
[14641,-363,60,-3,1]
[14641,847,25,7,1]
[4096,1024,448,73,28,4,1]
[256,-256,176,-100,55,-25,11,-4,1]
[15625,-1000,-41,-8,1]
[4096,-512,128,-83,8,-2,1]
[15625,-125,103,-1,1]
[64,32,4,-3,1,2,1]
[729,-405,153,-43,17,-5,1]
[16,16,9,4,1]
[4096,256,-112,19,-7,1,1]
[14641,121,-205,1,1]
[4096,-256,592,-21,37,-1,1]
[512,64,-16,-15,-2,1,1]
[14641,2541,255,21,1]
[4096,-1536,496,-175,31,-6,1]
[4096,-2304,528,-87,33,-9,1]
[2401,441,30,9,1]
[4096,256,336,37,21,1,1]
[1024,224,39,7,1]
[16384,1280,-11,10,1]
[256,64,16,-32,-9,-8,1,1,1]
[256,0,48,-44,7,-11,3,0,1]
[4096,2048,560,107,35,8,1]
[15625,-2000,237,-16,1]
[16384,2304,279,18,1]
[256,0,32,-4,27,-1,2,0,1]
[15625,375,-144,3,1]
[4096,-512,-64,53,-4,-2,1]
[15625,-250,158,-2,1]
[4096,1280,272,51,17,5,1]
[256,-128,144,-44,39,-11,9,-2,1]
[256,192,128,56,23,14,8,3,1]
[4096,0,96,-99,6,0,1]
[729,648,234,65,26,8,1]
[729,0,63,13,7,0,1]
[256,-128,192,-64,63,-16,12,-2,1]
[4096,-1536,544,-109,34,-6,1]
[4096,704,59,11,1]
[256,0,32,32,-1,8,2,0,1]
[15625,875,138,7,1]
[256,-192,112,-32,7,-8,7,-3,1]
[16,-12,5,-3,1]
[256,192,208,112,75,28,13,3,1]
[4096,640,99,10,1]
[512,128,-32,-47,-4,2,1]
[4096,-1024,528,-113,33,-4,1]
[729,-162,144,-35,16,-2,1]
[4096,128,103,2,1]
[4096,768,-144,-131,-9,3,1]
[4096,-2304,496,-87,31,-9,1]
[256,-192,48,32,-25,8,3,-3,1]
[2401,147,93,3,1]
[729,243,18,11,2,3,1]
[6561,567,-10,7,1]
[4096,0,64,77,4,0,1]
[4096,1280,720,153,45,5,1]
[14641,2541,328,21,1]
[256,64,80,24,37,6,5,1,1]
[256,-128,48,0,-5,0,3,-2,1]
[4096,1536,608,177,38,6,1]
[15625,-3375,392,-27,1]
[256,128,-64,-28,7,-7,-4,2,1]
[2401,539,73,11,1]
[14641,0,215,0,1]
[4096,768,80,7,5,3,1]
[256,-64,32,-32,9,-8,2,-1,1]
[512,-128,64,-23,8,-2,1]
[2401,-49,1,-1,1]
[4096,-1024,592,-125,37,-4,1]
[15625,125,-188,1,1]
[729,-162,162,-32,18,-2,1]
[256,0,16,12,-23,3,1,0,1]
[256,-256,144,-96,57,-24,9,-4,1]
[4096,768,128,-3,8,3,1]
[4096,-256,272,9,17,-1,1]
[4096,2560,768,173,48,10,1]
[4096,1536,267,24,1]
[4096,2304,816,237,51,9,1]
[256,64,112,36,37,9,7,1,1]
[16384,-256,3,-2,1]
[4096,-256,16,85,1,-1,1]
[4096,1536,368,113,23,6,1]
[15625,1375,144,11,1]
[512,128,72,45,9,2,1]
[14641,-363,-67,-3,1]
[16384,1792,199,14,1]
[256,-64,128,-24,41,-6,8,-1,1]
[15625,-3250,342,-26,1]
[256,0,0,-8,19,-2,0,0,1]
[4096,-1024,512,-115,32,-4,1]
[4096,1280,688,131,43,5,1]
[4096,-768,176,-13,11,-3,1]
[729,162,-27,-14,-3,2,1]
[14641,-1210,210,-10,1]
[256,64,160,32,51,8,10,1,1]
[4096,2560,1120,317,70,10,1]
[512,-128,32,17,4,-2,1]
[256,-256,80,24,-29,6,5,-4,1]
[256,0,-96,-8,27,-2,-6,0,1]
[4096,-1280,592,-159,37,-5,1]
[15625,625,19,5,1]
[16384,2304,195,18,1]
[4096,-1024,64,-13,4,-4,1]
[256,320,288,184,99,46,18,5,1]
[4096,3072,1328,393,83,12,1]
[14641,726,164,6,1]
[729,486,216,82,24,6,1]
[4096,-256,-240,31,-15,-1,1]
[4096,-256,160,-73,10,-1,1]
[256,192,16,-20,-11,-5,1,3,1]
[4096,-512,288,-81,18,-2,1]
[4096,-2048,480,-81,30,-8,1]
[4096,-1024,544,-75,34,-4,1]
[64,16,0,3,0,1,1]
[256,0,112,8,33,2,7,0,1]
[14641,0,-203,0,1]
[4096,-1536,544,-127,34,-6,1]
[4096,256,704,29,44,1,1]
[729,-81,63,10,7,-1,1]
[6561,405,76,5,1]
[4096,-1024,288,-123,18,-4,1]
[4096,0,608,-11,38,0,1]
[14641,-726,54,-6,1]
[256,384,240,64,11,16,15,6,1]
[512,-128,72,-13,9,-2,1]
[4096,-1024,112,-49,7,-4,1]
[4096,-256,-160,-11,-10,-1,1]
[4096,256,-32,-53,-2,1,1]
[4096,-768,304,-123,19,-3,1]
[6561,1134,115,14,1]
[4096,1536,80,-29,5,6,1]
[14641,2420,327,20,1]
[4096,-2048,736,-199,46,-8,1]
[729,243,198,53,22,3,1]
[15625,-2875,369,-23,1]
[4096,0,19,0,1]
[6561,-324,37,-4,1]
[4096,2048,912,239,57,8,1]
[256,64,64,4,23,1,4,1,1]
[15625,1375,196,11,1]
[512,-128,-24,31,-3,-2,1]
[729,-324,117,-50,13,-4,1]
[14641,242,104,2,1]
[14641,1936,289,16,1]
[16384,1920,299,15,1]
[625,0,-47,0,1]
[15625,875,36,7,1]
[16384,384,-187,3,1]
[14641,2904,307,24,1]
[14641,2662,255,22,1]
[256,-64,112,-8,27,-2,7,-1,1]
[4096,1792,-144,-169,-9,7,1]
[4096,-256,160,63,10,-1,1]
[4096,-1024,400,-107,25,-4,1]
[256,128,80,60,25,15,5,2,1]
[4096,1536,0,-69,0,6,1]
[4096,256,-64,-41,-4,1,1]
[4096,-1536,496,-183,31,-6,1]
[4096,512,-64,-93,-4,2,1]
[4096,-2048,800,-215,50,-8,1]
[4096,0,-32,95,-2,0,1]
[4096,256,304,61,19,1,1]
[32,-3,1]
[4096,-256,32,39,2,-1,1]
[4096,-1792,160,19,10,-7,1]
[4096,512,112,-55,7,2,1]
[4096,768,-144,-87,-9,3,1]
[4096,768,256,33,16,3,1]
[4096,1024,-16,-27,-1,4,1]
[729,-162,25,-6,1]
[4096,256,304,29,19,1,1]
[4096,512,-32,-21,-2,2,1]
[15625,-1000,39,-8,1]
[4096,512,208,-7,13,2,1]
[14641,-242,-156,-2,1]
[4096,-1024,-112,105,-7,-4,1]
[4096,256,-16,69,-1,1,1]
[4096,-512,48,87,3,-2,1]
[256,64,48,-36,-15,-9,3,1,1]
[14641,605,-3,5,1]
[4096,1792,512,119,32,7,1]
[729,486,198,74,22,6,1]
[4096,-512,-80,97,-5,-2,1]
[256,64,48,32,23,8,3,1,1]
[6561,-162,130,-2,1]
[4096,768,256,25,16,3,1]
[256,192,64,-44,-37,-11,4,3,1]
[2401,-196,95,-4,1]
[4096,1280,464,147,29,5,1]
[16384,-896,-53,-7,1]
[4096,2304,720,199,45,9,1]
[4096,1792,928,221,58,7,1]
[512,-128,32,-25,4,-2,1]
[15625,-2125,306,-17,1]
[256,0,0,-12,5,-3,0,0,1]
[256,128,48,-4,-1,-1,3,2,1]
[14641,-1694,196,-14,1]
[4096,-512,464,-31,29,-2,1]
[729,-162,45,22,5,-2,1]
[4096,-2304,368,-21,23,-9,1]
[1024,-64,-17,-2,1]
[15625,2250,291,18,1]
[4096,-256,-96,13,-6,-1,1]
[4096,-768,-64,83,-4,-3,1]
[729,162,81,35,9,2,1]
[14641,-363,71,-3,1]
[4096,512,720,59,45,2,1]
[16384,640,259,5,1]
[4096,-768,64,61,4,-3,1]
[256,256,144,12,-5,3,9,4,1]
[2401,0,-61,0,1]
[512,128,8,-5,1,2,1]
[4096,-192,-13,-3,1]
[256,-192,16,40,-25,10,1,-3,1]
[729,162,54,47,6,2,1]
[2401,49,-27,1,1]
[4096,-768,112,51,7,-3,1]
[256,192,64,44,31,11,4,3,1]
[256,-64,-32,4,-3,1,-2,-1,1]
[15625,3500,379,28,1]
[256,128,32,-4,-15,-1,2,2,1]
[729,-81,63,-25,7,-1,1]
[14641,847,254,7,1]
[729,0,18,29,2,0,1]
[729,0,144,-11,16,0,1]
[14641,-484,-109,-4,1]
[6561,-405,7,-5,1]
[256,-320,224,-108,53,-27,14,-5,1]
[4096,768,432,51,27,3,1]
[15625,-2125,198,-17,1]
[4096,-256,576,-13,36,-1,1]
[729,0,72,26,8,0,1]
[14641,-1210,235,-10,1]
[16384,-1280,223,-10,1]
[256,0,-80,0,35,0,-5,0,1]
[16384,-1408,199,-11,1]
[256,128,112,20,19,5,7,2,1]
[729,0,63,-22,7,0,1]
[14641,-2541,232,-21,1]
[16384,-1024,-23,-8,1]
[4096,256,48,17,3,1,1]
[4096,2816,1216,363,76,11,1]
[729,81,4,3,1]
[4096,1792,512,157,32,7,1]
[15625,-1125,-42,-9,1]
[4096,-3584,1600,-471,100,-14,1]
[256,-256,208,-144,79,-36,13,-4,1]
[4096,512,-144,-107,-9,2,1]
[6561,324,-14,4,1]
[14641,-1694,195,-14,1]
[14641,847,-71,7,1]
[4096,0,-176,15,-11,0,1]
[256,-256,48,64,-53,16,3,-4,1]
[4096,1280,384,121,24,5,1]
[4096,-64,-93,-1,1]
[4096,2560,1072,295,67,10,1]
[256,0,-32,12,23,3,-2,0,1]
[4096,-1024,288,-7,18,-4,1]
[729,0,90,7,10,0,1]
[729,-81,135,-19,15,-1,1]
[4096,-768,272,5,17,-3,1]
[729,324,135,47,15,4,1]
[4096,256,83,4,1]
[4096,-2304,624,-151,39,-9,1]
[4096,2816,1184,363,74,11,1]
[14641,2541,282,21,1]
[16384,2304,283,18,1]
[729,81,54,8,6,1,1]
[4096,512,48,41,3,2,1]
[4096,64,29,1,1]
[729,-324,117,-38,13,-4,1]
[256,-192,64,32,-25,8,4,-3,1]
[15625,250,-64,2,1]
[4096,-256,544,-43,34,-1,1]
[729,0,54,8,6,0,1]
[14641,-3993,502,-33,1]
[14641,-1210,120,-10,1]
[4096,-256,16,9,1,-1,1]
[729,-81,117,2,13,-1,1]
[729,-162,72,-11,8,-2,1]
[4096,512,176,53,11,2,1]
[4096,-1024,160,23,10,-4,1]
[14641,-968,-51,-8,1]
[4096,1280,80,-9,5,5,1]
[4096,512,176,-45,11,2,1]
[4096,-256,336,-9,21,-1,1]
[4096,-1280,784,-153,49,-5,1]
[4096,-2816,800,-173,50,-11,1]
[15625,-1125,162,-9,1]
[4096,-256,-53,-4,1]
[4096,0,368,-37,23,0,1]
[4096,-2816,816,-181,51,-11,1]
[16384,-256,-59,-2,1]
[14641,726,26,6,1]
[256,192,128,64,33,16,8,3,1]
[15625,125,229,1,1]
[15625,-1000,196,-8,1]
[4096,320,85,5,1]
[15625,-500,11,-4,1]
[4096,2304,960,279,60,9,1]
[256,128,112,8,15,2,7,2,1]
[15625,-125,-53,-1,1]
[256,-192,32,32,-21,8,2,-3,1]
[4096,768,592,69,37,3,1]
[14641,-2178,193,-18,1]
[256,-128,32,20,-13,5,2,-2,1]
[15625,-2625,257,-21,1]
[4096,1536,480,151,30,6,1]
[4096,768,-80,-61,-5,3,1]
[256,256,64,-60,-55,-15,4,4,1]
[512,-64,72,-33,9,-1,1]
[4096,-2304,512,-89,32,-9,1]
[4096,3840,1792,543,112,15,1]
[15625,250,-11,2,1]
[4096,-512,160,-17,10,-2,1]
[4096,1792,80,-63,5,7,1]
[729,243,63,11,7,3,1]
[15625,0,189,0,1]
[256,0,80,8,29,2,5,0,1]
[2401,-245,45,-5,1]
[256,-64,32,20,3,5,2,-1,1]
[625,225,43,9,1]
[14641,-968,50,-8,1]
[512,384,208,79,26,6,1]
[6561,-2025,298,-25,1]
[256,-320,160,-36,5,-9,10,-5,1]
[256,-64,80,-36,29,-9,5,-1,1]
[256,64,96,52,19,13,6,1,1]
[512,128,64,15,8,2,1]
[15625,250,161,2,1]
[14641,0,238,0,1]
[4096,-768,160,-103,10,-3,1]
[14641,-2783,296,-23,1]
[729,-81,27,-38,3,-1,1]
[4096,1536,448,113,28,6,1]
[256,-64,17,-4,1]
[729,-162,36,-19,4,-2,1]
[256,64,96,28,21,7,6,1,1]
[4096,-256,464,-29,29,-1,1]
[16384,-256,7,-2,1]
[16384,-896,159,-7,1]
[15625,-1125,108,-9,1]
[6561,-567,34,-7,1]
[256,-128,144,-52,41,-13,9,-2,1]
[512,128,112,29,14,2,1]
[4096,-960,115,-15,1]
[15625,2500,259,20,1]
[729,405,171,73,19,5,1]
[4096,1024,-128,-95,-8,4,1]
[15625,1000,141,8,1]
[4096,-768,96,-49,6,-3,1]
[256,192,64,-20,-17,-5,4,3,1]
[14641,0,151,0,1]
[15625,125,-136,1,1]
[729,-324,144,-35,16,-4,1]
[729,-108,11,-4,1]
[4096,-1024,352,-135,22,-4,1]
[729,162,27,-25,3,2,1]
[14641,726,74,6,1]
[4096,-3072,1216,-347,76,-12,1]
[256,192,128,40,23,10,8,3,1]
[256,-128,16,28,-35,7,1,-2,1]
[4096,-768,48,71,3,-3,1]
[4096,2560,944,243,59,10,1]
[14641,-3993,489,-33,1]
[4096,1024,384,53,24,4,1]
[256,-64,80,0,19,0,5,-1,1]
[256,192,80,36,13,9,5,3,1]
[14641,121,182,1,1]
[4096,-2048,816,-239,51,-8,1]
[14641,2178,302,18,1]
[256,-48,33,-3,1]
[4096,256,-32,-101,-2,1,1]
[15625,625,209,5,1]
[14641,4235,541,35,1]
[15625,-1125,77,-9,1]
[6561,486,101,6,1]
[4096,-1792,128,37,8,-7,1]
[729,81,99,13,11,1,1]
[4096,768,48,-27,3,3,1]
[14641,1694,122,14,1]
[256,-192,128,-24,15,-6,8,-3,1]
[4096,-256,-16,-67,-1,-1,1]
[4096,-768,64,67,4,-3,1]
[4096,-768,736,-89,46,-3,1]
[256,-64,-32,0,17,0,-2,-1,1]
[16384,128,79,1,1]
[512,320,24,-21,3,5,1]
[4096,832,125,13,1]
[729,-405,72,-2,8,-5,1]
[256,-320,288,-188,103,-47,18,-5,1]
[4096,-2560,656,-135,41,-10,1]
[729,-243,117,-17,13,-3,1]
[4096,-768,48,-11,3,-3,1]
[256,128,128,84,35,21,8,2,1]
[4096,-256,128,-39,8,-1,1]
[6561,1053,92,13,1]
[729,81,0,-43,0,1,1]
[729,-162,108,-35,12,-2,1]
[4096,0,-48,49,-3,0,1]
[4096,0,160,85,10,0,1]
[14641,-605,-103,-5,1]
[4096,256,512,39,32,1,1]
[4096,-1792,560,-135,35,-7,1]
[256,0,96,-16,21,-4,6,0,1]
[4096,-768,448,-65,28,-3,1]
[729,0,90,23,10,0,1]
[4096,1024,224,5,14,4,1]
[4096,256,176,33,11,1,1]
[4096,-2048,432,-87,27,-8,1]
[14641,-847,-83,-7,1]
[256,0,96,-32,23,-8,6,0,1]
[16384,-1024,125,-8,1]
[4096,0,0,-103,0,0,1]
[15625,-875,-16,-7,1]
[625,150,56,6,1]
[256,-384,384,-260,147,-65,24,-6,1]
[256,256,256,160,99,40,16,4,1]
[729,-405,99,-11,11,-5,1]
[4096,-1536,672,-137,42,-6,1]
[6561,-162,10,-2,1]
[256,-128,16,0,-5,0,1,-2,1]
[15625,1250,107,10,1]
[16384,-2048,109,-16,1]
[729,405,162,68,18,5,1]
[4096,768,512,109,32,3,1]
[6561,810,53,10,1]
[4096,256,-160,-25,-10,1,1]
[14641,726,153,6,1]
[14641,-3267,386,-27,1]
[6561,1944,290,24,1]
[4096,4864,2656,847,166,19,1]
[2401,98,-22,2,1]
[4096,-2816,1152,-327,72,-11,1]
[256,0,80,-28,7,-7,5,0,1]
[4096,-512,-32,25,-2,-2,1]
[6561,-405,-67,-5,1]
[625,0,19,0,1]
[4096,0,176,29,11,0,1]
[256,0,-112,4,29,1,-7,0,1]
[14641,-847,-84,-7,1]
[4096,2048,912,251,57,8,1]
[4096,1280,544,111,34,5,1]
[4096,-1024,160,-5,10,-4,1]
[4096,1280,720,145,45,5,1]
[6561,243,76,3,1]
[15625,2875,357,23,1]
[4096,1024,208,41,13,4,1]
[14641,-2057,159,-17,1]
[4096,-2816,1344,-385,84,-11,1]
[14641,-847,170,-7,1]
[14641,-605,157,-5,1]
[256,0,0,24,1,6,0,0,1]
[256,192,48,32,27,8,3,3,1]
[4096,2048,720,217,45,8,1]
[256,128,-48,-12,17,-3,-3,2,1]
[6561,-648,62,-8,1]
[14641,-968,67,-8,1]
[4096,256,-192,-3,-12,1,1]
[729,-648,369,-142,41,-8,1]
[729,567,324,124,36,7,1]
[256,-64,0,-4,5,-1,0,-1,1]
[15625,-1375,158,-11,1]
[16384,-2560,353,-20,1]
[4096,1792,752,221,47,7,1]
[6561,243,55,3,1]
[14641,-363,109,-3,1]
[512,-128,80,-35,10,-2,1]
[256,-64,80,-32,35,-8,5,-1,1]
[6561,405,91,5,1]
[4096,-256,208,-63,13,-1,1]
[4096,-2560,1056,-325,66,-10,1]
[4096,-1024,304,-59,19,-4,1]
[4096,1792,864,225,54,7,1]
[256,128,32,-20,-27,-5,2,2,1]
[4096,-768,-64,75,-4,-3,1]
[14641,-242,-10,-2,1]
[4096,256,160,-13,10,1,1]
[512,256,136,61,17,4,1]
[729,-81,-5,-3,1]
[6561,-1944,284,-24,1]
[512,-128,96,-23,12,-2,1]
[15625,-125,79,-1,1]
[256,256,80,8,1,2,5,4,1]
[729,243,72,26,8,3,1]
[4096,-2304,432,-55,27,-9,1]
[4096,-768,155,-12,1]
[4096,-768,224,-69,14,-3,1]
[256,-192,208,-112,75,-28,13,-3,1]
[256,-64,32,12,-11,3,2,-1,1]
[4096,-256,48,-37,3,-1,1]
[14641,1936,251,16,1]
[256,192,96,-8,-13,-2,6,3,1]
[16384,1536,289,12,1]
[14641,-1331,95,-11,1]
[4096,512,240,79,15,2,1]
[14641,242,-37,2,1]
[4096,-1024,448,-131,28,-4,1]
[729,-81,72,-43,8,-1,1]
[4096,-1792,544,-175,34,-7,1]
[729,-81,171,-13,19,-1,1]
[16384,-1664,95,-13,1]
[4096,2560,704,153,44,10,1]
[4096,-512,-112,1,-7,-2,1]
[512,-256,144,-49,18,-4,1]
[729,486,153,44,17,6,1]
[4096,-1280,624,-145,39,-5,1]
[512,-64,-8,9,-1,-1,1]
[4096,-1536,208,-33,13,-6,1]
[16384,-1152,247,-9,1]
[16384,-3200,317,-25,1]
[4096,1280,304,39,19,5,1]
[15625,-875,143,-7,1]
[4096,256,656,33,41,1,1]
[729,0,90,-8,10,0,1]
[16384,-2816,321,-22,1]
[4096,256,96,77,6,1,1]
[729,-405,216,-79,24,-5,1]
[14641,0,-108,0,1]
[729,-243,198,-55,22,-3,1]
[14641,0,29,0,1]
[625,-100,11,-4,1]
[16384,2176,155,17,1]
[2401,245,40,5,1]
[4096,-768,544,-65,34,-3,1]
[729,0,90,8,10,0,1]
[2401,-637,104,-13,1]
[256,-320,240,-124,63,-31,15,-5,1]
[512,128,24,11,3,2,1]
[15625,-1500,72,-12,1]
[4096,1024,272,3,17,4,1]
[6561,891,155,11,1]
[256,-128,64,-56,25,-14,4,-2,1]
[15625,3625,419,29,1]
[4096,-512,112,67,7,-2,1]
[4096,-256,-128,-31,-8,-1,1]
[4096,-256,624,-27,39,-1,1]
[256,320,304,212,115,53,19,5,1]
[4096,-1024,-80,103,-5,-4,1]
[14641,-1089,76,-9,1]
[729,162,108,28,12,2,1]
[6561,1620,260,20,1]
[14641,-3025,332,-25,1]
[4096,1792,560,149,35,7,1]
[256,128,16,-24,-9,-6,1,2,1]
[15625,3750,458,30,1]
[14641,-605,74,-5,1]
[256,192,128,56,31,14,8,3,1]
[1024,32,23,1,1]
[14641,-2420,248,-20,1]
[2401,196,90,4,1]
[256,128,112,24,21,6,7,2,1]
[4096,-256,-16,-69,-1,-1,1]
[14641,726,155,6,1]
[4096,1280,560,161,35,5,1]
[4096,768,32,-5,2,3,1]
[6561,-567,172,-7,1]
[256,0,-32,8,-7,2,-2,0,1]
[4096,1536,544,151,34,6,1]
[256,128,64,32,5,8,4,2,1]
[15625,2500,227,20,1]
[4096,-1792,480,-143,30,-7,1]
[512,64,24,-15,3,1,1]
[4096,-256,-192,21,-12,-1,1]
[729,0,-27,17,-3,0,1]
[4096,-1024,128,-49,8,-4,1]
[6561,-1215,190,-15,1]
[4096,-256,496,-49,31,-1,1]
[256,-256,192,-116,55,-29,12,-4,1]
[729,243,-45,-43,-5,3,1]
[4096,768,304,11,19,3,1]
[729,162,-36,-23,-4,2,1]
[14641,-484,26,-4,1]
[1024,192,71,6,1]
[14641,2904,349,24,1]
[4096,-256,208,3,13,-1,1]
[4096,512,-96,-57,-6,2,1]
[14641,0,153,0,1]
[4096,-768,-144,69,-9,-3,1]
[256,-192,192,-100,61,-25,12,-3,1]
[4096,-256,-240,29,-15,-1,1]
[64,64,12,-5,3,4,1]
[4096,-4096,2080,-645,130,-16,1]
[16384,-512,133,-4,1]
[15625,2125,311,17,1]
[4096,512,224,-3,14,2,1]
[4096,-1280,224,9,14,-5,1]
[4096,768,128,87,8,3,1]
[512,-64,0,21,0,-1,1]
[4096,-2560,1024,-297,64,-10,1]
[256,-128,128,-44,29,-11,8,-2,1]
[256,192,144,72,43,18,9,3,1]
[14641,1815,235,15,1]
[14641,847,16,7,1]
[4096,-1280,224,-9,14,-5,1]
[4096,-512,-96,87,-6,-2,1]
[4096,-256,384,-51,24,-1,1]
[729,-162,18,32,2,-2,1]
[4096,-1792,400,-59,25,-7,1]
[4096,512,384,93,24,2,1]
[4096,768,192,107,12,3,1]
[729,-162,-36,40,-4,-2,1]
[729,0,81,-23,9,0,1]
[4096,1536,480,165,30,6,1]
[256,192,48,-44,-33,-11,3,3,1]
[4096,-2048,48,107,3,-8,1]
[15625,-1500,127,-12,1]
[4096,-512,128,-57,8,-2,1]
[4096,1536,-112,-127,-7,6,1]
[4096,768,112,-43,7,3,1]
[4096,-512,128,63,8,-2,1]
[729,162,90,22,10,2,1]
[4096,-2560,736,-171,46,-10,1]
[14641,-726,-4,-6,1]
[4096,512,0,-47,0,2,1]
[2401,-147,-47,-3,1]
[256,-192,144,-92,43,-23,9,-3,1]
[256,64,80,68,17,17,5,1,1]
[64,-16,0,-1,0,-1,1]
[256,128,128,68,43,17,8,2,1]
[256,0,32,-24,11,-6,2,0,1]
[4096,256,-144,-87,-9,1,1]
[14641,-242,-100,-2,1]
[729,-405,234,-73,26,-5,1]
[4096,-1344,211,-21,1]
[4096,-1024,-144,105,-9,-4,1]
[256,-64,16,-36,21,-9,1,-1,1]
[4096,-64,25,-1,1]
[14641,484,120,4,1]
[4096,1280,368,53,23,5,1]
[32,-7,1]
[15625,500,6,4,1]
[4096,1792,320,27,20,7,1]
[4096,768,368,85,23,3,1]
[4096,-256,-32,-53,-2,-1,1]
[256,128,-80,-16,25,-4,-5,2,1]
[512,192,128,41,16,3,1]
[14641,121,227,1,1]
[4096,-1024,32,-15,2,-4,1]
[4096,1024,288,17,18,4,1]
[14641,-968,51,-8,1]
[4096,-512,240,-83,15,-2,1]
[4096,-1536,480,-123,30,-6,1]
[729,0,54,32,6,0,1]
[4096,1792,64,-83,4,7,1]
[729,-729,414,-166,46,-9,1]
[16384,2176,327,17,1]
[16384,-3840,431,-30,1]
[256,256,128,16,-1,4,8,4,1]
[4096,0,464,5,29,0,1]
[15625,-375,-131,-3,1]
[4096,-256,320,-51,20,-1,1]
[256,-256,176,-108,61,-27,11,-4,1]
[4096,0,-71,0,1]
[14641,-2178,236,-18,1]
[14641,2783,357,23,1]
[729,351,95,13,1]
[4096,256,128,83,8,1,1]
[729,-324,126,-37,14,-4,1]
[64,-48,36,-17,9,-3,1]
[512,-320,192,-65,24,-5,1]
[729,567,207,58,23,7,1]
[4096,-768,224,21,14,-3,1]
[4096,-768,640,-85,40,-3,1]
[14641,-1089,25,-9,1]
[4096,-2560,1040,-315,65,-10,1]
[256,-192,0,-4,21,-1,0,-3,1]
[4096,-1792,288,-13,18,-7,1]
[256,-64,96,-28,39,-7,6,-1,1]
[256,-256,64,4,-3,1,4,-4,1]
[512,0,-8,23,-1,0,1]
[512,-256,0,21,0,-4,1]
[4096,1792,544,103,34,7,1]
[15625,-3250,407,-26,1]
[256,192,32,12,17,3,2,3,1]
[4096,0,160,63,10,0,1]
[256,-192,192,-132,65,-33,12,-3,1]
[14641,-605,87,-5,1]
[729,-243,99,-32,11,-3,1]
[512,192,-8,-11,-1,3,1]
[4096,-1024,112,-21,7,-4,1]
[4096,-1792,384,-53,24,-7,1]
[4096,-1280,592,-103,37,-5,1]
[256,256,160,104,59,26,10,4,1]
[729,0,108,13,12,0,1]
[16384,1024,135,8,1]
[512,-320,48,9,6,-5,1]
[15625,375,228,3,1]
[512,-64,-8,-11,-1,-1,1]
[4096,256,416,5,26,1,1]
[729,-81,-27,29,-3,-1,1]
[256,192,112,80,51,20,7,3,1]
[2401,98,-37,2,1]
[256,-128,48,12,-11,3,3,-2,1]
[4096,1280,512,113,32,5,1]
[4096,-1280,640,-139,40,-5,1]
[729,-162,36,4,4,-2,1]
[14641,-1210,184,-10,1]
[4096,256,384,51,24,1,1]
[512,448,232,95,29,7,1]
[256,64,-80,-16,13,-4,-5,1,1]
[49,1,1]
[512,0,16,23,2,0,1]
[729,486,225,77,25,6,1]
[4096,1024,-96,-81,-6,4,1]
[256,320,304,216,115,54,19,5,1]
[4096,-768,336,-31,21,-3,1]
[15625,2250,328,18,1]
[625,-200,63,-8,1]
[4096,768,-160,-121,-10,3,1]
[4096,-768,-208,79,-13,-3,1]
[14641,-1694,95,-14,1]
[4096,-1792,176,9,11,-7,1]
[4096,-512,384,-73,24,-2,1]
[14641,-363,25,-3,1]
[4096,0,384,21,24,0,1]
[14641,363,-109,3,1]
[4096,-1280,256,-81,16,-5,1]
[15625,-1875,106,-15,1]
[729,81,-9,-37,-1,1,1]
[14641,-484,43,-4,1]
[4096,-256,528,-29,33,-1,1]
[16384,896,203,7,1]
[256,-512,592,-460,267,-115,37,-8,1]
[4096,-512,624,-69,39,-2,1]
[625,0,29,0,1]
[4096,2048,112,-75,7,8,1]
[4096,512,0,53,0,2,1]
[4096,1024,368,59,23,4,1]
[4096,128,-45,2,1]
[4096,-3072,1280,-381,80,-12,1]
[4096,-256,192,3,12,-1,1]
[15625,875,232,7,1]
[4096,-512,96,41,6,-2,1]
[729,-162,-9,34,-1,-2,1]
[256,256,208,144,79,36,13,4,1]
[256,64,-48,12,21,3,-3,1,1]
[4096,768,512,97,32,3,1]
[256,-64,-32,16,-1,4,-2,-1,1]
[4096,-1792,576,-191,36,-7,1]
[16384,-3712,463,-29,1]
[729,-405,27,22,3,-5,1]
[4096,-1024,208,-75,13,-4,1]
[1024,-64,39,-2,1]
[14641,726,174,6,1]
[4096,-256,112,-9,7,-1,1]
[4096,-1536,128,31,8,-6,1]
[256,-320,160,-28,-3,-7,10,-5,1]
[14641,2541,318,21,1]
[256,-64,-32,-12,31,-3,-2,-1,1]
[15625,125,-51,1,1]
[4096,0,160,-43,10,0,1]
[256,0,96,36,17,9,6,0,1]
[4096,-1536,576,-121,36,-6,1]
[4096,768,-96,-51,-6,3,1]
[14641,1331,207,11,1]
[512,-256,112,-25,14,-4,1]
[256,64,16,12,15,3,1,1,1]
[256,256,176,116,71,29,11,4,1]
[4096,256,320,71,20,1,1]
[512,-384,192,-73,24,-6,1]
[4096,-1792,384,-71,24,-7,1]
[729,0,63,10,7,0,1]
[625,-300,73,-12,1]
[15625,-1125,113,-9,1]
[14641,-363,237,-3,1]
[729,810,486,191,54,10,1]
[15625,-1000,178,-8,1]
[14641,121,-26,1,1]
[14641,-847,51,-7,1]
[256,-64,-48,8,1,2,-3,-1,1]
[256,0,0,-12,7,-3,0,0,1]
[6561,-405,94,-5,1]
[256,192,48,-20,-25,-5,3,3,1]
[4096,-768,96,-51,6,-3,1]
[4096,768,256,121,16,3,1]
[729,-162,117,-8,13,-2,1]
[256,128,96,56,25,14,6,2,1]
[4096,64,91,1,1]
[4096,-512,96,-93,6,-2,1]
[4096,1280,400,151,25,5,1]
[4096,-768,208,-107,13,-3,1]
[4096,-768,208,-123,13,-3,1]
[15625,1750,68,14,1]
[256,-16,-13,-1,1]
[4096,512,160,109,10,2,1]
[512,0,0,-27,0,0,1]
[512,-64,16,-17,2,-1,1]
[256,64,64,40,9,10,4,1,1]
[256,64,32,16,-5,4,2,1,1]
[256,64,7,4,1]
[4096,-1536,192,-21,12,-6,1]
[729,486,36,-32,4,6,1]
[14641,-363,100,-3,1]
[4096,256,-64,-123,-4,1,1]
[4096,1024,-80,-79,-5,4,1]
[4096,-256,64,-55,4,-1,1]
[14641,484,-40,4,1]
[14641,847,-23,7,1]
[256,-320,208,-112,57,-28,13,-5,1]
[4096,-512,80,71,5,-2,1]
[16384,-1664,207,-13,1]
[6561,162,-98,2,1]
[14641,-121,42,-1,1]
[1024,-64,17,-2,1]
[4096,-1792,672,-181,42,-7,1]
[14641,726,186,6,1]
[4096,1024,272,79,17,4,1]
[4096,0,105,0,1]
[15625,3500,377,28,1]
[256,192,176,104,65,26,11,3,1]
[4096,-256,16,99,1,-1,1]
[16384,-1920,151,-15,1]
[512,-192,24,19,3,-3,1]
[14641,0,-75,0,1]
[256,-192,160,-84,49,-21,10,-3,1]
[14641,2783,334,23,1]
[15625,-3375,424,-27,1]
[256,-256,128,-44,17,-11,8,-4,1]
[512,-128,72,-41,9,-2,1]
[4096,768,96,-35,6,3,1]
[16384,4736,597,37,1]
[256,0,64,-4,21,-1,4,0,1]
[4096,512,112,51,7,2,1]
[729,135,2,5,1]
[4096,-768,-96,37,-6,-3,1]
[256,-256,240,-140,79,-35,15,-4,1]
[729,243,-9,-38,-1,3,1]
[729,810,459,178,51,10,1]
[4096,2560,752,171,47,10,1]
[14641,-2057,256,-17,1]
[256,0,48,40,3,10,3,0,1]
[729,162,45,-10,5,2,1]
[4096,-2048,432,-65,27,-8,1]
[16384,-768,-69,-6,1]
[4096,-192,65,-3,1]
[256,64,96,56,17,14,6,1,1]
[256,0,80,-20,25,-5,5,0,1]
[4096,1024,480,101,30,4,1]
[4096,1280,112,-31,7,5,1]
[14641,-2420,199,-20,1]
[4096,256,368,35,23,1,1]
[625,50,44,2,1]
[4096,-256,-32,63,-2,-1,1]
[6561,-486,154,-6,1]
[256,128,64,28,19,7,4,2,1]
[256,-64,64,-32,15,-8,4,-1,1]
[4096,768,-128,-55,-8,3,1]
[4096,1792,256,19,16,7,1]
[4096,-1536,800,-175,50,-6,1]
[15625,-1000,-3,-8,1]
[15625,-1250,49,-10,1]
[4096,256,224,41,14,1,1]
[4096,-704,151,-11,1]
[14641,-242,93,-2,1]
[4096,1536,544,119,34,6,1]
[4096,1280,400,59,25,5,1]
[256,0,48,-44,-1,-11,3,0,1]
[16384,-1664,255,-13,1]
[4096,-1024,224,-87,14,-4,1]
[4096,1024,304,9,19,4,1]
[14641,-2178,216,-18,1]
[4096,-2560,896,-247,56,-10,1]
[4096,1792,544,141,34,7,1]
[256,-128,-32,8,13,2,-2,-2,1]
[4096,512,144,33,9,2,1]
[4096,-1024,672,-107,42,-4,1]
[14641,121,-40,1,1]
[256,128,48,-12,-21,-3,3,2,1]
[4096,-768,-80,101,-5,-3,1]
[4096,-768,16,-19,1,-3,1]
[4096,2048,832,229,52,8,1]
[15625,-1750,174,-14,1]
[729,486,180,61,20,6,1]
[256,128,96,68,31,17,6,2,1]
[4096,-256,48,-45,3,-1,1]
[4096,-1536,640,-181,40,-6,1]
[4096,-1280,-208,165,-13,-5,1]
[729,0,144,-4,16,0,1]
[14641,-3509,402,-29,1]
[4096,512,400,91,25,2,1]
[16384,1536,159,12,1]
[16384,-1920,93,-15,1]
[4096,-256,16,-9,1,-1,1]
[16384,2048,259,16,1]
[64,80,64,39,16,5,1]
[6561,0,80,0,1]
[6561,1215,169,15,1]
[4096,768,-144,-85,-9,3,1]
[256,64,32,28,25,7,2,1,1]
[14641,3146,388,26,1]
[15625,-125,-31,-1,1]
[2401,-392,92,-8,1]
[256,0,-32,-16,5,-4,-2,0,1]
[16384,1280,121,10,1]
[4096,-768,80,-61,5,-3,1]
[6561,1377,208,17,1]
[4096,-1280,592,-135,37,-5,1]
[14641,-484,-100,-4,1]
[4096,3072,1216,347,76,12,1]
[4096,-1792,416,-57,26,-7,1]
[4096,1024,208,57,13,4,1]
[16384,2048,141,16,1]
[14641,4114,516,34,1]
[14641,-968,164,-8,1]
[729,-81,90,-25,10,-1,1]
[256,64,-96,0,35,0,-6,1,1]
[15625,-3375,418,-27,1]
[4096,1536,-192,-175,-12,6,1]
[4096,1024,432,143,27,4,1]
[512,64,80,17,10,1,1]
[4096,-256,-176,35,-11,-1,1]
[4096,1792,480,133,30,7,1]
[15625,-1250,43,-10,1]
[4096,448,19,7,1]
[15625,-625,253,-5,1]
[4096,768,208,131,13,3,1]
[4096,-512,112,-7,7,-2,1]
[729,81,-18,19,-2,1,1]
[4096,-768,-144,49,-9,-3,1]
[4096,1536,-16,-89,-1,6,1]
[729,-243,-27,38,-3,-3,1]
[4096,-768,320,-115,20,-3,1]
[729,567,270,107,30,7,1]
[15625,1875,102,15,1]
[14641,-3025,313,-25,1]
[729,-243,108,-50,12,-3,1]
[4096,-768,89,-12,1]
[4096,-1280,320,-103,20,-5,1]
[256,128,48,44,25,11,3,2,1]
[729,-162,-63,44,-7,-2,1]
[256,0,64,-8,31,-2,4,0,1]
[4096,1280,16,-33,1,5,1]
[729,162,99,7,11,2,1]
[14641,242,10,2,1]
[256,-320,208,-132,77,-33,13,-5,1]
[4096,2048,768,197,48,8,1]
[6561,1215,119,15,1]
[14641,847,3,7,1]
[256,64,80,28,21,7,5,1,1]
[4096,0,416,-33,26,0,1]
[6561,2025,313,25,1]
[512,-128,8,-1,1,-2,1]
[1024,-160,55,-5,1]
[6561,-405,167,-5,1]
[256,0,64,28,19,7,4,0,1]
[14641,484,71,4,1]
[16384,-1536,21,-12,1]
[512,-256,144,-65,18,-4,1]
[4096,512,208,75,13,2,1]
[256,0,0,8,9,2,0,0,1]
[256,-192,48,4,-5,1,3,-3,1]
[4096,0,208,15,13,0,1]
[256,256,112,28,7,7,7,4,1]
[256,-64,80,-8,21,-2,5,-1,1]
[4096,-128,63,-2,1]
[256,0,112,12,35,3,7,0,1]
[4096,2816,1152,317,72,11,1]
[16384,-2176,275,-17,1]
[4096,3584,1504,429,94,14,1]
[4096,-256,16,93,1,-1,1]
[256,-448,432,-296,161,-74,27,-7,1]
[256,0,128,16,37,4,8,0,1]
[625,100,16,4,1]
[1024,96,23,3,1]
[16384,-2048,289,-16,1]
[16384,1408,235,11,1]
[512,128,-8,-35,-1,2,1]
[4096,-1024,320,-131,20,-4,1]
[4096,896,99,14,1]
[256,-192,160,-92,53,-23,10,-3,1]
[4096,-1280,320,-97,20,-5,1]
[729,0,-63,8,-7,0,1]
[1024,256,71,8,1]
[256,64,16,8,23,2,1,1,1]
[4096,-768,304,-55,19,-3,1]
[256,-256,80,4,-9,1,5,-4,1]
[4096,-256,144,9,9,-1,1]
[14641,-1331,207,-11,1]
[16384,-2176,141,-17,1]
[256,-192,160,-108,53,-27,10,-3,1]
[4096,1792,832,213,52,7,1]
[16384,640,137,5,1]
[4096,-1024,96,-17,6,-4,1]
[256,128,160,56,47,14,10,2,1]
[14641,363,-60,3,1]
[4096,1280,256,17,16,5,1]
[4096,-1024,-112,129,-7,-4,1]
[14641,-121,10,-1,1]
[4096,-768,-160,133,-10,-3,1]
[4096,-1280,128,17,8,-5,1]
[729,-81,81,-31,9,-1,1]
[256,-192,128,-36,23,-9,8,-3,1]
[256,64,-16,-28,-7,-7,-1,1,1]
[14641,968,37,8,1]
[4096,-1280,256,-95,16,-5,1]
[4096,768,176,31,11,3,1]
[729,-162,81,-26,9,-2,1]
[256,192,64,32,19,8,4,3,1]
[4096,-2048,768,-223,48,-8,1]
[4096,-1024,176,-81,11,-4,1]
[4096,-1024,528,-77,33,-4,1]
[15625,500,91,4,1]
[4096,256,0,-91,0,1,1]
[15625,125,-181,1,1]
[256,-192,64,-32,27,-8,4,-3,1]
[256,-64,160,-44,51,-11,10,-1,1]
[4096,256,-224,-33,-14,1,1]
[4096,-512,0,9,0,-2,1]
[14641,-1815,240,-15,1]
[15625,-3000,386,-24,1]
[4096,0,224,-37,14,0,1]
[14641,2662,333,22,1]
[4096,1536,-160,-151,-10,6,1]
[14641,0,-18,0,1]
[2401,294,31,6,1]
[15625,-1250,99,-10,1]
[2401,343,73,7,1]
[256,64,48,32,27,8,3,1,1]
[256,128,80,48,27,12,5,2,1]
[512,128,168,29,21,2,1]
[16384,1536,73,12,1]
[4096,256,608,21,38,1,1]
[15625,-750,3,-6,1]
[4096,-1536,720,-163,45,-6,1]
[16384,1280,111,10,1]
[4096,-1536,112,39,7,-6,1]
[4096,1536,528,167,33,6,1]
[256,192,96,0,-7,0,6,3,1]
[4096,1280,176,43,11,5,1]
[4096,768,32,-57,2,3,1]
[4096,256,48,39,3,1,1]
[4096,-512,144,23,9,-2,1]
[4096,-1024,-160,117,-10,-4,1]
[4096,0,-80,-73,-5,0,1]
[16384,-1408,87,-11,1]
[14641,484,-37,4,1]
[4096,-2560,848,-225,53,-10,1]
[4096,-768,224,-57,14,-3,1]
[4096,-768,-112,83,-7,-3,1]
[14641,-2420,269,-20,1]
[256,256,240,168,91,42,15,4,1]
[14641,-3993,499,-33,1]
[4096,0,-48,83,-3,0,1]
[2401,147,-18,3,1]
[512,128,56,-9,7,2,1]
[256,128,64,-12,-3,-3,4,2,1]
[14641,-3267,397,-27,1]
[729,81,162,4,18,1,1]
[16384,-1664,89,-13,1]
[4096,1024,-32,-51,-2,4,1]
[4096,-512,64,-67,4,-2,1]
[16384,3584,429,28,1]
[4096,1024,384,59,24,4,1]
[14641,363,194,3,1]
[4096,1280,720,141,45,5,1]
[16384,256,103,2,1]
[15625,-625,-97,-5,1]
[4096,0,192,73,12,0,1]
[729,-162,-36,55,-4,-2,1]
[16384,1536,151,12,1]
[16384,-1792,181,-14,1]
[4096,512,576,39,36,2,1]
[4096,-512,128,-89,8,-2,1]
[256,128,80,-20,-5,-5,5,2,1]
[729,-405,216,-62,24,-5,1]
[15625,-2125,167,-17,1]
[14641,1331,10,11,1]
[6561,-729,7,-9,1]
[4096,256,0,65,0,1,1]
[729,0,-18,-14,-2,0,1]
[256,384,336,216,115,54,21,6,1]
[4096,512,80,29,5,2,1]
[6561,1458,242,18,1]
[256,0,80,0,17,0,5,0,1]
[512,128,0,-11,0,2,1]
[4096,-1280,752,-159,47,-5,1]
[14641,2420,205,20,1]
[6561,1296,157,16,1]
[4096,256,528,41,33,1,1]
[256,64,16,-4,3,-1,1,1,1]
[15625,0,16,0,1]
[4096,256,192,7,12,1,1]
[4096,-512,16,-51,1,-2,1]
[4096,256,384,49,24,1,1]
[6561,-729,79,-9,1]
[4096,1536,144,-7,9,6,1]
[729,567,243,85,27,7,1]
[512,640,376,151,47,10,1]
[15625,1500,216,12,1]
[15625,1000,62,8,1]
[729,81,0,-34,0,1,1]
[4096,-256,432,-59,27,-1,1]
[625,25,-36,1,1]
[14641,605,247,5,1]
[4096,1024,32,-79,2,4,1]
[4096,-704,63,-11,1]
[15625,0,224,0,1]
[4096,-2816,992,-259,62,-11,1]
[256,-128,112,-64,45,-16,7,-2,1]
[256,256,160,56,25,14,10,4,1]
[15625,-250,-168,-2,1]
[256,-64,160,-28,49,-7,10,-1,1]
[4096,1536,528,127,33,6,1]
[14641,484,-12,4,1]
[6561,243,38,3,1]
[4096,-512,-176,29,-11,-2,1]
[4096,0,-11,0,1]
[6561,-891,137,-11,1]
[4096,0,224,-21,14,0,1]
[256,256,144,60,29,15,9,4,1]
[4096,-1536,112,11,7,-6,1]
[4096,-256,176,-103,11,-1,1]
[4096,1792,544,119,34,7,1]
[16384,-768,161,-6,1]
[729,810,495,200,55,10,1]
[256,-448,400,-244,127,-61,25,-7,1]
[729,-324,153,-34,17,-4,1]
[4096,-1536,-224,193,-14,-6,1]
[15625,2625,272,21,1]
[2401,196,4,4,1]
[4096,-512,224,-31,14,-2,1]
[15625,3000,293,24,1]
[14641,-1573,126,-13,1]
[4096,768,32,-65,2,3,1]
[4096,-1536,416,-97,26,-6,1]
[256,-128,112,-80,33,-20,7,-2,1]
[16384,-512,61,-4,1]
[4096,1024,16,-9,1,4,1]
[729,-405,261,-85,29,-5,1]
[256,-64,80,-16,21,-4,5,-1,1]
[256,256,192,116,57,29,12,4,1]
[1024,-192,25,-6,1]
[4096,1280,800,149,50,5,1]
[2401,392,65,8,1]
[16384,-1664,287,-13,1]
[4096,-512,128,7,8,-2,1]
[4096,768,400,111,25,3,1]
[4096,-1280,416,-125,26,-5,1]
[729,-81,0,44,0,-1,1]
[512,-128,-32,27,-4,-2,1]
[4096,256,224,49,14,1,1]
[256,0,-32,4,29,1,-2,0,1]
[14641,242,237,2,1]
[4096,-512,48,-63,3,-2,1]
[512,256,144,49,18,4,1]
[729,-216,46,-8,1]
[4096,-256,-64,-13,-4,-1,1]
[16384,-128,99,-1,1]
[4096,1536,640,173,40,6,1]
[14641,3146,397,26,1]
[14641,1210,131,10,1]
[4096,2304,832,243,52,9,1]
[729,-243,36,19,4,-3,1]
[15625,-125,144,-1,1]
[4096,256,112,-17,7,1,1]
[256,128,80,52,25,13,5,2,1]
[256,-128,64,-4,-1,-1,4,-2,1]
[256,-192,176,-92,53,-23,11,-3,1]
[14641,-1089,-36,-9,1]
[729,81,207,20,23,1,1]
[4096,-3328,1504,-445,94,-13,1]
[256,320,192,76,33,19,12,5,1]
[256,192,64,60,47,15,4,3,1]
[512,-256,-24,37,-3,-4,1]
[4096,0,368,47,23,0,1]
[512,0,-32,19,-4,0,1]
[4096,-768,-112,55,-7,-3,1]
[729,-324,126,-23,14,-4,1]
[4096,256,496,53,31,1,1]
[4096,1280,-112,-121,-7,5,1]
[4096,1024,288,55,18,4,1]
[256,256,224,108,63,27,14,4,1]
[4096,0,528,11,33,0,1]
[15625,500,128,4,1]
[4096,-256,64,-49,4,-1,1]
[6561,-1053,82,-13,1]
[729,-162,108,-41,12,-2,1]
[6561,-162,128,-2,1]
[729,-243,36,-23,4,-3,1]
[14641,1573,164,13,1]
[512,192,112,31,14,3,1]
[4096,1792,384,89,24,7,1]
[4096,512,256,17,16,2,1]
[729,324,-54,-58,-6,4,1]
[15625,125,-62,1,1]
[16384,1536,219,12,1]
[4096,2304,864,245,54,9,1]
[256,128,-16,12,23,3,-1,2,1]
[4096,0,48,-51,3,0,1]
[15625,375,-167,3,1]
[4096,1792,368,63,23,7,1]
[6561,-486,115,-6,1]
[16384,3712,433,29,1]
[15625,-375,8,-3,1]
[256,64,-112,-16,25,-4,-7,1,1]
[729,81,54,-19,6,1,1]
[6561,-972,86,-12,1]
[14641,-3872,488,-32,1]
[256,0,64,-16,25,-4,4,0,1]
[14641,726,52,6,1]
[4096,-512,208,-21,13,-2,1]
[256,448,496,372,215,93,31,7,1]
[4096,3328,1552,461,97,13,1]
[4096,768,-64,-57,-4,3,1]
[729,-486,270,-92,30,-6,1]
[512,128,-16,-11,-2,2,1]
[15625,-750,79,-6,1]
[16384,3072,381,24,1]
[729,-405,117,-29,13,-5,1]
[4096,-3072,1376,-415,86,-12,1]
[256,0,32,-12,13,-3,2,0,1]
[4096,256,480,1,30,1,1]
[256,-128,48,-28,15,-7,3,-2,1]
[15625,3000,373,24,1]
[4096,0,304,-33,19,0,1]
[14641,484,213,4,1]
[14641,121,123,1,1]
[15625,1750,209,14,1]
[256,-128,64,-44,15,-11,4,-2,1]
[4096,-4864,2656,-847,166,-19,1]
[256,128,48,48,31,12,3,2,1]
[729,-486,306,-103,34,-6,1]
[625,50,3,2,1]
[4096,-2304,880,-231,55,-9,1]
[14641,1936,304,16,1]
[14641,-605,50,-5,1]
[256,-128,96,-48,17,-12,6,-2,1]
[4096,-1024,-128,81,-8,-4,1]
[4096,-256,-128,-13,-8,-1,1]
[4096,0,576,-7,36,0,1]
[4096,-512,-48,39,-3,-2,1]
[14641,242,-96,2,1]
[729,405,18,-32,2,5,1]
[729,-81,-27,40,-3,-1,1]
[4096,2816,1344,383,84,11,1]
[4096,-960,135,-15,1]
[256,64,112,36,31,9,7,1,1]
[256,0,32,8,11,2,2,0,1]
[6561,-1458,223,-18,1]
[4096,512,304,25,19,2,1]
[512,-128,96,-25,12,-2,1]
[512,-128,80,-5,10,-2,1]
[729,162,72,14,8,2,1]
[729,-162,-27,10,-3,-2,1]
[4096,768,-192,-117,-12,3,1]
[512,-256,24,9,3,-4,1]
[4096,-832,89,-13,1]
[256,64,-48,-16,-5,-4,-3,1,1]
[4096,0,128,35,8,0,1]
[16384,1792,117,14,1]
[4096,-768,0,39,0,-3,1]
[4096,256,-96,45,-6,1,1]
[625,-75,23,-3,1]
[4096,-256,64,-111,4,-1,1]
[4096,1792,560,125,35,7,1]
[15625,375,113,3,1]
[16384,768,-33,6,1]
[4096,768,352,45,22,3,1]
[4096,-768,157,-12,1]
[729,0,36,10,4,0,1]
[4096,-512,16,21,1,-2,1]
[4096,1536,528,139,33,6,1]
[4096,512,544,55,34,2,1]
[6561,-243,161,-3,1]
[4096,3072,960,223,60,12,1]
[512,192,56,27,7,3,1]
[4096,1024,-208,-107,-13,4,1]
[512,256,24,-13,3,4,1]
[4096,512,256,75,16,2,1]
[4096,1792,304,41,19,7,1]
[4096,-2048,784,-217,49,-8,1]
[15625,1500,42,12,1]
[15625,-2750,328,-22,1]
[16384,3328,341,26,1]
[4096,-256,176,47,11,-1,1]
[4096,-256,99,-4,1]
[16384,1152,25,9,1]
[4096,1024,624,103,39,4,1]
[6561,-810,146,-10,1]
[512,-192,88,-27,11,-3,1]
[4096,256,272,7,17,1,1]
[14641,363,94,3,1]
[256,-128,48,8,-7,2,3,-2,1]
[14641,1089,84,9,1]
[4096,-1280,384,-53,24,-5,1]
[6561,567,-32,7,1]
[4096,-768,416,-41,26,-3,1]
[256,-128,80,-68,33,-17,5,-2,1]
[15625,-3750,444,-30,1]
[15625,2250,224,18,1]
[4096,0,608,-3,38,0,1]
[4096,0,64,-111,4,0,1]
[15625,-250,123,-2,1]
[2401,-588,75,-12,1]
[15625,500,13,4,1]
[2401,147,9,3,1]
[4096,-256,272,-89,17,-1,1]
[4096,-768,432,-39,27,-3,1]
[15625,0,44,0,1]
[4096,-512,496,-33,31,-2,1]
[729,-162,-54,49,-6,-2,1]
[625,-25,-32,-1,1]
[15625,1125,-19,9,1]
[15625,875,-38,7,1]
[4096,0,144,-61,9,0,1]
[729,567,297,115,33,7,1]
[15625,-875,101,-7,1]
[256,-64,128,-20,41,-5,8,-1,1]
[4096,1536,464,157,29,6,1]
[4096,768,-96,-99,-6,3,1]
[4096,-3072,1088,-281,68,-12,1]
[2401,-98,-38,-2,1]
[4096,-1088,179,-17,1]
[729,81,0,-10,0,1,1]
[729,81,63,23,7,1,1]
[256,128,32,-44,-23,-11,2,2,1]
[4096,768,16,-67,1,3,1]
[729,0,0,-41,0,0,1]
[256,0,48,-24,3,-6,3,0,1]
[4096,-2048,768,-251,48,-8,1]
[256,0,-80,4,21,1,-5,0,1]
[14641,-847,185,-7,1]
[64,-16,16,-5,4,-1,1]
[4096,768,-16,-3,-1,3,1]
[256,128,176,56,53,14,11,2,1]
[15625,-2250,247,-18,1]
[729,243,-45,-59,-5,3,1]
[16384,128,-207,1,1]
[256,384,304,180,93,45,19,6,1]
[4096,-768,336,-47,21,-3,1]
[729,-486,324,-109,36,-6,1]
[14641,121,-4,1,1]
[4096,256,23,4,1]
[4096,-512,-48,9,-3,-2,1]
[4096,256,464,37,29,1,1]
[4096,-1280,-240,159,-15,-5,1]
[4096,512,240,-15,15,2,1]
[4096,-512,208,7,13,-2,1]
[2401,-294,71,-6,1]
[4096,2048,736,209,46,8,1]
[14641,-2057,174,-17,1]
[256,320,160,12,-15,3,10,5,1]
[256,64,64,40,13,10,4,1,1]
[256,-64,16,40,-9,10,1,-1,1]
[256,128,160,60,53,15,10,2,1]
[4096,0,-192,7,-12,0,1]
[256,128,32,-8,-1,-2,2,2,1]
[256,0,64,32,13,8,4,0,1]
[4096,384,73,6,1]
[4096,1280,400,163,25,5,1]
[729,0,81,4,9,0,1]
[4096,256,-16,-39,-1,1,1]
[4096,0,-67,0,1]
[4096,0,-144,3,-9,0,1]
[4096,-2560,1120,-327,70,-10,1]
[14641,1210,172,10,1]
[14641,242,51,2,1]
[4096,2560,1056,323,66,10,1]
[14641,2662,346,22,1]
[16384,-2048,193,-16,1]
[729,162,90,43,10,2,1]
[4096,2048,672,161,42,8,1]
[4096,768,176,-25,11,3,1]
[4096,768,64,-21,4,3,1]
[4096,256,0,-105,0,1,1]
[4096,2304,512,87,32,9,1]
[256,192,32,-32,-31,-8,2,3,1]
[1024,-448,107,-14,1]
[15625,-2250,204,-18,1]
[256,128,112,40,27,10,7,2,1]
[4096,512,96,-41,6,2,1]
[14641,121,-126,1,1]
[4096,-768,448,-55,28,-3,1]
[14641,-605,221,-5,1]
[256,-256,96,4,-17,1,6,-4,1]
[15625,1750,223,14,1]
[4096,-1792,528,-101,33,-7,1]
[15625,-1375,22,-11,1]
[256,-320,112,40,-47,10,7,-5,1]
[16384,-3456,361,-27,1]
[4096,1024,192,81,12,4,1]
[6561,729,32,9,1]
[4096,256,-144,-85,-9,1,1]
[512,192,48,-3,6,3,1]
[6561,1377,149,17,1]
[16384,0,121,0,1]
[14641,-3388,390,-28,1]
[256,-256,64,64,-61,16,4,-4,1]
[4096,-1280,480,-95,30,-5,1]
[15625,-125,102,-1,1]
[729,486,162,41,18,6,1]
[64,-48,32,-11,8,-3,1]
[256,128,32,0,-5,0,2,2,1]
[4096,768,304,13,19,3,1]
[256,-128,128,-52,43,-13,8,-2,1]
[6561,567,-35,7,1]
[256,192,32,12,13,3,2,3,1]
[729,-567,360,-130,40,-7,1]
[256,128,16,-24,-25,-6,1,2,1]
[4096,-256,96,-77,6,-1,1]
[729,-405,216,-88,24,-5,1]
[4096,-256,80,19,5,-1,1]
[729,-486,261,-94,29,-6,1]
[4096,448,7,7,1]
[15625,1000,87,8,1]
[2401,-784,128,-16,1]
[2401,539,89,11,1]
[6561,-1701,233,-21,1]
[4096,0,0,93,0,0,1]
[729,162,36,38,4,2,1]
[4096,-1280,48,49,3,-5,1]
[4096,-704,149,-11,1]
[14641,1089,-5,9,1]
[2401,539,59,11,1]
[512,0,24,11,3,0,1]
[4096,256,16,43,1,1,1]
[4096,-1280,464,-91,29,-5,1]
[4096,-1536,640,-135,40,-6,1]
[14641,847,-36,7,1]
[14641,-1331,179,-11,1]
[4096,1024,336,71,21,4,1]
[14641,-1452,75,-12,1]
[729,81,9,20,1,1,1]
[4096,-256,288,31,18,-1,1]
[729,-162,207,-32,23,-2,1]
[4096,-1792,496,-135,31,-7,1]
[4096,1024,256,75,16,4,1]
[4096,-1536,704,-181,44,-6,1]
[4096,1536,672,155,42,6,1]
[4096,768,480,71,30,3,1]
[4096,-1536,208,-25,13,-6,1]
[4096,256,304,67,19,1,1]
[256,320,224,144,81,36,14,5,1]
[15625,-625,-114,-5,1]
[256,128,48,16,17,4,3,2,1]
[14641,-121,-38,-1,1]
[15625,0,-216,0,1]
[512,-192,96,-31,12,-3,1]
[256,-256,128,-72,41,-18,8,-4,1]
[6561,2025,304,25,1]
[512,0,56,-7,7,0,1]
[512,-320,216,-75,27,-5,1]
[4096,1280,128,31,8,5,1]
[512,128,112,33,14,2,1]
[729,648,342,134,38,8,1]
[4096,-512,-128,91,-8,-2,1]
[15625,125,-78,1,1]
[15625,1000,129,8,1]
[729,-162,81,-35,9,-2,1]
[4096,2048,720,181,45,8,1]
[256,-128,-16,-28,37,-7,-1,-2,1]
[14641,-363,-125,-3,1]
[16384,-3072,293,-24,1]
[4096,1024,336,69,21,4,1]
[4096,-2304,352,-11,22,-9,1]
[14641,2057,259,17,1]
[4096,-256,656,-31,41,-1,1]
[512,-192,112,-23,14,-3,1]
[15625,-1000,194,-8,1]
[256,64,16,-36,-19,-9,1,1,1]
[729,-162,36,-40,4,-2,1]
[16384,384,213,3,1]
[14641,-242,5,-2,1]
[15625,3375,383,27,1]
[4096,256,-80,-35,-5,1,1]
[14641,4235,531,35,1]
[4096,-1280,528,-135,33,-5,1]
[4096,-1024,-128,95,-8,-4,1]
[256,256,144,64,25,16,9,4,1]
[256,-192,208,-116,75,-29,13,-3,1]
[14641,1452,250,12,1]
[256,-128,144,-36,35,-9,9,-2,1]
[256,128,-16,-32,-19,-8,-1,2,1]
[4096,-512,64,15,4,-2,1]
[4096,-256,-144,31,-9,-1,1]
[256,-192,176,-80,55,-20,11,-3,1]
[2401,-686,139,-14,1]
[4096,1536,-128,-129,-8,6,1]
[256,-256,208,-104,57,-26,13,-4,1]
[4096,256,368,9,23,1,1]
[256,128,112,72,27,18,7,2,1]
[512,320,176,79,22,5,1]
[256,-256,144,-100,61,-25,9,-4,1]
[4096,704,69,11,1]
[16384,1280,243,10,1]
[15625,2875,281,23,1]
[512,-448,200,-69,25,-7,1]
[4096,-512,496,-27,31,-2,1]
[4096,-768,16,83,1,-3,1]
[15625,-2125,234,-17,1]
[4096,-768,-16,95,-1,-3,1]
[16384,-128,-205,-1,1]
[16384,-896,247,-7,1]
[4096,1024,160,19,10,4,1]
[729,-81,11,-3,1]
[15625,125,134,1,1]
[256,0,16,-32,-7,-8,1,0,1]
[4096,-768,560,-91,35,-3,1]
[256,192,96,36,13,9,6,3,1]
[4096,-1536,16,71,1,-6,1]
[4096,512,80,41,5,2,1]
[729,162,135,46,15,2,1]
[729,-324,189,-67,21,-4,1]
[4096,-512,272,3,17,-2,1]
[4096,-2560,768,-173,48,-10,1]
[4096,-512,-224,63,-14,-2,1]
[14641,-1573,89,-13,1]
[256,0,16,0,21,0,1,0,1]
[4096,-3072,1232,-357,77,-12,1]
[729,81,162,11,18,1,1]
[15625,1000,146,8,1]
[4096,-768,32,61,2,-3,1]
[15625,-1875,222,-15,1]
[4096,-1280,320,-83,20,-5,1]
[512,-256,200,-59,25,-4,1]
[256,192,16,-32,-21,-8,1,3,1]
[4096,448,93,7,1]
[4096,1024,-96,-63,-6,4,1]
[16384,3968,479,31,1]
[4096,-3072,1216,-335,76,-12,1]
[14641,-605,-124,-5,1]
[625,-75,33,-3,1]
[4096,1280,0,-85,0,5,1]
[14641,-847,213,-7,1]
[4096,1280,288,19,18,5,1]
[6561,2268,350,28,1]
[512,-64,-48,11,-6,-1,1]
[4096,-1536,640,-139,40,-6,1]
[4096,768,224,71,14,3,1]
[4096,1792,384,49,24,7,1]
[4096,1792,704,169,44,7,1]
[4096,1280,384,119,24,5,1]
[16384,1920,177,15,1]
[4096,768,336,79,21,3,1]
[729,81,54,-4,6,1,1]
[4096,1024,336,67,21,4,1]
[4096,-1792,496,-145,31,-7,1]
[512,-256,32,-1,4,-4,1]
[14641,-847,163,-7,1]
[729,486,90,1,10,6,1]
[16384,-1920,101,-15,1]
[4096,-512,512,-75,32,-2,1]
[16384,-128,195,-1,1]
[4096,0,-48,-7,-3,0,1]
[256,0,48,48,-7,12,3,0,1]
[256,-128,112,4,9,1,7,-2,1]
[4096,1280,48,-63,3,5,1]
[4096,0,640,-5,40,0,1]
[4096,2048,544,143,34,8,1]
[256,64,-32,-20,5,-5,-2,1,1]
[16384,2048,179,16,1]
[64,32,16,7,4,2,1]
[256,64,48,28,7,7,3,1,1]
[4096,512,-80,-51,-5,2,1]
[729,81,99,5,11,1,1]
[256,128,80,48,23,12,5,2,1]
[729,-135,35,-5,1]
[4096,-256,-48,19,-3,-1,1]
[4096,512,-208,-61,-13,2,1]
[14641,2178,230,18,1]
[256,-64,48,28,1,7,3,-1,1]
[4096,256,400,25,25,1,1]
[4096,-768,384,-49,24,-3,1]
[6561,-567,37,-7,1]
[6561,-1053,119,-13,1]
[512,64,32,41,4,1,1]
[256,-192,192,-100,69,-25,12,-3,1]
[14641,-484,-112,-4,1]
[16384,640,125,5,1]
[729,81,9,-35,1,1,1]
[4096,-256,560,-39,35,-1,1]
[15625,1375,211,11,1]
[729,243,41,9,1]
[16384,2944,281,23,1]
[16384,2432,175,19,1]
[15625,250,133,2,1]
[4096,1024,32,3,2,4,1]
[4096,2048,576,123,36,8,1]
[729,-486,225,-85,25,-6,1]
[256,256,48,-56,-45,-14,3,4,1]
[4096,256,256,91,16,1,1]
[4096,1280,448,149,28,5,1]
[16384,128,121,1,1]
[256,64,-80,0,33,0,-5,1,1]
[14641,-968,109,-8,1]
[4096,-1024,224,-71,14,-4,1]
[16384,-1920,265,-15,1]
[14641,1452,155,12,1]
[4096,0,-95,0,1]
[16384,1152,103,9,1]
[256,-256,144,-16,-3,-4,9,-4,1]
[6561,405,-50,5,1]
[4096,1536,528,147,33,6,1]
[256,-192,96,-32,19,-8,6,-3,1]
[4096,-512,208,31,13,-2,1]
[15625,-2250,293,-18,1]
[6561,567,104,7,1]
[4096,256,608,35,38,1,1]
[14641,-605,116,-5,1]
[14641,1331,268,11,1]
[4096,256,96,85,6,1,1]
[256,-128,80,0,-1,0,5,-2,1]
[16384,-2048,215,-16,1]
[4096,-768,-112,85,-7,-3,1]
[4096,-768,80,55,5,-3,1]
[16384,-1280,231,-10,1]
[16384,1024,35,8,1]
[729,-486,234,-101,26,-6,1]
[4096,1280,496,101,31,5,1]
[6561,-405,-26,-5,1]
[256,-64,16,12,-21,3,1,-1,1]
[4096,512,7,8,1]
[4096,768,-48,-67,-3,3,1]
[4096,-512,96,-43,6,-2,1]
[1024,-32,-41,-1,1]
[14641,-1694,124,-14,1]
[256,384,224,48,1,12,14,6,1]
[6561,1377,182,17,1]
[729,-162,-9,38,-1,-2,1]
[4096,-512,400,-7,25,-2,1]
[625,125,38,5,1]
[625,25,42,1,1]
[256,-192,144,-72,43,-18,9,-3,1]
[14641,3388,419,28,1]
[4096,1280,-16,-91,-1,5,1]
[6561,972,184,12,1]
[16384,256,-137,2,1]
[14641,-968,206,-8,1]
[6561,-243,-20,-3,1]
[14641,-121,94,-1,1]
[4096,768,-160,-51,-10,3,1]
[512,-128,88,-11,11,-2,1]
[4096,-1280,448,-103,28,-5,1]
[729,-243,-9,22,-1,-3,1]
[4096,1280,320,37,20,5,1]
[4096,-256,128,35,8,-1,1]
[4096,1536,560,125,35,6,1]
[256,-128,112,-36,25,-9,7,-2,1]
[4096,0,544,-3,34,0,1]
[14641,242,27,2,1]
[4096,1280,304,117,19,5,1]
[729,-243,117,-50,13,-3,1]
[512,64,56,23,7,1,1]
[4096,256,144,35,9,1,1]
[729,-54,44,-2,1]
[256,-64,96,-68,19,-17,6,-1,1]
[15625,-1500,68,-12,1]
[15625,-500,-34,-4,1]
[4096,1280,528,137,33,5,1]
[15625,375,16,3,1]
[14641,726,80,6,1]
[4096,256,496,41,31,1,1]
[256,192,160,100,63,25,10,3,1]
[729,0,-22,0,1]
[4096,1280,96,-55,6,5,1]
[4096,1280,-32,-95,-2,5,1]
[4096,3072,1296,379,81,12,1]
[729,81,-36,-7,-4,1,1]
[256,192,96,72,43,18,6,3,1]
[729,162,54,37,6,2,1]
[15625,1500,33,12,1]
[15625,-1750,243,-14,1]
[14641,-121,18,-1,1]
[4096,512,-48,-91,-3,2,1]
[4096,-2048,208,35,13,-8,1]
[16384,-1536,285,-12,1]
[4096,-2816,1264,-359,79,-11,1]
[256,128,128,92,35,23,8,2,1]
[4096,512,496,49,31,2,1]
[4096,-256,-64,23,-4,-1,1]
[14641,-968,142,-8,1]
[512,0,72,17,9,0,1]
[4096,1792,480,119,30,7,1]
[6561,405,-43,5,1]
[4096,-1024,224,-99,14,-4,1]
[15625,-1125,198,-9,1]
[14641,484,52,4,1]
[16384,1280,61,10,1]
[256,192,144,76,41,19,9,3,1]
[15625,-1000,128,-8,1]
[14641,2662,249,22,1]
[512,128,56,-7,7,2,1]
[4096,4096,1984,603,124,16,1]
[4096,768,400,79,25,3,1]
[6561,-2187,332,-27,1]
[256,64,16,-20,-27,-5,1,1,1]
[14641,-1089,73,-9,1]
[4096,0,-96,-71,-6,0,1]
[4096,0,-16,-59,-1,0,1]
[4096,512,272,-7,17,2,1]
[4096,1280,560,157,35,5,1]
[256,-128,112,-60,41,-15,7,-2,1]
[4096,0,208,-1,13,0,1]
[4096,-1280,464,-147,29,-5,1]
[512,128,120,37,15,2,1]
[4096,512,128,65,8,2,1]
[4096,0,464,29,29,0,1]
[15625,-3750,424,-30,1]
[14641,-968,94,-8,1]
[15625,-3000,334,-24,1]
[4096,-2304,976,-263,61,-9,1]
[4096,768,-192,-93,-12,3,1]
[256,-320,192,-108,61,-27,12,-5,1]
[256,0,48,-8,-3,-2,3,0,1]
[256,64,0,0,11,0,0,1,1]
[4096,2048,320,25,20,8,1]
[4096,512,-32,45,-2,2,1]
[4096,-1280,112,13,7,-5,1]
[729,729,387,148,43,9,1]
[4096,-1024,-112,75,-7,-4,1]
[4096,1280,176,19,11,5,1]
[4096,1024,112,-13,7,4,1]
[4096,-2048,672,-163,42,-8,1]
[256,0,80,4,21,1,5,0,1]
[1024,32,-15,1,1]
[15625,-1625,178,-13,1]
[729,81,-36,-35,-4,1,1]
[4096,1792,-96,-149,-6,7,1]
[4096,-1280,208,-37,13,-5,1]
[256,0,48,-40,7,-10,3,0,1]
[6561,486,79,6,1]
[512,0,0,29,0,0,1]
[4096,512,224,-27,14,2,1]
[256,-192,112,-40,17,-10,7,-3,1]
[4096,-768,672,-91,42,-3,1]
[14641,847,56,7,1]
[256,256,128,84,57,21,8,4,1]
[256,256,80,-8,-11,-2,5,4,1]
[256,64,16,-12,-23,-3,1,1,1]
[4096,256,528,11,33,1,1]
[256,-256,224,-128,69,-32,14,-4,1]
[729,216,41,8,1]
[6561,-162,131,-2,1]
[4096,768,400,115,25,3,1]
[2401,0,-52,0,1]
[15625,2375,318,19,1]
[256,192,48,8,9,2,3,3,1]
[512,192,72,35,9,3,1]
[2401,-833,145,-17,1]
[15625,1125,142,9,1]
[256,-192,32,28,-17,7,2,-3,1]
[14641,-1815,112,-15,1]
[14641,-121,-210,-1,1]
[4096,-1280,176,7,11,-5,1]
[4096,1536,336,89,21,6,1]
[4096,-768,160,-49,10,-3,1]
[14641,3993,514,33,1]
[256,128,48,16,-1,4,3,2,1]
[256,-64,16,-28,5,-7,1,-1,1]
[256,-192,32,-28,33,-7,2,-3,1]
[4096,-1024,320,-49,20,-4,1]
[729,-405,261,-86,29,-5,1]
[256,320,272,184,103,46,17,5,1]
[4096,256,-96,-111,-6,1,1]
[4096,256,256,79,16,1,1]
[14641,2420,245,20,1]
[14641,-1573,131,-13,1]
[4096,1024,160,-9,10,4,1]
[256,256,64,-44,-43,-11,4,4,1]
[4096,0,-96,-9,-6,0,1]
[15625,-1750,159,-14,1]
[256,192,32,36,37,9,2,3,1]
[4096,1536,320,31,20,6,1]
[4096,256,320,11,20,1,1]
[4096,-256,112,23,7,-1,1]
[4096,-1280,160,-3,10,-5,1]
[256,128,160,52,47,13,10,2,1]
[256,64,-48,8,35,2,-3,1,1]
[729,405,189,76,21,5,1]
[4096,-512,117,-8,1]
[4096,256,-144,-1,-9,1,1]
[14641,363,49,3,1]
[256,-64,96,-36,31,-9,6,-1,1]
[4096,1536,688,175,43,6,1]
[256,0,112,20,33,5,7,0,1]
[14641,3146,383,26,1]
[729,0,-32,0,1]
[729,-81,-9,35,-1,-1,1]
[729,324,117,20,13,4,1]
[4096,1792,432,95,27,7,1]
[4096,0,240,19,15,0,1]
[16384,-3584,429,-28,1]
[729,162,108,35,12,2,1]
[512,512,320,135,40,8,1]
[2401,-98,-41,-2,1]
[4096,-1536,624,-193,39,-6,1]
[729,0,-18,-26,-2,0,1]
[6561,-1215,157,-15,1]
[512,-384,176,-63,22,-6,1]
[14641,2299,258,19,1]
[512,-64,40,-41,5,-1,1]
[4096,-1024,480,-77,30,-4,1]
[14641,-3267,389,-27,1]
[4096,-256,512,-33,32,-1,1]
[729,-162,9,22,1,-2,1]
[14641,847,126,7,1]
[4096,1024,480,137,30,4,1]
[4096,-1536,432,-125,27,-6,1]
[4096,256,144,91,9,1,1]
[4096,1024,496,79,31,4,1]
[4096,2560,1168,337,73,10,1]
[14641,1210,93,10,1]
[256,-64,32,-16,25,-4,2,-1,1]
[16384,1024,147,8,1]
[4096,64,-67,1,1]
[4096,-1536,192,-11,12,-6,1]
[14641,1089,60,9,1]
[256,-128,80,-56,25,-14,5,-2,1]
[512,-128,48,-1,6,-2,1]
[4096,-1792,608,-205,38,-7,1]
[4096,-256,80,-121,5,-1,1]
[15625,3125,341,25,1]
[4096,768,528,63,33,3,1]
[256,64,-112,-12,31,-3,-7,1,1]
[14641,0,-62,0,1]
[16384,0,-199,0,1]
[256,-128,48,-4,-11,-1,3,-2,1]
[4096,1024,-144,-101,-9,4,1]
[4096,512,48,-1,3,2,1]
[4096,-704,123,-11,1]
[729,162,135,16,15,2,1]
[4096,-2560,1104,-315,69,-10,1]
[729,-324,144,-50,16,-4,1]
[256,-192,96,-56,35,-14,6,-3,1]
[15625,-375,123,-3,1]
[4096,3328,1568,475,98,13,1]
[14641,-363,155,-3,1]
[2401,-294,-2,-6,1]
[4096,768,208,5,13,3,1]
[14641,726,245,6,1]
[6561,648,-2,8,1]
[15625,125,-9,1,1]
[512,-128,72,-31,9,-2,1]
[256,-128,96,-24,21,-6,6,-2,1]
[4096,-256,-112,-39,-7,-1,1]
[16384,768,213,6,1]
[4096,-1280,688,-145,43,-5,1]
[729,324,162,68,18,4,1]
[256,128,112,20,23,5,7,2,1]
[16384,-3328,339,-26,1]
[4096,704,53,11,1]
[729,-81,45,7,5,-1,1]
[256,-320,176,-28,-5,-7,11,-5,1]
[6561,1539,238,19,1]
[256,-64,144,-44,43,-11,9,-1,1]
[256,0,0,8,15,2,0,0,1]
[6561,-2106,314,-26,1]
[14641,-484,2,-4,1]
[512,256,88,21,11,4,1]
[256,256,208,140,77,35,13,4,1]
[4096,1024,0,-71,0,4,1]
[625,125,24,5,1]
[625,50,-14,2,1]
[15625,1750,186,14,1]
[256,-64,144,-64,41,-16,9,-1,1]
[4096,-1792,32,97,2,-7,1]
[729,-378,101,-14,1]
[6561,-1377,214,-17,1]
[256,-64,16,12,-5,3,1,-1,1]
[15625,3125,361,25,1]
[4096,0,224,-67,14,0,1]
[729,81,27,37,3,1,1]
[1024,-128,-5,-4,1]
[256,128,96,56,19,14,6,2,1]
[4096,-768,256,-133,16,-3,1]
[14641,121,-46,1,1]
[4096,-768,160,-95,10,-3,1]
[256,-128,96,-52,25,-13,6,-2,1]
[256,-576,672,-532,309,-133,42,-9,1]
[16384,-768,7,-6,1]
[4096,-512,144,-33,9,-2,1]
[4096,768,0,27,0,3,1]
[4096,-1536,640,-131,40,-6,1]
[256,0,128,-8,41,-2,8,0,1]
[4096,512,192,33,12,2,1]
[256,-64,1,-4,1]
[729,0,0,25,0,0,1]
[14641,-484,206,-4,1]
[256,-64,32,-16,5,-4,2,-1,1]
[729,324,0,-20,0,4,1]
[6561,-1620,220,-20,1]
[4096,256,-176,-35,-11,1,1]
[4096,-2048,848,-209,53,-8,1]
[4096,-768,112,-43,7,-3,1]
[256,256,144,92,53,23,9,4,1]
[2401,-98,-47,-2,1]
[16384,-640,163,-5,1]
[6561,324,16,4,1]
[256,64,160,36,51,9,10,1,1]
[4096,-1024,-144,117,-9,-4,1]
[14641,121,-98,1,1]
[4096,-768,256,-37,16,-3,1]
[256,-128,16,12,-3,3,1,-2,1]
[15625,-1125,104,-9,1]
[6561,-2025,313,-25,1]
[4096,0,80,-3,5,0,1]
[14641,-968,-40,-8,1]
[15625,-1750,129,-14,1]
[512,-64,32,-43,4,-1,1]
[256,0,-16,-4,7,-1,-1,0,1]
[512,0,-40,9,-5,0,1]
[4096,1280,272,15,17,5,1]
[4096,-1792,848,-217,53,-7,1]
[256,-64,0,16,-23,4,0,-1,1]
[6561,324,44,4,1]
[4096,0,304,-3,19,0,1]
[4096,1024,-64,-81,-4,4,1]
[729,-243,144,-34,16,-3,1]
[4096,-512,480,-79,30,-2,1]
[4096,-1536,288,-43,18,-6,1]
[14641,-484,-7,-4,1]
[4096,1024,448,103,28,4,1]
[4096,256,320,79,20,1,1]
[15625,-1875,166,-15,1]
[4096,1280,336,109,21,5,1]
[4096,-2048,368,-37,23,-8,1]
[16384,1920,237,15,1]
[256,384,320,220,125,55,20,6,1]
[4096,-1024,448,-97,28,-4,1]
[14641,-121,-196,-1,1]
[4096,-256,48,-115,3,-1,1]
[256,128,16,-8,-7,-2,1,2,1]
[2401,-294,79,-6,1]
[14641,2904,348,24,1]
[256,-256,304,-188,119,-47,19,-4,1]
[4096,768,64,13,4,3,1]
[256,0,16,16,1,4,1,0,1]
[14641,726,40,6,1]
[14641,2541,302,21,1]
[256,320,176,28,-5,7,11,5,1]
[256,-128,16,20,-3,5,1,-2,1]
[6561,-729,137,-9,1]
[14641,-1694,183,-14,1]
[729,-162,135,-43,15,-2,1]
[256,0,-32,-8,13,-2,-2,0,1]
[16384,1664,119,13,1]
[729,162,117,38,13,2,1]
[15625,875,99,7,1]
[4096,512,96,69,6,2,1]
[512,-512,312,-133,39,-8,1]
[16384,1536,89,12,1]
[14641,0,168,0,1]
[14641,-726,-51,-6,1]
[14641,1936,296,16,1]
[4096,2560,1120,309,70,10,1]
[256,64,32,-24,-3,-6,2,1,1]
[64,48,28,9,7,3,1]
[4096,0,336,17,21,0,1]
[15625,4750,606,38,1]
[729,-243,72,-32,8,-3,1]
[16384,-128,-201,-1,1]
[4096,-768,-160,123,-10,-3,1]
[4096,0,384,45,24,0,1]
[81,-45,16,-5,1]
[6561,-81,43,-1,1]
[4096,1024,592,111,37,4,1]
[14641,1815,115,15,1]
[512,384,192,67,24,6,1]
[64,-48,16,-3,4,-3,1]
[4096,1536,528,143,33,6,1]
[256,256,208,100,55,25,13,4,1]
[256,-64,112,-60,29,-15,7,-1,1]
[256,128,-48,-24,3,-6,-3,2,1]
[14641,0,171,0,1]
[15625,2750,368,22,1]
[4096,1792,496,143,31,7,1]
[4096,512,400,5,25,2,1]
[4096,128,-73,2,1]
[4096,0,112,69,7,0,1]
[256,-128,80,-24,25,-6,5,-2,1]
[2401,-980,195,-20,1]
[729,81,18,46,2,1,1]
[4096,1280,512,159,32,5,1]
[6561,729,124,9,1]
[64,-16,40,-7,10,-1,1]
[4096,-256,512,-11,32,-1,1]
[4096,-2816,1152,-319,72,-11,1]
[4096,-2560,928,-271,58,-10,1]
[512,64,104,1,13,1,1]
[4096,-256,144,-11,9,-1,1]
[2401,-294,40,-6,1]
[15625,-3500,399,-28,1]
[15625,2625,234,21,1]
[4096,-768,240,-61,15,-3,1]
[512,64,8,-9,1,1,1]
[14641,1694,181,14,1]
[256,-256,240,-140,85,-35,15,-4,1]
[4096,2048,528,99,33,8,1]
[16384,-3072,385,-24,1]
[4096,-576,83,-9,1]
[4096,-1792,32,83,2,-7,1]
[256,-384,224,-60,13,-15,14,-6,1]
[16384,-1024,59,-8,1]
[16384,3968,461,31,1]
[729,162,126,26,14,2,1]
[4096,-768,640,-79,40,-3,1]
[729,-432,115,-16,1]
[256,192,256,132,97,33,16,3,1]
[256,-256,112,-44,21,-11,7,-4,1]
[14641,-968,-10,-8,1]
[4096,0,304,35,19,0,1]
[15625,875,234,7,1]
[4096,-1536,269,-24,1]
[256,64,48,36,23,9,3,1,1]
[256,320,224,148,85,37,14,5,1]
[16384,2304,271,18,1]
[14641,-121,182,-1,1]
[729,0,10,0,1]
[15625,1375,96,11,1]
[729,405,225,77,25,5,1]
[14641,-1815,172,-15,1]
[4096,1536,256,17,16,6,1]
[4096,-1280,304,-85,19,-5,1]
[15625,250,34,2,1]
[256,192,64,-60,-45,-15,4,3,1]
[4096,-1024,272,-11,17,-4,1]
[16384,2048,205,16,1]
[4096,-512,80,51,5,-2,1]
[4096,0,176,-73,11,0,1]
[256,320,160,16,-11,4,10,5,1]
[4096,1280,-80,-103,-5,5,1]
[256,-128,80,-56,31,-14,5,-2,1]
[4096,512,-128,-11,-8,2,1]
[4096,-768,-128,85,-8,-3,1]
[256,-192,112,-32,13,-8,7,-3,1]
[4096,2048,608,127,38,8,1]
[4096,-1024,-96,109,-6,-4,1]
[256,-64,16,-40,17,-10,1,-1,1]
[4096,-768,-192,107,-12,-3,1]
[729,-81,72,-16,8,-1,1]
[4096,2048,720,231,45,8,1]
[4096,768,432,63,27,3,1]
[4096,256,128,115,8,1,1]
[4096,1280,384,139,24,5,1]
[256,-320,192,-60,19,-15,12,-5,1]
[4096,2048,752,243,47,8,1]
[4096,-1280,368,-73,23,-5,1]
[256,64,16,20,-1,5,1,1,1]
[729,810,504,202,56,10,1]
[4096,-256,-16,-1,-1,-1,1]
[14641,-363,-48,-3,1]
[4096,-1024,-160,95,-10,-4,1]
[256,128,112,44,29,11,7,2,1]
[14641,1573,114,13,1]
[64,0,-8,5,-2,0,1]
[125,17,1]
[4096,1280,480,125,30,5,1]
[15625,-375,49,-3,1]
[14641,-1210,175,-10,1]
[512,256,56,7,7,4,1]
[4096,1280,80,-7,5,5,1]
[256,64,32,-4,-3,-1,2,1,1]
[4096,-256,416,-65,26,-1,1]
[512,-128,88,-41,11,-2,1]
[14641,847,232,7,1]
[729,243,117,41,13,3,1]
[256,64,144,36,49,9,9,1,1]
[15625,2000,279,16,1]
[4096,3584,1696,511,106,14,1]
[4096,-1280,112,23,7,-5,1]
[4096,1024,48,-3,3,4,1]
[14641,0,-36,0,1]
[4096,1024,416,139,26,4,1]
[14641,363,-126,3,1]
[729,0,9,-17,1,0,1]
[6561,-1701,260,-21,1]
[16384,-1536,279,-12,1]
[256,-128,48,-12,11,-3,3,-2,1]
[15625,-1125,121,-9,1]
[4096,512,512,27,32,2,1]
[15625,-750,42,-6,1]
[16384,-1536,71,-12,1]
[15625,1375,98,11,1]
[6561,648,176,8,1]
[256,-64,16,4,-19,1,1,-1,1]
[2401,588,129,12,1]
[4096,960,183,15,1]
[16384,-1024,133,-8,1]
[15625,-2500,297,-20,1]
[4096,-768,208,-85,13,-3,1]
[4096,-1024,448,-117,28,-4,1]
[14641,-726,188,-6,1]
[4096,-1024,320,-55,20,-4,1]
[256,128,112,88,33,22,7,2,1]
[2401,245,59,5,1]
[15625,-1250,211,-10,1]
[729,-243,45,-17,5,-3,1]
[512,-256,88,-15,11,-4,1]
[15625,2875,311,23,1]
[16384,128,-17,1,1]
[4096,896,101,14,1]
[14641,968,226,8,1]
[16384,-1152,9,-9,1]
[4096,-1536,-64,119,-4,-6,1]
[16384,-512,29,-4,1]
[256,0,32,40,7,10,2,0,1]
[4096,512,320,71,20,2,1]
[4096,2304,624,149,39,9,1]
[256,-192,16,0,11,0,1,-3,1]
[729,-243,153,-32,17,-3,1]
[15625,2375,193,19,1]
[256,0,16,-4,-17,-1,1,0,1]
[2401,-490,97,-10,1]
[1024,64,39,2,1]
[14641,-605,14,-5,1]
[4096,-1024,400,-147,25,-4,1]
[625,-200,33,-8,1]
[625,275,67,11,1]
[15625,750,19,6,1]
[15625,375,23,3,1]
[15625,2000,299,16,1]
[4096,256,240,5,15,1,1]
[81,27,8,3,1]
[256,-320,288,-188,101,-47,18,-5,1]
[4096,-256,16,-33,1,-1,1]
[4096,-256,-128,45,-8,-1,1]
[4096,1536,432,79,27,6,1]
[16384,1792,145,14,1]
[14641,-968,194,-8,1]
[729,567,342,130,38,7,1]
[256,128,32,16,3,4,2,2,1]
[4096,256,176,-39,11,1,1]
[4096,512,144,25,9,2,1]
[729,567,216,65,24,7,1]
[4096,-256,32,-89,2,-1,1]
[4096,1792,528,137,33,7,1]
[4096,256,48,69,3,1,1]
[256,192,48,-52,-41,-13,3,3,1]
[4096,2304,240,-41,15,9,1]
[4096,-576,81,-9,1]
[512,-256,56,-19,7,-4,1]
[1024,-160,27,-5,1]
[6561,243,103,3,1]
[729,324,144,49,16,4,1]
[4096,768,240,75,15,3,1]
[4096,1536,640,169,40,6,1]
[256,64,112,12,35,3,7,1,1]
[4096,0,400,-27,25,0,1]
[14641,1452,245,12,1]
[14641,2299,277,19,1]
[16384,-3456,379,-27,1]
[4096,1280,224,59,14,5,1]
[4096,-768,-96,41,-6,-3,1]
[256,64,-16,16,13,4,-1,1,1]
[729,-324,54,2,6,-4,1]
[256,-64,48,0,11,0,3,-1,1]
[16384,1920,161,15,1]
[729,-81,9,-11,1,-1,1]
[4096,0,0,-41,0,0,1]
[729,567,252,88,28,7,1]
[4096,640,43,10,1]
[4096,-1280,512,-99,32,-5,1]
[4096,-1024,32,3,2,-4,1]
[6561,1215,142,15,1]
[14641,484,107,4,1]
[4096,-192,-59,-3,1]
[4096,1280,208,-5,13,5,1]
[4096,-1024,560,-85,35,-4,1]
[2401,98,29,2,1]
[14641,363,184,3,1]
[4096,-256,416,-5,26,-1,1]
[15625,750,173,6,1]
[16384,-384,13,-3,1]
[4096,-512,96,-99,6,-2,1]
[4096,-1536,-160,145,-10,-6,1]
[4096,256,48,21,3,1,1]
[2401,735,129,15,1]
[4096,1024,400,87,25,4,1]
[729,-81,171,-8,19,-1,1]
[15625,875,176,7,1]
[4096,-512,336,-63,21,-2,1]
[256,-64,16,32,-7,8,1,-1,1]
[4096,-1280,96,9,6,-5,1]
[16384,512,-3,4,1]
[256,320,304,204,117,51,19,5,1]
[256,0,-96,4,37,1,-6,0,1]
[4096,1024,96,-27,6,4,1]
[4096,1536,336,39,21,6,1]
[4096,0,272,-65,17,0,1]
[2401,-784,160,-16,1]
[6561,729,46,9,1]
[15625,-250,-34,-2,1]
[512,-256,112,-53,14,-4,1]
[2401,245,65,5,1]
[15625,1750,177,14,1]
[15625,0,168,0,1]
[729,-810,450,-170,50,-10,1]
[4096,-768,288,-37,18,-3,1]
[15625,-1500,98,-12,1]
[512,-256,168,-47,21,-4,1]
[14641,-3388,386,-28,1]
[14641,-726,18,-6,1]
[512,0,-32,-7,-4,0,1]
[4096,2048,768,181,48,8,1]
[14641,605,52,5,1]
[15625,0,-243,0,1]
[14641,-726,52,-6,1]
[4096,-512,-64,-23,-4,-2,1]
[4096,-1536,-32,97,-2,-6,1]
[256,64,64,36,21,9,4,1,1]
[4096,-2048,752,-195,47,-8,1]
[16384,3328,405,26,1]
[2401,49,92,1,1]
[15625,2750,272,22,1]
[256,64,32,-28,-17,-7,2,1,1]
[16384,384,83,3,1]
[14641,242,194,2,1]
[4096,-768,32,-23,2,-3,1]
[4096,1792,480,83,30,7,1]
[512,-384,248,-93,31,-6,1]
[2401,98,4,2,1]
[729,-405,9,37,1,-5,1]
[4096,768,128,33,8,3,1]
[4096,-1024,304,-39,19,-4,1]
[256,-256,160,-72,37,-18,10,-4,1]
[6561,-324,-88,-4,1]
[16384,-768,209,-6,1]
[4096,-256,144,-101,9,-1,1]
[256,32,19,2,1]
[4096,-1536,16,85,1,-6,1]
[729,243,144,40,16,3,1]
[6561,-1863,289,-23,1]
[256,64,48,36,11,9,3,1,1]
[15625,875,-87,7,1]
[16384,-2176,261,-17,1]
[4096,-1024,-48,45,-3,-4,1]
[729,486,297,107,33,6,1]
[2401,-735,134,-15,1]
[256,128,80,12,11,3,5,2,1]
[16384,-2176,185,-17,1]
[4096,256,240,-11,15,1,1]
[16384,1536,179,12,1]
[256,64,64,-16,-3,-4,4,1,1]
[4096,-2816,1072,-287,67,-11,1]
[256,0,32,-4,-7,-1,2,0,1]
[6561,405,-44,5,1]
[4096,3072,1296,387,81,12,1]
[729,405,189,85,21,5,1]
[14641,2420,248,20,1]
[256,192,48,48,43,12,3,3,1]
[729,0,117,20,13,0,1]
[4096,-768,-32,15,-2,-3,1]
[729,-567,324,-116,36,-7,1]
[4096,1536,416,75,26,6,1]
[15625,1125,72,9,1]
[729,-243,27,13,3,-3,1]
[6561,-1377,223,-17,1]
[15625,-2500,241,-20,1]
[15625,500,253,4,1]
[4096,-512,96,-85,6,-2,1]
[729,162,-36,-56,-4,2,1]
[4096,-256,448,-45,28,-1,1]
[4096,1024,608,123,38,4,1]
[15625,-1000,51,-8,1]
[625,300,74,12,1]
[1024,352,83,11,1]
[6561,-1296,191,-16,1]
[15625,-2375,334,-19,1]
[512,-128,56,-21,7,-2,1]
[256,0,80,-20,21,-5,5,0,1]
[2401,-196,-36,-4,1]
[4096,768,112,3,7,3,1]
[6561,-486,16,-6,1]
[512,-192,-24,23,-3,-3,1]
[15625,-250,221,-2,1]
[4096,1280,384,127,24,5,1]
[15625,-1750,162,-14,1]
[4096,512,144,9,9,2,1]
[625,-75,34,-3,1]
[4096,-192,115,-3,1]
[729,0,0,32,0,0,1]
[256,128,176,80,59,20,11,2,1]
[729,405,252,77,28,5,1]
[4096,512,144,-41,9,2,1]
[4096,-1024,80,33,5,-4,1]
[4096,768,-64,-69,-4,3,1]
[4096,768,80,-49,5,3,1]
[14641,1452,221,12,1]
[256,-192,64,-8,5,-2,4,-3,1]
[4096,0,352,41,22,0,1]
[4096,-448,113,-7,1]
[256,-192,64,-48,37,-12,4,-3,1]
[4096,-256,352,-55,22,-1,1]
[256,-64,32,12,-19,3,2,-1,1]
[729,162,0,-34,0,2,1]
[256,-384,368,-268,151,-67,23,-6,1]
[15625,-250,-77,-2,1]
[729,567,315,115,35,7,1]
[729,0,90,4,10,0,1]
[15625,-2125,251,-17,1]
[4096,-1280,128,41,8,-5,1]
[4096,0,-64,55,-4,0,1]
[256,256,208,120,63,30,13,4,1]
[4096,768,64,35,4,3,1]
[4096,1536,0,-81,0,6,1]
[16384,128,115,1,1]
[1024,0,57,0,1]
[4096,256,0,49,0,1,1]
[256,0,32,0,9,0,2,0,1]
[14641,605,164,5,1]
[4096,1280,528,109,33,5,1]
[256,-128,112,-84,37,-21,7,-2,1]
[256,0,112,4,29,1,7,0,1]
[4096,-1024,-48,73,-3,-4,1]
[729,81,18,-22,2,1,1]
[4096,256,48,37,3,1,1]
[16384,-384,125,-3,1]
[729,-243,-18,34,-2,-3,1]
[4096,1024,-96,-119,-6,4,1]
[4096,128,13,2,1]
[6561,648,145,8,1]
[4096,-512,80,15,5,-2,1]
[14641,605,48,5,1]
[4096,-1024,208,-91,13,-4,1]
[15625,-2750,339,-22,1]
[4096,-768,-48,103,-3,-3,1]
[729,-324,99,-41,11,-4,1]
[16384,256,-131,2,1]
[4096,1536,464,153,29,6,1]
[4096,512,272,-11,17,2,1]
[256,-64,96,-60,25,-15,6,-1,1]
[4096,3328,1392,399,87,13,1]
[4096,-2048,304,-15,19,-8,1]
[256,-256,128,-84,55,-21,8,-4,1]
[4096,-512,-64,87,-4,-2,1]
[4096,2304,864,247,54,9,1]
[4096,256,368,71,23,1,1]
[256,128,32,-20,-15,-5,2,2,1]
[15625,1125,61,9,1]
[256,0,0,20,-5,5,0,0,1]
[729,-405,153,-40,17,-5,1]
[4096,-256,-160,59,-10,-1,1]
[16384,-1280,41,-10,1]
[4096,-3328,1472,-441,92,-13,1]
[4096,448,135,7,1]
[4096,2304,672,147,42,9,1]
[4096,-1536,304,-79,19,-6,1]
[729,0,117,-5,13,0,1]
[4096,-768,-16,1,-1,-3,1]
[64,48,4,-5,1,3,1]
[2401,294,34,6,1]
[4096,512,192,9,12,2,1]
[4096,3328,1440,425,90,13,1]
[4096,-512,512,-57,32,-2,1]
[4096,1280,-192,-141,-12,5,1]
[14641,4235,537,35,1]
[729,-243,144,-32,16,-3,1]
[6561,1134,197,14,1]
[256,128,160,60,55,15,10,2,1]
[625,100,14,4,1]
[4096,768,-96,-25,-6,3,1]
[4096,256,96,-5,6,1,1]
[4096,-704,141,-11,1]
[256,64,32,-40,-23,-10,2,1,1]
[16384,1280,81,10,1]
[4096,0,-96,-11,-6,0,1]
[4096,-512,368,-51,23,-2,1]
[14641,1210,206,10,1]
[256,64,48,-4,-1,-1,3,1,1]
[256,0,64,40,-1,10,4,0,1]
[256,64,32,20,1,5,2,1,1]
[15625,1250,67,10,1]
[729,0,117,4,13,0,1]
[729,162,171,23,19,2,1]
[15625,-250,-52,-2,1]
[15625,3375,391,27,1]
[729,81,90,-1,10,1,1]
[256,64,32,-16,5,-4,2,1,1]
[4096,-1024,-144,79,-9,-4,1]
[4096,1024,528,99,33,4,1]
[15625,1500,182,12,1]
[729,0,135,10,15,0,1]
[4096,1280,-80,-87,-5,5,1]
[256,256,160,72,35,18,10,4,1]
[15625,500,198,4,1]
[729,324,81,13,9,4,1]
[4096,256,240,31,15,1,1]
[256,-192,160,-112,59,-28,10,-3,1]
[4096,1280,464,99,29,5,1]
[729,-243,18,28,2,-3,1]
[14641,-363,-118,-3,1]
[512,-384,264,-99,33,-6,1]
[625,75,-4,3,1]
[729,-243,-27,22,-3,-3,1]
[15625,-2125,166,-17,1]
[256,320,144,-8,-31,-2,9,5,1]
[4096,-128,85,-2,1]
[4096,768,160,79,10,3,1]
[256,256,128,84,55,21,8,4,1]
[81,9,14,1,1]
[256,0,0,12,5,3,0,0,1]
[14641,-605,-115,-5,1]
[4096,256,-48,-99,-3,1,1]
[6561,-2025,316,-25,1]
[16384,2688,345,21,1]
[729,108,11,4,1]
[256,0,16,-4,-23,-1,1,0,1]
[16384,-2304,205,-18,1]
[15625,375,102,3,1]
[15625,1375,51,11,1]
[4096,-256,192,47,12,-1,1]
[4096,0,144,47,9,0,1]
[4096,-512,-144,115,-9,-2,1]
[15625,-2625,294,-21,1]
[4096,1536,496,87,31,6,1]
[4096,-256,512,-15,32,-1,1]
[4096,-2048,992,-263,62,-8,1]
[15625,-500,222,-4,1]
[4096,512,240,81,15,2,1]
[16384,896,3,7,1]
[256,-128,144,-40,39,-10,9,-2,1]
[4096,0,272,-51,17,0,1]
[4096,-512,-176,91,-11,-2,1]
[14641,-605,105,-5,1]
[256,64,16,-8,-19,-2,1,1,1]
[15625,3625,407,29,1]
[729,162,153,22,17,2,1]
[4096,-2048,368,-55,23,-8,1]
[256,-64,48,32,-13,8,3,-1,1]
[256,-128,96,-64,33,-16,6,-2,1]
[4096,512,128,71,8,2,1]
[4096,768,352,57,22,3,1]
[4096,-512,160,-15,10,-2,1]
[256,0,80,36,15,9,5,0,1]
[4096,2048,752,237,47,8,1]
[15625,625,167,5,1]
[256,0,32,8,3,2,2,0,1]
[15625,-750,177,-6,1]
[256,0,-96,8,25,2,-6,0,1]
[4096,-768,128,-37,8,-3,1]
[729,-162,-18,-2,-2,-2,1]
[729,-324,-63,64,-7,-4,1]
[729,-27,-20,-1,1]
[256,-256,112,-76,55,-19,7,-4,1]
[4096,1024,352,49,22,4,1]
[14641,1694,278,14,1]
[729,567,315,125,35,7,1]
[15625,-625,228,-5,1]
[4096,1024,464,131,29,4,1]
[4096,0,-32,-1,-2,0,1]
[4096,2560,1040,295,65,10,1]
[729,-297,70,-11,1]
[256,192,144,72,39,18,9,3,1]
[729,-567,216,-71,24,-7,1]
[4096,-256,-96,65,-6,-1,1]
[256,128,112,80,25,20,7,2,1]
[512,-192,88,-15,11,-3,1]
[4096,512,-128,-39,-8,2,1]
[14641,-726,26,-6,1]
[256,0,112,-32,27,-8,7,0,1]
[4096,0,176,-25,11,0,1]
[4096,1792,256,17,16,7,1]
[256,0,0,-12,-13,-3,0,0,1]
[4096,-512,224,25,14,-2,1]
[4096,256,0,41,0,1,1]
[14641,-2541,225,-21,1]
[4096,-4608,2432,-765,152,-18,1]
[15625,375,133,3,1]
[4096,1280,160,-23,10,5,1]
[256,64,96,4,17,1,6,1,1]
[256,-128,80,8,-1,2,5,-2,1]
[256,-192,96,-64,39,-16,6,-3,1]
[729,81,0,2,0,1,1]
[729,243,-18,-13,-2,3,1]
[14641,-1452,80,-12,1]
[14641,-1936,293,-16,1]
[14641,-1936,238,-16,1]
[16384,-1920,307,-15,1]
[4096,-768,-160,93,-10,-3,1]
[4096,-512,432,-35,27,-2,1]
[729,486,45,-25,5,6,1]
[729,-54,-20,-2,1]
[729,-810,504,-200,56,-10,1]
[4096,-1024,240,9,15,-4,1]
[14641,-1573,278,-13,1]
[256,-64,112,-36,35,-9,7,-1,1]
[4096,-512,-144,103,-9,-2,1]
[729,-243,126,-32,14,-3,1]
[4096,-2304,656,-143,41,-9,1]
[15625,2375,183,19,1]
[4096,1024,336,37,21,4,1]
[15625,500,-3,4,1]
[14641,-1089,189,-9,1]
[4096,-3072,1200,-343,75,-12,1]
[1024,-64,-9,-2,1]
[6561,1296,196,16,1]
[4096,-768,-96,27,-6,-3,1]
[15625,1125,-42,9,1]
[15625,2375,196,19,1]
[256,128,-16,16,33,4,-1,2,1]
[4096,512,272,57,17,2,1]
[4096,512,496,59,31,2,1]
[4096,-1024,400,-139,25,-4,1]
[4096,-256,400,-15,25,-1,1]
[14641,-1452,210,-12,1]
[512,-64,24,-5,3,-1,1]
[6561,648,-7,8,1]
[729,243,72,10,8,3,1]
[4096,2560,1008,283,63,10,1]
[729,0,153,8,17,0,1]
[256,64,96,4,15,1,6,1,1]
[729,324,117,43,13,4,1]
[6561,2673,433,33,1]
[15625,-250,188,-2,1]
[14641,2178,223,18,1]
[4096,512,480,69,30,2,1]
[4096,1024,176,41,11,4,1]
[625,-100,-4,-4,1]
[4096,256,208,-21,13,1,1]
[6561,-810,160,-10,1]
[4096,256,336,-7,21,1,1]
[1024,32,45,1,1]
[14641,1815,177,15,1]
[729,405,261,88,29,5,1]
[512,64,-48,-27,-6,1,1]
[4096,768,272,77,17,3,1]
[4096,1536,448,123,28,6,1]
[15625,1000,194,8,1]
[4096,-256,-48,27,-3,-1,1]
[512,448,240,93,30,7,1]
[4096,1024,224,99,14,4,1]
[14641,2662,302,22,1]
[2401,637,92,13,1]
[14641,-484,-140,-4,1]
[4096,1536,208,37,13,6,1]
[256,-192,96,-64,47,-16,6,-3,1]
[4096,-1024,-80,97,-5,-4,1]
[729,-162,18,-17,2,-2,1]
[4096,1024,160,1,10,4,1]
[4096,-512,16,-71,1,-2,1]
[4096,-512,544,-37,34,-2,1]
[15625,-1625,161,-13,1]
[256,128,-16,-28,-5,-7,-1,2,1]
[4096,0,0,-39,0,0,1]
[16384,-2816,287,-22,1]
[4096,-1280,768,-151,48,-5,1]
[4096,-512,496,-59,31,-2,1]
[4096,1280,384,43,24,5,1]
[4096,0,240,1,15,0,1]
[14641,121,-48,1,1]
[729,162,9,-5,1,2,1]
[4096,256,64,-31,4,1,1]
[4096,-1024,-64,111,-4,-4,1]
[4096,1536,-128,-143,-8,6,1]
[256,192,112,64,31,16,7,3,1]
[256,192,208,132,73,33,13,3,1]
[4096,1536,576,133,36,6,1]
[16384,-128,-25,-1,1]
[15625,1000,191,8,1]
[256,192,64,8,-3,2,4,3,1]
[4096,-1024,688,-109,43,-4,1]
[4096,2816,832,191,52,11,1]
[256,-64,48,-32,3,-8,3,-1,1]
[16384,1664,211,13,1]
[729,243,63,25,7,3,1]
[256,192,160,60,37,15,10,3,1]
[15625,2000,247,16,1]
[4096,-256,121,-4,1]
[14641,1694,197,14,1]
[4096,768,288,25,18,3,1]
[512,512,280,113,35,8,1]
[6561,-1377,188,-17,1]
[4096,-1280,304,-77,19,-5,1]
[15625,1125,54,9,1]
[16384,-3584,435,-28,1]
[6561,-405,55,-5,1]
[729,243,63,22,7,3,1]
[15625,500,12,4,1]
[256,-128,-48,-4,31,-1,-3,-2,1]
[512,0,80,-5,10,0,1]
[4096,512,80,-29,5,2,1]
[4096,0,64,105,4,0,1]
[512,256,112,39,14,4,1]
[4096,1024,352,129,22,4,1]
[256,-384,288,-184,105,-46,18,-6,1]
[4096,1280,-96,-125,-6,5,1]
[4096,512,160,21,10,2,1]
[16384,-1280,193,-10,1]
[4096,-1792,-32,115,-2,-7,1]
[6561,81,97,1,1]
[15625,375,-97,3,1]
[16384,-4608,567,-36,1]
[16384,768,33,6,1]
[14641,363,32,3,1]
[729,-324,81,-16,9,-4,1]
[256,-128,176,-72,55,-18,11,-2,1]
[16384,-1152,157,-9,1]
[512,0,144,1,18,0,1]
[4096,1536,560,173,35,6,1]
[256,192,128,80,47,20,8,3,1]
[6561,81,86,1,1]
[512,-192,16,23,2,-3,1]
[15625,-625,166,-5,1]
[4096,-256,112,-1,7,-1,1]
[256,-128,16,24,-27,6,1,-2,1]
[4096,512,272,33,17,2,1]
[6561,405,83,5,1]
[4096,-512,-96,95,-6,-2,1]
[4096,256,480,39,30,1,1]
[4096,512,96,-51,6,2,1]
[256,512,544,392,219,98,34,8,1]
[256,192,64,24,17,6,4,3,1]
[256,-256,96,16,-25,4,6,-4,1]
[4096,-256,464,-17,29,-1,1]
[4096,-1536,304,-61,19,-6,1]
[64,16,8,1,2,1,1]
[15625,1250,53,10,1]
[14641,-605,-125,-5,1]
[14641,1210,113,10,1]
[1024,224,33,7,1]
[4096,-1024,80,-23,5,-4,1]
[729,-189,37,-7,1]
[4096,-768,368,-65,23,-3,1]
[4096,512,64,85,4,2,1]
[512,-64,32,-35,4,-1,1]
[729,-567,279,-107,31,-7,1]
[15625,125,141,1,1]
[14641,2299,223,19,1]
[16384,-128,-61,-1,1]
[4096,1536,128,-9,8,6,1]
[256,128,80,8,11,2,5,2,1]
[15625,875,111,7,1]
[256,-192,112,-48,23,-12,7,-3,1]
[512,64,112,7,14,1,1]
[729,162,36,8,4,2,1]
[16384,2048,147,16,1]
[14641,121,-18,1,1]
[14641,1573,137,13,1]
[14641,-1573,101,-13,1]
[6561,648,142,8,1]
[14641,-484,79,-4,1]
[4096,-2304,832,-217,52,-9,1]
[6561,1053,196,13,1]
[4096,-768,-48,93,-3,-3,1]
[4096,256,368,55,23,1,1]
[16384,256,-29,2,1]
[15625,875,-22,7,1]
[256,-192,32,28,-27,7,2,-3,1]
[2401,147,75,3,1]
[4096,-256,64,57,4,-1,1]
[256,128,16,8,13,2,1,2,1]
[15625,250,66,2,1]
[4096,1024,16,-55,1,4,1]
[4096,-1024,256,-93,16,-4,1]
[15625,750,37,6,1]
[729,-243,-54,49,-6,-3,1]
[4096,1024,80,-25,5,4,1]
[729,162,36,-2,4,2,1]
[6561,-1296,197,-16,1]
[15625,-2625,226,-21,1]
[729,-324,108,-35,12,-4,1]
[4096,1280,203,20,1]
[256,-384,368,-264,151,-66,23,-6,1]
[729,-243,81,-29,9,-3,1]
[4096,-2560,768,-187,48,-10,1]
[14641,-363,28,-3,1]
[4096,-1536,224,-33,14,-6,1]
[14641,-1210,218,-10,1]
[2401,1127,229,23,1]
[4096,0,144,77,9,0,1]
[256,-64,112,8,23,2,7,-1,1]
[4096,1280,560,135,35,5,1]
[6561,-162,65,-2,1]
[15625,-2250,277,-18,1]
[4096,0,-112,17,-7,0,1]
[4096,3584,1760,535,110,14,1]
[256,64,96,8,27,2,6,1,1]
[729,0,53,0,1]
[4096,1536,896,189,56,6,1]
[4096,256,-144,-33,-9,1,1]
[15625,-375,127,-3,1]
[4096,-320,-5,-5,1]
[4096,2048,960,247,60,8,1]
[4096,256,208,-13,13,1,1]
[256,320,128,-32,-45,-8,8,5,1]
[729,81,-14,3,1]
[4096,-1792,560,-143,35,-7,1]
[15625,0,82,0,1]
[4096,1024,576,91,36,4,1]
[14641,3025,329,25,1]
[4096,-128,79,-2,1]
[4096,-384,17,-6,1]
[6561,1701,251,21,1]
[4096,-768,95,-12,1]
[256,-128,32,-8,-7,-2,2,-2,1]
[14641,1089,2,9,1]
[4096,1024,592,87,37,4,1]
[4096,1280,448,99,28,5,1]
[4096,-2048,576,-147,36,-8,1]
[1024,512,127,16,1]
[4096,768,112,49,7,3,1]
[4096,-1536,448,-137,28,-6,1]
[256,-64,-32,20,-3,5,-2,-1,1]
[4096,-1792,400,-73,25,-7,1]
[15625,-750,-57,-6,1]
[729,243,126,22,14,3,1]
[729,-162,126,-11,14,-2,1]
[256,-192,160,-92,57,-23,10,-3,1]
[256,-256,160,-80,39,-20,10,-4,1]
[6561,-81,142,-1,1]
[14641,-363,29,-3,1]
[4096,-256,-144,55,-9,-1,1]
[729,0,81,5,9,0,1]
[6561,405,133,5,1]
[4096,768,48,-71,3,3,1]
[4096,-704,93,-11,1]
[729,243,117,61,13,3,1]
[512,-256,128,-63,16,-4,1]
[14641,-121,40,-1,1]
[6561,1053,95,13,1]
[256,-64,80,-32,15,-8,5,-1,1]
[4096,192,91,3,1]
[16384,1408,147,11,1]
[15625,-1250,136,-10,1]
[256,-64,32,8,7,2,2,-1,1]
[14641,-2299,226,-19,1]
[14641,121,6,1,1]
[729,648,315,119,35,8,1]
[4096,1024,96,27,6,4,1]
[729,-162,135,-46,15,-2,1]
[4096,1536,208,39,13,6,1]
[729,-405,180,-52,20,-5,1]
[256,256,48,-24,-15,-6,3,4,1]
[15625,1750,226,14,1]
[4096,1024,256,125,16,4,1]
[256,-128,-32,20,-1,5,-2,-2,1]
[64,16,-8,-9,-2,1,1]
[15625,-1750,114,-14,1]
[4096,-2048,816,-215,51,-8,1]
[256,64,0,-8,-21,-2,0,1,1]
[4096,1024,-96,-49,-6,4,1]
[256,64,-32,20,27,5,-2,1,1]
[15625,2375,276,19,1]
[256,-128,16,-8,7,-2,1,-2,1]
[14641,-1210,261,-10,1]
[512,0,64,1,8,0,1]
[729,-270,59,-10,1]
[4096,512,-208,-45,-13,2,1]
[4096,768,352,25,22,3,1]
[4096,512,-112,-17,-7,2,1]
[256,-64,-16,-12,25,-3,-1,-1,1]
[15625,-2625,264,-21,1]
[14641,2178,267,18,1]
[16384,2176,139,17,1]
[4096,-64,29,-1,1]
[4096,768,0,-69,0,3,1]
[4096,512,-64,5,-4,2,1]
[14641,121,232,1,1]
[4096,-128,111,-2,1]
[512,-128,-24,43,-3,-2,1]
[2401,-343,10,-7,1]
[14641,-605,23,-5,1]
[256,128,128,72,37,18,8,2,1]
[256,0,0,24,5,6,0,0,1]
[4096,0,128,33,8,0,1]
[4096,-1280,816,-159,51,-5,1]
[256,256,96,12,1,3,6,4,1]
[729,-243,36,-13,4,-3,1]
[14641,2178,203,18,1]
[4096,256,80,35,5,1,1]
[256,-64,48,-8,-5,-2,3,-1,1]
[4096,-1792,528,-121,33,-7,1]
[15625,-1750,133,-14,1]
[14641,3630,425,30,1]
[256,0,-128,4,41,1,-8,0,1]
[4096,-1024,464,-105,29,-4,1]
[729,81,-27,-16,-3,1,1]
[4096,-512,288,-73,18,-2,1]
[4096,-2560,704,-149,44,-10,1]
[4096,-64,-73,-1,1]
[256,-256,192,-112,57,-28,12,-4,1]
[15625,250,43,2,1]
[4096,-512,-208,67,-13,-2,1]
[4096,-1792,176,19,11,-7,1]
[4096,0,560,3,35,0,1]
[16384,-1792,213,-14,1]
[4096,512,96,-53,6,2,1]
[4096,1024,-32,-31,-2,4,1]
[14641,-847,17,-7,1]
[4096,-3072,1360,-397,85,-12,1]
[4096,-1280,624,-131,39,-5,1]
[4096,1536,112,-51,7,6,1]
[4096,-1024,-32,97,-2,-4,1]
[64,16,16,5,4,1,1]
[15625,-125,-201,-1,1]
[4096,1792,720,171,45,7,1]
[14641,-1452,70,-12,1]
[256,0,-16,0,-17,0,-1,0,1]
[256,64,0,-4,-3,-1,0,1,1]
[729,0,54,25,6,0,1]
[729,324,153,61,17,4,1]
[14641,4114,522,34,1]
[4096,3840,1792,537,112,15,1]
[4096,1024,400,95,25,4,1]
[256,192,192,84,59,21,12,3,1]
[729,0,72,25,8,0,1]
[729,243,162,41,18,3,1]
[14641,-484,-126,-4,1]
[4096,1536,656,171,41,6,1]
[729,648,369,145,41,8,1]
[4096,3328,1248,335,78,13,1]
[729,486,243,107,27,6,1]
[4096,256,144,75,9,1,1]
[4096,-768,112,31,7,-3,1]
[2401,-98,-30,-2,1]
[6561,-243,-5,-3,1]
[15625,-125,-68,-1,1]
[256,-128,96,-64,25,-16,6,-2,1]
[14641,363,-120,3,1]
[6561,810,173,10,1]
[15625,250,239,2,1]
[4096,-1536,464,-161,29,-6,1]
[4096,-512,48,-21,3,-2,1]
[14641,242,-118,2,1]
[14641,-1694,174,-14,1]
[4096,2560,720,155,45,10,1]
[15625,1000,218,8,1]
[256,-192,208,-124,71,-31,13,-3,1]
[4096,1280,112,13,7,5,1]
[16384,-640,39,-5,1]
[6561,-324,140,-4,1]
[4096,1536,512,173,32,6,1]
[256,64,-64,-12,11,-3,-4,1,1]
[256,0,-112,-4,33,-1,-7,0,1]
[512,64,48,21,6,1,1]
[4096,-512,32,-79,2,-2,1]
[15625,1125,183,9,1]
[14641,968,74,8,1]
[256,192,128,36,17,9,8,3,1]
[14641,121,213,1,1]
[4096,-1024,80,53,5,-4,1]
[6561,-1458,229,-18,1]
[16384,896,13,7,1]
[15625,875,206,7,1]
[4096,1536,320,63,20,6,1]
[256,-128,16,-8,15,-2,1,-2,1]
[1024,192,63,6,1]
[4096,-1280,288,-25,18,-5,1]
[256,-256,160,-72,29,-18,10,-4,1]
[14641,-242,-53,-2,1]
[15625,-500,147,-4,1]
[729,0,99,10,11,0,1]
[16384,-128,219,-1,1]
[4096,-512,-112,43,-7,-2,1]
[15625,-1375,148,-11,1]
[15625,-2500,311,-20,1]
[14641,-605,108,-5,1]
[4096,-1280,624,-147,39,-5,1]
[14641,-847,62,-7,1]
[256,-128,64,-28,9,-7,4,-2,1]
[16384,3456,415,27,1]
[14641,1573,189,13,1]
[14641,0,203,0,1]
[256,192,144,80,37,20,9,3,1]
[729,-648,297,-101,33,-8,1]
[4096,-256,-48,71,-3,-1,1]
[729,-270,65,-10,1]
[4096,768,192,5,12,3,1]
[14641,1089,34,9,1]
[512,64,72,3,9,1,1]
[16384,-2048,243,-16,1]
[81,-18,-1,-2,1]
[4096,-2816,912,-223,57,-11,1]
[4096,-768,432,-53,27,-3,1]
[4096,-256,-96,77,-6,-1,1]
[4096,512,256,1,16,2,1]
[4096,2304,912,283,57,9,1]
[512,128,-8,-21,-1,2,1]
[15625,1625,152,13,1]
[4096,-1792,528,-157,33,-7,1]
[6561,-1377,209,-17,1]
[256,-512,544,-400,225,-100,34,-8,1]
[6561,-648,140,-8,1]
[15625,-750,-63,-6,1]
[729,810,414,149,46,10,1]
[256,0,112,-4,33,-1,7,0,1]
[4096,-256,-57,-4,1]
[256,384,352,256,145,64,22,6,1]
[256,-320,224,-108,49,-27,14,-5,1]
[729,-54,-29,-2,1]
[4096,-256,112,-5,7,-1,1]
[625,325,89,13,1]
[64,56,27,7,1]
[4096,-2048,800,-209,50,-8,1]
[256,-128,176,-76,59,-19,11,-2,1]
[4096,-1024,448,-49,28,-4,1]
[6561,-1539,220,-19,1]
[729,81,171,23,19,1,1]
[256,0,48,8,-3,2,3,0,1]
[14641,-121,224,-1,1]
[4096,-256,16,31,1,-1,1]
[4096,2304,592,115,37,9,1]
[4096,-768,64,49,4,-3,1]
[4096,768,160,21,10,3,1]
[4096,1536,464,159,29,6,1]
[14641,2057,273,17,1]
[4096,-1536,496,-109,31,-6,1]
[256,448,448,316,175,79,28,7,1]
[4096,2048,816,197,51,8,1]
[15625,-375,-42,-3,1]
[256,-64,144,-36,45,-9,9,-1,1]
[4096,-1792,704,-173,44,-7,1]
[512,0,40,11,5,0,1]
[4096,-256,-48,61,-3,-1,1]
[16384,-3584,437,-28,1]
[15625,3125,362,25,1]
[4096,-2048,416,-65,26,-8,1]
[4096,-1792,528,-143,33,-7,1]
[4096,1024,544,103,34,4,1]
[14641,-363,-28,-3,1]
[729,243,81,41,9,3,1]
[1024,448,95,14,1]
[4096,-256,41,-4,1]
[4096,-3328,1488,-449,93,-13,1]
[4096,1280,128,21,8,5,1]
[14641,2420,300,20,1]
[256,256,80,-28,-31,-7,5,4,1]
[2401,-49,-45,-1,1]
[4096,512,13,8,1]
[6561,-729,178,-9,1]
[729,162,-36,-47,-4,2,1]
[256,-128,48,-44,21,-11,3,-2,1]
[4096,-1280,304,-65,19,-5,1]
[512,0,8,29,1,0,1]
[4096,-2048,272,-5,17,-8,1]
[15625,-1125,-34,-9,1]
[4096,1536,592,157,37,6,1]
[256,320,288,188,109,47,18,5,1]
[4096,-256,-64,65,-4,-1,1]
[729,0,63,-32,7,0,1]
[6561,-1701,217,-21,1]
[256,-192,80,-16,1,-4,5,-3,1]
[15625,-250,219,-2,1]
[16384,768,-65,6,1]
[512,64,88,29,11,1,1]
[4096,256,80,-71,5,1,1]
[4096,1792,896,219,56,7,1]
[256,256,240,148,89,37,15,4,1]
[4096,-128,-31,-2,1]
[4096,768,160,13,10,3,1]
[16384,512,25,4,1]
[14641,0,-145,0,1]
[4096,1280,560,131,35,5,1]
[16384,2048,301,16,1]
[256,-192,32,24,-23,6,2,-3,1]
[4096,-256,-16,89,-1,-1,1]
[16384,-128,-3,-1,1]
[256,128,32,0,5,0,2,2,1]
[16384,2176,183,17,1]
[2401,-49,-82,-1,1]
[15625,-2750,334,-22,1]
[729,-81,108,-5,12,-1,1]
[4096,-1600,279,-25,1]
[4096,256,304,9,19,1,1]
[4096,1024,176,-21,11,4,1]
[2401,490,45,10,1]
[256,-128,32,28,-11,7,2,-2,1]
[256,-64,0,16,-1,4,0,-1,1]
[4096,-768,-64,33,-4,-3,1]
[256,192,128,84,45,21,8,3,1]
[14641,-726,-45,-6,1]
[14641,847,-82,7,1]
[14641,-2541,262,-21,1]
[14641,-847,-64,-7,1]
[4096,512,-160,-71,-10,2,1]
[512,-64,112,-25,14,-1,1]
[4096,-1280,592,-141,37,-5,1]
[256,64,16,4,11,1,1,1,1]
[625,200,58,8,1]
[4096,256,-160,-29,-10,1,1]
[4096,-2304,960,-263,60,-9,1]
[512,384,240,89,30,6,1]
[4096,1280,384,105,24,5,1]
[4096,768,80,-15,5,3,1]
[14641,-2299,238,-19,1]
[729,-108,14,-4,1]
[4096,-2304,720,-169,45,-9,1]
[4096,1280,528,139,33,5,1]
[4096,-512,32,-59,2,-2,1]
[16384,4096,491,32,1]
[14641,2178,270,18,1]
[16384,-256,-109,-2,1]
[729,243,63,14,7,3,1]
[16384,1280,165,10,1]
[14641,-1210,122,-10,1]
[14641,-968,230,-8,1]
[15625,500,-92,4,1]
[14641,-1936,272,-16,1]
[4096,-1792,624,-151,39,-7,1]
[256,-64,-32,-12,17,-3,-2,-1,1]
[14641,726,24,6,1]
[4096,1280,80,1,5,5,1]
[256,-128,80,-40,11,-10,5,-2,1]
[6561,-1377,185,-17,1]
[15625,-875,-8,-7,1]
[729,405,162,59,18,5,1]
[256,128,48,4,-5,1,3,2,1]
[6561,-243,130,-3,1]
[4096,1344,223,21,1]
[256,64,128,12,31,3,8,1,1]
[512,128,-16,-1,-2,2,1]
[15625,1125,-17,9,1]
[729,162,144,17,16,2,1]
[4096,2304,880,233,55,9,1]
[4096,-2816,816,-177,51,-11,1]
[4096,1792,304,23,19,7,1]
[4096,1280,288,35,18,5,1]
[4096,-768,400,-29,25,-3,1]
[6561,1458,229,18,1]
[4096,2048,768,243,48,8,1]
[15625,-125,126,-1,1]
[4096,-1536,400,-115,25,-6,1]
[256,-192,64,4,-17,1,4,-3,1]
[6561,729,29,9,1]
[15625,-3875,484,-31,1]
[6561,243,131,3,1]
[4096,1536,544,169,34,6,1]
[15625,-625,-4,-5,1]
[256,192,160,96,55,24,10,3,1]
[4096,2048,448,67,28,8,1]
[256,64,-16,-20,5,-5,-1,1,1]
[256,128,-16,-4,5,-1,-1,2,1]
[4096,768,-96,-81,-6,3,1]
[14641,-605,-91,-5,1]
[4096,-768,112,-7,7,-3,1]
[15625,375,4,3,1]
[4096,1280,528,147,33,5,1]
[4096,256,128,101,8,1,1]
[64,-64,12,5,3,-4,1]
[15625,375,231,3,1]
[512,-256,8,27,1,-4,1]
[4096,1024,-128,-91,-8,4,1]
[6561,324,-73,4,1]
[256,-128,112,-48,43,-12,7,-2,1]
[15625,125,216,1,1]
[15625,875,22,7,1]
[4096,0,0,-17,0,0,1]
[256,256,272,168,105,42,17,4,1]
[256,256,208,136,67,34,13,4,1]
[256,64,128,48,39,12,8,1,1]
[4096,1280,464,95,29,5,1]
[14641,-363,26,-3,1]
[4096,-2304,768,-209,48,-9,1]
[4096,2560,880,219,55,10,1]
[4096,256,448,17,28,1,1]
[4096,0,-35,0,1]
[4096,-256,0,-81,0,-1,1]
[729,243,54,-13,6,3,1]
[4096,512,656,55,41,2,1]
[15625,-1500,248,-12,1]
[256,-192,112,-36,11,-9,7,-3,1]
[512,64,16,-17,2,1,1]
[4096,-1792,16,99,1,-7,1]
[4096,-768,224,-59,14,-3,1]
[15625,2625,326,21,1]
[14641,-2783,306,-23,1]
[4096,-1536,736,-181,46,-6,1]
[4096,-1536,656,-167,41,-6,1]
[6561,162,-55,2,1]
[6561,567,130,7,1]
[16384,2304,303,18,1]
[15625,500,202,4,1]
[256,256,192,112,55,28,12,4,1]
[14641,2057,292,17,1]
[16384,256,-125,2,1]
[729,-162,54,-22,6,-2,1]
[729,-81,63,16,7,-1,1]
[4096,256,432,11,27,1,1]
[14641,726,127,6,1]
[4096,0,160,25,10,0,1]
[15625,1125,156,9,1]
[4096,768,416,89,26,3,1]
[4096,0,96,59,6,0,1]
[1024,-160,57,-5,1]
[4096,-768,736,-91,46,-3,1]
[4096,-256,368,-7,23,-1,1]
[512,448,232,97,29,7,1]
[256,64,16,28,13,7,1,1,1]
[4096,0,-128,3,-8,0,1]
[256,-64,-16,-12,17,-3,-1,-1,1]
[4096,-512,672,-55,42,-2,1]
[512,0,72,9,9,0,1]
[2401,196,-34,4,1]
[729,-216,58,-8,1]
[14641,4356,556,36,1]
[729,-324,162,-56,18,-4,1]
[4096,-256,448,-43,28,-1,1]
[4096,768,304,83,19,3,1]
[729,-162,90,-38,10,-2,1]
[4096,256,-128,-91,-8,1,1]
[256,-64,64,-4,17,-1,4,-1,1]
[256,192,176,84,49,21,11,3,1]
[16384,-1408,247,-11,1]
[256,0,80,44,11,11,5,0,1]
[4096,1280,-144,-141,-9,5,1]
[14641,484,180,4,1]
[4096,512,272,17,17,2,1]
[14641,-363,-25,-3,1]
[4096,448,89,7,1]
[15625,-625,-27,-5,1]
[4096,-1024,640,-125,40,-4,1]
[4096,256,288,17,18,1,1]
[729,-405,153,-65,17,-5,1]
[4096,0,304,3,19,0,1]
[4096,0,208,69,13,0,1]
[14641,-968,181,-8,1]
[6561,1134,139,14,1]
[256,320,176,44,7,11,11,5,1]
[729,-486,144,-41,16,-6,1]
[64,-5,1]
[4096,1856,337,29,1]
[4096,-512,16,41,1,-2,1]
[4096,-3328,1552,-461,97,-13,1]
[729,81,-9,-25,-1,1,1]
[4096,-256,528,-9,33,-1,1]
[16384,1024,267,8,1]
[4096,-512,64,9,4,-2,1]
[256,256,112,4,-15,1,7,4,1]
[512,-192,112,-31,14,-3,1]
[4096,0,128,-17,8,0,1]
[6561,-486,62,-6,1]
[64,-48,28,-9,7,-3,1]
[4096,-2560,976,-271,61,-10,1]
[15625,0,27,0,1]
[4096,-256,48,71,3,-1,1]
[729,162,45,-4,5,2,1]
[4096,256,384,29,24,1,1]
[512,-128,8,-5,1,-2,1]
[15625,750,33,6,1]
[256,192,112,56,27,14,7,3,1]
[512,-384,72,1,9,-6,1]
[256,192,112,12,3,3,7,3,1]
[4096,512,192,5,12,2,1]
[14641,1089,-16,9,1]
[15625,-1875,256,-15,1]
[2401,98,44,2,1]
[6561,324,-55,4,1]
[14641,242,-91,2,1]
[256,0,144,16,43,4,9,0,1]
[4096,-512,192,-87,12,-2,1]
[4096,0,128,-37,8,0,1]
[2401,-441,106,-9,1]
[4096,1024,704,107,44,4,1]
[256,0,0,-20,17,-5,0,0,1]
[16384,1408,155,11,1]
[2401,-686,120,-14,1]
[256,-128,176,-76,61,-19,11,-2,1]
[4096,-256,-176,5,-11,-1,1]
[4096,-1280,192,11,12,-5,1]
[64,-16,-8,1,-2,-1,1]
[729,0,54,-31,6,0,1]
[729,405,162,50,18,5,1]
[15625,0,178,0,1]
[2401,-294,39,-6,1]
[4096,-256,464,7,29,-1,1]
[4096,-1024,208,-33,13,-4,1]
[4096,512,416,21,26,2,1]
[4096,1536,416,115,26,6,1]
[2401,441,50,9,1]
[15625,-1375,77,-11,1]
[256,64,112,16,27,4,7,1,1]
[14641,968,128,8,1]
[15625,3625,443,29,1]
[16384,-2944,367,-23,1]
[16384,-896,105,-7,1]
[14641,3025,389,25,1]
[729,729,342,118,38,9,1]
[4096,1024,544,127,34,4,1]
[729,324,45,2,5,4,1]
[256,128,144,64,47,16,9,2,1]
[15625,1000,66,8,1]
[15625,-125,-157,-1,1]
[14641,-847,4,-7,1]
[256,-64,-64,-12,31,-3,-4,-1,1]
[15625,1625,159,13,1]
[4096,2048,-112,-185,-7,8,1]
[729,-81,126,-17,14,-1,1]
[16384,768,-75,6,1]
[15625,-2625,298,-21,1]
[4096,768,512,79,32,3,1]
[256,64,-112,4,45,1,-7,1,1]
[6561,648,47,8,1]
[16384,-1152,-7,-9,1]
[4096,-1792,480,-131,30,-7,1]
[15625,-625,196,-5,1]
[4096,-768,224,-67,14,-3,1]
[4096,1536,-16,-85,-1,6,1]
[4096,-1280,384,-61,24,-5,1]
[15625,1625,288,13,1]
[4096,-512,176,-93,11,-2,1]
[256,192,64,-36,-33,-9,4,3,1]
[15625,-750,-98,-6,1]
[4096,-512,336,-17,21,-2,1]
[4096,-512,560,-65,35,-2,1]
[512,320,136,49,17,5,1]
[256,192,144,84,53,21,9,3,1]
[15625,-750,-74,-6,1]
[4096,-2048,816,-243,51,-8,1]
[15625,2250,329,18,1]
[4096,1024,384,125,24,4,1]
[4096,1536,304,19,19,6,1]
[14641,1210,211,10,1]
[256,64,0,-4,-11,-1,0,1,1]
[4096,-2048,656,-169,41,-8,1]
[256,-256,224,-108,63,-27,14,-4,1]
[4096,-1280,320,-65,20,-5,1]
[4096,-1280,336,-25,21,-5,1]
[4096,192,-21,3,1]
[729,-81,45,-43,5,-1,1]
[16384,-2176,129,-17,1]
[16384,1280,93,10,1]
[4096,0,320,55,20,0,1]
[2401,441,69,9,1]
[256,-64,-16,20,-13,5,-1,-1,1]
[512,192,112,21,14,3,1]
[14641,-1694,128,-14,1]
[4096,256,96,75,6,1,1]
[256,0,0,12,-9,3,0,0,1]
[256,448,432,300,165,75,27,7,1]
[256,0,-48,-20,13,-5,-3,0,1]
[256,64,16,4,-15,1,1,1,1]
[729,81,63,35,7,1,1]
[4096,768,576,75,36,3,1]
[729,0,-9,47,-1,0,1]
[15625,1875,244,15,1]
[4096,256,-96,-75,-6,1,1]
[256,-64,-16,28,-1,7,-1,-1,1]
[729,243,99,35,11,3,1]
[4096,-1024,352,-39,22,-4,1]
[2401,-196,-3,-4,1]
[15625,-1375,43,-11,1]
[4096,-1536,128,21,8,-6,1]
[6561,-810,67,-10,1]
[729,486,243,95,27,6,1]
[14641,-3388,375,-28,1]
[14641,726,232,6,1]
[729,-729,423,-167,47,-9,1]
[4096,-512,64,-41,4,-2,1]
[14641,-3751,463,-31,1]
[14641,726,148,6,1]
[4096,-2816,1248,-351,78,-11,1]
[256,-256,160,-84,39,-21,10,-4,1]
[4096,-1024,704,-111,44,-4,1]
[512,-64,-56,15,-7,-1,1]
[6561,-486,53,-6,1]
[15625,1250,236,10,1]
[729,162,45,20,5,2,1]
[15625,-625,93,-5,1]
[729,-81,-18,40,-2,-1,1]
[14641,-242,-82,-2,1]
[4096,-768,640,-93,40,-3,1]
[729,0,63,32,7,0,1]
[729,405,189,89,21,5,1]
[4096,1536,640,189,40,6,1]
[256,-64,48,12,-1,3,3,-1,1]
[256,-128,80,-28,21,-7,5,-2,1]
[4096,-2304,720,-189,45,-9,1]
[14641,-4114,513,-34,1]
[4096,1792,112,-49,7,7,1]
[4096,-256,96,-105,6,-1,1]
[256,0,-16,0,31,0,-1,0,1]
[4096,-1024,768,-121,48,-4,1]
[4096,-768,672,-95,42,-3,1]
[256,256,192,128,77,32,12,4,1]
[256,-320,272,-184,107,-46,17,-5,1]
[729,-162,9,-17,1,-2,1]
[14641,1815,90,15,1]
[4096,-3840,1728,-511,108,-15,1]
[729,216,31,8,1]
[14641,-2662,332,-22,1]
[4096,512,320,79,20,2,1]
[729,0,-36,-26,-4,0,1]
[4096,256,288,-11,18,1,1]
[256,128,112,76,31,19,7,2,1]
[256,-64,-48,4,13,1,-3,-1,1]
[2401,98,73,2,1]
[4096,-512,192,15,12,-2,1]
[4096,1280,432,133,27,5,1]
[4096,-768,48,37,3,-3,1]
[14641,3509,400,29,1]
[14641,0,-197,0,1]
[15625,-375,-121,-3,1]
[256,256,96,-36,-41,-9,6,4,1]
[512,-192,-48,39,-6,-3,1]
[4096,-1536,265,-24,1]
[256,128,32,8,1,2,2,2,1]
[4096,-1280,576,-133,36,-5,1]
[512,64,24,45,3,1,1]
[256,128,48,28,13,7,3,2,1]
[16384,-640,-89,-5,1]
[4096,2048,720,209,45,8,1]
[16384,640,179,5,1]
[256,256,128,64,33,16,8,4,1]
[14641,1210,254,10,1]
[4096,1792,656,203,41,7,1]
[512,192,72,5,9,3,1]
[16384,512,-65,4,1]
[15625,2500,291,20,1]
[16384,1408,11,11,1]
[256,0,-32,-12,7,-3,-2,0,1]
[15625,-250,161,-2,1]
[4096,1024,656,115,41,4,1]
[256,64,32,-4,3,-1,2,1,1]
[16384,-2176,327,-17,1]
[14641,121,177,1,1]
[6561,-486,-32,-6,1]
[4096,-1792,208,21,13,-7,1]
[14641,1573,214,13,1]
[256,192,192,100,65,25,12,3,1]
[4096,-1536,176,19,11,-6,1]
[4096,1792,400,61,25,7,1]
[729,-162,99,-13,11,-2,1]
[4096,0,256,-13,16,0,1]
[15625,1500,127,12,1]
[4096,-1792,800,-203,50,-7,1]
[14641,-121,-68,-1,1]
[15625,-1000,76,-8,1]
[4096,1792,400,65,25,7,1]
[729,405,180,55,20,5,1]
[4096,2048,704,173,44,8,1]
[4096,-1280,288,-37,18,-5,1]
[256,-192,48,36,-41,9,3,-3,1]
[729,-81,72,-22,8,-1,1]
[14641,-605,215,-5,1]
[6561,1053,94,13,1]
[14641,-1815,204,-15,1]
[256,320,192,100,55,25,12,5,1]
[4096,-1024,-176,107,-11,-4,1]
[16384,0,87,0,1]
[15625,-3375,369,-27,1]
[4096,-1280,336,-73,21,-5,1]
[4096,1024,224,19,14,4,1]
[16384,4224,507,33,1]
[4096,0,224,-45,14,0,1]
[4096,-1792,544,-105,34,-7,1]
[729,-324,-27,53,-3,-4,1]
[6561,-405,37,-5,1]
[4096,2048,80,-93,5,8,1]
[512,320,64,5,8,5,1]
[729,-81,18,32,2,-1,1]
[256,256,176,76,37,19,11,4,1]
[16384,-2304,329,-18,1]
[6561,567,64,7,1]
[256,128,32,40,29,10,2,2,1]
[512,192,8,-5,1,3,1]
[4096,1280,160,-31,10,5,1]
[15625,-1625,93,-13,1]
[4096,512,49,8,1]
[256,256,176,88,37,22,11,4,1]
[15625,-2375,304,-19,1]
[4096,0,-112,-59,-7,0,1]
[4096,1792,480,107,30,7,1]
[4096,1280,304,109,19,5,1]
[4096,256,288,37,18,1,1]
[2401,441,32,9,1]
[512,-128,8,7,1,-2,1]
[256,-64,48,-8,13,-2,3,-1,1]
[4096,-256,160,41,10,-1,1]
[4096,2048,0,-131,0,8,1]
[729,162,-18,-22,-2,2,1]
[4096,-1280,368,-121,23,-5,1]
[16384,-128,151,-1,1]
[256,0,48,28,15,7,3,0,1]
[4096,-1536,608,-179,38,-6,1]
[4096,768,-112,-63,-7,3,1]
[4096,-1024,384,-141,24,-4,1]
[4096,256,144,31,9,1,1]
[729,-405,216,-77,24,-5,1]
[6561,0,88,0,1]
[16384,0,83,0,1]
[4096,256,288,-13,18,1,1]
[4096,-3328,1376,-399,86,-13,1]
[4096,128,51,2,1]
[6561,1782,272,22,1]
[4096,1024,512,67,32,4,1]
[4096,0,176,37,11,0,1]
[15625,-125,-43,-1,1]
[256,-320,240,-144,77,-36,15,-5,1]
[4096,1024,112,55,7,4,1]
[4096,-768,496,-89,31,-3,1]
[14641,1452,142,12,1]
[4096,-512,64,67,4,-2,1]
[4096,1536,48,-61,3,6,1]
[15625,-1875,197,-15,1]
[14641,121,50,1,1]
[4096,-512,0,85,0,-2,1]
[4096,-256,96,85,6,-1,1]
[729,81,-36,-26,-4,1,1]
[4096,-128,1,-2,1]
[6561,486,-8,6,1]
[4096,2816,944,245,59,11,1]
[256,-64,-96,8,25,2,-6,-1,1]
[729,81,41,3,1]
[256,320,128,-20,-35,-5,8,5,1]
[16384,-256,-95,-2,1]
[4096,2048,-64,-161,-4,8,1]
[4096,-1280,96,55,6,-5,1]
[15625,-1875,271,-15,1]
[4096,-1536,-64,105,-4,-6,1]
[4096,-768,656,-95,41,-3,1]
[4096,-256,528,-19,33,-1,1]
[256,192,80,36,19,9,5,3,1]
[256,320,176,36,-1,9,11,5,1]
[14641,-2904,357,-24,1]
[2401,343,95,7,1]
[256,-320,320,-220,127,-55,20,-5,1]
[4096,3072,1424,413,89,12,1]
[14641,-968,-64,-8,1]
[256,0,48,-12,-7,-3,3,0,1]
[512,-192,-16,33,-2,-3,1]
[2401,735,149,15,1]
[4096,-1536,384,-125,24,-6,1]
[729,-405,234,-80,26,-5,1]
[15625,-1125,26,-9,1]
[14641,-847,3,-7,1]
[64,-16,16,-7,4,-1,1]
[4096,1792,288,19,18,7,1]
[256,64,96,44,25,11,6,1,1]
[4096,2816,1200,361,75,11,1]
[4096,-1024,624,-119,39,-4,1]
[14641,1210,120,10,1]
[6561,-1377,173,-17,1]
[4096,-3584,1712,-515,107,-14,1]
[256,112,35,7,1]
[4096,-1024,320,-89,20,-4,1]
[625,-125,4,-5,1]
[4096,192,127,3,1]
[4096,-1792,352,-33,22,-7,1]
[729,81,63,16,7,1,1]
[4096,-512,224,15,14,-2,1]
[512,-448,240,-91,30,-7,1]
[4096,-448,53,-7,1]
[4096,-512,720,-59,45,-2,1]
[729,648,378,148,42,8,1]
[729,162,108,10,12,2,1]
[512,-128,168,-27,21,-2,1]
[729,-81,27,-43,3,-1,1]
[2401,245,87,5,1]
[4096,1536,-32,-105,-2,6,1]
[64,-16,12,3,3,-1,1]
[15625,-875,67,-7,1]
[512,192,96,45,12,3,1]
[729,-405,45,17,5,-5,1]
[16384,-640,-33,-5,1]
[729,-162,234,-35,26,-2,1]
[4096,-2560,720,-157,45,-10,1]
[15625,0,41,0,1]
[6561,729,61,9,1]
[16384,-256,-149,-2,1]
[2401,-147,66,-3,1]
[4096,-1536,368,-115,23,-6,1]
[1024,128,59,4,1]
[256,256,208,136,79,34,13,4,1]
[14641,2662,305,22,1]
[256,64,48,-52,-13,-13,3,1,1]
[16384,-1664,141,-13,1]
[15625,-125,233,-1,1]
[4096,256,80,33,5,1,1]
[16384,1280,37,10,1]
[14641,-1331,243,-11,1]
[14641,-1089,212,-9,1]
[256,128,96,48,33,12,6,2,1]
[512,384,128,33,16,6,1]
[14641,-363,124,-3,1]
[256,256,192,136,77,34,12,4,1]
[4096,1280,320,103,20,5,1]
[4096,768,0,-3,0,3,1]
[729,0,18,11,2,0,1]
[2401,-196,-22,-4,1]
[256,64,-16,8,5,2,-1,1,1]
[14641,-1210,81,-10,1]
[6561,-729,106,-9,1]
[4096,0,480,13,30,0,1]
[16384,-1152,175,-9,1]
[1024,64,3,2,1]
[729,-648,243,-70,27,-8,1]
[4096,-768,224,-97,14,-3,1]
[6561,1944,283,24,1]
[729,-243,117,-40,13,-3,1]
[4096,-1280,368,-71,23,-5,1]
[4096,768,128,23,8,3,1]
[2401,98,-2,2,1]
[4096,-2048,256,15,16,-8,1]
[4096,-256,-160,61,-10,-1,1]
[16384,-256,215,-2,1]
[4096,-2560,832,-215,52,-10,1]
[4096,-768,96,-57,6,-3,1]
[4096,-1024,-32,57,-2,-4,1]
[4096,-768,-32,69,-2,-3,1]
[4096,2304,864,255,54,9,1]
[4096,1024,304,77,19,4,1]
[4096,1280,448,151,28,5,1]
[16384,2944,265,23,1]
[729,81,0,-13,0,1,1]
[4096,-1280,288,-55,18,-5,1]
[4096,-1024,48,37,3,-4,1]
[729,0,54,-37,6,0,1]
[4096,1536,672,193,42,6,1]
[14641,1936,284,16,1]
[512,-128,64,-33,8,-2,1]
[256,320,160,44,13,11,10,5,1]
[16384,-640,-61,-5,1]
[15625,-500,-36,-4,1]
[4096,2048,624,159,39,8,1]
[4096,-256,-176,17,-11,-1,1]
[16384,-1280,113,-10,1]
[14641,-121,37,-1,1]
[4096,2304,880,273,55,9,1]
[256,0,0,20,1,5,0,0,1]
[256,128,-64,-20,15,-5,-4,2,1]
[512,-128,80,-41,10,-2,1]
[14641,121,-61,1,1]
[729,-81,0,14,0,-1,1]
[2401,-98,57,-2,1]
[2401,-98,-16,-2,1]
[4096,-1536,464,-167,29,-6,1]
[256,192,112,80,53,20,7,3,1]
[512,-128,96,-41,12,-2,1]
[4096,512,192,103,12,2,1]
[4096,-1280,144,-3,9,-5,1]
[256,-256,208,-132,63,-33,13,-4,1]
[256,0,0,20,17,5,0,0,1]
[256,192,112,68,29,17,7,3,1]
[4096,-1024,-80,111,-5,-4,1]
[729,0,63,-5,7,0,1]
[15625,750,-71,6,1]
[729,486,261,97,29,6,1]
[256,-64,160,-16,47,-4,10,-1,1]
[729,405,180,65,20,5,1]
[15625,500,93,4,1]
[729,243,216,52,24,3,1]
[4096,-512,320,-69,20,-2,1]
[14641,1210,196,10,1]
[16384,128,101,1,1]
[4096,0,176,11,11,0,1]
[15625,1875,262,15,1]
[729,-243,90,-2,10,-3,1]
[256,128,80,40,29,10,5,2,1]
[4096,-1024,256,-11,16,-4,1]
[256,0,-16,-16,-5,-4,-1,0,1]
[4096,2560,960,279,60,10,1]
[4096,1536,528,109,33,6,1]
[256,0,64,56,3,14,4,0,1]
[4096,-256,576,-37,36,-1,1]
[15625,-3375,429,-27,1]
[4096,1024,288,39,18,4,1]
[15625,1000,-13,8,1]
[16384,-1792,91,-14,1]
[4096,-256,192,-101,12,-1,1]
[4096,1024,736,127,46,4,1]
[4096,3328,1392,407,87,13,1]
[2401,0,37,0,1]
[4096,-256,-64,-19,-4,-1,1]
[4096,1792,80,-59,5,7,1]
[16384,-4224,525,-33,1]
[4096,2560,832,215,52,10,1]
[729,-27,34,-1,1]
[14641,605,-5,5,1]
[256,64,48,-12,-7,-3,3,1,1]
[4096,2304,784,197,49,9,1]
[14641,1210,-14,10,1]
[4096,-256,464,-23,29,-1,1]
[16384,2176,219,17,1]
[729,486,189,70,21,6,1]
[4096,1024,192,91,12,4,1]
[14641,-1694,69,-14,1]
[4096,1536,208,1,13,6,1]
[6561,-405,40,-5,1]
[16384,-2304,297,-18,1]
[4096,-448,11,-7,1]
[512,192,16,5,2,3,1]
[4096,-256,544,-31,34,-1,1]
[4096,512,608,47,38,2,1]
[256,0,0,4,29,1,0,0,1]
[729,-81,-27,22,-3,-1,1]
[15625,750,122,6,1]
[729,-81,135,-11,15,-1,1]
[16384,-256,255,-2,1]
[15625,750,-26,6,1]
[4096,0,80,37,5,0,1]
[16384,2688,353,21,1]
[14641,0,84,0,1]
[4096,2048,32,-115,2,8,1]
[729,-243,207,-43,23,-3,1]
[4096,0,121,0,1]
[4096,2560,832,203,52,10,1]
[15625,3625,403,29,1]
[16384,-1536,41,-12,1]
[4096,512,-128,-19,-8,2,1]
[4096,0,-144,45,-9,0,1]
[14641,968,-29,8,1]
[256,128,128,60,39,15,8,2,1]
[16384,256,-185,2,1]
[729,-243,171,-53,19,-3,1]
[4096,-256,272,25,17,-1,1]
[4096,-2816,1216,-357,76,-11,1]
[14641,1089,190,9,1]
[512,128,48,31,6,2,1]
[2401,147,-1,3,1]
[256,64,64,-40,-3,-10,4,1,1]
[4096,-256,-25,-4,1]
[4096,1024,240,87,15,4,1]
[15625,-375,-138,-3,1]
[4096,1024,352,83,22,4,1]
[15625,1875,122,15,1]
[14641,-1694,227,-14,1]
[256,0,32,4,-9,1,2,0,1]
[4096,-256,400,-53,25,-1,1]
[256,-256,240,-164,85,-41,15,-4,1]
[4096,-512,16,35,1,-2,1]
[16384,2304,309,18,1]
[729,-162,36,19,4,-2,1]
[15625,-875,168,-7,1]
[6561,243,17,3,1]
[4096,512,32,-79,2,2,1]
[14641,3388,397,28,1]
[16384,-1536,189,-12,1]
[4096,768,141,12,1]
[4096,512,256,13,16,2,1]
[15625,1625,266,13,1]
[15625,-1625,237,-13,1]
[14641,968,180,8,1]
[15625,2375,301,19,1]
[4096,768,304,117,19,3,1]
[4096,-512,272,21,17,-2,1]
[4096,0,48,-55,3,0,1]
[4096,256,368,49,23,1,1]
[4096,-1280,464,-103,29,-5,1]
[729,324,216,64,24,4,1]
[256,64,-32,-12,3,-3,-2,1,1]
[14641,605,-83,5,1]
[256,-256,240,-160,91,-40,15,-4,1]
[4096,512,192,107,12,2,1]
[729,-81,36,-2,4,-1,1]
[6561,162,-77,2,1]
[2401,98,83,2,1]
[729,243,-18,-28,-2,3,1]
[16384,1792,287,14,1]
[4096,1280,576,129,36,5,1]
[256,128,48,12,9,3,3,2,1]
[64,0,12,7,3,0,1]
[4096,512,448,59,28,2,1]
[14641,242,-82,2,1]
[256,192,96,36,23,9,6,3,1]
[4096,-768,560,-97,35,-3,1]
[4096,2304,912,257,57,9,1]
[256,128,112,12,17,3,7,2,1]
[256,-320,240,-152,81,-38,15,-5,1]
[15625,500,184,4,1]
[256,128,80,-28,-11,-7,5,2,1]
[16384,-1536,129,-12,1]
[15625,2750,307,22,1]
[14641,-3146,388,-26,1]
[4096,-1280,-144,137,-9,-5,1]
[15625,-2000,213,-16,1]
[256,192,128,76,53,19,8,3,1]
[4096,-512,-32,17,-2,-2,1]
[729,0,-27,-22,-3,0,1]
[4096,768,143,12,1]
[4096,0,-64,45,-4,0,1]
[625,-225,64,-9,1]
[4096,1536,496,133,31,6,1]
[4096,1536,736,163,46,6,1]
[729,-405,144,-34,16,-5,1]
[729,-405,63,2,7,-5,1]
[4096,-512,176,-21,11,-2,1]
[729,-162,-36,8,-4,-2,1]
[16384,256,199,2,1]
[4096,-512,368,-63,23,-2,1]
[729,405,9,-40,1,5,1]
[4096,1280,207,20,1]
[4096,-1024,183,-16,1]
[729,-297,65,-11,1]
[4096,1280,64,-55,4,5,1]
[729,0,-45,23,-5,0,1]
[512,-64,168,-17,21,-1,1]
[4096,512,176,79,11,2,1]
[16384,-1280,-7,-10,1]
[4096,-1792,832,-215,52,-7,1]
[14641,-1815,160,-15,1]
[16384,2048,125,16,1]
[256,-192,192,-100,65,-25,12,-3,1]
[729,0,0,-38,0,0,1]
[14641,-2299,181,-19,1]
[4096,-512,96,-39,6,-2,1]
[2401,0,-30,0,1]
[4096,1280,208,-9,13,5,1]
[6561,-405,95,-5,1]
[256,-128,96,20,-3,5,6,-2,1]
[4096,-512,512,-55,32,-2,1]
[4096,-768,304,-63,19,-3,1]
[256,128,96,76,33,19,6,2,1]
[14641,363,-54,3,1]
[4096,768,-16,-71,-1,3,1]
[256,64,0,-8,-15,-2,0,1,1]
[6561,-324,115,-4,1]
[4096,768,-144,-123,-9,3,1]
[512,0,48,17,6,0,1]
[729,-324,18,16,2,-4,1]
[4096,-256,96,-123,6,-1,1]
[4096,-256,-80,49,-5,-1,1]
[4096,-2304,656,-139,41,-9,1]
[729,162,-9,10,-1,2,1]
[729,567,297,106,33,7,1]
[4096,0,592,-1,37,0,1]
[512,320,120,33,15,5,1]
[4096,3072,1136,311,71,12,1]
[729,162,-63,-37,-7,2,1]
[4096,-256,288,-83,18,-1,1]
[4096,-768,224,-113,14,-3,1]
[4096,1024,-16,-39,-1,4,1]
[4096,-768,112,-67,7,-3,1]
[256,192,160,104,51,26,10,3,1]
[729,243,-18,-34,-2,3,1]
[1024,-32,17,-1,1]
[4096,512,224,51,14,2,1]
[256,-128,96,-60,27,-15,6,-2,1]
[32,-9,1]
[256,-192,128,-92,53,-23,8,-3,1]
[4096,-2304,704,-163,44,-9,1]
[14641,1210,34,10,1]
[16384,-3456,355,-27,1]
[4096,-2304,848,-221,53,-9,1]
[2401,637,90,13,1]
[4096,256,336,25,21,1,1]
[4096,768,160,1,10,3,1]
[1024,-96,65,-3,1]
[729,162,162,41,18,2,1]
[4096,2560,976,287,61,10,1]
[729,-324,126,-40,14,-4,1]
[15625,2375,243,19,1]
[4096,-1024,-48,31,-3,-4,1]
[15625,250,-203,2,1]
[16384,256,149,2,1]
[4096,-2304,784,-223,49,-9,1]
[4096,512,384,13,24,2,1]
[729,54,5,2,1]
[4096,-2560,752,-183,47,-10,1]
[15625,2625,297,21,1]
[729,405,180,67,20,5,1]
[4096,-2048,640,-137,40,-8,1]
[4096,1280,-112,-91,-7,5,1]
[4096,-2048,544,-127,34,-8,1]
[16384,-2304,195,-18,1]
[4096,1024,496,127,31,4,1]
[16384,3200,353,25,1]
[4096,1536,304,45,19,6,1]
[4096,-1152,205,-18,1]
[4096,768,48,-17,3,3,1]
[4096,-256,-112,57,-7,-1,1]
[4096,1536,576,159,36,6,1]
[625,-25,3,-1,1]
[4096,-256,-80,113,-5,-1,1]
[729,-27,-10,-1,1]
[256,64,16,-28,-15,-7,1,1,1]
[256,192,112,12,1,3,7,3,1]
[256,-64,25,-4,1]
[4096,-960,143,-15,1]
[4096,-768,-160,115,-10,-3,1]
[256,64,-16,-16,-3,-4,-1,1,1]
[256,256,80,-68,-61,-17,5,4,1]
[4096,-512,240,-109,15,-2,1]
[512,-256,80,-35,10,-4,1]
[4096,256,0,-59,0,1,1]
[4096,0,80,-43,5,0,1]
[4096,512,48,-19,3,2,1]
[256,-64,48,-20,-3,-5,3,-1,1]
[512,0,64,11,8,0,1]
[256,0,48,-16,-3,-4,3,0,1]
[729,0,180,2,20,0,1]
[729,-81,9,-2,1,-1,1]
[256,-64,0,24,-19,6,0,-1,1]
[4096,-1024,208,11,13,-4,1]
[729,81,-27,16,-3,1,1]
[16384,1408,223,11,1]
[4096,-768,176,-95,11,-3,1]
[16384,-384,181,-3,1]
[4096,2304,624,131,39,9,1]
[4096,2048,768,247,48,8,1]
[4096,2304,912,235,57,9,1]
[4096,-1792,720,-181,45,-7,1]
[14641,3146,380,26,1]
[4096,-1536,304,-59,19,-6,1]
[4096,-768,96,-71,6,-3,1]
[729,243,126,59,14,3,1]
[15625,-125,-91,-1,1]
[2401,-686,114,-14,1]
[256,64,16,4,1,1,1,1,1]
[14641,3993,487,33,1]
[4096,-512,80,9,5,-2,1]
[6561,1863,265,23,1]
[16384,3200,369,25,1]
[4096,1024,304,37,19,4,1]
[512,64,-56,-15,-7,1,1]
[4096,1280,480,69,30,5,1]
[256,0,-64,4,25,1,-4,0,1]
[256,-128,96,-56,19,-14,6,-2,1]
[2401,343,102,7,1]
[14641,1694,247,14,1]
[6561,-1539,181,-19,1]
[15625,-625,219,-5,1]
[4096,0,-144,-51,-9,0,1]
[4096,2304,944,273,59,9,1]
[1024,288,53,9,1]
[4096,-1536,624,-131,39,-6,1]
[256,192,16,-4,5,-1,1,3,1]
[729,-324,36,1,4,-4,1]
[256,-128,112,-20,15,-5,7,-2,1]
[4096,768,-208,-95,-13,3,1]
[14641,-1573,93,-13,1]
[4096,1280,320,91,20,5,1]
[256,-192,160,-100,53,-25,10,-3,1]
[4096,-3328,1600,-481,100,-13,1]
[729,0,36,16,4,0,1]
[4096,-832,131,-13,1]
[4096,0,-32,93,-2,0,1]
[4096,1280,-48,-59,-3,5,1]
[4096,768,400,83,25,3,1]
[4096,2304,256,-33,16,9,1]
[14641,1573,94,13,1]
[729,324,216,59,24,4,1]
[15625,1125,161,9,1]
[15625,3500,409,28,1]
[6561,-810,125,-10,1]
[256,-192,-16,44,-17,11,-1,-3,1]
[512,0,48,27,6,0,1]
[256,0,32,-36,7,-9,2,0,1]
[16384,2432,283,19,1]
[4096,-256,64,-57,4,-1,1]
[4096,-1280,288,-65,18,-5,1]
[15625,0,-91,0,1]
[512,-576,344,-143,43,-9,1]
[15625,375,-13,3,1]
[14641,1210,74,10,1]
[16384,-1152,-9,-9,1]
[256,-192,48,-36,35,-9,3,-3,1]
[14641,-2904,328,-24,1]
[256,128,-16,-36,-15,-9,-1,2,1]
[4096,768,96,47,6,3,1]
[4096,-3328,1456,-435,91,-13,1]
[4096,2560,992,261,62,10,1]
[6561,-243,136,-3,1]
[256,-256,128,-96,65,-24,8,-4,1]
[16384,-4864,609,-38,1]
[4096,1088,165,17,1]
[4096,256,48,101,3,1,1]
[256,64,64,44,3,11,4,1,1]
[512,-256,176,-63,22,-4,1]
[14641,1815,173,15,1]
[15625,1000,152,8,1]
[4096,-1792,512,-91,32,-7,1]
[256,320,320,236,127,59,20,5,1]
[256,64,48,0,3,0,3,1,1]
[14641,-1573,146,-13,1]
[14641,-726,-2,-6,1]
[4096,-768,-48,27,-3,-3,1]
[4096,512,80,5,5,2,1]
[512,448,224,89,28,7,1]
[4096,1024,96,41,6,4,1]
[4096,-1024,32,67,2,-4,1]
[4096,1024,-16,-9,-1,4,1]
[6561,-405,157,-5,1]
[14641,1694,161,14,1]
[16384,-128,-123,-1,1]
[4096,-512,144,-41,9,-2,1]
[512,128,136,27,17,2,1]
[729,-162,81,-10,9,-2,1]
[16384,896,-97,7,1]
[16384,640,33,5,1]
[729,-162,-63,25,-7,-2,1]
[4096,1280,576,153,36,5,1]
[256,384,336,204,107,51,21,6,1]
[15625,-500,227,-4,1]
[729,405,225,80,25,5,1]
[16384,128,-197,1,1]
[4096,-3072,1280,-361,80,-12,1]
[4096,-512,-32,83,-2,-2,1]
[16384,-3328,381,-26,1]
[16384,2688,333,21,1]
[4096,-1792,800,-221,50,-7,1]
[15625,1250,259,10,1]
[14641,242,64,2,1]
[4096,192,113,3,1]
[512,-128,40,-1,5,-2,1]
[4096,256,80,3,5,1,1]
[14641,-1573,47,-13,1]
[4096,512,576,59,36,2,1]
[15625,-3750,432,-30,1]
[6561,729,122,9,1]
[4096,512,-96,-75,-6,2,1]
[15625,-2000,308,-16,1]
[256,0,16,4,-13,1,1,0,1]
[14641,4356,565,36,1]
[729,81,0,32,0,1,1]
[15625,2500,251,20,1]
[16384,-3200,315,-25,1]
[4096,-256,464,-57,29,-1,1]
[14641,1573,98,13,1]
[256,64,80,36,31,9,5,1,1]
[4096,-768,-16,-5,-1,-3,1]
[6561,486,163,6,1]
[4096,-1024,48,13,3,-4,1]
[14641,1210,118,10,1]
[4096,768,32,-23,2,3,1]
[256,-64,32,-8,-3,-2,2,-1,1]
[6561,1701,224,21,1]
[4096,-512,-64,99,-4,-2,1]
[4096,512,-224,-79,-14,2,1]
[256,-384,336,-228,129,-57,21,-6,1]
[4096,3584,1648,493,103,14,1]
[6561,0,77,0,1]
[14641,-121,-125,-1,1]
[6561,891,92,11,1]
[256,-256,96,0,-11,0,6,-4,1]
[4096,-256,-112,81,-7,-1,1]
[14641,968,200,8,1]
[14641,1452,39,12,1]
[256,-64,48,48,-19,12,3,-1,1]
[256,-64,32,-32,21,-8,2,-1,1]
[16384,-896,-49,-7,1]
[4096,1280,448,169,28,5,1]
[729,0,9,25,1,0,1]
[14641,3388,383,28,1]
[256,256,192,128,65,32,12,4,1]
[14641,1452,128,12,1]
[4096,-768,320,-29,20,-3,1]
[14641,726,230,6,1]
[256,384,400,288,163,72,25,6,1]
[4096,-512,-144,107,-9,-2,1]
[4096,2304,656,155,41,9,1]
[512,64,16,35,2,1,1]
[4096,-1280,640,-155,40,-5,1]
[256,-192,96,-56,27,-14,6,-3,1]
[14641,1452,158,12,1]
[4096,0,224,-43,14,0,1]
[256,-448,464,-344,193,-86,29,-7,1]
[4096,0,-144,39,-9,0,1]
[15625,-3125,313,-25,1]
[16384,-256,-97,-2,1]
[1024,288,81,9,1]
[4096,1024,656,101,41,4,1]
[4096,1280,240,13,15,5,1]
[4096,768,64,-17,4,3,1]
[4096,-1792,-224,211,-14,-7,1]
[14641,-363,115,-3,1]
[4096,-576,75,-9,1]
[4096,1536,80,-57,5,6,1]
[4096,1792,560,167,35,7,1]
[4096,-768,320,-33,20,-3,1]
[729,-162,-45,40,-5,-2,1]
[256,0,32,32,-13,8,2,0,1]
[4096,2048,752,247,47,8,1]
[729,243,90,34,10,3,1]
[4096,768,176,7,11,3,1]
[4096,-2048,656,-151,41,-8,1]
[729,-81,-9,38,-1,-1,1]
[4096,1024,256,93,16,4,1]
[14641,363,109,3,1]
[4096,768,128,-25,8,3,1]
[4096,512,432,45,27,2,1]
[14641,-2178,257,-18,1]
[16384,-1152,-15,-9,1]
[14641,726,233,6,1]
[14641,-1452,267,-12,1]
[4096,-1024,512,-129,32,-4,1]
[4096,-256,96,-35,6,-1,1]
[4096,512,112,119,7,2,1]
[729,-324,-45,52,-5,-4,1]
[625,50,21,2,1]
[15625,1125,71,9,1]
[4096,-2048,384,-59,24,-8,1]
[256,-256,160,-56,19,-14,10,-4,1]
[256,-64,128,-48,37,-12,8,-1,1]
[4096,-768,96,27,6,-3,1]
[4096,-1280,528,-121,33,-5,1]
[4096,-2560,1056,-311,66,-10,1]
[256,64,64,0,19,0,4,1,1]
[4096,-1024,-96,113,-6,-4,1]
[512,64,72,33,9,1,1]
[256,64,16,-36,-17,-9,1,1,1]
[4096,1536,128,-17,8,6,1]
[15625,2750,249,22,1]
[4096,-1280,336,-79,21,-5,1]
[256,-256,128,-52,25,-13,8,-4,1]
[4096,2304,1040,297,65,9,1]
[15625,-750,221,-6,1]
[256,-64,48,-16,19,-4,3,-1,1]
[729,162,-72,-41,-8,2,1]
[14641,-1694,249,-14,1]
[4096,2304,752,187,47,9,1]
[4096,-256,-144,23,-9,-1,1]
[4096,-768,67,-12,1]
[4096,768,272,9,17,3,1]
[4096,-2816,848,-199,53,-11,1]
[4096,768,352,93,22,3,1]
[6561,324,-22,4,1]
[16384,-1024,-9,-8,1]
[2401,-686,116,-14,1]
[14641,-1936,259,-16,1]
[729,324,-36,-43,-4,4,1]
[14641,-1210,-13,-10,1]
[16384,2048,227,16,1]
[6561,648,158,8,1]
[4096,-1024,144,7,9,-4,1]
[15625,3125,389,25,1]
[15625,2875,323,23,1]
[4096,1792,304,25,19,7,1]
[4096,-1792,592,-153,37,-7,1]
[14641,363,-130,3,1]
[2401,147,55,3,1]
[4096,-768,64,-63,4,-3,1]
[256,192,64,-28,-21,-7,4,3,1]
[6561,2106,317,26,1]
[16384,3072,317,24,1]
[4096,512,-48,-105,-3,2,1]
[16384,128,-81,1,1]
[256,0,112,12,37,3,7,0,1]
[4096,-2048,640,-139,40,-8,1]
[6561,162,-107,2,1]
[14641,-3146,410,-26,1]
[4096,1024,576,131,36,4,1]
[4096,-512,144,53,9,-2,1]
[4096,768,160,23,10,3,1]
[4096,-768,224,5,14,-3,1]
[1024,-160,7,-5,1]
[14641,605,133,5,1]
[1024,-256,31,-8,1]
[1024,544,135,17,1]
[4096,1792,-128,-161,-8,7,1]
[256,-192,96,-28,9,-7,6,-3,1]
[256,64,144,24,43,6,9,1,1]
[512,0,32,9,4,0,1]
[4096,2560,512,63,32,10,1]
[14641,2541,316,21,1]
[256,64,0,24,25,6,0,1,1]
[256,320,224,104,45,26,14,5,1]
[14641,-1694,180,-14,1]
[4096,-256,176,35,11,-1,1]
[15625,-2000,111,-16,1]
[16384,1408,111,11,1]
[15625,-1500,147,-12,1]
[15625,250,41,2,1]
[4096,-512,16,65,1,-2,1]
[2401,392,89,8,1]
[4096,256,144,85,9,1,1]
[512,0,160,-3,20,0,1]
[256,0,64,-52,5,-13,4,0,1]
[4096,512,432,43,27,2,1]
[16384,1280,271,10,1]
[512,576,304,115,38,9,1]
[4096,384,-31,6,1]
[14641,-2541,325,-21,1]
[4096,-1024,192,-39,12,-4,1]
[4096,-256,352,11,22,-1,1]
[4096,-256,-64,-45,-4,-1,1]
[256,256,256,172,95,43,16,4,1]
[16384,-2176,253,-17,1]
[256,-256,160,-64,33,-16,10,-4,1]
[729,486,144,38,16,6,1]
[4096,-256,208,-91,13,-1,1]
[1024,0,47,0,1]
[512,0,8,35,1,0,1]
[256,128,144,60,45,15,9,2,1]
[4096,1536,608,151,38,6,1]
[15625,1875,201,15,1]
[512,-256,0,19,0,-4,1]
[14641,-2541,289,-21,1]
[4096,1536,288,65,18,6,1]
[4096,-2048,880,-217,55,-8,1]
[4096,1536,320,51,20,6,1]
[2401,-637,95,-13,1]
[256,64,-32,8,31,2,-2,1,1]
[512,-256,72,-15,9,-4,1]
[256,128,80,64,27,16,5,2,1]
[4096,-1024,240,11,15,-4,1]
[6561,0,92,0,1]
[14641,363,14,3,1]
[729,162,27,10,3,2,1]
[15625,-375,-166,-3,1]
[256,-128,16,28,-33,7,1,-2,1]
[6561,2430,379,30,1]
[4096,256,-32,15,-2,1,1]
[2401,-98,-50,-2,1]
[81,-18,-4,-2,1]
[256,384,336,224,125,56,21,6,1]
[4096,512,-80,-117,-5,2,1]
[15625,2250,217,18,1]
[256,256,128,28,-3,7,8,4,1]
[4096,-256,112,-73,7,-1,1]
[256,64,-48,8,23,2,-3,1,1]
[15625,-2375,227,-19,1]
[256,0,-32,-4,-3,-1,-2,0,1]
[4096,0,224,-1,14,0,1]
[4096,0,0,35,0,0,1]
[16384,256,13,2,1]
[15625,3750,434,30,1]
[15625,-4500,558,-36,1]
[256,0,48,4,21,1,3,0,1]
[4096,-768,-128,109,-8,-3,1]
[4096,0,-16,-77,-1,0,1]
[729,-162,117,-13,13,-2,1]
[256,-64,64,-4,3,-1,4,-1,1]
[4096,-768,-176,111,-11,-3,1]
[6561,-567,139,-7,1]
[15625,875,77,7,1]
[4096,-2560,1168,-323,73,-10,1]
[4096,-2560,928,-269,58,-10,1]
[729,-27,-4,-1,1]
[729,81,-9,-49,-1,1,1]
[4096,-1536,480,-139,30,-6,1]
[4096,-512,80,41,5,-2,1]
[512,-64,24,-19,3,-1,1]
[15625,1500,281,12,1]
[4096,0,-192,-19,-12,0,1]
[14641,2178,193,18,1]
[256,0,-16,4,-19,1,-1,0,1]
[256,64,48,-4,17,-1,3,1,1]
[256,64,-32,-12,9,-3,-2,1,1]
[14641,-605,67,-5,1]
[729,-162,108,-50,12,-2,1]
[15625,-1500,42,-12,1]
[14641,3509,445,29,1]
[729,-405,189,-89,21,-5,1]
[256,256,240,140,83,35,15,4,1]
[4096,-256,192,-93,12,-1,1]
[729,648,333,121,37,8,1]
[729,0,45,5,5,0,1]
[15625,3000,308,24,1]
[256,-384,352,-240,129,-60,22,-6,1]
[4096,256,528,19,33,1,1]
[4096,-768,-144,89,-9,-3,1]
[4096,2560,976,263,61,10,1]
[15625,2125,266,17,1]
[14641,-847,85,-7,1]
[14641,1694,146,14,1]
[4096,-1280,96,31,6,-5,1]
[14641,-3146,336,-26,1]
[4096,-3328,1472,-443,92,-13,1]
[4096,256,96,-51,6,1,1]
[15625,-1500,213,-12,1]
[4096,-1536,96,17,6,-6,1]
[4096,-1024,96,-1,6,-4,1]
[4096,-1024,688,-119,43,-4,1]
[16384,1408,215,11,1]
[729,81,90,-8,10,1,1]
[512,192,96,17,12,3,1]
[256,384,288,152,73,38,18,6,1]
[4096,2304,944,277,59,9,1]
[4096,1280,-32,-101,-2,5,1]
[4096,-1792,736,-223,46,-7,1]
[4096,512,256,-9,16,2,1]
[14641,-3025,342,-25,1]
[729,-189,44,-7,1]
[4096,-2048,784,-187,49,-8,1]
[4096,2304,464,61,29,9,1]
[14641,-1452,92,-12,1]
[14641,242,-128,2,1]
[4096,1024,432,135,27,4,1]
[4096,-1792,688,-185,43,-7,1]
[16384,-2688,261,-21,1]
[6561,-243,113,-3,1]
[14641,-1815,140,-15,1]
[512,-64,-16,23,-2,-1,1]
[4096,1024,272,121,17,4,1]
[4096,0,240,-57,15,0,1]
[15625,1500,272,12,1]
[729,-81,216,-17,24,-1,1]
[4096,-256,128,71,8,-1,1]
[6561,1215,173,15,1]
[16384,2048,299,16,1]
[4096,-256,32,-67,2,-1,1]
[729,324,81,28,9,4,1]
[4096,2560,1152,327,72,10,1]
[256,64,64,-24,-1,-6,4,1,1]
[15625,2625,263,21,1]
[256,0,16,-4,27,-1,1,0,1]
[625,-100,23,-4,1]
[14641,-726,46,-6,1]
[729,-324,36,-2,4,-4,1]
[4096,1280,336,71,21,5,1]
[6561,-1701,221,-21,1]
[4096,256,32,7,2,1,1]
[4096,-1536,160,5,10,-6,1]
[256,-320,176,-36,3,-9,11,-5,1]
[4096,-256,128,15,8,-1,1]
[256,128,144,68,41,17,9,2,1]
[4096,0,160,31,10,0,1]
[4096,-512,352,-17,22,-2,1]
[4096,-1536,544,-105,34,-6,1]
[4096,256,400,55,25,1,1]
[4096,512,240,35,15,2,1]
[14641,-484,-82,-4,1]
[4096,-512,-64,67,-4,-2,1]
[4096,512,352,27,22,2,1]
[4096,256,-32,13,-2,1,1]
[256,-192,128,-56,35,-14,8,-3,1]
[256,-128,0,-16,19,-4,0,-2,1]
[4096,-1536,128,47,8,-6,1]
[4096,-1280,496,-91,31,-5,1]
[4096,1280,-16,-61,-1,5,1]
[1024,96,-21,3,1]
[2401,147,73,3,1]
[729,135,26,5,1]
[256,-48,-3,-3,1]
[729,-243,63,-5,7,-3,1]
[16384,1408,39,11,1]
[6561,324,122,4,1]
[14641,-363,-152,-3,1]
[16384,0,-231,0,1]
[4096,-256,304,23,19,-1,1]
[15625,-2875,266,-23,1]
[256,0,16,-12,19,-3,1,0,1]
[15625,1625,284,13,1]
[256,128,48,16,-3,4,3,2,1]
[4096,-2048,864,-249,54,-8,1]
[4096,4352,2208,687,138,17,1]
[4096,-512,5,-8,1]
[4096,256,48,25,3,1,1]
[4096,1024,64,-51,4,4,1]
[256,-48,23,-3,1]
[15625,1875,296,15,1]
[14641,-121,-206,-1,1]
[14641,3025,372,25,1]
[6561,-81,112,-1,1]
[512,0,24,-7,3,0,1]
[256,-64,-32,8,19,2,-2,-1,1]
[15625,0,223,0,1]
[256,64,32,16,17,4,2,1,1]
[16384,384,113,3,1]
[6561,243,8,3,1]
[16384,-2048,291,-16,1]
[4096,-512,208,19,13,-2,1]
[256,-64,0,16,1,4,0,-1,1]
[4096,-1536,752,-163,47,-6,1]
[512,0,0,3,0,0,1]
[256,0,16,-12,13,-3,1,0,1]
[256,-128,176,-52,51,-13,11,-2,1]
[4096,-3072,1312,-373,82,-12,1]
[256,320,160,12,-17,3,10,5,1]
[729,-81,72,10,8,-1,1]
[14641,2420,219,20,1]
[729,-108,-8,-4,1]
[15625,875,102,7,1]
[6561,567,154,7,1]
[729,486,270,104,30,6,1]
[4096,0,96,99,6,0,1]
[256,0,32,4,-3,1,2,0,1]
[256,128,64,32,27,8,4,2,1]
[6561,1539,212,19,1]
[15625,-125,-84,-1,1]
[15625,-125,17,-1,1]
[4096,-256,160,-45,10,-1,1]
[256,320,272,180,93,45,17,5,1]
[4096,1280,672,137,42,5,1]
[4096,-512,-112,79,-7,-2,1]
[14641,-968,12,-8,1]
[15625,125,-21,1,1]
[4096,-1280,336,-69,21,-5,1]
[4096,1280,688,137,43,5,1]
[256,320,240,120,61,30,15,5,1]
[4096,-1024,288,-133,18,-4,1]
[14641,-2541,247,-21,1]
[14641,-2662,347,-22,1]
[4096,-2048,96,87,6,-8,1]
[256,64,48,32,-7,8,3,1,1]
[729,-162,0,-1,0,-2,1]
[14641,-605,192,-5,1]
[4096,768,176,43,11,3,1]
[4096,256,208,35,13,1,1]
[4096,-512,352,-29,22,-2,1]
[15625,2125,309,17,1]
[256,192,224,116,81,29,14,3,1]
[15625,500,-4,4,1]
[16384,384,-67,3,1]
[14641,-1331,20,-11,1]
[512,64,160,13,20,1,1]
[729,-81,72,17,8,-1,1]
[4096,-512,-16,-3,-1,-2,1]
[512,64,24,-11,3,1,1]
[4096,-1536,-176,171,-11,-6,1]
[14641,0,-151,0,1]
[14641,-1089,109,-9,1]
[256,0,-64,16,21,4,-4,0,1]
[512,384,48,-19,6,6,1]
[4096,0,64,19,4,0,1]
[2401,0,97,0,1]
[4096,1536,400,83,25,6,1]
[4096,-768,608,-91,38,-3,1]
[4096,-1792,512,-139,32,-7,1]
[15625,-750,-31,-6,1]
[15625,-1750,116,-14,1]
[729,81,-18,20,-2,1,1]
[15625,3250,378,26,1]
[6561,1134,173,14,1]
[14641,-726,-93,-6,1]
[4096,1024,400,59,25,4,1]
[256,-64,64,-12,13,-3,4,-1,1]
[4096,-1280,416,-97,26,-5,1]
[4096,0,-64,19,-4,0,1]
[15625,-625,187,-5,1]
[15625,3000,333,24,1]
[4096,-2304,592,-131,37,-9,1]
[512,320,128,51,16,5,1]
[729,-324,27,23,3,-4,1]
[14641,-2904,312,-24,1]
[64,80,40,15,10,5,1]
[4096,-768,32,17,2,-3,1]
[4096,1536,512,187,32,6,1]
[4096,-512,32,83,2,-2,1]
[4096,512,-16,-81,-1,2,1]
[4096,-512,16,-19,1,-2,1]
[6561,-567,115,-7,1]
[4096,1024,64,-45,4,4,1]
[4096,256,-80,31,-5,1,1]
[4096,512,-208,-67,-13,2,1]
[256,0,48,-16,-5,-4,3,0,1]
[512,-64,112,-21,14,-1,1]
[256,128,32,4,3,1,2,2,1]
[4096,-1280,512,-147,32,-5,1]
[256,192,112,44,15,11,7,3,1]
[4096,1792,384,81,24,7,1]
[4096,-256,16,-69,1,-1,1]
[256,64,64,24,21,6,4,1,1]
[256,-192,128,-52,33,-13,8,-3,1]
[256,0,-16,4,7,1,-1,0,1]
[729,567,351,130,39,7,1]
[256,0,-80,8,27,2,-5,0,1]
[4096,1024,288,101,18,4,1]
[14641,2057,247,17,1]
[4096,512,-32,-55,-2,2,1]
[4096,-2816,1120,-325,70,-11,1]
[4096,1792,16,-91,1,7,1]
[512,0,0,-17,0,0,1]
[729,-54,-19,-2,1]
[4096,256,160,15,10,1,1]
[2401,-735,151,-15,1]
[256,128,112,80,29,20,7,2,1]
[14641,605,178,5,1]
[4096,1024,320,99,20,4,1]
[15625,-375,106,-3,1]
[16384,1024,215,8,1]
[14641,121,-136,1,1]
[256,-128,176,-84,59,-21,11,-2,1]
[729,486,144,31,16,6,1]
[4096,-1024,336,-21,21,-4,1]
[4096,256,240,-27,15,1,1]
[256,-192,64,-24,19,-6,4,-3,1]
[16384,-3456,365,-27,1]
[256,-128,-64,4,31,1,-4,-2,1]
[729,-405,225,-74,25,-5,1]
[6561,810,37,10,1]
[15625,3250,379,26,1]
[6561,0,151,0,1]
[256,-64,96,8,15,2,6,-1,1]
[4096,-2048,608,-157,38,-8,1]
[15625,-375,-102,-3,1]
[15625,-4375,541,-35,1]
[512,-256,80,-15,10,-4,1]
[4096,-1280,288,-103,18,-5,1]
[256,-64,11,-4,1]
[4096,-1536,-192,177,-12,-6,1]
[256,-64,0,-28,21,-7,0,-1,1]
[4096,1792,432,63,27,7,1]
[256,-64,-64,8,15,2,-4,-1,1]
[14641,363,178,3,1]
[4096,1536,272,29,17,6,1]
[729,-162,72,11,8,-2,1]
[16384,-1024,115,-8,1]
[4096,256,208,91,13,1,1]
[4096,512,320,17,20,2,1]
[729,81,-18,14,-2,1,1]
[6561,162,50,2,1]
[4096,512,-32,13,-2,2,1]
[4096,1280,-96,-97,-6,5,1]
[256,192,48,12,9,3,3,3,1]
[15625,625,-48,5,1]
[256,-64,48,-24,1,-6,3,-1,1]
[256,-128,16,20,-25,5,1,-2,1]
[15625,-625,41,-5,1]
[4096,-1024,512,-97,32,-4,1]
[256,0,96,4,25,1,6,0,1]
[15625,-3500,393,-28,1]
[14641,726,16,6,1]
[6561,162,127,2,1]
[256,-128,48,-12,3,-3,3,-2,1]
[256,0,-96,0,25,0,-6,0,1]
[16384,0,169,0,1]
[4096,256,448,5,28,1,1]
[6561,-729,59,-9,1]
[4096,768,288,55,18,3,1]
[4096,512,-112,-29,-7,2,1]
[14641,-121,-102,-1,1]
[4096,768,176,89,11,3,1]
[2401,-784,157,-16,1]
[16384,-1408,49,-11,1]
[2401,-686,135,-14,1]
[512,320,160,67,20,5,1]
[256,-64,-32,16,13,4,-2,-1,1]
[512,256,64,15,8,4,1]
[512,128,96,13,12,2,1]
[4096,768,192,91,12,3,1]
[4096,-256,-64,17,-4,-1,1]
[729,-162,99,-50,11,-2,1]
[15625,2375,312,19,1]
[14641,0,-128,0,1]
[15625,-375,54,-3,1]
[256,-320,176,-64,25,-16,11,-5,1]
[14641,0,-184,0,1]
[4096,1024,-192,-135,-12,4,1]
[729,-243,-45,31,-5,-3,1]
[729,-81,-9,-29,-1,-1,1]
[4096,256,144,77,9,1,1]
[4096,0,-53,0,1]
[4096,-1536,768,-183,48,-6,1]
[256,-64,0,20,-7,5,0,-1,1]
[4096,-1024,720,-111,45,-4,1]
[4096,1280,352,51,22,5,1]
[14641,-3751,477,-31,1]
[15625,-4625,592,-37,1]
[15625,-500,208,-4,1]
[16384,1536,81,12,1]
[4096,-256,160,-15,10,-1,1]
[729,-324,126,-44,14,-4,1]
[256,192,48,20,13,5,3,3,1]
[256,0,96,-40,15,-10,6,0,1]
[4096,512,-32,-13,-2,2,1]
[4096,-2048,624,-163,39,-8,1]
[729,-81,18,31,2,-1,1]
[4096,1536,-208,-173,-13,6,1]
[4096,-768,192,-23,12,-3,1]
[15625,0,99,0,1]
[4096,-1792,323,-28,1]
[512,192,40,-5,5,3,1]
[256,-128,-16,12,-1,3,-1,-2,1]
[729,-81,135,-20,15,-1,1]
[256,0,64,-28,1,-7,4,0,1]
[4096,512,112,39,7,2,1]
[14641,2904,322,24,1]
[15625,-2250,243,-18,1]
[4096,-768,192,13,12,-3,1]
[4096,-1024,-48,75,-3,-4,1]
[4096,-2304,1040,-289,65,-9,1]
[256,192,64,-32,-29,-8,4,3,1]
[15625,-1250,202,-10,1]
[14641,0,-37,0,1]
[4096,0,-32,109,-2,0,1]
[4096,-1280,400,-63,25,-5,1]
[256,0,64,-28,3,-7,4,0,1]
[4096,0,-48,-101,-3,0,1]
[512,-192,-16,17,-2,-3,1]
[512,0,-8,39,-1,0,1]
[2401,-196,90,-4,1]
[4096,-1024,112,1,7,-4,1]
[14641,-968,103,-8,1]
[4096,768,-16,-93,-1,3,1]
[15625,375,252,3,1]
[4096,0,-144,11,-9,0,1]
[4096,-1280,592,-151,37,-5,1]
[4096,1280,528,91,33,5,1]
[256,-256,240,-156,89,-39,15,-4,1]
[4096,2048,896,235,56,8,1]
[16384,2176,277,17,1]
[4096,1280,544,127,34,5,1]
[4096,2560,1168,321,73,10,1]
[4096,-2304,800,-203,50,-9,1]
[14641,-968,107,-8,1]
[256,-64,-64,8,25,2,-4,-1,1]
[16384,0,1,0,1]
[15625,500,251,4,1]
[729,-162,171,-35,19,-2,1]
[4096,0,-64,41,-4,0,1]
[4096,-1024,464,-97,29,-4,1]
[4096,-512,96,33,6,-2,1]
[256,64,0,0,21,0,0,1,1]
[256,-96,37,-6,1]
[4096,-1280,672,-149,42,-5,1]
[6561,729,182,9,1]
[14641,-484,239,-4,1]
[729,81,63,44,7,1,1]
[4096,1536,496,123,31,6,1]
[4096,0,144,55,9,0,1]
[4096,1024,368,147,23,4,1]
[4096,1024,64,-53,4,4,1]
[4096,-512,496,-39,31,-2,1]
[16384,640,-61,5,1]
[6561,-486,35,-6,1]
[4096,1024,496,123,31,4,1]
[4096,-1024,80,29,5,-4,1]
[14641,-1815,173,-15,1]
[512,256,88,41,11,4,1]
[4096,-2048,1024,-263,64,-8,1]
[729,81,-36,2,-4,1,1]
[14641,968,188,8,1]
[2401,245,78,5,1]
[15625,1750,97,14,1]
[16384,128,-189,1,1]
[729,162,108,17,12,2,1]
[512,-64,-32,7,-4,-1,1]
[256,-128,0,32,-11,8,0,-2,1]
[256,-64,64,8,13,2,4,-1,1]
[4096,-64,99,-1,1]
[512,-192,72,-7,9,-3,1]
[14641,484,205,4,1]
[256,-128,96,-76,35,-19,6,-2,1]
[729,243,63,29,7,3,1]
[16384,512,185,4,1]
[256,-64,64,-56,15,-14,4,-1,1]
[15625,2750,349,22,1]
[4096,0,160,3,10,0,1]
[15625,125,43,1,1]
[16384,-1920,149,-15,1]
[256,-128,80,-48,19,-12,5,-2,1]
[256,-128,32,36,-29,9,2,-2,1]
[256,0,128,-16,39,-4,8,0,1]
[256,-256,128,-92,61,-23,8,-4,1]
[15625,-750,-24,-6,1]
[4096,-256,496,-47,31,-1,1]
[4096,-1280,320,-107,20,-5,1]
[256,128,96,68,25,17,6,2,1]
[4096,1280,464,117,29,5,1]
[256,320,224,88,37,22,14,5,1]
[2401,-490,120,-10,1]
[14641,-2178,211,-18,1]
[14641,-1331,108,-11,1]
[14641,-2299,255,-19,1]
[256,128,-16,-20,-7,-5,-1,2,1]
[729,-810,495,-200,55,-10,1]
[512,-128,0,-7,0,-2,1]
[512,-64,64,-25,8,-1,1]
[2401,-539,79,-11,1]
[15625,-875,227,-7,1]
[4096,-768,80,-17,5,-3,1]
[6561,-162,140,-2,1]
[4096,1024,-64,-73,-4,4,1]
[4096,1792,0,-109,0,7,1]
[256,192,144,84,35,21,9,3,1]
[14641,2178,293,18,1]
[4096,1024,-112,-129,-7,4,1]
[4096,512,0,-41,0,2,1]
[2401,-1127,229,-23,1]
[16384,-1792,249,-14,1]
[256,128,128,60,51,15,8,2,1]
[15625,2000,259,16,1]
[4096,-1280,848,-159,53,-5,1]
[14641,-1331,71,-11,1]
[4096,512,-80,9,-5,2,1]
[14641,-968,237,-8,1]
[4096,256,352,67,22,1,1]
[729,-81,0,35,0,-1,1]
[4096,1344,221,21,1]
[6561,-405,-41,-5,1]
[256,0,16,0,13,0,1,0,1]
[4096,1536,208,33,13,6,1]
[4096,512,-144,-87,-9,2,1]
[14641,-484,111,-4,1]
[256,64,32,-8,-17,-2,2,1,1]
[6561,-567,32,-7,1]
[6561,-1377,154,-17,1]
[4096,-1792,416,-93,26,-7,1]
[16384,2560,261,20,1]
[256,-128,-32,-4,27,-1,-2,-2,1]
[4096,-1280,240,-39,15,-5,1]
[256,320,192,60,17,15,12,5,1]
[256,192,80,4,-3,1,5,3,1]
[256,-128,80,-12,1,-3,5,-2,1]
[2401,196,-36,4,1]
[729,-405,108,-19,12,-5,1]
[4096,256,176,-61,11,1,1]
[256,-192,48,-16,13,-4,3,-3,1]
[256,-64,32,4,-5,1,2,-1,1]
[14641,-1452,237,-12,1]
[4096,-512,208,-69,13,-2,1]
[4096,512,176,117,11,2,1]
[4096,256,64,19,4,1,1]
[4096,768,368,23,23,3,1]
[15625,875,118,7,1]
[4096,256,-16,15,-1,1,1]
[729,81,18,43,2,1,1]
[14641,3872,494,32,1]
[4096,-1536,240,-27,15,-6,1]
[256,128,144,72,43,18,9,2,1]
[4096,1280,528,113,33,5,1]
[4096,0,-16,-63,-1,0,1]
[6561,-1539,202,-19,1]
[4096,256,-64,43,-4,1,1]
[4096,0,224,-15,14,0,1]
[729,-162,-36,10,-4,-2,1]
[16384,-768,103,-6,1]
[256,-64,144,-16,39,-4,9,-1,1]
[14641,-242,225,-2,1]
[256,0,64,-32,13,-8,4,0,1]
[15625,1000,262,8,1]
[4096,2048,144,-63,9,8,1]
[15625,1125,226,9,1]
[14641,3146,387,26,1]
[6561,-1863,284,-23,1]
[16384,2048,115,16,1]
[256,-192,96,-60,37,-15,6,-3,1]
[4096,-512,-16,71,-1,-2,1]
[256,128,80,60,29,15,5,2,1]
[4096,768,112,53,7,3,1]
[256,-192,112,-40,25,-10,7,-3,1]
[4096,1280,528,103,33,5,1]
[4096,1024,256,89,16,4,1]
[4096,1280,416,171,26,5,1]
[4096,-1280,-48,59,-3,-5,1]
[4096,-1024,32,1,2,-4,1]
[15625,-375,-87,-3,1]
[1024,-256,37,-8,1]
[16384,-1408,69,-11,1]
[4096,768,32,-51,2,3,1]
[16384,1920,173,15,1]
[512,-320,96,-31,12,-5,1]
[4096,1536,176,21,11,6,1]
[15625,-3625,433,-29,1]
[4096,-512,256,-61,16,-2,1]
[15625,-1750,258,-14,1]
[4096,-192,-31,-3,1]
[4096,1536,720,159,45,6,1]
[4096,1280,512,149,32,5,1]
[6561,81,-106,1,1]
[4096,0,464,-7,29,0,1]
[4096,-256,-48,35,-3,-1,1]
[256,0,48,-32,7,-8,3,0,1]
[16384,-1664,45,-13,1]
[256,-64,112,-20,25,-5,7,-1,1]
[4096,-1280,288,-53,18,-5,1]
[16384,1152,259,9,1]
[14641,-242,-139,-2,1]
[729,-81,63,-7,7,-1,1]
[4096,2816,1088,319,68,11,1]
[256,0,0,-12,11,-3,0,0,1]
[4096,-1280,720,-153,45,-5,1]
[1024,-192,29,-6,1]
[15625,1000,137,8,1]
[4096,0,352,-45,22,0,1]
[512,-128,16,-11,2,-2,1]
[4096,512,93,8,1]
[256,-64,16,8,5,2,1,-1,1]
[6561,243,40,3,1]
[256,192,192,92,63,23,12,3,1]
[4096,960,175,15,1]
[256,320,224,92,41,23,14,5,1]
[15625,-250,218,-2,1]
[4096,1280,336,57,21,5,1]
[6561,729,151,9,1]
[14641,-2057,278,-17,1]
[256,320,288,188,101,47,18,5,1]
[512,-64,-24,-9,-3,-1,1]
[15625,-625,122,-5,1]
[512,-64,-8,-13,-1,-1,1]
[4096,768,-128,-103,-8,3,1]
[2401,-931,181,-19,1]
[16384,-2432,229,-19,1]
[4096,-1536,64,35,4,-6,1]
[729,81,27,32,3,1,1]
[15625,875,107,7,1]
[4096,256,0,83,0,1,1]
[256,64,32,20,11,5,2,1,1]
[15625,125,-211,1,1]
[4096,512,112,69,7,2,1]
[4096,2048,672,173,42,8,1]
[4096,-256,112,41,7,-1,1]
[4096,-768,288,5,18,-3,1]
[16384,512,-143,4,1]
[4096,1280,416,91,26,5,1]
[4096,-256,128,39,8,-1,1]
[256,64,-48,-28,5,-7,-3,1,1]
[1024,320,83,10,1]
[256,-128,-32,0,17,0,-2,-2,1]
[14641,484,-64,4,1]
[15625,2500,248,20,1]
[256,128,64,12,-1,3,4,2,1]
[14641,-1452,147,-12,1]
[14641,3146,370,26,1]
[256,-128,48,0,-1,0,3,-2,1]
[16384,4608,571,36,1]
[4096,-1536,576,-147,36,-6,1]
[2401,-49,24,-1,1]
[2401,49,-65,1,1]
[4096,-512,224,-23,14,-2,1]
[64,0,20,3,5,0,1]
[512,-192,144,-37,18,-3,1]
[6561,1863,272,23,1]
[256,192,80,32,21,8,5,3,1]
[4096,-1024,-112,103,-7,-4,1]
[4096,768,416,75,26,3,1]
[4096,-1024,416,-83,26,-4,1]
[4096,1024,208,55,13,4,1]
[2401,-539,125,-11,1]
[6561,-486,104,-6,1]
[14641,2299,265,19,1]
[15625,625,138,5,1]
[15625,0,-209,0,1]
[256,-64,64,4,15,1,4,-1,1]
[4096,768,176,59,11,3,1]
[256,128,-64,-32,1,-8,-4,2,1]
[4096,-1024,688,-115,43,-4,1]
[14641,-605,-7,-5,1]
[256,64,0,-20,-25,-5,0,1,1]
[14641,1694,241,14,1]
[4096,-1536,608,-123,38,-6,1]
[256,192,48,40,37,10,3,3,1]
[4096,-256,32,15,2,-1,1]
[512,0,8,-7,1,0,1]
[4096,1536,752,183,47,6,1]
[15625,1375,39,11,1]
[4096,256,272,77,17,1,1]
[256,0,64,4,9,1,4,0,1]
[15625,-4250,513,-34,1]
[4096,-2560,1200,-339,75,-10,1]
[4096,1280,592,117,37,5,1]
[256,64,0,0,19,0,0,1,1]
[256,-64,112,0,25,0,7,-1,1]
[16384,3456,377,27,1]
[16384,128,-43,1,1]
[14641,1452,102,12,1]
[4096,1536,208,-1,13,6,1]
[729,567,297,112,33,7,1]
[15625,-1625,49,-13,1]
[16384,0,157,0,1]
[4096,3328,1520,457,95,13,1]
[4096,-256,48,-25,3,-1,1]
[14641,363,116,3,1]
[729,81,126,-5,14,1,1]
[14641,2662,307,22,1]
[4096,512,192,61,12,2,1]
[6561,-324,-29,-4,1]
[15625,-1750,188,-14,1]
[14641,-121,-127,-1,1]
[4096,576,107,9,1]
[256,256,160,112,69,28,10,4,1]
[256,-64,-32,8,9,2,-2,-1,1]
[64,-80,56,-29,14,-5,1]
[256,384,368,244,135,61,23,6,1]
[6561,-972,79,-12,1]
[729,567,270,100,30,7,1]
[4096,512,624,69,39,2,1]
[4096,-1280,640,-131,40,-5,1]
[4096,-256,-43,-4,1]
[4096,768,112,69,7,3,1]
[4096,-1024,64,51,4,-4,1]
[729,729,306,95,34,9,1]
[729,-243,54,-22,6,-3,1]
[16384,-2176,151,-17,1]
[4096,768,496,105,31,3,1]
[4096,-256,-160,-5,-10,-1,1]
[15625,-1375,142,-11,1]
[15625,-1375,227,-11,1]
[729,162,62,6,1]
[16384,2176,141,17,1]
[4096,0,0,-61,0,0,1]
[256,192,16,-36,-25,-9,1,3,1]
[4096,-512,448,-47,28,-2,1]
[4096,-2560,880,-219,55,-10,1]
[4096,-1024,160,-63,10,-4,1]
[4096,-1792,112,57,7,-7,1]
[729,-567,315,-119,35,-7,1]
[256,128,48,-16,-21,-4,3,2,1]
[4096,0,-32,11,-2,0,1]
[4096,-2048,384,-51,24,-8,1]
[4096,0,0,87,0,0,1]
[14641,968,16,8,1]
[729,-486,225,-71,25,-6,1]
[4096,512,240,107,15,2,1]
[4096,-1024,256,-71,16,-4,1]
[4096,512,-16,-31,-1,2,1]
[256,0,-64,4,13,1,-4,0,1]
[15625,1500,82,12,1]
[4096,-768,272,13,17,-3,1]
[256,-256,112,-24,5,-6,7,-4,1]
[16384,256,-121,2,1]
[6561,324,110,4,1]
[4096,-576,133,-9,1]
[6561,-1296,223,-16,1]
[6561,729,101,9,1]
[256,-256,160,-96,53,-24,10,-4,1]
[4096,-512,-96,97,-6,-2,1]
[4096,-1536,608,-155,38,-6,1]
[14641,-1694,133,-14,1]
[256,64,32,32,19,8,2,1,1]
[16384,-2304,317,-18,1]
[4096,1024,96,9,6,4,1]
[729,324,9,-32,1,4,1]
[4096,3840,1808,549,113,15,1]
[14641,605,-78,5,1]
[6561,-324,17,-4,1]
[15625,-4375,554,-35,1]
[15625,3500,403,28,1]
[512,64,40,31,5,1,1]
[729,81,54,16,6,1,1]
[4096,-1024,-32,79,-2,-4,1]
[14641,-1694,184,-14,1]
[14641,-847,219,-7,1]
[6561,324,98,4,1]
[4096,512,48,23,3,2,1]
[256,-256,192,-92,45,-23,12,-4,1]
[256,64,-48,8,27,2,-3,1,1]
[125,-14,1]
[1024,-32,25,-1,1]
[15625,-125,29,-1,1]
[15625,1625,142,13,1]
[15625,-1875,139,-15,1]
[4096,-1536,736,-165,46,-6,1]
[256,256,144,32,9,8,9,4,1]
[4096,768,-112,-79,-7,3,1]
[4096,2304,912,253,57,9,1]
[4096,-1792,432,-65,27,-7,1]
[4096,-768,208,-59,13,-3,1]
[4096,512,-48,15,-3,2,1]
[15625,-625,22,-5,1]
[729,-405,171,-76,19,-5,1]
[4096,-256,272,41,17,-1,1]
[14641,1089,25,9,1]
[729,-324,99,-19,11,-4,1]
[15625,250,-196,2,1]
[14641,726,137,6,1]
[729,-648,333,-125,37,-8,1]
[4096,-256,160,11,10,-1,1]
[4096,1280,368,45,23,5,1]
[4096,-1280,352,-97,22,-5,1]
[4096,-1536,528,-151,33,-6,1]
[14641,605,-6,5,1]
[15625,-2625,222,-21,1]
[256,192,32,-32,-25,-8,2,3,1]
[729,-324,9,31,1,-4,1]
[256,-256,192,-100,55,-25,12,-4,1]
[729,243,207,49,23,3,1]
[729,243,144,25,16,3,1]
[256,0,32,4,-13,1,2,0,1]
[512,-192,96,-43,12,-3,1]
[256,-128,192,-76,69,-19,12,-2,1]
[4096,-2560,1136,-323,71,-10,1]
[4096,-1024,720,-117,45,-4,1]
[4096,0,-192,-29,-12,0,1]
[512,320,184,69,23,5,1]
[256,64,-16,4,1,1,-1,1,1]
[14641,1210,260,10,1]
[4096,1024,512,85,32,4,1]
[4096,2048,352,33,22,8,1]
[4096,-1024,-144,127,-9,-4,1]
[4096,-1280,80,13,5,-5,1]
[512,-256,48,-1,6,-4,1]
[15625,-625,-24,-5,1]
[6561,567,101,7,1]
[15625,-1375,32,-11,1]
[256,192,64,24,15,6,4,3,1]
[4096,-1536,592,-193,37,-6,1]
[256,-128,112,-64,37,-16,7,-2,1]
[729,-162,-54,20,-6,-2,1]
[729,243,0,-7,0,3,1]
[2401,-539,72,-11,1]
[1024,-480,119,-15,1]
[729,-243,63,-25,7,-3,1]
[16384,3712,417,29,1]
[4096,-1024,320,-99,20,-4,1]
[4096,256,160,75,10,1,1]
[4096,512,64,-43,4,2,1]
[4096,-1280,400,-111,25,-5,1]
[4096,1024,560,91,35,4,1]
[4096,256,112,91,7,1,1]
[4096,1024,272,97,17,4,1]
[256,-192,96,-56,33,-14,6,-3,1]
[14641,-726,-1,-6,1]
[14641,2783,336,23,1]
[4096,1536,16,-69,1,6,1]
[729,486,243,82,27,6,1]
[6561,81,-89,1,1]
[256,-256,256,-152,93,-38,16,-4,1]
[4096,256,-64,51,-4,1,1]
[4096,2816,944,237,59,11,1]
[256,-64,-16,-16,23,-4,-1,-1,1]
[16384,4224,493,33,1]
[4096,768,64,-59,4,3,1]
[256,64,64,-16,11,-4,4,1,1]
[512,-128,64,-3,8,-2,1]
[4096,-256,128,-59,8,-1,1]
[256,0,96,28,23,7,6,0,1]
[4096,2560,1056,293,66,10,1]
[14641,-605,-96,-5,1]
[4096,-1280,656,-123,41,-5,1]
[4096,1536,544,129,34,6,1]
[6561,1053,74,13,1]
[15625,4375,551,35,1]
[15625,875,14,7,1]
[4096,1792,560,169,35,7,1]
[16384,1792,285,14,1]
[16384,-1408,205,-11,1]
[4096,-1536,480,-115,30,-6,1]
[4096,3072,1328,385,83,12,1]
[4096,768,48,-49,3,3,1]
[1024,-160,47,-5,1]
[256,64,16,-36,-9,-9,1,1,1]
[15625,1750,166,14,1]
[256,256,208,136,73,34,13,4,1]
[4096,-256,128,33,8,-1,1]
[14641,-726,87,-6,1]
[2401,147,46,3,1]
[15625,-875,243,-7,1]
[15625,-125,-61,-1,1]
[6561,-81,133,-1,1]
[16384,-512,115,-4,1]
[4096,512,-32,-35,-2,2,1]
[4096,-2048,672,-181,42,-8,1]
[4096,1792,656,195,41,7,1]
[256,-192,48,32,-31,8,3,-3,1]
[4096,-256,-224,37,-14,-1,1]
[4096,1280,400,87,25,5,1]
[4096,256,48,55,3,1,1]
[15625,-125,12,-1,1]
[729,-81,81,4,9,-1,1]
[4096,-1280,416,-103,26,-5,1]
[6561,324,-28,4,1]
[256,0,64,44,1,11,4,0,1]
[4096,-512,288,-33,18,-2,1]
[14641,3751,470,31,1]
[729,0,99,23,11,0,1]
[4096,768,288,93,18,3,1]
[16384,-384,171,-3,1]
[256,256,144,48,13,12,9,4,1]
[4096,-768,528,-83,33,-3,1]
[16384,-512,-113,-4,1]
[4096,-768,352,-13,22,-3,1]
[4096,-1280,240,-41,15,-5,1]
[256,-64,64,-16,3,-4,4,-1,1]
[4096,1792,304,51,19,7,1]
[256,64,32,20,33,5,2,1,1]
[256,-64,96,-52,17,-13,6,-1,1]
[256,64,64,24,7,6,4,1,1]
[2401,-343,81,-7,1]
[4096,768,-16,-37,-1,3,1]
[14641,2662,283,22,1]
[4096,1536,624,191,39,6,1]
[15625,-1875,249,-15,1]
[15625,-2625,254,-21,1]
[4096,256,-48,25,-3,1,1]
[4096,1024,384,83,24,4,1]
[15625,-2875,278,-23,1]
[729,-81,36,-37,4,-1,1]
[14641,726,-32,6,1]
[4096,-1536,-80,121,-5,-6,1]
[16384,-2304,165,-18,1]
[4096,256,80,-87,5,1,1]
[256,64,48,-8,-5,-2,3,1,1]
[4096,-256,176,-59,11,-1,1]
[256,0,80,-12,13,-3,5,0,1]
[256,-64,7,-4,1]
[2401,294,29,6,1]
[16384,768,49,6,1]
[4096,-512,176,-107,11,-2,1]
[256,192,208,120,71,30,13,3,1]
[729,-162,81,-16,9,-2,1]
[15625,2250,252,18,1]
[16384,1920,195,15,1]
[4096,768,464,57,29,3,1]
[4096,512,112,-27,7,2,1]
[4096,704,151,11,1]
[4096,1536,400,113,25,6,1]
[15625,-1375,64,-11,1]
[256,0,32,-20,3,-5,2,0,1]
[256,16,-11,1,1]
[4096,-1536,-112,133,-7,-6,1]
[256,0,-64,0,3,0,-4,0,1]
[256,-192,64,20,-23,5,4,-3,1]
[256,384,304,160,77,40,19,6,1]
[4096,1024,-176,-143,-11,4,1]
[256,192,80,48,25,12,5,3,1]
[4096,-256,32,-49,2,-1,1]
[729,405,135,29,15,5,1]
[16384,128,-5,1,1]
[256,0,80,-32,11,-8,5,0,1]
[256,192,32,12,15,3,2,3,1]
[256,0,48,32,7,8,3,0,1]
[4096,-256,48,-73,3,-1,1]
[512,-448,232,-91,29,-7,1]
[14641,3146,347,26,1]
[4096,768,0,-75,0,3,1]
[4096,-1280,-96,123,-6,-5,1]
[4096,-1024,336,-149,21,-4,1]
[14641,-1573,92,-13,1]
[15625,3000,302,24,1]
[14641,363,25,3,1]
[256,-192,48,12,-7,3,3,-3,1]
[15625,1000,119,8,1]
[4096,1024,128,19,8,4,1]
[4096,-768,528,-87,33,-3,1]
[729,324,162,52,18,4,1]
[4096,-64,115,-1,1]
[121,-1,1]
[4096,-768,-192,115,-12,-3,1]
[15625,375,-133,3,1]
[625,50,-29,2,1]
[15625,1250,207,10,1]
[4096,960,151,15,1]
[256,-320,144,-12,-11,-3,9,-5,1]
[4096,-768,112,45,7,-3,1]
[6561,-405,-14,-5,1]
[16384,1280,85,10,1]
[4096,0,96,-91,6,0,1]
[4096,256,96,51,6,1,1]
[256,64,32,8,21,2,2,1,1]
[15625,-750,-86,-6,1]
[16384,-256,5,-2,1]
[4096,-256,32,-31,2,-1,1]
[15625,-3625,414,-29,1]
[729,-162,117,-35,13,-2,1]
[14641,726,-7,6,1]
[4096,768,176,47,11,3,1]
[729,-81,27,34,3,-1,1]
[256,0,-64,-4,21,-1,-4,0,1]
[4096,-256,368,9,23,-1,1]
[14641,-3509,426,-29,1]
[4096,-256,208,-45,13,-1,1]
[256,0,32,0,-15,0,2,0,1]
[14641,1331,192,11,1]
[4096,-2304,736,-173,46,-9,1]
[14641,1089,158,9,1]
[729,324,54,16,6,4,1]
[512,192,-32,-43,-4,3,1]
[4096,0,-51,0,1]
[4096,-2560,688,-151,43,-10,1]
[4096,-2048,368,-31,23,-8,1]
[4096,-2560,800,-193,50,-10,1]
[4096,768,256,115,16,3,1]
[256,-192,48,48,-37,12,3,-3,1]
[256,-128,80,-44,13,-11,5,-2,1]
[4096,256,-208,-9,-13,1,1]
[6561,-486,59,-6,1]
[4096,0,-32,43,-2,0,1]
[4096,1280,592,125,37,5,1]
[512,256,96,43,12,4,1]
[4096,-1280,560,-165,35,-5,1]
[512,64,-40,-21,-5,1,1]
[512,-64,-24,21,-3,-1,1]
[15625,-1125,269,-9,1]
[16384,-640,151,-5,1]
[1024,-32,-29,-1,1]
[512,0,-8,17,-1,0,1]
[729,-162,117,-32,13,-2,1]
[15625,-875,213,-7,1]
[4096,-1536,704,-163,44,-6,1]
[4096,0,224,51,14,0,1]
[16384,-1280,221,-10,1]
[256,-128,160,-60,55,-15,10,-2,1]
[4096,-2048,752,-237,47,-8,1]
[4096,512,-96,-113,-6,2,1]
[256,0,80,44,7,11,5,0,1]
[4096,512,-96,-25,-6,2,1]
[4096,-1024,176,-77,11,-4,1]
[256,-256,96,-4,-9,-1,6,-4,1]
[4096,-768,368,-21,23,-3,1]
[2401,-441,116,-9,1]
[1024,-32,-43,-1,1]
[4096,1792,256,3,16,7,1]
[15625,-3125,391,-25,1]
[729,567,279,97,31,7,1]
[256,-128,96,-16,13,-4,6,-2,1]
[4096,-1024,96,-7,6,-4,1]
[4096,768,240,87,15,3,1]
[729,567,279,103,31,7,1]
[4096,1024,-144,-87,-9,4,1]
[4096,-1280,752,-143,47,-5,1]
[256,-256,128,-32,3,-8,8,-4,1]
[4096,1280,160,21,10,5,1]
[729,-729,342,-119,38,-9,1]
[4096,-256,-160,1,-10,-1,1]
[4096,448,77,7,1]
[16384,256,205,2,1]
[729,0,72,16,8,0,1]
[2401,-98,-22,-2,1]
[15625,2625,339,21,1]
[4096,256,48,119,3,1,1]
[4096,1536,512,149,32,6,1]
[14641,-1331,230,-11,1]
[729,162,162,19,18,2,1]
[512,-64,88,-17,11,-1,1]
[256,128,96,28,17,7,6,2,1]
[15625,-625,-16,-5,1]
[4096,0,128,-25,8,0,1]
[4096,-512,384,-63,24,-2,1]
[14641,605,135,5,1]
[256,0,16,12,-5,3,1,0,1]
[15625,-1000,47,-8,1]
[4096,1536,496,93,31,6,1]
[16384,-1024,9,-8,1]
[16384,-4608,569,-36,1]
[256,-192,112,-48,25,-12,7,-3,1]
[14641,-2178,318,-18,1]
[256,0,-32,-16,21,-4,-2,0,1]
[512,256,32,-7,4,4,1]
[256,-128,128,-56,41,-14,8,-2,1]
[4096,-1536,512,-125,32,-6,1]
[14641,1089,40,9,1]
[14641,-1210,49,-10,1]
[256,-192,160,-64,37,-16,10,-3,1]
[4096,512,640,67,40,2,1]
[4096,-512,64,-37,4,-2,1]
[16384,256,215,2,1]
[4096,1536,240,17,15,6,1]
[14641,363,-35,3,1]
[4096,1792,976,227,61,7,1]
[4096,256,192,-21,12,1,1]
[4096,256,416,33,26,1,1]
[256,-320,224,-116,55,-29,14,-5,1]
[14641,2299,298,19,1]
[256,64,16,-4,5,-1,1,1,1]
[4096,1152,175,18,1]
[4096,4096,1984,605,124,16,1]
[15625,1250,134,10,1]
[64,16,16,11,4,1,1]
[4096,-256,48,93,3,-1,1]
[4096,512,192,27,12,2,1]
[4096,1024,352,91,22,4,1]
[4096,-1024,448,-145,28,-4,1]
[4096,0,272,-15,17,0,1]
[6561,-648,146,-8,1]
[729,162,72,-11,8,2,1]
[15625,-1250,117,-10,1]
[4096,1280,384,83,24,5,1]
[256,64,96,-20,9,-5,6,1,1]
[4096,-256,240,29,15,-1,1]
[4096,-1024,32,21,2,-4,1]
[15625,-500,247,-4,1]
[16384,1152,245,9,1]
[15625,1125,36,9,1]
[4096,256,-16,9,-1,1,1]
[4096,2560,720,167,45,10,1]
[16384,768,-59,6,1]
[625,25,29,1,1]
[2401,-784,143,-16,1]
[729,-81,-45,5,-5,-1,1]
[729,0,27,31,3,0,1]
[4096,1536,-112,-129,-7,6,1]
[4096,-2304,368,-19,23,-9,1]
[16384,-384,-37,-3,1]
[16384,640,-71,5,1]
[256,192,64,-24,-27,-6,4,3,1]
[15625,3250,407,26,1]
[14641,-726,-72,-6,1]
[2401,686,131,14,1]
[4096,-2816,1296,-367,81,-11,1]
[729,324,81,26,9,4,1]
[6561,-1296,187,-16,1]
[4096,-1024,256,5,16,-4,1]
[16384,256,63,2,1]
[14641,-968,96,-8,1]
[4096,2816,912,227,57,11,1]
[4096,-2048,848,-211,53,-8,1]
[4096,896,169,14,1]
[4096,1536,144,5,9,6,1]
[4096,-1792,512,-127,32,-7,1]
[4096,256,-64,59,-4,1,1]
[256,-128,80,-36,9,-9,5,-2,1]
[256,-64,128,-32,39,-8,8,-1,1]
[16384,2944,361,23,1]
[6561,-810,85,-10,1]
[14641,-726,7,-6,1]
[4096,-512,-64,79,-4,-2,1]
[4096,2048,560,123,35,8,1]
[4096,1024,160,49,10,4,1]
[4096,-512,-80,105,-5,-2,1]
[4096,-768,208,-111,13,-3,1]
[256,-128,0,32,-17,8,0,-2,1]
[512,128,72,11,9,2,1]
[256,192,176,100,57,25,11,3,1]
[4096,1024,80,5,5,4,1]
[729,81,27,-5,3,1,1]
[4096,-1536,400,-57,25,-6,1]
[14641,1936,291,16,1]
[16384,640,203,5,1]
[15625,2000,309,16,1]
[4096,0,112,35,7,0,1]
[14641,0,24,0,1]
[4096,448,129,7,1]
[256,0,112,28,27,7,7,0,1]
[16384,256,11,2,1]
[4096,256,304,-9,19,1,1]
[256,256,112,8,-7,2,7,4,1]
[256,192,208,108,75,27,13,3,1]
[512,0,96,11,12,0,1]
[6561,1215,191,15,1]
[16384,256,-135,2,1]
[14641,-121,-208,-1,1]
[4096,-256,160,7,10,-1,1]
[14641,-363,197,-3,1]
[16384,2048,219,16,1]
[256,64,64,8,17,2,4,1,1]
[14641,-1936,228,-16,1]
[15625,2000,108,16,1]
[4096,-768,176,-73,11,-3,1]
[6561,-81,-25,-1,1]
[256,64,128,28,41,7,8,1,1]
[729,-324,207,-58,23,-4,1]
[4096,0,80,-93,5,0,1]
[729,486,171,47,19,6,1]
[729,-81,45,23,5,-1,1]
[16384,-1536,123,-12,1]
[512,-128,72,-21,9,-2,1]
[4096,-512,32,51,2,-2,1]
[4096,-512,208,-51,13,-2,1]
[16384,-1408,89,-11,1]
[4096,1280,64,-1,4,5,1]
[729,-81,45,-49,5,-1,1]
[14641,-242,109,-2,1]
[1024,96,-15,3,1]
[256,-192,176,-92,61,-23,11,-3,1]
[2401,686,146,14,1]
[256,0,-112,0,27,0,-7,0,1]
[14641,3025,364,25,1]
[512,-320,144,-61,18,-5,1]
[729,972,630,257,70,12,1]
[4096,1024,192,-11,12,4,1]
[4096,-2560,864,-231,54,-10,1]
[729,-243,207,-52,23,-3,1]
[4096,-512,112,-89,7,-2,1]
[4096,-1536,496,-135,31,-6,1]
[15625,1625,166,13,1]
[729,567,153,28,17,7,1]
[729,324,45,-17,5,4,1]
[4096,512,352,47,22,2,1]
[14641,847,-7,7,1]
[256,128,80,12,5,3,5,2,1]
[6561,-729,145,-9,1]
[14641,1452,118,12,1]
[729,-648,207,-47,23,-8,1]
[16384,-768,85,-6,1]
[4096,256,-80,-19,-5,1,1]
[512,-256,88,-17,11,-4,1]
[16384,640,101,5,1]
[512,128,24,25,3,2,1]
[4096,-2816,1088,-307,68,-11,1]
[1024,160,15,5,1]
[729,27,-14,1,1]
[256,-64,80,-20,29,-5,5,-1,1]
[14641,-1210,181,-10,1]
[256,128,64,24,19,6,4,2,1]
[14641,363,207,3,1]
[4096,1024,-160,-143,-10,4,1]
[4096,512,160,-37,10,2,1]
[16384,896,-41,7,1]
[729,-243,171,-43,19,-3,1]
[4096,2048,432,61,27,8,1]
[729,405,81,2,9,5,1]
[4096,2048,384,41,24,8,1]
[4096,512,400,79,25,2,1]
[4096,-256,144,-5,9,-1,1]
[4096,-2816,864,-201,54,-11,1]
[15625,-3250,373,-26,1]
[15625,-2125,224,-17,1]
[256,192,144,48,27,12,9,3,1]
[4096,0,192,-37,12,0,1]
[512,-64,-8,7,-1,-1,1]
[729,0,-36,-25,-4,0,1]
[15625,-125,188,-1,1]
[4096,-512,32,-15,2,-2,1]
[256,-192,96,-76,49,-19,6,-3,1]
[4096,768,48,-7,3,3,1]
[4096,-768,480,-103,30,-3,1]
[16384,-1024,135,-8,1]
[4096,-1024,544,-119,34,-4,1]
[14641,-1089,70,-9,1]
[4096,-1792,464,-91,29,-7,1]
[14641,-1573,243,-13,1]
[729,81,81,-5,9,1,1]
[4096,256,416,61,26,1,1]
[64,32,-8,-15,-2,2,1]
[14641,-1936,196,-16,1]
[16384,1792,69,14,1]
[15625,-1500,197,-12,1]
[2401,-294,61,-6,1]
[4096,1536,432,117,27,6,1]
[256,-192,144,-52,29,-13,9,-3,1]
[4096,1280,400,99,25,5,1]
[15625,1500,268,12,1]
[2401,-49,31,-1,1]
[256,-64,64,20,-3,5,4,-1,1]
[256,-128,32,28,-27,7,2,-2,1]
[15625,1750,127,14,1]
[256,64,0,-12,9,-3,0,1,1]
[4096,-3584,1504,-427,94,-14,1]
[15625,-2000,191,-16,1]
[4096,1536,784,165,49,6,1]
[4096,-1536,480,-157,30,-6,1]
[256,64,-80,-12,19,-3,-5,1,1]
[4096,0,-112,45,-7,0,1]
[256,0,48,4,-3,1,3,0,1]
[729,-162,63,-32,7,-2,1]
[16384,2944,375,23,1]
[4096,256,-160,-45,-10,1,1]
[256,128,96,44,25,11,6,2,1]
[4096,-1280,528,-155,33,-5,1]
[4096,-1024,448,-107,28,-4,1]
[4096,-256,640,-31,40,-1,1]
[512,128,40,39,5,2,1]
[4096,1280,400,159,25,5,1]
[256,-192,80,4,-17,1,5,-3,1]
[16384,1920,155,15,1]
[729,-162,54,-41,6,-2,1]
[512,-448,240,-89,30,-7,1]
[256,320,208,140,85,35,13,5,1]
[256,192,96,12,3,3,6,3,1]
[4096,-1024,416,-101,26,-4,1]
[4096,-2560,1024,-281,64,-10,1]
[14641,-1452,108,-12,1]
[4096,-1280,400,-85,25,-5,1]
[256,-128,144,-80,45,-20,9,-2,1]
[4096,256,128,-49,8,1,1]
[256,256,128,36,15,9,8,4,1]
[4096,512,-128,-57,-8,2,1]
[256,0,-112,4,35,1,-7,0,1]
[16384,896,29,7,1]
[256,64,96,44,23,11,6,1,1]
[16384,256,-81,2,1]
[4096,1024,608,93,38,4,1]
[6561,-729,173,-9,1]
[729,0,0,-50,0,0,1]
[2401,-98,76,-2,1]
[4096,768,272,5,17,3,1]
[4096,-2048,832,-225,52,-8,1]
[4096,512,192,113,12,2,1]
[4096,256,176,57,11,1,1]
[14641,-605,31,-5,1]
[4096,256,224,-27,14,1,1]
[4096,1536,320,81,20,6,1]
[4096,-1536,192,17,12,-6,1]
[256,-128,128,-80,37,-20,8,-2,1]
[256,320,208,80,29,20,13,5,1]
[15625,-875,-71,-7,1]
[256,-64,80,-28,17,-7,5,-1,1]
[4096,-256,-208,33,-13,-1,1]
[15625,2250,268,18,1]
[14641,-605,29,-5,1]
[6561,162,86,2,1]
[14641,363,73,3,1]
[256,-320,176,-56,17,-14,11,-5,1]
[6561,729,38,9,1]
[4096,-256,224,-87,14,-1,1]
[14641,1936,112,16,1]
[16384,3072,365,24,1]
[729,-324,153,-44,17,-4,1]
[14641,0,-150,0,1]
[729,81,72,20,8,1,1]
[15625,1750,182,14,1]
[512,-128,48,-3,6,-2,1]
[14641,2057,282,17,1]
[256,64,16,-4,-7,-1,1,1,1]
[729,162,108,50,12,2,1]
[15625,-500,84,-4,1]
[4096,-1536,64,65,4,-6,1]
[2401,196,38,4,1]
[6561,810,73,10,1]
[4096,0,32,-97,2,0,1]
[1024,-32,9,-1,1]
[256,128,32,12,9,3,2,2,1]
[4096,-1536,496,-153,31,-6,1]
[256,-64,64,-28,27,-7,4,-1,1]
[14641,1452,107,12,1]
[1024,224,27,7,1]
[4096,-512,528,-69,33,-2,1]
[15625,125,-72,1,1]
[14641,-847,232,-7,1]
[4096,768,544,95,34,3,1]
[4096,768,320,107,20,3,1]
[4096,-576,33,-9,1]
[4096,1536,160,-11,10,6,1]
[4096,-512,384,-21,24,-2,1]
[15625,-500,37,-4,1]
[4096,-512,64,-87,4,-2,1]
[4096,-1792,272,-23,17,-7,1]
[16384,-2560,301,-20,1]
[256,128,48,32,29,8,3,2,1]
[4096,512,-160,-29,-10,2,1]
[6561,324,88,4,1]
[14641,2420,268,20,1]
[4096,-512,432,-45,27,-2,1]
[16384,2304,259,18,1]
[4096,1024,304,69,19,4,1]
[6561,567,5,7,1]
[4096,-256,192,-29,12,-1,1]
[256,0,64,-36,13,-9,4,0,1]
[4096,256,-64,55,-4,1,1]
[4096,-2816,1008,-271,63,-11,1]
[4096,512,112,-15,7,2,1]
[6561,972,143,12,1]
[15625,875,174,7,1]
[1024,64,-13,2,1]
[4096,-768,432,-105,27,-3,1]
[4096,-256,-64,11,-4,-1,1]
[256,0,64,-48,3,-12,4,0,1]
[729,405,135,49,15,5,1]
[256,-128,16,20,-27,5,1,-2,1]
[4096,-2048,816,-241,51,-8,1]
[14641,1694,284,14,1]
[4096,64,-59,1,1]
[16384,1664,137,13,1]
[256,320,336,232,133,58,21,5,1]
[512,-448,208,-73,26,-7,1]
[512,0,-8,15,-1,0,1]
[14641,-2904,298,-24,1]
[4096,-1024,96,-15,6,-4,1]
[4096,512,32,-51,2,2,1]
[14641,-242,-111,-2,1]
[15625,1625,217,13,1]
[14641,726,199,6,1]
[256,-448,368,-204,101,-51,23,-7,1]
[729,-486,234,-94,26,-6,1]
[256,-64,144,-48,41,-12,9,-1,1]
[14641,2541,315,21,1]
[256,64,-16,-20,-7,-5,-1,1,1]
[6561,-648,79,-8,1]
[4096,-256,112,-17,7,-1,1]
[15625,-625,-21,-5,1]
[4096,-256,-16,-9,-1,-1,1]
[16384,1920,303,15,1]
[729,0,45,13,5,0,1]
[512,-64,24,1,3,-1,1]
[16384,3072,333,24,1]
[4096,2816,1136,317,71,11,1]
[14641,968,215,8,1]
[256,0,96,24,25,6,6,0,1]
[2401,-735,129,-15,1]
[4096,512,448,71,28,2,1]
[14641,968,252,8,1]
[15625,-250,-62,-2,1]
[14641,2420,316,20,1]
[15625,0,-39,0,1]
[256,-128,80,-32,19,-8,5,-2,1]
[4096,512,144,91,9,2,1]
[4096,-512,-32,-17,-2,-2,1]
[256,128,32,32,27,8,2,2,1]
[256,-64,96,-28,41,-7,6,-1,1]
[4096,512,0,-45,0,2,1]
[512,-448,232,-89,29,-7,1]
[256,0,48,0,-1,0,3,0,1]
[512,-512,320,-129,40,-8,1]
[15625,-3250,332,-26,1]
[4096,-512,-112,117,-7,-2,1]
[729,162,54,14,6,2,1]
[256,-192,128,-12,7,-3,8,-3,1]
[14641,-1452,89,-12,1]
[729,-486,0,55,0,-6,1]
[256,-64,32,-16,23,-4,2,-1,1]
[14641,242,-83,2,1]
[4096,-2048,768,-229,48,-8,1]
[15625,1125,76,9,1]
[14641,605,-86,5,1]
[729,243,-45,-58,-5,3,1]
[15625,2750,268,22,1]
[4096,-768,-112,49,-7,-3,1]
[4096,2048,688,171,43,8,1]
[256,128,48,-16,-5,-4,3,2,1]
[14641,1694,98,14,1]
[256,-64,48,-36,23,-9,3,-1,1]
[4096,1280,112,-17,7,5,1]
[4096,512,0,45,0,2,1]
[4096,1024,272,33,17,4,1]
[6561,567,145,7,1]
[15625,2625,336,21,1]
[4096,256,384,47,24,1,1]
[512,-128,-24,39,-3,-2,1]
[256,-64,-144,16,41,4,-9,-1,1]
[4096,1024,224,-3,14,4,1]
[2401,245,80,5,1]
[256,-128,96,-16,9,-4,6,-2,1]
[256,192,192,104,67,26,12,3,1]
[4096,-2048,560,-115,35,-8,1]
[4096,-256,544,-7,34,-1,1]
[4096,-256,112,-107,7,-1,1]
[4096,1792,784,189,49,7,1]
[512,-320,152,-67,19,-5,1]
[256,0,144,4,45,1,9,0,1]
[256,0,-112,4,37,1,-7,0,1]
[14641,1331,41,11,1]
[15625,375,-114,3,1]
[4096,512,64,-57,4,2,1]
[4096,1024,208,49,13,4,1]
[729,-162,90,4,10,-2,1]
[512,128,64,3,8,2,1]
[729,-324,162,-67,18,-4,1]
[14641,2541,314,21,1]
[625,25,46,1,1]
[729,162,90,52,10,2,1]
[4096,-1280,544,-141,34,-5,1]
[16384,128,-129,1,1]
[729,81,126,5,14,1,1]
[6561,-1296,151,-16,1]
[4096,-512,528,-45,33,-2,1]
[256,-128,0,4,-3,1,0,-2,1]
[4096,0,32,-93,2,0,1]
[4096,1536,208,-17,13,6,1]
[4096,-512,176,-53,11,-2,1]
[1024,0,-31,0,1]
[14641,-1452,49,-12,1]
[4096,1024,336,49,21,4,1]
[256,-192,64,-28,23,-7,4,-3,1]
[4096,-1280,656,-125,41,-5,1]
[256,0,64,20,9,5,4,0,1]
[4096,-2560,560,-87,35,-10,1]
[4096,-768,160,-17,10,-3,1]
[729,-567,279,-113,31,-7,1]
[512,192,0,-3,0,3,1]
[15625,-2250,268,-18,1]
[15625,-625,236,-5,1]
[4096,1280,464,157,29,5,1]
[2401,196,94,4,1]
[4096,-1024,-128,91,-8,-4,1]
[4096,768,176,-35,11,3,1]
[6561,-972,100,-12,1]
[14641,-1210,228,-10,1]
[6561,1377,188,17,1]
[16384,-1280,219,-10,1]
[4096,-512,-96,-9,-6,-2,1]
[729,81,45,-4,5,1,1]
[15625,1375,191,11,1]
[14641,-484,138,-4,1]
[4096,1280,448,77,28,5,1]
[4096,512,160,37,10,2,1]
[256,128,16,-32,-27,-8,1,2,1]
[256,128,96,20,9,5,6,2,1]
[4096,-1792,528,-139,33,-7,1]
[4096,-768,256,-27,16,-3,1]
[256,-320,128,40,-53,10,8,-5,1]
[14641,-4477,578,-37,1]
[14641,-605,-15,-5,1]
[14641,-1210,95,-10,1]
[256,-128,112,-68,37,-17,7,-2,1]
[14641,-1936,280,-16,1]
[16384,768,-5,6,1]
[14641,363,229,3,1]
[256,256,192,120,61,30,12,4,1]
[512,384,152,53,19,6,1]
[512,192,-8,-25,-1,3,1]
[15625,-3500,424,-28,1]
[4096,0,224,37,14,0,1]
[16384,4096,475,32,1]
[15625,1125,68,9,1]
[4096,-256,-32,-61,-2,-1,1]
[15625,500,42,4,1]
[4096,-768,304,-1,19,-3,1]
[16384,-128,137,-1,1]
[2401,294,101,6,1]
[4096,-1536,672,-167,42,-6,1]
[729,162,90,11,10,2,1]
[256,-256,144,-64,31,-16,9,-4,1]
[14641,242,105,2,1]
[729,243,198,49,22,3,1]
[15625,3375,412,27,1]
[4096,512,288,31,18,2,1]
[4096,576,31,9,1]
[4096,0,368,-17,23,0,1]
[4096,-1792,560,-149,35,-7,1]
[4096,2048,768,189,48,8,1]
[4096,2048,288,-3,18,8,1]
[4096,256,512,51,32,1,1]
[256,80,33,5,1]
[2401,-735,152,-15,1]
[4096,-512,96,-83,6,-2,1]
[15625,2125,288,17,1]
[4096,0,-32,87,-2,0,1]
[512,-64,136,-19,17,-1,1]
[4096,-1024,288,-61,18,-4,1]
[256,64,48,20,23,5,3,1,1]
[15625,-375,166,-3,1]
[4096,0,416,1,26,0,1]
[512,-64,80,-21,10,-1,1]
[256,-64,128,-40,37,-10,8,-1,1]
[256,-16,-3,-1,1]
[256,128,48,-36,-25,-9,3,2,1]
[4096,-896,169,-14,1]
[729,162,-36,-46,-4,2,1]
[4096,-1024,400,-135,25,-4,1]
[14641,-1331,31,-11,1]
[4096,0,32,-85,2,0,1]
[256,64,16,28,7,7,1,1,1]
[4096,1280,288,87,18,5,1]
[729,567,270,101,30,7,1]
[256,64,32,8,-17,2,2,1,1]
[4096,1536,752,191,47,6,1]
[16384,-1152,269,-9,1]
[729,243,117,19,13,3,1]
[15625,1250,54,10,1]
[4096,-128,-75,-2,1]
[256,128,32,24,29,6,2,2,1]
[4096,-2048,192,35,12,-8,1]
[14641,-605,193,-5,1]
[4096,256,336,45,21,1,1]
[2401,343,38,7,1]
[15625,3500,442,28,1]
[15625,-625,173,-5,1]
[4096,-1280,640,-129,40,-5,1]
[4096,-256,-32,47,-2,-1,1]
[4096,0,176,81,11,0,1]
[15625,875,108,7,1]
[4096,-2816,1072,-311,67,-11,1]
[512,-64,24,-31,3,-1,1]
[4096,-1280,368,-107,23,-5,1]
[16384,-1408,163,-11,1]
[4096,0,144,67,9,0,1]
[4096,-256,496,-27,31,-1,1]
[512,-64,-40,1,-5,-1,1]
[4096,512,-16,29,-1,2,1]
[729,405,198,65,22,5,1]
[4096,1280,-128,-125,-8,5,1]
[729,162,43,6,1]
[4096,2304,880,225,55,9,1]
[6561,-405,41,-5,1]
[4096,256,448,25,28,1,1]
[729,81,54,41,6,1,1]
[6561,486,-25,6,1]
[4096,512,272,55,17,2,1]
[2401,490,44,10,1]
[15625,2875,316,23,1]
[4096,256,80,21,5,1,1]
[4096,1536,624,193,39,6,1]
[15625,-2250,167,-18,1]
[15625,-375,-104,-3,1]
[6561,891,104,11,1]
[4096,-1024,-96,85,-6,-4,1]
[4096,-1792,-128,165,-8,-7,1]
[4096,1280,528,87,33,5,1]
[4096,1536,352,107,22,6,1]
[4096,-1280,432,-161,27,-5,1]
[729,-162,18,-16,2,-2,1]
[14641,1331,266,11,1]
[4096,-512,-80,25,-5,-2,1]
[729,0,-18,7,-2,0,1]
[15625,-1250,73,-10,1]
[4096,0,496,-19,31,0,1]
[4096,512,16,-27,1,2,1]
[4096,-1792,368,-43,23,-7,1]
[512,128,16,-23,2,2,1]
[64,24,11,3,1]
[6561,-1053,86,-13,1]
[256,320,272,164,89,41,17,5,1]
[4096,-768,80,-7,5,-3,1]
[15625,750,62,6,1]
[1024,160,61,5,1]
[512,320,152,61,19,5,1]
[4096,-512,384,-13,24,-2,1]
[729,0,-25,0,1]
[256,-64,-128,16,33,4,-8,-1,1]
[4096,512,16,-31,1,2,1]
[64,-32,8,-7,2,-2,1]
[4096,1280,352,143,22,5,1]
[256,-128,112,-56,35,-14,7,-2,1]
[2401,-196,54,-4,1]
[256,64,96,20,19,5,6,1,1]
[14641,363,89,3,1]
[256,-256,176,-88,43,-22,11,-4,1]
[4096,1280,192,-21,12,5,1]
[15625,2125,234,17,1]
[4096,-1536,256,-3,16,-6,1]
[4096,256,-144,-65,-9,1,1]
[4096,128,65,2,1]
[4096,-2304,976,-279,61,-9,1]
[1024,-256,75,-8,1]
[4096,0,-64,93,-4,0,1]
[4096,-512,1,-8,1]
[14641,0,146,0,1]
[15625,1625,238,13,1]
[256,-64,-32,20,5,5,-2,-1,1]
[729,-81,108,-11,12,-1,1]
[4096,3328,1488,449,93,13,1]
[14641,-1331,32,-11,1]
[512,192,120,47,15,3,1]
[256,0,128,-4,33,-1,8,0,1]
[729,-81,-9,41,-1,-1,1]
[729,-324,108,-38,12,-4,1]
[256,-256,224,-144,87,-36,14,-4,1]
[512,128,32,19,4,2,1]
[4096,256,224,3,14,1,1]
[15625,625,-12,5,1]
[14641,-605,83,-5,1]
[14641,1573,257,13,1]
[4096,-2304,496,-71,31,-9,1]
[4096,-1536,416,-123,26,-6,1]
[15625,-2375,296,-19,1]
[16384,-512,235,-4,1]
[4096,-512,368,5,23,-2,1]
[256,0,64,16,19,4,4,0,1]
[16384,-1792,121,-14,1]
[4096,2304,912,261,57,9,1]
[512,128,64,43,8,2,1]
[6561,162,-14,2,1]
[729,243,198,50,22,3,1]
[4096,1536,272,59,17,6,1]
[4096,1280,512,111,32,5,1]
[15625,4250,511,34,1]
[4096,0,352,-5,22,0,1]
[14641,0,-189,0,1]
[256,128,176,56,55,14,11,2,1]
[512,-128,56,-1,7,-2,1]
[4096,1280,464,101,29,5,1]
[4096,1280,480,161,30,5,1]
[14641,1573,166,13,1]
[14641,1210,97,10,1]
[729,567,288,98,32,7,1]
[14641,-2178,226,-18,1]
[14641,-1936,285,-16,1]
[2401,147,-45,3,1]
[256,-64,80,-44,17,-11,5,-1,1]
[16384,-256,-31,-2,1]
[6561,1134,107,14,1]
[15625,2000,109,16,1]
[4096,-256,336,-15,21,-1,1]
[6561,-648,71,-8,1]
[729,81,9,-10,1,1,1]
[4096,2816,688,119,43,11,1]
[256,-64,64,-28,5,-7,4,-1,1]
[4096,-1536,16,63,1,-6,1]
[729,-81,81,-7,9,-1,1]
[16384,-1024,223,-8,1]
[4096,768,32,47,2,3,1]
[729,-81,45,28,5,-1,1]
[4096,-768,144,31,9,-3,1]
[4096,-256,80,45,5,-1,1]
[15625,1000,98,8,1]
[14641,968,-38,8,1]
[14641,242,152,2,1]
[512,-320,128,-33,16,-5,1]
[15625,-125,198,-1,1]
[729,-324,45,-1,5,-4,1]
[256,-64,96,-16,35,-4,6,-1,1]
[512,-64,64,-11,8,-1,1]
[729,567,324,119,36,7,1]
[4096,256,-32,-97,-2,1,1]
[256,0,-16,0,9,0,-1,0,1]
[14641,-242,61,-2,1]
[14641,1694,151,14,1]
[6561,567,97,7,1]
[4096,-1792,176,11,11,-7,1]
[4096,2048,272,7,17,8,1]
[14641,605,-7,5,1]
[729,-81,36,-4,4,-1,1]
[4096,2048,-16,-137,-1,8,1]
[15625,875,123,7,1]
[15625,-750,121,-6,1]
[4096,-1792,304,-53,19,-7,1]
[256,-192,112,-68,29,-17,7,-3,1]
[256,64,-16,-32,-5,-8,-1,1,1]
[512,256,104,47,13,4,1]
[4096,256,-64,-127,-4,1,1]
[729,162,9,-23,1,2,1]
[256,128,0,-24,-23,-6,0,2,1]
[15625,375,-56,3,1]
[4096,768,48,19,3,3,1]
[4096,1280,368,65,23,5,1]
[2401,49,-34,1,1]
[4096,768,16,-65,1,3,1]
[4096,1792,368,61,23,7,1]
[15625,0,46,0,1]
[4096,-64,-63,-1,1]
[4096,-256,576,-19,36,-1,1]
[14641,-121,-109,-1,1]
[512,-320,80,-15,10,-5,1]
[256,0,-64,0,17,0,-4,0,1]
[625,125,36,5,1]
[512,192,144,41,18,3,1]
[14641,-121,201,-1,1]
[4096,-256,31,-4,1]
[729,405,-9,-43,-1,5,1]
[4096,-768,272,-123,17,-3,1]
[729,-270,74,-10,1]
[256,-128,-16,-16,29,-4,-1,-2,1]
[4096,1536,480,145,30,6,1]
[15625,2000,163,16,1]
[14641,-847,27,-7,1]
[14641,2783,314,23,1]
[4096,-256,112,19,7,-1,1]
[15625,-250,-114,-2,1]
[256,64,-64,-24,11,-6,-4,1,1]
[256,192,64,-24,-19,-6,4,3,1]
[256,-192,48,24,-29,6,3,-3,1]
[4096,-1024,352,-89,22,-4,1]
[4096,256,41,4,1]
[15625,375,-111,3,1]
[256,192,64,-16,-27,-4,4,3,1]
[14641,-847,123,-7,1]
[4096,-1536,128,25,8,-6,1]
[4096,-2560,1056,-305,66,-10,1]
[4096,768,240,131,15,3,1]
[14641,-605,-30,-5,1]
[14641,1694,89,14,1]
[4096,-832,133,-13,1]
[512,-192,176,-45,22,-3,1]
[4096,-256,64,-27,4,-1,1]
[4096,-2560,832,-211,52,-10,1]
[1024,-96,-17,-3,1]
[14641,-1210,167,-10,1]
[4096,-512,96,31,6,-2,1]
[4096,-768,112,49,7,-3,1]
[4096,-1024,-176,139,-11,-4,1]
[15625,-125,-79,-1,1]
[4096,-2048,112,79,7,-8,1]
[256,128,112,8,13,2,7,2,1]
[14641,2057,195,17,1]
[6561,-162,110,-2,1]
[256,192,80,28,21,7,5,3,1]
[256,320,256,144,73,36,16,5,1]
[4096,-1280,400,-77,25,-5,1]
[4096,0,368,41,23,0,1]
[16384,128,-11,1,1]
[729,-162,99,-25,11,-2,1]
[15625,-250,61,-2,1]
[4096,512,272,-13,17,2,1]
[16384,384,-27,3,1]
[14641,-605,248,-5,1]
[4096,-2048,752,-247,47,-8,1]
[4096,1024,112,29,7,4,1]
[4096,-1792,304,-47,19,-7,1]
[256,256,144,40,15,10,9,4,1]
[729,324,77,12,1]
[512,256,176,53,22,4,1]
[14641,-847,150,-7,1]
[729,324,72,22,8,4,1]
[256,64,0,-12,5,-3,0,1,1]
[625,-225,43,-9,1]
[14641,-1452,65,-12,1]
[81,9,1,1,1]
[15625,-2000,137,-16,1]
[256,0,-32,-4,-1,-1,-2,0,1]
[4096,1024,496,119,31,4,1]
[4096,-1536,864,-185,54,-6,1]
[256,-64,48,48,-13,12,3,-1,1]
[6561,-1863,274,-23,1]
[15625,-2750,247,-22,1]
[4096,1792,624,215,39,7,1]
[4096,256,384,61,24,1,1]
[4096,-768,-48,71,-3,-3,1]
[14641,-3509,421,-29,1]
[4096,512,-64,-31,-4,2,1]
[729,-81,27,-10,3,-1,1]
[256,-128,64,-16,5,-4,4,-2,1]
[6561,324,-44,4,1]
[4096,512,-144,-13,-9,2,1]
[729,-81,162,-20,18,-1,1]
[4096,-1024,-96,65,-6,-4,1]
[256,128,0,-16,3,-4,0,2,1]
[256,-128,96,-56,15,-14,6,-2,1]
[256,256,128,80,53,20,8,4,1]
[256,-64,64,-8,19,-2,4,-1,1]
[4096,-1024,64,57,4,-4,1]
[16384,-1024,41,-8,1]
[15625,-250,17,-2,1]
[16384,-512,113,-4,1]
[4096,-256,-64,35,-4,-1,1]
[15625,-750,-64,-6,1]
[4096,-512,-48,49,-3,-2,1]
[4096,256,-32,-95,-2,1,1]
[256,-128,80,-8,5,-2,5,-2,1]
[256,-576,688,-544,315,-136,43,-9,1]
[6561,162,-29,2,1]
[16384,-256,-175,-2,1]
[16384,-1920,189,-15,1]
[2401,441,41,9,1]
[4096,-1792,336,-61,21,-7,1]
[16384,-768,27,-6,1]
[256,0,-16,20,1,5,-1,0,1]
[729,567,261,97,29,7,1]
[4096,320,71,5,1]
[14641,363,-139,3,1]
[2401,245,31,5,1]
[4096,-768,160,29,10,-3,1]
[4096,-256,64,-109,4,-1,1]
[16384,1152,191,9,1]
[4096,-1536,544,-161,34,-6,1]
[6561,-1053,139,-13,1]
[729,0,-27,-25,-3,0,1]
[256,-192,112,-48,13,-12,7,-3,1]
[15625,-875,247,-7,1]
[4096,-2304,624,-145,39,-9,1]
[512,192,24,-19,3,3,1]
[15625,3750,439,30,1]
[729,-243,63,-26,7,-3,1]
[729,351,89,13,1]
[14641,-363,-1,-3,1]
[4096,512,16,37,1,2,1]
[256,128,64,-8,-11,-2,4,2,1]
[4096,512,64,79,4,2,1]
[4096,0,80,63,5,0,1]
[6561,729,76,9,1]
[4096,0,272,-37,17,0,1]
[81,18,14,2,1]
[729,216,47,8,1]
[4096,256,144,-31,9,1,1]
[256,64,-96,0,37,0,-6,1,1]
[14641,1452,71,12,1]
[15625,-1750,216,-14,1]
[256,64,0,8,3,2,0,1,1]
[4096,-256,368,-21,23,-1,1]
[4096,-768,304,-17,19,-3,1]
[729,486,189,65,21,6,1]
[256,-64,32,-16,-3,-4,2,-1,1]
[4096,3072,1200,339,75,12,1]
[256,0,32,32,-7,8,2,0,1]
[14641,2662,244,22,1]
[625,225,57,9,1]
[4096,1280,656,117,41,5,1]
[729,-648,387,-152,43,-8,1]
[625,-100,31,-4,1]
[729,162,-18,5,-2,2,1]
[4096,-1024,149,-16,1]
[256,-64,32,-16,21,-4,2,-1,1]
[729,-162,153,-19,17,-2,1]
[4096,1280,544,137,34,5,1]
[4096,768,80,-5,5,3,1]
[256,-128,96,-36,11,-9,6,-2,1]
[14641,-242,202,-2,1]
[4096,-1024,224,-39,14,-4,1]
[16384,3200,409,25,1]
[16384,512,-75,4,1]
[4096,576,127,9,1]
[15625,3500,399,28,1]
[15625,-750,241,-6,1]
[4096,512,512,51,32,2,1]
[4096,-1024,384,-55,24,-4,1]
[512,-64,16,27,2,-1,1]
[4096,-512,64,33,4,-2,1]
[2401,98,54,2,1]
[16384,128,-99,1,1]
[4096,1536,656,145,41,6,1]
[729,324,-54,-56,-6,4,1]
[4096,-768,-112,113,-7,-3,1]
[256,-192,64,32,-33,8,4,-3,1]
[4096,0,16,55,1,0,1]
[4096,-256,-128,23,-8,-1,1]
[16384,-2688,265,-21,1]
[729,-54,43,-2,1]
[4096,2560,1184,337,74,10,1]
[4096,1280,0,-63,0,5,1]
[4096,1792,640,197,40,7,1]
[15625,3500,428,28,1]
[4096,-512,-16,103,-1,-2,1]
[256,64,-16,-4,7,-1,-1,1,1]
[15625,1250,212,10,1]
[512,64,56,21,7,1,1]
[256,128,64,20,1,5,4,2,1]
[6561,-810,97,-10,1]
[4096,1024,-96,-107,-6,4,1]
[4096,2304,528,97,33,9,1]
[729,0,18,44,2,0,1]
[16384,-2048,111,-16,1]
[14641,-121,-178,-1,1]
[4096,512,-192,-95,-12,2,1]
[256,-32,21,-2,1]
[4096,576,69,9,1]
[15625,-375,-127,-3,1]
[15625,-3875,481,-31,1]
[1024,-512,127,-16,1]
[4096,-1792,688,-173,43,-7,1]
[512,-320,176,-77,22,-5,1]
[256,320,272,164,85,41,17,5,1]
[6561,0,100,0,1]
[15625,1125,14,9,1]
[16384,896,-43,7,1]
[4096,0,432,-13,27,0,1]
[512,-128,64,-7,8,-2,1]
[4096,-1024,-16,35,-1,-4,1]
[14641,363,133,3,1]
[4096,1280,128,5,8,5,1]
[16384,1152,55,9,1]
[729,-162,36,-29,4,-2,1]
[16384,-2816,309,-22,1]
[16384,-1664,123,-13,1]
[4096,-4096,1984,-605,124,-16,1]
[14641,363,208,3,1]
[6561,405,58,5,1]
[1024,-96,19,-3,1]
[16384,-1152,263,-9,1]
[729,324,99,16,11,4,1]
[14641,-1089,192,-9,1]
[729,0,-27,-32,-3,0,1]
[16384,2176,131,17,1]
[256,-384,320,-212,119,-53,20,-6,1]
[4096,-768,208,19,13,-3,1]
[4096,-1536,-16,75,-1,-6,1]
[16384,-384,37,-3,1]
[14641,242,-117,2,1]
[15625,-1000,159,-8,1]
[4096,1536,720,185,45,6,1]
[4096,-1280,336,-51,21,-5,1]
[2401,-343,96,-7,1]
[6561,405,71,5,1]
[16384,3328,369,26,1]
[4096,-1792,480,-117,30,-7,1]
[4096,512,-32,-81,-2,2,1]
[729,243,0,-32,0,3,1]
[2401,392,66,8,1]
[256,256,224,136,79,34,14,4,1]
[4096,-192,-45,-3,1]
[4096,384,123,6,1]
[4096,-2304,256,35,16,-9,1]
[4096,256,-64,-61,-4,1,1]
[256,320,176,48,11,12,11,5,1]
[15625,0,-59,0,1]
[16384,-1792,85,-14,1]
[256,64,48,20,31,5,3,1,1]
[4096,-512,0,-57,0,-2,1]
[512,-576,352,-143,44,-9,1]
[16384,-1664,209,-13,1]
[4096,256,352,31,22,1,1]
[16384,-2432,257,-19,1]
[512,192,88,51,11,3,1]
[256,-64,48,28,-1,7,3,-1,1]
[4096,-768,208,-117,13,-3,1]
[729,216,62,8,1]
[4096,-1024,288,-55,18,-4,1]
[256,128,64,44,29,11,4,2,1]
[256,64,48,28,-5,7,3,1,1]
[256,64,0,-12,-21,-3,0,1,1]
[4096,-1280,144,-19,9,-5,1]
[729,-162,-36,17,-4,-2,1]
[256,128,160,96,51,24,10,2,1]
[256,-128,16,8,-5,2,1,-2,1]
[14641,-2783,266,-23,1]
[4096,1536,-160,-157,-10,6,1]
[4096,1024,400,37,25,4,1]
[4096,-256,-96,-19,-6,-1,1]
[4096,-256,352,-63,22,-1,1]
[4096,-3072,1360,-413,85,-12,1]
[14641,-1936,136,-16,1]
[15625,375,-54,3,1]
[16384,768,-49,6,1]
[4096,-1024,160,-77,10,-4,1]
[4096,0,16,-93,1,0,1]
[512,-64,48,-25,6,-1,1]
[256,-64,-64,-4,25,-1,-4,-1,1]
[14641,-1815,109,-15,1]
[729,810,504,206,56,10,1]
[15625,-1125,218,-9,1]
[2401,98,97,2,1]
[6561,567,-29,7,1]
[4096,-2560,784,-193,49,-10,1]
[4096,768,80,49,5,3,1]
[4096,-1536,192,-29,12,-6,1]
[729,-324,72,-4,8,-4,1]
[15625,1250,38,10,1]
[4096,-1536,80,61,5,-6,1]
[4096,768,80,11,5,3,1]
[512,-384,240,-91,30,-6,1]
[4096,0,368,-23,23,0,1]
[14641,1694,86,14,1]
[256,128,48,-24,-17,-6,3,2,1]
[15625,3875,489,31,1]
[512,64,-16,-29,-2,1,1]
[4096,256,272,15,17,1,1]
[6561,-891,154,-11,1]
[4096,-1792,224,15,14,-7,1]
[256,-128,32,48,-27,12,2,-2,1]
[4096,256,160,-23,10,1,1]
[4096,512,528,45,33,2,1]
[4096,-768,-80,119,-5,-3,1]
[4096,2048,832,245,52,8,1]
[14641,0,94,0,1]
[15625,-750,-46,-6,1]
[16384,-2048,273,-16,1]
[14641,-1089,2,-9,1]
[256,256,64,-4,-3,-1,4,4,1]
[14641,-2662,312,-22,1]
[625,125,9,5,1]
[729,135,14,5,1]
[256,128,64,16,3,4,4,2,1]
[256,-64,128,-36,43,-9,8,-1,1]
[729,-216,55,-8,1]
[4096,1280,320,125,20,5,1]
[729,162,45,-2,5,2,1]
[625,0,-16,0,1]
[512,-256,160,-59,20,-4,1]
[729,-162,207,-35,23,-2,1]
[4096,768,-144,-51,-9,3,1]
[729,-162,-45,55,-5,-2,1]
[6561,891,178,11,1]
[4096,-1024,688,-125,43,-4,1]
[4096,-512,176,47,11,-2,1]
[729,-243,90,-46,10,-3,1]
[256,64,112,32,27,8,7,1,1]
[512,320,184,61,23,5,1]
[4096,-1024,80,49,5,-4,1]
[4096,256,64,127,4,1,1]
[256,-64,5,-4,1]
[4096,1280,272,63,17,5,1]
[256,-128,96,-24,17,-6,6,-2,1]
[4096,2816,1152,321,72,11,1]
[16384,896,137,7,1]
[512,-128,32,-19,4,-2,1]
[15625,3375,431,27,1]
[14641,-484,61,-4,1]
[256,-128,144,-80,49,-20,9,-2,1]
[4096,768,240,135,15,3,1]
[4096,-1536,752,-161,47,-6,1]
[4096,-4096,2016,-619,126,-16,1]
[2401,245,51,5,1]
[4096,2304,720,195,45,9,1]
[256,0,-16,8,-11,2,-1,0,1]
[256,192,64,0,-9,0,4,3,1]
[14641,-2904,353,-24,1]
[512,128,48,1,6,2,1]
[4096,1280,464,141,29,5,1]
[512,0,-24,7,-3,0,1]
[6561,162,97,2,1]
[15625,250,-129,2,1]
[4096,1280,368,99,23,5,1]
[4096,1280,112,-7,7,5,1]
[4096,-256,272,-23,17,-1,1]
[256,64,0,8,5,2,0,1,1]
[256,192,176,124,57,31,11,3,1]
[4096,-2560,480,-45,30,-10,1]
[14641,1815,221,15,1]
[4096,-1024,80,63,5,-4,1]
[729,-324,207,-64,23,-4,1]
[4096,2560,896,251,56,10,1]
[729,81,-9,-1,-1,1,1]
[512,-64,96,-15,12,-1,1]
[256,-64,-48,16,11,4,-3,-1,1]
[4096,-2048,816,-209,51,-8,1]
[256,-256,112,-8,-15,-2,7,-4,1]
[14641,-1210,107,-10,1]
[4096,-1024,-32,29,-2,-4,1]
[14641,726,-28,6,1]
[4096,-1792,752,-191,47,-7,1]
[4096,1024,112,-3,7,4,1]
[16384,1536,237,12,1]
[256,-64,96,-52,27,-13,6,-1,1]
[4096,1792,928,227,58,7,1]
[512,0,56,-1,7,0,1]
[4096,256,-48,-51,-3,1,1]
[4096,1280,128,11,8,5,1]
[4096,0,71,0,1]
[256,64,80,-44,-3,-11,5,1,1]
[256,-128,80,-8,1,-2,5,-2,1]
[256,-192,48,-4,3,-1,3,-3,1]
[512,384,112,21,14,6,1]
[16384,640,-31,5,1]
[512,384,160,57,20,6,1]
[4096,256,256,77,16,1,1]
[14641,-2904,315,-24,1]
[256,-64,0,0,21,0,0,-1,1]
[729,81,-45,-4,-5,1,1]
[4096,-3072,1344,-409,84,-12,1]
[15625,-1750,228,-14,1]
[729,567,189,52,21,7,1]
[4096,-2816,1104,-317,69,-11,1]
[729,162,-18,-17,-2,2,1]
[4096,-1280,528,-169,33,-5,1]
[729,-324,189,-58,21,-4,1]
[4096,1280,608,143,38,5,1]
[256,-192,128,-52,31,-13,8,-3,1]
[2401,-245,32,-5,1]
[6561,486,35,6,1]
[729,81,117,34,13,1,1]
[512,-320,160,-53,20,-5,1]
[256,320,208,96,41,24,13,5,1]
[729,324,144,53,16,4,1]
[15625,-500,-123,-4,1]
[14641,-847,103,-7,1]
[6561,162,-62,2,1]
[14641,-1331,236,-11,1]
[512,192,16,3,2,3,1]
[4096,256,464,3,29,1,1]
[4096,1280,-64,-67,-4,5,1]
[4096,256,-48,43,-3,1,1]
[4096,-1792,480,-99,30,-7,1]
[729,162,144,23,16,2,1]
[4096,768,208,85,13,3,1]
[4096,1024,-32,-23,-2,4,1]
[256,64,-16,-12,5,-3,-1,1,1]
[625,200,57,8,1]
[64,0,-13,0,1]
[15625,-3500,417,-28,1]
[4096,1536,464,131,29,6,1]
[729,324,45,5,5,4,1]
[14641,484,28,4,1]
[256,64,32,20,21,5,2,1,1]
[1024,32,-13,1,1]
[15625,250,-159,2,1]
[14641,-2420,331,-20,1]
[4096,-512,80,3,5,-2,1]
[256,256,80,-12,-17,-3,5,4,1]
[512,256,168,51,21,4,1]
[4096,1280,384,109,24,5,1]
[4096,-2816,880,-211,55,-11,1]
[4096,-1024,288,-45,18,-4,1]
[4096,256,176,11,11,1,1]
[256,192,112,64,25,16,7,3,1]
[16,0,3,0,1]
[14641,-2299,282,-19,1]
[256,-192,112,-24,15,-6,7,-3,1]
[256,64,32,-36,-17,-9,2,1,1]
[256,128,96,64,35,16,6,2,1]
[256,-192,80,-20,-3,-5,5,-3,1]
[729,-162,90,-5,10,-2,1]
[4096,512,240,51,15,2,1]
[15625,875,112,7,1]
[256,-64,192,-36,67,-9,12,-1,1]
[729,-54,-2,-2,1]
[2401,637,95,13,1]
[256,-192,96,-16,-1,-4,6,-3,1]
[256,64,16,-32,-17,-8,1,1,1]
[14641,-2299,298,-19,1]
[1024,-96,35,-3,1]
[625,25,-27,1,1]
[4096,-1280,192,-41,12,-5,1]
[4096,-1536,544,-137,34,-6,1]
[4096,256,-112,-95,-7,1,1]
[256,-64,64,-24,23,-6,4,-1,1]
[4096,768,224,15,14,3,1]
[4096,-512,480,-33,30,-2,1]
[4096,256,240,35,15,1,1]
[4096,-1280,-208,167,-13,-5,1]
[15625,750,112,6,1]
[729,324,189,68,21,4,1]
[14641,605,159,5,1]
[4096,-1280,256,-3,16,-5,1]
[256,192,64,8,5,2,4,3,1]
[15625,125,67,1,1]
[625,0,-22,0,1]
[4096,320,61,5,1]
[256,128,112,56,45,14,7,2,1]
[16384,-2944,365,-23,1]
[256,0,64,-24,1,-6,4,0,1]
[4096,-1280,128,-11,8,-5,1]
[256,-320,192,-100,55,-25,12,-5,1]
[729,891,567,230,63,11,1]
[6561,-648,34,-8,1]
[14641,-484,-49,-4,1]
[6561,-486,158,-6,1]
[256,-128,-16,-8,19,-2,-1,-2,1]
[2401,-245,48,-5,1]
[14641,1694,237,14,1]
[4096,-768,272,9,17,-3,1]
[64,-32,12,3,3,-2,1]
[4096,1792,640,203,40,7,1]
[15625,-375,136,-3,1]
[729,324,135,40,15,4,1]
[256,128,144,72,49,18,9,2,1]
[15625,-250,211,-2,1]
[256,-64,80,-56,9,-14,5,-1,1]
[4096,1792,672,219,42,7,1]
[512,0,16,-23,2,0,1]
[4096,-1024,624,-125,39,-4,1]
[512,128,112,27,14,2,1]
[4096,1792,752,169,47,7,1]
[4096,256,0,15,0,1,1]
[4096,1792,416,77,26,7,1]
[729,-648,378,-145,42,-8,1]
[256,128,96,12,13,3,6,2,1]
[729,405,207,83,23,5,1]
[256,64,-16,12,9,3,-1,1,1]
[14641,-847,60,-7,1]
[4096,-1792,496,-101,31,-7,1]
[4096,256,-96,-39,-6,1,1]
[14641,-1089,131,-9,1]
[4096,512,32,-27,2,2,1]
[4096,-2304,944,-283,59,-9,1]
[256,0,0,28,-1,7,0,0,1]
[4096,2048,608,143,38,8,1]
[14641,2662,322,22,1]
[256,-128,96,-24,11,-6,6,-2,1]
[4096,1024,608,91,38,4,1]
[256,-64,64,0,9,0,4,-1,1]
[15625,1000,104,8,1]
[14641,1089,71,9,1]
[256,192,128,68,35,17,8,3,1]
[6561,1134,182,14,1]
[121,-21,1]
[625,175,38,7,1]
[16384,2432,209,19,1]
[15625,2750,246,22,1]
[256,128,32,8,-7,2,2,2,1]
[15625,3625,436,29,1]
[256,-192,128,-84,43,-21,8,-3,1]
[256,-256,160,-96,59,-24,10,-4,1]
[4096,1536,-144,-149,-9,6,1]
[729,-81,99,-25,11,-1,1]
[16384,-2304,207,-18,1]
[256,-256,128,-36,7,-9,8,-4,1]
[4096,-2048,656,-183,41,-8,1]
[256,128,80,8,7,2,5,2,1]
[4096,1024,96,29,6,4,1]
[4096,-1280,768,-157,48,-5,1]
[256,256,176,120,73,30,11,4,1]
[512,-128,40,-25,5,-2,1]
[256,0,64,-28,13,-7,4,0,1]
[256,16,11,1,1]
[15625,500,162,4,1]
[4096,0,240,-41,15,0,1]
[6561,-1377,161,-17,1]
[15625,2750,274,22,1]
[16384,1536,57,12,1]
[4096,512,224,89,14,2,1]
[4096,-1536,704,-161,44,-6,1]
[15625,-2250,282,-18,1]
[256,-64,32,-24,25,-6,2,-1,1]
[4096,768,336,77,21,3,1]
[729,-81,-9,-14,-1,-1,1]
[729,-243,9,-4,1,-3,1]
[729,-162,0,17,0,-2,1]
[4096,2304,1072,295,67,9,1]
[256,-192,80,-24,17,-6,5,-3,1]
[4096,128,63,2,1]
[729,0,9,-4,1,0,1]
[14641,-1936,226,-16,1]
[4096,-448,77,-7,1]
[14641,-605,-46,-5,1]
[256,-128,0,-20,21,-5,0,-2,1]
[15625,1750,212,14,1]
[256,64,144,12,39,3,9,1,1]
[4096,0,400,17,25,0,1]
[16384,-2432,307,-19,1]
[14641,2178,273,18,1]
[256,64,0,16,25,4,0,1,1]
[512,192,48,9,6,3,1]
[2401,-735,131,-15,1]
[6561,243,158,3,1]
[256,256,96,20,5,5,6,4,1]
[4096,1024,128,-11,8,4,1]
[4096,-1280,208,-13,13,-5,1]
[4096,768,400,21,25,3,1]
[256,-128,80,-40,27,-10,5,-2,1]
[256,-64,80,-36,31,-9,5,-1,1]
[15625,0,154,0,1]
[729,-405,216,-76,24,-5,1]
[6561,405,125,5,1]
[4096,2560,1088,321,68,10,1]
[256,-256,64,20,-17,5,4,-4,1]
[729,81,45,35,5,1,1]
[16384,1536,199,12,1]
[256,-256,96,8,-17,2,6,-4,1]
[4096,256,96,-43,6,1,1]
[4096,-3072,1184,-329,74,-12,1]
[729,-405,81,-14,9,-5,1]
[256,-64,-16,-20,27,-5,-1,-1,1]
[15625,1875,112,15,1]
[4096,2048,320,15,20,8,1]
[512,384,224,87,28,6,1]
[4096,768,336,25,21,3,1]
[256,128,112,48,43,12,7,2,1]
[15625,1125,192,9,1]
[4096,-3072,1312,-379,82,-12,1]
[729,-243,189,-38,21,-3,1]
[14641,2178,309,18,1]
[4096,1536,560,145,35,6,1]
[729,405,108,28,12,5,1]
[15625,-875,-29,-7,1]
[256,64,16,-4,-25,-1,1,1,1]
[14641,-1089,128,-9,1]
[256,64,160,20,49,5,10,1,1]
[4096,2048,880,227,55,8,1]
[729,567,270,106,30,7,1]
[4096,-1536,-48,109,-3,-6,1]
[16384,-1664,57,-13,1]
[256,-256,64,44,-41,11,4,-4,1]
[4096,-256,-32,-59,-2,-1,1]
[512,192,120,37,15,3,1]
[729,-324,171,-49,19,-4,1]
[256,0,0,32,1,8,0,0,1]
[729,-162,90,-50,10,-2,1]
[4096,2816,1120,325,70,11,1]
[256,0,16,-20,-3,-5,1,0,1]
[4096,-256,528,-23,33,-1,1]
[4096,1024,-128,-87,-8,4,1]
[256,-256,160,-108,65,-27,10,-4,1]
[14641,-2057,150,-17,1]
[729,243,99,40,11,3,1]
[16384,3712,411,29,1]
[4096,1536,400,125,25,6,1]
[4096,1280,640,113,40,5,1]
[4096,-704,67,-11,1]
[4096,-1536,672,-185,42,-6,1]
[14641,-121,160,-1,1]
[14641,1210,180,10,1]
[729,-243,180,-55,20,-3,1]
[256,0,-16,-16,17,-4,-1,0,1]
[256,-128,144,-76,43,-19,9,-2,1]
[256,64,112,48,33,12,7,1,1]
[16384,-1152,201,-9,1]
[4096,1280,256,39,16,5,1]
[64,48,32,11,8,3,1]
[256,0,16,-40,3,-10,1,0,1]
[15625,-1375,272,-11,1]
[16384,-768,41,-6,1]
[14641,2178,244,18,1]
[14641,0,-158,0,1]
[15625,0,-133,0,1]
[256,-64,16,4,11,1,1,-1,1]
[4096,1024,32,-43,2,4,1]
[15625,-1125,182,-9,1]
[15625,-1000,162,-8,1]
[4096,-1536,784,-179,49,-6,1]
[15625,1625,129,13,1]
[6561,405,-52,5,1]
[6561,-810,139,-10,1]
[4096,512,480,81,30,2,1]
[512,384,120,25,15,6,1]
[4096,-1280,112,33,7,-5,1]
[4096,1216,179,19,1]
[1024,-32,23,-1,1]
[15625,2000,234,16,1]
[4096,-768,48,-5,3,-3,1]
[14641,1210,148,10,1]
[4096,1280,336,77,21,5,1]
[729,-216,49,-8,1]
[256,256,128,88,59,22,8,4,1]
[4096,-1280,736,-145,46,-5,1]
[6561,-324,25,-4,1]
[256,128,-96,-32,17,-8,-6,2,1]
[256,-128,128,-76,43,-19,8,-2,1]
[4096,-512,720,-63,45,-2,1]
[256,0,48,36,1,9,3,0,1]
[16384,512,19,4,1]
[4096,2048,992,253,62,8,1]
[14641,2420,200,20,1]
[256,192,128,36,15,9,8,3,1]
[4096,-1024,144,-9,9,-4,1]
[4096,512,384,5,24,2,1]
[4096,-1280,288,-59,18,-5,1]
[256,192,128,92,45,23,8,3,1]
[14641,-2057,243,-17,1]
[729,162,72,-7,8,2,1]
[4096,-256,64,-15,4,-1,1]
[6561,648,152,8,1]
[4096,512,208,103,13,2,1]
[4096,256,304,43,19,1,1]
[4096,-1280,-48,71,-3,-5,1]
[729,324,72,7,8,4,1]
[256,0,64,24,1,6,4,0,1]
[4096,-832,85,-13,1]
[4096,1280,-32,-93,-2,5,1]
[4096,-512,480,-21,30,-2,1]
[256,-256,192,-116,67,-29,12,-4,1]
[2401,343,108,7,1]
[64,-8,-7,-1,1]
[16384,2688,225,21,1]
[512,128,0,-29,0,2,1]
[512,192,32,15,4,3,1]
[512,0,0,25,0,0,1]
[4096,1024,288,47,18,4,1]
[14641,726,126,6,1]
[16384,-384,123,-3,1]
[14641,121,-135,1,1]
[729,162,45,-14,5,2,1]
[729,243,-27,-46,-3,3,1]
[4096,-1280,528,-111,33,-5,1]
[4096,0,160,-75,10,0,1]
[729,-81,0,-1,0,-1,1]
[15625,-1375,141,-11,1]
[6561,-486,152,-6,1]
[6561,-972,155,-12,1]
[14641,2420,224,20,1]
[512,64,16,-13,2,1,1]
[256,256,240,164,85,41,15,4,1]
[81,-18,7,-2,1]
[14641,-1694,269,-14,1]
[14641,847,62,7,1]
[4096,2048,192,-41,12,8,1]
[4096,512,544,77,34,2,1]
[512,128,112,11,14,2,1]
[9,-2,1]
[16384,-1536,107,-12,1]
[4096,2048,704,165,44,8,1]
[15625,-250,36,-2,1]
[15625,-625,207,-5,1]
[4096,1536,704,183,44,6,1]
[729,243,72,-4,8,3,1]
[2401,833,146,17,1]
[729,-162,-36,50,-4,-2,1]
[4096,1536,480,129,30,6,1]
[15625,-2875,307,-23,1]
[2401,343,27,7,1]
[729,27,41,1,1]
[729,243,117,26,13,3,1]
[256,-128,64,-44,23,-11,4,-2,1]
[15625,-1250,-1,-10,1]
[256,-128,64,-36,7,-9,4,-2,1]
[729,162,180,32,20,2,1]
[16384,384,-177,3,1]
[4096,2048,96,-87,6,8,1]
[4096,512,384,63,24,2,1]
[256,-64,80,16,13,4,5,-1,1]
[256,-192,144,-92,49,-23,9,-3,1]
[6561,-162,112,-2,1]
[4096,-256,256,-31,16,-1,1]
[256,192,32,-44,-39,-11,2,3,1]
[14641,726,-86,6,1]
[4096,256,592,15,37,1,1]
[4096,0,93,0,1]
[1024,-480,117,-15,1]
[4096,-256,240,3,15,-1,1]
[4096,-1792,640,-189,40,-7,1]
[15625,2125,272,17,1]
[4096,-3840,1920,-589,120,-15,1]
[512,-192,72,-11,9,-3,1]
[4096,256,-16,19,-1,1,1]
[256,-192,-32,36,-3,9,-2,-3,1]
[256,-192,64,20,-19,5,4,-3,1]
[15625,-2000,257,-16,1]
[4096,1792,672,221,42,7,1]
[256,-64,-16,28,1,7,-1,-1,1]
[4096,0,-32,-11,-2,0,1]
[14641,-363,-169,-3,1]
[256,-128,112,-56,39,-14,7,-2,1]
[6561,-1863,259,-23,1]
[4096,1024,288,113,18,4,1]
[512,64,-8,1,-1,1,1]
[256,-256,128,-44,13,-11,8,-4,1]
[729,81,7,3,1]
[4096,2560,1120,331,70,10,1]
[15625,0,-202,0,1]
[4096,-1280,-176,129,-11,-5,1]
[4096,256,48,49,3,1,1]
[2401,-343,64,-7,1]
[256,-192,112,-68,39,-17,7,-3,1]
[4096,512,97,8,1]
[4096,-256,-64,-35,-4,-1,1]
[4096,768,320,129,20,3,1]
[14641,1331,131,11,1]
[729,-81,135,-29,15,-1,1]
[4096,256,304,75,19,1,1]
[15625,-250,99,-2,1]
[4096,768,-16,15,-1,3,1]
[6561,567,80,7,1]
[4096,256,-192,-57,-12,1,1]
[4096,512,-160,-17,-10,2,1]
[729,-81,-27,4,-3,-1,1]
[4096,-1024,-224,131,-14,-4,1]
[4096,0,32,-81,2,0,1]
[4096,2048,864,237,54,8,1]
[256,-64,64,12,5,3,4,-1,1]
[15625,-2750,259,-22,1]
[256,192,96,36,9,9,6,3,1]
[729,324,90,17,10,4,1]
[729,-324,54,11,6,-4,1]
[256,192,32,0,5,0,2,3,1]
[729,-81,117,-19,13,-1,1]
[512,-128,128,-31,16,-2,1]
[14641,-363,-2,-3,1]
[729,324,135,32,15,4,1]
[512,64,24,43,3,1,1]
[4096,-1792,672,-213,42,-7,1]
[4096,2048,448,83,28,8,1]
[256,64,32,40,15,10,2,1,1]
[4096,1280,96,-5,6,5,1]
[6561,-1215,193,-15,1]
[4096,-1024,16,-7,1,-4,1]
[4096,-1792,384,-89,24,-7,1]
[4096,0,160,39,10,0,1]
[14641,0,79,0,1]
[4096,1536,624,159,39,6,1]
[4096,1536,304,57,19,6,1]
[4096,-512,224,-57,14,-2,1]
[4096,-1280,96,-13,6,-5,1]
[4096,1664,289,26,1]
[15625,500,-149,4,1]
[16,-20,13,-5,1]
[15625,-500,-122,-4,1]
[4096,-768,32,23,2,-3,1]
[14641,-363,170,-3,1]
[14641,-3509,408,-29,1]
[2401,-49,18,-1,1]
[4096,-256,-64,-49,-4,-1,1]
[14641,-242,62,-2,1]
[121,-4,1]
[4096,2048,624,171,39,8,1]
[15625,-2250,251,-18,1]
[4096,1792,-144,-171,-9,7,1]
[16384,-256,147,-2,1]
[729,-81,27,1,3,-1,1]
[14641,3146,409,26,1]
[16384,128,135,1,1]
[14641,-1694,144,-14,1]
[14641,242,-57,2,1]
[256,-128,144,-72,45,-18,9,-2,1]
[4096,-2048,544,-113,34,-8,1]
[256,-384,368,-256,143,-64,23,-6,1]
[15625,4125,522,33,1]
[4096,2304,416,47,26,9,1]
[256,192,160,72,45,18,10,3,1]
[14641,1694,97,14,1]
[256,256,80,20,13,5,5,4,1]
[14641,-2299,185,-19,1]
[4096,1024,192,33,12,4,1]
[6561,243,104,3,1]
[4096,0,592,-9,37,0,1]
[16384,1152,1,9,1]
[256,192,48,0,-3,0,3,3,1]
[4096,1536,448,145,28,6,1]
[512,0,24,17,3,0,1]
[729,-81,63,-32,7,-1,1]
[256,0,112,12,29,3,7,0,1]
[256,192,144,80,39,20,9,3,1]
[4096,512,288,21,18,2,1]
[4096,-512,368,-29,23,-2,1]
[4096,-512,416,-33,26,-2,1]
[4096,1024,192,67,12,4,1]
[4096,0,64,57,4,0,1]
[15625,-2375,311,-19,1]
[256,-448,352,-172,77,-43,22,-7,1]
[6561,-1539,229,-19,1]
[512,64,104,17,13,1,1]
[2401,-245,52,-5,1]
[256,-64,128,-36,35,-9,8,-1,1]
[4096,2048,656,197,41,8,1]
[4096,448,121,7,1]
[256,-320,176,-52,15,-13,11,-5,1]
[4096,-1280,176,13,11,-5,1]
[16384,1792,227,14,1]
[4096,-512,208,-109,13,-2,1]
[4096,-1280,496,-139,31,-5,1]
[16384,-896,201,-7,1]
[4096,768,64,-11,4,3,1]
[16384,-384,211,-3,1]
[14641,-4114,523,-34,1]
[14641,1331,67,11,1]
[4096,-1024,400,-117,25,-4,1]
[16384,-640,-129,-5,1]
[6561,243,64,3,1]
[16384,-256,207,-2,1]
[4096,-256,496,-13,31,-1,1]
[15625,-1125,262,-9,1]
[729,-162,162,-34,18,-2,1]
[4096,-1024,384,-71,24,-4,1]
[256,0,128,-24,35,-6,8,0,1]
[256,-64,80,-12,11,-3,5,-1,1]
[4096,1024,336,27,21,4,1]
[4096,-1280,720,-143,45,-5,1]
[16384,-256,35,-2,1]
[4096,512,96,-23,6,2,1]
[256,-192,64,-12,-3,-3,4,-3,1]
[15625,-2750,351,-22,1]
[4096,-512,320,-61,20,-2,1]
[256,-128,48,-8,-15,-2,3,-2,1]
[16384,-2432,183,-19,1]
[4096,1024,384,115,24,4,1]
[625,0,-41,0,1]
[14641,-1089,108,-9,1]
[15625,-125,141,-1,1]
[4096,-256,240,-51,15,-1,1]
[4096,-256,256,19,16,-1,1]
[16384,-3840,449,-30,1]
[4096,512,160,5,10,2,1]
[4096,-832,91,-13,1]
[6561,-405,142,-5,1]
[2401,441,59,9,1]
[16384,-1536,249,-12,1]
[256,128,96,16,17,4,6,2,1]
[15625,1375,204,11,1]
[14641,-726,200,-6,1]
[729,0,-18,-29,-2,0,1]
[729,162,135,44,15,2,1]
[4096,1536,208,-7,13,6,1]
[4096,-256,-176,63,-11,-1,1]
[256,-128,48,12,-1,3,3,-2,1]
[256,-192,80,-32,19,-8,5,-3,1]
[256,0,32,-12,-7,-3,2,0,1]
[729,-243,117,-26,13,-3,1]
[256,128,32,-24,-23,-6,2,2,1]
[15625,1250,4,10,1]
[729,-405,225,-65,25,-5,1]
[15625,1250,197,10,1]
[4096,-1024,16,13,1,-4,1]
[14641,726,201,6,1]
[729,0,-27,-19,-3,0,1]
[4096,-2304,976,-285,61,-9,1]
[256,-64,64,44,-9,11,4,-1,1]
[256,320,112,-68,-71,-17,7,5,1]
[512,64,-8,17,-1,1,1]
[14641,-1936,119,-16,1]
[14641,-1089,49,-9,1]
[256,64,-32,-16,3,-4,-2,1,1]
[729,-162,27,-13,3,-2,1]
[4096,768,128,21,8,3,1]
[16384,1536,69,12,1]
[256,-128,128,-20,25,-5,8,-2,1]
[2401,49,-61,1,1]
[4096,-768,-16,-9,-1,-3,1]
[512,-320,152,-65,19,-5,1]
[4096,-1536,560,-165,35,-6,1]
[4096,512,64,15,4,2,1]
[14641,1331,105,11,1]
[256,-128,128,-28,25,-7,8,-2,1]
[256,-256,80,8,-13,2,5,-4,1]
[4096,1024,320,75,20,4,1]
[625,-175,49,-7,1]
[625,-250,74,-10,1]
[512,-768,560,-249,70,-12,1]
[4096,-768,32,39,2,-3,1]
[4096,768,112,55,7,3,1]
[256,0,-32,-4,-9,-1,-2,0,1]
[4096,0,96,-1,6,0,1]
[2401,147,78,3,1]
[4096,-768,144,-89,9,-3,1]
[4096,-2304,480,-75,30,-9,1]
[14641,3146,361,26,1]
[729,-243,36,-7,4,-3,1]
[4096,1792,784,197,49,7,1]
[14641,1936,273,16,1]
[4096,1024,304,45,19,4,1]
[729,81,108,14,12,1,1]
[256,192,160,84,51,21,10,3,1]
[512,64,0,-5,0,1,1]
[512,256,40,9,5,4,1]
[14641,3267,354,27,1]
[15625,0,-131,0,1]
[729,81,18,40,2,1,1]
[6561,162,17,2,1]
[6561,1458,232,18,1]
[256,0,96,44,13,11,6,0,1]
[256,0,64,-4,11,-1,4,0,1]
[256,0,32,-4,23,-1,2,0,1]
[4096,1536,672,171,42,6,1]
[256,0,64,-40,5,-10,4,0,1]
[16384,256,247,2,1]
[256,128,32,20,21,5,2,2,1]
[4096,1024,192,39,12,4,1]
[6561,486,-38,6,1]
[14641,-1452,24,-12,1]
[4096,1536,464,155,29,6,1]
[4096,-1280,48,51,3,-5,1]
[14641,-121,174,-1,1]
[2401,-49,-5,-1,1]
[4096,256,144,-49,9,1,1]
[14641,2178,311,18,1]
[4096,0,624,-9,39,0,1]
[256,64,80,12,13,3,5,1,1]
[4096,-512,192,-45,12,-2,1]
[256,192,96,12,-3,3,6,3,1]
[256,-192,208,-112,77,-28,13,-3,1]
[1024,-224,43,-7,1]
[15625,-125,139,-1,1]
[256,-128,32,4,-7,1,2,-2,1]
[14641,847,49,7,1]
[15625,-125,-13,-1,1]
[256,-320,224,-120,59,-30,14,-5,1]
[15625,-2875,351,-23,1]
[6561,567,20,7,1]
[256,-64,0,-4,7,-1,0,-1,1]
[729,81,135,19,15,1,1]
[4096,-512,240,-75,15,-2,1]
[512,192,-48,-45,-6,3,1]
[4096,2560,768,181,48,10,1]
[4096,-512,496,-43,31,-2,1]
[4096,256,304,57,19,1,1]
[15625,1375,79,11,1]
[4096,-768,320,-59,20,-3,1]
[15625,-625,143,-5,1]
[256,128,80,52,41,13,5,2,1]
[729,243,-54,-62,-6,3,1]
[4096,-1024,128,-37,8,-4,1]
[729,324,144,41,16,4,1]
[4096,256,304,7,19,1,1]
[64,-16,28,-3,7,-1,1]
[4096,1024,272,27,17,4,1]
[2401,-147,-51,-3,1]
[4096,-1536,448,-113,28,-6,1]
[6561,891,131,11,1]
[4096,0,-16,97,-1,0,1]
[6561,0,-155,0,1]
[2401,0,-26,0,1]
[2401,49,71,1,1]
[256,0,0,16,3,4,0,0,1]
[4096,3328,1472,431,92,13,1]
[256,-128,32,-40,25,-10,2,-2,1]
[4096,512,-64,-89,-4,2,1]
[14641,121,-122,1,1]
[4096,-256,624,-39,39,-1,1]
[15625,1750,108,14,1]
[14641,-1573,136,-13,1]
[729,-648,333,-131,37,-8,1]
[256,-64,-112,0,45,0,-7,-1,1]
[256,-64,64,-16,7,-4,4,-1,1]
[4096,-1280,80,19,5,-5,1]
[14641,121,210,1,1]
[729,405,198,82,22,5,1]
[4096,1280,544,147,34,5,1]
[256,-64,48,12,-7,3,3,-1,1]
[14641,-968,-3,-8,1]
[14641,1210,-5,10,1]
[4096,768,240,21,15,3,1]
[256,128,80,8,13,2,5,2,1]
[256,-128,-16,12,-3,3,-1,-2,1]
[4096,-2304,832,-219,52,-9,1]
[256,128,0,-36,-19,-9,0,2,1]
[16384,512,-153,4,1]
[4096,768,-80,-25,-5,3,1]
[6561,1215,145,15,1]
[512,192,64,13,8,3,1]
[15625,1375,251,11,1]
[15625,-1875,306,-15,1]
[256,-256,144,-96,61,-24,9,-4,1]
[16384,-1152,49,-9,1]
[4096,-1024,512,-119,32,-4,1]
[4096,1536,-128,-151,-8,6,1]
[4096,0,96,55,6,0,1]
[15625,625,-81,5,1]
[4096,1024,-128,-99,-8,4,1]
[14641,-242,199,-2,1]
[81,-27,11,-3,1]
[625,125,31,5,1]
[4096,2304,720,169,45,9,1]
[4096,0,176,67,11,0,1]
[4096,1280,112,-37,7,5,1]
[4096,0,48,73,3,0,1]
[6561,-891,157,-11,1]
[4096,1024,192,45,12,4,1]
[4096,-256,192,63,12,-1,1]
[4096,512,64,-51,4,2,1]
[4096,-2304,864,-249,54,-9,1]
[15625,-1250,176,-10,1]
[4096,-192,-17,-3,1]
[15625,2750,352,22,1]
[14641,242,61,2,1]
[512,-256,16,25,2,-4,1]
[256,-256,192,-96,53,-24,12,-4,1]
[4096,-1024,464,-95,29,-4,1]
[512,192,80,27,10,3,1]
[729,-162,63,-11,7,-2,1]
[4096,1536,496,99,31,6,1]
[4096,-1792,64,83,4,-7,1]
[256,-64,-32,-20,23,-5,-2,-1,1]
[4096,-2048,512,-123,32,-8,1]
[15625,2250,272,18,1]
[4096,-256,336,-63,21,-1,1]
[6561,81,44,1,1]
[4096,0,-16,37,-1,0,1]
[4096,-768,304,-83,19,-3,1]
[14641,-3267,368,-27,1]
[15625,-125,-224,-1,1]
[256,0,0,-8,21,-2,0,0,1]
[4096,2560,1024,275,64,10,1]
[15625,-375,-59,-3,1]
[729,162,0,17,0,2,1]
[256,0,0,0,27,0,0,0,1]
[1024,192,9,6,1]
[4096,832,115,13,1]
[4096,0,-48,-57,-3,0,1]
[15625,2500,242,20,1]
[2401,98,58,2,1]
[14641,-484,128,-4,1]
[4096,-768,128,-27,8,-3,1]
[4096,-1024,576,-115,36,-4,1]
[512,384,200,81,25,6,1]
[512,-256,24,3,3,-4,1]
[256,256,160,76,41,19,10,4,1]
[15625,-1875,252,-15,1]
[512,128,160,27,20,2,1]
[4096,2048,1024,261,64,8,1]
[256,-192,80,-40,21,-10,5,-3,1]
[16384,2560,339,20,1]
[512,192,128,45,16,3,1]
[729,405,279,86,31,5,1]
[729,-81,-27,43,-3,-1,1]
[4096,512,320,39,20,2,1]
[14641,605,-128,5,1]
[729,108,41,4,1]
[256,-320,272,-184,101,-46,17,-5,1]
[14641,726,-94,6,1]
[14641,-968,-28,-8,1]
[256,0,-16,-4,25,-1,-1,0,1]
[4096,-3072,1344,-399,84,-12,1]
[256,0,-48,-8,21,-2,-3,0,1]
[14641,1452,268,12,1]
[4096,512,176,15,11,2,1]
[14641,-363,102,-3,1]
[16384,256,133,2,1]
[16384,768,-113,6,1]
[256,128,64,8,3,2,4,2,1]
[15625,-1375,234,-11,1]
[4096,0,32,-75,2,0,1]
[1024,32,-47,1,1]
[256,0,-80,8,25,2,-5,0,1]
[256,128,32,16,7,4,2,2,1]
[4096,-1024,16,65,1,-4,1]
[14641,-2057,241,-17,1]
[256,0,-96,-4,37,-1,-6,0,1]
[4096,-1536,224,-15,14,-6,1]
[2401,147,59,3,1]
[4096,2560,400,7,25,10,1]
[15625,1875,143,15,1]
[729,0,63,7,7,0,1]
[4096,256,80,57,5,1,1]
[64,0,4,11,1,0,1]
[4096,-1024,352,-101,22,-4,1]
[15625,-3250,369,-26,1]
[512,-320,136,-37,17,-5,1]
[15625,1625,59,13,1]
[4096,1024,-80,-99,-5,4,1]
[256,-128,96,-40,33,-10,6,-2,1]
[15625,1625,186,13,1]
[14641,-1452,167,-12,1]
[256,256,160,68,35,17,10,4,1]
[15625,500,208,4,1]
[4096,-512,112,-97,7,-2,1]
[4096,256,-80,25,-5,1,1]
[729,0,-36,28,-4,0,1]
[15625,-1000,14,-8,1]
[4096,64,33,1,1]
[4096,-1024,-176,119,-11,-4,1]
[256,-64,64,-36,15,-9,4,-1,1]
[729,81,72,-14,8,1,1]
[16384,384,-167,3,1]
[4096,768,160,57,10,3,1]
[729,-108,5,-4,1]
[256,-128,0,32,-27,8,0,-2,1]
[256,192,64,4,-1,1,4,3,1]
[729,81,72,2,8,1,1]
[4096,768,224,51,14,3,1]
[4096,2816,928,239,58,11,1]
[4096,-768,112,-59,7,-3,1]
[4096,1024,352,97,22,4,1]
[729,1053,738,310,82,13,1]
[4096,-256,336,-37,21,-1,1]
[4096,-1280,384,-99,24,-5,1]
[625,125,54,5,1]
[4096,1280,128,-35,8,5,1]
[64,48,48,21,12,3,1]
[6561,162,130,2,1]
[4096,832,119,13,1]
[4096,-1280,208,15,13,-5,1]
[14641,-242,-197,-2,1]
[15625,1375,161,11,1]
[256,128,112,48,27,12,7,2,1]
[15625,2500,318,20,1]
[4096,-1280,432,-93,27,-5,1]
[4096,512,208,-17,13,2,1]
[4096,-768,-96,115,-6,-3,1]
[256,-64,32,-32,25,-8,2,-1,1]
[4096,512,-32,-11,-2,2,1]
[15625,4000,488,32,1]
[4096,-1280,448,-167,28,-5,1]
[14641,-3267,354,-27,1]
[625,-250,67,-10,1]
[4096,256,416,25,26,1,1]
[14641,2541,291,21,1]
[15625,1000,156,8,1]
[15625,-625,159,-5,1]
[4096,-1792,432,-99,27,-7,1]
[4096,1024,400,135,25,4,1]
[4096,0,80,-99,5,0,1]
[15625,2125,318,17,1]
[4096,1280,80,-5,5,5,1]
[4096,256,101,4,1]
[15625,-500,-114,-4,1]
[16384,2432,245,19,1]
[729,-405,207,-74,23,-5,1]
[256,0,-64,16,23,4,-4,0,1]
[4096,1024,512,109,32,4,1]
[256,-256,112,-12,-11,-3,7,-4,1]
[4096,-1792,16,103,1,-7,1]
[729,-216,53,-8,1]
[256,-64,48,-40,15,-10,3,-1,1]
[16384,-1024,-71,-8,1]
[14641,-968,13,-8,1]
[4096,768,48,39,3,3,1]
[4096,448,123,7,1]
[14641,242,-18,2,1]
[2401,-735,144,-15,1]
[256,-64,48,-36,19,-9,3,-1,1]
[16384,640,-27,5,1]
[625,75,-8,3,1]
[14641,-3993,491,-33,1]
[4096,2048,896,251,56,8,1]
[6561,-1134,100,-14,1]
[256,64,-48,-4,25,-1,-3,1,1]
[14641,-726,156,-6,1]
[4096,-768,464,-69,29,-3,1]
[729,405,234,88,26,5,1]
[16384,256,-39,2,1]
[15625,125,18,1,1]
[16384,1664,81,13,1]
[512,-256,-40,49,-5,-4,1]
[256,-128,64,36,-19,9,4,-2,1]
[256,-128,16,-40,33,-10,1,-2,1]
[256,64,-16,20,17,5,-1,1,1]
[4096,-512,-80,67,-5,-2,1]
[4096,-256,-96,83,-6,-1,1]
[14641,0,-31,0,1]
[256,128,96,48,17,12,6,2,1]
[14641,121,-166,1,1]
[729,324,-9,-29,-1,4,1]
[6561,-1215,118,-15,1]
[256,128,80,40,21,10,5,2,1]
[14641,363,72,3,1]
[256,64,-16,8,9,2,-1,1,1]
[16384,-256,19,-2,1]
[256,-192,80,0,-9,0,5,-3,1]
[16384,512,-115,4,1]
[4096,0,96,-17,6,0,1]
[4096,-1792,352,-39,22,-7,1]
[15625,2875,293,23,1]
[6561,405,88,5,1]
[15625,-1500,259,-12,1]
[14641,4114,509,34,1]
[4096,256,496,37,31,1,1]
[729,-162,153,-26,17,-2,1]
[729,405,153,44,17,5,1]
[4096,1152,179,18,1]
[4096,-2560,1072,-291,67,-10,1]
[14641,-605,-89,-5,1]
[4096,-512,432,-17,27,-2,1]
[625,0,-37,0,1]
[256,-64,64,16,3,4,4,-1,1]
[729,-81,45,8,5,-1,1]
[4096,256,320,39,20,1,1]
[6561,-324,101,-4,1]
[4096,2048,832,215,52,8,1]
[15625,-375,219,-3,1]
[2401,-539,69,-11,1]
[4096,768,432,83,27,3,1]
[4096,-1792,560,-127,35,-7,1]
[512,-128,40,-7,5,-2,1]
[4096,-256,-160,37,-10,-1,1]
[14641,121,1,1,1]
[256,64,144,40,47,10,9,1,1]
[15625,2000,129,16,1]
[16384,2176,243,17,1]
[14641,-363,-148,-3,1]
[256,192,48,-32,-39,-8,3,3,1]
[512,-192,96,-17,12,-3,1]
[15625,-750,141,-6,1]
[729,-81,27,-4,3,-1,1]
[256,-192,144,-76,41,-19,9,-3,1]
[4096,-1024,-16,67,-1,-4,1]
[4096,384,33,6,1]
[16384,-768,135,-6,1]
[15625,1000,253,8,1]
[4096,-2048,608,-145,38,-8,1]
[16384,1792,239,14,1]
[14641,2420,221,20,1]
[4096,256,-80,-119,-5,1,1]
[15625,-1375,223,-11,1]
[2401,-49,19,-1,1]
[4096,-768,288,-29,18,-3,1]
[4096,-768,176,-85,11,-3,1]
[14641,2783,313,23,1]
[2401,49,6,1,1]
[14641,-1452,144,-12,1]
[4096,-256,-224,33,-14,-1,1]
[4096,-1024,480,-89,30,-4,1]
[4096,1024,528,73,33,4,1]
[15625,1375,12,11,1]
[4096,2048,480,95,30,8,1]
[4096,-1280,224,-3,14,-5,1]
[729,-189,59,-7,1]
[729,405,243,82,27,5,1]
[4096,512,-48,-59,-3,2,1]
[14641,484,238,4,1]
[729,243,90,26,10,3,1]
[4096,-2048,400,-57,25,-8,1]
[4096,-3328,1440,-417,90,-13,1]
[15625,2375,204,19,1]
[729,243,198,43,22,3,1]
[4096,192,-47,3,1]
[729,-405,162,-61,18,-5,1]
[16384,-128,35,-1,1]
[16384,896,151,7,1]
[4096,256,176,85,11,1,1]
[16384,-1408,215,-11,1]
[256,-448,400,-244,125,-61,25,-7,1]
[15625,1500,68,12,1]
[256,0,48,-24,9,-6,3,0,1]
[4096,-256,-128,61,-8,-1,1]
[6561,-1215,166,-15,1]
[729,-243,54,-2,6,-3,1]
[14641,-2904,316,-24,1]
[14641,-484,102,-4,1]
[4096,1792,384,47,24,7,1]
[256,128,80,68,33,17,5,2,1]
[81,-27,4,-3,1]
[4096,1280,32,-47,2,5,1]
[4096,256,224,33,14,1,1]
[4096,1024,432,141,27,4,1]
[14641,1573,282,13,1]
[4096,1536,656,151,41,6,1]
[729,-243,36,11,4,-3,1]
[4096,1024,496,85,31,4,1]
[512,-448,208,-77,26,-7,1]
[256,320,160,20,-7,5,10,5,1]
[15625,-500,-12,-4,1]
[256,64,144,32,49,8,9,1,1]
[256,192,128,88,41,22,8,3,1]
[6561,1296,206,16,1]
[4096,768,528,71,33,3,1]
[4096,-512,-112,111,-7,-2,1]
[4096,3328,1360,387,85,13,1]
[4096,-512,16,53,1,-2,1]
[6561,-729,134,-9,1]
[256,192,64,-16,-15,-4,4,3,1]
[4096,-1536,432,-83,27,-6,1]
[64,0,-12,1,-3,0,1]
[256,192,-16,-36,-11,-9,-1,3,1]
[4096,-4608,2400,-751,150,-18,1]
[14641,-1210,47,-10,1]
[729,-405,162,-40,18,-5,1]
[512,-448,144,-35,18,-7,1]
[16384,-128,67,-1,1]
[14641,726,144,6,1]
[729,27,50,1,1]
[4096,-1024,608,-107,38,-4,1]
[14641,-2662,326,-22,1]
[4096,1280,560,141,35,5,1]
[625,-75,13,-3,1]
[4096,1280,480,115,30,5,1]
[256,64,16,-4,-13,-1,1,1,1]
[256,-64,-32,8,-7,2,-2,-1,1]
[256,-64,64,-16,1,-4,4,-1,1]
[16384,-2304,305,-18,1]
[4096,-1536,336,-67,21,-6,1]
[16384,1408,211,11,1]
[6561,-405,-5,-5,1]
[15625,-750,213,-6,1]
[256,-256,176,-72,33,-18,11,-4,1]
[4096,-1792,384,-57,24,-7,1]
[4096,-256,512,-31,32,-1,1]
[14641,2299,182,19,1]
[256,128,64,28,13,7,4,2,1]
[4096,-512,320,-75,20,-2,1]
[512,256,96,23,12,4,1]
[4096,3328,1504,453,94,13,1]
[14641,605,-76,5,1]
[15625,1000,6,8,1]
[256,-64,80,-24,37,-6,5,-1,1]
[4096,-512,592,-55,37,-2,1]
[4096,0,208,-19,13,0,1]
[15625,-625,206,-5,1]
[512,128,48,45,6,2,1]
[729,-324,117,-47,13,-4,1]
[16384,3200,317,25,1]
[15625,1250,131,10,1]
[256,0,112,-20,31,-5,7,0,1]
[256,128,32,16,9,4,2,2,1]
[256,0,-32,12,11,3,-2,0,1]
[729,0,-9,16,-1,0,1]
[4096,0,368,-43,23,0,1]
[2401,637,110,13,1]
[4096,-512,256,-89,16,-2,1]
[256,-64,112,-36,39,-9,7,-1,1]
[256,192,48,-8,-15,-2,3,3,1]
[4096,1536,320,75,20,6,1]
[256,0,32,-44,3,-11,2,0,1]
[4096,-1536,336,-81,21,-6,1]
[256,128,-16,-40,-15,-10,-1,2,1]
[14641,484,171,4,1]
[14641,2057,298,17,1]
[512,128,56,3,7,2,1]
[4096,-512,208,-41,13,-2,1]
[2401,245,67,5,1]
[512,-256,128,-47,16,-4,1]
[4096,-3072,1328,-407,83,-12,1]
[15625,-875,179,-7,1]
[729,-162,117,-25,13,-2,1]
[14641,2178,172,18,1]
[4096,-1024,256,-101,16,-4,1]
[729,405,198,64,22,5,1]
[4096,-2304,768,-183,48,-9,1]
[4096,512,-16,-85,-1,2,1]
[729,324,153,64,17,4,1]
[4096,1280,416,159,26,5,1]
[14641,2057,279,17,1]
[256,192,32,-28,-17,-7,2,3,1]
[256,64,32,-36,-11,-9,2,1,1]
[256,-64,64,32,-1,8,4,-1,1]
[256,0,32,-28,7,-7,2,0,1]
[256,128,0,4,17,1,0,2,1]
[4096,256,192,53,12,1,1]
[14641,0,65,0,1]
[256,0,-64,12,23,3,-4,0,1]
[729,-405,279,-89,31,-5,1]
[4096,768,592,95,37,3,1]
[256,-320,288,-204,111,-51,18,-5,1]
[729,-162,54,-26,6,-2,1]
[4096,-768,240,-113,15,-3,1]
[14641,-4235,535,-35,1]
[6561,81,158,1,1]
[6561,810,157,10,1]
[4096,512,32,5,2,2,1]
[4096,1536,480,159,30,6,1]
[4096,1792,480,127,30,7,1]
[4096,0,80,31,5,0,1]
[15625,0,78,0,1]
[256,128,176,44,49,11,11,2,1]
[256,-128,112,-72,25,-18,7,-2,1]
[14641,2178,210,18,1]
[4096,-768,448,-85,28,-3,1]
[4096,-768,0,41,0,-3,1]
[4096,512,-32,-101,-2,2,1]
[256,128,0,28,31,7,0,2,1]
[256,192,96,56,37,14,6,3,1]
[4096,-1024,352,-79,22,-4,1]
[512,384,208,93,26,6,1]
[4096,1024,256,19,16,4,1]
[15625,-1500,153,-12,1]
[6561,486,100,6,1]
[4096,-1792,608,-189,38,-7,1]
[729,0,45,32,5,0,1]
[4096,-768,336,-43,21,-3,1]
[4096,-1024,304,-23,19,-4,1]
[15625,-3875,488,-31,1]
[4096,256,-128,-77,-8,1,1]
[15625,1750,293,14,1]
[256,-64,0,-20,21,-5,0,-1,1]
[256,-128,-32,24,-3,6,-2,-2,1]
[4096,2816,1040,289,65,11,1]
[4096,-512,240,23,15,-2,1]
[2401,49,-9,1,1]
[16384,-1408,249,-11,1]
[14641,726,85,6,1]
[4096,2816,736,143,46,11,1]
[512,64,112,1,14,1,1]
[4096,-256,64,29,4,-1,1]
[4096,0,32,-103,2,0,1]
[4096,2304,896,233,56,9,1]
[14641,1936,124,16,1]
[4096,1536,416,57,26,6,1]
[14641,-1815,149,-15,1]
[4096,-256,48,-19,3,-1,1]
[4096,-768,128,-91,8,-3,1]
[256,64,32,-8,-9,-2,2,1,1]
[4096,256,112,61,7,1,1]
[729,81,-27,-46,-3,1,1]
[4096,-512,-32,61,-2,-2,1]
[256,-128,64,-32,11,-8,4,-2,1]
[256,-256,160,-88,45,-22,10,-4,1]
[512,-448,184,-57,23,-7,1]
[15625,3375,374,27,1]
[256,-64,-64,-4,33,-1,-4,-1,1]
[4096,1536,560,179,35,6,1]
[14641,-484,57,-4,1]
[14641,-363,42,-3,1]
[16384,-3712,449,-29,1]
[4096,2048,752,221,47,8,1]
[4096,-768,160,-39,10,-3,1]
[256,64,32,-36,-15,-9,2,1,1]
[256,-320,240,-128,67,-32,15,-5,1]
[256,-192,16,28,-13,7,1,-3,1]
[15625,1250,87,10,1]
[4096,256,192,35,12,1,1]
[14641,2420,280,20,1]
[4096,-512,29,-8,1]
[256,-128,80,-16,7,-4,5,-2,1]
[256,384,368,252,143,63,23,6,1]
[4096,1536,48,-49,3,6,1]
[16384,-1408,167,-11,1]
[4096,512,480,67,30,2,1]
[4096,1792,400,83,25,7,1]
[14641,-121,29,-1,1]
[4096,256,16,91,1,1,1]
[729,-324,99,-40,11,-4,1]
[4096,-64,-33,-1,1]
[14641,242,-41,2,1]
[4096,-512,0,13,0,-2,1]
[2401,49,-20,1,1]
[4096,0,128,31,8,0,1]
[4096,-2304,976,-283,61,-9,1]
[16384,-640,-115,-5,1]
[512,128,-48,-25,-6,2,1]
[4096,-256,-160,11,-10,-1,1]
[4096,2560,976,289,61,10,1]
[4096,0,32,-109,2,0,1]
[4096,448,1,7,1]
[4096,-1280,80,21,5,-5,1]
[729,-243,18,14,2,-3,1]
[4096,1536,368,103,23,6,1]
[14641,2783,284,23,1]
[4096,3072,1104,289,69,12,1]
[14641,-847,162,-7,1]
[4096,1792,-16,-115,-1,7,1]
[4096,-2048,848,-221,53,-8,1]
[4096,-2048,624,-145,39,-8,1]
[16384,-1024,-29,-8,1]
[4096,2304,960,271,60,9,1]
[625,-250,69,-10,1]
[256,128,96,8,13,2,6,2,1]
[14641,2299,290,19,1]
[15625,875,131,7,1]
[256,0,96,-12,31,-3,6,0,1]
[4096,-1536,656,-193,41,-6,1]
[4096,1024,-128,-129,-8,4,1]
[729,-162,-9,35,-1,-2,1]
[14641,2541,278,21,1]
[625,-75,18,-3,1]
[14641,-3146,338,-26,1]
[256,112,39,7,1]
[14641,-726,226,-6,1]
[4096,256,48,57,3,1,1]
[14641,-484,53,-4,1]
[256,0,16,-16,-7,-4,1,0,1]
[14641,1089,124,9,1]
[256,-128,64,8,1,2,4,-2,1]
[4096,0,64,63,4,0,1]
[6561,-972,95,-12,1]
[1024,96,-3,3,1]
[15625,-125,-106,-1,1]
[4096,512,80,-9,5,2,1]
[4096,-1024,-192,135,-12,-4,1]
[4096,1792,816,215,51,7,1]
[15625,-1750,251,-14,1]
[256,256,128,48,25,12,8,4,1]
[256,64,-16,-24,-1,-6,-1,1,1]
[256,-384,288,-156,79,-39,18,-6,1]
[15625,1000,243,8,1]
[256,320,176,48,13,12,11,5,1]
[4096,-512,128,-43,8,-2,1]
[4096,1088,187,17,1]
[4096,768,32,-73,2,3,1]
[4096,1536,272,65,17,6,1]
[14641,2662,250,22,1]
[729,-162,-54,53,-6,-2,1]
[256,64,-16,12,7,3,-1,1,1]
[6561,81,-79,1,1]
[4096,0,48,89,3,0,1]
[4096,-1024,496,-113,31,-4,1]
[2401,-98,53,-2,1]
[4096,-1536,-32,103,-2,-6,1]
[4096,0,16,7,1,0,1]
[4096,-1792,624,-139,39,-7,1]
[4096,192,83,3,1]
[4096,0,224,17,14,0,1]
[729,108,34,4,1]
[256,-128,144,-72,49,-18,9,-2,1]
[14641,726,-59,6,1]
[4096,2048,352,43,22,8,1]
[256,128,80,-16,-3,-4,5,2,1]
[14641,1210,208,10,1]
[256,64,0,28,19,7,0,1,1]
[256,-128,48,-4,-3,-1,3,-2,1]
[4096,2304,416,37,26,9,1]
[256,-256,192,-132,73,-33,12,-4,1]
[729,-81,0,7,0,-1,1]
[256,0,80,4,29,1,5,0,1]
[16384,-1024,219,-8,1]
[729,0,-27,5,-3,0,1]
[4096,1024,128,63,8,4,1]
[4096,256,320,5,20,1,1]
[4096,768,-176,-93,-11,3,1]
[4096,-128,49,-2,1]
[4096,-512,-16,97,-1,-2,1]
[4096,-1280,48,73,3,-5,1]
[4096,-768,112,-57,7,-3,1]
[4096,1024,496,81,31,4,1]
[15625,-1750,209,-14,1]
[2401,392,54,8,1]
[4096,1280,544,141,34,5,1]
[256,-192,32,0,7,0,2,-3,1]
[256,-192,112,-52,19,-13,7,-3,1]
[15625,-250,-97,-2,1]
[4096,-64,127,-1,1]
[256,0,160,0,53,0,10,0,1]
[729,-405,63,5,7,-5,1]
[512,-128,-16,35,-2,-2,1]
[16384,640,-137,5,1]
[14641,-1452,211,-12,1]
[4096,2304,320,-5,20,9,1]
[14641,-605,185,-5,1]
[15625,1750,192,14,1]
[15625,-1500,283,-12,1]
[4096,768,-160,-87,-10,3,1]
[6561,-972,115,-12,1]
[4096,-256,67,-4,1]
[4096,0,560,-9,35,0,1]
[14641,-242,127,-2,1]
[14641,605,15,5,1]
[729,-243,108,-35,12,-3,1]
[4096,-3840,1808,-543,113,-15,1]
[14641,-2904,334,-24,1]
[4096,-1280,144,11,9,-5,1]
[6561,-567,100,-7,1]
[14641,-968,224,-8,1]
[14641,-2541,249,-21,1]
[4096,-256,496,-7,31,-1,1]
[4096,-512,-160,93,-10,-2,1]
[4096,512,128,29,8,2,1]
[4096,1024,176,-1,11,4,1]
[256,-128,-48,24,7,6,-3,-2,1]
[256,-64,80,-24,17,-6,5,-1,1]
[14641,-2904,314,-24,1]
[4096,-768,96,61,6,-3,1]
[2401,147,38,3,1]
[1024,352,65,11,1]
[729,-486,153,-46,17,-6,1]
[4096,-256,208,33,13,-1,1]
[256,-64,80,20,5,5,5,-1,1]
[4096,-1280,160,15,10,-5,1]
[4096,1536,64,-35,4,6,1]
[256,192,48,-24,-17,-6,3,3,1]
[4096,768,528,95,33,3,1]
[4096,-1792,256,-17,16,-7,1]
[4096,-768,208,-135,13,-3,1]
[4096,768,144,49,9,3,1]
[4096,2816,1072,307,67,11,1]
[4096,512,133,8,1]
[15625,-125,-121,-1,1]
[4096,3072,1392,409,87,12,1]
[729,-81,0,-7,0,-1,1]
[15625,125,53,1,1]
[256,-192,80,20,-23,5,5,-3,1]
[64,16,8,-7,2,1,1]
[15625,3625,411,29,1]
[16384,-1280,19,-10,1]
[4096,-1280,-32,53,-2,-5,1]
[15625,250,-103,2,1]
[4096,-256,96,-61,6,-1,1]
[4096,1536,704,171,44,6,1]
[4096,-1792,368,-45,23,-7,1]
[256,128,128,60,41,15,8,2,1]
[4096,2048,768,253,48,8,1]
[4096,-1024,464,-119,29,-4,1]
[4096,-768,112,-81,7,-3,1]
[4096,-1024,0,41,0,-4,1]
[512,0,-8,-1,-1,0,1]
[256,256,96,44,29,11,6,4,1]
[4096,-1024,640,-123,40,-4,1]
[16384,-640,173,-5,1]
[16384,3712,421,29,1]
[15625,-750,214,-6,1]
[4096,-1024,80,-25,5,-4,1]
[4096,-256,-160,39,-10,-1,1]
[256,256,160,48,17,12,10,4,1]
[64,16,20,9,5,1,1]
[729,-324,81,-35,9,-4,1]
[4096,-768,-48,61,-3,-3,1]
[256,64,32,-44,-19,-11,2,1,1]
[729,162,27,8,3,2,1]
[256,-64,-64,16,5,4,-4,-1,1]
[512,0,-8,-31,-1,0,1]
[14641,-1331,16,-11,1]
[16384,-256,191,-2,1]
[4096,-1280,384,-71,24,-5,1]
[4096,192,77,3,1]
