[4096,-1024,528,-129,33,-4,1]
[4096,-256,112,39,7,-1,1]
[14641,-1694,289,-14,1]
[256,-64,80,-28,19,-7,5,-1,1]
[14641,242,-46,2,1]
[64,-48,16,-5,4,-3,1]
[14641,1694,70,14,1]
[4096,-512,-144,13,-9,-2,1]
[4096,-2816,1280,-373,80,-11,1]
[4096,768,-144,-115,-9,3,1]
[256,0,80,32,17,8,5,0,1]
[15625,2250,182,18,1]
[729,162,63,-13,7,2,1]
[16384,2944,311,23,1]
[4096,-1536,-48,105,-3,-6,1]
[729,0,63,26,7,0,1]
[14641,-2420,260,-20,1]
[16384,-2688,253,-21,1]
[4096,-768,16,-5,1,-3,1]
[4096,-512,240,17,15,-2,1]
[2401,-147,36,-3,1]
[4096,-1536,-16,87,-1,-6,1]
[4096,320,21,5,1]
[4096,1536,336,49,21,6,1]
[15625,750,222,6,1]
[256,0,0,4,-25,1,0,0,1]
[729,81,126,11,14,1,1]
[256,0,80,-32,15,-8,5,0,1]
[4096,0,336,39,21,0,1]
[15625,1000,17,8,1]
[4096,-768,352,-15,22,-3,1]
[4096,2048,848,225,53,8,1]
[6561,81,118,1,1]
[14641,0,-171,0,1]
[625,125,37,5,1]
[4096,-1536,592,-119,37,-6,1]
[15625,625,56,5,1]
[4096,-256,320,-45,20,-1,1]
[729,-81,117,-28,13,-1,1]
[256,-192,128,-64,27,-16,8,-3,1]
[4096,1024,0,-43,0,4,1]
[4096,-256,-16,51,-1,-1,1]
[6561,-1296,221,-16,1]
[14641,-1694,203,-14,1]
[729,-486,198,-71,22,-6,1]
[256,64,80,60,9,15,5,1,1]
[15625,-625,52,-5,1]
[15625,-750,51,-6,1]
[4096,256,-32,-61,-2,1,1]
[15625,-1125,-3,-9,1]
[1024,-96,-23,-3,1]
[4096,-256,-16,-23,-1,-1,1]
[4096,-256,-48,109,-3,-1,1]
[4096,0,16,-69,1,0,1]
[512,-128,80,-7,10,-2,1]
[6561,567,136,7,1]
[4096,-1280,128,23,8,-5,1]
[729,-324,27,14,3,-4,1]
[6561,1296,130,16,1]
[729,-162,216,-34,24,-2,1]
[256,192,176,108,63,27,11,3,1]
[4096,1280,224,77,14,5,1]
[14641,2420,310,20,1]
[4096,-1024,752,-123,47,-4,1]
[512,-192,-40,39,-5,-3,1]
[4096,1792,528,105,33,7,1]
[14641,-605,142,-5,1]
[4096,256,144,79,9,1,1]
[256,256,192,76,39,19,12,4,1]
[512,-384,192,-71,24,-6,1]
[4096,-1280,-208,139,-13,-5,1]
[2401,-882,158,-18,1]
[4096,512,32,-21,2,2,1]
[256,64,48,-24,-1,-6,3,1,1]
[15625,250,-149,2,1]
[729,567,270,103,30,7,1]
[64,80,52,25,13,5,1]
[16384,-768,195,-6,1]
[4096,1792,800,189,50,7,1]
[1024,-96,29,-3,1]
[1024,448,97,14,1]
[4096,-1088,185,-17,1]
[729,-405,72,-1,8,-5,1]
[6561,1458,181,18,1]
[4096,512,64,-65,4,2,1]
[14641,-605,115,-5,1]
[4096,0,0,119,0,0,1]
[256,0,112,-28,27,-7,7,0,1]
[15625,-625,-78,-5,1]
[256,-128,48,-28,13,-7,3,-2,1]
[729,-162,180,-22,20,-2,1]
[4096,512,176,41,11,2,1]
[256,-128,16,20,-15,5,1,-2,1]
[256,64,16,-12,5,-3,1,1,1]
[256,192,-16,-44,-19,-11,-1,3,1]
[1024,352,81,11,1]
[16384,-1920,121,-15,1]
[4096,-1280,224,-79,14,-5,1]
[4096,-1792,672,-149,42,-7,1]
[4096,3072,1280,365,80,12,1]
[4096,-3328,1600,-479,100,-13,1]
[4096,64,75,1,1]
[2401,294,-9,6,1]
[4096,-512,64,17,4,-2,1]
[4096,1792,800,217,50,7,1]
[15625,-2000,168,-16,1]
[6561,-243,64,-3,1]
[256,-256,128,-48,25,-12,8,-4,1]
[729,162,18,-25,2,2,1]
[4096,-3584,1472,-415,92,-14,1]
[4096,-1024,16,-1,1,-4,1]
[1024,96,-11,3,1]
[4096,-768,480,-113,30,-3,1]
[512,-384,216,-77,27,-6,1]
[256,0,-128,-8,41,-2,-8,0,1]
[15625,-125,-101,-1,1]
[729,-81,27,22,3,-1,1]
[6561,1377,197,17,1]
[16384,384,-135,3,1]
[256,128,39,8,1]
[729,243,-72,-50,-8,3,1]
[4096,-2048,768,-191,48,-8,1]
[16384,4224,521,33,1]
[14641,-484,-26,-4,1]
[256,-64,16,0,-3,0,1,-1,1]
[4096,-512,384,-39,24,-2,1]
[4096,-256,400,-31,25,-1,1]
[16384,1280,67,10,1]
[15625,-2625,258,-21,1]
[4096,-1792,-80,143,-5,-7,1]
[4096,-2560,864,-219,54,-10,1]
[4096,2048,336,33,21,8,1]
[14641,-363,-16,-3,1]
[4096,-2304,752,-211,47,-9,1]
[4096,1536,480,143,30,6,1]
[4096,0,-64,-45,-4,0,1]
[4096,-1024,336,-35,21,-4,1]
[4096,-2560,992,-293,62,-10,1]
[4096,-2560,1040,-327,65,-10,1]
[729,243,45,-17,5,3,1]
[6561,648,131,8,1]
[729,-243,27,4,3,-3,1]
[16384,4352,527,34,1]
[256,-64,64,-16,23,-4,4,-1,1]
[4096,-1024,560,-107,35,-4,1]
[15625,2500,324,20,1]
[14641,1331,211,11,1]
[16384,2176,175,17,1]
[256,64,80,32,23,8,5,1,1]
[4096,512,384,41,24,2,1]
[15625,-1875,216,-15,1]
[4096,2560,1120,327,70,10,1]
[16384,1280,31,10,1]
[4096,512,-96,-3,-6,2,1]
[4096,2560,1072,299,67,10,1]
[14641,-1694,204,-14,1]
[729,162,18,10,2,2,1]
[14641,-1089,75,-9,1]
[4096,0,256,-5,16,0,1]
[4096,512,80,-71,5,2,1]
[15625,1875,221,15,1]
[2401,-343,109,-7,1]
[256,192,32,-20,-13,-5,2,3,1]
[4096,2816,1104,315,69,11,1]
[14641,-1089,16,-9,1]
[256,128,112,44,23,11,7,2,1]
[625,225,44,9,1]
[256,-64,-80,12,25,3,-5,-1,1]
[14641,1210,210,10,1]
[15625,250,212,2,1]
[6561,-243,89,-3,1]
[256,0,0,28,9,7,0,0,1]
[512,-64,32,25,4,-1,1]
[4096,-1792,640,-147,40,-7,1]
[4096,-1536,-80,109,-5,-6,1]
[256,-64,0,-24,17,-6,0,-1,1]
[729,405,162,56,18,5,1]
[4096,-512,48,-19,3,-2,1]
[4096,512,0,59,0,2,1]
[2401,-98,-1,-2,1]
[4096,768,256,65,16,3,1]
[256,-320,256,-156,77,-39,16,-5,1]
[4096,512,176,127,11,2,1]
[4096,1024,400,119,25,4,1]
[4096,-512,64,1,4,-2,1]
[4096,-1280,-48,61,-3,-5,1]
[4096,-1792,736,-213,46,-7,1]
[4096,-2048,0,131,0,-8,1]
[6561,-729,65,-9,1]
[16384,-384,53,-3,1]
[14641,363,9,3,1]
[15625,1250,222,10,1]
[15625,-2000,267,-16,1]
[625,-225,62,-9,1]
[4096,1280,656,133,41,5,1]
[14641,242,144,2,1]
[729,0,54,-13,6,0,1]
[14641,-2420,257,-20,1]
[256,-128,32,-20,9,-5,2,-2,1]
[4096,-1280,128,-19,8,-5,1]
[2401,-245,3,-5,1]
[4096,768,544,77,34,3,1]
[4096,512,80,-65,5,2,1]
[14641,363,-127,3,1]
[2401,-343,36,-7,1]
[256,64,16,-12,11,-3,1,1,1]
[256,128,160,80,49,20,10,2,1]
[4096,1536,544,141,34,6,1]
[256,0,112,0,37,0,7,0,1]
[256,-64,32,32,-19,8,2,-1,1]
[256,-128,0,12,-1,3,0,-2,1]
[4096,1792,768,179,48,7,1]
[16384,128,7,1,1]
[4096,1280,480,139,30,5,1]
[15625,625,198,5,1]
[256,320,240,144,73,36,15,5,1]
[729,-81,-45,14,-5,-1,1]
[512,256,160,47,20,4,1]
[14641,-2420,247,-20,1]
[16384,1792,191,14,1]
[729,81,45,-13,5,1,1]
[4096,512,208,7,13,2,1]
[729,324,-9,-41,-1,4,1]
[14641,-1331,120,-11,1]
[256,-128,80,-56,37,-14,5,-2,1]
[4096,-1280,512,-165,32,-5,1]
[4096,1024,-48,-101,-3,4,1]
[4096,1536,224,39,14,6,1]
[4096,-1536,560,-155,35,-6,1]
[16384,512,241,4,1]
[15625,-1625,61,-13,1]
[256,64,-48,-8,7,-2,-3,1,1]
[1024,288,71,9,1]
[4096,512,432,71,27,2,1]
[729,81,18,14,2,1,1]
[2401,441,51,9,1]
[256,64,32,8,13,2,2,1,1]
[4096,-2048,576,-117,36,-8,1]
[15625,-500,196,-4,1]
[64,-48,32,-17,8,-3,1]
[256,-384,352,-236,127,-59,22,-6,1]
[4096,768,400,61,25,3,1]
[4096,0,192,43,12,0,1]
[16384,4736,591,37,1]
[15625,625,58,5,1]
[256,-192,80,-52,31,-13,5,-3,1]
[4096,0,32,103,2,0,1]
[729,-54,-16,-2,1]
[625,-25,43,-1,1]
[15625,-500,-121,-4,1]
[4096,512,144,21,9,2,1]
[16384,-128,119,-1,1]
[15625,3750,457,30,1]
[4096,0,208,-79,13,0,1]
[4096,-3840,1872,-579,117,-15,1]
[256,128,64,48,37,12,4,2,1]
[256,0,32,-32,-5,-8,2,0,1]
[14641,1331,191,11,1]
[14641,-2904,313,-24,1]
[4096,256,656,29,41,1,1]
[14641,1573,125,13,1]
[4096,-768,288,-99,18,-3,1]
[4096,256,96,-85,6,1,1]
[4096,-1280,176,9,11,-5,1]
[4096,256,16,-53,1,1,1]
[512,-448,224,-81,28,-7,1]
[14641,-3267,422,-27,1]
[4096,-768,208,-113,13,-3,1]
[256,-256,128,-60,35,-15,8,-4,1]
[4096,-768,416,-37,26,-3,1]
[729,81,126,-4,14,1,1]
[729,-162,45,-7,5,-2,1]
[4096,768,160,75,10,3,1]
[256,-64,80,40,-1,10,5,-1,1]
[4096,-1536,592,-141,37,-6,1]
[512,64,-32,-15,-4,1,1]
[2401,294,103,6,1]
[15625,-1875,227,-15,1]
[4096,0,112,-21,7,0,1]
[16384,384,223,3,1]
[729,81,-27,-13,-3,1,1]
[4096,2048,464,103,29,8,1]
[256,64,16,-32,-15,-8,1,1,1]
[4096,-1024,304,-65,19,-4,1]
[4096,-768,368,-115,23,-3,1]
[14641,-2057,271,-17,1]
[4096,-2304,832,-221,52,-9,1]
[15625,0,226,0,1]
[15625,-3375,376,-27,1]
[512,0,88,-5,11,0,1]
[15625,1500,108,12,1]
[4096,-1024,-144,129,-9,-4,1]
[4096,-1024,-48,77,-3,-4,1]
[256,0,0,-12,9,-3,0,0,1]
[729,-648,270,-86,30,-8,1]
[256,64,0,-8,15,-2,0,1,1]
[14641,-2057,225,-17,1]
[15625,4125,504,33,1]
[4096,-256,176,45,11,-1,1]
[4096,1280,-128,-119,-8,5,1]
[14641,1815,295,15,1]
[729,-162,27,-2,3,-2,1]
[4096,-1024,16,75,1,-4,1]
[256,320,256,132,67,33,16,5,1]
[14641,1815,232,15,1]
[4096,960,139,15,1]
[512,-256,160,-63,20,-4,1]
[4096,1024,-80,-69,-5,4,1]
[14641,363,112,3,1]
[256,64,80,16,9,4,5,1,1]
[4096,3584,1696,509,106,14,1]
[256,80,11,5,1]
[15625,-625,46,-5,1]
[4096,-1024,304,-135,19,-4,1]
[4096,1024,-16,-47,-1,4,1]
[256,384,304,204,117,51,19,6,1]
[14641,2057,289,17,1]
[15625,-625,203,-5,1]
[256,256,112,32,15,8,7,4,1]
[729,-648,270,-89,30,-8,1]
[14641,968,97,8,1]
[1024,32,-51,1,1]
[15625,1000,139,8,1]
[256,128,32,-40,-21,-10,2,2,1]
[4096,1280,256,45,16,5,1]
[729,-405,135,-29,15,-5,1]
[15625,-3250,401,-26,1]
[512,576,352,147,44,9,1]
[4096,256,-128,23,-8,1,1]
[729,-81,36,-19,4,-1,1]
[15625,1500,133,12,1]
[4096,-2304,816,-209,51,-9,1]
[14641,-968,60,-8,1]
[15625,125,184,1,1]
[16384,3456,355,27,1]
[6561,405,164,5,1]
[256,128,48,-12,-9,-3,3,2,1]
[256,64,96,16,23,4,6,1,1]
[4096,256,16,-39,1,1,1]
[4096,-256,256,-63,16,-1,1]
[4096,-768,112,-5,7,-3,1]
[4096,768,272,13,17,3,1]
[4096,-256,0,-11,0,-1,1]
[4096,768,32,-49,2,3,1]
[512,448,280,113,35,7,1]
[729,243,-36,-50,-4,3,1]
[15625,-2250,227,-18,1]
[4096,-3072,1024,-253,64,-12,1]
[729,486,252,103,28,6,1]
[15625,2500,224,20,1]
[4096,3072,1472,431,92,12,1]
[729,-81,0,-14,0,-1,1]
[4096,256,336,35,21,1,1]
[4096,-256,16,-53,1,-1,1]
[14641,-242,-162,-2,1]
[729,-405,18,34,2,-5,1]
[4096,-256,128,-31,8,-1,1]
[256,-96,25,-6,1]
[512,128,0,-13,0,2,1]
[4096,-1280,672,-121,42,-5,1]
[4096,-512,0,-35,0,-2,1]
[2401,0,18,0,1]
[256,0,144,20,43,5,9,0,1]
[729,-405,99,-8,11,-5,1]
[729,243,54,-14,6,3,1]
[256,-64,96,-40,29,-10,6,-1,1]
[14641,1452,269,12,1]
[729,-243,36,5,4,-3,1]
[4096,512,-128,-61,-8,2,1]
[4096,256,0,-23,0,1,1]
[625,50,-26,2,1]
[4096,-768,528,-79,33,-3,1]
[4096,512,304,85,19,2,1]
[256,-448,448,-320,179,-80,28,-7,1]
[625,375,103,15,1]
[14641,-1089,103,-9,1]
[729,-243,56,-9,1]
[4096,1536,352,99,22,6,1]
[1024,-224,59,-7,1]
[512,128,-8,-5,-1,2,1]
[4096,0,16,83,1,0,1]
[14641,-2420,307,-20,1]
[14641,242,-161,2,1]
[256,256,48,-36,-27,-9,3,4,1]
[4096,-512,-80,111,-5,-2,1]
[14641,121,-177,1,1]
[4096,-3072,1184,-325,74,-12,1]
[4096,2048,736,219,46,8,1]
[15625,1125,26,9,1]
[4096,768,192,27,12,3,1]
[15625,-1250,121,-10,1]
[512,-128,-32,15,-4,-2,1]
[4096,1792,640,211,40,7,1]
[256,128,80,28,23,7,5,2,1]
[256,-256,272,-160,99,-40,17,-4,1]
[729,0,9,35,1,0,1]
[4096,-1792,576,-153,36,-7,1]
[729,162,-63,-40,-7,2,1]
[14641,-968,106,-8,1]
[256,-64,80,0,17,0,5,-1,1]
[256,-192,128,-64,33,-16,8,-3,1]
[16384,-2432,201,-19,1]
[256,0,80,-4,27,-1,5,0,1]
[4096,512,576,65,36,2,1]
[256,-192,64,16,-21,4,4,-3,1]
[6561,810,100,10,1]
[16384,896,183,7,1]
[256,-64,16,40,-11,10,1,-1,1]
[4096,-2304,928,-243,58,-9,1]
[4096,-768,496,-93,31,-3,1]
[729,405,234,77,26,5,1]
[16384,2432,281,19,1]
[4096,-1280,208,-39,13,-5,1]
[729,-216,56,-8,1]
[14641,-847,79,-7,1]
[4096,0,160,-29,10,0,1]
[4096,2048,320,13,20,8,1]
[4096,256,-144,-39,-9,1,1]
[4096,256,144,5,9,1,1]
[4096,-1536,208,-35,13,-6,1]
[4096,256,-128,-33,-8,1,1]
[4096,-512,272,-3,17,-2,1]
[15625,-875,-87,-7,1]
[256,-128,128,-72,33,-18,8,-2,1]
[2401,98,40,2,1]
[4096,512,288,53,18,2,1]
[4096,64,-9,1,1]
[15625,1250,-8,10,1]
[15625,-1750,253,-14,1]
[4096,-2304,896,-227,56,-9,1]
[4096,-1536,816,-173,51,-6,1]
[15625,-125,-103,-1,1]
[512,-64,24,-9,3,-1,1]
[4096,1024,272,23,17,4,1]
[4096,-3072,1376,-411,86,-12,1]
[16384,-4224,523,-33,1]
[4096,256,128,9,8,1,1]
[6561,-162,-22,-2,1]
[4096,-1280,448,-141,28,-5,1]
[4096,-256,640,-21,40,-1,1]
[256,0,-19,0,1]
[14641,2057,306,17,1]
[4096,2560,1184,339,74,10,1]
[4096,-768,304,-121,19,-3,1]
[15625,-2625,337,-21,1]
[16384,-768,-15,-6,1]
[4096,-832,103,-13,1]
[6561,-648,73,-8,1]
[4096,0,-32,97,-2,0,1]
[4096,2816,1232,371,77,11,1]
[4096,0,384,43,24,0,1]
[14641,121,-202,1,1]
[4096,-768,-112,97,-7,-3,1]
[256,128,0,-32,-13,-8,0,2,1]
[16384,-256,-103,-2,1]
[4096,-1280,672,-145,42,-5,1]
[256,-192,192,-104,71,-26,12,-3,1]
[16384,896,39,7,1]
[16384,640,-7,5,1]
[14641,1331,106,11,1]
[4096,-1280,208,-25,13,-5,1]
[256,192,32,8,13,2,2,3,1]
[4096,-256,160,67,10,-1,1]
[14641,363,153,3,1]
[729,162,180,38,20,2,1]
[4096,-1280,112,35,7,-5,1]
[14641,-605,-78,-5,1]
[625,-50,-2,-2,1]
[4096,512,176,-33,11,2,1]
[4096,-256,448,-9,28,-1,1]
[4096,0,640,-7,40,0,1]
[4096,-1536,80,63,5,-6,1]
[256,256,128,36,9,9,8,4,1]
[256,-64,16,12,-13,3,1,-1,1]
[729,-162,52,-6,1]
[4096,0,592,13,37,0,1]
[4096,-2048,688,-199,43,-8,1]
[256,-192,96,-44,21,-11,6,-3,1]
[4096,-1536,592,-135,37,-6,1]
[4096,-256,512,-13,32,-1,1]
[4096,-256,-224,23,-14,-1,1]
[256,192,80,28,5,7,5,3,1]
[15625,2000,161,16,1]
[4096,-512,224,-13,14,-2,1]
[4096,1536,528,113,33,6,1]
[256,320,240,160,89,40,15,5,1]
[4096,-64,33,-1,1]
[729,-162,61,-6,1]
[256,-384,304,-188,101,-47,19,-6,1]
[256,64,128,44,37,11,8,1,1]
[4096,256,-16,17,-1,1,1]
[4096,2560,992,263,62,10,1]
[256,-320,256,-168,93,-42,16,-5,1]
[4096,-1536,736,-155,46,-6,1]
[729,-81,-27,41,-3,-1,1]
[4096,4096,2064,643,129,16,1]
[729,81,63,-17,7,1,1]
[4096,1024,208,61,13,4,1]
[4096,0,64,-95,4,0,1]
[15625,1000,162,8,1]
[256,-192,224,-116,81,-29,14,-3,1]
[729,81,27,-22,3,1,1]
[4096,768,192,49,12,3,1]
[256,-192,160,-72,41,-18,10,-3,1]
[14641,-2057,306,-17,1]
[4096,1280,160,1,10,5,1]
[256,192,96,40,17,10,6,3,1]
[512,-64,16,19,2,-1,1]
[15625,-250,2,-2,1]
[6561,324,160,4,1]
[15625,1625,253,13,1]
[512,-256,48,-7,6,-4,1]
[15625,1000,99,8,1]
[4096,0,304,-47,19,0,1]
[4096,1280,544,131,34,5,1]
[4096,256,112,65,7,1,1]
[729,-405,63,-2,7,-5,1]
[729,0,63,-10,7,0,1]
[256,192,0,8,25,2,0,3,1]
[14641,605,-14,5,1]
[64,-48,12,-3,3,-3,1]
[729,162,99,1,11,2,1]
[15625,1875,114,15,1]
[15625,-2250,224,-18,1]
[15625,1500,59,12,1]
[6561,-486,-53,-6,1]
[4096,-1280,224,-13,14,-5,1]
[4096,1024,512,131,32,4,1]
[16384,-1024,-55,-8,1]
[15625,875,-57,7,1]
[6561,-486,55,-6,1]
[512,64,16,-25,2,1,1]
[729,-81,9,26,1,-1,1]
[4096,512,256,87,16,2,1]
[729,-81,117,-20,13,-1,1]
[4096,-1536,256,-13,16,-6,1]
[6561,1053,146,13,1]
[4096,1536,64,-41,4,6,1]
[6561,891,190,11,1]
[256,-64,32,-8,25,-2,2,-1,1]
[4096,-768,272,-87,17,-3,1]
[4096,768,-112,-25,-7,3,1]
[14641,-242,106,-2,1]
[4096,1280,224,13,14,5,1]
[14641,-2904,356,-24,1]
[6561,81,7,1,1]
[4096,-2304,912,-273,57,-9,1]
[4096,2560,992,277,62,10,1]
[14641,0,136,0,1]
[14641,-2541,277,-21,1]
[15625,-500,-51,-4,1]
[729,-405,99,-17,11,-5,1]
[256,192,144,52,29,13,9,3,1]
[15625,-750,188,-6,1]
[512,-192,120,-43,15,-3,1]
[256,-64,96,-20,25,-5,6,-1,1]
[256,192,0,-20,-1,-5,0,3,1]
[15625,4250,518,34,1]
[256,0,112,0,25,0,7,0,1]
[4096,2304,880,279,55,9,1]
[4096,-1280,80,25,5,-5,1]
[2401,441,102,9,1]
[16384,512,-41,4,1]
[256,-192,64,28,-27,7,4,-3,1]
[15625,-750,87,-6,1]
[16384,4480,541,35,1]
[256,-256,208,-120,65,-30,13,-4,1]
[81,9,-11,1,1]
[256,144,51,9,1]
[4096,-704,157,-11,1]
[4096,1280,-64,-81,-4,5,1]
[4096,320,93,5,1]
[256,-128,-32,20,-3,5,-2,-2,1]
[4096,-1536,112,21,7,-6,1]
[729,324,-45,-58,-5,4,1]
[512,64,-8,9,-1,1,1]
[2401,-245,46,-5,1]
[4096,0,0,-19,0,0,1]
[6561,-972,106,-12,1]
[14641,2783,299,23,1]
[4096,-256,80,-59,5,-1,1]
[15625,-250,-18,-2,1]
[729,0,-18,37,-2,0,1]
[256,192,32,-36,-35,-9,2,3,1]
[6561,-162,23,-2,1]
[6561,891,176,11,1]
[16384,384,119,3,1]
[16384,-128,47,-1,1]
[256,192,80,-12,-17,-3,5,3,1]
[64,0,8,-7,2,0,1]
[15625,-3125,318,-25,1]
[4096,0,-80,-79,-5,0,1]
[729,135,50,5,1]
[14641,-121,-135,-1,1]
[4096,0,144,3,9,0,1]
[4096,-768,-240,95,-15,-3,1]
[256,-64,0,8,-9,2,0,-1,1]
[16384,-640,255,-5,1]
[14641,-1936,184,-16,1]
[14641,0,53,0,1]
[15625,750,4,6,1]
[729,0,0,-47,0,0,1]
[2401,0,71,0,1]
[256,384,288,148,71,37,18,6,1]
[256,-64,32,28,-1,7,2,-1,1]
[4096,-1280,416,-121,26,-5,1]
[4096,1024,192,-21,12,4,1]
[256,128,80,60,33,15,5,2,1]
[4096,256,304,71,19,1,1]
[512,448,272,107,34,7,1]
[729,81,135,29,15,1,1]
[4096,192,-31,3,1]
[4096,768,112,25,7,3,1]
[4096,-1280,864,-161,54,-5,1]
[16384,-1664,263,-13,1]
[15625,-1125,-11,-9,1]
[729,567,207,64,23,7,1]
[4096,-1536,416,-87,26,-6,1]
[14641,2178,185,18,1]
[1024,-192,45,-6,1]
[512,320,120,35,15,5,1]
[4096,-1536,448,-77,28,-6,1]
[256,-128,112,-40,33,-10,7,-2,1]
[4096,1280,-96,-113,-6,5,1]
[729,216,34,8,1]
[16384,-640,191,-5,1]
[14641,484,140,4,1]
[512,128,96,27,12,2,1]
[512,-256,48,7,6,-4,1]
[14641,-2178,306,-18,1]
[14641,-363,-103,-3,1]
[1024,-32,57,-1,1]
[256,-128,-32,28,-7,7,-2,-2,1]
[4096,-1792,512,-147,32,-7,1]
[256,-64,-32,16,11,4,-2,-1,1]
[4096,-1280,240,-57,15,-5,1]
[512,320,112,41,14,5,1]
[15625,125,-151,1,1]
[256,0,80,4,35,1,5,0,1]
[4096,-1024,384,-93,24,-4,1]
[4096,2560,800,207,50,10,1]
[4096,1280,80,-43,5,5,1]
[729,405,162,46,18,5,1]
[6561,-81,5,-1,1]
[15625,750,36,6,1]
[4096,2048,928,251,58,8,1]
[15625,1875,156,15,1]
[2401,-735,150,-15,1]
[4096,256,80,105,5,1,1]
[14641,-4114,516,-34,1]
[15625,-2375,202,-19,1]
[4096,-256,144,29,9,-1,1]
[4096,2048,704,209,44,8,1]
[512,256,136,37,17,4,1]
[16384,1280,-29,10,1]
[14641,363,170,3,1]
[4096,0,-48,91,-3,0,1]
[16384,640,199,5,1]
[4096,512,272,67,17,2,1]
[4096,-1536,256,-31,16,-6,1]
[14641,-3025,390,-25,1]
[15625,-625,58,-5,1]
[4096,-1536,416,-103,26,-6,1]
[729,405,171,68,19,5,1]
[15625,250,243,2,1]
[4096,256,48,-17,3,1,1]
[14641,-968,86,-8,1]
[6561,567,58,7,1]
[4096,-3328,1536,-453,96,-13,1]
[4096,0,400,9,25,0,1]
[4096,256,256,25,16,1,1]
[16384,512,-161,4,1]
[14641,3630,436,30,1]
[14641,0,-39,0,1]
[15625,2375,277,19,1]
[16384,2304,335,18,1]
[512,320,96,31,12,5,1]
[16384,256,-153,2,1]
[4096,-1024,0,19,0,-4,1]
[4096,256,-176,-21,-11,1,1]
[15625,-125,154,-1,1]
[4096,0,368,-9,23,0,1]
[256,-128,80,-28,5,-7,5,-2,1]
[4096,-2304,832,-255,52,-9,1]
[14641,-1331,94,-11,1]
[6561,162,31,2,1]
[4096,2048,784,211,49,8,1]
[256,192,176,96,57,24,11,3,1]
[256,-64,16,-24,29,-6,1,-1,1]
[4096,-256,16,19,1,-1,1]
[4096,256,448,33,28,1,1]
[4096,-1024,320,-33,20,-4,1]
[512,-64,48,-21,6,-1,1]
[4096,-1792,816,-213,51,-7,1]
[16384,-256,-33,-2,1]
[4096,256,96,-25,6,1,1]
[15625,2250,299,18,1]
[15625,-375,-153,-3,1]
[4096,-768,192,-21,12,-3,1]
[512,192,80,13,10,3,1]
[256,128,160,48,47,12,10,2,1]
[4096,-1536,128,23,8,-6,1]
[729,0,72,4,8,0,1]
[4096,-1280,-48,93,-3,-5,1]
[14641,2420,225,20,1]
[4096,768,304,99,19,3,1]
[729,-567,243,-80,27,-7,1]
[6561,-648,-16,-8,1]
[14641,-2541,309,-21,1]
[729,486,135,31,15,6,1]
[729,-405,126,-46,14,-5,1]
[4096,-2048,304,-9,19,-8,1]
[4096,1536,720,175,45,6,1]
[256,64,48,48,11,12,3,1,1]
[4096,-2304,368,-23,23,-9,1]
[16384,640,-139,5,1]
[14641,484,89,4,1]
[256,64,16,20,21,5,1,1,1]
[15625,375,-73,3,1]
[256,0,-32,4,-5,1,-2,0,1]
[4096,-2560,928,-243,58,-10,1]
[6561,729,50,9,1]
[16384,-1664,283,-13,1]
[256,0,64,48,7,12,4,0,1]
[15625,250,-131,2,1]
[4096,256,384,19,24,1,1]
[4096,0,-144,33,-9,0,1]
[4096,256,64,-85,4,1,1]
[4096,-768,528,-65,33,-3,1]
[15625,-250,233,-2,1]
[15625,-125,-59,-1,1]
[256,-128,64,-36,15,-9,4,-2,1]
[14641,3630,427,30,1]
[4096,-256,0,53,0,-1,1]
[15625,375,-91,3,1]
[512,-256,56,-9,7,-4,1]
[4096,2816,1056,279,66,11,1]
[4096,-1024,32,71,2,-4,1]
[4096,-2816,1152,-339,72,-11,1]
[4096,-512,80,35,5,-2,1]
[4096,-2560,816,-195,51,-10,1]
[6561,-81,35,-1,1]
[15625,-1625,222,-13,1]
[256,-64,32,-12,-9,-3,2,-1,1]
[4096,-1024,352,-127,22,-4,1]
[512,128,104,11,13,2,1]
[256,128,64,52,33,13,4,2,1]
[14641,242,-48,2,1]
[4096,1536,320,67,20,6,1]
[4096,2048,912,235,57,8,1]
[4096,-1024,80,-17,5,-4,1]
[256,-192,96,-76,47,-19,6,-3,1]
[4096,768,192,117,12,3,1]
[14641,-968,183,-8,1]
[4096,1280,0,-35,0,5,1]
[15625,-4000,467,-32,1]
[16384,1280,219,10,1]
[4096,-512,-32,87,-2,-2,1]
[256,-64,48,20,-11,5,3,-1,1]
[6561,1539,188,19,1]
[4096,128,19,2,1]
[256,0,16,0,-17,0,1,0,1]
[14641,121,78,1,1]
[729,81,-18,-44,-2,1,1]
[4096,-2560,464,-39,29,-10,1]
[14641,1815,147,15,1]
[4096,1280,368,85,23,5,1]
[4096,1280,48,-17,3,5,1]
[4096,1024,96,-55,6,4,1]
[15625,500,-119,4,1]
[15625,2625,284,21,1]
[2401,637,123,13,1]
[256,-64,32,32,-21,8,2,-1,1]
[4096,-2816,1168,-345,73,-11,1]
[14641,0,96,0,1]
[256,256,80,-36,-41,-9,5,4,1]
[4096,-2560,1216,-341,76,-10,1]
[6561,-243,-46,-3,1]
[4096,0,464,25,29,0,1]
[256,-64,0,12,-7,3,0,-1,1]
[4096,1536,-208,-175,-13,6,1]
[256,128,96,-12,3,-3,6,2,1]
[16384,640,161,5,1]
[6561,1134,160,14,1]
[4096,-512,384,-93,24,-2,1]
[14641,1210,171,10,1]
[1024,288,77,9,1]
[16384,-512,-71,-4,1]
[14641,-2420,283,-20,1]
[15625,-1000,161,-8,1]
[64,0,-9,0,1]
[729,0,0,-28,0,0,1]
[256,128,144,96,41,24,9,2,1]
[14641,-363,-112,-3,1]
[256,128,16,20,19,5,1,2,1]
[2401,539,109,11,1]
[256,-192,80,-4,-3,-1,5,-3,1]
[14641,484,65,4,1]
[729,243,153,25,17,3,1]
[15625,750,2,6,1]
[4096,-768,368,-71,23,-3,1]
[4096,-2048,928,-241,58,-8,1]
[15625,375,107,3,1]
[4096,1280,640,143,40,5,1]
[729,-135,22,-5,1]
[256,0,-112,0,35,0,-7,0,1]
[4096,256,-144,11,-9,1,1]
[15625,1250,93,10,1]
[4096,1024,352,135,22,4,1]
[256,0,112,-8,29,-2,7,0,1]
[4096,-1792,272,-39,17,-7,1]
[16384,256,-189,2,1]
[64,16,28,7,7,1,1]
[256,-64,32,-4,5,-1,2,-1,1]
[4096,-1024,48,31,3,-4,1]
[14641,121,135,1,1]
[16384,-128,189,-1,1]
[15625,-1125,116,-9,1]
[16384,-1664,183,-13,1]
[4096,-1536,192,21,12,-6,1]
[4096,512,176,91,11,2,1]
[256,192,96,64,47,16,6,3,1]
[1024,96,-25,3,1]
[14641,2420,277,20,1]
[256,128,-16,-28,-17,-7,-1,2,1]
[4096,0,176,83,11,0,1]
[14641,-121,134,-1,1]
[15625,625,183,5,1]
[256,0,48,-4,11,-1,3,0,1]
[14641,726,208,6,1]
[4096,-512,160,-123,10,-2,1]
[729,-162,9,-2,1,-2,1]
[4096,0,-144,-41,-9,0,1]
[14641,726,100,6,1]
[4096,-768,352,-113,22,-3,1]
[256,192,112,28,13,7,7,3,1]
[256,-64,16,8,13,2,1,-1,1]
[6561,-81,-112,-1,1]
[4096,832,97,13,1]
[14641,-1936,203,-16,1]
[256,0,48,-12,15,-3,3,0,1]
[512,128,32,15,4,2,1]
[4096,2048,560,129,35,8,1]
[15625,875,88,7,1]
[729,648,324,125,36,8,1]
[256,-128,96,-52,31,-13,6,-2,1]
[16384,-5120,651,-40,1]
[4096,-256,0,-43,0,-1,1]
[729,81,-45,-14,-5,1,1]
[15625,-125,207,-1,1]
[4096,1792,448,127,28,7,1]
[4096,-1280,704,-141,44,-5,1]
[4096,2560,1056,291,66,10,1]
[16384,-1152,-31,-9,1]
[4096,-512,32,77,2,-2,1]
[1024,-128,49,-4,1]
[729,-81,-36,-10,-4,-1,1]
[4096,1024,304,127,19,4,1]
[4096,1280,400,69,25,5,1]
[256,-64,48,-24,5,-6,3,-1,1]
[4096,-1536,528,-143,33,-6,1]
[4096,-768,432,-87,27,-3,1]
[4096,-2304,960,-249,60,-9,1]
[14641,1089,160,9,1]
[4096,1280,176,5,11,5,1]
[256,64,64,8,27,2,4,1,1]
[4096,256,-160,-1,-10,1,1]
[729,-243,117,-47,13,-3,1]
[4096,-256,272,19,17,-1,1]
[4096,1280,256,79,16,5,1]
[4096,1024,368,91,23,4,1]
[4096,0,288,-45,18,0,1]
[4096,-2048,832,-201,52,-8,1]
[14641,726,217,6,1]
[4096,-2048,816,-231,51,-8,1]
[4096,1792,528,149,33,7,1]
[4096,-1536,752,-185,47,-6,1]
[16384,384,-117,3,1]
[729,81,-1,3,1]
[2401,147,-47,3,1]
[14641,968,244,8,1]
[4096,0,-48,-79,-3,0,1]
[1024,-128,3,-4,1]
[729,405,153,38,17,5,1]
[4096,2816,1168,339,73,11,1]
[4096,-1024,-16,93,-1,-4,1]
[4096,-1280,576,-163,36,-5,1]
[729,162,72,16,8,2,1]
[512,-384,184,-61,23,-6,1]
[14641,-2662,252,-22,1]
[625,-375,104,-15,1]
[16384,2816,371,22,1]
[256,128,64,28,17,7,4,2,1]
[14641,2299,219,19,1]
[4096,1024,-144,-75,-9,4,1]
[4096,-1536,432,-129,27,-6,1]
[4096,3584,1584,469,99,14,1]
[16384,3456,397,27,1]
[16384,-1280,39,-10,1]
[15625,2625,276,21,1]
[4096,1024,80,35,5,4,1]
[512,-256,32,3,4,-4,1]
[2401,-588,85,-12,1]
[16384,1024,159,8,1]
[14641,-1573,161,-13,1]
[729,486,144,37,16,6,1]
[4096,1280,352,75,22,5,1]
[625,-25,-29,-1,1]
[256,0,96,-40,17,-10,6,0,1]
[4096,1536,208,25,13,6,1]
[4096,2560,896,243,56,10,1]
[729,81,-45,-5,-5,1,1]
[2401,-392,78,-8,1]
[4096,-192,-73,-3,1]
[6561,1053,167,13,1]
[14641,2420,296,20,1]
[6561,1944,301,24,1]
[4096,1536,96,-33,6,6,1]
[16384,640,-21,5,1]
[15625,2500,328,20,1]
[4096,-2048,144,63,9,-8,1]
[256,512,528,380,213,95,33,8,1]
[256,64,64,-28,-3,-7,4,1,1]
[15625,375,68,3,1]
[15625,625,-22,5,1]
[256,192,96,68,47,17,6,3,1]
[4096,0,-16,-107,-1,0,1]
[4096,0,416,-17,26,0,1]
[15625,-1375,103,-11,1]
[15625,-1500,44,-12,1]
[512,-64,-8,-15,-1,-1,1]
[4096,320,-43,5,1]
[14641,847,204,7,1]
[729,-81,63,20,7,-1,1]
[6561,-567,95,-7,1]
[4096,1536,544,177,34,6,1]
[14641,121,136,1,1]
[4096,-1792,320,-31,20,-7,1]
[4096,1280,448,155,28,5,1]
[4096,-1024,432,-67,27,-4,1]
[4096,0,-112,39,-7,0,1]
[4096,512,-16,-47,-1,2,1]
[625,25,-8,1,1]
[4096,3584,1712,519,107,14,1]
[256,128,-32,16,37,4,-2,2,1]
[729,-729,405,-154,45,-9,1]
[16384,0,219,0,1]
[4096,512,99,8,1]
[256,128,-16,12,29,3,-1,2,1]
[4096,1024,-16,-41,-1,4,1]
[625,-225,58,-9,1]
[14641,-1452,82,-12,1]
[14641,-242,208,-2,1]
[4096,256,256,-43,16,1,1]
[16384,896,103,7,1]
[14641,-1210,-17,-10,1]
[4096,1280,304,83,19,5,1]
[16384,-1920,97,-15,1]
[4096,-512,480,-39,30,-2,1]
[4096,1024,32,-21,2,4,1]
[16384,384,-13,3,1]
[256,128,80,60,31,15,5,2,1]
[4096,-1024,592,-133,37,-4,1]
[729,-243,90,-16,10,-3,1]
[256,512,560,412,233,103,35,8,1]
[4096,1536,656,191,41,6,1]
[14641,-242,-19,-2,1]
[2401,441,99,9,1]
[256,128,144,32,33,8,9,2,1]
[4096,1280,0,-53,0,5,1]
[4096,-448,127,-7,1]
[4096,1024,144,-37,9,4,1]
[16384,2176,281,17,1]
[2401,196,101,4,1]
[16384,1152,101,9,1]
[729,324,117,29,13,4,1]
[4096,-256,-16,63,-1,-1,1]
[4096,3072,1232,359,77,12,1]
[4096,1024,-96,-91,-6,4,1]
[512,320,104,33,13,5,1]
[15625,1375,217,11,1]
[4096,1024,48,-29,3,4,1]
[4096,-768,288,3,18,-3,1]
[729,-243,216,-44,24,-3,1]
[4096,-1280,160,-31,10,-5,1]
[14641,-1210,51,-10,1]
[16384,-1920,295,-15,1]
[4096,-1536,336,-53,21,-6,1]
[4096,0,176,-37,11,0,1]
[15625,-750,52,-6,1]
[4096,512,176,97,11,2,1]
[4096,-1280,416,-161,26,-5,1]
[4096,2560,1008,297,63,10,1]
[4096,1792,688,161,43,7,1]
[4096,0,304,9,19,0,1]
[16384,-3840,435,-30,1]
[15625,2250,264,18,1]
[4096,1024,144,-29,9,4,1]
[4096,1024,-176,-129,-11,4,1]
[625,0,26,0,1]
[16384,-256,-69,-2,1]
[256,64,16,20,11,5,1,1,1]
[4096,-1024,256,-59,16,-4,1]
[4096,1024,-48,-105,-3,4,1]
[4096,256,16,-77,1,1,1]
[256,-64,64,-48,11,-12,4,-1,1]
[15625,-875,246,-7,1]
[4096,3072,1408,411,88,12,1]
[15625,2625,337,21,1]
[729,-243,108,-38,12,-3,1]
[16384,-640,55,-5,1]
[15625,-875,-14,-7,1]
[14641,-4114,511,-34,1]
[6561,405,86,5,1]
[256,128,64,0,5,0,4,2,1]
[256,-128,16,16,-21,4,1,-2,1]
[14641,2057,178,17,1]
[1024,-160,13,-5,1]
[4096,-512,-128,123,-8,-2,1]
[4096,-1024,-176,115,-11,-4,1]
[625,-300,74,-12,1]
[4096,1792,880,209,55,7,1]
[15625,2000,146,16,1]
[4096,2816,1248,371,78,11,1]
[256,64,96,72,17,18,6,1,1]
[512,64,8,29,1,1,1]
[6561,891,181,11,1]
[15625,1000,249,8,1]
[14641,-605,216,-5,1]
[4096,-256,-9,-4,1]
[15625,-3375,388,-27,1]
[4096,1792,128,-49,8,7,1]
[729,-81,99,-31,11,-1,1]
[4096,0,16,-121,1,0,1]
[4096,1536,16,-71,1,6,1]
[256,0,96,0,29,0,6,0,1]
[729,486,198,68,22,6,1]
[256,-64,112,-56,29,-14,7,-1,1]
[729,405,72,7,8,5,1]
[256,-192,160,-48,31,-12,10,-3,1]
[4096,1536,144,-23,9,6,1]
[4096,-1280,-48,81,-3,-5,1]
[4096,-3072,1264,-371,79,-12,1]
[6561,1215,181,15,1]
[14641,-605,-97,-5,1]
[729,324,-9,-40,-1,4,1]
[4096,768,155,12,1]
[4096,768,704,87,44,3,1]
[15625,-125,-1,-1,1]
[4096,-1792,560,-183,35,-7,1]
[4096,768,-112,-109,-7,3,1]
[4096,1024,-160,-93,-10,4,1]
[256,0,1,0,1]
[4096,-768,160,37,10,-3,1]
[4096,768,48,-5,3,3,1]
[4096,-768,352,-65,22,-3,1]
[4096,-768,-208,73,-13,-3,1]
[4096,1024,256,121,16,4,1]
[256,64,-16,-8,-13,-2,-1,1,1]
[14641,-726,148,-6,1]
[2401,0,-32,0,1]
[15625,-2375,331,-19,1]
[256,-128,-32,-8,27,-2,-2,-2,1]
[2401,-637,123,-13,1]
[4096,768,-144,-43,-9,3,1]
[16384,-2048,133,-16,1]
[729,0,-9,-14,-1,0,1]
[729,0,-18,26,-2,0,1]
[4096,256,224,-51,14,1,1]
[6561,-1053,113,-13,1]
[14641,847,48,7,1]
[6561,-810,149,-10,1]
[14641,847,-80,7,1]
[14641,-1089,213,-9,1]
[4096,-1536,640,-183,40,-6,1]
[729,567,297,121,33,7,1]
[256,192,160,100,45,25,10,3,1]
[4096,-2048,288,-5,18,-8,1]
[14641,242,42,2,1]
[256,-64,-16,4,5,1,-1,-1,1]
[4096,512,304,71,19,2,1]
[15625,-2250,286,-18,1]
[16384,-896,203,-7,1]
[4096,512,80,3,5,2,1]
[14641,-242,145,-2,1]
[729,-243,59,-9,1]
[4096,-256,-80,91,-5,-1,1]
[4096,-1024,-64,47,-4,-4,1]
[4096,-1024,-160,133,-10,-4,1]
[4096,512,0,7,0,2,1]
[4096,512,528,75,33,2,1]
[4096,512,112,109,7,2,1]
[14641,2541,232,21,1]
[4096,-512,103,-8,1]
[729,-162,-36,25,-4,-2,1]
[729,0,18,-23,2,0,1]
[4096,2304,368,17,23,9,1]
[4096,256,352,43,22,1,1]
[512,0,56,3,7,0,1]
[4096,-768,176,-77,11,-3,1]
[4096,256,32,81,2,1,1]
[4096,1792,416,83,26,7,1]
[256,-64,16,-20,17,-5,1,-1,1]
[15625,-375,99,-3,1]
[4096,512,256,61,16,2,1]
[15625,1125,236,9,1]
[256,192,32,-48,-47,-12,2,3,1]
[14641,-2783,349,-23,1]
[14641,605,204,5,1]
[4096,0,16,-73,1,0,1]
[512,-64,88,-25,11,-1,1]
[4096,2048,528,109,33,8,1]
[729,81,-36,-34,-4,1,1]
[256,-64,-32,0,11,0,-2,-1,1]
[14641,3388,411,28,1]
[4096,768,16,-15,1,3,1]
[14641,-2178,168,-18,1]
[4096,256,192,-17,12,1,1]
[729,648,342,124,38,8,1]
[4096,-1280,304,-15,19,-5,1]
[4096,1536,320,91,20,6,1]
[14641,1573,185,13,1]
[4096,2048,768,241,48,8,1]
[64,64,32,15,8,4,1]
[15625,1000,134,8,1]
[729,0,99,14,11,0,1]
[4096,1024,480,95,30,4,1]
[15625,-1250,183,-10,1]
[15625,1500,209,12,1]
[512,0,144,3,18,0,1]
[4096,-256,-32,97,-2,-1,1]
[4096,1024,224,89,14,4,1]
[256,-128,96,-68,23,-17,6,-2,1]
[15625,1250,204,10,1]
[4096,-512,-32,27,-2,-2,1]
[4096,-256,128,-55,8,-1,1]
[14641,3267,422,27,1]
[729,81,22,3,1]
[729,-405,171,-43,19,-5,1]
[15625,-875,72,-7,1]
[4096,1536,848,191,53,6,1]
[16384,-2432,199,-19,1]
[15625,0,242,0,1]
[4096,-64,45,-1,1]
[4096,-1024,736,-119,46,-4,1]
[4096,1024,-64,-111,-4,4,1]
[256,256,80,48,41,12,5,4,1]
[256,0,-80,-12,27,-3,-5,0,1]
[15625,-250,-158,-2,1]
[4096,-768,512,-79,32,-3,1]
[14641,1573,215,13,1]
[2401,-49,90,-1,1]
[15625,2875,292,23,1]
[256,0,112,-16,33,-4,7,0,1]
[256,-128,32,-16,23,-4,2,-2,1]
[4096,-2816,1280,-365,80,-11,1]
[14641,1210,217,10,1]
[15625,1625,212,13,1]
[16384,1280,207,10,1]
[6561,972,62,12,1]
[729,81,72,41,8,1,1]
[16384,256,-73,2,1]
[16384,0,27,0,1]
[16384,1408,279,11,1]
[4096,-768,-128,89,-8,-3,1]
[4096,1792,432,89,27,7,1]
[16384,-1920,137,-15,1]
[729,81,9,40,1,1,1]
[4096,-512,272,-99,17,-2,1]
[14641,242,72,2,1]
[256,192,48,-56,-43,-14,3,3,1]
[15625,125,-216,1,1]
[4096,0,-160,17,-10,0,1]
[729,81,135,5,15,1,1]
[4096,-2560,688,-141,43,-10,1]
[4096,-768,432,-37,27,-3,1]
[729,405,108,32,12,5,1]
[729,135,-2,5,1]
[729,-567,243,-79,27,-7,1]
[4096,2048,544,101,34,8,1]
[16384,1408,77,11,1]
[6561,567,146,7,1]
[729,81,72,37,8,1,1]
[4096,3328,1472,445,92,13,1]
[256,-256,80,40,-45,10,5,-4,1]
[4096,-256,-48,21,-3,-1,1]
[2401,245,-11,5,1]
[4096,0,48,-75,3,0,1]
[256,-64,32,8,11,2,2,-1,1]
[14641,-242,-185,-2,1]
[15625,-2250,188,-18,1]
[6561,1863,277,23,1]
[15625,-1625,67,-13,1]
[14641,2904,337,24,1]
[4096,512,352,15,22,2,1]
[4096,1536,544,173,34,6,1]
[256,192,32,-8,-1,-2,2,3,1]
[256,64,16,8,-5,2,1,1,1]
[15625,-875,-74,-7,1]
[14641,-1331,122,-11,1]
[15625,500,222,4,1]
[4096,1792,608,179,38,7,1]
[4096,0,208,59,13,0,1]
[256,320,272,192,105,48,17,5,1]
[4096,0,208,39,13,0,1]
[4096,768,64,31,4,3,1]
[4096,512,-112,-127,-7,2,1]
[2401,-441,109,-9,1]
[256,256,208,140,69,35,13,4,1]
[729,0,9,-25,1,0,1]
[6561,0,-70,0,1]
[4096,704,149,11,1]
[729,-486,153,-37,17,-6,1]
[4096,-1024,448,-95,28,-4,1]
[256,-320,144,-36,13,-9,9,-5,1]
[4096,-512,672,-53,42,-2,1]
[4096,1792,448,125,28,7,1]
[14641,1936,295,16,1]
[4096,-448,37,-7,1]
[15625,1375,176,11,1]
[729,243,198,40,22,3,1]
[729,0,36,-29,4,0,1]
[14641,-1815,284,-15,1]
[4096,-512,144,-3,9,-2,1]
[6561,-729,149,-9,1]
[15625,2500,277,20,1]
[4096,-512,112,39,7,-2,1]
[256,-64,32,-32,7,-8,2,-1,1]
[4096,-1280,256,-65,16,-5,1]
[15625,-2875,302,-23,1]
[4096,-1792,656,-163,41,-7,1]
[729,-81,99,-13,11,-1,1]
[256,-128,96,-60,23,-15,6,-2,1]
[4096,-256,-160,47,-10,-1,1]
[14641,2662,323,22,1]
[512,128,88,15,11,2,1]
[14641,-1573,69,-13,1]
[4096,-768,16,-11,1,-3,1]
[729,-243,18,-11,2,-3,1]
[14641,847,127,7,1]
[4096,1792,80,-77,5,7,1]
[14641,-2178,305,-18,1]
[4096,1024,256,87,16,4,1]
[256,64,16,-12,-1,-3,1,1,1]
[729,-405,171,-73,19,-5,1]
[15625,1000,-46,8,1]
[4096,-512,64,69,4,-2,1]
[2401,-196,99,-4,1]
[4096,-1024,80,51,5,-4,1]
[256,0,0,-4,11,-1,0,0,1]
[2401,-343,53,-7,1]
[14641,-1573,274,-13,1]
[512,-512,296,-117,37,-8,1]
[4096,1280,-80,-99,-5,5,1]
[14641,-484,211,-4,1]
[729,-324,180,-59,20,-4,1]
[4096,1024,-48,-57,-3,4,1]
[14641,-1089,166,-9,1]
[4096,-1280,144,39,9,-5,1]
[4096,512,240,33,15,2,1]
[256,-128,144,-52,43,-13,9,-2,1]
[4096,1280,416,67,26,5,1]
[4096,-3328,1280,-349,80,-13,1]
[4096,-256,64,-113,4,-1,1]
[4096,-256,-96,-41,-6,-1,1]
[256,-64,-32,8,5,2,-2,-1,1]
[729,81,-72,-19,-8,1,1]
[256,320,192,64,23,16,12,5,1]
[15625,625,57,5,1]
[512,448,240,97,30,7,1]
[729,648,351,136,39,8,1]
[4096,-256,240,35,15,-1,1]
[4096,1024,32,-37,2,4,1]
[512,0,96,15,12,0,1]
[16384,-2688,319,-21,1]
[81,0,1,0,1]
[4096,512,352,29,22,2,1]
[4096,-1280,448,-107,28,-5,1]
[729,162,9,23,1,2,1]
[16384,-2304,279,-18,1]
[4096,1024,368,131,23,4,1]
[2401,-294,30,-6,1]
[4096,256,-32,-121,-2,1,1]
[256,-192,208,-104,73,-26,13,-3,1]
[4096,1536,592,171,37,6,1]
[256,-256,32,60,-43,15,2,-4,1]
[4096,3840,1872,575,117,15,1]
[14641,-121,-156,-1,1]
[4096,256,384,3,24,1,1]
[4096,-1024,400,-69,25,-4,1]
[4096,0,80,57,5,0,1]
[14641,2178,179,18,1]
[14641,-2299,177,-19,1]
[4096,-1024,272,-89,17,-4,1]
[256,-64,23,-4,1]
[729,81,-9,2,-1,1,1]
[4096,1280,496,87,31,5,1]
[15625,-1000,57,-8,1]
[4096,-2304,1024,-291,64,-9,1]
[15625,750,76,6,1]
[14641,484,135,4,1]
[729,-324,90,-28,10,-4,1]
[14641,605,-20,5,1]
[256,0,144,-36,37,-9,9,0,1]
[15625,0,229,0,1]
[256,192,112,52,27,13,7,3,1]
[6561,-1134,140,-14,1]
[256,-128,80,-28,23,-7,5,-2,1]
[729,243,18,-1,2,3,1]
[15625,-1500,244,-12,1]
[4096,1024,-176,-89,-11,4,1]
[4096,512,-48,-95,-3,2,1]
[6561,-891,49,-11,1]
[14641,121,208,1,1]
[729,162,-54,-28,-6,2,1]
[4096,-256,96,-85,6,-1,1]
[256,-192,128,-60,25,-15,8,-3,1]
[4096,768,176,-11,11,3,1]
[4096,256,208,11,13,1,1]
[6561,-1215,136,-15,1]
[256,64,0,8,23,2,0,1,1]
[4096,4096,2048,631,128,16,1]
[256,-128,32,-28,15,-7,2,-2,1]
[4096,0,496,-5,31,0,1]
[15625,1125,143,9,1]
[15625,2000,111,16,1]
[729,-405,117,-17,13,-5,1]
[512,0,16,-31,2,0,1]
[256,0,144,-4,49,-1,9,0,1]
[4096,-768,-80,59,-5,-3,1]
[2401,-294,2,-6,1]
[4096,-1536,752,-183,47,-6,1]
[14641,-121,-112,-1,1]
[6561,81,4,1,1]
[256,-448,416,-264,139,-66,26,-7,1]
[4096,2304,816,207,51,9,1]
[256,-64,-16,4,9,1,-1,-1,1]
[4096,-1536,160,15,10,-6,1]
[16384,1280,77,10,1]
[4096,1280,448,79,28,5,1]
[4096,0,48,113,3,0,1]
[4096,-256,-48,49,-3,-1,1]
[15625,2375,179,19,1]
[16384,-4480,543,-35,1]
[4096,-256,128,-97,8,-1,1]
[256,128,32,32,17,8,2,2,1]
[4096,-1536,-112,137,-7,-6,1]
[4096,768,512,75,32,3,1]
[16384,3456,427,27,1]
[15625,375,52,3,1]
[64,96,80,45,20,6,1]
[256,-192,176,-116,61,-29,11,-3,1]
[4096,1024,-64,-45,-4,4,1]
[4096,1024,-128,-97,-8,4,1]
[15625,-250,189,-2,1]
[729,243,144,44,16,3,1]
[15625,-1250,267,-10,1]
[256,0,-32,-8,-7,-2,-2,0,1]
[256,128,176,68,59,17,11,2,1]
[15625,2625,286,21,1]
[4096,-768,-128,135,-8,-3,1]
[512,192,8,-3,1,3,1]
[4096,1024,576,129,36,4,1]
[729,405,135,41,15,5,1]
[4096,-256,-32,53,-2,-1,1]
[729,891,531,208,59,11,1]
[4096,-2304,848,-215,53,-9,1]
[256,64,96,40,27,10,6,1,1]
[4096,256,496,31,31,1,1]
[256,256,240,172,89,43,15,4,1]
[256,-128,64,-40,13,-10,4,-2,1]
[1024,0,17,0,1]
[4096,1280,352,79,22,5,1]
[15625,-875,-19,-7,1]
[4096,256,-160,11,-10,1,1]
[256,-64,64,4,1,1,4,-1,1]
[256,256,192,88,43,22,12,4,1]
[256,-128,16,8,-1,2,1,-2,1]
[4096,768,-48,-107,-3,3,1]
[14641,-2057,301,-17,1]
[14641,484,84,4,1]
[4096,1792,-224,-211,-14,7,1]
[16384,1536,161,12,1]
[4096,-1792,432,-77,27,-7,1]
[4096,256,-48,-43,-3,1,1]
[15625,-3500,433,-28,1]
[4096,512,336,19,21,2,1]
[4096,0,-144,-13,-9,0,1]
[14641,-242,-151,-2,1]
[256,320,240,152,81,38,15,5,1]
[16384,-128,-193,-1,1]
[4096,768,-80,-15,-5,3,1]
[4096,512,496,45,31,2,1]
[15625,-375,-68,-3,1]
[81,-81,38,-9,1]
[256,384,320,188,97,47,20,6,1]
[15625,-1375,256,-11,1]
[15625,-3000,336,-24,1]
[4096,512,-64,-95,-4,2,1]
[729,-81,-63,26,-7,-1,1]
[4096,1536,688,151,43,6,1]
[6561,-810,65,-10,1]
[15625,-2000,193,-16,1]
[4096,0,-112,-25,-7,0,1]
[729,-405,135,-28,15,-5,1]
[4096,-2816,1088,-295,68,-11,1]
[729,324,36,-20,4,4,1]
[16384,1024,65,8,1]
[729,162,35,6,1]
[729,-324,0,38,0,-4,1]
[729,81,126,28,14,1,1]
[4096,256,64,117,4,1,1]
[81,63,26,7,1]
[14641,-2299,326,-19,1]
[16384,1792,203,14,1]
[729,-324,0,22,0,-4,1]
[16384,1024,75,8,1]
[16384,1024,-63,8,1]
[256,-64,48,-20,17,-5,3,-1,1]
[4096,-1536,368,-119,23,-6,1]
[6561,-486,-19,-6,1]
[16384,-128,-91,-1,1]
[729,-243,-27,29,-3,-3,1]
[4096,2304,896,255,56,9,1]
[14641,-968,126,-8,1]
[4096,1024,160,69,10,4,1]
[256,-128,128,-24,25,-6,8,-2,1]
[4096,-2560,944,-275,59,-10,1]
[4096,-512,432,-67,27,-2,1]
[512,256,-24,-47,-3,4,1]
[729,-486,297,-107,33,-6,1]
[6561,648,50,8,1]
[256,-64,48,24,1,6,3,-1,1]
[4096,-1280,128,-31,8,-5,1]
[256,-320,240,-168,99,-42,15,-5,1]
[6561,-486,-22,-6,1]
[15625,-2500,289,-20,1]
[4096,-768,592,-83,37,-3,1]
[14641,-968,92,-8,1]
[16384,-1408,7,-11,1]
[729,405,63,-10,7,5,1]
[512,0,40,5,5,0,1]
[4096,1024,256,35,16,4,1]
[14641,-847,212,-7,1]
[2401,-98,1,-2,1]
[4096,512,192,83,12,2,1]
[4096,-2304,304,9,19,-9,1]
[6561,-648,56,-8,1]
[16384,2048,279,16,1]
[256,192,128,68,27,17,8,3,1]
[256,128,-16,-8,9,-2,-1,2,1]
[4096,-1536,448,-115,28,-6,1]
[512,448,264,101,33,7,1]
[1024,160,-5,5,1]
[512,-64,72,11,9,-1,1]
[729,81,0,19,0,1,1]
[4096,768,-80,-91,-5,3,1]
[4096,-768,-48,63,-3,-3,1]
[16384,768,131,6,1]
[512,-256,72,-19,9,-4,1]
[4096,512,48,-39,3,2,1]
[256,128,64,48,17,12,4,2,1]
[256,0,48,40,-3,10,3,0,1]
[4096,256,272,27,17,1,1]
[625,325,87,13,1]
[6561,0,22,0,1]
[4096,0,400,-15,25,0,1]
[256,128,64,-4,3,-1,4,2,1]
[2401,-147,29,-3,1]
[4096,512,176,9,11,2,1]
[4096,-512,0,17,0,-2,1]
[4096,-512,128,27,8,-2,1]
[16384,-3456,433,-27,1]
[15625,1125,164,9,1]
[729,81,27,16,3,1,1]
[4096,-2304,496,-75,31,-9,1]
[256,-64,-16,16,3,4,-1,-1,1]
[4096,0,336,5,21,0,1]
[2401,-637,99,-13,1]
[4096,1536,352,101,22,6,1]
[4096,512,320,67,20,2,1]
[729,-324,-27,43,-3,-4,1]
[4096,-768,256,-71,16,-3,1]
[256,-64,-32,0,9,0,-2,-1,1]
[256,-64,32,-8,21,-2,2,-1,1]
[14641,1694,271,14,1]
[14641,2057,199,17,1]
[256,64,-64,0,27,0,-4,1,1]
[4096,-512,111,-8,1]
[16384,128,-31,1,1]
[14641,-726,-12,-6,1]
[4096,-512,112,57,7,-2,1]
[4096,1280,368,137,23,5,1]
[4096,-1536,240,-35,15,-6,1]
[15625,375,-119,3,1]
[729,162,54,17,6,2,1]
[14641,3509,402,29,1]
[512,-512,304,-125,38,-8,1]
[729,81,63,-4,7,1,1]
[4096,-1280,240,-49,15,-5,1]
[16384,-3200,367,-25,1]
[4096,0,32,15,2,0,1]
[15625,3125,393,25,1]
[15625,-125,48,-1,1]
[512,-128,88,-39,11,-2,1]
[729,324,207,56,23,4,1]
[512,-128,88,-35,11,-2,1]
[4096,-2560,832,-217,52,-10,1]
[256,512,480,292,149,73,30,8,1]
[4096,-768,144,-69,9,-3,1]
[729,567,279,94,31,7,1]
[4096,512,528,53,33,2,1]
[256,192,48,-24,-29,-6,3,3,1]
[14641,0,-226,0,1]
[14641,-1694,101,-14,1]
[4096,-2560,816,-197,51,-10,1]
[729,0,-27,26,-3,0,1]
[729,-324,144,-32,16,-4,1]
[4096,0,-64,-85,-4,0,1]
[4096,-512,-64,43,-4,-2,1]
[4096,1536,144,-9,9,6,1]
[4096,512,208,-3,13,2,1]
[4096,-1024,16,81,1,-4,1]
[16384,1024,-13,8,1]
[4096,-1536,432,-131,27,-6,1]
[729,243,171,37,19,3,1]
[15625,-3625,428,-29,1]
[4096,-1024,576,-113,36,-4,1]
[14641,726,-47,6,1]
[4096,-512,416,-31,26,-2,1]
[14641,2662,243,22,1]
[4096,1280,624,111,39,5,1]
[512,0,-8,-5,-1,0,1]
[512,256,80,31,10,4,1]
[14641,-363,171,-3,1]
[4096,-768,288,-7,18,-3,1]
[14641,-726,212,-6,1]
[256,-384,336,-224,123,-56,21,-6,1]
[14641,484,204,4,1]
[4096,768,384,77,24,3,1]
[4096,-256,-208,27,-13,-1,1]
[512,-320,136,-49,17,-5,1]
[15625,0,-84,0,1]
[14641,2662,289,22,1]
[4096,-768,64,23,4,-3,1]
[4096,768,288,127,18,3,1]
[4096,-2304,832,-237,52,-9,1]
[16384,2304,237,18,1]
[15625,1750,269,14,1]
[14641,-2057,295,-17,1]
[4096,-3840,1856,-575,116,-15,1]
[4096,-2048,928,-255,58,-8,1]
[14641,-1573,194,-13,1]
[6561,-567,52,-7,1]
[4096,256,32,-15,2,1,1]
[14641,2299,227,19,1]
[729,243,18,-10,2,3,1]
[512,512,328,137,41,8,1]
[16384,-768,247,-6,1]
[4096,-768,-128,115,-8,-3,1]
[14641,-1694,79,-14,1]
[4096,-1536,544,-131,34,-6,1]
[4096,0,80,-63,5,0,1]
[16384,-1408,13,-11,1]
[16384,-1280,165,-10,1]
[4096,-512,-16,87,-1,-2,1]
[4096,-256,-16,79,-1,-1,1]
[729,243,54,-7,6,3,1]
[6561,-1296,148,-16,1]
[4096,1024,656,119,41,4,1]
[256,128,96,64,23,16,6,2,1]
[256,64,0,-12,11,-3,0,1,1]
[4096,-768,400,-85,25,-3,1]
[4096,-768,144,3,9,-3,1]
[2401,490,81,10,1]
[6561,-810,19,-10,1]
[6561,0,-62,0,1]
[16384,-3584,393,-28,1]
[4096,512,112,85,7,2,1]
[4096,-512,80,-81,5,-2,1]
[729,81,18,-23,2,1,1]
[256,64,-16,-12,-13,-3,-1,1,1]
[4096,768,208,63,13,3,1]
[4096,-2816,1072,-301,67,-11,1]
[14641,2904,304,24,1]
[256,192,32,-8,-7,-2,2,3,1]
[729,324,153,68,17,4,1]
[4096,256,-80,-77,-5,1,1]
[15625,-250,-59,-2,1]
[4096,-512,320,-103,20,-2,1]
[4096,-1024,272,-77,17,-4,1]
[15625,-1375,193,-11,1]
[512,-128,0,25,0,-2,1]
[16384,-256,-121,-2,1]
[14641,-3993,509,-33,1]
[2401,343,1,7,1]
[4096,-768,-224,95,-14,-3,1]
[256,-192,112,-72,39,-18,7,-3,1]
[4096,0,80,15,5,0,1]
[256,-128,48,-8,-1,-2,3,-2,1]
[4096,-1792,-16,107,-1,-7,1]
[6561,-1458,215,-18,1]
[256,320,288,180,97,45,18,5,1]
[4096,1536,416,117,26,6,1]
[729,-243,198,-49,22,-3,1]
[4096,1280,176,25,11,5,1]
[256,0,128,-12,37,-3,8,0,1]
[729,0,162,8,18,0,1]
[6561,567,10,7,1]
[15625,-1000,-36,-8,1]
[15625,1750,298,14,1]
[4096,1088,159,17,1]
[4096,-768,544,-93,34,-3,1]
[4096,256,-80,33,-5,1,1]
[4096,2048,608,147,38,8,1]
[4096,-1024,-96,57,-6,-4,1]
[256,128,112,52,35,13,7,2,1]
[256,128,144,72,45,18,9,2,1]
[4096,2048,864,229,54,8,1]
[14641,1210,161,10,1]
[6561,1620,203,20,1]
[4096,768,224,135,14,3,1]
[256,-128,-16,28,-13,7,-1,-2,1]
[4096,0,336,31,21,0,1]
[512,0,160,3,20,0,1]
[6561,-648,-8,-8,1]
[4096,512,672,53,42,2,1]
[14641,605,-96,5,1]
[729,243,-63,-64,-7,3,1]
[4096,-512,640,-61,40,-2,1]
[1024,320,77,10,1]
[14641,-121,-26,-1,1]
[4096,-1344,219,-21,1]
[4096,-256,688,-29,43,-1,1]
[1024,-64,37,-2,1]
[512,128,112,21,14,2,1]
[16384,0,-73,0,1]
[4096,2304,880,269,55,9,1]
[4096,1024,432,147,27,4,1]
[4096,-2048,800,-245,50,-8,1]
[16384,-512,-145,-4,1]
[1024,352,89,11,1]
[256,-64,48,-32,11,-8,3,-1,1]
[14641,605,146,5,1]
[729,405,90,7,10,5,1]
[16384,-1920,267,-15,1]
[4096,-512,48,-41,3,-2,1]
[625,150,39,6,1]
[4096,512,464,25,29,2,1]
[15625,-1625,166,-13,1]
[4096,-512,176,-113,11,-2,1]
[729,-243,-27,40,-3,-3,1]
[2401,343,89,7,1]
[4096,-1024,64,49,4,-4,1]
[4096,-256,0,-23,0,-1,1]
[4096,256,496,33,31,1,1]
[6561,891,68,11,1]
[15625,875,126,7,1]
[15625,375,-176,3,1]
[16384,256,209,2,1]
[729,405,234,71,26,5,1]
[15625,875,-73,7,1]
[729,81,54,-20,6,1,1]
[14641,-242,-29,-2,1]
[4096,512,480,53,30,2,1]
[15625,1250,181,10,1]
[14641,-1936,216,-16,1]
[256,-256,208,-140,73,-35,13,-4,1]
[14641,121,218,1,1]
[4096,0,48,-95,3,0,1]
[15625,-1375,187,-11,1]
[4096,-2304,752,-203,47,-9,1]
[729,405,99,19,11,5,1]
[16384,-1408,77,-11,1]
[4096,1280,-32,-51,-2,5,1]
[1024,512,123,16,1]
[4096,3328,1504,445,94,13,1]
[4096,-1536,496,-101,31,-6,1]
[14641,-121,-52,-1,1]
[15625,2250,171,18,1]
[14641,847,-61,7,1]
[16384,-128,239,-1,1]
[4096,512,144,-13,9,2,1]
[14641,3630,460,30,1]
[512,0,48,-19,6,0,1]
[256,0,32,4,15,1,2,0,1]
[4096,-768,-128,57,-8,-3,1]
[16384,-1536,175,-12,1]
[14641,-1815,248,-15,1]
[256,128,96,24,19,6,6,2,1]
[256,64,-48,-4,21,-1,-3,1,1]
[2401,-343,94,-7,1]
[6561,-81,31,-1,1]
[4096,-3584,1760,-533,110,-14,1]
[512,-192,48,-7,6,-3,1]
[256,192,80,24,11,6,5,3,1]
[14641,-363,-43,-3,1]
[4096,-256,672,-33,42,-1,1]
[729,324,-18,-47,-2,4,1]
[6561,405,-53,5,1]
[256,0,64,-24,5,-6,4,0,1]
[4096,-1024,-48,63,-3,-4,1]
[512,384,184,61,23,6,1]
[14641,1573,180,13,1]
[4096,-1536,272,-39,17,-6,1]
[256,0,64,20,17,5,4,0,1]
[729,243,126,34,14,3,1]
[729,81,81,-17,9,1,1]
[16384,-1536,79,-12,1]
[14641,-121,146,-1,1]
[14641,-1573,73,-13,1]
[14641,-1210,199,-10,1]
[512,128,112,15,14,2,1]
[729,162,81,-8,9,2,1]
[4096,-1536,208,-21,13,-6,1]
[4096,0,384,-3,24,0,1]
[4096,-1792,464,-75,29,-7,1]
[4096,-1792,624,-189,39,-7,1]
[256,0,64,4,33,1,4,0,1]
[4096,-2304,1008,-269,63,-9,1]
[16384,0,-159,0,1]
[6561,972,122,12,1]
[16384,1152,81,9,1]
[256,128,144,92,45,23,9,2,1]
[256,-128,80,-48,15,-12,5,-2,1]
[4096,-448,115,-7,1]
[512,-192,152,-35,19,-3,1]
[729,162,-54,-47,-6,2,1]
[4096,-1536,688,-157,43,-6,1]
[729,-162,0,34,0,-2,1]
[4096,1024,160,57,10,4,1]
[729,-243,81,-10,9,-3,1]
[14641,-1210,183,-10,1]
[4096,0,128,77,8,0,1]
[6561,648,14,8,1]
[256,0,32,4,-1,1,2,0,1]
[14641,-484,-98,-4,1]
[6561,-324,-7,-4,1]
[4096,-1536,752,-173,47,-6,1]
[256,-320,176,-44,7,-11,11,-5,1]
[4096,-2304,784,-199,49,-9,1]
[15625,1500,156,12,1]
[15625,0,-104,0,1]
[4096,1536,144,-41,9,6,1]
[256,0,64,-12,9,-3,4,0,1]
[4096,0,-160,-29,-10,0,1]
[512,64,48,15,6,1,1]
[256,192,80,60,39,15,5,3,1]
[4096,-1280,176,-33,11,-5,1]
[14641,-484,237,-4,1]
[4096,-2304,944,-245,59,-9,1]
[4096,-1024,-192,99,-12,-4,1]
[512,128,72,35,9,2,1]
[256,64,-16,20,29,5,-1,1,1]
[15625,-1875,118,-15,1]
[15625,-750,189,-6,1]
[14641,-2541,337,-21,1]
[4096,512,192,-21,12,2,1]
[4096,768,-128,-83,-8,3,1]
[256,0,96,-36,17,-9,6,0,1]
[16384,-2944,277,-23,1]
[2401,-196,-2,-4,1]
[512,-64,-48,19,-6,-1,1]
[16384,1536,181,12,1]
[4096,-512,-128,43,-8,-2,1]
[4096,0,96,25,6,0,1]
[256,192,208,104,73,26,13,3,1]
[4096,2048,720,215,45,8,1]
[15625,-2000,146,-16,1]
[729,-162,81,-1,9,-2,1]
[729,-81,81,-32,9,-1,1]
[1024,256,61,8,1]
[15625,-2875,333,-23,1]
[4096,-1024,640,-107,40,-4,1]
[256,-64,-16,16,-19,4,-1,-1,1]
[4096,-1024,176,25,11,-4,1]
[4096,-3584,1520,-439,95,-14,1]
[256,0,16,4,25,1,1,0,1]
[14641,-1936,299,-16,1]
[4096,-2560,1072,-303,67,-10,1]
[4096,0,160,-83,10,0,1]
[4096,-1024,400,-47,25,-4,1]
[729,162,36,25,4,2,1]
[625,25,-11,1,1]
[256,256,240,152,89,38,15,4,1]
[256,128,64,52,27,13,4,2,1]
[256,0,-32,0,7,0,-2,0,1]
[14641,-1089,-10,-9,1]
[4096,768,-80,-65,-5,3,1]
[256,64,-16,4,21,1,-1,1,1]
[4096,1280,-160,-147,-10,5,1]
[256,-192,48,40,-41,10,3,-3,1]
[15625,-250,193,-2,1]
[729,-324,81,-8,9,-4,1]
[6561,-1539,196,-19,1]
[4096,-1280,272,-31,17,-5,1]
[4096,512,704,61,44,2,1]
[4096,512,224,63,14,2,1]
[4096,-768,-144,45,-9,-3,1]
[512,192,40,5,5,3,1]
[512,256,136,55,17,4,1]
[4096,-2560,1056,-329,66,-10,1]
[14641,2662,301,22,1]
[4096,1280,96,-23,6,5,1]
[15625,3375,356,27,1]
[4096,-512,192,-89,12,-2,1]
[15625,0,-111,0,1]
[4096,-1536,48,53,3,-6,1]
[4096,2304,896,241,56,9,1]
[14641,968,213,8,1]
[256,192,112,60,23,15,7,3,1]
[4096,-256,160,-85,10,-1,1]
[4096,960,173,15,1]
[2401,-98,46,-2,1]
[15625,-1750,164,-14,1]
[6561,0,-149,0,1]
[4096,-512,16,93,1,-2,1]
[4096,2560,1024,307,64,10,1]
[625,125,28,5,1]
[15625,375,28,3,1]
[15625,1500,101,12,1]
[15625,-750,-22,-6,1]
[729,-81,-18,25,-2,-1,1]
[15625,2500,299,20,1]
[256,192,112,16,5,4,7,3,1]
[4096,256,-160,-37,-10,1,1]
[4096,-768,160,-65,10,-3,1]
[4096,768,208,13,13,3,1]
[4096,-1280,416,-89,26,-5,1]
[4096,768,336,91,21,3,1]
[14641,242,94,2,1]
[15625,-2750,316,-22,1]
[4096,256,320,47,20,1,1]
[4096,-1024,-16,31,-1,-4,1]
[256,128,32,-20,-17,-5,2,2,1]
[4096,3584,1632,483,102,14,1]
[4096,-1280,288,-29,18,-5,1]
[729,-162,-54,38,-6,-2,1]
[729,486,216,68,24,6,1]
[4096,256,224,91,14,1,1]
[256,-64,16,28,-7,7,1,-1,1]
[4096,2816,1136,331,71,11,1]
[4096,-512,64,-31,4,-2,1]
[4096,-1792,368,-85,23,-7,1]
[729,-324,90,-13,10,-4,1]
[729,-243,-36,41,-4,-3,1]
[4096,2816,1360,387,85,11,1]
[6561,1053,152,13,1]
[6561,405,22,5,1]
[4096,256,80,47,5,1,1]
[16384,-896,39,-7,1]
[15625,1125,86,9,1]
[16384,-2176,285,-17,1]
[6561,243,-91,3,1]
[4096,-1536,336,-99,21,-6,1]
[14641,-363,89,-3,1]
[4096,512,128,1,8,2,1]
[4096,256,160,-49,10,1,1]
[256,0,-48,0,5,0,-3,0,1]
[6561,-729,130,-9,1]
[4096,-2304,864,-239,54,-9,1]
[14641,-1089,71,-9,1]
[256,-192,112,-24,7,-6,7,-3,1]
[4096,576,119,9,1]
[256,64,16,32,13,8,1,1,1]
[15625,1250,271,10,1]
[15625,-1875,243,-15,1]
[15625,-1000,-24,-8,1]
[256,0,-64,-4,9,-1,-4,0,1]
[256,-384,320,-188,95,-47,20,-6,1]
[4096,1024,624,111,39,4,1]
[16384,768,-23,6,1]
[256,-64,96,4,19,1,6,-1,1]
[16384,-2816,359,-22,1]
[14641,484,-57,4,1]
[15625,125,16,1,1]
[256,64,48,-8,-7,-2,3,1,1]
[6561,0,118,0,1]
[256,128,112,52,23,13,7,2,1]
[256,0,0,-4,-19,-1,0,0,1]
[729,486,225,85,25,6,1]
[256,64,64,-4,-1,-1,4,1,1]
[729,-486,72,7,8,-6,1]
[4096,1280,512,105,32,5,1]
[729,-135,59,-5,1]
[4096,-512,208,-15,13,-2,1]
[4096,3328,1376,391,86,13,1]
[15625,375,173,3,1]
[14641,-726,-109,-6,1]
[14641,0,-81,0,1]
[4096,256,-112,-23,-7,1,1]
[729,-243,162,-50,18,-3,1]
[729,162,162,23,18,2,1]
[729,243,90,43,10,3,1]
[2401,-147,64,-3,1]
[64,-48,40,-21,10,-3,1]
[729,-243,72,-7,8,-3,1]
[15625,-2125,272,-17,1]
[14641,2057,276,17,1]
[256,64,64,44,21,11,4,1,1]
[4096,-2048,288,-13,18,-8,1]
[256,-128,96,-32,25,-8,6,-2,1]
[4096,-256,-96,61,-6,-1,1]
[4096,-256,-160,79,-10,-1,1]
[14641,-242,-135,-2,1]
[1024,-32,41,-1,1]
[16384,512,99,4,1]
[4096,-512,48,43,3,-2,1]
[256,64,16,16,-7,4,1,1,1]
[15625,125,-177,1,1]
[14641,847,9,7,1]
[4096,-256,80,-107,5,-1,1]
[4096,-768,400,-21,25,-3,1]
[4096,1024,48,-59,3,4,1]
[14641,-1936,173,-16,1]
[256,64,128,16,37,4,8,1,1]
[256,320,128,-24,-37,-6,8,5,1]
[256,-64,112,-24,27,-6,7,-1,1]
[15625,625,97,5,1]
[14641,1815,181,15,1]
[6561,-1134,104,-14,1]
[14641,-1210,234,-10,1]
[4096,-3328,1504,-449,94,-13,1]
[4096,-768,-80,31,-5,-3,1]
[512,256,112,45,14,4,1]
[81,-45,13,-5,1]
[6561,405,52,5,1]
[15625,2625,246,21,1]
[256,64,144,60,41,15,9,1,1]
[14641,-2178,185,-18,1]
[4096,1536,80,-45,5,6,1]
[16384,-512,-117,-4,1]
[4096,-512,-48,85,-3,-2,1]
[4096,512,-128,-107,-8,2,1]
[4096,0,-128,-33,-8,0,1]
[15625,-1250,157,-10,1]
[729,-162,144,-16,16,-2,1]
[15625,625,-32,5,1]
[4096,1280,197,20,1]
[2401,98,-24,2,1]
[4096,2304,976,255,61,9,1]
[256,-192,192,-124,63,-31,12,-3,1]
[4096,-256,400,11,25,-1,1]
[729,-81,162,-4,18,-1,1]
[15625,2500,282,20,1]
[4096,-512,16,-15,1,-2,1]
[256,-256,144,-68,39,-17,9,-4,1]
[64,32,-4,-9,-1,2,1]
[4096,-512,79,-8,1]
[4096,-512,112,11,7,-2,1]
[729,-243,63,2,7,-3,1]
[4096,-1792,832,-203,52,-7,1]
[4096,0,16,-71,1,0,1]
[4096,-1024,16,85,1,-4,1]
[14641,-1573,91,-13,1]
[4096,-256,352,1,22,-1,1]
[4096,512,192,-33,12,2,1]
[15625,-2625,231,-21,1]
[4096,-768,336,-117,21,-3,1]
[6561,1620,209,20,1]
[14641,-1089,257,-9,1]
[16384,896,27,7,1]
[4096,1280,432,57,27,5,1]
[4096,256,64,-3,4,1,1]
[1024,-352,63,-11,1]
[256,-192,144,-80,47,-20,9,-3,1]
[4096,-2304,928,-241,58,-9,1]
[729,0,72,14,8,0,1]
[4096,512,16,-77,1,2,1]
[256,0,48,-8,1,-2,3,0,1]
[256,-128,-32,4,13,1,-2,-2,1]
[4096,-512,272,-15,17,-2,1]
[512,64,8,-23,1,1,1]
[4096,-2816,944,-245,59,-11,1]
[14641,-2057,235,-17,1]
[729,81,27,41,3,1,1]
[14641,-484,186,-4,1]
[256,64,128,56,33,14,8,1,1]
[6561,-81,95,-1,1]
[4096,1536,208,13,13,6,1]
[64,-32,8,5,2,-2,1]
[729,-162,63,-34,7,-2,1]
[4096,512,384,37,24,2,1]
[512,-320,96,-23,12,-5,1]
[256,-64,-16,24,-13,6,-1,-1,1]
[512,128,120,25,15,2,1]
[16384,3584,411,28,1]
[729,162,180,31,20,2,1]
[4096,256,-80,35,-5,1,1]
[16384,2560,233,20,1]
[4096,-1024,192,-79,12,-4,1]
[729,-324,144,-56,16,-4,1]
[16384,-1920,109,-15,1]
[256,-128,32,36,-21,9,2,-2,1]
[4096,-512,144,-23,9,-2,1]
[4096,-256,400,-49,25,-1,1]
[4096,0,48,75,3,0,1]
[4096,-768,224,13,14,-3,1]
[4096,-768,0,49,0,-3,1]
[256,0,16,4,15,1,1,0,1]
[6561,243,19,3,1]
[15625,0,-248,0,1]
[6561,891,37,11,1]
[4096,256,32,-79,2,1,1]
[4096,0,48,-19,3,0,1]
[16384,-2816,343,-22,1]
[512,-128,120,-17,15,-2,1]
[6561,729,58,9,1]
[4096,576,47,9,1]
[6561,-1701,241,-21,1]
[4096,1280,256,47,16,5,1]
[4096,512,64,53,4,2,1]
[16384,256,-129,2,1]
[4096,-512,464,-81,29,-2,1]
[256,128,64,36,23,9,4,2,1]
[256,-64,64,-20,7,-5,4,-1,1]
[6561,-324,20,-4,1]
[729,-243,126,-62,14,-3,1]
[16384,-768,101,-6,1]
[256,-64,0,-20,11,-5,0,-1,1]
[512,128,168,27,21,2,1]
[16384,0,-171,0,1]
[15625,625,-54,5,1]
[4096,1792,448,69,28,7,1]
[4096,-3840,1760,-527,110,-15,1]
[4096,512,352,81,22,2,1]
[14641,3388,390,28,1]
[4096,1792,208,-5,13,7,1]
[14641,2057,155,17,1]
[14641,-2783,298,-23,1]
[4096,512,208,-41,13,2,1]
[4096,-1536,176,-7,11,-6,1]
[4096,-768,64,39,4,-3,1]
[256,64,112,48,31,12,7,1,1]
[4096,-768,448,-53,28,-3,1]
[4096,768,336,99,21,3,1]
[15625,-625,154,-5,1]
[4096,1280,224,37,14,5,1]
[15625,-375,-41,-3,1]
[15625,250,164,2,1]
[4096,-1280,336,-29,21,-5,1]
[4096,0,-16,47,-1,0,1]
[4096,256,176,27,11,1,1]
[15625,875,122,7,1]
[4096,1024,304,33,19,4,1]
[2401,-196,74,-4,1]
[4096,768,-32,-39,-2,3,1]
[14641,363,62,3,1]
[16384,-1152,127,-9,1]
[256,0,64,-16,19,-4,4,0,1]
[4096,2816,992,267,62,11,1]
[4096,768,112,31,7,3,1]
[6561,-405,-61,-5,1]
[4096,-1792,48,89,3,-7,1]
[14641,1694,254,14,1]
[16384,0,-59,0,1]
[4096,256,496,47,31,1,1]
[16384,1792,101,14,1]
[15625,250,-199,2,1]
[4096,-1536,240,-33,15,-6,1]
[15625,750,82,6,1]
[15625,125,39,1,1]
[14641,968,222,8,1]
[4096,256,240,-49,15,1,1]
[512,0,0,11,0,0,1]
[4096,768,176,-29,11,3,1]
[256,0,64,16,5,4,4,0,1]
[256,0,16,-4,-7,-1,1,0,1]
[16384,4224,519,33,1]
[256,0,80,-24,17,-6,5,0,1]
[4096,1792,688,187,43,7,1]
[729,-162,117,-10,13,-2,1]
[256,192,192,92,61,23,12,3,1]
[4096,256,64,-45,4,1,1]
[256,256,240,160,89,40,15,4,1]
[256,320,208,120,67,30,13,5,1]
[16384,-512,-21,-4,1]
[512,-64,40,17,5,-1,1]
[15625,2500,209,20,1]
[16384,4608,579,36,1]
[256,-192,112,-68,31,-17,7,-3,1]
[729,81,9,2,1,1,1]
[14641,-1210,112,-10,1]
[16384,896,179,7,1]
[14641,1694,85,14,1]
[729,162,36,1,4,2,1]
[4096,-1280,480,-77,30,-5,1]
[256,192,144,60,39,15,9,3,1]
[4096,512,112,1,7,2,1]
[4096,-1024,-96,101,-6,-4,1]
[4096,-1280,0,51,0,-5,1]
[15625,0,-169,0,1]
[15625,-1750,158,-14,1]
[4096,768,288,91,18,3,1]
[4096,256,-112,35,-7,1,1]
[16384,-896,83,-7,1]
[6561,-1701,238,-21,1]
[4096,1024,432,91,27,4,1]
[6561,-486,52,-6,1]
[4096,2304,848,227,53,9,1]
[4096,512,192,91,12,2,1]
[15625,3375,422,27,1]
[4096,256,0,63,0,1,1]
[2401,392,88,8,1]
[2401,-196,9,-4,1]
[512,-448,256,-105,32,-7,1]
[4096,-768,704,-93,44,-3,1]
[4096,-512,464,-53,29,-2,1]
[256,256,192,136,73,34,12,4,1]
[14641,-1936,193,-16,1]
[729,81,90,10,10,1,1]
[4096,1280,48,-59,3,5,1]
[4096,512,256,3,16,2,1]
[729,-729,405,-158,45,-9,1]
[4096,256,496,1,31,1,1]
[2401,-245,25,-5,1]
[256,320,272,188,109,47,17,5,1]
[4096,1792,368,39,23,7,1]
[4096,768,64,-7,4,3,1]
[4096,1536,112,-39,7,6,1]
[256,128,64,48,27,12,4,2,1]
[14641,-484,-69,-4,1]
[4096,0,432,-11,27,0,1]
[4096,256,112,49,7,1,1]
[256,-64,-16,-8,11,-2,-1,-1,1]
[4096,1536,880,193,55,6,1]
[4096,256,0,-67,0,1,1]
[14641,-2904,346,-24,1]
[729,-324,99,-25,11,-4,1]
[14641,484,156,4,1]
[4096,768,-48,-45,-3,3,1]
[4096,1280,480,127,30,5,1]
[4096,-1536,-48,95,-3,-6,1]
[4096,512,304,-13,19,2,1]
[6561,0,-143,0,1]
[256,-128,16,-20,17,-5,1,-2,1]
[15625,125,-12,1,1]
[15625,-1125,-4,-9,1]
[14641,726,-105,6,1]
[15625,1000,1,8,1]
[4096,-1024,192,-93,12,-4,1]
[16384,2560,215,20,1]
[16384,-3968,479,-31,1]
[4096,256,416,-7,26,1,1]
[14641,-3630,466,-30,1]
[4096,768,224,7,14,3,1]
[14641,1573,202,13,1]
[16384,-1408,39,-11,1]
[6561,0,-161,0,1]
[4096,1024,64,-13,4,4,1]
[16384,2688,343,21,1]
[512,256,120,49,15,4,1]
[729,405,225,71,25,5,1]
[16384,-2304,281,-18,1]
[16384,5248,675,41,1]
[4096,-1280,624,-117,39,-5,1]
[729,243,9,1,1,3,1]
[14641,1331,239,11,1]
[729,-405,225,-85,25,-5,1]
[4096,3072,1168,323,73,12,1]
[256,192,112,52,19,13,7,3,1]
[256,0,-80,4,29,1,-5,0,1]
[4096,256,128,-25,8,1,1]
[729,81,54,11,6,1,1]
[512,128,144,25,18,2,1]
[14641,-2420,287,-20,1]
[15625,375,224,3,1]
[15625,-1000,149,-8,1]
[81,-36,7,-4,1]
[14641,-726,-32,-6,1]
[4096,768,640,95,40,3,1]
[256,-256,176,-100,49,-25,11,-4,1]
[4096,256,-32,3,-2,1,1]
[4096,-512,400,-71,25,-2,1]
[4096,1280,352,115,22,5,1]
[14641,-2178,284,-18,1]
[4096,0,208,71,13,0,1]
[2401,931,170,19,1]
[14641,242,-30,2,1]
[512,-64,-32,-5,-4,-1,1]
[625,-275,76,-11,1]
[14641,847,178,7,1]
[256,-64,32,24,-9,6,2,-1,1]
[4096,2304,880,229,55,9,1]
[2401,-735,141,-15,1]
[2401,-98,75,-2,1]
[16384,-1152,245,-9,1]
[256,192,80,-32,-25,-8,5,3,1]
[4096,-512,80,-23,5,-2,1]
[256,-128,128,-68,37,-17,8,-2,1]
[729,27,1,1,1]
[256,-64,80,28,5,7,5,-1,1]
[256,-64,64,-36,1,-9,4,-1,1]
[729,81,53,3,1]
[15625,1375,212,11,1]
[256,-256,64,48,-43,12,4,-4,1]
[4096,1024,-192,-111,-12,4,1]
[6561,-567,98,-7,1]
[15625,-1375,263,-11,1]
[15625,1250,194,10,1]
[256,-256,224,-136,77,-34,14,-4,1]
[15625,-1875,261,-15,1]
[4096,-256,-144,25,-9,-1,1]
[4096,0,64,97,4,0,1]
[15625,750,252,6,1]
[16384,-3712,441,-29,1]
[6561,-648,128,-8,1]
[256,192,144,92,43,23,9,3,1]
[4096,256,384,39,24,1,1]
[4096,-512,-64,23,-4,-2,1]
[4096,2816,1072,311,67,11,1]
[4096,-256,48,-87,3,-1,1]
[15625,-3000,341,-24,1]
[16384,-640,91,-5,1]
[14641,1936,197,16,1]
[256,64,0,20,23,5,0,1,1]
[256,64,112,44,27,11,7,1,1]
[729,-81,36,-29,4,-1,1]
[256,256,96,-32,-37,-8,6,4,1]
[256,-64,16,0,13,0,1,-1,1]
[16384,-2304,295,-18,1]
[14641,847,-9,7,1]
[2401,49,-18,1,1]
[4096,-768,128,25,8,-3,1]
[4096,256,240,-1,15,1,1]
[4096,-1024,208,17,13,-4,1]
[4096,-1280,352,-47,22,-5,1]
[256,384,336,188,97,47,21,6,1]
[14641,726,196,6,1]
[4096,-512,208,-55,13,-2,1]
[4096,1536,208,-3,13,6,1]
[256,-64,32,-12,23,-3,2,-1,1]
[4096,-512,160,27,10,-2,1]
[256,-128,48,20,-7,5,3,-2,1]
[15625,-3375,406,-27,1]
[4096,768,112,77,7,3,1]
[4096,-768,-128,53,-8,-3,1]
[1024,-192,51,-6,1]
[4096,1536,608,163,38,6,1]
[729,405,243,73,27,5,1]
[14641,121,127,1,1]
[4096,1536,320,41,20,6,1]
[4096,-256,-80,51,-5,-1,1]
[512,-384,120,-25,15,-6,1]
[4096,512,48,15,3,2,1]
[4096,-2048,784,-247,49,-8,1]
[256,256,96,76,61,19,6,4,1]
[4096,2560,1056,295,66,10,1]
[16384,-1664,49,-13,1]
[4096,2304,960,261,60,9,1]
[512,-128,8,19,1,-2,1]
[4096,-768,32,15,2,-3,1]
[4096,0,-32,55,-2,0,1]
[14641,-1331,3,-11,1]
[4096,-256,240,-35,15,-1,1]
[15625,3500,401,28,1]
[4096,-256,480,-19,30,-1,1]
[2401,49,65,1,1]
[14641,-968,-16,-8,1]
[4096,1280,464,127,29,5,1]
[729,567,306,119,34,7,1]
[4096,768,416,119,26,3,1]
[16384,3584,401,28,1]
[512,768,560,249,70,12,1]
[15625,0,-112,0,1]
[512,-192,72,-9,9,-3,1]
[256,-576,672,-524,301,-131,42,-9,1]
[4096,3328,1536,467,96,13,1]
[256,64,32,-12,-3,-3,2,1,1]
[15625,125,-179,1,1]
[4096,1280,96,-35,6,5,1]
[4096,512,224,-23,14,2,1]
[256,192,32,-32,-21,-8,2,3,1]
[14641,121,100,1,1]
[4096,-512,144,-117,9,-2,1]
[4096,-768,320,-23,20,-3,1]
[4096,768,336,39,21,3,1]
[4096,-256,-112,47,-7,-1,1]
[15625,-2625,351,-21,1]
[6561,1620,217,20,1]
[16384,-3200,335,-25,1]
[729,-405,0,41,0,-5,1]
[4096,-256,112,15,7,-1,1]
[2401,-392,36,-8,1]
[4096,0,64,107,4,0,1]
[16384,-128,255,-1,1]
[14641,2783,276,23,1]
[4096,-256,64,-5,4,-1,1]
[4096,768,448,103,28,3,1]
[4096,-1792,448,-123,28,-7,1]
[16384,-384,245,-3,1]
[14641,-363,35,-3,1]
[4096,256,-3,4,1]
[729,-162,0,37,0,-2,1]
[729,-324,162,-76,18,-4,1]
[15625,-1125,229,-9,1]
[4096,-1024,128,19,8,-4,1]
[14641,2541,343,21,1]
[4096,768,480,77,30,3,1]
[625,-200,38,-8,1]
[14641,121,-19,1,1]
[16384,-1152,79,-9,1]
[256,-64,112,0,23,0,7,-1,1]
[14641,-968,139,-8,1]
[15625,-1375,173,-11,1]
[729,-81,27,-53,3,-1,1]
[14641,-2057,270,-17,1]
[512,-192,120,-39,15,-3,1]
[16384,-1024,-33,-8,1]
[15625,250,29,2,1]
[14641,-605,203,-5,1]
[4096,-1024,-160,89,-10,-4,1]
[15625,-2875,326,-23,1]
[14641,-847,-61,-7,1]
[729,-405,-54,74,-6,-5,1]
[4096,-256,592,-33,37,-1,1]
[4096,-2816,1072,-297,67,-11,1]
[4096,-768,576,-79,36,-3,1]
[4096,1024,784,127,49,4,1]
[4096,512,-96,3,-6,2,1]
[729,-405,171,-55,19,-5,1]
[4096,-2048,432,-71,27,-8,1]
[4096,-256,64,69,4,-1,1]
[256,0,32,16,21,4,2,0,1]
[16384,-256,145,-2,1]
[15625,-3000,291,-24,1]
[4096,256,-160,-53,-10,1,1]
[16384,-1536,149,-12,1]
[4096,-1024,153,-16,1]
[4096,512,-128,-113,-8,2,1]
[729,-81,117,5,13,-1,1]
[4096,768,-48,-87,-3,3,1]
[4096,1536,160,-23,10,6,1]
[14641,363,201,3,1]
[15625,-250,-9,-2,1]
[4096,-1792,512,-109,32,-7,1]
[4096,768,64,-53,4,3,1]
[256,384,256,116,53,29,16,6,1]
[729,-324,126,-55,14,-4,1]
[625,25,-32,1,1]
[4096,-1024,736,-123,46,-4,1]
[14641,968,160,8,1]
[14641,1573,182,13,1]
[16384,-896,11,-7,1]
[4096,-512,112,59,7,-2,1]
[4096,1792,640,143,40,7,1]
[14641,1815,178,15,1]
[14641,242,113,2,1]
[15625,-1250,98,-10,1]
[256,192,208,124,71,31,13,3,1]
[64,-32,13,-4,1]
[6561,486,110,6,1]
[4096,1280,592,157,37,5,1]
[4096,1536,128,-33,8,6,1]
[4096,-1280,480,-125,30,-5,1]
[4096,1024,64,-67,4,4,1]
[6561,-324,-2,-4,1]
[14641,-3388,384,-28,1]
[6561,1782,268,22,1]
[4096,512,400,63,25,2,1]
[4096,512,224,45,14,2,1]
[15625,2375,337,19,1]
[16384,2432,341,19,1]
[729,243,135,25,15,3,1]
[256,128,96,64,31,16,6,2,1]
[4096,1792,496,121,31,7,1]
[2401,-245,60,-5,1]
[15625,-375,243,-3,1]
[14641,1573,277,13,1]
[14641,-1210,150,-10,1]
[1024,-32,-11,-1,1]
[15625,-4000,468,-32,1]
[15625,-375,-144,-3,1]
[4096,-1792,816,-193,51,-7,1]
[16384,512,-67,4,1]
[6561,648,118,8,1]
[4096,512,176,-43,11,2,1]
[4096,-1024,128,-27,8,-4,1]
[4096,2304,544,93,34,9,1]
[4096,-256,208,-15,13,-1,1]
[4096,-512,-64,11,-4,-2,1]
[512,-320,96,-19,12,-5,1]
[256,64,48,36,-3,9,3,1,1]
[729,-243,-36,28,-4,-3,1]
[16384,128,-211,1,1]
[6561,567,-22,7,1]
[4096,1280,144,-29,9,5,1]
[4096,1024,-32,-53,-2,4,1]
[14641,1089,226,9,1]
[4096,-1024,448,-81,28,-4,1]
[4096,256,288,53,18,1,1]
[256,128,0,-20,-19,-5,0,2,1]
[4096,256,-128,-61,-8,1,1]
[512,128,-40,-45,-5,2,1]
[729,-243,189,-37,21,-3,1]
[16384,2560,297,20,1]
[4096,2048,704,171,44,8,1]
[15625,-1000,191,-8,1]
[4096,-1280,448,-79,28,-5,1]
[729,648,369,136,41,8,1]
[4096,-768,224,-91,14,-3,1]
[4096,1024,0,-49,0,4,1]
[4096,-1024,80,-3,5,-4,1]
[256,192,80,52,31,13,5,3,1]
[14641,1573,210,13,1]
[4096,-768,-208,97,-13,-3,1]
[14641,-968,175,-8,1]
[729,0,17,0,1]
[2401,49,-10,1,1]
[729,243,63,4,7,3,1]
[4096,256,-240,-37,-15,1,1]
[729,-243,108,-61,12,-3,1]
[15625,-1750,119,-14,1]
[6561,-1701,224,-21,1]
[4096,-256,112,-51,7,-1,1]
[16384,1152,275,9,1]
[15625,-875,44,-7,1]
[2401,980,191,20,1]
[6561,-972,83,-12,1]
[256,-128,32,-20,7,-5,2,-2,1]
[4096,-512,192,21,12,-2,1]
[4096,512,0,-63,0,2,1]
[512,64,24,-9,3,1,1]
[256,192,112,44,25,11,7,3,1]
[4096,-768,-192,91,-12,-3,1]
[256,192,80,64,45,16,5,3,1]
[729,-162,99,-52,11,-2,1]
[512,448,264,103,33,7,1]
[4096,256,112,97,7,1,1]
[16384,0,-115,0,1]
[256,0,-16,0,11,0,-1,0,1]
[729,-81,-18,-8,-2,-1,1]
[4096,-1536,608,-149,38,-6,1]
[4096,1024,208,21,13,4,1]
[4096,1536,416,79,26,6,1]
[4096,512,144,7,9,2,1]
[4096,-3072,1248,-357,78,-12,1]
[14641,121,-164,1,1]
[256,192,112,48,27,12,7,3,1]
[256,-256,224,-132,79,-33,14,-4,1]
[4096,2560,960,265,60,10,1]
[256,0,-112,4,33,1,-7,0,1]
[4096,1536,336,103,21,6,1]
[15625,0,-87,0,1]
[14641,2178,317,18,1]
[729,-81,9,10,1,-1,1]
[14641,0,144,0,1]
[4096,-512,-48,99,-3,-2,1]
[729,81,27,-29,3,1,1]
[256,256,208,124,67,31,13,4,1]
[256,-320,240,-140,71,-35,15,-5,1]
[16384,1024,69,8,1]
[512,0,16,31,2,0,1]
[256,0,48,4,5,1,3,0,1]
[2401,-98,39,-2,1]
[14641,-2904,326,-24,1]
[4096,1792,496,151,31,7,1]
[4096,-256,272,-17,17,-1,1]
[14641,-2299,331,-19,1]
[4096,256,-80,27,-5,1,1]
[16384,-3456,373,-27,1]
[4096,1024,-208,-115,-13,4,1]
[729,-162,50,-6,1]
[256,128,80,28,11,7,5,2,1]
[4096,-1280,448,-93,28,-5,1]
[729,162,-18,2,-2,2,1]
[729,-81,36,-11,4,-1,1]
[4096,1536,496,175,31,6,1]
[256,-128,96,-44,39,-11,6,-2,1]
[14641,484,208,4,1]
[256,-128,-32,32,-9,8,-2,-2,1]
[4096,-512,272,-107,17,-2,1]
[729,324,198,50,22,4,1]
[4096,512,160,-7,10,2,1]
[256,192,80,40,29,10,5,3,1]
[729,-243,81,-47,9,-3,1]
[4096,-768,-176,77,-11,-3,1]
[4096,-384,-3,-6,1]
[15625,-500,-71,-4,1]
[4096,1792,720,211,45,7,1]
[256,128,16,-24,-19,-6,1,2,1]
[4096,-1280,432,-165,27,-5,1]
[4096,0,-48,-1,-3,0,1]
[81,2,1]
[4096,512,304,9,19,2,1]
[4096,0,240,-59,15,0,1]
[512,128,8,-25,1,2,1]
[6561,-1134,170,-14,1]
[729,81,27,23,3,1,1]
[14641,-363,-6,-3,1]
[16384,-384,-87,-3,1]
[4096,768,336,127,21,3,1]
[4096,512,448,45,28,2,1]
[256,-64,-64,0,27,0,-4,-1,1]
[4096,-512,272,7,17,-2,1]
[4096,-256,592,-17,37,-1,1]
[256,-128,112,-56,27,-14,7,-2,1]
[16384,-3328,337,-26,1]
[4096,512,-96,-29,-6,2,1]
[4096,1024,-208,-135,-13,4,1]
[14641,-2662,300,-22,1]
[4096,1792,528,129,33,7,1]
[4096,2048,672,205,42,8,1]
[16384,-256,123,-2,1]
[4096,2304,816,205,51,9,1]
[256,-192,80,-24,3,-6,5,-3,1]
[4096,-512,192,37,12,-2,1]
[4096,256,368,67,23,1,1]
[4096,-960,113,-15,1]
[256,128,64,36,15,9,4,2,1]
[4096,-768,592,-81,37,-3,1]
[256,64,32,4,17,1,2,1,1]
[4096,-1280,224,5,14,-5,1]
[4096,512,-80,-63,-5,2,1]
[15625,250,-29,2,1]
[256,256,96,-28,-37,-7,6,4,1]
[14641,-1694,236,-14,1]
[4096,-768,144,-83,9,-3,1]
[256,-64,27,-4,1]
[1024,-320,75,-10,1]
[16384,-3712,439,-29,1]
[729,-324,189,-47,21,-4,1]
[4096,2048,256,-1,16,8,1]
[16384,1280,239,10,1]
[256,0,-64,-4,11,-1,-4,0,1]
[256,-192,80,-60,47,-15,5,-3,1]
[4096,512,-48,-3,-3,2,1]
[14641,1331,61,11,1]
[256,64,96,24,25,6,6,1,1]
[4096,1024,592,89,37,4,1]
[4096,2560,1008,287,63,10,1]
[4096,256,80,-31,5,1,1]
[512,0,120,-5,15,0,1]
[81,-63,29,-7,1]
[4096,-3328,1136,-279,71,-13,1]
[4096,0,400,-9,25,0,1]
[15625,-1250,-19,-10,1]
[4096,512,-144,-95,-9,2,1]
[4096,1280,304,47,19,5,1]
[6561,81,-58,1,1]
[729,243,108,25,12,3,1]
[16384,-2816,251,-22,1]
[729,81,45,50,5,1,1]
[256,-64,0,0,11,0,0,-1,1]
[64,-24,11,-3,1]
[729,162,18,-4,2,2,1]
[6561,-405,-70,-5,1]
[729,-243,153,-50,17,-3,1]
[6561,-1782,254,-22,1]
[512,64,24,13,3,1,1]
[256,64,48,8,21,2,3,1,1]
[4096,1024,240,11,15,4,1]
[4096,-1280,400,-61,25,-5,1]
[4096,512,96,9,6,2,1]
[4096,2816,1088,305,68,11,1]
[14641,1694,117,14,1]
[4096,-512,-144,57,-9,-2,1]
[4096,-1536,144,17,9,-6,1]
[15625,1500,163,12,1]
[256,256,112,-20,-27,-5,7,4,1]
[4096,0,0,31,0,0,1]
[16384,512,-79,4,1]
[16384,-3072,383,-24,1]
[15625,750,176,6,1]
[729,0,-20,0,1]
[4096,2560,960,285,60,10,1]
[256,-192,32,-12,15,-3,2,-3,1]
[15625,125,79,1,1]
[4096,-768,624,-83,39,-3,1]
[4096,256,80,83,5,1,1]
[4096,2304,896,229,56,9,1]
[256,0,144,12,45,3,9,0,1]
[2401,-147,-11,-3,1]
[4096,2048,384,45,24,8,1]
[4096,256,96,13,6,1,1]
[4096,256,-144,-41,-9,1,1]
[4096,2048,800,215,50,8,1]
[512,-128,48,-13,6,-2,1]
[15625,500,63,4,1]
[729,243,0,-1,0,3,1]
[512,-128,-16,9,-2,-2,1]
[4096,-768,-176,69,-11,-3,1]
[15625,500,-142,4,1]
[256,-128,112,-68,25,-17,7,-2,1]
[729,567,351,127,39,7,1]
[4096,1024,128,27,8,4,1]
[512,192,-16,-19,-2,3,1]
[4096,-512,-48,63,-3,-2,1]
[256,-32,19,-2,1]
[16384,-384,-157,-3,1]
[15625,-3125,358,-25,1]
[27,7,1]
[256,192,64,-12,-23,-3,4,3,1]
[4096,256,16,95,1,1,1]
[4096,512,192,23,12,2,1]
[4096,-1792,-144,175,-9,-7,1]
[16384,128,173,1,1]
[4096,0,80,-97,5,0,1]
[256,0,32,20,11,5,2,0,1]
[15625,-1750,127,-14,1]
[256,0,32,-36,-1,-9,2,0,1]
[256,128,96,-4,3,-1,6,2,1]
[14641,-484,-111,-4,1]
[15625,1000,174,8,1]
[4096,-1792,896,-215,56,-7,1]
[14641,4114,514,34,1]
[4096,512,-96,-53,-6,2,1]
[512,-192,104,-27,13,-3,1]
[1024,32,19,1,1]
[4096,512,32,-71,2,2,1]
[729,-81,-16,-3,1]
[15625,2000,192,16,1]
[1024,-544,135,-17,1]
[4096,3072,1088,281,68,12,1]
[256,192,96,80,49,20,6,3,1]
[14641,-605,233,-5,1]
[6561,-162,-95,-2,1]
[4096,0,-128,-27,-8,0,1]
[729,405,99,29,11,5,1]
[256,128,0,-12,3,-3,0,2,1]
[256,0,112,-36,23,-9,7,0,1]
[729,405,54,-4,6,5,1]
[4096,-512,512,-67,32,-2,1]
[4096,-768,160,-109,10,-3,1]
[15625,500,117,4,1]
[15625,-375,143,-3,1]
[6561,-243,34,-3,1]
[4096,-512,144,13,9,-2,1]
[4096,640,59,10,1]
[4096,512,608,63,38,2,1]
[6561,405,-62,5,1]
[729,162,144,34,16,2,1]
[14641,3267,394,27,1]
[14641,-1936,300,-16,1]
[4096,2304,800,205,50,9,1]
[256,64,32,24,13,6,2,1,1]
[4096,0,304,-55,19,0,1]
[4096,-1792,656,-169,41,-7,1]
[625,225,61,9,1]
[14641,-2057,298,-17,1]
[4096,512,448,83,28,2,1]
[729,-162,99,-1,11,-2,1]
[4096,2304,384,27,24,9,1]
[15625,0,12,0,1]
[4096,2304,864,229,54,9,1]
[15625,1250,128,10,1]
[256,0,32,28,-11,7,2,0,1]
[4096,-1280,432,-97,27,-5,1]
[4096,1792,496,105,31,7,1]
[4096,3328,1456,427,91,13,1]
[15625,0,107,0,1]
[4096,-256,432,-57,27,-1,1]
[1024,-224,37,-7,1]
[4096,-1536,608,-169,38,-6,1]
[14641,-4719,618,-39,1]
[512,-128,88,-31,11,-2,1]
[625,25,-16,1,1]
[729,324,234,71,26,4,1]
[256,-64,80,-40,17,-10,5,-1,1]
[256,448,400,256,137,64,25,7,1]
[4096,-1792,0,107,0,-7,1]
[256,-192,208,-96,67,-24,13,-3,1]
[16384,-2560,217,-20,1]
[4096,1280,512,169,32,5,1]
[15625,500,199,4,1]
[64,8,3,1,1]
[729,0,45,23,5,0,1]
[4096,0,-80,-11,-5,0,1]
[4096,-256,-48,113,-3,-1,1]
[4096,-256,144,-43,9,-1,1]
[4096,1024,368,87,23,4,1]
[16384,1792,99,14,1]
[256,0,160,4,51,1,10,0,1]
[4096,512,304,41,19,2,1]
[256,-192,112,-76,37,-19,7,-3,1]
[64,0,12,-5,3,0,1]
[1024,0,41,0,1]
[256,64,48,-12,1,-3,3,1,1]
[15625,-2000,282,-16,1]
[16384,768,25,6,1]
[4096,3072,1264,375,79,12,1]
[4096,-512,272,-79,17,-2,1]
[4096,-1280,288,-87,18,-5,1]
[15625,-750,134,-6,1]
[256,192,112,60,21,15,7,3,1]
[4096,768,192,55,12,3,1]
[4096,-896,109,-14,1]
[4096,320,81,5,1]
[15625,3625,401,29,1]
[15625,1000,84,8,1]
[4096,0,80,-75,5,0,1]
[729,81,-18,4,-2,1,1]
[16384,1280,235,10,1]
[4096,-2304,608,-135,38,-9,1]
[4096,256,16,-51,1,1,1]
[15625,1000,-41,8,1]
[512,-320,144,-41,18,-5,1]
[4096,1024,208,75,13,4,1]
[6561,-1296,142,-16,1]
[256,48,21,3,1]
[512,320,120,49,15,5,1]
[4096,0,352,-37,22,0,1]
[15625,250,117,2,1]
[256,64,48,4,1,1,3,1,1]
[256,-128,80,-36,27,-9,5,-2,1]
[6561,0,122,0,1]
[14641,-3872,497,-32,1]
[4096,-512,320,-3,20,-2,1]
[14641,-1089,-37,-9,1]
[15625,1875,277,15,1]
[4096,-1536,640,-175,40,-6,1]
[729,162,-45,-29,-5,2,1]
[4096,-768,16,49,1,-3,1]
[14641,2783,342,23,1]
[4096,1024,224,49,14,4,1]
[256,384,320,216,123,54,20,6,1]
[15625,-500,168,-4,1]
[14641,-726,168,-6,1]
[256,-64,80,-12,7,-3,5,-1,1]
[4096,-256,128,53,8,-1,1]
[4096,768,432,29,27,3,1]
[512,576,352,143,44,9,1]
[2401,98,-34,2,1]
[16384,3712,439,29,1]
[256,-256,224,-160,83,-40,14,-4,1]
[4096,-1024,624,-101,39,-4,1]
[729,54,43,2,1]
[4096,512,192,-39,12,2,1]
[15625,3125,374,25,1]
[6561,-162,-85,-2,1]
[4096,1280,592,141,37,5,1]
[256,-256,96,-32,17,-8,6,-4,1]
[14641,847,-38,7,1]
[14641,-3751,476,-31,1]
[4096,2304,928,279,58,9,1]
[4096,-1024,144,11,9,-4,1]
[256,-192,128,-48,23,-12,8,-3,1]
[15625,3625,444,29,1]
[2401,98,-15,2,1]
[6561,810,128,10,1]
[256,-128,128,-60,35,-15,8,-2,1]
[16384,-1280,49,-10,1]
[512,128,136,21,17,2,1]
[15625,-875,261,-7,1]
[4096,-1280,672,-133,42,-5,1]
[4096,0,-128,-37,-8,0,1]
[4096,0,240,-19,15,0,1]
[729,324,252,68,28,4,1]
[15625,-3000,359,-24,1]
[4096,256,320,33,20,1,1]
[15625,-1875,97,-15,1]
[4096,-1536,304,-55,19,-6,1]
[256,-256,80,40,-43,10,5,-4,1]
[15625,625,119,5,1]
[4096,0,144,15,9,0,1]
[6561,1215,178,15,1]
[512,-64,-24,-11,-3,-1,1]
[729,81,63,34,7,1,1]
[14641,605,-105,5,1]
[4096,-1536,560,-183,35,-6,1]
[81,54,26,6,1]
[4096,0,608,-1,38,0,1]
[256,-64,16,-20,-3,-5,1,-1,1]
[4096,1280,608,105,38,5,1]
[4096,-256,96,13,6,-1,1]
[14641,-968,157,-8,1]
[16384,-1664,257,-13,1]
[16384,1664,205,13,1]
[14641,-1331,86,-11,1]
[4096,256,240,25,15,1,1]
[4096,-2048,576,-123,36,-8,1]
[256,0,-16,-16,-7,-4,-1,0,1]
[14641,-726,197,-6,1]
[256,128,160,68,51,17,10,2,1]
[4096,-1536,480,-159,30,-6,1]
[256,-128,64,-44,27,-11,4,-2,1]
[512,-192,48,-17,6,-3,1]
[256,-128,208,-72,71,-18,13,-2,1]
[4096,1024,400,55,25,4,1]
[729,-324,45,-8,5,-4,1]
[14641,-1815,137,-15,1]
[14641,242,-158,2,1]
[14641,121,122,1,1]
[729,-405,72,1,8,-5,1]
[15625,125,-91,1,1]
[4096,1280,304,71,19,5,1]
[15625,-1875,169,-15,1]
[729,-324,162,-49,18,-4,1]
[256,0,32,-24,15,-6,2,0,1]
[4096,256,-80,-7,-5,1,1]
[4096,-1024,-128,67,-8,-4,1]
[15625,2625,239,21,1]
[15625,-375,6,-3,1]
[4096,768,400,67,25,3,1]
[4096,-1024,80,-15,5,-4,1]
[6561,1053,193,13,1]
[4096,-768,-32,101,-2,-3,1]
[4096,1024,176,19,11,4,1]
[6561,729,173,9,1]
[14641,363,-153,3,1]
[2401,686,109,14,1]
[4096,-768,96,-61,6,-3,1]
[4096,0,64,53,4,0,1]
[256,-320,224,-104,45,-26,14,-5,1]
[729,-162,-27,23,-3,-2,1]
[4096,768,-128,-47,-8,3,1]
[14641,-1089,-35,-9,1]
[4096,-1024,400,-35,25,-4,1]
[6561,-1215,151,-15,1]
[4096,-256,208,11,13,-1,1]
[15625,2000,216,16,1]
[256,-192,128,-88,55,-22,8,-3,1]
[4096,1024,-80,-97,-5,4,1]
[4096,0,144,81,9,0,1]
[4096,-1024,464,-81,29,-4,1]
[14641,-1694,271,-14,1]
[16384,1024,21,8,1]
[15625,-3875,461,-31,1]
[4096,-768,400,-39,25,-3,1]
[4096,256,240,-51,15,1,1]
[4096,0,48,-97,3,0,1]
[4096,3328,1408,405,88,13,1]
[4096,0,704,1,44,0,1]
[1024,-96,51,-3,1]
[4096,-768,144,5,9,-3,1]
[15625,2250,196,18,1]
[4096,2560,960,267,60,10,1]
[256,0,-32,-8,15,-2,-2,0,1]
[4096,-768,-16,5,-1,-3,1]
[14641,-726,-41,-6,1]
[15625,-1500,71,-12,1]
[15625,5000,648,40,1]
[4096,-768,240,-85,15,-3,1]
[4096,-768,272,-11,17,-3,1]
[16384,2816,365,22,1]
[729,-162,63,-53,7,-2,1]
[4096,0,16,-123,1,0,1]
[14641,242,190,2,1]
[4096,-1280,288,-35,18,-5,1]
[15625,-2125,274,-17,1]
[4096,1792,576,159,36,7,1]
[4096,-1536,864,-187,54,-6,1]
[14641,-363,151,-3,1]
[4096,-2048,1024,-259,64,-8,1]
[2401,-441,69,-9,1]
[16384,2688,301,21,1]
[15625,-3375,372,-27,1]
[15625,-500,212,-4,1]
[15625,-500,183,-4,1]
[256,192,176,68,45,17,11,3,1]
[15625,-500,109,-4,1]
[14641,-242,228,-2,1]
[4096,-512,32,53,2,-2,1]
[4096,-512,112,-45,7,-2,1]
[256,-64,-48,4,23,1,-3,-1,1]
[4096,-1536,400,-111,25,-6,1]
[16384,-3840,479,-30,1]
[4096,-1280,112,-15,7,-5,1]
[256,192,0,-44,-23,-11,0,3,1]
[2401,-1127,230,-23,1]
[4096,-512,-112,95,-7,-2,1]
[14641,605,102,5,1]
[729,243,63,20,7,3,1]
[4096,0,80,-31,5,0,1]
[14641,-2057,290,-17,1]
[256,192,64,-24,-25,-6,4,3,1]
[4096,1024,-144,-95,-9,4,1]
[256,128,32,-4,-1,-1,2,2,1]
[4096,-2048,832,-219,52,-8,1]
[4096,1280,336,65,21,5,1]
[4096,0,544,-19,34,0,1]
[256,0,64,-28,5,-7,4,0,1]
[4096,768,144,63,9,3,1]
[4096,-256,80,-113,5,-1,1]
[4096,-512,448,-75,28,-2,1]
[4096,-1792,672,-215,42,-7,1]
[14641,-242,-158,-2,1]
[14641,847,193,7,1]
[256,128,32,28,17,7,2,2,1]
[14641,242,-162,2,1]
[15625,-2750,256,-22,1]
[15625,-875,116,-7,1]
[729,-81,18,-1,2,-1,1]
[4096,512,160,99,10,2,1]
[14641,-1210,172,-10,1]
[4096,-256,-80,101,-5,-1,1]
[14641,-121,158,-1,1]
[4096,1024,256,39,16,4,1]
[256,-320,336,-232,133,-58,21,-5,1]
[15625,-2625,271,-21,1]
[6561,0,-11,0,1]
[6561,81,17,1,1]
[256,0,48,-12,5,-3,3,0,1]
[512,128,-24,-7,-3,2,1]
[4096,-768,128,5,8,-3,1]
[4096,-256,240,37,15,-1,1]
[4096,-512,528,-65,33,-2,1]
[6561,729,49,9,1]
[256,-192,176,-92,59,-23,11,-3,1]
[14641,-1089,46,-9,1]
[256,-192,64,-28,17,-7,4,-3,1]
[512,384,224,81,28,6,1]
[15625,-1375,153,-11,1]
[15625,625,-116,5,1]
[6561,-162,-98,-2,1]
[4096,-512,-96,121,-6,-2,1]
[1024,-224,63,-7,1]
[4096,256,80,-91,5,1,1]
[4096,-768,240,-101,15,-3,1]
[4096,0,368,17,23,0,1]
[4096,-1024,-128,77,-8,-4,1]
[15625,-500,134,-4,1]
[6561,486,68,6,1]
[15625,-1625,271,-13,1]
[15625,-500,-86,-4,1]
[15625,-2250,276,-18,1]
[4096,-256,-64,81,-4,-1,1]
[4096,1024,160,61,10,4,1]
[16384,-512,67,-4,1]
[14641,847,83,7,1]
[4096,0,64,67,4,0,1]
[15625,1625,48,13,1]
[4096,1792,816,221,51,7,1]
[4096,768,512,103,32,3,1]
[14641,-968,-38,-8,1]
[15625,-2125,196,-17,1]
[15625,2625,252,21,1]
[4096,3328,1280,351,80,13,1]
[729,81,36,14,4,1,1]
[4096,-1792,592,-185,37,-7,1]
[729,405,135,50,15,5,1]
[729,972,648,269,72,12,1]
[256,64,48,36,25,9,3,1,1]
[729,-891,567,-229,63,-11,1]
[4096,1280,704,145,44,5,1]
[512,-256,32,15,4,-4,1]
[625,-100,16,-4,1]
[256,-512,576,-440,253,-110,36,-8,1]
[625,250,66,10,1]
[4096,-1024,160,35,10,-4,1]
[15625,-875,49,-7,1]
[15625,750,-32,6,1]
[15625,875,153,7,1]
[4096,256,224,81,14,1,1]
[256,-192,64,4,-9,1,4,-3,1]
[4096,256,240,-35,15,1,1]
[4096,-1792,848,-207,53,-7,1]
[4096,-768,-64,17,-4,-3,1]
[4096,3072,1296,373,81,12,1]
[1024,-32,29,-1,1]
[4096,0,-64,-91,-4,0,1]
[729,162,126,47,14,2,1]
[4096,0,432,-27,27,0,1]
[729,567,252,95,28,7,1]
[4096,2304,688,165,43,9,1]
[4096,-256,464,-3,29,-1,1]
[1024,-160,15,-5,1]
[4096,-1024,304,-11,19,-4,1]
[4096,-1792,80,57,5,-7,1]
[6561,567,113,7,1]
[2401,-98,20,-2,1]
[4096,512,272,105,17,2,1]
[4096,768,576,103,36,3,1]
[4096,512,-16,-79,-1,2,1]
[4096,768,-192,-111,-12,3,1]
[729,-81,-27,-16,-3,-1,1]
[16384,-896,79,-7,1]
[4096,768,256,9,16,3,1]
[4096,256,16,65,1,1,1]
[512,-448,144,-33,18,-7,1]
[15625,0,48,0,1]
[4096,512,256,95,16,2,1]
[64,-48,32,-15,8,-3,1]
[4096,-256,-96,-17,-6,-1,1]
[729,-162,72,-22,8,-2,1]
[14641,3751,442,31,1]
[4096,1024,368,133,23,4,1]
[729,-243,126,-50,14,-3,1]
[15625,-1000,203,-8,1]
[15625,2625,259,21,1]
[4096,-1280,608,-141,38,-5,1]
[4096,1792,752,223,47,7,1]
[4096,-2304,944,-285,59,-9,1]
[625,75,48,3,1]
[14641,-1331,84,-11,1]
[4096,0,144,-1,9,0,1]
[14641,-3751,465,-31,1]
[4096,-1536,464,-111,29,-6,1]
[512,-192,104,-41,13,-3,1]
[256,-192,80,24,-21,6,5,-3,1]
[729,405,63,-7,7,5,1]
[14641,-3025,389,-25,1]
[256,128,32,-4,-19,-1,2,2,1]
[64,32,32,15,8,2,1]
[15625,-1500,177,-12,1]
[4096,2560,1088,301,68,10,1]
[4096,768,-224,-97,-14,3,1]
[14641,-1936,138,-16,1]
[14641,-242,1,-2,1]
[256,-64,160,-32,53,-8,10,-1,1]
[256,0,16,-20,13,-5,1,0,1]
[2401,-343,90,-7,1]
[512,0,-8,-21,-1,0,1]
[14641,2299,200,19,1]
[256,-64,32,-28,29,-7,2,-1,1]
[729,-162,45,-11,5,-2,1]
[4096,512,-48,29,-3,2,1]
[729,405,9,-35,1,5,1]
[729,324,225,70,25,4,1]
[4096,-1792,640,-217,40,-7,1]
[256,192,80,48,27,12,5,3,1]
[14641,3267,421,27,1]
[4096,-1024,496,-127,31,-4,1]
[4096,0,0,113,0,0,1]
[16384,-2304,241,-18,1]
[256,-192,96,-60,29,-15,6,-3,1]
[4096,1024,80,1,5,4,1]
[4096,-768,-112,61,-7,-3,1]
[4096,1024,592,93,37,4,1]
[4096,-1024,64,-9,4,-4,1]
[4096,320,45,5,1]
[729,162,81,29,9,2,1]
[512,320,8,-35,1,5,1]
[4096,1728,309,27,1]
[6561,-567,74,-7,1]
[256,192,48,-8,-7,-2,3,3,1]
[4096,256,96,-7,6,1,1]
[256,-64,-64,16,1,4,-4,-1,1]
[4096,-768,-160,95,-10,-3,1]
[4096,-512,144,-129,9,-2,1]
[256,64,64,12,27,3,4,1,1]
[4096,1024,288,25,18,4,1]
[256,192,96,60,31,15,6,3,1]
[4096,-1024,336,-115,21,-4,1]
[14641,-2178,243,-18,1]
[6561,-648,158,-8,1]
[15625,-1125,217,-9,1]
[512,0,8,7,1,0,1]
[16384,2048,273,16,1]
[4096,768,-112,-33,-7,3,1]
[4096,512,64,75,4,2,1]
[15625,250,189,2,1]
[4096,1792,32,-85,2,7,1]
[256,0,16,-28,-11,-7,1,0,1]
[512,-128,40,-5,5,-2,1]
[14641,2057,219,17,1]
[14641,2541,342,21,1]
[14641,-242,103,-2,1]
[4096,-1536,224,-5,14,-6,1]
[14641,-1331,218,-11,1]
[729,-486,162,-40,18,-6,1]
[6561,1539,196,19,1]
[4096,-1280,-144,139,-9,-5,1]
[4096,0,384,15,24,0,1]
[4096,-2560,912,-245,57,-10,1]
[4096,-1024,112,-15,7,-4,1]
[512,256,128,31,16,4,1]
[16384,-1152,5,-9,1]
[4096,-256,-128,-1,-8,-1,1]
[256,256,160,92,51,23,10,4,1]
[4096,768,576,99,36,3,1]
[6561,81,28,1,1]
[2401,-588,104,-12,1]
[15625,-1250,88,-10,1]
[4096,1536,432,75,27,6,1]
[729,-405,189,-80,21,-5,1]
[4096,0,336,47,21,0,1]
[14641,363,-63,3,1]
[256,-80,29,-5,1]
[16384,-1408,33,-11,1]
[15625,-1125,92,-9,1]
[4096,-2816,1104,-307,69,-11,1]
[14641,1089,91,9,1]
[4096,0,-224,-11,-14,0,1]
[15625,250,-153,2,1]
[729,-162,198,-28,22,-2,1]
[4096,-3584,1696,-515,106,-14,1]
[14641,847,37,7,1]
[2401,147,29,3,1]
[14641,3025,349,25,1]
[6561,324,115,4,1]
[4096,-1536,432,-95,27,-6,1]
[4096,-256,-96,-31,-6,-1,1]
[16384,-3328,355,-26,1]
[729,567,324,121,36,7,1]
[14641,-121,157,-1,1]
[14641,1210,47,10,1]
[4096,-2048,720,-191,45,-8,1]
[4096,-256,160,-59,10,-1,1]
[256,-128,32,16,-23,4,2,-2,1]
[64,16,0,1,0,1,1]
[16384,1536,279,12,1]
[6561,-81,-68,-1,1]
[729,-243,108,-11,12,-3,1]
[16384,-384,-129,-3,1]
[256,-64,64,-8,9,-2,4,-1,1]
[16384,0,-177,0,1]
[729,0,36,17,4,0,1]
[256,64,32,8,-9,2,2,1,1]
[16384,-256,109,-2,1]
[14641,605,-32,5,1]
[4096,1280,16,-75,1,5,1]
[256,0,32,12,-1,3,2,0,1]
[16384,1536,275,12,1]
[4096,768,80,19,5,3,1]
[4096,1024,80,-53,5,4,1]
[256,0,48,0,1,0,3,0,1]
[4096,-1280,80,61,5,-5,1]
[6561,405,62,5,1]
[4096,512,16,-87,1,2,1]
[14641,-484,144,-4,1]
[4096,2560,1040,311,65,10,1]
[256,-128,48,44,-29,11,3,-2,1]
[14641,-1694,261,-14,1]
[14641,-484,180,-4,1]
[14641,242,34,2,1]
[14641,1573,181,13,1]
[4096,1024,144,29,9,4,1]
[4096,512,288,57,18,2,1]
[14641,-1815,260,-15,1]
[16384,384,53,3,1]
[16384,-2688,275,-21,1]
[256,16,1,1,1]
[729,-405,162,-44,18,-5,1]
[4096,768,576,79,36,3,1]
[4096,768,64,15,4,3,1]
[16384,-2048,145,-16,1]
[4096,-1536,400,-123,25,-6,1]
[6561,1782,259,22,1]
[729,-81,54,2,6,-1,1]
[6561,1458,170,18,1]
[6561,-486,-11,-6,1]
[4096,-768,-144,135,-9,-3,1]
[4096,768,512,73,32,3,1]
[2401,294,20,6,1]
[14641,-1452,157,-12,1]
[14641,-242,86,-2,1]
[4096,-768,125,-12,1]
[15625,0,156,0,1]
[4096,-1280,0,67,0,-5,1]
[256,-128,64,-20,9,-5,4,-2,1]
[16384,0,-3,0,1]
[4096,0,480,3,30,0,1]
[256,128,16,-8,-5,-2,1,2,1]
[4096,128,-21,2,1]
[256,192,80,-24,-25,-6,5,3,1]
[4096,-1280,320,-37,20,-5,1]
[512,64,56,27,7,1,1]
[4096,-1536,672,-155,42,-6,1]
[14641,847,251,7,1]
[4096,-896,101,-14,1]
[4096,-768,528,-61,33,-3,1]
[64,32,32,11,8,2,1]
[4096,1536,720,157,45,6,1]
[256,256,144,48,19,12,9,4,1]
[4096,-2048,512,-109,32,-8,1]
[256,-64,112,-44,27,-11,7,-1,1]
[256,-320,224,-100,45,-25,14,-5,1]
[256,192,48,-8,-9,-2,3,3,1]
[4096,256,128,67,8,1,1]
[16384,-768,89,-6,1]
[512,-128,-24,11,-3,-2,1]
[16384,-640,181,-5,1]
[4096,256,384,15,24,1,1]
[729,-162,-27,1,-3,-2,1]
[512,0,8,-19,1,0,1]
[4096,768,240,133,15,3,1]
[256,192,144,72,41,18,9,3,1]
[729,243,-18,-38,-2,3,1]
[4096,-128,57,-2,1]
[256,128,176,76,57,19,11,2,1]
[4096,256,400,9,25,1,1]
[4096,2304,976,281,61,9,1]
[4096,-768,16,57,1,-3,1]
[4096,-512,128,-21,8,-2,1]
[256,-64,48,-28,5,-7,3,-1,1]
[256,256,80,-40,-47,-10,5,4,1]
[512,128,32,17,4,2,1]
[15625,-1000,46,-8,1]
[6561,567,70,7,1]
[256,128,112,56,35,14,7,2,1]
[256,192,144,80,51,20,9,3,1]
[6561,810,134,10,1]
[4096,1024,560,85,35,4,1]
[256,128,160,72,47,18,10,2,1]
[4096,0,240,-3,15,0,1]
[14641,-1089,81,-9,1]
[15625,-3125,376,-25,1]
[4096,-2816,1056,-287,66,-11,1]
[6561,486,137,6,1]
[4096,-1280,576,-103,36,-5,1]
[4096,-2560,928,-251,58,-10,1]
[4096,-1536,272,-45,17,-6,1]
[256,64,80,56,19,14,5,1,1]
[14641,121,-188,1,1]
[4096,3072,1120,301,70,12,1]
[256,256,192,96,49,24,12,4,1]
[6561,486,7,6,1]
[4096,1792,144,-29,9,7,1]
[4096,2048,544,125,34,8,1]
[14641,1452,122,12,1]
[4096,-256,-33,-4,1]
[256,128,48,-20,-23,-5,3,2,1]
[4096,768,368,99,23,3,1]
[14641,-2178,197,-18,1]
[4096,-1024,272,-9,17,-4,1]
[4096,-2560,1056,-303,66,-10,1]
[512,0,-32,-1,-4,0,1]
[256,-320,240,-164,95,-41,15,-5,1]
[4096,-1280,544,-121,34,-5,1]
[4096,2048,592,145,37,8,1]
[4096,-64,117,-1,1]
[256,64,64,-4,11,-1,4,1,1]
[4096,-1024,448,-91,28,-4,1]
[729,243,36,13,4,3,1]
[625,-400,111,-16,1]
[1024,128,21,4,1]
[4096,-512,336,-39,21,-2,1]
[256,192,144,84,39,21,9,3,1]
[512,128,-24,-31,-3,2,1]
[4096,-768,-224,91,-14,-3,1]
[4096,2048,784,231,49,8,1]
[4096,0,0,-107,0,0,1]
[256,128,112,24,23,6,7,2,1]
[4096,3328,1568,471,98,13,1]
[4096,1024,224,95,14,4,1]
[4096,768,144,5,9,3,1]
[15625,-2000,182,-16,1]
[15625,250,-122,2,1]
[16384,2432,345,19,1]
[4096,1280,240,19,15,5,1]
[4096,2304,960,251,60,9,1]
[729,486,189,56,21,6,1]
[4096,-512,-160,89,-10,-2,1]
[512,192,72,17,9,3,1]
[15625,-1125,206,-9,1]
[6561,-810,22,-10,1]
[512,-320,16,29,2,-5,1]
[15625,-1500,119,-12,1]
[4096,1024,160,75,10,4,1]
[729,324,180,67,20,4,1]
[4096,512,-128,-5,-8,2,1]
[15625,3250,348,26,1]
[256,-64,0,-16,13,-4,0,-1,1]
[256,0,32,-16,13,-4,2,0,1]
[4096,-1280,352,-83,22,-5,1]
[4096,1792,416,75,26,7,1]
[4096,0,624,7,39,0,1]
[6561,810,94,10,1]
[15625,0,-102,0,1]
[15625,125,-118,1,1]
[14641,-605,141,-5,1]
[4096,-1536,-176,165,-11,-6,1]
[1024,0,-9,0,1]
[256,-192,32,40,-29,10,2,-3,1]
[729,162,45,-20,5,2,1]
[256,-192,64,-40,31,-10,4,-3,1]
[6561,-243,28,-3,1]
[2401,588,114,12,1]
[15625,1000,7,8,1]
[4096,-256,-48,121,-3,-1,1]
[256,256,96,-4,-17,-1,6,4,1]
[2401,882,166,18,1]
[256,-128,-16,20,-9,5,-1,-2,1]
[14641,1573,238,13,1]
[14641,2904,368,24,1]
[14641,-1089,186,-9,1]
[16384,1920,291,15,1]
[4096,512,-32,15,-2,2,1]
[4096,384,67,6,1]
[4096,768,576,77,36,3,1]
[729,-81,29,-3,1]
[6561,-891,61,-11,1]
[729,81,-18,-38,-2,1,1]
[4096,768,-224,-99,-14,3,1]
[4096,-256,80,47,5,-1,1]
[4096,1024,208,-17,13,4,1]
[14641,363,38,3,1]
[256,-64,96,-68,17,-17,6,-1,1]
[4096,1536,848,189,53,6,1]
[2401,-196,4,-4,1]
[4096,1280,368,77,23,5,1]
[4096,1024,256,15,16,4,1]
[4096,-768,656,-85,41,-3,1]
[256,128,96,44,13,11,6,2,1]
[729,-486,288,-106,32,-6,1]
[4096,256,432,61,27,1,1]
[729,-81,-9,-25,-1,-1,1]
[4096,-1792,320,-21,20,-7,1]
[14641,2541,317,21,1]
[4096,768,128,5,8,3,1]
[4096,0,192,31,12,0,1]
[256,384,288,136,61,34,18,6,1]
[6561,-243,-58,-3,1]
[16384,512,43,4,1]
[4096,1024,224,37,14,4,1]
[15625,-2375,238,-19,1]
[14641,0,37,0,1]
[256,-64,160,-28,47,-7,10,-1,1]
[16384,-1536,131,-12,1]
[4096,0,-89,0,1]
[256,0,80,0,31,0,5,0,1]
[256,-192,192,-108,65,-27,12,-3,1]
[16384,-1664,191,-13,1]
[256,-128,0,32,-15,8,0,-2,1]
[512,512,280,111,35,8,1]
[729,135,23,5,1]
[15625,375,-134,3,1]
[4096,-1536,-224,177,-14,-6,1]
[256,0,48,28,3,7,3,0,1]
[4096,-2560,720,-167,45,-10,1]
[4096,256,-64,-23,-4,1,1]
[16384,-256,21,-2,1]
[4096,-768,-144,61,-9,-3,1]
[256,-128,112,-52,35,-13,7,-2,1]
[4096,1024,208,13,13,4,1]
[729,-81,-18,-14,-2,-1,1]
[256,-256,160,-32,9,-8,10,-4,1]
[14641,1331,92,11,1]
[4096,64,-75,1,1]
[4096,-768,-32,-11,-2,-3,1]
[6561,81,-137,1,1]
[729,405,180,74,20,5,1]
[4096,-1280,560,-117,35,-5,1]
[1024,-544,131,-17,1]
[4096,0,256,49,16,0,1]
[4096,512,592,55,37,2,1]
[4096,256,272,-33,17,1,1]
[15625,3375,398,27,1]
[6561,-891,98,-11,1]
[4096,512,272,-19,17,2,1]
[729,-81,36,-26,4,-1,1]
[14641,-605,-112,-5,1]
[729,-324,27,16,3,-4,1]
[4096,-2304,624,-139,39,-9,1]
[14641,-726,-34,-6,1]
[4096,256,-48,5,-3,1,1]
[256,128,16,-28,-27,-7,1,2,1]
[256,-64,80,-16,7,-4,5,-1,1]
[256,64,80,24,17,6,5,1,1]
[4096,-1024,144,1,9,-4,1]
[4096,768,80,25,5,3,1]
[4096,768,496,87,31,3,1]
[15625,3625,452,29,1]
[15625,-750,22,-6,1]
[15625,250,42,2,1]
[729,567,234,77,26,7,1]
[4096,-2304,848,-259,53,-9,1]
[16384,3328,335,26,1]
[15625,1000,42,8,1]
[2401,539,88,11,1]
[6561,-1620,241,-20,1]
[4096,-512,-80,71,-5,-2,1]
[4096,768,16,17,1,3,1]
[15625,2125,284,17,1]
[14641,-1573,85,-13,1]
[4096,1792,432,109,27,7,1]
[4096,768,144,79,9,3,1]
[4096,-256,304,25,19,-1,1]
[4096,-1024,192,-67,12,-4,1]
[625,175,37,7,1]
[1024,-96,13,-3,1]
[6561,0,-71,0,1]
[4096,-768,288,-59,18,-3,1]
[6561,81,53,1,1]
[4096,-256,160,-77,10,-1,1]
[729,81,90,2,10,1,1]
[4096,832,143,13,1]
[14641,-1452,245,-12,1]
[6561,1134,158,14,1]
[4096,2560,896,249,56,10,1]
[4096,-1536,544,-195,34,-6,1]
[14641,3146,406,26,1]
[2401,-98,65,-2,1]
[4096,-1024,480,-119,30,-4,1]
[729,0,18,31,2,0,1]
[729,-405,18,28,2,-5,1]
[729,-27,17,-1,1]
[14641,968,-7,8,1]
[256,-320,304,-216,119,-54,19,-5,1]
[14641,-1694,217,-14,1]
[4096,-768,176,-89,11,-3,1]
[16384,-256,27,-2,1]
[16384,1280,217,10,1]
[256,448,480,352,201,88,30,7,1]
[4096,1536,336,45,21,6,1]
[256,192,192,140,65,35,12,3,1]
[4096,-1280,272,-65,17,-5,1]
[512,384,216,81,27,6,1]
[4096,256,176,35,11,1,1]
[256,-256,208,-128,71,-32,13,-4,1]
[729,-567,252,-89,28,-7,1]
[4096,-256,320,-5,20,-1,1]
[15625,-125,227,-1,1]
[256,-192,96,-32,1,-8,6,-3,1]
[14641,-2541,340,-21,1]
[256,-128,80,-60,33,-15,5,-2,1]
[729,-27,31,-1,1]
[4096,-512,400,-51,25,-2,1]
[4096,-1024,-112,93,-7,-4,1]
[4096,-768,416,-117,26,-3,1]
[512,-448,200,-73,25,-7,1]
[729,162,81,-4,9,2,1]
[729,162,0,5,0,2,1]
[16384,-896,95,-7,1]
[4096,1792,800,221,50,7,1]
[4096,-2304,1008,-289,63,-9,1]
[4096,512,-64,31,-4,2,1]
[15625,1625,247,13,1]
[4096,1536,80,-59,5,6,1]
[14641,-847,-47,-7,1]
[15625,-1625,88,-13,1]
[256,-384,304,-164,79,-41,19,-6,1]
[4096,-1536,32,69,2,-6,1]
[4096,1792,704,213,44,7,1]
[14641,-2057,148,-17,1]
[4096,256,336,19,21,1,1]
[4096,1024,608,105,38,4,1]
[256,64,0,-24,-13,-6,0,1,1]
[4096,1536,448,151,28,6,1]
[4096,-1024,560,-111,35,-4,1]
[4096,-768,256,-19,16,-3,1]
[256,64,32,-32,-9,-8,2,1,1]
[729,-324,144,-64,16,-4,1]
[4096,768,144,87,9,3,1]
[4096,512,32,-3,2,2,1]
[256,0,192,4,65,1,12,0,1]
[15625,-3125,377,-25,1]
[14641,-726,-31,-6,1]
[256,320,208,80,31,20,13,5,1]
[4096,-1024,240,-23,15,-4,1]
[256,384,256,108,45,27,16,6,1]
[256,320,208,128,73,32,13,5,1]
[4096,0,-32,63,-2,0,1]
[256,-64,128,-44,39,-11,8,-1,1]
[4096,768,400,57,25,3,1]
[4096,1792,640,159,40,7,1]
[16384,128,-215,1,1]
[729,54,32,2,1]
[4096,512,16,63,1,2,1]
[256,192,96,68,49,17,6,3,1]
[4096,-1280,144,29,9,-5,1]
[15625,0,152,0,1]
[14641,-1210,26,-10,1]
[256,-256,304,-180,117,-45,19,-4,1]
[256,192,16,-24,-13,-6,1,3,1]
[4096,512,208,43,13,2,1]
[16384,1920,193,15,1]
[4096,256,48,23,3,1,1]
[729,-405,126,-26,14,-5,1]
[15625,-3875,487,-31,1]
[512,-256,136,-63,17,-4,1]
[729,81,-18,7,-2,1,1]
[14641,968,91,8,1]
[4096,-1280,240,5,15,-5,1]
[14641,726,64,6,1]
[15625,-625,177,-5,1]
[512,0,0,41,0,0,1]
[4096,-512,32,29,2,-2,1]
[4096,1536,592,163,37,6,1]
[4096,0,208,-61,13,0,1]
[256,-128,32,8,-7,2,2,-2,1]
[16384,0,-213,0,1]
[15625,3375,373,27,1]
[14641,-4356,560,-36,1]
[256,-256,208,-116,61,-29,13,-4,1]
[14641,121,219,1,1]
[729,162,108,40,12,2,1]
[4096,-1024,144,-25,9,-4,1]
[4096,256,368,37,23,1,1]
[256,-320,256,-148,81,-37,16,-5,1]
[4096,256,256,85,16,1,1]
[4096,3072,1120,293,70,12,1]
[2401,98,1,2,1]
[4096,1792,912,221,57,7,1]
[4096,-512,240,-103,15,-2,1]
[4096,-2304,960,-269,60,-9,1]
[256,64,48,12,27,3,3,1,1]
[4096,-2560,1168,-327,73,-10,1]
[4096,1280,576,141,36,5,1]
[4096,-1536,576,-129,36,-6,1]
[729,486,216,80,24,6,1]
[14641,-2783,321,-23,1]
[256,-64,160,-44,53,-11,10,-1,1]
[729,-81,28,-3,1]
[729,-243,-63,56,-7,-3,1]
[15625,-2000,127,-16,1]
[256,0,64,36,7,9,4,0,1]
[256,0,112,24,25,6,7,0,1]
[256,-128,80,-28,19,-7,5,-2,1]
[4096,-1408,245,-22,1]
[14641,-847,54,-7,1]
[15625,2750,324,22,1]
[256,-128,112,0,11,0,7,-2,1]
[14641,484,-149,4,1]
[4096,0,160,-79,10,0,1]
[4096,-2048,592,-129,37,-8,1]
[512,-256,40,-1,5,-4,1]
[512,-320,232,-81,29,-5,1]
[729,-324,-45,61,-5,-4,1]
[4096,-256,-96,-23,-6,-1,1]
[512,-64,16,3,2,-1,1]
[4096,-768,320,-21,20,-3,1]
[256,256,144,56,25,14,9,4,1]
[2401,-441,101,-9,1]
[256,-128,144,-68,41,-17,9,-2,1]
[256,128,32,-28,-19,-7,2,2,1]
[4096,1024,48,-19,3,4,1]
[16384,1280,265,10,1]
[4096,2304,512,91,32,9,1]
[729,-81,27,-46,3,-1,1]
[729,324,135,52,15,4,1]
[4096,256,608,37,38,1,1]
[15625,-875,-38,-7,1]
[2401,-196,16,-4,1]
[729,405,261,89,29,5,1]
[4096,1536,80,-47,5,6,1]
[512,256,16,-19,2,4,1]
[256,192,192,88,57,22,12,3,1]
[4096,-1280,400,-131,25,-5,1]
[729,-243,63,-28,7,-3,1]
[4096,-1792,192,3,12,-7,1]
[16384,-1792,291,-14,1]
[2401,0,67,0,1]
[16384,128,193,1,1]
[4096,2304,608,123,38,9,1]
[4096,-3840,1744,-517,109,-15,1]
[4096,-1792,752,-183,47,-7,1]
[4096,-768,320,-31,20,-3,1]
[4096,-768,-128,99,-8,-3,1]
[4096,2816,1248,367,78,11,1]
[4096,-2048,576,-143,36,-8,1]
[4096,1024,400,113,25,4,1]
[4096,0,-48,-87,-3,0,1]
[4096,-256,-160,-3,-10,-1,1]
[256,-192,64,12,-17,3,4,-3,1]
[2401,343,57,7,1]
[4096,2048,304,17,19,8,1]
[4096,-256,336,-13,21,-1,1]
[256,128,96,48,23,12,6,2,1]
[256,128,128,48,33,12,8,2,1]
[14641,726,-72,6,1]
[4096,-256,336,-45,21,-1,1]
[4096,-1792,256,1,16,-7,1]
[16384,1408,-5,11,1]
[4096,768,416,43,26,3,1]
[256,-64,16,-8,25,-2,1,-1,1]
[729,-81,99,-11,11,-1,1]
[4096,-768,464,-109,29,-3,1]
[256,320,320,212,121,53,20,5,1]
[4096,256,-64,-9,-4,1,1]
[256,-64,32,-16,-11,-4,2,-1,1]
[15625,-750,237,-6,1]
[16384,896,69,7,1]
[14641,242,36,2,1]
[256,-128,-16,0,11,0,-1,-2,1]
[16384,-640,-99,-5,1]
[256,0,128,0,41,0,8,0,1]
[256,64,0,0,1,0,0,1,1]
[6561,648,116,8,1]
[256,0,48,-40,1,-10,3,0,1]
[256,-64,64,-56,19,-14,4,-1,1]
[729,405,144,58,16,5,1]
[4096,512,240,-17,15,2,1]
[2401,-147,11,-3,1]
[256,192,80,-24,-21,-6,5,3,1]
[729,-81,27,-50,3,-1,1]
[4096,1024,208,83,13,4,1]
[16384,256,121,2,1]
[2401,245,52,5,1]
[4096,768,-64,-45,-4,3,1]
[14641,-363,-90,-3,1]
[4096,-1280,-160,139,-10,-5,1]
[4096,-512,80,-7,5,-2,1]
[4096,-512,416,-85,26,-2,1]
[729,486,126,28,14,6,1]
[4096,-256,-192,55,-12,-1,1]
[256,-64,112,-32,27,-8,7,-1,1]
[15625,625,-63,5,1]
[2401,196,53,4,1]
[15625,-125,51,-1,1]
[15625,-1875,161,-15,1]
[256,64,48,-32,-15,-8,3,1,1]
[729,162,-72,-37,-8,2,1]
[4096,640,135,10,1]
[15625,500,-93,4,1]
[4096,256,288,-7,18,1,1]
[729,162,63,19,7,2,1]
[4096,-2048,-32,145,-2,-8,1]
[15625,625,22,5,1]
[4096,1280,288,75,18,5,1]
[6561,1053,182,13,1]
[4096,256,-16,-71,-1,1,1]
[256,-128,112,-32,25,-8,7,-2,1]
[4096,128,-61,2,1]
[14641,-121,125,-1,1]
[14641,-242,60,-2,1]
[15625,3000,334,24,1]
[256,64,64,-8,13,-2,4,1,1]
[4096,-256,0,-47,0,-1,1]
[4096,768,336,129,21,3,1]
[256,-64,48,-24,21,-6,3,-1,1]
[4096,-256,-96,103,-6,-1,1]
[16384,-512,-59,-4,1]
[4096,-2048,688,-189,43,-8,1]
[256,320,256,144,77,36,16,5,1]
[14641,-242,144,-2,1]
[16384,896,-39,7,1]
[14641,968,178,8,1]
[4096,-2560,816,-203,51,-10,1]
[6561,1701,233,21,1]
[256,0,112,4,27,1,7,0,1]
[256,-64,-96,4,29,1,-6,-1,1]
[4096,-1024,0,1,0,-4,1]
[4096,-768,272,-49,17,-3,1]
[256,-128,128,-84,37,-21,8,-2,1]
[4096,0,32,-19,2,0,1]
[4096,1536,640,181,40,6,1]
[64,16,28,3,7,1,1]
[4096,2048,208,-27,13,8,1]
[14641,2541,348,21,1]
[14641,-2299,332,-19,1]
[4096,1536,608,127,38,6,1]
[256,256,160,88,51,22,10,4,1]
[4096,3584,1728,523,108,14,1]
[15625,2875,296,23,1]
[15625,-250,56,-2,1]
[64,-96,76,-43,19,-6,1]
[729,-243,180,-49,20,-3,1]
[1024,-96,47,-3,1]
[256,-128,16,4,-7,1,1,-2,1]
[4096,256,256,67,16,1,1]
[4096,512,96,15,6,2,1]
[14641,726,89,6,1]
[256,64,96,16,31,4,6,1,1]
[14641,0,-93,0,1]
[4096,512,0,-101,0,2,1]
[4096,1216,201,19,1]
[256,-192,80,-20,7,-5,5,-3,1]
[6561,972,64,12,1]
[15625,-3625,436,-29,1]
[4096,0,224,-31,14,0,1]
[256,-64,0,16,-21,4,0,-1,1]
[15625,-250,-201,-2,1]
[4096,1024,304,71,19,4,1]
[512,-704,488,-213,61,-11,1]
[256,64,0,-24,-5,-6,0,1,1]
[256,-384,352,-240,131,-60,22,-6,1]
[14641,-2057,240,-17,1]
[256,64,96,56,25,14,6,1,1]
[4096,256,496,13,31,1,1]
[256,128,0,-8,3,-2,0,2,1]
[6561,-810,91,-10,1]
[14641,1452,126,12,1]
[4096,1536,704,167,44,6,1]
[6561,-243,20,-3,1]
[6561,-1053,157,-13,1]
[256,256,272,164,103,41,17,4,1]
[6561,-486,23,-6,1]
[512,-128,64,1,8,-2,1]
[729,-243,171,-58,19,-3,1]
[4096,1280,480,75,30,5,1]
[256,-64,0,-12,1,-3,0,-1,1]
[4096,768,400,33,25,3,1]
[6561,-810,71,-10,1]
[4096,1024,560,79,35,4,1]
[256,192,144,72,47,18,9,3,1]
[6561,-81,118,-1,1]
[256,64,64,4,13,1,4,1,1]
[6561,1458,199,18,1]
[4096,-1536,736,-183,46,-6,1]
[4096,-256,176,67,11,-1,1]
[16384,1408,35,11,1]
[64,16,16,7,4,1,1]
[4096,0,512,9,32,0,1]
[4096,-256,96,-113,6,-1,1]
[256,-256,224,-156,81,-39,14,-4,1]
[4096,1792,656,149,41,7,1]
[15625,-250,-143,-2,1]
[729,-27,37,-1,1]
[1024,64,63,2,1]
[15625,1750,296,14,1]
[256,64,32,20,5,5,2,1,1]
[4096,-768,496,-57,31,-3,1]
[4096,-512,-80,9,-5,-2,1]
[4096,256,96,91,6,1,1]
[4096,1792,400,63,25,7,1]
[729,567,297,109,33,7,1]
[256,-320,256,-164,89,-41,16,-5,1]
[729,648,342,127,38,8,1]
[15625,2750,286,22,1]
[729,243,72,22,8,3,1]
[729,486,207,77,23,6,1]
[4096,1536,528,157,33,6,1]
[6561,-648,-11,-8,1]
[4096,2560,704,145,44,10,1]
[4096,0,288,-35,18,0,1]
[256,320,304,184,105,46,19,5,1]
[4096,-768,-32,81,-2,-3,1]
[256,0,16,28,1,7,1,0,1]
[16384,-384,-7,-3,1]
[4096,1024,320,31,20,4,1]
[729,0,-45,-10,-5,0,1]
[15625,-1125,211,-9,1]
[256,0,16,-24,-9,-6,1,0,1]
[256,64,32,-4,-7,-1,2,1,1]
[4096,-768,0,57,0,-3,1]
[14641,0,80,0,1]
[6561,-162,-100,-2,1]
[4096,1024,-160,-99,-10,4,1]
[14641,-3388,412,-28,1]
[512,320,232,79,29,5,1]
[256,0,96,8,21,2,6,0,1]
[4096,-1024,704,-119,44,-4,1]
[4096,-512,464,-83,29,-2,1]
[14641,3025,314,25,1]
[14641,242,98,2,1]
[6561,-81,23,-1,1]
[15625,1625,79,13,1]
[4096,768,240,103,15,3,1]
[14641,1815,186,15,1]
[256,96,39,6,1]
[4096,-2304,560,-113,35,-9,1]
[16384,2304,231,18,1]
[256,256,112,4,-11,1,7,4,1]
[256,-192,64,8,-17,2,4,-3,1]
[256,-192,96,16,-15,4,6,-3,1]
[4096,1536,560,143,35,6,1]
[4096,768,48,35,3,3,1]
[4096,512,-128,-81,-8,2,1]
[256,256,192,84,41,21,12,4,1]
[14641,1331,8,11,1]
[2401,98,61,2,1]
[4096,256,432,27,27,1,1]
[14641,363,145,3,1]
[4096,-3072,1344,-407,84,-12,1]
[14641,-2299,300,-19,1]
[4096,1024,112,-37,7,4,1]
[256,-64,64,-20,-1,-5,4,-1,1]
[4096,64,103,1,1]
[625,-200,56,-8,1]
[729,162,54,41,6,2,1]
[16384,896,163,7,1]
[4096,-1024,-64,41,-4,-4,1]
[16384,2176,271,17,1]
[4096,-768,304,-89,19,-3,1]
[4096,1280,528,105,33,5,1]
[15625,0,124,0,1]
[4096,-2560,944,-279,59,-10,1]
[512,-64,136,-9,17,-1,1]
[15625,1125,98,9,1]
[16384,-1152,-43,-9,1]
[4096,512,-128,-73,-8,2,1]
[4096,-512,-112,71,-7,-2,1]
[256,128,0,28,39,7,0,2,1]
[64,0,-8,-7,-2,0,1]
[4096,512,448,23,28,2,1]
[625,-100,53,-4,1]
[4096,1536,-96,-135,-6,6,1]
[4096,-512,112,-109,7,-2,1]
[729,0,-9,25,-1,0,1]
[16384,1408,5,11,1]
[4096,768,240,125,15,3,1]
[4096,1024,208,93,13,4,1]
[2401,-147,-53,-3,1]
[4096,512,16,-47,1,2,1]
[16384,-768,31,-6,1]
[14641,2420,217,20,1]
[729,324,27,-20,3,4,1]
[6561,-243,100,-3,1]
[4096,1024,320,157,20,4,1]
[6561,-1539,224,-19,1]
[4096,-512,80,69,5,-2,1]
[4096,-512,144,-7,9,-2,1]
[4096,-512,192,-9,12,-2,1]
[6561,1215,158,15,1]
[729,189,38,7,1]
[256,64,128,36,41,9,8,1,1]
[6561,-891,83,-11,1]
[256,0,32,-8,9,-2,2,0,1]
[1024,-128,-15,-4,1]
[729,-81,144,-28,16,-1,1]
[4096,1792,704,185,44,7,1]
[15625,-1000,142,-8,1]
[4096,1280,-48,-75,-3,5,1]
[729,-162,90,-25,10,-2,1]
[4096,-1280,96,15,6,-5,1]
[4096,1280,-96,-87,-6,5,1]
[729,162,0,8,0,2,1]
[4096,-768,576,-63,36,-3,1]
[512,-64,-48,27,-6,-1,1]
[4096,1792,560,119,35,7,1]
[4096,768,103,12,1]
[4096,-512,-80,3,-5,-2,1]
[25,-2,1]
[4096,256,192,-9,12,1,1]
[6561,-81,-110,-1,1]
[4096,-1024,368,-95,23,-4,1]
[14641,-1573,155,-13,1]
[15625,1000,-2,8,1]
[14641,-1815,257,-15,1]
[15625,0,96,0,1]
[15625,1875,291,15,1]
[4096,1536,-32,-99,-2,6,1]
[2401,-98,27,-2,1]
[4096,-256,-96,-15,-6,-1,1]
[512,192,32,3,4,3,1]
[4096,768,80,-53,5,3,1]
[729,27,23,1,1]
[15625,2500,246,20,1]
[4096,0,144,-39,9,0,1]
[4096,-1536,384,-77,24,-6,1]
[15625,2750,297,22,1]
[4096,1024,112,-23,7,4,1]
[4096,1536,736,181,46,6,1]
[729,162,63,4,7,2,1]
[14641,-847,171,-7,1]
[256,-192,144,-40,25,-10,9,-3,1]
[4096,1536,-32,-97,-2,6,1]
[729,-243,117,-35,13,-3,1]
[4096,1280,576,117,36,5,1]
[729,-648,234,-64,26,-8,1]
[6561,162,-70,2,1]
[4096,256,384,53,24,1,1]
[4096,1280,64,-15,4,5,1]
[729,-162,9,-20,1,-2,1]
[256,64,32,-36,-21,-9,2,1,1]
[256,0,-48,8,3,2,-3,0,1]
[15625,1000,131,8,1]
[256,-128,32,-36,23,-9,2,-2,1]
[256,256,160,76,33,19,10,4,1]
[4096,256,416,63,26,1,1]
[4096,-64,61,-1,1]
[256,320,192,112,65,28,12,5,1]
[4096,-2048,256,11,16,-8,1]
[15625,2250,193,18,1]
[729,324,99,17,11,4,1]
[256,128,160,56,45,14,10,2,1]
[4096,-512,-96,77,-6,-2,1]
[4096,0,-176,13,-11,0,1]
[15625,625,9,5,1]
[14641,-1089,72,-9,1]
[14641,726,-102,6,1]
[729,162,-36,-55,-4,2,1]
[4096,-1024,96,43,6,-4,1]
[4096,-512,80,-65,5,-2,1]
[729,-567,288,-110,32,-7,1]
[4096,-2304,656,-157,41,-9,1]
[6561,-567,-22,-7,1]
[6561,-1539,184,-19,1]
[256,0,0,20,5,5,0,0,1]
[4096,768,-16,-5,-1,3,1]
[6561,-324,107,-4,1]
[4096,-2048,576,-131,36,-8,1]
[256,64,16,-16,1,-4,1,1,1]
[256,-128,16,-8,17,-2,1,-2,1]
[64,-16,4,1,1,-1,1]
[256,-192,128,-48,29,-12,8,-3,1]
[4096,1536,704,179,44,6,1]
[4096,0,-96,-1,-6,0,1]
[625,100,-2,4,1]
[15625,-1000,-6,-8,1]
[256,-192,96,-60,31,-15,6,-3,1]
[4096,-512,16,55,1,-2,1]
[256,192,96,20,9,5,6,3,1]
[729,162,9,20,1,2,1]
[4096,2560,1152,329,72,10,1]
[4096,-512,112,25,7,-2,1]
[14641,242,-42,2,1]
[256,128,80,48,41,12,5,2,1]
[14641,-726,139,-6,1]
[14641,-847,-6,-7,1]
[4096,-1024,336,-119,21,-4,1]
[4096,512,80,59,5,2,1]
[4096,-256,224,17,14,-1,1]
[256,0,-3,0,1]
[256,-192,112,-24,5,-6,7,-3,1]
[4096,0,496,-23,31,0,1]
[729,0,-9,11,-1,0,1]
[256,-128,48,-48,27,-12,3,-2,1]
[4096,-2304,704,-161,44,-9,1]
[4096,-768,112,5,7,-3,1]
[15625,250,104,2,1]
[256,0,48,-8,29,-2,3,0,1]
[14641,2299,208,19,1]
[4096,-1024,224,-83,14,-4,1]
[256,256,176,92,43,23,11,4,1]
[4096,2816,1008,275,63,11,1]
[4096,1280,480,89,30,5,1]
[15625,1625,243,13,1]
[6561,1620,247,20,1]
[512,128,136,23,17,2,1]
[729,243,144,26,16,3,1]
[4096,-768,-32,29,-2,-3,1]
[256,448,416,292,165,73,26,7,1]
[4096,-2304,352,-9,22,-9,1]
[15625,3250,399,26,1]
[4096,-512,48,37,3,-2,1]
[256,0,48,-32,-9,-8,3,0,1]
[729,405,63,4,7,5,1]
[256,-128,64,-16,17,-4,4,-2,1]
[6561,-243,155,-3,1]
[256,128,64,36,21,9,4,2,1]
[6561,729,127,9,1]
[15625,-750,-49,-6,1]
[4096,-1792,752,-179,47,-7,1]
[4096,-1536,320,-63,20,-6,1]
[1024,256,63,8,1]
[4096,512,400,83,25,2,1]
[6561,-162,160,-2,1]
[4096,0,192,13,12,0,1]
[14641,-2783,305,-23,1]
[729,54,-20,2,1]
[4096,-2816,1056,-299,66,-11,1]
[4096,512,512,49,32,2,1]
[4096,-2304,1088,-297,68,-9,1]
[256,0,-32,-8,3,-2,-2,0,1]
[256,-64,-32,12,-1,3,-2,-1,1]
[256,-320,176,-100,61,-25,11,-5,1]
[15625,2625,228,21,1]
[14641,1573,142,13,1]
[15625,-375,-151,-3,1]
[512,64,-32,-19,-4,1,1]
[15625,1875,118,15,1]
[4096,2048,752,185,47,8,1]
[4096,768,368,91,23,3,1]
[256,-64,96,-48,31,-12,6,-1,1]
[256,-64,64,-24,13,-6,4,-1,1]
[256,0,48,36,11,9,3,0,1]
[6561,1701,260,21,1]
[729,-27,5,-1,1]
[64,-16,20,-13,5,-1,1]
[6561,-81,-50,-1,1]
[4096,1280,432,121,27,5,1]
[256,192,112,32,9,8,7,3,1]
[14641,-3751,481,-31,1]
[4096,4096,1904,567,119,16,1]
[729,-324,189,-68,21,-4,1]
[4096,768,176,11,11,3,1]
[4096,256,-48,-15,-3,1,1]
[2401,-245,-6,-5,1]
[14641,968,257,8,1]
[512,0,112,-1,14,0,1]
[256,-64,0,0,17,0,0,-1,1]
[256,-384,208,-12,-27,-3,13,-6,1]
[4096,256,112,3,7,1,1]
[4096,1536,576,117,36,6,1]
[256,-192,48,-48,45,-12,3,-3,1]
[256,-256,112,-32,15,-8,7,-4,1]
[4096,-1024,272,-41,17,-4,1]
[14641,-1573,256,-13,1]
[14641,1815,94,15,1]
[16384,-2688,347,-21,1]
[4096,-768,176,-11,11,-3,1]
[4096,0,176,-57,11,0,1]
[4096,0,-64,-37,-4,0,1]
[16384,-1024,5,-8,1]
[6561,-972,152,-12,1]
[14641,484,173,4,1]
[6561,729,142,9,1]
[4096,-1536,688,-171,43,-6,1]
[4096,1280,64,-39,4,5,1]
[15625,1250,92,10,1]
[256,-64,0,-12,11,-3,0,-1,1]
[14641,-363,39,-3,1]
[729,-405,99,-26,11,-5,1]
[4096,512,400,65,25,2,1]
[256,-256,208,-104,55,-26,13,-4,1]
[2401,-49,-12,-1,1]
[4096,512,224,29,14,2,1]
[4096,0,208,41,13,0,1]
[4096,2048,496,97,31,8,1]
[4096,-1024,80,7,5,-4,1]
[729,-324,108,-13,12,-4,1]
[14641,-2662,279,-22,1]
[256,-64,64,-20,9,-5,4,-1,1]
[15625,0,-217,0,1]
[4096,-768,0,33,0,-3,1]
[729,216,44,8,1]
[4096,1024,-192,-157,-12,4,1]
[256,0,32,-20,19,-5,2,0,1]
[512,128,24,-5,3,2,1]
[4096,-512,96,43,6,-2,1]
[4096,1280,512,83,32,5,1]
[4096,768,224,75,14,3,1]
[64,-48,28,-17,7,-3,1]
[4096,-2304,672,-161,42,-9,1]
[4096,1792,-32,-117,-2,7,1]
[2401,343,96,7,1]
[256,192,144,48,29,12,9,3,1]
[4096,1792,560,137,35,7,1]
[729,81,81,4,9,1,1]
[4096,320,33,5,1]
[256,-192,112,-16,3,-4,7,-3,1]
[4096,1024,496,121,31,4,1]
[2401,882,176,18,1]
[256,256,144,60,25,15,9,4,1]
[14641,3509,432,29,1]
[6561,-324,-55,-4,1]
[256,192,32,-44,-37,-11,2,3,1]
[256,-128,32,-4,-7,-1,2,-2,1]
[4096,256,32,55,2,1,1]
[4096,1536,448,147,28,6,1]
[4096,-1280,352,-53,22,-5,1]
[4096,-2304,848,-237,53,-9,1]
[256,-64,-48,-4,15,-1,-3,-1,1]
[729,810,450,170,50,10,1]
[729,324,36,-10,4,4,1]
[256,-320,240,-156,91,-39,15,-5,1]
[4096,-1024,-96,99,-6,-4,1]
[729,-648,360,-134,40,-8,1]
[256,128,128,76,37,19,8,2,1]
[16384,-512,35,-4,1]
[1024,32,-39,1,1]
[256,64,0,-12,-27,-3,0,1,1]
[16384,2048,289,16,1]
[4096,-256,-80,19,-5,-1,1]
[4096,512,-64,-61,-4,2,1]
[14641,2783,291,23,1]
[4096,768,560,67,35,3,1]
[4096,512,0,-25,0,2,1]
[15625,1500,144,12,1]
[256,128,-48,-20,9,-5,-3,2,1]
[4096,-768,224,7,14,-3,1]
[14641,-847,-80,-7,1]
[512,320,152,57,19,5,1]
[4096,-1280,160,-45,10,-5,1]
[14641,1573,243,13,1]
[14641,-363,-26,-3,1]
[256,-192,112,-12,1,-3,7,-3,1]
[4096,512,432,35,27,2,1]
[256,-192,192,-116,71,-29,12,-3,1]
[512,128,48,27,6,2,1]
[6561,-1701,230,-21,1]
[4096,0,528,13,33,0,1]
[16384,-512,-1,-4,1]
[625,-225,68,-9,1]
[6561,1296,140,16,1]
[512,-320,160,-51,20,-5,1]
[15625,125,143,1,1]
[256,0,32,-28,1,-7,2,0,1]
[256,-128,64,-32,7,-8,4,-2,1]
[4096,-2816,1360,-389,85,-11,1]
[4096,-256,608,-27,38,-1,1]
[14641,-605,-24,-5,1]
[16384,1792,85,14,1]
[6561,891,152,11,1]
[4096,2048,560,139,35,8,1]
[4096,256,480,-3,30,1,1]
[4096,1536,752,165,47,6,1]
[14641,-1573,94,-13,1]
[4096,-1536,720,-183,45,-6,1]
[625,-175,62,-7,1]
[16384,-256,105,-2,1]
[4096,-1792,704,-167,44,-7,1]
[14641,242,24,2,1]
[4096,1280,528,85,33,5,1]
[14641,1452,152,12,1]
[512,64,32,31,4,1,1]
[4096,256,96,59,6,1,1]
[256,64,80,32,9,8,5,1,1]
[15625,-125,-74,-1,1]
[256,0,32,-16,15,-4,2,0,1]
[4096,256,-16,43,-1,1,1]
[16384,-3840,473,-30,1]
[15625,-3625,438,-29,1]
[729,-162,63,13,7,-2,1]
[4096,-1024,64,47,4,-4,1]
[4096,-768,448,-57,28,-3,1]
[512,256,104,27,13,4,1]
[6561,-243,98,-3,1]
[14641,121,194,1,1]
[4096,-512,-16,7,-1,-2,1]
[4096,512,272,107,17,2,1]
[256,64,80,20,31,5,5,1,1]
[15625,-500,43,-4,1]
[4096,-1536,464,-149,29,-6,1]
[256,128,16,8,19,2,1,2,1]
[4096,768,464,91,29,3,1]
[4096,-128,61,-2,1]
[4096,768,-128,-135,-8,3,1]
[27,5,1]
[4096,-256,-80,-21,-5,-1,1]
[6561,81,-13,1,1]
[4096,0,288,13,18,0,1]
[15625,-500,78,-4,1]
[4096,-256,-32,19,-2,-1,1]
[4096,-1280,416,-147,26,-5,1]
[15625,1875,147,15,1]
[4096,1536,192,3,12,6,1]
[256,-192,48,0,1,0,3,-3,1]
[256,-128,48,-4,1,-1,3,-2,1]
[1024,96,39,3,1]
[4096,768,176,53,11,3,1]
[16384,-512,227,-4,1]
[15625,-1000,154,-8,1]
[14641,726,-10,6,1]
[15625,1875,292,15,1]
[4096,320,-17,5,1]
[4096,768,-96,-117,-6,3,1]
[14641,-121,-217,-1,1]
[256,64,32,32,13,8,2,1,1]
[4096,2560,576,91,36,10,1]
[4096,512,-16,-21,-1,2,1]
[4096,-3328,1456,-423,91,-13,1]
[2401,-833,170,-17,1]
[14641,-968,158,-8,1]
[4096,-2304,912,-267,57,-9,1]
[15625,1250,117,10,1]
[512,-64,-16,-9,-2,-1,1]
[256,64,80,12,15,3,5,1,1]
[4096,1536,656,163,41,6,1]
[4096,-256,0,25,0,-1,1]
[256,-256,144,-28,5,-7,9,-4,1]
[16384,3456,409,27,1]
[256,320,192,48,9,12,12,5,1]
[16384,2560,329,20,1]
[256,-192,64,-8,1,-2,4,-3,1]
[256,128,32,-8,-23,-2,2,2,1]
[729,243,153,44,17,3,1]
[4096,-768,256,-73,16,-3,1]
[16384,1920,235,15,1]
[14641,-1815,129,-15,1]
[4096,512,736,63,46,2,1]
[15625,-2000,242,-16,1]
[256,128,16,0,5,0,1,2,1]
[512,-192,-48,51,-6,-3,1]
[14641,-363,-96,-3,1]
[4096,-1280,240,-5,15,-5,1]
[729,-972,657,-272,73,-12,1]
[15625,-375,117,-3,1]
[256,-128,-80,8,33,2,-5,-2,1]
[512,-64,56,15,7,-1,1]
[729,-567,315,-113,35,-7,1]
[512,-320,104,-23,13,-5,1]
[512,-64,16,-23,2,-1,1]
[14641,-484,-52,-4,1]
[256,128,32,8,11,2,2,2,1]
[256,64,48,36,19,9,3,1,1]
[1024,160,63,5,1]
[4096,1792,304,27,19,7,1]
[4096,-1280,240,-71,15,-5,1]
[512,64,32,-1,4,1,1]
[16384,2816,293,22,1]
[4096,-768,-112,29,-7,-3,1]
[256,-64,96,-16,31,-4,6,-1,1]
[15625,2000,242,16,1]
[4096,-1280,128,-9,8,-5,1]
[4096,256,96,-47,6,1,1]
[256,-64,64,-28,35,-7,4,-1,1]
[256,-64,-16,16,-21,4,-1,-1,1]
[64,-48,-4,15,-1,-3,1]
[2401,539,115,11,1]
[4096,-3072,1024,-255,64,-12,1]
[4096,-256,480,-51,30,-1,1]
[729,0,126,-11,14,0,1]
[4096,1280,480,153,30,5,1]
[4096,768,-32,-21,-2,3,1]
[4096,-2048,512,-119,32,-8,1]
[4096,-1024,432,-107,27,-4,1]
[729,0,-27,1,-3,0,1]
[15625,500,72,4,1]
[14641,-1452,161,-12,1]
[256,128,80,68,29,17,5,2,1]
[15625,1625,106,13,1]
[14641,1573,63,13,1]
[2401,784,143,16,1]
[64,-112,100,-59,25,-7,1]
[4096,0,384,9,24,0,1]
[512,-384,152,-55,19,-6,1]
[16384,-2304,157,-18,1]
[729,243,18,-4,2,3,1]
[14641,-1936,141,-16,1]
[4096,-256,704,-31,44,-1,1]
[729,81,63,-1,7,1,1]
[4096,-1280,768,-145,48,-5,1]
[15625,-625,-74,-5,1]
[14641,1815,217,15,1]
[729,162,0,-4,0,2,1]
[729,-162,117,-17,13,-2,1]
[14641,-484,219,-4,1]
[4096,-1536,528,-153,33,-6,1]
[2401,-637,121,-13,1]
[512,-320,128,-37,16,-5,1]
[4096,-2048,768,-239,48,-8,1]
[256,-64,-48,8,13,2,-3,-1,1]
[256,-256,112,-40,19,-10,7,-4,1]
[14641,-1452,271,-12,1]
[729,81,81,-2,9,1,1]
[256,-16,-19,-1,1]
[256,320,256,168,89,42,16,5,1]
[256,64,16,-12,-15,-3,1,1,1]
[14641,1573,150,13,1]
[4096,1792,224,1,14,7,1]
[4096,-1536,288,-73,18,-6,1]
[4096,256,576,13,36,1,1]
[256,128,16,16,23,4,1,2,1]
[4096,-256,336,1,21,-1,1]
[256,0,-48,-8,23,-2,-3,0,1]
[15625,500,-68,4,1]
[1024,352,85,11,1]
[15625,-1000,136,-8,1]
[4096,256,112,-29,7,1,1]
[4096,-1536,160,-7,10,-6,1]
[4096,1792,512,137,32,7,1]
[6561,-648,110,-8,1]
[625,-125,27,-5,1]
[4096,256,48,-51,3,1,1]
[16384,1024,-33,8,1]
[4096,0,256,13,16,0,1]
[15625,375,56,3,1]
[4096,1024,96,-17,6,4,1]
[729,-243,144,-28,16,-3,1]
[4096,-1024,560,-131,35,-4,1]
[1024,-256,57,-8,1]
[4096,-2560,960,-267,60,-10,1]
[4096,-1024,336,-89,21,-4,1]
[4096,-1280,144,-33,9,-5,1]
[729,243,54,25,6,3,1]
[256,-192,176,-96,53,-24,11,-3,1]
[256,128,96,0,5,0,6,2,1]
[16384,2176,171,17,1]
[4096,-512,400,-37,25,-2,1]
[4096,256,432,41,27,1,1]
[1024,416,93,13,1]
[14641,-1936,142,-16,1]
[15625,-750,-108,-6,1]
[6561,-1296,163,-16,1]
[14641,726,79,6,1]
[4096,0,-128,-1,-8,0,1]
[4096,-1024,-80,61,-5,-4,1]
[4096,256,112,-69,7,1,1]
[256,64,48,-48,-11,-12,3,1,1]
[14641,121,-56,1,1]
[512,64,40,7,5,1,1]
[256,0,9,0,1]
[729,-162,90,-11,10,-2,1]
[4096,-1024,368,-67,23,-4,1]
[512,0,0,33,0,0,1]
[512,256,-32,-49,-4,4,1]
[4096,-2560,912,-253,57,-10,1]
[6561,-324,157,-4,1]
[14641,1815,274,15,1]
[4096,1536,304,61,19,6,1]
[4096,1792,832,223,52,7,1]
[4096,768,176,-39,11,3,1]
[256,-64,0,-20,5,-5,0,-1,1]
[729,243,162,58,18,3,1]
[4096,1536,400,129,25,6,1]
[14641,-1210,149,-10,1]
[256,-256,288,-168,107,-42,18,-4,1]
[512,256,80,17,10,4,1]
[14641,-484,93,-4,1]
[16384,-512,-87,-4,1]
[4096,2816,1120,309,70,11,1]
[4096,256,368,-3,23,1,1]
[6561,-162,2,-2,1]
[256,192,112,68,41,17,7,3,1]
[6561,729,94,9,1]
[16384,-1920,177,-15,1]
[14641,2057,251,17,1]
[256,-64,64,28,-5,7,4,-1,1]
[4096,0,-32,83,-2,0,1]
[729,-243,90,-7,10,-3,1]
[14641,2057,266,17,1]
[4096,0,-144,25,-9,0,1]
[14641,-2420,274,-20,1]
[81,-16,1]
[15625,-1750,184,-14,1]
[256,64,64,20,27,5,4,1,1]
[4096,-1536,640,-137,40,-6,1]
[4096,-2048,704,-169,44,-8,1]
[4096,1536,544,161,34,6,1]
[256,-64,112,-24,37,-6,7,-1,1]
[4096,-768,-112,119,-7,-3,1]
[625,-175,57,-7,1]
[4096,1536,560,113,35,6,1]
[15625,-3500,379,-28,1]
[14641,2541,257,21,1]
[15625,-1625,209,-13,1]
[14641,363,-125,3,1]
[4096,-1472,243,-23,1]
[729,486,180,49,20,6,1]
[14641,605,107,5,1]
[15625,-625,-77,-5,1]
[4096,512,-128,-127,-8,2,1]
[729,81,18,-35,2,1,1]
[4096,-832,83,-13,1]
[4096,-2048,784,-205,49,-8,1]
[256,0,48,4,3,1,3,0,1]
[14641,0,120,0,1]
[15625,0,181,0,1]
[4096,-1792,432,-109,27,-7,1]
[6561,-972,112,-12,1]
[4096,2048,608,149,38,8,1]
[256,64,48,28,3,7,3,1,1]
[4096,256,-48,-65,-3,1,1]
[16384,1152,265,9,1]
[4096,-2048,1008,-255,63,-8,1]
[64,-16,12,-3,3,-1,1]
[4096,2048,592,153,37,8,1]
[15625,375,-18,3,1]
[4096,1024,624,107,39,4,1]
[14641,-1694,70,-14,1]
[729,-81,171,-17,19,-1,1]
[256,256,128,36,5,9,8,4,1]
[6561,81,152,1,1]
[16384,-1280,131,-10,1]
[4096,256,-240,-25,-15,1,1]
[4096,512,-64,-41,-4,2,1]
[256,192,128,44,29,11,8,3,1]
[16384,-384,27,-3,1]
[4096,-1024,320,-13,20,-4,1]
[6561,-2106,307,-26,1]
[6561,729,79,9,1]
[256,-64,16,-8,-9,-2,1,-1,1]
[15625,-4250,511,-34,1]
[4096,-2304,752,-175,47,-9,1]
[625,150,48,6,1]
[4096,1536,-224,-187,-14,6,1]
[15625,-625,174,-5,1]
[15625,-875,221,-7,1]
[2401,-441,48,-9,1]
[64,32,0,-5,0,2,1]
[729,162,18,26,2,2,1]
[256,320,208,96,43,24,13,5,1]
[14641,1452,38,12,1]
[16384,1536,195,12,1]
[4096,1024,304,147,19,4,1]
[4096,512,32,-23,2,2,1]
[729,-648,306,-112,34,-8,1]
[4096,1024,-176,-107,-11,4,1]
[256,64,16,-8,-7,-2,1,1,1]
[15625,-3625,411,-29,1]
[256,0,-16,12,-3,3,-1,0,1]
[4096,-1792,-16,117,-1,-7,1]
[4096,-768,48,41,3,-3,1]
[4096,-256,-64,-9,-4,-1,1]
[4096,768,-176,-59,-11,3,1]
[729,405,72,8,8,5,1]
[4096,1280,368,61,23,5,1]
[729,405,216,71,24,5,1]
[256,-64,16,-20,21,-5,1,-1,1]
[256,64,-16,-20,-15,-5,-1,1,1]
[729,81,36,-11,4,1,1]
[4096,1792,464,85,29,7,1]
[4096,-256,-48,-37,-3,-1,1]
[14641,1936,271,16,1]
[729,-324,189,-46,21,-4,1]
[4096,768,144,55,9,3,1]
[4096,-1024,-96,75,-6,-4,1]
[256,-128,16,-32,31,-8,1,-2,1]
[4096,-2304,864,-241,54,-9,1]
[256,128,160,72,49,18,10,2,1]
[256,0,48,28,-5,7,3,0,1]
[4096,-1280,224,1,14,-5,1]
[4096,-1536,272,-37,17,-6,1]
[256,192,96,-8,-11,-2,6,3,1]
[256,-128,64,-44,13,-11,4,-2,1]
[729,-81,189,-13,21,-1,1]
[15625,0,-119,0,1]
[4096,768,688,85,43,3,1]
[4096,-1280,176,-39,11,-5,1]
[14641,-2299,320,-19,1]
[4096,-1536,800,-185,50,-6,1]
[256,32,5,2,1]
[512,128,112,39,14,2,1]
[4096,-768,128,-85,8,-3,1]
[4096,-256,-48,7,-3,-1,1]
[15625,-250,111,-2,1]
[256,0,-48,-12,15,-3,-3,0,1]
[4096,-1024,-144,139,-9,-4,1]
[2401,343,92,7,1]
[4096,768,240,127,15,3,1]
[4096,256,240,15,15,1,1]
[14641,484,216,4,1]
[14641,2783,322,23,1]
[4096,2304,720,181,45,9,1]
[256,-64,64,-4,23,-1,4,-1,1]
[4096,1792,672,185,42,7,1]
[81,-72,31,-8,1]
[256,192,208,116,75,29,13,3,1]
[15625,-375,159,-3,1]
[729,81,29,3,1]
[4096,448,-15,7,1]
[512,64,32,1,4,1,1]
[256,-64,16,-16,27,-4,1,-1,1]
[4096,1280,400,89,25,5,1]
[4096,1280,448,171,28,5,1]
[256,-64,112,-20,35,-5,7,-1,1]
[256,-64,96,-20,15,-5,6,-1,1]
[729,162,117,22,13,2,1]
[6561,729,89,9,1]
[729,-81,90,-19,10,-1,1]
[729,0,-18,-2,-2,0,1]
[4096,-512,656,-63,41,-2,1]
[4096,0,0,75,0,0,1]
[256,192,144,104,51,26,9,3,1]
[512,-320,168,-69,21,-5,1]
[15625,-375,46,-3,1]
[256,-256,128,-24,3,-6,8,-4,1]
[729,-243,180,-46,20,-3,1]
[4096,-704,115,-11,1]
[512,-64,120,-5,15,-1,1]
[256,256,160,108,61,27,10,4,1]
[14641,-1573,193,-13,1]
[512,0,48,-1,6,0,1]
[16384,128,-93,1,1]
[14641,1573,124,13,1]
[16384,-1536,51,-12,1]
[729,-729,378,-142,42,-9,1]
[256,64,80,12,7,3,5,1,1]
[4096,-1280,352,-85,22,-5,1]
[4096,-2048,288,1,18,-8,1]
[16384,-4992,629,-39,1]
[16384,-4224,511,-33,1]
[729,-567,369,-133,41,-7,1]
[4096,-2304,944,-251,59,-9,1]
[4096,-1024,-112,71,-7,-4,1]
[64,-16,0,-3,0,-1,1]
[512,-192,136,-35,17,-3,1]
[729,-81,-45,1,-5,-1,1]
[4096,-768,224,-5,14,-3,1]
[4096,-768,160,-15,10,-3,1]
[256,0,-16,-8,13,-2,-1,0,1]
[4096,-2048,320,-17,20,-8,1]
[4096,512,96,-7,6,2,1]
[4096,256,-128,-23,-8,1,1]
[256,0,32,36,-5,9,2,0,1]
[16384,-128,85,-1,1]
[14641,121,-180,1,1]
[15625,0,158,0,1]
[256,0,-64,-12,17,-3,-4,0,1]
[4096,-512,240,-43,15,-2,1]
[4096,512,96,-71,6,2,1]
[256,0,32,-48,1,-12,2,0,1]
[4096,-256,-224,41,-14,-1,1]
[256,-128,48,0,5,0,3,-2,1]
[4096,-2560,976,-283,61,-10,1]
[4096,1024,-208,-133,-13,4,1]
[15625,-500,194,-4,1]
[512,-512,272,-105,34,-8,1]
[6561,1458,196,18,1]
[256,-128,112,-40,35,-10,7,-2,1]
[16384,128,-83,1,1]
[4096,1280,144,5,9,5,1]
[14641,-242,124,-2,1]
[729,-243,0,26,0,-3,1]
[256,128,48,-32,-17,-8,3,2,1]
[4096,768,-96,-119,-6,3,1]
[14641,726,-107,6,1]
[4096,0,512,15,32,0,1]
[4096,768,99,12,1]
[256,0,16,12,19,3,1,0,1]
[256,-64,-32,12,1,3,-2,-1,1]
[4096,1792,464,77,29,7,1]
[14641,484,93,4,1]
[4096,768,192,-23,12,3,1]
[14641,1936,122,16,1]
[4096,-2304,1040,-277,65,-9,1]
[4096,-256,-32,3,-2,-1,1]
[14641,-363,196,-3,1]
[15625,0,84,0,1]
[15625,1250,227,10,1]
[256,-256,160,-92,55,-23,10,-4,1]
[4096,1024,256,83,16,4,1]
[256,128,-32,-28,-5,-7,-2,2,1]
[256,64,-32,-4,21,-1,-2,1,1]
[4096,2048,320,21,20,8,1]
[15625,1375,89,11,1]
[4096,-4608,2448,-773,153,-18,1]
[256,-64,16,28,-1,7,1,-1,1]
[15625,-3125,404,-25,1]
[512,256,0,-29,0,4,1]
[4096,768,-80,-43,-5,3,1]
[4096,-1536,800,-179,50,-6,1]
[256,64,16,20,7,5,1,1,1]
[256,-128,-32,-12,31,-3,-2,-2,1]
[4096,-256,0,35,0,-1,1]
[4096,1792,768,211,48,7,1]
[16384,-512,3,-4,1]
[14641,-1331,269,-11,1]
[16384,1024,145,8,1]
[15625,3875,487,31,1]
[4096,-256,272,-43,17,-1,1]
[15625,625,48,5,1]
[729,-243,-18,22,-2,-3,1]
[256,-64,96,-60,19,-15,6,-1,1]
[14641,1573,236,13,1]
[4096,512,304,23,19,2,1]
[16384,1024,249,8,1]
[4096,-256,16,95,1,-1,1]
[512,-128,72,-17,9,-2,1]
[256,256,160,72,39,18,10,4,1]
[256,128,128,12,21,3,8,2,1]
[4096,0,112,-81,7,0,1]
[256,0,16,-28,9,-7,1,0,1]
[4096,1024,624,95,39,4,1]
[256,64,176,40,59,10,11,1,1]
[14641,-1452,113,-12,1]
[4096,512,64,67,4,2,1]
[4096,-512,240,-85,15,-2,1]
[4096,-1536,720,-185,45,-6,1]
[256,0,32,40,-7,10,2,0,1]
[4096,-768,0,87,0,-3,1]
[4096,1024,64,25,4,4,1]
[15625,-1625,183,-13,1]
[15625,1500,197,12,1]
[4096,-768,544,-89,34,-3,1]
[4096,256,128,-35,8,1,1]
[256,-192,96,-64,45,-16,6,-3,1]
[512,192,80,25,10,3,1]
[4096,1024,192,9,12,4,1]
[625,200,36,8,1]
[512,-64,-16,41,-2,-1,1]
[4096,512,-208,-49,-13,2,1]
[512,-320,120,-49,15,-5,1]
[729,-27,11,-1,1]
[729,0,45,29,5,0,1]
[4096,256,-48,-21,-3,1,1]
[4096,-1792,608,-175,38,-7,1]
[4096,2048,448,75,28,8,1]
[256,64,-48,-4,17,-1,-3,1,1]
[4096,-1792,240,-23,15,-7,1]
[4096,-1280,544,-147,34,-5,1]
[4096,1792,752,193,47,7,1]
[4096,512,-112,-91,-7,2,1]
[729,81,18,-38,2,1,1]
[256,0,-16,0,-13,0,-1,0,1]
[256,-128,80,-32,27,-8,5,-2,1]
[512,-128,72,-15,9,-2,1]
[2401,-392,80,-8,1]
[4096,256,256,-1,16,1,1]
[4096,-1024,176,27,11,-4,1]
[256,-256,224,-152,83,-38,14,-4,1]
[4096,-512,416,-15,26,-2,1]
[4096,1024,112,19,7,4,1]
[4096,-1280,496,-99,31,-5,1]
[4096,-1280,608,-159,38,-5,1]
[256,256,80,44,37,11,5,4,1]
[4096,-1280,-192,129,-12,-5,1]
[14641,242,-65,2,1]
[4096,-1472,249,-23,1]
[4096,1024,-192,-143,-12,4,1]
[15625,500,232,4,1]
[4096,3328,1472,429,92,13,1]
[512,-192,64,-23,8,-3,1]
[14641,2299,185,19,1]
[4096,-256,0,33,0,-1,1]
[256,-384,384,-280,157,-70,24,-6,1]
[4096,-512,128,47,8,-2,1]
[4096,768,-80,-9,-5,3,1]
[4096,-1280,0,89,0,-5,1]
[14641,1210,69,10,1]
[16384,-1280,85,-10,1]
[4096,-1536,48,45,3,-6,1]
[4096,-768,-160,107,-10,-3,1]
[16384,1152,41,9,1]
[729,0,108,7,12,0,1]
[15625,2750,259,22,1]
[2401,-343,78,-7,1]
[4096,-768,-128,41,-8,-3,1]
[4096,768,672,93,42,3,1]
[14641,-484,228,-4,1]
[4096,-1280,208,7,13,-5,1]
[729,108,23,4,1]
[4096,1536,192,-21,12,6,1]
[4096,-768,-80,47,-5,-3,1]
[729,-891,513,-197,57,-11,1]
[4096,3328,1408,415,88,13,1]
[14641,2783,355,23,1]
[4096,-1280,224,11,14,-5,1]
[4096,1344,213,21,1]
[14641,1694,270,14,1]
[4096,192,1,3,1]
[256,-512,560,-412,233,-103,35,-8,1]
[512,-576,328,-129,41,-9,1]
[256,448,480,356,203,89,30,7,1]
[14641,-1089,106,-9,1]
[14641,-1089,134,-9,1]
[4096,-256,0,49,0,-1,1]
[256,-320,128,24,-39,6,8,-5,1]
[4096,0,160,-47,10,0,1]
[256,-64,32,-36,21,-9,2,-1,1]
[4096,0,-48,43,-3,0,1]
[256,0,64,60,-3,15,4,0,1]
[729,324,252,71,28,4,1]
[256,-192,64,-4,-9,-1,4,-3,1]
[4096,-256,-160,15,-10,-1,1]
[729,405,279,88,31,5,1]
[121,4,1]
[256,256,80,-44,-47,-11,5,4,1]
[15625,250,-93,2,1]
[729,-648,288,-95,32,-8,1]
[729,0,-27,-13,-3,0,1]
[4096,-256,-32,89,-2,-1,1]
[14641,-726,107,-6,1]
[6561,0,-82,0,1]
[256,64,112,40,37,10,7,1,1]
[16384,-256,-123,-2,1]
[256,-64,64,-4,5,-1,4,-1,1]
[14641,-1452,214,-12,1]
[4096,-1024,352,-95,22,-4,1]
[15625,-2750,302,-22,1]
[4096,256,80,121,5,1,1]
[64,-16,3,-2,1]
[512,64,24,-17,3,1,1]
[15625,2250,163,18,1]
[4096,-1536,512,-111,32,-6,1]
[4096,0,-115,0,1]
[16384,-896,-69,-7,1]
[6561,648,29,8,1]
[4096,-256,320,-73,20,-1,1]
[256,0,80,28,13,7,5,0,1]
[729,-324,45,-2,5,-4,1]
[6561,1053,83,13,1]
[4096,-1792,496,-105,31,-7,1]
[729,486,135,23,15,6,1]
[729,162,54,46,6,2,1]
[6561,405,143,5,1]
[14641,4114,520,34,1]
[512,-64,-16,1,-2,-1,1]
[4096,-512,64,39,4,-2,1]
[4096,0,-64,17,-4,0,1]
[4096,-768,352,-71,22,-3,1]
[4096,1792,608,135,38,7,1]
[16384,-896,-13,-7,1]
[4096,-512,128,-47,8,-2,1]
[729,567,135,17,15,7,1]
[14641,121,-191,1,1]
[256,128,80,4,1,1,5,2,1]
[256,192,32,-52,-41,-13,2,3,1]
[256,256,64,-64,-61,-16,4,4,1]
[512,-128,112,-19,14,-2,1]
[15625,875,-42,7,1]
[4096,1792,416,87,26,7,1]
[729,297,83,11,1]
[256,-384,336,-220,119,-55,21,-6,1]
[4096,1280,272,101,17,5,1]
[729,-81,-9,37,-1,-1,1]
[4096,0,48,97,3,0,1]
[625,100,9,4,1]
[16384,2688,281,21,1]
[729,243,135,53,15,3,1]
[4096,-1792,144,33,9,-7,1]
[4096,-1536,752,-181,47,-6,1]
[4096,2048,736,221,46,8,1]
[6561,567,94,7,1]
[2401,-343,97,-7,1]
[1024,32,31,1,1]
[729,486,81,-4,9,6,1]
[15625,2125,221,17,1]
[256,-64,-80,-8,35,-2,-5,-1,1]
[4096,1280,0,-81,0,5,1]
[256,-64,16,-24,23,-6,1,-1,1]
[256,448,464,340,193,85,29,7,1]
[4096,-512,256,-101,16,-2,1]
[4096,512,-112,-75,-7,2,1]
[256,0,96,-20,29,-5,6,0,1]
[14641,-726,-101,-6,1]
[4096,-1024,304,-109,19,-4,1]
[729,81,27,-10,3,1,1]
[15625,1500,37,12,1]
[14641,968,247,8,1]
[729,-567,261,-91,29,-7,1]
[4096,512,400,41,25,2,1]
[256,0,32,32,-5,8,2,0,1]
[256,0,128,-16,37,-4,8,0,1]
[14641,726,17,6,1]
[256,-128,32,-20,21,-5,2,-2,1]
[512,-64,72,-17,9,-1,1]
[15625,3500,404,28,1]
[16384,-128,213,-1,1]
[256,64,96,20,37,5,6,1,1]
[4096,-1024,0,3,0,-4,1]
[6561,-162,116,-2,1]
[4096,256,160,103,10,1,1]
[256,-192,32,48,-41,12,2,-3,1]
[4096,-768,432,-99,27,-3,1]
[729,-324,81,-31,9,-4,1]
[4096,512,48,67,3,2,1]
[4096,768,288,125,18,3,1]
[4096,-768,496,-73,31,-3,1]
[729,0,-9,-4,-1,0,1]
[512,-128,16,-15,2,-2,1]
[4096,512,336,7,21,2,1]
[4096,2048,736,175,46,8,1]
[4096,-2048,688,-195,43,-8,1]
[256,128,64,-28,-17,-7,4,2,1]
[4096,192,-57,3,1]
[256,0,16,-12,21,-3,1,0,1]
[4096,256,16,1,1,1,1]
[14641,4235,547,35,1]
[14641,363,63,3,1]
[14641,1815,256,15,1]
[4096,-2048,704,-165,44,-8,1]
[256,-64,-32,-8,29,-2,-2,-1,1]
[14641,968,183,8,1]
[16384,2176,179,17,1]
[4096,0,-48,-27,-3,0,1]
[256,-64,-32,-20,25,-5,-2,-1,1]
[4096,768,48,17,3,3,1]
[16384,-1792,135,-14,1]
[512,0,0,43,0,0,1]
[14641,2299,252,19,1]
[4096,-1536,272,-49,17,-6,1]
[4096,1280,-16,-69,-1,5,1]
[512,64,8,-15,1,1,1]
[4096,512,304,17,19,2,1]
[4096,256,288,-17,18,1,1]
[6561,-1863,265,-23,1]
[4096,2048,864,233,54,8,1]
[4096,1280,592,123,37,5,1]
[512,-64,80,3,10,-1,1]
[6561,486,53,6,1]
[4096,-2304,800,-227,50,-9,1]
[15625,1625,209,13,1]
[15625,-3000,373,-24,1]
[4096,0,16,-33,1,0,1]
[15625,875,-29,7,1]
[4096,-1792,608,-187,38,-7,1]
[729,162,135,41,15,2,1]
[256,128,32,-24,-9,-6,2,2,1]
[14641,3146,337,26,1]
[15625,-2750,253,-22,1]
[729,-162,0,32,0,-2,1]
[4096,-1024,208,-17,13,-4,1]
[14641,-363,105,-3,1]
[4096,-2560,1088,-309,68,-10,1]
[4096,1024,-176,-97,-11,4,1]
[4096,-768,528,-73,33,-3,1]
[4096,-512,-80,31,-5,-2,1]
[256,128,-16,-32,-11,-8,-1,2,1]
[4096,0,-176,-39,-11,0,1]
[256,0,32,-16,-5,-4,2,0,1]
[512,-192,184,-45,23,-3,1]
[729,-162,180,-38,20,-2,1]
[14641,-121,171,-1,1]
[256,-64,16,20,-17,5,1,-1,1]
[4096,-2304,624,-147,39,-9,1]
[15625,1500,46,12,1]
[4096,384,97,6,1]
[4096,-64,23,-1,1]
[729,-162,90,-31,10,-2,1]
[256,64,32,-16,-7,-4,2,1,1]
[512,320,184,71,23,5,1]
[6561,-81,-8,-1,1]
[256,0,-16,-8,3,-2,-1,0,1]
[4096,-1792,416,-107,26,-7,1]
[256,-64,16,28,-13,7,1,-1,1]
[4096,-1024,384,-127,24,-4,1]
[256,64,176,52,57,13,11,1,1]
[4096,1024,-32,-91,-2,4,1]
[4096,-1792,544,-153,34,-7,1]
[4096,-3072,1312,-389,82,-12,1]
[4096,256,-160,-39,-10,1,1]
[4096,-768,112,15,7,-3,1]
[15625,875,-39,7,1]
[14641,2057,230,17,1]
[6561,486,115,6,1]
[512,0,8,-11,1,0,1]
[15625,3000,367,24,1]
[4096,0,208,75,13,0,1]
[4096,0,448,-17,28,0,1]
[512,192,40,-7,5,3,1]
[14641,-363,-57,-3,1]
[256,0,32,-36,3,-9,2,0,1]
[4096,0,-176,-13,-11,0,1]
[4096,-1792,640,-199,40,-7,1]
[14641,-968,184,-8,1]
[4096,-2560,560,-83,35,-10,1]
[4096,-1792,864,-207,54,-7,1]
[15625,-625,-34,-5,1]
[16384,-1536,81,-12,1]
[4096,1024,160,9,10,4,1]
[16384,3584,385,28,1]
[512,192,128,27,16,3,1]
[15625,3375,406,27,1]
[4096,-512,64,29,4,-2,1]
[729,-324,144,-49,16,-4,1]
[512,-320,160,-63,20,-5,1]
[729,-324,198,-65,22,-4,1]
[4096,-512,368,-37,23,-2,1]
[729,-810,513,-206,57,-10,1]
[4096,-2304,768,-199,48,-9,1]
[16384,-256,51,-2,1]
[4096,0,64,49,4,0,1]
[729,324,-36,-46,-4,4,1]
[4096,-1280,464,-167,29,-5,1]
[15625,250,-102,2,1]
[729,81,-63,-23,-7,1,1]
[4096,-512,-208,53,-13,-2,1]
[4096,512,-32,-87,-2,2,1]
[15625,1875,148,15,1]
[6561,-405,79,-5,1]
[2401,147,57,3,1]
[4096,1280,400,51,25,5,1]
[256,-384,416,-296,173,-74,26,-6,1]
[256,-64,16,20,-9,5,1,-1,1]
[256,-192,48,8,-9,2,3,-3,1]
[256,64,48,-16,-11,-4,3,1,1]
[4096,2048,992,249,62,8,1]
[16384,128,-109,1,1]
[4096,2304,928,289,58,9,1]
[4096,3584,1536,443,96,14,1]
[14641,1089,24,9,1]
[14641,-121,-162,-1,1]
[4096,1024,448,57,28,4,1]
[4096,512,256,89,16,2,1]
[512,128,88,23,11,2,1]
[4096,0,80,-7,5,0,1]
[4096,2560,1136,317,71,10,1]
[6561,486,97,6,1]
[14641,363,-79,3,1]
[4096,-576,85,-9,1]
[6561,972,58,12,1]
[256,0,96,4,23,1,6,0,1]
[729,-162,27,7,3,-2,1]
[15625,750,232,6,1]
[4096,768,144,83,9,3,1]
[4096,768,320,55,20,3,1]
[14641,363,-40,3,1]
[256,0,0,0,-7,0,0,0,1]
[512,-64,152,-15,19,-1,1]
[4096,0,432,-31,27,0,1]
[256,64,-48,-24,5,-6,-3,1,1]
[256,64,-80,-4,21,-1,-5,1,1]
[256,-128,128,-72,35,-18,8,-2,1]
[14641,242,173,2,1]
[4096,768,448,57,28,3,1]
[6561,-1458,167,-18,1]
[4096,2816,880,211,55,11,1]
[4096,768,-112,-45,-7,3,1]
[15625,-4750,603,-38,1]
[4096,4608,2432,767,152,18,1]
[4096,-512,112,-83,7,-2,1]
[512,-384,104,-17,13,-6,1]
[4096,-1024,544,-121,34,-4,1]
[4096,-832,81,-13,1]
[4096,512,384,7,24,2,1]
[4096,768,224,69,14,3,1]
[256,256,64,-52,-51,-13,4,4,1]
[256,320,112,-52,-59,-13,7,5,1]
[2401,49,50,1,1]
[256,320,240,168,101,42,15,5,1]
[15625,-1125,-38,-9,1]
[15625,-3875,471,-31,1]
[4096,768,336,27,21,3,1]
[4096,-1280,-80,115,-5,-5,1]
[14641,2662,355,22,1]
[15625,-3875,457,-31,1]
[4096,-512,0,87,0,-2,1]
[4096,192,-27,3,1]
[14641,-3025,392,-25,1]
[2401,833,145,17,1]
[14641,1694,263,14,1]
[4096,1280,-240,-153,-15,5,1]
[256,-256,288,-180,111,-45,18,-4,1]
[6561,567,137,7,1]
[256,64,-144,-12,45,-3,-9,1,1]
[625,-175,52,-7,1]
[256,128,48,8,3,2,3,2,1]
[4096,-512,400,-11,25,-2,1]
[4096,0,112,-43,7,0,1]
[4096,-1024,208,-9,13,-4,1]
[4096,-512,544,-67,34,-2,1]
[256,-192,48,52,-45,13,3,-3,1]
[512,-64,144,-15,18,-1,1]
[729,-162,26,-6,1]
[6561,-1377,215,-17,1]
[15625,-125,246,-1,1]
[4096,512,560,53,35,2,1]
[6561,1620,259,20,1]
[256,0,16,-16,-1,-4,1,0,1]
[4096,3072,1488,435,93,12,1]
[2401,490,66,10,1]
[729,648,234,64,26,8,1]
[14641,-1694,234,-14,1]
[4096,-1024,576,-97,36,-4,1]
[512,128,88,29,11,2,1]
[16384,0,-251,0,1]
[256,-128,112,-44,25,-11,7,-2,1]
[256,-64,112,-72,25,-18,7,-1,1]
[16384,-384,-57,-3,1]
[2401,-441,58,-9,1]
[4096,-1024,112,31,7,-4,1]
[4096,-1536,32,65,2,-6,1]
[4096,256,-16,-83,-1,1,1]
[4096,-1792,608,-203,38,-7,1]
[729,81,-9,-44,-1,1,1]
[4096,1536,416,93,26,6,1]
[729,-243,18,20,2,-3,1]
[256,-64,32,20,-7,5,2,-1,1]
[4096,1792,576,175,36,7,1]
[14641,-2783,291,-23,1]
[16384,128,49,1,1]
[4096,768,464,85,29,3,1]
[729,81,54,5,6,1,1]
[6561,324,89,4,1]
[256,0,-32,4,3,1,-2,0,1]
[15625,1625,146,13,1]
[4096,-1024,-64,83,-4,-4,1]
[256,0,80,20,15,5,5,0,1]
[256,-128,160,-48,45,-12,10,-2,1]
[4096,1280,352,109,22,5,1]
[4096,-2048,192,43,12,-8,1]
[14641,2662,263,22,1]
[14641,-2299,246,-19,1]
[625,50,17,2,1]
[14641,242,-4,2,1]
[256,448,432,292,159,73,27,7,1]
[256,0,-32,0,3,0,-2,0,1]
[4096,-1536,0,81,0,-6,1]
[4096,512,144,15,9,2,1]
[1024,-160,67,-5,1]
[729,243,47,9,1]
[4096,0,448,-33,28,0,1]
[4096,1792,-16,-111,-1,7,1]
[256,0,64,20,11,5,4,0,1]
[14641,-121,84,-1,1]
[14641,-605,68,-5,1]
[4096,-1792,528,-123,33,-7,1]
[4096,1536,480,161,30,6,1]
[256,0,32,-44,5,-11,2,0,1]
[4096,256,112,-31,7,1,1]
[4096,-768,384,-101,24,-3,1]
[256,-64,0,-16,23,-4,0,-1,1]
[6561,324,124,4,1]
[256,256,128,32,5,8,8,4,1]
[4096,2560,1088,319,68,10,1]
[4096,1280,336,129,21,5,1]
[4096,0,7,0,1]
[2401,-343,2,-7,1]
[15625,-750,-77,-6,1]
[15625,500,33,4,1]
[15625,-3250,397,-26,1]
[14641,-1694,237,-14,1]
[4096,256,-112,-25,-7,1,1]
[4096,3072,1360,397,85,12,1]
[256,320,144,-32,-47,-8,9,5,1]
[15625,-375,121,-3,1]
[6561,486,122,6,1]
[256,-128,64,-48,17,-12,4,-2,1]
[4096,1280,208,1,13,5,1]
[729,0,72,-13,8,0,1]
[256,0,112,-12,31,-3,7,0,1]
[2401,490,75,10,1]
[16384,0,111,0,1]
[15625,-250,9,-2,1]
[6561,1053,202,13,1]
[4096,1280,704,155,44,5,1]
[256,192,208,100,71,25,13,3,1]
[2401,-294,95,-6,1]
[14641,121,-211,1,1]
[625,-25,-37,-1,1]
[4096,768,192,47,12,3,1]
[729,-27,-19,-1,1]
[256,256,176,76,39,19,11,4,1]
[4096,-256,208,-93,13,-1,1]
[4096,1024,656,105,41,4,1]
[4096,2048,560,111,35,8,1]
[256,-128,144,-68,43,-17,9,-2,1]
[4096,0,80,53,5,0,1]
[512,320,192,71,24,5,1]
[4096,1024,384,47,24,4,1]
[4096,-256,352,-9,22,-1,1]
[512,-192,32,-19,4,-3,1]
[256,-192,128,-52,25,-13,8,-3,1]
[256,-128,32,4,-9,1,2,-2,1]
[14641,-2420,245,-20,1]
[4096,1280,256,67,16,5,1]
[256,128,0,8,9,2,0,2,1]
[64,-16,4,-5,1,-1,1]
[15625,0,-208,0,1]
[729,-27,4,-1,1]
[4096,512,256,9,16,2,1]
[16384,2304,197,18,1]
[64,0,-4,-5,-1,0,1]
[4096,1024,-192,-99,-12,4,1]
[4096,1792,544,115,34,7,1]
[4096,2816,960,245,60,11,1]
[14641,3630,461,30,1]
[256,-64,16,16,-25,4,1,-1,1]
[256,128,80,52,17,13,5,2,1]
[256,-64,-16,-4,17,-1,-1,-1,1]
[4096,512,528,41,33,2,1]
[16384,1280,223,10,1]
[729,0,126,14,14,0,1]
[729,-243,99,-22,11,-3,1]
[4096,0,320,-31,20,0,1]
[625,75,52,3,1]
[4096,1024,176,-17,11,4,1]
[15625,750,139,6,1]
[14641,242,166,2,1]
[14641,-484,-34,-4,1]
[512,192,96,41,12,3,1]
[1024,-64,-23,-2,1]
[4096,-2304,960,-261,60,-9,1]
[4096,-1536,-128,149,-8,-6,1]
[4096,0,16,-81,1,0,1]
[4096,512,-64,23,-4,2,1]
[256,-64,16,-36,15,-9,1,-1,1]
[14641,-121,83,-1,1]
[16384,-128,139,-1,1]
[256,-64,16,-16,-7,-4,1,-1,1]
[4096,0,432,1,27,0,1]
[4096,-1024,544,-89,34,-4,1]
[4096,-1280,160,-37,10,-5,1]
[256,64,112,48,29,12,7,1,1]
[4096,-256,112,35,7,-1,1]
[256,-64,16,-12,23,-3,1,-1,1]
[256,256,272,160,101,40,17,4,1]
[4096,-512,-96,27,-6,-2,1]
[16384,-256,-119,-2,1]
[512,0,88,7,11,0,1]
[4096,-3328,1392,-401,87,-13,1]
[729,-81,162,-13,18,-1,1]
[15625,875,162,7,1]
[4096,0,32,79,2,0,1]
[729,810,513,208,57,10,1]
[729,405,135,37,15,5,1]
[512,384,160,55,20,6,1]
[4096,256,160,99,10,1,1]
[4096,1536,304,27,19,6,1]
[15625,1250,119,10,1]
[6561,-648,136,-8,1]
[15625,-1125,74,-9,1]
[14641,-2057,138,-17,1]
[15625,-1000,-56,-8,1]
[729,81,20,3,1]
[256,-128,-64,16,19,4,-4,-2,1]
[4096,64,11,1,1]
[256,384,320,184,93,46,20,6,1]
[4096,256,128,-29,8,1,1]
[81,18,17,2,1]
[4096,2304,352,13,22,9,1]
[15625,-875,-61,-7,1]
[4096,768,160,69,10,3,1]
[4096,-1280,464,-85,29,-5,1]
[256,320,288,188,107,47,18,5,1]
[4096,0,-176,-25,-11,0,1]
[4096,256,-160,5,-10,1,1]
[4096,256,16,-95,1,1,1]
[4096,-1280,768,-153,48,-5,1]
[256,0,80,52,5,13,5,0,1]
[4096,512,-80,-87,-5,2,1]
[4096,-512,112,-39,7,-2,1]
[4096,-1536,640,-145,40,-6,1]
[6561,972,179,12,1]
[4096,-576,19,-9,1]
[256,-64,16,-4,-11,-1,1,-1,1]
[4096,-1472,257,-23,1]
[15625,1875,261,15,1]
[4096,256,0,11,0,1,1]
[16384,512,-81,4,1]
[4096,-512,352,-69,22,-2,1]
[256,64,32,28,15,7,2,1,1]
[256,-192,32,-4,11,-1,2,-3,1]
[15625,-125,94,-1,1]
[4096,-1024,96,19,6,-4,1]
[16384,-2560,277,-20,1]
[4096,1280,528,119,33,5,1]
[14641,1210,205,10,1]
[4096,2304,896,247,56,9,1]
[2401,-392,83,-8,1]
[512,128,88,41,11,2,1]
[729,243,46,9,1]
[4096,256,-160,-57,-10,1,1]
[4096,-768,464,-87,29,-3,1]
[6561,243,52,3,1]
[14641,4598,599,38,1]
[729,-324,171,-58,19,-4,1]
[15625,-2625,297,-21,1]
[4096,256,96,-67,6,1,1]
[16384,256,-95,2,1]
[16384,384,103,3,1]
[4096,-1024,512,-91,32,-4,1]
[14641,1936,282,16,1]
[729,162,81,10,9,2,1]
[4096,512,224,31,14,2,1]
[1024,-128,41,-4,1]
[15625,0,-46,0,1]
[512,256,88,37,11,4,1]
[14641,2904,384,24,1]
[4096,0,208,-17,13,0,1]
[256,-192,80,-16,-7,-4,5,-3,1]
[15625,-2000,234,-16,1]
[729,0,99,22,11,0,1]
[6561,-324,-58,-4,1]
[4096,0,80,55,5,0,1]
[6561,-243,58,-3,1]
[256,-64,16,4,-23,1,1,-1,1]
[4096,2560,656,131,41,10,1]
[512,-192,0,3,0,-3,1]
[1024,-64,21,-2,1]
[15625,-1000,67,-8,1]
[14641,-1210,63,-10,1]
[32,-11,1]
[16384,128,27,1,1]
[16384,256,131,2,1]
[256,0,48,20,1,5,3,0,1]
[4096,-1792,-160,179,-10,-7,1]
[256,-192,208,-88,63,-22,13,-3,1]
[729,81,-27,-10,-3,1,1]
[4096,-512,160,43,10,-2,1]
[4096,2304,624,143,39,9,1]
[4096,64,-87,1,1]
[2401,-1029,207,-21,1]
[256,-192,144,-44,25,-11,9,-3,1]
[729,729,432,176,48,9,1]
[14641,-605,-76,-5,1]
[4096,1792,592,199,37,7,1]
[15625,-1125,73,-9,1]
[256,256,96,24,13,6,6,4,1]
[15625,-2500,328,-20,1]
[4096,-512,432,-27,27,-2,1]
[14641,605,104,5,1]
[256,128,80,16,5,4,5,2,1]
[729,-243,9,20,1,-3,1]
[16384,384,129,3,1]
[729,81,180,22,20,1,1]
[256,128,144,20,29,5,9,2,1]
[4096,1024,144,63,9,4,1]
[4096,768,368,53,23,3,1]
[729,-324,54,-2,6,-4,1]
[4096,-256,144,-53,9,-1,1]
[15625,1125,-48,9,1]
[15625,2125,281,17,1]
[4096,-1280,64,15,4,-5,1]
[729,108,2,4,1]
[4096,0,112,99,7,0,1]
[729,-135,50,-5,1]
[256,128,64,28,15,7,4,2,1]
[4096,768,304,51,19,3,1]
[4096,0,-16,-87,-1,0,1]
[256,-64,-80,16,17,4,-5,-1,1]
[15625,1875,252,15,1]
[512,-128,80,-37,10,-2,1]
[256,-64,96,-16,25,-4,6,-1,1]
[256,-192,64,-28,19,-7,4,-3,1]
[14641,1452,201,12,1]
[625,-50,44,-2,1]
[4096,768,-128,-111,-8,3,1]
[14641,-726,75,-6,1]
[25,6,1]
[256,0,176,-4,59,-1,11,0,1]
[4096,-1792,480,-137,30,-7,1]
[4096,1536,96,-23,6,6,1]
[6561,81,61,1,1]
[15625,625,193,5,1]
[4096,768,176,97,11,3,1]
[15625,250,79,2,1]
[4096,0,208,-15,13,0,1]
[4096,256,576,31,36,1,1]
[2401,980,197,20,1]
[16384,2304,183,18,1]
[256,128,0,-16,-11,-4,0,2,1]
[4096,-2304,720,-199,45,-9,1]
[256,-64,176,-40,57,-10,11,-1,1]
[14641,121,-214,1,1]
[14641,2662,314,22,1]
[6561,1215,133,15,1]
[4096,0,128,61,8,0,1]
[256,192,16,4,13,1,1,3,1]
[256,-64,16,32,-13,8,1,-1,1]
[4096,768,384,83,24,3,1]
[512,192,-16,-29,-2,3,1]
[16384,-768,-115,-6,1]
[4096,512,-96,-31,-6,2,1]
[15625,750,9,6,1]
[16384,640,245,5,1]
[4096,-768,272,-93,17,-3,1]
[16384,2048,123,16,1]
[256,256,208,132,65,33,13,4,1]
[4096,0,-96,61,-6,0,1]
[15625,-875,46,-7,1]
[15625,625,163,5,1]
[4096,-512,16,29,1,-2,1]
[4096,-256,112,7,7,-1,1]
[729,162,0,-7,0,2,1]
[256,-320,240,-136,67,-34,15,-5,1]
[256,-192,112,-60,41,-15,7,-3,1]
[16384,2944,359,23,1]
[4096,-768,224,-45,14,-3,1]
[16384,-1152,255,-9,1]
[4096,1536,256,55,16,6,1]
[4096,1792,272,9,17,7,1]
[512,384,192,73,24,6,1]
[729,0,4,0,1]
[729,0,-36,26,-4,0,1]
[4096,-512,352,-53,22,-2,1]
[15625,-250,71,-2,1]
[4096,1792,464,75,29,7,1]
[4096,-2048,528,-119,33,-8,1]
[16384,2176,147,17,1]
[512,-256,-48,55,-6,-4,1]
[4096,-512,0,65,0,-2,1]
[512,-256,56,-7,7,-4,1]
[14641,-847,-57,-7,1]
[4096,1024,464,99,29,4,1]
[16384,-512,237,-4,1]
[256,-64,-48,-4,25,-1,-3,-1,1]
[16384,768,99,6,1]
[256,-64,16,-24,7,-6,1,-1,1]
[14641,-3751,442,-31,1]
[6561,648,5,8,1]
[4096,768,0,-41,0,3,1]
[16384,-3200,371,-25,1]
[15625,-1000,29,-8,1]
[4096,-1280,-128,139,-8,-5,1]
[256,192,-16,-12,13,-3,-1,3,1]
[256,-256,208,-108,59,-27,13,-4,1]
[15625,750,21,6,1]
[4096,-1280,352,-69,22,-5,1]
[15625,-1750,107,-14,1]
[4096,768,224,-21,14,3,1]
[256,-192,48,8,-3,2,3,-3,1]
[729,-567,360,-131,40,-7,1]
[4096,0,-117,0,1]
[4096,1792,624,171,39,7,1]
[14641,-1815,210,-15,1]
[4096,1280,352,125,22,5,1]
[4096,1024,160,5,10,4,1]
[256,0,64,-8,23,-2,4,0,1]
[256,0,16,-32,3,-8,1,0,1]
[15625,750,254,6,1]
[6561,405,-34,5,1]
[15625,375,-41,3,1]
[14641,-484,-95,-4,1]
[14641,-1694,73,-14,1]
[15625,375,-33,3,1]
[4096,2816,1120,333,70,11,1]
[256,0,16,-16,21,-4,1,0,1]
[14641,1936,215,16,1]
[512,-320,120,-35,15,-5,1]
[6561,648,25,8,1]
[4096,1280,208,51,13,5,1]
[512,512,320,133,40,8,1]
[4096,-1792,336,-37,21,-7,1]
[729,-162,27,5,3,-2,1]
[4096,-256,256,-65,16,-1,1]
[256,0,32,8,-9,2,2,0,1]
[14641,3146,349,26,1]
[4096,-512,320,-13,20,-2,1]
[16384,-128,27,-1,1]
[4096,256,-16,79,-1,1,1]
[14641,1573,131,13,1]
[729,486,134,18,1]
[14641,-2541,285,-21,1]
[4096,1024,432,77,27,4,1]
[256,-64,80,8,17,2,5,-1,1]
[4096,256,384,1,24,1,1]
[4096,2816,1120,331,70,11,1]
[6561,-81,154,-1,1]
[6561,-162,8,-2,1]
[16384,0,-43,0,1]
[256,64,16,-8,-3,-2,1,1,1]
[256,0,-64,4,31,1,-4,0,1]
[4096,512,-80,-95,-5,2,1]
[15625,4250,537,34,1]
[14641,484,-34,4,1]
[15625,250,-54,2,1]
[6561,0,157,0,1]
[15625,375,134,3,1]
[16384,-1664,253,-13,1]
[16384,-256,89,-2,1]
[256,192,112,60,35,15,7,3,1]
[729,-486,189,-68,21,-6,1]
[4096,-1024,-208,111,-13,-4,1]
[256,0,64,0,7,0,4,0,1]
[6561,1863,278,23,1]
[15625,2000,143,16,1]
[729,243,144,61,16,3,1]
[4096,0,-32,67,-2,0,1]
[256,-128,64,12,-9,3,4,-2,1]
[256,128,0,-16,-3,-4,0,2,1]
[14641,-2541,293,-21,1]
[4096,1024,128,39,8,4,1]
[6561,-324,31,-4,1]
[729,324,-45,-56,-5,4,1]
[256,-192,144,-96,49,-24,9,-3,1]
[15625,-1250,182,-10,1]
[16384,1664,133,13,1]
[15625,-875,171,-7,1]
[81,-18,10,-2,1]
[4096,-1536,592,-123,37,-6,1]
[4096,2304,992,273,62,9,1]
[6561,-810,163,-10,1]
[4096,2304,576,121,36,9,1]
[4096,-576,59,-9,1]
[4096,2304,688,173,43,9,1]
[4096,1536,432,111,27,6,1]
[16384,-1664,281,-13,1]
[729,-81,27,19,3,-1,1]
[14641,3025,358,25,1]
[15625,3000,301,24,1]
[2401,-490,95,-10,1]
[16384,640,227,5,1]
[2401,294,58,6,1]
[729,-81,-63,16,-7,-1,1]
[4096,256,-128,-29,-8,1,1]
[14641,-2541,280,-21,1]
[2401,-833,169,-17,1]
[4096,-2304,672,-153,42,-9,1]
[4096,-192,-49,-3,1]
[14641,-2057,300,-17,1]
[4096,-256,64,35,4,-1,1]
[256,-192,176,-104,59,-26,11,-3,1]
[256,-64,48,4,1,1,3,-1,1]
[14641,242,-90,2,1]
[16384,-896,185,-7,1]
[512,-384,168,-57,21,-6,1]
[16384,-640,-57,-5,1]
[15625,625,-47,5,1]
[4096,512,112,-67,7,2,1]
[4096,-1280,560,-133,35,-5,1]
[14641,-968,129,-8,1]
[729,-81,0,-29,0,-1,1]
[14641,3872,487,32,1]
[4096,-256,128,-71,8,-1,1]
[256,-256,176,-112,67,-28,11,-4,1]
[14641,-1452,191,-12,1]
[14641,-2178,282,-18,1]
[4096,2048,752,205,47,8,1]
[729,486,243,97,27,6,1]
[256,-320,160,-20,-9,-5,10,-5,1]
[14641,-242,148,-2,1]
[14641,484,-4,4,1]
[4096,-256,432,-27,27,-1,1]
[4096,256,0,89,0,1,1]
[4096,512,112,93,7,2,1]
[4096,-1024,240,-25,15,-4,1]
[512,-192,56,-23,7,-3,1]
[256,0,-64,-12,13,-3,-4,0,1]
[256,192,48,-36,-41,-9,3,3,1]
[16384,768,-27,6,1]
[4096,-768,368,-109,23,-3,1]
[256,0,80,-60,5,-15,5,0,1]
[256,-128,16,0,5,0,1,-2,1]
[256,320,160,64,33,16,10,5,1]
[4096,-1024,48,3,3,-4,1]
[15625,-500,-103,-4,1]
[729,-324,72,-25,8,-4,1]
[4096,1024,224,83,14,4,1]
[16384,-768,65,-6,1]
[512,-256,0,33,0,-4,1]
[256,0,0,24,13,6,0,0,1]
[4096,-512,288,-45,18,-2,1]
[4096,256,64,-83,4,1,1]
[729,81,81,-13,9,1,1]
[4096,512,-64,-1,-4,2,1]
[512,192,200,47,25,3,1]
[4096,-768,64,9,4,-3,1]
[14641,-121,78,-1,1]
[4096,-512,272,-109,17,-2,1]
[6561,-81,-109,-1,1]
[512,64,88,-5,11,1,1]
[16384,-1024,57,-8,1]
[4096,0,-112,-61,-7,0,1]
[512,0,8,33,1,0,1]
[4096,1024,-192,-105,-12,4,1]
[4096,-768,464,-49,29,-3,1]
[729,162,207,29,23,2,1]
[2401,-392,88,-8,1]
[4096,-1280,432,-159,27,-5,1]
[14641,605,31,5,1]
[14641,0,-240,0,1]
[14641,-121,151,-1,1]
[4096,768,496,101,31,3,1]
[15625,375,179,3,1]
[6561,567,134,7,1]
[14641,-1573,70,-13,1]
[4096,1280,272,87,17,5,1]
[256,192,128,40,19,10,8,3,1]
[4096,1536,-32,-107,-2,6,1]
[4096,-1280,688,-159,43,-5,1]
[729,-81,63,22,7,-1,1]
[14641,847,114,7,1]
[6561,0,29,0,1]
[14641,-1694,100,-14,1]
[4096,-1024,352,-147,22,-4,1]
[64,64,52,31,13,4,1]
[15625,2500,339,20,1]
[256,-256,192,-124,73,-31,12,-4,1]
[15625,1625,136,13,1]
[2401,588,113,12,1]
[15625,2625,266,21,1]
[4096,512,48,29,3,2,1]
[4096,-256,96,-121,6,-1,1]
[4096,1024,176,35,11,4,1]
[16384,-2944,335,-23,1]
[6561,-2349,371,-29,1]
[4096,3072,1344,397,84,12,1]
[15625,2250,251,18,1]
[729,-81,-18,44,-2,-1,1]
[4096,-384,111,-6,1]
[49,5,1]
[729,-324,108,-14,12,-4,1]
[4096,256,160,27,10,1,1]
[4096,-1792,640,-209,40,-7,1]
[4096,-1280,528,-165,33,-5,1]
[256,0,32,4,27,1,2,0,1]
[15625,-500,203,-4,1]
[15625,250,11,2,1]
[14641,-363,163,-3,1]
[15625,-625,142,-5,1]
[4096,-1024,592,-131,37,-4,1]
[256,320,256,156,87,39,16,5,1]
[14641,-847,177,-7,1]
[16384,0,101,0,1]
[4096,512,512,57,32,2,1]
[729,-972,630,-256,70,-12,1]
[14641,-726,214,-6,1]
[256,-64,96,-28,21,-7,6,-1,1]
[729,405,54,-8,6,5,1]
[256,-192,16,12,-1,3,1,-3,1]
[4096,1024,192,63,12,4,1]
[4096,256,128,-77,8,1,1]
[512,-384,224,-85,28,-6,1]
[729,-567,315,-122,35,-7,1]
[16384,-3968,483,-31,1]
[256,-128,16,-16,13,-4,1,-2,1]
[4096,-1024,-160,139,-10,-4,1]
[729,324,-9,-43,-1,4,1]
[4096,3072,1312,395,82,12,1]
[15625,-1375,199,-11,1]
[2401,-49,52,-1,1]
[14641,363,29,3,1]
[4096,256,32,-13,2,1,1]
[256,256,112,20,5,5,7,4,1]
[4096,-1280,288,-33,18,-5,1]
[15625,1000,128,8,1]
[256,32,29,2,1]
[6561,-891,188,-11,1]
[256,0,32,-8,5,-2,2,0,1]
[4096,1280,-176,-145,-11,5,1]
[256,64,16,-32,-3,-8,1,1,1]
[4096,1024,720,117,45,4,1]
[256,-448,464,-344,197,-86,29,-7,1]
[15625,250,188,2,1]
[256,128,80,28,15,7,5,2,1]
[256,128,32,16,11,4,2,2,1]
[729,-405,270,-82,30,-5,1]
[4096,-256,-61,-4,1]
[4096,-256,192,-7,12,-1,1]
[16384,-2688,273,-21,1]
[15625,750,1,6,1]
[256,256,112,0,-13,0,7,4,1]
[14641,2662,309,22,1]
[16384,2176,213,17,1]
[4096,-256,-48,51,-3,-1,1]
[2401,-196,93,-4,1]
[4096,-2048,784,-239,49,-8,1]
[16384,0,49,0,1]
[4096,2048,784,203,49,8,1]
[512,-192,40,-17,5,-3,1]
[15625,375,31,3,1]
[256,-128,48,-32,17,-8,3,-2,1]
[2401,0,93,0,1]
[4096,-1536,592,-125,37,-6,1]
[15625,125,-104,1,1]
[14641,1452,84,12,1]
[6561,-1296,173,-16,1]
[4096,-1024,176,-49,11,-4,1]
[4096,0,272,-7,17,0,1]
[512,0,104,-1,13,0,1]
[512,128,-40,-25,-5,2,1]
[16384,1920,109,15,1]
[729,-81,45,-25,5,-1,1]
[16384,640,219,5,1]
[4096,-1280,624,-125,39,-5,1]
[4096,1792,144,-45,9,7,1]
[729,-324,63,-22,7,-4,1]
[4096,-768,464,-73,29,-3,1]
[16384,-1536,167,-12,1]
[4096,-768,-48,39,-3,-3,1]
[15625,-1125,153,-9,1]
[256,64,48,28,-1,7,3,1,1]
[4096,0,-96,15,-6,0,1]
[15625,500,-159,4,1]
[15625,-1250,72,-10,1]
[729,0,50,0,1]
[14641,-1815,133,-15,1]
[4096,-2048,544,-103,34,-8,1]
[4096,1792,864,217,54,7,1]
[256,128,96,4,9,1,6,2,1]
[14641,-121,142,-1,1]
[4096,0,368,27,23,0,1]
[4096,1280,544,107,34,5,1]
[15625,-4875,624,-39,1]
[4096,-512,144,-87,9,-2,1]
[1024,-160,65,-5,1]
[2401,343,47,7,1]
[15625,0,-223,0,1]
[4096,0,96,71,6,0,1]
[4096,256,-144,13,-9,1,1]
[15625,750,198,6,1]
[729,0,108,-19,12,0,1]
[16384,128,31,1,1]
[4096,1024,288,27,18,4,1]
[4096,-256,80,-93,5,-1,1]
[256,0,80,-28,15,-7,5,0,1]
[256,0,-16,12,-9,3,-1,0,1]
[4096,2304,768,217,48,9,1]
[14641,-1815,232,-15,1]
[729,-405,243,-76,27,-5,1]
[729,0,0,-37,0,0,1]
[4096,-512,384,-65,24,-2,1]
[4096,-1024,144,9,9,-4,1]
[4096,-768,464,-75,29,-3,1]
[4096,-768,480,-51,30,-3,1]
[256,-512,512,-344,185,-86,32,-8,1]
[729,-81,20,-3,1]
[6561,-891,133,-11,1]
[6561,-81,2,-1,1]
[512,-64,-16,-15,-2,-1,1]
[512,256,128,59,16,4,1]
[15625,1000,184,8,1]
[4096,-1024,384,-49,24,-4,1]
[15625,2750,308,22,1]
[256,320,192,96,49,24,12,5,1]
[729,243,0,-25,0,3,1]
[729,-162,54,11,6,-2,1]
[4096,-768,272,-89,17,-3,1]
[256,64,160,44,49,11,10,1,1]
[729,243,-63,-61,-7,3,1]
[729,81,117,-1,13,1,1]
[4096,-1280,256,-31,16,-5,1]
[4096,-1792,224,17,14,-7,1]
[512,0,-16,25,-2,0,1]
[125,2,1]
[4096,256,112,13,7,1,1]
[256,192,224,116,83,29,14,3,1]
[256,128,32,8,-1,2,2,2,1]
[4096,-768,-16,37,-1,-3,1]
[729,0,180,-5,20,0,1]
[16384,1792,79,14,1]
[14641,-1936,263,-16,1]
[14641,-2662,344,-22,1]
[512,0,72,-17,9,0,1]
[4096,-1280,400,-105,25,-5,1]
[15625,750,234,6,1]
[4096,4352,2240,699,140,17,1]
[4096,-256,64,1,4,-1,1]
[15625,125,76,1,1]
[256,128,-32,0,21,0,-2,2,1]
[14641,3146,392,26,1]
[256,64,-48,-24,1,-6,-3,1,1]
[729,972,657,272,73,12,1]
[4096,0,-32,-79,-2,0,1]
[256,-64,80,-40,23,-10,5,-1,1]
[256,0,48,8,25,2,3,0,1]
[15625,1375,74,11,1]
[512,64,-24,-13,-3,1,1]
[14641,-2541,254,-21,1]
[256,64,48,36,7,9,3,1,1]
[15625,-250,-196,-2,1]
[4096,256,96,21,6,1,1]
[512,64,72,17,9,1,1]
[4096,3072,960,221,60,12,1]
[14641,-121,-59,-1,1]
[4096,-768,576,-99,36,-3,1]
[14641,-242,213,-2,1]
[4096,-1024,368,-127,23,-4,1]
[15625,-4250,528,-34,1]
[15625,-4625,588,-37,1]
[256,-192,32,16,-7,4,2,-3,1]
[4096,1280,448,107,28,5,1]
[625,-125,9,-5,1]
[14641,2783,346,23,1]
[4096,-256,160,45,10,-1,1]
[729,-405,162,-50,18,-5,1]
[4096,1024,304,47,19,4,1]
[256,-256,144,-68,31,-17,9,-4,1]
[4096,-2560,1024,-315,64,-10,1]
[4096,-256,16,13,1,-1,1]
[4096,-512,336,-41,21,-2,1]
[256,192,176,104,61,26,11,3,1]
[256,128,80,48,19,12,5,2,1]
[256,192,144,92,51,23,9,3,1]
[729,-324,81,-14,9,-4,1]
[14641,-605,-92,-5,1]
[4096,256,-64,-17,-4,1,1]
[256,0,64,-12,7,-3,4,0,1]
[729,-405,117,-34,13,-5,1]
[4096,2048,656,145,41,8,1]
[14641,-2299,267,-19,1]
[15625,0,-122,0,1]
[4096,-1792,560,-133,35,-7,1]
[4096,-1792,672,-187,42,-7,1]
[512,-192,128,-47,16,-3,1]
[14641,-1210,72,-10,1]
[15625,500,167,4,1]
[15625,-2125,172,-17,1]
[4096,0,-123,0,1]
[729,81,99,26,11,1,1]
[4096,2816,1296,375,81,11,1]
[15625,-4875,623,-39,1]
[15625,-2750,336,-22,1]
[4096,256,-144,-49,-9,1,1]
[4096,-640,65,-10,1]
[4096,-1536,624,-187,39,-6,1]
[4096,1792,528,165,33,7,1]
[256,0,0,-32,1,-8,0,0,1]
[256,64,0,-12,7,-3,0,1,1]
[4096,2048,800,225,50,8,1]
[16384,-512,21,-4,1]
[4096,768,48,-31,3,3,1]
[256,64,16,8,21,2,1,1,1]
[625,-50,16,-2,1]
[4096,-1472,251,-23,1]
[4096,1536,576,107,36,6,1]
[4096,0,87,0,1]
[4096,-2816,1216,-359,76,-11,1]
[14641,-726,163,-6,1]
[4096,-768,240,-17,15,-3,1]
[256,-192,208,-108,73,-27,13,-3,1]
[512,384,104,19,13,6,1]
[4096,768,496,55,31,3,1]
[4096,-1792,224,-15,14,-7,1]
[4096,1792,-32,-121,-2,7,1]
[4096,-1536,528,-139,33,-6,1]
[512,128,56,13,7,2,1]
[4096,512,48,-47,3,2,1]
[512,0,-40,11,-5,0,1]
[512,0,-40,15,-5,0,1]
[15625,500,-78,4,1]
[729,162,72,43,8,2,1]
[15625,-1875,229,-15,1]
[256,-256,144,-84,47,-21,9,-4,1]
[4096,-768,48,-23,3,-3,1]
[256,64,80,36,17,9,5,1,1]
[256,-192,80,-20,13,-5,5,-3,1]
[512,-576,376,-157,47,-9,1]
[4096,-512,112,-111,7,-2,1]
[512,64,-16,-21,-2,1,1]
[4096,0,432,-23,27,0,1]
[4096,-1024,336,-147,21,-4,1]
[4096,2048,704,161,44,8,1]
[4096,2304,704,173,44,9,1]
[4096,1024,432,73,27,4,1]
[729,405,90,5,10,5,1]
[4096,2560,928,267,58,10,1]
[256,64,32,40,11,10,2,1,1]
[4096,-512,144,47,9,-2,1]
[4096,-512,128,-73,8,-2,1]
[4096,-1280,80,29,5,-5,1]
[2401,-245,-19,-5,1]
[1024,-32,63,-1,1]
[729,-135,38,-5,1]
[256,-128,96,-44,37,-11,6,-2,1]
[4096,1024,160,31,10,4,1]
[256,0,144,-16,41,-4,9,0,1]
[15625,125,164,1,1]
[15625,375,246,3,1]
[729,162,54,7,6,2,1]
[15625,1250,152,10,1]
[256,192,96,40,25,10,6,3,1]
[4096,-768,160,9,10,-3,1]
[14641,-484,-15,-4,1]
[15625,500,-11,4,1]
[729,243,-54,-49,-6,3,1]
[4096,-1536,592,-167,37,-6,1]
[4096,0,32,-101,2,0,1]
[256,-64,-16,12,-17,3,-1,-1,1]
[4096,-256,-112,77,-7,-1,1]
[4096,-1536,432,-67,27,-6,1]
[15625,2125,199,17,1]
[16384,-128,217,-1,1]
[256,128,48,-8,-11,-2,3,2,1]
[729,-486,162,-50,18,-6,1]
[2401,294,9,6,1]
[4096,-1024,304,-141,19,-4,1]
[256,128,64,32,31,8,4,2,1]
[6561,-81,-47,-1,1]
[4096,-1024,80,-19,5,-4,1]
[14641,-968,200,-8,1]
[4096,512,64,-47,4,2,1]
[14641,363,233,3,1]
[256,512,592,468,271,117,37,8,1]
[14641,1452,153,12,1]
[256,192,80,-8,-7,-2,5,3,1]
[4096,3840,1760,527,110,15,1]
[4096,768,-192,-119,-12,3,1]
[512,256,72,29,9,4,1]
[256,-256,208,-120,67,-30,13,-4,1]
[4096,-512,208,-75,13,-2,1]
[14641,1089,193,9,1]
[256,64,-112,-12,33,-3,-7,1,1]
[256,64,64,0,11,0,4,1,1]
[14641,-3630,422,-30,1]
[15625,-3000,292,-24,1]
[729,-567,162,-34,18,-7,1]
[14641,2299,195,19,1]
[256,128,48,48,25,12,3,2,1]
[14641,4477,578,37,1]
[4096,256,-144,-63,-9,1,1]
[4096,-256,-224,21,-14,-1,1]
[6561,-2430,380,-30,1]
[4096,-2048,976,-247,61,-8,1]
[2401,-49,68,-1,1]
[256,256,80,-8,-15,-2,5,4,1]
[512,-128,128,-29,16,-2,1]
[4096,256,448,51,28,1,1]
[4096,-1536,720,-173,45,-6,1]
[15625,2250,243,18,1]
[512,64,48,5,6,1,1]
[729,324,117,47,13,4,1]
[729,-324,63,-20,7,-4,1]
[4096,-1536,592,-151,37,-6,1]
[15625,4000,482,32,1]
[256,-64,0,8,1,2,0,-1,1]
[512,384,104,17,13,6,1]
[15625,-2000,203,-16,1]
[256,0,96,32,21,8,6,0,1]
[14641,242,69,2,1]
[512,-64,-8,33,-1,-1,1]
[14641,484,73,4,1]
[14641,1089,238,9,1]
[256,128,32,-8,-5,-2,2,2,1]
[16384,0,51,0,1]
[15625,4250,526,34,1]
[729,243,180,38,20,3,1]
[729,-486,243,-106,27,-6,1]
[4096,1280,336,123,21,5,1]
[729,-81,99,-32,11,-1,1]
[4096,-1280,384,-69,24,-5,1]
[4096,1792,544,155,34,7,1]
[4096,-1280,176,-49,11,-5,1]
[4096,-256,320,-19,20,-1,1]
[256,64,48,12,1,3,3,1,1]
[256,0,48,24,13,6,3,0,1]
[15625,375,-76,3,1]
[256,-128,144,-72,39,-18,9,-2,1]
[4096,768,112,-11,7,3,1]
[4096,-2560,1056,-285,66,-10,1]
[256,0,0,-8,-9,-2,0,0,1]
[4096,-2560,688,-147,43,-10,1]
[729,-405,180,-53,20,-5,1]
[4096,3328,1440,427,90,13,1]
[4096,512,-16,-25,-1,2,1]
[729,-243,45,8,5,-3,1]
[4096,-1024,256,-5,16,-4,1]
[15625,1250,156,10,1]
[4096,256,256,11,16,1,1]
[4096,-1024,128,-35,8,-4,1]
[16384,-384,25,-3,1]
[4096,-256,480,3,30,-1,1]
[729,81,171,10,19,1,1]
[512,64,64,-5,8,1,1]
[16384,-1536,155,-12,1]
[4096,-768,272,-111,17,-3,1]
[14641,3025,333,25,1]
[4096,-256,400,-51,25,-1,1]
[4096,-1536,336,-47,21,-6,1]
[4096,0,64,-67,4,0,1]
[15625,1750,109,14,1]
[4096,1024,176,-3,11,4,1]
[15625,875,178,7,1]
[729,-81,144,-10,16,-1,1]
[729,-81,-63,8,-7,-1,1]
[256,-128,48,-12,5,-3,3,-2,1]
[256,-80,15,-5,1]
[4096,-1536,544,-165,34,-6,1]
[4096,-512,-64,-11,-4,-2,1]
[4096,256,272,11,17,1,1]
[4096,512,160,-51,10,2,1]
[4096,0,176,-47,11,0,1]
[4096,1536,368,109,23,6,1]
[729,-81,117,-5,13,-1,1]
[1024,416,89,13,1]
[4096,1280,464,83,29,5,1]
[256,0,32,-28,-5,-7,2,0,1]
[4096,-1536,288,-69,18,-6,1]
[15625,-2500,223,-20,1]
[256,0,16,12,13,3,1,0,1]
[729,324,85,12,1]
[4096,-1792,720,-169,45,-7,1]
[4096,256,0,-49,0,1,1]
[256,384,368,236,131,59,23,6,1]
[15625,-2875,372,-23,1]
[4096,-768,240,-139,15,-3,1]
[256,128,0,16,17,4,0,2,1]
[256,128,80,52,19,13,5,2,1]
[512,-128,112,-23,14,-2,1]
[4096,-1536,512,-119,32,-6,1]
[1024,480,115,15,1]
[2401,-98,-33,-2,1]
[4096,1536,192,-7,12,6,1]
[256,0,64,24,19,6,4,0,1]
[14641,1815,171,15,1]
[4096,1024,608,117,38,4,1]
[2401,-49,92,-1,1]
[15625,1875,239,15,1]
[14641,1452,36,12,1]
[4096,-256,-192,31,-12,-1,1]
[512,-64,-16,13,-2,-1,1]
[4096,-1792,240,-15,15,-7,1]
[2401,-98,54,-2,1]
[14641,-2178,159,-18,1]
[729,0,27,-8,3,0,1]
[2401,490,43,10,1]
[256,-128,112,-52,37,-13,7,-2,1]
[14641,-242,185,-2,1]
[256,192,192,88,59,22,12,3,1]
[14641,-1331,210,-11,1]
[729,0,72,-28,8,0,1]
[4096,0,-176,31,-11,0,1]
[256,64,96,28,39,7,6,1,1]
[4096,512,-240,-57,-15,2,1]
[729,-162,54,-16,6,-2,1]
[4096,1280,432,67,27,5,1]
[4096,-512,368,-81,23,-2,1]
[14641,-1331,53,-11,1]
[4096,256,400,23,25,1,1]
[6561,1539,202,19,1]
[4096,-1280,768,-149,48,-5,1]
[15625,-4000,487,-32,1]
[256,192,48,-48,-37,-12,3,3,1]
[256,-192,160,-100,59,-25,10,-3,1]
[4096,-768,256,-47,16,-3,1]
[4096,-256,128,-89,8,-1,1]
[256,-128,16,-28,29,-7,1,-2,1]
[14641,363,106,3,1]
[16384,0,217,0,1]
[4096,-768,224,-85,14,-3,1]
[729,-243,126,-41,14,-3,1]
[4096,256,64,-53,4,1,1]
[2401,0,94,0,1]
[14641,2783,287,23,1]
[4096,2304,864,217,54,9,1]
[16384,768,133,6,1]
[4096,-512,-96,-1,-6,-2,1]
[729,0,81,-22,9,0,1]
[512,192,0,-27,0,3,1]
[4096,-768,176,-91,11,-3,1]
[2401,49,39,1,1]
[4096,2048,624,147,39,8,1]
[625,100,-4,4,1]
[15625,1375,46,11,1]
[729,-189,28,-7,1]
[16384,-2688,293,-21,1]
[2401,882,158,18,1]
[729,-729,441,-170,49,-9,1]
[4096,-1280,-112,123,-7,-5,1]
[4096,1280,384,81,24,5,1]
[14641,-1573,207,-13,1]
[4096,-768,160,-67,10,-3,1]
[15625,-250,-118,-2,1]
[14641,-1452,215,-12,1]
[16384,-384,-69,-3,1]
[4096,2304,672,155,42,9,1]
[256,128,48,-48,-29,-12,3,2,1]
[729,-54,38,-2,1]
[4096,256,48,61,3,1,1]
[256,64,0,-24,-21,-6,0,1,1]
[14641,484,32,4,1]
[15625,-500,167,-4,1]
[256,64,-16,28,23,7,-1,1,1]
[14641,-1936,246,-16,1]
[1024,64,61,2,1]
[4096,-768,432,-113,27,-3,1]
[4096,-256,144,19,9,-1,1]
[14641,-3388,417,-28,1]
[16384,640,91,5,1]
[4096,1024,32,-23,2,4,1]
[729,0,27,-34,3,0,1]
[4096,2048,608,159,38,8,1]
[4096,256,-96,-85,-6,1,1]
[14641,-2541,303,-21,1]
[4096,1280,144,-27,9,5,1]
[512,-64,-56,13,-7,-1,1]
[512,-384,184,-75,23,-6,1]
[256,-96,29,-6,1]
[4096,768,96,-5,6,3,1]
[256,-64,-16,-4,11,-1,-1,-1,1]
[4096,-2048,704,-167,44,-8,1]
[256,-256,112,-20,-1,-5,7,-4,1]
[4096,1536,304,31,19,6,1]
[15625,500,242,4,1]
[4096,1792,512,159,32,7,1]
[15625,250,-112,2,1]
[256,-128,96,-44,19,-11,6,-2,1]
[256,64,-16,-8,15,-2,-1,1,1]
[6561,486,104,6,1]
[15625,0,199,0,1]
[4096,-256,-48,55,-3,-1,1]
[15625,-4125,519,-33,1]
[4096,1024,336,129,21,4,1]
[14641,1089,248,9,1]
[16384,1920,189,15,1]
[4096,0,-80,63,-5,0,1]
[625,-25,23,-1,1]
[15625,-750,82,-6,1]
[256,-128,64,-40,39,-10,4,-2,1]
[4096,2304,912,281,57,9,1]
[729,-243,27,-1,3,-3,1]
[256,-128,64,-28,25,-7,4,-2,1]
[4096,256,-80,7,-5,1,1]
[14641,3993,498,33,1]
[729,-405,288,-89,32,-5,1]
[512,64,16,-31,2,1,1]
[2401,0,-40,0,1]
[256,64,96,32,39,8,6,1,1]
[729,81,126,2,14,1,1]
[6561,810,152,10,1]
[4096,-256,560,-45,35,-1,1]
[16384,0,-83,0,1]
[4096,-576,79,-9,1]
[4096,-512,160,-69,10,-2,1]
[4096,-1280,592,-105,37,-5,1]
[4096,-1280,544,-167,34,-5,1]
[6561,-162,157,-2,1]
[4096,-1536,144,23,9,-6,1]
[256,128,-32,-4,19,-1,-2,2,1]
[729,405,144,55,16,5,1]
[512,192,24,-11,3,3,1]
[729,567,288,106,32,7,1]
[256,0,64,-16,7,-4,4,0,1]
[64,48,20,3,5,3,1]
[256,0,0,-12,-17,-3,0,0,1]
[256,80,27,5,1]
[4096,2304,736,169,46,9,1]
[15625,3250,371,26,1]
[15625,375,129,3,1]
[1024,96,19,3,1]
[256,128,80,48,15,12,5,2,1]
[256,0,176,-20,55,-5,11,0,1]
[256,192,112,44,19,11,7,3,1]
[4096,768,16,-49,1,3,1]
[4096,-768,160,-41,10,-3,1]
[14641,-1452,232,-12,1]
[16384,3072,371,24,1]
[729,-810,441,-167,49,-10,1]
[4096,1280,-176,-125,-11,5,1]
[4096,-1792,16,105,1,-7,1]
[2401,196,18,4,1]
[4096,1280,0,-67,0,5,1]
[6561,162,-52,2,1]
[4096,0,240,33,15,0,1]
[4096,256,-176,3,-11,1,1]
[729,-243,189,-50,21,-3,1]
[4096,-640,107,-10,1]
[256,-192,64,20,-25,5,4,-3,1]
[4096,-1792,544,-111,34,-7,1]
[14641,726,204,6,1]
[4096,-512,-80,27,-5,-2,1]
[15625,-125,-99,-1,1]
[4096,1536,208,-15,13,6,1]
[512,64,-16,-23,-2,1,1]
[4096,1280,-240,-163,-15,5,1]
[14641,1694,83,14,1]
[15625,1375,208,11,1]
[625,-275,74,-11,1]
[512,0,32,-7,4,0,1]
[15625,-3625,442,-29,1]
[256,256,128,68,39,17,8,4,1]
[6561,-243,140,-3,1]
[14641,4235,533,35,1]
[4096,-768,688,-87,43,-3,1]
[256,128,128,60,33,15,8,2,1]
[512,64,40,15,5,1,1]
[4096,-2048,880,-247,55,-8,1]
[256,128,64,-4,-9,-1,4,2,1]
[512,64,-24,-33,-3,1,1]
[4096,-2816,992,-255,62,-11,1]
[15625,250,-182,2,1]
[14641,1694,290,14,1]
[4096,0,-208,11,-13,0,1]
[81,36,11,4,1]
[15625,-3000,362,-24,1]
[256,-64,112,-12,29,-3,7,-1,1]
[512,-64,56,-19,7,-1,1]
[4096,0,272,-23,17,0,1]
[4096,3072,1392,407,87,12,1]
[6561,-648,59,-8,1]
[4096,1792,464,109,29,7,1]
[4096,512,-80,-13,-5,2,1]
[256,-256,176,-108,63,-27,11,-4,1]
[16384,2432,263,19,1]
[4096,-512,-32,-9,-2,-2,1]
[512,-192,128,-35,16,-3,1]
[64,56,25,7,1]
[4096,512,384,11,24,2,1]
[729,0,189,4,21,0,1]
[1024,-64,25,-2,1]
[256,64,16,20,1,5,1,1,1]
[625,50,13,2,1]
[729,-162,36,-31,4,-2,1]
[16384,-1536,203,-12,1]
[256,-128,96,-28,27,-7,6,-2,1]
[256,-64,-32,-4,21,-1,-2,-1,1]
[729,243,189,52,21,3,1]
[15625,-1500,166,-12,1]
[4096,768,352,113,22,3,1]
[16384,768,-73,6,1]
[256,64,96,24,29,6,6,1,1]
[4096,1280,272,17,17,5,1]
[512,-448,248,-95,31,-7,1]
[729,0,9,-14,1,0,1]
[14641,242,-27,2,1]
[4096,768,192,89,12,3,1]
[4096,512,288,79,18,2,1]
[256,-64,48,-52,13,-13,3,-1,1]
[2401,-588,71,-12,1]
[15625,2375,328,19,1]
[256,-192,64,28,-25,7,4,-3,1]
[15625,-125,193,-1,1]
[512,512,304,121,38,8,1]
[256,64,16,32,19,8,1,1,1]
[2401,49,66,1,1]
[256,64,96,44,19,11,6,1,1]
[4096,-512,512,-71,32,-2,1]
[6561,486,-52,6,1]
[256,-384,144,96,-103,24,9,-6,1]
[4096,-1280,64,19,4,-5,1]
[4096,-1024,544,-83,34,-4,1]
[4096,0,144,9,9,0,1]
[729,486,63,-17,7,6,1]
[16384,-1152,119,-9,1]
[4096,-2816,960,-249,60,-11,1]
[2401,-833,160,-17,1]
[6561,162,52,2,1]
[15625,-1125,168,-9,1]
[729,0,99,-4,11,0,1]
[15625,-1750,82,-14,1]
[16384,-384,-115,-3,1]
[256,128,128,72,35,18,8,2,1]
[4096,1280,160,-19,10,5,1]
[4096,1792,-96,-147,-6,7,1]
[256,64,16,4,-19,1,1,1,1]
[256,128,128,52,37,13,8,2,1]
[256,-64,32,-8,17,-2,2,-1,1]
[14641,1694,179,14,1]
[256,-64,-32,0,21,0,-2,-1,1]
[15625,-125,-191,-1,1]
[16384,2048,117,16,1]
[4096,-2048,864,-225,54,-8,1]
[4096,256,16,75,1,1,1]
[729,162,126,43,14,2,1]
[256,192,192,108,69,27,12,3,1]
[16384,-1024,81,-8,1]
[4096,2560,1024,319,64,10,1]
[16384,-1536,25,-12,1]
[256,-128,64,-12,9,-3,4,-2,1]
[4096,-2560,1104,-309,69,-10,1]
[256,192,160,84,55,21,10,3,1]
[15625,-3750,443,-30,1]
[15625,750,-83,6,1]
[729,405,36,-20,4,5,1]
[4096,-256,-112,89,-7,-1,1]
[4096,1024,464,137,29,4,1]
[4096,-2304,832,-231,52,-9,1]
[4096,768,80,1,5,3,1]
[4096,512,144,3,9,2,1]
[256,256,48,-56,-47,-14,3,4,1]
[256,-192,192,-120,69,-30,12,-3,1]
[256,-128,80,-32,3,-8,5,-2,1]
[6561,-81,-127,-1,1]
[15625,1375,29,11,1]
[4096,512,224,53,14,2,1]
[4096,512,256,57,16,2,1]
[14641,-363,-62,-3,1]
[4096,1280,-176,-135,-11,5,1]
[4096,1280,-224,-145,-14,5,1]
[4096,256,32,91,2,1,1]
[4096,3072,1280,379,80,12,1]
[14641,-1573,64,-13,1]
[15625,-1750,212,-14,1]
[729,0,-54,-7,-6,0,1]
[6561,972,110,12,1]
[4096,1536,512,103,32,6,1]
[256,128,32,36,29,9,2,2,1]
[4096,1024,-64,-85,-4,4,1]
[14641,-3509,423,-29,1]
[4096,-256,560,-21,35,-1,1]
[16384,2176,275,17,1]
[4096,-768,-96,121,-6,-3,1]
[4096,-768,272,-39,17,-3,1]
[256,128,96,44,29,11,6,2,1]
[15625,-625,249,-5,1]
[6561,243,-64,3,1]
[4096,256,128,39,8,1,1]
[729,486,216,70,24,6,1]
[256,64,-48,-20,9,-5,-3,1,1]
[256,-128,32,28,-13,7,2,-2,1]
[4096,512,39,8,1]
[4096,-1024,96,45,6,-4,1]
[4096,-256,64,7,4,-1,1]
[14641,1089,163,9,1]
[256,64,0,4,9,1,0,1,1]
[729,324,135,64,15,4,1]
[4096,-2304,736,-187,46,-9,1]
[14641,242,206,2,1]
[4096,-256,-96,37,-6,-1,1]
[4096,0,256,-39,16,0,1]
[256,-192,112,-76,49,-19,7,-3,1]
[16384,-1792,287,-14,1]
[15625,625,-102,5,1]
[15625,-250,19,-2,1]
[15625,-1625,164,-13,1]
[4096,512,96,-59,6,2,1]
[4096,1536,240,-1,15,6,1]
[6561,567,158,7,1]
[1024,-352,65,-11,1]
[6561,-243,19,-3,1]
[6561,486,148,6,1]
[4096,256,-128,-13,-8,1,1]
[4096,-512,432,-81,27,-2,1]
[1024,-32,-51,-1,1]
[1024,192,19,6,1]
[4096,1280,288,49,18,5,1]
[4096,-1536,160,23,10,-6,1]
[14641,-1573,185,-13,1]
[2401,-245,82,-5,1]
[256,-256,224,-144,79,-36,14,-4,1]
[16384,-1792,71,-14,1]
[4096,-512,528,-49,33,-2,1]
[4096,0,80,-91,5,0,1]
[6561,81,-22,1,1]
[4096,-1024,368,-121,23,-4,1]
[256,128,16,4,5,1,1,2,1]
[729,81,-20,3,1]
[256,-64,96,-40,25,-10,6,-1,1]
[16384,-1024,85,-8,1]
[14641,2299,292,19,1]
[4096,1280,80,-29,5,5,1]
[4096,-1024,432,-123,27,-4,1]
[16384,0,-95,0,1]
[2401,98,37,2,1]
[4096,-512,-144,99,-9,-2,1]
[16384,-640,-91,-5,1]
[729,-486,135,-26,15,-6,1]
[15625,0,-78,0,1]
[4096,-768,144,-97,9,-3,1]
[4096,4096,2032,631,127,16,1]
[4096,0,16,-67,1,0,1]
[4096,-256,32,-73,2,-1,1]
[6561,1053,121,13,1]
[4096,-64,-101,-1,1]
[729,81,54,1,6,1,1]
[2401,-49,-40,-1,1]
[4096,1536,688,159,43,6,1]
[729,81,36,-23,4,1,1]
[256,-64,0,4,5,1,0,-1,1]
[14641,-3388,405,-28,1]
[14641,-1210,98,-10,1]
[4096,512,304,57,19,2,1]
[16384,128,-103,1,1]
[256,0,-112,-4,35,-1,-7,0,1]
[4096,1280,80,-27,5,5,1]
[14641,-605,138,-5,1]
[4096,-256,96,23,6,-1,1]
[6561,1215,143,15,1]
[625,-225,59,-9,1]
[4096,256,96,69,6,1,1]
[4096,512,608,49,38,2,1]
[4096,-512,528,-31,33,-2,1]
[14641,2662,324,22,1]
[256,-64,-32,-8,9,-2,-2,-1,1]
[4096,512,320,35,20,2,1]
[729,81,117,26,13,1,1]
[15625,-500,23,-4,1]
[4096,1536,288,13,18,6,1]
[16384,-2816,329,-22,1]
[4096,2816,1120,319,70,11,1]
[4096,-512,256,-13,16,-2,1]
[4096,-512,128,11,8,-2,1]
[4096,1280,144,-17,9,5,1]
[4096,-1024,80,21,5,-4,1]
[4096,768,304,81,19,3,1]
[4096,0,144,-49,9,0,1]
[2401,49,89,1,1]
[256,-320,128,24,-37,6,8,-5,1]
[16384,2304,287,18,1]
[4096,0,432,37,27,0,1]
[14641,1936,178,16,1]
[15625,1250,114,10,1]
[256,-128,192,-92,65,-23,12,-2,1]
[15625,1500,112,12,1]
[14641,1936,225,16,1]
[4096,-768,-112,31,-7,-3,1]
[4096,0,-16,-53,-1,0,1]
[4096,1536,416,121,26,6,1]
[14641,-363,-73,-3,1]
[4096,2048,896,253,56,8,1]
[16384,-1408,97,-11,1]
[256,0,128,24,35,6,8,0,1]
[4096,-1472,245,-23,1]
[6561,162,142,2,1]
[256,-128,144,-60,39,-15,9,-2,1]
[512,-192,16,13,2,-3,1]
[14641,-363,-92,-3,1]
[4096,2560,928,237,58,10,1]
[729,0,0,-49,0,0,1]
[16384,1280,-21,10,1]
[4096,-1024,336,-57,21,-4,1]
[256,-64,16,24,-29,6,1,-1,1]
[14641,-605,8,-5,1]
[4096,256,85,4,1]
[16384,-256,-19,-2,1]
[15625,4375,554,35,1]
[4096,320,65,5,1]
[729,-162,63,-5,7,-2,1]
[15625,3625,433,29,1]
[4096,-1024,-80,79,-5,-4,1]
[256,-128,-16,0,9,0,-1,-2,1]
[4096,1024,272,131,17,4,1]
[256,-256,144,-56,29,-14,9,-4,1]
[4096,0,-128,-21,-8,0,1]
[4096,-2048,784,-197,49,-8,1]
[16384,384,-97,3,1]
[15625,1375,91,11,1]
[14641,-968,102,-8,1]
[15625,625,238,5,1]
[1024,320,71,10,1]
[4096,-256,176,-105,11,-1,1]
[6561,972,55,12,1]
[4096,1280,224,45,14,5,1]
[15625,1500,264,12,1]
[256,-128,128,-76,39,-19,8,-2,1]
[512,-448,248,-105,31,-7,1]
[256,112,25,7,1]
[14641,1210,60,10,1]
[64,32,15,4,1]
[16384,1792,131,14,1]
[4096,2304,704,191,44,9,1]
[14641,-2904,294,-24,1]
[15625,2250,327,18,1]
[256,-64,-128,4,47,1,-8,-1,1]
[256,-128,64,24,-17,6,4,-2,1]
[14641,2057,151,17,1]
[256,64,48,24,11,6,3,1,1]
[14641,605,64,5,1]
[4096,-1024,-208,143,-13,-4,1]
[729,-486,189,-65,21,-6,1]
[15625,-250,21,-2,1]
[15625,1625,56,13,1]
[729,-81,72,1,8,-1,1]
[512,-448,176,-57,22,-7,1]
[14641,1089,112,9,1]
[729,243,18,10,2,3,1]
[4096,0,384,3,24,0,1]
[729,-243,162,-56,18,-3,1]
[256,-128,0,32,-23,8,0,-2,1]
[256,-192,64,24,-23,6,4,-3,1]
[4096,256,-32,-63,-2,1,1]
[729,-81,9,41,1,-1,1]
[256,-64,48,12,11,3,3,-1,1]
[512,-64,32,1,4,-1,1]
[256,128,144,80,49,20,9,2,1]
[15625,-1500,106,-12,1]
[16384,128,-27,1,1]
[14641,1815,109,15,1]
[4096,768,320,109,20,3,1]
[256,-64,0,-24,13,-6,0,-1,1]
[6561,1701,244,21,1]
[512,0,48,11,6,0,1]
[14641,121,200,1,1]
[256,64,-128,-16,33,-4,-8,1,1]
[15625,-1250,46,-10,1]
[2401,686,120,14,1]
[4096,-256,0,-35,0,-1,1]
[4096,-1536,304,-51,19,-6,1]
[256,0,16,40,3,10,1,0,1]
[4096,256,224,21,14,1,1]
[2401,392,74,8,1]
[4096,-256,-16,117,-1,-1,1]
[6561,567,-2,7,1]
[14641,-847,196,-7,1]
[512,0,-8,-25,-1,0,1]
[729,-243,9,19,1,-3,1]
[4096,768,-32,-83,-2,3,1]
[4096,256,320,-11,20,1,1]
[256,192,96,8,-3,2,6,3,1]
[14641,-1694,122,-14,1]
[4096,768,368,41,23,3,1]
[729,81,117,-5,13,1,1]
[15625,-1500,53,-12,1]
[256,64,64,36,15,9,4,1,1]
[14641,-1331,180,-11,1]
[4096,512,368,45,23,2,1]
[16384,-3200,397,-25,1]
[512,-384,184,-67,23,-6,1]
[4096,-1280,-128,127,-8,-5,1]
[4096,2560,912,241,57,10,1]
[6561,81,161,1,1]
[15625,1625,97,13,1]
[256,192,32,24,25,6,2,3,1]
[729,-243,90,-10,10,-3,1]
[729,0,-18,-20,-2,0,1]
[729,-324,54,1,6,-4,1]
[729,162,-72,-38,-8,2,1]
[16384,-1152,237,-9,1]
[14641,1331,218,11,1]
[4096,-256,-32,77,-2,-1,1]
[256,128,80,-16,-7,-4,5,2,1]
[256,0,80,-16,13,-4,5,0,1]
[6561,972,94,12,1]
[729,162,126,28,14,2,1]
[15625,-625,161,-5,1]
[256,-128,0,16,3,4,0,-2,1]
[14641,1815,261,15,1]
[14641,-2178,167,-18,1]
[4096,1280,496,75,31,5,1]
[729,486,81,-2,9,6,1]
[512,-64,16,-25,2,-1,1]
[729,-243,180,-34,20,-3,1]
[4096,1280,272,59,17,5,1]
[256,-192,32,48,-33,12,2,-3,1]
[256,-128,16,-16,15,-4,1,-2,1]
[4096,2048,656,177,41,8,1]
[6561,-1863,286,-23,1]
[15625,-1250,164,-10,1]
[729,-324,171,-55,19,-4,1]
[4096,768,336,111,21,3,1]
[256,64,-16,0,7,0,-1,1,1]
[4096,-1536,480,-85,30,-6,1]
[256,0,80,32,15,8,5,0,1]
[4096,0,96,37,6,0,1]
[2401,0,58,0,1]
[4096,0,256,-55,16,0,1]
[15625,4750,609,38,1]
[4096,-2816,688,-119,43,-11,1]
[4096,2048,672,189,42,8,1]
[14641,847,169,7,1]
[14641,-605,-79,-5,1]
[64,-16,-4,15,-1,-1,1]
[4096,-1024,640,-127,40,-4,1]
[729,0,-18,-34,-2,0,1]
[729,-243,90,-31,10,-3,1]
[4096,-256,-160,27,-10,-1,1]
[512,0,24,35,3,0,1]
[4096,-256,-48,-39,-3,-1,1]
[6561,972,89,12,1]
[4096,-1280,640,-117,40,-5,1]
[512,128,16,21,2,2,1]
[2401,686,108,14,1]
[4096,-1024,192,-71,12,-4,1]
[64,-16,0,9,0,-1,1]
[512,-192,64,-1,8,-3,1]
[625,-100,28,-4,1]
[4096,192,7,3,1]
[4096,-768,592,-69,37,-3,1]
[256,-64,16,16,-7,4,1,-1,1]
[14641,-484,-97,-4,1]
[16384,3712,443,29,1]
[15625,-3500,412,-28,1]
[4096,-768,176,39,11,-3,1]
[14641,363,237,3,1]
[4096,-1024,-16,61,-1,-4,1]
[256,192,176,104,53,26,11,3,1]
[256,384,336,208,111,52,21,6,1]
[15625,625,11,5,1]
[14641,242,241,2,1]
[4096,-768,352,-83,22,-3,1]
[15625,750,-72,6,1]
[6561,648,122,8,1]
[4096,-256,288,-19,18,-1,1]
[256,-64,48,-32,21,-8,3,-1,1]
[729,-162,14,-6,1]
[15625,625,-13,5,1]
[4096,256,32,-1,2,1,1]
[4096,1024,336,93,21,4,1]
[4096,1280,288,101,18,5,1]
[14641,0,13,0,1]
[15625,0,241,0,1]
[256,-64,112,12,21,3,7,-1,1]
[4096,-256,400,-43,25,-1,1]
[729,243,189,50,21,3,1]
[729,0,45,-25,5,0,1]
[16384,-2944,363,-23,1]
[15625,3750,472,30,1]
[6561,-405,-2,-5,1]
[15625,1750,154,14,1]
[4096,1280,800,159,50,5,1]
[15625,-2250,292,-18,1]
[15625,0,17,0,1]
[4096,-1024,496,-103,31,-4,1]
[256,128,64,40,9,10,4,2,1]
[16384,640,61,5,1]
[4096,2560,944,267,59,10,1]
[16384,-2176,237,-17,1]
[16384,-4096,507,-32,1]
[4096,-3584,1712,-521,107,-14,1]
[15625,-875,-72,-7,1]
[256,0,32,44,1,11,2,0,1]
[256,-64,0,20,-13,5,0,-1,1]
[256,128,48,-36,-23,-9,3,2,1]
[256,-128,112,-60,27,-15,7,-2,1]
[729,-81,45,-1,5,-1,1]
[2401,98,-17,2,1]
[15625,-125,234,-1,1]
[729,-324,36,-4,4,-4,1]
[15625,-500,83,-4,1]
[14641,484,104,4,1]
[256,0,64,8,11,2,4,0,1]
[16384,-1280,271,-10,1]
[256,128,112,32,23,8,7,2,1]
[4096,512,224,83,14,2,1]
[14641,242,-15,2,1]
[15625,1750,202,14,1]
[4096,-1024,128,3,8,-4,1]
[15625,875,121,7,1]
[4096,-1536,496,-91,31,-6,1]
[4096,1280,48,-71,3,5,1]
[4096,768,352,79,22,3,1]
[14641,242,140,2,1]
[16384,4224,509,33,1]
[256,256,176,104,57,26,11,4,1]
[4096,-256,336,-75,21,-1,1]
[16384,-896,-55,-7,1]
[256,0,-48,8,13,2,-3,0,1]
[729,-81,117,-26,13,-1,1]
[4096,-192,-65,-3,1]
[4096,0,-144,13,-9,0,1]
[4096,-768,304,-35,19,-3,1]
[4096,2816,1136,333,71,11,1]
[4096,3072,1248,357,78,12,1]
[4096,512,272,19,17,2,1]
[4096,1280,592,147,37,5,1]
[16384,1536,63,12,1]
[4096,3840,1792,539,112,15,1]
[16384,640,107,5,1]
[4096,0,16,-59,1,0,1]
[6561,-1296,161,-16,1]
[14641,-484,71,-4,1]
[625,-300,84,-12,1]
[4096,256,96,-45,6,1,1]
[256,-64,-48,8,11,2,-3,-1,1]
[256,192,96,60,37,15,6,3,1]
[14641,968,48,8,1]
[16384,-384,95,-3,1]
[4096,-1280,112,-3,7,-5,1]
[15625,-2250,326,-18,1]
[256,0,32,8,-5,2,2,0,1]
[15625,2500,261,20,1]
[14641,726,48,6,1]
[14641,-847,113,-7,1]
[256,0,48,-52,-3,-13,3,0,1]
[729,405,180,82,20,5,1]
[4096,-256,320,33,20,-1,1]
[729,-81,-72,14,-8,-1,1]
[4096,768,240,111,15,3,1]
[6561,-243,14,-3,1]
[512,0,72,11,9,0,1]
[4096,1280,480,107,30,5,1]
[4096,704,133,11,1]
[14641,2178,173,18,1]
[4096,1280,336,45,21,5,1]
[16384,384,-79,3,1]
[4096,1024,320,29,20,4,1]
[4096,1792,624,183,39,7,1]
[256,192,64,-24,-23,-6,4,3,1]
[256,64,160,28,53,7,10,1,1]
[14641,2057,244,17,1]
[729,351,82,13,1]
[15625,625,-136,5,1]
[4096,-768,320,-85,20,-3,1]
[256,-192,112,-8,1,-2,7,-3,1]
[512,384,80,5,10,6,1]
[256,-192,64,24,-19,6,4,-3,1]
[512,-192,-48,49,-6,-3,1]
[256,256,176,100,55,25,11,4,1]
[15625,2000,301,16,1]
[4096,512,69,8,1]
[2401,441,29,9,1]
[256,-64,32,-32,3,-8,2,-1,1]
[4096,-512,128,1,8,-2,1]
[6561,2430,383,30,1]
[4096,-512,256,-43,16,-2,1]
[256,-64,-32,12,9,3,-2,-1,1]
[729,81,-36,-19,-4,1,1]
[14641,363,118,3,1]
[256,-64,48,36,-13,9,3,-1,1]
[256,128,0,-36,-27,-9,0,2,1]
[4096,256,528,39,33,1,1]
[15625,0,249,0,1]
[4096,-256,272,-47,17,-1,1]
[16384,-384,33,-3,1]
[256,0,-32,4,-3,1,-2,0,1]
[6561,-324,82,-4,1]
[16384,0,-109,0,1]
[512,128,88,11,11,2,1]
[512,-256,24,17,3,-4,1]
[512,-256,152,-55,19,-4,1]
[256,-64,32,0,17,0,2,-1,1]
[14641,0,217,0,1]
[729,-81,72,-23,8,-1,1]
[15625,-250,-186,-2,1]
[256,128,48,28,31,7,3,2,1]
[256,192,112,8,1,2,7,3,1]
[512,64,136,13,17,1,1]
[256,256,192,132,77,33,12,4,1]
[4096,768,544,89,34,3,1]
[729,0,0,43,0,0,1]
[15625,-1000,247,-8,1]
[4096,0,-208,23,-13,0,1]
[6561,-648,31,-8,1]
[6561,-243,160,-3,1]
[4096,-256,320,-69,20,-1,1]
[16384,384,133,3,1]
[14641,-2420,273,-20,1]
[4096,768,16,-51,1,3,1]
[16384,768,87,6,1]
[16384,384,-169,3,1]
[4096,-2048,288,-1,18,-8,1]
[14641,-1573,79,-13,1]
[4096,-1536,384,-115,24,-6,1]
[4096,-1280,64,27,4,-5,1]
[6561,-81,-80,-1,1]
[14641,-242,215,-2,1]
[6561,-162,32,-2,1]
[16384,640,51,5,1]
[1024,0,45,0,1]
[4096,-1024,288,-23,18,-4,1]
[2401,343,40,7,1]
[15625,2750,313,22,1]
[729,-81,54,19,6,-1,1]
[4096,-1024,480,-117,30,-4,1]
[4096,2048,800,219,50,8,1]
[4096,-256,160,-31,10,-1,1]
[729,-729,468,-182,52,-9,1]
[256,-320,112,60,-65,15,7,-5,1]
[256,-64,64,-56,13,-14,4,-1,1]
[4096,0,368,-27,23,0,1]
[512,-64,104,-7,13,-1,1]
[16384,-1536,197,-12,1]
[6561,729,91,9,1]
[15625,1000,254,8,1]
[4096,768,48,43,3,3,1]
[4096,-256,256,-35,16,-1,1]
[256,320,336,228,135,57,21,5,1]
[256,128,-48,-32,-5,-8,-3,2,1]
[15625,2250,166,18,1]
[4096,1536,448,73,28,6,1]
[4096,-1280,-96,109,-6,-5,1]
[512,64,72,9,9,1,1]
[256,-192,64,36,-31,9,4,-3,1]
[512,-320,80,-17,10,-5,1]
[4096,256,416,-1,26,1,1]
[4096,768,192,21,12,3,1]
[6561,486,46,6,1]
[4096,-1024,-144,77,-9,-4,1]
[4096,-2304,704,-173,44,-9,1]
[4096,-256,128,3,8,-1,1]
[4096,-896,107,-14,1]
[6561,0,115,0,1]
[2401,-147,88,-3,1]
[15625,500,248,4,1]
[14641,-121,133,-1,1]
[4096,3328,1472,437,92,13,1]
[14641,2420,246,20,1]
[16384,-2176,139,-17,1]
[14641,3146,331,26,1]
[15625,-500,-21,-4,1]
[4096,0,224,43,14,0,1]
[15625,875,-43,7,1]
[6561,81,43,1,1]
[14641,-605,-37,-5,1]
[4096,-1792,336,-41,21,-7,1]
[4096,-1024,-144,97,-9,-4,1]
[15625,-2000,228,-16,1]
[14641,363,40,3,1]
[6561,-1134,206,-14,1]
[64,-1,1]
[4096,-256,-64,89,-4,-1,1]
[4096,0,608,-5,38,0,1]
[4096,256,32,23,2,1,1]
[729,-243,144,-52,16,-3,1]
[256,128,144,68,49,17,9,2,1]
[4096,1536,576,109,36,6,1]
[14641,1089,28,9,1]
[512,64,8,11,1,1,1]
[4096,-3584,1568,-455,98,-14,1]
[6561,0,130,0,1]
[6561,-486,-46,-6,1]
[256,-128,128,-64,45,-16,8,-2,1]
[49,-1,1]
[15625,-2750,346,-22,1]
[4096,512,-160,-75,-10,2,1]
[14641,726,134,6,1]
[256,192,48,-28,-35,-7,3,3,1]
[16384,768,229,6,1]
[14641,-968,-49,-8,1]
[6561,405,20,5,1]
[256,-128,32,-28,33,-7,2,-2,1]
[4096,-768,576,-81,36,-3,1]
[4096,-1792,384,-87,24,-7,1]
[729,81,-36,-23,-4,1,1]
[4096,1536,560,111,35,6,1]
[256,0,64,0,1,0,4,0,1]
[6561,648,89,8,1]
[256,-64,0,12,3,3,0,-1,1]
[15625,-2250,186,-18,1]
[512,128,40,5,5,2,1]
[4096,2304,688,163,43,9,1]
[15625,-2500,334,-20,1]
[729,-567,288,-112,32,-7,1]
[4096,-512,160,-47,10,-2,1]
[256,0,48,28,13,7,3,0,1]
[4096,-1536,528,-129,33,-6,1]
[4096,-1792,784,-199,49,-7,1]
[729,-162,54,-37,6,-2,1]
[256,0,48,28,5,7,3,0,1]
[625,100,26,4,1]
[4096,-768,304,1,19,-3,1]
[15625,-2750,264,-22,1]
[512,-576,336,-137,42,-9,1]
[256,-64,112,-28,27,-7,7,-1,1]
[4096,-1792,336,-53,21,-7,1]
[16384,-2688,341,-21,1]
[4096,-512,143,-8,1]
[6561,972,115,12,1]
[512,448,264,105,33,7,1]
[512,64,8,13,1,1,1]
[729,243,117,47,13,3,1]
[4096,-2048,352,-43,22,-8,1]
[256,-128,-16,20,-7,5,-1,-2,1]
[4096,-256,80,-127,5,-1,1]
[14641,-121,47,-1,1]
[16384,-1024,149,-8,1]
[4096,512,192,105,12,2,1]
[4096,-512,288,-23,18,-2,1]
[4096,-1536,528,-159,33,-6,1]
[4096,0,128,73,8,0,1]
[4096,2048,272,-3,17,8,1]
[14641,2420,218,20,1]
[256,64,-16,-12,-7,-3,-1,1,1]
[14641,-1815,245,-15,1]
[6561,-567,118,-7,1]
[512,64,-24,-41,-3,1,1]
[4096,-1536,512,-129,32,-6,1]
[4096,-1536,480,-121,30,-6,1]
[729,-324,90,-31,10,-4,1]
[4096,-512,448,-27,28,-2,1]
[4096,1024,640,119,40,4,1]
[729,162,90,37,10,2,1]
[15625,-250,33,-2,1]
[4096,0,192,63,12,0,1]
[15625,2500,219,20,1]
[4096,512,0,-17,0,2,1]
[625,150,16,6,1]
[15625,2375,218,19,1]
[14641,-2420,302,-20,1]
[14641,3267,395,27,1]
[16384,1664,93,13,1]
[4096,-512,16,27,1,-2,1]
[512,-448,248,-99,31,-7,1]
[15625,-2875,269,-23,1]
[16384,-1408,269,-11,1]
[6561,891,113,11,1]
[4096,1536,-32,-95,-2,6,1]
[512,-128,24,7,3,-2,1]
[14641,-2662,360,-22,1]
[512,128,-8,-17,-1,2,1]
[729,-243,-54,58,-6,-3,1]
[4096,0,416,-3,26,0,1]
[729,486,162,38,18,6,1]
[256,-320,240,-152,85,-38,15,-5,1]
[6561,1458,193,18,1]
[256,64,80,-20,9,-5,5,1,1]
[4096,2048,896,255,56,8,1]
[4096,2304,864,267,54,9,1]
[4096,0,144,-67,9,0,1]
[4096,1024,-144,-89,-9,4,1]
[16384,768,-87,6,1]
[4096,-2048,784,-253,49,-8,1]
[2401,-245,-22,-5,1]
[14641,1936,285,16,1]
[256,0,48,36,9,9,3,0,1]
[4096,-512,560,-61,35,-2,1]
[512,-64,-24,15,-3,-1,1]
[256,-192,128,-96,51,-24,8,-3,1]
[15625,375,188,3,1]
[16384,-1024,-45,-8,1]
[4096,-768,224,-95,14,-3,1]
[14641,-2541,244,-21,1]
[729,-243,90,-34,10,-3,1]
[4096,-512,192,-49,12,-2,1]
[512,576,392,165,49,9,1]
[256,-128,96,-52,37,-13,6,-2,1]
[16384,-2688,285,-21,1]
[4096,512,-16,-51,-1,2,1]
[256,64,80,44,23,11,5,1,1]
[729,486,171,56,19,6,1]
[16384,-4096,497,-32,1]
[4096,-768,-160,143,-10,-3,1]
[16384,1280,171,10,1]
[4096,-768,224,-109,14,-3,1]
[729,-351,88,-13,1]
[4096,512,-176,-63,-11,2,1]
[14641,-847,89,-7,1]
[4096,-1280,384,-45,24,-5,1]
[729,810,441,166,49,10,1]
[14641,605,136,5,1]
[4096,0,-16,113,-1,0,1]
[6561,648,88,8,1]
[4096,512,432,15,27,2,1]
[512,-64,152,-13,19,-1,1]
[4096,-3072,1184,-333,74,-12,1]
[4096,-1792,176,33,11,-7,1]
[256,-320,240,-120,57,-30,15,-5,1]
[256,192,176,108,55,27,11,3,1]
[729,324,0,-26,0,4,1]
[14641,1331,241,11,1]
[256,-128,32,36,-25,9,2,-2,1]
[1024,0,63,0,1]
[15625,1500,126,12,1]
[729,81,63,-22,7,1,1]
[729,729,414,157,46,9,1]
[256,128,48,32,23,8,3,2,1]
[256,-192,96,-36,9,-9,6,-3,1]
[15625,-3500,384,-28,1]
[256,128,80,8,-1,2,5,2,1]
[4096,-512,-16,-1,-1,-2,1]
[15625,2375,186,19,1]
[4096,-1024,416,-95,26,-4,1]
[256,-64,48,20,-5,5,3,-1,1]
[512,-128,32,-23,4,-2,1]
[4096,-1536,528,-155,33,-6,1]
[6561,162,-61,2,1]
[4096,-768,336,-49,21,-3,1]
[2401,-49,-41,-1,1]
[4096,1792,656,169,41,7,1]
[16384,-3584,425,-28,1]
[256,-128,64,-36,13,-9,4,-2,1]
[4096,-1280,368,-65,23,-5,1]
[4096,768,64,-49,4,3,1]
[16384,128,-75,1,1]
[4096,512,208,49,13,2,1]
[14641,-605,160,-5,1]
[14641,242,14,2,1]
[14641,2420,230,20,1]
[256,448,416,264,139,66,26,7,1]
[1024,-352,61,-11,1]
[4096,3072,1312,387,82,12,1]
[4096,-1280,448,-117,28,-5,1]
[2401,-392,104,-8,1]
[4096,-256,208,-27,13,-1,1]
[4096,768,416,35,26,3,1]
[15625,-2375,226,-19,1]
[4096,256,32,83,2,1,1]
[625,-175,26,-7,1]
[4096,256,-160,-3,-10,1,1]
[6561,81,121,1,1]
[4096,512,96,57,6,2,1]
[4096,-2048,736,-233,46,-8,1]
[2401,-931,179,-19,1]
[4096,2048,704,181,44,8,1]
[16384,256,123,2,1]
[1024,384,99,12,1]
[6561,-729,179,-9,1]
[14641,968,217,8,1]
[4096,-2048,544,-143,34,-8,1]
[4096,-512,-32,-19,-2,-2,1]
[256,-64,16,12,-17,3,1,-1,1]
[16384,-1792,81,-14,1]
[256,128,-16,-28,-13,-7,-1,2,1]
[4096,-512,176,-5,11,-2,1]
[14641,1815,290,15,1]
[15625,-1750,234,-14,1]
[4096,1536,448,75,28,6,1]
[14641,-1452,69,-12,1]
[512,64,24,11,3,1,1]
[729,-81,36,16,4,-1,1]
[16384,-1152,143,-9,1]
[16384,2560,307,20,1]
[2401,-637,132,-13,1]
[256,-128,96,-36,33,-9,6,-2,1]
[4096,-256,192,-11,12,-1,1]
[512,-256,120,-49,15,-4,1]
[14641,121,-38,1,1]
[4096,2816,720,135,45,11,1]
[14641,-1936,282,-16,1]
[729,-162,9,31,1,-2,1]
[4096,128,-51,2,1]
[256,-256,176,-112,63,-28,11,-4,1]
[4096,256,-128,-5,-8,1,1]
[256,-192,32,20,-13,5,2,-3,1]
[4096,-256,464,-45,29,-1,1]
[256,448,432,308,173,77,27,7,1]
[4096,-2304,448,-59,28,-9,1]
[256,-64,112,-28,33,-7,7,-1,1]
[16384,-128,109,-1,1]
[256,0,-16,-8,1,-2,-1,0,1]
[14641,242,84,2,1]
[4096,2304,784,231,49,9,1]
[729,243,252,52,28,3,1]
[729,243,171,44,19,3,1]
[14641,-2662,243,-22,1]
[4096,3072,1424,415,89,12,1]
[4096,-1792,320,-55,20,-7,1]
[4096,-512,160,7,10,-2,1]
[256,0,-16,0,13,0,-1,0,1]
[625,100,46,4,1]
[14641,-2541,343,-21,1]
[4096,-512,0,-59,0,-2,1]
[4096,768,160,49,10,3,1]
[14641,2541,293,21,1]
[4096,512,144,57,9,2,1]
[256,256,96,40,27,10,6,4,1]
[4096,0,-32,73,-2,0,1]
[4096,-1280,-128,99,-8,-5,1]
[4096,-512,89,-8,1]
[729,324,79,12,1]
[4096,-832,113,-13,1]
[15625,125,111,1,1]
[729,-162,72,-5,8,-2,1]
[256,256,112,80,57,20,7,4,1]
[256,192,176,108,57,27,11,3,1]
[256,256,112,0,-15,0,7,4,1]
[256,0,-16,-8,-1,-2,-1,0,1]
[14641,726,-67,6,1]
[256,-128,48,-28,9,-7,3,-2,1]
[4096,2304,496,71,31,9,1]
[14641,-2057,146,-17,1]
[14641,-242,-24,-2,1]
[15625,1375,31,11,1]
[4096,1280,368,41,23,5,1]
[4096,1280,304,101,19,5,1]
[2401,-392,110,-8,1]
[729,405,207,77,23,5,1]
[625,25,49,1,1]
[4096,-1792,256,-27,16,-7,1]
[4096,-256,240,-53,15,-1,1]
[4096,-512,64,-9,4,-2,1]
[4096,-768,288,-71,18,-3,1]
[4096,-512,192,-71,12,-2,1]
[15625,-3375,386,-27,1]
[6561,162,121,2,1]
[4096,1280,256,85,16,5,1]
[729,-162,63,-29,7,-2,1]
[15625,375,244,3,1]
[16384,1152,33,9,1]
[4096,256,-112,-37,-7,1,1]
[4096,-1792,608,-207,38,-7,1]
[4096,2560,1040,301,65,10,1]
[512,320,136,57,17,5,1]
[81,-11,1]
[16384,128,201,1,1]
[256,256,112,12,-11,3,7,4,1]
[4096,-512,-64,37,-4,-2,1]
[4096,0,80,-81,5,0,1]
[256,0,48,32,-7,8,3,0,1]
[4096,-512,176,-25,11,-2,1]
[15625,500,176,4,1]
[256,-384,352,-244,137,-61,22,-6,1]
[4096,256,144,101,9,1,1]
[512,-256,192,-59,24,-4,1]
[4096,-256,48,-77,3,-1,1]
[256,128,16,-20,-5,-5,1,2,1]
[256,192,64,28,13,7,4,3,1]
[256,-64,48,-16,23,-4,3,-1,1]
[14641,-1815,252,-15,1]
[6561,-1620,217,-20,1]
[15625,-1125,16,-9,1]
[14641,-1331,234,-11,1]
[4096,-768,-224,101,-14,-3,1]
[4096,64,43,1,1]
[15625,125,136,1,1]
[4096,-2304,912,-279,57,-9,1]
[4096,512,0,-15,0,2,1]
[14641,2420,222,20,1]
[4096,-2048,768,-241,48,-8,1]
[16384,256,57,2,1]
[4096,-1536,-240,195,-15,-6,1]
[4096,2048,784,209,49,8,1]
[256,64,16,-44,-11,-11,1,1,1]
[4096,-768,0,51,0,-3,1]
[4096,-768,448,-73,28,-3,1]
[4096,256,160,109,10,1,1]
[729,81,27,-1,3,1,1]
[256,-64,64,16,7,4,4,-1,1]
[16384,-768,153,-6,1]
[4096,0,-64,39,-4,0,1]
[256,0,48,20,17,5,3,0,1]
[16384,1408,119,11,1]
[256,-192,160,-76,45,-19,10,-3,1]
[4096,1024,-16,-51,-1,4,1]
[4096,1792,192,-23,12,7,1]
[4096,-768,-32,-9,-2,-3,1]
[256,320,240,140,71,35,15,5,1]
[4096,768,432,81,27,3,1]
[4096,1024,48,-15,3,4,1]
[4096,-2560,816,-209,51,-10,1]
[15625,-875,216,-7,1]
[512,0,32,-15,4,0,1]
[6561,405,-11,5,1]
[256,-256,96,-12,-1,-3,6,-4,1]
[15625,-125,208,-1,1]
[256,-64,16,16,3,4,1,-1,1]
[14641,3872,476,32,1]
[729,-729,432,-166,48,-9,1]
[15625,-375,28,-3,1]
[15625,0,169,0,1]
[4096,2304,752,177,47,9,1]
[729,405,117,37,13,5,1]
[4096,-2560,864,-211,54,-10,1]
[4096,-1024,656,-129,41,-4,1]
[15625,1875,168,15,1]
[4096,-2048,352,-29,22,-8,1]
[729,-243,162,-31,18,-3,1]
[256,-64,64,-28,15,-7,4,-1,1]
[256,-256,64,64,-63,16,4,-4,1]
[4096,0,-64,-9,-4,0,1]
[256,-128,96,-52,19,-13,6,-2,1]
[4096,2304,992,277,62,9,1]
[729,81,27,-14,3,1,1]
[729,81,-45,-22,-5,1,1]
[729,405,189,58,21,5,1]
[729,-81,-36,5,-4,-1,1]
[256,-64,128,-12,35,-3,8,-1,1]
[729,-81,18,29,2,-1,1]
[4096,1024,448,121,28,4,1]
[4096,256,192,-25,12,1,1]
[512,64,32,-21,4,1,1]
[256,0,80,16,17,4,5,0,1]
[6561,1134,157,14,1]
[256,-64,0,-24,9,-6,0,-1,1]
[4096,1536,-16,-91,-1,6,1]
[256,128,80,20,9,5,5,2,1]
[4096,256,336,-25,21,1,1]
[256,-128,128,-36,33,-9,8,-2,1]
[4096,768,560,63,35,3,1]
[256,0,0,24,-1,6,0,0,1]
[4096,-256,112,-13,7,-1,1]
[4096,0,96,41,6,0,1]
[729,162,72,50,8,2,1]
[14641,-1573,279,-13,1]
[256,64,112,32,37,8,7,1,1]
[4096,512,-96,-93,-6,2,1]
[729,-891,531,-209,59,-11,1]
[4096,-768,192,-65,12,-3,1]
[16384,-256,1,-2,1]
[256,192,144,64,41,16,9,3,1]
[6561,-810,148,-10,1]
[4096,-768,272,-97,17,-3,1]
[4096,-768,480,-49,30,-3,1]
[729,-405,207,-70,23,-5,1]
[256,128,144,48,45,12,9,2,1]
[729,-405,162,-65,18,-5,1]
[256,64,0,20,19,5,0,1,1]
[4096,-1792,64,73,4,-7,1]
[512,-192,-16,29,-2,-3,1]
[4096,-256,128,31,8,-1,1]
[15625,-2750,266,-22,1]
[4096,1280,352,91,22,5,1]
[256,0,96,-24,17,-6,6,0,1]
[729,-567,333,-130,37,-7,1]
[4096,512,-128,-121,-8,2,1]
[6561,-243,82,-3,1]
[512,192,136,35,17,3,1]
[14641,-242,-113,-2,1]
[6561,243,-13,3,1]
[6561,-1458,211,-18,1]
[729,648,324,124,36,8,1]
[14641,-363,182,-3,1]
[14641,2420,302,20,1]
[14641,-2662,343,-22,1]
[14641,-4477,575,-37,1]
[4096,0,464,15,29,0,1]
[6561,-891,191,-11,1]
[4096,256,608,23,38,1,1]
[4096,-512,288,-97,18,-2,1]
[14641,605,-108,5,1]
[729,-162,27,-4,3,-2,1]
[4096,2304,704,181,44,9,1]
[256,-192,96,-48,35,-12,6,-3,1]
[6561,243,-17,3,1]
[256,64,0,32,19,8,0,1,1]
[4096,-768,176,-103,11,-3,1]
[1024,-128,-13,-4,1]
[2401,-245,95,-5,1]
[729,-405,198,-55,22,-5,1]
[4096,0,144,-79,9,0,1]
[14641,-726,76,-6,1]
[4096,768,-16,5,-1,3,1]
[14641,-1694,81,-14,1]
[81,63,28,7,1]
[256,128,48,28,17,7,3,2,1]
[4096,512,96,-21,6,2,1]
[2401,147,48,3,1]
[15625,-375,1,-3,1]
[16384,1536,29,12,1]
[2401,392,92,8,1]
[15625,-1750,197,-14,1]
[15625,1875,232,15,1]
[256,64,0,28,17,7,0,1,1]
[15625,-1750,236,-14,1]
[16384,-1024,113,-8,1]
[512,0,80,1,10,0,1]
[4096,-512,112,33,7,-2,1]
[4096,256,192,63,12,1,1]
[64,32,16,3,4,2,1]
[2401,-637,90,-13,1]
[6561,81,119,1,1]
[4096,-1792,672,-225,42,-7,1]
[256,-192,112,-4,-1,-1,7,-3,1]
[15625,0,66,0,1]
[14641,-2783,354,-23,1]
[16384,512,191,4,1]
[14641,-484,3,-4,1]
[4096,0,96,-47,6,0,1]
[4096,768,176,-17,11,3,1]
[256,128,176,96,57,24,11,2,1]
[4096,64,83,1,1]
[15625,-2000,299,-16,1]
[256,-64,-16,24,-7,6,-1,-1,1]
[4096,-512,-128,117,-8,-2,1]
[625,25,13,1,1]
[4096,-256,624,-25,39,-1,1]
[14641,-847,35,-7,1]
[14641,1452,184,12,1]
[256,-384,336,-232,131,-58,21,-6,1]
[256,128,160,68,55,17,10,2,1]
[256,-128,32,4,-1,1,2,-2,1]
[256,-64,16,-8,5,-2,1,-1,1]
[14641,726,90,6,1]
[16,-4,7,-1,1]
[4096,-768,-96,111,-6,-3,1]
[15625,625,134,5,1]
[4096,-1792,464,-81,29,-7,1]
[256,0,32,-16,11,-4,2,0,1]
[81,27,17,3,1]
[4096,2816,1248,357,78,11,1]
[256,64,32,-40,-15,-10,2,1,1]
[6561,-891,160,-11,1]
[512,320,64,7,8,5,1]
[256,192,128,68,29,17,8,3,1]
[2401,833,149,17,1]
[14641,-2783,336,-23,1]
[256,128,80,20,5,5,5,2,1]
[4096,1024,112,7,7,4,1]
[4096,2048,544,115,34,8,1]
[729,-567,288,-106,32,-7,1]
[4096,-1024,0,55,0,-4,1]
[4096,-768,464,-37,29,-3,1]
[4096,768,224,91,14,3,1]
[4096,512,71,8,1]
[15625,0,-63,0,1]
[4096,1792,576,177,36,7,1]
[4096,256,64,81,4,1,1]
[4096,512,384,43,24,2,1]
[14641,968,205,8,1]
[14641,1452,260,12,1]
[4096,512,288,15,18,2,1]
[14641,2662,276,22,1]
[4096,0,128,-11,8,0,1]
[729,324,-45,-55,-5,4,1]
[4096,1792,880,217,55,7,1]
[14641,484,45,4,1]
[729,162,72,-1,8,2,1]
[4096,256,-144,-15,-9,1,1]
[2401,-196,58,-4,1]
[16384,-1024,269,-8,1]
[729,-162,108,-44,12,-2,1]
[2401,0,-27,0,1]
[15625,-1625,251,-13,1]
[512,0,0,19,0,0,1]
[16384,3200,403,25,1]
[6561,1863,266,23,1]
[4096,-1536,32,73,2,-6,1]
[256,-320,144,4,-27,1,9,-5,1]
[4096,768,608,73,38,3,1]
[4096,1280,192,25,12,5,1]
[15625,-375,-103,-3,1]
[14641,1573,134,13,1]
[15625,500,209,4,1]
[4096,-768,576,-73,36,-3,1]
[14641,-121,4,-1,1]
[14641,-3025,335,-25,1]
[256,128,16,24,27,6,1,2,1]
[15625,0,-1,0,1]
[4096,-1024,368,-53,23,-4,1]
[4096,2048,672,199,42,8,1]
[256,-192,96,8,-13,2,6,-3,1]
[256,64,112,44,25,11,7,1,1]
[4096,-256,80,-91,5,-1,1]
[14641,3751,453,31,1]
[4096,-512,272,-53,17,-2,1]
[6561,-1377,155,-17,1]
[256,-256,256,-172,95,-43,16,-4,1]
[4096,2048,864,235,54,8,1]
[15625,750,97,6,1]
[4096,-1280,672,-127,42,-5,1]
[256,-64,-64,20,11,5,-4,-1,1]
[15625,2625,351,21,1]
[14641,0,4,0,1]
[729,189,20,7,1]
[64,0,7,0,1]
[4096,3328,1360,385,85,13,1]
[15625,500,-53,4,1]
[16384,0,145,0,1]
[512,-64,16,-31,2,-1,1]
[14641,4114,507,34,1]
[15625,-625,146,-5,1]
[15625,125,156,1,1]
[6561,648,172,8,1]
[4096,0,336,-7,21,0,1]
[512,192,-40,-45,-5,3,1]
[6561,162,-19,2,1]
[4096,1536,592,125,37,6,1]
[4096,-1536,48,61,3,-6,1]
[15625,3500,426,28,1]
[16384,-896,155,-7,1]
[15625,-2750,294,-22,1]
[6561,-81,-115,-1,1]
[15625,-1250,17,-10,1]
[14641,3267,365,27,1]
[2401,-147,62,-3,1]
[16384,4096,497,32,1]
[512,64,128,5,16,1,1]
[256,0,112,-8,37,-2,7,0,1]
[4096,-3328,1296,-353,81,-13,1]
[4096,1280,432,61,27,5,1]
[14641,121,147,1,1]
[15625,1500,51,12,1]
[4096,-768,96,-11,6,-3,1]
[256,0,16,24,-13,6,1,0,1]
[15625,125,211,1,1]
[256,0,-128,-4,37,-1,-8,0,1]
[4096,-2304,1088,-287,68,-9,1]
[256,128,128,56,37,14,8,2,1]
[15625,-1750,249,-14,1]
[16384,-1280,33,-10,1]
[15625,625,91,5,1]
[4096,-1024,720,-113,45,-4,1]
[256,-256,96,-40,27,-10,6,-4,1]
[15625,125,114,1,1]
[4096,1024,256,3,16,4,1]
[14641,-605,205,-5,1]
[4096,1280,256,71,16,5,1]
[4096,512,448,81,28,2,1]
[4096,768,688,89,43,3,1]
[16384,-256,-151,-2,1]
[729,0,2,0,1]
[4096,0,-224,-13,-14,0,1]
[14641,-726,35,-6,1]
[512,320,208,79,26,5,1]
[14641,-242,173,-2,1]
[4096,-768,112,39,7,-3,1]
[4096,320,115,5,1]
[6561,405,61,5,1]
[4096,-256,48,-93,3,-1,1]
[4096,-1280,448,-175,28,-5,1]
[14641,-363,30,-3,1]
[4096,-1024,-64,91,-4,-4,1]
[16384,1536,247,12,1]
[729,162,90,10,10,2,1]
[16384,2304,299,18,1]
[729,243,0,-20,0,3,1]
[512,128,-8,-3,-1,2,1]
[4096,256,-64,-53,-4,1,1]
[4096,512,112,97,7,2,1]
[4096,1536,672,135,42,6,1]
[15625,-4250,532,-34,1]
[729,-81,72,2,8,-1,1]
[15625,875,144,7,1]
[256,192,160,76,51,19,10,3,1]
[4096,0,-128,21,-8,0,1]
[256,128,48,-4,-7,-1,3,2,1]
[625,-100,26,-4,1]
[512,-256,96,-29,12,-4,1]
[16384,1664,215,13,1]
[14641,2420,309,20,1]
[14641,-847,120,-7,1]
[256,128,80,68,31,17,5,2,1]
[6561,1377,163,17,1]
[6561,567,14,7,1]
[14641,1815,241,15,1]
[4096,-768,80,19,5,-3,1]
[512,64,16,-7,2,1,1]
[256,0,0,-24,7,-6,0,0,1]
[256,-64,80,28,1,7,5,-1,1]
[4096,0,448,-27,28,0,1]
[4096,1024,432,47,27,4,1]
[16384,2560,235,20,1]
[729,567,252,89,28,7,1]
[4096,-1280,-160,127,-10,-5,1]
[256,0,80,-20,13,-5,5,0,1]
[4096,256,-160,-9,-10,1,1]
[4096,3072,1344,403,84,12,1]
[4096,-512,-240,69,-15,-2,1]
[14641,121,-155,1,1]
[2401,98,48,2,1]
[16384,-1024,127,-8,1]
[4096,256,-80,-43,-5,1,1]
[4096,256,272,1,17,1,1]
[15625,1625,86,13,1]
[14641,1331,123,11,1]
[4096,1536,512,157,32,6,1]
[729,243,90,8,10,3,1]
[2401,-147,81,-3,1]
[15625,-500,241,-4,1]
[15625,2625,314,21,1]
[16384,1792,155,14,1]
[729,-243,54,2,6,-3,1]
[729,-81,0,-16,0,-1,1]
[16384,-1280,167,-10,1]
[4096,0,128,55,8,0,1]
[4096,512,0,11,0,2,1]
[15625,1125,169,9,1]
[4096,-1024,112,-41,7,-4,1]
[14641,484,-18,4,1]
[4096,256,208,-11,13,1,1]
[729,324,54,4,6,4,1]
[4096,-512,48,33,3,-2,1]
[729,-81,-63,19,-7,-1,1]
[4096,1024,-96,-103,-6,4,1]
[4096,512,608,67,38,2,1]
[4096,1536,224,15,14,6,1]
[256,256,144,100,65,25,9,4,1]
[14641,0,-67,0,1]
[4096,2304,304,-11,19,9,1]
[4096,-256,288,-51,18,-1,1]
[256,-64,-48,-4,21,-1,-3,-1,1]
[256,-64,112,-48,31,-12,7,-1,1]
[16384,3328,385,26,1]
[4096,-1024,-112,121,-7,-4,1]
[512,576,280,99,35,9,1]
[256,-128,0,-32,35,-8,0,-2,1]
[2401,-147,-4,-3,1]
[256,128,96,72,37,18,6,2,1]
[4096,1280,80,-23,5,5,1]
[6561,-162,-35,-2,1]
[729,-81,9,38,1,-1,1]
[4096,-2048,432,-85,27,-8,1]
[2401,931,181,19,1]
[4096,-2560,848,-219,53,-10,1]
[256,-64,96,-12,25,-3,6,-1,1]
[4096,-512,64,51,4,-2,1]
[6561,0,-29,0,1]
[256,-64,16,-16,-1,-4,1,-1,1]
[16384,-3072,381,-24,1]
[4096,-256,-32,-41,-2,-1,1]
[512,-384,224,-89,28,-6,1]
[4096,128,-47,2,1]
[256,-128,192,-80,69,-20,12,-2,1]
[14641,-1210,174,-10,1]
[15625,2500,223,20,1]
[4096,768,32,23,2,3,1]
[4096,-512,80,-51,5,-2,1]
[14641,726,123,6,1]
[4096,512,256,73,16,2,1]
[4096,-512,160,-33,10,-2,1]
[4096,256,-224,-35,-14,1,1]
[15625,-3250,413,-26,1]
[256,0,-80,-4,35,-1,-5,0,1]
[6561,-162,122,-2,1]
[4096,-2816,1184,-365,74,-11,1]
[256,-64,32,32,-7,8,2,-1,1]
[512,-192,104,-53,13,-3,1]
[4096,768,448,81,28,3,1]
[625,25,31,1,1]
[256,-192,64,-20,11,-5,4,-3,1]
[4096,1536,208,7,13,6,1]
[4096,-512,336,11,21,-2,1]
[4096,1536,448,149,28,6,1]
[4096,-256,-32,13,-2,-1,1]
[729,0,-45,14,-5,0,1]
[14641,-2783,360,-23,1]
[256,-192,176,-100,61,-25,11,-3,1]
[729,-81,72,-14,8,-1,1]
[14641,-968,118,-8,1]
[4096,1536,144,-15,9,6,1]
[512,-64,40,-13,5,-1,1]
[4096,-512,416,-75,26,-2,1]
[4096,1536,464,87,29,6,1]
[14641,121,173,1,1]
[729,-81,63,1,7,-1,1]
[4096,768,160,-23,10,3,1]
[4096,256,-128,-45,-8,1,1]
[4096,1536,608,121,38,6,1]
[15625,-500,186,-4,1]
[4096,-256,48,1,3,-1,1]
[4096,-768,-32,23,-2,-3,1]
[16384,1664,285,13,1]
[4096,-1792,592,-141,37,-7,1]
[4096,-1024,208,-69,13,-4,1]
[15625,2375,197,19,1]
[4096,-256,320,25,20,-1,1]
[2401,-196,50,-4,1]
[256,0,96,-8,23,-2,6,0,1]
[4096,3072,1152,309,72,12,1]
[15625,875,196,7,1]
[256,256,64,-64,-63,-16,4,4,1]
[256,320,224,156,93,39,14,5,1]
[1024,-224,55,-7,1]
[6561,-243,59,-3,1]
[4096,512,-176,-95,-11,2,1]
[16384,2304,177,18,1]
[2401,-294,-6,-6,1]
[729,162,-27,-23,-3,2,1]
[256,64,80,20,33,5,5,1,1]
[4096,-2304,880,-221,55,-9,1]
[4096,-2816,1168,-351,73,-11,1]
[4096,512,320,91,20,2,1]
[4096,1024,112,-5,7,4,1]
[14641,121,56,1,1]
[256,0,16,12,3,3,1,0,1]
[256,192,112,76,49,19,7,3,1]
[4096,1792,272,25,17,7,1]
[4096,512,256,-7,16,2,1]
[14641,-605,-61,-5,1]
[256,64,96,0,19,0,6,1,1]
[4096,1024,128,51,8,4,1]
[4096,1024,576,81,36,4,1]
[14641,-2420,227,-20,1]
[4096,2304,624,133,39,9,1]
[4096,1024,96,-19,6,4,1]
[4096,768,304,121,19,3,1]
[64,16,36,5,9,1,1]
[14641,2057,210,17,1]
[14641,3267,404,27,1]
[14641,4477,575,37,1]
[4096,-1024,304,-105,19,-4,1]
[4096,512,320,89,20,2,1]
[256,-64,16,28,-15,7,1,-1,1]
[256,320,176,40,5,10,11,5,1]
[256,-320,192,-104,57,-26,12,-5,1]
[4096,1536,176,-5,11,6,1]
[14641,-1452,28,-12,1]
[4096,1024,320,79,20,4,1]
[6561,-648,94,-8,1]
[4096,0,-176,21,-11,0,1]
[81,-4,1]
[512,-320,176,-57,22,-5,1]
[4096,768,16,-37,1,3,1]
[4096,-1024,416,-105,26,-4,1]
[729,-162,81,1,9,-2,1]
[16384,1536,67,12,1]
[512,64,48,19,6,1,1]
[4096,-576,115,-9,1]
[256,-128,144,-100,41,-25,9,-2,1]
[256,-192,80,4,-11,1,5,-3,1]
[15625,125,99,1,1]
[16384,-2048,233,-16,1]
[4096,512,304,59,19,2,1]
[15625,500,-114,4,1]
[16384,-1664,217,-13,1]
[512,-384,200,-79,25,-6,1]
[4096,0,320,31,20,0,1]
[256,256,112,20,-3,5,7,4,1]
[729,243,27,1,3,3,1]
[14641,2662,354,22,1]
[256,-320,288,-172,95,-43,18,-5,1]
[4096,-2304,864,-265,54,-9,1]
[4096,1280,464,77,29,5,1]
[6561,-324,-25,-4,1]
[4096,1536,208,27,13,6,1]
[14641,1694,164,14,1]
[4096,0,272,-39,17,0,1]
[256,-64,96,-8,19,-2,6,-1,1]
[4096,512,-176,-87,-11,2,1]
[6561,-486,-41,-6,1]
[256,-64,128,-16,37,-4,8,-1,1]
[256,64,48,-20,5,-5,3,1,1]
[625,75,24,3,1]
[6561,1215,206,15,1]
[2401,588,115,12,1]
[256,-64,0,-8,3,-2,0,-1,1]
[729,-243,117,-41,13,-3,1]
[4096,768,64,-71,4,3,1]
[15625,-2750,366,-22,1]
[256,-320,208,-92,39,-23,13,-5,1]
[15625,125,-92,1,1]
[4096,-1024,137,-16,1]
[15625,750,136,6,1]
[6561,405,41,5,1]
[256,-256,112,-28,7,-7,7,-4,1]
[4096,512,-208,-83,-13,2,1]
[256,448,432,316,181,79,27,7,1]
[15625,2250,211,18,1]
[256,-64,32,-8,1,-2,2,-1,1]
[4096,-512,80,-79,5,-2,1]
[4096,768,96,73,6,3,1]
[14641,-847,76,-7,1]
[4096,768,128,3,8,3,1]
[15625,-125,189,-1,1]
[14641,1936,250,16,1]
[16384,-384,-47,-3,1]
[729,-243,-9,31,-1,-3,1]
[4096,512,336,51,21,2,1]
[14641,121,-2,1,1]
[256,-128,32,-16,1,-4,2,-2,1]
[4096,3072,1216,343,76,12,1]
[4096,-2560,1040,-311,65,-10,1]
[256,-192,48,36,-39,9,3,-3,1]
[256,384,352,252,145,63,22,6,1]
[16384,5376,695,42,1]
[4096,-320,109,-5,1]
[4096,512,384,77,24,2,1]
[256,256,80,40,33,10,5,4,1]
[15625,-3500,406,-28,1]
[4096,-512,256,-7,16,-2,1]
[256,192,80,36,23,9,5,3,1]
[4096,448,35,7,1]
[256,64,-80,-8,25,-2,-5,1,1]
[512,0,8,27,1,0,1]
[4096,256,0,67,0,1,1]
[16384,-896,113,-7,1]
[4096,-2816,720,-133,45,-11,1]
[4096,1280,464,113,29,5,1]
[14641,-1210,126,-10,1]
[256,320,240,148,77,37,15,5,1]
[4096,-2304,1024,-279,64,-9,1]
[6561,405,16,5,1]
[4096,-1280,384,-67,24,-5,1]
[512,640,424,183,53,10,1]
[4096,-320,45,-5,1]
[4096,-768,-32,55,-2,-3,1]
[4096,-1024,304,-89,19,-4,1]
[512,64,40,41,5,1,1]
[256,-128,0,-4,11,-1,0,-2,1]
[729,-81,144,-14,16,-1,1]
[4096,-1280,688,-151,43,-5,1]
[256,128,144,56,39,14,9,2,1]
[14641,-847,137,-7,1]
[4096,256,512,25,32,1,1]
[256,-64,80,12,11,3,5,-1,1]
[4096,768,80,65,5,3,1]
[4096,-256,80,-11,5,-1,1]
[4096,1280,576,105,36,5,1]
[4096,-256,-128,77,-8,-1,1]
[256,64,48,12,25,3,3,1,1]
[729,81,54,22,6,1,1]
[16384,-512,-47,-4,1]
[15625,625,39,5,1]
[4096,1280,576,127,36,5,1]
[15625,-500,-151,-4,1]
[4096,-768,-32,73,-2,-3,1]
[4096,1536,208,-13,13,6,1]
[4096,-768,32,9,2,-3,1]
[729,-81,180,-22,20,-1,1]
[512,128,-8,-27,-1,2,1]
[256,0,-96,-8,33,-2,-6,0,1]
[4096,0,240,7,15,0,1]
[4096,-2816,1216,-347,76,-11,1]
[4096,-1408,229,-22,1]
[729,0,27,13,3,0,1]
[256,0,-48,-16,21,-4,-3,0,1]
[4096,-1024,272,-121,17,-4,1]
[14641,2783,296,23,1]
[14641,1452,83,12,1]
[16384,-640,161,-5,1]
[14641,-605,168,-5,1]
[14641,1815,212,15,1]
[4096,-256,32,-47,2,-1,1]
[256,320,176,96,57,24,11,5,1]
[6561,81,104,1,1]
[256,64,48,20,17,5,3,1,1]
[256,-64,-80,-4,29,-1,-5,-1,1]
[14641,-1452,74,-12,1]
[625,75,-1,3,1]
[4096,-512,128,25,8,-2,1]
[256,0,32,44,-1,11,2,0,1]
[729,-27,35,-1,1]
[625,-250,51,-10,1]
[4096,0,80,73,5,0,1]
[256,128,80,36,31,9,5,2,1]
[14641,3751,456,31,1]
[16384,1024,-71,8,1]
[16384,-4224,499,-33,1]
[256,128,-32,-12,7,-3,-2,2,1]
[729,-81,-18,-17,-2,-1,1]
[4096,1536,288,29,18,6,1]
[256,-64,0,24,-3,6,0,-1,1]
[512,384,256,95,32,6,1]
[256,320,272,180,99,45,17,5,1]
[4096,-1280,352,-41,22,-5,1]
[4096,256,32,61,2,1,1]
[4096,-512,656,-51,41,-2,1]
[4096,1536,288,49,18,6,1]
[4096,-256,64,93,4,-1,1]
[4096,3584,1472,413,92,14,1]
[15625,875,-6,7,1]
[4096,-768,208,-93,13,-3,1]
[4096,256,-53,4,1]
[49,-5,1]
[4096,-1280,112,49,7,-5,1]
[16384,640,-57,5,1]
[4096,512,496,53,31,2,1]
[16384,-256,247,-2,1]
[256,0,96,-4,25,-1,6,0,1]
[4096,1280,80,7,5,5,1]
[14641,-847,252,-7,1]
[4096,256,-32,-59,-2,1,1]
[256,-64,48,-24,-1,-6,3,-1,1]
[2401,-441,60,-9,1]
[4096,1536,368,91,23,6,1]
[512,0,-24,-13,-3,0,1]
[256,-64,48,-48,17,-12,3,-1,1]
[4096,1792,-240,-217,-15,7,1]
[729,324,45,-10,5,4,1]
[256,-64,160,-12,45,-3,10,-1,1]
[4096,0,320,11,20,0,1]
[4096,1536,320,87,20,6,1]
[729,81,81,40,9,1,1]
[14641,4598,595,38,1]
[4096,1280,352,93,22,5,1]
[4096,2816,1152,325,72,11,1]
[256,192,80,24,3,6,5,3,1]
[4096,512,336,11,21,2,1]
[15625,375,-47,3,1]
[4096,768,96,-17,6,3,1]
[4096,-512,32,23,2,-2,1]
[256,-320,192,-72,27,-18,12,-5,1]
[4096,-512,704,-61,44,-2,1]
[256,-64,0,8,-15,2,0,-1,1]
[64,48,32,13,8,3,1]
[4096,-256,0,13,0,-1,1]
[256,-256,144,-84,49,-21,9,-4,1]
[4096,512,-48,-71,-3,2,1]
[15625,1625,163,13,1]
[729,-486,144,-32,16,-6,1]
[729,-243,189,-56,21,-3,1]
[512,-320,152,-61,19,-5,1]
[256,-64,48,-28,7,-7,3,-1,1]
[729,0,-54,-2,-6,0,1]
[4096,-512,288,3,18,-2,1]
[512,192,112,25,14,3,1]
[4096,512,48,61,3,2,1]
[4096,-1024,160,-33,10,-4,1]
[4096,-1024,624,-99,39,-4,1]
[14641,-605,-23,-5,1]
[4096,-2304,704,-177,44,-9,1]
[4096,256,16,-109,1,1,1]
[729,162,135,19,15,2,1]
[256,192,192,132,65,33,12,3,1]
[15625,375,144,3,1]
[4096,-1024,288,-9,18,-4,1]
[6561,324,83,4,1]
[729,81,45,2,5,1,1]
[256,0,16,-8,17,-2,1,0,1]
[729,0,63,-25,7,0,1]
[512,0,72,3,9,0,1]
[14641,1573,191,13,1]
[4096,-2304,736,-175,46,-9,1]
[16384,640,67,5,1]
[512,-64,-32,15,-4,-1,1]
[256,-512,544,-404,229,-101,34,-8,1]
[14641,121,-124,1,1]
[4096,-512,-128,71,-8,-2,1]
[4096,-256,64,65,4,-1,1]
[4096,1280,128,-9,8,5,1]
[729,-648,360,-139,40,-8,1]
[4096,-256,224,-93,14,-1,1]
[15625,125,124,1,1]
[512,-320,152,-51,19,-5,1]
[4096,768,208,19,13,3,1]
[729,243,99,17,11,3,1]
[256,64,64,16,29,4,4,1,1]
[256,-256,224,-120,69,-30,14,-4,1]
[4096,-1792,240,-9,15,-7,1]
[4096,0,0,123,0,0,1]
[15625,-2875,349,-23,1]
[14641,-968,155,-8,1]
[15625,0,-158,0,1]
[512,-128,32,-17,4,-2,1]
[4096,-1024,448,-83,28,-4,1]
[4096,1280,304,79,19,5,1]
[729,405,198,88,22,5,1]
[4096,1024,256,-5,16,4,1]
[512,-192,56,-3,7,-3,1]
[4096,-1024,-32,33,-2,-4,1]
[15625,500,151,4,1]
[16384,4992,635,39,1]
[4096,1024,0,-7,0,4,1]
[16384,2176,207,17,1]
[512,192,-48,-43,-6,3,1]
[729,-81,45,14,5,-1,1]
[6561,729,64,9,1]
[4096,768,208,17,13,3,1]
[14641,-726,151,-6,1]
[4096,1280,-16,-63,-1,5,1]
[729,-243,135,-46,15,-3,1]
[1024,96,-9,3,1]
[512,64,0,7,0,1,1]
[4096,-256,352,-23,22,-1,1]
[4096,512,592,59,37,2,1]
[4096,-768,176,35,11,-3,1]
[14641,605,211,5,1]
[4096,64,-33,1,1]
[729,162,99,44,11,2,1]
[15625,-2625,301,-21,1]
[6561,-243,74,-3,1]
[4096,768,192,75,12,3,1]
[729,486,189,55,21,6,1]
[14641,2904,378,24,1]
[16384,-3456,363,-27,1]
[4096,1792,848,217,53,7,1]
[16384,512,-107,4,1]
[14641,242,12,2,1]
[256,-32,15,-2,1]
[4096,1280,272,61,17,5,1]
[729,-162,-27,26,-3,-2,1]
[4096,-1664,293,-26,1]
[15625,-2000,223,-16,1]
[4096,-2816,1104,-327,69,-11,1]
[729,324,189,59,21,4,1]
[729,0,0,-8,0,0,1]
[1024,128,47,4,1]
[256,128,16,-20,-11,-5,1,2,1]
[4096,512,176,69,11,2,1]
[729,-162,54,13,6,-2,1]
[4096,256,16,37,1,1,1]
[512,128,-16,-17,-2,2,1]
[4096,768,592,85,37,3,1]
[4096,1024,560,113,35,4,1]
[512,128,96,31,12,2,1]
[256,64,160,12,45,3,10,1,1]
[4096,256,-96,-1,-6,1,1]
[4096,2304,736,185,46,9,1]
[4096,512,16,39,1,2,1]
[729,-81,54,4,6,-1,1]
[4096,-1536,816,-175,51,-6,1]
[512,256,96,29,12,4,1]
[729,324,-45,-59,-5,4,1]
[256,320,304,196,113,49,19,5,1]
[256,384,336,240,139,60,21,6,1]
[256,0,-96,-4,35,-1,-6,0,1]
[4096,-1280,-128,107,-8,-5,1]
[4096,512,-112,-45,-7,2,1]
[256,-128,192,-72,67,-18,12,-2,1]
[729,-324,108,-16,12,-4,1]
[6561,405,107,5,1]
[4096,-1024,448,-67,28,-4,1]
[15625,-4375,549,-35,1]
[16384,1024,17,8,1]
[4096,-2048,640,-143,40,-8,1]
[4096,-256,16,45,1,-1,1]
[4096,-1536,544,-181,34,-6,1]
[729,-81,-27,-14,-3,-1,1]
[4096,256,16,53,1,1,1]
[4096,-3328,1376,-391,86,-13,1]
[4096,512,32,21,2,2,1]
[512,-192,104,-43,13,-3,1]
[16384,1664,237,13,1]
[729,567,243,77,27,7,1]
[256,128,-80,-28,13,-7,-5,2,1]
[256,256,160,68,33,17,10,4,1]
[256,0,-32,-4,25,-1,-2,0,1]
[4096,-1280,656,-135,41,-5,1]
[4096,-1024,320,-111,20,-4,1]
[4096,768,464,111,29,3,1]
[6561,891,151,11,1]
[256,-192,64,-24,9,-6,4,-3,1]
[4096,1280,288,79,18,5,1]
[729,243,90,52,10,3,1]
[2401,294,76,6,1]
[4096,512,-144,-11,-9,2,1]
[4096,-1536,-32,107,-2,-6,1]
[4096,768,112,57,7,3,1]
[14641,605,240,5,1]
[4096,-256,160,-9,10,-1,1]
[4096,-1792,544,-123,34,-7,1]
[16384,-2048,235,-16,1]
[729,-324,90,-10,10,-4,1]
[4096,512,208,59,13,2,1]
[1024,32,43,1,1]
[256,-192,64,8,-19,2,4,-3,1]
[256,-192,80,-32,23,-8,5,-3,1]
[729,405,171,70,19,5,1]
[4096,-2048,656,-185,41,-8,1]
[16384,-1024,29,-8,1]
[512,-128,16,-21,2,-2,1]
[729,0,45,35,5,0,1]
[4096,256,144,-17,9,1,1]
[729,0,-9,-28,-1,0,1]
[15625,250,-86,2,1]
[14641,-242,78,-2,1]
[256,128,128,72,43,18,8,2,1]
[4096,768,-64,-5,-4,3,1]
[729,81,27,-8,3,1,1]
[729,648,378,151,42,8,1]
[4096,768,-128,-127,-8,3,1]
[1024,64,-9,2,1]
[4096,1280,400,111,25,5,1]
[512,128,-40,-37,-5,2,1]
[81,9,13,1,1]
[4096,0,160,73,10,0,1]
[512,-192,160,-35,20,-3,1]
[14641,363,-158,3,1]
[14641,605,-93,5,1]
[16384,-640,49,-5,1]
[14641,-2178,194,-18,1]
[4096,256,-144,-53,-9,1,1]
[4096,2560,880,239,55,10,1]
[4096,-2048,480,-111,30,-8,1]
[6561,-729,124,-9,1]
[4096,1280,432,175,27,5,1]
[256,128,32,-8,-21,-2,2,2,1]
[14641,-2178,169,-18,1]
[256,-192,192,-88,57,-22,12,-3,1]
[14641,2783,351,23,1]
[4096,256,-96,-21,-6,1,1]
[15625,625,109,5,1]
[6561,-324,119,-4,1]
[729,-567,261,-85,29,-7,1]
[729,-567,270,-100,30,-7,1]
[14641,484,221,4,1]
[256,-64,16,-20,19,-5,1,-1,1]
[14641,-2178,300,-18,1]
[15625,-1875,277,-15,1]
[4096,2304,896,253,56,9,1]
[256,-128,16,20,-11,5,1,-2,1]
[256,-192,192,-108,73,-27,12,-3,1]
[14641,-121,-106,-1,1]
[256,64,16,12,1,3,1,1,1]
[4096,2304,976,283,61,9,1]
[4096,2048,992,257,62,8,1]
[256,-64,0,-8,9,-2,0,-1,1]
[4096,1024,208,67,13,4,1]
[6561,-648,2,-8,1]
[15625,-2250,262,-18,1]
[6561,729,179,9,1]
[15625,125,108,1,1]
[4096,1280,368,37,23,5,1]
[14641,363,181,3,1]
[256,128,64,-24,-9,-6,4,2,1]
[256,320,224,144,83,36,14,5,1]
[14641,-605,-38,-5,1]
[14641,-2420,251,-20,1]
[729,-405,162,-47,18,-5,1]
[16384,-384,61,-3,1]
[4096,-1536,736,-171,46,-6,1]
[256,0,48,-44,-3,-11,3,0,1]
[4096,64,-23,1,1]
[512,-128,48,-5,6,-2,1]
[4096,512,320,105,20,2,1]
[16384,1152,107,9,1]
[256,-128,192,-76,65,-19,12,-2,1]
[4096,2048,768,255,48,8,1]
[729,81,63,-23,7,1,1]
[15625,-1250,232,-10,1]
[14641,1089,240,9,1]
[14641,-1210,-12,-10,1]
[256,-128,160,-76,55,-19,10,-2,1]
[4096,768,-144,-55,-9,3,1]
[4096,256,704,31,44,1,1]
[16384,1536,189,12,1]
[4096,1024,512,73,32,4,1]
[729,162,-36,-16,-4,2,1]
[4096,-1280,-16,85,-1,-5,1]
[256,0,0,-12,-7,-3,0,0,1]
[14641,605,42,5,1]
[256,-128,128,-16,21,-4,8,-2,1]
[4096,768,352,89,22,3,1]
[256,192,128,80,49,20,8,3,1]
[4096,-128,43,-2,1]
[14641,-2904,344,-24,1]
[4096,-2048,576,-141,36,-8,1]
[15625,-625,141,-5,1]
[2401,343,29,7,1]
[16384,-2304,225,-18,1]
[16384,128,175,1,1]
[729,-81,171,-16,19,-1,1]
[256,320,192,80,35,20,12,5,1]
[6561,-405,25,-5,1]
[256,-320,208,-56,15,-14,13,-5,1]
[2401,294,26,6,1]
[729,-162,189,-29,21,-2,1]
[4096,1792,400,51,25,7,1]
[4096,768,-128,-99,-8,3,1]
[15625,-1250,132,-10,1]
[14641,847,-3,7,1]
[729,-189,22,-7,1]
[256,-128,144,-68,53,-17,9,-2,1]
[256,128,16,-16,-23,-4,1,2,1]
[256,0,48,-40,-9,-10,3,0,1]
[512,-128,24,3,3,-2,1]
[4096,-256,-80,-19,-5,-1,1]
[4096,-512,400,-69,25,-2,1]
[16384,1792,233,14,1]
[4096,-2048,656,-153,41,-8,1]
[729,-405,135,-26,15,-5,1]
[256,0,64,0,23,0,4,0,1]
[4096,-256,80,-75,5,-1,1]
[256,0,48,0,25,0,3,0,1]
[16384,-1024,265,-8,1]
[15625,875,-32,7,1]
[16384,-1408,143,-11,1]
[512,-128,72,-23,9,-2,1]
[15625,2875,304,23,1]
[2401,-392,44,-8,1]
[4096,-768,-32,97,-2,-3,1]
[4096,-1024,288,-117,18,-4,1]
[14641,242,-14,2,1]
[4096,-128,-55,-2,1]
[4096,512,16,3,1,2,1]
[14641,-2662,267,-22,1]
[15625,-375,-98,-3,1]
[6561,-162,136,-2,1]
[14641,-726,65,-6,1]
[4096,-256,-16,59,-1,-1,1]
[4096,0,240,-37,15,0,1]
[4096,1024,432,111,27,4,1]
[4096,-256,480,-21,30,-1,1]
[729,-54,2,-2,1]
[4096,2816,1264,369,79,11,1]
[256,192,32,-24,-19,-6,2,3,1]
[14641,847,-72,7,1]
[729,-378,95,-14,1]
[256,256,112,48,25,12,7,4,1]
[256,-64,112,-40,29,-10,7,-1,1]
[14641,605,83,5,1]
[4096,768,32,-25,2,3,1]
[729,243,62,9,1]
[256,64,64,40,23,10,4,1,1]
[4096,2304,784,195,49,9,1]
[256,-64,64,-40,23,-10,4,-1,1]
[729,-81,-45,41,-5,-1,1]
[256,-128,80,-24,9,-6,5,-2,1]
[729,-162,36,-10,4,-2,1]
[256,0,80,-44,13,-11,5,0,1]
[4096,1280,208,-17,13,5,1]
[4096,-512,64,-95,4,-2,1]
[256,-384,384,-280,155,-70,24,-6,1]
[729,54,-19,2,1]
[14641,605,-92,5,1]
[4096,-512,144,21,9,-2,1]
[14641,1936,267,16,1]
[256,-64,0,-12,17,-3,0,-1,1]
[512,-320,192,-71,24,-5,1]
[14641,-1573,259,-13,1]
[256,64,16,20,3,5,1,1,1]
[15625,625,17,5,1]
[1024,-32,-13,-1,1]
[16384,0,149,0,1]
[512,-128,64,-27,8,-2,1]
[4096,-256,192,45,12,-1,1]
[15625,125,172,1,1]
[4096,-1536,672,-145,42,-6,1]
[64,-32,20,-13,5,-2,1]
[625,175,32,7,1]
[4096,-3072,1072,-277,67,-12,1]
[4096,-1024,-96,123,-6,-4,1]
[15625,1375,7,11,1]
[4096,2560,864,217,54,10,1]
[256,-256,144,-52,17,-13,9,-4,1]
[16384,256,211,2,1]
[4096,2048,496,89,31,8,1]
[4096,-1024,-32,71,-2,-4,1]
[14641,-2178,206,-18,1]
[512,0,-48,11,-6,0,1]
[256,256,96,-12,-27,-3,6,4,1]
[4096,768,400,37,25,3,1]
[256,-320,256,-168,95,-42,16,-5,1]
[14641,-1936,279,-16,1]
[729,81,0,-44,0,1,1]
[4096,768,-48,-95,-3,3,1]
[729,-729,369,-136,41,-9,1]
[256,64,-32,-12,1,-3,-2,1,1]
[4096,256,16,73,1,1,1]
[14641,-2178,314,-18,1]
[4096,768,256,83,16,3,1]
[4096,768,320,105,20,3,1]
[4096,-1536,528,-113,33,-6,1]
[16384,896,57,7,1]
[256,-256,128,-4,-11,-1,8,-4,1]
[14641,-484,157,-4,1]
[256,128,128,52,45,13,8,2,1]
[4096,256,368,15,23,1,1]
[4096,-1792,784,-217,49,-7,1]
[256,64,48,4,23,1,3,1,1]
[15625,-1000,-44,-8,1]
[4096,2048,912,253,57,8,1]
[4096,-1024,176,-69,11,-4,1]
[14641,0,-42,0,1]
[4096,-512,-224,49,-14,-2,1]
[256,-384,224,-36,-9,-9,14,-6,1]
[14641,726,-65,6,1]
[4096,-128,-35,-2,1]
[729,-324,54,-10,6,-4,1]
[4096,-1792,688,-159,43,-7,1]
[256,-64,128,-60,33,-15,8,-1,1]
[4096,256,-32,43,-2,1,1]
[4096,-1024,-96,61,-6,-4,1]
[4096,1024,384,39,24,4,1]
[256,256,160,84,43,21,10,4,1]
[15625,2875,356,23,1]
[14641,847,211,7,1]
[4096,-512,384,-61,24,-2,1]
[512,256,16,-15,2,4,1]
[14641,-605,200,-5,1]
[4096,1280,256,25,16,5,1]
[14641,1452,226,12,1]
[256,0,-16,-16,1,-4,-1,0,1]
[15625,-750,232,-6,1]
[4096,1280,368,149,23,5,1]
[729,-81,153,-7,17,-1,1]
[512,0,-8,7,-1,0,1]
[4096,256,-16,-47,-1,1,1]
[256,-64,48,44,-9,11,3,-1,1]
[512,576,360,151,45,9,1]
[16384,3072,359,24,1]
[15625,1250,-12,10,1]
[15625,750,114,6,1]
[729,729,351,122,39,9,1]
[4096,-3328,1520,-447,95,-13,1]
[64,-16,0,5,0,-1,1]
[4096,2560,1120,319,70,10,1]
[4096,256,-32,-39,-2,1,1]
[512,-384,240,-93,30,-6,1]
[256,-192,64,-24,13,-6,4,-3,1]
[4096,1024,-80,-55,-5,4,1]
[4096,768,-224,-111,-14,3,1]
[4096,-768,288,-17,18,-3,1]
[14641,-1089,-1,-9,1]
[14641,-1210,105,-10,1]
[256,128,32,-4,-9,-1,2,2,1]
[512,-64,-8,15,-1,-1,1]
[4096,1536,432,127,27,6,1]
[14641,-1694,219,-14,1]
[4096,-1536,480,-129,30,-6,1]
[256,-320,144,-16,-7,-4,9,-5,1]
[4096,256,416,31,26,1,1]
[4096,-256,16,11,1,-1,1]
[15625,-1375,116,-11,1]
[14641,484,3,4,1]
[14641,242,130,2,1]
[256,0,32,-36,1,-9,2,0,1]
[2401,-294,20,-6,1]
[2401,392,37,8,1]
[729,81,54,-13,6,1,1]
[4096,1280,144,-7,9,5,1]
[6561,972,109,12,1]
[729,162,0,14,0,2,1]
[256,64,0,-12,-23,-3,0,1,1]
[256,256,128,52,21,13,8,4,1]
[14641,242,18,2,1]
[14641,2420,243,20,1]
[4096,1280,592,143,37,5,1]
[4096,-1536,176,-23,11,-6,1]
[15625,625,217,5,1]
[4096,256,112,-9,7,1,1]
[64,16,-8,-3,-2,1,1]
[64,-13,1]
[4096,-1792,512,-135,32,-7,1]
[4096,256,288,1,18,1,1]
[16384,1664,273,13,1]
[14641,1452,125,12,1]
[15625,-2375,249,-19,1]
[256,0,64,-4,19,-1,4,0,1]
[4096,-448,-13,-7,1]
[14641,2178,159,18,1]
[4096,-1024,-192,101,-12,-4,1]
[4096,-512,416,-7,26,-2,1]
[4096,1280,640,151,40,5,1]
[512,-384,224,-91,28,-6,1]
[4096,-320,-7,-5,1]
[16384,1664,63,13,1]
[256,-128,-16,-24,33,-6,-1,-2,1]
[4096,2560,720,163,45,10,1]
[4096,1280,320,101,20,5,1]
[729,162,-27,-10,-3,2,1]
[512,-512,264,-103,33,-8,1]
[14641,-605,117,-5,1]
[4096,1024,48,21,3,4,1]
[16384,128,-39,1,1]
[729,-810,495,-197,55,-10,1]
[4096,-2560,1008,-295,63,-10,1]
[4096,-1024,128,7,8,-4,1]
[6561,1053,112,13,1]
[4096,512,112,57,7,2,1]
[15625,-250,186,-2,1]
[4096,768,304,-3,19,3,1]
[729,567,198,52,22,7,1]
[4096,-2560,832,-207,52,-10,1]
[16384,640,255,5,1]
[16384,2048,311,16,1]
[729,324,117,41,13,4,1]
[4096,-192,-3,-3,1]
[15625,125,-126,1,1]
[15625,-125,73,-1,1]
[256,-192,128,-32,19,-8,8,-3,1]
[15625,1125,113,9,1]
[256,64,176,40,57,10,11,1,1]
[729,-324,171,-62,19,-4,1]
[256,-64,80,-48,11,-12,5,-1,1]
[729,0,-63,-1,-7,0,1]
[4096,-768,-48,95,-3,-3,1]
[15625,-375,132,-3,1]
[256,0,16,20,11,5,1,0,1]
[256,128,-32,-8,11,-2,-2,2,1]
[64,0,12,1,3,0,1]
[512,-320,128,-43,16,-5,1]
[4096,256,576,25,36,1,1]
[256,128,80,28,21,7,5,2,1]
[4096,-2048,800,-251,50,-8,1]
[4096,1280,272,55,17,5,1]
[4096,768,64,-31,4,3,1]
[729,-324,135,-59,15,-4,1]
[256,-320,128,44,-55,11,8,-5,1]
[4096,512,32,-91,2,2,1]
[16384,2816,303,22,1]
[16384,1792,301,14,1]
[4096,1536,432,91,27,6,1]
[256,128,176,52,53,13,11,2,1]
[512,-128,120,-27,15,-2,1]
[512,0,-32,11,-4,0,1]
[14641,-1089,-39,-9,1]
[4096,-768,384,-43,24,-3,1]
[15625,1000,113,8,1]
[4096,-512,-16,-25,-1,-2,1]
[14641,605,157,5,1]
[14641,363,161,3,1]
[4096,-256,96,-45,6,-1,1]
[4096,0,0,-5,0,0,1]
[4096,-1792,464,-85,29,-7,1]
[4096,-768,352,-27,22,-3,1]
[256,192,208,112,69,28,13,3,1]
[2401,-98,-17,-2,1]
[4096,2304,848,249,53,9,1]
[15625,-500,-126,-4,1]
[4096,-256,400,-55,25,-1,1]
[256,128,112,32,31,8,7,2,1]
[256,64,128,8,35,2,8,1,1]
[4096,512,208,21,13,2,1]
[4096,2048,1056,267,66,8,1]
[6561,-162,-101,-2,1]
[256,64,-48,-8,5,-2,-3,1,1]
[4096,2560,832,211,52,10,1]
[4096,512,-16,-23,-1,2,1]
[256,-128,48,0,-9,0,3,-2,1]
[256,-128,-32,28,-11,7,-2,-2,1]
[4096,512,-112,-125,-7,2,1]
[4096,-768,208,13,13,-3,1]
[4096,1024,144,33,9,4,1]
[4096,1536,64,-63,4,6,1]
[4096,-512,608,-67,38,-2,1]
[256,64,96,-4,23,-1,6,1,1]
[4096,256,-48,-125,-3,1,1]
[14641,121,74,1,1]
[256,-192,64,-44,31,-11,4,-3,1]
[14641,847,-10,7,1]
[4096,1024,416,53,26,4,1]
[4096,1088,167,17,1]
[14641,-1089,155,-9,1]
[256,192,64,28,15,7,4,3,1]
[4096,-1792,784,-201,49,-7,1]
[4096,832,99,13,1]
[256,0,32,4,-7,1,2,0,1]
[4096,2048,112,-73,7,8,1]
[6561,81,-20,1,1]
[4096,1024,288,121,18,4,1]
[2401,49,8,1,1]
[4096,1280,-80,-97,-5,5,1]
[729,-162,35,-6,1]
[729,-810,495,-196,55,-10,1]
[64,-16,8,-7,2,-1,1]
[512,-512,312,-129,39,-8,1]
[64,16,-4,1,-1,1,1]
[14641,-1573,137,-13,1]
[15625,-2250,329,-18,1]
[15625,625,-3,5,1]
[4096,-1536,576,-197,36,-6,1]
[4096,1792,560,121,35,7,1]
[14641,-847,-4,-7,1]
[14641,-242,204,-2,1]
[4096,0,0,-13,0,0,1]
[256,-64,112,-52,25,-13,7,-1,1]
[256,192,112,56,19,14,7,3,1]
[729,81,9,28,1,1,1]
[256,64,-80,4,35,1,-5,1,1]
[16384,-1024,261,-8,1]
[14641,-3146,365,-26,1]
[16384,2304,211,18,1]
[4096,-768,-32,77,-2,-3,1]
[15625,-1375,122,-11,1]
[4096,-2560,928,-263,58,-10,1]
[512,-192,0,25,0,-3,1]
[16384,256,-193,2,1]
[4096,768,528,67,33,3,1]
[4096,-2560,864,-239,54,-10,1]
[4096,2816,1312,377,82,11,1]
[14641,484,232,4,1]
[4096,1344,219,21,1]
[256,64,96,8,19,2,6,1,1]
[4096,2048,624,133,39,8,1]
[256,256,80,-36,-43,-9,5,4,1]
[729,-243,45,4,5,-3,1]
[4096,256,304,73,19,1,1]
[15625,-625,89,-5,1]
[6561,-405,32,-5,1]
[16384,384,-163,3,1]
[4096,3584,1744,531,109,14,1]
[14641,-726,-14,-6,1]
[16384,1792,163,14,1]
[14641,242,-73,2,1]
[256,0,32,0,13,0,2,0,1]
[4096,0,224,-75,14,0,1]
[256,64,80,-16,7,-4,5,1,1]
[729,-324,189,-56,21,-4,1]
[4096,-1024,96,-27,6,-4,1]
[4096,256,-16,-55,-1,1,1]
[14641,-484,218,-4,1]
[15625,375,121,3,1]
[4096,-1792,-240,219,-15,-7,1]
[4096,768,-64,-107,-4,3,1]
[256,-320,144,-8,-15,-2,9,-5,1]
[729,567,342,128,38,7,1]
[16384,256,-143,2,1]
[4096,768,192,-15,12,3,1]
[512,0,16,-39,2,0,1]
[4096,512,192,109,12,2,1]
[15625,-625,-7,-5,1]
[4096,2048,960,253,60,8,1]
[4096,768,-112,-129,-7,3,1]
[15625,-875,154,-7,1]
[4096,-1536,656,-147,41,-6,1]
[16384,3200,327,25,1]
[256,64,112,44,29,11,7,1,1]
[2401,-441,36,-9,1]
[729,-216,67,-8,1]
[16384,-1792,259,-14,1]
[4096,1024,208,11,13,4,1]
[729,0,126,11,14,0,1]
[6561,1701,239,21,1]
[4096,1280,-112,-107,-7,5,1]
[4096,0,112,17,7,0,1]
[4096,512,48,-17,3,2,1]
[64,-64,36,-19,9,-4,1]
[256,0,0,16,19,4,0,0,1]
[512,-384,112,-23,14,-6,1]
[15625,875,181,7,1]
[16384,-1536,85,-12,1]
[256,0,32,-28,-15,-7,2,0,1]
[4096,-768,-64,23,-4,-3,1]
[729,891,576,233,64,11,1]
[4096,256,496,19,31,1,1]
[4096,0,-16,59,-1,0,1]
[15625,-1250,81,-10,1]
[256,256,160,72,31,18,10,4,1]
[15625,3500,389,28,1]
[4096,-1536,608,-177,38,-6,1]
[15625,2125,143,17,1]
[4096,1536,-144,-153,-9,6,1]
[729,-405,225,-67,25,-5,1]
[4096,2048,256,-9,16,8,1]
[512,384,32,-29,4,6,1]
[14641,121,67,1,1]
[15625,3375,358,27,1]
[6561,810,50,10,1]
[1024,-384,81,-12,1]
[256,-64,80,-36,23,-9,5,-1,1]
[2401,0,83,0,1]
[14641,1452,62,12,1]
[729,0,18,-22,2,0,1]
[16384,-768,253,-6,1]
[6561,729,106,9,1]
[16384,-2176,201,-17,1]
[4096,-256,-32,-35,-2,-1,1]
[4096,2560,1008,273,63,10,1]
[6561,486,88,6,1]
[4096,-2048,624,-177,39,-8,1]
[4096,1280,-64,-95,-4,5,1]
[256,192,96,64,39,16,6,3,1]
[4096,-768,240,-95,15,-3,1]
[4096,-1280,160,-13,10,-5,1]
[4096,256,304,11,19,1,1]
[4096,1280,288,17,18,5,1]
[4096,-1280,528,-117,33,-5,1]
[16384,1664,257,13,1]
[14641,-242,239,-2,1]
[4096,-2816,1136,-337,71,-11,1]
[4096,512,96,107,6,2,1]
[14641,-2420,310,-20,1]
[729,81,90,13,10,1,1]
[4096,0,64,-19,4,0,1]
[256,64,16,8,13,2,1,1,1]
[14641,1089,94,9,1]
[2401,-490,92,-10,1]
[14641,-2178,283,-18,1]
[15625,-3375,379,-27,1]
[16384,-384,207,-3,1]
[15625,2250,209,18,1]
[14641,-2057,147,-17,1]
[4096,512,67,8,1]
[256,0,0,20,13,5,0,0,1]
[256,-128,-48,12,15,3,-3,-2,1]
[4096,-512,128,-51,8,-2,1]
[4096,1536,176,7,11,6,1]
[4096,1024,-128,-119,-8,4,1]
[4096,1792,-240,-219,-15,7,1]
[6561,-1215,161,-15,1]
[4096,768,-32,7,-2,3,1]
[256,-128,0,-20,27,-5,0,-2,1]
[4096,2304,1088,293,68,9,1]
[512,-192,16,15,2,-3,1]
[256,-64,48,-16,27,-4,3,-1,1]
[4096,-2304,1056,-283,66,-9,1]
[2401,-98,-62,-2,1]
[729,0,180,4,20,0,1]
[14641,1331,126,11,1]
[14641,2541,224,21,1]
[4096,2048,656,183,41,8,1]
[4096,-256,320,-59,20,-1,1]
[729,-324,162,-50,18,-4,1]
[14641,484,-153,4,1]
[14641,3872,479,32,1]
[16384,-384,233,-3,1]
[256,0,0,-8,7,-2,0,0,1]
[4096,-768,80,-49,5,-3,1]
[4096,1280,128,7,8,5,1]
[4096,-1280,544,-99,34,-5,1]
[16384,-2304,243,-18,1]
[4096,1536,48,-67,3,6,1]
[729,-81,-63,11,-7,-1,1]
[512,0,72,-21,9,0,1]
[15625,1250,143,10,1]
[4096,256,-96,-29,-6,1,1]
[4096,-1280,368,-149,23,-5,1]
[4096,-256,352,13,22,-1,1]
[14641,-1694,215,-14,1]
[14641,-1210,-21,-10,1]
[729,-162,216,-35,24,-2,1]
[6561,-1053,179,-13,1]
[16384,-1408,277,-11,1]
[15625,1250,49,10,1]
[256,-256,80,28,-33,7,5,-4,1]
[625,-150,38,-6,1]
[15625,-375,-174,-3,1]
[4096,-512,64,-29,4,-2,1]
[256,-128,128,-36,27,-9,8,-2,1]
[256,64,-48,-12,3,-3,-3,1,1]
[4096,-512,-176,83,-11,-2,1]
[256,-64,48,-20,23,-5,3,-1,1]
[16384,2048,305,16,1]
[256,384,304,212,125,53,19,6,1]
[15625,500,96,4,1]
[14641,0,129,0,1]
[512,64,16,-1,2,1,1]
[256,64,-96,4,43,1,-6,1,1]
[4096,1536,432,109,27,6,1]
[4096,-2048,768,-203,48,-8,1]
[15625,-250,-44,-2,1]
[2401,196,24,4,1]
[729,0,108,10,12,0,1]
[256,192,80,20,-1,5,5,3,1]
[6561,-1134,115,-14,1]
[4096,768,192,33,12,3,1]
[4096,-512,64,-77,4,-2,1]
[256,64,128,48,41,12,8,1,1]
[4096,-704,73,-11,1]
[2401,-784,137,-16,1]
[512,256,80,9,10,4,1]
[4096,-768,112,-3,7,-3,1]
[4096,-2048,976,-245,61,-8,1]
[14641,-242,94,-2,1]
[4096,-256,512,-43,32,-1,1]
[4096,-1024,416,-143,26,-4,1]
[4096,2304,848,213,53,9,1]
[2401,147,96,3,1]
[15625,-750,179,-6,1]
[15625,-4500,568,-36,1]
[256,-128,-32,32,-13,8,-2,-2,1]
[625,25,-18,1,1]
[256,-128,112,-84,35,-21,7,-2,1]
[729,0,45,-13,5,0,1]
[4096,-256,-32,99,-2,-1,1]
[14641,2178,233,18,1]
[4096,1024,256,65,16,4,1]
[15625,1000,158,8,1]
[16384,-512,-129,-4,1]
[14641,726,70,6,1]
[16384,768,161,6,1]
[2401,196,-24,4,1]
[14641,-2541,348,-21,1]
[6561,486,56,6,1]
[14641,-2420,229,-20,1]
[6561,567,-11,7,1]
[729,-648,315,-113,35,-8,1]
[256,128,96,-4,7,-1,6,2,1]
[4096,-1792,752,-207,47,-7,1]
[729,486,171,52,19,6,1]
[256,-64,32,0,13,0,2,-1,1]
[6561,-162,13,-2,1]
[512,64,64,9,8,1,1]
[14641,121,10,1,1]
[4096,-1536,784,-165,49,-6,1]
[256,-64,-16,32,-3,8,-1,-1,1]
[4096,2048,800,247,50,8,1]
[729,-405,99,-16,11,-5,1]
[256,64,-32,-28,-1,-7,-2,1,1]
[4096,-512,112,27,7,-2,1]
[4096,256,160,83,10,1,1]
[16384,-3328,423,-26,1]
[4096,256,384,-15,24,1,1]
[4096,0,-128,-23,-8,0,1]
[4096,1792,544,145,34,7,1]
[4096,-1024,-128,121,-8,-4,1]
[4096,-256,624,-19,39,-1,1]
[4096,-256,272,-65,17,-1,1]
[15625,125,41,1,1]
[256,64,32,20,27,5,2,1,1]
[512,256,40,-9,5,4,1]
[16384,-640,233,-5,1]
[15625,1125,-4,9,1]
[256,128,48,0,5,0,3,2,1]
[256,-64,32,-8,13,-2,2,-1,1]
[4096,1280,-64,-91,-4,5,1]
[4096,1536,224,47,14,6,1]
[4096,-256,-16,49,-1,-1,1]
[256,-128,96,-20,17,-5,6,-2,1]
[4096,-768,48,9,3,-3,1]
[4096,-512,-64,111,-4,-2,1]
[16384,-256,-45,-2,1]
[64,0,16,-1,4,0,1]
[4096,-256,59,-4,1]
[4096,-1024,528,-69,33,-4,1]
[4096,2560,864,211,54,10,1]
[15625,750,164,6,1]
[4096,2304,912,233,57,9,1]
[4096,-256,272,1,17,-1,1]
[2401,-49,27,-1,1]
[729,-324,153,-76,17,-4,1]
[4096,0,448,5,28,0,1]
[2401,49,72,1,1]
[64,0,9,0,1]
[14641,-1331,130,-11,1]
[15625,375,-116,3,1]
[4096,512,-192,-61,-12,2,1]
[729,-81,72,-31,8,-1,1]
[4096,256,144,81,9,1,1]
[4096,1024,-192,-123,-12,4,1]
[4096,-512,112,-27,7,-2,1]
[256,128,112,56,31,14,7,2,1]
[4096,1024,304,63,19,4,1]
[729,-324,63,7,7,-4,1]
[729,-162,81,-44,9,-2,1]
[128,1,1]
[256,128,112,68,43,17,7,2,1]
[64,-16,-8,3,-2,-1,1]
[16384,1152,263,9,1]
[14641,-242,-153,-2,1]
[4096,768,-128,-67,-8,3,1]
[4096,0,-144,-53,-9,0,1]
[4096,-2048,752,-199,47,-8,1]
[729,486,234,76,26,6,1]
[256,128,64,16,7,4,4,2,1]
[4096,-832,161,-13,1]
[6561,-81,14,-1,1]
[4096,512,352,21,22,2,1]
[1024,32,-33,1,1]
[14641,-2299,248,-19,1]
[4096,-256,320,-77,20,-1,1]
[4096,256,-208,-33,-13,1,1]
[2401,147,90,3,1]
[4096,-256,224,-39,14,-1,1]
[4096,768,336,49,21,3,1]
[256,0,-16,24,15,6,-1,0,1]
[256,64,32,-16,1,-4,2,1,1]
[4096,512,176,-25,11,2,1]
[4096,0,-64,-95,-4,0,1]
[14641,-968,254,-8,1]
[14641,1694,109,14,1]
[4096,0,16,-1,1,0,1]
[4096,-1024,496,-119,31,-4,1]
[4096,1280,128,1,8,5,1]
[14641,-2057,186,-17,1]
[256,0,-64,0,35,0,-4,0,1]
[729,-162,36,20,4,-2,1]
[4096,-1024,0,23,0,-4,1]
[4096,-2048,64,99,4,-8,1]
[2401,-98,-25,-2,1]
[4096,-2048,944,-243,59,-8,1]
[4096,256,560,15,35,1,1]
[4096,512,288,25,18,2,1]
[4096,-768,16,79,1,-3,1]
[256,-192,160,-96,47,-24,10,-3,1]
[15625,-1500,241,-12,1]
[15625,-1375,-4,-11,1]
[4096,-3584,1728,-529,108,-14,1]
[6561,891,83,11,1]
[16384,128,-233,1,1]
[16384,640,55,5,1]
[256,0,48,-32,11,-8,3,0,1]
[14641,-1089,177,-9,1]
[4096,-512,112,65,7,-2,1]
[4096,2304,944,281,59,9,1]
[14641,363,105,3,1]
[729,162,45,32,5,2,1]
[4096,-1280,704,-129,44,-5,1]
[4096,-512,224,-61,14,-2,1]
[512,128,8,9,1,2,1]
[4096,256,160,-3,10,1,1]
[4096,-1536,496,-117,31,-6,1]
[14641,-2057,304,-17,1]
[14641,1936,293,16,1]
[2401,245,71,5,1]
[4096,-1280,320,-21,20,-5,1]
[4096,256,-16,-13,-1,1,1]
[15625,375,8,3,1]
[4096,1792,256,5,16,7,1]
[16384,512,61,4,1]
[4096,0,-128,-11,-8,0,1]
[729,81,90,40,10,1,1]
[2401,0,73,0,1]
[4096,-1536,432,-101,27,-6,1]
[256,-128,80,0,7,0,5,-2,1]
[15625,-2125,223,-17,1]
[6561,-972,55,-12,1]
[256,448,448,316,177,79,28,7,1]
[16384,-896,-19,-7,1]
[256,-256,192,-104,61,-26,12,-4,1]
[15625,875,-86,7,1]
[256,0,-80,-12,21,-3,-5,0,1]
[4096,1024,96,-33,6,4,1]
[4096,-1280,-64,113,-4,-5,1]
[4096,512,480,51,30,2,1]
[256,-64,32,-4,-3,-1,2,-1,1]
[14641,484,18,4,1]
[4096,-1792,608,-137,38,-7,1]
[256,64,96,68,23,17,6,1,1]
[4096,2816,928,237,58,11,1]
[4096,1280,400,167,25,5,1]
[4096,1792,384,91,24,7,1]
[4096,-2304,816,-247,51,-9,1]
[256,0,-32,-8,21,-2,-2,0,1]
[4096,-768,96,-45,6,-3,1]
[64,16,12,15,3,1,1]
[4096,1280,224,55,14,5,1]
[4096,0,64,31,4,0,1]
[4096,-1792,656,-141,41,-7,1]
[4096,256,-112,-13,-7,1,1]
[729,0,90,17,10,0,1]
[4096,1280,144,-11,9,5,1]
[4096,-2304,864,-251,54,-9,1]
[6561,567,44,7,1]
[512,128,16,9,2,2,1]
[15625,750,44,6,1]
[15625,0,-116,0,1]
[256,-64,-64,-4,31,-1,-4,-1,1]
[64,-80,64,-37,16,-5,1]
[512,-192,-24,25,-3,-3,1]
[4096,-1024,560,-121,35,-4,1]
[4096,1536,448,117,28,6,1]
[4096,768,112,73,7,3,1]
[16384,-384,107,-3,1]
[256,0,48,36,-9,9,3,0,1]
[4096,-768,352,-57,22,-3,1]
[64,-8,5,-1,1]
[15625,-3625,408,-29,1]
[4096,-768,304,-127,19,-3,1]
[4096,-512,144,-99,9,-2,1]
[4096,2304,1008,275,63,9,1]
[256,256,256,164,95,41,16,4,1]
[4096,512,352,45,22,2,1]
[2401,-245,-24,-5,1]
[4096,-1536,-240,189,-15,-6,1]
[14641,-3751,469,-31,1]
[15625,1500,161,12,1]
[4096,-3072,1328,-387,83,-12,1]
[6561,243,-107,3,1]
[4096,1792,624,145,39,7,1]
[256,-320,160,-16,-11,-4,10,-5,1]
[15625,750,99,6,1]
[64,16,4,9,1,1,1]
[4096,-256,176,51,11,-1,1]
[16384,-512,51,-4,1]
[4096,-256,304,-81,19,-1,1]
[4096,-1536,464,-141,29,-6,1]
[729,405,126,40,14,5,1]
[256,-64,64,40,-3,10,4,-1,1]
[256,192,64,8,1,2,4,3,1]
[16384,1280,35,10,1]
[256,-64,-16,8,-7,2,-1,-1,1]
[16384,-384,-1,-3,1]
[15625,-1125,-44,-9,1]
[14641,363,-113,3,1]
[4096,1280,208,-1,13,5,1]
[256,-192,160,-96,51,-24,10,-3,1]
[256,128,48,-28,-17,-7,3,2,1]
[1024,-160,49,-5,1]
[4096,1536,496,183,31,6,1]
[4096,-1024,-176,123,-11,-4,1]
[14641,-3267,412,-27,1]
[729,81,-72,-22,-8,1,1]
[256,64,160,24,47,6,10,1,1]
[15625,-2000,278,-16,1]
[256,192,128,76,31,19,8,3,1]
[729,486,234,79,26,6,1]
[4096,768,96,67,6,3,1]
[4096,1024,736,117,46,4,1]
[256,256,144,44,19,11,9,4,1]
[256,128,16,-28,-31,-7,1,2,1]
[4096,1024,-176,-115,-11,4,1]
[6561,486,25,6,1]
[4096,768,0,23,0,3,1]
[4096,-1280,0,79,0,-5,1]
[15625,-1000,241,-8,1]
[256,-192,80,-40,17,-10,5,-3,1]
[256,64,48,4,13,1,3,1,1]
[14641,2299,226,19,1]
[14641,2057,139,17,1]
[4096,1792,448,83,28,7,1]
[4096,1536,496,145,31,6,1]
[4096,-1536,560,-137,35,-6,1]
[256,0,64,0,15,0,4,0,1]
[14641,2904,314,24,1]
[256,-192,96,-4,1,-1,6,-3,1]
[512,-128,80,-31,10,-2,1]
[256,64,128,52,37,13,8,1,1]
[729,405,189,74,21,5,1]
[4096,-256,80,13,5,-1,1]
[729,-135,5,-5,1]
[4096,1024,-192,-121,-12,4,1]
[256,128,0,-32,-11,-8,0,2,1]
[729,-162,-27,17,-3,-2,1]
[15625,-1375,123,-11,1]
[16384,0,197,0,1]
[16384,2304,209,18,1]
[4096,1792,256,9,16,7,1]
[16384,512,-127,4,1]
[729,-648,315,-116,35,-8,1]
[1024,-32,-31,-1,1]
[4096,-256,32,103,2,-1,1]
[15625,2750,321,22,1]
[4096,1536,144,-3,9,6,1]
[4096,0,160,-1,10,0,1]
[16384,-512,119,-4,1]
[15625,1500,274,12,1]
[729,162,126,8,14,2,1]
[4096,-768,224,-1,14,-3,1]
[4096,0,672,3,42,0,1]
[15625,-875,64,-7,1]
[4096,512,48,-45,3,2,1]
[16384,-4224,519,-33,1]
[4096,1024,576,103,36,4,1]
[14641,-1331,81,-11,1]
[729,-405,162,-46,18,-5,1]
[4096,-256,320,35,20,-1,1]
[4096,-512,144,-43,9,-2,1]
[729,-243,81,-53,9,-3,1]
[256,-64,64,-44,21,-11,4,-1,1]
[512,-64,72,-23,9,-1,1]
[15625,-375,103,-3,1]
[4096,-512,576,-71,36,-2,1]
[81,18,16,2,1]
[256,256,208,140,81,35,13,4,1]
[6561,324,26,4,1]
[729,-324,171,-67,19,-4,1]
[4096,2048,688,191,43,8,1]
[4096,-1024,32,-3,2,-4,1]
[15625,500,214,4,1]
[729,-486,288,-103,32,-6,1]
[729,162,108,29,12,2,1]
[4096,-1024,-112,123,-7,-4,1]
[4096,256,208,29,13,1,1]
[256,64,32,-20,-9,-5,2,1,1]
[6561,-729,55,-9,1]
[256,-192,96,-16,9,-4,6,-3,1]
[729,-162,90,-2,10,-2,1]
[256,320,208,88,37,22,13,5,1]
[14641,-1089,53,-9,1]
[512,256,16,-11,2,4,1]
[14641,-1936,214,-16,1]
[2401,-147,-33,-3,1]
[729,-27,13,-1,1]
[4096,-512,560,-39,35,-2,1]
[15625,-3250,353,-26,1]
[256,-64,80,-12,13,-3,5,-1,1]
[6561,-162,64,-2,1]
[4096,512,-96,-65,-6,2,1]
[729,162,108,31,12,2,1]
[256,64,-32,12,29,3,-2,1,1]
[14641,2541,234,21,1]
[4096,0,208,19,13,0,1]
[4096,1792,688,203,43,7,1]
[4096,1024,-128,-93,-8,4,1]
[729,648,351,131,39,8,1]
[15625,-2250,236,-18,1]
[4096,-1024,496,-101,31,-4,1]
[256,0,32,-16,17,-4,2,0,1]
[256,128,144,36,35,9,9,2,1]
[729,243,108,61,12,3,1]
[4096,-320,99,-5,1]
[4096,1536,784,173,49,6,1]
[64,-32,12,1,3,-2,1]
[15625,-2250,267,-18,1]
[14641,-968,69,-8,1]
[2401,392,52,8,1]
[15625,-875,69,-7,1]
[256,-48,9,-3,1]
[14641,-847,80,-7,1]
[256,-128,144,-24,31,-6,9,-2,1]
[14641,-2904,307,-24,1]
[256,-192,128,-88,53,-22,8,-3,1]
[4096,2048,912,227,57,8,1]
[4096,-768,96,-39,6,-3,1]
[256,256,208,100,53,25,13,4,1]
[256,-64,0,8,-3,2,0,-1,1]
[6561,162,-53,2,1]
[4096,512,-112,-109,-7,2,1]
[4096,-256,64,-69,4,-1,1]
[256,-128,144,-56,47,-14,9,-2,1]
[256,0,-16,4,3,1,-1,0,1]
[4096,0,-96,73,-6,0,1]
[4096,-1792,336,-51,21,-7,1]
[256,-192,112,-44,27,-11,7,-3,1]
[4096,-1024,400,-67,25,-4,1]
[4096,768,-32,-33,-2,3,1]
[512,-128,-40,23,-5,-2,1]
[4096,-1024,224,-93,14,-4,1]
[4096,1536,592,183,37,6,1]
[4096,768,352,51,22,3,1]
[729,324,117,58,13,4,1]
[64,16,24,3,6,1,1]
[4096,512,32,33,2,2,1]
[4096,512,-208,-69,-13,2,1]
[4096,512,256,67,16,2,1]
[512,-64,24,23,3,-1,1]
[4096,768,208,47,13,3,1]
[512,256,112,47,14,4,1]
[4096,768,176,55,11,3,1]
[15625,-2250,324,-18,1]
[256,128,0,12,17,3,0,2,1]
[4096,-768,16,17,1,-3,1]
[4096,1792,16,-89,1,7,1]
[256,16,9,1,1]
[256,0,-48,20,19,5,-3,0,1]
[4096,-1536,720,-177,45,-6,1]
[4096,1536,192,-9,12,6,1]
[14641,-1331,258,-11,1]
[16384,-1536,165,-12,1]
[15625,0,-181,0,1]
[4096,-1280,480,-73,30,-5,1]
[4096,-768,208,-129,13,-3,1]
[4096,-1536,112,13,7,-6,1]
[256,-320,240,-136,69,-34,15,-5,1]
[4096,0,112,-73,7,0,1]
[4096,768,112,41,7,3,1]
[2401,294,38,6,1]
[256,-192,96,-44,23,-11,6,-3,1]
[4096,-768,288,-61,18,-3,1]
[256,-80,23,-5,1]
[4096,768,0,-85,0,3,1]
[625,-175,38,-7,1]
[4096,-128,91,-2,1]
[4096,-1024,144,-37,9,-4,1]
[64,-64,44,-27,11,-4,1]
[256,64,48,16,9,4,3,1,1]
[729,-405,108,-29,12,-5,1]
[4096,256,432,39,27,1,1]
[4096,256,256,-39,16,1,1]
[4096,-2304,608,-141,38,-9,1]
[15625,-875,-91,-7,1]
[256,64,16,-28,-25,-7,1,1,1]
[16384,3072,363,24,1]
[4096,-2048,464,-97,29,-8,1]
[15625,500,-137,4,1]
[16384,640,185,5,1]
[6561,-729,2,-9,1]
[256,128,80,4,9,1,5,2,1]
[729,486,189,67,21,6,1]
[6561,-1782,260,-22,1]
[14641,-242,-175,-2,1]
[512,-448,264,-113,33,-7,1]
[4096,768,0,-93,0,3,1]
[729,162,-45,-26,-5,2,1]
[4096,-2048,608,-165,38,-8,1]
[4096,1536,480,117,30,6,1]
[4096,-512,560,-67,35,-2,1]
[4096,2304,656,143,41,9,1]
[15625,-125,-71,-1,1]
[729,-162,99,-34,11,-2,1]
[256,320,256,172,93,43,16,5,1]
[16384,384,111,3,1]
[4096,-1536,528,-123,33,-6,1]
[15625,1875,142,15,1]
[4096,-1024,16,43,1,-4,1]
[512,192,-24,-21,-3,3,1]
[729,-324,117,-20,13,-4,1]
[4096,0,416,35,26,0,1]
[4096,2304,640,153,40,9,1]
[4096,-1024,48,67,3,-4,1]
[729,1053,720,299,80,13,1]
[4096,256,-192,-1,-12,1,1]
[512,64,-40,-29,-5,1,1]
[256,192,48,-32,-37,-8,3,3,1]
[4096,1280,704,129,44,5,1]
[729,243,81,2,9,3,1]
[14641,-242,98,-2,1]
[256,-64,0,-12,25,-3,0,-1,1]
[729,-81,99,-28,11,-1,1]
[4096,2048,720,177,45,8,1]
[15625,2000,116,16,1]
[512,512,304,131,38,8,1]
[4096,-768,608,-89,38,-3,1]
[14641,2178,322,18,1]
[4096,512,384,47,24,2,1]
[4096,-2560,976,-281,61,-10,1]
[4096,-2304,368,-15,23,-9,1]
[256,-192,208,-100,67,-25,13,-3,1]
[625,-225,54,-9,1]
[4096,-256,160,5,10,-1,1]
[729,-162,162,-20,18,-2,1]
[2401,0,-71,0,1]
[15625,-1000,158,-8,1]
[4096,2560,736,169,46,10,1]
[512,192,-48,-49,-6,3,1]
[512,64,40,19,5,1,1]
[4096,-1536,416,-133,26,-6,1]
[14641,1210,-4,10,1]
[4096,0,384,-19,24,0,1]
[15625,1375,17,11,1]
[256,0,144,-12,41,-3,9,0,1]
[4096,448,-1,7,1]
[256,-64,80,-8,13,-2,5,-1,1]
[4096,1280,160,-33,10,5,1]
[4096,0,-31,0,1]
[4096,256,48,51,3,1,1]
[729,-81,-18,-13,-2,-1,1]
[14641,-968,-14,-8,1]
[15625,1000,16,8,1]
[4096,256,0,-57,0,1,1]
[14641,-121,23,-1,1]
[256,64,16,12,19,3,1,1,1]
[256,-256,192,-124,71,-31,12,-4,1]
[15625,1500,139,12,1]
[16384,3456,417,27,1]
[15625,-375,-52,-3,1]
[4096,0,-16,55,-1,0,1]
[4096,1280,608,125,38,5,1]
[729,-81,207,-14,23,-1,1]
[4096,2304,528,101,33,9,1]
[729,81,54,4,6,1,1]
[256,-256,96,8,-21,2,6,-4,1]
[729,-405,216,-86,24,-5,1]
[256,-512,528,-364,199,-91,33,-8,1]
[4096,-256,288,-7,18,-1,1]
[729,-81,18,-17,2,-1,1]
[729,81,81,38,9,1,1]
[4096,-1536,704,-177,44,-6,1]
[4096,512,368,69,23,2,1]
[256,0,-16,4,27,1,-1,0,1]
[4096,512,432,37,27,2,1]
[4096,-512,176,-27,11,-2,1]
[256,128,112,24,25,6,7,2,1]
[4096,1024,336,25,21,4,1]
[4096,-1280,144,15,9,-5,1]
[256,0,32,12,1,3,2,0,1]
[729,324,81,32,9,4,1]
[4096,-1088,169,-17,1]
[256,192,80,-12,-15,-3,5,3,1]
[4096,1536,528,191,33,6,1]
[4096,-768,400,-67,25,-3,1]
[729,-486,216,-85,24,-6,1]
[81,-9,17,-1,1]
[4096,-192,-63,-3,1]
[256,256,128,80,49,20,8,4,1]
[4096,256,336,53,21,1,1]
[4096,-1280,416,-139,26,-5,1]
[256,-256,112,-48,29,-12,7,-4,1]
[4096,128,17,2,1]
[16384,-1280,279,-10,1]
[14641,2783,293,23,1]
[16384,-640,73,-5,1]
[4096,-512,320,9,20,-2,1]
[4096,-768,304,-5,19,-3,1]
[14641,1573,136,13,1]
[729,324,180,47,20,4,1]
[4096,-1280,368,-97,23,-5,1]
[14641,-1210,56,-10,1]
[4096,-128,87,-2,1]
[14641,363,230,3,1]
[1024,224,41,7,1]
[4096,-1024,-192,155,-12,-4,1]
[14641,2662,342,22,1]
[4096,-1536,448,-93,28,-6,1]
[14641,-726,93,-6,1]
[4096,-704,113,-11,1]
[16384,896,11,7,1]
[6561,243,101,3,1]
[4096,-512,-160,65,-10,-2,1]
[256,64,96,44,17,11,6,1,1]
[256,0,-80,0,23,0,-5,0,1]
[4096,-512,240,29,15,-2,1]
[4096,2048,800,203,50,8,1]
[256,256,80,12,5,3,5,4,1]
[512,-128,16,-19,2,-2,1]
[4096,256,64,123,4,1,1]
[4096,0,160,23,10,0,1]
[16384,-1024,77,-8,1]
[14641,726,160,6,1]
[256,64,-48,0,11,0,-3,1,1]
[2401,-490,50,-10,1]
[15625,-1125,152,-9,1]
[4096,-2560,1120,-323,70,-10,1]
[625,-75,7,-3,1]
[4096,-1152,161,-18,1]
[16384,2432,309,19,1]
[1024,192,49,6,1]
[4096,1024,176,37,11,4,1]
[2401,-392,15,-8,1]
[256,-128,0,-24,27,-6,0,-2,1]
[512,192,-24,-43,-3,3,1]
[4096,1024,-96,-121,-6,4,1]
[4096,-1280,-128,117,-8,-5,1]
[4096,-512,32,45,2,-2,1]
[4096,3072,1344,393,84,12,1]
[729,0,31,0,1]
[4096,512,416,51,26,2,1]
[4096,-768,80,67,5,-3,1]
[4096,-768,-32,45,-2,-3,1]
[14641,1452,211,12,1]
[4096,-512,272,-111,17,-2,1]
[14641,-847,-87,-7,1]
[256,0,-16,-8,19,-2,-1,0,1]
[14641,-1452,93,-12,1]
[4096,256,400,11,25,1,1]
[2401,-1029,208,-21,1]
[4096,-1536,96,49,6,-6,1]
[256,-192,128,-28,13,-7,8,-3,1]
[16384,1152,3,9,1]
[256,128,176,64,59,16,11,2,1]
[256,-256,96,-48,33,-12,6,-4,1]
[14641,1210,126,10,1]
[4096,-3328,1360,-383,85,-13,1]
[15625,125,8,1,1]
[16384,384,163,3,1]
[6561,-729,5,-9,1]
[4096,0,256,63,16,0,1]
[625,75,39,3,1]
[4096,0,-16,-71,-1,0,1]
[512,64,32,-13,4,1,1]
[512,384,208,91,26,6,1]
[4096,896,119,14,1]
[14641,1331,170,11,1]
[729,-81,72,19,8,-1,1]
[4096,-1792,592,-197,37,-7,1]
[14641,1452,160,12,1]
[4096,768,-208,-75,-13,3,1]
[16384,-1280,177,-10,1]
[16384,-1024,191,-8,1]
[4096,256,48,-73,3,1,1]
[4096,0,-16,3,-1,0,1]
[4096,512,528,31,33,2,1]
[256,-128,112,-12,17,-3,7,-2,1]
[14641,1815,205,15,1]
[6561,-1134,139,-14,1]
[4096,-768,512,-47,32,-3,1]
[4096,1024,144,43,9,4,1]
[15625,-1125,163,-9,1]
[4096,1536,688,187,43,6,1]
[15625,-750,112,-6,1]
[4096,-512,-128,115,-8,-2,1]
[256,-192,48,20,-25,5,3,-3,1]
[729,-81,72,-26,8,-1,1]
[256,-64,0,-12,27,-3,0,-1,1]
[4096,-1280,288,-17,18,-5,1]
[512,192,80,53,10,3,1]
[14641,847,162,7,1]
[15625,625,21,5,1]
[16384,-1408,241,-11,1]
[4096,768,16,-19,1,3,1]
[15625,-375,236,-3,1]
[256,-128,64,28,-17,7,4,-2,1]
[256,-256,80,32,-39,8,5,-4,1]
[4096,2048,384,37,24,8,1]
[256,192,48,-8,-13,-2,3,3,1]
[6561,-891,46,-11,1]
[4096,768,624,85,39,3,1]
[4096,512,288,-11,18,2,1]
[512,-64,96,-27,12,-1,1]
[729,-81,90,-11,10,-1,1]
[6561,-81,145,-1,1]
[14641,-2420,265,-20,1]
[6561,-567,85,-7,1]
[4096,768,-16,19,-1,3,1]
[4096,256,16,87,1,1,1]
[15625,-3875,446,-31,1]
[14641,2299,215,19,1]
[6561,972,175,12,1]
[729,486,153,47,17,6,1]
[512,-512,192,-53,24,-8,1]
[4096,-768,464,-89,29,-3,1]
[4096,1536,208,35,13,6,1]
[256,320,304,212,119,53,19,5,1]
[4096,1792,576,153,36,7,1]
[14641,-2299,313,-19,1]
[256,-128,64,36,-17,9,4,-2,1]
[729,-162,225,-34,25,-2,1]
[512,128,104,21,13,2,1]
[256,-192,144,-96,45,-24,9,-3,1]
[256,-64,64,36,-5,9,4,-1,1]
[512,0,152,1,19,0,1]
[4096,1024,240,75,15,4,1]
[729,-108,29,-4,1]
[4096,0,-16,-5,-1,0,1]
[14641,-1089,3,-9,1]
[256,0,-176,0,61,0,-11,0,1]
[4096,-512,-128,87,-8,-2,1]
[14641,1210,159,10,1]
[64,-16,24,-9,6,-1,1]
[4096,1024,-80,-87,-5,4,1]
[15625,-1250,181,-10,1]
[16384,-2688,365,-21,1]
[256,0,0,-8,-23,-2,0,0,1]
[4096,-768,80,69,5,-3,1]
[256,0,96,-8,29,-2,6,0,1]
[4096,-512,256,-71,16,-2,1]
[4096,256,-32,47,-2,1,1]
[14641,-3025,344,-25,1]
[15625,-500,184,-4,1]
[4096,1536,352,51,22,6,1]
[14641,-726,158,-6,1]
[15625,2000,224,16,1]
[4096,-1792,96,67,6,-7,1]
[256,0,-48,8,23,2,-3,0,1]
[729,-162,-9,4,-1,-2,1]
[729,81,189,10,21,1,1]
[512,192,152,45,19,3,1]
[4096,-768,-144,99,-9,-3,1]
[16384,-768,-53,-6,1]
[512,-192,80,-11,10,-3,1]
[256,192,48,-32,-31,-8,3,3,1]
[729,243,135,49,15,3,1]
[15625,3250,359,26,1]
[729,486,198,56,22,6,1]
[16384,768,-29,6,1]
[4096,-1024,416,-69,26,-4,1]
[4096,1024,400,99,25,4,1]
[4096,1536,688,191,43,6,1]
[2401,-49,-11,-1,1]
[256,64,48,-44,-9,-11,3,1,1]
[15625,1000,-51,8,1]
[4096,768,80,-47,5,3,1]
[4096,1792,592,127,37,7,1]
[729,486,198,77,22,6,1]
[256,256,64,-48,-45,-12,4,4,1]
[256,192,64,20,7,5,4,3,1]
[14641,-605,75,-5,1]
[4096,-1024,304,-69,19,-4,1]
[4096,512,0,-75,0,2,1]
[729,162,45,44,5,2,1]
[729,-324,-45,53,-5,-4,1]
[16384,-384,-169,-3,1]
[4096,0,-160,-39,-10,0,1]
[4096,2048,160,-59,10,8,1]
[729,-648,360,-143,40,-8,1]
[4096,768,624,75,39,3,1]
[4096,512,-128,-41,-8,2,1]
[729,-54,5,-2,1]
[4096,-512,240,-51,15,-2,1]
[4096,-1024,352,-145,22,-4,1]
[4096,-768,192,-89,12,-3,1]
[256,0,16,-24,15,-6,1,0,1]
[256,-192,192,-104,61,-26,12,-3,1]
[4096,-256,-96,-11,-6,-1,1]
[729,-405,81,-11,9,-5,1]
[625,-100,27,-4,1]
[4096,512,384,57,24,2,1]
[4096,1792,560,183,35,7,1]
[4096,-256,128,79,8,-1,1]
[256,0,16,-4,-13,-1,1,0,1]
[14641,-1089,-5,-9,1]
[4096,2304,704,157,44,9,1]
[729,243,74,9,1]
[15625,500,41,4,1]
[729,-567,198,-56,22,-7,1]
[256,256,32,-60,-43,-15,2,4,1]
[14641,-1452,158,-12,1]
[64,48,24,11,6,3,1]
[256,192,96,72,49,18,6,3,1]
[4096,-1024,48,-13,3,-4,1]
[256,64,64,-12,13,-3,4,1,1]
[14641,-2299,202,-19,1]
[4096,2048,512,115,32,8,1]
[4096,2048,144,-65,9,8,1]
[4096,-512,-48,-31,-3,-2,1]
[256,0,-80,-8,25,-2,-5,0,1]
[4096,1792,768,195,48,7,1]
[4096,-1280,-64,103,-4,-5,1]
[4096,704,97,11,1]
[15625,-1125,52,-9,1]
[4096,256,32,85,2,1,1]
[16384,2944,299,23,1]
[729,0,45,25,5,0,1]
[125,-13,1]
[4096,-1536,656,-185,41,-6,1]
[15625,-125,86,-1,1]
[4096,768,784,95,49,3,1]
[4096,-256,240,-37,15,-1,1]
[15625,-1000,84,-8,1]
[729,81,50,3,1]
[6561,-243,73,-3,1]
[15625,-500,182,-4,1]
[4096,768,64,-1,4,3,1]
[256,-192,80,-8,-3,-2,5,-3,1]
[14641,-121,-48,-1,1]
[4096,-1536,512,-117,32,-6,1]
[4096,-768,288,-93,18,-3,1]
[1024,-128,9,-4,1]
[15625,2375,283,19,1]
[15625,1750,152,14,1]
[256,-256,208,-144,81,-36,13,-4,1]
[15625,2500,342,20,1]
[4096,1280,464,75,29,5,1]
[14641,1815,122,15,1]
[14641,1573,116,13,1]
[14641,1210,192,10,1]
[4096,1536,64,-61,4,6,1]
[512,-128,-40,21,-5,-2,1]
[15625,-3125,401,-25,1]
[14641,363,-91,3,1]
[4096,-1280,720,-159,45,-5,1]
[4096,-1024,0,7,0,-4,1]
[16384,-1664,85,-13,1]
[15625,-2375,328,-19,1]
[256,0,-64,0,15,0,-4,0,1]
[14641,3751,468,31,1]
[16384,-256,-41,-2,1]
[4096,1280,336,103,21,5,1]
[256,128,64,-16,-15,-4,4,2,1]
[4096,2560,960,255,60,10,1]
[15625,1875,259,15,1]
[256,-64,80,-20,25,-5,5,-1,1]
[256,192,160,112,51,28,10,3,1]
[256,-128,80,4,-1,1,5,-2,1]
[729,-162,36,-1,4,-2,1]
[4096,1024,272,55,17,4,1]
[256,0,32,-8,-5,-2,2,0,1]
[4096,-256,352,-35,22,-1,1]
[256,0,96,-44,17,-11,6,0,1]
[729,486,243,103,27,6,1]
[4096,-2816,784,-165,49,-11,1]
[256,-64,48,-8,-7,-2,3,-1,1]
[4096,-1536,528,-199,33,-6,1]
[6561,567,125,7,1]
[4096,-1024,-112,97,-7,-4,1]
[1024,160,3,5,1]
[16384,384,15,3,1]
[15625,875,2,7,1]
[4096,-3328,1568,-469,98,-13,1]
[6561,-486,133,-6,1]
[6561,405,31,5,1]
[4096,256,16,-79,1,1,1]
[4096,64,-37,1,1]
[14641,-1694,114,-14,1]
[15625,2125,231,17,1]
[4096,-384,35,-6,1]
[4096,1536,464,109,29,6,1]
[15625,-1375,114,-11,1]
[256,-128,32,-20,5,-5,2,-2,1]
[512,64,-16,7,-2,1,1]
[256,64,160,40,51,10,10,1,1]
[14641,484,62,4,1]
[729,729,441,176,49,9,1]
[4096,768,288,81,18,3,1]
[4096,-256,112,59,7,-1,1]
[4096,1024,-224,-143,-14,4,1]
[4096,-256,-80,-25,-5,-1,1]
[4096,-512,176,-7,11,-2,1]
[6561,-567,59,-7,1]
[4096,-1024,-128,135,-8,-4,1]
[2401,-343,40,-7,1]
[256,64,32,28,19,7,2,1,1]
[4096,768,304,87,19,3,1]
[15625,3250,343,26,1]
[729,-324,9,28,1,-4,1]
[256,0,32,-32,-11,-8,2,0,1]
[4096,1024,144,15,9,4,1]
[4096,-768,624,-81,39,-3,1]
[256,64,-48,-16,15,-4,-3,1,1]
[729,405,18,-29,2,5,1]
[2401,-539,83,-11,1]
[4096,3072,1152,313,72,12,1]
[15625,2250,271,18,1]
[16384,-2048,131,-16,1]
[4096,3328,1472,443,92,13,1]
[256,-128,-64,32,3,8,-4,-2,1]
[14641,1210,199,10,1]
[15625,1000,199,8,1]
[16384,2944,331,23,1]
[14641,3872,481,32,1]
[4096,-1280,416,-75,26,-5,1]
[729,-324,-72,77,-8,-4,1]
[256,-256,96,-24,13,-6,6,-4,1]
[256,-256,80,44,-45,11,5,-4,1]
[4096,-2048,480,-107,30,-8,1]
[729,-567,288,-107,32,-7,1]
[4096,1280,288,85,18,5,1]
[2401,-490,52,-10,1]
[729,567,306,107,34,7,1]
[6561,-1215,194,-15,1]
[15625,1500,124,12,1]
[4096,-256,224,-33,14,-1,1]
[4096,1536,-80,-119,-5,6,1]
[4096,3072,1376,407,86,12,1]
[4096,-1280,480,-117,30,-5,1]
[14641,-968,148,-8,1]
[4096,-1280,112,41,7,-5,1]
[4096,-2560,992,-283,62,-10,1]
[4096,-512,304,-1,19,-2,1]
[14641,121,207,1,1]
[14641,-1815,156,-15,1]
[81,9,-10,1,1]
[4096,512,288,77,18,2,1]
[14641,-363,158,-3,1]
[4096,-768,176,-107,11,-3,1]
[4096,256,224,11,14,1,1]
[4096,0,-64,-7,-4,0,1]
[4096,-1280,192,-61,12,-5,1]
[4096,-1792,240,7,15,-7,1]
[729,-729,324,-107,36,-9,1]
[14641,2057,211,17,1]
[4096,512,288,69,18,2,1]
[512,-256,136,-59,17,-4,1]
[256,-128,144,-40,35,-10,9,-2,1]
[256,64,96,40,29,10,6,1,1]
[729,405,144,47,16,5,1]
[256,128,80,64,35,16,5,2,1]
[15625,1250,-23,10,1]
[4096,-256,256,-53,16,-1,1]
[15625,-4250,536,-34,1]
[256,-128,-16,16,-7,4,-1,-2,1]
[4096,-2560,752,-173,47,-10,1]
[15625,-250,-21,-2,1]
[4096,768,-64,-51,-4,3,1]
[4096,64,71,1,1]
[4096,512,-224,-67,-14,2,1]
[729,324,162,58,18,4,1]
[2401,-539,113,-11,1]
[4096,768,-192,-87,-12,3,1]
[15625,2750,322,22,1]
[729,81,27,47,3,1,1]
[14641,-363,5,-3,1]
[14641,-1089,24,-9,1]
[4096,1280,864,161,54,5,1]
[4096,256,64,-61,4,1,1]
[512,640,424,181,53,10,1]
[256,128,112,80,37,20,7,2,1]
[256,-192,48,36,-31,9,3,-3,1]
[14641,0,72,0,1]
[729,0,0,-23,0,0,1]
[16384,768,261,6,1]
[4096,1280,512,147,32,5,1]
[15625,-125,-147,-1,1]
[4096,768,96,-27,6,3,1]
[14641,-726,130,-6,1]
[4096,-512,352,-87,22,-2,1]
[4096,-512,32,13,2,-2,1]
[4096,2816,1056,303,66,11,1]
[15625,125,44,1,1]
[256,128,16,16,9,4,1,2,1]
[4096,-1280,496,-153,31,-5,1]
[4096,-1024,-96,77,-6,-4,1]
[4096,1024,128,9,8,4,1]
[15625,-1500,136,-12,1]
[4096,0,656,-5,41,0,1]
[4096,-256,48,-117,3,-1,1]
[14641,1210,107,10,1]
[4096,0,656,1,41,0,1]
[4096,-256,16,5,1,-1,1]
[256,64,64,32,3,8,4,1,1]
[4096,-1792,624,-155,39,-7,1]
[729,162,135,38,15,2,1]
[14641,1936,290,16,1]
[16384,-384,167,-3,1]
[625,25,26,1,1]
[512,-128,72,-3,9,-2,1]
[4096,-512,-16,67,-1,-2,1]
[256,192,144,56,31,14,9,3,1]
[15625,-625,-88,-5,1]
[25,-1,1]
[14641,2420,324,20,1]
[15625,875,171,7,1]
[15625,2125,166,17,1]
[256,-64,-96,4,35,1,-6,-1,1]
[4096,-384,131,-6,1]
[14641,-121,-21,-1,1]
[256,64,0,-16,-7,-4,0,1,1]
[14641,-242,-172,-2,1]
[256,-128,80,-20,13,-5,5,-2,1]
[4096,-1536,-48,93,-3,-6,1]
[729,-162,36,-28,4,-2,1]
[4096,-3584,1632,-489,102,-14,1]
[16384,-1664,239,-13,1]
[4096,768,336,105,21,3,1]
[729,162,9,14,1,2,1]
[512,-64,64,-9,8,-1,1]
[4096,768,80,33,5,3,1]
[6561,1458,212,18,1]
[4096,-1536,256,-43,16,-6,1]
[512,256,-8,-29,-1,4,1]
[4096,-1792,592,-123,37,-7,1]
[4096,640,105,10,1]
[14641,-1573,108,-13,1]
[512,-256,208,-61,26,-4,1]
[6561,648,68,8,1]
[729,405,117,17,13,5,1]
[14641,-1331,118,-11,1]
[16384,2560,239,20,1]
[14641,1210,184,10,1]
[4096,1024,496,99,31,4,1]
[15625,1250,14,10,1]
[4096,-1536,432,-85,27,-6,1]
[4096,-512,112,-69,7,-2,1]
[4096,0,-96,-5,-6,0,1]
[6561,-1215,119,-15,1]
[729,-162,108,-34,12,-2,1]
[4096,256,256,29,16,1,1]
[256,-64,16,-8,23,-2,1,-1,1]
[15625,2875,381,23,1]
[6561,1539,184,19,1]
[4096,512,112,15,7,2,1]
[14641,968,241,8,1]
[16384,-2176,321,-17,1]
[4096,-768,192,15,12,-3,1]
[15625,750,-11,6,1]
[625,-50,-16,-2,1]
[256,-128,128,-64,37,-16,8,-2,1]
[729,-486,99,-8,11,-6,1]
[15625,-125,38,-1,1]
[729,-162,36,-16,4,-2,1]
[512,128,80,5,10,2,1]
[4096,-1280,352,-141,22,-5,1]
[256,64,80,60,19,15,5,1,1]
[4096,64,-47,1,1]
[256,-64,-48,-16,31,-4,-3,-1,1]
[15625,-1375,62,-11,1]
[4096,-256,368,-67,23,-1,1]
[4096,-1152,191,-18,1]
[4096,768,368,87,23,3,1]
[729,81,18,7,2,1,1]
[256,0,32,-44,1,-11,2,0,1]
[256,0,0,0,-21,0,0,0,1]
[256,-64,64,-24,21,-6,4,-1,1]
[14641,-1694,272,-14,1]
[729,81,63,25,7,1,1]
[4096,-1024,256,-35,16,-4,1]
[6561,1215,172,15,1]
[4096,1024,208,77,13,4,1]
[16384,-256,65,-2,1]
[512,256,136,35,17,4,1]
[729,81,144,1,16,1,1]
[4096,1024,368,139,23,4,1]
[4096,-1280,0,61,0,-5,1]
[4096,256,464,7,29,1,1]
[14641,968,-6,8,1]
[512,64,80,21,10,1,1]
[4096,0,80,11,5,0,1]
[14641,1210,163,10,1]
[15625,-1875,182,-15,1]
[6561,1134,187,14,1]
[2401,147,-39,3,1]
[4096,-1024,688,-107,43,-4,1]
[15625,0,67,0,1]
[4096,-1024,208,-51,13,-4,1]
[729,-243,81,-2,9,-3,1]
[256,64,80,32,31,8,5,1,1]
[14641,2783,345,23,1]
[4096,768,144,31,9,3,1]
[4096,-512,112,-47,7,-2,1]
[14641,1573,173,13,1]
[4096,-768,384,-107,24,-3,1]
[16384,384,-35,3,1]
[4096,256,288,71,18,1,1]
[4096,1280,336,79,21,5,1]
[4096,-1792,624,-161,39,-7,1]
[4096,768,512,83,32,3,1]
[6561,324,-62,4,1]
[256,-64,128,-44,37,-11,8,-1,1]
[4096,1280,384,129,24,5,1]
[729,81,162,19,18,1,1]
[4096,-1792,672,-159,42,-7,1]
[4096,-1536,-32,91,-2,-6,1]
[256,64,64,48,5,12,4,1,1]
[14641,-1694,213,-14,1]
[256,-64,16,-16,5,-4,1,-1,1]
[16384,-3712,437,-29,1]
[512,128,32,35,4,2,1]
[4096,0,80,-23,5,0,1]
[4096,-768,-80,53,-5,-3,1]
[4096,-2048,688,-187,43,-8,1]
[14641,-1089,36,-9,1]
[14641,3751,457,31,1]
[4096,-256,64,77,4,-1,1]
[4096,1024,448,129,28,4,1]
[729,486,198,62,22,6,1]
[14641,2057,141,17,1]
[4096,0,64,-83,4,0,1]
[729,-324,153,-49,17,-4,1]
[4096,-768,-112,125,-7,-3,1]
[4096,-1024,192,-83,12,-4,1]
[256,-192,-16,4,21,1,-1,-3,1]
[4096,-896,171,-14,1]
[15625,-1875,276,-15,1]
[4096,-1280,208,-1,13,-5,1]
[4096,2048,320,17,20,8,1]
[512,-64,120,-3,15,-1,1]
[4096,-2304,576,-113,36,-9,1]
[15625,-875,-81,-7,1]
[512,-320,176,-61,22,-5,1]
[14641,-1089,7,-9,1]
[4096,256,336,23,21,1,1]
[4096,4352,2176,671,136,17,1]
[256,64,64,4,15,1,4,1,1]
[729,81,-9,-29,-1,1,1]
[729,-243,9,-5,1,-3,1]
[512,128,72,41,9,2,1]
[15625,2375,254,19,1]
[15625,1875,158,15,1]
[256,0,48,-24,15,-6,3,0,1]
[4096,0,272,9,17,0,1]
[4096,256,-96,7,-6,1,1]
[256,0,-16,4,9,1,-1,0,1]
[256,256,224,140,73,35,14,4,1]
[4096,-256,384,-33,24,-1,1]
[15625,4125,496,33,1]
[4096,1280,736,159,46,5,1]
[2401,-98,29,-2,1]
[16384,640,133,5,1]
[729,0,45,16,5,0,1]
[729,-324,180,-46,20,-4,1]
[4096,0,-64,13,-4,0,1]
[256,0,16,36,1,9,1,0,1]
[16384,-256,127,-2,1]
[4096,0,-128,7,-8,0,1]
[256,64,-64,8,27,2,-4,1,1]
[4096,0,688,3,43,0,1]
[256,-128,0,28,-9,7,0,-2,1]
[4096,512,-112,-119,-7,2,1]
[15625,-1875,283,-15,1]
[4096,-1024,-32,55,-2,-4,1]
[4096,-768,-144,137,-9,-3,1]
[256,64,0,16,1,4,0,1,1]
[256,-64,32,-24,27,-6,2,-1,1]
[729,486,279,106,31,6,1]
[4096,1792,288,9,18,7,1]
[16384,-640,-59,-5,1]
[4096,-256,32,-45,2,-1,1]
[729,-81,54,-4,6,-1,1]
[16384,1408,69,11,1]
[14641,-242,-126,-2,1]
[4096,2304,1104,301,69,9,1]
[4096,256,96,-23,6,1,1]
[15625,875,79,7,1]
[4096,-256,-144,43,-9,-1,1]
[4096,-2304,976,-289,61,-9,1]
[4096,2304,992,287,62,9,1]
[4096,2048,528,95,33,8,1]
[15625,-500,52,-4,1]
[4096,1024,416,43,26,4,1]
[729,405,-54,-76,-6,5,1]
[4096,512,-48,17,-3,2,1]
[729,324,-27,-49,-3,4,1]
[256,64,-32,-8,3,-2,-2,1,1]
[256,128,128,48,35,12,8,2,1]
[15625,3875,481,31,1]
[6561,243,86,3,1]
[512,128,64,45,8,2,1]
[2401,196,20,4,1]
[4096,512,320,5,20,2,1]
[729,-81,18,-20,2,-1,1]
[256,0,80,40,7,10,5,0,1]
[16384,896,59,7,1]
[4096,1280,-16,-45,-1,5,1]
[4096,-512,96,-11,6,-2,1]
[729,-81,50,-3,1]
[729,324,171,65,19,4,1]
[6561,-243,46,-3,1]
[4096,1024,256,33,16,4,1]
[256,-128,64,-20,7,-5,4,-2,1]
[4096,-256,-16,31,-1,-1,1]
[4096,0,-128,-25,-8,0,1]
[6561,891,133,11,1]
[4096,1024,336,147,21,4,1]
[4096,768,-48,-53,-3,3,1]
[256,0,16,-16,19,-4,1,0,1]
[256,0,-16,-20,11,-5,-1,0,1]
[729,-162,-18,26,-2,-2,1]
[256,320,224,140,79,35,14,5,1]
[14641,484,95,4,1]
[256,-128,144,-56,37,-14,9,-2,1]
[256,-128,80,-36,33,-9,5,-2,1]
[729,162,126,35,14,2,1]
[4096,1024,16,-71,1,4,1]
[256,128,64,24,23,6,4,2,1]
[14641,1089,188,9,1]
[729,-135,19,-5,1]
[15625,875,-9,7,1]
[4096,-768,448,-49,28,-3,1]
[4096,2560,1056,301,66,10,1]
[4096,0,272,-21,17,0,1]
[16384,-128,-87,-1,1]
[15625,125,-2,1,1]
[4096,-3072,1264,-357,79,-12,1]
[256,0,64,24,17,6,4,0,1]
[4096,-256,-160,67,-10,-1,1]
[14641,-121,80,-1,1]
[256,256,96,-16,-27,-4,6,4,1]
[512,192,88,49,11,3,1]
[4096,-512,208,-39,13,-2,1]
[256,64,-32,12,27,3,-2,1,1]
[625,-75,42,-3,1]
[256,256,96,-12,-25,-3,6,4,1]
[729,243,-54,-59,-6,3,1]
[4096,-4608,2448,-775,153,-18,1]
[4096,0,-224,9,-14,0,1]
[16384,-512,109,-4,1]
[4096,-768,432,-69,27,-3,1]
[4096,-1280,192,-3,12,-5,1]
[14641,-363,16,-3,1]
[4096,512,-64,-51,-4,2,1]
[256,256,144,36,7,9,9,4,1]
[729,-162,-18,23,-2,-2,1]
[256,256,208,124,63,31,13,4,1]
[4096,-256,80,-85,5,-1,1]
[4096,1536,496,165,31,6,1]
[4096,768,384,29,24,3,1]
[15625,-875,68,-7,1]
[14641,-2904,289,-24,1]
[256,-128,64,-48,37,-12,4,-2,1]
[14641,1573,224,13,1]
[14641,-121,-133,-1,1]
[256,256,128,12,-9,3,8,4,1]
[4096,512,320,-7,20,2,1]
[256,128,144,100,41,25,9,2,1]
[4096,-1280,128,-7,8,-5,1]
[14641,3509,450,29,1]
[14641,726,183,6,1]
[4096,256,48,-9,3,1,1]
[4096,512,64,-19,4,2,1]
[14641,-242,-64,-2,1]
[4096,768,32,-75,2,3,1]
[4096,0,-112,11,-7,0,1]
[14641,-2057,248,-17,1]
[256,-128,160,-56,49,-14,10,-2,1]
[256,128,48,4,9,1,3,2,1]
[4096,0,48,-29,3,0,1]
[14641,-1089,218,-9,1]
[15625,375,-43,3,1]
[15625,-500,-116,-4,1]
[625,150,19,6,1]
[15625,1000,198,8,1]
[512,128,104,13,13,2,1]
[729,891,540,214,60,11,1]
[4096,-512,-48,47,-3,-2,1]
[4096,0,608,3,38,0,1]
[4096,512,288,47,18,2,1]
[4096,-512,-96,33,-6,-2,1]
[256,128,0,-20,-11,-5,0,2,1]
[4096,-256,-80,59,-5,-1,1]
[512,192,128,43,16,3,1]
[4096,-256,112,73,7,-1,1]
[14641,2662,246,22,1]
[14641,2299,307,19,1]
[15625,3500,431,28,1]
[2401,49,-13,1,1]
[256,128,48,-52,-27,-13,3,2,1]
[81,8,1]
[4096,-1024,224,-43,14,-4,1]
[16384,-4224,509,-33,1]
[16384,1024,99,8,1]
[15625,1000,-38,8,1]
[729,486,117,23,13,6,1]
[4096,0,48,-59,3,0,1]
[256,256,96,-8,-23,-2,6,4,1]
[729,162,45,4,5,2,1]
[256,-320,288,-200,113,-50,18,-5,1]
[16384,128,205,1,1]
[4096,-2048,320,-25,20,-8,1]
[15625,-3500,398,-28,1]
[729,-243,-45,41,-5,-3,1]
[512,64,-8,5,-1,1,1]
[14641,-726,164,-6,1]
[512,-192,24,-11,3,-3,1]
[256,-320,208,-112,59,-28,13,-5,1]
[256,-512,528,-380,213,-95,33,-8,1]
[15625,-1000,-58,-8,1]
[4096,1024,368,29,23,4,1]
[729,324,117,26,13,4,1]
[2401,-441,44,-9,1]
[4096,-768,-144,63,-9,-3,1]
[4096,256,-144,-83,-9,1,1]
[2401,-392,87,-8,1]
[4096,-512,432,-37,27,-2,1]
[512,192,-8,-33,-1,3,1]
[4096,2048,528,101,33,8,1]
[15625,-1250,109,-10,1]
[4096,-256,208,-37,13,-1,1]
[16384,384,195,3,1]
[4096,-1280,320,-75,20,-5,1]
[2401,343,33,7,1]
[4096,-1280,240,-51,15,-5,1]
[14641,-1089,151,-9,1]
[729,486,234,77,26,6,1]
[4096,-1024,432,-109,27,-4,1]
[256,320,240,108,51,27,15,5,1]
[4096,256,208,-29,13,1,1]
[729,0,18,28,2,0,1]
[4096,0,160,61,10,0,1]
[15625,1500,132,12,1]
[4096,256,512,45,32,1,1]
[15625,1250,-1,10,1]
[15625,-125,169,-1,1]
[4096,-3584,1520,-435,95,-14,1]
[4096,-256,128,-115,8,-1,1]
[15625,3500,413,28,1]
[4096,-1280,-32,83,-2,-5,1]
[4096,-512,96,71,6,-2,1]
[14641,1936,265,16,1]
[14641,-3388,414,-28,1]
[2401,-98,37,-2,1]
[729,81,-27,4,-3,1,1]
[4096,-2560,1136,-319,71,-10,1]
[512,-192,24,1,3,-3,1]
[512,192,88,15,11,3,1]
[4096,2816,1072,309,67,11,1]
[256,64,-64,8,35,2,-4,1,1]
[4096,1024,256,9,16,4,1]
[256,0,64,4,21,1,4,0,1]
[4096,64,7,1,1]
[15625,2875,382,23,1]
[16384,-896,251,-7,1]
[6561,162,143,2,1]
[4096,256,224,43,14,1,1]
[4096,-1280,528,-109,33,-5,1]
[4096,-1024,304,-33,19,-4,1]
[14641,484,106,4,1]
[729,27,11,1,1]
[4096,256,144,23,9,1,1]
[4096,512,144,75,9,2,1]
[256,64,64,32,17,8,4,1,1]
[2401,245,10,5,1]
[4096,512,176,107,11,2,1]
[4096,768,-160,-109,-10,3,1]
[256,-384,384,-264,149,-66,24,-6,1]
[4096,1280,400,77,25,5,1]
[4096,-1536,576,-179,36,-6,1]
[256,-128,96,-40,13,-10,6,-2,1]
[4096,-1024,448,-139,28,-4,1]
[256,-64,32,-8,19,-2,2,-1,1]
[256,-64,0,-12,23,-3,0,-1,1]
[256,-128,48,16,-15,4,3,-2,1]
[4096,512,0,35,0,2,1]
[4096,-1024,368,-131,23,-4,1]
[729,-54,17,-2,1]
[14641,-2178,277,-18,1]
[256,-192,48,40,-37,10,3,-3,1]
[729,162,81,32,9,2,1]
[4096,-512,464,-45,29,-2,1]
[4096,-2304,976,-255,61,-9,1]
[729,405,99,17,11,5,1]
[4096,1024,704,117,44,4,1]
[15625,125,232,1,1]
[4096,-512,368,-65,23,-2,1]
[4096,512,101,8,1]
[4096,-3072,1280,-365,80,-12,1]
[4096,-768,288,-85,18,-3,1]
[64,32,16,11,4,2,1]
[15625,-375,36,-3,1]
[16384,1152,47,9,1]
[4096,-1280,544,-107,34,-5,1]
[14641,-363,50,-3,1]
[256,192,48,-12,-15,-3,3,3,1]
[16384,-3456,399,-27,1]
[4096,0,-7,0,1]
[512,384,232,83,29,6,1]
[4096,-1280,400,-141,25,-5,1]
[4096,256,-48,-121,-3,1,1]
[512,128,24,15,3,2,1]
[14641,1331,203,11,1]
[256,64,80,-12,11,-3,5,1,1]
[2401,294,53,6,1]
[4096,1280,432,79,27,5,1]
[16384,-1408,141,-11,1]
[4096,-1280,320,-109,20,-5,1]
[4096,-1280,800,-151,50,-5,1]
[512,-192,104,-23,13,-3,1]
[4096,-1024,416,-39,26,-4,1]
[729,-243,90,-49,10,-3,1]
[2401,-1127,225,-23,1]
[16384,-1792,69,-14,1]
[4096,-2816,1200,-343,75,-11,1]
[4096,-512,-16,61,-1,-2,1]
[4096,768,-80,-103,-5,3,1]
[14641,2541,347,21,1]
[16384,1536,55,12,1]
[4096,1024,-112,-107,-7,4,1]
[14641,-2057,283,-17,1]
[16384,3072,299,24,1]
[4096,256,64,-65,4,1,1]
[15625,-4875,626,-39,1]
[4096,-2560,1120,-313,70,-10,1]
[4096,-2048,864,-255,54,-8,1]
[2401,441,79,9,1]
[14641,-1210,185,-10,1]
[64,-16,16,1,4,-1,1]
[16384,-256,-167,-2,1]
[14641,242,2,2,1]
[6561,243,-47,3,1]
[14641,-2904,350,-24,1]
[256,64,-112,0,41,0,-7,1,1]
[16384,-1408,43,-11,1]
[4096,-256,112,-19,7,-1,1]
[14641,242,76,2,1]
[4096,0,-80,53,-5,0,1]
[4096,1024,416,67,26,4,1]
[729,-486,72,10,8,-6,1]
[4096,512,336,5,21,2,1]
[2401,-245,51,-5,1]
[256,128,64,-20,-11,-5,4,2,1]
[6561,0,61,0,1]
[14641,-2783,362,-23,1]
[2401,98,15,2,1]
[16384,-384,-109,-3,1]
[15625,250,63,2,1]
[4096,-512,656,-55,41,-2,1]
[512,-128,144,-35,18,-2,1]
[16384,-1536,243,-12,1]
[256,128,80,-24,-7,-6,5,2,1]
[4096,-1280,-128,123,-8,-5,1]
[256,128,16,8,3,2,1,2,1]
[4096,-1024,208,-85,13,-4,1]
[14641,-484,-37,-4,1]
[512,-128,24,19,3,-2,1]
[4096,-1280,224,3,14,-5,1]
[16384,768,-25,6,1]
[729,243,162,40,18,3,1]
[14641,242,-63,2,1]
[256,384,304,172,87,43,19,6,1]
[256,-128,48,16,-21,4,3,-2,1]
[15625,2125,276,17,1]
[4096,1216,177,19,1]
[64,-64,32,-11,8,-4,1]
[4096,-1280,416,-175,26,-5,1]
[14641,-1331,67,-11,1]
[256,-64,-16,-16,25,-4,-1,-1,1]
[4096,512,240,75,15,2,1]
[14641,-363,215,-3,1]
[14641,-121,-28,-1,1]
[256,-192,80,-12,-9,-3,5,-3,1]
[4096,2048,368,37,23,8,1]
[14641,121,-146,1,1]
[4096,-1536,16,61,1,-6,1]
[512,-64,8,11,1,-1,1]
[729,81,126,17,14,1,1]
[4096,-1024,320,-35,20,-4,1]
[16384,640,209,5,1]
[4096,-1792,656,-191,41,-7,1]
[729,0,0,-19,0,0,1]
[4096,-2560,896,-255,56,-10,1]
[256,-64,208,-44,73,-11,13,-1,1]
[6561,-324,-50,-4,1]
[256,-128,128,-52,41,-13,8,-2,1]
[729,-162,108,-29,12,-2,1]
[6561,-1134,94,-14,1]
[729,-162,-9,32,-1,-2,1]
[512,-448,256,-97,32,-7,1]
[15625,500,101,4,1]
[15625,1625,179,13,1]
[4096,1024,-128,-111,-8,4,1]
[6561,-81,-26,-1,1]
[256,64,-48,-4,9,-1,-3,1,1]
[15625,-1125,-24,-9,1]
[256,-128,48,48,-29,12,3,-2,1]
[729,-135,44,-5,1]
[4096,512,77,8,1]
[4096,-1024,384,-135,24,-4,1]
[15625,-1750,247,-14,1]
[81,45,13,5,1]
[4096,-768,480,-67,30,-3,1]
[729,162,117,26,13,2,1]
[4096,-1792,576,-123,36,-7,1]
[4096,1536,784,171,49,6,1]
[4096,-1280,-32,57,-2,-5,1]
[2401,-98,-12,-2,1]
[4096,0,-16,-93,-1,0,1]
[256,-128,64,12,-1,3,4,-2,1]
[256,-192,48,20,-19,5,3,-3,1]
[512,256,144,43,18,4,1]
[4096,2048,928,249,58,8,1]
[4096,1792,640,221,40,7,1]
[512,64,-24,-31,-3,1,1]
[256,128,0,-40,-19,-10,0,2,1]
[14641,-242,-45,-2,1]
[256,-192,96,-52,21,-13,6,-3,1]
[6561,-567,-13,-7,1]
[15625,625,-49,5,1]
[4096,0,32,-83,2,0,1]
[15625,1750,102,14,1]
[729,-162,27,-28,3,-2,1]
[15625,2375,208,19,1]
[4096,-512,176,-59,11,-2,1]
[256,192,64,44,37,11,4,3,1]
[256,-192,16,20,-7,5,1,-3,1]
[4096,1536,480,127,30,6,1]
[4096,-1280,-96,115,-6,-5,1]
[256,-128,16,12,-9,3,1,-2,1]
[4096,768,-16,-59,-1,3,1]
[256,-64,-80,20,17,5,-5,-1,1]
[512,64,-32,-7,-4,1,1]
[4096,576,59,9,1]
[4096,0,-64,89,-4,0,1]
[16384,384,5,3,1]
[4096,-256,432,-9,27,-1,1]
[4096,768,288,27,18,3,1]
[14641,-2662,329,-22,1]
[729,486,297,100,33,6,1]
[14641,3025,326,25,1]
[16384,-768,233,-6,1]
[16384,-1536,103,-12,1]
[4096,0,-80,-23,-5,0,1]
[729,324,108,43,12,4,1]
[4096,-2816,1088,-303,68,-11,1]
[4096,1280,-176,-131,-11,5,1]
[6561,972,190,12,1]
[4096,-768,48,47,3,-3,1]
[729,189,26,7,1]
[4096,-1536,368,-83,23,-6,1]
[4096,1536,656,167,41,6,1]
[15625,-1625,71,-13,1]
[4096,-1280,352,-117,22,-5,1]
[256,320,224,96,43,24,14,5,1]
[4096,-1536,240,-29,15,-6,1]
[729,324,81,8,9,4,1]
[4096,-256,480,-9,30,-1,1]
[15625,-125,-163,-1,1]
[4096,896,133,14,1]
[6561,-243,-13,-3,1]
[4096,1280,-240,-165,-15,5,1]
[4096,1024,-112,-121,-7,4,1]
[15625,-1000,121,-8,1]
[121,13,1]
[4096,-256,80,-61,5,-1,1]
[2401,-784,131,-16,1]
[729,-486,288,-101,32,-6,1]
[729,162,-45,-49,-5,2,1]
[14641,-121,-71,-1,1]
[256,384,352,248,139,62,22,6,1]
[4096,1792,752,195,47,7,1]
[14641,121,202,1,1]
[4096,-256,128,-99,8,-1,1]
[4096,512,-16,13,-1,2,1]
[729,-324,144,-34,16,-4,1]
[14641,847,175,7,1]
[256,192,67,12,1]
[15625,-2375,308,-19,1]
[4096,-2816,848,-197,53,-11,1]
[2401,0,66,0,1]
[256,64,-32,0,7,0,-2,1,1]
[15625,4250,517,34,1]
[14641,726,106,6,1]
[15625,2250,203,18,1]
[512,128,0,-3,0,2,1]
[2401,-196,52,-4,1]
[4096,512,-128,-83,-8,2,1]
[512,256,80,21,10,4,1]
[4096,1536,0,-93,0,6,1]
[4096,1280,656,145,41,5,1]
[512,256,88,39,11,4,1]
[2401,0,33,0,1]
[4096,-256,32,-35,2,-1,1]
[4096,512,272,25,17,2,1]
[15625,-1125,197,-9,1]
[4096,1280,512,131,32,5,1]
[256,-64,32,-8,-9,-2,2,-1,1]
[729,324,171,55,19,4,1]
[14641,-3388,427,-28,1]
[4096,-2048,640,-153,40,-8,1]
[256,-192,80,-20,-1,-5,5,-3,1]
[729,405,162,40,18,5,1]
[4096,1792,400,103,25,7,1]
[4096,768,352,125,22,3,1]
[4096,256,160,23,10,1,1]
[14641,-726,50,-6,1]
[4096,0,336,-13,21,0,1]
[4096,512,80,79,5,2,1]
[4096,256,288,-5,18,1,1]
[4096,-1536,416,-57,26,-6,1]
[16384,128,-41,1,1]
[4096,-1536,352,-95,22,-6,1]
[729,0,27,41,3,0,1]
[256,-64,48,48,-15,12,3,-1,1]
[6561,-567,55,-7,1]
[16384,1280,201,10,1]
[15625,-625,183,-5,1]
[256,0,48,48,3,12,3,0,1]
[6561,-729,35,-9,1]
[4096,768,336,11,21,3,1]
[256,-64,0,-20,27,-5,0,-1,1]
[4096,-512,13,-8,1]
[2401,0,-6,0,1]
[4096,512,240,85,15,2,1]
[15625,1625,258,13,1]
[256,-64,0,16,-31,4,0,-1,1]
[14641,1210,108,10,1]
[4096,-1536,656,-141,41,-6,1]
[729,891,585,239,65,11,1]
[4096,-3584,1696,-523,106,-14,1]
[729,-405,18,25,2,-5,1]
[14641,968,-35,8,1]
[4096,-256,-16,-7,-1,-1,1]
[15625,750,93,6,1]
[14641,1815,183,15,1]
[4096,512,-112,-59,-7,2,1]
[4096,-256,0,-65,0,-1,1]
[4096,-3840,1872,-577,117,-15,1]
[4096,1024,144,23,9,4,1]
[4096,-2816,1232,-353,77,-11,1]
[2401,0,-76,0,1]
[4096,128,55,2,1]
[15625,-500,56,-4,1]
[729,324,144,59,16,4,1]
[14641,2783,348,23,1]
[512,-256,-8,31,-1,-4,1]
[16384,2560,319,20,1]
[256,64,64,-8,5,-2,4,1,1]
[256,64,48,12,19,3,3,1,1]
[14641,1815,259,15,1]
[4096,-512,640,-51,40,-2,1]
[14641,-1089,79,-9,1]
[16384,128,-13,1,1]
[512,192,64,35,8,3,1]
[4096,2304,784,187,49,9,1]
[4096,1280,-112,-133,-7,5,1]
[14641,-3872,478,-32,1]
[4096,0,448,-9,28,0,1]
[512,192,48,17,6,3,1]
[14641,1089,5,9,1]
[15625,0,97,0,1]
[4096,-1024,400,-95,25,-4,1]
[256,-192,48,36,-37,9,3,-3,1]
[6561,1944,304,24,1]
[729,243,81,32,9,3,1]
[4096,1024,80,-39,5,4,1]
[4096,256,256,17,16,1,1]
[15625,750,77,6,1]
[4096,0,16,-53,1,0,1]
[14641,0,60,0,1]
[15625,-250,-26,-2,1]
[4096,-1792,576,-121,36,-7,1]
[14641,-121,-54,-1,1]
[16384,-1664,237,-13,1]
[4096,-1024,128,-41,8,-4,1]
[4096,-256,112,-97,7,-1,1]
[4096,-1792,528,-133,33,-7,1]
[15625,1125,148,9,1]
[729,-324,171,-74,19,-4,1]
[729,-162,90,-52,10,-2,1]
[729,-81,-27,23,-3,-1,1]
[4096,-2304,912,-235,57,-9,1]
[256,0,64,-8,27,-2,4,0,1]
[2401,441,52,9,1]
[15625,750,106,6,1]
[256,0,64,-20,11,-5,4,0,1]
[512,-64,88,-29,11,-1,1]
[2401,-49,-43,-1,1]
[6561,486,133,6,1]
[4096,-1024,80,57,5,-4,1]
[256,-128,80,-44,29,-11,5,-2,1]
[256,-64,-32,20,9,5,-2,-1,1]
[4096,-512,224,-49,14,-2,1]
[2401,49,38,1,1]
[16384,-1408,151,-11,1]
[14641,-847,-3,-7,1]
[4096,1536,384,89,24,6,1]
[729,-243,63,-35,7,-3,1]
[256,-192,16,0,9,0,1,-3,1]
[16384,3328,367,26,1]
[4096,0,-128,-47,-8,0,1]
[14641,-2541,248,-21,1]
[4096,1792,864,223,54,7,1]
[4096,-1280,-128,131,-8,-5,1]
[256,512,576,444,255,111,36,8,1]
[14641,-2420,205,-20,1]
[4096,-768,-240,101,-15,-3,1]
[512,-384,184,-63,23,-6,1]
[16384,-2304,335,-18,1]
[256,64,0,-8,3,-2,0,1,1]
[4096,-1280,-80,103,-5,-5,1]
[15625,2125,168,17,1]
[6561,648,53,8,1]
[4096,1024,224,33,14,4,1]
[625,-325,87,-13,1]
[14641,847,36,7,1]
[4096,512,96,-37,6,2,1]
[2401,-98,55,-2,1]
[256,0,-16,8,-3,2,-1,0,1]
[4096,1024,512,71,32,4,1]
[14641,484,57,4,1]
[4096,2560,1168,331,73,10,1]
[4096,-1024,80,37,5,-4,1]
[14641,363,128,3,1]
[256,0,-32,0,13,0,-2,0,1]
[4096,-2048,528,-109,33,-8,1]
[256,-64,80,-4,9,-1,5,-1,1]
[16384,3456,367,27,1]
[729,0,-8,0,1]
[729,-243,99,-47,11,-3,1]
[4096,1792,32,-81,2,7,1]
[4096,3584,1680,515,105,14,1]
[256,-128,16,32,-29,8,1,-2,1]
[4096,-768,512,-69,32,-3,1]
[512,64,16,19,2,1,1]
[4096,-1024,608,-125,38,-4,1]
[729,-486,288,-98,32,-6,1]
[64,-80,56,-31,14,-5,1]
[4096,-512,-160,101,-10,-2,1]
[4096,-1024,432,-87,27,-4,1]
[256,-64,80,-4,13,-1,5,-1,1]
[256,-64,112,-48,29,-12,7,-1,1]
[256,-128,48,4,-5,1,3,-2,1]
[4096,512,544,35,34,2,1]
[4096,1280,720,157,45,5,1]
[15625,-2125,218,-17,1]
[2401,147,-16,3,1]
[512,512,328,135,41,8,1]
[256,192,144,92,45,23,9,3,1]
[4096,-1024,480,-65,30,-4,1]
[4096,-1024,304,-149,19,-4,1]
[4096,256,144,11,9,1,1]
[14641,-363,-65,-3,1]
[16384,1408,97,11,1]
[256,576,656,496,281,124,41,9,1]
[2401,-490,121,-10,1]
[512,-448,224,-91,28,-7,1]
[16384,3456,379,27,1]
[4096,-1280,288,-79,18,-5,1]
[15625,-2375,276,-19,1]
[256,-320,256,-180,101,-45,16,-5,1]
[15625,-2375,193,-19,1]
[4096,1536,480,89,30,6,1]
[14641,-847,186,-7,1]
[14641,726,133,6,1]
[4096,-1024,528,-107,33,-4,1]
[729,324,261,71,29,4,1]
[4096,-768,32,-21,2,-3,1]
[256,-128,48,-32,29,-8,3,-2,1]
[16384,2944,353,23,1]
[6561,972,167,12,1]
[4096,-1024,-160,103,-10,-4,1]
[16384,640,83,5,1]
[512,256,56,1,7,4,1]
[4096,1536,496,167,31,6,1]
[4096,0,16,99,1,0,1]
[2401,-147,80,-3,1]
[6561,567,79,7,1]
[4096,256,-112,37,-7,1,1]
[256,-256,192,-112,55,-28,12,-4,1]
[15625,0,94,0,1]
[729,0,-45,8,-5,0,1]
[4096,-512,64,-39,4,-2,1]
[16384,-256,173,-2,1]
[14641,-2299,291,-19,1]
[4096,1280,304,73,19,5,1]
[4096,2304,928,273,58,9,1]
[729,-81,36,-47,4,-1,1]
[6561,-324,91,-4,1]
[729,162,108,2,12,2,1]
[256,0,16,24,1,6,1,0,1]
[15625,-4000,483,-32,1]
[729,-567,297,-119,33,-7,1]
[4096,1536,624,171,39,6,1]
[6561,567,53,7,1]
[729,162,32,6,1]
[4096,256,-112,-45,-7,1,1]
[14641,968,-10,8,1]
[4096,2560,1008,309,63,10,1]
[4096,-1792,368,-75,23,-7,1]
[14641,968,-57,8,1]
[14641,726,-52,6,1]
[729,567,243,89,27,7,1]
[4096,-512,304,-3,19,-2,1]
[4096,768,-240,-93,-15,3,1]
[4096,2560,1072,303,67,10,1]
[4096,-768,-160,131,-10,-3,1]
[15625,-1875,251,-15,1]
[729,243,63,41,7,3,1]
[4096,0,-16,-113,-1,0,1]
[4096,-1536,800,-173,50,-6,1]
[16384,-1536,39,-12,1]
[512,-128,48,1,6,-2,1]
[14641,-242,233,-2,1]
[15625,2125,298,17,1]
[4096,768,16,-5,1,3,1]
[4096,512,-160,-63,-10,2,1]
[4096,-512,144,25,9,-2,1]
[4096,0,15,0,1]
[4096,-576,129,-9,1]
[256,-128,176,-60,55,-15,11,-2,1]
[512,128,80,1,10,2,1]
[14641,121,-105,1,1]
[512,-512,184,-47,23,-8,1]
[4096,1280,512,91,32,5,1]
[4096,0,320,-5,20,0,1]
[15625,-125,-51,-1,1]
[15625,875,177,7,1]
[4096,768,272,15,17,3,1]
[256,-192,160,-96,45,-24,10,-3,1]
[256,-64,48,-24,29,-6,3,-1,1]
[256,0,48,-4,21,-1,3,0,1]
[4096,-640,41,-10,1]
[4096,1536,336,77,21,6,1]
[4096,768,64,25,4,3,1]
[16384,-384,169,-3,1]
[4096,1024,352,63,22,4,1]
[512,-256,8,21,1,-4,1]
[256,128,48,4,-11,1,3,2,1]
[256,0,64,36,-1,9,4,0,1]
[256,0,48,-28,7,-7,3,0,1]
[15625,3375,372,27,1]
[4096,0,80,95,5,0,1]
[15625,-625,231,-5,1]
[256,64,80,36,13,9,5,1,1]
[15625,-1250,259,-10,1]
[512,64,64,25,8,1,1]
[729,-567,270,-94,30,-7,1]
[4096,896,107,14,1]
[729,486,225,73,25,6,1]
[729,243,90,41,10,3,1]
[4096,1536,432,103,27,6,1]
[4096,0,128,39,8,0,1]
[256,192,64,44,29,11,4,3,1]
[4096,256,576,33,36,1,1]
[15625,-125,-104,-1,1]
[14641,-1331,175,-11,1]
[6561,810,119,10,1]
[4096,-768,-48,53,-3,-3,1]
[4096,768,176,-19,11,3,1]
[15625,-2125,302,-17,1]
[15625,0,87,0,1]
[4096,-256,608,-39,38,-1,1]
[256,0,-48,-4,21,-1,-3,0,1]
[15625,500,38,4,1]
[4096,256,528,47,33,1,1]
[14641,-847,224,-7,1]
[2401,-490,79,-10,1]
[256,192,128,12,7,3,8,3,1]
[4096,0,-48,103,-3,0,1]
[4096,3072,1232,343,77,12,1]
[4096,1024,-80,-101,-5,4,1]
[256,64,64,-24,3,-6,4,1,1]
[256,0,-64,8,25,2,-4,0,1]
[15625,2375,331,19,1]
[729,162,58,6,1]
[4096,-2304,912,-241,57,-9,1]
[16384,-3968,463,-31,1]
[4096,1024,448,69,28,4,1]
[729,243,9,-10,1,3,1]
[4096,-256,176,-35,11,-1,1]
[2401,-392,59,-8,1]
[4096,-768,336,-115,21,-3,1]
[14641,121,126,1,1]
[729,324,243,68,27,4,1]
[4096,256,304,63,19,1,1]
[16384,896,261,7,1]
[4096,2048,768,233,48,8,1]
[729,81,-27,-49,-3,1,1]
[256,128,-48,-16,13,-4,-3,2,1]
[4096,512,176,103,11,2,1]
[256,128,32,-36,-17,-9,2,2,1]
[4096,1536,464,165,29,6,1]
[14641,-1210,50,-10,1]
[4096,-2304,688,-167,43,-9,1]
[256,-192,96,-20,-3,-5,6,-3,1]
[15625,-2750,268,-22,1]
[729,-81,-63,25,-7,-1,1]
[256,0,-64,4,23,1,-4,0,1]
[16384,2048,225,16,1]
[729,0,72,17,8,0,1]
[4096,256,-80,-15,-5,1,1]
[4096,1792,608,197,38,7,1]
[4096,-1280,192,-9,12,-5,1]
[4096,256,112,19,7,1,1]
[256,-64,-16,12,-19,3,-1,-1,1]
[4096,0,288,29,18,0,1]
[14641,-726,12,-6,1]
[512,-384,112,-25,14,-6,1]
[6561,-81,86,-1,1]
[4096,-2048,256,17,16,-8,1]
[729,486,153,46,17,6,1]
[4096,0,304,51,19,0,1]
[729,-324,243,-71,27,-4,1]
[14641,2420,237,20,1]
[4096,704,55,11,1]
[2401,-49,10,-1,1]
[14641,-121,-138,-1,1]
[729,0,81,-13,9,0,1]
[4096,1024,240,61,15,4,1]
[4096,1792,608,181,38,7,1]
[16384,640,-63,5,1]
[15625,-375,-99,-3,1]
[16384,-2944,275,-23,1]
[16384,-1536,217,-12,1]
[4096,1024,400,41,25,4,1]
[6561,-405,-4,-5,1]
[4096,-1280,256,-23,16,-5,1]
[14641,363,-52,3,1]
[4096,512,192,-9,12,2,1]
[4096,-1536,592,-187,37,-6,1]
[4096,768,64,-43,4,3,1]
[256,0,-32,24,9,6,-2,0,1]
[512,-64,-16,-11,-2,-1,1]
[4096,-2304,912,-237,57,-9,1]
[4096,-1280,0,43,0,-5,1]
[16384,-640,-53,-5,1]
[14641,2662,340,22,1]
[256,-128,16,28,-27,7,1,-2,1]
[729,0,99,7,11,0,1]
[512,64,8,7,1,1,1]
[4096,-1280,-16,93,-1,-5,1]
[6561,1620,241,20,1]
[4096,-1280,656,-117,41,-5,1]
[256,-256,32,64,-47,16,2,-4,1]
[512,-256,-16,39,-2,-4,1]
[256,-192,96,-28,13,-7,6,-3,1]
[14641,968,-54,8,1]
[729,-81,-27,35,-3,-1,1]
[15625,1250,273,10,1]
[16384,-896,181,-7,1]
[4096,0,416,3,26,0,1]
[14641,484,19,4,1]
[15625,-2750,308,-22,1]
[14641,-605,194,-5,1]
[4096,512,160,19,10,2,1]
[15625,1000,93,8,1]
[2401,-637,120,-13,1]
[16384,-256,-197,-2,1]
[15625,125,-132,1,1]
[14641,-1089,170,-9,1]
[729,81,45,7,5,1,1]
[4096,-1792,432,-79,27,-7,1]
[256,320,272,196,109,49,17,5,1]
[256,-64,64,24,-3,6,4,-1,1]
[256,-192,224,-116,83,-29,14,-3,1]
[512,-128,104,-33,13,-2,1]
[256,192,160,84,53,21,10,3,1]
[4096,1024,560,109,35,4,1]
[4096,1536,112,-23,7,6,1]
[6561,-729,118,-9,1]
[512,-384,216,-85,27,-6,1]
[729,-243,9,16,1,-3,1]
[256,-128,64,20,-11,5,4,-2,1]
[64,40,13,5,1]
[729,162,36,-1,4,2,1]
[4096,0,320,-11,20,0,1]
[4096,512,-208,-57,-13,2,1]
[4096,-512,208,-11,13,-2,1]
[729,81,0,29,0,1,1]
[4096,768,-64,-109,-4,3,1]
[4096,0,192,-19,12,0,1]
[16384,768,37,6,1]
[256,0,16,-36,1,-9,1,0,1]
[256,0,16,-24,5,-6,1,0,1]
[729,108,35,4,1]
[4096,-1536,256,-19,16,-6,1]
[4096,768,272,63,17,3,1]
[256,-128,80,-68,29,-17,5,-2,1]
[4096,-1280,-80,97,-5,-5,1]
[256,-256,208,-132,69,-33,13,-4,1]
[15625,-500,197,-4,1]
[4096,-512,16,43,1,-2,1]
[14641,-847,86,-7,1]
[14641,-1331,259,-11,1]
[512,192,160,39,20,3,1]
[512,-256,104,-49,13,-4,1]
[4096,-192,71,-3,1]
[4096,-1280,-16,97,-1,-5,1]
[6561,-1215,196,-15,1]
[4096,-256,176,-79,11,-1,1]
[256,256,80,-24,-29,-6,5,4,1]
[16384,-512,173,-4,1]
[4096,-1024,256,-21,16,-4,1]
[14641,-484,240,-4,1]
[729,324,-54,-61,-6,4,1]
[16384,0,207,0,1]
[14641,-1210,-7,-10,1]
[16384,3968,459,31,1]
[4096,-1024,128,47,8,-4,1]
[4096,256,336,41,21,1,1]
[729,0,135,-7,15,0,1]
[4096,-2560,816,-213,51,-10,1]
[512,-128,160,-31,20,-2,1]
[4096,-1792,208,-7,13,-7,1]
[4096,-512,240,-57,15,-2,1]
[4096,512,-48,-101,-3,2,1]
[14641,-1694,167,-14,1]
[4096,1280,320,51,20,5,1]
[4096,512,-192,-47,-12,2,1]
[4096,256,-128,-37,-8,1,1]
[4096,1024,-64,-35,-4,4,1]
[15625,-750,97,-6,1]
[256,-128,64,-20,3,-5,4,-2,1]
[15625,-1125,-1,-9,1]
[4096,-512,368,-1,23,-2,1]
[4096,0,48,23,3,0,1]
[256,-192,80,-64,51,-16,5,-3,1]
[4096,-1536,304,-47,19,-6,1]
[512,128,24,-17,3,2,1]
[4096,1536,688,153,43,6,1]
[6561,0,70,0,1]
[729,405,81,13,9,5,1]
[4096,256,240,29,15,1,1]
[4096,0,192,-7,12,0,1]
[15625,1750,153,14,1]
[4096,-256,128,-29,8,-1,1]
[14641,-726,13,-6,1]
[4096,-1536,464,-139,29,-6,1]
[2401,-637,125,-13,1]
[4096,256,64,-95,4,1,1]
[256,256,80,-56,-53,-14,5,4,1]
[15625,-1875,113,-15,1]
[256,-320,272,-180,97,-45,17,-5,1]
[256,-64,80,-20,31,-5,5,-1,1]
[4096,0,336,45,21,0,1]
[14641,-2783,350,-23,1]
[729,54,-1,2,1]
[256,192,32,-40,-35,-10,2,3,1]
[4096,-128,-37,-2,1]
[16384,-1664,249,-13,1]
[729,162,189,38,21,2,1]
[14641,-2420,221,-20,1]
[14641,1210,153,10,1]
[16384,-640,117,-5,1]
[2401,735,148,15,1]
[4096,0,-32,-63,-2,0,1]
[4096,1024,416,123,26,4,1]
[4096,512,224,35,14,2,1]
[16384,1024,197,8,1]
[729,0,-63,-10,-7,0,1]
[256,128,32,-16,-27,-4,2,2,1]
[2401,245,-12,5,1]
[16384,2688,291,21,1]
[4096,768,-80,-51,-5,3,1]
[15625,-875,139,-7,1]
[4096,-256,160,29,10,-1,1]
[2401,196,13,4,1]
[4096,-1792,656,-225,41,-7,1]
[4096,512,112,-63,7,2,1]
[15625,3000,374,24,1]
[256,64,112,48,35,12,7,1,1]
[4096,-512,-224,71,-14,-2,1]
[4096,1280,-80,-77,-5,5,1]
[4096,-256,224,-23,14,-1,1]
[64,-96,84,-51,21,-6,1]
[729,162,27,-10,3,2,1]
[4096,0,304,-45,19,0,1]
[4096,0,208,17,13,0,1]
[2401,-441,86,-9,1]
[729,-81,45,29,5,-1,1]
[256,-192,96,4,-7,1,6,-3,1]
[4096,1792,-112,-157,-7,7,1]
[4096,2560,1088,329,68,10,1]
[729,486,234,86,26,6,1]
[15625,-1750,99,-14,1]
[15625,-1375,133,-11,1]
[4096,256,-192,-53,-12,1,1]
[15625,-1375,221,-11,1]
[14641,363,-173,3,1]
[14641,484,169,4,1]
[625,-150,11,-6,1]
[15625,-375,-13,-3,1]
[729,-81,225,-16,25,-1,1]
[4096,512,16,19,1,2,1]
[1024,32,11,1,1]
[14641,-2299,310,-19,1]
[16384,-384,-121,-3,1]
[729,405,63,-1,7,5,1]
[15625,-2375,213,-19,1]
[256,-256,176,-92,51,-23,11,-4,1]
[512,64,56,29,7,1,1]
[256,-64,0,-28,19,-7,0,-1,1]
[14641,-1210,54,-10,1]
[256,-128,80,-40,19,-10,5,-2,1]
[4096,-128,33,-2,1]
[14641,-242,73,-2,1]
[256,-128,112,-36,21,-9,7,-2,1]
[4096,-256,-128,-25,-8,-1,1]
[4096,-192,3,-3,1]
[512,512,224,75,28,8,1]
[14641,1694,75,14,1]
[4096,256,-48,-19,-3,1,1]
[256,64,0,-24,1,-6,0,1,1]
[2401,490,116,10,1]
[256,128,64,60,31,15,4,2,1]
[4096,-256,528,-45,33,-1,1]
[729,-405,207,-59,23,-5,1]
[256,192,176,68,47,17,11,3,1]
[4096,0,128,-89,8,0,1]
[6561,-1782,248,-22,1]
[4096,-2816,768,-155,48,-11,1]
[4096,1536,192,19,12,6,1]
[16384,-768,-55,-6,1]
[6561,-1296,128,-16,1]
[15625,-625,133,-5,1]
[4096,-2048,720,-185,45,-8,1]
[729,162,0,4,0,2,1]
[256,-192,64,-4,-1,-1,4,-3,1]
[256,-128,112,-44,23,-11,7,-2,1]
[4096,3328,1312,367,82,13,1]
[256,0,48,24,19,6,3,0,1]
[256,64,16,-20,-23,-5,1,1,1]
[4096,-2816,1280,-377,80,-11,1]
[4096,1408,237,22,1]
[16384,-2176,263,-17,1]
[256,-64,-16,24,-9,6,-1,-1,1]
[625,225,46,9,1]
[4096,-512,-48,-1,-3,-2,1]
[4096,768,368,93,23,3,1]
[15625,500,166,4,1]
[6561,-1296,209,-16,1]
[256,-256,128,-36,9,-9,8,-4,1]
[256,128,32,-20,-9,-5,2,2,1]
[4096,1536,176,-9,11,6,1]
[15625,-625,-49,-5,1]
[4096,768,208,-11,13,3,1]
[4096,1536,784,167,49,6,1]
[4096,1152,197,18,1]
[2401,0,-22,0,1]
[15625,-2875,289,-23,1]
[4096,-1536,224,-29,14,-6,1]
[256,-128,192,-68,65,-17,12,-2,1]
[4096,-512,144,-127,9,-2,1]
[4096,-1024,416,-57,26,-4,1]
[4096,-512,240,33,15,-2,1]
[256,256,272,156,97,39,17,4,1]
[4096,256,80,97,5,1,1]
[4096,-1536,768,-181,48,-6,1]
[6561,405,-17,5,1]
[4096,0,-192,-25,-12,0,1]
[16384,128,-91,1,1]
[512,-512,304,-131,38,-8,1]
[256,0,96,0,25,0,6,0,1]
[14641,847,-84,7,1]
[256,64,32,0,-17,0,2,1,1]
[4096,-256,64,23,4,-1,1]
[256,64,128,36,35,9,8,1,1]
[256,208,73,13,1]
[256,-256,144,-48,21,-12,9,-4,1]
[14641,-1573,168,-13,1]
[2401,147,-50,3,1]
[4096,-2048,208,31,13,-8,1]
[4096,-1024,-176,153,-11,-4,1]
[729,-243,54,-16,6,-3,1]
[729,243,-54,-58,-6,3,1]
[14641,605,234,5,1]
[4096,512,-128,-91,-8,2,1]
[16384,-1408,285,-11,1]
[4096,-768,-48,67,-3,-3,1]
[729,-567,207,-62,23,-7,1]
[4096,1792,192,-13,12,7,1]
[15625,375,-79,3,1]
[4096,2048,592,125,37,8,1]
[4096,-512,544,-69,34,-2,1]
[256,64,-48,0,25,0,-3,1,1]
[15625,1250,126,10,1]
[15625,-375,-142,-3,1]
[4096,0,544,15,34,0,1]
[256,64,176,44,57,11,11,1,1]
[4096,512,544,63,34,2,1]
[14641,1331,183,11,1]
[4096,-1024,384,-143,24,-4,1]
[729,324,144,35,16,4,1]
[14641,-1815,181,-15,1]
[15625,-2875,312,-23,1]
[256,-192,144,-84,55,-21,9,-3,1]
[4096,-1536,512,-109,32,-6,1]
[4096,-512,0,-27,0,-2,1]
[14641,-968,218,-8,1]
[4096,1280,384,141,24,5,1]
[4096,2560,864,225,54,10,1]
[4096,-2816,1184,-363,74,-11,1]
[4096,1280,224,-7,14,5,1]
[15625,-3250,356,-26,1]
[4096,1280,720,135,45,5,1]
[4096,-448,111,-7,1]
[729,0,81,-4,9,0,1]
[4096,1280,656,161,41,5,1]
[2401,-98,-67,-2,1]
[256,-128,32,-16,7,-4,2,-2,1]
[15625,-4125,498,-33,1]
[16384,3968,451,31,1]
[512,0,-16,29,-2,0,1]
[256,-192,80,-60,45,-15,5,-3,1]
[14641,-968,-35,-8,1]
[4096,1024,208,95,13,4,1]
[15625,2250,186,18,1]
[14641,1936,133,16,1]
[729,189,64,7,1]
[4096,1280,304,15,19,5,1]
[729,-243,144,-61,16,-3,1]
[729,81,-27,-34,-3,1,1]
[4096,2560,704,151,44,10,1]
[4096,-256,208,5,13,-1,1]
[512,-320,128,-35,16,-5,1]
[4096,1024,-64,-65,-4,4,1]
[4096,-1024,480,-101,30,-4,1]
[729,324,99,20,11,4,1]
[4096,-256,432,7,27,-1,1]
[15625,125,-189,1,1]
[15625,1625,234,13,1]
[64,32,-12,-15,-3,2,1]
[2401,-441,32,-9,1]
[4096,-1536,144,25,9,-6,1]
[15625,1500,58,12,1]
[15625,125,176,1,1]
[256,128,48,16,11,4,3,2,1]
[4096,-1536,448,-125,28,-6,1]
[14641,-363,239,-3,1]
[4096,1280,416,89,26,5,1]
[6561,567,71,7,1]
[4096,1280,512,129,32,5,1]
[4096,-512,144,49,9,-2,1]
[4096,0,192,57,12,0,1]
[512,128,-16,-5,-2,2,1]
[4096,-1792,192,7,12,-7,1]
[512,-384,136,-35,17,-6,1]
[14641,-3146,357,-26,1]
[14641,1573,219,13,1]
[16384,-256,139,-2,1]
[4096,3584,1440,399,90,14,1]
[4096,-1280,432,-113,27,-5,1]
[4096,-512,208,-77,13,-2,1]
[4096,1024,448,91,28,4,1]
[15625,-1250,127,-10,1]
[729,-81,126,5,14,-1,1]
[16384,-2304,217,-18,1]
[16384,1152,195,9,1]
[4096,1024,416,87,26,4,1]
[729,81,0,34,0,1,1]
[4096,512,288,-3,18,2,1]
[4096,-768,96,-9,6,-3,1]
[4096,1024,64,-61,4,4,1]
[4096,-1280,48,41,3,-5,1]
[6561,486,83,6,1]
[4096,-2048,656,-199,41,-8,1]
[512,0,-16,-7,-2,0,1]
[4096,-768,544,-77,34,-3,1]
[4096,1536,176,-17,11,6,1]
[4096,-768,448,-79,28,-3,1]
[4096,768,96,57,6,3,1]
[14641,2178,218,18,1]
[4096,-1280,-32,75,-2,-5,1]
[729,405,153,65,17,5,1]
[4096,768,144,-27,9,3,1]
[2401,0,9,0,1]
[4096,-1792,640,-193,40,-7,1]
[4096,-256,80,21,5,-1,1]
[4096,256,25,4,1]
[729,-81,99,11,11,-1,1]
[4096,2304,608,121,38,9,1]
[256,0,16,8,25,2,1,0,1]
[729,0,81,-11,9,0,1]
[4096,-1536,512,-161,32,-6,1]
[4096,768,32,-47,2,3,1]
[16384,-2048,209,-16,1]
[16384,384,219,3,1]
[4096,0,-64,75,-4,0,1]
[4096,-768,144,35,9,-3,1]
[16384,-4224,491,-33,1]
[256,-64,112,16,19,4,7,-1,1]
[729,405,189,52,21,5,1]
[14641,363,-67,3,1]
[4096,256,64,107,4,1,1]
[14641,-121,-62,-1,1]
[4096,768,-160,-131,-10,3,1]
[14641,-2057,149,-17,1]
[4096,512,-176,-71,-11,2,1]
[4096,-256,512,-51,32,-1,1]
[729,324,81,22,9,4,1]
[512,-192,80,-25,10,-3,1]
[512,128,48,17,6,2,1]
[4096,768,544,103,34,3,1]
[4096,-512,-112,5,-7,-2,1]
[15625,2500,202,20,1]
[4096,768,384,97,24,3,1]
[15625,125,196,1,1]
[4096,-256,144,-27,9,-1,1]
[256,128,32,-44,-25,-11,2,2,1]
[4096,768,336,67,21,3,1]
[729,486,315,110,35,6,1]
[512,-320,64,1,8,-5,1]
[4096,-1792,800,-197,50,-7,1]
[4096,768,-64,-67,-4,3,1]
[16384,-1664,109,-13,1]
[512,128,128,21,16,2,1]
[4096,-1280,288,-31,18,-5,1]
[16384,640,-39,5,1]
[729,-81,-18,1,-2,-1,1]
[14641,-484,80,-4,1]
[4096,-1024,352,-155,22,-4,1]
[4096,0,16,3,1,0,1]
[4096,256,336,-11,21,1,1]
[4096,1792,256,15,16,7,1]
[4096,-1536,-48,107,-3,-6,1]
[4096,-448,-15,-7,1]
[729,81,117,4,13,1,1]
[256,0,80,12,9,3,5,0,1]
[4096,-512,528,-57,33,-2,1]
[2401,294,32,6,1]
[729,-243,99,-59,11,-3,1]
[16384,1792,159,14,1]
[256,128,-32,-32,-5,-8,-2,2,1]
[4096,512,304,47,19,2,1]
[4096,1024,176,53,11,4,1]
[14641,242,128,2,1]
[4096,512,0,-9,0,2,1]
[4096,-512,32,-37,2,-2,1]
[256,64,80,-8,13,-2,5,1,1]
[15625,-375,69,-3,1]
[16384,-1024,143,-8,1]
[15625,2625,349,21,1]
[4096,0,-96,11,-6,0,1]
[4096,-256,208,-85,13,-1,1]
[4096,1280,304,19,19,5,1]
[512,-192,160,-37,20,-3,1]
[4096,512,352,-5,22,2,1]
[6561,-405,148,-5,1]
[4096,256,32,47,2,1,1]
[512,448,192,69,24,7,1]
[4096,-256,64,73,4,-1,1]
[15625,625,-7,5,1]
[4096,512,-224,-53,-14,2,1]
[14641,2299,207,19,1]
[625,-225,47,-9,1]
[729,-648,297,-104,33,-8,1]
[15625,0,-49,0,1]
[4096,-512,464,-23,29,-2,1]
[4096,-3584,1680,-517,105,-14,1]
[6561,324,-86,4,1]
[6561,-972,133,-12,1]
[4096,-256,304,-75,19,-1,1]
[512,-320,96,-33,12,-5,1]
[4096,-1536,144,7,9,-6,1]
[4096,-2816,1104,-305,69,-11,1]
[14641,1573,126,13,1]
[512,-64,-48,13,-6,-1,1]
[625,0,-23,0,1]
[729,-648,360,-148,40,-8,1]
[4096,1024,-192,-139,-12,4,1]
[729,0,9,-47,1,0,1]
[256,-128,48,-12,13,-3,3,-2,1]
[4096,-1024,208,9,13,-4,1]
[14641,-121,26,-1,1]
[256,-64,0,-16,7,-4,0,-1,1]
[64,-32,24,-15,6,-2,1]
[4096,-1792,352,-67,22,-7,1]
[4096,-1792,288,-41,18,-7,1]
[256,-128,48,32,-19,8,3,-2,1]
[2401,-196,55,-4,1]
[16384,-256,175,-2,1]
[512,0,0,-21,0,0,1]
[6561,-1458,185,-18,1]
[16384,-128,-197,-1,1]
[4096,-768,416,-47,26,-3,1]
[4096,-1536,-192,173,-12,-6,1]
[15625,875,241,7,1]
[14641,-121,30,-1,1]
[4096,512,272,89,17,2,1]
[256,-64,-32,4,13,1,-2,-1,1]
[16384,768,-37,6,1]
[4096,-768,64,-31,4,-3,1]
[15625,750,6,6,1]
[14641,2904,320,24,1]
[512,64,24,5,3,1,1]
[4096,256,160,-21,10,1,1]
[512,192,24,-17,3,3,1]
[6561,-243,-35,-3,1]
[256,-64,32,12,-13,3,2,-1,1]
[4096,512,368,19,23,2,1]
[729,-324,72,-26,8,-4,1]
[14641,242,-28,2,1]
[256,128,64,12,3,3,4,2,1]
[729,0,-63,5,-7,0,1]
[729,324,-72,-68,-8,4,1]
[256,320,288,180,99,45,18,5,1]
[6561,-1944,299,-24,1]
[16384,896,-49,7,1]
[256,-256,112,-4,-9,-1,7,-4,1]
[4096,1280,496,157,31,5,1]
[4096,-1024,-80,47,-5,-4,1]
[256,64,80,28,25,7,5,1,1]
[256,128,80,32,15,8,5,2,1]
[6561,567,-16,7,1]
[1024,64,-15,2,1]
[729,162,27,-22,3,2,1]
[729,567,162,35,18,7,1]
[2401,-49,-66,-1,1]
[256,0,-64,-8,29,-2,-4,0,1]
[256,-128,32,40,-35,10,2,-2,1]
[4096,768,304,113,19,3,1]
[256,-64,32,-24,21,-6,2,-1,1]
[729,-243,72,-8,8,-3,1]
[16384,1024,41,8,1]
[6561,-972,122,-12,1]
[14641,968,214,8,1]
[4096,-512,496,-47,31,-2,1]
[256,64,112,32,43,8,7,1,1]
[4096,-768,176,-7,11,-3,1]
[256,256,240,168,87,42,15,4,1]
[256,64,16,-4,11,-1,1,1,1]
[1024,192,5,6,1]
[14641,847,-62,7,1]
[729,-54,-1,-2,1]
[256,64,32,12,23,3,2,1,1]
[4096,-1280,464,-93,29,-5,1]
[4096,256,128,-57,8,1,1]
[16384,-1408,109,-11,1]
[16384,-3200,365,-25,1]
[15625,2250,177,18,1]
[256,192,144,72,31,18,9,3,1]
[16384,256,91,2,1]
[4096,256,-144,-35,-9,1,1]
[4096,1792,704,157,44,7,1]
[14641,-2299,214,-19,1]
[4096,1024,-32,-101,-2,4,1]
[4096,512,560,35,35,2,1]
[15625,-875,232,-7,1]
[512,64,16,39,2,1,1]
[256,-64,32,-32,23,-8,2,-1,1]
[4096,-640,49,-10,1]
[15625,2500,218,20,1]
[729,-162,9,-14,1,-2,1]
[256,128,112,48,29,12,7,2,1]
[4096,-768,80,33,5,-3,1]
[512,-192,40,-23,5,-3,1]
[4096,-1024,32,61,2,-4,1]
[256,0,32,28,-15,7,2,0,1]
[6561,-972,71,-12,1]
[512,256,40,1,5,4,1]
[4096,0,-32,35,-2,0,1]
[6561,324,109,4,1]
[729,-243,-27,44,-3,-3,1]
[16384,-1280,43,-10,1]
[4096,768,320,67,20,3,1]
[4096,-512,320,-77,20,-2,1]
[15625,0,21,0,1]
[256,64,-48,-12,5,-3,-3,1,1]
[4096,-512,-128,57,-8,-2,1]
[4096,512,176,115,11,2,1]
[256,-64,32,12,1,3,2,-1,1]
[16384,-1280,5,-10,1]
[4096,256,0,61,0,1,1]
[14641,1452,58,12,1]
[16384,-3072,347,-24,1]
[4096,256,208,-39,13,1,1]
[256,-64,16,-28,15,-7,1,-1,1]
[4096,-256,-128,83,-8,-1,1]
[4096,-512,464,-65,29,-2,1]
[16384,768,101,6,1]
[4096,-1536,192,13,12,-6,1]
[729,243,45,-4,5,3,1]
[4096,-256,384,-15,24,-1,1]
[4096,-768,48,-37,3,-3,1]
[14641,0,97,0,1]
[14641,121,118,1,1]
[4096,-2048,768,-197,48,-8,1]
[6561,-486,56,-6,1]
[6561,1134,95,14,1]
[4096,-256,-16,35,-1,-1,1]
[4096,1024,512,77,32,4,1]
[4096,384,49,6,1]
[64,0,-8,3,-2,0,1]
[2401,-49,97,-1,1]
[16384,2432,203,19,1]
[4096,-256,160,-105,10,-1,1]
[15625,1625,206,13,1]
[16384,-1536,65,-12,1]
[625,200,34,8,1]
[4096,-1792,832,-221,52,-7,1]
[256,448,432,296,161,74,27,7,1]
[2401,-539,124,-11,1]
[4096,-1024,-192,147,-12,-4,1]
[4096,768,0,-67,0,3,1]
[14641,-605,182,-5,1]
[512,-128,0,9,0,-2,1]
[256,64,16,36,15,9,1,1,1]
[4096,1536,144,-27,9,6,1]
[4096,-768,-128,79,-8,-3,1]
[15625,750,-97,6,1]
[2401,-196,37,-4,1]
[4096,1536,224,19,14,6,1]
[16384,-768,259,-6,1]
[14641,968,131,8,1]
[256,128,64,40,13,10,4,2,1]
[16384,3712,427,29,1]
[6561,-972,194,-12,1]
[14641,-1210,240,-10,1]
[64,8,-7,1,1]
[512,576,368,153,46,9,1]
[729,-243,117,-19,13,-3,1]
[4096,-1536,80,53,5,-6,1]
[625,-275,78,-11,1]
[16384,0,-205,0,1]
[4096,3584,1632,487,102,14,1]
[4096,512,192,-17,12,2,1]
[14641,-1089,215,-9,1]
[4096,-1792,256,-13,16,-7,1]
[2401,441,67,9,1]
[729,162,-27,-4,-3,2,1]
[4096,-2816,704,-127,44,-11,1]
[729,-81,81,-1,9,-1,1]
[4096,2304,544,99,34,9,1]
[256,192,64,-44,-33,-11,4,3,1]
[15625,1250,106,10,1]
[729,-486,180,-52,20,-6,1]
[16384,-3584,409,-28,1]
[625,50,-17,2,1]
[729,81,108,4,12,1,1]
[14641,-1331,148,-11,1]
[4096,0,464,11,29,0,1]
[256,-320,160,0,-25,0,10,-5,1]
[16384,128,-73,1,1]
[16384,-128,23,-1,1]
[729,-486,252,-85,28,-6,1]
[4096,1792,816,191,51,7,1]
[4096,-1024,592,-97,37,-4,1]
[14641,-2057,280,-17,1]
[15625,1500,84,12,1]
[4096,-1792,480,-121,30,-7,1]
[4096,-2048,640,-155,40,-8,1]
[4096,-256,-16,-81,-1,-1,1]
[14641,2178,254,18,1]
[14641,0,-139,0,1]
[256,128,32,-16,-17,-4,2,2,1]
[256,-64,64,12,11,3,4,-1,1]
[4096,2048,832,219,52,8,1]
[4096,640,47,10,1]
[256,-128,16,24,-15,6,1,-2,1]
[4096,256,352,73,22,1,1]
[729,162,81,31,9,2,1]
[256,-128,16,24,-13,6,1,-2,1]
[2401,-490,94,-10,1]
[14641,1089,20,9,1]
[256,64,-32,-24,-5,-6,-2,1,1]
[15625,-2250,321,-18,1]
[729,324,153,59,17,4,1]
[15625,-1500,103,-12,1]
[4096,-64,-71,-1,1]
[256,32,23,2,1]
[256,-64,32,8,-17,2,2,-1,1]
[729,0,-53,0,1]
[16384,3200,343,25,1]
[256,-320,144,8,-29,2,9,-5,1]
[16384,-896,-5,-7,1]
[4096,768,96,-25,6,3,1]
[4096,-1280,336,-75,21,-5,1]
[4096,2560,384,-1,24,10,1]
[4096,-1536,512,-179,32,-6,1]
[6561,-972,124,-12,1]
[4096,2048,752,231,47,8,1]
[256,0,112,-12,33,-3,7,0,1]
[16384,-1024,105,-8,1]
[14641,-605,24,-5,1]
[4096,1024,704,111,44,4,1]
[4096,1792,976,231,61,7,1]
[81,-54,19,-6,1]
[6561,-1134,169,-14,1]
[625,-125,22,-5,1]
[15625,3375,386,27,1]
[4096,-1280,640,-121,40,-5,1]
[4096,-1024,240,3,15,-4,1]
[4096,-3072,1408,-413,88,-12,1]
[16384,-1024,137,-8,1]
[4096,1024,288,91,18,4,1]
[4096,-2048,752,-233,47,-8,1]
[729,243,189,38,21,3,1]
[2401,98,36,2,1]
[128,-9,1]
[4096,1792,208,-21,13,7,1]
[256,0,-80,4,15,1,-5,0,1]
[729,891,513,197,57,11,1]
[4096,-1536,544,-103,34,-6,1]
[729,-162,180,-25,20,-2,1]
[2401,-49,65,-1,1]
[512,-384,128,-33,16,-6,1]
[4096,-2048,496,-105,31,-8,1]
[4096,256,160,61,10,1,1]
[256,-64,48,0,13,0,3,-1,1]
[4096,-1536,384,-123,24,-6,1]
[14641,1573,147,13,1]
[4096,-1280,720,-135,45,-5,1]
[256,256,96,-36,-39,-9,6,4,1]
[16384,-3456,381,-27,1]
[4096,2048,768,187,48,8,1]
[125,13,1]
[4096,768,592,99,37,3,1]
[4096,1792,352,71,22,7,1]
[4096,-512,336,-71,21,-2,1]
[256,192,-16,-48,-21,-12,-1,3,1]
[14641,-847,84,-7,1]
[4096,1024,352,31,22,4,1]
[14641,-847,180,-7,1]
[4096,-1536,608,-183,38,-6,1]
[14641,1331,269,11,1]
[729,81,19,3,1]
[4096,1280,288,69,18,5,1]
[15625,-1750,254,-14,1]
[4096,0,128,-47,8,0,1]
[512,-128,24,-15,3,-2,1]
[256,192,144,88,57,22,9,3,1]
[4096,2048,832,243,52,8,1]
[256,0,16,20,-3,5,1,0,1]
[16384,-2048,263,-16,1]
[15625,1875,106,15,1]
[4096,256,-48,-11,-3,1,1]
[256,192,96,60,29,15,6,3,1]
[4096,-768,512,-53,32,-3,1]
[729,-243,18,5,2,-3,1]
[16384,-256,153,-2,1]
[4096,256,-57,4,1]
[16384,-384,-75,-3,1]
[625,0,-19,0,1]
[4096,-512,32,33,2,-2,1]
[4096,-1280,192,-25,12,-5,1]
[4096,512,464,39,29,2,1]
[256,-128,48,0,7,0,3,-2,1]
[4096,1536,256,37,16,6,1]
[729,162,-36,-13,-4,2,1]
[4096,-1536,416,-81,26,-6,1]
[15625,-625,-36,-5,1]
[15625,375,239,3,1]
[15625,-625,214,-5,1]
[14641,-2178,321,-18,1]
[2401,-980,190,-20,1]
[256,64,112,44,37,11,7,1,1]
[4096,-512,160,-67,10,-2,1]
[256,-320,112,52,-57,13,7,-5,1]
[14641,1694,219,14,1]
[16384,512,-69,4,1]
[14641,0,124,0,1]
[256,192,80,52,41,13,5,3,1]
[14641,2783,362,23,1]
[729,-162,45,16,5,-2,1]
[15625,-500,243,-4,1]
[4096,-1280,208,-5,13,-5,1]
[4096,-1280,96,51,6,-5,1]
[15625,-1750,79,-14,1]
[2401,0,22,0,1]
[4096,-2048,304,-17,19,-8,1]
[4096,-768,-48,9,-3,-3,1]
[15625,3125,318,25,1]
[14641,-1331,152,-11,1]
[14641,-121,6,-1,1]
[14641,363,157,3,1]
[14641,1452,157,12,1]
[729,-324,162,-62,18,-4,1]
[4096,-512,448,-43,28,-2,1]
[4096,256,464,29,29,1,1]
[4096,1024,-160,-85,-10,4,1]
[64,-32,12,-11,3,-2,1]
[4096,1280,-160,-123,-10,5,1]
[256,128,32,-44,-35,-11,2,2,1]
[4096,-1536,512,-171,32,-6,1]
[4096,-128,3,-2,1]
[512,-128,72,-27,9,-2,1]
[4096,-512,112,-21,7,-2,1]
[15625,500,-89,4,1]
[81,27,1,3,1]
[256,192,112,52,25,13,7,3,1]
[4096,0,-32,107,-2,0,1]
[4096,-1024,320,-95,20,-4,1]
[256,-128,144,-28,33,-7,9,-2,1]
[256,0,128,36,31,9,8,0,1]
[16384,3200,311,25,1]
[256,192,96,24,-1,6,6,3,1]
[729,-81,54,-29,6,-1,1]
[512,-448,208,-71,26,-7,1]
[15625,2125,216,17,1]
[15625,1250,-16,10,1]
[256,-192,32,-32,35,-8,2,-3,1]
[4096,-1024,416,-115,26,-4,1]
[729,324,135,34,15,4,1]
[256,192,32,-24,-13,-6,2,3,1]
[512,64,40,37,5,1,1]
[4096,256,112,45,7,1,1]
[4096,256,0,57,0,1,1]
[14641,1452,236,12,1]
[4096,1536,480,77,30,6,1]
[15625,0,-138,0,1]
[4096,-512,-64,77,-4,-2,1]
[729,0,18,-16,2,0,1]
[4096,2304,816,199,51,9,1]
[4096,-512,400,-75,25,-2,1]
[14641,-363,-134,-3,1]
[14641,1089,-3,9,1]
[4096,-1792,240,-13,15,-7,1]
[2401,-343,41,-7,1]
[4096,512,0,-43,0,2,1]
[4096,-512,336,-29,21,-2,1]
[256,192,112,52,13,13,7,3,1]
[4096,-2816,1312,-381,82,-11,1]
[4096,1024,160,-19,10,4,1]
[4096,2304,656,167,41,9,1]
[16384,640,261,5,1]
[14641,-1815,236,-15,1]
[4096,256,416,7,26,1,1]
[14641,2299,214,19,1]
[256,-64,128,-28,33,-7,8,-1,1]
[4096,-512,352,-91,22,-2,1]
[15625,-1500,181,-12,1]
[4096,-1280,352,-105,22,-5,1]
[512,-64,-40,23,-5,-1,1]
[2401,0,68,0,1]
[16384,2176,133,17,1]
[4096,0,112,61,7,0,1]
[256,0,-48,8,7,2,-3,0,1]
[256,-64,48,-44,13,-11,3,-1,1]
[4096,-2048,704,-183,44,-8,1]
[4096,-1024,640,-99,40,-4,1]
[4096,-512,528,-53,33,-2,1]
[729,162,99,47,11,2,1]
[256,-64,112,24,15,6,7,-1,1]
[16384,1792,277,14,1]
[6561,-486,142,-6,1]
[256,384,352,240,135,60,22,6,1]
[4096,0,112,-9,7,0,1]
[4096,-1280,-192,139,-12,-5,1]
[729,-324,153,-56,17,-4,1]
[4096,1024,384,141,24,4,1]
[4096,0,67,0,1]
[15625,1000,79,8,1]
[4096,-512,80,-55,5,-2,1]
[15625,1625,178,13,1]
[4096,256,47,4,1]
[4096,768,-128,-101,-8,3,1]
[4096,-1280,720,-151,45,-5,1]
[729,-108,-10,-4,1]
[4096,-512,-160,75,-10,-2,1]
[4096,768,304,3,19,3,1]
[14641,-1089,258,-9,1]
[4096,-512,160,55,10,-2,1]
[2401,0,15,0,1]
[15625,-1250,9,-10,1]
[4096,0,-16,-81,-1,0,1]
[4096,1280,352,43,22,5,1]
[729,-243,243,-53,27,-3,1]
[4096,256,16,63,1,1,1]
[14641,-242,-76,-2,1]
[729,-648,405,-152,45,-8,1]
[4096,256,16,-49,1,1,1]
[729,324,198,73,22,4,1]
[16384,384,31,3,1]
[4096,-1024,672,-111,42,-4,1]
[256,-256,144,-44,9,-11,9,-4,1]
[14641,-1815,157,-15,1]
[14641,-484,-23,-4,1]
[625,-75,37,-3,1]
[6561,-405,163,-5,1]
[16384,-2304,237,-18,1]
[256,128,48,24,9,6,3,2,1]
[15625,-1875,153,-15,1]
[4096,0,64,17,4,0,1]
[15625,-1000,179,-8,1]
[4096,1024,224,-11,14,4,1]
[64,0,-5,0,1]
[4096,2048,528,131,33,8,1]
[15625,3000,309,24,1]
[15625,-1125,62,-9,1]
[15625,-3125,354,-25,1]
[15625,-1875,102,-15,1]
[729,324,90,37,10,4,1]
[4096,-1280,48,47,3,-5,1]
[729,810,486,194,54,10,1]
[256,64,-96,-8,33,-2,-6,1,1]
[4096,-256,304,-29,19,-1,1]
[256,192,48,-36,-39,-9,3,3,1]
[15625,1125,152,9,1]
[16384,1920,149,15,1]
[256,0,48,-8,17,-2,3,0,1]
[256,64,48,20,25,5,3,1,1]
[4096,768,256,49,16,3,1]
[4096,256,-112,25,-7,1,1]
[4096,-1792,-32,121,-2,-7,1]
[4096,-256,48,29,3,-1,1]
[729,567,261,88,29,7,1]
[729,0,-18,-19,-2,0,1]
[16384,-1664,137,-13,1]
[16384,1664,185,13,1]
[4096,-256,96,37,6,-1,1]
[14641,-1089,-32,-9,1]
[4096,-2560,1008,-297,63,-10,1]
[16384,1280,119,10,1]
[256,-256,112,-52,29,-13,7,-4,1]
[4096,0,0,71,0,0,1]
[729,-243,27,23,3,-3,1]
[4096,768,272,21,17,3,1]
[14641,1815,166,15,1]
[15625,1125,172,9,1]
[4096,768,288,63,18,3,1]
[729,-567,90,13,10,-7,1]
[256,192,144,56,29,14,9,3,1]
[15625,0,26,0,1]
[4096,-512,496,-57,31,-2,1]
[4096,-768,80,-13,5,-3,1]
[4096,1280,112,-25,7,5,1]
[4096,1536,48,-45,3,6,1]
[4096,1024,320,55,20,4,1]
[4096,-1536,848,-191,53,-6,1]
[4096,-768,144,37,9,-3,1]
[4096,768,384,63,24,3,1]
[4096,-768,592,-77,37,-3,1]
[15625,0,-137,0,1]
[729,162,216,31,24,2,1]
[16384,2432,315,19,1]
[16384,-896,103,-7,1]
[256,-192,176,-108,63,-27,11,-3,1]
[4096,0,144,25,9,0,1]
[729,243,-9,-7,-1,3,1]
[4096,-1024,304,-123,19,-4,1]
[256,64,0,-28,-7,-7,0,1,1]
[256,-384,304,-196,109,-49,19,-6,1]
[2401,-294,-11,-6,1]
[4096,-768,512,-63,32,-3,1]
[729,81,-27,-41,-3,1,1]
[4096,1536,0,-75,0,6,1]
[4096,256,320,9,20,1,1]
[729,-243,-18,32,-2,-3,1]
[729,81,-9,23,-1,1,1]
[14641,726,237,6,1]
[4096,0,480,21,30,0,1]
[81,-54,22,-6,1]
[4096,-512,-160,41,-10,-2,1]
[16384,-3328,397,-26,1]
[4096,768,400,27,25,3,1]
[16384,2304,217,18,1]
[4096,-2560,976,-267,61,-10,1]
[49,11,1]
[4096,0,-48,53,-3,0,1]
[256,512,512,352,193,88,32,8,1]
[14641,-3267,393,-27,1]
[256,-128,0,-12,13,-3,0,-2,1]
[4096,-512,208,25,13,-2,1]
[16384,2304,317,18,1]
[14641,-242,-54,-2,1]
[256,-128,32,-8,15,-2,2,-2,1]
[4096,768,-128,-85,-8,3,1]
[14641,121,192,1,1]
[729,81,27,-7,3,1,1]
[4096,512,48,-29,3,2,1]
[729,-243,36,-20,4,-3,1]
[4096,-1792,704,-199,44,-7,1]
[729,0,144,10,16,0,1]
[4096,2304,832,251,52,9,1]
[4096,-1024,496,-61,31,-4,1]
[16384,2944,293,23,1]
[4096,1792,176,-35,11,7,1]
[16384,-1664,213,-13,1]
[4096,-512,48,-79,3,-2,1]
[15625,-2750,257,-22,1]
[256,0,-48,12,7,3,-3,0,1]
[729,81,18,44,2,1,1]
[256,64,96,32,29,8,6,1,1]
[2401,686,101,14,1]
[256,-128,80,-12,3,-3,5,-2,1]
[729,-162,-72,40,-8,-2,1]
[4096,1792,272,1,17,7,1]
[4096,1152,195,18,1]
[4096,64,115,1,1]
[15625,-875,206,-7,1]
[14641,-121,178,-1,1]
[729,0,20,0,1]
[4096,-4608,2384,-743,149,-18,1]
[4096,512,192,43,12,2,1]
[4096,-1536,272,-41,17,-6,1]
[4096,1536,832,185,52,6,1]
[14641,1331,229,11,1]
[4096,256,240,-45,15,1,1]
[625,-100,4,-4,1]
[14641,-484,-139,-4,1]
[4096,-128,-65,-2,1]
[6561,486,118,6,1]
[4096,-1024,0,25,0,-4,1]
[15625,125,-47,1,1]
[15625,-3625,426,-29,1]
[14641,0,73,0,1]
[625,-100,13,-4,1]
[729,-324,72,-8,8,-4,1]
[15625,2250,298,18,1]
[4096,-256,16,101,1,-1,1]
[16384,896,-65,7,1]
[4096,0,-32,-83,-2,0,1]
[256,128,64,40,37,10,4,2,1]
[4096,640,127,10,1]
[4096,768,-160,-61,-10,3,1]
[4096,512,16,59,1,2,1]
[6561,-1134,184,-14,1]
[14641,484,142,4,1]
[4096,1280,272,75,17,5,1]
[256,-320,240,-156,87,-39,15,-5,1]
[4096,-512,-80,93,-5,-2,1]
[256,-256,256,-176,95,-44,16,-4,1]
[4096,-768,128,-59,8,-3,1]
[4096,-768,320,-77,20,-3,1]
[4096,1536,0,-83,0,6,1]
[16384,-768,197,-6,1]
[729,-243,171,-46,19,-3,1]
[2401,882,162,18,1]
[4096,2048,400,53,25,8,1]
[16384,-128,149,-1,1]
[2401,-196,-11,-4,1]
[256,128,16,-28,-35,-7,1,2,1]
[16384,-2816,281,-22,1]
[15625,-1500,23,-12,1]
[4096,-768,736,-95,46,-3,1]
[4096,-256,-16,15,-1,-1,1]
[14641,847,104,7,1]
[6561,486,-20,6,1]
[4096,0,480,1,30,0,1]
[16384,-128,221,-1,1]
[4096,0,144,-11,9,0,1]
[15625,1750,138,14,1]
[4096,0,208,-21,13,0,1]
[256,-128,-32,-16,37,-4,-2,-2,1]
[4096,256,112,87,7,1,1]
[256,256,64,-20,-19,-5,4,4,1]
[15625,3875,446,31,1]
[729,-405,216,-85,24,-5,1]
[256,128,32,4,7,1,2,2,1]
[2401,343,39,7,1]
[256,-64,-80,0,29,0,-5,-1,1]
[14641,1573,186,13,1]
[729,0,0,-2,0,0,1]
[4096,-1024,-80,91,-5,-4,1]
[4096,3072,1088,279,68,12,1]
[256,64,16,12,13,3,1,1,1]
[4096,-1024,464,-57,29,-4,1]
[16384,1408,121,11,1]
[4096,-2304,656,-137,41,-9,1]
[14641,1331,147,11,1]
[4096,-1536,240,-1,15,-6,1]
[256,-128,112,-40,31,-10,7,-2,1]
[4096,0,320,-35,20,0,1]
[256,-64,0,0,15,0,0,-1,1]
[14641,-2662,309,-22,1]
[256,-192,0,16,1,4,0,-3,1]
[15625,2875,379,23,1]
[4096,-1792,592,-195,37,-7,1]
[14641,0,174,0,1]
[15625,2875,366,23,1]
[15625,-2375,201,-19,1]
[16384,1792,197,14,1]
[14641,-2783,338,-23,1]
[2401,-245,61,-5,1]
[14641,-2783,273,-23,1]
[15625,0,-117,0,1]
[4096,2816,1184,341,74,11,1]
[729,-162,-18,10,-2,-2,1]
[4096,-1536,720,-181,45,-6,1]
[729,0,9,-1,1,0,1]
[16384,-1792,93,-14,1]
[4096,-256,-128,51,-8,-1,1]
[15625,-2750,337,-22,1]
[4096,3072,1312,379,82,12,1]
[4096,-768,192,-49,12,-3,1]
[512,128,112,23,14,2,1]
[4096,256,0,17,0,1,1]
[4096,-256,0,-33,0,-1,1]
[16384,-128,-129,-1,1]
[256,128,96,48,19,12,6,2,1]
[4096,1280,784,153,49,5,1]
[4096,-2304,864,-225,54,-9,1]
[256,128,96,68,27,17,6,2,1]
[16384,512,209,4,1]
[14641,-3388,421,-28,1]
[6561,-729,128,-9,1]
[729,-405,-45,68,-5,-5,1]
[256,0,128,8,43,2,8,0,1]
[256,-64,32,-24,11,-6,2,-1,1]
[256,-128,128,-72,39,-18,8,-2,1]
[9,4,1]
[6561,-243,-38,-3,1]
[256,0,64,32,7,8,4,0,1]
[4096,-1792,512,-153,32,-7,1]
[4096,-1536,240,-41,15,-6,1]
[4096,0,112,45,7,0,1]
[729,-243,36,-5,4,-3,1]
[256,0,-80,0,11,0,-5,0,1]
[14641,-121,67,-1,1]
[256,0,-96,-12,29,-3,-6,0,1]
[729,-567,333,-118,37,-7,1]
[6561,1620,208,20,1]
[15625,-2750,332,-22,1]
[729,-243,135,-28,15,-3,1]
[256,-192,96,-24,11,-6,6,-3,1]
[256,64,-48,-12,-3,-3,-3,1,1]
[16384,1920,121,15,1]
[4096,0,288,7,18,0,1]
[4096,1024,272,123,17,4,1]
[4096,256,384,-21,24,1,1]
[729,162,-9,4,-1,2,1]
[2401,-98,86,-2,1]
[4096,1792,256,31,16,7,1]
[729,-81,45,17,5,-1,1]
[15625,125,132,1,1]
[16384,512,-71,4,1]
[729,-81,135,-16,15,-1,1]
[512,128,144,35,18,2,1]
[6561,-1620,208,-20,1]
[14641,-2662,293,-22,1]
[4096,-256,256,41,16,-1,1]
[512,64,-8,21,-1,1,1]
[14641,363,8,3,1]
[16384,640,197,5,1]
[15625,-1500,223,-12,1]
[256,0,0,8,21,2,0,0,1]
[4096,3584,1712,515,107,14,1]
[6561,-972,145,-12,1]
[4096,-1536,320,-51,20,-6,1]
[4096,-2560,512,-63,32,-10,1]
[15625,-375,241,-3,1]
[6561,324,118,4,1]
[2401,-147,5,-3,1]
[15625,3000,352,24,1]
[6561,243,34,3,1]
[14641,-484,-102,-4,1]
[2401,-98,62,-2,1]
[4096,768,768,93,48,3,1]
[4096,-512,96,37,6,-2,1]
[256,0,96,-8,17,-2,6,0,1]
[4096,960,115,15,1]
[512,-128,-48,37,-6,-2,1]
[4096,-1280,64,21,4,-5,1]
[256,64,80,40,31,10,5,1,1]
[4096,-768,272,-81,17,-3,1]
[14641,-847,-79,-7,1]
[4096,-1536,432,-151,27,-6,1]
[4096,1536,256,61,16,6,1]
[729,162,135,40,15,2,1]
[4096,-1280,320,-113,20,-5,1]
[729,-81,72,14,8,-1,1]
[256,0,0,8,-11,2,0,0,1]
[4096,768,240,5,15,3,1]
[4096,1280,512,165,32,5,1]
[512,128,48,21,6,2,1]
[4096,-4096,1968,-599,123,-16,1]
[14641,-1936,267,-16,1]
[729,-405,234,-89,26,-5,1]
[6561,-648,100,-8,1]
[4096,-256,224,-49,14,-1,1]
[6561,324,70,4,1]
[4096,-768,32,5,2,-3,1]
[14641,-1452,177,-12,1]
[2401,147,-33,3,1]
[512,128,96,33,12,2,1]
[256,-128,160,-72,55,-18,10,-2,1]
[4096,-768,288,-15,18,-3,1]
[2401,637,122,13,1]
[729,-243,81,-50,9,-3,1]
[4096,0,224,41,14,0,1]
[4096,-1280,736,-141,46,-5,1]
[729,-243,-45,44,-5,-3,1]
[256,128,48,0,-3,0,3,2,1]
[9,2,1]
[4096,256,16,79,1,1,1]
[4096,-2048,800,-205,50,-8,1]
[512,192,72,19,9,3,1]
[4096,768,112,9,7,3,1]
[4096,768,144,85,9,3,1]
[729,-81,180,-16,20,-1,1]
[14641,-605,100,-5,1]
[4096,-256,320,1,20,-1,1]
[4096,1536,48,-77,3,6,1]
[81,54,22,6,1]
[14641,484,-26,4,1]
[4096,0,576,9,36,0,1]
[4096,1792,688,181,43,7,1]
[512,448,160,43,20,7,1]
[16384,-128,-117,-1,1]
[729,162,234,35,26,2,1]
[729,-810,486,-191,54,-10,1]
[4096,3328,1344,377,84,13,1]
[4096,256,304,-7,19,1,1]
[4096,768,96,-33,6,3,1]
[15625,750,152,6,1]
[729,-243,-9,7,-1,-3,1]
[256,192,112,76,37,19,7,3,1]
[512,-512,256,-93,32,-8,1]
[4096,-1024,240,-61,15,-4,1]
[4096,2304,736,207,46,9,1]
[14641,-4840,641,-40,1]
[15625,125,-168,1,1]
[15625,125,36,1,1]
[4096,-256,416,-29,26,-1,1]
[4096,0,304,-15,19,0,1]
[729,-324,90,-4,10,-4,1]
[16384,-640,249,-5,1]
[729,0,-18,-16,-2,0,1]
[14641,1089,225,9,1]
[4096,-768,496,-67,31,-3,1]
[4096,1024,208,27,13,4,1]
[4096,512,272,69,17,2,1]
[14641,-242,35,-2,1]
[256,64,32,12,-7,3,2,1,1]
[4096,2048,656,149,41,8,1]
[15625,2125,208,17,1]
[16384,-1920,211,-15,1]
[4096,-1280,176,-11,11,-5,1]
[4096,-1280,176,1,11,-5,1]
[4096,0,-144,-11,-9,0,1]
[4096,256,208,-23,13,1,1]
[6561,-1134,128,-14,1]
[4096,1280,368,55,23,5,1]
[4096,-512,448,-73,28,-2,1]
[256,-192,48,48,-39,12,3,-3,1]
[512,-192,-40,49,-5,-3,1]
[4096,-576,117,-9,1]
[729,-324,90,-37,10,-4,1]
[256,-16,-7,-1,1]
[4096,-256,-96,79,-6,-1,1]
[729,243,27,-1,3,3,1]
[256,0,112,0,41,0,7,0,1]
[4096,0,304,21,19,0,1]
[4096,0,80,49,5,0,1]
[4096,-512,48,-83,3,-2,1]
[2401,0,-60,0,1]
[4096,1536,624,189,39,6,1]
[16384,-512,219,-4,1]
[14641,2178,184,18,1]
[14641,3025,317,25,1]
[14641,1089,235,9,1]
[4096,-2304,672,-165,42,-9,1]
[4096,-256,384,-13,24,-1,1]
[14641,242,214,2,1]
[4096,-1024,448,-111,28,-4,1]
[256,128,192,96,65,24,12,2,1]
[729,-81,43,-3,1]
[1024,160,29,5,1]
[256,0,-48,-4,3,-1,-3,0,1]
[512,-128,48,3,6,-2,1]
[256,-64,48,16,-11,4,3,-1,1]
[16384,768,43,6,1]
[4096,256,-224,-21,-14,1,1]
[2401,539,107,11,1]
[16384,-2816,341,-22,1]
[14641,1573,261,13,1]
[15625,250,-133,2,1]
[729,162,162,20,18,2,1]
[15625,375,3,3,1]
[4096,-256,123,-4,1]
[4096,1024,240,-9,15,4,1]
[15625,1500,88,12,1]
[14641,363,65,3,1]
[4096,-512,64,7,4,-2,1]
[4096,512,96,1,6,2,1]
[256,192,80,-4,-15,-1,5,3,1]
[4096,512,480,21,30,2,1]
[16384,-2816,325,-22,1]
[4096,-1024,144,-51,9,-4,1]
[4096,-1280,32,55,2,-5,1]
[256,128,32,16,15,4,2,2,1]
[4096,-512,-112,33,-7,-2,1]
[4096,1792,688,219,43,7,1]
[256,256,64,-40,-35,-10,4,4,1]
[15625,1125,51,9,1]
[15625,-1750,172,-14,1]
[512,0,-32,21,-4,0,1]
[4096,0,0,91,0,0,1]
[16384,3584,423,28,1]
[256,384,288,132,57,33,18,6,1]
[16384,-384,-183,-3,1]
[256,-384,288,-160,81,-40,18,-6,1]
[4096,1792,128,-53,8,7,1]
[256,128,48,-12,-15,-3,3,2,1]
[256,64,48,-8,5,-2,3,1,1]
[6561,891,46,11,1]
[729,405,126,32,14,5,1]
[15625,875,228,7,1]
[4096,-2304,880,-255,55,-9,1]
[729,0,-18,23,-2,0,1]
[6561,1134,97,14,1]
[1024,128,49,4,1]
[4096,1728,307,27,1]
[512,-128,160,-33,20,-2,1]
[16384,768,241,6,1]
[4096,-1792,496,-93,31,-7,1]
[4096,-1280,288,-51,18,-5,1]
[64,0,0,11,0,0,1]
[4096,2304,736,175,46,9,1]
[14641,363,41,3,1]
[4096,0,80,-51,5,0,1]
[256,-128,16,32,-31,8,1,-2,1]
[15625,2500,249,20,1]
[256,64,64,40,11,10,4,1,1]
[4096,-128,105,-2,1]
[16384,128,67,1,1]
[4096,768,288,-7,18,3,1]
[2401,-588,121,-12,1]
[6561,-162,-32,-2,1]
[16384,3968,465,31,1]
[15625,2125,283,17,1]
[256,320,304,188,107,47,19,5,1]
[729,324,9,-16,1,4,1]
[4096,2048,848,207,53,8,1]
[14641,-605,-95,-5,1]
[256,-64,0,36,-7,9,0,-1,1]
[4096,256,96,53,6,1,1]
[4096,-512,-160,109,-10,-2,1]
[6561,-486,92,-6,1]
[4096,768,240,39,15,3,1]
[2401,-490,58,-10,1]
[256,64,32,-20,-21,-5,2,1,1]
[4096,-320,21,-5,1]
[4096,2048,224,-25,14,8,1]
[14641,-1089,199,-9,1]
[729,324,180,55,20,4,1]
[14641,-1452,269,-12,1]
[6561,-243,103,-3,1]
[4096,0,32,-13,2,0,1]
[14641,-847,105,-7,1]
[729,486,261,86,29,6,1]
[4096,-1792,240,5,15,-7,1]
[256,64,-96,4,37,1,-6,1,1]
[16384,1408,117,11,1]
[256,-64,16,-32,17,-8,1,-1,1]
[4096,-768,-176,105,-11,-3,1]
[729,0,144,5,16,0,1]
[4096,-1024,512,-113,32,-4,1]
[4096,512,-224,-55,-14,2,1]
[14641,2662,268,22,1]
[4096,-512,480,-75,30,-2,1]
[15625,-750,-37,-6,1]
[14641,1089,93,9,1]
[14641,-2662,306,-22,1]
[256,-192,112,-68,47,-17,7,-3,1]
[512,-384,192,-67,24,-6,1]
[16384,-3072,329,-24,1]
[4096,-256,160,-21,10,-1,1]
[4096,0,240,-13,15,0,1]
[16384,128,53,1,1]
[81,9,-8,1,1]
[729,81,-18,-28,-2,1,1]
[15625,-2375,231,-19,1]
[256,128,64,48,23,12,4,2,1]
[4096,1792,720,165,45,7,1]
[4096,768,48,5,3,3,1]
[6561,-486,20,-6,1]
[4096,-1024,-32,21,-2,-4,1]
[729,162,45,46,5,2,1]
[256,-192,208,-112,73,-28,13,-3,1]
[14641,968,102,8,1]
[256,64,16,12,-7,3,1,1,1]
[4096,2816,656,103,41,11,1]
[14641,-1089,196,-9,1]
[15625,-1250,52,-10,1]
[2401,-637,127,-13,1]
[256,-128,0,20,-11,5,0,-2,1]
[4096,1024,144,71,9,4,1]
[4096,-2560,960,-285,60,-10,1]
[4096,-1024,240,-95,15,-4,1]
[625,125,22,5,1]
[4096,-512,16,-55,1,-2,1]
[81,-27,17,-3,1]
[4096,-256,192,-41,12,-1,1]
[14641,1331,160,11,1]
[4096,-1024,-192,139,-12,-4,1]
[16384,3200,411,25,1]
[729,-486,207,-67,23,-6,1]
[729,-81,45,-44,5,-1,1]
[4096,2048,896,221,56,8,1]
[256,64,-16,16,31,4,-1,1,1]
[4096,256,256,-7,16,1,1]
[4096,1792,-160,-183,-10,7,1]
[4096,-1024,-16,95,-1,-4,1]
[6561,243,-50,3,1]
[14641,968,202,8,1]
[256,192,160,108,57,27,10,3,1]
[4096,768,368,65,23,3,1]
[4096,-1792,560,-125,35,-7,1]
[14641,-2057,196,-17,1]
[14641,4235,546,35,1]
[4096,0,352,-9,22,0,1]
[64,-32,8,3,2,-2,1]
[2401,-441,89,-9,1]
[4096,-1280,336,-65,21,-5,1]
[15625,-1625,138,-13,1]
[256,-64,64,-24,17,-6,4,-1,1]
[4096,0,224,15,14,0,1]
[729,-81,47,-3,1]
[4096,1536,272,49,17,6,1]
[16384,-1408,51,-11,1]
[4096,-512,288,-41,18,-2,1]
[4096,-256,-128,75,-8,-1,1]
[14641,968,120,8,1]
[4096,-768,320,-13,20,-3,1]
[4096,512,-80,-77,-5,2,1]
[4096,2048,704,197,44,8,1]
[14641,-1210,109,-10,1]
[16384,-384,-123,-3,1]
[4096,-768,-80,57,-5,-3,1]
[14641,-3388,419,-28,1]
[729,-486,297,-109,33,-6,1]
[4096,-1024,560,-109,35,-4,1]
[1024,192,27,6,1]
[15625,1375,178,11,1]
[4096,2816,880,207,55,11,1]
[256,-64,48,-40,19,-10,3,-1,1]
[4096,0,560,-1,35,0,1]
[14641,242,-1,2,1]
[14641,-2299,309,-19,1]
[512,192,136,47,17,3,1]
[4096,-1536,80,49,5,-6,1]
[729,324,180,53,20,4,1]
[2401,-784,130,-16,1]
[256,-128,128,-68,31,-17,8,-2,1]
[16384,-256,205,-2,1]
[6561,1215,112,15,1]
[15625,1875,231,15,1]
[15625,1625,262,13,1]
[256,0,32,32,5,8,2,0,1]
[4096,768,112,-55,7,3,1]
[15625,2125,247,17,1]
[4096,512,-32,-69,-2,2,1]
[512,-384,200,-83,25,-6,1]
[4096,64,67,1,1]
[4096,-2048,896,-257,56,-8,1]
[4096,512,528,43,33,2,1]
[14641,-968,-29,-8,1]
[4096,-1536,384,-101,24,-6,1]
[4096,256,240,13,15,1,1]
[729,81,-72,-17,-8,1,1]
[256,192,112,72,37,18,7,3,1]
[6561,1215,137,15,1]
[4096,768,256,23,16,3,1]
[256,128,32,16,19,4,2,2,1]
[15625,1000,-4,8,1]
[729,-81,108,-34,12,-1,1]
[4096,960,179,15,1]
[256,-384,320,-184,95,-46,20,-6,1]
[729,-81,162,-11,18,-1,1]
[256,-128,32,8,-19,2,2,-2,1]
[4096,-256,144,39,9,-1,1]
[4096,-1024,80,39,5,-4,1]
[16384,1664,105,13,1]
[729,-405,144,-50,16,-5,1]
[2401,-833,162,-17,1]
[256,-256,112,-32,13,-8,7,-4,1]
[4096,2560,1120,321,70,10,1]
[4096,768,352,61,22,3,1]
[4096,-1280,-176,123,-11,-5,1]
[4096,-256,96,65,6,-1,1]
[4096,1024,-96,-83,-6,4,1]
[2401,-637,97,-13,1]
[4096,-1280,-112,97,-7,-5,1]
[4096,1024,160,11,10,4,1]
[256,-128,48,-12,15,-3,3,-2,1]
[256,-256,208,-136,75,-34,13,-4,1]
[512,-640,400,-167,50,-10,1]
[729,-243,-27,49,-3,-3,1]
[256,-256,128,-68,41,-17,8,-4,1]
[4096,-256,-64,-23,-4,-1,1]
[14641,-2904,366,-24,1]
[512,-64,88,5,11,-1,1]
[4096,256,336,69,21,1,1]
[4096,2048,720,173,45,8,1]
[6561,324,-11,4,1]
[256,128,112,32,27,8,7,2,1]
[4096,0,-64,31,-4,0,1]
[4096,-128,-89,-2,1]
[6561,324,-2,4,1]
[4096,-3328,1440,-415,90,-13,1]
[4096,-1536,624,-137,39,-6,1]
[14641,1452,65,12,1]
[4096,0,304,-59,19,0,1]
[512,128,56,9,7,2,1]
[4096,1536,912,195,57,6,1]
[4096,-256,480,1,30,-1,1]
[256,-192,80,-36,17,-9,5,-3,1]
[15625,-2750,276,-22,1]
[16384,2432,295,19,1]
[256,-192,32,12,-11,3,2,-3,1]
[4096,256,192,-13,12,1,1]
[14641,1089,92,9,1]
[4096,-256,0,-69,0,-1,1]
[729,-81,27,-47,3,-1,1]
[64,16,20,-1,5,1,1]
[6561,0,-8,0,1]
[4096,1536,768,189,48,6,1]
[16384,1920,307,15,1]
[2401,49,52,1,1]
[4096,1024,384,145,24,4,1]
[4096,512,192,-23,12,2,1]
[729,0,-44,0,1]
[4096,256,368,-11,23,1,1]
[4096,-1024,128,-61,8,-4,1]
[729,567,270,92,30,7,1]
[729,-324,36,16,4,-4,1]
[256,-128,-48,12,17,3,-3,-2,1]
[6561,324,79,4,1]
[4096,-1792,448,-117,28,-7,1]
[16384,768,147,6,1]
[4096,-1280,448,-111,28,-5,1]
[4096,1024,368,135,23,4,1]
[16384,1408,175,11,1]
[256,-64,32,0,-3,0,2,-1,1]
[4096,1792,448,101,28,7,1]
[15625,4000,496,32,1]
[4096,-2304,864,-223,54,-9,1]
[16384,-128,-51,-1,1]
[15625,-375,53,-3,1]
[256,-256,176,-76,37,-19,11,-4,1]
[15625,750,132,6,1]
[4096,-1792,688,-163,43,-7,1]
[64,48,19,6,1]
[256,-128,0,-28,37,-7,0,-2,1]
[15625,500,-12,4,1]
[4096,1024,272,51,17,4,1]
[4096,-1536,112,17,7,-6,1]
[14641,1331,225,11,1]
[4096,0,368,9,23,0,1]
[4096,-2048,384,-53,24,-8,1]
[4096,-2048,816,-251,51,-8,1]
[4096,768,400,105,25,3,1]
[2401,-196,-24,-4,1]
[15625,1000,36,8,1]
[729,81,9,-17,1,1,1]
[15625,1750,114,14,1]
[256,-256,128,-84,53,-21,8,-4,1]
[4096,-1024,-80,41,-5,-4,1]
[4096,0,128,-43,8,0,1]
[256,192,48,-44,-39,-11,3,3,1]
[256,192,48,-40,-33,-10,3,3,1]
[256,-64,16,-20,11,-5,1,-1,1]
[6561,-405,28,-5,1]
[512,384,216,87,27,6,1]
[4096,2816,1232,353,77,11,1]
[14641,363,-51,3,1]
[14641,-2057,184,-17,1]
[4096,768,32,-11,2,3,1]
[4096,1280,464,73,29,5,1]
[4096,-1280,32,45,2,-5,1]
[4096,768,192,-1,12,3,1]
[16384,3328,415,26,1]
[4096,256,400,35,25,1,1]
[4096,2816,1152,341,72,11,1]
[64,-64,20,-3,5,-4,1]
[16384,-1408,117,-11,1]
[729,0,18,10,2,0,1]
[256,128,16,-12,-11,-3,1,2,1]
[729,-486,117,-16,13,-6,1]
[4096,-1536,400,-117,25,-6,1]
[15625,250,112,2,1]
[256,-64,-32,-4,9,-1,-2,-1,1]
[15625,-500,253,-4,1]
[4096,1792,432,117,27,7,1]
[4096,1536,576,147,36,6,1]
[4096,-1792,496,-115,31,-7,1]
[729,-324,-9,35,-1,-4,1]
[4096,2048,720,219,45,8,1]
[256,-64,96,-72,21,-18,6,-1,1]
[256,-128,144,-88,45,-22,9,-2,1]
[4096,-256,560,-29,35,-1,1]
[729,81,43,3,1]
[729,-81,-18,11,-2,-1,1]
[6561,-972,89,-12,1]
[512,-320,168,-73,21,-5,1]
[16384,1280,221,10,1]
[4096,-256,288,-79,18,-1,1]
[4096,512,400,53,25,2,1]
[4096,-256,192,-95,12,-1,1]
[4096,1536,448,121,28,6,1]
[6561,1377,170,17,1]
[256,0,32,-20,-1,-5,2,0,1]
[4096,-1536,432,-115,27,-6,1]
[14641,-3146,339,-26,1]
[4096,768,224,41,14,3,1]
[729,-81,-27,26,-3,-1,1]
[256,320,256,172,99,43,16,5,1]
[4096,1024,96,13,6,4,1]
[15625,-2250,163,-18,1]
[4096,2048,1008,259,63,8,1]
[4096,0,464,-23,29,0,1]
[16384,-2560,259,-20,1]
[512,192,152,37,19,3,1]
[256,0,48,8,-1,2,3,0,1]
[512,-256,160,-47,20,-4,1]
[4096,1280,272,27,17,5,1]
[4096,3584,1616,483,101,14,1]
[4096,768,384,25,24,3,1]
[4096,-1536,336,-29,21,-6,1]
[4096,-768,192,-69,12,-3,1]
[14641,-363,139,-3,1]
[15625,-2625,309,-21,1]
[14641,-1331,133,-11,1]
[256,-64,16,-28,23,-7,1,-1,1]
[512,192,8,1,1,3,1]
[729,0,72,-1,8,0,1]
[4096,-1280,288,-39,18,-5,1]
[4096,512,48,-81,3,2,1]
[4096,768,-208,-111,-13,3,1]
[15625,-250,239,-2,1]
[512,192,56,7,7,3,1]
[4096,-256,320,-71,20,-1,1]
[256,0,16,-36,-1,-9,1,0,1]
[15625,-1000,-46,-8,1]
[4096,-768,-112,77,-7,-3,1]
[4096,0,288,37,18,0,1]
[15625,-1875,193,-15,1]
[4096,-2048,368,-49,23,-8,1]
[4096,-512,368,-25,23,-2,1]
[4096,1024,432,65,27,4,1]
[4096,-1792,544,-121,34,-7,1]
[2401,539,69,11,1]
[4096,-2048,784,-191,49,-8,1]
[6561,-1134,166,-14,1]
[256,-128,32,-20,23,-5,2,-2,1]
[729,-162,0,14,0,-2,1]
[4096,768,208,105,13,3,1]
[15625,2500,226,20,1]
[4096,1024,320,15,20,4,1]
[729,-405,108,-22,12,-5,1]
[4096,1280,256,27,16,5,1]
[14641,2420,216,20,1]
[4096,0,288,-39,18,0,1]
[256,64,32,32,25,8,2,1,1]
[4096,0,16,-29,1,0,1]
[15625,-2375,257,-19,1]
[256,-192,64,44,-33,11,4,-3,1]
[256,-64,16,-24,13,-6,1,-1,1]
[4096,-256,464,-19,29,-1,1]
[4096,1536,800,191,50,6,1]
[512,256,48,13,6,4,1]
[14641,-2541,235,-21,1]
[729,324,72,26,8,4,1]
[16384,256,-179,2,1]
[729,-405,99,-29,11,-5,1]
[6561,81,98,1,1]
[16384,-3328,361,-26,1]
[4096,2304,736,197,46,9,1]
[6561,81,89,1,1]
[4096,1536,576,197,36,6,1]
[14641,968,15,8,1]
[4096,1024,384,129,24,4,1]
[2401,735,137,15,1]
[4096,3328,1488,439,93,13,1]
[6561,324,-59,4,1]
[256,-128,-32,20,1,5,-2,-2,1]
[729,162,-9,-5,-1,2,1]
[256,128,0,-8,7,-2,0,2,1]
[256,192,64,48,33,12,4,3,1]
[15625,-625,134,-5,1]
[729,-162,126,-26,14,-2,1]
[2401,784,146,16,1]
[4096,256,464,1,29,1,1]
[14641,2420,214,20,1]
[729,-162,18,8,2,-2,1]
[4096,-1024,-144,95,-9,-4,1]
[4096,1792,432,75,27,7,1]
[6561,-1053,146,-13,1]
[14641,-484,-147,-4,1]
[4096,768,-176,-123,-11,3,1]
[256,192,32,4,5,1,2,3,1]
[4096,-1024,144,41,9,-4,1]
[6561,-891,148,-11,1]
[4096,1280,288,99,18,5,1]
[16384,-256,-61,-2,1]
[512,-64,0,25,0,-1,1]
[15625,-3250,359,-26,1]
[4096,1792,704,191,44,7,1]
[1024,0,-45,0,1]
[4096,512,144,11,9,2,1]
[4096,1024,384,109,24,4,1]
[256,-128,64,-20,11,-5,4,-2,1]
[4096,1024,192,-17,12,4,1]
[256,128,128,40,29,10,8,2,1]
[729,-243,9,-1,1,-3,1]
[4096,2304,560,103,35,9,1]
[4096,-768,368,-19,23,-3,1]
[4096,3328,1424,409,89,13,1]
[256,128,48,-12,-11,-3,3,2,1]
[6561,486,58,6,1]
[64,13,1]
[4096,768,544,67,34,3,1]
[625,-125,6,-5,1]
[4096,2304,1008,293,63,9,1]
[4096,256,128,-33,8,1,1]
[4096,768,80,45,5,3,1]
[14641,1936,239,16,1]
[256,448,400,248,129,62,25,7,1]
[4096,-512,128,59,8,-2,1]
[15625,-1250,-2,-10,1]
[625,0,33,0,1]
[2401,-49,-54,-1,1]
[4096,2048,592,163,37,8,1]
[14641,-2420,256,-20,1]
[4096,256,544,27,34,1,1]
[4096,0,112,-45,7,0,1]
[729,162,-72,-34,-8,2,1]
[4096,-1280,224,-23,14,-5,1]
[4096,0,-112,-63,-7,0,1]
[6561,1863,280,23,1]
[256,-448,448,-324,183,-81,28,-7,1]
[15625,-375,252,-3,1]
[4096,768,96,-15,6,3,1]
[6561,1377,218,17,1]
[14641,3025,386,25,1]
[256,192,16,24,33,6,1,3,1]
[15625,-500,-98,-4,1]
[729,-324,117,-34,13,-4,1]
[4096,0,320,-1,20,0,1]
[14641,-2541,259,-21,1]
[6561,-2349,362,-29,1]
[4096,-256,32,-19,2,-1,1]
[4096,0,-112,1,-7,0,1]
[6561,-567,-19,-7,1]
[4096,512,0,-11,0,2,1]
[15625,1625,153,13,1]
[14641,1936,135,16,1]
[15625,-750,17,-6,1]
[256,-128,64,-24,11,-6,4,-2,1]
[256,-32,23,-2,1]
[729,486,117,14,13,6,1]
[4096,2048,544,107,34,8,1]
[4096,1536,448,141,28,6,1]
[256,-320,304,-208,113,-52,19,-5,1]
[729,243,-9,-29,-1,3,1]
[6561,-1377,175,-17,1]
[4096,-512,272,13,17,-2,1]
[256,0,-32,16,3,4,-2,0,1]
[256,-128,16,-24,27,-6,1,-2,1]
[14641,605,-102,5,1]
[15625,1000,186,8,1]
[14641,605,-50,5,1]
[14641,1089,-31,9,1]
[4096,1280,544,165,34,5,1]
[4096,0,160,-31,10,0,1]
[4096,1536,384,79,24,6,1]
[4096,512,176,59,11,2,1]
[625,100,13,4,1]
[4096,-1280,-176,127,-11,-5,1]
[729,567,279,112,31,7,1]
[15625,-1500,256,-12,1]
[4096,1024,432,119,27,4,1]
[15625,-2625,316,-21,1]
[4096,512,432,47,27,2,1]
[625,425,121,17,1]
[729,243,108,23,12,3,1]
[729,0,135,13,15,0,1]
[4096,256,288,-41,18,1,1]
[729,243,81,19,9,3,1]
[15625,3000,344,24,1]
[4096,-2816,976,-253,61,-11,1]
[4096,-1792,800,-201,50,-7,1]
[4096,1280,640,157,40,5,1]
[4096,768,-176,-81,-11,3,1]
[4096,0,112,-55,7,0,1]
[14641,0,139,0,1]
[4096,-768,480,-41,30,-3,1]
[14641,4477,579,37,1]
[15625,2250,222,18,1]
[256,-320,176,-48,11,-12,11,-5,1]
[256,64,-16,-8,-5,-2,-1,1,1]
[4096,-3584,1520,-437,95,-14,1]
[4096,-768,128,-9,8,-3,1]
[256,192,80,36,21,9,5,3,1]
[729,648,324,121,36,8,1]
[4096,512,160,11,10,2,1]
[256,128,48,28,19,7,3,2,1]
[64,48,40,17,10,3,1]
[2401,-441,50,-9,1]
[256,-384,352,-228,123,-57,22,-6,1]
[256,-320,192,-84,39,-21,12,-5,1]
[16384,-1536,69,-12,1]
[16384,-768,-39,-6,1]
[14641,2904,327,24,1]
[4096,-256,64,-13,4,-1,1]
[256,-64,-32,28,-3,7,-2,-1,1]
[14641,968,173,8,1]
[4096,-1280,512,-107,32,-5,1]
[15625,0,184,0,1]
[256,0,160,-20,47,-5,10,0,1]
[729,-189,50,-7,1]
[256,256,112,-12,-25,-3,7,4,1]
[256,-192,176,-104,53,-26,11,-3,1]
[14641,1815,296,15,1]
[16384,-2048,165,-16,1]
[729,0,36,40,4,0,1]
[729,-324,85,-12,1]
[4096,1280,384,151,24,5,1]
[4096,192,-43,3,1]
[4096,0,288,59,18,0,1]
[4096,256,32,95,2,1,1]
[729,0,45,28,5,0,1]
[15625,-1000,198,-8,1]
[4096,-448,21,-7,1]
[256,64,-16,-24,-13,-6,-1,1,1]
[512,-320,168,-67,21,-5,1]
[4096,-896,163,-14,1]
[4096,-512,288,-9,18,-2,1]
[256,64,32,20,29,5,2,1,1]
[15625,-125,101,-1,1]
[4096,0,-96,-59,-6,0,1]
[6561,-162,133,-2,1]
[4096,-256,480,-5,30,-1,1]
[4096,1024,384,103,24,4,1]
[4096,-64,53,-1,1]
[15625,750,31,6,1]
[14641,-363,69,-3,1]
[15625,-2250,176,-18,1]
[729,243,27,-23,3,3,1]
[4096,-3584,1728,-527,108,-14,1]
[4096,-768,240,-99,15,-3,1]
[4096,2816,912,225,57,11,1]
[4096,512,192,-11,12,2,1]
[4096,-512,496,-51,31,-2,1]
[4096,-1024,304,-31,19,-4,1]
[256,-128,112,-80,29,-20,7,-2,1]
[4096,1024,192,93,12,4,1]
[16384,128,-161,1,1]
[16384,-2816,299,-22,1]
[4096,1792,720,183,45,7,1]
[729,0,27,17,3,0,1]
[16384,-1792,303,-14,1]
[14641,726,135,6,1]
[4096,-1536,416,-131,26,-6,1]
[256,-64,-32,-24,25,-6,-2,-1,1]
[6561,648,-1,8,1]
[14641,-3267,400,-27,1]
[4096,512,576,51,36,2,1]
[6561,1296,200,16,1]
[729,324,99,34,11,4,1]
[16384,0,99,0,1]
[4096,-256,656,-37,41,-1,1]
[4096,-2304,1072,-295,67,-9,1]
[4096,-2816,912,-219,57,-11,1]
[2401,1029,199,21,1]
[4096,1280,304,67,19,5,1]
[512,64,16,-5,2,1,1]
[14641,-2662,278,-22,1]
[256,64,32,0,-9,0,2,1,1]
[15625,875,252,7,1]
[4096,-1024,48,27,3,-4,1]
[14641,-1694,278,-14,1]
[4096,-768,208,15,13,-3,1]
[4096,0,-32,-99,-2,0,1]
[256,192,112,72,41,18,7,3,1]
[512,64,-16,-19,-2,1,1]
[4096,2816,960,247,60,11,1]
[256,64,-16,8,17,2,-1,1,1]
[729,243,63,37,7,3,1]
[4096,-1280,240,-83,15,-5,1]
[14641,-363,31,-3,1]
[4096,-256,208,35,13,-1,1]
[16384,-3200,383,-25,1]
[4096,-1792,656,-139,41,-7,1]
[256,-128,0,28,-15,7,0,-2,1]
[15625,-375,231,-3,1]
[4096,-2304,848,-261,53,-9,1]
[4096,-512,176,-15,11,-2,1]
[15625,375,43,3,1]
[256,-128,96,-28,15,-7,6,-2,1]
[4096,256,256,89,16,1,1]
[512,256,152,57,19,4,1]
[14641,2662,251,22,1]
[14641,1573,133,13,1]
[15625,500,67,4,1]
[4096,1280,432,97,27,5,1]
[16384,-1536,267,-12,1]
[4096,-512,176,5,11,-2,1]
[15625,-2750,319,-22,1]
[4096,0,336,27,21,0,1]
[729,-648,360,-136,40,-8,1]
[256,-320,272,-168,91,-42,17,-5,1]
[15625,-4750,607,-38,1]
[16384,1024,45,8,1]
[4096,-1792,544,-157,34,-7,1]
[4096,-1024,272,-25,17,-4,1]
[2401,0,-82,0,1]
[4096,0,240,-7,15,0,1]
[4096,-256,-16,-29,-1,-1,1]
[4096,0,288,11,18,0,1]
[729,162,36,19,4,2,1]
[4096,-3328,1504,-455,94,-13,1]
[4096,768,208,21,13,3,1]
[729,567,360,133,40,7,1]
[4096,-1152,201,-18,1]
[2401,147,24,3,1]
[14641,-2541,326,-21,1]
[729,54,-10,2,1]
[15625,-2875,309,-23,1]
[4096,1536,816,189,51,6,1]
[4096,1280,448,113,28,5,1]
[4096,-1536,192,-13,12,-6,1]
[512,384,72,-3,9,6,1]
[15625,-625,-104,-5,1]
[256,64,80,68,13,17,5,1,1]
[4096,-1280,512,-117,32,-5,1]
[4096,512,304,37,19,2,1]
[4096,-1536,512,-169,32,-6,1]
[4096,-256,432,9,27,-1,1]
[4096,1280,592,113,37,5,1]
[256,384,368,268,149,67,23,6,1]
[4096,704,51,11,1]
[14641,-2057,311,-17,1]
[14641,-1089,234,-9,1]
[16384,0,81,0,1]
[256,-64,32,40,-17,10,2,-1,1]
[729,-162,18,-4,2,-2,1]
[4096,1280,-32,-77,-2,5,1]
[4096,512,48,-73,3,2,1]
[4096,256,-80,-113,-5,1,1]
[14641,-484,-61,-4,1]
[729,729,405,158,45,9,1]
[729,-81,9,-35,1,-1,1]
[4096,1280,512,151,32,5,1]
[4096,-512,96,29,6,-2,1]
[15625,2875,342,23,1]
[15625,-625,-46,-5,1]
[625,-100,-3,-4,1]
[729,405,216,82,24,5,1]
[4096,768,432,105,27,3,1]
[256,256,288,176,111,44,18,4,1]
[6561,243,94,3,1]
[4096,1280,464,81,29,5,1]
[256,64,-32,4,11,1,-2,1,1]
[4096,0,80,-37,5,0,1]
[4096,-2048,1040,-263,65,-8,1]
[6561,-729,11,-9,1]
[625,-125,39,-5,1]
[4096,1792,384,57,24,7,1]
[4096,-512,48,25,3,-2,1]
[6561,81,64,1,1]
[256,64,128,32,47,8,8,1,1]
[512,256,216,63,27,4,1]
[729,-243,144,-37,16,-3,1]
[4096,-256,288,-3,18,-1,1]
[14641,1089,-32,9,1]
[6561,324,-82,4,1]
[15625,2375,182,19,1]
[14641,363,-24,3,1]
[729,0,-54,13,-6,0,1]
[2401,-147,-5,-3,1]
[14641,484,-125,4,1]
[14641,-1089,100,-9,1]
[4096,-2048,720,-169,45,-8,1]
[256,-64,16,-16,15,-4,1,-1,1]
[256,256,224,144,75,36,14,4,1]
[4096,512,368,9,23,2,1]
[4096,2304,944,287,59,9,1]
[15625,1000,261,8,1]
[729,324,45,10,5,4,1]
[256,192,96,12,1,3,6,3,1]
[4096,2304,432,53,27,9,1]
[15625,-500,-61,-4,1]
[729,-324,144,-41,16,-4,1]
[15625,-625,26,-5,1]
[256,0,96,-4,31,-1,6,0,1]
[512,64,32,29,4,1,1]
[4096,512,576,69,36,2,1]
[14641,2420,339,20,1]
[14641,-2420,291,-20,1]
[729,81,-9,17,-1,1,1]
[15625,-250,119,-2,1]
[256,64,96,20,21,5,6,1,1]
[625,325,88,13,1]
[4096,-192,-19,-3,1]
[256,96,17,6,1]
[512,-192,104,-21,13,-3,1]
[16384,-384,201,-3,1]
[4096,1536,400,87,25,6,1]
[4096,-256,144,51,9,-1,1]
[729,-81,-36,13,-4,-1,1]
[729,243,45,1,5,3,1]
[729,-162,72,-52,8,-2,1]
[256,-128,96,-52,27,-13,6,-2,1]
[15625,375,-1,3,1]
[4096,-2304,592,-123,37,-9,1]
[4096,2560,848,215,53,10,1]
[4096,1024,320,111,20,4,1]
[4096,2304,1104,297,69,9,1]
[4096,-512,432,-47,27,-2,1]
[4096,-1280,272,-7,17,-5,1]
[64,48,8,-5,2,3,1]
[4096,1792,288,47,18,7,1]
[16384,-3712,419,-29,1]
[729,243,135,19,15,3,1]
[256,0,-16,-20,5,-5,-1,0,1]
[512,128,64,-7,8,2,1]
[16384,-3584,431,-28,1]
[4096,512,-192,-85,-12,2,1]
[16384,-1152,-17,-9,1]
[512,64,16,-9,2,1,1]
[15625,1000,-8,8,1]
[729,-405,135,-49,15,-5,1]
[4096,768,128,65,8,3,1]
[256,320,192,96,51,24,12,5,1]
[4096,512,-128,-37,-8,2,1]
[729,0,18,-37,2,0,1]
[256,256,144,80,43,20,9,4,1]
[4096,256,384,43,24,1,1]
[256,192,112,40,23,10,7,3,1]
[4096,0,-32,-95,-2,0,1]
[16384,1152,43,9,1]
[16384,-128,-105,-1,1]
[729,-486,126,-25,14,-6,1]
[4096,768,96,-43,6,3,1]
[512,512,288,117,36,8,1]
[256,0,0,16,-1,4,0,0,1]
[4096,-512,496,-41,31,-2,1]
[256,512,464,260,125,65,29,8,1]
[4096,-512,112,23,7,-2,1]
[4096,-1024,336,-105,21,-4,1]
[4096,-1024,80,-13,5,-4,1]
[4096,-3840,1760,-525,110,-15,1]
[4096,-1280,288,-107,18,-5,1]
[4096,-1536,-144,157,-9,-6,1]
[512,-64,56,11,7,-1,1]
[14641,121,43,1,1]
[4096,256,288,45,18,1,1]
[4096,-512,-112,119,-7,-2,1]
[256,-128,192,-80,65,-20,12,-2,1]
[4096,2048,960,245,60,8,1]
[4096,768,480,57,30,3,1]
[4096,1536,528,107,33,6,1]
[729,567,324,125,36,7,1]
[4096,1280,224,79,14,5,1]
[4096,768,336,75,21,3,1]
[16384,-1024,-37,-8,1]
[6561,-972,151,-12,1]
[4096,1024,224,3,14,4,1]
[14641,-1210,129,-10,1]
[256,64,16,-20,-5,-5,1,1,1]
[4096,256,32,-89,2,1,1]
[256,64,-48,0,17,0,-3,1,1]
[16384,640,5,5,1]
[729,324,126,44,14,4,1]
[1024,64,-29,2,1]
[4096,512,432,75,27,2,1]
[4096,-1280,48,21,3,-5,1]
[16384,1920,107,15,1]
[4096,-2048,704,-175,44,-8,1]
[256,-192,112,-16,5,-4,7,-3,1]
[4096,-1280,384,-157,24,-5,1]
[4096,-512,-64,121,-4,-2,1]
[6561,567,16,7,1]
[4096,768,-48,-49,-3,3,1]
[4096,-1024,480,-61,30,-4,1]
[14641,242,-113,2,1]
[4096,1024,672,105,42,4,1]
[14641,-1573,171,-13,1]
[4096,2816,1088,317,68,11,1]
[6561,-648,173,-8,1]
[4096,1280,-144,-127,-9,5,1]
[512,64,24,-23,3,1,1]
[256,0,0,-16,-1,-4,0,0,1]
[4096,-1024,480,-69,30,-4,1]
[4096,-1024,528,-73,33,-4,1]
[729,0,90,-16,10,0,1]
[4096,-2304,560,-107,35,-9,1]
[256,128,16,20,27,5,1,2,1]
[4096,1536,528,155,33,6,1]
[16384,1024,123,8,1]
[16384,-128,-109,-1,1]
[4096,2816,1152,329,72,11,1]
[256,0,0,-12,-5,-3,0,0,1]
[15625,-375,-182,-3,1]
[14641,-3025,375,-25,1]
[4096,-3328,1536,-459,96,-13,1]
[512,64,40,-3,5,1,1]
[4096,256,256,-25,16,1,1]
[14641,-1815,289,-15,1]
[15625,-500,-72,-4,1]
[2401,-392,58,-8,1]
[256,0,16,-28,13,-7,1,0,1]
[4096,-1024,512,-73,32,-4,1]
[4096,-1280,400,-137,25,-5,1]
[4096,-768,560,-95,35,-3,1]
[512,128,32,3,4,2,1]
[14641,-2299,314,-19,1]
[256,192,32,8,15,2,2,3,1]
[4096,-512,608,-49,38,-2,1]
[4096,-2304,992,-285,62,-9,1]
[4096,768,112,7,7,3,1]
[14641,-968,222,-8,1]
[4096,256,352,25,22,1,1]
[16384,-896,-29,-7,1]
[4096,1280,352,57,22,5,1]
[4096,512,400,33,25,2,1]
[4096,768,-32,-11,-2,3,1]
[14641,1210,147,10,1]
[4096,768,176,3,11,3,1]
[14641,-121,239,-1,1]
[4096,-1280,368,-137,23,-5,1]
[512,-384,40,23,5,-6,1]
[1024,128,-1,4,1]
[4096,-256,416,-27,26,-1,1]
[4096,0,-208,-11,-13,0,1]
[4096,2048,320,19,20,8,1]
[4096,1024,176,67,11,4,1]
[4096,-256,400,9,25,-1,1]
[4096,2304,976,261,61,9,1]
[729,243,108,52,12,3,1]
[4096,-512,272,-29,17,-2,1]
[729,81,-36,-29,-4,1,1]
[4096,-768,544,-91,34,-3,1]
[15625,1375,201,11,1]
[729,-243,0,31,0,-3,1]
[512,192,-24,-31,-3,3,1]
[4096,-512,-32,-47,-2,-2,1]
[4096,-1024,-192,107,-12,-4,1]
[4096,1536,464,115,29,6,1]
[256,64,80,-4,15,-1,5,1,1]
[256,-320,208,-100,49,-25,13,-5,1]
[14641,-1815,90,-15,1]
[4096,-256,256,-81,16,-1,1]
[15625,2750,361,22,1]
[2401,98,33,2,1]
[256,192,48,-32,-25,-8,3,3,1]
[14641,-1694,163,-14,1]
[4096,0,144,-23,9,0,1]
[729,324,72,16,8,4,1]
[729,-243,-36,55,-4,-3,1]
[256,-64,96,-40,17,-10,6,-1,1]
[4096,1216,181,19,1]
[14641,-1210,104,-10,1]
[14641,1573,268,13,1]
[512,-64,48,3,6,-1,1]
[15625,-3125,356,-25,1]
[16384,2816,321,22,1]
[4096,3072,1136,309,71,12,1]
[14641,-968,245,-8,1]
[4096,256,304,49,19,1,1]
[14641,1452,273,12,1]
[729,81,40,3,1]
[256,64,0,-24,-17,-6,0,1,1]
[729,-972,612,-245,68,-12,1]
[4096,1280,240,-1,15,5,1]
[4096,-1024,16,15,1,-4,1]
[4096,1280,32,-25,2,5,1]
[4096,-1792,432,-85,27,-7,1]
[4096,-2560,1104,-323,69,-10,1]
[512,-448,272,-115,34,-7,1]
[256,-256,192,-108,51,-27,12,-4,1]
[4096,256,-64,-71,-4,1,1]
[4096,0,128,83,8,0,1]
[4096,-512,112,-23,7,-2,1]
[256,256,224,156,81,39,14,4,1]
[729,-27,19,-1,1]
[729,243,180,44,20,3,1]
[729,-162,63,-14,7,-2,1]
[256,320,272,180,97,45,17,5,1]
[4096,512,368,89,23,2,1]
[4096,1280,-16,-87,-1,5,1]
[4096,-512,-16,93,-1,-2,1]
[14641,1694,203,14,1]
[15625,250,99,2,1]
[4096,-1792,768,-183,48,-7,1]
[15625,-750,96,-6,1]
[15625,875,259,7,1]
[729,162,27,22,3,2,1]
[4096,1280,752,143,47,5,1]
[4096,-1280,336,-129,21,-5,1]
[6561,405,113,5,1]
[256,192,176,100,67,25,11,3,1]
[4096,2048,432,69,27,8,1]
[16384,768,61,6,1]
[16384,256,181,2,1]
[4096,512,32,17,2,2,1]
[512,256,88,35,11,4,1]
[4096,1280,320,85,20,5,1]
[16384,-3840,475,-30,1]
[729,-405,81,-17,9,-5,1]
[4096,1280,240,77,15,5,1]
[14641,-605,-94,-5,1]
[729,162,36,11,4,2,1]
[4096,-256,480,-13,30,-1,1]
[256,-128,0,-28,39,-7,0,-2,1]
[15625,-250,-84,-2,1]
[14641,1210,-12,10,1]
[4096,-256,-64,53,-4,-1,1]
[64,-32,9,-4,1]
[4096,256,96,43,6,1,1]
[256,-128,-16,4,11,1,-1,-2,1]
[729,486,117,22,13,6,1]
[16384,640,-99,5,1]
[4096,-1280,640,-145,40,-5,1]
[256,-64,96,-28,25,-7,6,-1,1]
[14641,0,76,0,1]
[256,0,32,-32,1,-8,2,0,1]
[16384,-1408,271,-11,1]
[6561,0,-52,0,1]
[256,0,64,28,13,7,4,0,1]
[6561,-1620,229,-20,1]
[729,-162,44,-6,1]
[625,75,1,3,1]
[4096,512,416,87,26,2,1]
[14641,-3146,409,-26,1]
[15625,-2750,318,-22,1]
[256,0,0,-8,-15,-2,0,0,1]
[4096,-2048,544,-105,34,-8,1]
[256,192,144,32,19,8,9,3,1]
[4096,-768,208,-75,13,-3,1]
[4096,-1792,512,-95,32,-7,1]
[4096,-256,-128,73,-8,-1,1]
[4096,-512,304,-63,19,-2,1]
[15625,500,238,4,1]
[512,-320,112,-31,14,-5,1]
[729,81,162,14,18,1,1]
[4096,1280,-112,-119,-7,5,1]
[6561,-81,131,-1,1]
[16384,-2816,289,-22,1]
[256,128,128,72,33,18,8,2,1]
[512,-64,40,-21,5,-1,1]
[729,567,198,55,22,7,1]
[4096,-1024,384,-77,24,-4,1]
[4096,-768,592,-73,37,-3,1]
[4096,1024,0,-55,0,4,1]
[256,192,112,44,21,11,7,3,1]
[256,-128,64,-28,13,-7,4,-2,1]
[4096,1024,96,-15,6,4,1]
[729,162,72,5,8,2,1]
[4096,512,128,53,8,2,1]
[729,-81,198,-16,22,-1,1]
[256,64,32,4,-15,1,2,1,1]
[512,448,232,85,29,7,1]
[4096,0,192,59,12,0,1]
[14641,-1210,141,-10,1]
[256,128,96,60,39,15,6,2,1]
[6561,-1053,143,-13,1]
[4096,-576,105,-9,1]
[4096,-2816,1232,-369,77,-11,1]
[4096,-512,112,-13,7,-2,1]
[4096,-512,240,21,15,-2,1]
[4096,512,256,25,16,2,1]
[4096,512,-96,-123,-6,2,1]
[4096,-1024,320,-103,20,-4,1]
[4096,768,384,59,24,3,1]
[4096,-768,256,15,16,-3,1]
[1024,96,5,3,1]
[14641,2299,288,19,1]
[256,0,16,-8,15,-2,1,0,1]
[14641,121,-64,1,1]
[4096,-2560,880,-241,55,-10,1]
[14641,363,13,3,1]
[256,-256,208,-140,71,-35,13,-4,1]
[15625,-500,21,-4,1]
[14641,-2783,274,-23,1]
[4096,2304,1088,287,68,9,1]
[729,162,-63,-31,-7,2,1]
[256,-192,48,-4,-3,-1,3,-3,1]
[4096,-768,48,53,3,-3,1]
[81,54,25,6,1]
[16384,-640,193,-5,1]
[256,0,48,40,1,10,3,0,1]
[729,-243,50,-9,1]
[4096,-2560,624,-111,39,-10,1]
[4096,0,368,-29,23,0,1]
[4096,0,32,25,2,0,1]
[15625,0,-86,0,1]
[14641,-484,35,-4,1]
[512,320,144,67,18,5,1]
[256,192,112,48,21,12,7,3,1]
[729,0,63,-7,7,0,1]
[4096,-128,-1,-2,1]
[16384,-256,-65,-2,1]
[256,-64,64,8,11,2,4,-1,1]
[4096,1280,96,-29,6,5,1]
[15625,-1625,263,-13,1]
[256,-64,-16,-16,21,-4,-1,-1,1]
[6561,-810,46,-10,1]
[16384,-768,177,-6,1]
[4096,-256,-48,97,-3,-1,1]
[256,-192,112,-60,27,-15,7,-3,1]
[256,128,112,32,25,8,7,2,1]
[15625,1500,276,12,1]
[81,10,1]
[15625,1000,53,8,1]
[4096,-2304,736,-193,46,-9,1]
[16384,2176,137,17,1]
[4096,768,448,63,28,3,1]
[4096,-256,80,53,5,-1,1]
[4096,512,352,67,22,2,1]
[4096,-1280,80,41,5,-5,1]
[4096,-2048,272,9,17,-8,1]
[256,-64,48,-36,21,-9,3,-1,1]
[4096,1280,112,1,7,5,1]
[729,-324,117,-31,13,-4,1]
[256,0,96,-40,19,-10,6,0,1]
[16384,640,241,5,1]
[4096,-2048,528,-107,33,-8,1]
[729,243,36,-11,4,3,1]
[4096,256,-48,19,-3,1,1]
[14641,-847,6,-7,1]
[256,192,96,-20,-17,-5,6,3,1]
[512,192,24,5,3,3,1]
[729,-81,63,-11,7,-1,1]
[14641,847,219,7,1]
[729,-405,-36,61,-4,-5,1]
[16384,3200,361,25,1]
[15625,1500,232,12,1]
[256,-192,96,-44,31,-11,6,-3,1]
[4096,0,32,101,2,0,1]
[4096,-512,208,-85,13,-2,1]
[4096,-1792,112,45,7,-7,1]
[4096,1280,480,93,30,5,1]
[729,243,-45,-38,-5,3,1]
[16384,-2176,137,-17,1]
[4096,-2816,912,-231,57,-11,1]
[4096,1024,352,35,22,4,1]
[15625,-1750,173,-14,1]
[4096,768,-160,-107,-10,3,1]
[4096,-1280,240,-3,15,-5,1]
[729,0,36,32,4,0,1]
[15625,1625,68,13,1]
[14641,4356,555,36,1]
[14641,242,65,2,1]
[14641,121,93,1,1]
[729,-81,-1,-3,1]
[2401,294,15,6,1]
[4096,-256,160,35,10,-1,1]
[4096,576,99,9,1]
[4096,1280,560,149,35,5,1]
[256,0,112,0,29,0,7,0,1]
[4096,832,121,13,1]
[6561,-243,-55,-3,1]
[4096,-1792,272,-29,17,-7,1]
[2401,294,79,6,1]
[4096,512,-80,-99,-5,2,1]
[4096,-768,0,-21,0,-3,1]
[4096,1536,144,-31,9,6,1]
[4096,0,32,-15,2,0,1]
[256,0,80,-8,29,-2,5,0,1]
[16384,512,-133,4,1]
[4096,2304,768,223,48,9,1]
[14641,242,95,2,1]
[256,0,-32,4,15,1,-2,0,1]
[4096,-2048,864,-233,54,-8,1]
[4096,512,512,29,32,2,1]
[6561,891,149,11,1]
[15625,-500,-6,-4,1]
[4096,1024,192,-27,12,4,1]
[256,128,64,24,13,6,4,2,1]
[256,192,96,-4,-7,-1,6,3,1]
[16384,-1664,73,-13,1]
[15625,-750,16,-6,1]
[4096,0,448,27,28,0,1]
[14641,1694,104,14,1]
[14641,1815,204,15,1]
[14641,-847,200,-7,1]
[14641,-1694,170,-14,1]
[4096,-2048,464,-93,29,-8,1]
[729,-162,180,-31,20,-2,1]
[4096,2048,432,85,27,8,1]
[4096,-384,-19,-6,1]
[256,-64,0,12,-11,3,0,-1,1]
[16384,-384,81,-3,1]
[4096,0,-144,-33,-9,0,1]
[15625,-1000,201,-8,1]
[4096,1024,512,105,32,4,1]
[256,128,-48,4,29,1,-3,2,1]
[15625,-1000,77,-8,1]
[4096,-1280,560,-155,35,-5,1]
[14641,-1210,239,-10,1]
[15625,-625,76,-5,1]
[4096,768,-112,-119,-7,3,1]
[4096,-384,-7,-6,1]
[729,-81,-9,-22,-1,-1,1]
[15625,-2000,262,-16,1]
[14641,1815,195,15,1]
[729,162,72,31,8,2,1]
[14641,-3388,401,-28,1]
[4096,192,-53,3,1]
[729,-486,270,-89,30,-6,1]
[15625,-500,-117,-4,1]
[4096,-768,352,-79,22,-3,1]
[16384,1536,231,12,1]
[512,64,0,11,0,1,1]
[256,-64,32,-40,9,-10,2,-1,1]
[256,0,0,0,-5,0,0,0,1]
[256,192,192,100,59,25,12,3,1]
[4096,-768,720,-93,45,-3,1]
[4096,-2048,832,-235,52,-8,1]
[4096,2816,1184,351,74,11,1]
[729,405,36,-22,4,5,1]
[729,135,28,5,1]
[16384,512,-19,4,1]
[4096,-768,128,-33,8,-3,1]
[256,-64,32,-16,29,-4,2,-1,1]
[4096,-1280,176,-27,11,-5,1]
[4096,768,480,105,30,3,1]
[729,81,-36,8,-4,1,1]
[256,-64,16,20,-3,5,1,-1,1]
[256,-64,0,4,7,1,0,-1,1]
[4096,256,-32,-27,-2,1,1]
[256,-64,-64,16,9,4,-4,-1,1]
[729,486,144,28,16,6,1]
[4096,1536,-160,-153,-10,6,1]
[15625,-375,93,-3,1]
[4096,-256,-32,-37,-2,-1,1]
[16384,512,189,4,1]
[14641,-3509,433,-29,1]
[4096,1024,400,103,25,4,1]
[729,-405,-27,58,-3,-5,1]
[6561,-891,130,-11,1]
[729,-405,63,8,7,-5,1]
[16384,-2432,249,-19,1]
[14641,1089,237,9,1]
[64,0,8,9,2,0,1]
[729,-162,28,-6,1]
[4096,-1280,32,31,2,-5,1]
[4096,-2048,816,-203,51,-8,1]
[4096,256,464,17,29,1,1]
[16384,768,93,6,1]
[4096,-512,352,-39,22,-2,1]
[729,-567,270,-89,30,-7,1]
[4096,256,16,-11,1,1,1]
[4096,0,32,-89,2,0,1]
[4096,-1280,400,-121,25,-5,1]
[2401,-98,94,-2,1]
[729,243,90,22,10,3,1]
[729,162,90,29,10,2,1]
[4096,-3072,1088,-283,68,-12,1]
[14641,484,27,4,1]
[256,256,160,72,27,18,10,4,1]
[6561,-243,-64,-3,1]
[729,162,63,-10,7,2,1]
[4096,-256,-128,7,-8,-1,1]
[4096,768,576,83,36,3,1]
[14641,-726,-108,-6,1]
[14641,847,34,7,1]
[6561,810,133,10,1]
[4096,0,5,0,1]
[256,0,-112,0,41,0,-7,0,1]
[4096,-512,240,-77,15,-2,1]
[729,0,117,8,13,0,1]
[15625,-125,167,-1,1]
[4096,1024,576,87,36,4,1]
[256,-64,0,-24,19,-6,0,-1,1]
[512,-256,0,31,0,-4,1]
[4096,1024,816,127,51,4,1]
[4096,-768,64,5,4,-3,1]
[6561,162,-2,2,1]
[16384,0,47,0,1]
[4096,3328,1440,415,90,13,1]
[4096,1408,241,22,1]
[4096,-1024,416,-47,26,-4,1]
[6561,324,-43,4,1]
[4096,512,432,61,27,2,1]
[6561,648,83,8,1]
[4096,-1280,-64,115,-4,-5,1]
[15625,875,57,7,1]
[4096,-512,-16,53,-1,-2,1]
[4096,-512,80,-101,5,-2,1]
[4096,1280,512,157,32,5,1]
[4096,-768,-64,29,-4,-3,1]
[4096,768,112,33,7,3,1]
[729,162,90,26,10,2,1]
[4096,512,176,-19,11,2,1]
[14641,-2662,277,-22,1]
[256,0,-16,-8,17,-2,-1,0,1]
[4096,512,-80,-23,-5,2,1]
[14641,2057,174,17,1]
[4096,256,272,35,17,1,1]
[16384,-1152,37,-9,1]
[4096,-1024,-80,113,-5,-4,1]
[4096,1280,160,-7,10,5,1]
[15625,0,-92,0,1]
[4096,256,480,47,30,1,1]
[4096,64,-3,1,1]
[6561,-486,64,-6,1]
[256,0,16,-8,11,-2,1,0,1]
[15625,625,24,5,1]
[14641,1210,149,10,1]
[729,162,153,38,17,2,1]
[256,-128,16,-36,31,-9,1,-2,1]
[16384,-1536,29,-12,1]
[14641,1089,51,9,1]
[256,-128,-80,12,29,3,-5,-2,1]
[4096,768,-112,-121,-7,3,1]
[4096,-1536,528,-195,33,-6,1]
[256,0,-64,0,29,0,-4,0,1]
[16384,384,135,3,1]
[256,128,-64,-16,19,-4,-4,2,1]
[512,256,192,57,24,4,1]
[4096,768,176,19,11,3,1]
[14641,-605,-102,-5,1]
[4096,-768,16,-25,1,-3,1]
[729,324,-27,-53,-3,4,1]
[4096,2560,992,279,62,10,1]
[729,243,90,29,10,3,1]
[4096,0,-16,67,-1,0,1]
[4096,-1024,624,-111,39,-4,1]
[256,-128,96,-68,27,-17,6,-2,1]
[4096,0,592,-7,37,0,1]
[729,0,72,10,8,0,1]
[256,-64,-16,-16,11,-4,-1,-1,1]
[729,81,90,37,10,1,1]
[4096,-1792,928,-227,58,-7,1]
[256,-256,112,4,-21,1,7,-4,1]
[4096,1024,-144,-111,-9,4,1]
[14641,1815,169,15,1]
[4096,768,96,59,6,3,1]
[4096,1280,-144,-129,-9,5,1]
[4096,512,83,8,1]
[16384,-640,5,-5,1]
[729,81,54,10,6,1,1]
[14641,-1573,271,-13,1]
[4096,-1024,352,-131,22,-4,1]
[4096,1792,624,157,39,7,1]
[16384,-256,-137,-2,1]
[4096,-1280,544,-113,34,-5,1]
[256,64,0,4,13,1,0,1,1]
[729,189,44,7,1]
[4096,2560,976,285,61,10,1]
[4096,0,272,37,17,0,1]
[16384,1920,267,15,1]
[14641,242,-150,2,1]
[256,256,176,104,53,26,11,4,1]
[4096,-1792,608,-195,38,-7,1]
[256,-256,176,-92,39,-23,11,-4,1]
[4096,-512,-192,33,-12,-2,1]
[256,64,-32,-4,15,-1,-2,1,1]
[2401,-147,9,-3,1]
[4096,2048,432,87,27,8,1]
[15625,-3375,356,-27,1]
[4096,256,336,-27,21,1,1]
[4096,2304,416,45,26,9,1]
[4096,768,240,33,15,3,1]
[729,162,153,25,17,2,1]
[15625,250,58,2,1]
[14641,847,-46,7,1]
[4096,0,512,1,32,0,1]
[15625,1750,286,14,1]
[16384,1408,87,11,1]
[6561,-648,1,-8,1]
[4096,0,48,25,3,0,1]
[14641,-1452,272,-12,1]
[4096,-768,32,73,2,-3,1]
[256,-192,144,-80,35,-20,9,-3,1]
[256,64,80,40,9,10,5,1,1]
[14641,605,-118,5,1]
[4096,-512,-16,37,-1,-2,1]
[4096,-2304,992,-263,62,-9,1]
[4096,-768,624,-85,39,-3,1]
[4096,-1536,144,21,9,-6,1]
[256,-256,160,-88,41,-22,10,-4,1]
[16384,-1664,215,-13,1]
[729,-243,162,-52,18,-3,1]
[4096,-1792,128,33,8,-7,1]
[729,-405,189,-64,21,-5,1]
[4096,-1024,208,-23,13,-4,1]
[4096,-512,240,1,15,-2,1]
[14641,-363,-144,-3,1]
[512,-320,192,-67,24,-5,1]
[4096,-1280,64,53,4,-5,1]
[14641,-605,214,-5,1]
[6561,0,97,0,1]
[256,-192,48,48,-45,12,3,-3,1]
[729,-243,63,1,7,-3,1]
[729,81,63,-2,7,1,1]
[4096,-1024,480,-59,30,-4,1]
[4096,-1792,608,-179,38,-7,1]
[14641,-3146,399,-26,1]
[15625,1000,-36,8,1]
[15625,2375,306,19,1]
[6561,486,-22,6,1]
[4096,768,96,-63,6,3,1]
[729,162,-27,-13,-3,2,1]
[14641,-726,27,-6,1]
[15625,4750,607,38,1]
[256,-256,144,-88,51,-22,9,-4,1]
[4096,-256,16,-93,1,-1,1]
[729,-243,27,-2,3,-3,1]
[15625,250,19,2,1]
[512,192,168,43,21,3,1]
[256,-64,16,32,-5,8,1,-1,1]
[4096,256,-48,-119,-3,1,1]
[729,162,-45,-16,-5,2,1]
[4096,0,11,0,1]
[4096,512,0,-33,0,2,1]
[256,128,0,-4,1,-1,0,2,1]
[15625,-1875,198,-15,1]
[4096,-768,656,-75,41,-3,1]
[15625,2000,283,16,1]
[4096,2304,400,31,25,9,1]
[4096,-256,-144,5,-9,-1,1]
[4096,-512,16,37,1,-2,1]
[729,324,180,62,20,4,1]
[512,320,112,37,14,5,1]
[4096,-768,272,-71,17,-3,1]
[4096,512,48,-31,3,2,1]
[64,16,32,9,8,1,1]
[256,-128,-48,32,-7,8,-3,-2,1]
[14641,605,138,5,1]
[729,486,144,40,16,6,1]
[2401,-196,59,-4,1]
[14641,-968,232,-8,1]
[16384,-2048,173,-16,1]
[729,-324,63,8,7,-4,1]
[6561,1458,239,18,1]
[256,128,48,24,17,6,3,2,1]
[512,128,32,25,4,2,1]
[512,-448,280,-111,35,-7,1]
[256,0,176,0,61,0,11,0,1]
[4096,256,-48,29,-3,1,1]
[4096,-768,48,43,3,-3,1]
[4096,1280,192,43,12,5,1]
[16384,-256,-193,-2,1]
[256,-128,128,-60,33,-15,8,-2,1]
[16384,2304,207,18,1]
[4096,-768,-16,71,-1,-3,1]
[256,128,-16,4,13,1,-1,2,1]
[4096,-1024,240,-67,15,-4,1]
[4096,-1280,0,37,0,-5,1]
[512,-320,184,-75,23,-5,1]
[4096,1536,272,37,17,6,1]
[4096,1024,624,123,39,4,1]
[15625,-2625,232,-21,1]
[4096,512,80,25,5,2,1]
[4096,-768,160,43,10,-3,1]
[256,0,32,4,-5,1,2,0,1]
[15625,125,-3,1,1]
[2401,-147,38,-3,1]
[14641,242,-3,2,1]
[4096,-1280,480,-79,30,-5,1]
[14641,-484,-152,-4,1]
[4096,512,112,53,7,2,1]
[729,81,0,20,0,1,1]
[256,-192,176,-88,55,-22,11,-3,1]
[15625,-1000,244,-8,1]
[6561,1377,203,17,1]
[729,162,-27,-11,-3,2,1]
[729,0,36,8,4,0,1]
[729,81,216,16,24,1,1]
[4096,-2560,1152,-317,72,-10,1]
[4096,-2048,240,9,15,-8,1]
[729,243,135,38,15,3,1]
[4096,256,-80,37,-5,1,1]
[4096,-1024,144,-15,9,-4,1]
[256,-48,21,-3,1]
[256,256,272,172,105,43,17,4,1]
[256,-256,80,36,-43,9,5,-4,1]
[729,27,-29,1,1]
[256,192,80,8,1,2,5,3,1]
[4096,1536,400,51,25,6,1]
[4096,768,224,47,14,3,1]
[4096,-512,80,-73,5,-2,1]
[16384,-1152,275,-9,1]
[4096,-1536,528,-189,33,-6,1]
[4096,-768,384,-55,24,-3,1]
[4096,-1280,560,-141,35,-5,1]
[256,-128,96,-36,15,-9,6,-2,1]
[4096,0,368,43,23,0,1]
[256,256,240,160,91,40,15,4,1]
[14641,-605,6,-5,1]
[4096,-512,432,-63,27,-2,1]
[15625,-1000,214,-8,1]
[14641,2178,272,18,1]
[729,405,171,59,19,5,1]
[15625,-375,249,-3,1]
[4096,-768,304,-67,19,-3,1]
[16384,128,-61,1,1]
[4096,-768,336,-33,21,-3,1]
[2401,-490,102,-10,1]
[6561,243,-100,3,1]
[256,-64,-16,-12,5,-3,-1,-1,1]
[512,-64,80,-15,10,-1,1]
[2401,49,-75,1,1]
[729,243,43,9,1]
[4096,2560,1024,301,64,10,1]
[16384,-1536,263,-12,1]
[15625,2250,309,18,1]
[16384,3200,315,25,1]
[14641,1694,243,14,1]
[4096,1792,240,-11,15,7,1]
[4096,-256,160,-43,10,-1,1]
[4096,-512,96,-79,6,-2,1]
[256,0,64,-36,5,-9,4,0,1]
[16384,-384,-35,-3,1]
[256,-64,80,8,9,2,5,-1,1]
[4096,1280,592,119,37,5,1]
[4096,2304,672,171,42,9,1]
[729,-81,189,-11,21,-1,1]
[4096,-1792,848,-209,53,-7,1]
[256,64,48,-20,-9,-5,3,1,1]
[4096,-1536,0,69,0,-6,1]
[256,256,192,88,47,22,12,4,1]
[4096,512,192,-3,12,2,1]
[4096,512,48,-37,3,2,1]
[15625,125,101,1,1]
[15625,-1750,226,-14,1]
[14641,-363,-159,-3,1]
[4096,512,16,15,1,2,1]
[15625,-4125,509,-33,1]
[4096,-1280,832,-157,52,-5,1]
[4096,-768,16,51,1,-3,1]
[729,324,153,65,17,4,1]
[14641,2178,288,18,1]
[4096,1024,768,127,48,4,1]
[256,-64,112,-36,29,-9,7,-1,1]
[15625,-1500,193,-12,1]
[4096,2560,944,261,59,10,1]
[729,-162,13,-6,1]
[256,-64,128,-12,31,-3,8,-1,1]
[6561,324,-85,4,1]
[2401,245,83,5,1]
[4096,0,320,53,20,0,1]
[729,0,90,19,10,0,1]
[4096,2816,864,203,54,11,1]
[4096,-256,16,-37,1,-1,1]
[4096,-3072,1488,-435,93,-12,1]
[4096,512,320,85,20,2,1]
[16384,3200,385,25,1]
[729,0,-45,13,-5,0,1]
[4096,-256,16,-75,1,-1,1]
[4096,-256,208,-43,13,-1,1]
[14641,-484,58,-4,1]
[512,512,312,131,39,8,1]
[4096,-768,160,-93,10,-3,1]
[4096,-1024,208,-27,13,-4,1]
[16384,-1408,187,-11,1]
[4096,-1536,192,-19,12,-6,1]
[14641,484,-56,4,1]
[14641,2541,310,21,1]
[729,729,324,107,36,9,1]
[14641,726,-89,6,1]
[14641,-2783,316,-23,1]
[729,-162,90,-1,10,-2,1]
[625,-125,18,-5,1]
[4096,-2048,512,-103,32,-8,1]
[729,162,27,-7,3,2,1]
[14641,484,196,4,1]
[256,-320,320,-220,129,-55,20,-5,1]
[729,486,252,104,28,6,1]
[4096,-768,336,-97,21,-3,1]
[4096,-1024,-16,27,-1,-4,1]
[16384,-640,105,-5,1]
[4096,-2048,560,-139,35,-8,1]
[4096,-192,-5,-3,1]
[729,81,27,46,3,1,1]
[4096,256,144,105,9,1,1]
[4096,-512,352,1,22,-2,1]
[14641,-4114,524,-34,1]
[729,108,10,4,1]
[16384,384,-149,3,1]
[4096,-768,32,11,2,-3,1]
[2401,-147,95,-3,1]
[4096,512,112,-57,7,2,1]
[15625,125,-196,1,1]
[256,0,-80,4,13,1,-5,0,1]
[16384,-256,-189,-2,1]
[4096,-1280,208,-33,13,-5,1]
[729,-162,90,-41,10,-2,1]
[256,64,16,4,21,1,1,1,1]
[512,0,32,-3,4,0,1]
[2401,-343,75,-7,1]
[14641,1210,155,10,1]
[4096,-256,112,-11,7,-1,1]
[6561,-1053,94,-13,1]
[4096,1280,608,109,38,5,1]
[4096,-512,528,-35,33,-2,1]
[729,648,378,145,42,8,1]
[4096,-512,416,-67,26,-2,1]
[256,64,80,52,9,13,5,1,1]
[729,-324,27,25,3,-4,1]
[729,0,36,34,4,0,1]
[256,-64,112,-20,37,-5,7,-1,1]
[1024,-256,53,-8,1]
[4096,768,256,39,16,3,1]
[4096,512,384,59,24,2,1]
[512,768,560,247,70,12,1]
[15625,1500,36,12,1]
[4096,-256,256,-59,16,-1,1]
[4096,-1536,288,-51,18,-6,1]
[4096,1024,448,51,28,4,1]
[4096,-1792,448,-95,28,-7,1]
[4096,-1024,560,-125,35,-4,1]
[729,-81,-18,29,-2,-1,1]
[15625,-1500,58,-12,1]
[4096,512,-96,-15,-6,2,1]
[16384,-640,-105,-5,1]
[4096,2560,1248,347,78,10,1]
[4096,-512,64,79,4,-2,1]
[256,64,96,20,35,5,6,1,1]
[729,-243,64,-9,1]
[4096,2048,384,39,24,8,1]
[729,-81,-18,4,-2,-1,1]
[4096,-1280,256,-41,16,-5,1]
[4096,-768,192,-93,12,-3,1]
[14641,363,-72,3,1]
[256,64,-64,-20,7,-5,-4,1,1]
[4096,2048,800,241,50,8,1]
[256,-64,32,-12,25,-3,2,-1,1]
[15625,3000,356,24,1]
[15625,-875,52,-7,1]
[4096,-256,-64,99,-4,-1,1]
[4096,-2048,832,-251,52,-8,1]
[256,-64,48,-20,11,-5,3,-1,1]
[4096,-512,160,-93,10,-2,1]
[4096,-2048,224,27,14,-8,1]
[256,320,208,104,53,26,13,5,1]
[256,-128,80,20,-5,5,5,-2,1]
[4096,-256,-32,103,-2,-1,1]
[6561,648,107,8,1]
[256,-128,80,-12,-1,-3,5,-2,1]
[4096,-256,-32,49,-2,-1,1]
[625,-50,36,-2,1]
[2401,0,50,0,1]
[729,-162,0,-14,0,-2,1]
[4096,768,640,79,40,3,1]
[4096,-768,272,-61,17,-3,1]
[256,256,160,104,57,26,10,4,1]
[1024,256,51,8,1]
[6561,648,95,8,1]
[6561,810,95,10,1]
[15625,875,-13,7,1]
[4096,-2816,1296,-379,81,-11,1]
[256,128,32,12,-1,3,2,2,1]
[15625,750,-52,6,1]
[4096,-768,-192,77,-12,-3,1]
[256,64,32,12,1,3,2,1,1]
[4096,-256,-112,25,-7,-1,1]
[256,64,0,-24,-19,-6,0,1,1]
[4096,512,96,91,6,2,1]
[6561,-324,49,-4,1]
[4096,-1792,16,95,1,-7,1]
[256,-128,80,-32,25,-8,5,-2,1]
[15625,1750,283,14,1]
[512,320,152,45,19,5,1]
[4096,-512,240,-1,15,-2,1]
[14641,726,51,6,1]
[256,64,64,-12,-3,-3,4,1,1]
[256,-192,96,-56,39,-14,6,-3,1]
[1024,160,69,5,1]
[256,64,80,-36,-1,-9,5,1,1]
[6561,648,139,8,1]
[6561,-324,143,-4,1]
[14641,-242,81,-2,1]
[1024,-192,15,-6,1]
[4096,-256,16,105,1,-1,1]
[16384,-1024,-41,-8,1]
[4096,256,336,65,21,1,1]
[256,320,176,60,21,15,11,5,1]
[14641,-2178,200,-18,1]
[4096,-2560,560,-85,35,-10,1]
[256,192,160,104,45,26,10,3,1]
[256,64,-80,-8,23,-2,-5,1,1]
[4096,512,432,39,27,2,1]
[14641,-1452,117,-12,1]
[4096,1024,720,111,45,4,1]
[4096,512,144,29,9,2,1]
[6561,648,-5,8,1]
[14641,-1573,213,-13,1]
[64,-16,-4,5,-1,-1,1]
[4096,-1280,432,-81,27,-5,1]
[729,0,18,41,2,0,1]
[729,486,270,95,30,6,1]
[16384,512,203,4,1]
[15625,-3875,489,-31,1]
[6561,-729,152,-9,1]
[4096,-1024,-128,129,-8,-4,1]
[6561,-81,119,-1,1]
[729,405,198,62,22,5,1]
[81,-72,32,-8,1]
[4096,512,240,83,15,2,1]
[4096,1536,80,-55,5,6,1]
[6561,-810,98,-10,1]
[16384,-2944,285,-23,1]
[729,-81,18,-46,2,-1,1]
[4096,-2304,704,-157,44,-9,1]
[14641,-1089,57,-9,1]
[4096,-768,96,-37,6,-3,1]
[15625,500,-7,4,1]
[256,0,0,32,7,8,0,0,1]
[4096,-768,-128,37,-8,-3,1]
[15625,1125,224,9,1]
[256,128,96,44,19,11,6,2,1]
[4096,-3072,1440,-429,90,-12,1]
[6561,1053,118,13,1]
[4096,768,-160,-105,-10,3,1]
[256,-192,128,-76,31,-19,8,-3,1]
[16384,5120,655,40,1]
[4096,1024,0,-65,0,4,1]
[4096,256,80,93,5,1,1]
[4096,-512,80,-97,5,-2,1]
[6561,-2511,400,-31,1]
[4096,-2304,560,-111,35,-9,1]
[512,-128,72,-29,9,-2,1]
[4096,-256,224,9,14,-1,1]
[16384,-384,-177,-3,1]
[256,128,16,-28,-19,-7,1,2,1]
[14641,1089,230,9,1]
[1024,160,67,5,1]
[14641,-968,20,-8,1]
[4096,512,176,83,11,2,1]
[4096,-768,128,45,8,-3,1]
[256,64,-16,-8,9,-2,-1,1,1]
[4096,0,16,15,1,0,1]
[729,0,36,-23,4,0,1]
[15625,-875,166,-7,1]
[16384,-1152,13,-9,1]
[4096,512,192,17,12,2,1]
[14641,484,-96,4,1]
[729,243,-54,-61,-6,3,1]
[256,0,32,-16,-15,-4,2,0,1]
[15625,375,42,3,1]
[6561,81,125,1,1]
[625,-50,24,-2,1]
[4096,768,149,12,1]
[4096,-1280,352,-107,22,-5,1]
[729,243,63,-2,7,3,1]
[16384,-128,83,-1,1]
[256,-64,-48,20,1,5,-3,-1,1]
[256,-128,112,-72,39,-18,7,-2,1]
[256,-192,48,-20,15,-5,3,-3,1]
[4096,-256,544,-19,34,-1,1]
[4096,1024,240,111,15,4,1]
[256,-64,-16,-8,7,-2,-1,-1,1]
[14641,-2299,259,-19,1]
[4096,-1280,448,-169,28,-5,1]
[256,0,-80,16,25,4,-5,0,1]
[256,-128,64,0,3,0,4,-2,1]
[4096,1792,176,-21,11,7,1]
[4096,-256,128,-67,8,-1,1]
[4096,-256,336,17,21,-1,1]
[16384,1408,127,11,1]
[4096,768,16,-63,1,3,1]
[4096,2048,672,153,42,8,1]
[15625,1000,-28,8,1]
[4096,-512,192,23,12,-2,1]
[16384,1280,-25,10,1]
[512,192,72,43,9,3,1]
[4096,256,256,55,16,1,1]
[729,486,261,88,29,6,1]
[15625,0,13,0,1]
[4096,-2048,560,-121,35,-8,1]
[256,-128,96,-56,43,-14,6,-2,1]
[4096,1024,-80,-49,-5,4,1]
[6561,486,169,6,1]
[256,-128,16,0,-1,0,1,-2,1]
[4096,512,0,-53,0,2,1]
[64,48,28,19,7,3,1]
[14641,3872,486,32,1]
[729,-243,-36,25,-4,-3,1]
[15625,2625,232,21,1]
[15625,250,163,2,1]
[16384,640,7,5,1]
[729,-243,63,-14,7,-3,1]
[4096,-512,128,-91,8,-2,1]
[4096,512,624,49,39,2,1]
[6561,810,115,10,1]
[625,-50,11,-2,1]
[4096,768,144,37,9,3,1]
[15625,-1375,131,-11,1]
[256,-128,96,-68,25,-17,6,-2,1]
[4096,-512,336,-65,21,-2,1]
[14641,-4356,553,-36,1]
[64,32,20,3,5,2,1]
[15625,1000,61,8,1]
[15625,250,-61,2,1]
[14641,-2178,309,-18,1]
[2401,686,99,14,1]
[4096,-768,432,-75,27,-3,1]
[14641,2178,251,18,1]
[1024,-64,-21,-2,1]
[14641,484,175,4,1]
[15625,1500,83,12,1]
[256,64,96,28,27,7,6,1,1]
[4096,256,96,-37,6,1,1]
[2401,-98,-29,-2,1]
[4096,2048,704,183,44,8,1]
[4096,-3328,1360,-389,85,-13,1]
[4096,-768,256,-125,16,-3,1]
[256,-192,96,-24,5,-6,6,-3,1]
[4096,1536,304,75,19,6,1]
[15625,3000,389,24,1]
[4096,1024,336,107,21,4,1]
[4096,1792,672,153,42,7,1]
[15625,-1000,249,-8,1]
[4096,-1280,496,-119,31,-5,1]
[4096,256,80,-11,5,1,1]
[4096,-512,400,-61,25,-2,1]
[15625,875,31,7,1]
[15625,1500,157,12,1]
[15625,625,-4,5,1]
[4096,1536,576,129,36,6,1]
[256,-64,64,16,1,4,4,-1,1]
[14641,484,-98,4,1]
[256,64,-16,-28,-3,-7,-1,1,1]
[6561,-567,-34,-7,1]
[4096,-2560,1056,-327,66,-10,1]
[4096,1536,336,67,21,6,1]
[1024,128,9,4,1]
[14641,-2541,328,-21,1]
[4096,-2304,864,-267,54,-9,1]
[4096,768,32,-1,2,3,1]
[729,-243,-72,58,-8,-3,1]
[14641,-726,162,-6,1]
[4096,-2048,736,-191,46,-8,1]
[512,128,40,-3,5,2,1]
[6561,-810,109,-10,1]
[4096,-3584,1584,-471,99,-14,1]
[256,-64,16,20,-15,5,1,-1,1]
[4096,-2816,1024,-279,64,-11,1]
[256,128,32,20,7,5,2,2,1]
[6561,1215,151,15,1]
[729,-162,99,-14,11,-2,1]
[256,-192,80,-48,25,-12,5,-3,1]
[4096,-512,-32,77,-2,-2,1]
[4096,-256,-32,57,-2,-1,1]
[4096,0,-192,-5,-12,0,1]
[15625,-1500,251,-12,1]
[4096,0,368,21,23,0,1]
[16384,-768,67,-6,1]
[14641,1089,27,9,1]
[15625,-875,-92,-7,1]
[15625,625,-71,5,1]
[6561,-405,49,-5,1]
[4096,1024,240,5,15,4,1]
[4096,-512,592,-43,37,-2,1]
[4096,1280,208,25,13,5,1]
[15625,1375,142,11,1]
[4096,512,432,27,27,2,1]
[729,-81,117,4,13,-1,1]
[16384,2560,221,20,1]
[2401,-245,58,-5,1]
[4096,768,256,59,16,3,1]
[256,-192,32,24,-21,6,2,-3,1]
[15625,-1500,226,-12,1]
[729,-324,234,-61,26,-4,1]
[4096,-320,133,-5,1]
[729,-81,45,-40,5,-1,1]
[2401,392,110,8,1]
[256,-128,112,-48,21,-12,7,-2,1]
[729,0,54,-8,6,0,1]
[729,324,-72,-74,-8,4,1]
[6561,-567,77,-7,1]
[4096,-768,32,69,2,-3,1]
[4096,-2304,896,-243,56,-9,1]
[4096,-1792,928,-217,58,-7,1]
[16384,-2816,357,-22,1]
[256,-192,96,-60,39,-15,6,-3,1]
[14641,-726,112,-6,1]
[6561,-891,107,-11,1]
[256,-128,96,-8,11,-2,6,-2,1]
[4096,-512,256,-21,16,-2,1]
[16384,-640,187,-5,1]
[16384,-4352,529,-34,1]
[256,-192,96,-20,3,-5,6,-3,1]
[512,192,112,39,14,3,1]
[512,-128,40,-13,5,-2,1]
[4096,0,32,63,2,0,1]
[729,162,90,4,10,2,1]
[729,-567,315,-127,35,-7,1]
[15625,3000,322,24,1]
[4096,-512,144,-101,9,-2,1]
[4096,-1024,-192,109,-12,-4,1]
[256,320,192,72,29,18,12,5,1]
[4096,-256,272,-37,17,-1,1]
[4096,-1024,304,-101,19,-4,1]
[64,0,8,-9,2,0,1]
[729,-405,162,-70,18,-5,1]
[256,0,16,24,-11,6,1,0,1]
[14641,-726,-9,-6,1]
[512,-384,192,-81,24,-6,1]
[4096,1536,864,183,54,6,1]
[4096,1024,672,129,42,4,1]
[4096,1280,240,49,15,5,1]
[256,64,112,32,39,8,7,1,1]
[729,162,90,2,10,2,1]
[4096,256,80,13,5,1,1]
[16384,-2944,301,-23,1]
[256,64,112,56,25,14,7,1,1]
[4096,0,0,45,0,0,1]
[256,320,304,200,111,50,19,5,1]
[729,0,27,16,3,0,1]
[14641,-363,23,-3,1]
[14641,484,188,4,1]
[14641,-1815,296,-15,1]
[729,-81,0,-11,0,-1,1]
[729,810,468,185,52,10,1]
[4096,-256,-16,-57,-1,-1,1]
[4096,-2048,432,-79,27,-8,1]
[4096,0,256,41,16,0,1]
[4096,512,-160,-97,-10,2,1]
[256,0,128,-28,31,-7,8,0,1]
[15625,375,124,3,1]
[15625,2750,301,22,1]
[14641,-1815,162,-15,1]
[256,-256,144,-88,49,-22,9,-4,1]
[81,-9,-11,-1,1]
[16384,2560,289,20,1]
[256,64,96,64,23,16,6,1,1]
[4096,1280,-96,-127,-6,5,1]
[4096,-192,-69,-3,1]
[6561,-486,98,-6,1]
[4096,-1024,368,-137,23,-4,1]
[14641,121,71,1,1]
[256,-192,64,44,-35,11,4,-3,1]
[4096,-512,64,-43,4,-2,1]
[729,-162,-18,40,-2,-2,1]
[14641,-605,-114,-5,1]
[4096,-512,32,-55,2,-2,1]
[4096,-512,-128,85,-8,-2,1]
[4096,1024,176,1,11,4,1]
[256,64,-32,16,25,4,-2,1,1]
[729,-405,-63,79,-7,-5,1]
[4096,-1024,240,-85,15,-4,1]
[81,-36,8,-4,1]
[4096,1280,224,21,14,5,1]
[4096,-512,32,79,2,-2,1]
[4096,0,352,-35,22,0,1]
[6561,-405,56,-5,1]
[16,1,1]
[4096,-1280,224,-17,14,-5,1]
[4096,2816,1232,357,77,11,1]
[2401,294,85,6,1]
[4096,1024,304,39,19,4,1]
[4096,512,400,3,25,2,1]
[729,-729,387,-149,43,-9,1]
[256,-192,160,-104,45,-26,10,-3,1]
[729,81,-18,-4,-2,1,1]
[256,192,112,24,11,6,7,3,1]
[1024,0,-29,0,1]
[256,64,192,28,63,7,12,1,1]
[4096,384,35,6,1]
[256,-256,48,36,-27,9,3,-4,1]
[4096,512,64,-39,4,2,1]
[121,20,1]
[16384,1280,259,10,1]
[4096,256,352,23,22,1,1]
[14641,726,68,6,1]
[256,0,-80,8,21,2,-5,0,1]
[4096,-3072,960,-223,60,-12,1]
[64,0,20,-7,5,0,1]
[256,-128,32,28,-19,7,2,-2,1]
[15625,3625,456,29,1]
[2401,-441,82,-9,1]
[16384,-896,131,-7,1]
[256,-256,176,-84,37,-21,11,-4,1]
[81,-18,2,-2,1]
[4096,-1536,352,-71,22,-6,1]
[729,729,432,175,48,9,1]
[15625,-1375,101,-11,1]
[4096,-1792,512,-141,32,-7,1]
[4096,1536,256,11,16,6,1]
[4096,-512,432,-89,27,-2,1]
[4096,256,-176,-71,-11,1,1]
[256,0,16,24,-3,6,1,0,1]
[256,384,288,156,79,39,18,6,1]
[256,256,176,96,45,24,11,4,1]
[14641,1936,114,16,1]
[4096,1024,368,79,23,4,1]
[4096,0,32,-11,2,0,1]
[14641,-1573,239,-13,1]
[14641,847,177,7,1]
[4096,0,480,-29,30,0,1]
[16384,3456,387,27,1]
[14641,-242,223,-2,1]
[729,243,162,32,18,3,1]
[14641,2662,357,22,1]
[4096,-1024,496,-91,31,-4,1]
[6561,324,61,4,1]
[4096,512,-192,-37,-12,2,1]
[2401,-1029,200,-21,1]
[512,-192,32,-11,4,-3,1]
[4096,0,288,41,18,0,1]
[4096,256,576,23,36,1,1]
[16384,512,139,4,1]
[15625,625,204,5,1]
[729,405,117,40,13,5,1]
[16384,-1920,207,-15,1]
[2401,-343,50,-7,1]
[15625,625,122,5,1]
[729,-81,36,-14,4,-1,1]
[6561,-405,86,-5,1]
[625,125,8,5,1]
[6561,-1863,269,-23,1]
[729,-162,54,-25,6,-2,1]
[256,128,16,8,15,2,1,2,1]
[256,0,0,-4,-25,-1,0,0,1]
[4096,-1536,80,37,5,-6,1]
[6561,-1944,304,-24,1]
[16384,-2688,357,-21,1]
[4096,1792,528,123,33,7,1]
[4096,-1792,320,-53,20,-7,1]
[4096,-384,63,-6,1]
[256,0,128,12,39,3,8,0,1]
[4096,-1536,656,-165,41,-6,1]
[256,-128,32,-8,-1,-2,2,-2,1]
[14641,-1452,196,-12,1]
[256,64,-32,-20,1,-5,-2,1,1]
[256,-64,16,12,7,3,1,-1,1]
[256,64,48,24,15,6,3,1,1]
[729,-162,90,5,10,-2,1]
[256,0,64,-8,19,-2,4,0,1]
[4096,0,48,63,3,0,1]
[15625,-250,-144,-2,1]
[4096,2048,960,249,60,8,1]
[4096,-3072,1296,-371,81,-12,1]
[4096,0,-192,-1,-12,0,1]
[4096,-1536,16,65,1,-6,1]
[729,-81,99,-19,11,-1,1]
[6561,-2511,397,-31,1]
[4096,-1024,400,-45,25,-4,1]
[4096,512,464,59,29,2,1]
[625,-25,-36,-1,1]
[256,64,0,0,-1,0,0,1,1]
[256,-64,48,-8,7,-2,3,-1,1]
[4096,1024,144,55,9,4,1]
[14641,-121,-7,-1,1]
[729,-81,180,-14,20,-1,1]
[256,-128,80,-24,17,-6,5,-2,1]
[729,243,81,-2,9,3,1]
[4096,-256,-144,79,-9,-1,1]
[2401,686,122,14,1]
[512,0,-8,31,-1,0,1]
[4096,768,80,-35,5,3,1]
[256,-128,160,-80,49,-20,10,-2,1]
[729,-324,27,19,3,-4,1]
[15625,1250,108,10,1]
[4096,-1792,816,-195,51,-7,1]
[256,64,208,44,73,11,13,1,1]
[2401,98,47,2,1]
[6561,-486,31,-6,1]
[4096,512,336,29,21,2,1]
[625,-75,14,-3,1]
[6561,81,59,1,1]
[4096,-2048,192,41,12,-8,1]
[4096,1024,-144,-131,-9,4,1]
[1024,-160,33,-5,1]
[15625,1250,36,10,1]
[4096,1536,640,167,40,6,1]
[256,64,80,64,17,16,5,1,1]
[512,-64,88,-21,11,-1,1]
[4096,1024,192,87,12,4,1]
[256,0,96,12,19,3,6,0,1]
[4096,-768,-16,49,-1,-3,1]
[6561,486,-41,6,1]
[14641,-2057,145,-17,1]
[4096,-2304,848,-263,53,-9,1]
[256,-128,-48,12,13,3,-3,-2,1]
[4096,2560,1104,311,69,10,1]
[4096,-1536,320,-23,20,-6,1]
[256,-64,96,-8,17,-2,6,-1,1]
[256,128,0,-12,-7,-3,0,2,1]
[16384,3328,407,26,1]
[256,192,-16,-48,-23,-12,-1,3,1]
[6561,-162,-76,-2,1]
[4096,-2816,1104,-301,69,-11,1]
[256,64,32,-40,-21,-10,2,1,1]
[14641,484,-1,4,1]
[14641,1210,227,10,1]
[4096,-1280,144,-13,9,-5,1]
[16384,384,-55,3,1]
[4096,0,16,95,1,0,1]
[729,-162,144,-44,16,-2,1]
[4096,-1536,432,-135,27,-6,1]
[729,405,72,11,8,5,1]
[729,162,189,35,21,2,1]
[729,81,18,-29,2,1,1]
[4096,-2560,1136,-335,71,-10,1]
[14641,-605,64,-5,1]
[4096,-768,368,-75,23,-3,1]
[16384,-4480,555,-35,1]
[729,-162,-63,43,-7,-2,1]
[15625,3250,338,26,1]
[14641,242,-111,2,1]
[14641,-2662,263,-22,1]
[1024,-64,33,-2,1]
[4096,-768,352,-11,22,-3,1]
[4096,2304,704,185,44,9,1]
[4096,768,-32,-73,-2,3,1]
[2401,-294,94,-6,1]
[16384,-256,141,-2,1]
[15625,4000,479,32,1]
[256,-64,-32,8,15,2,-2,-1,1]
[14641,-484,40,-4,1]
[729,162,108,46,12,2,1]
[4096,1536,640,163,40,6,1]
[512,192,-56,-47,-7,3,1]
[4096,1024,256,115,16,4,1]
[16384,128,177,1,1]
[14641,847,-79,7,1]
[4096,-1792,464,-83,29,-7,1]
[6561,1134,121,14,1]
[14641,-242,42,-2,1]
[14641,1331,260,11,1]
[4096,-768,368,-23,23,-3,1]
[15625,-500,152,-4,1]
[512,0,56,11,7,0,1]
[15625,-3125,393,-25,1]
[4096,0,288,-49,18,0,1]
[4096,3328,1584,475,99,13,1]
[729,405,171,61,19,5,1]
[4096,-576,31,-9,1]
[14641,2057,207,17,1]
[256,64,64,-28,-5,-7,4,1,1]
[4096,-1280,400,-65,25,-5,1]
[4096,-1280,176,-17,11,-5,1]
[256,128,48,-8,-1,-2,3,2,1]
[4096,512,112,63,7,2,1]
[14641,726,6,6,1]
[4096,1024,160,33,10,4,1]
[4096,-2304,1072,-285,67,-9,1]
[4096,-1024,179,-16,1]
[256,-64,-32,-16,27,-4,-2,-1,1]
[729,-243,-54,46,-6,-3,1]
[4096,1280,528,121,33,5,1]
[1024,0,-19,0,1]
[4096,-768,160,33,10,-3,1]
[16384,-128,17,-1,1]
[256,128,96,8,15,2,6,2,1]
[256,320,256,164,93,41,16,5,1]
[16384,2944,267,23,1]
[729,-81,-18,7,-2,-1,1]
[2401,147,53,3,1]
[4096,-256,304,-65,19,-1,1]
[4096,-1024,80,11,5,-4,1]
[256,-256,64,36,-35,9,4,-4,1]
[4096,768,480,87,30,3,1]
[15625,1875,306,15,1]
[14641,-121,179,-1,1]
[4096,1024,-160,-145,-10,4,1]
[4096,0,48,27,3,0,1]
[4096,1536,432,65,27,6,1]
[729,0,189,-2,21,0,1]
[729,648,351,133,39,8,1]
[4096,256,304,65,19,1,1]
[4096,-1536,448,-127,28,-6,1]
[729,-405,171,-47,19,-5,1]
[14641,1936,234,16,1]
[4096,1024,-80,-77,-5,4,1]
[4096,2048,304,21,19,8,1]
[15625,0,218,0,1]
[4096,768,432,39,27,3,1]
[729,-405,234,-71,26,-5,1]
[4096,1280,512,121,32,5,1]
[14641,-847,-82,-7,1]
[4096,-1280,432,-105,27,-5,1]
[4096,-768,528,-51,33,-3,1]
[256,128,16,-8,3,-2,1,2,1]
[256,0,-16,-4,-13,-1,-1,0,1]
[256,192,80,36,25,9,5,3,1]
[15625,-1000,94,-8,1]
[15625,-1000,-42,-8,1]
[15625,-750,229,-6,1]
[4096,0,208,79,13,0,1]
[15625,-375,26,-3,1]
[729,-81,27,35,3,-1,1]
[4096,-1024,80,55,5,-4,1]
[16384,-1280,175,-10,1]
[256,-128,-48,0,27,0,-3,-2,1]
[256,256,128,60,29,15,8,4,1]
[4096,1280,192,41,12,5,1]
[64,-32,0,11,0,-2,1]
[4096,-512,384,-1,24,-2,1]
[4096,-256,352,17,22,-1,1]
[4096,-2560,944,-273,59,-10,1]
[4096,-256,16,81,1,-1,1]
[512,-128,56,-45,7,-2,1]
[4096,-2048,176,47,11,-8,1]
[4096,448,109,7,1]
[14641,605,-72,5,1]
[4096,-512,384,-11,24,-2,1]
[16384,1536,171,12,1]
[4096,1024,240,-11,15,4,1]
[729,-243,72,-2,8,-3,1]
[16384,3072,383,24,1]
[4096,0,48,-11,3,0,1]
[256,-64,48,4,-5,1,3,-1,1]
[729,243,45,29,5,3,1]
[14641,1694,230,14,1]
[256,128,0,4,19,1,0,2,1]
[512,-192,104,-51,13,-3,1]
[4096,-1280,160,-29,10,-5,1]
[4096,256,496,51,31,1,1]
[4096,-1024,224,-67,14,-4,1]
[256,-128,144,-92,43,-23,9,-2,1]
[4096,-1280,224,-5,14,-5,1]
[6561,324,-61,4,1]
[14641,-121,61,-1,1]
[15625,3125,356,25,1]
[14641,1331,215,11,1]
[4096,1536,-128,-131,-8,6,1]
[4096,1280,544,151,34,5,1]
[256,-192,16,-12,21,-3,1,-3,1]
[4096,512,224,-25,14,2,1]
[4096,-256,304,-83,19,-1,1]
[16384,2944,269,23,1]
[4096,2304,720,177,45,9,1]
[256,-192,32,24,-15,6,2,-3,1]
[512,0,0,-25,0,0,1]
[4096,2048,832,237,52,8,1]
[16384,1152,173,9,1]
[4096,2048,720,179,45,8,1]
[4096,-768,112,-45,7,-3,1]
[4096,1280,512,139,32,5,1]
[4096,-1792,832,-195,52,-7,1]
[15625,4625,581,37,1]
[256,-128,112,-52,21,-13,7,-2,1]
[4096,-2816,848,-191,53,-11,1]
[729,324,207,53,23,4,1]
[4096,-512,256,-1,16,-2,1]
[4096,0,96,-83,6,0,1]
[2401,196,-16,4,1]
[4096,-1536,624,-159,39,-6,1]
[4096,512,32,-43,2,2,1]
[14641,-1210,206,-10,1]
[4096,-1280,-112,99,-7,-5,1]
[6561,-81,-124,-1,1]
[4096,-1024,416,-63,26,-4,1]
[256,-192,112,-56,19,-14,7,-3,1]
[4096,0,432,17,27,0,1]
[4096,768,64,59,4,3,1]
[4096,-256,96,-75,6,-1,1]
[6561,243,-25,3,1]
[14641,1694,266,14,1]
[4096,768,128,67,8,3,1]
[729,81,-9,11,-1,1,1]
[729,-405,90,-5,10,-5,1]
[14641,-1210,25,-10,1]
[729,0,54,1,6,0,1]
[4096,-1024,448,-137,28,-4,1]
[6561,729,181,9,1]
[256,-64,112,4,21,1,7,-1,1]
[15625,1125,-39,9,1]
[4096,1280,672,145,42,5,1]
[729,-162,63,-25,7,-2,1]
[4096,-2304,880,-269,55,-9,1]
[15625,250,-51,2,1]
[4096,0,16,-55,1,0,1]
[256,-64,48,-4,1,-1,3,-1,1]
[729,-567,189,-47,21,-7,1]
[512,-64,64,-13,8,-1,1]
[4096,0,160,-19,10,0,1]
[4096,-512,192,-51,12,-2,1]
[4096,-512,32,1,2,-2,1]
[256,0,48,40,-7,10,3,0,1]
[14641,1452,54,12,1]
[256,256,128,48,17,12,8,4,1]
[4096,256,288,19,18,1,1]
[6561,-243,86,-3,1]
[729,-81,54,-37,6,-1,1]
[256,-128,48,20,-5,5,3,-2,1]
[256,256,144,76,37,19,9,4,1]
[256,-64,160,-32,49,-8,10,-1,1]
[4096,1280,416,69,26,5,1]
[14641,-3025,348,-25,1]
[256,64,48,0,-9,0,3,1,1]
[14641,4598,598,38,1]
[4096,512,224,17,14,2,1]
[4096,-768,208,-53,13,-3,1]
[4096,1792,320,47,20,7,1]
[14641,-605,113,-5,1]
[16384,512,163,4,1]
[4096,-1280,240,-29,15,-5,1]
[256,128,80,-12,-5,-3,5,2,1]
[729,-162,36,-25,4,-2,1]
[256,64,16,0,19,0,1,1,1]
[729,243,117,64,13,3,1]
[729,81,81,10,9,1,1]
[14641,-3751,447,-31,1]
[15625,500,146,4,1]
[729,-351,82,-13,1]
[4096,512,-224,-61,-14,2,1]
[256,-64,224,-44,81,-11,14,-1,1]
[4096,1536,-160,-147,-10,6,1]
[15625,1375,164,11,1]
[512,0,56,-21,7,0,1]
[4096,1024,496,115,31,4,1]
[15625,625,-104,5,1]
[6561,-1458,188,-18,1]
[4096,-256,-23,-4,1]
[4096,-64,-109,-1,1]
[14641,968,164,8,1]
[4096,-1280,288,-77,18,-5,1]
[14641,-2783,311,-23,1]
[512,64,8,27,1,1,1]
[4096,-256,0,-67,0,-1,1]
[4096,0,-80,61,-5,0,1]
[16384,-128,-141,-1,1]
[256,0,64,12,5,3,4,0,1]
[4096,1536,464,167,29,6,1]
[4096,-1536,16,79,1,-6,1]
[4096,-512,576,-41,36,-2,1]
[4096,-832,125,-13,1]
[2401,-49,-31,-1,1]
[4096,2560,1024,279,64,10,1]
[729,162,99,23,11,2,1]
[15625,875,248,7,1]
[4096,2048,64,-99,4,8,1]
[4096,-768,16,85,1,-3,1]
[4096,-2816,1072,-289,67,-11,1]
[14641,-484,-40,-4,1]
[15625,625,47,5,1]
[256,64,-32,16,17,4,-2,1,1]
[256,192,0,-32,-13,-8,0,3,1]
[4096,512,336,9,21,2,1]
[256,192,16,-32,-17,-8,1,3,1]
[15625,-3125,352,-25,1]
[4096,1024,160,13,10,4,1]
[4096,2048,832,253,52,8,1]
[4096,1024,304,135,19,4,1]
[4096,1280,304,57,19,5,1]
[16384,-1408,105,-11,1]
[4096,-256,-160,-7,-10,-1,1]
[4096,-768,544,-103,34,-3,1]
[16384,896,37,7,1]
[4096,-512,416,-73,26,-2,1]
[729,405,171,46,19,5,1]
[14641,484,-29,4,1]
[4096,1536,320,73,20,6,1]
[256,-128,144,-48,41,-12,9,-2,1]
[4096,-256,416,-17,26,-1,1]
[6561,1053,104,13,1]
[15625,3250,376,26,1]
[15625,625,-42,5,1]
[6561,162,-64,2,1]
[4096,1536,704,189,44,6,1]
[4096,-3072,992,-239,62,-12,1]
[4096,256,-64,21,-4,1,1]
[2401,0,-55,0,1]
[512,256,112,37,14,4,1]
[4096,-1536,512,-147,32,-6,1]
[14641,2057,309,17,1]
[15625,3875,449,31,1]
[15625,-1750,252,-14,1]
[15625,1250,167,10,1]
[15625,2375,324,19,1]
[729,162,-27,-8,-3,2,1]
[256,256,240,152,93,38,15,4,1]
[729,81,18,13,2,1,1]
[729,-324,99,-26,11,-4,1]
[256,-320,272,-156,85,-39,17,-5,1]
[729,-324,36,11,4,-4,1]
[4096,-2304,176,73,11,-9,1]
[4096,-1280,208,-69,13,-5,1]
[512,256,128,67,16,4,1]
[729,486,144,41,16,6,1]
[15625,1000,103,8,1]
[14641,1331,221,11,1]
[4096,512,-48,35,-3,2,1]
[256,64,64,-8,1,-2,4,1,1]
[14641,-242,57,-2,1]
[4096,0,320,-55,20,0,1]
[256,-128,64,24,-9,6,4,-2,1]
[64,48,40,19,10,3,1]
[15625,250,241,2,1]
[16384,2816,263,22,1]
[15625,3125,398,25,1]
[256,192,208,108,71,27,13,3,1]
[4096,256,-160,-17,-10,1,1]
[4096,-1024,-192,127,-12,-4,1]
[14641,3630,421,30,1]
[14641,847,-15,7,1]
[256,-128,80,-4,5,-1,5,-2,1]
[729,243,-36,-53,-4,3,1]
[256,-128,112,-72,27,-18,7,-2,1]
[14641,1573,223,13,1]
[4096,1280,304,91,19,5,1]
[4096,768,144,29,9,3,1]
[4096,2048,656,195,41,8,1]
[256,256,208,136,81,34,13,4,1]
[16384,128,195,1,1]
[14641,3146,366,26,1]
[6561,162,161,2,1]
[256,64,64,48,1,12,4,1,1]
[15625,1000,167,8,1]
[256,0,16,-20,-9,-5,1,0,1]
[4096,-1024,320,-101,20,-4,1]
[512,320,176,67,22,5,1]
[4096,-2560,832,-221,52,-10,1]
[4096,-1280,464,-163,29,-5,1]
[4096,-2560,880,-243,55,-10,1]
[6561,972,194,12,1]
[256,0,96,8,27,2,6,0,1]
[14641,3025,342,25,1]
[256,-128,48,-24,23,-6,3,-2,1]
[4096,-512,-176,57,-11,-2,1]
[15625,-1750,241,-14,1]
[4096,-384,59,-6,1]
[729,0,9,7,1,0,1]
[4096,256,0,-77,0,1,1]
[4096,1792,128,-43,8,7,1]
[4096,0,128,63,8,0,1]
[512,256,144,55,18,4,1]
[4096,0,352,-11,22,0,1]
[6561,-486,76,-6,1]
[14641,-847,-39,-7,1]
[256,-128,96,-40,35,-10,6,-2,1]
[16384,-512,-69,-4,1]
[81,36,10,4,1]
[4096,-1024,288,-91,18,-4,1]
[4096,-1280,544,-131,34,-5,1]
[4096,-512,-192,63,-12,-2,1]
[256,0,32,24,13,6,2,0,1]
[256,0,80,24,15,6,5,0,1]
[256,64,0,-4,-5,-1,0,1,1]
[4096,-2816,1136,-321,71,-11,1]
[14641,121,-86,1,1]
[4096,1792,64,-79,4,7,1]
[4096,-512,32,31,2,-2,1]
[729,-162,81,-55,9,-2,1]
[14641,726,-21,6,1]
[6561,162,-97,2,1]
[4096,1024,256,13,16,4,1]
[15625,2375,189,19,1]
[14641,605,-52,5,1]
[256,0,64,-20,1,-5,4,0,1]
[4096,256,-32,63,-2,1,1]
[4096,-1792,-112,161,-7,-7,1]
[4096,-512,288,-85,18,-2,1]
[14641,726,147,6,1]
[4096,-2304,752,-187,47,-9,1]
[256,-64,-16,-20,13,-5,-1,-1,1]
[256,-192,96,-44,29,-11,6,-3,1]
[4096,1280,-192,-133,-12,5,1]
[4096,0,0,103,0,0,1]
[14641,-605,104,-5,1]
[4096,1024,135,16,1]
[4096,0,128,-71,8,0,1]
[16384,-384,-71,-3,1]
[256,0,-64,-4,7,-1,-4,0,1]
[625,300,76,12,1]
[4096,1536,144,-1,9,6,1]
[14641,2299,279,19,1]
[4096,256,528,35,33,1,1]
[4096,512,320,7,20,2,1]
[256,0,48,12,7,3,3,0,1]
[4096,-1344,223,-21,1]
[15625,-375,232,-3,1]
[256,64,-32,-4,17,-1,-2,1,1]
[4096,0,176,85,11,0,1]
[15625,2250,273,18,1]
[512,0,48,-25,6,0,1]
[256,-192,144,-60,39,-15,9,-3,1]
[4096,0,224,-35,14,0,1]
[256,-192,160,-64,41,-16,10,-3,1]
[16384,1920,157,15,1]
[4096,-1024,320,-53,20,-4,1]
[729,-216,32,-8,1]
[256,-192,96,-32,15,-8,6,-3,1]
[4096,64,37,1,1]
[4096,-1024,64,31,4,-4,1]
[14641,2904,367,24,1]
[256,0,-32,16,11,4,-2,0,1]
[4096,-256,80,63,5,-1,1]
[4096,-1280,608,-123,38,-5,1]
[256,320,176,24,-7,6,11,5,1]
[4096,-512,480,-63,30,-2,1]
[4096,512,80,35,5,2,1]
[256,128,128,72,47,18,8,2,1]
[4096,-256,96,11,6,-1,1]
[4096,-1536,544,-151,34,-6,1]
[4096,-1280,416,-83,26,-5,1]
[256,64,80,36,11,9,5,1,1]
[15625,2500,313,20,1]
[4096,-768,32,-33,2,-3,1]
[4096,64,-15,1,1]
[4096,1536,592,177,37,6,1]
[16384,3584,425,28,1]
[4096,3584,1568,461,98,14,1]
[16384,3456,363,27,1]
[4096,256,80,43,5,1,1]
[15625,-500,86,-4,1]
[14641,-726,179,-6,1]
[4096,2048,720,183,45,8,1]
[4096,2304,832,219,52,9,1]
[256,-64,-48,-12,27,-3,-3,-1,1]
[256,-128,48,-36,35,-9,3,-2,1]
[729,324,99,28,11,4,1]
[16384,-384,-79,-3,1]
[14641,-2057,244,-17,1]
[256,-64,32,-8,11,-2,2,-1,1]
[4096,-256,-32,51,-2,-1,1]
[14641,484,115,4,1]
[512,-64,16,-27,2,-1,1]
[6561,1863,271,23,1]
[2401,-441,118,-9,1]
[625,25,-23,1,1]
[256,64,48,0,13,0,3,1,1]
[4096,-1536,592,-175,37,-6,1]
[512,448,208,75,26,7,1]
[256,0,32,28,3,7,2,0,1]
[4096,-512,176,-105,11,-2,1]
[1024,416,99,13,1]
[256,320,288,196,107,49,18,5,1]
[4096,-512,176,-101,11,-2,1]
[256,192,128,92,51,23,8,3,1]
[15625,-2625,262,-21,1]
[6561,810,163,10,1]
[4096,-512,272,-91,17,-2,1]
[4096,-4608,2432,-767,152,-18,1]
[4096,-4096,1952,-589,122,-16,1]
[256,-128,80,-64,29,-16,5,-2,1]
[4096,0,80,-73,5,0,1]
[14641,-484,114,-4,1]
[4096,-1792,208,11,13,-7,1]
[4096,256,80,73,5,1,1]
[4096,-1536,336,-39,21,-6,1]
[6561,405,134,5,1]
[4096,1280,288,65,18,5,1]
[256,-64,32,-12,-11,-3,2,-1,1]
[15625,1875,241,15,1]
[256,192,32,-20,-11,-5,2,3,1]
[256,128,-32,-24,1,-6,-2,2,1]
[4096,2304,800,209,50,9,1]
[4096,1024,704,109,44,4,1]
[512,320,64,3,8,5,1]
[256,-384,336,-196,103,-49,21,-6,1]
[14641,-484,-123,-4,1]
[4096,1792,544,147,34,7,1]
[15625,-750,-51,-6,1]
[14641,-1452,100,-12,1]
[4096,0,240,-65,15,0,1]
[256,-320,208,-92,41,-23,13,-5,1]
[256,-128,16,32,-21,8,1,-2,1]
[14641,1089,115,9,1]
[729,-243,99,-43,11,-3,1]
[729,162,54,53,6,2,1]
[16384,-384,253,-3,1]
[4096,-1280,384,-97,24,-5,1]
[15625,-1000,-66,-8,1]
[16384,-1024,267,-8,1]
[4096,1536,464,95,29,6,1]
[15625,-1375,207,-11,1]
[15625,0,146,0,1]
[14641,0,219,0,1]
[16384,3200,375,25,1]
[256,320,96,-64,-63,-16,6,5,1]
[4096,1024,192,47,12,4,1]
[16384,-4480,541,-35,1]
[4096,256,-64,39,-4,1,1]
[15625,-125,138,-1,1]
[4096,-768,-128,127,-8,-3,1]
[15625,-1625,152,-13,1]
[6561,324,59,4,1]
[6561,1215,116,15,1]
[256,-64,16,-4,-5,-1,1,-1,1]
[4096,-960,183,-15,1]
[4096,1536,96,-37,6,6,1]
[14641,1573,194,13,1]
[4096,-768,400,-73,25,-3,1]
[4096,-256,96,-33,6,-1,1]
[512,64,32,37,4,1,1]
[256,-64,16,-36,19,-9,1,-1,1]
[4096,-768,-112,41,-7,-3,1]
[256,-64,48,28,-7,7,3,-1,1]
[4096,-1280,144,13,9,-5,1]
[4096,1280,816,153,51,5,1]
[729,-243,108,-26,12,-3,1]
[4096,1280,192,-3,12,5,1]
[256,256,96,16,1,4,6,4,1]
[4096,1280,-160,-117,-10,5,1]
[4096,-2304,816,-237,51,-9,1]
[4096,512,320,77,20,2,1]
[729,-324,234,-65,26,-4,1]
[256,192,144,88,59,22,9,3,1]
[512,128,-8,-23,-1,2,1]
[4096,0,48,105,3,0,1]
[512,-128,64,-47,8,-2,1]
[4096,704,137,11,1]
[4096,0,-119,0,1]
[14641,-847,-38,-7,1]
[256,-64,0,-20,23,-5,0,-1,1]
[256,-64,-16,12,-13,3,-1,-1,1]
[16384,256,163,2,1]
[16384,-768,109,-6,1]
[14641,-726,232,-6,1]
[4096,256,608,31,38,1,1]
[4096,1024,160,45,10,4,1]
[4096,1536,544,101,34,6,1]
[14641,968,70,8,1]
[16384,512,179,4,1]
[256,-64,80,-12,29,-3,5,-1,1]
[4096,768,-192,-115,-12,3,1]
[256,-192,144,-64,41,-16,9,-3,1]
[256,384,352,232,125,58,22,6,1]
[4096,512,59,8,1]
[4096,-2304,416,-45,26,-9,1]
[14641,121,-13,1,1]
[2401,-392,107,-8,1]
[2401,-147,-29,-3,1]
[16384,896,245,7,1]
[4096,-256,336,29,21,-1,1]
[14641,968,31,8,1]
[6561,1053,145,13,1]
[729,81,-36,-2,-4,1,1]
[256,-128,-48,4,23,1,-3,-2,1]
[256,-128,48,-8,15,-2,3,-2,1]
[15625,1000,151,8,1]
[14641,-1936,190,-16,1]
[729,243,108,41,12,3,1]
[4096,512,-176,-29,-11,2,1]
[729,243,18,-14,2,3,1]
[256,64,80,28,15,7,5,1,1]
[256,-64,64,-44,9,-11,4,-1,1]
[4096,-2304,752,-209,47,-9,1]
[4096,-1280,496,-151,31,-5,1]
[625,-150,12,-6,1]
[256,-64,80,-4,25,-1,5,-1,1]
[15625,125,-198,1,1]
[15625,-3000,302,-24,1]
[16384,-1536,119,-12,1]
[729,-486,144,-40,16,-6,1]
[256,-320,304,-204,115,-51,19,-5,1]
[4096,-256,-16,43,-1,-1,1]
[4096,-1280,672,-131,42,-5,1]
[512,128,56,1,7,2,1]
[14641,-1573,223,-13,1]
[4096,-256,-144,-21,-9,-1,1]
[14641,-242,54,-2,1]
[16384,1408,197,11,1]
[14641,242,133,2,1]
[14641,1089,48,9,1]
[729,-486,306,-109,34,-6,1]
[14641,-242,-13,-2,1]
[16384,-1792,129,-14,1]
[4096,-1792,64,67,4,-7,1]
[256,-64,48,0,5,0,3,-1,1]
[625,50,-19,2,1]
[4096,-256,192,27,12,-1,1]
[4096,-1280,480,-97,30,-5,1]
[256,64,-16,8,27,2,-1,1,1]
[256,-64,80,-16,17,-4,5,-1,1]
[4096,2304,992,279,62,9,1]
[14641,-1452,102,-12,1]
[15625,-125,-148,-1,1]
[4096,768,448,41,28,3,1]
[6561,1053,149,13,1]
[4096,-768,512,-51,32,-3,1]
[729,-81,63,14,7,-1,1]
[256,0,144,-4,43,-1,9,0,1]
[4096,-256,-208,39,-13,-1,1]
[14641,-1694,169,-14,1]
[6561,-810,62,-10,1]
[15625,1250,9,10,1]
[4096,256,528,43,33,1,1]
[2401,-392,41,-8,1]
[4096,-256,528,-49,33,-1,1]
[6561,162,-85,2,1]
[16384,384,-113,3,1]
[1024,288,83,9,1]
[4096,1792,288,23,18,7,1]
[4096,1536,912,193,57,6,1]
[14641,-726,237,-6,1]
[4096,1536,176,3,11,6,1]
[256,-256,192,-88,45,-22,12,-4,1]
[256,-192,112,-72,35,-18,7,-3,1]
[14641,3267,410,27,1]
[15625,2125,301,17,1]
[16384,512,21,4,1]
[256,-256,112,-68,45,-17,7,-4,1]
[4096,2816,1168,359,73,11,1]
[14641,-1452,36,-12,1]
[14641,-363,40,-3,1]
[2401,735,132,15,1]
[4096,768,-160,-99,-10,3,1]
[4096,1536,112,-25,7,6,1]
[15625,-3000,328,-24,1]
[729,-243,162,-44,18,-3,1]
[256,0,48,28,7,7,3,0,1]
[4096,-2816,1008,-261,63,-11,1]
[4096,1280,-144,-145,-9,5,1]
[256,-192,48,-36,29,-9,3,-3,1]
[256,384,368,260,149,65,23,6,1]
[4096,-1024,96,17,6,-4,1]
[256,32,-3,2,1]
[512,64,136,17,17,1,1]
[4096,-1792,256,-11,16,-7,1]
[14641,847,244,7,1]
[4096,256,-128,21,-8,1,1]
[4096,1024,240,49,15,4,1]
[6561,-81,58,-1,1]
[4096,0,64,29,4,0,1]
[256,64,64,52,21,13,4,1,1]
[16384,-1152,193,-9,1]
[4096,-1024,-160,125,-10,-4,1]
[6561,0,-133,0,1]
[729,-324,126,-53,14,-4,1]
[4096,-1536,352,-101,22,-6,1]
[4096,-1792,288,-15,18,-7,1]
[4096,-768,-112,131,-7,-3,1]
[16384,-768,191,-6,1]
[4096,1792,672,189,42,7,1]
[4096,-1280,464,-101,29,-5,1]
[729,-81,-54,13,-6,-1,1]
[729,-567,315,-125,35,-7,1]
[2401,0,2,0,1]
[16384,-128,-79,-1,1]
[4096,256,368,25,23,1,1]
[16384,-768,117,-6,1]
[4096,-512,-64,119,-4,-2,1]
[6561,810,118,10,1]
[4096,640,131,10,1]
[256,-64,-48,0,21,0,-3,-1,1]
[512,128,72,15,9,2,1]
[512,128,-16,-31,-2,2,1]
[256,-192,80,-28,7,-7,5,-3,1]
[625,-125,8,-5,1]
[14641,-242,-42,-2,1]
[16384,512,-5,4,1]
[512,192,-56,-49,-7,3,1]
[16384,-512,165,-4,1]
[4096,512,480,47,30,2,1]
[15625,-3125,316,-25,1]
[729,-81,9,4,1,-1,1]
[256,-64,112,-40,35,-10,7,-1,1]
[4096,256,-112,-55,-7,1,1]
[4096,512,96,35,6,2,1]
[729,81,11,3,1]
[15625,-3000,364,-24,1]
[6561,972,65,12,1]
[4096,-768,-160,121,-10,-3,1]
[16384,2688,303,21,1]
[256,-256,32,52,-35,13,2,-4,1]
[15625,875,92,7,1]
[256,192,112,32,19,8,7,3,1]
[16384,2560,345,20,1]
[512,320,-32,-59,-4,5,1]
[4096,256,-64,-97,-4,1,1]
[15625,-500,3,-4,1]
[256,-128,96,-52,45,-13,6,-2,1]
[15625,125,113,1,1]
[256,-128,48,-16,1,-4,3,-2,1]
[4096,-1024,704,-125,44,-4,1]
[729,324,126,32,14,4,1]
[256,192,64,52,43,13,4,3,1]
[256,-320,256,-152,81,-38,16,-5,1]
[4096,256,33,4,1]
[4096,1024,496,63,31,4,1]
[16384,-1280,243,-10,1]
[15625,1625,93,13,1]
[4096,-512,464,-35,29,-2,1]
[15625,-125,-152,-1,1]
[4096,-256,96,31,6,-1,1]
[2401,343,44,7,1]
[15625,-125,194,-1,1]
[4096,-2048,400,-69,25,-8,1]
[6561,729,133,9,1]
[729,162,18,16,2,2,1]
[4096,-1536,496,-105,31,-6,1]
[4096,256,-144,-77,-9,1,1]
[2401,-98,-27,-2,1]
[16384,2176,235,17,1]
[4096,0,176,-67,11,0,1]
[14641,-2662,290,-22,1]
[729,0,117,-1,13,0,1]
[4096,768,304,89,19,3,1]
[256,256,144,28,7,7,9,4,1]
[512,-128,80,-45,10,-2,1]
[4096,512,32,-47,2,2,1]
[16384,-1408,41,-11,1]
[4096,512,-96,-1,-6,2,1]
[4096,1024,-32,-55,-2,4,1]
[16384,1408,83,11,1]
[6561,-1296,175,-16,1]
[4096,-256,96,-41,6,-1,1]
[4096,-2048,784,-209,49,-8,1]
[14641,-1210,230,-10,1]
[256,-128,32,28,-25,7,2,-2,1]
[729,0,99,-10,11,0,1]
[4096,768,-128,-97,-8,3,1]
[256,-256,176,-96,45,-24,11,-4,1]
[729,297,82,11,1]
[16384,-1664,71,-13,1]
[4096,-2560,816,-199,51,-10,1]
[256,320,288,168,93,42,18,5,1]
[729,162,-9,-43,-1,2,1]
[4096,1536,864,191,54,6,1]
[15625,3250,336,26,1]
[256,-64,-16,4,-7,1,-1,-1,1]
[4096,-1792,400,-63,25,-7,1]
[15625,2250,324,18,1]
[4096,768,240,105,15,3,1]
[4096,-768,320,-71,20,-3,1]
[729,-81,36,-50,4,-1,1]
[4096,2048,704,207,44,8,1]
[15625,875,27,7,1]
[14641,-242,-20,-2,1]
[16384,-1792,165,-14,1]
[15625,1875,213,15,1]
[4096,512,640,55,40,2,1]
[512,-128,16,1,2,-2,1]
[256,-192,32,8,-1,2,2,-3,1]
[256,0,48,32,-9,8,3,0,1]
[729,486,216,73,24,6,1]
[4096,-1280,-48,89,-3,-5,1]
[4096,-1024,528,-105,33,-4,1]
[14641,-242,-189,-2,1]
[15625,500,47,4,1]
[4096,1280,416,53,26,5,1]
[256,-64,-32,4,1,1,-2,-1,1]
[15625,-375,-96,-3,1]
[15625,-875,156,-7,1]
[4096,-512,-96,131,-6,-2,1]
[4096,-768,160,5,10,-3,1]
[4096,2048,672,183,42,8,1]
[6561,-162,56,-2,1]
[256,0,-48,-12,17,-3,-3,0,1]
[6561,-81,-116,-1,1]
[4096,-1536,480,-149,30,-6,1]
[256,64,48,-12,-5,-3,3,1,1]
[4096,0,224,31,14,0,1]
[729,-162,-45,46,-5,-2,1]
[15625,3125,313,25,1]
[16384,-384,-27,-3,1]
[15625,-250,194,-2,1]
[6561,-972,62,-12,1]
[625,175,47,7,1]
[729,405,171,76,19,5,1]
[729,-648,342,-137,38,-8,1]
[4096,0,496,11,31,0,1]
[15625,3750,447,30,1]
[4096,-2048,-16,139,-1,-8,1]
[256,64,-32,20,25,5,-2,1,1]
[4096,-768,384,-121,24,-3,1]
[729,648,351,130,39,8,1]
[625,-25,11,-1,1]
[4096,-1280,-176,143,-11,-5,1]
[4096,-768,240,15,15,-3,1]
[15625,-250,-139,-2,1]
[4096,-512,32,49,2,-2,1]
[15625,1375,184,11,1]
[4096,-1280,224,-43,14,-5,1]
[4096,512,608,45,38,2,1]
[512,-256,192,-61,24,-4,1]
[4096,768,144,-43,9,3,1]
[4096,2048,624,175,39,8,1]
[4096,-256,-96,-21,-6,-1,1]
[4096,-256,80,-31,5,-1,1]
[256,-192,48,32,-35,8,3,-3,1]
[4096,-1280,-176,145,-11,-5,1]
[4096,1536,592,117,37,6,1]
[4096,2816,1200,369,75,11,1]
[4096,2048,752,233,47,8,1]
[625,100,47,4,1]
[4096,1024,224,45,14,4,1]
[4096,2816,976,259,61,11,1]
[4096,-512,-80,17,-5,-2,1]
[4096,-1280,192,-45,12,-5,1]
[256,-128,80,16,-5,4,5,-2,1]
[4096,-1280,211,-20,1]
[6561,-648,-5,-8,1]
[4096,-512,64,-89,4,-2,1]
[256,-64,0,28,1,7,0,-1,1]
[4096,1792,784,191,49,7,1]
[256,128,16,32,35,8,1,2,1]
[256,-320,128,28,-43,7,8,-5,1]
[729,-648,216,-52,24,-8,1]
[14641,-605,18,-5,1]
[4096,1536,288,53,18,6,1]
[14641,-484,-75,-4,1]
[256,-128,80,-48,39,-12,5,-2,1]
[14641,-242,-84,-2,1]
[15625,-1625,107,-13,1]
[4096,-768,-80,33,-5,-3,1]
[14641,2420,261,20,1]
[16384,-128,-75,-1,1]
[4096,-768,464,-101,29,-3,1]
[256,320,160,20,-11,5,10,5,1]
[4096,-1024,384,-53,24,-4,1]
[25,7,1]
[4096,512,-160,-105,-10,2,1]
[16384,768,-19,6,1]
[15625,-250,-106,-2,1]
[729,405,99,13,11,5,1]
[16384,3072,325,24,1]
[729,-324,144,-70,16,-4,1]
[256,128,32,36,39,9,2,2,1]
[4096,-4096,2048,-631,128,-16,1]
[4096,-512,64,-65,4,-2,1]
[729,-324,153,-64,17,-4,1]
[2401,539,93,11,1]
[6561,0,133,0,1]
[729,324,63,19,7,4,1]
[15625,250,37,2,1]
[256,-64,128,-48,33,-12,8,-1,1]
[4096,-512,-224,55,-14,-2,1]
[4096,-1280,800,-157,50,-5,1]
[15625,-1625,272,-13,1]
[14641,1815,146,15,1]
[729,243,81,8,9,3,1]
[729,243,72,16,8,3,1]
[6561,972,170,12,1]
[14641,-484,4,-4,1]
[729,-324,-72,74,-8,-4,1]
[4096,-1536,368,-93,23,-6,1]
[256,128,112,64,43,16,7,2,1]
[729,243,225,46,25,3,1]
[4096,2048,592,137,37,8,1]
[15625,-750,-87,-6,1]
[512,-192,-40,51,-5,-3,1]
[512,0,-40,-1,-5,0,1]
[256,-128,160,-84,53,-21,10,-2,1]
[256,320,240,116,57,29,15,5,1]
[4096,512,576,71,36,2,1]
[4096,1792,512,123,32,7,1]
[4096,1024,192,75,12,4,1]
[14641,1089,216,9,1]
[625,150,42,6,1]
[4096,1280,-16,-83,-1,5,1]
[6561,810,32,10,1]
[729,405,189,73,21,5,1]
[15625,-1625,187,-13,1]
[4096,768,208,31,13,3,1]
[4096,-1280,368,-141,23,-5,1]
[4096,256,64,-59,4,1,1]
[729,-324,72,1,8,-4,1]
[4096,-2304,432,-49,27,-9,1]
[15625,1125,-13,9,1]
[256,128,128,80,35,20,8,2,1]
[4096,0,16,-61,1,0,1]
[4096,1792,400,59,25,7,1]
[4096,512,688,63,43,2,1]
[4096,-512,-64,85,-4,-2,1]
[14641,726,-19,6,1]
[4096,1536,-144,-155,-9,6,1]
[4096,-512,192,-27,12,-2,1]
[512,-256,136,-65,17,-4,1]
[729,-324,126,-29,14,-4,1]
[64,16,-1,2,1]
[14641,-2057,266,-17,1]
[256,-64,64,16,-5,4,4,-1,1]
[4096,0,-176,9,-11,0,1]
[14641,-1573,217,-13,1]
[4096,1280,464,111,29,5,1]
[256,-256,96,-40,25,-10,6,-4,1]
[4096,2304,720,165,45,9,1]
[4096,-1280,0,47,0,-5,1]
[2401,-539,71,-11,1]
[729,162,207,34,23,2,1]
[4096,512,-96,-9,-6,2,1]
[14641,847,29,7,1]
[4096,1280,448,81,28,5,1]
[15625,1125,58,9,1]
[15625,3375,407,27,1]
[14641,3146,360,26,1]
[16384,-1792,79,-14,1]
[4096,2304,544,97,34,9,1]
[256,-64,-16,28,-9,7,-1,-1,1]
[4096,1280,416,137,26,5,1]
[16384,2560,271,20,1]
[729,324,72,20,8,4,1]
[15625,500,16,4,1]
[4096,768,416,81,26,3,1]
[15625,-2750,307,-22,1]
[16384,1152,7,9,1]
[4096,-256,-96,27,-6,-1,1]
[729,162,126,29,14,2,1]
[256,64,16,4,-1,1,1,1,1]
[4096,0,512,-13,32,0,1]
[4096,512,144,-49,9,2,1]
[14641,1089,21,9,1]
[4096,256,128,-59,8,1,1]
[256,-64,96,-72,19,-18,6,-1,1]
[4096,2304,416,39,26,9,1]
[4096,-1792,688,-179,43,-7,1]
[4096,1024,368,81,23,4,1]
[4096,2560,880,237,55,10,1]
[256,-64,48,-12,1,-3,3,-1,1]
[4096,256,96,-69,6,1,1]
[512,-384,128,-37,16,-6,1]
[6561,1296,220,16,1]
[256,0,64,52,-1,13,4,0,1]
[729,-162,144,-40,16,-2,1]
[256,64,48,32,15,8,3,1,1]
[625,-250,53,-10,1]
[256,-128,48,-48,35,-12,3,-2,1]
[15625,-2250,309,-18,1]
[256,0,48,36,3,9,3,0,1]
[512,-128,-48,33,-6,-2,1]
[16384,3328,391,26,1]
[4096,512,-144,-45,-9,2,1]
[15625,-625,254,-5,1]
[256,0,16,8,-1,2,1,0,1]
[512,128,-48,-31,-6,2,1]
[6561,567,62,7,1]
[4096,1024,160,29,10,4,1]
[4096,-1792,656,-175,41,-7,1]
[16,4,7,1,1]
[16384,2560,275,20,1]
[6561,162,-31,2,1]
[4096,-2048,736,-193,46,-8,1]
[16384,-1664,111,-13,1]
[15625,-2625,272,-21,1]
[4096,-1280,256,-59,16,-5,1]
[512,0,16,-5,2,0,1]
[4096,256,128,33,8,1,1]
[14641,-726,-76,-6,1]
[4096,512,272,-23,17,2,1]
[15625,-500,-67,-4,1]
[2401,245,-9,5,1]
[4096,2304,1056,287,66,9,1]
[4096,-192,47,-3,1]
[15625,-375,-119,-3,1]
[256,-64,-80,4,29,1,-5,-1,1]
[4096,512,336,37,21,2,1]
[4096,512,416,63,26,2,1]
[15625,2500,336,20,1]
[4096,1792,576,119,36,7,1]
[1024,-288,59,-9,1]
[4096,512,-176,-69,-11,2,1]
[4096,-1792,672,-207,42,-7,1]
[256,-320,272,-188,103,-47,17,-5,1]
[512,256,24,-9,3,4,1]
[4096,768,-160,-69,-10,3,1]
[15625,-1625,42,-13,1]
[4096,768,144,93,9,3,1]
[4096,-1792,112,43,7,-7,1]
[16384,-384,-187,-3,1]
[512,-64,32,-25,4,-1,1]
[625,225,58,9,1]
[4096,1024,16,-47,1,4,1]
[4096,0,256,19,16,0,1]
[256,-128,48,-16,13,-4,3,-2,1]
[15625,-125,179,-1,1]
[4096,0,-112,67,-7,0,1]
[64,-16,-3,-2,1]
[729,-243,90,-29,10,-3,1]
[4096,-2560,992,-265,62,-10,1]
[729,108,1,4,1]
[512,320,200,71,25,5,1]
[4096,-2048,656,-189,41,-8,1]
[4096,256,256,-47,16,1,1]
[2401,196,79,4,1]
[256,-128,64,0,-3,0,4,-2,1]
[4096,0,128,71,8,0,1]
[4096,-1536,144,31,9,-6,1]
[4096,-2048,576,-137,36,-8,1]
[4096,-256,-63,-4,1]
[625,-25,33,-1,1]
[4096,0,32,-23,2,0,1]
[16384,1792,63,14,1]
[14641,605,-117,5,1]
[4096,1792,656,217,41,7,1]
[14641,1815,137,15,1]
[512,256,80,35,10,4,1]
[256,-128,0,-12,21,-3,0,-2,1]
[4096,256,96,15,6,1,1]
[16384,-2432,323,-19,1]
[14641,-1815,101,-15,1]
[512,192,128,37,16,3,1]
[15625,-625,17,-5,1]
[4096,-1536,464,-113,29,-6,1]
[4096,256,176,51,11,1,1]
[15625,-125,6,-1,1]
[15625,-3125,369,-25,1]
[15625,-500,-59,-4,1]
[4096,-1536,416,-137,26,-6,1]
[14641,-726,82,-6,1]
[4096,-192,105,-3,1]
[4096,64,105,1,1]
[14641,-121,-58,-1,1]
[4096,-768,336,-89,21,-3,1]
[4096,768,224,-15,14,3,1]
[256,-384,352,-224,123,-56,22,-6,1]
[4096,0,16,-31,1,0,1]
[15625,-2875,354,-23,1]
[1024,-576,143,-18,1]
[256,128,16,-36,-35,-9,1,2,1]
[4096,-1536,256,-61,16,-6,1]
[14641,-1573,172,-13,1]
[256,0,16,20,3,5,1,0,1]
[4096,-2048,784,-237,49,-8,1]
[4096,-512,48,83,3,-2,1]
[6561,1539,226,19,1]
[729,0,0,41,0,0,1]
[16384,-2432,265,-19,1]
[14641,-3509,410,-29,1]
[14641,2904,347,24,1]
[4096,768,-176,-71,-11,3,1]
[1024,-96,1,-3,1]
[729,-405,198,-82,22,-5,1]
[4096,-512,-80,79,-5,-2,1]
[14641,-363,227,-3,1]
[729,324,180,70,20,4,1]
[16384,768,73,6,1]
[15625,-250,-64,-2,1]
[1024,480,107,15,1]
[4096,-768,80,49,5,-3,1]
[4096,-256,112,-67,7,-1,1]
[729,-810,468,-181,52,-10,1]
[256,64,32,24,29,6,2,1,1]
[729,0,63,-29,7,0,1]
[4096,-768,208,-131,13,-3,1]
[16384,2432,321,19,1]
[4096,1280,400,157,25,5,1]
[512,256,112,53,14,4,1]
[15625,-2250,288,-18,1]
[4096,-2560,704,-155,44,-10,1]
[256,128,16,-32,-15,-8,1,2,1]
[4096,-2304,624,-149,39,-9,1]
[14641,2057,267,17,1]
[4096,256,544,9,34,1,1]
[14641,1331,210,11,1]
[14641,242,-109,2,1]
[256,-64,48,-8,1,-2,3,-1,1]
[14641,1452,136,12,1]
[15625,-3375,384,-27,1]
[729,-162,108,-25,12,-2,1]
[4096,-1024,112,-23,7,-4,1]
[4096,1536,608,189,38,6,1]
[14641,1210,27,10,1]
[512,384,224,83,28,6,1]
[729,-162,99,-40,11,-2,1]
[4096,1536,528,93,33,6,1]
[6561,-162,134,-2,1]
[256,64,160,60,49,15,10,1,1]
[256,-192,80,-28,9,-7,5,-3,1]
[512,-256,72,-7,9,-4,1]
[16384,-3328,343,-26,1]
[4096,512,48,-41,3,2,1]
[4096,1536,192,9,12,6,1]
[256,0,-16,-32,9,-8,-1,0,1]
[4096,2048,688,173,43,8,1]
[4096,256,80,119,5,1,1]
[256,16,7,1,1]
[15625,1625,219,13,1]
[16384,896,135,7,1]
[15625,1125,43,9,1]
[729,-486,54,19,6,-6,1]
[729,162,81,13,9,2,1]
[256,128,48,-32,-23,-8,3,2,1]
[512,-192,0,5,0,-3,1]
[4096,5120,2880,927,180,20,1]
[16384,3456,395,27,1]
[256,384,352,248,137,62,22,6,1]
[15625,-750,136,-6,1]
[4096,-1024,368,-29,23,-4,1]
[256,-256,96,-56,41,-14,6,-4,1]
[729,54,-28,2,1]
[4096,-1536,544,-97,34,-6,1]
[2401,-637,134,-13,1]
[16384,-3584,449,-28,1]
[729,-324,45,13,5,-4,1]
[4096,-512,160,-117,10,-2,1]
[14641,605,90,5,1]
[256,-256,160,-100,59,-25,10,-4,1]
[16384,256,-209,2,1]
[729,81,9,-4,1,1,1]
[16384,1152,-35,9,1]
[4096,1024,240,51,15,4,1]
[256,0,112,-4,29,-1,7,0,1]
[6561,1215,200,15,1]
[4096,768,320,111,20,3,1]
[256,-320,288,-164,91,-41,18,-5,1]
[729,486,306,110,34,6,1]
[4096,-1024,400,-99,25,-4,1]
[729,81,63,20,7,1,1]
[4096,0,-160,9,-10,0,1]
[6561,-1944,286,-24,1]
[4096,-256,416,-55,26,-1,1]
[4096,256,48,95,3,1,1]
[14641,-1573,113,-13,1]
[4096,2304,944,251,59,9,1]
[4096,-512,-64,73,-4,-2,1]
[4096,256,368,41,23,1,1]
[256,-64,0,0,1,0,0,-1,1]
[15625,-750,146,-6,1]
[4096,-512,80,-53,5,-2,1]
[6561,972,131,12,1]
[256,64,16,20,29,5,1,1,1]
[4096,2560,1280,353,80,10,1]
[512,-320,104,-21,13,-5,1]
[4096,2048,656,191,41,8,1]
[256,-128,32,-20,19,-5,2,-2,1]
[15625,3125,401,25,1]
[256,64,80,40,19,10,5,1,1]
[4096,768,-64,-111,-4,3,1]
[2401,-294,22,-6,1]
[4096,1792,560,133,35,7,1]
[4096,-512,80,27,5,-2,1]
[729,324,153,73,17,4,1]
[256,0,64,-4,15,-1,4,0,1]
[15625,1375,249,11,1]
[256,64,32,-8,5,-2,2,1,1]
[4096,-2048,128,65,8,-8,1]
[16384,128,107,1,1]
[4096,1792,704,173,44,7,1]
[256,256,80,-52,-49,-13,5,4,1]
[14641,2178,246,18,1]
[4096,-1280,288,-19,18,-5,1]
[16384,2048,319,16,1]
[4096,-1792,384,-67,24,-7,1]
[4096,0,-48,-77,-3,0,1]
[256,-128,48,12,-3,3,3,-2,1]
[4096,-256,256,-41,16,-1,1]
[4096,512,-144,-23,-9,2,1]
[4096,1024,320,17,20,4,1]
[729,486,171,49,19,6,1]
[4096,-768,320,-95,20,-3,1]
[512,-256,-16,35,-2,-4,1]
[15625,1375,256,11,1]
[4096,-768,-64,87,-4,-3,1]
[15625,-875,18,-7,1]
[4096,1792,592,169,37,7,1]
[4096,-768,368,-51,23,-3,1]
[1024,-64,13,-2,1]
[256,-128,16,40,-25,10,1,-2,1]
[729,-324,90,-7,10,-4,1]
[4096,1024,112,31,7,4,1]
[4096,-384,47,-6,1]
[4096,1792,544,175,34,7,1]
[256,64,80,-24,3,-6,5,1,1]
[4096,-256,384,15,24,-1,1]
[1024,-288,53,-9,1]
[14641,2904,382,24,1]
[729,81,117,7,13,1,1]
[15625,-1375,239,-11,1]
[4096,-512,80,-49,5,-2,1]
[15625,125,131,1,1]
[15625,-625,6,-5,1]
[6561,-1134,208,-14,1]
[4096,-512,320,-37,20,-2,1]
[625,125,51,5,1]
[4096,256,304,35,19,1,1]
[4096,-1024,144,-57,9,-4,1]
[4096,768,-128,-39,-8,3,1]
[4096,-512,160,-45,10,-2,1]
[4096,-2304,992,-271,62,-9,1]
[4096,-768,320,-103,20,-3,1]
[4096,-256,496,-1,31,-1,1]
[4096,-1280,656,-121,41,-5,1]
[14641,-1694,260,-14,1]
[4096,512,-128,-71,-8,2,1]
[512,-256,184,-57,23,-4,1]
[4096,-1024,163,-16,1]
[256,192,32,20,21,5,2,3,1]
[4096,-768,608,-83,38,-3,1]
[16384,-2816,307,-22,1]
[15625,-4625,586,-37,1]
[15625,-250,82,-2,1]
[256,64,32,16,21,4,2,1,1]
[15625,-375,-18,-3,1]
[4096,-512,272,19,17,-2,1]
[4096,256,592,39,37,1,1]
[15625,-1000,256,-8,1]
[4096,-1024,0,35,0,-4,1]
[4096,-768,-64,81,-4,-3,1]
[4096,512,256,-17,16,2,1]
[14641,2420,210,20,1]
[256,320,304,220,119,55,19,5,1]
[256,-192,16,24,-11,6,1,-3,1]
[14641,-1573,68,-13,1]
[14641,-484,164,-4,1]
[16384,2304,193,18,1]
[4096,-1024,528,-123,33,-4,1]
[15625,3500,397,28,1]
[4096,1536,624,183,39,6,1]
[4096,0,-144,17,-9,0,1]
[14641,605,233,5,1]
[4096,512,-64,11,-4,2,1]
[15625,875,91,7,1]
[16384,-384,77,-3,1]
[6561,810,58,10,1]
[4096,-768,0,-31,0,-3,1]
[15625,500,-37,4,1]
[256,-192,128,-36,19,-9,8,-3,1]
[14641,1694,205,14,1]
[2401,-147,2,-3,1]
[14641,2783,323,23,1]
[6561,-1134,148,-14,1]
[4096,3584,1712,521,107,14,1]
[15625,2000,238,16,1]
[15625,250,-4,2,1]
[14641,1694,200,14,1]
[256,-128,160,-64,47,-16,10,-2,1]
[4096,-1280,176,-5,11,-5,1]
[4096,-512,224,-107,14,-2,1]
[14641,-242,97,-2,1]
[4096,1024,176,13,11,4,1]
[256,-192,16,36,-21,9,1,-3,1]
[4096,1024,240,37,15,4,1]
[4096,-512,352,-67,22,-2,1]
[4096,512,32,-53,2,2,1]
[4096,0,-64,35,-4,0,1]
[14641,3872,482,32,1]
[16384,512,-147,4,1]
[256,-64,16,-8,13,-2,1,-1,1]
[16384,1152,-43,9,1]
[256,128,80,36,21,9,5,2,1]
[4096,768,-32,-97,-2,3,1]
[14641,0,213,0,1]
[256,16,-15,1,1]
[4096,192,-3,3,1]
[729,162,27,34,3,2,1]
[729,486,252,88,28,6,1]
[625,100,36,4,1]
[4096,-2304,736,-201,46,-9,1]
[4096,-1792,512,-99,32,-7,1]
[4096,-1792,464,-77,29,-7,1]
[4096,512,80,-69,5,2,1]
[6561,-243,50,-3,1]
[729,162,63,55,7,2,1]
[256,-128,32,28,-31,7,2,-2,1]
[4096,384,-23,6,1]
[256,-192,96,-56,37,-14,6,-3,1]
[14641,3146,399,26,1]
[14641,-242,182,-2,1]
[512,128,-16,-23,-2,2,1]
[256,192,96,72,45,18,6,3,1]
[15625,1750,173,14,1]
[256,128,64,44,27,11,4,2,1]
[256,128,48,0,-7,0,3,2,1]
[4096,-256,16,79,1,-1,1]
[256,-192,48,-28,21,-7,3,-3,1]
[14641,726,-41,6,1]
[256,0,0,4,17,1,0,0,1]
[6561,-1458,169,-18,1]
[256,128,-32,-28,-11,-7,-2,2,1]
[14641,2299,179,19,1]
[4096,-256,160,1,10,-1,1]
[625,-350,93,-14,1]
[4096,1792,96,-61,6,7,1]
[16384,3968,473,31,1]
[4096,640,139,10,1]
[256,320,208,76,29,19,13,5,1]
[14641,-363,117,-3,1]
[16384,896,21,7,1]
[256,-64,48,-44,7,-11,3,-1,1]
[4096,-768,288,-63,18,-3,1]
[4096,-256,-112,71,-7,-1,1]
[256,-128,0,32,-25,8,0,-2,1]
[4096,-512,480,-73,30,-2,1]
[14641,-3993,500,-33,1]
[729,891,576,235,64,11,1]
[729,81,18,28,2,1,1]
[6561,324,-65,4,1]
[4096,768,64,-37,4,3,1]
[4096,-512,384,-19,24,-2,1]
[4096,256,224,93,14,1,1]
[2401,-245,31,-5,1]
[16384,3072,361,24,1]
[2401,-931,183,-19,1]
[16384,-2304,239,-18,1]
[4096,512,32,1,2,2,1]
[4096,768,224,127,14,3,1]
[14641,-1210,229,-10,1]
[4096,256,-224,-23,-14,1,1]
[15625,1375,129,11,1]
[729,-486,252,-106,28,-6,1]
[256,128,-48,16,43,4,-3,2,1]
[4096,-1536,32,77,2,-6,1]
[729,81,18,10,2,1,1]
[14641,-1210,-4,-10,1]
[14641,-1573,144,-13,1]
[729,243,162,38,18,3,1]
[14641,-363,24,-3,1]
[4096,-1280,416,-137,26,-5,1]
[4096,-512,240,-7,15,-2,1]
[15625,1125,12,9,1]
[4096,1024,544,75,34,4,1]
[512,192,96,29,12,3,1]
[4096,-2048,752,-231,47,-8,1]
[2401,49,-25,1,1]
[16384,-1792,179,-14,1]
[256,-64,96,-4,17,-1,6,-1,1]
[256,256,128,56,29,14,8,4,1]
[256,192,208,120,73,30,13,3,1]
[256,128,80,56,27,14,5,2,1]
[14641,1210,64,10,1]
[4096,256,-32,53,-2,1,1]
[256,0,64,-8,29,-2,4,0,1]
[256,64,96,24,17,6,6,1,1]
[15625,500,98,4,1]
[15625,-250,-11,-2,1]
[729,81,99,11,11,1,1]
[4096,768,448,67,28,3,1]
[4096,256,-16,23,-1,1,1]
[15625,-125,-153,-1,1]
[4096,-2304,640,-153,40,-9,1]
[4096,-128,-61,-2,1]
[4096,256,112,-39,7,1,1]
[625,150,22,6,1]
[4096,-768,48,45,3,-3,1]
[15625,-4750,609,-38,1]
[256,64,64,12,7,3,4,1,1]
[512,192,72,47,9,3,1]
[4096,256,-96,-47,-6,1,1]
[4096,-256,208,-25,13,-1,1]
[4096,1792,208,-7,13,7,1]
[4096,1024,592,123,37,4,1]
[4096,-2048,592,-131,37,-8,1]
[512,-128,16,21,2,-2,1]
[4096,512,80,19,5,2,1]
[15625,125,83,1,1]
[4096,-1792,608,-165,38,-7,1]
[6561,-81,82,-1,1]
[15625,1375,99,11,1]
[729,324,216,70,24,4,1]
[2401,245,33,5,1]
[4096,1280,464,171,29,5,1]
[512,-128,112,-13,14,-2,1]
[512,320,168,79,21,5,1]
[4096,768,432,109,27,3,1]
[256,128,-32,-12,5,-3,-2,2,1]
[14641,484,241,4,1]
[729,405,198,79,22,5,1]
[4096,-1536,400,-109,25,-6,1]
[729,-243,-27,35,-3,-3,1]
[256,64,32,-4,-17,-1,2,1,1]
[15625,250,248,2,1]
[256,-320,192,-92,47,-23,12,-5,1]
[4096,512,288,75,18,2,1]
[16384,512,229,4,1]
[4096,0,0,107,0,0,1]
[4096,512,672,67,42,2,1]
[4096,-1280,128,45,8,-5,1]
[4096,-1024,368,-87,23,-4,1]
[15625,-2000,179,-16,1]
[4096,0,64,-49,4,0,1]
[4096,2048,800,229,50,8,1]
[4096,512,112,105,7,2,1]
[729,162,41,6,1]
[256,0,64,-4,7,-1,4,0,1]
[4096,1536,560,167,35,6,1]
[4096,3840,1696,495,106,15,1]
[256,-256,112,16,-27,4,7,-4,1]
[512,-448,176,-55,22,-7,1]
[14641,-1210,86,-10,1]
[4096,-2304,832,-209,52,-9,1]
[14641,2057,295,17,1]
[4096,-1536,368,-85,23,-6,1]
[256,-320,272,-180,95,-45,17,-5,1]
[16384,128,-33,1,1]
[256,-192,112,-32,11,-8,7,-3,1]
[4096,-256,-48,-55,-3,-1,1]
[6561,-243,-62,-3,1]
[256,0,0,28,1,7,0,0,1]
[4096,-1792,560,-179,35,-7,1]
[4096,-1792,416,-105,26,-7,1]
[14641,0,235,0,1]
[256,-256,96,12,-27,3,6,-4,1]
[4096,2816,1120,321,70,11,1]
[4096,256,91,4,1]
[256,-64,0,0,3,0,0,-1,1]
[2401,-147,30,-3,1]
[4096,-1408,225,-22,1]
[4096,768,672,91,42,3,1]
[4096,1280,48,-43,3,5,1]
[4096,-2048,272,-3,17,-8,1]
[14641,1815,224,15,1]
[256,-64,0,4,-3,1,0,-1,1]
[16384,-1664,155,-13,1]
[4096,-2560,1040,-307,65,-10,1]
[4096,-1792,64,79,4,-7,1]
[4096,0,432,-37,27,0,1]
[256,-128,16,16,-3,4,1,-2,1]
[256,0,-32,-8,5,-2,-2,0,1]
[4096,-1280,144,-27,9,-5,1]
[4096,0,-128,31,-8,0,1]
[4096,256,64,-5,4,1,1]
[16384,1152,133,9,1]
[14641,605,-51,5,1]
[4096,-768,0,-1,0,-3,1]
[256,128,64,8,15,2,4,2,1]
[512,64,168,17,21,1,1]
[729,405,207,68,23,5,1]
[4096,-768,-128,95,-8,-3,1]
[2401,147,22,3,1]
[256,-64,32,4,-9,1,2,-1,1]
[256,256,64,-16,-13,-4,4,4,1]
[256,-128,80,-36,15,-9,5,-2,1]
[16384,2816,311,22,1]
[256,-64,80,-64,11,-16,5,-1,1]
[4096,1024,176,61,11,4,1]
[4096,1280,384,89,24,5,1]
[4096,-1280,64,43,4,-5,1]
[4096,2304,960,277,60,9,1]
[4096,-1024,256,-89,16,-4,1]
[15625,2250,296,18,1]
[4096,-256,192,-87,12,-1,1]
[16384,-128,69,-1,1]
[4096,1024,272,61,17,4,1]
[4096,2048,656,185,41,8,1]
[4096,0,144,73,9,0,1]
[15625,375,-23,3,1]
[4096,256,-224,-29,-14,1,1]
[15625,625,111,5,1]
[256,128,0,-12,-3,-3,0,2,1]
[4096,1792,736,181,46,7,1]
[14641,-1452,23,-12,1]
[2401,-147,51,-3,1]
[256,128,48,-20,-17,-5,3,2,1]
[16384,1536,265,12,1]
[4096,4096,2016,617,126,16,1]
[4096,1024,288,109,18,4,1]
[256,-64,0,-12,29,-3,0,-1,1]
[4096,-1024,480,-71,30,-4,1]
[4096,0,32,-119,2,0,1]
[729,405,225,88,25,5,1]
[256,-192,80,-44,33,-11,5,-3,1]
[4096,256,-112,-7,-7,1,1]
[4096,256,176,-49,11,1,1]
[15625,-1750,96,-14,1]
[256,256,96,36,23,9,6,4,1]
[256,-64,15,-4,1]
[4096,0,256,-11,16,0,1]
[729,-729,459,-179,51,-9,1]
[256,64,-16,8,25,2,-1,1,1]
[4096,-1536,512,-115,32,-6,1]
[256,192,32,-40,-27,-10,2,3,1]
[4096,2048,896,225,56,8,1]
[4096,512,-128,-53,-8,2,1]
[4096,-256,448,-27,28,-1,1]
[729,54,35,2,1]
[4096,0,192,-45,12,0,1]
[14641,-2299,262,-19,1]
[256,-128,32,44,-23,11,2,-2,1]
[4096,-512,-16,59,-1,-2,1]
[729,324,180,71,20,4,1]
[16384,4096,499,32,1]
[6561,-567,125,-7,1]
[512,64,80,27,10,1,1]
[4096,768,512,47,32,3,1]
[4096,1280,736,155,46,5,1]
[256,-448,416,-292,165,-73,26,-7,1]
[4096,-1024,288,-89,18,-4,1]
[15625,1750,78,14,1]
[4096,-2048,592,-143,37,-8,1]
[4096,1792,720,207,45,7,1]
[512,128,152,23,19,2,1]
[15625,-1250,228,-10,1]
[4096,2048,512,99,32,8,1]
[15625,2375,247,19,1]
[14641,-1573,118,-13,1]
[15625,2875,319,23,1]
[14641,-1089,159,-9,1]
[729,-486,63,16,7,-6,1]
[6561,567,115,7,1]
[15625,2750,354,22,1]
[16384,-3072,289,-24,1]
[4096,2304,848,239,53,9,1]
[4096,768,272,33,17,3,1]
[4096,-256,192,-47,12,-1,1]
[729,162,117,32,13,2,1]
[256,-64,-80,12,13,3,-5,-1,1]
[4096,1536,336,71,21,6,1]
[729,0,-9,41,-1,0,1]
[512,192,32,-3,4,3,1]
[256,0,32,4,19,1,2,0,1]
[256,-192,16,48,-39,12,1,-3,1]
[4096,-256,256,-17,16,-1,1]
[256,-64,80,-36,13,-9,5,-1,1]
[15625,-1375,11,-11,1]
[4096,2048,1008,261,63,8,1]
[256,320,208,104,49,26,13,5,1]
[256,-64,48,56,-15,14,3,-1,1]
[14641,1815,118,15,1]
[15625,2750,258,22,1]
[4096,-64,-97,-1,1]
[15625,-1125,-43,-9,1]
[4096,1024,256,81,16,4,1]
[256,256,160,116,69,29,10,4,1]
[4096,-1536,208,-1,13,-6,1]
[15625,375,-39,3,1]
[256,0,16,12,-15,3,1,0,1]
[4096,-1792,560,-113,35,-7,1]
[15625,375,159,3,1]
[512,-320,184,-77,23,-5,1]
[729,0,99,-2,11,0,1]
[256,-192,96,-12,-1,-3,6,-3,1]
[4096,1024,304,61,19,4,1]
[4096,384,111,6,1]
[15625,-625,-22,-5,1]
[16384,1152,175,9,1]
[256,-256,112,-20,3,-5,7,-4,1]
[16384,-896,15,-7,1]
[14641,2057,281,17,1]
[4096,-256,336,25,21,-1,1]
[4096,1536,144,-5,9,6,1]
[729,0,108,-7,12,0,1]
[15625,-1375,127,-11,1]
[729,-243,-9,13,-1,-3,1]
[14641,242,180,2,1]
[729,-648,297,-100,33,-8,1]
[729,324,171,58,19,4,1]
[4096,-320,57,-5,1]
[14641,968,153,8,1]
[729,-162,18,22,2,-2,1]
[4096,1280,688,159,43,5,1]
[4096,3072,1056,267,66,12,1]
[14641,363,-151,3,1]
[256,64,16,8,-1,2,1,1,1]
[14641,-605,232,-5,1]
[6561,162,-28,2,1]
[15625,-250,-67,-2,1]
[4096,-768,32,41,2,-3,1]
[256,-320,208,-92,37,-23,13,-5,1]
[14641,1815,139,15,1]
[256,64,64,20,35,5,4,1,1]
[14641,-363,-72,-3,1]
[4096,-1536,96,51,6,-6,1]
[4096,-1024,-112,125,-7,-4,1]
[4096,1280,320,81,20,5,1]
[16384,-3712,455,-29,1]
[4096,-256,-32,25,-2,-1,1]
[4096,512,-16,-9,-1,2,1]
[4096,0,160,65,10,0,1]
[6561,-2673,434,-33,1]
[4096,-2048,688,-153,43,-8,1]
[729,567,288,103,32,7,1]
[16384,0,237,0,1]
[16384,1920,95,15,1]
[6561,81,-5,1,1]
[512,192,80,37,10,3,1]
[256,64,144,32,47,8,9,1,1]
[512,128,112,37,14,2,1]
[16384,-1920,173,-15,1]
[256,384,432,316,185,79,27,6,1]
[256,384,368,264,149,66,23,6,1]
[729,-648,324,-116,36,-8,1]
[4096,-1792,400,-81,25,-7,1]
[16384,-1152,209,-9,1]
[4096,-512,160,39,10,-2,1]
[4096,2304,256,-35,16,9,1]
[4096,-1280,-112,117,-7,-5,1]
[4096,1536,176,9,11,6,1]
[512,-256,16,9,2,-4,1]
[16384,2304,175,18,1]
[256,0,-96,-8,25,-2,-6,0,1]
[4096,256,16,7,1,1,1]
[15625,1250,177,10,1]
[256,0,-48,-12,7,-3,-3,0,1]
[4096,768,288,133,18,3,1]
[4096,-1280,-208,159,-13,-5,1]
[4096,768,240,-15,15,3,1]
[4096,0,48,67,3,0,1]
[4096,-960,147,-15,1]
[4096,-512,48,11,3,-2,1]
[256,64,32,8,-7,2,2,1,1]
[4096,-512,288,-101,18,-2,1]
[2401,-245,19,-5,1]
[256,64,48,-12,-3,-3,3,1,1]
[2401,-98,23,-2,1]
[6561,1701,269,21,1]
[16384,2304,247,18,1]
[4096,-512,288,-109,18,-2,1]
[15625,-2625,327,-21,1]
[729,-162,-27,29,-3,-2,1]
[4096,1280,225,20,1]
[512,320,168,73,21,5,1]
[14641,-3146,360,-26,1]
[256,-64,32,-32,1,-8,2,-1,1]
[4096,256,-96,39,-6,1,1]
[256,384,272,112,45,28,17,6,1]
[4096,-2048,672,-159,42,-8,1]
[729,-729,432,-167,48,-9,1]
[4096,1280,208,23,13,5,1]
[4096,-1280,-176,133,-11,-5,1]
[4096,2304,320,-3,20,9,1]
[4096,768,272,35,17,3,1]
[4096,2560,928,243,58,10,1]
[256,384,352,232,129,58,22,6,1]
[4096,-2048,192,45,12,-8,1]
[729,-162,-36,7,-4,-2,1]
[729,162,63,35,7,2,1]
[512,-128,-16,13,-2,-2,1]
[729,-486,135,-32,15,-6,1]
[256,-32,-11,-2,1]
[512,-128,32,15,4,-2,1]
[4096,-320,-39,-5,1]
[256,64,128,60,37,15,8,1,1]
[729,-486,207,-73,23,-6,1]
[256,0,-16,4,25,1,-1,0,1]
[14641,363,51,3,1]
[16384,2816,341,22,1]
[729,-162,36,8,4,-2,1]
[512,512,264,103,33,8,1]
[4096,768,480,101,30,3,1]
[16384,1792,137,14,1]
[4096,-512,192,-79,12,-2,1]
[256,128,112,80,31,20,7,2,1]
[4096,0,240,-47,15,0,1]
[64,0,13,0,1]
[4096,-1536,704,-169,44,-6,1]
[14641,-1452,188,-12,1]
[6561,243,29,3,1]
[512,-128,112,-11,14,-2,1]
[14641,-1936,148,-16,1]
[15625,750,-62,6,1]
[14641,-121,-96,-1,1]
[4096,1280,195,20,1]
[4096,-512,32,-33,2,-2,1]
[4096,512,608,51,38,2,1]
[15625,1500,56,12,1]
[4096,-256,240,47,15,-1,1]
[256,64,-16,24,21,6,-1,1,1]
[729,324,171,61,19,4,1]
[256,256,128,52,29,13,8,4,1]
[729,-243,65,-9,1]
[4096,1280,-128,-121,-8,5,1]
[256,128,0,-32,-27,-8,0,2,1]
[4096,-1536,512,-145,32,-6,1]
[4096,-1536,304,-67,19,-6,1]
[15625,2125,287,17,1]
[2401,-49,-26,-1,1]
[512,0,16,29,2,0,1]
[256,128,144,88,41,22,9,2,1]
[4096,1024,544,109,34,4,1]
[15625,-1000,259,-8,1]
[256,128,176,84,57,21,11,2,1]
[4096,1280,-80,-93,-5,5,1]
[256,128,-16,-32,-9,-8,-1,2,1]
[4096,768,192,-33,12,3,1]
[14641,-484,194,-4,1]
[729,0,72,13,8,0,1]
[256,128,112,80,33,20,7,2,1]
[4096,-2304,544,-99,34,-9,1]
[16384,-384,189,-3,1]
[256,0,64,-20,15,-5,4,0,1]
[729,0,72,-10,8,0,1]
[4096,768,304,43,19,3,1]
[15625,-875,27,-7,1]
[6561,1863,253,23,1]
[4096,1536,384,99,24,6,1]
[4096,512,288,45,18,2,1]
[256,128,144,44,39,11,9,2,1]
[256,0,0,-20,-5,-5,0,0,1]
[4096,1536,464,121,29,6,1]
[4096,2304,400,39,25,9,1]
[15625,-750,-54,-6,1]
[4096,256,32,53,2,1,1]
[4096,1280,320,111,20,5,1]
[4096,1792,592,135,37,7,1]
[6561,1215,136,15,1]
[512,128,32,23,4,2,1]
[729,405,81,8,9,5,1]
[4096,-1280,240,-63,15,-5,1]
[4096,0,224,-29,14,0,1]
[15625,125,-52,1,1]
[729,-243,36,8,4,-3,1]
[4096,1792,272,29,17,7,1]
[256,-192,144,-96,53,-24,9,-3,1]
[4096,3072,1200,333,75,12,1]
[6561,243,152,3,1]
[4096,512,400,27,25,2,1]
[4096,-768,-80,97,-5,-3,1]
[15625,-1500,84,-12,1]
[14641,-847,-32,-7,1]
[16384,-3456,377,-27,1]
[4096,-768,-192,119,-12,-3,1]
[16384,1024,79,8,1]
[4096,-768,-128,65,-8,-3,1]
[4096,1024,368,49,23,4,1]
[256,0,0,4,-19,1,0,0,1]
[4096,512,160,103,10,2,1]
[4096,0,-96,69,-6,0,1]
[4096,768,-80,-21,-5,3,1]
[729,0,45,-2,5,0,1]
[729,-81,-72,22,-8,-1,1]
[729,162,72,1,8,2,1]
[4096,1536,-80,-109,-5,6,1]
[15625,1500,54,12,1]
[14641,-121,-144,-1,1]
[729,-324,18,17,2,-4,1]
[4096,256,-32,33,-2,1,1]
[16384,2048,203,16,1]
[729,324,108,22,12,4,1]
[15625,-750,171,-6,1]
[15625,2500,292,20,1]
[256,-192,80,-48,33,-12,5,-3,1]
[4096,0,592,9,37,0,1]
[4096,832,159,13,1]
[14641,-3025,346,-25,1]
[4096,-2304,528,-89,33,-9,1]
[256,320,288,172,95,43,18,5,1]
[729,-972,657,-271,73,-12,1]
[14641,-1936,151,-16,1]
[16384,2432,185,19,1]
[4096,-1536,-96,123,-6,-6,1]
[4096,768,144,-39,9,3,1]
[4096,512,0,31,0,2,1]
[14641,1210,112,10,1]
[6561,-972,70,-12,1]
[4096,1280,432,155,27,5,1]
[16384,-1920,155,-15,1]
[16384,4224,497,33,1]
[14641,0,-104,0,1]
[14641,-2178,171,-18,1]
[4096,512,144,51,9,2,1]
[2401,-343,100,-7,1]
[15625,3500,421,28,1]
[14641,1573,122,13,1]
[16384,-128,95,-1,1]
[15625,1250,178,10,1]
[6561,-405,121,-5,1]
[4096,-768,416,-57,26,-3,1]
[729,0,144,-14,16,0,1]
[16384,-768,179,-6,1]
[2401,686,135,14,1]
[15625,-3250,399,-26,1]
[14641,-4114,509,-34,1]
[4096,-512,352,-41,22,-2,1]
[4096,-256,416,-3,26,-1,1]
[4096,-2048,880,-223,55,-8,1]
[4096,-2816,1152,-331,72,-11,1]
[625,-325,88,-13,1]
[16384,1280,29,10,1]
[15625,-1750,229,-14,1]
[14641,1089,54,9,1]
[14641,0,49,0,1]
[256,-448,400,-240,123,-60,25,-7,1]
[4096,0,32,-107,2,0,1]
[256,-64,80,-44,15,-11,5,-1,1]
[729,-81,-72,17,-8,-1,1]
[4096,512,208,81,13,2,1]
[16384,3072,373,24,1]
[4096,-2560,608,-103,38,-10,1]
[4096,0,160,81,10,0,1]
[4096,768,464,51,29,3,1]
[729,-162,144,-29,16,-2,1]
[256,0,0,0,31,0,0,0,1]
[729,243,-45,-44,-5,3,1]
[4096,0,-64,-77,-4,0,1]
[4096,256,560,11,35,1,1]
[256,-320,272,-168,93,-42,17,-5,1]
[4096,-1024,432,-49,27,-4,1]
[15625,-250,94,-2,1]
[729,-567,216,-70,24,-7,1]
[256,-64,32,0,-7,0,2,-1,1]
[4096,-1792,656,-151,41,-7,1]
[4096,768,624,87,39,3,1]
[15625,-500,74,-4,1]
[2401,-196,41,-4,1]
[4096,256,-64,-89,-4,1,1]
[16384,128,-57,1,1]
[15625,500,-76,4,1]
[14641,2783,360,23,1]
[4096,-1536,192,-5,12,-6,1]
[6561,2673,434,33,1]
[4096,-1280,112,19,7,-5,1]
[256,256,144,48,21,12,9,4,1]
[4096,-768,688,-83,43,-3,1]
[256,64,16,-4,7,-1,1,1,1]
[729,0,27,-35,3,0,1]
[4096,-1024,192,-47,12,-4,1]
[256,-256,176,-112,69,-28,11,-4,1]
[14641,-1815,139,-15,1]
[256,192,192,104,65,26,12,3,1]
[512,-256,56,1,7,-4,1]
[256,-192,112,-80,43,-20,7,-3,1]
[256,-64,32,16,-7,4,2,-1,1]
[14641,1936,272,16,1]
[4096,-2048,512,-127,32,-8,1]
[14641,363,15,3,1]
[4096,-256,656,-29,41,-1,1]
[81,9,2,1,1]
[14641,-363,62,-3,1]
[256,-64,32,16,7,4,2,-1,1]
[14641,-1694,230,-14,1]
[729,-162,72,-43,8,-2,1]
[256,80,37,5,1]
[256,256,160,80,33,20,10,4,1]
[4096,-256,-32,-75,-2,-1,1]
[729,135,31,5,1]
[512,-64,-16,9,-2,-1,1]
[256,-128,33,-8,1]
[4096,-768,448,-115,28,-3,1]
[729,405,153,62,17,5,1]
[4096,0,320,39,20,0,1]
[729,-81,9,2,1,-1,1]
[4096,0,144,-31,9,0,1]
[729,81,45,34,5,1,1]
[256,192,112,76,55,19,7,3,1]
[6561,567,98,7,1]
[14641,-242,188,-2,1]
[4096,1280,-64,-87,-4,5,1]
[512,64,40,1,5,1,1]
[4096,0,-109,0,1]
[256,0,48,-28,-5,-7,3,0,1]
[729,0,144,-8,16,0,1]
[729,243,-36,-55,-4,3,1]
[4096,-2816,1136,-343,71,-11,1]
[15625,-125,84,-1,1]
[4096,0,288,23,18,0,1]
[729,-54,35,-2,1]
[256,128,80,-20,-9,-5,5,2,1]
[2401,-196,72,-4,1]
[729,162,72,49,8,2,1]
[16384,-1024,185,-8,1]
[4096,-512,304,-21,19,-2,1]
[4096,-2816,896,-215,56,-11,1]
[256,-64,112,-76,25,-19,7,-1,1]
[15625,-625,227,-5,1]
[4096,0,0,-71,0,0,1]
[14641,0,156,0,1]
[256,128,0,-36,-15,-9,0,2,1]
[16384,-1664,197,-13,1]
[4096,-768,-176,97,-11,-3,1]
[15625,2375,217,19,1]
[729,-405,63,7,7,-5,1]
[14641,2904,335,24,1]
[4096,512,352,59,22,2,1]
[15625,-250,-78,-2,1]
[512,-320,104,-37,13,-5,1]
[729,-243,162,-34,18,-3,1]
[729,405,126,35,14,5,1]
[2401,245,32,5,1]
[2401,-294,16,-6,1]
[729,162,189,26,21,2,1]
[4096,-512,256,1,16,-2,1]
[4096,1792,128,-51,8,7,1]
[4096,-1280,640,-161,40,-5,1]
[2401,49,19,1,1]
[14641,-3630,460,-30,1]
[256,192,96,56,25,14,6,3,1]
[16384,-1280,127,-10,1]
[1024,-128,59,-4,1]
[4096,-1280,96,35,6,-5,1]
[4096,-1536,480,-167,30,-6,1]
[4096,0,-32,105,-2,0,1]
[256,-32,25,-2,1]
[4096,-1280,432,-67,27,-5,1]
[4096,-768,480,-81,30,-3,1]
[512,512,248,91,31,8,1]
[15625,-2250,294,-18,1]
[729,405,198,74,22,5,1]
[4096,-1024,144,-11,9,-4,1]
[4096,768,448,99,28,3,1]
[4096,1088,199,17,1]
[15625,2625,258,21,1]
[4096,256,64,-25,4,1,1]
[729,162,99,10,11,2,1]
[729,81,0,-2,0,1,1]
[729,81,126,22,14,1,1]
[4096,-1792,672,-167,42,-7,1]
[4096,2560,912,257,57,10,1]
[15625,-1375,174,-11,1]
[729,162,-63,-32,-7,2,1]
[14641,-363,206,-3,1]
[14641,-1694,146,-14,1]
[2401,-245,57,-5,1]
[14641,-968,-61,-8,1]
[15625,-750,103,-6,1]
[729,-567,261,-98,29,-7,1]
[4096,1536,368,107,23,6,1]
[16384,384,-143,3,1]
[512,-256,96,-39,12,-4,1]
[15625,2250,191,18,1]
[729,0,-18,-22,-2,0,1]
[4096,-256,80,-35,5,-1,1]
[16384,2944,295,23,1]
[6561,567,148,7,1]
[256,-192,112,-44,25,-11,7,-3,1]
[4096,2304,352,15,22,9,1]
[2401,98,-36,2,1]
[4096,-1536,368,-63,23,-6,1]
[729,162,-9,-4,-1,2,1]
[4096,1536,608,137,38,6,1]
[4096,-2560,1200,-333,75,-10,1]
[4096,-768,256,-117,16,-3,1]
[4096,256,80,-51,5,1,1]
[14641,-2299,284,-19,1]
[4096,512,208,107,13,2,1]
[15625,-875,142,-7,1]
[729,-81,-36,-5,-4,-1,1]
[256,128,112,44,39,11,7,2,1]
[14641,2541,239,21,1]
[4096,-2304,1056,-293,66,-9,1]
[1024,-416,91,-13,1]
[256,192,0,-48,-29,-12,0,3,1]
[16384,1664,77,13,1]
[4096,256,128,-73,8,1,1]
[6561,81,109,1,1]
[4096,512,96,25,6,2,1]
[16384,-2176,287,-17,1]
[6561,1701,221,21,1]
[15625,1125,231,9,1]
[4096,-1536,480,-131,30,-6,1]
[64,-64,48,-25,12,-4,1]
[16384,-256,13,-2,1]
[4096,-512,32,17,2,-2,1]
[4096,-768,288,-65,18,-3,1]
[256,-320,256,-148,77,-37,16,-5,1]
[729,405,162,58,18,5,1]
[4096,-1024,-160,115,-10,-4,1]
[4096,768,192,53,12,3,1]
[4096,2816,1104,303,69,11,1]
[15625,-2000,128,-16,1]
[256,-256,192,-116,63,-29,12,-4,1]
[4096,-1024,464,-75,29,-4,1]
[256,-64,16,32,-3,8,1,-1,1]
[4096,512,176,125,11,2,1]
[4096,2560,768,183,48,10,1]
[4096,1024,16,-57,1,4,1]
[4096,-768,288,-49,18,-3,1]
[4096,-1024,-176,91,-11,-4,1]
[6561,-1377,169,-17,1]
[14641,1452,185,12,1]
[256,-64,-112,8,35,2,-7,-1,1]
[256,-128,16,12,1,3,1,-2,1]
[512,-128,-24,13,-3,-2,1]
[729,81,-36,10,-4,1,1]
[729,-405,-36,65,-4,-5,1]
[16384,640,73,5,1]
[6561,-972,140,-12,1]
[15625,-1375,39,-11,1]
[6561,162,37,2,1]
[4096,-512,304,-41,19,-2,1]
[256,-192,64,48,-39,12,4,-3,1]
[256,0,48,8,17,2,3,0,1]
[4096,1792,416,79,26,7,1]
[256,0,-32,-16,1,-4,-2,0,1]
[14641,-1089,-42,-9,1]
[4096,1280,624,147,39,5,1]
[4096,-768,496,-61,31,-3,1]
[4096,256,400,1,25,1,1]
[6561,648,17,8,1]
[4096,-1536,688,-145,43,-6,1]
[4096,0,80,39,5,0,1]
[14641,2299,183,19,1]
[1024,224,47,7,1]
[256,128,96,16,21,4,6,2,1]
[729,-162,189,-34,21,-2,1]
[14641,1694,213,14,1]
[4096,1280,592,151,37,5,1]
[15625,750,159,6,1]
[256,64,64,32,23,8,4,1,1]
[15625,-1625,221,-13,1]
[4096,256,256,53,16,1,1]
[16384,1792,165,14,1]
[15625,875,-64,7,1]
[15625,3000,324,24,1]
[4096,-512,-64,5,-4,-2,1]
[15625,-2375,181,-19,1]
[729,243,-27,-23,-3,3,1]
[4096,-1536,720,-171,45,-6,1]
[256,128,112,84,33,21,7,2,1]
[4096,768,128,-9,8,3,1]
[4096,1024,-128,-77,-8,4,1]
[4096,-2560,1072,-295,67,-10,1]
[256,128,80,24,19,6,5,2,1]
[729,-324,135,-49,15,-4,1]
[729,-405,135,-40,15,-5,1]
[729,27,22,1,1]
[4096,768,-96,-91,-6,3,1]
[729,324,63,13,7,4,1]
[4096,512,32,-9,2,2,1]
[14641,-1210,24,-10,1]
[16384,-384,161,-3,1]
[4096,0,-16,105,-1,0,1]
[729,405,-72,-86,-8,5,1]
[4096,-1536,336,-51,21,-6,1]
[6561,-1053,166,-13,1]
[16384,512,153,4,1]
[4096,-1280,336,-93,21,-5,1]
[256,0,16,-40,1,-10,1,0,1]
[256,128,80,16,9,4,5,2,1]
[4096,512,368,35,23,2,1]
[256,-192,80,4,-7,1,5,-3,1]
[6561,405,-19,5,1]
[256,128,0,-28,-19,-7,0,2,1]
[14641,-847,23,-7,1]
[4096,0,432,23,27,0,1]
[4096,-1280,256,-9,16,-5,1]
[4096,-768,352,-97,22,-3,1]
[4096,1280,480,145,30,5,1]
[4096,-256,48,13,3,-1,1]
[4096,4096,2048,633,128,16,1]
[512,-192,72,-47,9,-3,1]
[16384,2816,271,22,1]
[4096,-1024,336,-99,21,-4,1]
[256,-320,176,-76,37,-19,11,-5,1]
[4096,1024,640,107,40,4,1]
[4096,-1536,112,15,7,-6,1]
[4096,256,208,-57,13,1,1]
[256,-128,64,-16,11,-4,4,-2,1]
[64,16,4,-7,1,1,1]
[512,256,184,61,23,4,1]
[15625,125,-22,1,1]
[15625,625,129,5,1]
[4096,-256,-192,33,-12,-1,1]
[256,192,96,40,19,10,6,3,1]
[4096,-768,96,-59,6,-3,1]
[14641,-1815,288,-15,1]
[729,81,9,-40,1,1,1]
[15625,2750,299,22,1]
[729,81,-18,-10,-2,1,1]
[16384,1408,101,11,1]
[4096,-768,288,-111,18,-3,1]
[4096,-1024,288,-41,18,-4,1]
[4096,-1536,528,-97,33,-6,1]
[256,0,-80,-8,21,-2,-5,0,1]
[625,-150,57,-6,1]
[64,-64,56,-31,14,-4,1]
[4096,768,48,-65,3,3,1]
[4096,256,80,-27,5,1,1]
[4096,0,32,-99,2,0,1]
[16384,128,39,1,1]
[4096,-1024,368,-31,23,-4,1]
[256,128,96,36,33,9,6,2,1]
[14641,726,173,6,1]
[15625,-2375,256,-19,1]
[4096,-3840,1632,-463,102,-15,1]
[256,-64,0,12,-25,3,0,-1,1]
[14641,-726,102,-6,1]
[15625,2375,329,19,1]
[729,-405,153,-52,17,-5,1]
[729,-243,180,-53,20,-3,1]
[4096,-768,320,-123,20,-3,1]
[4096,-2560,640,-119,40,-10,1]
[14641,2420,260,20,1]
[512,64,-16,-11,-2,1,1]
[4096,0,-64,25,-4,0,1]
[4096,-512,-64,47,-4,-2,1]
[6561,-243,26,-3,1]
[14641,-484,140,-4,1]
[4096,-1280,208,-27,13,-5,1]
[15625,875,-67,7,1]
[16384,-2176,163,-17,1]
[4096,0,64,27,4,0,1]
[512,64,88,7,11,1,1]
[4096,768,16,-13,1,3,1]
[6561,1539,242,19,1]
[4096,256,592,35,37,1,1]
[14641,1573,128,13,1]
[2401,-98,-23,-2,1]
[4096,1024,480,107,30,4,1]
[729,162,144,37,16,2,1]
[15625,-500,67,-4,1]
[512,0,88,-7,11,0,1]
[4096,-1280,496,-161,31,-5,1]
[256,64,160,40,55,10,10,1,1]
[256,-192,176,-68,47,-17,11,-3,1]
[4096,0,240,37,15,0,1]
[256,128,16,36,31,9,1,2,1]
[256,-128,-16,36,-19,9,-1,-2,1]
[512,64,32,27,4,1,1]
[4096,-2560,1008,-293,63,-10,1]
[4096,-256,-96,99,-6,-1,1]
[4096,-384,127,-6,1]
[15625,500,186,4,1]
[4096,-512,432,-71,27,-2,1]
[4096,-64,111,-1,1]
[15625,375,79,3,1]
[4096,1024,160,-3,10,4,1]
[4096,-768,96,-1,6,-3,1]
[14641,726,32,6,1]
[256,64,-64,-12,9,-3,-4,1,1]
[15625,-1500,169,-12,1]
[729,486,162,46,18,6,1]
[4096,2560,1200,337,75,10,1]
[4096,2048,352,45,22,8,1]
[14641,121,-63,1,1]
[4096,-768,304,-95,19,-3,1]
[4096,192,-5,3,1]
[256,64,-32,-16,13,-4,-2,1,1]
[4096,256,96,63,6,1,1]
[256,-64,16,-20,27,-5,1,-1,1]
[4096,-1280,256,-87,16,-5,1]
[729,-243,0,10,0,-3,1]
[15625,750,192,6,1]
[4096,3072,1504,439,94,12,1]
[16384,1536,169,12,1]
[4096,256,-80,1,-5,1,1]
[4096,1280,704,131,44,5,1]
[729,-162,180,-29,20,-2,1]
[14641,242,-75,2,1]
[4096,-768,128,-1,8,-3,1]
[4096,256,592,21,37,1,1]
[4096,256,464,21,29,1,1]
[4096,2304,928,261,58,9,1]
[14641,-726,62,-6,1]
[729,0,54,23,6,0,1]
[4096,1024,480,81,30,4,1]
[15625,-375,-172,-3,1]
[4096,-2048,704,-215,44,-8,1]
[4096,-256,-128,93,-8,-1,1]
[4096,-256,-96,109,-6,-1,1]
[4096,0,0,73,0,0,1]
[14641,-484,-96,-4,1]
[6561,1377,229,17,1]
[256,-64,80,-16,29,-4,5,-1,1]
[4096,0,256,-25,16,0,1]
[14641,-1089,250,-9,1]
[4096,768,16,-39,1,3,1]
[729,-81,36,2,4,-1,1]
[256,-192,192,-104,63,-26,12,-3,1]
[16384,-3584,417,-28,1]
[4096,768,400,25,25,3,1]
[4096,-1024,464,-67,29,-4,1]
[81,-9,-2,-1,1]
[4096,512,144,109,9,2,1]
[4096,-512,464,-43,29,-2,1]
[512,192,80,7,10,3,1]
[4096,2816,1232,363,77,11,1]
[2401,-98,-68,-2,1]
[4096,192,53,3,1]
[4096,1280,160,7,10,5,1]
[16384,1792,167,14,1]
[4096,-768,528,-99,33,-3,1]
[14641,605,-116,5,1]
[729,-324,108,-20,12,-4,1]
[2401,147,82,3,1]
[16384,-3200,345,-25,1]
[4096,-1536,256,-39,16,-6,1]
[4096,0,208,-33,13,0,1]
[15625,-2375,294,-19,1]
[14641,121,-97,1,1]
[4096,-3328,1360,-391,85,-13,1]
[14641,1936,148,16,1]
[256,128,16,-32,-39,-8,1,2,1]
[14641,-4235,546,-35,1]
[4096,256,-80,-85,-5,1,1]
[2401,-98,52,-2,1]
[4096,-1536,864,-193,54,-6,1]
[4096,-256,176,37,11,-1,1]
[14641,3388,376,28,1]
[729,0,-4,0,1]
[4096,512,-80,-57,-5,2,1]
[2401,-343,80,-7,1]
[4096,-1280,160,-35,10,-5,1]
[256,-64,128,-56,35,-14,8,-1,1]
[2401,-931,180,-19,1]
[4096,-1280,16,45,1,-5,1]
[729,162,-27,-19,-3,2,1]
[729,0,45,-4,5,0,1]
[6561,1215,115,15,1]
[14641,968,219,8,1]
[256,64,96,36,27,9,6,1,1]
[512,-64,8,-13,1,-1,1]
[14641,-1694,235,-14,1]
[256,-320,176,-60,21,-15,11,-5,1]
[16384,-1280,-23,-10,1]
[14641,1452,113,12,1]
[512,128,8,-13,1,2,1]
[16384,512,-49,4,1]
[4096,-1024,160,9,10,-4,1]
[4096,1792,816,187,51,7,1]
[256,-192,128,-80,53,-20,8,-3,1]
[729,81,207,14,23,1,1]
[4096,2304,480,75,30,9,1]
[14641,484,100,4,1]
[4096,-256,-32,59,-2,-1,1]
[6561,1053,136,13,1]
[625,100,-9,4,1]
[15625,-1500,144,-12,1]
[4096,-1792,-128,167,-8,-7,1]
[4096,-768,0,35,0,-3,1]
[6561,-162,-53,-2,1]
[256,-128,0,-8,9,-2,0,-2,1]
[4096,-2048,672,-189,42,-8,1]
[256,192,48,-20,-23,-5,3,3,1]
[4096,512,112,87,7,2,1]
[4096,-768,-128,111,-8,-3,1]
[14641,-1694,136,-14,1]
[256,0,16,-4,7,-1,1,0,1]
[4096,512,-128,-85,-8,2,1]
[15625,1375,248,11,1]
[256,-128,48,-4,11,-1,3,-2,1]
[256,256,144,68,37,17,9,4,1]
[4096,-256,64,13,4,-1,1]
[256,-64,64,-40,13,-10,4,-1,1]
[256,64,64,0,1,0,4,1,1]
[15625,-875,78,-7,1]
[15625,-1750,89,-14,1]
[4096,-256,496,-11,31,-1,1]
[4096,1280,-176,-129,-11,5,1]
[14641,242,21,2,1]
[4096,-2048,784,-227,49,-8,1]
[4096,0,176,-45,11,0,1]
[256,-64,-32,4,-1,1,-2,-1,1]
[729,-81,99,-20,11,-1,1]
[4096,1792,256,-1,16,7,1]
[4096,256,480,43,30,1,1]
[64,-16,24,-5,6,-1,1]
[14641,-242,-60,-2,1]
[4096,-512,368,-53,23,-2,1]
[6561,243,-97,3,1]
[16384,-1408,217,-11,1]
[16384,-896,77,-7,1]
[4096,-512,-32,99,-2,-2,1]
[729,891,594,242,66,11,1]
[6561,81,-107,1,1]
[15625,1125,78,9,1]
[512,0,-48,3,-6,0,1]
[14641,-2178,233,-18,1]
[4096,2816,1040,293,65,11,1]
[729,-162,81,-17,9,-2,1]
[4096,0,0,15,0,0,1]
[15625,3375,388,27,1]
[256,-64,64,0,1,0,4,-1,1]
[256,192,48,-28,-27,-7,3,3,1]
[15625,-625,116,-5,1]
[14641,1089,63,9,1]
[4096,192,69,3,1]
[4096,64,17,1,1]
[4096,2560,880,229,55,10,1]
[256,64,16,-4,1,-1,1,1,1]
[14641,3388,395,28,1]
[16384,-896,-17,-7,1]
[256,0,96,4,17,1,6,0,1]
[4096,512,176,81,11,2,1]
[4096,1536,384,71,24,6,1]
[1024,-32,-19,-1,1]
[4096,-2048,688,-211,43,-8,1]
[256,-192,16,32,-17,8,1,-3,1]
[4096,-768,192,-59,12,-3,1]
[14641,847,159,7,1]
[15625,-1875,296,-15,1]
[4096,-768,128,-79,8,-3,1]
[729,-405,207,-68,23,-5,1]
[4096,256,224,45,14,1,1]
[729,567,315,121,35,7,1]
[4096,-2048,112,73,7,-8,1]
[16384,-128,-225,-1,1]
[4096,1280,608,149,38,5,1]
[6561,1539,250,19,1]
[256,0,80,-4,19,-1,5,0,1]
[15625,250,138,2,1]
[512,0,96,-11,12,0,1]
[16384,1536,75,12,1]
[4096,-448,137,-7,1]
[4096,1792,576,135,36,7,1]
[729,-324,216,-59,24,-4,1]
[625,50,-11,2,1]
[256,192,112,68,37,17,7,3,1]
[14641,-847,-54,-7,1]
[2401,-294,4,-6,1]
[14641,-2783,288,-23,1]
[4096,1536,480,119,30,6,1]
[4096,-256,-13,-4,1]
[14641,-2783,272,-23,1]
[4096,256,208,-59,13,1,1]
[729,486,144,32,16,6,1]
[256,-128,48,-8,3,-2,3,-2,1]
[16384,-1280,253,-10,1]
[4096,768,480,47,30,3,1]
[256,-64,128,-40,33,-10,8,-1,1]
[4096,768,256,87,16,3,1]
[4096,-256,-48,-41,-3,-1,1]
[256,128,48,-16,-13,-4,3,2,1]
[4096,512,208,99,13,2,1]
[4096,-1792,192,29,12,-7,1]
[256,192,64,56,41,14,4,3,1]
[256,0,48,-20,19,-5,3,0,1]
[4096,-512,64,75,4,-2,1]
[256,128,80,-12,-1,-3,5,2,1]
[14641,-1694,175,-14,1]
[729,-486,81,2,9,-6,1]
[15625,875,-61,7,1]
[256,256,80,-24,-27,-6,5,4,1]
[4096,1792,864,207,54,7,1]
[512,64,16,3,2,1,1]
[729,-486,108,-16,12,-6,1]
[6561,1215,182,15,1]
[512,-64,104,-19,13,-1,1]
[4096,-256,224,51,14,-1,1]
[4096,-512,80,-13,5,-2,1]
[729,243,-36,-29,-4,3,1]
[4096,1536,432,71,27,6,1]
[256,-16,15,-1,1]
[4096,-1536,432,-149,27,-6,1]
[729,486,279,94,31,6,1]
[14641,484,17,4,1]
[14641,121,142,1,1]
[512,384,184,63,23,6,1]
[4096,192,-65,3,1]
[6561,0,-44,0,1]
[15625,-1125,94,-9,1]
[4096,0,-160,31,-10,0,1]
[4096,-128,123,-2,1]
[4096,-2304,448,-51,28,-9,1]
[4096,256,32,-93,2,1,1]
[4096,512,-112,-27,-7,2,1]
[16384,-640,133,-5,1]
[15625,375,184,3,1]
[16384,1408,189,11,1]
[15625,250,176,2,1]
[16384,512,-99,4,1]
[729,243,-9,-22,-1,3,1]
[4096,-256,128,65,8,-1,1]
[4096,1024,-160,-95,-10,4,1]
[4096,1024,272,63,17,4,1]
[512,64,-24,-1,-3,1,1]
[4096,0,144,-45,9,0,1]
[16384,-384,227,-3,1]
[729,-27,-17,-1,1]
[4096,-1024,368,-143,23,-4,1]
[4096,1536,-16,-103,-1,6,1]
[4096,-768,176,-75,11,-3,1]
[4096,-1280,432,-59,27,-5,1]
[15625,-3250,341,-26,1]
[4096,512,64,95,4,2,1]
[6561,-567,94,-7,1]
[6561,-810,142,-10,1]
[256,64,80,24,27,6,5,1,1]
[15625,250,78,2,1]
[4096,512,208,61,13,2,1]
[4096,-1024,608,-119,38,-4,1]
[14641,1089,82,9,1]
[2401,441,38,9,1]
[4096,1536,544,171,34,6,1]
[14641,2904,345,24,1]
[729,-162,144,-14,16,-2,1]
[4096,-2048,160,51,10,-8,1]
[4096,2048,976,245,61,8,1]
[4096,-1024,169,-16,1]
[14641,2662,329,22,1]
[15625,750,59,6,1]
[256,-128,80,8,3,2,5,-2,1]
[256,320,288,184,101,46,18,5,1]
[4096,-256,496,-29,31,-1,1]
[729,-405,108,-25,12,-5,1]
[4096,768,208,9,13,3,1]
[14641,-2420,305,-20,1]
[4096,768,16,-55,1,3,1]
[4096,-768,416,-43,26,-3,1]
[6561,243,-26,3,1]
[15625,2250,238,18,1]
[256,-128,96,-48,39,-12,6,-2,1]
[4096,-256,-32,119,-2,-1,1]
[4096,1280,-80,-83,-5,5,1]
[4096,1792,288,15,18,7,1]
[256,128,112,52,29,13,7,2,1]
[729,-162,-9,2,-1,-2,1]
[15625,875,18,7,1]
[4096,768,432,31,27,3,1]
[256,256,128,-4,-17,-1,8,4,1]
[256,128,192,76,65,19,12,2,1]
[512,64,136,19,17,1,1]
[15625,-1875,233,-15,1]
[256,-256,128,-40,9,-10,8,-4,1]
[14641,0,43,0,1]
[4096,1280,-176,-127,-11,5,1]
[256,384,352,240,133,60,22,6,1]
[4096,768,320,11,20,3,1]
[4096,-1024,-48,59,-3,-4,1]
[14641,-2420,262,-20,1]
[16384,1024,11,8,1]
[256,-192,112,-56,37,-14,7,-3,1]
[256,64,144,44,47,11,9,1,1]
[4096,896,137,14,1]
[4096,1024,32,-11,2,4,1]
[4096,768,256,15,16,3,1]
[729,-81,-27,34,-3,-1,1]
[15625,-375,96,-3,1]
[512,-64,40,1,5,-1,1]
[4096,-768,288,-113,18,-3,1]
[14641,-2662,254,-22,1]
[16384,384,-59,3,1]
[6561,1539,185,19,1]
[512,256,112,59,14,4,1]
[256,0,0,-28,-3,-7,0,0,1]
[4096,256,-32,-99,-2,1,1]
[256,-192,96,-28,3,-7,6,-3,1]
[4096,-256,128,21,8,-1,1]
[16384,-128,7,-1,1]
[4096,768,336,89,21,3,1]
[4096,0,128,-13,8,0,1]
[256,0,32,20,-13,5,2,0,1]
[729,-243,47,-9,1]
[4096,256,-48,-77,-3,1,1]
[2401,245,-4,5,1]
[6561,-405,77,-5,1]
[4096,256,480,33,30,1,1]
[4096,-256,-16,-47,-1,-1,1]
[729,162,36,7,4,2,1]
[14641,0,-4,0,1]
[4096,128,39,2,1]
[4096,1024,240,119,15,4,1]
[729,162,108,7,12,2,1]
[4096,1536,0,-71,0,6,1]
[16384,128,-151,1,1]
[14641,-484,59,-4,1]
[4096,-256,32,-37,2,-1,1]
[16384,2048,157,16,1]
[512,-128,64,5,8,-2,1]
[4096,1024,176,-29,11,4,1]
[15625,-750,-3,-6,1]
[2401,-294,75,-6,1]
[4096,-768,224,-99,14,-3,1]
[4096,0,64,73,4,0,1]
[14641,-726,177,-6,1]
[256,-64,-32,24,-1,6,-2,-1,1]
[729,243,117,35,13,3,1]
[6561,2187,331,27,1]
[4096,-2560,1040,-285,65,-10,1]
[2401,-343,24,-7,1]
[729,-405,9,34,1,-5,1]
[14641,-605,52,-5,1]
[15625,1500,266,12,1]
[729,162,53,6,1]
[4096,-1536,432,-137,27,-6,1]
[512,0,8,19,1,0,1]
[512,-192,128,-49,16,-3,1]
[4096,1024,272,37,17,4,1]
[729,54,41,2,1]
[512,320,96,23,12,5,1]
[256,-64,-32,-16,25,-4,-2,-1,1]
[4096,-768,480,-109,30,-3,1]
[729,-405,207,-85,23,-5,1]
[16384,1792,275,14,1]
[4096,1536,-160,-165,-10,6,1]
[2401,-147,-25,-3,1]
[256,128,128,32,31,8,8,2,1]
[4096,-2560,1184,-335,74,-10,1]
[16384,-2688,289,-21,1]
[729,-54,4,-2,1]
[625,25,8,1,1]
[4096,-2048,640,-177,40,-8,1]
[4096,256,-32,-119,-2,1,1]
[14641,-605,-113,-5,1]
[4096,1024,64,-47,4,4,1]
[14641,-2420,281,-20,1]
[4096,-1280,656,-151,41,-5,1]
[256,64,96,16,33,4,6,1,1]
[256,192,176,112,65,28,11,3,1]
[4096,1280,400,129,25,5,1]
[4096,1792,640,153,40,7,1]
[4096,1280,416,117,26,5,1]
[1024,-416,85,-13,1]
[1024,-256,61,-8,1]
[256,-64,16,0,11,0,1,-1,1]
[4096,1024,64,27,4,4,1]
[4096,1536,261,24,1]
[4096,-512,448,-19,28,-2,1]
[4096,-256,256,3,16,-1,1]
[4096,-1280,-144,119,-9,-5,1]
[14641,-1936,225,-16,1]
[625,-275,63,-11,1]
[14641,1089,8,9,1]
[4096,256,112,109,7,1,1]
[4096,-768,48,-7,3,-3,1]
[729,-81,54,8,6,-1,1]
[256,320,256,180,105,45,16,5,1]
[4096,2304,736,191,46,9,1]
[16384,2176,301,17,1]
[6561,-243,-37,-3,1]
[4096,-384,-11,-6,1]
[4096,0,48,-101,3,0,1]
[4096,0,560,13,35,0,1]
[14641,3509,452,29,1]
[1024,-96,43,-3,1]
[16384,-896,-61,-7,1]
[15625,375,-124,3,1]
[256,-448,480,-364,209,-91,30,-7,1]
[6561,-1377,191,-17,1]
[4096,1536,576,131,36,6,1]
[729,-81,0,31,0,-1,1]
[512,-192,64,1,8,-3,1]
[4096,896,161,14,1]
[4096,3840,1872,579,117,15,1]
[4096,-256,16,-73,1,-1,1]
[4096,-3072,1216,-351,76,-12,1]
[4096,-768,-240,93,-15,-3,1]
[4096,0,336,-23,21,0,1]
[14641,-2299,276,-19,1]
[15625,2375,303,19,1]
[4096,1792,944,221,59,7,1]
[15625,1375,202,11,1]
[256,-320,144,0,-21,0,9,-5,1]
[15625,250,6,2,1]
[4096,-1024,256,-73,16,-4,1]
[4096,-2816,1232,-349,77,-11,1]
[14641,-1573,219,-13,1]
[15625,-1750,126,-14,1]
[512,64,104,23,13,1,1]
[4096,-256,192,-27,12,-1,1]
[4096,-256,64,15,4,-1,1]
[4096,-1280,16,25,1,-5,1]
[4096,1536,560,177,35,6,1]
[15625,2875,307,23,1]
[6561,1053,143,13,1]
[256,64,96,-12,11,-3,6,1,1]
[4096,768,688,83,43,3,1]
[64,0,1,0,1]
[15625,-2500,199,-20,1]
[6561,162,-58,2,1]
[4096,512,-112,-83,-7,2,1]
[16384,1152,13,9,1]
[729,162,108,49,12,2,1]
[14641,1210,164,10,1]
[14641,-1089,207,-9,1]
[729,162,117,16,13,2,1]
[256,-128,16,-4,-3,-1,1,-2,1]
[15625,3500,388,28,1]
[2401,98,11,2,1]
[729,-81,18,34,2,-1,1]
[4096,-256,-48,-65,-3,-1,1]
[6561,-729,148,-9,1]
[4096,-512,-32,35,-2,-2,1]
[4096,768,192,63,12,3,1]
[4096,-512,192,-13,12,-2,1]
[14641,4114,515,34,1]
[729,-324,-54,61,-6,-4,1]
[4096,512,-112,-7,-7,2,1]
[4096,2304,576,109,36,9,1]
[14641,1936,252,16,1]
[16384,256,153,2,1]
[256,0,144,36,37,9,9,0,1]
[4096,-64,85,-1,1]
[15625,-2500,237,-20,1]
[512,320,216,77,27,5,1]
[4096,-512,-112,81,-7,-2,1]
[256,128,32,12,7,3,2,2,1]
[15625,3000,329,24,1]
[14641,3509,425,29,1]
[4096,-1024,112,39,7,-4,1]
[729,324,243,64,27,4,1]
[16384,768,121,6,1]
[14641,1331,214,11,1]
[4096,512,144,129,9,2,1]
[4096,1280,-224,-157,-14,5,1]
[4096,-1024,688,-117,43,-4,1]
[4096,-512,400,-19,25,-2,1]
[256,320,208,100,45,25,13,5,1]
[4096,512,432,29,27,2,1]
[4096,256,144,-67,9,1,1]
[729,-243,135,-61,15,-3,1]
[4096,0,64,-55,4,0,1]
[4096,-1024,-160,131,-10,-4,1]
[16384,3712,451,29,1]
[256,0,-16,16,-1,4,-1,0,1]
[4096,0,128,23,8,0,1]
[2401,539,74,11,1]
[4096,256,-16,-65,-1,1,1]
[256,0,112,-44,21,-11,7,0,1]
[729,-81,36,-40,4,-1,1]
[4096,-1024,-16,63,-1,-4,1]
[2401,441,114,9,1]
[4096,-1024,352,-115,22,-4,1]
[4096,3584,1616,487,101,14,1]
[729,162,-54,-43,-6,2,1]
[4096,-256,32,-71,2,-1,1]
[729,-81,13,-3,1]
[15625,-250,-22,-2,1]
[729,81,-36,-25,-4,1,1]
[14641,605,57,5,1]
[729,243,72,8,8,3,1]
[14641,0,-172,0,1]
[14641,-1694,102,-14,1]
[4096,0,0,-9,0,0,1]
[15625,-1125,9,-9,1]
[729,-162,189,-35,21,-2,1]
[15625,375,168,3,1]
[256,64,112,12,31,3,7,1,1]
[4096,-1280,416,-157,26,-5,1]
[16384,-3200,409,-25,1]
[4096,-512,48,-13,3,-2,1]
[2401,147,85,3,1]
[4096,768,80,-23,5,3,1]
[729,324,0,-34,0,4,1]
[16384,-768,243,-6,1]
[4096,-1280,240,-35,15,-5,1]
[4096,768,400,103,25,3,1]
[16384,1280,-7,10,1]
[15625,125,-162,1,1]
[256,128,128,52,29,13,8,2,1]
[256,0,0,-12,13,-3,0,0,1]
[4096,-768,688,-93,43,-3,1]
[4096,-1792,576,-151,36,-7,1]
[256,-256,192,-128,71,-32,12,-4,1]
[4096,1536,688,149,43,6,1]
[4096,512,57,8,1]
[256,0,-80,-16,25,-4,-5,0,1]
[4096,768,224,139,14,3,1]
[512,128,120,21,15,2,1]
[4096,0,-25,0,1]
[729,-162,90,1,10,-2,1]
[256,64,-16,12,13,3,-1,1,1]
[14641,2299,269,19,1]
[729,0,90,26,10,0,1]
[4096,-512,208,-101,13,-2,1]
[15625,1625,52,13,1]
[4096,512,-144,-109,-9,2,1]
[625,-225,44,-9,1]
[4096,-1792,688,-157,43,-7,1]
[4096,-2304,960,-277,60,-9,1]
[4096,-768,336,-103,21,-3,1]
[16384,-128,-47,-1,1]
[4096,-2048,704,-205,44,-8,1]
[14641,-121,-25,-1,1]
[4096,-1024,352,-77,22,-4,1]
[256,320,144,8,-15,2,9,5,1]
[14641,-4719,619,-39,1]
[256,384,368,260,141,65,23,6,1]
[4096,2304,1136,305,71,9,1]
[64,-64,40,-23,10,-4,1]
[729,-243,135,-40,15,-3,1]
[729,-81,81,8,9,-1,1]
[4096,-256,176,3,11,-1,1]
[729,-324,45,-7,5,-4,1]
[729,243,9,-25,1,3,1]
[4096,256,-96,-91,-6,1,1]
[729,-81,-54,17,-6,-1,1]
[729,-81,-63,17,-7,-1,1]
[625,75,27,3,1]
[512,320,128,55,16,5,1]
[16384,128,253,1,1]
[4096,-1792,512,-129,32,-7,1]
[14641,0,28,0,1]
[625,-350,96,-14,1]
[512,448,216,75,27,7,1]
[256,0,-32,0,5,0,-2,0,1]
[16384,2560,305,20,1]
[729,81,180,20,20,1,1]
[4096,1536,512,91,32,6,1]
[256,64,16,8,-9,2,1,1,1]
[4096,512,320,61,20,2,1]
[15625,1375,93,11,1]
[4096,256,103,4,1]
[256,64,64,48,7,12,4,1,1]
[4096,1024,304,75,19,4,1]
[4096,-1280,672,-143,42,-5,1]
[729,567,270,98,30,7,1]
[4096,-768,432,-95,27,-3,1]
[4096,832,131,13,1]
[14641,363,4,3,1]
[256,64,80,4,11,1,5,1,1]
[4096,1536,720,179,45,6,1]
[256,0,16,4,-15,1,1,0,1]
[729,162,37,6,1]
[4096,-256,-192,9,-12,-1,1]
[512,0,-16,31,-2,0,1]
[256,64,80,0,17,0,5,1,1]
[4096,-1792,480,-139,30,-7,1]
[14641,2178,221,18,1]
[4096,2560,976,261,61,10,1]
[256,-256,112,-64,41,-16,7,-4,1]
[4096,-2304,752,-183,47,-9,1]
[256,-64,112,-24,29,-6,7,-1,1]
[14641,-2057,238,-17,1]
[4096,0,-16,25,-1,0,1]
[6561,-648,92,-8,1]
[15625,1750,142,14,1]
[16384,-512,111,-4,1]
[4096,-1536,256,-21,16,-6,1]
[512,64,-8,-1,-1,1,1]
[256,-256,64,56,-53,14,4,-4,1]
[4096,0,160,-45,10,0,1]
[2401,196,-37,4,1]
[256,320,224,112,51,28,14,5,1]
[16384,1664,179,13,1]
[4096,512,448,63,28,2,1]
[16384,768,-105,6,1]
[15625,-2750,272,-22,1]
[6561,324,121,4,1]
[729,-405,189,-62,21,-5,1]
[4096,-256,-48,79,-3,-1,1]
[4096,640,123,10,1]
[14641,-4356,559,-36,1]
[4096,3328,1392,395,87,13,1]
[4096,512,0,-89,0,2,1]
[729,-81,0,-23,0,-1,1]
[4096,-256,336,5,21,-1,1]
[4096,2560,912,251,57,10,1]
[4096,0,704,-3,44,0,1]
[256,128,80,64,33,16,5,2,1]
[256,64,128,4,29,1,8,1,1]
[256,-384,352,-232,127,-58,22,-6,1]
[4096,-1536,320,-37,20,-6,1]
[14641,1815,258,15,1]
[4096,1536,288,21,18,6,1]
[16384,-384,-143,-3,1]
[729,81,198,19,22,1,1]
[256,-192,32,-8,13,-2,2,-3,1]
[256,-320,240,-168,101,-42,15,-5,1]
[15625,-625,-82,-5,1]
[16384,-2304,253,-18,1]
[4096,1792,784,183,49,7,1]
[256,128,16,-4,3,-1,1,2,1]
[256,-192,-16,20,5,5,-1,-3,1]
[6561,-810,137,-10,1]
[512,-256,104,-41,13,-4,1]
[256,64,64,0,17,0,4,1,1]
[4096,512,-112,-87,-7,2,1]
[6561,1215,149,15,1]
[4096,1024,128,-47,8,4,1]
[4096,512,-32,-73,-2,2,1]
[4096,1792,624,153,39,7,1]
[15625,-625,16,-5,1]
[729,405,225,89,25,5,1]
[256,-192,16,36,-27,9,1,-3,1]
[16384,-1792,151,-14,1]
[256,0,16,-12,23,-3,1,0,1]
[256,128,144,108,41,27,9,2,1]
[729,-324,81,-11,9,-4,1]
[729,-162,54,-43,6,-2,1]
[4096,1280,240,39,15,5,1]
[256,64,0,8,7,2,0,1,1]
[256,0,16,-32,5,-8,1,0,1]
[4096,-1536,272,-23,17,-6,1]
[14641,484,-5,4,1]
[512,-64,0,17,0,-1,1]
[729,81,-36,-46,-4,1,1]
[2401,0,-75,0,1]
[4096,1792,464,113,29,7,1]
[4096,768,16,-47,1,3,1]
[16384,128,85,1,1]
[14641,-2178,156,-18,1]
[15625,-3375,414,-27,1]
[4096,-1280,352,-31,22,-5,1]
[4096,0,-160,27,-10,0,1]
[16384,-256,115,-2,1]
[256,64,64,8,5,2,4,1,1]
[256,128,96,40,27,10,6,2,1]
[14641,605,-12,5,1]
[729,-486,99,-10,11,-6,1]
[512,-64,64,-19,8,-1,1]
[729,-243,-9,35,-1,-3,1]
[256,448,384,220,109,55,24,7,1]
[729,-81,0,-25,0,-1,1]
[4096,-768,208,-101,13,-3,1]
[4096,-256,-64,-11,-4,-1,1]
[14641,242,26,2,1]
[2401,-392,111,-8,1]
[4096,-3072,1056,-269,66,-12,1]
[6561,-1053,137,-13,1]
[4096,-768,128,3,8,-3,1]
[4096,-1792,544,-141,34,-7,1]
[4096,1792,624,211,39,7,1]
[729,-405,0,37,0,-5,1]
[16384,1536,109,12,1]
[256,-128,80,4,5,1,5,-2,1]
[729,-405,45,7,5,-5,1]
[729,405,216,70,24,5,1]
[729,0,54,-32,6,0,1]
[4096,-256,208,51,13,-1,1]
[4096,128,11,2,1]
[15625,750,168,6,1]
[512,-192,64,-35,8,-3,1]
[15625,250,7,2,1]
[4096,-2816,1328,-379,83,-11,1]
[4096,768,288,119,18,3,1]
[15625,-625,97,-5,1]
[729,-243,81,-49,9,-3,1]
[14641,-2178,240,-18,1]
[15625,-1000,87,-8,1]
[4096,0,112,21,7,0,1]
[729,405,162,61,18,5,1]
[729,243,126,17,14,3,1]
[256,64,64,32,13,8,4,1,1]
[512,-256,8,25,1,-4,1]
[6561,324,163,4,1]
[16384,-512,187,-4,1]
[6561,-1458,175,-18,1]
[4096,1280,240,43,15,5,1]
[15625,-3000,378,-24,1]
[4096,1024,144,65,9,4,1]
[2401,98,-33,2,1]
[256,-64,96,-44,17,-11,6,-1,1]
[4096,256,-80,17,-5,1,1]
[15625,500,124,4,1]
[4096,-1024,400,-103,25,-4,1]
[14641,-847,181,-7,1]
[4096,1280,256,91,16,5,1]
[4096,-256,128,63,8,-1,1]
[512,64,32,21,4,1,1]
[16384,256,59,2,1]
[256,128,0,4,9,1,0,2,1]
[4096,192,123,3,1]
[15625,-625,169,-5,1]
[2401,-735,125,-15,1]
[256,-64,0,-16,9,-4,0,-1,1]
[6561,-891,178,-11,1]
[512,-64,-16,25,-2,-1,1]
[729,243,99,59,11,3,1]
[4096,1280,480,131,30,5,1]
[4096,-1280,304,-71,19,-5,1]
[4096,2560,1040,281,65,10,1]
[4096,768,448,51,28,3,1]
[16384,1280,125,10,1]
[4096,-1792,464,-79,29,-7,1]
[14641,-847,29,-7,1]
[4096,-1024,96,-31,6,-4,1]
[4096,2048,464,89,29,8,1]
[14641,-121,-215,-1,1]
[256,-256,144,-32,9,-8,9,-4,1]
[16384,128,97,1,1]
[4096,-1280,384,-79,24,-5,1]
[4096,0,256,9,16,0,1]
[4096,-256,-80,119,-5,-1,1]
[512,192,24,-3,3,3,1]
[4096,1024,-16,-53,-1,4,1]
[256,0,64,48,1,12,4,0,1]
[729,108,49,4,1]
[256,64,80,16,33,4,5,1,1]
[729,243,108,46,12,3,1]
[256,0,80,-52,7,-13,5,0,1]
[256,64,64,28,5,7,4,1,1]
[512,0,-16,1,-2,0,1]
[4096,-1280,128,9,8,-5,1]
[256,-64,-64,24,9,6,-4,-1,1]
[16384,-512,53,-4,1]
[4096,-2816,928,-227,58,-11,1]
[256,-64,16,-20,1,-5,1,-1,1]
[4096,-1024,512,-125,32,-4,1]
[4096,-512,224,-67,14,-2,1]
[4096,-704,55,-11,1]
[4096,1024,608,133,38,4,1]
[2401,147,-15,3,1]
[256,64,48,44,13,11,3,1,1]
[15625,750,181,6,1]
[4096,1536,80,-61,5,6,1]
[512,0,-16,-15,-2,0,1]
[4096,1536,112,-43,7,6,1]
[64,64,40,17,10,4,1]
[256,-64,16,16,-19,4,1,-1,1]
[4096,-768,32,-13,2,-3,1]
[729,-405,-9,44,-1,-5,1]
[4096,1280,-80,-117,-5,5,1]
[4096,-3072,1360,-411,85,-12,1]
[4096,768,-144,-47,-9,3,1]
[4096,-512,352,-99,22,-2,1]
[4096,-1280,560,-147,35,-5,1]
[4096,2816,1152,343,72,11,1]
[4096,-1792,624,-183,39,-7,1]
[6561,-162,73,-2,1]
[14641,-1573,245,-13,1]
[256,0,-128,0,39,0,-8,0,1]
[512,0,32,-1,4,0,1]
[16384,-128,157,-1,1]
[4096,256,160,-43,10,1,1]
[4096,1024,-48,-37,-3,4,1]
[15625,1375,182,11,1]
[4096,256,720,33,45,1,1]
[729,-324,99,-46,11,-4,1]
[4096,0,-96,63,-6,0,1]
[6561,-1134,152,-14,1]
[4096,-256,-112,17,-7,-1,1]
[4096,512,336,-1,21,2,1]
[4096,512,160,-21,10,2,1]
[4096,-256,80,-95,5,-1,1]
[729,81,-45,2,-5,1,1]
[15625,375,-63,3,1]
[512,-128,128,-33,16,-2,1]
[512,192,144,47,18,3,1]
[1024,-384,85,-12,1]
[2401,147,-34,3,1]
[4096,-256,416,-23,26,-1,1]
[256,128,-32,-32,-11,-8,-2,2,1]
[4096,1536,-48,-91,-3,6,1]
[729,-405,117,-19,13,-5,1]
[16384,-896,-57,-7,1]
[4096,-1088,187,-17,1]
[256,64,-16,-20,-3,-5,-1,1,1]
[4096,1024,320,69,20,4,1]
[4096,-256,9,-4,1]
[6561,162,107,2,1]
[256,-192,80,-64,41,-16,5,-3,1]
[4096,256,97,4,1]
[256,0,-16,24,9,6,-1,0,1]
[15625,-1625,292,-13,1]
[256,0,-32,-4,17,-1,-2,0,1]
[256,0,48,0,29,0,3,0,1]
[4096,1280,192,47,12,5,1]
[512,576,384,161,48,9,1]
[4096,-768,560,-59,35,-3,1]
[14641,2178,201,18,1]
[256,-64,48,-20,25,-5,3,-1,1]
[15625,250,-32,2,1]
[4096,512,-144,-61,-9,2,1]
[14641,4235,530,35,1]
[729,0,-36,17,-4,0,1]
[2401,441,37,9,1]
[4096,256,80,-39,5,1,1]
[15625,-1750,189,-14,1]
[512,-320,200,-71,25,-5,1]
[4096,512,64,51,4,2,1]
[256,64,-16,-4,13,-1,-1,1,1]
[4096,-1280,192,13,12,-5,1]
[1024,64,-23,2,1]
[14641,-1331,76,-11,1]
[256,64,96,12,29,3,6,1,1]
[256,-256,224,-136,81,-34,14,-4,1]
[4096,-768,256,-99,16,-3,1]
[256,-64,48,-4,-3,-1,3,-1,1]
[4096,768,0,1,0,3,1]
[6561,0,82,0,1]
[14641,-3025,311,-25,1]
[15625,-1625,174,-13,1]
[15625,-2375,268,-19,1]
[4096,-1088,149,-17,1]
[256,-128,0,-16,25,-4,0,-2,1]
[4096,1024,480,89,30,4,1]
[2401,392,18,8,1]
[4096,-512,160,-29,10,-2,1]
[4096,512,176,-1,11,2,1]
[14641,0,-141,0,1]
[4096,2560,672,143,42,10,1]
[256,128,48,24,27,6,3,2,1]
[4096,-2304,832,-249,52,-9,1]
[16384,2560,343,20,1]
[64,32,8,-1,2,2,1]
[2401,98,-67,2,1]
[6561,486,52,6,1]
[16384,128,-147,1,1]
[4096,-1792,688,-187,43,-7,1]
[729,-648,378,-152,42,-8,1]
[6561,-1215,200,-15,1]
[512,-256,120,-31,15,-4,1]
[16384,-3456,413,-27,1]
[256,64,-32,-24,3,-6,-2,1,1]
[4096,-2304,544,-103,34,-9,1]
[4096,1792,576,121,36,7,1]
[4096,0,384,17,24,0,1]
[4096,128,105,2,1]
[4096,-512,400,-39,25,-2,1]
[15625,-2500,257,-20,1]
[16384,512,257,4,1]
[15625,125,-223,1,1]
[4096,-768,-32,99,-2,-3,1]
[4096,-1792,272,-7,17,-7,1]
[1024,384,79,12,1]
[4096,1280,-208,-155,-13,5,1]
[4096,-128,-59,-2,1]
[14641,1089,29,9,1]
[4096,768,240,59,15,3,1]
[4096,-1536,368,-73,23,-6,1]
[4096,2560,1056,287,66,10,1]
[4096,1536,128,-3,8,6,1]
[256,256,160,52,19,13,10,4,1]
[4096,-768,192,-15,12,-3,1]
[4096,-1280,-208,163,-13,-5,1]
[256,64,16,-24,-17,-6,1,1,1]
[4096,-256,16,-103,1,-1,1]
[256,-64,64,-36,19,-9,4,-1,1]
[4096,-768,80,-31,5,-3,1]
[4096,-1792,784,-181,49,-7,1]
[4096,256,368,-9,23,1,1]
[16384,640,43,5,1]
[4096,-448,135,-7,1]
[256,192,96,40,21,10,6,3,1]
[4096,768,0,-15,0,3,1]
[4096,512,128,-45,8,2,1]
[4096,-512,384,-71,24,-2,1]
[4096,-2560,1056,-319,66,-10,1]
[256,-192,96,-56,29,-14,6,-3,1]
[4096,-512,368,-27,23,-2,1]
[15625,-1875,171,-15,1]
[15625,1750,222,14,1]
[6561,-972,175,-12,1]
[4096,-768,352,-109,22,-3,1]
[4096,1024,-112,-97,-7,4,1]
[4096,512,48,47,3,2,1]
[15625,-1000,-48,-8,1]
[15625,875,39,7,1]
[1024,-96,31,-3,1]
[14641,-4598,599,-38,1]
[15625,-1875,248,-15,1]
[729,324,63,2,7,4,1]
[15625,1500,278,12,1]
[15625,-2375,323,-19,1]
[256,-128,96,-32,17,-8,6,-2,1]
[256,64,0,-12,-13,-3,0,1,1]
[4096,-1792,688,-151,43,-7,1]
[16384,-3328,373,-26,1]
[64,32,16,13,4,2,1]
[15625,250,103,2,1]
[4096,-1536,768,-161,48,-6,1]
[4096,2560,896,235,56,10,1]
[256,-192,16,48,-35,12,1,-3,1]
[4096,256,272,81,17,1,1]
[4096,-2560,912,-249,57,-10,1]
[14641,-121,-97,-1,1]
[4096,-1536,608,-163,38,-6,1]
[729,81,72,4,8,1,1]
[729,486,234,88,26,6,1]
[4096,1536,128,-43,8,6,1]
[4096,-256,192,-49,12,-1,1]
[4096,1280,-208,-147,-13,5,1]
[16384,896,109,7,1]
[4096,256,112,17,7,1,1]
[256,128,112,36,31,9,7,2,1]
[4096,256,-80,-47,-5,1,1]
[4096,512,16,-43,1,2,1]
[16384,1536,291,12,1]
[4096,-2560,1024,-305,64,-10,1]
[6561,1296,137,16,1]
[4096,1536,752,185,47,6,1]
[729,-324,261,-71,29,-4,1]
[15625,4000,492,32,1]
[4096,-512,80,13,5,-2,1]
[4096,768,-192,-125,-12,3,1]
[4096,-1536,576,-113,36,-6,1]
[512,128,8,17,1,2,1]
[729,405,306,92,34,5,1]
[256,128,-48,-20,7,-5,-3,2,1]
[256,0,64,56,1,14,4,0,1]
[6561,1053,191,13,1]
[4096,256,-112,27,-7,1,1]
[16384,-1664,97,-13,1]
[6561,-1539,227,-19,1]
[15625,-500,188,-4,1]
[4096,1536,608,155,38,6,1]
[1024,-352,75,-11,1]
[4096,1792,448,91,28,7,1]
[4096,2304,832,211,52,9,1]
[256,128,0,0,1,0,0,2,1]
[4096,768,144,-21,9,3,1]
[4096,0,-128,-55,-8,0,1]
[4096,1024,336,119,21,4,1]
[512,320,80,15,10,5,1]
[15625,3125,381,25,1]
[1024,-288,51,-9,1]
[512,320,192,73,24,5,1]
[256,-64,112,-52,31,-13,7,-1,1]
[14641,-1089,206,-9,1]
[4096,-1024,160,7,10,-4,1]
[4096,-2048,672,-199,42,-8,1]
[15625,1500,176,12,1]
[14641,-242,-181,-2,1]
[4096,2304,896,243,56,9,1]
[15625,-500,-109,-4,1]
[4096,-2560,768,-177,48,-10,1]
[256,64,80,4,19,1,5,1,1]
[15625,500,77,4,1]
[16384,-2432,297,-19,1]
[729,486,180,55,20,6,1]
[4096,768,128,57,8,3,1]
[256,128,64,40,21,10,4,2,1]
[14641,726,-62,6,1]
[4096,512,-48,-17,-3,2,1]
[4096,256,-224,-31,-14,1,1]
[15625,1625,276,13,1]
[4096,1024,576,105,36,4,1]
[15625,-3750,438,-30,1]
[4096,512,16,-55,1,2,1]
[14641,2178,249,18,1]
[16384,-768,207,-6,1]
[4096,2048,-128,-193,-8,8,1]
[15625,-1625,143,-13,1]
[4096,-2048,672,-157,42,-8,1]
[4096,1280,128,25,8,5,1]
[512,0,32,33,4,0,1]
[256,-320,192,-100,53,-25,12,-5,1]
[4096,-512,-64,-15,-4,-2,1]
[4096,3840,1760,523,110,15,1]
[4096,256,320,53,20,1,1]
[4096,-1280,-96,83,-6,-5,1]
[15625,250,-173,2,1]
[4096,-256,-96,7,-6,-1,1]
[15625,-2125,183,-17,1]
[512,704,480,207,60,11,1]
[256,-320,240,-144,75,-36,15,-5,1]
[16384,384,99,3,1]
[256,-64,16,4,-7,1,1,-1,1]
[729,-243,99,-52,11,-3,1]
[14641,-1331,268,-11,1]
[14641,242,203,2,1]
[4096,-768,624,-93,39,-3,1]
[4096,-512,-176,59,-11,-2,1]
[512,-192,-16,37,-2,-3,1]
[6561,162,136,2,1]
[14641,-2541,234,-21,1]
[4096,-1536,752,-177,47,-6,1]
[256,-128,32,8,-1,2,2,-2,1]
[15625,-625,-8,-5,1]
[729,-243,117,-13,13,-3,1]
[14641,-121,114,-1,1]
[6561,-81,136,-1,1]
[4096,-768,-160,57,-10,-3,1]
[4096,-512,-32,53,-2,-2,1]
[16384,-1152,225,-9,1]
[4096,0,240,9,15,0,1]
[729,-81,-45,20,-5,-1,1]
[4096,-512,144,-11,9,-2,1]
[256,320,352,236,141,59,22,5,1]
[1024,0,35,0,1]
[256,-128,96,-52,43,-13,6,-2,1]
[256,0,80,0,19,0,5,0,1]
[4096,-1024,80,61,5,-4,1]
[729,-324,-72,67,-8,-4,1]
[15625,-1250,238,-10,1]
[15625,2125,176,17,1]
[4096,256,192,-23,12,1,1]
[4096,512,-112,-117,-7,2,1]
[256,-64,3,-4,1]
[4096,-2048,848,-245,53,-8,1]
[15625,-2875,316,-23,1]
[16384,256,-57,2,1]
[64,0,-12,-3,-3,0,1]
[15625,-875,167,-7,1]
[15625,-1500,78,-12,1]
[4096,-2560,1168,-329,73,-10,1]
[16384,-3072,355,-24,1]
[15625,1750,217,14,1]
[15625,625,132,5,1]
[6561,-162,14,-2,1]
[6561,-1863,280,-23,1]
[4096,1280,240,81,15,5,1]
[4096,768,656,81,41,3,1]
[4096,-512,-144,17,-9,-2,1]
[14641,-968,228,-8,1]
[6561,-1377,166,-17,1]
[256,128,192,80,69,20,12,2,1]
[256,-192,144,-40,23,-10,9,-3,1]
[4096,512,16,51,1,2,1]
[4096,-512,32,81,2,-2,1]
[4096,1280,192,3,12,5,1]
[625,-300,71,-12,1]
[4096,1280,-80,-113,-5,5,1]
[15625,-2375,187,-19,1]
[16384,-3968,491,-31,1]
[4096,2304,624,139,39,9,1]
[256,-128,80,-8,-1,-2,5,-2,1]
[256,64,-32,-20,-1,-5,-2,1,1]
[256,-256,208,-132,71,-33,13,-4,1]
[4096,512,144,61,9,2,1]
[256,-128,96,-40,17,-10,6,-2,1]
[4096,-512,48,-1,3,-2,1]
[16384,2304,167,18,1]
[4096,-768,464,-43,29,-3,1]
[15625,1750,196,14,1]
[256,128,-16,-24,-5,-6,-1,2,1]
[4096,256,112,-3,7,1,1]
[729,81,13,3,1]
[14641,-242,49,-2,1]
[6561,972,56,12,1]
[4096,256,64,119,4,1,1]
[1024,-352,89,-11,1]
[14641,0,105,0,1]
[729,-162,36,-38,4,-2,1]
[256,-64,0,-20,13,-5,0,-1,1]
[729,-486,261,-98,29,-6,1]
[2401,-98,68,-2,1]
[4096,1536,496,89,31,6,1]
[15625,-750,203,-6,1]
[14641,-1210,69,-10,1]
[4096,-768,368,-33,23,-3,1]
[4096,-1792,608,-153,38,-7,1]
[256,64,0,-20,-19,-5,0,1,1]
[14641,3025,394,25,1]
[256,64,16,-16,-9,-4,1,1,1]
[15625,-625,92,-5,1]
[256,0,48,0,33,0,3,0,1]
[15625,1500,261,12,1]
[729,0,162,-4,18,0,1]
[4096,1536,720,153,45,6,1]
[4096,128,73,2,1]
[4096,1280,16,-83,1,5,1]
[256,128,16,-4,7,-1,1,2,1]
[4096,256,80,123,5,1,1]
[729,162,153,20,17,2,1]
[14641,121,83,1,1]
[4096,-768,128,-29,8,-3,1]
[4096,-1536,544,-135,34,-6,1]
[4096,2304,928,277,58,9,1]
[4096,1280,16,-27,1,5,1]
[14641,-121,45,-1,1]
[4096,0,368,-35,23,0,1]
[14641,-121,238,-1,1]
[4096,256,576,15,36,1,1]
[4096,1280,416,135,26,5,1]
[4096,-1024,-48,87,-3,-4,1]
[729,162,63,52,7,2,1]
[4096,1024,336,45,21,4,1]
[256,0,48,-48,-3,-12,3,0,1]
[256,384,336,212,111,53,21,6,1]
[512,512,272,103,34,8,1]
[16384,1920,257,15,1]
[4096,-2816,1184,-345,74,-11,1]
[64,32,32,13,8,2,1]
[256,64,-16,4,13,1,-1,1,1]
[4096,-1280,96,19,6,-5,1]
[4096,256,496,39,31,1,1]
[14641,-242,-138,-2,1]
[4096,-1024,304,-41,19,-4,1]
[729,-324,99,-14,11,-4,1]
[6561,729,35,9,1]
[4096,-384,-27,-6,1]
[4096,2048,800,199,50,8,1]
[2401,-245,23,-5,1]
[512,-448,168,-47,21,-7,1]
[4096,-1536,480,-141,30,-6,1]
[15625,-375,192,-3,1]
[4096,256,224,61,14,1,1]
[512,-320,0,35,0,-5,1]
[4096,-768,-16,81,-1,-3,1]
[14641,2057,159,17,1]
[256,-256,160,-96,51,-24,10,-4,1]
[4096,512,80,-1,5,2,1]
[4096,-512,80,61,5,-2,1]
[4096,-256,-32,-43,-2,-1,1]
[512,128,8,1,1,2,1]
[14641,-1452,141,-12,1]
[256,0,48,-8,27,-2,3,0,1]
[625,-50,-17,-2,1]
[4096,0,208,51,13,0,1]
[256,-256,144,-20,-1,-5,9,-4,1]
[4096,-256,192,-57,12,-1,1]
[256,0,-16,-12,3,-3,-1,0,1]
[4096,256,48,99,3,1,1]
[729,810,450,173,50,10,1]
[14641,363,21,3,1]
[14641,-2178,311,-18,1]
[14641,2420,279,20,1]
[256,512,528,376,209,94,33,8,1]
[16384,384,157,3,1]
[4096,-512,-64,95,-4,-2,1]
[4096,2816,944,239,59,11,1]
[14641,1210,235,10,1]
[4096,2304,1040,287,65,9,1]
[4096,-1024,592,-119,37,-4,1]
[6561,-1782,256,-22,1]
[4096,-512,0,69,0,-2,1]
[4096,-1024,320,-145,20,-4,1]
[4096,-1792,704,-177,44,-7,1]
[15625,-2500,286,-20,1]
[2401,-294,82,-6,1]
[14641,-2904,301,-24,1]
[4096,-1024,240,-31,15,-4,1]
[4096,1024,272,113,17,4,1]
[4096,1280,144,23,9,5,1]
[4096,-64,101,-1,1]
[4096,1536,432,145,27,6,1]
[4096,-768,128,51,8,-3,1]
[729,162,46,6,1]
[4096,-1536,352,-83,22,-6,1]
[16384,1152,91,9,1]
[4096,-1536,80,47,5,-6,1]
[4096,1280,224,65,14,5,1]
[4096,-1792,208,-1,13,-7,1]
[14641,-1210,156,-10,1]
[4096,-768,-64,19,-4,-3,1]
[2401,-343,12,-7,1]
[4096,-1024,672,-109,42,-4,1]
[4096,-768,496,-83,31,-3,1]
[4096,2048,976,251,61,8,1]
[256,192,160,88,51,22,10,3,1]
[4096,0,400,1,25,0,1]
[729,-162,18,23,2,-2,1]
[4096,1280,256,59,16,5,1]
[4096,768,112,-17,7,3,1]
[4096,768,-80,-109,-5,3,1]
[256,320,256,156,85,39,16,5,1]
[4096,768,288,99,18,3,1]
[512,192,56,3,7,3,1]
[16384,-384,-43,-3,1]
[4096,0,-63,0,1]
[4096,-1536,576,-137,36,-6,1]
[256,64,80,32,19,8,5,1,1]
[729,-270,55,-10,1]
[256,64,64,-44,-9,-11,4,1,1]
[4096,-512,-192,53,-12,-2,1]
[4096,-1536,128,1,8,-6,1]
[729,162,63,-2,7,2,1]
[14641,-968,257,-8,1]
[4096,256,272,-29,17,1,1]
[4096,-768,48,-47,3,-3,1]
[14641,1210,189,10,1]
[14641,1331,141,11,1]
[256,0,16,-32,9,-8,1,0,1]
[729,-162,72,-58,8,-2,1]
[15625,0,-193,0,1]
[256,128,128,84,33,21,8,2,1]
[4096,512,-160,-73,-10,2,1]
[729,0,0,-4,0,0,1]
[4096,-256,-32,31,-2,-1,1]
[4096,2304,896,267,56,9,1]
[4096,-2816,1296,-377,81,-11,1]
[1024,288,41,9,1]
[4096,-1280,144,19,9,-5,1]
[16384,-384,163,-3,1]
[4096,256,16,-75,1,1,1]
[512,192,168,47,21,3,1]
[4096,1536,-96,-131,-6,6,1]
[4096,2816,976,255,61,11,1]
[2401,-98,44,-2,1]
[4096,-3072,1424,-419,89,-12,1]
[4096,640,107,10,1]
[729,-81,81,1,9,-1,1]
[4096,-1280,560,-111,35,-5,1]
[4096,1024,768,123,48,4,1]
[256,-64,-96,12,23,3,-6,-1,1]
[14641,1331,47,11,1]
[4096,-1024,352,-93,22,-4,1]
[256,-128,96,-40,25,-10,6,-2,1]
[256,-192,32,40,-35,10,2,-3,1]
[729,81,36,-28,4,1,1]
[4096,768,272,-3,17,3,1]
[256,128,80,40,7,10,5,2,1]
[4096,0,-144,19,-9,0,1]
[4096,768,544,57,34,3,1]
[4096,256,-176,-11,-11,1,1]
[15625,1875,116,15,1]
[4096,768,560,89,35,3,1]
[4096,-256,240,-39,15,-1,1]
[16384,-3456,411,-27,1]
[4096,-1024,320,-43,20,-4,1]
[729,81,54,-11,6,1,1]
[16384,2304,225,18,1]
[15625,500,23,4,1]
[512,-192,152,-45,19,-3,1]
[4096,768,96,25,6,3,1]
[256,0,32,20,5,5,2,0,1]
[729,567,252,83,28,7,1]
[4096,-1280,176,5,11,-5,1]
[15625,-3250,408,-26,1]
[2401,833,151,17,1]
[729,567,378,136,42,7,1]
[15625,2125,239,17,1]
[1024,192,23,6,1]
[14641,-1815,91,-15,1]
[729,0,54,-7,6,0,1]
[2401,-392,19,-8,1]
[15625,2625,356,21,1]
[2401,-196,64,-4,1]
[6561,1134,133,14,1]
[16384,-1408,107,-11,1]
[4096,2304,448,63,28,9,1]
[512,320,176,59,22,5,1]
[4096,-2048,352,-39,22,-8,1]
[512,0,120,3,15,0,1]
[729,81,36,16,4,1,1]
[14641,-1331,125,-11,1]
[14641,-3630,419,-30,1]
[4096,-256,-64,41,-4,-1,1]
[4096,0,144,-19,9,0,1]
[4096,-1024,160,-17,10,-4,1]
[16384,896,171,7,1]
[256,0,48,-36,-9,-9,3,0,1]
[15625,-500,89,-4,1]
[512,-64,8,27,1,-1,1]
[4096,-256,0,93,0,-1,1]
[4096,2304,864,225,54,9,1]
[256,-64,64,-32,29,-8,4,-1,1]
[4096,-2560,880,-221,55,-10,1]
[256,128,48,4,-17,1,3,2,1]
[4096,-1280,208,-51,13,-5,1]
[4096,0,-64,-25,-4,0,1]
[4096,-1280,240,-31,15,-5,1]
[16384,-2048,231,-16,1]
[15625,1875,183,15,1]
[256,384,304,172,85,43,19,6,1]
[14641,1573,276,13,1]
[512,64,-24,-27,-3,1,1]
[729,-891,594,-242,66,-11,1]
[4096,-256,-144,51,-9,-1,1]
[512,-192,48,-21,6,-3,1]
[4096,512,-80,-85,-5,2,1]
[15625,2750,356,22,1]
[6561,891,85,11,1]
[14641,-1210,130,-10,1]
[729,-486,198,-58,22,-6,1]
[729,-81,-18,26,-2,-1,1]
[6561,729,146,9,1]
[4096,2048,528,123,33,8,1]
[4096,-384,45,-6,1]
[729,0,-27,-26,-3,0,1]
[4096,0,144,19,9,0,1]
[512,-128,56,-27,7,-2,1]
[15625,-1500,132,-12,1]
[14641,-1815,144,-15,1]
[15625,375,-83,3,1]
[4096,-1024,272,-1,17,-4,1]
[4096,-2816,672,-111,42,-11,1]
[15625,-500,-108,-4,1]
[256,64,48,-4,3,-1,3,1,1]
[16384,-2048,169,-16,1]
[4096,-256,48,83,3,-1,1]
[15625,-2250,169,-18,1]
[625,-75,-14,-3,1]
[256,0,64,32,11,8,4,0,1]
[512,64,72,29,9,1,1]
[729,81,72,-20,8,1,1]
[4096,-512,208,-49,13,-2,1]
[4096,256,-160,-5,-10,1,1]
[256,-64,80,-48,25,-12,5,-1,1]
[15625,-125,214,-1,1]
[256,176,57,11,1]
[4096,4096,1920,575,120,16,1]
[256,128,80,52,21,13,5,2,1]
[4096,-1024,512,-109,32,-4,1]
[6561,-162,-83,-2,1]
[15625,500,-117,4,1]
[256,0,48,4,1,1,3,0,1]
[729,-81,54,-28,6,-1,1]
[4096,2304,480,65,30,9,1]
[4096,256,224,75,14,1,1]
[14641,-1210,203,-10,1]
[15625,250,-157,2,1]
[256,64,32,-28,-3,-7,2,1,1]
[4096,1280,720,155,45,5,1]
[4096,512,48,-3,3,2,1]
[4096,-512,336,-19,21,-2,1]
[729,324,189,73,21,4,1]
[729,81,27,1,3,1,1]
[729,324,225,61,25,4,1]
[16384,896,-55,7,1]
[2401,245,47,5,1]
[4096,1536,-240,-193,-15,6,1]
[256,320,272,168,89,42,17,5,1]
[729,-81,171,-23,19,-1,1]
[2401,539,82,11,1]
[729,324,27,-23,3,4,1]
[1024,-64,49,-2,1]
[14641,1452,27,12,1]
[14641,-121,138,-1,1]
[4096,-768,400,-61,25,-3,1]
[256,-128,32,-4,1,-1,2,-2,1]
[6561,243,118,3,1]
[14641,3388,430,28,1]
[14641,-1936,140,-16,1]
[15625,-2250,272,-18,1]
[6561,243,-76,3,1]
[729,81,72,-4,8,1,1]
[14641,1694,177,14,1]
[4096,1024,352,73,22,4,1]
[729,324,9,-19,1,4,1]
[14641,2178,281,18,1]
[4096,512,96,-33,6,2,1]
[4096,256,32,17,2,1,1]
[4096,768,-80,-73,-5,3,1]
[16384,-1280,-29,-10,1]
[256,192,96,36,19,9,6,3,1]
[4096,256,-96,-51,-6,1,1]
[1024,-64,55,-2,1]
[256,0,48,-44,-9,-11,3,0,1]
[512,448,96,1,12,7,1]
[15625,-250,192,-2,1]
[256,64,-16,0,19,0,-1,1,1]
[14641,-2299,311,-19,1]
[512,-64,-32,1,-4,-1,1]
[512,-128,40,-27,5,-2,1]
[256,-192,192,-100,67,-25,12,-3,1]
[6561,1296,217,16,1]
[14641,-1573,58,-13,1]
[15625,250,-28,2,1]
[729,324,171,46,19,4,1]
[625,-75,-4,-3,1]
[14641,605,-131,5,1]
[256,128,16,-28,-9,-7,1,2,1]
[512,-128,48,-29,6,-2,1]
[4096,0,-64,69,-4,0,1]
[4096,-2560,1168,-335,73,-10,1]
[4096,1024,192,61,12,4,1]
[729,-324,126,-62,14,-4,1]
[4096,1792,448,103,28,7,1]
[6561,-810,55,-10,1]
[256,64,48,32,1,8,3,1,1]
[4096,2304,496,81,31,9,1]
[4096,-512,-80,115,-5,-2,1]
[729,162,-54,-50,-6,2,1]
[512,-192,8,3,1,-3,1]
[256,64,64,4,11,1,4,1,1]
[15625,-1375,253,-11,1]
[4096,1792,128,-33,8,7,1]
[15625,-250,138,-2,1]
[4096,-256,16,27,1,-1,1]
[256,256,160,32,9,8,10,4,1]
[4096,-2048,640,-181,40,-8,1]
[4096,-512,288,-53,18,-2,1]
[729,0,162,5,18,0,1]
[4096,-1536,432,-73,27,-6,1]
[256,576,688,544,315,136,43,9,1]
[4096,-512,240,-63,15,-2,1]
[4096,2560,992,295,62,10,1]
[4096,1792,688,151,43,7,1]
[729,243,-9,-17,-1,3,1]
[256,320,256,168,97,42,16,5,1]
[15625,250,-169,2,1]
[4096,0,112,77,7,0,1]
[16384,896,133,7,1]
[4096,768,0,-51,0,3,1]
[15625,1125,112,9,1]
[4096,768,192,35,12,3,1]
[256,0,64,-20,5,-5,4,0,1]
[4096,-1280,544,-111,34,-5,1]
[4096,-2304,800,-197,50,-9,1]
[15625,125,242,1,1]
[4096,-512,352,-79,22,-2,1]
[6561,81,-14,1,1]
[16384,-768,147,-6,1]
[4096,-256,400,3,25,-1,1]
[4096,1536,640,151,40,6,1]
[4096,1792,576,163,36,7,1]
[14641,-1331,227,-11,1]
[15625,125,-27,1,1]
[14641,605,147,5,1]
[4096,256,432,-5,27,1,1]
[15625,1375,221,11,1]
[6561,81,115,1,1]
[4096,-512,432,-39,27,-2,1]
[256,-64,16,12,-19,3,1,-1,1]
[2401,-392,66,-8,1]
[4096,-1536,560,-193,35,-6,1]
[14641,1210,162,10,1]
[15625,1750,272,14,1]
[729,-243,18,-2,2,-3,1]
[4096,-512,-160,103,-10,-2,1]
[4096,1536,544,189,34,6,1]
[4096,-512,400,-25,25,-2,1]
[256,128,32,-24,-11,-6,2,2,1]
[256,-128,96,-56,35,-14,6,-2,1]
[4096,-1536,656,-149,41,-6,1]
[256,128,48,8,5,2,3,2,1]
[4096,256,192,85,12,1,1]
[16384,1792,265,14,1]
[4096,-1792,912,-215,57,-7,1]
[4096,1024,400,49,25,4,1]
[256,-256,80,24,-25,6,5,-4,1]
[14641,-2783,276,-23,1]
[256,-192,128,-80,55,-20,8,-3,1]
[512,-192,-16,21,-2,-3,1]
[4096,1536,576,137,36,6,1]
[256,192,32,-32,-23,-8,2,3,1]
[4096,512,160,45,10,2,1]
[15625,-1250,27,-10,1]
[4096,2048,176,-41,11,8,1]
[14641,1089,134,9,1]
[256,0,80,-4,33,-1,5,0,1]
[14641,-2299,307,-19,1]
[14641,-2178,184,-18,1]
[729,-243,27,19,3,-3,1]
[4096,256,336,39,21,1,1]
[729,-405,189,-76,21,-5,1]
[4096,256,-64,31,-4,1,1]
[64,-48,52,-23,13,-3,1]
[4096,2560,1024,311,64,10,1]
[729,-405,243,-85,27,-5,1]
[729,243,27,7,3,3,1]
[4096,-1280,-192,165,-12,-5,1]
[14641,968,80,8,1]
[15625,-625,156,-5,1]
[4096,-2816,1088,-313,68,-11,1]
[512,320,72,13,9,5,1]
[14641,-968,238,-8,1]
[256,-64,64,-16,31,-4,4,-1,1]
[256,64,64,0,-1,0,4,1,1]
[15625,-1250,233,-10,1]
[256,0,160,12,51,3,10,0,1]
[14641,-484,238,-4,1]
[4096,1344,231,21,1]
[14641,0,-157,0,1]
[4096,256,128,73,8,1,1]
[4096,1024,0,-21,0,4,1]
[256,-192,96,-32,9,-8,6,-3,1]
[256,64,32,-16,-19,-4,2,1,1]
[16384,-2432,281,-19,1]
[4096,256,224,-31,14,1,1]
[15625,3000,316,24,1]
[4096,-1536,-16,97,-1,-6,1]
[729,81,-9,-8,-1,1,1]
[6561,-81,64,-1,1]
[256,-64,-16,-20,29,-5,-1,-1,1]
[15625,2000,123,16,1]
[15625,-500,-43,-4,1]
[4096,256,96,33,6,1,1]
[4096,256,16,99,1,1,1]
[6561,-1134,163,-14,1]
[256,-64,0,0,-7,0,0,-1,1]
[14641,242,161,2,1]
[4096,-512,128,-127,8,-2,1]
[1024,-128,-3,-4,1]
[6561,648,34,8,1]
[4096,0,-80,7,-5,0,1]
[256,-256,208,-108,61,-27,13,-4,1]
[16384,3072,297,24,1]
[4096,-768,144,-77,9,-3,1]
[4096,1024,-112,-77,-7,4,1]
[4096,-2048,-96,177,-6,-8,1]
[4096,512,-16,11,-1,2,1]
[14641,-2783,373,-23,1]
[4096,2560,960,259,60,10,1]
[729,243,81,46,9,3,1]
[4096,-2048,368,-45,23,-8,1]
[15625,-250,-136,-2,1]
[512,-192,128,-39,16,-3,1]
[729,-324,-27,47,-3,-4,1]
[729,-162,9,8,1,-2,1]
[4096,768,368,47,23,3,1]
[4096,1792,800,201,50,7,1]
[4096,768,0,-43,0,3,1]
[6561,648,11,8,1]
[14641,-363,213,-3,1]
[15625,-1625,131,-13,1]
[15625,-1250,234,-10,1]
[4096,-1024,752,-127,47,-4,1]
[14641,-1694,116,-14,1]
[4096,-1024,464,-99,29,-4,1]
[14641,-3267,372,-27,1]
[4096,0,176,21,11,0,1]
[512,576,376,159,47,9,1]
[4096,-1280,288,-43,18,-5,1]
[512,-384,168,-65,21,-6,1]
[256,64,0,-8,-17,-2,0,1,1]
[4096,512,448,21,28,2,1]
[4096,512,32,-69,2,2,1]
[4096,2816,976,249,61,11,1]
[4096,-1536,576,-165,36,-6,1]
[64,32,12,-3,3,2,1]
[4096,768,-176,-131,-11,3,1]
[14641,121,76,1,1]
[14641,-2057,269,-17,1]
[512,64,16,21,2,1,1]
[14641,-121,-158,-1,1]
[729,-81,0,-34,0,-1,1]
[15625,-375,-149,-3,1]
[2401,441,89,9,1]
[16384,384,241,3,1]
[4096,512,-64,-59,-4,2,1]
[4096,-2304,656,-155,41,-9,1]
[15625,3750,463,30,1]
[4096,-2816,1200,-371,75,-11,1]
[1024,-224,45,-7,1]
[4096,0,496,17,31,0,1]
[4096,768,208,39,13,3,1]
[4096,256,-176,-41,-11,1,1]
[256,192,0,-8,9,-2,0,3,1]
[4096,256,-64,53,-4,1,1]
[256,-128,144,-48,45,-12,9,-2,1]
[4096,512,48,-63,3,2,1]
[4096,2560,1104,329,69,10,1]
[256,-256,144,-84,51,-21,9,-4,1]
[729,243,63,2,7,3,1]
[16384,-1280,211,-10,1]
[256,-64,-32,-12,13,-3,-2,-1,1]
[4096,-2560,976,-291,61,-10,1]
[4096,1024,288,37,18,4,1]
[4096,64,9,1,1]
[4096,-512,80,-41,5,-2,1]
[4096,-512,-16,-11,-1,-2,1]
[4096,-1536,320,-83,20,-6,1]
[256,64,-80,-8,17,-2,-5,1,1]
[256,-128,48,-32,23,-8,3,-2,1]
[256,-256,208,-108,63,-27,13,-4,1]
[4096,-1024,112,9,7,-4,1]
[2401,343,62,7,1]
[14641,968,104,8,1]
[64,32,28,11,7,2,1]
[4096,1792,144,-39,9,7,1]
[256,-64,80,-32,13,-8,5,-1,1]
[14641,2299,315,19,1]
[4096,-1792,608,-125,38,-7,1]
[729,729,450,179,50,9,1]
[14641,1936,212,16,1]
[4096,1280,128,-19,8,5,1]
[4096,2304,848,263,53,9,1]
[4096,3328,1488,445,93,13,1]
[16384,-1024,189,-8,1]
[4096,1024,320,145,20,4,1]
[14641,847,86,7,1]
[4096,2560,800,189,50,10,1]
[4096,-3072,1328,-381,83,-12,1]
[256,64,0,16,23,4,0,1,1]
[6561,324,-1,4,1]
[4096,512,-16,-53,-1,2,1]
[4096,512,512,45,32,2,1]
[4096,-1280,272,-15,17,-5,1]
[729,-162,9,2,1,-2,1]
[4096,1280,272,89,17,5,1]
[4096,256,112,-61,7,1,1]
[4096,1280,352,95,22,5,1]
[4096,2304,512,81,32,9,1]
[14641,-121,181,-1,1]
[4096,-256,160,-37,10,-1,1]
[4096,512,224,13,14,2,1]
[6561,162,-68,2,1]
[1024,416,103,13,1]
[4096,1024,-48,-47,-3,4,1]
[729,-162,108,-22,12,-2,1]
[15625,-2750,278,-22,1]
[256,0,-32,24,11,6,-2,0,1]
[256,-64,-16,0,13,0,-1,-1,1]
[256,-192,112,-60,23,-15,7,-3,1]
[64,0,16,5,4,0,1]
[256,128,48,28,29,7,3,2,1]
[256,0,32,36,-9,9,2,0,1]
[729,1134,819,347,91,14,1]
[4096,-512,160,11,10,-2,1]
[4096,-1536,304,-23,19,-6,1]
[14641,-242,41,-2,1]
[625,150,33,6,1]
[6561,972,106,12,1]
[4096,-768,320,-7,20,-3,1]
[4096,1536,640,185,40,6,1]
[15625,-1875,172,-15,1]
[729,378,97,14,1]
[256,192,96,36,15,9,6,3,1]
[729,486,225,79,25,6,1]
[4096,512,176,43,11,2,1]
[4096,1024,0,-31,0,4,1]
[512,0,0,-9,0,0,1]
[15625,-3750,442,-30,1]
[14641,-1331,219,-11,1]
[4096,-1024,0,79,0,-4,1]
[512,0,8,-17,1,0,1]
[256,256,208,88,49,22,13,4,1]
[14641,-605,16,-5,1]
[729,-135,16,-5,1]
[4096,-3584,1456,-407,91,-14,1]
[4096,-768,176,19,11,-3,1]
[15625,-250,-171,-2,1]
[256,192,128,64,31,16,8,3,1]
[729,243,225,52,25,3,1]
[256,192,112,64,43,16,7,3,1]
[256,192,48,44,39,11,3,3,1]
[4096,768,160,105,10,3,1]
[14641,363,-57,3,1]
[2401,-441,107,-9,1]
[4096,-256,480,-31,30,-1,1]
[4096,1280,-144,-119,-9,5,1]
[15625,625,244,5,1]
[4096,0,592,-11,37,0,1]
[4096,-1536,512,-89,32,-6,1]
[4096,-768,-32,91,-2,-3,1]
[256,448,432,280,151,70,27,7,1]
[4096,-2048,688,-173,43,-8,1]
[6561,0,137,0,1]
[729,648,360,137,40,8,1]
[512,384,200,69,25,6,1]
[2401,686,132,14,1]
[4096,-768,160,-7,10,-3,1]
[4096,512,112,111,7,2,1]
[15625,-1625,194,-13,1]
[256,256,176,72,37,18,11,4,1]
[4096,512,368,11,23,2,1]
[16384,-1792,277,-14,1]
[4096,-1536,656,-181,41,-6,1]
[4096,0,-112,-71,-7,0,1]
[4096,-512,432,-53,27,-2,1]
[16384,-768,-35,-6,1]
[2401,-294,41,-6,1]
[256,320,192,68,23,17,12,5,1]
[729,243,90,59,10,3,1]
[256,256,144,104,65,26,9,4,1]
[4096,1536,-240,-195,-15,6,1]
[4096,-2304,512,-79,32,-9,1]
[256,0,0,24,11,6,0,0,1]
[4096,-256,29,-4,1]
[256,-192,32,44,-37,11,2,-3,1]
[4096,2304,960,283,60,9,1]
[729,-405,216,-80,24,-5,1]
[4096,0,256,-35,16,0,1]
[4096,256,96,-11,6,1,1]
[6561,-405,88,-5,1]
[14641,-2299,258,-19,1]
[4096,320,121,5,1]
[4096,-2560,736,-169,46,-10,1]
[16384,1024,257,8,1]
[64,-48,40,-17,10,-3,1]
[15625,-2000,118,-16,1]
[512,64,40,9,5,1,1]
[729,0,144,-13,16,0,1]
[4096,0,-80,55,-5,0,1]
[4096,384,55,6,1]
[14641,-1694,120,-14,1]
[256,256,160,60,27,15,10,4,1]
[81,0,2,0,1]
[4096,-1280,240,-15,15,-5,1]
[729,0,-18,29,-2,0,1]
[4096,-768,224,-23,14,-3,1]
[4096,256,16,29,1,1,1]
[4096,-3072,1216,-337,76,-12,1]
[14641,-1573,170,-13,1]
[512,-192,96,-25,12,-3,1]
[6561,1296,149,16,1]
[16384,-3072,363,-24,1]
[4096,1536,848,179,53,6,1]
[6561,-162,-115,-2,1]
[14641,1694,95,14,1]
[4096,-256,144,-75,9,-1,1]
[4096,768,384,79,24,3,1]
[729,243,54,-5,6,3,1]
[4096,-2560,784,-179,49,-10,1]
[4096,0,-80,31,-5,0,1]
[4096,-256,-80,89,-5,-1,1]
[4096,256,32,35,2,1,1]
[4096,-1536,592,-117,37,-6,1]
[15625,1500,76,12,1]
[14641,-484,-5,-4,1]
[4096,2048,912,257,57,8,1]
[256,128,144,72,51,18,9,2,1]
[16384,1408,131,11,1]
[4096,-1536,464,-77,29,-6,1]
[16384,2560,353,20,1]
[4096,-512,208,-121,13,-2,1]
[2401,686,102,14,1]
[512,-448,288,-113,36,-7,1]
[256,256,208,108,63,27,13,4,1]
[729,81,45,40,5,1,1]
[15625,1375,153,11,1]
[729,-243,162,-32,18,-3,1]
[4096,1024,112,17,7,4,1]
[15625,-1125,-31,-9,1]
[16384,640,-3,5,1]
[256,0,0,0,-15,0,0,0,1]
[729,-567,117,-5,13,-7,1]
[14641,363,226,3,1]
[15625,-2500,326,-20,1]
[256,-128,16,24,-17,6,1,-2,1]
[4096,0,-80,-69,-5,0,1]
[14641,1694,100,14,1]
[14641,-1210,-8,-10,1]
[256,256,112,60,37,15,7,4,1]
[4096,2816,1120,335,70,11,1]
[4096,-1280,-112,121,-7,-5,1]
[4096,-256,368,-25,23,-1,1]
[256,64,16,-36,-11,-9,1,1,1]
[16384,1792,153,14,1]
[729,-81,63,-31,7,-1,1]
[256,-128,48,-44,35,-11,3,-2,1]
[729,0,-72,-5,-8,0,1]
[4096,1536,272,35,17,6,1]
[4096,0,176,-11,11,0,1]
[14641,2783,344,23,1]
[4096,1792,176,-27,11,7,1]
[2401,49,24,1,1]
[15625,750,94,6,1]
[4096,-256,-48,-7,-3,-1,1]
[4096,1024,160,-13,10,4,1]
[14641,-121,-94,-1,1]
[15625,1750,72,14,1]
[4096,-1280,592,-145,37,-5,1]
[729,-81,-27,8,-3,-1,1]
[256,128,48,28,25,7,3,2,1]
[256,0,-16,20,11,5,-1,0,1]
[729,162,-45,-46,-5,2,1]
[729,-324,-9,34,-1,-4,1]
[6561,-324,43,-4,1]
[512,128,120,19,15,2,1]
[64,48,20,11,5,3,1]
[4096,1024,224,77,14,4,1]
[15625,-250,-63,-2,1]
[4096,0,416,11,26,0,1]
[256,-64,48,-24,19,-6,3,-1,1]
[14641,-847,210,-7,1]
[15625,750,-64,6,1]
[16384,-896,267,-7,1]
[256,-192,128,-76,29,-19,8,-3,1]
[512,-192,128,-25,16,-3,1]
[256,-64,144,-4,37,-1,9,-1,1]
[14641,1331,81,11,1]
[2401,-98,67,-2,1]
[4096,-256,240,-73,15,-1,1]
[15625,-875,92,-7,1]
[16384,2816,299,22,1]
[729,162,135,22,15,2,1]
[14641,-1089,180,-9,1]
[6561,486,61,6,1]
[15625,250,178,2,1]
[4096,256,0,-71,0,1,1]
[6561,-405,-37,-5,1]
[14641,363,155,3,1]
[729,243,63,13,7,3,1]
[4096,0,160,-7,10,0,1]
[16384,-2048,301,-16,1]
[14641,121,214,1,1]
[4096,1280,352,89,22,5,1]
[4096,-1024,224,-9,14,-4,1]
[4096,2560,1136,327,71,10,1]
[1024,0,31,0,1]
[4096,256,80,-7,5,1,1]
[4096,-768,96,49,6,-3,1]
[4096,256,624,33,39,1,1]
[729,243,189,47,21,3,1]
[4096,-1024,167,-16,1]
[4096,-768,288,-97,18,-3,1]
[15625,-1250,149,-10,1]
[4096,256,64,7,4,1,1]
[4096,-1024,144,5,9,-4,1]
[4096,512,272,29,17,2,1]
[2401,-98,95,-2,1]
[729,-486,189,-67,21,-6,1]
[4096,-960,149,-15,1]
[4096,-1280,240,-7,15,-5,1]
[729,-243,-18,28,-2,-3,1]
[256,64,-64,4,23,1,-4,1,1]
[14641,605,34,5,1]
[4096,-1024,96,-45,6,-4,1]
[4096,-512,-128,109,-8,-2,1]
[729,-324,99,-35,11,-4,1]
[256,-256,176,-112,59,-28,11,-4,1]
[256,320,192,124,77,31,12,5,1]
[256,0,64,8,15,2,4,0,1]
[15625,-2625,238,-21,1]
[14641,0,-23,0,1]
[14641,3025,381,25,1]
[4096,768,288,15,18,3,1]
[14641,-242,-8,-2,1]
[4096,0,416,-37,26,0,1]
[256,0,96,-36,21,-9,6,0,1]
[14641,-484,-56,-4,1]
[256,-64,-16,0,11,0,-1,-1,1]
[512,448,176,55,22,7,1]
[14641,2178,224,18,1]
[6561,2349,371,29,1]
[2401,833,166,17,1]
[4096,1536,752,171,47,6,1]
[14641,-1815,222,-15,1]
[6561,405,140,5,1]
[4096,512,-128,-55,-8,2,1]
[4096,1280,512,99,32,5,1]
[4096,2560,672,135,42,10,1]
[256,-256,240,-176,89,-44,15,-4,1]
[4096,0,-32,-47,-2,0,1]
[729,-27,46,-1,1]
[4096,-3328,1616,-483,101,-13,1]
[4096,768,-96,-75,-6,3,1]
[4096,-1280,32,77,2,-5,1]
[4096,-2048,848,-247,53,-8,1]
[16384,384,217,3,1]
[14641,-363,-69,-3,1]
[4096,-768,-96,81,-6,-3,1]
[4096,-1280,256,-7,16,-5,1]
[4096,512,208,27,13,2,1]
[15625,125,-157,1,1]
[4096,1792,624,189,39,7,1]
[6561,648,175,8,1]
[256,0,-16,12,19,3,-1,0,1]
[4096,-256,240,-5,15,-1,1]
[14641,605,-67,5,1]
[512,320,152,51,19,5,1]
[15625,-750,-104,-6,1]
[256,-64,32,24,-7,6,2,-1,1]
[729,324,153,55,17,4,1]
[4096,-512,320,-25,20,-2,1]
[512,256,192,61,24,4,1]
[1024,192,51,6,1]
[4096,256,384,-3,24,1,1]
[4096,0,16,123,1,0,1]
[4096,-768,336,-21,21,-3,1]
[729,567,216,62,24,7,1]
[256,-64,96,-64,17,-16,6,-1,1]
[729,405,-54,-74,-6,5,1]
[256,64,32,-12,-1,-3,2,1,1]
[6561,-1134,106,-14,1]
[4096,512,128,125,8,2,1]
[729,-324,180,-68,20,-4,1]
[4096,-2048,1008,-257,63,-8,1]
[256,64,32,20,-5,5,2,1,1]
[4096,1280,304,51,19,5,1]
[512,64,112,15,14,1,1]
[256,192,128,52,31,13,8,3,1]
[16384,5120,651,40,1]
[625,75,3,3,1]
[4096,-2048,656,-181,41,-8,1]
[4096,2048,80,-95,5,8,1]
[4096,1024,624,113,39,4,1]
[15625,4250,531,34,1]
[729,648,306,112,34,8,1]
[4096,-576,91,-9,1]
[14641,-1210,144,-10,1]
[625,-250,73,-10,1]
[14641,-3146,355,-26,1]
[4096,0,320,-13,20,0,1]
[512,-128,-8,9,-1,-2,1]
[256,128,32,-28,-11,-7,2,2,1]
[4096,256,0,-73,0,1,1]
[4096,256,0,-107,0,1,1]
[256,64,-32,0,11,0,-2,1,1]
[4096,-1024,80,5,5,-4,1]
[4096,2816,1184,331,74,11,1]
[729,-324,45,-11,5,-4,1]
[4096,2304,1040,291,65,9,1]
[4096,2048,208,-33,13,8,1]
[4096,256,48,-3,3,1,1]
[625,25,-31,1,1]
[15625,1500,219,12,1]
[4096,-2048,672,-205,42,-8,1]
[4096,-768,-48,-5,-3,-3,1]
[729,-162,126,-41,14,-2,1]
[16384,-1792,235,-14,1]
[4096,-2304,736,-169,46,-9,1]
[4096,1024,64,-65,4,4,1]
[256,192,64,-28,-25,-7,4,3,1]
[15625,375,-168,3,1]
[16384,-256,-143,-2,1]
[4096,-768,112,-65,7,-3,1]
[256,320,288,200,111,50,18,5,1]
[4096,-256,304,15,19,-1,1]
[4096,512,96,-9,6,2,1]
[256,320,272,164,87,41,17,5,1]
[729,-162,0,28,0,-2,1]
[4096,0,-64,37,-4,0,1]
[6561,1701,229,21,1]
[15625,1625,227,13,1]
[256,128,0,-32,-19,-8,0,2,1]
[14641,242,-21,2,1]
[256,64,32,-40,-11,-10,2,1,1]
[4096,0,176,-65,11,0,1]
[15625,1125,242,9,1]
[256,-128,48,-36,25,-9,3,-2,1]
[4096,1280,416,71,26,5,1]
[4096,128,67,2,1]
[256,128,48,12,1,3,3,2,1]
[14641,-968,193,-8,1]
[256,-128,160,-96,49,-24,10,-2,1]
[729,648,333,130,37,8,1]
[4096,768,-64,-61,-4,3,1]
[4096,1024,176,17,11,4,1]
[729,-243,54,5,6,-3,1]
[4096,512,160,1,10,2,1]
[4096,1280,-144,-133,-9,5,1]
[4096,1024,-240,-131,-15,4,1]
[512,-128,72,-9,9,-2,1]
[4096,512,-96,11,-6,2,1]
[14641,1573,57,13,1]
[15625,-3125,329,-25,1]
[4096,2816,1008,267,63,11,1]
[15625,125,91,1,1]
[256,128,144,52,37,13,9,2,1]
[4096,-768,-16,93,-1,-3,1]
[4096,256,0,31,0,1,1]
[256,256,240,148,81,37,15,4,1]
[4096,-768,208,-99,13,-3,1]
[256,-64,16,0,21,0,1,-1,1]
[512,-320,144,-53,18,-5,1]
[729,162,81,8,9,2,1]
[256,0,80,-44,7,-11,5,0,1]
[4096,-768,304,-7,19,-3,1]
[4096,-1536,512,-141,32,-6,1]
[15625,-625,-102,-5,1]
[256,128,48,12,15,3,3,2,1]
[2401,-686,108,-14,1]
[256,192,96,68,41,17,6,3,1]
[15625,2375,248,19,1]
[15625,2500,206,20,1]
[256,512,528,384,217,96,33,8,1]
[14641,2904,309,24,1]
[6561,-729,97,-9,1]
[15625,250,157,2,1]
[4096,768,-48,-23,-3,3,1]
[1024,0,-5,0,1]
[4096,1792,144,-47,9,7,1]
[256,192,160,96,53,24,10,3,1]
[14641,3509,415,29,1]
[4096,768,336,17,21,3,1]
[256,192,80,60,45,15,5,3,1]
[4096,-1792,688,-199,43,-7,1]
[256,0,16,32,-7,8,1,0,1]
[16384,1152,19,9,1]
[15625,-2500,217,-20,1]
[256,-320,112,28,-35,7,7,-5,1]
[15625,125,42,1,1]
[256,64,96,0,23,0,6,1,1]
[625,-75,1,-3,1]
[1024,-128,15,-4,1]
[4096,-1536,560,-167,35,-6,1]
[4096,-1024,80,-1,5,-4,1]
[4096,0,704,-1,44,0,1]
[16384,1024,143,8,1]
[4096,1024,544,99,34,4,1]
[4096,1280,736,153,46,5,1]
[14641,-2783,271,-23,1]
[256,-64,96,8,19,2,6,-1,1]
[14641,1089,14,9,1]
[14641,-484,70,-4,1]
[14641,484,177,4,1]
[729,162,0,-37,0,2,1]
[16384,128,-29,1,1]
[512,128,-32,-41,-4,2,1]
[4096,-1024,-48,29,-3,-4,1]
[4096,-768,416,-103,26,-3,1]
[256,320,224,112,49,28,14,5,1]
[729,243,90,37,10,3,1]
[16384,1408,231,11,1]
[4096,-256,272,-81,17,-1,1]
[14641,1694,149,14,1]
[729,-216,44,-8,1]
[256,128,112,76,39,19,7,2,1]
[4096,0,704,3,44,0,1]
[4096,-1280,672,-139,42,-5,1]
[14641,3146,368,26,1]
[256,-320,288,-200,115,-50,18,-5,1]
[4096,3072,1136,307,71,12,1]
[4096,256,448,29,28,1,1]
[256,64,112,24,29,6,7,1,1]
[16384,-2176,309,-17,1]
[4096,-512,368,-69,23,-2,1]
[729,-81,135,-17,15,-1,1]
[256,128,0,-36,-17,-9,0,2,1]
[256,-128,64,-8,-3,-2,4,-2,1]
[4096,-1536,576,-135,36,-6,1]
[6561,243,116,3,1]
[4096,512,80,-53,5,2,1]
[4096,-512,176,-73,11,-2,1]
[4096,0,256,61,16,0,1]
[15625,1250,48,10,1]
[4096,-1024,32,25,2,-4,1]
[4096,2048,800,191,50,8,1]
[4096,-1536,448,-141,28,-6,1]
[256,0,80,16,27,4,5,0,1]
[4096,-256,128,37,8,-1,1]
[4096,1792,512,117,32,7,1]
[4096,0,192,83,12,0,1]
[4096,1024,160,-31,10,4,1]
[14641,-968,-26,-8,1]
[2401,294,60,6,1]
[512,640,384,155,48,10,1]
[4096,-1792,464,-101,29,-7,1]
[14641,1210,197,10,1]
[4096,-512,80,45,5,-2,1]
[14641,-484,-72,-4,1]
[4096,-512,192,43,12,-2,1]
[4096,1024,0,-37,0,4,1]
[256,-192,64,28,-21,7,4,-3,1]
[4096,256,272,-5,17,1,1]
[256,128,48,-8,-17,-2,3,2,1]
[4096,-1280,217,-20,1]
[625,-275,69,-11,1]
[4096,-512,16,-21,1,-2,1]
[4096,256,208,9,13,1,1]
[4096,1280,496,135,31,5,1]
[256,128,144,88,45,22,9,2,1]
[256,-64,-96,0,33,0,-6,-1,1]
[6561,81,68,1,1]
[14641,-1694,276,-14,1]
[4096,1280,288,43,18,5,1]
[4096,-256,240,-9,15,-1,1]
[256,-64,32,12,9,3,2,-1,1]
[15625,1625,74,13,1]
[15625,750,86,6,1]
[14641,2541,339,21,1]
[2401,-931,187,-19,1]
[14641,242,-53,2,1]
[729,-729,414,-163,46,-9,1]
[6561,1458,202,18,1]
[15625,500,58,4,1]
[512,-192,-16,23,-2,-3,1]
[256,-64,16,24,-27,6,1,-1,1]
[729,-81,-18,16,-2,-1,1]
[14641,847,14,7,1]
[64,16,20,5,5,1,1]
[4096,512,-48,-41,-3,2,1]
[4096,-768,208,-115,13,-3,1]
[256,-128,64,-12,5,-3,4,-2,1]
[4096,-1280,-80,111,-5,-5,1]
[4096,-1536,176,29,11,-6,1]
[14641,1089,251,9,1]
[14641,-2904,378,-24,1]
[6561,405,137,5,1]
[256,-64,128,-12,33,-3,8,-1,1]
[256,-192,160,-100,45,-25,10,-3,1]
[4096,1536,336,61,21,6,1]
[14641,-2178,304,-18,1]
[14641,726,30,6,1]
[4096,512,176,119,11,2,1]
[4096,-1280,464,-123,29,-5,1]
[512,256,120,35,15,4,1]
[4096,-1024,-176,145,-11,-4,1]
[14641,3388,420,28,1]
[15625,2875,349,23,1]
[15625,-3000,326,-24,1]
[4096,-960,123,-15,1]
[256,-512,544,-408,233,-102,34,-8,1]
[64,16,-12,-5,-3,1,1]
[15625,875,142,7,1]
[256,-192,96,-24,9,-6,6,-3,1]
[4096,1280,192,-5,12,5,1]
[4096,-1280,544,-145,34,-5,1]
[4096,-768,512,-55,32,-3,1]
[4096,-1536,608,-127,38,-6,1]
[15625,-1500,231,-12,1]
[4096,1792,720,169,45,7,1]
[729,-243,81,-22,9,-3,1]
[4096,-512,192,-117,12,-2,1]
[15625,2750,289,22,1]
[729,162,171,35,19,2,1]
[729,-81,135,-7,15,-1,1]
[15625,375,-108,3,1]
[14641,-968,-54,-8,1]
[6561,324,37,4,1]
[4096,2560,976,291,61,10,1]
[4096,-1792,192,15,12,-7,1]
[4096,1280,-176,-155,-11,5,1]
[15625,375,57,3,1]
[6561,972,61,12,1]
[4096,768,48,-61,3,3,1]
[15625,-1250,244,-10,1]
[729,-162,180,-35,20,-2,1]
[729,-243,27,2,3,-3,1]
[15625,-1500,67,-12,1]
[4096,-1024,128,31,8,-4,1]
[16384,2176,211,17,1]
[4096,-768,96,-69,6,-3,1]
[4096,256,144,-71,9,1,1]
[512,320,208,75,26,5,1]
[4096,768,-16,-15,-1,3,1]
[4096,3072,1360,411,85,12,1]
[6561,648,160,8,1]
[4096,-512,272,27,17,-2,1]
[4096,256,-80,47,-5,1,1]
[4096,-512,352,-93,22,-2,1]
[4096,-1792,464,-105,29,-7,1]
[15625,-1125,63,-9,1]
[512,128,40,27,5,2,1]
[256,-192,176,-124,59,-31,11,-3,1]
[14641,-847,199,-7,1]
[16384,-1152,233,-9,1]
[4096,-256,-192,13,-12,-1,1]
[256,-128,32,20,-9,5,2,-2,1]
[512,128,24,-23,3,2,1]
[4096,0,-192,23,-12,0,1]
[4096,1280,160,41,10,5,1]
[4096,512,224,95,14,2,1]
[4096,1280,640,139,40,5,1]
[512,64,0,25,0,1,1]
[256,-64,16,24,-7,6,1,-1,1]
[256,0,-96,4,31,1,-6,0,1]
[4096,-1024,288,-95,18,-4,1]
[4096,768,256,113,16,3,1]
[256,128,16,0,3,0,1,2,1]
[512,-192,40,11,5,-3,1]
[15625,0,-154,0,1]
[4096,768,320,3,20,3,1]
[6561,-810,43,-10,1]
[15625,1250,196,10,1]
[4096,-1024,528,-133,33,-4,1]
[6561,1296,191,16,1]
[4096,-512,224,11,14,-2,1]
[256,64,-64,-16,13,-4,-4,1,1]
[2401,245,46,5,1]
[4096,-3072,1360,-417,85,-12,1]
[16384,768,233,6,1]
[1024,0,-47,0,1]
[4096,-2304,832,-253,52,-9,1]
[6561,243,13,3,1]
[256,-128,32,12,-17,3,2,-2,1]
[14641,605,-27,5,1]
[256,128,80,12,3,3,5,2,1]
[729,810,468,181,52,10,1]
[4096,768,416,69,26,3,1]
[15625,1125,141,9,1]
[4096,-1024,16,67,1,-4,1]
[4096,512,272,41,17,2,1]
[4096,-2304,944,-259,59,-9,1]
[625,-325,91,-13,1]
[4096,-256,-1,-4,1]
[512,128,96,5,12,2,1]
[4096,3328,1520,451,95,13,1]
[16384,-640,-25,-5,1]
[4096,1024,304,93,19,4,1]
[16384,-1152,165,-9,1]
[16384,384,17,3,1]
[512,256,120,31,15,4,1]
[4096,0,-96,-39,-6,0,1]
[729,162,144,26,16,2,1]
[2401,-245,26,-5,1]
[15625,1250,247,10,1]
[4096,-1280,-16,43,-1,-5,1]
[256,-64,0,-32,17,-8,0,-1,1]
[512,-64,56,-23,7,-1,1]
[2401,490,111,10,1]
[14641,1694,180,14,1]
[15625,-1875,132,-15,1]
[256,192,224,104,75,26,14,3,1]
[6561,1053,157,13,1]
[4096,768,-224,-87,-14,3,1]
[512,-320,48,1,6,-5,1]
[256,-128,96,-28,11,-7,6,-2,1]
[14641,1210,42,10,1]
[4096,-2304,736,-181,46,-9,1]
[4096,-3072,1312,-397,82,-12,1]
[625,-275,72,-11,1]
[15625,-1125,179,-9,1]
[15625,2625,352,21,1]
[256,-64,32,48,-15,12,2,-1,1]
[256,-320,272,-144,77,-36,17,-5,1]
[4096,0,-176,-37,-11,0,1]
[4096,-256,-32,113,-2,-1,1]
[4096,-2560,1216,-337,76,-10,1]
[15625,2500,311,20,1]
[729,-243,-9,41,-1,-3,1]
[16384,256,47,2,1]
[4096,0,128,43,8,0,1]
[4096,-512,80,57,5,-2,1]
[4096,-768,464,-77,29,-3,1]
[4096,1536,464,81,29,6,1]
[14641,121,-161,1,1]
[256,-192,80,-4,-5,-1,5,-3,1]
[729,-162,-27,2,-3,-2,1]
[16384,-128,-9,-1,1]
[14641,-3146,346,-26,1]
[256,-64,48,0,19,0,3,-1,1]
[4096,-2048,640,-165,40,-8,1]
[14641,-484,205,-4,1]
[256,0,64,48,3,12,4,0,1]
[4096,1792,688,199,43,7,1]
[4096,0,-144,15,-9,0,1]
[14641,1331,161,11,1]
[729,-162,90,-29,10,-2,1]
[256,-64,-48,12,9,3,-3,-1,1]
[729,-243,54,-11,6,-3,1]
[4096,768,16,-23,1,3,1]
[256,-192,144,-68,43,-17,9,-3,1]
[4096,-256,208,-69,13,-1,1]
[729,81,45,1,5,1,1]
[14641,2057,224,17,1]
[16384,512,183,4,1]
[4096,-1280,528,-107,33,-5,1]
[4096,-1536,576,-131,36,-6,1]
[14641,-242,-43,-2,1]
[512,-320,176,-55,22,-5,1]
[512,-64,-8,29,-1,-1,1]
[14641,-1331,123,-11,1]
[4096,1024,336,57,21,4,1]
[15625,-3875,448,-31,1]
[729,-81,99,-26,11,-1,1]
[4096,0,80,-61,5,0,1]
[15625,-250,-93,-2,1]
[4096,1024,352,79,22,4,1]
[6561,-729,88,-9,1]
[729,81,99,2,11,1,1]
[4096,-1536,624,-129,39,-6,1]
[14641,-968,54,-8,1]
[729,-405,144,-35,16,-5,1]
[512,-128,-40,31,-5,-2,1]
[256,192,96,48,27,12,6,3,1]
[256,0,0,-16,-9,-4,0,0,1]
[14641,968,190,8,1]
[6561,-324,163,-4,1]
[512,-128,8,-7,1,-2,1]
[729,162,81,22,9,2,1]
[16384,-1536,287,-12,1]
[4096,2304,784,213,49,9,1]
[729,-243,-54,56,-6,-3,1]
[256,64,0,12,23,3,0,1,1]
[2401,-98,66,-2,1]
[512,64,64,-9,8,1,1]
[4096,1280,544,117,34,5,1]
[256,-64,64,0,7,0,4,-1,1]
[729,-243,45,-22,5,-3,1]
[4096,-3072,1248,-361,78,-12,1]
[4096,-512,224,-87,14,-2,1]
[4096,-1536,368,-113,23,-6,1]
[16384,1152,159,9,1]
[16384,-128,199,-1,1]
[4096,-768,432,-101,27,-3,1]
[256,128,64,44,17,11,4,2,1]
[256,64,112,4,25,1,7,1,1]
[14641,-847,225,-7,1]
[15625,1125,17,9,1]
[16384,128,-127,1,1]
[256,-64,-80,8,21,2,-5,-1,1]
[256,-64,0,-4,-7,-1,0,-1,1]
[15625,-2250,156,-18,1]
[4096,2560,1072,315,67,10,1]
[4096,-768,256,-25,16,-3,1]
[4096,-1536,656,-177,41,-6,1]
[14641,-1452,30,-12,1]
[15625,-2250,213,-18,1]
[2401,-392,85,-8,1]
[16384,-3584,443,-28,1]
[14641,121,106,1,1]
[14641,2299,186,19,1]
[15625,2000,298,16,1]
[4096,256,336,49,21,1,1]
[4096,-1536,288,-77,18,-6,1]
[4096,-1280,544,-139,34,-5,1]
[16384,4352,519,34,1]
[729,-108,43,-4,1]
[15625,-3250,366,-26,1]
[14641,-1331,59,-11,1]
[729,-729,387,-145,43,-9,1]
[4096,-1280,640,-123,40,-5,1]
[4096,-256,240,-49,15,-1,1]
[14641,-3146,398,-26,1]
[4096,1024,336,145,21,4,1]
[4096,768,144,25,9,3,1]
[16384,-2816,311,-22,1]
[256,-448,464,-328,185,-82,29,-7,1]
[512,0,88,9,11,0,1]
[256,384,352,252,141,63,22,6,1]
[256,256,240,136,79,34,15,4,1]
[256,192,224,128,79,32,14,3,1]
[729,243,90,10,10,3,1]
[256,64,-16,-4,3,-1,-1,1,1]
[14641,1694,155,14,1]
[256,64,16,-4,-11,-1,1,1,1]
[4096,256,368,-15,23,1,1]
[4096,-1536,-32,81,-2,-6,1]
[256,-192,112,-72,37,-18,7,-3,1]
[256,-192,192,-104,65,-26,12,-3,1]
[4096,-768,192,-37,12,-3,1]
[16384,-2944,289,-23,1]
[729,-405,36,25,4,-5,1]
[4096,-256,368,-53,23,-1,1]
[4096,-768,304,-45,19,-3,1]
[4096,-1024,-192,131,-12,-4,1]
[729,-405,-45,67,-5,-5,1]
[14641,605,81,5,1]
[4096,-1024,512,-123,32,-4,1]
[4096,-256,-192,23,-12,-1,1]
[256,-192,48,12,-15,3,3,-3,1]
[256,256,64,12,13,3,4,4,1]
[4096,512,416,49,26,2,1]
[256,320,240,156,85,39,15,5,1]
[256,256,80,16,9,4,5,4,1]
[256,-64,64,0,3,0,4,-1,1]
[16384,2048,285,16,1]
[2401,490,88,10,1]
[4096,-768,-144,105,-9,-3,1]
[4096,512,224,103,14,2,1]
[4096,512,112,-9,7,2,1]
[4096,0,192,75,12,0,1]
[6561,-162,55,-2,1]
[14641,726,103,6,1]
[15625,250,247,2,1]
[4096,-768,432,-55,27,-3,1]
[4096,1280,336,127,21,5,1]
[729,324,198,49,22,4,1]
[256,-192,80,-16,-5,-4,5,-3,1]
[512,0,80,-9,10,0,1]
[14641,2057,250,17,1]
[256,-64,32,4,-1,1,2,-1,1]
[4096,512,-48,-47,-3,2,1]
[16384,128,-141,1,1]
[15625,500,14,4,1]
[4096,-256,416,-19,26,-1,1]
[15625,625,-79,5,1]
[14641,-484,-134,-4,1]
[729,-324,36,20,4,-4,1]
[14641,-3025,387,-25,1]
[4096,-512,-112,85,-7,-2,1]
[512,-128,-32,41,-4,-2,1]
[6561,0,-17,0,1]
[512,128,48,5,6,2,1]
[4096,512,160,-11,10,2,1]
[4096,-1024,240,-51,15,-4,1]
[729,81,27,34,3,1,1]
[14641,-1936,181,-16,1]
[6561,405,112,5,1]
[2401,98,26,2,1]
[729,243,216,46,24,3,1]
[6561,-648,52,-8,1]
[14641,-484,34,-4,1]
[4096,320,117,5,1]
[256,0,32,12,21,3,2,0,1]
[14641,1210,67,10,1]
[4096,-1792,480,-81,30,-7,1]
[512,-128,48,-9,6,-2,1]
[729,405,18,-25,2,5,1]
[14641,968,140,8,1]
[256,-64,96,-40,23,-10,6,-1,1]
[16384,-128,-57,-1,1]
[14641,-726,-97,-6,1]
[4096,-512,112,-77,7,-2,1]
[512,64,112,5,14,1,1]
[729,-162,153,-17,17,-2,1]
[14641,0,115,0,1]
[14641,1210,157,10,1]
[4096,2816,1296,371,81,11,1]
[4096,1024,224,27,14,4,1]
[256,-64,16,8,-19,2,1,-1,1]
[4096,-512,-144,89,-9,-2,1]
[15625,-875,226,-7,1]
[4096,1280,0,-91,0,5,1]
[16384,-2176,179,-17,1]
[256,0,64,-24,21,-6,4,0,1]
[16384,-128,-167,-1,1]
[729,-162,72,-19,8,-2,1]
[15625,-1125,-17,-9,1]
[256,-320,208,-88,39,-22,13,-5,1]
[256,-320,224,-124,63,-31,14,-5,1]
[4096,0,48,-49,3,0,1]
[729,648,333,122,37,8,1]
[512,-448,240,-95,30,-7,1]
[4096,1536,560,163,35,6,1]
[729,-324,108,-46,12,-4,1]
[4096,2816,704,127,44,11,1]
[4096,1280,304,63,19,5,1]
[4096,1024,432,117,27,4,1]
[2401,-882,162,-18,1]
[15625,-2125,181,-17,1]
[256,128,-16,-16,-3,-4,-1,2,1]
[15625,3500,382,28,1]
[256,-256,160,-68,27,-17,10,-4,1]
[4096,2048,864,249,54,8,1]
[14641,2299,206,19,1]
[16384,1792,247,14,1]
[4096,-128,31,-2,1]
[14641,-605,245,-5,1]
[4096,256,224,89,14,1,1]
[4096,1024,544,91,34,4,1]
[4096,-1536,32,79,2,-6,1]
[512,-384,208,-83,26,-6,1]
[4096,1024,576,107,36,4,1]
[14641,-1089,5,-9,1]
[256,-128,112,-88,35,-22,7,-2,1]
[4096,-1024,96,-25,6,-4,1]
[4096,-768,128,-7,8,-3,1]
[15625,1125,147,9,1]
[729,-162,0,-5,0,-2,1]
[256,-192,160,-52,33,-13,10,-3,1]
[14641,2783,265,23,1]
[256,-128,176,-84,61,-21,11,-2,1]
[6561,-1053,124,-13,1]
[729,-162,-54,19,-6,-2,1]
[6561,-1053,176,-13,1]
[4096,-1792,896,-221,56,-7,1]
[4096,768,-112,-67,-7,3,1]
[4096,-1536,464,-81,29,-6,1]
[256,192,176,72,49,18,11,3,1]
[14641,-847,144,-7,1]
[15625,250,-204,2,1]
[16384,-384,193,-3,1]
[4096,-2304,800,-237,50,-9,1]
[6561,243,-73,3,1]
[4096,-2048,544,-121,34,-8,1]
[729,-405,72,-4,8,-5,1]
[256,192,160,56,37,14,10,3,1]
[4096,-576,111,-9,1]
[256,128,80,36,17,9,5,2,1]
[4096,256,-96,-55,-6,1,1]
[15625,1375,34,11,1]
[4096,768,112,61,7,3,1]
[16384,3968,471,31,1]
[729,81,-54,-10,-6,1,1]
[4096,-2304,784,-211,49,-9,1]
[256,-64,64,12,13,3,4,-1,1]
[4096,-1792,800,-211,50,-7,1]
[256,-192,144,-64,35,-16,9,-3,1]
[4096,0,256,-67,16,0,1]
[14641,-1210,152,-10,1]
[4096,-64,27,-1,1]
[4096,2048,608,125,38,8,1]
[512,192,120,45,15,3,1]
[14641,-1694,96,-14,1]
[256,-320,224,-100,43,-25,14,-5,1]
[256,320,224,124,63,31,14,5,1]
[4096,-4096,2016,-623,126,-16,1]
[4096,1536,464,73,29,6,1]
[512,384,96,13,12,6,1]
[4096,1280,-240,-155,-15,5,1]
[256,-256,160,-100,53,-25,10,-4,1]
[729,-567,189,-52,21,-7,1]
[15625,-2500,208,-20,1]
[4096,-2816,1024,-277,64,-11,1]
[256,64,32,44,17,11,2,1,1]
[15625,-500,-132,-4,1]
[256,128,96,48,21,12,6,2,1]
[729,0,63,-19,7,0,1]
[14641,605,93,5,1]
[256,448,448,328,185,82,28,7,1]
[6561,0,-154,0,1]
[4096,2560,912,239,57,10,1]
[6561,1134,140,14,1]
[729,-648,252,-77,28,-8,1]
[729,243,180,43,20,3,1]
[4096,512,-80,-73,-5,2,1]
[4096,-1280,192,3,12,-5,1]
[4096,0,160,67,10,0,1]
[729,0,108,-13,12,0,1]
[512,-64,120,-11,15,-1,1]
[4096,-1536,608,-167,38,-6,1]
[4096,-1792,432,-81,27,-7,1]
[256,-64,32,-32,15,-8,2,-1,1]
[14641,0,78,0,1]
[4096,-1280,544,-125,34,-5,1]
[4096,832,165,13,1]
[729,-243,-18,19,-2,-3,1]
[4096,-512,-80,-19,-5,-2,1]
[14641,-484,172,-4,1]
[6561,81,95,1,1]
[64,-16,16,-13,4,-1,1]
[4096,-256,272,-67,17,-1,1]
[4096,2560,1040,289,65,10,1]
[4096,0,240,-29,15,0,1]
[256,-64,-16,24,-15,6,-1,-1,1]
[14641,121,156,1,1]
[625,25,-4,1,1]
[4096,-768,208,29,13,-3,1]
[512,512,320,129,40,8,1]
[64,16,12,-1,3,1,1]
[4096,-512,-32,107,-2,-2,1]
[15625,2125,291,17,1]
[256,192,80,56,39,14,5,3,1]
[4096,-512,64,83,4,-2,1]
[256,-64,32,28,-11,7,2,-1,1]
[14641,363,92,3,1]
[6561,-1134,119,-14,1]
[15625,-875,256,-7,1]
[2401,98,-6,2,1]
[14641,-847,-25,-7,1]
[4096,768,352,111,22,3,1]
[4096,-512,-176,39,-11,-2,1]
[15625,-625,121,-5,1]
[256,320,256,128,65,32,16,5,1]
[16384,-1024,199,-8,1]
[14641,605,78,5,1]
[4096,512,80,9,5,2,1]
[15625,500,-106,4,1]
[64,-32,0,9,0,-2,1]
[14641,1936,147,16,1]
[15625,-250,-28,-2,1]
[14641,-242,-26,-2,1]
[14641,-363,166,-3,1]
[729,270,70,10,1]
[4096,-1024,400,-119,25,-4,1]
[15625,-1000,252,-8,1]
[512,128,72,37,9,2,1]
[14641,1694,282,14,1]
[4096,-3072,1312,-393,82,-12,1]
[256,-64,48,-48,11,-12,3,-1,1]
[256,64,80,28,17,7,5,1,1]
[16384,512,59,4,1]
[4096,0,112,75,7,0,1]
[14641,1694,125,14,1]
[256,128,128,48,29,12,8,2,1]
[4096,-1536,128,7,8,-6,1]
[256,192,128,80,39,20,8,3,1]
[4096,-1024,208,-61,13,-4,1]
[14641,1331,152,11,1]
[4096,-1024,0,63,0,-4,1]
[16384,-2944,331,-23,1]
[2401,-490,99,-10,1]
[4096,448,127,7,1]
[256,-64,64,-12,19,-3,4,-1,1]
[4096,512,-48,-81,-3,2,1]
[256,-128,32,12,-9,3,2,-2,1]
[15625,125,103,1,1]
[4096,1280,-48,-87,-3,5,1]
[4096,1024,336,109,21,4,1]
[4096,512,176,29,11,2,1]
[256,64,96,20,23,5,6,1,1]
[729,-243,-45,52,-5,-3,1]
[729,-405,279,-85,31,-5,1]
[512,-256,168,-59,21,-4,1]
[14641,242,28,2,1]
[256,-192,112,-64,29,-16,7,-3,1]
[256,-64,64,-20,5,-5,4,-1,1]
[4096,-768,-192,121,-12,-3,1]
[256,-128,-48,8,19,2,-3,-2,1]
[256,-64,48,16,-1,4,3,-1,1]
[4096,0,-128,19,-8,0,1]
[729,-81,171,-14,19,-1,1]
[729,-81,198,-14,22,-1,1]
[6561,-486,160,-6,1]
[4096,2816,896,217,56,11,1]
[1024,96,47,3,1]
[4096,-1280,496,-81,31,-5,1]
[4096,3328,1616,483,101,13,1]
[4096,512,-96,-51,-6,2,1]
[256,64,0,-20,-15,-5,0,1,1]
[16384,640,159,5,1]
[4096,768,160,43,10,3,1]
[4096,512,368,-3,23,2,1]
[16384,-2304,261,-18,1]
[14641,-2057,170,-17,1]
[256,-128,112,-80,27,-20,7,-2,1]
[512,-128,-16,-1,-2,-2,1]
[729,-405,279,-86,31,-5,1]
[15625,0,192,0,1]
[16384,-896,231,-7,1]
[4096,-512,448,-13,28,-2,1]
[6561,567,122,7,1]
[4096,1280,-128,-139,-8,5,1]
[4096,256,368,59,23,1,1]
[4096,256,368,57,23,1,1]
[729,567,162,31,18,7,1]
[14641,242,114,2,1]
[15625,875,244,7,1]
[14641,726,171,6,1]
[256,-320,208,-96,47,-24,13,-5,1]
[4096,768,272,83,17,3,1]
[729,243,0,-11,0,3,1]
[4096,512,48,17,3,2,1]
[6561,162,47,2,1]
[16384,4224,499,33,1]
[64,-32,24,-17,6,-2,1]
[4096,-2560,880,-229,55,-10,1]
[625,50,8,2,1]
[729,405,-72,-85,-8,5,1]
[729,-162,90,-20,10,-2,1]
[4096,512,96,87,6,2,1]
[14641,-3993,496,-33,1]
[4096,256,-64,45,-4,1,1]
[4096,-768,224,-73,14,-3,1]
[256,192,160,76,45,19,10,3,1]
[4096,-1536,192,-17,12,-6,1]
[4096,1792,528,153,33,7,1]
[15625,750,17,6,1]
[6561,810,38,10,1]
[4096,-1024,151,-16,1]
[729,-324,198,-58,22,-4,1]
[4096,-1024,-48,61,-3,-4,1]
[729,-405,225,-73,25,-5,1]
[256,64,64,16,5,4,4,1,1]
[6561,-1701,269,-21,1]
[2401,-931,172,-19,1]
[4096,1280,304,21,19,5,1]
[6561,324,-25,4,1]
[512,-64,32,-9,4,-1,1]
[4096,1024,0,-77,0,4,1]
[14641,-121,-189,-1,1]
[4096,0,16,-95,1,0,1]
[256,256,80,32,25,8,5,4,1]
[512,-320,168,-75,21,-5,1]
[4096,768,272,41,17,3,1]
[4096,-1792,64,81,4,-7,1]
[4096,-2816,1168,-329,73,-11,1]
[4096,-768,192,25,12,-3,1]
[4096,2560,944,247,59,10,1]
[14641,726,226,6,1]
[256,256,176,120,75,30,11,4,1]
[4096,2304,480,67,30,9,1]
[256,384,368,256,141,64,23,6,1]
[2401,-686,100,-14,1]
[4096,1024,640,99,40,4,1]
[4096,-1280,-192,159,-12,-5,1]
[729,405,126,29,14,5,1]
[14641,-1331,221,-11,1]
[256,-256,192,-120,69,-30,12,-4,1]
[4096,-768,-16,-15,-1,-3,1]
[512,128,32,7,4,2,1]
[4096,0,0,-55,0,0,1]
[15625,-1625,134,-13,1]
[256,64,48,8,15,2,3,1,1]
[4096,-512,-48,-17,-3,-2,1]
[256,320,176,40,3,10,11,5,1]
[256,128,64,12,13,3,4,2,1]
[4096,-3840,1840,-565,115,-15,1]
[512,320,128,35,16,5,1]
[6561,-486,13,-6,1]
[14641,484,10,4,1]
[15625,4125,506,33,1]
[256,0,16,32,5,8,1,0,1]
[6561,-1053,152,-13,1]
[15625,250,74,2,1]
[4096,-768,160,-29,10,-3,1]
[14641,-1331,60,-11,1]
[6561,405,103,5,1]
[256,256,96,4,-9,1,6,4,1]
[14641,242,103,2,1]
[14641,847,168,7,1]
[15625,-3250,338,-26,1]
[6561,324,107,4,1]
[15625,-125,31,-1,1]
[512,-192,88,-13,11,-3,1]
[4096,-1024,400,-137,25,-4,1]
[16384,1024,-23,8,1]
[6561,-81,-49,-1,1]
[256,128,-16,-8,3,-2,-1,2,1]
[4096,3840,1808,543,113,15,1]
[4096,-768,0,31,0,-3,1]
[4096,-768,-32,35,-2,-3,1]
[4096,-2560,912,-263,57,-10,1]
[729,27,28,1,1]
[4096,256,-128,-31,-8,1,1]
[14641,726,-4,6,1]
[125,-21,1]
[256,192,176,112,55,28,11,3,1]
[625,75,-2,3,1]
[4096,768,560,97,35,3,1]
[4096,0,16,119,1,0,1]
[6561,81,-52,1,1]
[4096,-2304,448,-57,28,-9,1]
[4096,1024,208,89,13,4,1]
[512,-320,0,39,0,-5,1]
[16384,1152,29,9,1]
[16384,-1536,43,-12,1]
[4096,1792,320,45,20,7,1]
[4096,0,256,31,16,0,1]
[2401,294,65,6,1]
[6561,-2187,344,-27,1]
[4096,2048,800,205,50,8,1]
[14641,-121,141,-1,1]
[6561,0,-68,0,1]
[4096,1536,496,125,31,6,1]
[16384,-1024,123,-8,1]
[49,-8,1]
[729,162,72,7,8,2,1]
[729,0,18,-28,2,0,1]
[14641,3025,336,25,1]
[16384,-640,83,-5,1]
[14641,-1331,126,-11,1]
[14641,1936,120,16,1]
[4096,-512,272,-5,17,-2,1]
[14641,1331,223,11,1]
[4096,512,80,-15,5,2,1]
[16384,256,223,2,1]
[256,0,16,-32,-1,-8,1,0,1]
[4096,-1536,288,-63,18,-6,1]
[14641,-1815,135,-15,1]
[4096,-256,96,77,6,-1,1]
[4096,-512,336,-49,21,-2,1]
[15625,-2000,148,-16,1]
[4096,-1792,400,-85,25,-7,1]
[256,64,-32,0,25,0,-2,1,1]
[4096,256,-32,-65,-2,1,1]
[15625,1625,44,13,1]
[14641,-2057,210,-17,1]
[4096,-256,256,-21,16,-1,1]
[729,-324,198,-53,22,-4,1]
[512,-256,120,-65,15,-4,1]
[6561,810,74,10,1]
[15625,2125,229,17,1]
[16384,2688,335,21,1]
[15625,2000,187,16,1]
[15625,-2250,158,-18,1]
[729,162,63,-4,7,2,1]
[4096,-1792,128,43,8,-7,1]
[4096,-1024,400,-89,25,-4,1]
[4096,-3840,1792,-537,112,-15,1]
[729,162,162,32,18,2,1]
[15625,-2375,233,-19,1]
[512,192,72,29,9,3,1]
[4096,1536,336,85,21,6,1]
[256,64,16,-4,-23,-1,1,1,1]
[256,192,144,68,41,17,9,3,1]
[4096,1024,448,63,28,4,1]
[256,128,32,12,11,3,2,2,1]
[4096,-512,-48,115,-3,-2,1]
[4096,-512,304,-93,19,-2,1]
[256,-64,48,-28,31,-7,3,-1,1]
[729,-405,207,-80,23,-5,1]
[4096,-1024,256,-63,16,-4,1]
[2401,196,44,4,1]
[4096,-128,37,-2,1]
[4096,-512,-240,63,-15,-2,1]
[4096,512,160,131,10,2,1]
[4096,768,160,47,10,3,1]
[14641,242,-182,2,1]
[4096,1536,432,133,27,6,1]
[15625,-625,124,-5,1]
[256,-64,48,-20,13,-5,3,-1,1]
[14641,1331,98,11,1]
[256,-64,-16,8,-1,2,-1,-1,1]
[14641,-242,52,-2,1]
[6561,-1296,149,-16,1]
[729,162,90,13,10,2,1]
[64,32,11,4,1]
[256,-192,112,-36,21,-9,7,-3,1]
[15625,250,-21,2,1]
[729,162,189,32,21,2,1]
[15625,-1500,212,-12,1]
[512,-128,32,5,4,-2,1]
[15625,-3000,346,-24,1]
[4096,0,48,101,3,0,1]
[729,243,162,35,18,3,1]
[14641,-1331,193,-11,1]
[4096,256,-128,-71,-8,1,1]
[4096,512,-96,-121,-6,2,1]
[4096,512,-144,-89,-9,2,1]
[15625,3625,428,29,1]
[256,384,400,288,167,72,25,6,1]
[256,192,96,40,9,10,6,3,1]
[256,-128,48,-16,11,-4,3,-2,1]
[15625,-375,-58,-3,1]
[14641,242,75,2,1]
[729,162,117,34,13,2,1]
[4096,-1024,224,-15,14,-4,1]
[4096,-1536,320,-85,20,-6,1]
[15625,-375,237,-3,1]
[256,256,112,64,41,16,7,4,1]
[4096,0,16,53,1,0,1]
[4096,512,320,-11,20,2,1]
[4096,768,256,89,16,3,1]
[4096,1024,480,125,30,4,1]
[4096,1024,224,81,14,4,1]
[4096,-1024,64,15,4,-4,1]
[729,0,9,31,1,0,1]
[625,175,22,7,1]
[4096,-2048,272,3,17,-8,1]
[256,-128,96,-48,23,-12,6,-2,1]
[729,81,0,-11,0,1,1]
[4096,-1024,256,-127,16,-4,1]
[4096,-1536,48,65,3,-6,1]
[4096,-512,272,15,17,-2,1]
[4096,1280,320,117,20,5,1]
[256,-384,288,-180,101,-45,18,-6,1]
[4096,-2304,864,-219,54,-9,1]
[512,0,56,-11,7,0,1]
[4096,0,112,87,7,0,1]
[4096,1792,336,39,21,7,1]
[4096,3584,1568,459,98,14,1]
[4096,-1024,464,-61,29,-4,1]
[4096,3840,1840,557,115,15,1]
[6561,-1296,140,-16,1]
[256,256,192,112,53,28,12,4,1]
[729,0,36,23,4,0,1]
[6561,324,68,4,1]
[256,-256,64,52,-51,13,4,-4,1]
[729,243,-27,-25,-3,3,1]
[4096,4096,1936,583,121,16,1]
[512,128,16,23,2,2,1]
[6561,81,-91,1,1]
[14641,-121,-202,-1,1]
[256,256,80,36,29,9,5,4,1]
[14641,484,-95,4,1]
[14641,-1694,149,-14,1]
[4096,-768,624,-79,39,-3,1]
[256,-192,112,-76,53,-19,7,-3,1]
[6561,324,38,4,1]
[6561,-648,77,-8,1]
[15625,3500,424,28,1]
[6561,-1377,197,-17,1]
[256,-64,-32,-16,19,-4,-2,-1,1]
[729,81,-9,-43,-1,1,1]
[4096,0,48,111,3,0,1]
[1024,-96,-9,-3,1]
[4096,-1280,-16,83,-1,-5,1]
[14641,968,161,8,1]
[256,-64,80,16,9,4,5,-1,1]
[4096,1024,144,49,9,4,1]
[4096,-512,256,-83,16,-2,1]
[4096,256,224,-19,14,1,1]
[256,-192,16,40,-23,10,1,-3,1]
[16384,-2688,231,-21,1]
[256,0,-144,0,49,0,-9,0,1]
[16384,-2560,341,-20,1]
[6561,-324,109,-4,1]
[256,-128,80,0,1,0,5,-2,1]
[4096,256,31,4,1]
[4096,-2816,832,-187,52,-11,1]
[4096,-2048,640,-169,40,-8,1]
[4096,1280,368,57,23,5,1]
[4096,-2048,608,-161,38,-8,1]
[256,192,64,36,27,9,4,3,1]
[256,-128,64,-28,29,-7,4,-2,1]
[256,64,-112,-16,31,-4,-7,1,1]
[4096,1024,160,-1,10,4,1]
[512,384,216,91,27,6,1]
[256,-320,208,-80,31,-20,13,-5,1]
[14641,-363,-149,-3,1]
[4096,1792,784,179,49,7,1]
[14641,484,116,4,1]
[4096,2304,848,215,53,9,1]
[729,-243,-9,29,-1,-3,1]
[4096,0,336,-29,21,0,1]
[6561,-324,-16,-4,1]
[729,0,144,11,16,0,1]
[256,64,-32,-8,-3,-2,-2,1,1]
[4096,2304,544,111,34,9,1]
[15625,-625,57,-5,1]
[256,64,64,40,15,10,4,1,1]
[4096,1536,272,7,17,6,1]
[256,128,16,-28,-23,-7,1,2,1]
[256,-128,96,-44,17,-11,6,-2,1]
[512,-512,264,-99,33,-8,1]
[14641,3993,510,33,1]
[15625,-1750,132,-14,1]
[729,-81,-36,29,-4,-1,1]
[4096,-1792,128,45,8,-7,1]
[15625,625,61,5,1]
[256,-192,128,-84,51,-21,8,-3,1]
[512,256,80,19,10,4,1]
[15625,-2500,249,-20,1]
[14641,-3146,370,-26,1]
[4096,-1536,96,35,6,-6,1]
[4096,-512,-176,89,-11,-2,1]
[4096,-256,224,-89,14,-1,1]
[6561,81,-19,1,1]
[256,-64,-16,-8,9,-2,-1,-1,1]
[256,128,128,8,19,2,8,2,1]
[4096,-768,-176,127,-11,-3,1]
[256,0,-48,-8,15,-2,-3,0,1]
[4096,1792,656,191,41,7,1]
[729,243,-72,-56,-8,3,1]
[4096,256,-192,-15,-12,1,1]
[15625,1375,68,11,1]
[729,-324,-18,47,-2,-4,1]
[16384,-2688,317,-21,1]
[4096,1280,-64,-85,-4,5,1]
[15625,-750,142,-6,1]
[256,-256,128,-52,21,-13,8,-4,1]
[256,128,80,-12,1,-3,5,2,1]
[14641,1694,235,14,1]
[4096,512,240,99,15,2,1]
[4096,-512,81,-8,1]
[4096,1024,672,121,42,4,1]
[256,-144,41,-9,1]
[14641,1936,280,16,1]
[15625,-1125,234,-9,1]
[4096,-1280,224,-29,14,-5,1]
[15625,2750,342,22,1]
[4096,-768,112,53,7,-3,1]
[4096,1280,-96,-105,-6,5,1]
[4096,768,528,59,33,3,1]
[256,-64,32,8,13,2,2,-1,1]
[256,-192,32,-44,47,-11,2,-3,1]
[256,-64,16,32,-17,8,1,-1,1]
[4096,-2816,1104,-309,69,-11,1]
[4096,-1792,896,-225,56,-7,1]
[512,128,64,23,8,2,1]
[16384,1792,173,14,1]
[4096,1792,688,175,43,7,1]
[625,-200,32,-8,1]
[14641,-1089,130,-9,1]
[256,128,32,-16,-7,-4,2,2,1]
[729,-324,36,5,4,-4,1]
[4096,768,448,45,28,3,1]
[4096,-768,96,-65,6,-3,1]
[4096,-768,560,-75,35,-3,1]
[16384,1792,289,14,1]
[14641,-2662,287,-22,1]
[729,810,495,199,55,10,1]
[4096,-256,-32,-73,-2,-1,1]
[15625,625,42,5,1]
[4096,0,336,13,21,0,1]
[729,324,144,56,16,4,1]
[15625,-1250,224,-10,1]
[15625,-4125,494,-33,1]
[256,-64,16,28,-21,7,1,-1,1]
[256,-128,112,-76,39,-19,7,-2,1]
[4096,256,464,33,29,1,1]
[4096,-1280,384,-43,24,-5,1]
[16384,768,41,6,1]
[4096,3840,1856,573,116,15,1]
[256,0,-16,-8,-7,-2,-1,0,1]
[4096,-256,96,-87,6,-1,1]
[2401,539,90,11,1]
[14641,-968,-21,-8,1]
[4096,1024,144,21,9,4,1]
[4096,-2304,784,-215,49,-9,1]
[256,0,160,-8,53,-2,10,0,1]
[4096,-1024,144,-53,9,-4,1]
[256,128,96,40,37,10,6,2,1]
[15625,0,-83,0,1]
[14641,-1936,255,-16,1]
[4096,-1536,192,-27,12,-6,1]
[4096,2816,1232,349,77,11,1]
[6561,972,148,12,1]
[729,0,18,14,2,0,1]
[6561,-1539,251,-19,1]
[729,-648,369,-146,41,-8,1]
[14641,-1210,96,-10,1]
[256,192,112,56,39,14,7,3,1]
[4096,1024,64,13,4,4,1]
[15625,-3375,368,-27,1]
[4096,-2304,944,-243,59,-9,1]
[14641,1452,262,12,1]
[4096,-320,85,-5,1]
[4096,768,528,75,33,3,1]
[15625,-3375,362,-27,1]
[729,81,45,-23,5,1,1]
[512,64,-40,-23,-5,1,1]
[4096,1536,-176,-161,-11,6,1]
[14641,1210,101,10,1]
[15625,500,37,4,1]
[6561,-81,124,-1,1]
[14641,363,-174,3,1]
[15625,2375,177,19,1]
[6561,648,67,8,1]
[4096,512,160,-55,10,2,1]
[16384,640,207,5,1]
[15625,-1125,97,-9,1]
[256,128,48,12,-3,3,3,2,1]
[256,-128,32,-12,3,-3,2,-2,1]
[4096,576,147,9,1]
[4096,-768,-192,97,-12,-3,1]
[16384,-128,-173,-1,1]
[6561,486,119,6,1]
[15625,-2375,263,-19,1]
[16384,-768,165,-6,1]
[15625,875,104,7,1]
[4096,2048,688,175,43,8,1]
[4096,1280,128,-5,8,5,1]
[4096,0,-32,71,-2,0,1]
[256,128,48,-8,-7,-2,3,2,1]
[4096,-192,119,-3,1]
[16384,2944,279,23,1]
[729,-567,324,-127,36,-7,1]
[4096,-2304,672,-175,42,-9,1]
[729,81,-13,3,1]
[256,64,80,44,9,11,5,1,1]
[4096,-1792,400,-55,25,-7,1]
[256,-128,128,-12,21,-3,8,-2,1]
[729,-162,162,-29,18,-2,1]
[4096,-1536,288,-65,18,-6,1]
[256,64,32,-12,-17,-3,2,1,1]
[4096,-2048,736,-211,46,-8,1]
[729,-432,113,-16,1]
[4096,0,320,-29,20,0,1]
[256,64,96,36,37,9,6,1,1]
[256,128,112,48,25,12,7,2,1]
[4096,1280,112,3,7,5,1]
[256,-128,32,28,-23,7,2,-2,1]
[4096,2560,928,255,58,10,1]
[15625,-2875,382,-23,1]
[4096,-1792,544,-155,34,-7,1]
[4096,-1536,448,-131,28,-6,1]
[512,64,32,-11,4,1,1]
[16384,-3200,351,-25,1]
[256,-64,96,-56,27,-14,6,-1,1]
[256,64,80,32,35,8,5,1,1]
[14641,-3509,428,-29,1]
[15625,-375,199,-3,1]
[4096,1536,96,-25,6,6,1]
[6561,-486,71,-6,1]
[729,-405,72,5,8,-5,1]
[4096,-1536,16,59,1,-6,1]
[14641,-968,145,-8,1]
[4096,-1024,528,-103,33,-4,1]
[4096,-1280,32,27,2,-5,1]
[16384,3072,305,24,1]
[6561,-810,41,-10,1]
[4096,-256,576,-23,36,-1,1]
[4096,768,304,107,19,3,1]
[4096,-1536,208,1,13,-6,1]
[256,-192,112,-40,15,-10,7,-3,1]
[4096,1280,576,155,36,5,1]
[729,162,63,22,7,2,1]
[16384,-4608,571,-36,1]
[4096,1280,336,67,21,5,1]
[729,-135,17,-5,1]
[256,-64,-48,4,17,1,-3,-1,1]
[16384,1280,19,10,1]
[4096,768,112,5,7,3,1]
[4096,1792,544,161,34,7,1]
[14641,-242,92,-2,1]
[256,-64,-16,-8,27,-2,-1,-1,1]
[4096,1024,224,43,14,4,1]
[16384,-2176,203,-17,1]
[6561,-1539,211,-19,1]
[729,405,144,40,16,5,1]
[512,-256,120,-45,15,-4,1]
[729,486,234,91,26,6,1]
[4096,0,576,1,36,0,1]
[729,81,-27,5,-3,1,1]
[6561,-648,83,-8,1]
[4096,2048,576,133,36,8,1]
[256,256,192,116,59,29,12,4,1]
[4096,-1536,576,-157,36,-6,1]
[15625,-625,12,-5,1]
[729,324,198,61,22,4,1]
[4096,-1536,-16,101,-1,-6,1]
[4096,1792,720,189,45,7,1]
[14641,-1815,175,-15,1]
[256,-64,32,-16,13,-4,2,-1,1]
[4096,2304,944,255,59,9,1]
[256,128,48,8,-9,2,3,2,1]
[4096,0,32,1,2,0,1]
[14641,-1210,-14,-10,1]
[4096,1536,304,73,19,6,1]
[4096,-256,448,-25,28,-1,1]
[4096,256,592,37,37,1,1]
[256,0,0,8,5,2,0,0,1]
[512,-384,32,29,4,-6,1]
[6561,-810,112,-10,1]
[512,320,104,21,13,5,1]
[4096,-1280,496,-159,31,-5,1]
[4096,512,272,103,17,2,1]
[256,64,31,4,1]
[256,-256,208,-124,67,-31,13,-4,1]
[4096,-2304,800,-217,50,-9,1]
[256,128,64,-36,-17,-9,4,2,1]
[4096,-768,384,-97,24,-3,1]
[2401,-441,37,-9,1]
[6561,1215,199,15,1]
[2401,49,1,1,1]
[4096,-3328,1536,-457,96,-13,1]
[4096,-1792,544,-129,34,-7,1]
[15625,250,-7,2,1]
[256,0,32,36,1,9,2,0,1]
[6561,729,10,9,1]
[4096,1792,592,195,37,7,1]
[256,256,32,-64,-47,-16,2,4,1]
[4096,-960,161,-15,1]
[4096,1280,32,-31,2,5,1]
[14641,2178,191,18,1]
[256,0,16,4,17,1,1,0,1]
[256,128,48,16,15,4,3,2,1]
[256,-256,160,-84,41,-21,10,-4,1]
[15625,750,137,6,1]
[256,128,176,80,61,20,11,2,1]
[4096,0,432,7,27,0,1]
[64,16,4,11,1,1,1]
[4096,512,128,17,8,2,1]
[256,192,160,76,49,19,10,3,1]
[15625,-750,46,-6,1]
[4096,2048,592,135,37,8,1]
[256,192,128,60,31,15,8,3,1]
[4096,256,-16,71,-1,1,1]
[4096,768,288,107,18,3,1]
[14641,726,152,6,1]
[256,0,80,0,15,0,5,0,1]
[4096,0,-192,3,-12,0,1]
[4096,2304,896,257,56,9,1]
[14641,-1936,120,-16,1]
[4096,-64,75,-1,1]
[4096,-448,33,-7,1]
[512,-192,80,-15,10,-3,1]
[4096,-1280,816,-157,51,-5,1]
[4096,448,71,7,1]
[2401,0,78,0,1]
[256,-320,208,-136,81,-34,13,-5,1]
[512,128,8,-3,1,2,1]
[4096,2048,448,71,28,8,1]
[4096,512,432,25,27,2,1]
[512,-192,8,17,1,-3,1]
[512,320,8,-33,1,5,1]
[15625,-375,108,-3,1]
[15625,875,191,7,1]
[256,128,96,4,5,1,6,2,1]
[256,-128,144,-60,41,-15,9,-2,1]
[256,256,128,76,45,19,8,4,1]
[4096,1792,720,197,45,7,1]
[16384,-2176,135,-17,1]
[729,162,18,-17,2,2,1]
[256,0,0,-28,7,-7,0,0,1]
[14641,1089,59,9,1]
[4096,-256,560,-15,35,-1,1]
[256,128,112,4,13,1,7,2,1]
[4096,-768,112,37,7,-3,1]
[14641,484,-131,4,1]
[15625,2500,239,20,1]
[4096,256,-176,-43,-11,1,1]
[729,-81,0,29,0,-1,1]
[4096,512,416,79,26,2,1]
[4096,-256,-64,-29,-4,-1,1]
[4096,256,288,15,18,1,1]
[14641,605,10,5,1]
[4096,768,32,15,2,3,1]
[15625,750,-4,6,1]
[256,0,112,16,25,4,7,0,1]
[14641,-2783,318,-23,1]
[4096,1280,-208,-171,-13,5,1]
[4096,768,-80,-13,-5,3,1]
[1024,-32,-5,-1,1]
[4096,0,192,71,12,0,1]
[4096,-2048,528,-105,33,-8,1]
[4096,-512,352,-71,22,-2,1]
[2401,-490,55,-10,1]
[729,-405,153,-58,17,-5,1]
[4096,-448,81,-7,1]
[15625,125,214,1,1]
[16384,3456,425,27,1]
[4096,-256,448,-41,28,-1,1]
[729,162,99,50,11,2,1]
[16384,-768,-111,-6,1]
[6561,-1701,259,-21,1]
[4096,-512,528,-59,33,-2,1]
[15625,-2500,281,-20,1]
[729,810,486,197,54,10,1]
[14641,-847,64,-7,1]
[729,-162,90,-37,10,-2,1]
[256,0,48,-36,1,-9,3,0,1]
[14641,-1815,122,-15,1]
[4096,-2560,864,-227,54,-10,1]
[14641,-2420,337,-20,1]
[4096,-2816,960,-243,60,-11,1]
[512,256,88,19,11,4,1]
[16384,128,-201,1,1]
[4096,-1024,336,-135,21,-4,1]
[4096,-1024,-96,91,-6,-4,1]
[4096,-2816,1104,-299,69,-11,1]
[6561,-162,-62,-2,1]
[4096,0,48,109,3,0,1]
[4096,256,16,69,1,1,1]
[16384,640,23,5,1]
[16384,256,1,2,1]
[256,0,32,44,3,11,2,0,1]
[6561,-486,68,-6,1]
[14641,1452,57,12,1]
[729,0,27,-4,3,0,1]
[4096,512,128,93,8,2,1]
[6561,1620,238,20,1]
[4096,-256,304,-73,19,-1,1]
[15625,1250,-17,10,1]
[4096,256,128,15,8,1,1]
[512,-192,120,-29,15,-3,1]
[16384,2176,129,17,1]
[4096,-768,288,-1,18,-3,1]
[14641,1210,1,10,1]
[256,0,16,12,-1,3,1,0,1]
[1024,0,-23,0,1]
[256,-128,0,0,7,0,0,-2,1]
[14641,968,-15,8,1]
[4096,384,95,6,1]
[4096,256,64,45,4,1,1]
[4096,2304,816,203,51,9,1]
[4096,512,80,-3,5,2,1]
[14641,968,-28,8,1]
[4096,-512,-32,49,-2,-2,1]
[256,192,96,40,13,10,6,3,1]
[6561,810,40,10,1]
[4096,0,-160,45,-10,0,1]
[2401,98,32,2,1]
[256,128,16,12,21,3,1,2,1]
[512,192,64,1,8,3,1]
[256,0,-144,4,45,1,-9,0,1]
[4096,1280,272,37,17,5,1]
[14641,-726,-73,-6,1]
[256,320,160,40,9,10,10,5,1]
[512,-128,-48,43,-6,-2,1]
[14641,-121,105,-1,1]
[256,-192,176,-92,57,-23,11,-3,1]
[256,128,128,36,27,9,8,2,1]
[14641,726,235,6,1]
[16384,2304,169,18,1]
[625,-100,17,-4,1]
[4096,-768,48,-39,3,-3,1]
[6561,-2106,323,-26,1]
[4096,-256,-64,25,-4,-1,1]
[512,-192,96,-53,12,-3,1]
[4096,256,-32,77,-2,1,1]
[14641,242,115,2,1]
[4096,256,0,-113,0,1,1]
[4096,256,176,-33,11,1,1]
[16384,-1280,45,-10,1]
[729,243,81,35,9,3,1]
[1024,256,37,8,1]
[256,128,16,-12,-3,-3,1,2,1]
[16384,640,167,5,1]
[729,162,36,26,4,2,1]
[256,-64,144,0,35,0,9,-1,1]
[15625,-3000,348,-24,1]
[4096,-4096,2000,-613,125,-16,1]
[15625,-750,38,-6,1]
[729,324,135,38,15,4,1]
[4096,768,240,57,15,3,1]
[6561,729,70,9,1]
[256,-64,96,-44,29,-11,6,-1,1]
[4096,768,-96,-55,-6,3,1]
[256,-256,80,44,-43,11,5,-4,1]
[6561,-729,23,-9,1]
[2401,-539,108,-11,1]
[256,0,-96,0,23,0,-6,0,1]
[16384,-384,-89,-3,1]
[256,320,256,140,73,35,16,5,1]
[256,64,16,-16,-5,-4,1,1,1]
[4096,2304,784,189,49,9,1]
[729,-243,135,-29,15,-3,1]
[14641,-726,-26,-6,1]
[512,0,64,23,8,0,1]
[256,192,160,80,41,20,10,3,1]
[4096,-768,-160,113,-10,-3,1]
[14641,3025,371,25,1]
[2401,-98,50,-2,1]
[4096,1536,544,165,34,6,1]
[256,-64,-64,-12,35,-3,-4,-1,1]
[4096,-512,112,29,7,-2,1]
[16384,-1920,143,-15,1]
[256,-64,16,8,9,2,1,-1,1]
[729,405,90,13,10,5,1]
[4096,256,32,-71,2,1,1]
[16384,-640,-39,-5,1]
[729,-81,9,-26,1,-1,1]
[256,128,160,96,49,24,10,2,1]
[16384,1024,153,8,1]
[4096,-512,-240,67,-15,-2,1]
[49,-10,1]
[4096,64,-73,1,1]
[4096,768,64,39,4,3,1]
[729,243,63,10,7,3,1]
[256,-128,16,8,-13,2,1,-2,1]
[4096,0,336,-45,21,0,1]
[15625,1375,66,11,1]
[256,128,16,4,13,1,1,2,1]
[16384,4480,537,35,1]
[15625,-1375,151,-11,1]
[6561,162,70,2,1]
[4096,-512,-96,43,-6,-2,1]
[4096,0,256,-1,16,0,1]
[1024,-160,25,-5,1]
[4096,1024,384,151,24,4,1]
[4096,768,512,65,32,3,1]
[4096,256,-96,-43,-6,1,1]
[256,384,320,192,97,48,20,6,1]
[4096,0,-128,-51,-8,0,1]
[4096,512,240,105,15,2,1]
[6561,-972,137,-12,1]
[729,-81,45,-29,5,-1,1]
[15625,1875,86,15,1]
[729,81,171,8,19,1,1]
[4096,768,416,111,26,3,1]
[4096,0,-112,15,-7,0,1]
[4096,-2304,992,-273,62,-9,1]
[4096,768,432,77,27,3,1]
[125,-9,1]
[15625,-750,-1,-6,1]
[4096,1536,288,45,18,6,1]
[15625,125,178,1,1]
[4096,-768,-96,99,-6,-3,1]
[16384,-2816,243,-22,1]
[4096,256,544,47,34,1,1]
[4096,512,224,97,14,2,1]
[6561,1215,179,15,1]
[14641,-121,204,-1,1]
[256,256,128,28,-1,7,8,4,1]
[4096,-1024,304,-77,19,-4,1]
[512,-64,80,-5,10,-1,1]
[2401,-49,-47,-1,1]
[4096,-256,288,-77,18,-1,1]
[2401,441,43,9,1]
[14641,-968,177,-8,1]
[4096,-320,129,-5,1]
[4096,768,176,-13,11,3,1]
[256,64,80,0,23,0,5,1,1]
[625,175,58,7,1]
[4096,1536,560,107,35,6,1]
[6561,-729,26,-9,1]
[512,384,176,67,22,6,1]
[4096,-768,496,-65,31,-3,1]
[256,192,112,80,41,20,7,3,1]
[2401,98,-60,2,1]
[14641,121,-81,1,1]
[256,64,64,0,13,0,4,1,1]
[16384,3200,383,25,1]
[6561,-648,151,-8,1]
[4096,512,160,-29,10,2,1]
[14641,2299,236,19,1]
[4096,256,144,-21,9,1,1]
[14641,1331,101,11,1]
[16384,1152,239,9,1]
[16384,384,93,3,1]
[14641,121,7,1,1]
[16384,3456,365,27,1]
[256,64,-80,-20,17,-5,-5,1,1]
[256,-64,32,8,1,2,2,-1,1]
[4096,768,192,85,12,3,1]
[4096,1024,464,117,29,4,1]
[4096,-384,125,-6,1]
[4096,-512,608,-65,38,-2,1]
[4096,0,-80,-53,-5,0,1]
[16384,3328,371,26,1]
[4096,2304,528,93,33,9,1]
[16384,1664,187,13,1]
[729,-486,261,-91,29,-6,1]
[14641,-363,226,-3,1]
[512,-128,40,-41,5,-2,1]
[4096,1792,464,81,29,7,1]
[4096,1024,64,7,4,4,1]
[4096,768,192,125,12,3,1]
[15625,-2000,147,-16,1]
[4096,1280,448,61,28,5,1]
[2401,-686,124,-14,1]
[4096,1536,528,129,33,6,1]
[4096,960,169,15,1]
[4096,768,48,-63,3,3,1]
[4096,-1024,352,-33,22,-4,1]
[4096,-256,0,-75,0,-1,1]
[14641,-605,-62,-5,1]
[4096,-1792,320,-23,20,-7,1]
[16384,-1024,-7,-8,1]
[4096,-1536,240,-37,15,-6,1]
[256,256,128,56,25,14,8,4,1]
[4096,-768,288,-81,18,-3,1]
[4096,-1280,112,31,7,-5,1]
[256,128,96,12,11,3,6,2,1]
[4096,-256,-224,17,-14,-1,1]
[512,64,40,33,5,1,1]
[15625,1125,8,9,1]
[14641,-484,235,-4,1]
[512,-192,128,-31,16,-3,1]
[2401,-49,17,-1,1]
[4096,768,-128,-57,-8,3,1]
[512,-64,16,-13,2,-1,1]
[729,243,-54,-44,-6,3,1]
[14641,-2299,293,-19,1]
[729,-405,144,-53,16,-5,1]
[15625,750,18,6,1]
[14641,1089,222,9,1]
[14641,2662,271,22,1]
[15625,125,167,1,1]
[4096,896,129,14,1]
[256,-128,16,20,-17,5,1,-2,1]
[15625,0,134,0,1]
[256,64,16,-32,-19,-8,1,1,1]
[6561,-1134,181,-14,1]
[4096,512,-48,-35,-3,2,1]
[16384,-640,-141,-5,1]
[6561,-162,-80,-2,1]
[16384,-640,43,-5,1]
[4096,-1536,160,21,10,-6,1]
[512,-64,-8,13,-1,-1,1]
[256,-384,240,-76,21,-19,15,-6,1]
[512,384,216,89,27,6,1]
[14641,968,185,8,1]
[4096,2560,1184,329,74,10,1]
[4096,1536,336,31,21,6,1]
[4096,1024,32,-53,2,4,1]
[256,-256,128,-80,53,-20,8,-4,1]
[4096,768,400,53,25,3,1]
[4096,-1280,160,25,10,-5,1]
[512,-128,72,-45,9,-2,1]
[512,-256,176,-53,22,-4,1]
[14641,1936,274,16,1]
[4096,3072,1296,367,81,12,1]
[256,192,224,124,81,31,14,3,1]
[729,-81,117,-11,13,-1,1]
[6561,567,28,7,1]
[14641,-3025,351,-25,1]
[512,-64,-40,9,-5,-1,1]
[4096,-2560,1136,-331,71,-10,1]
[15625,-1000,16,-8,1]
[4096,-1536,464,-151,29,-6,1]
[256,-64,32,-36,11,-9,2,-1,1]
[256,-256,80,48,-51,12,5,-4,1]
[1024,-608,151,-19,1]
[256,-256,224,-144,81,-36,14,-4,1]
[4096,-512,32,-51,2,-2,1]
[6561,-162,40,-2,1]
[6561,405,19,5,1]
[15625,-1875,108,-15,1]
[4096,256,48,-45,3,1,1]
[729,-405,180,-46,20,-5,1]
[4096,-256,48,31,3,-1,1]
[6561,162,92,2,1]
[14641,363,135,3,1]
[729,-729,306,-95,34,-9,1]
[256,-128,0,12,-7,3,0,-2,1]
[4096,1280,16,-67,1,5,1]
[4096,-1280,-48,103,-3,-5,1]
[4096,-1536,528,-117,33,-6,1]
[256,0,-32,-4,21,-1,-2,0,1]
[512,448,240,95,30,7,1]
[2401,539,127,11,1]
[14641,1815,200,15,1]
[256,64,16,32,11,8,1,1,1]
[4096,-512,256,-29,16,-2,1]
[4096,-512,304,-45,19,-2,1]
[729,81,0,-25,0,1,1]
[15625,375,-24,3,1]
[4096,-128,-93,-2,1]
[16384,-768,201,-6,1]
[256,256,64,-68,-59,-17,4,4,1]
[256,-192,64,-20,5,-5,4,-3,1]
[15625,250,-202,2,1]
[14641,-1089,9,-9,1]
[1024,128,15,4,1]
[729,162,99,52,11,2,1]
[4096,1280,-144,-105,-9,5,1]
[15625,-1375,202,-11,1]
[14641,242,-51,2,1]
[256,256,144,28,3,7,9,4,1]
[16384,-640,127,-5,1]
[729,108,47,4,1]
[4096,0,16,-113,1,0,1]
[512,512,192,53,24,8,1]
[4096,-2560,1056,-307,66,-10,1]
[512,-64,0,37,0,-1,1]
[4096,-768,400,-83,25,-3,1]
[6561,810,125,10,1]
[4096,-1536,416,-73,26,-6,1]
[4096,192,-49,3,1]
[6561,486,62,6,1]
[512,-192,16,-1,2,-3,1]
[512,-448,248,-93,31,-7,1]
[729,-405,107,-15,1]
[14641,-484,-101,-4,1]
[4096,-1280,672,-155,42,-5,1]
[256,-64,48,-28,11,-7,3,-1,1]
[15625,-3000,379,-24,1]
[15625,-3875,444,-31,1]
[4096,512,-112,-35,-7,2,1]
[15625,1000,153,8,1]
[512,192,56,19,7,3,1]
[4096,-512,288,-99,18,-2,1]
[4096,1536,352,95,22,6,1]
[4096,-1280,336,-103,21,-5,1]
[256,-192,80,16,-21,4,5,-3,1]
[14641,-484,-138,-4,1]
[4096,-1280,496,-97,31,-5,1]
[15625,-1875,184,-15,1]
[14641,1694,79,14,1]
[27,-2,1]
[14641,2904,358,24,1]
[256,-192,176,-120,61,-30,11,-3,1]
[4096,2560,848,211,53,10,1]
[15625,-3000,299,-24,1]
[14641,-3751,464,-31,1]
[14641,847,115,7,1]
[256,-128,32,20,-11,5,2,-2,1]
[256,-128,128,-68,43,-17,8,-2,1]
[256,128,64,20,11,5,4,2,1]
[6561,-810,52,-10,1]
[15625,-375,51,-3,1]
[64,48,24,9,6,3,1]
[4096,512,368,87,23,2,1]
[16384,-1920,119,-15,1]
[2401,784,135,16,1]
[4096,-384,-13,-6,1]
[4096,0,176,-69,11,0,1]
[16384,-1152,197,-9,1]
[256,0,64,24,15,6,4,0,1]
[729,486,135,34,15,6,1]
[4096,-1536,320,-73,20,-6,1]
[14641,-968,105,-8,1]
[256,-64,16,8,-11,2,1,-1,1]
[4096,-320,113,-5,1]
[16384,-512,-49,-4,1]
[16384,256,189,2,1]
[4096,-1024,112,-29,7,-4,1]
[256,128,144,64,51,16,9,2,1]
[16384,-2560,225,-20,1]
[15625,2375,336,19,1]
[4096,256,64,31,4,1,1]
[15625,-1250,51,-10,1]
[256,-64,0,32,-7,8,0,-1,1]
[14641,1694,279,14,1]
[16384,-2048,135,-16,1]
[4096,768,-16,1,-1,3,1]
[729,-81,-9,-8,-1,-1,1]
[6561,-243,-26,-3,1]
[14641,1089,252,9,1]
[4096,1024,-32,-45,-2,4,1]
[729,243,49,9,1]
[729,486,315,109,35,6,1]
[4096,-512,160,-115,10,-2,1]
[256,192,96,56,39,14,6,3,1]
[4096,640,149,10,1]
[4096,2816,1088,309,68,11,1]
[6561,648,64,8,1]
[256,0,32,24,-11,6,2,0,1]
[15625,375,-59,3,1]
[729,-972,639,-263,71,-12,1]
[4096,1536,16,-63,1,6,1]
[4096,1024,624,131,39,4,1]
[256,-256,112,-36,19,-9,7,-4,1]
[256,-128,48,32,-17,8,3,-2,1]
[256,0,-16,-4,-9,-1,-1,0,1]
[4096,1536,464,143,29,6,1]
[14641,-605,196,-5,1]
[4096,1536,480,81,30,6,1]
[256,0,96,48,13,12,6,0,1]
[4096,-1536,592,-165,37,-6,1]
[256,-192,160,-88,53,-22,10,-3,1]
[4096,-704,71,-11,1]
[256,-64,64,-24,31,-6,4,-1,1]
[4096,-1792,288,-33,18,-7,1]
[512,-128,104,-23,13,-2,1]
[256,192,192,104,69,26,12,3,1]
[4096,2048,176,-43,11,8,1]
[4096,-2048,368,-53,23,-8,1]
[14641,-968,112,-8,1]
[4096,256,-96,-7,-6,1,1]
[256,-192,80,-68,45,-17,5,-3,1]
[14641,242,-38,2,1]
[729,-162,153,-41,17,-2,1]
[14641,-2057,291,-17,1]
[729,-162,99,-5,11,-2,1]
[15625,-3625,444,-29,1]
[256,-320,144,16,-35,4,9,-5,1]
[256,-128,32,-36,21,-9,2,-2,1]
[4096,-1536,112,27,7,-6,1]
[729,-405,171,-65,19,-5,1]
[4096,-1792,416,-91,26,-7,1]
[4096,128,59,2,1]
[4096,0,448,1,28,0,1]
[4096,0,-112,-19,-7,0,1]
[2401,-441,76,-9,1]
[729,81,54,-17,6,1,1]
[4096,-1280,208,3,13,-5,1]
[4096,-2304,736,-199,46,-9,1]
[256,64,48,-40,-9,-10,3,1,1]
[4096,2048,288,-1,18,8,1]
[256,320,240,120,57,30,15,5,1]
[14641,-363,221,-3,1]
[4096,320,19,5,1]
[4096,-1024,-32,95,-2,-4,1]
[4096,768,160,3,10,3,1]
[1024,64,-27,2,1]
[729,0,36,-19,4,0,1]
[15625,1625,107,13,1]
[512,512,304,123,38,8,1]
[14641,1210,170,10,1]
[512,448,288,117,36,7,1]
[256,128,64,0,-7,0,4,2,1]
[729,-972,648,-269,72,-12,1]
[6561,729,110,9,1]
[256,-192,176,-100,55,-25,11,-3,1]
[15625,-1250,201,-10,1]
[256,256,240,176,89,44,15,4,1]
[512,0,128,-1,16,0,1]
[4096,-512,416,-61,26,-2,1]
[6561,810,155,10,1]
[256,-64,96,-48,17,-12,6,-1,1]
[4096,-1280,432,-151,27,-5,1]
[729,-162,27,11,3,-2,1]
[2401,441,44,9,1]
[14641,-242,-12,-2,1]
[4096,1792,512,145,32,7,1]
[256,-128,-64,28,7,7,-4,-2,1]
[15625,2000,137,16,1]
[4096,1792,560,143,35,7,1]
[729,-81,225,-17,25,-1,1]
[15625,-375,-146,-3,1]
[4096,2048,672,195,42,8,1]
[4096,-1536,624,-143,39,-6,1]
[256,192,48,4,-1,1,3,3,1]
[15625,1375,173,11,1]
[256,192,64,20,9,5,4,3,1]
[4096,1280,-160,-115,-10,5,1]
[15625,2500,256,20,1]
[14641,0,63,0,1]
[256,0,-96,-12,31,-3,-6,0,1]
[4096,-256,464,5,29,-1,1]
[14641,363,-160,3,1]
[16384,3456,419,27,1]
[256,-256,192,-72,37,-18,12,-4,1]
[15625,1875,136,15,1]
[256,320,112,-64,-69,-16,7,5,1]
[14641,121,-43,1,1]
[256,-256,160,-72,25,-18,10,-4,1]
[6561,-810,104,-10,1]
[625,25,39,1,1]
[4096,-1024,464,-73,29,-4,1]
[4096,-768,224,-33,14,-3,1]
[4096,-2048,576,-151,36,-8,1]
[256,128,48,-48,-27,-12,3,2,1]
[4096,-2048,560,-151,35,-8,1]
[729,-162,54,-50,6,-2,1]
[625,-250,64,-10,1]
[4096,2304,688,155,43,9,1]
[4096,-768,240,-33,15,-3,1]
[729,0,171,-5,19,0,1]
[4096,-2560,960,-257,60,-10,1]
[15625,-2000,269,-16,1]
[4096,-768,368,-43,23,-3,1]
[729,-162,108,-32,12,-2,1]
[4096,1792,176,-19,11,7,1]
[4096,256,544,11,34,1,1]
[4096,-512,0,19,0,-2,1]
[4096,0,336,49,21,0,1]
[4096,512,256,51,16,2,1]
[256,-128,-16,0,17,0,-1,-2,1]
[4096,0,-208,-1,-13,0,1]
[15625,-2500,244,-20,1]
[15625,-125,-178,-1,1]
[729,-81,180,-23,20,-1,1]
[4096,-1280,32,73,2,-5,1]
[4096,256,176,95,11,1,1]
[14641,-2057,272,-17,1]
[256,-256,128,-60,29,-15,8,-4,1]
[729,405,45,-17,5,5,1]
[16,-3,1]
[14641,121,-93,1,1]
[512,-448,256,-113,32,-7,1]
[4096,512,-16,-57,-1,2,1]
[16384,3072,357,24,1]
[14641,484,190,4,1]
[16384,-1152,133,-9,1]
[4096,512,144,-23,9,2,1]
[729,-162,-54,47,-6,-2,1]
[4096,2304,736,195,46,9,1]
[4096,640,95,10,1]
[15625,2625,321,21,1]
[512,-384,208,-81,26,-6,1]
[512,-64,0,33,0,-1,1]
[4096,256,-48,39,-3,1,1]
[256,-256,160,-80,35,-20,10,-4,1]
[16384,-512,105,-4,1]
[16384,1792,185,14,1]
[512,192,72,25,9,3,1]
[14641,1331,42,11,1]
[15625,1750,263,14,1]
[6561,-648,169,-8,1]
[1024,-32,-17,-1,1]
[256,0,64,8,17,2,4,0,1]
[729,-243,180,-38,20,-3,1]
[512,256,112,35,14,4,1]
[256,64,48,24,33,6,3,1,1]
[625,-100,-9,-4,1]
[15625,-500,81,-4,1]
[4096,1024,256,117,16,4,1]
[2401,-441,51,-9,1]
[14641,-2662,291,-22,1]
[729,81,9,-31,1,1,1]
[4096,2048,528,113,33,8,1]
[4096,0,0,-121,0,0,1]
[15625,-1000,221,-8,1]
[14641,-1210,164,-10,1]
[4096,1280,384,47,24,5,1]
[2401,-245,34,-5,1]
[14641,2178,265,18,1]
[14641,-242,139,-2,1]
[729,-405,9,31,1,-5,1]
[256,-384,288,-132,57,-33,18,-6,1]
[4096,256,112,-73,7,1,1]
[256,-128,32,24,-27,6,2,-2,1]
[4096,-1280,336,-115,21,-5,1]
[14641,-1936,304,-16,1]
[4096,-256,144,-7,9,-1,1]
[4096,256,224,17,14,1,1]
[4096,-768,208,-41,13,-3,1]
[256,64,192,44,67,11,12,1,1]
[6561,-891,176,-11,1]
[4096,-1024,592,-103,37,-4,1]
[14641,-605,-106,-5,1]
[14641,0,30,0,1]
[4096,-1792,528,-105,33,-7,1]
[4096,-256,400,19,25,-1,1]
[729,-567,351,-127,39,-7,1]
[16384,-2176,159,-17,1]
[4096,-512,0,-23,0,-2,1]
[4096,-2048,768,-207,48,-8,1]
[4096,768,-176,-63,-11,3,1]
[512,64,72,11,9,1,1]
[4096,2048,352,47,22,8,1]
[2401,343,68,7,1]
[4096,-768,224,-139,14,-3,1]
[4096,256,320,-5,20,1,1]
[256,-64,16,-28,7,-7,1,-1,1]
[4096,-2304,880,-273,55,-9,1]
[14641,3146,335,26,1]
[14641,-121,-105,-1,1]
[4096,-2048,576,-155,36,-8,1]
[256,448,464,328,185,82,29,7,1]
[4096,768,-16,-75,-1,3,1]
[121,-6,1]
[4096,768,368,115,23,3,1]
[512,-256,144,-39,18,-4,1]
[4096,-768,176,-105,11,-3,1]
[4096,-1280,192,-55,12,-5,1]
[4096,1536,-64,-119,-4,6,1]
[4096,256,-128,-47,-8,1,1]
[729,-324,153,-71,17,-4,1]
[14641,1815,291,15,1]
[2401,-343,1,-7,1]
[4096,1024,-128,-113,-8,4,1]
[4096,-2816,1104,-311,69,-11,1]
[512,-128,64,-41,8,-2,1]
[256,-16,-17,-1,1]
[4096,-1024,256,7,16,-4,1]
[14641,-2904,321,-24,1]
[4096,0,0,-7,0,0,1]
[64,16,40,7,10,1,1]
[729,243,-18,-19,-2,3,1]
[16384,-3712,421,-29,1]
[16384,-2688,259,-21,1]
[16384,2432,217,19,1]
[14641,121,92,1,1]
[4096,-512,304,-57,19,-2,1]
[4096,-768,192,-7,12,-3,1]
[4096,0,544,-1,34,0,1]
[729,405,207,79,23,5,1]
[256,-64,96,-32,17,-8,6,-1,1]
[16384,-3456,367,-27,1]
[4096,-1792,960,-227,60,-7,1]
[15625,2750,323,22,1]
[729,-486,90,-2,10,-6,1]
[6561,729,56,9,1]
[4096,-2560,1024,-295,64,-10,1]
[729,-162,126,-47,14,-2,1]
[4096,2304,1088,291,68,9,1]
[4096,-2560,768,-175,48,-10,1]
[15625,-1625,257,-13,1]
[2401,-196,85,-4,1]
[625,-75,-17,-3,1]
[4096,1280,64,-9,4,5,1]
[4096,-1024,432,-145,27,-4,1]
[729,81,-63,-20,-7,1,1]
[15625,875,66,7,1]
[729,486,243,101,27,6,1]
[256,128,80,44,27,11,5,2,1]
[729,-324,-9,37,-1,-4,1]
[4096,0,144,-13,9,0,1]
[256,-192,128,-68,39,-17,8,-3,1]
[4096,-2304,848,-251,53,-9,1]
[256,-384,336,-220,117,-55,21,-6,1]
[512,-384,192,-75,24,-6,1]
[6561,-243,134,-3,1]
[256,128,96,24,25,6,6,2,1]
[256,192,64,40,25,10,4,3,1]
[256,-128,0,16,-7,4,0,-2,1]
[16384,128,81,1,1]
[256,-64,80,4,5,1,5,-1,1]
[4096,-768,192,-119,12,-3,1]
[4096,768,368,67,23,3,1]
[625,150,54,6,1]
[15625,-500,77,-4,1]
[15625,-500,-31,-4,1]
[4096,0,-96,3,-6,0,1]
[4096,-1280,496,-85,31,-5,1]
[256,192,16,8,19,2,1,3,1]
[15625,2125,181,17,1]
[256,-128,64,-20,5,-5,4,-2,1]
[4096,-512,192,11,12,-2,1]
[14641,-1210,30,-10,1]
[729,324,18,-11,2,4,1]
[4096,-3072,1152,-309,72,-12,1]
[14641,1694,244,14,1]
[4096,768,256,53,16,3,1]
[4096,-512,144,-75,9,-2,1]
[729,405,180,50,20,5,1]
[4096,-512,-64,39,-4,-2,1]
[256,0,48,20,9,5,3,0,1]
[256,128,96,56,33,14,6,2,1]
[16384,-3968,455,-31,1]
[4096,2304,1072,299,67,9,1]
[4096,1280,640,131,40,5,1]
[14641,4356,557,36,1]
[4096,0,0,-105,0,0,1]
[14641,-484,212,-4,1]
[4096,1536,480,139,30,6,1]
[16384,-1280,251,-10,1]
[15625,3000,383,24,1]
[15625,-875,172,-7,1]
[4096,-512,192,-63,12,-2,1]
[729,-405,252,-82,28,-5,1]
[15625,2750,302,22,1]
[14641,968,43,8,1]
[512,-64,64,-1,8,-1,1]
[729,-81,-18,-22,-2,-1,1]
[4096,-1536,400,-93,25,-6,1]
[512,-64,-16,17,-2,-1,1]
[15625,0,-21,0,1]
[256,-192,128,-72,39,-18,8,-3,1]
[4096,1024,448,133,28,4,1]
[4096,1024,624,97,39,4,1]
[16384,1280,227,10,1]
[15625,1750,133,14,1]
[4096,-256,304,-7,19,-1,1]
[4096,-768,32,-31,2,-3,1]
[16384,1280,193,10,1]
[4096,-768,112,-53,7,-3,1]
[4096,-512,288,-37,18,-2,1]
[4096,512,91,8,1]
[16384,256,193,2,1]
[256,-128,48,-12,-1,-3,3,-2,1]
[4096,0,320,17,20,0,1]
[16384,3072,293,24,1]
[4096,192,65,3,1]
[4096,768,240,25,15,3,1]
[256,-192,32,36,-29,9,2,-3,1]
[2401,0,87,0,1]
[2401,-686,107,-14,1]
[14641,968,90,8,1]
[4096,256,608,17,38,1,1]
[4096,1024,480,91,30,4,1]
[4096,1024,432,45,27,4,1]
[14641,484,20,4,1]
[4096,2048,656,187,41,8,1]
[4096,-1536,368,-77,23,-6,1]
[16384,-1664,39,-13,1]
[4096,0,384,-41,24,0,1]
[4096,-256,107,-4,1]
[256,-192,48,32,-39,8,3,-3,1]
[4096,-3072,1008,-247,63,-12,1]
[4096,-1792,-128,161,-8,-7,1]
[15625,-2625,244,-21,1]
[729,-405,72,4,8,-5,1]
[4096,0,656,-3,41,0,1]
[4096,1536,464,107,29,6,1]
[15625,2625,277,21,1]
[2401,49,-12,1,1]
[15625,1875,297,15,1]
[729,-567,279,-104,31,-7,1]
[4096,768,240,49,15,3,1]
[4096,-256,336,-3,21,-1,1]
[16384,1664,163,13,1]
[256,0,0,-4,-21,-1,0,0,1]
[16384,-896,121,-7,1]
[2401,196,40,4,1]
[4096,-2048,416,-53,26,-8,1]
[14641,0,-6,0,1]
[4096,768,464,63,29,3,1]
[4096,1280,208,27,13,5,1]
[4096,-256,320,-11,20,-1,1]
[4096,768,80,-9,5,3,1]
[15625,-1750,161,-14,1]
[4096,-512,272,1,17,-2,1]
[4096,256,112,63,7,1,1]
[4096,-2560,800,-191,50,-10,1]
[15625,875,187,7,1]
[4096,1536,-96,-133,-6,6,1]
[14641,121,81,1,1]
[14641,0,86,0,1]
[14641,726,195,6,1]
[2401,539,122,11,1]
[4096,512,256,93,16,2,1]
[14641,-1452,254,-12,1]
[729,-243,9,8,1,-3,1]
[14641,-726,-75,-6,1]
[4096,256,256,-3,16,1,1]
[4096,1536,192,7,12,6,1]
[4096,512,-64,-111,-4,2,1]
[4096,512,256,-1,16,2,1]
[15625,-4750,602,-38,1]
[256,64,144,40,43,10,9,1,1]
[729,-81,9,-8,1,-1,1]
[4096,0,224,-13,14,0,1]
[15625,-125,-124,-1,1]
[256,-192,128,-60,29,-15,8,-3,1]
[4096,256,448,49,28,1,1]
[4096,0,304,23,19,0,1]
[4096,256,528,31,33,1,1]
[2401,-49,-4,-1,1]
[14641,-121,82,-1,1]
[14641,-605,-52,-5,1]
[4096,0,448,21,28,0,1]
[14641,968,211,8,1]
[256,-64,-32,0,25,0,-2,-1,1]
[256,64,48,40,7,10,3,1,1]
[15625,2375,273,19,1]
[729,243,72,17,8,3,1]
[4096,2560,512,61,32,10,1]
[4096,0,448,-11,28,0,1]
[14641,2420,213,20,1]
[4096,512,32,51,2,2,1]
[6561,-567,44,-7,1]
[4096,2048,512,109,32,8,1]
[15625,1500,69,12,1]
[4096,-2304,1136,-301,71,-9,1]
[729,486,288,101,32,6,1]
[256,320,208,88,33,22,13,5,1]
[512,192,72,31,9,3,1]
[729,-81,36,-20,4,-1,1]
[4096,1280,199,20,1]
[16384,2560,257,20,1]
[512,-320,-40,65,-5,-5,1]
[15625,125,-119,1,1]
[14641,-726,-86,-6,1]
[256,128,32,-4,7,-1,2,2,1]
[14641,-3025,358,-25,1]
[4096,1280,192,-7,12,5,1]
[256,256,160,64,33,16,10,4,1]
[4096,-256,432,-61,27,-1,1]
[4096,512,176,45,11,2,1]
[6561,810,142,10,1]
[256,-256,80,12,-19,3,5,-4,1]
[256,-192,32,-4,7,-1,2,-3,1]
[4096,512,32,71,2,2,1]
[512,128,64,21,8,2,1]
[15625,1625,233,13,1]
[6561,81,-17,1,1]
[16384,1536,229,12,1]
[256,-192,96,-40,9,-10,6,-3,1]
[14641,-484,56,-4,1]
[4096,768,-64,-53,-4,3,1]
[256,-128,80,-48,9,-12,5,-2,1]
[4096,768,560,61,35,3,1]
[4096,1280,688,155,43,5,1]
[16384,-2944,381,-23,1]
[6561,-162,-1,-2,1]
[256,64,0,16,21,4,0,1,1]
[729,-81,-9,-2,-1,-1,1]
[256,256,96,4,-5,1,6,4,1]
[256,256,192,104,57,26,12,4,1]
[4096,512,-160,-61,-10,2,1]
[4096,-1024,-48,33,-3,-4,1]
[512,-192,160,-47,20,-3,1]
[729,-810,423,-155,47,-10,1]
[256,-128,16,-28,31,-7,1,-2,1]
[4096,-256,240,9,15,-1,1]
[4096,512,336,73,21,2,1]
[14641,242,-101,2,1]
[256,192,48,-20,-15,-5,3,3,1]
[4096,256,-64,9,-4,1,1]
[256,-64,-96,-4,37,-1,-6,-1,1]
[15625,-3000,303,-24,1]
[256,-64,64,-20,17,-5,4,-1,1]
[15625,625,189,5,1]
[4096,512,64,1,4,2,1]
[14641,605,1,5,1]
[4096,1024,576,89,36,4,1]
[625,-25,-33,-1,1]
[16384,-640,237,-5,1]
[4096,-256,192,-43,12,-1,1]
[256,-64,-32,-8,21,-2,-2,-1,1]
[729,324,45,-8,5,4,1]
[4096,-1280,400,-81,25,-5,1]
[4096,-512,464,-59,29,-2,1]
[15625,-4250,516,-34,1]
[256,320,304,208,117,52,19,5,1]
[4096,-768,448,-113,28,-3,1]
[256,64,-144,-16,41,-4,-9,1,1]
[14641,-1936,169,-16,1]
[4096,1792,576,183,36,7,1]
[16384,2816,305,22,1]
[729,243,54,1,6,3,1]
[15625,-750,184,-6,1]
[6561,-324,106,-4,1]
[729,243,36,2,4,3,1]
[729,27,-38,1,1]
[64,0,4,3,1,0,1]
[256,-128,96,-48,29,-12,6,-2,1]
[4096,768,-176,-75,-11,3,1]
[256,256,144,76,41,19,9,4,1]
[2401,-343,29,-7,1]
[4096,-512,240,-23,15,-2,1]
[256,-128,160,-68,53,-17,10,-2,1]
[4096,1280,624,149,39,5,1]
[15625,-3625,441,-29,1]
[256,0,16,0,29,0,1,0,1]
[4096,-1024,112,-25,7,-4,1]
[4096,1024,336,125,21,4,1]
[15625,-500,133,-4,1]
[15625,1750,294,14,1]
[16384,1536,53,12,1]
[15625,1125,-26,9,1]
[729,-324,63,4,7,-4,1]
[4096,0,-87,0,1]
[256,64,32,0,19,0,2,1,1]
[15625,500,76,4,1]
[4096,-768,528,-59,33,-3,1]
[729,-81,144,-23,16,-1,1]
[4096,-2816,1344,-387,84,-11,1]
[4096,-768,416,-83,26,-3,1]
[14641,121,31,1,1]
[256,192,128,80,45,20,8,3,1]
[4096,1024,112,-25,7,4,1]
[729,243,36,20,4,3,1]
[16384,-1152,273,-9,1]
[4096,256,224,67,14,1,1]
[4096,512,368,47,23,2,1]
[15625,-4125,522,-33,1]
[4096,2048,192,-37,12,8,1]
[4096,2560,816,201,51,10,1]
[729,405,144,56,16,5,1]
[6561,81,1,1,1]
[4096,512,-64,-75,-4,2,1]
[625,250,53,10,1]
[6561,405,-7,5,1]
[4096,-2304,800,-225,50,-9,1]
[6561,1539,232,19,1]
[4096,-1024,272,-27,17,-4,1]
[14641,-726,34,-6,1]
[4096,-512,160,-127,10,-2,1]
[512,256,120,65,15,4,1]
[256,-128,48,28,-15,7,3,-2,1]
[14641,-1815,141,-15,1]
[256,128,80,56,39,14,5,2,1]
[4096,2048,768,195,48,8,1]
[729,162,45,25,5,2,1]
[729,405,207,62,23,5,1]
[14641,-3630,433,-30,1]
[729,-810,441,-166,49,-10,1]
[4096,-2560,608,-109,38,-10,1]
[4096,-512,272,-35,17,-2,1]
[512,128,32,-13,4,2,1]
[729,405,36,-23,4,5,1]
[4096,3072,1248,359,78,12,1]
[256,-256,192,-120,65,-30,12,-4,1]
[4096,-768,112,47,7,-3,1]
[4096,-768,752,-91,47,-3,1]
[729,81,-27,-44,-3,1,1]
[4096,-512,-144,45,-9,-2,1]
[512,-256,144,-61,18,-4,1]
[256,64,80,48,9,12,5,1,1]
[15625,-1750,186,-14,1]
[4096,-1024,592,-115,37,-4,1]
[729,-162,198,-29,22,-2,1]
[4096,1792,256,13,16,7,1]
[15625,2375,233,19,1]
[4096,1280,336,59,21,5,1]
[16384,-3456,415,-27,1]
[729,405,207,86,23,5,1]
[729,0,27,20,3,0,1]
[4096,-256,368,-57,23,-1,1]
[16384,2688,313,21,1]
[15625,-2000,266,-16,1]
[14641,0,117,0,1]
[256,64,48,0,17,0,3,1,1]
[4096,-1536,192,-9,12,-6,1]
[4096,768,288,39,18,3,1]
[4096,-256,-112,31,-7,-1,1]
[15625,-1875,151,-15,1]
[256,0,48,12,3,3,3,0,1]
[4096,1280,432,107,27,5,1]
[6561,243,-71,3,1]
[256,0,-80,-4,29,-1,-5,0,1]
[625,75,38,3,1]
[4096,0,256,21,16,0,1]
[4096,512,176,-31,11,2,1]
[15625,-1625,103,-13,1]
[512,-448,256,-99,32,-7,1]
[256,64,-16,8,13,2,-1,1,1]
[256,-128,96,-60,29,-15,6,-2,1]
[4096,1024,16,-63,1,4,1]
[256,256,112,68,47,17,7,4,1]
[256,-448,448,-320,181,-80,28,-7,1]
[4096,-512,288,-49,18,-2,1]
[4096,768,176,109,11,3,1]
[4096,0,304,33,19,0,1]
[512,-320,136,-41,17,-5,1]
[256,128,16,8,7,2,1,2,1]
[729,0,-9,23,-1,0,1]
[256,-64,48,8,-9,2,3,-1,1]
[512,128,32,-9,4,2,1]
[15625,-1625,224,-13,1]
[14641,-242,179,-2,1]
[6561,-1701,232,-21,1]
[512,128,40,33,5,2,1]
[729,243,144,29,16,3,1]
[512,-448,272,-109,34,-7,1]
[16384,-1664,285,-13,1]
[256,0,-32,16,19,4,-2,0,1]
[4096,768,48,11,3,3,1]
[4096,512,352,101,22,2,1]
[15625,-875,84,-7,1]
[4096,-3584,1664,-501,104,-14,1]
[256,128,16,-28,-21,-7,1,2,1]
[4096,-2048,704,-195,44,-8,1]
[256,-256,192,-124,69,-31,12,-4,1]
[625,25,-34,1,1]
[4096,-512,160,-113,10,-2,1]
[16384,1792,129,14,1]
[256,64,-64,12,33,3,-4,1,1]
[4096,256,432,49,27,1,1]
[256,-192,128,-40,17,-10,8,-3,1]
[4096,-256,288,-75,18,-1,1]
[2401,-98,72,-2,1]
[4096,1536,400,111,25,6,1]
[14641,1210,36,10,1]
[14641,1331,190,11,1]
[4096,-1280,176,-29,11,-5,1]
[15625,-1750,193,-14,1]
[64,0,-11,0,1]
[64,16,11,2,1]
[256,-192,112,-56,25,-14,7,-3,1]
[4096,-256,32,-93,2,-1,1]
[512,320,136,47,17,5,1]
[4096,-1280,224,-57,14,-5,1]
[256,192,48,-12,-17,-3,3,3,1]
[15625,-875,118,-7,1]
[4096,1024,80,-59,5,4,1]
[729,0,-45,7,-5,0,1]
[14641,726,190,6,1]
[729,0,27,32,3,0,1]
[729,-324,45,14,5,-4,1]
[4096,768,144,97,9,3,1]
[14641,-363,-36,-3,1]
[256,192,48,-44,-43,-11,3,3,1]
[4096,-512,-112,63,-7,-2,1]
[4096,-3072,1296,-367,81,-12,1]
[256,0,112,4,39,1,7,0,1]
[4096,-1536,624,-127,39,-6,1]
[4096,-256,96,49,6,-1,1]
[729,162,-18,-10,-2,2,1]
[729,162,135,26,15,2,1]
[4096,-1792,224,1,14,-7,1]
[14641,1210,266,10,1]
[16384,-512,-25,-4,1]
[4096,-768,272,-13,17,-3,1]
[4096,-512,352,-59,22,-2,1]
[512,-128,0,-5,0,-2,1]
[256,-192,112,-44,21,-11,7,-3,1]
[729,-162,54,-47,6,-2,1]
[16384,1536,37,12,1]
[4096,256,352,11,22,1,1]
[4096,768,544,61,34,3,1]
[4096,1024,304,125,19,4,1]
[16384,-256,-101,-2,1]
[729,162,63,25,7,2,1]
[15625,-625,49,-5,1]
[15625,0,213,0,1]
[14641,0,-83,0,1]
[15625,-875,88,-7,1]
[14641,242,-127,2,1]
[4096,0,128,25,8,0,1]
[4096,1280,256,87,16,5,1]
[4096,0,32,-53,2,0,1]
[256,256,144,56,21,14,9,4,1]
[15625,-3500,394,-28,1]
[4096,-1024,464,-93,29,-4,1]
[4096,512,-112,-133,-7,2,1]
[14641,-1694,78,-14,1]
[15625,2375,207,19,1]
[4096,512,0,-55,0,2,1]
[256,-192,128,-48,21,-12,8,-3,1]
[6561,-1944,298,-24,1]
[256,-192,48,28,-29,7,3,-3,1]
[512,-320,112,-37,14,-5,1]
[16384,-640,31,-5,1]
[4096,-1280,720,-147,45,-5,1]
[6561,486,89,6,1]
[1024,-224,21,-7,1]
[729,0,0,26,0,0,1]
[256,-64,80,-36,27,-9,5,-1,1]
[729,-648,261,-82,29,-8,1]
[4096,1024,-16,-13,-1,4,1]
[4096,-1280,304,-49,19,-5,1]
[4096,1024,608,129,38,4,1]
[4096,-768,-80,85,-5,-3,1]
[256,64,-32,20,29,5,-2,1,1]
[4096,1024,320,23,20,4,1]
[4096,-256,368,-49,23,-1,1]
[14641,968,26,8,1]
[4096,-1024,64,-5,4,-4,1]
[16384,-1664,147,-13,1]
[16384,-1792,219,-14,1]
[15625,0,-6,0,1]
[4096,0,160,51,10,0,1]
[4096,768,128,-43,8,3,1]
[512,0,48,-7,6,0,1]
[4096,512,-96,-107,-6,2,1]
[256,0,48,32,9,8,3,0,1]
[4096,320,79,5,1]
[6561,-567,131,-7,1]
[4096,-768,176,-117,11,-3,1]
[2401,-441,99,-9,1]
[15625,500,-158,4,1]
[4096,-512,-176,55,-11,-2,1]
[15625,1375,83,11,1]
[256,128,16,-20,-7,-5,1,2,1]
[15625,-250,-131,-2,1]
[4096,256,-208,-27,-13,1,1]
[729,486,252,85,28,6,1]
[256,256,272,176,103,44,17,4,1]
[4096,1536,480,133,30,6,1]
[4096,256,400,31,25,1,1]
[729,486,279,95,31,6,1]
[4096,512,528,77,33,2,1]
[625,0,1,0,1]
[4096,-768,-128,59,-8,-3,1]
[729,486,270,101,30,6,1]
[256,64,32,16,-15,4,2,1,1]
[15625,-1125,64,-9,1]
[256,-64,64,-8,1,-2,4,-1,1]
[14641,605,20,5,1]
[4096,2048,688,207,43,8,1]
[14641,-726,118,-6,1]
[14641,0,74,0,1]
[4096,-2304,720,-197,45,-9,1]
[512,0,-8,-39,-1,0,1]
[4096,-1536,-112,131,-7,-6,1]
[2401,-196,20,-4,1]
[256,64,0,24,27,6,0,1,1]
[4096,-256,288,-37,18,-1,1]
[256,64,-112,-12,29,-3,-7,1,1]
[15625,-1750,122,-14,1]
[729,-162,54,14,6,-2,1]
[15625,-2000,197,-16,1]
[4096,-1024,480,-73,30,-4,1]
[14641,-484,142,-4,1]
[6561,243,-35,3,1]
[729,567,351,131,39,7,1]
[4096,-2048,256,13,16,-8,1]
[14641,968,6,8,1]
[4096,1536,496,103,31,6,1]
[6561,-1053,121,-13,1]
[4096,0,-64,-55,-4,0,1]
[256,-64,32,16,-13,4,2,-1,1]
[15625,125,68,1,1]
[256,384,400,284,165,71,25,6,1]
[256,64,-16,0,11,0,-1,1,1]
[4096,-1024,448,-101,28,-4,1]
[14641,-1210,12,-10,1]
[4096,1536,624,133,39,6,1]
[4096,-1024,448,-51,28,-4,1]
[4096,1280,240,75,15,5,1]
[729,-81,108,-4,12,-1,1]
[14641,-605,204,-5,1]
[256,0,48,16,-3,4,3,0,1]
[14641,-1815,195,-15,1]
[729,-324,171,-61,19,-4,1]
[16384,-768,159,-6,1]
[16384,-1664,265,-13,1]
[729,162,-27,-38,-3,2,1]
[4096,1280,208,67,13,5,1]
[4096,-1280,832,-155,52,-5,1]
[6561,-810,37,-10,1]
[4096,-2304,640,-141,40,-9,1]
[4096,768,-48,-27,-3,3,1]
[4096,256,80,-35,5,1,1]
[2401,686,127,14,1]
[4096,-1024,192,-49,12,-4,1]
[729,162,9,-29,1,2,1]
[4096,3328,1456,437,91,13,1]
[729,-81,171,-19,19,-1,1]
[14641,484,-91,4,1]
[4096,-1280,560,-149,35,-5,1]
[4096,0,208,67,13,0,1]
[4096,-1024,608,-115,38,-4,1]
[14641,3025,397,25,1]
[15625,-1500,167,-12,1]
[4096,-1024,240,-1,15,-4,1]
[6561,0,-10,0,1]
[15625,-625,189,-5,1]
[4096,-1536,384,-45,24,-6,1]
[729,162,27,-19,3,2,1]
[4096,2560,1072,311,67,10,1]
[16384,512,143,4,1]
[15625,2000,261,16,1]
[16384,-2816,337,-22,1]
[4096,1280,384,59,24,5,1]
[256,-256,128,-24,5,-6,8,-4,1]
[4096,1024,560,117,35,4,1]
[16384,256,23,2,1]
[4096,-1280,480,-147,30,-5,1]
[256,-64,16,8,-15,2,1,-1,1]
[6561,2187,326,27,1]
[15625,0,143,0,1]
[81,-18,13,-2,1]
[256,64,96,28,35,7,6,1,1]
[14641,1694,249,14,1]
[6561,-243,4,-3,1]
[256,-192,160,-92,59,-23,10,-3,1]
[4096,256,64,95,4,1,1]
[256,-64,80,-8,15,-2,5,-1,1]
[4096,-768,112,-39,7,-3,1]
[256,-128,16,32,-17,8,1,-2,1]
[125,-22,1]
[256,-64,112,-64,27,-16,7,-1,1]
[256,192,128,68,41,17,8,3,1]
[256,64,32,4,1,1,2,1,1]
[4096,-3584,1648,-495,103,-14,1]
[4096,768,-48,-47,-3,3,1]
[729,-81,90,-8,10,-1,1]
[2401,196,-9,4,1]
[16384,1408,145,11,1]
[729,-405,135,-53,15,-5,1]
[15625,-250,137,-2,1]
[4096,-1792,672,-203,42,-7,1]
[4096,1280,688,153,43,5,1]
[4096,-2048,752,-183,47,-8,1]
[4096,0,0,-87,0,0,1]
[14641,2299,193,19,1]
[4096,-768,448,-89,28,-3,1]
[4096,-1536,-160,153,-10,-6,1]
[16384,3840,447,30,1]
[6561,1215,175,15,1]
[729,729,450,178,50,9,1]
[4096,512,112,29,7,2,1]
[4096,768,-64,-39,-4,3,1]
[4096,-512,608,-63,38,-2,1]
[729,405,144,41,16,5,1]
[729,324,99,10,11,4,1]
[729,162,36,13,4,2,1]
[6561,486,95,6,1]
[4096,1792,272,13,17,7,1]
[729,162,-27,-49,-3,2,1]
[729,-108,7,-4,1]
[729,405,144,53,16,5,1]
[64,-48,24,-7,6,-3,1]
[15625,3625,438,29,1]
[256,64,0,32,17,8,0,1,1]
[4096,-1280,336,-45,21,-5,1]
[4096,-512,0,27,0,-2,1]
[4096,-512,400,-85,25,-2,1]
[4096,-256,-96,31,-6,-1,1]
[729,405,243,80,27,5,1]
[512,384,200,89,25,6,1]
[15625,-1750,294,-14,1]
[14641,1815,184,15,1]
[4096,1536,464,161,29,6,1]
[256,128,16,-28,-29,-7,1,2,1]
[15625,3125,384,25,1]
[512,320,176,57,22,5,1]
[4096,3072,1104,291,69,12,1]
[4096,0,160,-69,10,0,1]
[512,256,8,-17,1,4,1]
[15625,125,-161,1,1]
[14641,726,139,6,1]
[4096,1536,608,171,38,6,1]
[15625,2125,169,17,1]
[14641,-2299,247,-19,1]
[256,0,0,12,7,3,0,0,1]
[4096,256,224,87,14,1,1]
[256,-128,80,-48,33,-12,5,-2,1]
[6561,-729,101,-9,1]
[14641,-1936,147,-16,1]
[4096,-1024,32,13,2,-4,1]
[16384,-768,-25,-6,1]
[4096,-512,496,-35,31,-2,1]
[15625,2875,359,23,1]
[4096,256,-64,-117,-4,1,1]
[729,-567,252,-82,28,-7,1]
[729,-81,162,-22,18,-1,1]
[64,72,35,9,1]
[4096,-256,224,-97,14,-1,1]
[14641,-242,219,-2,1]
[16384,1920,227,15,1]
[256,-128,0,40,-19,10,0,-2,1]
[729,-81,9,8,1,-1,1]
[256,0,32,-16,-1,-4,2,0,1]
[15625,750,83,6,1]
[256,-64,96,4,21,1,6,-1,1]
[4096,-768,240,-123,15,-3,1]
[256,-192,192,-96,65,-24,12,-3,1]
[4096,-1792,448,-99,28,-7,1]
[1024,416,101,13,1]
[4096,256,32,13,2,1,1]
[4096,-256,-208,35,-13,-1,1]
[16384,768,-103,6,1]
[4096,3584,1536,441,96,14,1]
[14641,2178,278,18,1]
[14641,968,144,8,1]
[4096,768,240,65,15,3,1]
[15625,-3625,424,-29,1]
[512,-320,136,-45,17,-5,1]
[2401,-343,72,-7,1]
[729,-81,63,2,7,-1,1]
[729,243,18,-25,2,3,1]
[256,-64,-16,0,-5,0,-1,-1,1]
[4096,-768,496,-81,31,-3,1]
[14641,1210,236,10,1]
[64,32,12,5,3,2,1]
[4096,512,-112,-131,-7,2,1]
[14641,-242,108,-2,1]
[729,-405,198,-89,22,-5,1]
[256,320,272,148,79,37,17,5,1]
[729,-162,18,20,2,-2,1]
[4096,512,112,37,7,2,1]
[4096,-1536,592,-137,37,-6,1]
[4096,512,208,13,13,2,1]
[4096,-768,224,-93,14,-3,1]
[4096,-1408,233,-22,1]
[81,9,-5,1,1]
[64,-32,20,-9,5,-2,1]
[729,-162,9,16,1,-2,1]
[6561,1296,199,16,1]
[4096,-1280,432,-153,27,-5,1]
[729,-405,198,-76,22,-5,1]
[256,0,-48,-12,13,-3,-3,0,1]
[4096,-512,-176,101,-11,-2,1]
[6561,1863,256,23,1]
[729,-405,-18,49,-2,-5,1]
[256,-64,48,-8,15,-2,3,-1,1]
[512,-256,72,-9,9,-4,1]
[4096,1024,528,129,33,4,1]
[512,-576,312,-121,39,-9,1]
[256,64,64,-44,-7,-11,4,1,1]
[15625,2375,256,19,1]
[4096,-512,-80,47,-5,-2,1]
[4096,-256,208,-65,13,-1,1]
[16384,2560,247,20,1]
[14641,-968,43,-8,1]
[729,324,234,64,26,4,1]
[4096,2048,304,5,19,8,1]
[4096,512,80,-17,5,2,1]
[1024,32,63,1,1]
[4096,512,496,41,31,2,1]
[4096,-2304,640,-157,40,-9,1]
[16384,-2432,331,-19,1]
[4096,-768,16,-9,1,-3,1]
[2401,-294,38,-6,1]
[15625,625,-101,5,1]
[4096,-1024,160,31,10,-4,1]
[4096,512,256,77,16,2,1]
[2401,-441,92,-9,1]
[256,128,128,72,41,18,8,2,1]
[4096,2048,576,139,36,8,1]
[15625,0,-199,0,1]
[6561,648,137,8,1]
[4096,-768,-224,105,-14,-3,1]
[4096,1536,144,1,9,6,1]
[15625,1250,116,10,1]
[4096,1024,144,-19,9,4,1]
[4096,1792,208,-15,13,7,1]
[256,-256,96,4,-19,1,6,-4,1]
[16,-4,-1,-1,1]
[4096,1280,64,-49,4,5,1]
[256,-128,96,-52,17,-13,6,-2,1]
[15625,-1625,51,-13,1]
[729,-324,45,16,5,-4,1]
[256,64,32,44,13,11,2,1,1]
[4096,-2048,784,-199,49,-8,1]
[4096,512,-112,-135,-7,2,1]
[15625,-3625,417,-29,1]
[256,-64,-16,16,7,4,-1,-1,1]
[4096,3328,1360,389,85,13,1]
[15625,1750,242,14,1]
[15625,-250,-113,-2,1]
[4096,2560,560,87,35,10,1]
[16384,896,-77,7,1]
[16384,-2304,301,-18,1]
[16384,-1408,179,-11,1]
[15625,-375,-161,-3,1]
[256,512,528,364,199,91,33,8,1]
[15625,-250,-123,-2,1]
[4096,-1792,736,-165,46,-7,1]
[16384,2048,313,16,1]
[4096,768,288,121,18,3,1]
[729,81,36,23,4,1,1]
[512,192,16,-3,2,3,1]
[16384,2688,341,21,1]
[6561,324,52,4,1]
[1024,128,33,4,1]
[729,162,171,25,19,2,1]
[729,324,126,34,14,4,1]
[4096,768,144,19,9,3,1]
[729,-243,63,-4,7,-3,1]
[15625,3625,441,29,1]
[4096,-1152,189,-18,1]
[15625,1000,83,8,1]
[14641,2178,285,18,1]
[4096,0,0,-117,0,0,1]
[16384,1024,5,8,1]
[4096,1024,400,149,25,4,1]
[512,0,8,13,1,0,1]
[256,-64,0,28,-7,7,0,-1,1]
[15625,1625,182,13,1]
[16384,1408,161,11,1]
[4096,-512,-176,93,-11,-2,1]
[256,-128,0,12,5,3,0,-2,1]
[4096,-1536,528,-185,33,-6,1]
[4096,0,64,55,4,0,1]
[4096,512,17,8,1]
[4096,1280,176,55,11,5,1]
[6561,-405,5,-5,1]
[4096,256,-96,-15,-6,1,1]
[256,64,-48,0,21,0,-3,1,1]
[4096,-1024,208,-47,13,-4,1]
[256,128,32,-24,-15,-6,2,2,1]
[14641,-1089,120,-9,1]
[625,25,-33,1,1]
[4096,512,-128,-77,-8,2,1]
[729,162,144,22,16,2,1]
[16384,768,23,6,1]
[64,-64,28,-11,7,-4,1]
[4096,768,128,-49,8,3,1]
[4096,2560,976,275,61,10,1]
[4096,2560,960,253,60,10,1]
[256,-64,32,-32,19,-8,2,-1,1]
[729,81,-54,-16,-6,1,1]
[14641,242,47,2,1]
[14641,-121,50,-1,1]
[4096,-384,25,-6,1]
[16384,-128,87,-1,1]
[4096,0,192,-23,12,0,1]
[4096,1536,240,49,15,6,1]
[4096,2048,608,131,38,8,1]
[256,256,208,124,75,31,13,4,1]
[4096,1536,288,51,18,6,1]
[4096,-1792,224,-5,14,-7,1]
[2401,-539,104,-11,1]
[14641,726,27,6,1]
[64,-32,20,-5,5,-2,1]
[729,-243,126,-56,14,-3,1]
[16384,-3840,453,-30,1]
[512,-384,168,-53,21,-6,1]
[4096,256,32,41,2,1,1]
[4096,2048,720,225,45,8,1]
[729,-243,45,-14,5,-3,1]
[4096,-1280,528,-129,33,-5,1]
[729,0,36,-31,4,0,1]
[4096,0,-64,81,-4,0,1]
[4096,2304,640,149,40,9,1]
[4096,0,-96,75,-6,0,1]
[512,-192,-40,47,-5,-3,1]
[15625,875,219,7,1]
[512,-128,64,-9,8,-2,1]
[4096,256,144,51,9,1,1]
[15625,3250,409,26,1]
[4096,1024,416,125,26,4,1]
[4096,0,272,-29,17,0,1]
[256,64,112,20,35,5,7,1,1]
[4096,-1536,480,-111,30,-6,1]
[15625,125,-139,1,1]
[512,-64,72,9,9,-1,1]
[4096,256,384,33,24,1,1]
[16384,0,75,0,1]
[256,192,80,-12,-13,-3,5,3,1]
[14641,-1089,-24,-9,1]
[256,128,64,-16,-13,-4,4,2,1]
[2401,98,5,2,1]
[4096,256,288,47,18,1,1]
[4096,0,-80,27,-5,0,1]
[256,64,144,16,39,4,9,1,1]
[15625,-750,218,-6,1]
[4096,-256,-144,75,-9,-1,1]
[256,64,48,40,3,10,3,1,1]
[625,-175,43,-7,1]
[256,-192,48,-12,7,-3,3,-3,1]
[256,-448,496,-376,217,-94,31,-7,1]
[14641,-605,78,-5,1]
[4096,2304,576,123,36,9,1]
[15625,625,114,5,1]
[15625,250,-132,2,1]
[16384,-2560,251,-20,1]
[4096,256,48,29,3,1,1]
[15625,375,32,3,1]
[729,-810,495,-199,55,-10,1]
[15625,-3000,363,-24,1]
[14641,-121,59,-1,1]
[4096,-256,25,-4,1]
[4096,-1536,272,-29,17,-6,1]
[6561,-324,-71,-4,1]
[4096,2304,720,167,45,9,1]
[512,128,40,-1,5,2,1]
[256,0,48,-4,17,-1,3,0,1]
[256,64,32,8,3,2,2,1,1]
[6561,-1215,214,-15,1]
[4096,256,160,45,10,1,1]
[256,-320,272,-176,91,-44,17,-5,1]
[4096,2304,720,185,45,9,1]
[4096,256,32,-49,2,1,1]
[1024,96,17,3,1]
[729,324,99,35,11,4,1]
[15625,2875,377,23,1]
[729,-27,7,-1,1]
[729,405,162,65,18,5,1]
[4096,-256,176,7,11,-1,1]
[4096,-256,39,-4,1]
[4096,256,192,-45,12,1,1]
[14641,1331,233,11,1]
[4096,1280,96,-25,6,5,1]
[15625,1750,147,14,1]
[4096,768,208,125,13,3,1]
[256,-64,-32,24,3,6,-2,-1,1]
[729,-162,108,-4,12,-2,1]
[512,-256,-48,59,-6,-4,1]
[15625,-1375,91,-11,1]
[4096,1024,80,-1,5,4,1]
[15625,-3750,446,-30,1]
[4096,256,416,23,26,1,1]
[14641,-1573,90,-13,1]
[4096,-256,368,-11,23,-1,1]
[14641,2057,288,17,1]
[16384,-1152,123,-9,1]
[4096,-256,32,-25,2,-1,1]
[729,324,135,58,15,4,1]
[1024,480,119,15,1]
[256,-320,272,-172,91,-43,17,-5,1]
[4096,1024,240,93,15,4,1]
[256,128,144,104,41,26,9,2,1]
[2401,-441,40,-9,1]
[4096,1280,256,3,16,5,1]
[14641,-2178,266,-18,1]
[2401,-490,103,-10,1]
[4096,256,-96,43,-6,1,1]
[15625,375,-84,3,1]
[512,256,72,31,9,4,1]
[4096,-1024,272,-93,17,-4,1]
[15625,-1125,127,-9,1]
[4096,1024,16,-61,1,4,1]
[729,-486,252,-95,28,-6,1]
[16384,4736,589,37,1]
[15625,2125,322,17,1]
[256,192,192,116,69,29,12,3,1]
[512,384,168,63,21,6,1]
[15625,-1250,62,-10,1]
[4096,-3072,1392,-411,87,-12,1]
[625,-25,-4,-1,1]
[729,-162,-54,46,-6,-2,1]
[4096,-256,240,-83,15,-1,1]
[729,324,144,64,16,4,1]
[4096,0,112,-95,7,0,1]
[4096,-512,176,-125,11,-2,1]
[256,64,80,20,19,5,5,1,1]
[729,-243,-72,50,-8,-3,1]
[16384,-512,137,-4,1]
[256,-256,224,-120,71,-30,14,-4,1]
[2401,147,81,3,1]
[15625,-2375,214,-19,1]
[4096,512,48,-83,3,2,1]
[64,-32,-4,9,-1,-2,1]
[4096,768,-224,-85,-14,3,1]
[15625,1125,202,9,1]
[729,-162,-27,37,-3,-2,1]
[729,-81,0,-10,0,-1,1]
[6561,-972,167,-12,1]
[729,-324,18,11,2,-4,1]
[625,-50,12,-2,1]
[256,128,-32,-28,-1,-7,-2,2,1]
[256,-256,272,-164,103,-41,17,-4,1]
[729,162,90,35,10,2,1]
[4096,1280,-144,-125,-9,5,1]
[15625,-1625,278,-13,1]
[16384,2176,267,17,1]
[4096,-512,16,-9,1,-2,1]
[15625,125,33,1,1]
[4096,256,-208,-13,-13,1,1]
[256,16,-17,1,1]
[4096,-2816,1056,-281,66,-11,1]
[6561,2106,313,26,1]
[4096,-1024,576,-81,36,-4,1]
[2401,-98,-6,-2,1]
[256,-128,32,-8,3,-2,2,-2,1]
[4096,-1536,-176,157,-11,-6,1]
[4096,-64,-43,-1,1]
[4096,512,16,9,1,2,1]
[4096,1024,-128,-85,-8,4,1]
[14641,363,-25,3,1]
[256,-64,96,4,23,1,6,-1,1]
[4096,2560,816,209,51,10,1]
[4096,1792,880,205,55,7,1]
[2401,-294,12,-6,1]
[4096,-512,304,-105,19,-2,1]
[512,256,48,-7,6,4,1]
[256,0,48,24,3,6,3,0,1]
[15625,1250,173,10,1]
[4096,-1280,432,-125,27,-5,1]
[256,64,32,28,5,7,2,1,1]
[256,-64,16,-32,23,-8,1,-1,1]
[4096,0,-96,35,-6,0,1]
[4096,1280,544,139,34,5,1]
[512,192,-16,-37,-2,3,1]
[4096,-1280,-112,105,-7,-5,1]
[4096,1792,336,61,21,7,1]
[4096,1024,32,-77,2,4,1]
[15625,2625,348,21,1]
[729,-81,-9,40,-1,-1,1]
[16384,-896,137,-7,1]
[4096,256,0,39,0,1,1]
[256,-192,80,-24,1,-6,5,-3,1]
[16384,1152,73,9,1]
[4096,512,544,31,34,2,1]
[4096,-768,256,-83,16,-3,1]
[4096,-1024,-112,65,-7,-4,1]
[729,243,135,29,15,3,1]
[2401,-441,29,-9,1]
[256,0,-48,-4,7,-1,-3,0,1]
[4096,256,-16,85,-1,1,1]
[6561,405,161,5,1]
[4096,-256,416,5,26,-1,1]
[729,0,-54,-5,-6,0,1]
[2401,0,88,0,1]
[4096,512,-32,-105,-2,2,1]
[256,256,176,72,33,18,11,4,1]
[81,18,-4,2,1]
[15625,-2000,253,-16,1]
[4096,3584,1680,509,105,14,1]
[729,-729,405,-152,45,-9,1]
[4096,2048,1024,265,64,8,1]
[4096,1536,256,53,16,6,1]
[256,-128,144,-76,45,-19,9,-2,1]
[6561,-729,56,-9,1]
[4096,-256,-64,51,-4,-1,1]
[256,128,64,28,11,7,4,2,1]
[4096,2048,576,117,36,8,1]
[2401,-147,-17,-3,1]
[256,64,192,32,65,8,12,1,1]
[256,128,-32,-8,17,-2,-2,2,1]
[256,320,224,124,65,31,14,5,1]
[15625,3500,439,28,1]
[4096,0,368,35,23,0,1]
[4096,-2304,896,-257,56,-9,1]
[729,0,0,-16,0,0,1]
[4096,-1792,496,-139,31,-7,1]
[4096,0,400,-3,25,0,1]
[512,-256,40,-9,5,-4,1]
[256,-64,-96,16,17,4,-6,-1,1]
[256,-256,80,64,-59,16,5,-4,1]
[256,128,64,24,3,6,4,2,1]
[4096,-1024,496,-75,31,-4,1]
[729,81,153,10,17,1,1]
[256,-64,48,0,-7,0,3,-1,1]
[6561,162,-8,2,1]
[15625,1250,1,10,1]
[6561,243,155,3,1]
[4096,512,336,87,21,2,1]
[14641,2420,276,20,1]
[6561,-1782,272,-22,1]
[256,-128,64,44,-21,11,4,-2,1]
[4096,2048,944,237,59,8,1]
[4096,0,-48,71,-3,0,1]
[4096,-256,480,-11,30,-1,1]
[4096,0,352,35,22,0,1]
[256,128,176,84,59,21,11,2,1]
[4096,0,64,-69,4,0,1]
[512,192,32,7,4,3,1]
[4096,-1024,496,-97,31,-4,1]
[4096,512,16,17,1,2,1]
[14641,-605,164,-5,1]
[256,-64,32,-36,9,-9,2,-1,1]
[4096,512,32,7,2,2,1]
[4096,1024,368,103,23,4,1]
[14641,-1815,206,-15,1]
[256,64,16,20,25,5,1,1,1]
[256,64,-48,12,31,3,-3,1,1]
[4096,-768,-128,39,-8,-3,1]
[4096,1280,496,77,31,5,1]
[729,-81,117,1,13,-1,1]
[4096,1024,-80,-115,-5,4,1]
[4096,256,672,27,42,1,1]
[4096,576,79,9,1]
[256,192,160,96,63,24,10,3,1]
[4096,-256,320,-61,20,-1,1]
[4096,2304,720,179,45,9,1]
[15625,-1625,248,-13,1]
[14641,2178,257,18,1]
[4096,-1536,560,-121,35,-6,1]
[4096,-1280,192,-53,12,-5,1]
[256,0,48,4,-5,1,3,0,1]
[729,405,162,62,18,5,1]
[2401,-588,83,-12,1]
[16384,-128,-215,-1,1]
[729,324,81,34,9,4,1]
[512,-256,-24,47,-3,-4,1]
[256,-192,112,-36,19,-9,7,-3,1]
[4096,0,-16,93,-1,0,1]
[4096,1024,384,99,24,4,1]
[14641,726,41,6,1]
[15625,-2500,212,-20,1]
[15625,-125,2,-1,1]
[4096,-1280,496,-111,31,-5,1]
[15625,125,-84,1,1]
[15625,250,124,2,1]
[2401,0,-4,0,1]
[256,192,128,84,49,21,8,3,1]
[4096,-256,-64,63,-4,-1,1]
[256,-64,32,0,-9,0,2,-1,1]
[512,192,80,47,10,3,1]
[4096,-512,128,-31,8,-2,1]
[4096,-768,208,-47,13,-3,1]
[4096,1280,336,39,21,5,1]
[512,384,240,87,30,6,1]
[729,405,171,50,19,5,1]
[256,-128,80,-44,25,-11,5,-2,1]
[729,891,558,227,62,11,1]
[729,-324,135,-26,15,-4,1]
[16384,1408,23,11,1]
[256,64,80,32,27,8,5,1,1]
[14641,2904,312,24,1]
[14641,-121,-167,-1,1]
[4096,-512,32,69,2,-2,1]
[512,128,24,7,3,2,1]
[14641,3146,336,26,1]
[729,27,-26,1,1]
[256,64,48,24,23,6,3,1,1]
[6561,162,-16,2,1]
[4096,-768,176,-93,11,-3,1]
[16384,-512,223,-4,1]
[64,0,24,1,6,0,1]
[512,-64,32,15,4,-1,1]
[729,-486,198,-56,22,-6,1]
[256,128,208,84,73,21,13,2,1]
[729,-351,91,-13,1]
[16384,-512,-85,-4,1]
[1024,-128,61,-4,1]
[256,448,512,388,227,97,32,7,1]
[256,384,304,192,105,48,19,6,1]
[4096,-768,368,-81,23,-3,1]
[15625,-2625,273,-21,1]
[256,0,112,-28,25,-7,7,0,1]
[4096,0,96,-61,6,0,1]
[4096,1280,432,115,27,5,1]
[4096,1024,304,19,19,4,1]
[14641,0,158,0,1]
[15625,-1375,61,-11,1]
[4096,1792,384,75,24,7,1]
[6561,-567,149,-7,1]
[512,192,144,33,18,3,1]
[4096,512,96,81,6,2,1]
[256,0,-112,-4,39,-1,-7,0,1]
[6561,1134,155,14,1]
[256,0,5,0,1]
[15625,250,-48,2,1]
[4096,320,111,5,1]
[729,-567,171,-41,19,-7,1]
[4096,1024,256,-7,16,4,1]
[4096,1792,400,91,25,7,1]
[6561,729,52,9,1]
[14641,0,-40,0,1]
[256,0,112,-12,35,-3,7,0,1]
[729,-162,63,-23,7,-2,1]
[6561,1134,128,14,1]
[4096,-512,192,-11,12,-2,1]
[6561,-1053,103,-13,1]
[625,-300,72,-12,1]
[6561,648,4,8,1]
[256,-64,48,40,-9,10,3,-1,1]
[4096,256,-32,-77,-2,1,1]
[1024,320,65,10,1]
[256,448,464,340,191,85,29,7,1]
[625,25,38,1,1]
[4096,1024,432,87,27,4,1]
[4096,-1536,112,33,7,-6,1]
[4096,-1536,352,-111,22,-6,1]
[14641,-605,-73,-5,1]
[729,0,36,-32,4,0,1]
[16384,256,-89,2,1]
[256,256,112,44,21,11,7,4,1]
[256,-384,336,-216,113,-54,21,-6,1]
[4096,2048,496,115,31,8,1]
[14641,-2057,136,-17,1]
[14641,-605,237,-5,1]
[512,64,40,-11,5,1,1]
[4096,1536,176,-21,11,6,1]
[729,324,81,35,9,4,1]
[6561,-243,107,-3,1]
[15625,375,-174,3,1]
[4096,-1792,528,-161,33,-7,1]
[729,-486,261,-95,29,-6,1]
[16384,3456,433,27,1]
[256,-192,144,-88,61,-22,9,-3,1]
[256,64,112,24,35,6,7,1,1]
[4096,768,512,61,32,3,1]
[16384,-3328,369,-26,1]
[256,-64,64,-48,3,-12,4,-1,1]
[256,128,64,-8,3,-2,4,2,1]
[4096,-2304,400,-35,25,-9,1]
[64,-8,3,-1,1]
[729,243,153,40,17,3,1]
[4096,512,240,-11,15,2,1]
[4096,-64,-81,-1,1]
[4096,1280,336,35,21,5,1]
[4096,512,336,25,21,2,1]
[4096,0,-80,-71,-5,0,1]
[4096,256,-64,-35,-4,1,1]
[14641,-605,-12,-5,1]
[4096,-1024,-96,59,-6,-4,1]
[16384,-128,-83,-1,1]
[16384,-768,39,-6,1]
[4096,1024,400,115,25,4,1]
[4096,256,-160,-27,-10,1,1]
[729,-243,135,-22,15,-3,1]
[512,128,128,17,16,2,1]
[729,405,189,50,21,5,1]
[4096,-2560,864,-215,54,-10,1]
[6561,1458,173,18,1]
[4096,-1536,384,-109,24,-6,1]
[512,-128,24,-3,3,-2,1]
[14641,1089,-38,9,1]
[4096,-1280,-48,57,-3,-5,1]
[4096,-768,-112,91,-7,-3,1]
[14641,847,128,7,1]
[4096,896,113,14,1]
[4096,2560,960,283,60,10,1]
[4096,-256,432,-51,27,-1,1]
[4096,1792,768,199,48,7,1]
[16384,896,-61,7,1]
[4096,0,544,17,34,0,1]
[256,-64,32,4,3,1,2,-1,1]
[4096,-256,272,-5,17,-1,1]
[4096,-768,-112,43,-7,-3,1]
[4096,-256,368,-71,23,-1,1]
[4096,2560,864,221,54,10,1]
[4096,-1792,160,25,10,-7,1]
[14641,-1815,274,-15,1]
[512,384,272,101,34,6,1]
[15625,1500,253,12,1]
[4096,-640,85,-10,1]
[625,50,36,2,1]
[6561,-648,148,-8,1]
[4096,-512,128,-93,8,-2,1]
[6561,405,64,5,1]
[14641,1936,263,16,1]
[15625,375,-118,3,1]
[256,-128,0,36,-17,9,0,-2,1]
[16384,0,-143,0,1]
[256,192,96,16,9,4,6,3,1]
[14641,-2662,353,-22,1]
[4096,-256,-32,41,-2,-1,1]
[729,-243,99,-26,11,-3,1]
[16384,1408,221,11,1]
[4096,1280,352,101,22,5,1]
[16384,640,93,5,1]
[256,-192,112,-20,7,-5,7,-3,1]
[256,-128,48,-40,29,-10,3,-2,1]
[15625,125,-23,1,1]
[6561,-810,145,-10,1]
[14641,-2904,372,-24,1]
[256,64,-80,-4,25,-1,-5,1,1]
[256,-128,128,-60,45,-15,8,-2,1]
[256,320,176,72,33,18,11,5,1]
[2401,-196,15,-4,1]
[14641,-726,135,-6,1]
[4096,-768,144,-35,9,-3,1]
[4096,-1024,432,-103,27,-4,1]
[729,-324,144,-44,16,-4,1]
[81,-27,13,-3,1]
[15625,250,-96,2,1]
[4096,0,112,15,7,0,1]
[625,225,64,9,1]
[2401,637,106,13,1]
[729,243,9,-1,1,3,1]
[4096,-1792,768,-197,48,-7,1]
[15625,500,32,4,1]
[256,256,272,168,103,42,17,4,1]
[4096,256,-32,51,-2,1,1]
[256,128,48,-4,7,-1,3,2,1]
[4096,0,448,-23,28,0,1]
[729,81,18,17,2,1,1]
[4096,-768,-112,37,-7,-3,1]
[729,-81,126,1,14,-1,1]
[4096,0,288,9,18,0,1]
[256,64,48,4,11,1,3,1,1]
[512,-128,-48,29,-6,-2,1]
[15625,125,-156,1,1]
[729,243,0,-23,0,3,1]
[4096,-3072,1408,-411,88,-12,1]
[512,-128,80,-33,10,-2,1]
[256,-64,80,-48,13,-12,5,-1,1]
[4096,1024,-64,-59,-4,4,1]
[729,243,99,49,11,3,1]
[4096,3840,1904,587,119,15,1]
[16384,-2688,327,-21,1]
[4096,1024,0,-41,0,4,1]
[4096,-1536,336,-65,21,-6,1]
[256,-128,32,-36,33,-9,2,-2,1]
[6561,-405,11,-5,1]
[14641,968,151,8,1]
[729,486,126,19,14,6,1]
[4096,512,320,37,20,2,1]
[16384,-256,-49,-2,1]
[729,81,198,16,22,1,1]
[14641,1210,62,10,1]
[256,0,-16,-20,-1,-5,-1,0,1]
[4096,1024,160,-21,10,4,1]
[512,64,40,-23,5,1,1]
[4096,256,304,51,19,1,1]
[256,0,64,-8,25,-2,4,0,1]
[14641,121,-82,1,1]
[512,64,96,23,12,1,1]
[4096,-768,320,-99,20,-3,1]
[15625,-375,-14,-3,1]
[14641,-3146,337,-26,1]
[4096,768,256,131,16,3,1]
[256,128,16,-20,-13,-5,1,2,1]
[14641,-1089,167,-9,1]
[4096,-1792,640,-151,40,-7,1]
[256,128,16,4,3,1,1,2,1]
[256,-256,96,28,-35,7,6,-4,1]
[4096,512,448,49,28,2,1]
[256,128,96,48,15,12,6,2,1]
[256,192,112,0,-3,0,7,3,1]
[4096,768,400,55,25,3,1]
[4096,-1280,208,-23,13,-5,1]
[256,-128,32,36,-23,9,2,-2,1]
[4096,1792,112,-55,7,7,1]
[625,125,32,5,1]
[14641,-605,85,-5,1]
[15625,375,-46,3,1]
[6561,-324,28,-4,1]
[6561,891,50,11,1]
[729,0,135,-13,15,0,1]
[256,64,64,-8,9,-2,4,1,1]
[2401,-245,20,-5,1]
[16384,4352,541,34,1]
[16384,2176,313,17,1]
[256,64,128,28,43,7,8,1,1]
[4096,2048,816,241,51,8,1]
[4096,-256,448,-1,28,-1,1]
[729,567,297,103,33,7,1]
[16384,-512,199,-4,1]
[121,17,1]
[729,-81,45,-32,5,-1,1]
[4096,256,240,21,15,1,1]
[16384,1664,151,13,1]
[14641,3025,362,25,1]
[2401,0,-69,0,1]
[15625,-2125,258,-17,1]
[14641,-605,131,-5,1]
[4096,1536,640,183,40,6,1]
[729,0,-27,-4,-3,0,1]
[256,128,176,92,57,23,11,2,1]
[4096,-768,224,-51,14,-3,1]
[256,-192,48,16,-23,4,3,-3,1]
[16384,768,221,6,1]
[512,256,120,59,15,4,1]
[16384,768,-91,6,1]
[16384,-512,-73,-4,1]
[2401,-441,81,-9,1]
[15625,-3875,467,-31,1]
[4096,-1280,-240,155,-15,-5,1]
[4096,-256,128,-117,8,-1,1]
[4096,0,448,-15,28,0,1]
[14641,-1936,235,-16,1]
[6561,162,88,2,1]
[256,64,16,24,11,6,1,1,1]
[729,0,-27,-35,-3,0,1]
[256,-64,32,-20,23,-5,2,-1,1]
[256,-64,80,-56,19,-14,5,-1,1]
[4096,-2816,976,-247,61,-11,1]
[6561,-405,76,-5,1]
[256,-128,64,48,-23,12,4,-2,1]
[15625,500,-121,4,1]
[14641,-2904,367,-24,1]
[15625,-250,139,-2,1]
[256,128,48,20,1,5,3,2,1]
[4096,-1024,96,-11,6,-4,1]
[15625,500,46,4,1]
[4096,512,336,49,21,2,1]
[16384,128,-37,1,1]
[4096,-1024,400,-79,25,-4,1]
[4096,0,368,31,23,0,1]
[4096,-1792,432,-103,27,-7,1]
[14641,121,75,1,1]
[14641,-242,-178,-2,1]
[16384,-256,121,-2,1]
[256,192,96,32,13,8,6,3,1]
[16384,-2304,213,-18,1]
[4096,256,-48,57,-3,1,1]
[256,0,16,-16,-15,-4,1,0,1]
[512,192,-32,-29,-4,3,1]
[4096,-512,304,-37,19,-2,1]
[14641,-121,-145,-1,1]
[4096,-256,-48,103,-3,-1,1]
[15625,-125,9,-1,1]
[256,192,32,-12,-3,-3,2,3,1]
[256,-448,448,-320,177,-80,28,-7,1]
[256,64,80,48,23,12,5,1,1]
[15625,3500,392,28,1]
[15625,125,-208,1,1]
[4096,-1536,528,-147,33,-6,1]
[4096,-512,592,-45,37,-2,1]
[4096,1792,704,215,44,7,1]
[4096,1792,-64,-139,-4,7,1]
[4096,1792,496,145,31,7,1]
[729,108,22,4,1]
[256,-64,48,24,-13,6,3,-1,1]
[512,0,136,5,17,0,1]
[14641,1936,146,16,1]
[15625,-1500,104,-12,1]
[4096,256,-112,-11,-7,1,1]
[256,-128,48,-44,29,-11,3,-2,1]
[4096,2304,752,215,47,9,1]
[4096,-512,16,31,1,-2,1]
[729,-243,0,2,0,-3,1]
[4096,-768,240,-43,15,-3,1]
[4096,768,-112,-93,-7,3,1]
[256,-192,0,40,-23,10,0,-3,1]
[729,0,27,4,3,0,1]
[4096,-256,480,-37,30,-1,1]
[256,-64,64,-24,29,-6,4,-1,1]
[4096,256,112,7,7,1,1]
[512,0,56,1,7,0,1]
[729,-81,117,-23,13,-1,1]
[14641,3388,435,28,1]
[15625,1875,263,15,1]
[4096,2304,800,217,50,9,1]
[4096,-768,352,-17,22,-3,1]
[14641,1936,162,16,1]
[15625,-875,131,-7,1]
[4096,768,272,-5,17,3,1]
[625,-125,2,-5,1]
[4096,0,240,-9,15,0,1]
[4096,768,160,-9,10,3,1]
[4096,2048,688,155,43,8,1]
[512,-384,216,-93,27,-6,1]
[256,256,112,36,13,9,7,4,1]
[729,-648,360,-133,40,-8,1]
[256,0,48,4,7,1,3,0,1]
[256,-64,-32,20,1,5,-2,-1,1]
[256,192,160,104,57,26,10,3,1]
[512,-192,48,-15,6,-3,1]
[16384,1408,171,11,1]
[256,192,16,-48,-33,-12,1,3,1]
[729,-324,126,-43,14,-4,1]
[15625,3625,459,29,1]
[4096,-1792,736,-193,46,-7,1]
[14641,-847,95,-7,1]
[4096,-512,0,99,0,-2,1]
[15625,-1125,239,-9,1]
[256,0,48,40,5,10,3,0,1]
[256,-64,-48,16,15,4,-3,-1,1]
[16384,-640,241,-5,1]
[14641,-726,167,-6,1]
[6561,-81,-5,-1,1]
[4096,-1536,240,1,15,-6,1]
[14641,1573,278,13,1]
[4096,-256,16,-63,1,-1,1]
[15625,1875,217,15,1]
[15625,1000,208,8,1]
[14641,-121,156,-1,1]
[14641,2541,266,21,1]
[6561,324,95,4,1]
[14641,968,89,8,1]
[4096,256,-96,-3,-6,1,1]
[15625,-1125,131,-9,1]
[4096,-768,240,-79,15,-3,1]
[729,-567,297,-124,33,-7,1]
[256,96,33,6,1]
[4096,0,336,-9,21,0,1]
[14641,-363,91,-3,1]
[15625,-1125,36,-9,1]
[729,243,81,38,9,3,1]
[256,-64,144,-8,37,-2,9,-1,1]
[4096,1536,800,173,50,6,1]
[4096,512,64,25,4,2,1]
[16384,4480,551,35,1]
[4096,64,-1,1,1]
[4096,-2816,640,-95,40,-11,1]
[14641,-3146,405,-26,1]
[4096,-256,48,-59,3,-1,1]
[4096,256,-48,-85,-3,1,1]
[4096,512,96,-25,6,2,1]
[4096,1792,800,219,50,7,1]
[4096,1024,256,95,16,4,1]
[729,243,-54,-55,-6,3,1]
[15625,-625,-113,-5,1]
[256,256,160,96,57,24,10,4,1]
[15625,-2000,171,-16,1]
[4096,-1024,368,-91,23,-4,1]
[512,512,232,81,29,8,1]
[16384,-1408,209,-11,1]
[4096,1024,128,45,8,4,1]
[81,45,23,5,1]
[14641,121,115,1,1]
[4096,-512,-160,27,-10,-2,1]
[15625,4125,498,33,1]
[4096,768,352,49,22,3,1]
[4096,0,-160,-25,-10,0,1]
[256,-384,336,-208,109,-52,21,-6,1]
[4096,-256,192,-25,12,-1,1]
[729,-81,18,5,2,-1,1]
[256,64,80,12,27,3,5,1,1]
[256,192,0,-16,3,-4,0,3,1]
[4096,-768,416,-99,26,-3,1]
[15625,-125,241,-1,1]
[6561,-162,-2,-2,1]
[4096,512,128,109,8,2,1]
[1024,-64,59,-2,1]
[14641,3751,467,31,1]
[4096,-3072,1168,-327,73,-12,1]
[4096,768,192,79,12,3,1]
[4096,2304,928,271,58,9,1]
[729,243,99,8,11,3,1]
[14641,847,149,7,1]
[512,-192,152,-43,19,-3,1]
[16384,-3968,475,-31,1]
[729,243,243,52,27,3,1]
[4096,-512,-144,65,-9,-2,1]
[512,128,-8,1,-1,2,1]
[15625,-1125,24,-9,1]
[256,64,-32,8,17,2,-2,1,1]
[14641,-847,250,-7,1]
[14641,-4114,530,-34,1]
[14641,3993,501,33,1]
[4096,1792,960,225,60,7,1]
[64,-32,4,-3,1,-2,1]
[16384,896,-33,7,1]
[4096,-1536,256,-15,16,-6,1]
[4096,-768,-144,119,-9,-3,1]
[4096,256,256,7,16,1,1]
[4096,-1792,928,-219,58,-7,1]
[15625,750,224,6,1]
[16384,-2048,287,-16,1]
[4096,256,96,-17,6,1,1]
[6561,-81,92,-1,1]
[256,0,-16,-12,23,-3,-1,0,1]
[4096,1792,544,123,34,7,1]
[256,0,-48,0,23,0,-3,0,1]
[256,128,80,4,11,1,5,2,1]
[15625,750,-78,6,1]
[256,-128,80,-8,7,-2,5,-2,1]
[14641,3267,411,27,1]
[15625,-1250,-23,-10,1]
[4096,-1280,-192,147,-12,-5,1]
[256,-16,19,-1,1]
[15625,125,208,1,1]
[512,-192,64,-31,8,-3,1]
[256,-64,-16,4,15,1,-1,-1,1]
[4096,768,544,59,34,3,1]
[4096,-256,-16,77,-1,-1,1]
[512,-256,192,-63,24,-4,1]
[4096,0,352,-19,22,0,1]
[4096,256,-32,57,-2,1,1]
[512,-448,136,-27,17,-7,1]
[15625,0,39,0,1]
[256,-64,96,0,13,0,6,-1,1]
[4096,-256,64,89,4,-1,1]
[256,0,16,-16,7,-4,1,0,1]
[16384,0,67,0,1]
[4096,1024,384,93,24,4,1]
[15625,250,36,2,1]
[15625,250,86,2,1]
[729,-162,18,7,2,-2,1]
[4096,768,240,143,15,3,1]
[256,128,64,16,13,4,4,2,1]
[16384,-1152,57,-9,1]
[256,-192,96,-32,5,-8,6,-3,1]
[4096,256,16,61,1,1,1]
[4096,-896,157,-14,1]
[4096,0,-160,1,-10,0,1]
[4096,768,400,73,25,3,1]
[512,-128,56,-43,7,-2,1]
[15625,1875,247,15,1]
[4096,256,512,19,32,1,1]
[4096,-2048,704,-161,44,-8,1]
[256,64,80,8,11,2,5,1,1]
[729,81,36,-20,4,1,1]
[14641,2420,199,20,1]
[4096,0,16,-49,1,0,1]
[4096,-2048,752,-193,47,-8,1]
[4096,1536,368,79,23,6,1]
[512,-448,304,-119,38,-7,1]
[256,0,112,-4,27,-1,7,0,1]
[4096,1280,215,20,1]
[4096,-256,-64,27,-4,-1,1]
[4096,768,16,-11,1,3,1]
[512,256,128,43,16,4,1]
[729,-81,54,-47,6,-1,1]
[729,162,162,35,18,2,1]
[4096,-64,-79,-1,1]
[15625,-750,49,-6,1]
[4096,0,-16,-95,-1,0,1]
[4096,-256,240,-41,15,-1,1]
[256,64,32,16,-11,4,2,1,1]
[256,-128,-16,20,-11,5,-1,-2,1]
[15625,-1500,267,-12,1]
[256,64,16,-20,5,-5,1,1,1]
[256,-128,48,24,-11,6,3,-2,1]
[4096,320,-47,5,1]
[4096,256,592,17,37,1,1]
[4096,-768,224,-47,14,-3,1]
[4096,-1024,368,-55,23,-4,1]
[16384,-3328,379,-26,1]
[256,-256,240,-148,91,-37,15,-4,1]
[729,-648,279,-89,31,-8,1]
[15625,1875,151,15,1]
[256,-192,48,44,-33,11,3,-3,1]
[4096,1536,432,95,27,6,1]
[6561,-729,34,-9,1]
[4096,256,32,65,2,1,1]
[4096,-1536,624,-145,39,-6,1]
[256,-192,96,-40,13,-10,6,-3,1]
[4096,-512,16,-67,1,-2,1]
[14641,-847,238,-7,1]
[512,0,0,45,0,0,1]
[4096,-768,-64,39,-4,-3,1]
[4096,1792,672,203,42,7,1]
[512,-64,56,-11,7,-1,1]
[4096,-3584,1744,-531,109,-14,1]
[4096,256,416,45,26,1,1]
[4096,-1536,160,-11,10,-6,1]
[15625,-500,148,-4,1]
[256,0,128,-4,37,-1,8,0,1]
[4096,-1536,-128,135,-8,-6,1]
[4096,-768,208,-89,13,-3,1]
[512,128,-40,-39,-5,2,1]
[4096,1024,-64,-107,-4,4,1]
[256,128,-16,-28,-9,-7,-1,2,1]
[512,-192,104,-39,13,-3,1]
[4096,256,448,-3,28,1,1]
[4096,-1536,272,-55,17,-6,1]
[4096,-1024,-64,73,-4,-4,1]
[256,-128,32,-4,7,-1,2,-2,1]
[4096,256,320,-3,20,1,1]
[14641,-1089,238,-9,1]
[4096,768,-112,-75,-7,3,1]
[4096,1792,688,179,43,7,1]
[256,128,48,4,-13,1,3,2,1]
[4096,1536,592,153,37,6,1]
[729,-108,25,-4,1]
[512,0,56,9,7,0,1]
[16384,-512,-103,-4,1]
[256,64,80,32,25,8,5,1,1]
[15625,3375,399,27,1]
[256,0,-80,0,37,0,-5,0,1]
[256,64,48,8,11,2,3,1,1]
[14641,-1331,109,-11,1]
[256,-64,48,24,3,6,3,-1,1]
[14641,968,-2,8,1]
[512,-128,128,-37,16,-2,1]
[64,-16,-12,7,-3,-1,1]
[15625,125,13,1,1]
[4096,768,432,95,27,3,1]
[512,-192,80,-53,10,-3,1]
[2401,245,41,5,1]
[14641,-968,57,-8,1]
[256,-160,51,-10,1]
[4096,256,-144,3,-9,1,1]
[729,243,-18,-17,-2,3,1]
[256,0,16,4,-5,1,1,0,1]
[6561,324,-68,4,1]
[14641,1331,62,11,1]
[4096,-512,560,-45,35,-2,1]
[14641,1210,53,10,1]
[4096,512,368,67,23,2,1]
[15625,-1500,134,-12,1]
[729,486,333,112,37,6,1]
[729,-162,108,-38,12,-2,1]
[6561,243,136,3,1]
[625,25,-14,1,1]
[729,81,117,5,13,1,1]
[14641,-3509,439,-29,1]
[729,-324,117,-58,13,-4,1]
[16384,-3072,339,-24,1]
[4096,0,176,25,11,0,1]
[14641,0,145,0,1]
[512,-256,136,-49,17,-4,1]
[16384,4608,559,36,1]
[15625,-2250,191,-18,1]
[256,128,-32,-32,-13,-8,-2,2,1]
[256,320,256,152,83,38,16,5,1]
[729,162,63,16,7,2,1]
[14641,-2057,222,-17,1]
[6561,-1053,109,-13,1]
[4096,-768,32,35,2,-3,1]
[14641,968,248,8,1]
[729,0,36,38,4,0,1]
[15625,750,63,6,1]
[729,-27,28,-1,1]
[4096,768,96,-1,6,3,1]
[4096,1792,752,171,47,7,1]
[4096,-2304,640,-137,40,-9,1]
[14641,-484,101,-4,1]
[6561,2106,323,26,1]
[15625,1250,7,10,1]
[4096,64,-53,1,1]
[4096,-256,-64,-3,-4,-1,1]
[4096,2048,400,45,25,8,1]
[4096,1536,592,113,37,6,1]
[729,81,18,-10,2,1,1]
[15625,3625,412,29,1]
[729,0,-9,-13,-1,0,1]
[15625,-1125,-19,-9,1]
[4096,0,368,15,23,0,1]
[256,0,80,-32,13,-8,5,0,1]
[4096,-768,336,-11,21,-3,1]
[729,243,-54,-37,-6,3,1]
[625,0,-17,0,1]
[14641,3146,373,26,1]
[4096,1280,608,107,38,5,1]
[15625,1875,267,15,1]
[512,-384,144,-49,18,-6,1]
[4096,1792,592,167,37,7,1]
[729,-162,36,-14,4,-2,1]
[4096,0,0,83,0,0,1]
[729,-810,432,-160,48,-10,1]
[256,384,224,44,-3,11,14,6,1]
[256,-64,112,-28,41,-7,7,-1,1]
[256,256,272,180,103,45,17,4,1]
[15625,-1625,169,-13,1]
[15625,0,188,0,1]
[15625,-2500,344,-20,1]
[256,-16,-5,-1,1]
[16384,2816,255,22,1]
[4096,-768,48,73,3,-3,1]
[729,324,9,-28,1,4,1]
[15625,1000,166,8,1]
[256,-128,16,-20,23,-5,1,-2,1]
[4096,512,496,77,31,2,1]
[4096,1024,-80,-81,-5,4,1]
[14641,-2662,313,-22,1]
[256,192,32,-48,-43,-12,2,3,1]
[256,64,32,32,7,8,2,1,1]
[729,81,27,19,3,1,1]
[729,567,225,67,25,7,1]
[4096,768,416,59,26,3,1]
[256,-128,64,-32,15,-8,4,-2,1]
[6561,-81,73,-1,1]
[4096,1792,560,161,35,7,1]
[256,-192,112,-44,11,-11,7,-3,1]
[4096,-1280,528,-131,33,-5,1]
[4096,3328,1504,441,94,13,1]
[4096,256,-48,-113,-3,1,1]
[4096,512,16,-41,1,2,1]
[4096,-1792,48,77,3,-7,1]
[4096,-1536,80,59,5,-6,1]
[4096,512,80,-57,5,2,1]
[256,64,0,16,15,4,0,1,1]
[4096,0,80,-13,5,0,1]
[4096,768,208,43,13,3,1]
[16384,256,77,2,1]
[256,-256,208,-88,49,-22,13,-4,1]
[4096,768,208,87,13,3,1]
[4096,256,64,-21,4,1,1]
[2401,147,-23,3,1]
[729,-243,41,-9,1]
[256,-128,48,48,-25,12,3,-2,1]
[15625,-875,-28,-7,1]
[256,-256,128,-88,59,-22,8,-4,1]
[4096,-3072,1104,-295,69,-12,1]
[4096,1536,256,1,16,6,1]
[4096,1792,816,189,51,7,1]
[4096,3328,1584,477,99,13,1]
[4096,0,16,11,1,0,1]
[4096,768,352,59,22,3,1]
[4096,1024,176,51,11,4,1]
[14641,3872,480,32,1]
[4096,-768,192,-5,12,-3,1]
[4096,768,160,-15,10,3,1]
[15625,-1375,252,-11,1]
[4096,2560,832,209,52,10,1]
[4096,-2048,736,-189,46,-8,1]
[256,192,112,4,-1,1,7,3,1]
[729,81,135,1,15,1,1]
[4096,1024,720,113,45,4,1]
[4096,512,288,93,18,2,1]
[16384,896,153,7,1]
[14641,605,221,5,1]
[14641,1815,278,15,1]
[6561,-648,101,-8,1]
[4096,1536,336,47,21,6,1]
[729,-486,90,-5,10,-6,1]
[4096,-768,80,3,5,-3,1]
[14641,0,26,0,1]
[4096,512,96,75,6,2,1]
[4096,-768,-48,45,-3,-3,1]
[4096,-2304,848,-257,53,-9,1]
[4096,-64,51,-1,1]
[64,-32,20,-7,5,-2,1]
[256,256,176,84,37,21,11,4,1]
[729,0,26,0,1]
[4096,-3840,1856,-573,116,-15,1]
[729,-486,-18,67,-2,-6,1]
[4096,-1024,384,-89,24,-4,1]
[4096,-3072,1312,-375,82,-12,1]
[6561,-648,122,-8,1]
[16384,-640,59,-5,1]
[15625,-375,32,-3,1]
[4096,256,-16,-51,-1,1,1]
[6561,-972,197,-12,1]
[256,-64,16,4,-11,1,1,-1,1]
[256,64,32,12,-5,3,2,1,1]
[4096,1024,192,19,12,4,1]
[256,-64,0,12,-27,3,0,-1,1]
[14641,1089,122,9,1]
[256,0,-48,16,21,4,-3,0,1]
[256,-384,320,-180,91,-45,20,-6,1]
[256,-256,112,-4,-13,-1,7,-4,1]
[4096,256,160,-37,10,1,1]
[4096,1024,496,107,31,4,1]
[4096,3328,1296,359,81,13,1]
[14641,1694,106,14,1]
[4096,-1792,496,-111,31,-7,1]
[729,-405,180,-71,20,-5,1]
[15625,-1500,108,-12,1]
[4096,0,96,-41,6,0,1]
[4096,-1536,544,-183,34,-6,1]
[4096,-256,208,-33,13,-1,1]
[729,-486,207,-82,23,-6,1]
[729,0,9,-46,1,0,1]
[4096,1792,704,211,44,7,1]
[729,-243,54,-23,6,-3,1]
[4096,-256,-64,73,-4,-1,1]
[15625,-625,-32,-5,1]
[6561,-972,187,-12,1]
[256,-192,112,-80,49,-20,7,-3,1]
[512,0,-24,-5,-3,0,1]
[4096,0,32,81,2,0,1]
[4096,128,-71,2,1]
[729,-81,18,25,2,-1,1]
[256,128,64,36,29,9,4,2,1]
[6561,-1296,194,-16,1]
[4096,-256,240,-93,15,-1,1]
[14641,-363,-136,-3,1]
[729,351,85,13,1]
[256,192,80,40,17,10,5,3,1]
[729,-162,18,17,2,-2,1]
[14641,-1331,78,-11,1]
[4096,512,-112,-23,-7,2,1]
[14641,-2662,351,-22,1]
[256,-64,0,20,-9,5,0,-1,1]
[16384,768,247,6,1]
[14641,2299,261,19,1]
[4096,-256,64,-71,4,-1,1]
[4096,-256,80,-99,5,-1,1]
[6561,810,52,10,1]
[4096,1024,352,41,22,4,1]
[729,81,-45,-23,-5,1,1]
[2401,196,43,4,1]
[4096,-1024,128,-45,8,-4,1]
[4096,2816,912,219,57,11,1]
[2401,735,153,15,1]
[14641,1936,144,16,1]
[15625,125,-103,1,1]
[15625,-625,-137,-5,1]
[6561,324,-26,4,1]
[14641,-363,203,-3,1]
[512,-320,216,-79,27,-5,1]
[729,-162,36,13,4,-2,1]
[4096,0,0,-81,0,0,1]
[16384,-768,-75,-6,1]
[256,320,144,8,-13,2,9,5,1]
[15625,0,1,0,1]
[4096,-768,576,-77,36,-3,1]
[256,256,224,144,85,36,14,4,1]
[4096,-256,384,-1,24,-1,1]
[4096,-1024,-16,47,-1,-4,1]
[4096,0,-80,-77,-5,0,1]
[512,320,232,77,29,5,1]
[4096,-2048,544,-107,34,-8,1]
[4096,1280,-144,-111,-9,5,1]
[4096,192,43,3,1]
[256,-192,192,-120,63,-30,12,-3,1]
[256,-128,48,-44,37,-11,3,-2,1]
[256,-64,32,8,3,2,2,-1,1]
[256,64,64,-32,-7,-8,4,1,1]
[4096,768,151,12,1]
[256,0,16,20,9,5,1,0,1]
[14641,968,177,8,1]
[2401,245,69,5,1]
[729,243,117,13,13,3,1]
[14641,1452,145,12,1]
[16384,-2432,319,-19,1]
[4096,-64,-91,-1,1]
[256,0,-32,-4,7,-1,-2,0,1]
[4096,0,-48,89,-3,0,1]
[4096,-1024,496,-105,31,-4,1]
[6561,-162,-70,-2,1]
[14641,1210,-3,10,1]
[256,-128,0,24,-13,6,0,-2,1]
[4096,-1024,64,25,4,-4,1]
[4096,-1536,176,5,11,-6,1]
[4096,-1024,-128,103,-8,-4,1]
[4096,-1280,400,-79,25,-5,1]
[4096,3072,1280,371,80,12,1]
[4096,512,496,75,31,2,1]
[15625,-375,72,-3,1]
[4096,1536,352,47,22,6,1]
[4096,-512,-64,63,-4,-2,1]
[15625,-3250,334,-26,1]
[14641,1452,49,12,1]
[4096,-1024,160,-73,10,-4,1]
[14641,847,82,7,1]
[16384,2432,289,19,1]
[4096,1024,608,99,38,4,1]
[15625,-1375,67,-11,1]
[4096,-1024,432,-111,27,-4,1]
[256,64,48,20,29,5,3,1,1]
[256,-128,16,-4,13,-1,1,-2,1]
[4096,-1024,-80,69,-5,-4,1]
[15625,-500,-2,-4,1]
[4096,0,-96,67,-6,0,1]
[16384,2816,287,22,1]
[256,-128,80,-20,17,-5,5,-2,1]
[4096,1280,272,29,17,5,1]
[2401,-931,184,-19,1]
[4096,1792,832,215,52,7,1]
[14641,1331,113,11,1]
[14641,121,134,1,1]
[4096,2048,832,235,52,8,1]
[256,64,0,-16,-21,-4,0,1,1]
[4096,-1792,224,-9,14,-7,1]
[14641,-1936,227,-16,1]
[6561,648,7,8,1]
[4096,-512,272,-11,17,-2,1]
[2401,196,-23,4,1]
[256,-112,43,-7,1]
[4096,-1280,544,-95,34,-5,1]
[15625,-1500,142,-12,1]
[6561,1782,236,22,1]
[16384,1280,95,10,1]
[4096,1536,208,3,13,6,1]
[4096,-1024,64,33,4,-4,1]
[4096,-2048,848,-235,53,-8,1]
[256,0,32,28,11,7,2,0,1]
[729,81,90,-10,10,1,1]
[4096,3072,1280,381,80,12,1]
[4096,-1024,688,-129,43,-4,1]
[4096,768,80,53,5,3,1]
[729,486,117,17,13,6,1]
[256,64,-48,-12,11,-3,-3,1,1]
[4096,1280,-80,-85,-5,5,1]
[14641,3267,355,27,1]
[14641,363,141,3,1]
[14641,-121,3,-1,1]
[14641,2299,281,19,1]
[256,256,208,144,81,36,13,4,1]
[256,0,96,-8,25,-2,6,0,1]
[256,-256,176,-84,41,-21,11,-4,1]
[4096,-1024,-48,51,-3,-4,1]
[4096,256,-64,-27,-4,1,1]
[4096,-768,720,-87,45,-3,1]
[4096,0,-16,33,-1,0,1]
[14641,0,-221,0,1]
[4096,1536,-32,-85,-2,6,1]
[4096,512,176,-37,11,2,1]
[256,128,96,12,15,3,6,2,1]
[16,12,9,3,1]
[4096,-1536,560,-107,35,-6,1]
[729,81,-9,26,-1,1,1]
[256,128,-16,20,35,5,-1,2,1]
[4096,-512,368,-17,23,-2,1]
[14641,4598,596,38,1]
[729,81,-27,-22,-3,1,1]
[4096,768,176,13,11,3,1]
[256,-256,240,-164,89,-41,15,-4,1]
[2401,49,20,1,1]
[729,270,50,10,1]
[4096,-2304,1040,-275,65,-9,1]
[16384,5248,673,41,1]
[15625,-875,-9,-7,1]
[6561,0,-140,0,1]
[4096,768,112,45,7,3,1]
[6561,1053,188,13,1]
[16,0,-1,0,1]
[729,-162,99,-8,11,-2,1]
[6561,-405,130,-5,1]
[4096,2304,736,203,46,9,1]
[729,405,108,17,12,5,1]
[15625,3000,363,24,1]
[729,324,36,-17,4,4,1]
[4096,1280,16,-55,1,5,1]
[4096,-1792,528,-109,33,-7,1]
[16384,-4608,559,-36,1]
[4096,-2048,496,-111,31,-8,1]
[4096,-256,-112,79,-7,-1,1]
[16384,128,-145,1,1]
[14641,-121,-219,-1,1]
[4096,2304,816,211,51,9,1]
[256,64,-32,-20,-3,-5,-2,1,1]
[729,81,-63,-13,-7,1,1]
[4096,-1792,672,-155,42,-7,1]
[2401,98,-11,2,1]
[6561,486,4,6,1]
[4096,256,-80,9,-5,1,1]
[256,128,96,56,15,14,6,2,1]
[14641,-1331,136,-11,1]
[4096,-256,64,-53,4,-1,1]
[729,405,63,-5,7,5,1]
[256,-64,96,-16,15,-4,6,-1,1]
[512,0,72,15,9,0,1]
[4096,1024,672,113,42,4,1]
[6561,729,11,9,1]
[14641,968,112,8,1]
[256,320,240,144,77,36,15,5,1]
[2401,49,-78,1,1]
[121,12,1]
[14641,-2662,361,-22,1]
[4096,0,176,-21,11,0,1]
[15625,-250,-101,-2,1]
[15625,3000,372,24,1]
[4096,-256,96,-47,6,-1,1]
[256,-256,96,-4,-7,-1,6,-4,1]
[4096,512,304,99,19,2,1]
[4096,-1024,576,-125,36,-4,1]
[4096,256,144,13,9,1,1]
[4096,1280,80,-17,5,5,1]
[16384,-768,145,-6,1]
[2401,735,143,15,1]
[256,192,48,20,21,5,3,3,1]
[6561,243,125,3,1]
[256,192,96,56,29,14,6,3,1]
[256,64,-64,8,37,2,-4,1,1]
[729,-81,63,23,7,-1,1]
[4096,-2560,1216,-339,76,-10,1]
[15625,-1750,287,-14,1]
[4096,-768,-208,81,-13,-3,1]
[512,-384,248,-91,31,-6,1]
[15625,1875,218,15,1]
[256,-128,32,-4,-11,-1,2,-2,1]
[15625,1625,133,13,1]
[256,-64,0,0,-5,0,0,-1,1]
[16384,-1152,-13,-9,1]
[15625,-3250,352,-26,1]
[729,-324,144,-58,16,-4,1]
[4096,-512,656,-61,41,-2,1]
[256,-128,-16,-8,23,-2,-1,-2,1]
[4096,1536,176,17,11,6,1]
[729,-162,72,-13,8,-2,1]
[729,-81,72,-19,8,-1,1]
[15625,-375,-8,-3,1]
[256,128,16,-24,-31,-6,1,2,1]
[6561,-243,158,-3,1]
[4096,256,304,39,19,1,1]
[4096,2048,176,-51,11,8,1]
[729,-324,81,-5,9,-4,1]
[15625,-500,22,-4,1]
[4096,-960,153,-15,1]
[512,-192,64,-19,8,-3,1]
[4096,-256,144,-109,9,-1,1]
[4096,768,0,9,0,3,1]
[4096,-1024,336,-153,21,-4,1]
[729,81,-27,-40,-3,1,1]
[4096,-1536,-16,103,-1,-6,1]
[15625,1750,234,14,1]
[16384,-1024,217,-8,1]
[14641,1694,234,14,1]
[4096,-256,-112,-37,-7,-1,1]
[512,0,-32,-17,-4,0,1]
[15625,-250,-126,-2,1]
[15625,250,-69,2,1]
[256,64,64,-24,-3,-6,4,1,1]
[256,-64,-16,4,3,1,-1,-1,1]
[256,64,32,-24,-7,-6,2,1,1]
[4096,256,96,17,6,1,1]
[4096,512,0,1,0,2,1]
[4096,512,96,27,6,2,1]
[4096,256,-160,-67,-10,1,1]
[81,-45,19,-5,1]
[512,-192,48,-3,6,-3,1]
[4096,256,320,77,20,1,1]
[256,-64,-80,-8,39,-2,-5,-1,1]
[729,-324,225,-58,25,-4,1]
[14641,-1694,281,-14,1]
[4096,1024,416,41,26,4,1]
[256,0,-112,0,43,0,-7,0,1]
[256,320,288,196,111,49,18,5,1]
[4096,0,64,61,4,0,1]
[729,567,180,47,20,7,1]
[4096,-768,176,-109,11,-3,1]
[4096,256,96,-61,6,1,1]
[14641,-1815,155,-15,1]
[729,-81,90,5,10,-1,1]
[4096,512,592,63,37,2,1]
[256,128,48,36,13,9,3,2,1]
[6561,2106,316,26,1]
[256,128,160,64,55,16,10,2,1]
[15625,1250,228,10,1]
[4096,2048,848,255,53,8,1]
[4096,-1280,80,11,5,-5,1]
[4096,0,-144,-35,-9,0,1]
[4096,0,192,25,12,0,1]
[4096,512,208,31,13,2,1]
[16384,-256,-163,-2,1]
[512,320,0,-35,0,5,1]
[15625,3625,431,29,1]
[729,567,261,94,29,7,1]
[729,81,-18,-20,-2,1,1]
[4096,256,0,-7,0,1,1]
[256,0,48,32,13,8,3,0,1]
[2401,-196,18,-4,1]
[6561,-162,-4,-2,1]
[4096,0,224,-7,14,0,1]
[2401,-490,85,-10,1]
[15625,1250,-11,10,1]
[16384,1024,51,8,1]
[4096,-1024,640,-103,40,-4,1]
[4096,1280,576,107,36,5,1]
[14641,484,-13,4,1]
[14641,3267,384,27,1]
[14641,363,91,3,1]
[4096,768,-144,-75,-9,3,1]
[14641,-2299,288,-19,1]
[15625,875,-83,7,1]
[4096,-3072,1104,-291,69,-12,1]
[4096,-1536,-160,163,-10,-6,1]
[256,64,96,60,19,15,6,1,1]
[15625,0,-71,0,1]
[256,-256,144,-96,59,-24,9,-4,1]
[729,-324,117,-25,13,-4,1]
[4096,-2304,464,-57,29,-9,1]
[4096,3328,1424,417,89,13,1]
[512,192,104,31,13,3,1]
[4096,-1280,608,-129,38,-5,1]
[16384,-1664,101,-13,1]
[729,-108,-1,-4,1]
[256,64,-32,16,31,4,-2,1,1]
[14641,-2420,218,-20,1]
[256,384,336,228,127,57,21,6,1]
[729,243,36,14,4,3,1]
[4096,-512,416,-57,26,-2,1]
[15625,1125,126,9,1]
[256,128,96,72,31,18,6,2,1]
[256,-320,256,-144,77,-36,16,-5,1]
[14641,363,-152,3,1]
[4096,768,-48,-69,-3,3,1]
[256,-128,64,20,-9,5,4,-2,1]
[4096,0,288,53,18,0,1]
[256,192,32,-48,-33,-12,2,3,1]
[256,192,64,44,33,11,4,3,1]
[15625,2875,354,23,1]
[4096,-1792,560,-109,35,-7,1]
[14641,121,-96,1,1]
[729,324,0,-29,0,4,1]
[4096,-1536,336,-37,21,-6,1]
[256,-128,48,-36,13,-9,3,-2,1]
[14641,-1694,192,-14,1]
[256,128,64,-16,-11,-4,4,2,1]
[4096,-256,144,-69,9,-1,1]
[14641,-1573,229,-13,1]
[14641,-363,243,-3,1]
[14641,-2057,312,-17,1]
[4096,-768,112,3,7,-3,1]
[16384,-1536,225,-12,1]
[14641,484,-85,4,1]
[256,-64,0,-20,19,-5,0,-1,1]
[4096,512,512,35,32,2,1]
[14641,-1815,130,-15,1]
[512,-128,-8,37,-1,-2,1]
[4096,-768,160,-111,10,-3,1]
[4096,384,53,6,1]
[729,243,153,41,17,3,1]
[4096,-1536,304,-73,19,-6,1]
[729,243,144,58,16,3,1]
[256,128,64,28,9,7,4,2,1]
[256,-192,96,8,-9,2,6,-3,1]
[15625,375,236,3,1]
[4096,256,176,-7,11,1,1]
[256,-64,-80,-8,33,-2,-5,-1,1]
[256,-256,240,-144,87,-36,15,-4,1]
[729,0,117,13,13,0,1]
[4096,768,-48,-21,-3,3,1]
[15625,875,82,7,1]
[64,0,4,-7,1,0,1]
[256,128,48,-44,-29,-11,3,2,1]
[4096,0,608,7,38,0,1]
[4096,-256,384,-57,24,-1,1]
[256,0,48,-4,25,-1,3,0,1]
[15625,1125,178,9,1]
[16384,-128,25,-1,1]
[16384,-1152,145,-9,1]
[4096,-256,32,45,2,-1,1]
[16384,-3840,465,-30,1]
[256,0,16,4,13,1,1,0,1]
[4096,0,400,-19,25,0,1]
[256,64,0,-16,-23,-4,0,1,1]
[6561,243,7,3,1]
[15625,-1000,172,-8,1]
[6561,-891,161,-11,1]
[16384,0,-53,0,1]
[4096,-1792,432,-83,27,-7,1]
[4096,-2304,784,-209,49,-9,1]
[256,-128,-16,28,-17,7,-1,-2,1]
[4096,512,80,-19,5,2,1]
[14641,-484,-116,-4,1]
[16384,2176,201,17,1]
[256,0,80,40,9,10,5,0,1]
[4096,1536,64,-33,4,6,1]
[16384,-1792,95,-14,1]
[14641,968,-50,8,1]
[729,0,117,-4,13,0,1]
[4096,-768,80,65,5,-3,1]
[256,0,48,4,19,1,3,0,1]
[4096,1280,-160,-135,-10,5,1]
[729,-162,63,2,7,-2,1]
[4096,1024,560,97,35,4,1]
[4096,-512,96,-3,6,-2,1]
[4096,-256,-112,-23,-7,-1,1]
[16384,1408,163,11,1]
[15625,125,-122,1,1]
[4096,-2048,528,-135,33,-8,1]
[4096,-512,368,-43,23,-2,1]
[512,-64,-32,-3,-4,-1,1]
[4096,512,448,57,28,2,1]
[4096,192,-71,3,1]
[4096,-256,112,-63,7,-1,1]
[6561,810,26,10,1]
[4096,-512,144,-119,9,-2,1]
[4096,256,32,-21,2,1,1]
[14641,-3388,388,-28,1]
[4096,768,304,39,19,3,1]
[256,192,144,96,41,24,9,3,1]
[256,128,16,-12,-9,-3,1,2,1]
[16384,-3328,411,-26,1]
[729,243,63,16,7,3,1]
[2401,0,80,0,1]
[729,324,63,-1,7,4,1]
[15625,3125,316,25,1]
[4096,-512,144,-95,9,-2,1]
[4096,2304,1168,309,73,9,1]
[15625,1125,267,9,1]
[256,192,128,92,47,23,8,3,1]
[4096,512,-48,-109,-3,2,1]
[4096,576,53,9,1]
[15625,-125,-176,-1,1]
[4096,0,112,-23,7,0,1]
[6561,972,91,12,1]
[64,16,8,11,2,1,1]
[256,-128,112,-16,17,-4,7,-2,1]
[14641,484,-31,4,1]
[16384,1152,65,9,1]
[4096,1600,279,25,1]
[729,0,-72,-2,-8,0,1]
[256,0,16,0,3,0,1,0,1]
[4096,-832,99,-13,1]
[256,0,80,24,13,6,5,0,1]
[4096,0,112,-41,7,0,1]
[4096,512,496,65,31,2,1]
[16384,-896,47,-7,1]
[512,-448,272,-113,34,-7,1]
[4096,-768,208,-77,13,-3,1]
[4096,0,-80,-13,-5,0,1]
[4096,-256,256,-75,16,-1,1]
[4096,768,448,71,28,3,1]
[4096,1024,496,139,31,4,1]
[14641,726,-2,6,1]
[14641,3025,322,25,1]
[4096,1024,464,103,29,4,1]
[4096,-1024,688,-123,43,-4,1]
[15625,125,63,1,1]
[14641,-847,-18,-7,1]
[729,405,225,86,25,5,1]
[4096,0,80,-89,5,0,1]
[6561,-567,16,-7,1]
[14641,-3267,399,-27,1]
[512,0,-24,-7,-3,0,1]
[4096,-1024,-160,147,-10,-4,1]
[4096,768,400,93,25,3,1]
[15625,-1250,113,-10,1]
[14641,2057,168,17,1]
[15625,2125,248,17,1]
[729,-162,99,-49,11,-2,1]
[625,0,-43,0,1]
[4096,-512,336,7,21,-2,1]
[6561,810,110,10,1]
[16384,-1152,149,-9,1]
[16384,3200,407,25,1]
[4096,-1024,576,-85,36,-4,1]
[4096,-512,416,-19,26,-2,1]
[15625,3000,376,24,1]
[4096,-256,384,-17,24,-1,1]
[4096,-1024,496,-93,31,-4,1]
[512,0,16,21,2,0,1]
[15625,2750,346,22,1]
[729,81,108,5,12,1,1]
[14641,-4840,640,-40,1]
[4096,-1280,96,7,6,-5,1]
[256,-128,48,-36,37,-9,3,-2,1]
[4096,-256,448,-51,28,-1,1]
[4096,1280,672,133,42,5,1]
[15625,125,86,1,1]
[256,320,272,184,107,46,17,5,1]
[4096,1152,205,18,1]
[15625,-1375,186,-11,1]
[4096,-1024,192,19,12,-4,1]
[16384,3072,337,24,1]
[4096,1792,-80,-141,-5,7,1]
[14641,4114,521,34,1]
[4096,256,432,1,27,1,1]
[6561,-567,50,-7,1]
[256,128,80,24,11,6,5,2,1]
[4096,256,80,-61,5,1,1]
[4096,-768,336,-83,21,-3,1]
[64,16,32,7,8,1,1]
[4096,-1024,131,-16,1]
[256,-128,-48,-4,29,-1,-3,-2,1]
[512,-64,88,-5,11,-1,1]
[4096,2304,784,193,49,9,1]
[15625,625,-89,5,1]
[729,729,360,127,40,9,1]
[256,256,48,-60,-51,-15,3,4,1]
[729,486,288,97,32,6,1]
[4096,-1280,560,-137,35,-5,1]
[15625,-1000,141,-8,1]
[4096,-512,320,-41,20,-2,1]
[4096,1024,384,51,24,4,1]
[14641,-2783,312,-23,1]
[4096,-2048,752,-215,47,-8,1]
[4096,-256,-16,53,-1,-1,1]
[4096,-1536,144,-1,9,-6,1]
[729,-405,234,-77,26,-5,1]
[625,25,-22,1,1]
[2401,0,82,0,1]
[256,-64,128,0,31,0,8,-1,1]
[4096,-2560,848,-223,53,-10,1]
[15625,-375,59,-3,1]
[15625,2875,334,23,1]
[256,-192,144,-100,57,-25,9,-3,1]
[256,128,80,52,31,13,5,2,1]
[16384,0,-141,0,1]
[512,-128,112,-17,14,-2,1]
[4096,-1024,336,-39,21,-4,1]
[512,-128,0,29,0,-2,1]
[729,243,252,53,28,3,1]
[256,128,112,72,31,18,7,2,1]
[4096,512,144,-51,9,2,1]
[4096,-2304,704,-185,44,-9,1]
[4096,512,272,93,17,2,1]
[512,-128,120,-31,15,-2,1]
[15625,250,91,2,1]
[15625,875,209,7,1]
[256,-64,0,16,5,4,0,-1,1]
[14641,-1694,223,-14,1]
[4096,1280,288,47,18,5,1]
[4096,-256,80,65,5,-1,1]
[16384,2048,217,16,1]
[256,-320,272,-196,109,-49,17,-5,1]
[4096,512,240,-33,15,2,1]
[256,-128,112,-72,41,-18,7,-2,1]
[4096,2816,1360,389,85,11,1]
[4096,-768,608,-99,38,-3,1]
[256,-64,32,-28,11,-7,2,-1,1]
[14641,-484,171,-4,1]
[16384,-384,225,-3,1]
[15625,-875,8,-7,1]
[4096,768,-128,-81,-8,3,1]
[4096,-3072,1376,-407,86,-12,1]
[256,64,0,-20,5,-5,0,1,1]
[6561,-1944,296,-24,1]
[256,-256,112,12,-23,3,7,-4,1]
[729,243,99,13,11,3,1]
[15625,4000,493,32,1]
[256,-128,112,-60,37,-15,7,-2,1]
[256,192,160,48,31,12,10,3,1]
[15625,2250,218,18,1]
[512,64,-32,-27,-4,1,1]
[729,-81,117,-29,13,-1,1]
[4096,1536,176,-15,11,6,1]
[2401,294,-11,6,1]
[4096,2048,496,113,31,8,1]
[729,-162,171,-32,19,-2,1]
[625,-25,-13,-1,1]
[15625,-2125,178,-17,1]
[4096,-2816,1168,-357,73,-11,1]
[256,64,16,-28,-21,-7,1,1,1]
[16384,-640,29,-5,1]
[256,192,160,72,41,18,10,3,1]
[15625,1375,56,11,1]
[14641,-484,1,-4,1]
[729,-162,27,14,3,-2,1]
[16384,1280,185,10,1]
[256,192,16,16,25,4,1,3,1]
[4096,-1536,336,-77,21,-6,1]
[6561,162,73,2,1]
[4096,2048,400,71,25,8,1]
[4096,768,176,115,11,3,1]
[4096,-512,192,-123,12,-2,1]
[14641,-1573,202,-13,1]
[256,0,64,44,9,11,4,0,1]
[256,0,-16,4,-1,1,-1,0,1]
[4096,0,400,-23,25,0,1]
[14641,1815,266,15,1]
[4096,-2816,1200,-345,75,-11,1]
[4096,256,544,7,34,1,1]
[6561,-405,-20,-5,1]
[729,162,59,6,1]
[729,135,25,5,1]
[256,-128,16,-8,5,-2,1,-2,1]
[4096,-576,107,-9,1]
[2401,-49,8,-1,1]
[16384,-768,-81,-6,1]
[64,16,28,9,7,1,1]
[4096,1280,704,133,44,5,1]
[729,-243,18,8,2,-3,1]
[4096,0,160,-15,10,0,1]
[4096,256,-240,-35,-15,1,1]
[16384,-3072,343,-24,1]
[4096,0,80,-9,5,0,1]
[4096,0,-96,45,-6,0,1]
[4096,3584,1536,447,96,14,1]
[4096,0,101,0,1]
[4096,-1024,240,-7,15,-4,1]
[729,324,54,-8,6,4,1]
[625,150,24,6,1]
[4096,-2304,864,-253,54,-9,1]
[4096,-512,-48,75,-3,-2,1]
[14641,-2299,178,-19,1]
[4096,768,96,37,6,3,1]
[4096,1792,416,107,26,7,1]
[15625,-1625,124,-13,1]
[4096,1280,-208,-145,-13,5,1]
[729,81,45,49,5,1,1]
[16384,128,171,1,1]
[512,320,0,-37,0,5,1]
[729,-81,63,-22,7,-1,1]
[6561,-81,38,-1,1]
[14641,242,100,2,1]
[4096,1024,224,91,14,4,1]
[4096,576,61,9,1]
[512,64,0,13,0,1,1]
[15625,-1125,111,-9,1]
[256,-64,16,20,3,5,1,-1,1]
[14641,242,153,2,1]
[16384,3200,341,25,1]
[4096,512,192,29,12,2,1]
[256,32,15,2,1]
[256,128,160,76,53,19,10,2,1]
[1024,96,55,3,1]
[2401,441,62,9,1]
[729,-27,8,-1,1]
[256,-64,32,-12,27,-3,2,-1,1]
[512,-128,-40,17,-5,-2,1]
[4096,2304,832,223,52,9,1]
[15625,3375,364,27,1]
[4096,1024,-80,-93,-5,4,1]
[15625,875,54,7,1]
[512,320,144,47,18,5,1]
[256,64,48,-8,-3,-2,3,1,1]
[4096,3072,1216,335,76,12,1]
[4096,-1536,448,-105,28,-6,1]
[15625,-500,48,-4,1]
[512,192,8,-15,1,3,1]
[16384,-640,101,-5,1]
[729,405,0,-38,0,5,1]
[2401,441,90,9,1]
[15625,-250,4,-2,1]
[256,-64,96,-44,19,-11,6,-1,1]
[16384,4224,511,33,1]
[15625,125,-226,1,1]
[16384,256,-97,2,1]
[4096,-256,16,-65,1,-1,1]
[14641,-605,159,-5,1]
[512,192,-32,-37,-4,3,1]
[729,162,9,1,1,2,1]
[4096,-1280,-176,159,-11,-5,1]
[15625,-125,161,-1,1]
[256,512,560,420,239,105,35,8,1]
[4096,-128,35,-2,1]
[512,64,-8,19,-1,1,1]
[256,192,96,16,-3,4,6,3,1]
[4096,-1280,432,-109,27,-5,1]
[4096,768,176,17,11,3,1]
[4096,1024,-96,-67,-6,4,1]
[15625,-2000,238,-16,1]
[15625,250,-162,2,1]
[4096,-768,128,-93,8,-3,1]
[16384,-4864,615,-38,1]
[4096,2048,608,157,38,8,1]
[6561,-1782,263,-22,1]
[625,-25,-22,-1,1]
[4096,-2048,592,-141,37,-8,1]
[15625,500,94,4,1]
[256,64,0,0,-13,0,0,1,1]
[4096,2304,848,219,53,9,1]
[256,0,-16,20,5,5,-1,0,1]
[729,-486,261,-86,29,-6,1]
[6561,81,-95,1,1]
[14641,-968,234,-8,1]
[729,-162,81,-11,9,-2,1]
[14641,605,227,5,1]
[4096,-256,144,23,9,-1,1]
[256,0,144,4,47,1,9,0,1]
[14641,-3751,467,-31,1]
[15625,625,218,5,1]
[256,-128,64,-28,-3,-7,4,-2,1]
[4096,1280,16,-85,1,5,1]
[4096,-1280,272,-75,17,-5,1]
[16384,-2176,143,-17,1]
[14641,-968,14,-8,1]
[4096,-768,592,-95,37,-3,1]
[256,-64,64,-8,23,-2,4,-1,1]
[4096,-256,240,-85,15,-1,1]
[256,-64,64,-8,3,-2,4,-1,1]
[4096,2560,944,253,59,10,1]
[729,-648,198,-41,22,-8,1]
[729,-54,49,-2,1]
[4096,1024,192,-3,12,4,1]
[14641,-605,-58,-5,1]
[14641,1573,177,13,1]
[256,-64,144,-44,47,-11,9,-1,1]
[256,64,96,24,35,6,6,1,1]
[4096,-2304,272,29,17,-9,1]
[4096,768,208,29,13,3,1]
[4096,-1024,560,-79,35,-4,1]
[4096,768,-64,-55,-4,3,1]
[256,64,112,28,33,7,7,1,1]
[4096,512,64,-59,4,2,1]
[15625,-2000,254,-16,1]
[4096,256,576,29,36,1,1]
[15625,125,14,1,1]
[4096,512,272,37,17,2,1]
[512,-448,160,-43,20,-7,1]
[256,0,96,-12,29,-3,6,0,1]
[4096,-512,-208,55,-13,-2,1]
[4096,768,-144,-117,-9,3,1]
[64,-16,20,-5,5,-1,1]
[512,384,176,61,22,6,1]
[15625,-3000,361,-24,1]
[6561,243,110,3,1]
[15625,-250,153,-2,1]
[625,-350,97,-14,1]
[4096,768,128,91,8,3,1]
[6561,405,110,5,1]
[4096,1792,656,177,41,7,1]
[4096,-256,-160,21,-10,-1,1]
[16384,-3584,399,-28,1]
[729,-486,99,-4,11,-6,1]
[4096,-768,352,-121,22,-3,1]
[256,-384,368,-248,137,-62,23,-6,1]
[729,-243,54,14,6,-3,1]
[4096,-1792,720,-215,45,-7,1]
[4096,-512,-176,63,-11,-2,1]
[256,64,0,4,-5,1,0,1,1]
[4096,-256,16,-13,1,-1,1]
[256,-128,192,-64,61,-16,12,-2,1]
[256,256,128,56,31,14,8,4,1]
[4096,1792,480,125,30,7,1]
[256,64,64,-20,1,-5,4,1,1]
[512,-128,96,-19,12,-2,1]
[4096,512,32,-19,2,2,1]
[6561,-1701,220,-21,1]
[6561,-81,56,-1,1]
[729,-729,378,-139,42,-9,1]
[4096,-1280,496,-103,31,-5,1]
[15625,-500,93,-4,1]
[4096,512,-64,-39,-4,2,1]
[64,-16,-4,-3,-1,-1,1]
[14641,-1210,106,-10,1]
[15625,1375,-4,11,1]
[16384,-384,-149,-3,1]
[4096,1024,-16,-71,-1,4,1]
[6561,-648,14,-8,1]
[729,0,-36,2,-4,0,1]
[4096,-256,0,-3,0,-1,1]
[4096,-1536,96,25,6,-6,1]
[15625,-1625,176,-13,1]
[14641,-1573,215,-13,1]
[64,64,28,11,7,4,1]
[512,256,104,39,13,4,1]
[512,192,40,9,5,3,1]
[4096,1024,144,25,9,4,1]
[512,-384,152,-45,19,-6,1]
[625,0,-13,0,1]
[16384,-128,57,-1,1]
[4096,256,-64,19,-4,1,1]
[6561,1377,223,17,1]
[4096,-512,-128,65,-8,-2,1]
[14641,-1815,180,-15,1]
[14641,1452,218,12,1]
[512,0,32,-19,4,0,1]
[256,64,48,0,5,0,3,1,1]
[4096,256,320,-25,20,1,1]
[256,-192,16,-32,41,-8,1,-3,1]
[4096,1024,336,73,21,4,1]
[512,-192,144,-49,18,-3,1]
[4096,-512,96,-89,6,-2,1]
[4096,-512,48,-75,3,-2,1]
[4096,-1280,240,-17,15,-5,1]
[4096,192,35,3,1]
[4096,3584,1760,533,110,14,1]
[4096,1280,-32,-73,-2,5,1]
[14641,-363,-87,-3,1]
[512,64,72,-5,9,1,1]
[256,-64,112,-20,33,-5,7,-1,1]
[4096,-1280,464,-107,29,-5,1]
[4096,1024,400,127,25,4,1]
[14641,-121,-73,-1,1]
[2401,49,-5,1,1]
[4096,-512,32,-49,2,-2,1]
[4096,1536,288,75,18,6,1]
[625,-150,32,-6,1]
[512,256,136,39,17,4,1]
[256,-192,176,-88,51,-22,11,-3,1]
[256,128,128,48,31,12,8,2,1]
[2401,735,145,15,1]
[15625,250,-14,2,1]
[729,-486,261,-103,29,-6,1]
[6561,-162,101,-2,1]
[16384,-640,-95,-5,1]
[16384,256,-33,2,1]
[16384,0,107,0,1]
[512,-192,120,-23,15,-3,1]
[16384,1536,23,12,1]
[4096,-768,352,-21,22,-3,1]
[4096,1024,272,65,17,4,1]
[256,-256,144,-24,3,-6,9,-4,1]
[4096,2560,1056,283,66,10,1]
[729,81,153,2,17,1,1]
[14641,-1331,111,-11,1]
[256,192,80,-16,-15,-4,5,3,1]
[4096,-1536,272,-19,17,-6,1]
[4096,-1792,672,-165,42,-7,1]
[4096,320,-29,5,1]
[14641,1210,158,10,1]
[729,54,-17,2,1]
[4096,-1792,256,3,16,-7,1]
[4096,-256,112,-31,7,-1,1]
[4096,-2560,944,-251,59,-10,1]
[4096,-768,160,31,10,-3,1]
[4096,512,-112,-41,-7,2,1]
[256,0,48,12,15,3,3,0,1]
[15625,-3000,352,-24,1]
[6561,1053,184,13,1]
[256,64,48,28,29,7,3,1,1]
[4096,-2560,864,-223,54,-10,1]
[4096,-1024,432,-47,27,-4,1]
[16384,-2944,345,-23,1]
[512,192,16,-21,2,3,1]
[4096,1024,208,79,13,4,1]
[6561,-1134,157,-14,1]
[4096,256,96,19,6,1,1]
[625,-25,18,-1,1]
[4096,1792,864,203,54,7,1]
[2401,-490,89,-10,1]
[256,0,16,-4,25,-1,1,0,1]
[256,256,192,120,57,30,12,4,1]
[256,0,-32,0,-5,0,-2,0,1]
[4096,-256,576,-35,36,-1,1]
[729,-324,171,-70,19,-4,1]
[256,0,112,48,21,12,7,0,1]
[14641,121,15,1,1]
[256,192,112,32,11,8,7,3,1]
[2401,-49,9,-1,1]
[14641,-2662,323,-22,1]
[2401,-294,65,-6,1]
[512,384,200,77,25,6,1]
[15625,2250,247,18,1]
[14641,-1573,81,-13,1]
[15625,1125,64,9,1]
[14641,-242,104,-2,1]
[729,-405,144,-41,16,-5,1]
[4096,1536,240,7,15,6,1]
[1024,-64,-7,-2,1]
[256,0,0,-24,-1,-6,0,0,1]
[15625,-1875,164,-15,1]
[256,-64,48,4,13,1,3,-1,1]
[4096,256,-32,-79,-2,1,1]
[4096,256,432,7,27,1,1]
[256,128,64,-40,-19,-10,4,2,1]
[4096,-768,384,-31,24,-3,1]
[16384,1152,225,9,1]
[4096,0,-80,-67,-5,0,1]
[15625,-1625,208,-13,1]
[6561,1296,164,16,1]
[4096,0,112,63,7,0,1]
[4096,1792,608,125,38,7,1]
[4096,256,-11,4,1]
[256,-128,0,-20,29,-5,0,-2,1]
[256,-64,16,24,-11,6,1,-1,1]
[14641,-2299,224,-19,1]
[4096,256,272,41,17,1,1]
[4096,512,144,89,9,2,1]
[4096,1024,624,125,39,4,1]
[4096,2048,896,231,56,8,1]
[729,-243,45,17,5,-3,1]
[256,-256,192,-112,53,-28,12,-4,1]
[15625,1125,4,9,1]
[4096,0,464,-11,29,0,1]
[256,-192,48,56,-47,14,3,-3,1]
[14641,1210,173,10,1]
[6561,-1134,112,-14,1]
[256,-128,64,20,-13,5,4,-2,1]
[4096,256,-144,-19,-9,1,1]
[14641,-1210,215,-10,1]
[14641,-1210,40,-10,1]
[4096,-256,160,-35,10,-1,1]
[4096,-1280,256,-21,16,-5,1]
[4096,-768,448,-51,28,-3,1]
[729,-243,81,-26,9,-3,1]
[15625,625,-57,5,1]
[729,162,45,10,5,2,1]
[4096,-1536,-128,131,-8,-6,1]
[6561,-648,163,-8,1]
[4096,0,48,-109,3,0,1]
[16384,-1152,77,-9,1]
[16384,-384,-61,-3,1]
[512,64,-48,-9,-6,1,1]
[729,-243,153,-53,17,-3,1]
[4096,1280,528,153,33,5,1]
[256,-256,224,-144,77,-36,14,-4,1]
[729,-486,9,49,1,-6,1]
[256,0,0,-24,9,-6,0,0,1]
[14641,-1694,277,-14,1]
[4096,2560,752,175,47,10,1]
[256,-128,160,-92,49,-23,10,-2,1]
[4096,1024,480,115,30,4,1]
[4096,256,288,25,18,1,1]
[2401,49,-1,1,1]
[4096,-1536,352,-103,22,-6,1]
[4096,768,240,17,15,3,1]
[729,810,477,187,53,10,1]
[4096,-512,-16,3,-1,-2,1]
[14641,-121,129,-1,1]
[4096,768,0,-39,0,3,1]
[2401,-196,8,-4,1]
[256,-64,32,40,-11,10,2,-1,1]
[256,-128,144,-64,41,-16,9,-2,1]
[15625,1500,259,12,1]
[729,-243,234,-50,26,-3,1]
[729,405,225,79,25,5,1]
[4096,1792,560,139,35,7,1]
[4096,-768,176,-57,11,-3,1]
[256,-128,-32,32,-5,8,-2,-2,1]
[14641,3267,361,27,1]
[4096,0,144,-25,9,0,1]
[4096,-1600,277,-25,1]
[4096,256,-128,7,-8,1,1]
[729,0,-45,-19,-5,0,1]
[16384,-1536,273,-12,1]
[4096,-768,64,53,4,-3,1]
[4096,256,-16,-61,-1,1,1]
[14641,2541,313,21,1]
[4096,-1024,224,11,14,-4,1]
[729,324,9,-29,1,4,1]
[4096,-1536,592,-177,37,-6,1]
[4096,-1024,224,5,14,-4,1]
[4096,-512,-32,85,-2,-2,1]
[4096,1024,432,101,27,4,1]
[15625,2000,251,16,1]
[4096,1536,432,107,27,6,1]
[4096,1536,592,189,37,6,1]
[14641,605,5,5,1]
[4096,2048,656,155,41,8,1]
[16384,-896,-3,-7,1]
[81,36,16,4,1]
[4096,1024,432,67,27,4,1]
[14641,-2541,299,-21,1]
[4096,1024,-208,-139,-13,4,1]
[14641,-1331,194,-11,1]
[4096,512,80,97,5,2,1]
[512,-64,-32,29,-4,-1,1]
[15625,-625,-98,-5,1]
[15625,-750,124,-6,1]
[4096,-1024,672,-105,42,-4,1]
[4096,-512,400,-59,25,-2,1]
[15625,125,152,1,1]
[15625,3125,337,25,1]
[4096,1280,144,-21,9,5,1]
[4096,512,448,73,28,2,1]
[4096,-1024,80,47,5,-4,1]
[15625,625,73,5,1]
[4096,-768,448,-45,28,-3,1]
[4096,-1280,-64,69,-4,-5,1]
[15625,750,-34,6,1]
[1024,-160,21,-5,1]
[4096,-768,80,-37,5,-3,1]
[4096,256,112,-51,7,1,1]
[4096,-1024,0,5,0,-4,1]
[4096,-1536,768,-171,48,-6,1]
[14641,1331,29,11,1]
[4096,512,0,-31,0,2,1]
[729,81,-9,7,-1,1,1]
[15625,0,81,0,1]
[256,0,80,-56,7,-14,5,0,1]
[4096,256,304,83,19,1,1]
[256,0,-32,-8,11,-2,-2,0,1]
[14641,1694,152,14,1]
[14641,-1694,139,-14,1]
[256,-192,128,-48,19,-12,8,-3,1]
[729,0,-54,-16,-6,0,1]
[4096,1024,336,117,21,4,1]
[14641,2783,356,23,1]
[15625,-500,-52,-4,1]
[4096,-768,128,41,8,-3,1]
[14641,242,-5,2,1]
[6561,-486,8,-6,1]
[4096,-256,80,-19,5,-1,1]
[512,128,8,-21,1,2,1]
[4096,1280,32,-21,2,5,1]
[4096,256,-32,-69,-2,1,1]
[14641,3025,348,25,1]
[4096,704,63,11,1]
[4096,2048,816,255,51,8,1]
[256,-320,192,-96,51,-24,12,-5,1]
[256,-256,160,-96,57,-24,10,-4,1]
[4096,-1024,208,-87,13,-4,1]
[256,192,144,64,39,16,9,3,1]
[256,-512,576,-444,255,-111,36,-8,1]
[729,-81,144,-17,16,-1,1]
[14641,1452,45,12,1]
[6561,-1458,199,-18,1]
[256,64,80,-12,7,-3,5,1,1]
[6561,-810,82,-10,1]
[15625,-250,241,-2,1]
[2401,-196,101,-4,1]
[6561,810,122,10,1]
[729,486,9,-50,1,6,1]
[4096,256,144,-75,9,1,1]
[256,0,64,16,3,4,4,0,1]
[729,-27,-14,-1,1]
[1024,224,31,7,1]
[4096,1280,256,51,16,5,1]
[256,-128,48,56,-31,14,3,-2,1]
[256,64,-48,-4,19,-1,-3,1,1]
[729,0,0,35,0,0,1]
[16384,4096,505,32,1]
[4096,320,23,5,1]
[14641,121,53,1,1]
[729,81,-18,-7,-2,1,1]
[4096,1280,240,-5,15,5,1]
[14641,0,185,0,1]
[16384,1024,25,8,1]
[4096,0,192,-67,12,0,1]
[4096,1792,448,99,28,7,1]
[256,-320,208,-64,21,-16,13,-5,1]
[729,-324,72,-20,8,-4,1]
[14641,-605,127,-5,1]
[4096,-256,448,-23,28,-1,1]
[4096,-1536,352,-79,22,-6,1]
[4096,-2304,800,-219,50,-9,1]
[256,0,-48,-8,27,-2,-3,0,1]
[4096,2560,608,107,38,10,1]
[15625,-500,-144,-4,1]
[4096,256,480,5,30,1,1]
[4096,1024,-32,-75,-2,4,1]
[15625,-1375,258,-11,1]
[4096,-1024,-48,93,-3,-4,1]
[15625,-375,-84,-3,1]
[14641,-2057,181,-17,1]
[14641,-1815,208,-15,1]
[15625,3125,386,25,1]
[4096,1024,-96,-99,-6,4,1]
[15625,375,-98,3,1]
[256,64,128,60,35,15,8,1,1]
[4096,-512,336,-59,21,-2,1]
[4096,-256,432,-19,27,-1,1]
[4096,-768,-144,43,-9,-3,1]
[15625,-750,11,-6,1]
[4096,1280,576,147,36,5,1]
[14641,1694,172,14,1]
[14641,-363,150,-3,1]
[256,192,112,-8,-7,-2,7,3,1]
[729,-162,-18,1,-2,-2,1]
[15625,-875,96,-7,1]
[4096,512,368,27,23,2,1]
[256,384,352,236,129,59,22,6,1]
[729,81,72,-2,8,1,1]
[15625,-2000,123,-16,1]
[4096,-512,448,-23,28,-2,1]
[256,-64,-16,-8,21,-2,-1,-1,1]
[4096,-128,113,-2,1]
[256,0,-96,0,27,0,-6,0,1]
[4096,0,208,45,13,0,1]
[256,64,80,-48,-5,-12,5,1,1]
[4096,768,160,39,10,3,1]
[512,-192,8,21,1,-3,1]
[14641,-1210,250,-10,1]
[15625,-2375,191,-19,1]
[4096,64,127,1,1]
[4096,1280,576,115,36,5,1]
[729,-162,9,-22,1,-2,1]
[14641,847,96,7,1]
[729,810,423,154,47,10,1]
[512,0,160,-1,20,0,1]
[4096,1024,-144,-141,-9,4,1]
[6561,810,22,10,1]
[4096,-1024,0,15,0,-4,1]
[256,192,96,44,13,11,6,3,1]
[256,64,112,12,33,3,7,1,1]
[4096,1536,768,177,48,6,1]
[4096,-1536,592,-157,37,-6,1]
[14641,3630,456,30,1]
[4096,-1280,560,-153,35,-5,1]
[16384,896,181,7,1]
[16384,1536,185,12,1]
[4096,1024,272,77,17,4,1]
[512,-64,-24,7,-3,-1,1]
[256,48,1,3,1]
[729,0,-28,0,1]
[4096,512,112,7,7,2,1]
[15625,-3750,468,-30,1]
[4096,1280,256,7,16,5,1]
[15625,750,38,6,1]
[256,64,96,0,25,0,6,1,1]
[14641,-1573,51,-13,1]
[14641,-363,130,-3,1]
[729,-324,77,-12,1]
[4096,1792,96,-59,6,7,1]
[2401,-98,64,-2,1]
[729,-243,18,13,2,-3,1]
[729,243,-72,-55,-8,3,1]
[4096,-768,208,-57,13,-3,1]
[729,324,72,19,8,4,1]
[4096,-1024,159,-16,1]
[4096,-64,-47,-1,1]
[256,0,-48,-8,1,-2,-3,0,1]
[256,128,32,32,25,8,2,2,1]
[2401,392,60,8,1]
[729,567,315,118,35,7,1]
[4096,0,144,43,9,0,1]
[256,64,0,-4,15,-1,0,1,1]
[256,-128,64,-12,-3,-3,4,-2,1]
[15625,2250,242,18,1]
[512,64,-32,-17,-4,1,1]
[16384,0,-191,0,1]
[729,0,18,-46,2,0,1]
[4096,-256,-160,17,-10,-1,1]
[14641,0,-96,0,1]
[16384,128,-115,1,1]
[15625,-3125,311,-25,1]
[4096,-704,105,-11,1]
[15625,-3750,469,-30,1]
[4096,512,176,-15,11,2,1]
[15625,-1000,208,-8,1]
[15625,-1750,167,-14,1]
[4096,-1536,576,-181,36,-6,1]
[15625,1250,6,10,1]
[256,128,96,48,35,12,6,2,1]
[2401,588,123,12,1]
[4096,1024,-160,-129,-10,4,1]
[4096,-1280,-48,65,-3,-5,1]
[15625,-1750,291,-14,1]
[512,320,88,13,11,5,1]
[15625,125,7,1,1]
[256,-64,112,-44,33,-11,7,-1,1]
[14641,1815,172,15,1]
[4096,1536,256,33,16,6,1]
[729,162,54,29,6,2,1]
[4096,1024,528,93,33,4,1]
[729,-486,207,-74,23,-6,1]
[4096,1536,496,83,31,6,1]
[14641,605,-41,5,1]
[256,-64,-16,12,7,3,-1,-1,1]
[4096,768,448,87,28,3,1]
[4096,-768,352,-19,22,-3,1]
[16384,1536,21,12,1]
[15625,0,-141,0,1]
[4096,512,112,59,7,2,1]
[6561,648,125,8,1]
[16384,0,-45,0,1]
[4096,0,80,79,5,0,1]
[14641,1089,149,9,1]
[6561,81,148,1,1]
[512,192,120,29,15,3,1]
[4096,1280,192,13,12,5,1]
[4096,0,-96,-7,-6,0,1]
[16384,-3072,357,-24,1]
[4096,1024,160,77,10,4,1]
[4096,-2304,976,-265,61,-9,1]
[512,-64,0,-5,0,-1,1]
[2401,343,90,7,1]
[256,192,64,56,45,14,4,3,1]
[625,225,67,9,1]
[64,32,32,9,8,2,1]
[256,-64,48,12,-3,3,3,-1,1]
[15625,-250,237,-2,1]
[14641,1694,144,14,1]
[4096,-1536,160,17,10,-6,1]
[15625,-250,-66,-2,1]
[729,-81,54,17,6,-1,1]
[14641,2904,336,24,1]
[4096,1536,624,151,39,6,1]
[4096,-1024,496,-139,31,-4,1]
[15625,-375,186,-3,1]
[4096,-2048,816,-211,51,-8,1]
[256,-128,0,4,9,1,0,-2,1]
[16384,-3584,381,-28,1]
[4096,-1280,528,-163,33,-5,1]
[14641,242,-20,2,1]
[15625,250,-143,2,1]
[4096,-768,-240,99,-15,-3,1]
[4096,-256,192,-3,12,-1,1]
[14641,0,52,0,1]
[729,-648,288,-101,32,-8,1]
[4096,1024,-80,-89,-5,4,1]
[256,0,-13,0,1]
[14641,-242,117,-2,1]
[14641,605,-80,5,1]
[15625,625,188,5,1]
[729,0,36,-10,4,0,1]
[4096,-1280,368,-143,23,-5,1]
[4096,-512,432,-73,27,-2,1]
[16384,1024,131,8,1]
[15625,-3250,382,-26,1]
[256,-192,144,-92,45,-23,9,-3,1]
[6561,-1134,101,-14,1]
[4096,1792,416,97,26,7,1]
[256,-320,320,-212,123,-53,20,-5,1]
[256,-128,64,-16,-5,-4,4,-2,1]
[15625,1375,232,11,1]
[256,64,-32,0,1,0,-2,1,1]
[4096,-2816,976,-259,61,-11,1]
[15625,625,126,5,1]
[729,486,108,17,12,6,1]
[729,-324,18,13,2,-4,1]
[4096,-512,256,-25,16,-2,1]
[15625,1375,114,11,1]
[4096,-512,-96,17,-6,-2,1]
[4096,1280,-64,-97,-4,5,1]
[4096,-256,464,-39,29,-1,1]
[6561,1296,209,16,1]
[16384,-256,239,-2,1]
[64,0,0,13,0,0,1]
[256,-256,176,-104,55,-26,11,-4,1]
[4096,1536,480,175,30,6,1]
[4096,-768,224,-103,14,-3,1]
[729,0,0,-13,0,0,1]
[729,243,126,62,14,3,1]
[256,-64,-16,-24,17,-6,-1,-1,1]
[729,-567,171,-40,19,-7,1]
[4096,256,-16,-37,-1,1,1]
[4096,512,240,25,15,2,1]
[256,192,176,104,59,26,11,3,1]
[256,64,-64,-8,15,-2,-4,1,1]
[16384,128,91,1,1]
[14641,242,67,2,1]
[14641,1089,135,9,1]
[14641,-1331,5,-11,1]
[4096,1280,256,61,16,5,1]
[256,-128,112,-36,33,-9,7,-2,1]
[729,-81,-27,17,-3,-1,1]
[256,384,352,228,123,57,22,6,1]
[4096,-2560,912,-237,57,-10,1]
[256,-64,-16,20,-7,5,-1,-1,1]
[16384,-1408,185,-11,1]
[4096,2304,768,211,48,9,1]
[14641,-2904,302,-24,1]
[4096,1024,96,25,6,4,1]
[4096,768,-128,-125,-8,3,1]
[729,-81,45,-20,5,-1,1]
[4096,1280,16,-47,1,5,1]
[14641,605,100,5,1]
[4096,768,96,1,6,3,1]
[4096,-768,192,-33,12,-3,1]
[256,-64,48,16,1,4,3,-1,1]
[15625,3875,474,31,1]
[625,100,37,4,1]
[4096,-1280,512,-129,32,-5,1]
[256,64,48,28,-3,7,3,1,1]
[6561,-891,76,-11,1]
[256,-320,256,-152,83,-38,16,-5,1]
[6561,1620,221,20,1]
[729,162,153,43,17,2,1]
[4096,-1280,592,-111,37,-5,1]
[729,0,45,38,5,0,1]
[15625,3000,381,24,1]
[4096,512,-64,27,-4,2,1]
[4096,1280,224,69,14,5,1]
[6561,1539,217,19,1]
[16384,-1024,-25,-8,1]
[4096,1024,336,133,21,4,1]
[512,256,96,47,12,4,1]
[256,-256,160,-108,67,-27,10,-4,1]
[15625,500,56,4,1]
[4096,-256,-96,-47,-6,-1,1]
[4096,-768,160,-31,10,-3,1]
[2401,490,72,10,1]
[729,162,45,-5,5,2,1]
[256,64,128,40,33,10,8,1,1]
[256,-64,32,-16,-7,-4,2,-1,1]
[14641,1815,197,15,1]
[4096,1280,128,15,8,5,1]
[16384,-2304,327,-18,1]
[4096,-256,-80,35,-5,-1,1]
[256,0,16,-16,-3,-4,1,0,1]
[14641,363,180,3,1]
[4096,256,352,19,22,1,1]
[2401,-196,45,-4,1]
[4096,-256,32,-81,2,-1,1]
[729,81,18,23,2,1,1]
[729,-486,216,-74,24,-6,1]
[256,-320,160,-24,-5,-6,10,-5,1]
[4096,-768,160,39,10,-3,1]
[729,243,45,4,5,3,1]
[729,0,54,31,6,0,1]
[4096,2048,752,183,47,8,1]
[4096,1536,224,11,14,6,1]
[14641,-3267,370,-27,1]
[15625,-2125,231,-17,1]
[512,-64,24,-23,3,-1,1]
[729,-405,135,-32,15,-5,1]
[4096,-768,288,-35,18,-3,1]
[4096,512,528,61,33,2,1]
[4096,-1280,576,-165,36,-5,1]
[6561,324,-46,4,1]
[256,0,16,28,5,7,1,0,1]
[729,0,-72,4,-8,0,1]
[4096,0,320,-19,20,0,1]
[14641,847,-53,7,1]
[4096,-512,-144,51,-9,-2,1]
[4096,1792,656,189,41,7,1]
[4096,192,101,3,1]
[4096,-512,208,-115,13,-2,1]
[15625,375,148,3,1]
[6561,567,128,7,1]
[729,-162,189,-28,21,-2,1]
[6561,-486,58,-6,1]
[729,0,207,-1,23,0,1]
[14641,-484,150,-4,1]
[16384,-1152,27,-9,1]
[14641,121,68,1,1]
[4096,1280,736,157,46,5,1]
[4096,-768,416,-31,26,-3,1]
[256,128,208,88,73,22,13,2,1]
[4096,0,160,11,10,0,1]
[2401,-784,152,-16,1]
[4096,-1280,-48,85,-3,-5,1]
[16384,768,191,6,1]
[14641,1210,57,10,1]
[4096,1280,480,103,30,5,1]
[4096,-1536,208,-13,13,-6,1]
[6561,162,68,2,1]
[4096,-1024,496,-71,31,-4,1]
[256,0,-64,0,21,0,-4,0,1]
[14641,-2057,203,-17,1]
[15625,2875,289,23,1]
[14641,-242,218,-2,1]
[729,-486,171,-43,19,-6,1]
[4096,256,-112,-29,-7,1,1]
[729,162,-36,-37,-4,2,1]
[6561,1215,202,15,1]
[729,-324,216,-68,24,-4,1]
[14641,-2057,277,-17,1]
[16384,-512,87,-4,1]
[729,-243,216,-49,24,-3,1]
[16384,2816,309,22,1]
[14641,-1815,100,-15,1]
[15625,0,-152,0,1]
[4096,-768,464,-91,29,-3,1]
[16384,-256,39,-2,1]
[256,64,64,0,5,0,4,1,1]
[4096,-1536,-96,117,-6,-6,1]
[4096,-1536,496,-137,31,-6,1]
[256,64,0,28,13,7,0,1,1]
[16384,0,39,0,1]
[729,81,99,17,11,1,1]
[256,0,-32,0,19,0,-2,0,1]
[729,-162,117,-28,13,-2,1]
[729,648,405,152,45,8,1]
[14641,-1573,61,-13,1]
[14641,-363,-138,-3,1]
[16384,-1152,-37,-9,1]
[4096,-2304,864,-231,54,-9,1]
[729,297,80,11,1]
[4096,1280,320,109,20,5,1]
[4096,1792,400,53,25,7,1]
[256,128,48,-28,-21,-7,3,2,1]
[16384,-384,35,-3,1]
[14641,1815,288,15,1]
[15625,1625,278,13,1]
[256,256,256,152,93,38,16,4,1]
[729,-162,-45,20,-5,-2,1]
[4096,-2048,736,-217,46,-8,1]
[4096,512,-144,-117,-9,2,1]
[256,128,48,-44,-23,-11,3,2,1]
[15625,-2000,163,-16,1]
[256,-128,112,-56,33,-14,7,-2,1]
[15625,-1000,-53,-8,1]
[4096,0,128,-39,8,0,1]
[4096,-2048,448,-93,28,-8,1]
[16384,-512,25,-4,1]
[4096,0,624,-7,39,0,1]
[16384,2432,205,19,1]
[256,-128,144,-80,43,-20,9,-2,1]
[4096,768,240,23,15,3,1]
[16384,1152,131,9,1]
[4096,320,43,5,1]
[4096,-256,0,63,0,-1,1]
[6561,648,37,8,1]
[256,64,96,8,17,2,6,1,1]
[256,0,-160,0,55,0,-10,0,1]
[4096,1536,48,-75,3,6,1]
[729,162,54,23,6,2,1]
[15625,1750,227,14,1]
[4096,1792,784,195,49,7,1]
[15625,1625,283,13,1]
[625,0,-29,0,1]
[4096,512,128,-5,8,2,1]
[256,-256,128,-36,13,-9,8,-4,1]
[256,64,-96,-8,31,-2,-6,1,1]
[15625,2125,263,17,1]
[4096,-768,144,49,9,-3,1]
[512,128,24,-9,3,2,1]
[4096,-2304,928,-253,58,-9,1]
[729,0,90,-2,10,0,1]
[625,-100,38,-4,1]
[512,512,240,85,30,8,1]
[4096,1024,256,73,16,4,1]
[4096,3072,1104,295,69,12,1]
[4096,-960,133,-15,1]
[4096,-256,64,-47,4,-1,1]
[14641,968,182,8,1]
[15625,2125,131,17,1]
[14641,-121,-131,-1,1]
[1024,224,57,7,1]
[4096,1280,656,159,41,5,1]
[15625,-1750,109,-14,1]
[6561,1053,124,13,1]
[6561,-405,35,-5,1]
[4096,-64,-13,-1,1]
[14641,-1936,260,-16,1]
[729,0,-72,2,-8,0,1]
[256,192,96,40,27,10,6,3,1]
[4096,256,384,-11,24,1,1]
[4096,2048,880,223,55,8,1]
[512,-256,0,23,0,-4,1]
[729,162,-45,-17,-5,2,1]
[15625,-1250,163,-10,1]
[729,324,189,46,21,4,1]
[6561,-1620,260,-20,1]
[625,125,44,5,1]
[729,-324,252,-68,28,-4,1]
[15625,2125,228,17,1]
[256,128,96,32,25,8,6,2,1]
[4096,1280,688,157,43,5,1]
[4096,-384,117,-6,1]
[4096,-768,272,-139,17,-3,1]
[4096,2304,896,259,56,9,1]
[256,-256,96,24,-31,6,6,-4,1]
[15625,2750,288,22,1]
[4096,0,-19,0,1]
[4096,512,128,-23,8,2,1]
[16384,-1408,267,-11,1]
[729,648,225,59,25,8,1]
[4096,256,144,1,9,1,1]
[4096,1536,656,147,41,6,1]
[256,-64,0,-4,11,-1,0,-1,1]
[4096,-768,368,-107,23,-3,1]
[256,-128,0,12,3,3,0,-2,1]
[4096,-1024,528,-109,33,-4,1]
[4096,0,336,-49,21,0,1]
[15625,250,-78,2,1]
[6561,729,148,9,1]
[4096,1024,128,25,8,4,1]
[4096,-2304,912,-275,57,-9,1]
[15625,1250,137,10,1]
[4096,-768,32,13,2,-3,1]
[4096,-1280,416,-99,26,-5,1]
[4096,-1792,320,-49,20,-7,1]
[4096,384,3,6,1]
[4096,0,-49,0,1]
[15625,125,159,1,1]
[6561,486,140,6,1]
[6561,81,-76,1,1]
[14641,-3993,501,-33,1]
[256,128,64,-48,-23,-12,4,2,1]
[16384,-2688,233,-21,1]
[4096,-512,16,87,1,-2,1]
[4096,0,-112,-57,-7,0,1]
[2401,343,34,7,1]
[16384,-2048,171,-16,1]
[4096,0,208,-55,13,0,1]
[256,192,80,24,9,6,5,3,1]
[15625,375,92,3,1]
[16384,384,189,3,1]
[15625,-375,-11,-3,1]
[512,-128,16,-9,2,-2,1]
[15625,1750,216,14,1]
[256,0,32,-28,11,-7,2,0,1]
[4096,512,-48,25,-3,2,1]
[4096,-1792,832,-201,52,-7,1]
[4096,512,112,-39,7,2,1]
[4096,-256,48,-33,3,-1,1]
[2401,0,-11,0,1]
[2401,-637,116,-13,1]
[4096,1024,112,-49,7,4,1]
[4096,-768,368,-57,23,-3,1]
[256,-64,96,36,5,9,6,-1,1]
[4096,2304,704,189,44,9,1]
[256,0,-64,12,25,3,-4,0,1]
[4096,-1280,400,-165,25,-5,1]
[4096,1280,416,83,26,5,1]
[4096,-1792,688,-171,43,-7,1]
[4096,1536,-128,-149,-8,6,1]
[4096,768,160,27,10,3,1]
[15625,2125,279,17,1]
[4096,-768,80,29,5,-3,1]
[4096,-320,-33,-5,1]
[1024,-96,-11,-3,1]
[4096,-1024,192,-45,12,-4,1]
[729,405,-36,-62,-4,5,1]
[729,-324,36,19,4,-4,1]
[4096,1536,336,41,21,6,1]
[4096,-1024,112,17,7,-4,1]
[15625,-1625,256,-13,1]
[16384,128,-65,1,1]
[15625,-750,172,-6,1]
[729,-81,10,-3,1]
[15625,375,-21,3,1]
[729,-162,-45,43,-5,-2,1]
[256,128,112,48,33,12,7,2,1]
[4096,2048,592,157,37,8,1]
[6561,-1296,179,-16,1]
[1024,-256,63,-8,1]
[14641,2783,290,23,1]
[64,32,-8,-9,-2,2,1]
[4096,-1792,48,87,3,-7,1]
[15625,-1000,93,-8,1]
[4096,1536,256,49,16,6,1]
[15625,-125,124,-1,1]
[4096,0,176,5,11,0,1]
[256,0,0,0,5,0,0,0,1]
[256,-256,64,48,-45,12,4,-4,1]
[14641,-1573,211,-13,1]
[4096,-1152,207,-18,1]
[256,-64,64,-40,9,-10,4,-1,1]
[2401,49,-79,1,1]
[4096,1024,384,35,24,4,1]
[1024,448,103,14,1]
[256,-64,16,-12,-5,-3,1,-1,1]
[15625,1750,288,14,1]
[6561,-729,131,-9,1]
[4096,-1536,560,-109,35,-6,1]
[4096,-1792,256,-31,16,-7,1]
[256,64,32,12,5,3,2,1,1]
[4096,-1280,512,-159,32,-5,1]
[256,64,16,16,15,4,1,1,1]
[729,-405,144,-59,16,-5,1]
[256,128,32,4,9,1,2,2,1]
[4096,128,-17,2,1]
[4096,256,-80,-101,-5,1,1]
[4096,256,-64,-77,-4,1,1]
[256,-192,64,-52,41,-13,4,-3,1]
[15625,125,-117,1,1]
[4096,2560,704,149,44,10,1]
[6561,-891,79,-11,1]
[16384,2176,237,17,1]
[4096,-256,-128,-21,-8,-1,1]
[14641,0,108,0,1]
[256,64,48,-20,3,-5,3,1,1]
[256,64,-48,-12,13,-3,-3,1,1]
[4096,2048,288,13,18,8,1]
[15625,-2125,311,-17,1]
[256,192,96,32,21,8,6,3,1]
[4096,-512,160,-101,10,-2,1]
[256,256,240,148,91,37,15,4,1]
[1024,0,59,0,1]
[256,192,160,108,49,27,10,3,1]
[4096,-768,87,-12,1]
[4096,-768,624,-73,39,-3,1]
[256,192,96,28,5,7,6,3,1]
[4096,256,400,53,25,1,1]
[15625,1125,3,9,1]
[729,162,171,26,19,2,1]
[1024,32,57,1,1]
[4096,-768,16,11,1,-3,1]
[6561,243,-40,3,1]
[512,256,-8,-31,-1,4,1]
[4096,-1792,224,11,14,-7,1]
[14641,-2541,233,-21,1]
[6561,243,97,3,1]
[4096,-2304,496,-81,31,-9,1]
[2401,-588,80,-12,1]
[4096,768,0,-57,0,3,1]
[2401,931,173,19,1]
[4096,512,-32,39,-2,2,1]
[14641,-484,130,-4,1]
[4096,-896,133,-14,1]
[4096,256,128,97,8,1,1]
[64,0,4,-11,1,0,1]
[4096,512,-48,-49,-3,2,1]
[4096,256,-80,-11,-5,1,1]
[6561,-1863,283,-23,1]
[15625,0,54,0,1]
[14641,2178,277,18,1]
[15625,-2500,261,-20,1]
[512,-128,56,-39,7,-2,1]
[256,-64,64,36,-1,9,4,-1,1]
[14641,1210,86,10,1]
[625,150,36,6,1]
[15625,0,-194,0,1]
[4096,-256,79,-4,1]
[729,-81,36,-1,4,-1,1]
[6561,324,158,4,1]
[256,128,-16,-12,5,-3,-1,2,1]
[15625,-1125,208,-9,1]
[14641,1210,250,10,1]
[4096,768,115,12,1]
[14641,-726,21,-6,1]
[16384,128,157,1,1]
[729,-270,71,-10,1]
[625,300,73,12,1]
[4096,768,176,-5,11,3,1]
[16384,0,-185,0,1]
[4096,1024,416,59,26,4,1]
[15625,2000,297,16,1]
[6561,-1053,158,-13,1]
[2401,49,44,1,1]
[256,-128,80,-44,35,-11,5,-2,1]
[15625,500,2,4,1]
[4096,-1280,128,21,8,-5,1]
[16384,0,-125,0,1]
[14641,1936,127,16,1]
[4096,0,-128,-7,-8,0,1]
[729,-810,450,-172,50,-10,1]
[256,-128,96,-16,17,-4,6,-2,1]
[4096,-256,-144,83,-9,-1,1]
[4096,2304,912,243,57,9,1]
[4096,-512,416,-47,26,-2,1]
[15625,750,126,6,1]
[14641,-1210,5,-10,1]
[4096,1280,-224,-151,-14,5,1]
[4096,256,96,-13,6,1,1]
[14641,-484,19,-4,1]
[16384,-512,-5,-4,1]
[14641,-484,10,-4,1]
[4096,512,256,55,16,2,1]
[256,256,112,16,-5,4,7,4,1]
[729,-243,72,-37,8,-3,1]
[256,0,-16,-20,3,-5,-1,0,1]
[512,256,112,27,14,4,1]
[729,324,-54,-65,-6,4,1]
[512,0,64,-23,8,0,1]
[14641,1210,78,10,1]
[4096,-256,272,33,17,-1,1]
[512,-256,40,1,5,-4,1]
[4096,-256,-80,115,-5,-1,1]
[625,200,63,8,1]
[256,0,64,-20,9,-5,4,0,1]
[256,256,144,20,1,5,9,4,1]
[256,-192,96,-40,17,-10,6,-3,1]
[729,-81,99,-16,11,-1,1]
[256,-64,96,16,11,4,6,-1,1]
[512,-128,-40,35,-5,-2,1]
[256,192,128,60,27,15,8,3,1]
[256,0,0,8,-19,2,0,0,1]
[4096,-256,160,57,10,-1,1]
[4096,-512,320,-23,20,-2,1]
[14641,1573,49,13,1]
[16384,-768,127,-6,1]
[512,320,-56,-75,-7,5,1]
[4096,-512,112,-17,7,-2,1]
[256,-256,192,-96,51,-24,12,-4,1]
[4096,-1536,736,-185,46,-6,1]
[256,160,55,10,1]
[256,48,25,3,1]
[256,64,-32,-20,3,-5,-2,1,1]
[4096,1280,48,-49,3,5,1]
[2401,-588,101,-12,1]
[14641,3630,426,30,1]
[14641,-484,-149,-4,1]
[2401,-343,89,-7,1]
[15625,125,126,1,1]
[4096,-512,528,-67,33,-2,1]
[16384,896,265,7,1]
[4096,1792,288,27,18,7,1]
[256,-384,336,-204,107,-51,21,-6,1]
[4096,-3584,1680,-513,105,-14,1]
[4096,-768,416,-61,26,-3,1]
[729,81,27,-11,3,1,1]
[15625,-750,139,-6,1]
[4096,0,368,-7,23,0,1]
[4096,-2048,704,-213,44,-8,1]
[4096,-1024,80,43,5,-4,1]
[16384,-2688,301,-21,1]
[4096,-1536,48,59,3,-6,1]
[256,128,48,36,23,9,3,2,1]
[256,64,16,-12,-5,-3,1,1,1]
[4096,0,-32,65,-2,0,1]
[4096,256,-32,-5,-2,1,1]
[729,0,-27,29,-3,0,1]
[729,27,-7,1,1]
[6561,-1296,131,-16,1]
[4096,-512,240,-41,15,-2,1]
[625,100,24,4,1]
[256,0,48,12,11,3,3,0,1]
[15625,-375,-63,-3,1]
[16384,-2432,217,-19,1]
[4096,-768,160,-33,10,-3,1]
[6561,-324,-22,-4,1]
[15625,875,-4,7,1]
[729,486,0,-55,0,6,1]
[64,64,40,21,10,4,1]
[256,-384,384,-276,159,-69,24,-6,1]
[16384,1920,101,15,1]
[4096,-512,80,25,5,-2,1]
[14641,-1331,124,-11,1]
[14641,-484,-53,-4,1]
[256,192,176,72,47,18,11,3,1]
[16384,768,243,6,1]
[4096,0,160,-77,10,0,1]
[729,54,-23,2,1]
[16384,-4736,591,-37,1]
[256,-64,48,-32,-1,-8,3,-1,1]
[256,-384,304,-172,85,-43,19,-6,1]
[15625,-1500,73,-12,1]
[4096,256,-64,25,-4,1,1]
[4096,0,112,47,7,0,1]
[4096,-2048,560,-133,35,-8,1]
[6561,-162,71,-2,1]
[4096,-256,-96,93,-6,-1,1]
[4096,-1024,400,-73,25,-4,1]
[15625,-125,183,-1,1]
[15625,-375,64,-3,1]
[729,-81,-9,22,-1,-1,1]
[4096,512,-32,43,-2,2,1]
[4096,-1792,944,-221,59,-7,1]
[14641,-968,-2,-8,1]
[15625,1000,-58,8,1]
[16384,-256,131,-2,1]
[14641,-484,227,-4,1]
[16384,640,-113,5,1]
[16384,3968,483,31,1]
[256,64,16,4,23,1,1,1,1]
[14641,1573,168,13,1]
[4096,1024,304,57,19,4,1]
[729,405,126,23,14,5,1]
[4096,1280,512,163,32,5,1]
[15625,250,61,2,1]
[15625,-2000,189,-16,1]
[256,0,80,32,9,8,5,0,1]
[15625,-1875,147,-15,1]
[4096,0,-45,0,1]
[729,-135,8,-5,1]
[4096,-1536,704,-191,44,-6,1]
[4096,1536,576,191,36,6,1]
[4096,-1024,336,-125,21,-4,1]
[4096,-1536,-96,119,-6,-6,1]
[16384,-3456,385,-27,1]
[4096,768,128,55,8,3,1]
[2401,-490,113,-10,1]
[4096,-1024,-16,79,-1,-4,1]
[729,81,27,29,3,1,1]
[256,128,192,92,65,23,12,2,1]
[512,192,144,37,18,3,1]
[4096,-320,7,-5,1]
[14641,-3267,382,-27,1]
[512,320,120,39,15,5,1]
[14641,1694,158,14,1]
[729,-648,369,-136,41,-8,1]
[6561,-81,161,-1,1]
[256,-64,32,-24,1,-6,2,-1,1]
[729,-405,72,-10,8,-5,1]
[729,81,18,5,2,1,1]
[4096,768,496,97,31,3,1]
[4096,512,448,17,28,2,1]
[256,-64,112,-16,37,-4,7,-1,1]
[4096,512,-16,-35,-1,2,1]
[4096,-768,-192,123,-12,-3,1]
[729,-567,279,-97,31,-7,1]
[6561,-1701,245,-21,1]
[729,162,9,5,1,2,1]
[14641,0,-123,0,1]
[4096,768,-192,-107,-12,3,1]
[512,0,-48,7,-6,0,1]
[256,-128,48,0,-3,0,3,-2,1]
[4096,-1536,416,-141,26,-6,1]
[729,81,63,43,7,1,1]
[729,-324,162,-53,18,-4,1]
[4096,-512,224,-9,14,-2,1]
[16384,-1024,47,-8,1]
[1024,-128,21,-4,1]
[4096,1280,16,-61,1,5,1]
[6561,-648,-10,-8,1]
[256,64,16,-20,-11,-5,1,1,1]
[4096,-1792,256,-9,16,-7,1]
[4096,-1792,640,-221,40,-7,1]
[512,-64,144,-11,18,-1,1]
[4096,1280,0,-55,0,5,1]
[729,243,135,40,15,3,1]
[512,320,136,53,17,5,1]
[256,-128,48,28,-17,7,3,-2,1]
[256,-128,16,-20,27,-5,1,-2,1]
[729,-324,117,-37,13,-4,1]
[512,256,8,-23,1,4,1]
[14641,-1089,84,-9,1]
[256,192,48,4,5,1,3,3,1]
[256,0,-48,4,-1,1,-3,0,1]
[16384,-1152,259,-9,1]
[15625,875,184,7,1]
[4096,768,240,139,15,3,1]
[729,-486,270,-91,30,-6,1]
[4096,0,400,-25,25,0,1]
[14641,-2178,223,-18,1]
[512,-256,224,-65,28,-4,1]
[14641,121,235,1,1]
[256,64,64,-60,-15,-15,4,1,1]
[16384,768,171,6,1]
[4096,-1280,-112,133,-7,-5,1]
[4096,2304,704,165,44,9,1]
[729,0,18,25,2,0,1]
[16384,512,-151,4,1]
[4096,256,-5,4,1]
[15625,-1500,52,-12,1]
[256,-64,-32,20,-1,5,-2,-1,1]
[4096,2048,464,91,29,8,1]
[256,64,0,-24,-3,-6,0,1,1]
[256,-64,16,-8,19,-2,1,-1,1]
[4096,2560,592,99,37,10,1]
[16384,-128,-107,-1,1]
[4096,-1280,96,3,6,-5,1]
[256,128,112,56,37,14,7,2,1]
[256,128,96,20,19,5,6,2,1]
[1024,160,27,5,1]
[15625,125,-83,1,1]
[16384,2432,187,19,1]
[729,405,252,89,28,5,1]
[4096,-512,176,29,11,-2,1]
[14641,-968,203,-8,1]
[4096,-1024,448,-71,28,-4,1]
[729,0,45,1,5,0,1]
[16384,-1664,173,-13,1]
[4096,-1024,528,-135,33,-4,1]
[4096,3072,1440,421,90,12,1]
[16384,1536,71,12,1]
[256,0,-48,16,17,4,-3,0,1]
[2401,-245,30,-5,1]
[15625,1500,186,12,1]
[4096,1536,560,175,35,6,1]
[14641,-605,43,-5,1]
[15625,0,118,0,1]
[16384,-1664,145,-13,1]
[729,-324,207,-55,23,-4,1]
[729,216,53,8,1]
[256,-64,16,36,-11,9,1,-1,1]
[4096,1792,672,177,42,7,1]
[4096,2048,576,127,36,8,1]
[729,-162,144,-13,16,-2,1]
[14641,-605,227,-5,1]
[4096,1536,160,13,10,6,1]
[512,-448,248,-101,31,-7,1]
[4096,1536,384,47,24,6,1]
[4096,768,192,95,12,3,1]
[256,64,48,12,5,3,3,1,1]
[4096,0,-144,1,-9,0,1]
[729,-81,27,-5,3,-1,1]
[256,0,48,0,9,0,3,0,1]
[4096,-256,0,-13,0,-1,1]
[4096,1280,320,83,20,5,1]
[15625,2500,338,20,1]
[15625,-2500,204,-20,1]
[16384,-1152,19,-9,1]
[16384,1408,253,11,1]
[256,192,64,-48,-39,-12,4,3,1]
[15625,-1375,171,-11,1]
[729,-648,279,-92,31,-8,1]
[4096,576,17,9,1]
[6561,-81,98,-1,1]
[4096,-1024,384,-105,24,-4,1]
[14641,-2299,250,-19,1]
[256,-320,112,72,-75,18,7,-5,1]
[256,448,448,324,181,81,28,7,1]
[256,384,336,196,103,49,21,6,1]
[256,-256,256,-168,95,-42,16,-4,1]
[729,-162,99,-41,11,-2,1]
[512,-256,112,-41,14,-4,1]
[16384,128,155,1,1]
[15625,1250,91,10,1]
[6561,324,-56,4,1]
[4096,1792,400,55,25,7,1]
[15625,625,-1,5,1]
[4096,0,16,-39,1,0,1]
[4096,512,240,101,15,2,1]
[729,162,27,-16,3,2,1]
[256,-128,32,44,-35,11,2,-2,1]
[14641,968,81,8,1]
[4096,-1024,-32,19,-2,-4,1]
[4096,-512,0,81,0,-2,1]
[4096,1280,-224,-161,-14,5,1]
[625,-300,81,-12,1]
[4096,1024,528,69,33,4,1]
[4096,-1024,320,-109,20,-4,1]
[14641,242,38,2,1]
[4096,-1280,64,13,4,-5,1]
[16384,-128,-35,-1,1]
[16384,-896,117,-7,1]
[256,-384,352,-236,129,-59,22,-6,1]
[14641,-1573,159,-13,1]
[512,-320,152,-59,19,-5,1]
[256,-128,80,-40,31,-10,5,-2,1]
[6561,-1863,287,-23,1]
[256,-192,64,36,-33,9,4,-3,1]
[256,192,16,-36,-23,-9,1,3,1]
[14641,3146,343,26,1]
[6561,-1377,148,-17,1]
[256,128,-48,4,31,1,-3,2,1]
[4096,256,432,51,27,1,1]
[256,-256,96,20,-25,5,6,-4,1]
[4096,-1024,128,-57,8,-4,1]
[256,128,80,40,17,10,5,2,1]
[15625,-500,59,-4,1]
[729,-648,378,-140,42,-8,1]
[6561,-324,73,-4,1]
[4096,-448,103,-7,1]
[4096,0,368,-3,23,0,1]
[15625,-1875,141,-15,1]
[256,0,16,12,-21,3,1,0,1]
[729,0,108,17,12,0,1]
[256,0,64,20,21,5,4,0,1]
[4096,-2048,576,-135,36,-8,1]
[6561,891,146,11,1]
[6561,405,92,5,1]
[16384,-768,251,-6,1]
[4096,2048,736,229,46,8,1]
[15625,-250,78,-2,1]
[4096,-256,0,61,0,-1,1]
[4096,-1280,400,-157,25,-5,1]
[4096,-2816,1120,-335,70,-11,1]
[4096,-3072,1232,-349,77,-12,1]
[256,-192,112,-80,53,-20,7,-3,1]
[4096,1792,-16,-113,-1,7,1]
[4096,1536,192,5,12,6,1]
[4096,0,16,-51,1,0,1]
[4096,768,256,109,16,3,1]
[4096,512,-16,-101,-1,2,1]
[16384,-512,23,-4,1]
[15625,1625,173,13,1]
[4096,-1024,144,25,9,-4,1]
[4096,-448,95,-7,1]
[512,0,-24,15,-3,0,1]
[256,0,-144,0,43,0,-9,0,1]
[729,162,81,34,9,2,1]
[4096,-1024,-32,27,-2,-4,1]
[14641,-847,19,-7,1]
[256,128,80,44,19,11,5,2,1]
[6561,405,-14,5,1]
[4096,-768,-160,111,-10,-3,1]
[512,64,64,23,8,1,1]
[256,0,0,-28,-1,-7,0,0,1]
[2401,-98,69,-2,1]
[14641,-726,105,-6,1]
[256,128,64,24,17,6,4,2,1]
[16384,-1024,251,-8,1]
[256,-192,112,-88,49,-22,7,-3,1]
[4096,3840,1888,577,118,15,1]
[15625,1375,246,11,1]
[729,-567,306,-122,34,-7,1]
[4096,256,-208,-21,-13,1,1]
[4096,-1024,144,-41,9,-4,1]
[256,-64,-32,-12,19,-3,-2,-1,1]
[4096,1024,48,-21,3,4,1]
[729,243,-27,-47,-3,3,1]
[512,-128,-8,25,-1,-2,1]
[14641,-1089,54,-9,1]
[256,-384,400,-288,165,-72,25,-6,1]
[4096,-1024,16,-3,1,-4,1]
[256,320,176,68,29,17,11,5,1]
[256,-64,48,36,-9,9,3,-1,1]
[4096,0,96,-93,6,0,1]
[16384,256,185,2,1]
[6561,648,49,8,1]
[4096,-1024,384,-43,24,-4,1]
[6561,-567,53,-7,1]
[4096,256,160,-47,10,1,1]
[4096,-256,83,-4,1]
[256,-64,80,-12,25,-3,5,-1,1]
[4096,-256,96,59,6,-1,1]
[4096,-3584,1584,-467,99,-14,1]
[4096,-1536,64,63,4,-6,1]
[729,486,180,62,20,6,1]
[2401,-245,22,-5,1]
[4096,-1024,-192,149,-12,-4,1]
[4096,-768,176,7,11,-3,1]
[14641,-484,54,-4,1]
[4096,-512,320,-53,20,-2,1]
[4096,1280,656,155,41,5,1]
[14641,-2783,361,-23,1]
[4096,-256,160,39,10,-1,1]
[256,64,80,24,29,6,5,1,1]
[729,0,81,-1,9,0,1]
[4096,-3328,1152,-287,72,-13,1]
[4096,-768,-208,113,-13,-3,1]
[4096,-512,-208,69,-13,-2,1]
[4096,0,80,-1,5,0,1]
[16384,0,-79,0,1]
[4096,1280,-208,-143,-13,5,1]
[16384,128,-121,1,1]
[4096,1280,-32,-65,-2,5,1]
[512,-64,-24,41,-3,-1,1]
[16384,640,135,5,1]
[2401,-343,61,-7,1]
[256,192,192,112,69,28,12,3,1]
[4096,-256,544,-25,34,-1,1]
[256,0,144,0,41,0,9,0,1]
[729,243,108,38,12,3,1]
[4096,-1792,368,-87,23,-7,1]
[15625,-375,-37,-3,1]
[14641,726,129,6,1]
[4096,-3328,1472,-431,92,-13,1]
[256,0,-32,0,-3,0,-2,0,1]
[4096,1280,80,-53,5,5,1]
[6561,-1215,122,-15,1]
[14641,-605,167,-5,1]
[15625,-2500,342,-20,1]
[15625,-375,-152,-3,1]
[4096,1792,288,21,18,7,1]
[4096,768,96,13,6,3,1]
[4096,0,272,-63,17,0,1]
[14641,-605,56,-5,1]
[4096,-768,112,27,7,-3,1]
[16384,-1536,215,-12,1]
[6561,81,16,1,1]
[4096,768,48,-37,3,3,1]
[1024,64,-3,2,1]
[15625,1000,-9,8,1]
[16384,256,7,2,1]
[256,-64,64,12,9,3,4,-1,1]
[6561,-162,47,-2,1]
[4096,512,432,79,27,2,1]
[256,384,176,-36,-59,-9,11,6,1]
[256,0,-64,-4,15,-1,-4,0,1]
[4096,2304,400,37,25,9,1]
[4096,-1280,16,77,1,-5,1]
[256,-64,80,-32,31,-8,5,-1,1]
[256,-64,64,8,9,2,4,-1,1]
[14641,968,-58,8,1]
[4096,-1024,-16,23,-1,-4,1]
[4096,1024,240,35,15,4,1]
[16384,896,123,7,1]
[4096,-1536,16,83,1,-6,1]
[4096,-1024,480,-95,30,-4,1]
[4096,-256,160,21,10,-1,1]
[4096,-2048,448,-69,28,-8,1]
[256,0,-112,8,37,2,-7,0,1]
[14641,-847,157,-7,1]
[256,64,0,-16,-25,-4,0,1,1]
[14641,-2057,153,-17,1]
[15625,-4125,493,-33,1]
[4096,256,128,-43,8,1,1]
[16384,-1152,-21,-9,1]
[4096,2560,1152,319,72,10,1]
[6561,-891,37,-11,1]
[4096,0,0,27,0,0,1]
[4096,-256,48,-107,3,-1,1]
[512,192,80,23,10,3,1]
[4096,-768,256,-21,16,-3,1]
[6561,-891,187,-11,1]
[4096,-256,-64,13,-4,-1,1]
[4096,-1024,192,-29,12,-4,1]
[625,100,34,4,1]
[4096,2048,448,91,28,8,1]
[6561,-1377,151,-17,1]
[4096,0,96,-31,6,0,1]
[14641,-2420,267,-20,1]
[4096,512,336,35,21,2,1]
[2401,343,69,7,1]
[15625,125,137,1,1]
[15625,-625,157,-5,1]
[4096,-1024,-48,85,-3,-4,1]
[256,-128,32,16,-11,4,2,-2,1]
[4096,-256,0,41,0,-1,1]
[4096,1280,336,113,21,5,1]
[2401,392,94,8,1]
[15625,-1000,114,-8,1]
[729,-162,36,-8,4,-2,1]
[256,-192,48,-32,25,-8,3,-3,1]
[14641,-3872,486,-32,1]
[4096,512,272,-1,17,2,1]
[4096,0,608,5,38,0,1]
[256,-64,96,-36,33,-9,6,-1,1]
[16384,-512,47,-4,1]
[4096,2048,160,-49,10,8,1]
[4096,768,160,35,10,3,1]
[15625,-750,-53,-6,1]
[4096,2560,1072,301,67,10,1]
[729,81,-27,-37,-3,1,1]
[729,-81,108,-35,12,-1,1]
[4096,512,384,95,24,2,1]
[16384,-640,111,-5,1]
[625,-375,102,-15,1]
[256,-192,96,-24,-1,-6,6,-3,1]
[6561,0,8,0,1]
[6561,81,107,1,1]
[2401,-49,-81,-1,1]
[4096,1024,128,-15,8,4,1]
[256,192,112,80,49,20,7,3,1]
[729,486,207,68,23,6,1]
[4096,-2304,656,-145,41,-9,1]
[4096,1280,464,97,29,5,1]
[6561,162,-11,2,1]
[15625,1500,64,12,1]
[15625,625,44,5,1]
[4096,-448,131,-7,1]
[14641,-1936,230,-16,1]
[4096,256,240,71,15,1,1]
[729,-81,9,7,1,-1,1]
[729,81,153,23,17,1,1]
[15625,750,257,6,1]
[6561,891,116,11,1]
[4096,768,288,73,18,3,1]
[4096,256,0,-39,0,1,1]
[4096,-512,240,-27,15,-2,1]
[15625,2000,176,16,1]
[256,128,32,-4,-5,-1,2,2,1]
[512,256,128,33,16,4,1]
[15625,-2500,317,-20,1]
[4096,768,-80,-105,-5,3,1]
[4096,-768,-160,117,-10,-3,1]
[4096,-2304,592,-127,37,-9,1]
[15625,-2500,267,-20,1]
[6561,-891,173,-11,1]
[14641,2783,364,23,1]
[4096,-1280,-192,161,-12,-5,1]
[15625,750,-33,6,1]
[64,-80,48,-23,12,-5,1]
[4096,512,272,85,17,2,1]
[4096,1280,624,137,39,5,1]
[256,128,80,28,7,7,5,2,1]
[2401,98,-26,2,1]
[4096,0,160,-35,10,0,1]
[4096,0,528,-13,33,0,1]
[256,128,48,12,17,3,3,2,1]
[256,64,-96,4,41,1,-6,1,1]
[14641,1210,31,10,1]
[4096,-256,160,13,10,-1,1]
[15625,-500,124,-4,1]
[14641,484,4,4,1]
[4096,512,176,-21,11,2,1]
[16384,-128,131,-1,1]
[14641,-1089,239,-9,1]
[4096,-512,480,-27,30,-2,1]
[4096,1024,-32,-25,-2,4,1]
[4096,-512,16,51,1,-2,1]
[256,-320,224,-124,65,-31,14,-5,1]
[512,-64,56,-33,7,-1,1]
[4096,1792,576,169,36,7,1]
[512,64,16,7,2,1,1]
[4096,0,256,-3,16,0,1]
[4096,1024,256,5,16,4,1]
[4096,768,368,61,23,3,1]
[4096,1280,544,143,34,5,1]
[4096,1536,416,119,26,6,1]
[14641,484,-135,4,1]
[256,-64,48,-20,-1,-5,3,-1,1]
[4096,2304,592,117,37,9,1]
[729,-243,198,-43,22,-3,1]
[4096,3072,1280,363,80,12,1]
[512,0,96,-13,12,0,1]
[4096,-768,192,29,12,-3,1]
[256,-128,16,32,-19,8,1,-2,1]
[512,-448,264,-109,33,-7,1]
[4096,-512,16,-45,1,-2,1]
[15625,1000,21,8,1]
[14641,-1210,266,-10,1]
[729,-324,225,-61,25,-4,1]
[4096,768,-144,-53,-9,3,1]
[4096,-2048,720,-213,45,-8,1]
[4096,-768,256,-95,16,-3,1]
[4096,-256,-15,-4,1]
[4096,-768,-176,57,-11,-3,1]
[4096,0,48,-13,3,0,1]
[729,324,153,53,17,4,1]
[512,-256,112,-55,14,-4,1]
[4096,-1024,64,5,4,-4,1]
[4096,-1280,320,-61,20,-5,1]
[6561,324,86,4,1]
[15625,-2500,214,-20,1]
[729,486,279,103,31,6,1]
[512,128,48,37,6,2,1]
[256,-128,32,8,5,2,2,-2,1]
[256,-128,0,40,-21,10,0,-2,1]
[16384,-1280,37,-10,1]
[4096,2304,848,241,53,9,1]
[16384,768,3,6,1]
[256,384,288,128,55,32,18,6,1]
[256,-128,48,-40,37,-10,3,-2,1]
[4096,1536,352,57,22,6,1]
[14641,363,-162,3,1]
[4096,512,48,-15,3,2,1]
[256,-64,64,8,-1,2,4,-1,1]
[14641,1815,252,15,1]
[256,-128,80,36,-15,9,5,-2,1]
[4096,0,-80,65,-5,0,1]
[4096,512,368,95,23,2,1]
[4096,2560,864,233,54,10,1]
[512,128,40,13,5,2,1]
[15625,-2500,324,-20,1]
[4096,2304,944,245,59,9,1]
[4096,-256,-128,89,-8,-1,1]
[4096,-1024,304,-67,19,-4,1]
[14641,1452,254,12,1]
[4096,512,336,21,21,2,1]
[16384,-128,253,-1,1]
[4096,-1792,528,-127,33,-7,1]
[256,192,96,64,33,16,6,3,1]
[729,-567,207,-56,23,-7,1]
[256,-128,48,-8,-11,-2,3,-2,1]
[14641,2299,199,19,1]
[729,-324,-27,37,-3,-4,1]
[512,-576,320,-127,40,-9,1]
[729,-405,162,-58,18,-5,1]
[14641,-4235,531,-35,1]
[512,896,704,319,88,14,1]
[14641,-1089,112,-9,1]
[4096,768,176,61,11,3,1]
[256,64,0,0,9,0,0,1,1]
[4096,512,272,27,17,2,1]
[14641,-2420,317,-20,1]
[4096,1792,352,61,22,7,1]
[14641,121,215,1,1]
[256,64,0,-16,-11,-4,0,1,1]
[15625,-125,-159,-1,1]
[4096,-1536,64,37,4,-6,1]
[14641,0,98,0,1]
[4096,-192,117,-3,1]
[14641,-121,167,-1,1]
[6561,-729,140,-9,1]
[4096,256,80,19,5,1,1]
[4096,768,-112,-51,-7,3,1]
[625,75,43,3,1]
[4096,768,560,59,35,3,1]
[4096,2304,576,125,36,9,1]
[14641,-2057,185,-17,1]
[14641,-121,27,-1,1]
[729,567,171,38,19,7,1]
[4096,-512,-32,109,-2,-2,1]
[14641,1452,114,12,1]
[512,0,104,1,13,0,1]
[256,192,96,56,33,14,6,3,1]
[4096,-1792,656,-213,41,-7,1]
[512,-640,440,-189,55,-10,1]
[729,-27,52,-1,1]
[729,-324,207,-52,23,-4,1]
[256,128,96,16,19,4,6,2,1]
[4096,-512,64,31,4,-2,1]
[4096,0,416,25,26,0,1]
[4096,-1536,-64,101,-4,-6,1]
[256,192,80,0,-5,0,5,3,1]
[1024,0,-3,0,1]
[4096,-1024,272,-81,17,-4,1]
[14641,484,-45,4,1]
[4096,-1280,480,-133,30,-5,1]
[16384,-896,253,-7,1]
[512,-64,-32,13,-4,-1,1]
[256,-128,32,32,-31,8,2,-2,1]
[4096,-1024,192,-43,12,-4,1]
[4096,1280,432,161,27,5,1]
[4096,1024,336,19,21,4,1]
[4096,512,160,101,10,2,1]
[4096,-1792,768,-223,48,-7,1]
[256,-64,-112,12,31,3,-7,-1,1]
[6561,162,-122,2,1]
[4096,-768,64,-43,4,-3,1]
[4096,-512,-32,-31,-2,-2,1]
[15625,375,-52,3,1]
[729,-81,126,-32,14,-1,1]
[4096,1280,96,5,6,5,1]
[14641,605,-2,5,1]
[14641,2057,138,17,1]
[15625,-1250,154,-10,1]
[729,-486,99,-5,11,-6,1]
[15625,125,-58,1,1]
[256,384,240,60,7,15,15,6,1]
[6561,729,74,9,1]
[4096,512,224,-21,14,2,1]
[256,128,112,68,23,17,7,2,1]
[256,320,240,132,67,33,15,5,1]
[625,-225,46,-9,1]
[4096,1024,448,131,28,4,1]
[512,-256,-8,37,-1,-4,1]
[4096,256,368,43,23,1,1]
[4096,1280,400,147,25,5,1]
[4096,-1024,-96,89,-6,-4,1]
[256,-128,80,-44,41,-11,5,-2,1]
[256,0,-96,-4,25,-1,-6,0,1]
[256,320,272,172,91,43,17,5,1]
[4096,-768,464,-41,29,-3,1]
[4096,-512,96,-105,6,-2,1]
[2401,-196,44,-4,1]
[14641,-2178,203,-18,1]
[4096,1280,96,-27,6,5,1]
[4096,256,368,-19,23,1,1]
[4096,1024,-80,-63,-5,4,1]
[4096,-192,61,-3,1]
[256,64,64,32,19,8,4,1,1]
[256,-128,48,4,7,1,3,-2,1]
[4096,-1536,304,-21,19,-6,1]
[729,486,198,70,22,6,1]
[15625,1000,38,8,1]
[15625,2250,226,18,1]
[2401,-588,118,-12,1]
[512,0,-16,7,-2,0,1]
[14641,726,53,6,1]
[4096,-1792,656,-179,41,-7,1]
[4096,-512,-144,21,-9,-2,1]
[4096,-512,464,-37,29,-2,1]
[256,-192,192,-108,67,-27,12,-3,1]
[4096,-2560,832,-205,52,-10,1]
[4096,256,128,107,8,1,1]
[512,-192,-24,37,-3,-3,1]
[4096,-256,240,53,15,-1,1]
[4096,-1792,800,-199,50,-7,1]
[256,256,192,116,53,29,12,4,1]
[4096,1536,112,-49,7,6,1]
[14641,2057,180,17,1]
[16384,256,15,2,1]
[6561,486,-26,6,1]
[4096,1280,544,101,34,5,1]
[256,-64,-48,-8,19,-2,-3,-1,1]
[1024,384,83,12,1]
[4096,512,400,11,25,2,1]
[4096,-256,304,35,19,-1,1]
[256,576,688,552,321,138,43,9,1]
[14641,-1210,131,-10,1]
[14641,-2057,163,-17,1]
[14641,-847,13,-7,1]
[4096,512,400,77,25,2,1]
[4096,-768,96,33,6,-3,1]
[4096,2048,816,235,51,8,1]
[729,162,63,37,7,2,1]
[256,0,0,8,13,2,0,0,1]
[512,384,152,47,19,6,1]
[256,192,112,72,43,18,7,3,1]
[729,-324,216,-58,24,-4,1]
[4096,2560,1152,323,72,10,1]
[15625,-2750,353,-22,1]
[14641,-2904,355,-24,1]
[4096,-1536,208,-7,13,-6,1]
[4096,-1024,304,-21,19,-4,1]
[256,0,32,24,3,6,2,0,1]
[256,384,304,164,79,41,19,6,1]
[2401,-833,163,-17,1]
[4096,-1024,368,-119,23,-4,1]
[256,64,192,48,65,12,12,1,1]
[6561,324,-52,4,1]
[14641,-1936,266,-16,1]
[729,-81,18,-26,2,-1,1]
[15625,-2250,304,-18,1]
[4096,-1792,992,-231,62,-7,1]
[256,-384,288,-176,97,-44,18,-6,1]
[81,-9,2,-1,1]
[4096,-2048,832,-209,52,-8,1]
[16384,-384,-25,-3,1]
[729,567,288,113,32,7,1]
[512,128,72,-3,9,2,1]
[14641,2178,262,18,1]
[4096,-512,16,11,1,-2,1]
[15625,-1125,-47,-9,1]
[15625,-2250,241,-18,1]
[729,-324,189,-52,21,-4,1]
[4096,2560,576,95,36,10,1]
[15625,1625,147,13,1]
[4096,1792,624,181,39,7,1]
[4096,-512,0,67,0,-2,1]
[14641,121,18,1,1]
[15625,1375,277,11,1]
[15625,2750,312,22,1]
[14641,-847,133,-7,1]
[14641,2299,304,19,1]
[16384,768,29,6,1]
[15625,-4500,569,-36,1]
[4096,-256,-16,-21,-1,-1,1]
[16384,-1664,93,-13,1]
[256,-256,160,-80,33,-20,10,-4,1]
[64,48,12,3,3,3,1]
[4096,1280,-32,-87,-2,5,1]
[256,64,16,-4,-1,-1,1,1,1]
[729,405,225,85,25,5,1]
[15625,-1875,121,-15,1]
[256,128,48,20,5,5,3,2,1]
[512,192,64,29,8,3,1]
[4096,768,192,77,12,3,1]
[4096,1536,320,29,20,6,1]
[16384,-1792,161,-14,1]
[4096,1280,205,20,1]
[4096,512,-128,-23,-8,2,1]
[15625,750,-91,6,1]
[256,-128,64,-20,1,-5,4,-2,1]
[256,64,96,32,21,8,6,1,1]
[4096,-1280,656,-131,41,-5,1]
[16384,-1024,37,-8,1]
[6561,648,71,8,1]
[121,-8,1]
[2401,-245,47,-5,1]
[4096,-1280,672,-161,42,-5,1]
[512,-640,432,-187,54,-10,1]
[256,64,80,4,13,1,5,1,1]
[4096,-256,64,83,4,-1,1]
[256,-64,48,4,3,1,3,-1,1]
[729,-81,63,-34,7,-1,1]
[15625,1625,168,13,1]
[4096,-1024,-176,95,-11,-4,1]
[4096,-768,64,-41,4,-3,1]
[729,162,-18,-40,-2,2,1]
[4096,1024,544,105,34,4,1]
[4096,-256,-96,43,-6,-1,1]
[729,-81,9,-14,1,-1,1]
[256,192,16,0,11,0,1,3,1]
[15625,750,-103,6,1]
[4096,-768,144,-81,9,-3,1]
[4096,2304,816,235,51,9,1]
[15625,750,-13,6,1]
[4096,960,143,15,1]
[4096,-256,160,-97,10,-1,1]
[4096,-1024,64,59,4,-4,1]
[512,320,128,47,16,5,1]
[4096,-768,272,-35,17,-3,1]
[256,64,96,32,19,8,6,1,1]
[729,0,9,13,1,0,1]
[256,-64,96,-32,23,-8,6,-1,1]
[2401,490,122,10,1]
[2401,-441,71,-9,1]
[4096,256,112,81,7,1,1]
[16384,1920,259,15,1]
[4096,256,105,4,1]
[729,-81,-54,4,-6,-1,1]
[16384,384,201,3,1]
[256,-192,112,-76,39,-19,7,-3,1]
[16384,-384,-21,-3,1]
[256,-192,144,-72,35,-18,9,-3,1]
[4096,1024,400,109,25,4,1]
[4096,1280,-64,-115,-4,5,1]
[15625,2000,121,16,1]
[4096,512,576,57,36,2,1]
[512,256,112,31,14,4,1]
[14641,-2541,258,-21,1]
[64,64,31,8,1]
[4096,2048,704,179,44,8,1]
[256,128,96,-16,-1,-4,6,2,1]
[1024,-352,85,-11,1]
[4096,-512,160,47,10,-2,1]
[2401,735,131,15,1]
[14641,-1694,71,-14,1]
[256,192,48,44,41,11,3,3,1]
[729,-162,171,-38,19,-2,1]
[2401,-637,114,-13,1]
[4096,768,208,-15,13,3,1]
[15625,-2875,338,-23,1]
[256,128,32,16,17,4,2,2,1]
[4096,-1024,592,-123,37,-4,1]
[4096,448,97,7,1]
[14641,-1210,102,-10,1]
[14641,-2299,204,-19,1]
[729,27,-37,1,1]
[4096,256,224,-5,14,1,1]
[256,-128,16,36,-17,9,1,-2,1]
[6561,-162,-64,-2,1]
[4096,0,176,-17,11,0,1]
[14641,1089,246,9,1]
[4096,1024,-32,-81,-2,4,1]
[15625,-1500,111,-12,1]
[256,-128,80,-20,15,-5,5,-2,1]
[256,384,336,224,121,56,21,6,1]
[256,64,64,36,17,9,4,1,1]
[729,-243,-72,59,-8,-3,1]
[256,192,64,28,23,7,4,3,1]
[2401,-392,51,-8,1]
[729,-486,306,-104,34,-6,1]
[14641,-2299,327,-19,1]
[16384,-2304,229,-18,1]
[14641,-1331,82,-11,1]
[4096,1536,160,-35,10,6,1]
[14641,3872,497,32,1]
[256,192,48,-12,-13,-3,3,3,1]
[729,0,13,0,1]
[4096,0,-224,-1,-14,0,1]
[625,25,3,1,1]
[256,-256,160,-76,41,-19,10,-4,1]
[256,-64,48,24,-5,6,3,-1,1]
[256,0,-16,-12,21,-3,-1,0,1]
[625,200,31,8,1]
[4096,256,432,13,27,1,1]
[4096,256,176,105,11,1,1]
[16384,2304,245,18,1]
[729,-81,18,17,2,-1,1]
[14641,-1210,127,-10,1]
[4096,512,96,23,6,2,1]
[4096,-256,432,-25,27,-1,1]
[16384,256,27,2,1]
[4096,512,-208,-65,-13,2,1]
[729,0,0,8,0,0,1]
[256,128,32,36,27,9,2,2,1]
[4096,1024,400,139,25,4,1]
[4096,64,-41,1,1]
[15625,875,147,7,1]
[4096,1280,704,137,44,5,1]
[512,64,8,-19,1,1,1]
[256,-64,-16,0,19,0,-1,-1,1]
[4096,-768,192,-1,12,-3,1]
[16384,-2048,309,-16,1]
[15625,3250,402,26,1]
[512,64,0,27,0,1,1]
[4096,-256,160,-53,10,-1,1]
[16384,-1920,239,-15,1]
[729,-81,9,29,1,-1,1]
[512,128,32,21,4,2,1]
[14641,-2420,225,-20,1]
[15625,500,142,4,1]
[14641,-2057,261,-17,1]
[15625,4625,587,37,1]
[4096,0,16,5,1,0,1]
[4096,-1792,128,41,8,-7,1]
[4096,-1536,48,49,3,-6,1]
[14641,-242,-63,-2,1]
[6561,567,140,7,1]
[4096,-256,32,1,2,-1,1]
[2401,-294,103,-6,1]
[4096,-256,-32,61,-2,-1,1]
[729,-81,36,-17,4,-1,1]
[16384,-896,-79,-7,1]
[2401,-294,68,-6,1]
[4096,512,64,27,4,2,1]
[729,-81,99,-37,11,-1,1]
[4096,256,0,-41,0,1,1]
[2401,588,116,12,1]
[4096,512,352,5,22,2,1]
[4096,1280,-16,-75,-1,5,1]
[16384,-512,145,-4,1]
[729,-216,68,-8,1]
[256,64,112,60,31,15,7,1,1]
[4096,1024,368,101,23,4,1]
[4096,-512,240,-65,15,-2,1]
[729,-243,99,-62,11,-3,1]
[15625,-4125,502,-33,1]
[4096,1280,304,31,19,5,1]
[256,192,144,36,21,9,9,3,1]
[14641,1331,119,11,1]
[4096,0,-64,47,-4,0,1]
[15625,1125,34,9,1]
[14641,-1815,92,-15,1]
[16384,-2688,355,-21,1]
[14641,3993,488,33,1]
[256,64,128,40,37,10,8,1,1]
[4096,1536,352,83,22,6,1]
[4096,512,480,79,30,2,1]
[256,448,480,356,205,89,30,7,1]
[4096,-2048,896,-237,56,-8,1]
[729,0,216,-1,24,0,1]
[14641,0,-24,0,1]
[729,27,-13,1,1]
[16384,2944,297,23,1]
[4096,2816,1072,303,67,11,1]
[256,-128,144,-36,33,-9,9,-2,1]
[729,243,180,40,20,3,1]
[4096,512,208,67,13,2,1]
[729,324,99,32,11,4,1]
[16384,3200,397,25,1]
[81,-9,1,-1,1]
[64,96,84,51,21,6,1]
[4096,-2048,352,-41,22,-8,1]
[512,-64,-24,25,-3,-1,1]
[14641,-242,-9,-2,1]
[4096,1024,272,111,17,4,1]
[4096,-512,128,-77,8,-2,1]
[4096,1024,560,115,35,4,1]
[729,-243,90,-40,10,-3,1]
[4096,2304,704,183,44,9,1]
[256,64,48,32,5,8,3,1,1]
[512,128,16,-3,2,2,1]
[256,320,240,160,91,40,15,5,1]
[64,-32,-8,11,-2,-2,1]
[256,64,64,28,25,7,4,1,1]
[4096,-768,480,-47,30,-3,1]
[256,-256,64,48,-47,12,4,-4,1]
[4096,512,480,83,30,2,1]
[4096,256,-32,65,-2,1,1]
[14641,-3025,316,-25,1]
[4096,0,-32,-15,-2,0,1]
[729,-81,99,-29,11,-1,1]
[625,100,44,4,1]
[4096,-768,192,-39,12,-3,1]
[4096,-1024,-64,103,-4,-4,1]
[15625,3000,294,24,1]
[6561,-1215,164,-15,1]
[4096,-1024,128,15,8,-4,1]
[64,16,36,9,9,1,1]
[4096,-512,32,-47,2,-2,1]
[4096,256,-80,55,-5,1,1]
[4096,-1024,448,-125,28,-4,1]
[14641,-1573,125,-13,1]
[256,-128,32,0,-1,0,2,-2,1]
[14641,-847,30,-7,1]
[4096,256,192,79,12,1,1]
[256,-128,16,40,-27,10,1,-2,1]
[4096,256,-48,-67,-3,1,1]
[4096,-1024,-16,77,-1,-4,1]
[256,192,176,96,55,24,11,3,1]
[256,0,-16,4,11,1,-1,0,1]
[2401,-588,74,-12,1]
[16384,384,-173,3,1]
[729,243,-9,-26,-1,3,1]
[14641,3509,447,29,1]
[64,16,-4,3,-1,1,1]
[14641,-484,-10,-4,1]
[1024,-224,53,-7,1]
[16384,768,69,6,1]
[14641,2420,269,20,1]
[6561,-972,176,-12,1]
[4096,256,-80,-69,-5,1,1]
[729,243,108,31,12,3,1]
[15625,250,77,2,1]
[14641,1089,58,9,1]
[256,-192,128,-68,41,-17,8,-3,1]
[256,64,32,-16,9,-4,2,1,1]
[256,-128,80,-16,5,-4,5,-2,1]
[256,-128,96,-28,13,-7,6,-2,1]
[256,-448,464,-348,197,-87,29,-7,1]
[256,0,0,16,13,4,0,0,1]
[256,128,16,4,11,1,1,2,1]
[4096,2304,272,-27,17,9,1]
[4096,-1280,576,-161,36,-5,1]
[4096,768,464,81,29,3,1]
[4096,-512,96,-19,6,-2,1]
[14641,1452,134,12,1]
[15625,625,-68,5,1]
[4096,768,352,75,22,3,1]
[625,225,63,9,1]
[4096,256,112,33,7,1,1]
[729,-243,81,2,9,-3,1]
[14641,484,75,4,1]
[4096,704,145,11,1]
[729,0,52,0,1]
[4096,-1536,896,-191,56,-6,1]
[4096,-512,384,-69,24,-2,1]
[256,128,32,-48,-27,-12,2,2,1]
[14641,-1815,151,-15,1]
[2401,49,45,1,1]
[16384,640,113,5,1]
[256,-64,-32,-12,29,-3,-2,-1,1]
[4096,-1280,512,-105,32,-5,1]
[729,0,72,7,8,0,1]
[6561,-1053,98,-13,1]
[4096,-512,128,-53,8,-2,1]
[4096,768,64,11,4,3,1]
[14641,-121,100,-1,1]
[15625,2625,291,21,1]
[729,0,9,-19,1,0,1]
[4096,-1792,-48,127,-3,-7,1]
[4096,1280,672,129,42,5,1]
[4096,1024,304,95,19,4,1]
[4096,-256,224,-27,14,-1,1]
[4096,0,-160,-45,-10,0,1]
[1024,-64,-25,-2,1]
[4096,-1280,320,-63,20,-5,1]
[6561,1134,170,14,1]
[15625,1750,91,14,1]
[15625,375,207,3,1]
[4096,-768,160,3,10,-3,1]
[512,0,56,17,7,0,1]
[729,-81,-18,20,-2,-1,1]
[14641,-1936,207,-16,1]
[4096,4096,2016,621,126,16,1]
[4096,-768,128,7,8,-3,1]
[512,128,152,33,19,2,1]
[15625,1500,184,12,1]
[4096,256,656,23,41,1,1]
[4096,-256,-160,25,-10,-1,1]
[16384,-384,65,-3,1]
[4096,2816,1104,321,69,11,1]
[4096,1024,144,-17,9,4,1]
[4096,1280,560,109,35,5,1]
[256,0,-32,12,13,3,-2,0,1]
[729,0,117,-16,13,0,1]
[15625,0,172,0,1]
[2401,-343,83,-7,1]
[4096,-256,96,-27,6,-1,1]
[4096,1024,153,16,1]
[512,0,-16,-19,-2,0,1]
[4096,3584,1648,491,103,14,1]
[256,64,96,68,21,17,6,1,1]
[729,-162,135,-22,15,-2,1]
[256,0,48,4,15,1,3,0,1]
[256,128,80,-28,-9,-7,5,2,1]
[256,0,32,4,13,1,2,0,1]
[14641,-363,-52,-3,1]
[512,-448,184,-63,23,-7,1]
[4096,768,-32,3,-2,3,1]
[729,243,-18,-37,-2,3,1]
[729,-243,27,16,3,-3,1]
[14641,-363,82,-3,1]
[256,-64,0,0,5,0,0,-1,1]
[14641,2541,268,21,1]
[256,256,128,20,-3,5,8,4,1]
[4096,-768,-144,91,-9,-3,1]
[16384,256,-169,2,1]
[6561,891,47,11,1]
[729,81,27,11,3,1,1]
[512,192,64,5,8,3,1]
[4096,768,-128,-53,-8,3,1]
[256,192,112,60,25,15,7,3,1]
[4096,512,112,-69,7,2,1]
[4096,256,16,101,1,1,1]
[4096,768,368,27,23,3,1]
[14641,605,194,5,1]
[256,-128,80,-36,23,-9,5,-2,1]
[4096,512,-80,-27,-5,2,1]
[14641,-1089,19,-9,1]
[4096,1792,880,221,55,7,1]
[256,-128,-80,28,13,7,-5,-2,1]
[4096,1536,448,85,28,6,1]
[4096,512,112,-59,7,2,1]
[15625,-875,28,-7,1]
[6561,-243,68,-3,1]
[16384,-2048,139,-16,1]
[729,-324,153,-35,17,-4,1]
[256,0,64,32,5,8,4,0,1]
[4096,256,80,11,5,1,1]
[15625,-875,114,-7,1]
[4096,256,272,-21,17,1,1]
[729,-81,63,-40,7,-1,1]
[4096,-1280,48,39,3,-5,1]
[4096,512,224,75,14,2,1]
[2401,0,-19,0,1]
[6561,0,-134,0,1]
[256,0,-48,-16,17,-4,-3,0,1]
[512,-448,280,-113,35,-7,1]
[4096,-1280,544,-93,34,-5,1]
[14641,-1089,183,-9,1]
[512,-128,8,29,1,-2,1]
[729,567,234,74,26,7,1]
[15625,2875,276,23,1]
[15625,1125,-22,9,1]
[16384,1536,203,12,1]
[4096,-2560,672,-137,42,-10,1]
[6561,810,88,10,1]
[4096,4352,2240,701,140,17,1]
[4096,0,-112,35,-7,0,1]
[4096,1280,-112,-127,-7,5,1]
[729,162,54,40,6,2,1]
[16384,3712,431,29,1]
[4096,-256,32,59,2,-1,1]
[256,64,16,8,-11,2,1,1,1]
[2401,98,8,2,1]
[16384,2048,229,16,1]
[16384,2688,365,21,1]
[256,256,192,124,63,31,12,4,1]
[4096,-1024,400,-115,25,-4,1]
[256,64,80,8,13,2,5,1,1]
[4096,1536,256,43,16,6,1]
[512,64,-8,-35,-1,1,1]
[14641,-726,196,-6,1]
[4096,-512,400,-31,25,-2,1]
[729,-891,576,-235,64,-11,1]
[4096,-1536,624,-195,39,-6,1]
[14641,-2299,274,-19,1]
[512,64,0,-19,0,1,1]
[14641,-3267,355,-27,1]
[256,0,80,-12,17,-3,5,0,1]
[15625,1500,251,12,1]
[16384,1280,47,10,1]
[512,64,64,-3,8,1,1]
[4096,0,48,-17,3,0,1]
[14641,242,-36,2,1]
[4096,2048,816,199,51,8,1]
[4096,-256,176,-41,11,-1,1]
[729,648,333,125,37,8,1]
[14641,-1331,103,-11,1]
[4096,-1024,80,27,5,-4,1]
[4096,1536,288,33,18,6,1]
[4096,2304,608,129,38,9,1]
[729,-243,171,-41,19,-3,1]
[15625,375,229,3,1]
[256,-128,64,-4,5,-1,4,-2,1]
[16384,3200,395,25,1]
[729,486,216,89,24,6,1]
[4096,-1280,272,-63,17,-5,1]
[14641,-2662,342,-22,1]
[4096,-2304,944,-255,59,-9,1]
[729,-243,54,-13,6,-3,1]
[4096,-64,69,-1,1]
[6561,-1134,182,-14,1]
[4096,-1024,144,-71,9,-4,1]
[4096,2048,912,229,57,8,1]
[4096,-512,160,-125,10,-2,1]
[16384,2688,293,21,1]
[4096,-1280,480,-167,30,-5,1]
[14641,1331,9,11,1]
[16384,-1280,17,-10,1]
[14641,847,191,7,1]
[729,162,72,20,8,2,1]
[512,192,24,-13,3,3,1]
[14641,-1331,115,-11,1]
[15625,-1750,134,-14,1]
[256,192,48,-24,-31,-6,3,3,1]
[4096,1280,288,97,18,5,1]
[256,64,-16,-24,-5,-6,-1,1,1]
[14641,2299,221,19,1]
[2401,-343,87,-7,1]
[729,81,18,47,2,1,1]
[4096,-1792,-16,111,-1,-7,1]
[128,-1,1]
[2401,-147,96,-3,1]
[4096,-1792,608,-173,38,-7,1]
[4096,-1536,-48,97,-3,-6,1]
[729,-486,180,-47,20,-6,1]
[2401,-98,-20,-2,1]
[256,-64,-16,-12,19,-3,-1,-1,1]
[4096,3584,1696,521,106,14,1]
[256,192,80,-8,-17,-2,5,3,1]
[14641,-1573,205,-13,1]
[256,-128,112,-60,23,-15,7,-2,1]
[4096,1536,352,67,22,6,1]
[4096,-1280,304,-17,19,-5,1]
[729,324,-18,-34,-2,4,1]
[14641,-2904,333,-24,1]
[15625,1125,-36,9,1]
[15625,1625,251,13,1]
[256,-320,128,-4,-11,-1,8,-5,1]
[4096,-1280,576,-101,36,-5,1]
[256,-192,16,-4,13,-1,1,-3,1]
[4096,256,16,-43,1,1,1]
[729,0,54,2,6,0,1]
[729,324,117,23,13,4,1]
[4096,-512,688,-59,43,-2,1]
[256,-128,64,-20,17,-5,4,-2,1]
[15625,-1375,204,-11,1]
[256,0,48,-12,19,-3,3,0,1]
[256,0,-16,0,17,0,-1,0,1]
[4096,2304,1056,297,66,9,1]
[4096,1024,112,15,7,4,1]
[6561,-243,-28,-3,1]
[16384,1024,47,8,1]
[4096,-512,-80,-11,-5,-2,1]
[729,-81,81,-17,9,-1,1]
[4096,-1536,-96,125,-6,-6,1]
[14641,605,-98,5,1]
[15625,750,237,6,1]
[16384,-512,209,-4,1]
[15625,1625,181,13,1]
[14641,-242,-37,-2,1]
[4096,-256,240,-75,15,-1,1]
[14641,-242,40,-2,1]
[15625,1000,74,8,1]
[14641,0,-236,0,1]
[256,128,112,48,37,12,7,2,1]
[4096,0,-43,0,1]
[4096,512,288,65,18,2,1]
[4096,-1536,240,-39,15,-6,1]
[4096,-1280,480,-139,30,-5,1]
[4096,512,400,81,25,2,1]
[15625,625,28,5,1]
[256,0,128,32,33,8,8,0,1]
[729,243,117,25,13,3,1]
[512,-256,104,-51,13,-4,1]
[729,81,-63,-19,-7,1,1]
[512,-128,64,7,8,-2,1]
[16384,-384,15,-3,1]
[4096,256,112,83,7,1,1]
[4096,2816,1056,281,66,11,1]
[14641,-3751,450,-31,1]
[256,64,48,24,5,6,3,1,1]
[14641,-2420,295,-20,1]
[4096,0,320,5,20,0,1]
[15625,-2875,361,-23,1]
[4096,256,192,55,12,1,1]
[256,64,48,44,7,11,3,1,1]
[4096,-1280,736,-137,46,-5,1]
[15625,125,207,1,1]
[625,350,94,14,1]
[256,256,144,104,69,26,9,4,1]
[4096,512,-64,-105,-4,2,1]
[4096,0,-192,17,-12,0,1]
[64,0,12,-1,3,0,1]
[256,64,16,16,23,4,1,1,1]
[16384,2048,175,16,1]
[16384,-128,135,-1,1]
[4096,1024,-80,-43,-5,4,1]
[15625,1000,142,8,1]
[4096,-256,0,-91,0,-1,1]
[256,0,48,12,25,3,3,0,1]
[14641,-726,-24,-6,1]
[4096,2048,464,85,29,8,1]
[256,64,-32,-16,9,-4,-2,1,1]
[729,648,360,148,40,8,1]
[4096,-256,176,-11,11,-1,1]
[15625,-625,91,-5,1]
[256,192,80,40,19,10,5,3,1]
[15625,-2250,253,-18,1]
[4096,1792,560,127,35,7,1]
[16384,1024,105,8,1]
[4096,-1280,48,25,3,-5,1]
[16384,1664,233,13,1]
[4096,-256,176,-65,11,-1,1]
[4096,-1024,224,-55,14,-4,1]
[625,-200,31,-8,1]
[4096,256,336,-9,21,1,1]
[256,-256,64,40,-35,10,4,-4,1]
[729,486,279,98,31,6,1]
[4096,512,240,65,15,2,1]
[4096,0,-112,-11,-7,0,1]
[16384,2816,347,22,1]
[14641,847,131,7,1]
[256,128,-16,20,29,5,-1,2,1]
[6561,81,-67,1,1]
[256,-256,192,-68,35,-17,12,-4,1]
[4096,768,304,63,19,3,1]
[729,162,126,13,14,2,1]
[1024,32,9,1,1]
[256,256,112,40,19,10,7,4,1]
[64,16,16,1,4,1,1]
[729,405,108,20,12,5,1]
[729,-243,126,-43,14,-3,1]
[6561,1701,217,21,1]
[4096,-2048,928,-243,58,-8,1]
[4096,2304,912,247,57,9,1]
[14641,1089,-7,9,1]
[512,128,-24,-43,-3,2,1]
[15625,250,-189,2,1]
[256,256,160,104,61,26,10,4,1]
[6561,1134,119,14,1]
[4096,-2304,912,-245,57,-9,1]
[729,729,432,173,48,9,1]
[15625,-2000,243,-16,1]
[4096,-768,224,15,14,-3,1]
[14641,484,103,4,1]
[6561,405,131,5,1]
[16384,2432,343,19,1]
[4096,-1536,208,9,13,-6,1]
[16384,-2176,233,-17,1]
[4096,-256,128,-87,8,-1,1]
[15625,2875,362,23,1]
[256,128,48,-52,-31,-13,3,2,1]
[16384,512,-73,4,1]
[14641,484,145,4,1]
[6561,-1539,200,-19,1]
[256,64,-16,4,25,1,-1,1,1]
[64,32,24,5,6,2,1]
[256,-128,32,-12,5,-3,2,-2,1]
[4096,-1280,240,-81,15,-5,1]
[4096,256,-144,-81,-9,1,1]
[14641,1089,23,9,1]
[4096,512,-128,-25,-8,2,1]
[4096,1024,608,119,38,4,1]
[4096,-512,-128,119,-8,-2,1]
[15625,750,74,6,1]
[14641,-4235,537,-35,1]
[729,-162,45,14,5,-2,1]
[729,-324,153,-50,17,-4,1]
[15625,250,27,2,1]
[6561,-729,143,-9,1]
[2401,392,19,8,1]
[1024,192,67,6,1]
[16384,384,191,3,1]
[729,-324,27,13,3,-4,1]
[4096,-1024,-64,75,-4,-4,1]
[256,-128,192,-84,67,-21,12,-2,1]
[256,-128,80,-40,5,-10,5,-2,1]
[4096,256,128,-61,8,1,1]
[4096,-2560,896,-251,56,-10,1]
[729,243,90,5,10,3,1]
[15625,0,211,0,1]
[256,128,32,12,19,3,2,2,1]
[15625,625,214,5,1]
[14641,-363,-41,-3,1]
[16384,-4480,559,-35,1]
[4096,-768,320,-125,20,-3,1]
[729,-405,153,-47,17,-5,1]
[16384,128,217,1,1]
[256,-320,304,-184,105,-46,19,-5,1]
[14641,-363,-107,-3,1]
[4096,1024,-64,-89,-4,4,1]
[15625,1250,43,10,1]
[4096,512,368,97,23,2,1]
[15625,875,237,7,1]
[256,320,208,108,57,27,13,5,1]
[6561,2430,386,30,1]
[14641,121,103,1,1]
[4096,-512,48,45,3,-2,1]
[4096,512,-16,-105,-1,2,1]
[4096,-384,33,-6,1]
[16384,-384,-131,-3,1]
[1024,-96,41,-3,1]
[15625,-1000,92,-8,1]
[15625,250,-16,2,1]
[14641,1210,238,10,1]
[64,-64,31,-8,1]
[14641,1936,223,16,1]
[729,-243,180,-47,20,-3,1]
[2401,49,36,1,1]
[512,64,88,-7,11,1,1]
[256,192,144,96,43,24,9,3,1]
[4096,-1024,160,15,10,-4,1]
[4096,256,48,115,3,1,1]
[15625,-875,-46,-7,1]
[256,192,144,44,27,11,9,3,1]
[625,0,17,0,1]
[512,256,120,63,15,4,1]
[256,-192,176,-124,55,-31,11,-3,1]
[4096,192,37,3,1]
[6561,-243,35,-3,1]
[4096,1024,544,129,34,4,1]
[6561,486,130,6,1]
[256,0,0,-4,1,-1,0,0,1]
[4096,-768,64,73,4,-3,1]
[4096,1024,64,-33,4,4,1]
[15625,1625,122,13,1]
[4096,0,432,9,27,0,1]
[4096,2560,1008,307,63,10,1]
[15625,-500,-16,-4,1]
[4096,1024,176,-5,11,4,1]
[729,-486,225,-89,25,-6,1]
[4096,-1280,0,33,0,-5,1]
[14641,242,123,2,1]
[6561,567,41,7,1]
[4096,-512,208,-25,13,-2,1]
[4096,192,-35,3,1]
[729,405,171,77,19,5,1]
[15625,2000,198,16,1]
[4096,512,-160,-49,-10,2,1]
[256,-192,208,-116,77,-29,13,-3,1]
[2401,-245,-1,-5,1]
[64,-32,8,1,2,-2,1]
[4096,256,-128,-69,-8,1,1]
[4096,256,-48,-93,-3,1,1]
[729,-162,27,-31,3,-2,1]
[4096,256,-48,-41,-3,1,1]
[4096,0,-48,-11,-3,0,1]
[15625,-1625,269,-13,1]
[256,-320,160,-24,-7,-6,10,-5,1]
[15625,1875,124,15,1]
[2401,0,-57,0,1]
[256,-64,64,24,5,6,4,-1,1]
[256,-128,16,-36,35,-9,1,-2,1]
[512,384,208,85,26,6,1]
[14641,-726,100,-6,1]
[4096,-1792,544,-109,34,-7,1]
[4096,768,240,-3,15,3,1]
[4096,0,288,-3,18,0,1]
[4096,1024,0,-45,0,4,1]
[256,64,96,40,17,10,6,1,1]
[256,0,-48,16,19,4,-3,0,1]
[16384,1664,51,13,1]
[4096,-768,160,-83,10,-3,1]
[16384,-256,107,-2,1]
[6561,1296,214,16,1]
[4096,-768,-16,67,-1,-3,1]
[4096,-512,-48,-33,-3,-2,1]
[729,81,54,-1,6,1,1]
[4096,-768,272,-27,17,-3,1]
[6561,243,-22,3,1]
[4096,1024,80,-13,5,4,1]
[4096,0,-41,0,1]
[729,108,20,4,1]
[2401,147,-40,3,1]
[729,162,-9,-17,-1,2,1]
[4096,2560,768,185,48,10,1]
[4096,-1024,208,-101,13,-4,1]
[256,-128,48,-36,33,-9,3,-2,1]
[4096,1024,-112,-103,-7,4,1]
[4096,2560,1136,329,71,10,1]
[512,128,120,15,15,2,1]
[256,-192,256,-128,95,-32,16,-3,1]
[729,-324,90,-5,10,-4,1]
[729,162,54,2,6,2,1]
[256,0,-16,8,-5,2,-1,0,1]
[256,-128,128,-60,43,-15,8,-2,1]
[256,-64,112,-32,43,-8,7,-1,1]
[15625,1250,89,10,1]
[16384,2560,243,20,1]
[256,-256,80,20,-27,5,5,-4,1]
[15625,375,-104,3,1]
[4096,1792,624,163,39,7,1]
[4096,-512,32,11,2,-2,1]
[6561,-81,-44,-1,1]
[256,64,112,80,23,20,7,1,1]
[256,256,80,-60,-57,-15,5,4,1]
[4096,768,608,81,38,3,1]
[729,567,333,127,37,7,1]
[4096,-768,256,-81,16,-3,1]
[4096,1024,-160,-133,-10,4,1]
[4096,1792,288,39,18,7,1]
[256,-64,112,-16,29,-4,7,-1,1]
[256,-256,144,-64,25,-16,9,-4,1]
[256,256,112,16,-7,4,7,4,1]
[4096,256,-112,-19,-7,1,1]
[4096,1280,-192,-161,-12,5,1]
[256,0,80,-16,17,-4,5,0,1]
[256,64,0,-8,9,-2,0,1,1]
[14641,-1573,218,-13,1]
[16384,512,-89,4,1]
[4096,1536,528,123,33,6,1]
[4096,768,544,81,34,3,1]
[256,-256,64,44,-43,11,4,-4,1]
[4096,1280,464,129,29,5,1]
[256,-64,64,-44,7,-11,4,-1,1]
[4096,-2304,912,-265,57,-9,1]
[729,486,189,59,21,6,1]
[4096,-2560,672,-143,42,-10,1]
[15625,-2125,254,-17,1]
[6561,-567,-11,-7,1]
[729,-243,189,-44,21,-3,1]
[729,-648,360,-145,40,-8,1]
[4096,512,144,45,9,2,1]
[729,-324,27,7,3,-4,1]
[4096,1792,672,213,42,7,1]
[15625,500,201,4,1]
[6561,-1296,154,-16,1]
[4096,1280,512,145,32,5,1]
[4096,-1280,-32,87,-2,-5,1]
[4096,-256,80,-33,5,-1,1]
[4096,-256,48,79,3,-1,1]
[4096,384,63,6,1]
[14641,3025,344,25,1]
[4096,768,-32,-91,-2,3,1]
[4096,1024,336,137,21,4,1]
[4096,3328,1536,453,96,13,1]
[14641,121,-162,1,1]
[4096,512,400,21,25,2,1]
[14641,-1815,279,-15,1]
[729,-162,-9,19,-1,-2,1]
[4096,128,111,2,1]
[15625,-875,223,-7,1]
[4096,1280,624,123,39,5,1]
[4096,-1024,-128,93,-8,-4,1]
[4096,-512,80,-1,5,-2,1]
[4096,-896,119,-14,1]
[256,192,96,72,41,18,6,3,1]
[4096,1536,432,89,27,6,1]
[4096,-256,128,5,8,-1,1]
[256,384,352,240,129,60,22,6,1]
[4096,-256,128,-23,8,-1,1]
[256,0,0,0,19,0,0,0,1]
[729,81,-45,-19,-5,1,1]
[4096,-1536,400,-113,25,-6,1]
[14641,-121,112,-1,1]
[6561,648,97,8,1]
[16384,896,205,7,1]
[15625,500,-133,4,1]
[2401,784,142,16,1]
[14641,2541,250,21,1]
[729,-243,126,-22,14,-3,1]
[729,-243,54,-7,6,-3,1]
[729,-162,135,-38,15,-2,1]
[4096,2304,864,265,54,9,1]
[14641,484,206,4,1]
[4096,-1408,239,-22,1]
[4096,-768,400,-81,25,-3,1]
[4096,1536,432,123,27,6,1]
[256,-128,32,0,-13,0,2,-2,1]
[4096,1024,208,37,13,4,1]
[4096,512,352,17,22,2,1]
[4096,512,-32,-57,-2,2,1]
[256,-128,16,-32,27,-8,1,-2,1]
[2401,-98,-4,-2,1]
[15625,-1375,163,-11,1]
[4096,1280,144,-37,9,5,1]
[4096,2560,1184,335,74,10,1]
[2401,49,-60,1,1]
[15625,-125,171,-1,1]
[256,384,240,76,21,19,15,6,1]
[729,324,117,34,13,4,1]
[4096,1280,304,87,19,5,1]
[4096,256,-32,-19,-2,1,1]
[16384,2816,361,22,1]
[14641,2420,241,20,1]
[16384,-1536,113,-12,1]
[4096,2816,1056,289,66,11,1]
[729,243,0,-8,0,3,1]
[256,-64,0,-16,17,-4,0,-1,1]
[4096,1024,224,23,14,4,1]
[256,0,64,0,25,0,4,0,1]
[512,-64,0,15,0,-1,1]
[14641,1331,244,11,1]
[4096,2304,672,165,42,9,1]
[15625,-125,-81,-1,1]
[4096,-256,32,-75,2,-1,1]
[4096,-512,256,11,16,-2,1]
[16384,3456,399,27,1]
[4096,-256,-176,25,-11,-1,1]
[256,-256,224,-156,77,-39,14,-4,1]
[4096,-3584,1600,-469,100,-14,1]
[14641,-2420,282,-20,1]
[729,-243,81,-52,9,-3,1]
[256,-128,160,-68,59,-17,10,-2,1]
[4096,-512,-32,111,-2,-2,1]
[256,256,208,108,61,27,13,4,1]
[14641,363,137,3,1]
[256,-128,-16,-20,31,-5,-1,-2,1]
[4096,-768,-208,93,-13,-3,1]
[256,-384,400,-296,167,-74,25,-6,1]
[14641,-2178,292,-18,1]
[6561,1053,185,13,1]
[14641,968,-17,8,1]
[256,-128,64,-28,15,-7,4,-2,1]
[4096,-2304,160,81,10,-9,1]
[625,125,26,5,1]
[2401,-343,93,-7,1]
[16384,-1280,129,-10,1]
[4096,512,-64,25,-4,2,1]
[256,-64,16,8,1,2,1,-1,1]
[4096,0,400,-39,25,0,1]
[4096,-512,640,-65,40,-2,1]
[4096,-1024,32,33,2,-4,1]
[256,128,64,52,29,13,4,2,1]
[4096,-1280,464,-161,29,-5,1]
[15625,-3250,384,-26,1]
[15625,-500,54,-4,1]
[4096,256,96,-21,6,1,1]
[4096,0,32,-45,2,0,1]
[16384,512,159,4,1]
[4096,-1024,736,-121,46,-4,1]
[4096,320,113,5,1]
[4096,-2304,608,-119,38,-9,1]
[14641,-121,-69,-1,1]
[512,64,48,31,6,1,1]
[16384,896,143,7,1]
[4096,-768,0,-5,0,-3,1]
[4096,-1024,240,-45,15,-4,1]
[4096,0,73,0,1]
[2401,441,117,9,1]
[2401,490,90,10,1]
[4096,-1792,560,-145,35,-7,1]
[256,-192,80,-48,31,-12,5,-3,1]
[729,27,-20,1,1]
[2401,0,-85,0,1]
[256,128,112,48,21,12,7,2,1]
[4096,704,123,11,1]
[6561,-1620,209,-20,1]
[512,0,-24,-9,-3,0,1]
[4096,-256,-96,9,-6,-1,1]
[512,192,80,29,10,3,1]
[16384,2304,281,18,1]
[256,-256,192,-104,59,-26,12,-4,1]
[4096,-1024,-128,125,-8,-4,1]
[14641,2783,270,23,1]
[14641,-726,-21,-6,1]
[256,64,80,-4,5,-1,5,1,1]
[4096,768,-80,-31,-5,3,1]
[15625,-3125,351,-25,1]
[256,-128,16,-20,29,-5,1,-2,1]
[4096,-512,32,-17,2,-2,1]
[4096,2048,800,197,50,8,1]
[16384,-1408,259,-11,1]
[4096,768,320,115,20,3,1]
[4096,1792,608,155,38,7,1]
[256,0,32,-8,-7,-2,2,0,1]
[729,567,261,85,29,7,1]
[6561,-1620,250,-20,1]
[4096,-1280,224,-31,14,-5,1]
[256,-64,48,24,-11,6,3,-1,1]
[4096,-832,109,-13,1]
[729,162,0,-2,0,2,1]
[4096,768,320,99,20,3,1]
[4096,-1280,512,-123,32,-5,1]
[16384,-2176,305,-17,1]
[14641,-484,-91,-4,1]
[14641,-726,171,-6,1]
[14641,968,245,8,1]
[4096,512,-128,-115,-8,2,1]
[4096,768,352,103,22,3,1]
[4096,0,144,7,9,0,1]
[4096,512,176,93,11,2,1]
[729,0,9,-41,1,0,1]
[729,-567,315,-124,35,-7,1]
[512,-576,392,-165,49,-9,1]
[4096,512,112,-17,7,2,1]
[256,-320,224,-120,57,-30,14,-5,1]
[4096,768,384,75,24,3,1]
[16384,2048,173,16,1]
[729,-162,-9,41,-1,-2,1]
[512,-320,-48,69,-6,-5,1]
[4096,-256,-32,91,-2,-1,1]
[4096,-1024,576,-131,36,-4,1]
[256,-128,144,-56,41,-14,9,-2,1]
[256,-128,16,4,-11,1,1,-2,1]
[4096,512,176,61,11,2,1]
[4096,-768,400,-59,25,-3,1]
[4096,512,352,19,22,2,1]
[256,0,48,48,-5,12,3,0,1]
[625,-50,2,-2,1]
[256,256,80,-40,-43,-10,5,4,1]
[4096,-768,80,-67,5,-3,1]
[4096,-2560,912,-257,57,-10,1]
[256,-64,48,-16,-1,-4,3,-1,1]
[15625,-250,199,-2,1]
[16384,-2432,277,-19,1]
[4096,-768,-80,17,-5,-3,1]
[4096,1536,304,81,19,6,1]
[4096,256,-112,-53,-7,1,1]
[16384,-128,-155,-1,1]
[4096,-768,0,-25,0,-3,1]
[64,40,15,5,1]
[6561,1863,262,23,1]
[729,324,54,-10,6,4,1]
[15625,-500,226,-4,1]
[729,-324,171,-47,19,-4,1]
[4096,512,96,41,6,2,1]
[256,384,240,52,1,13,15,6,1]
[729,-324,99,-22,11,-4,1]
[729,-486,243,-85,27,-6,1]
[729,243,-45,-52,-5,3,1]
[6561,-162,-26,-2,1]
[729,-405,171,-50,19,-5,1]
[15625,-1125,99,-9,1]
[2401,392,17,8,1]
[729,162,-27,-47,-3,2,1]
[16384,-1024,-1,-8,1]
[256,0,-16,4,-17,1,-1,0,1]
[16384,-128,33,-1,1]
[729,486,54,-22,6,6,1]
[4096,-1792,288,-45,18,-7,1]
[15625,-2500,279,-20,1]
[4096,-1792,528,-155,33,-7,1]
[15625,-1500,32,-12,1]
[729,-324,126,-20,14,-4,1]
[256,192,160,112,49,28,10,3,1]
[256,192,192,116,65,29,12,3,1]
[512,-64,128,-7,16,-1,1]
[256,-128,64,-16,13,-4,4,-2,1]
[4096,512,240,67,15,2,1]
[4096,512,208,5,13,2,1]
[16384,-1664,181,-13,1]
[256,64,-80,-12,17,-3,-5,1,1]
[4096,-256,0,-25,0,-1,1]
[4096,-2048,768,-249,48,-8,1]
[15625,1375,206,11,1]
[256,128,80,28,17,7,5,2,1]
[16384,-3072,303,-24,1]
[14641,-1331,129,-11,1]
[4096,1024,-16,-61,-1,4,1]
[2401,-49,23,-1,1]
[4096,-1792,272,-5,17,-7,1]
[256,64,-32,-8,19,-2,-2,1,1]
[15625,-250,148,-2,1]
[256,-128,96,-44,15,-11,6,-2,1]
[4096,2560,816,195,51,10,1]
[4096,0,416,-35,26,0,1]
[16384,-1792,89,-14,1]
[16384,768,-57,6,1]
[15625,-2000,142,-16,1]
[4096,0,96,-65,6,0,1]
[256,128,48,-32,-25,-8,3,2,1]
[4096,3840,1904,583,119,15,1]
[4096,1536,304,59,19,6,1]
[16384,384,39,3,1]
[14641,-726,185,-6,1]
[256,64,32,16,-13,4,2,1,1]
[256,-192,80,16,-17,4,5,-3,1]
[15625,-875,-54,-7,1]
[4096,-256,-80,83,-5,-1,1]
[15625,-500,-139,-4,1]
[6561,567,49,7,1]
[256,0,80,36,9,9,5,0,1]
[15625,-250,66,-2,1]
[4096,-3072,1280,-377,80,-12,1]
[512,128,0,-25,0,2,1]
[4096,-1536,816,-185,51,-6,1]
[4096,512,384,51,24,2,1]
[14641,0,-120,0,1]
[15625,875,224,7,1]
[14641,2904,359,24,1]
[16384,1152,-51,9,1]
[512,64,40,-15,5,1,1]
[4096,-768,-64,3,-4,-3,1]
[4096,-768,-16,-3,-1,-3,1]
[512,64,80,3,10,1,1]
[16384,-640,175,-5,1]
[4096,-256,144,-45,9,-1,1]
[2401,490,113,10,1]
[256,320,224,128,67,32,14,5,1]
[15625,0,133,0,1]
[4096,-768,-176,63,-11,-3,1]
[2401,294,16,6,1]
[256,-64,64,-24,35,-6,4,-1,1]
[2401,245,8,5,1]
[15625,2250,184,18,1]
[4096,-1024,352,-55,22,-4,1]
[4096,-2560,976,-285,61,-10,1]
[14641,605,-54,5,1]
[4096,1280,-64,-113,-4,5,1]
[4096,-1536,736,-157,46,-6,1]
[4096,-256,-16,107,-1,-1,1]
[256,0,-32,20,9,5,-2,0,1]
[16384,0,171,0,1]
[14641,-3025,324,-25,1]
[4096,1536,368,87,23,6,1]
[256,-112,39,-7,1]
[4096,-1792,576,-171,36,-7,1]
[14641,2662,317,22,1]
[15625,375,-51,3,1]
[15625,1000,-7,8,1]
[14641,1936,192,16,1]
[729,-162,171,-26,19,-2,1]
[256,-256,240,-164,87,-41,15,-4,1]
[4096,-384,101,-6,1]
[4096,-1792,688,-217,43,-7,1]
[729,324,63,14,7,4,1]
[15625,125,-38,1,1]
[4096,1280,432,87,27,5,1]
[4096,-768,16,3,1,-3,1]
[4096,-2048,704,-191,44,-8,1]
[256,-128,-48,8,17,2,-3,-2,1]
[4096,-1280,-32,103,-2,-5,1]
[4096,0,528,-9,33,0,1]
[4096,256,-80,-55,-5,1,1]
[14641,-1089,135,-9,1]
[4096,512,16,29,1,2,1]
[256,-128,160,-76,57,-19,10,-2,1]
[15625,375,109,3,1]
[4096,256,-64,47,-4,1,1]
[15625,-1000,117,-8,1]
[729,-162,-18,8,-2,-2,1]
[14641,1210,213,10,1]
[4096,-1792,32,95,2,-7,1]
[4096,-512,-32,47,-2,-2,1]
[4096,2816,1120,307,70,11,1]
[15625,-750,9,-6,1]
[4096,-1024,272,-87,17,-4,1]
[729,243,-18,-46,-2,3,1]
[4096,256,32,-59,2,1,1]
[256,-64,16,12,3,3,1,-1,1]
[256,-128,32,12,-23,3,2,-2,1]
[16384,128,-123,1,1]
[15625,1625,134,13,1]
[256,64,128,12,33,3,8,1,1]
[6561,-324,55,-4,1]
[6561,-891,56,-11,1]
[4096,2048,720,211,45,8,1]
[256,-192,64,12,-9,3,4,-3,1]
[256,-128,-16,-24,37,-6,-1,-2,1]
[14641,1210,191,10,1]
[729,243,-18,-43,-2,3,1]
[4096,256,448,23,28,1,1]
[4096,-768,576,-83,36,-3,1]
[512,-704,464,-197,58,-11,1]
[256,-128,0,-32,33,-8,0,-2,1]
[15625,-2125,262,-17,1]
[4096,1536,672,163,42,6,1]
[4096,-1536,-16,91,-1,-6,1]
[4096,768,240,-17,15,3,1]
[64,16,4,3,1,1,1]
[256,-192,80,-40,25,-10,5,-3,1]
[256,192,112,40,9,10,7,3,1]
[4096,-2560,1184,-331,74,-10,1]
[512,128,-32,-15,-4,2,1]
[15625,-4000,503,-32,1]
[729,162,63,10,7,2,1]
[256,128,112,8,17,2,7,2,1]
[4096,-512,544,-39,34,-2,1]
[256,128,0,4,7,1,0,2,1]
[4096,1024,448,145,28,4,1]
[14641,-726,215,-6,1]
[2401,-294,55,-6,1]
[15625,1875,163,15,1]
[4096,-1280,32,19,2,-5,1]
[4096,1024,-224,-137,-14,4,1]
[15625,1000,112,8,1]
[512,0,24,33,3,0,1]
[4096,-4096,2112,-657,132,-16,1]
[512,-384,72,3,9,-6,1]
[4096,256,208,-3,13,1,1]
[729,81,99,19,11,1,1]
[256,128,48,24,7,6,3,2,1]
[4096,-1024,304,-133,19,-4,1]
[2401,-441,110,-9,1]
[729,81,81,-8,9,1,1]
[512,64,40,-19,5,1,1]
[16384,2688,261,21,1]
[4096,2048,800,193,50,8,1]
[2401,-490,48,-10,1]
[4096,-256,384,-29,24,-1,1]
[4096,-256,81,-4,1]
[4096,-768,-144,53,-9,-3,1]
[4096,1280,560,95,35,5,1]
[4096,-256,48,67,3,-1,1]
[512,256,184,63,23,4,1]
[4096,-768,112,-55,7,-3,1]
[256,192,96,60,39,15,6,3,1]
[256,256,240,144,85,36,15,4,1]
[4096,1280,480,79,30,5,1]
[15625,-2125,164,-17,1]
[256,192,48,28,21,7,3,3,1]
[6561,2106,329,26,1]
[256,384,352,232,127,58,22,6,1]
[6561,324,133,4,1]
[4096,768,-80,-39,-5,3,1]
[4096,-1792,704,-195,44,-7,1]
[4096,0,336,-19,21,0,1]
[14641,2541,254,21,1]
[15625,-625,139,-5,1]
[729,-405,207,-79,23,-5,1]
[1024,384,73,12,1]
[16384,1792,229,14,1]
[4096,-2304,720,-165,45,-9,1]
[729,-243,81,-17,9,-3,1]
[512,-192,120,-37,15,-3,1]
[4096,-256,80,91,5,-1,1]
[6561,324,-37,4,1]
[4096,256,-96,-41,-6,1,1]
[14641,-1210,61,-10,1]
[15625,0,14,0,1]
[4096,256,416,39,26,1,1]
[16384,-768,211,-6,1]
[16384,1024,-11,8,1]
[729,486,324,110,36,6,1]
[14641,-605,239,-5,1]
[256,-320,160,-40,9,-10,10,-5,1]
[729,-243,81,-23,9,-3,1]
[14641,-242,168,-2,1]
[4096,-1280,512,-89,32,-5,1]
[4096,256,176,91,11,1,1]
[15625,1625,211,13,1]
[512,640,408,173,51,10,1]
[256,-128,128,-52,31,-13,8,-2,1]
[1024,224,29,7,1]
[256,192,0,28,45,7,0,3,1]
[4096,-1792,768,-217,48,-7,1]
[2401,-147,-8,-3,1]
[4096,-768,160,7,10,-3,1]
[4096,-256,64,39,4,-1,1]
[14641,1815,202,15,1]
[4096,512,-96,15,-6,2,1]
[14641,726,140,6,1]
[4096,640,117,10,1]
[15625,-3000,313,-24,1]
[4096,-512,240,-99,15,-2,1]
[4096,-768,75,-12,1]
[256,192,64,12,11,3,4,3,1]
[4096,-1280,-224,145,-14,-5,1]
[4096,-256,208,-11,13,-1,1]
[4096,128,9,2,1]
[4096,1280,640,129,40,5,1]
[4096,768,544,101,34,3,1]
[16384,-2432,313,-19,1]
[4096,-1280,112,-21,7,-5,1]
[4096,-64,49,-1,1]
[256,192,128,48,29,12,8,3,1]
[6561,-1053,161,-13,1]
[14641,2057,162,17,1]
[4096,1024,640,127,40,4,1]
[4096,512,240,9,15,2,1]
[4096,0,-48,21,-3,0,1]
[4096,256,448,43,28,1,1]
[16384,-1664,79,-13,1]
[256,192,240,116,85,29,15,3,1]
[4096,-768,368,-37,23,-3,1]
[4096,-512,352,-57,22,-2,1]
[256,64,0,-24,-15,-6,0,1,1]
[256,-256,96,-24,11,-6,6,-4,1]
[4096,-256,48,-7,3,-1,1]
[4096,-512,400,-5,25,-2,1]
[625,-100,19,-4,1]
[512,-384,144,-47,18,-6,1]
[256,128,-48,16,41,4,-3,2,1]
[256,0,48,4,31,1,3,0,1]
[512,320,112,31,14,5,1]
[15625,250,1,2,1]
[256,-192,128,-68,33,-17,8,-3,1]
[4096,512,32,59,2,2,1]
[4096,-768,115,-12,1]
[15625,1375,23,11,1]
[256,0,-48,4,15,1,-3,0,1]
[15625,2875,318,23,1]
[6561,-648,107,-8,1]
[4096,0,432,-3,27,0,1]
[4096,-512,64,53,4,-2,1]
[512,256,64,21,8,4,1]
[4096,1024,448,99,28,4,1]
[4096,-1792,576,-187,36,-7,1]
[4096,-1024,336,-45,21,-4,1]
[4096,768,288,13,18,3,1]
[2401,98,30,2,1]
[4096,1024,576,101,36,4,1]
[4096,-512,-80,21,-5,-2,1]
[14641,-847,229,-7,1]
[4096,-1024,528,-85,33,-4,1]
[4096,256,624,31,39,1,1]
[4096,320,-9,5,1]
[256,-320,272,-164,91,-41,17,-5,1]
[4096,-2048,1008,-259,63,-8,1]
[14641,-484,32,-4,1]
[4096,1280,256,75,16,5,1]
[4096,-1280,-128,103,-8,-5,1]
[14641,-2178,218,-18,1]
[4096,768,-144,-83,-9,3,1]
[14641,-1452,41,-12,1]
[14641,484,2,4,1]
[14641,726,167,6,1]
[15625,500,-49,4,1]
[256,0,48,12,9,3,3,0,1]
[4096,2048,672,163,42,8,1]
[16384,1792,111,14,1]
[4096,768,480,91,30,3,1]
[4096,-512,-16,31,-1,-2,1]
[4096,1536,352,109,22,6,1]
[15625,-2500,263,-20,1]
[14641,2057,149,17,1]
[14641,0,39,0,1]
[4096,0,48,-23,3,0,1]
[729,81,36,8,4,1,1]
[4096,1536,896,191,56,6,1]
[15625,3000,326,24,1]
[2401,-98,41,-2,1]
[4096,-768,304,-29,19,-3,1]
[256,-64,0,-8,-5,-2,0,-1,1]
[15625,3875,457,31,1]
[14641,-242,130,-2,1]
[729,891,558,226,62,11,1]
[6561,648,44,8,1]
[15625,-125,-39,-1,1]
[15625,250,48,2,1]
[4096,2560,1040,307,65,10,1]
[14641,-121,-107,-1,1]
[256,-208,73,-13,1]
[4096,-1280,544,-103,34,-5,1]
[512,-128,24,-1,3,-2,1]
[729,486,234,95,26,6,1]
[16384,128,159,1,1]
[256,320,112,-60,-65,-15,7,5,1]
[256,-128,80,-56,21,-14,5,-2,1]
[2401,-245,24,-5,1]
[4096,-512,608,-69,38,-2,1]
[14641,605,225,5,1]
[256,-256,208,-136,79,-34,13,-4,1]
[4096,-2560,1184,-339,74,-10,1]
[256,64,48,-36,-7,-9,3,1,1]
[2401,49,13,1,1]
[4096,704,99,11,1]
[15625,-125,-7,-1,1]
[6561,648,161,8,1]
[2401,882,159,18,1]
[4096,1024,80,-43,5,4,1]
[625,-25,-38,-1,1]
[256,0,32,-16,-3,-4,2,0,1]
[4096,-768,480,-75,30,-3,1]
[14641,-1815,293,-15,1]
[256,-192,176,-100,65,-25,11,-3,1]
[14641,2299,241,19,1]
[256,0,80,-16,25,-4,5,0,1]
[4096,-1280,-32,99,-2,-5,1]
[256,-128,-16,-12,27,-3,-1,-2,1]
[4096,-512,32,-5,2,-2,1]
[256,64,16,-16,-17,-4,1,1,1]
[256,0,112,-8,39,-2,7,0,1]
[256,-64,48,32,-1,8,3,-1,1]
[15625,-1875,294,-15,1]
[6561,-2025,310,-25,1]
[256,0,144,4,43,1,9,0,1]
[6561,2106,314,26,1]
[512,0,8,1,1,0,1]
[729,-81,27,17,3,-1,1]
[4096,768,416,99,26,3,1]
[729,486,279,107,31,6,1]
[4096,1024,-64,-49,-4,4,1]
[16384,256,35,2,1]
[4096,256,400,29,25,1,1]
[729,-405,189,-70,21,-5,1]
[4096,256,224,29,14,1,1]
[4096,-512,272,-87,17,-2,1]
[512,-192,96,-45,12,-3,1]
[729,0,81,1,9,0,1]
[4096,-512,624,-55,39,-2,1]
[4096,-2816,944,-239,59,-11,1]
[256,192,160,76,47,19,10,3,1]
[4096,256,-32,-17,-2,1,1]
[4096,1024,-48,-77,-3,4,1]
[729,324,72,2,8,4,1]
[4096,-2048,800,-239,50,-8,1]
[6561,-729,181,-9,1]
[64,8,-3,1,1]
[14641,484,134,4,1]
[256,320,240,116,55,29,15,5,1]
[4096,0,384,-7,24,0,1]
[4096,1024,320,141,20,4,1]
[4096,-1280,640,-141,40,-5,1]
[4096,2048,304,11,19,8,1]
[14641,3872,464,32,1]
[14641,-3025,382,-25,1]
[15625,-1250,227,-10,1]
[2401,588,107,12,1]
[4096,768,272,53,17,3,1]
[4096,256,656,25,41,1,1]
[14641,-363,-131,-3,1]
[256,-192,208,-128,73,-32,13,-3,1]
[16384,-1408,229,-11,1]
[16384,-2304,181,-18,1]
[4096,256,192,-3,12,1,1]
[256,128,48,44,33,11,3,2,1]
[4096,576,67,9,1]
[14641,0,-73,0,1]
[15625,-1250,2,-10,1]
[4096,-1280,64,3,4,-5,1]
[4096,512,-176,-31,-11,2,1]
[6561,891,115,11,1]
[2401,637,115,13,1]
[2401,294,22,6,1]
[16384,128,-213,1,1]
[729,486,126,20,14,6,1]
[4096,768,64,-5,4,3,1]
[4096,512,160,133,10,2,1]
[512,256,104,43,13,4,1]
[4096,-768,163,-12,1]
[729,-324,54,-13,6,-4,1]
[256,320,224,124,61,31,14,5,1]
[4096,-512,112,9,7,-2,1]
[4096,0,448,-21,28,0,1]
[15625,-2500,331,-20,1]
[4096,1536,448,81,28,6,1]
[256,-128,96,-40,15,-10,6,-2,1]
[729,729,459,181,51,9,1]
[4096,2048,752,201,47,8,1]
[729,324,243,67,27,4,1]
[15625,1375,86,11,1]
[4096,-256,384,-19,24,-1,1]
[6561,-243,53,-3,1]
[4096,512,208,-23,13,2,1]
[4096,2304,768,189,48,9,1]
[15625,-125,187,-1,1]
[729,81,63,32,7,1,1]
[4096,-768,336,-119,21,-3,1]
[729,324,108,47,12,4,1]
[14641,1210,79,10,1]
[4096,0,128,-19,8,0,1]
[16384,-1920,221,-15,1]
[4096,-1024,416,-123,26,-4,1]
[16384,384,-145,3,1]
[4096,-512,-224,69,-14,-2,1]
[4096,-1024,528,-87,33,-4,1]
[256,192,160,96,61,24,10,3,1]
[256,-192,48,-48,41,-12,3,-3,1]
[2401,-147,46,-3,1]
[15625,-375,-66,-3,1]
[4096,512,112,-11,7,2,1]
[4096,0,544,-17,34,0,1]
[1024,-192,57,-6,1]
[4096,1792,576,189,36,7,1]
[4096,-512,-192,83,-12,-2,1]
[1024,64,-21,2,1]
[4096,0,-192,13,-12,0,1]
[4096,-1024,176,7,11,-4,1]
[729,-162,18,-2,2,-2,1]
[729,0,45,-14,5,0,1]
[256,-128,32,-36,39,-9,2,-2,1]
[729,243,207,41,23,3,1]
[16384,-1280,255,-10,1]
[256,384,336,212,113,53,21,6,1]
[4096,-768,-96,71,-6,-3,1]
[256,0,48,0,19,0,3,0,1]
[1024,96,27,3,1]
[512,128,40,37,5,2,1]
[256,-64,48,-28,17,-7,3,-1,1]
[16384,-768,91,-6,1]
[512,64,16,-21,2,1,1]
[4096,1792,448,73,28,7,1]
[256,128,64,56,33,14,4,2,1]
[4096,-256,320,-21,20,-1,1]
[15625,1375,69,11,1]
[15625,-1625,261,-13,1]
[4096,-1024,272,-75,17,-4,1]
[256,-64,16,-4,-15,-1,1,-1,1]
[4096,128,115,2,1]
[256,112,41,7,1]
[256,256,160,44,17,11,10,4,1]
[6561,-729,92,-9,1]
[49,9,1]
[4096,-2560,1120,-305,70,-10,1]
[6561,1701,245,21,1]
[6561,-81,29,-1,1]
[15625,125,181,1,1]
[625,150,31,6,1]
[4096,-1024,400,-37,25,-4,1]
[2401,-294,86,-6,1]
[4096,1536,848,185,53,6,1]
[15625,375,-136,3,1]
[4096,1280,304,53,19,5,1]
[4096,512,11,8,1]
[256,192,144,88,39,22,9,3,1]
[4096,1280,112,-45,7,5,1]
[256,-320,160,-28,-1,-7,10,-5,1]
[256,0,144,-4,45,-1,9,0,1]
[4096,-2304,320,3,20,-9,1]
[4096,0,256,67,16,0,1]
[4096,0,-160,-47,-10,0,1]
[256,0,-112,4,39,1,-7,0,1]
[4096,512,-32,35,-2,2,1]
[15625,-250,234,-2,1]
[4096,0,144,-81,9,0,1]
[512,-64,8,-17,1,-1,1]
[256,0,48,16,23,4,3,0,1]
[16384,-128,129,-1,1]
[15625,3875,484,31,1]
[4096,1280,211,20,1]
[4096,512,128,127,8,2,1]
[15625,-1750,143,-14,1]
[512,-128,-16,27,-2,-2,1]
[4096,512,464,45,29,2,1]
[4096,-3584,1616,-481,101,-14,1]
[729,-567,360,-133,40,-7,1]
[16384,128,1,1,1]
[256,128,64,16,-5,4,4,2,1]
[4096,-768,304,3,19,-3,1]
[4096,512,112,45,7,2,1]
[512,-192,-40,35,-5,-3,1]
[4096,2048,720,199,45,8,1]
[16384,256,-71,2,1]
[4096,768,-128,-113,-8,3,1]
[4096,-512,496,-75,31,-2,1]
[512,-320,200,-75,25,-5,1]
[4096,-1024,128,-21,8,-4,1]
[4096,-512,-32,13,-2,-2,1]
[16384,-512,-31,-4,1]
[256,-128,-32,24,-5,6,-2,-2,1]
[4096,1024,64,-25,4,4,1]
[4096,-256,336,-39,21,-1,1]
[256,-384,288,-164,85,-41,18,-6,1]
[729,0,-63,11,-7,0,1]
[256,128,32,-20,-11,-5,2,2,1]
[6561,1377,224,17,1]
[6561,-1053,107,-13,1]
[4096,512,416,67,26,2,1]
[4096,-1024,192,-69,12,-4,1]
[14641,-484,104,-4,1]
[4096,-512,496,-49,31,-2,1]
[14641,-484,145,-4,1]
[16384,2432,323,19,1]
[512,64,-8,-11,-1,1,1]
[256,-128,48,0,1,0,3,-2,1]
[4096,768,656,85,41,3,1]
[4096,2816,1104,317,69,11,1]
[14641,-1815,164,-15,1]
[14641,121,39,1,1]
[14641,121,-50,1,1]
[256,64,16,-24,-1,-6,1,1,1]
[4096,1792,288,29,18,7,1]
[16384,-4096,501,-32,1]
[14641,2420,233,20,1]
[14641,0,241,0,1]
[4096,-512,176,23,11,-2,1]
[729,324,171,52,19,4,1]
[6561,0,-34,0,1]
[4096,-1024,608,-113,38,-4,1]
[6561,405,163,5,1]
[4096,2304,720,175,45,9,1]
[256,192,96,52,31,13,6,3,1]
[4096,1280,400,97,25,5,1]
[4096,1280,384,67,24,5,1]
[6561,243,146,3,1]
[6561,-1377,211,-17,1]
[4096,1792,672,159,42,7,1]
[4096,1280,144,35,9,5,1]
[6561,-567,142,-7,1]
[49,-6,1]
[15625,-875,16,-7,1]
[4096,512,304,31,19,2,1]
[64,-32,32,-11,8,-2,1]
[4096,-1024,-160,105,-10,-4,1]
[4096,512,48,-27,3,2,1]
[256,64,32,40,21,10,2,1,1]
[4096,-1024,96,-3,6,-4,1]
[16384,128,87,1,1]
[256,128,-64,-16,17,-4,-4,2,1]
[4096,0,48,-85,3,0,1]
[6561,486,31,6,1]
[6561,-1053,181,-13,1]
[14641,242,93,2,1]
[4096,-1024,96,13,6,-4,1]
[16384,-2944,297,-23,1]
[6561,-1215,187,-15,1]
[256,128,112,48,41,12,7,2,1]
[16384,1280,87,10,1]
[14641,-1936,124,-16,1]
[512,-64,0,-7,0,-1,1]
[6561,-162,-110,-2,1]
[1024,-192,71,-6,1]
[4096,-256,352,23,22,-1,1]
[16384,-384,-49,-3,1]
[256,64,48,12,17,3,3,1,1]
[4096,768,208,-23,13,3,1]
[4096,512,127,8,1]
[256,-64,-96,-4,43,-1,-6,-1,1]
[4096,0,272,-55,17,0,1]
[512,-64,0,-23,0,-1,1]
[16384,1536,99,12,1]
[4096,0,0,79,0,0,1]
[256,64,144,56,41,14,9,1,1]
[15625,-1000,227,-8,1]
[256,-128,-32,12,5,3,-2,-2,1]
[4096,512,-96,-87,-6,2,1]
[14641,968,-42,8,1]
[256,64,32,8,25,2,2,1,1]
[6561,162,133,2,1]
[15625,-125,217,-1,1]
[15625,-2375,324,-19,1]
[14641,484,35,4,1]
[14641,1694,252,14,1]
[1024,-256,69,-8,1]
[16384,-2176,239,-17,1]
[625,75,6,3,1]
[4096,1536,768,173,48,6,1]
[512,-192,32,1,4,-3,1]
[6561,324,2,4,1]
[729,-567,279,-101,31,-7,1]
[4096,-1024,192,-27,12,-4,1]
[16384,0,-63,0,1]
[14641,605,-112,5,1]
[14641,-605,-74,-5,1]
[4096,256,-144,1,-9,1,1]
[4096,1024,592,91,37,4,1]
[4096,-768,640,-95,40,-3,1]
[256,192,192,132,67,33,12,3,1]
[4096,768,0,-1,0,3,1]
[14641,-605,-87,-5,1]
[14641,-2299,221,-19,1]
[4096,0,160,-65,10,0,1]
[1024,128,27,4,1]
[729,-81,-27,-13,-3,-1,1]
[15625,-500,-146,-4,1]
[4096,1024,-160,-139,-10,4,1]
[729,-486,63,17,7,-6,1]
[2401,98,2,2,1]
[4096,-768,-96,35,-6,-3,1]
[15625,875,154,7,1]
[2401,-637,86,-13,1]
[256,-256,80,16,-19,4,5,-4,1]
[4096,-512,32,-65,2,-2,1]
[16384,640,111,5,1]
[16384,-1664,241,-13,1]
[14641,1089,178,9,1]
[4096,1280,416,95,26,5,1]
[4096,1024,608,113,38,4,1]
[729,-324,207,-56,23,-4,1]
[729,162,-9,-35,-1,2,1]
[15625,-3375,383,-27,1]
[4096,256,-96,-67,-6,1,1]
[16384,-1152,213,-9,1]
[4096,1280,-16,-51,-1,5,1]
[14641,3025,369,25,1]
[256,448,432,304,171,76,27,7,1]
[729,324,135,71,15,4,1]
[6561,-972,157,-12,1]
[4096,-1024,-80,77,-5,-4,1]
[6561,1782,254,22,1]
[256,448,400,244,125,61,25,7,1]
[16384,-128,107,-1,1]
[4096,-768,592,-67,37,-3,1]
[729,0,9,38,1,0,1]
[14641,0,188,0,1]
[4096,1536,704,187,44,6,1]
[729,0,-27,-29,-3,0,1]
[512,448,256,105,32,7,1]
[256,-192,48,4,-3,1,3,-3,1]
[4096,-1024,560,-101,35,-4,1]
[256,128,96,44,17,11,6,2,1]
[729,-81,153,-14,17,-1,1]
[729,-486,252,-97,28,-6,1]
[15625,-625,-53,-5,1]
[4096,-256,336,-31,21,-1,1]
[4096,-512,336,-15,21,-2,1]
[4096,1792,912,213,57,7,1]
[625,-75,19,-3,1]
[64,-16,16,-9,4,-1,1]
[14641,968,9,8,1]
[6561,-405,166,-5,1]
[625,75,2,3,1]
[729,-405,279,-88,31,-5,1]
[512,448,216,77,27,7,1]
[729,81,90,34,10,1,1]
[16384,-1792,145,-14,1]
[729,-162,9,29,1,-2,1]
[729,-567,234,-77,26,-7,1]
[4096,-1536,512,-131,32,-6,1]
[4096,-768,192,-83,12,-3,1]
[14641,-605,230,-5,1]
[4096,-256,224,-5,14,-1,1]
[4096,-1024,-192,97,-12,-4,1]
[16384,768,107,6,1]
[256,64,-32,-8,13,-2,-2,1,1]
[15625,500,188,4,1]
[15625,2000,158,16,1]
[4096,1280,224,53,14,5,1]
[256,-64,64,-8,25,-2,4,-1,1]
[4096,1024,608,97,38,4,1]
[512,-320,120,-39,15,-5,1]
[4096,512,-96,-39,-6,2,1]
[14641,-968,38,-8,1]
[15625,-375,74,-3,1]
[729,-405,225,-70,25,-5,1]
[4096,-1536,640,-165,40,-6,1]
[2401,0,51,0,1]
[729,243,135,35,15,3,1]
[4096,-1024,288,-37,18,-4,1]
[256,-192,80,16,-13,4,5,-3,1]
[4096,1536,608,159,38,6,1]
[14641,2057,216,17,1]
[2401,-196,47,-4,1]
[4096,-256,112,53,7,-1,1]
[2401,-98,15,-2,1]
[14641,-1694,141,-14,1]
[256,0,80,24,21,6,5,0,1]
[6561,1215,176,15,1]
[14641,-363,-127,-3,1]
[729,-324,36,-1,4,-4,1]
[15625,2750,266,22,1]
[4096,512,48,13,3,2,1]
[6561,81,-56,1,1]
[512,-320,16,27,2,-5,1]
[2401,392,71,8,1]
[4096,704,141,11,1]
[256,0,128,-8,33,-2,8,0,1]
[15625,375,171,3,1]
[256,-128,80,-60,31,-15,5,-2,1]
[256,-128,16,36,-35,9,1,-2,1]
[4096,-2048,-32,147,-2,-8,1]
[15625,-2625,237,-21,1]
[4096,-1792,656,-223,41,-7,1]
[729,162,36,-10,4,2,1]
[256,-192,112,-60,21,-15,7,-3,1]
[4096,256,208,81,13,1,1]
[16384,0,-255,0,1]
[512,-128,56,-7,7,-2,1]
[15625,125,38,1,1]
[14641,847,185,7,1]
[729,81,72,32,8,1,1]
[4096,384,101,6,1]
[16384,-2176,319,-17,1]
[15625,1125,212,9,1]
[4096,0,-176,-19,-11,0,1]
[4096,-576,71,-9,1]
[14641,-363,61,-3,1]
[16384,1408,65,11,1]
[4096,2048,256,-15,16,8,1]
[4096,-2560,944,-253,59,-10,1]
[4096,-256,-48,-59,-3,-1,1]
[4096,-4096,2048,-633,128,-16,1]
[4096,512,-48,39,-3,2,1]
[4096,1792,160,-31,10,7,1]
[4096,-1024,736,-127,46,-4,1]
[4096,1536,336,101,21,6,1]
[4096,-1792,544,-159,34,-7,1]
[4096,-1024,416,-41,26,-4,1]
[729,-162,81,5,9,-2,1]
[729,-135,23,-5,1]
[256,-256,176,-120,69,-30,11,-4,1]
[729,-243,45,-28,5,-3,1]
[15625,-1375,136,-11,1]
[256,192,176,88,49,22,11,3,1]
[15625,-500,157,-4,1]
[16384,1408,29,11,1]
[2401,-343,58,-7,1]
[14641,-1331,211,-11,1]
[4096,-2304,880,-247,55,-9,1]
[4096,512,-96,-85,-6,2,1]
[256,0,80,-8,13,-2,5,0,1]
[4096,2304,816,239,51,9,1]
[4096,-1536,112,19,7,-6,1]
[4096,512,496,25,31,2,1]
[256,320,96,-60,-59,-15,6,5,1]
[256,-64,-80,-4,33,-1,-5,-1,1]
[2401,-147,16,-3,1]
[6561,81,-74,1,1]
[256,0,-16,-12,1,-3,-1,0,1]
[6561,-486,169,-6,1]
[14641,-726,194,-6,1]
[14641,-484,-81,-4,1]
[6561,-1782,271,-22,1]
[4096,2560,880,225,55,10,1]
[256,-320,256,-164,87,-41,16,-5,1]
[16384,512,211,4,1]
[14641,-847,-60,-7,1]
[4096,-1280,448,-147,28,-5,1]
[256,128,64,12,1,3,4,2,1]
[4096,-1536,304,-69,19,-6,1]
[4096,-256,-144,-13,-9,-1,1]
[4096,-1024,96,-21,6,-4,1]
[729,81,45,-25,5,1,1]
[512,-128,8,3,1,-2,1]
[4096,-1024,256,-85,16,-4,1]
[4096,256,48,35,3,1,1]
[729,162,54,-7,6,2,1]
[2401,98,6,2,1]
[4096,1792,848,221,53,7,1]
[256,-256,208,-136,77,-34,13,-4,1]
[14641,-1815,126,-15,1]
[625,-100,21,-4,1]
[16384,-1792,281,-14,1]
[4096,512,-80,17,-5,2,1]
[6561,-324,46,-4,1]
[4096,-2048,624,-159,39,-8,1]
[6561,-81,-34,-1,1]
[4096,0,480,9,30,0,1]
[16384,-640,-133,-5,1]
[15625,-1000,83,-8,1]
[729,-243,73,-9,1]
[14641,847,224,7,1]
[16384,1024,81,8,1]
[16384,2944,341,23,1]
[4096,1344,233,21,1]
[4096,-1536,336,-103,21,-6,1]
[4096,1280,-16,-85,-1,5,1]
[4096,768,-64,-83,-4,3,1]
[729,-810,477,-188,53,-10,1]
[2401,392,109,8,1]
[16384,896,-75,7,1]
[256,128,80,24,5,6,5,2,1]
[256,-256,112,20,-29,5,7,-4,1]
[256,0,0,24,-5,6,0,0,1]
[625,25,-9,1,1]
[15625,-2625,276,-21,1]
[16384,-2176,231,-17,1]
[16384,1280,65,10,1]
[256,-448,416,-268,143,-67,26,-7,1]
[2401,-1029,206,-21,1]
[4096,512,32,-15,2,2,1]
[4096,1792,64,-73,4,7,1]
[15625,875,-14,7,1]
[14641,-121,-83,-1,1]
[16384,1536,95,12,1]
[256,-128,96,-16,21,-4,6,-2,1]
[16384,1280,199,10,1]
[4096,-512,-240,65,-15,-2,1]
[729,-324,-27,46,-3,-4,1]
[4096,-1280,64,33,4,-5,1]
[256,-64,112,-16,31,-4,7,-1,1]
[4096,0,53,0,1]
[256,-32,-3,-2,1]
[2401,294,93,6,1]
[4096,-1792,496,-91,31,-7,1]
[729,-486,171,-49,19,-6,1]
[256,320,224,104,47,26,14,5,1]
[4096,256,32,-95,2,1,1]
[6561,-1701,242,-21,1]
[4096,-1024,192,-25,12,-4,1]
[512,256,128,55,16,4,1]
[256,-64,48,32,-11,8,3,-1,1]
[6561,-162,-38,-2,1]
[729,81,90,-5,10,1,1]
[14641,4114,518,34,1]
[1024,288,49,9,1]
[4096,-512,112,-99,7,-2,1]
[256,0,144,-8,45,-2,9,0,1]
[4096,256,-128,-67,-8,1,1]
[14641,847,-52,7,1]
[256,64,16,-8,-23,-2,1,1,1]
[15625,375,36,3,1]
[4096,0,96,93,6,0,1]
[2401,-539,111,-11,1]
[256,-192,64,32,-31,8,4,-3,1]
[6561,-810,116,-10,1]
[2401,147,99,3,1]
[4096,-1536,256,-41,16,-6,1]
[729,81,144,13,16,1,1]
[16384,-768,223,-6,1]
[16384,1408,109,11,1]
[4096,256,256,37,16,1,1]
[256,-128,144,-104,41,-26,9,-2,1]
[15625,1000,-31,8,1]
[14641,-1452,133,-12,1]
[15625,0,-187,0,1]
[14641,1694,107,14,1]
[4096,-512,160,25,10,-2,1]
[14641,363,203,3,1]
[256,64,80,24,11,6,5,1,1]
[16384,3328,381,26,1]
[4096,-768,-160,105,-10,-3,1]
[15625,1000,213,8,1]
[6561,81,10,1,1]
[256,-64,32,0,19,0,2,-1,1]
[4096,-3584,1536,-447,96,-14,1]
[4096,-512,49,-8,1]
[15625,1500,234,12,1]
[4096,-512,544,-65,34,-2,1]
[2401,98,81,2,1]
[4096,256,-96,-93,-6,1,1]
[15625,875,261,7,1]
[729,0,-45,-17,-5,0,1]
[729,-486,270,-106,30,-6,1]
[14641,726,205,6,1]
[256,192,144,96,51,24,9,3,1]
[14641,1936,237,16,1]
[16384,0,129,0,1]
[4096,-1280,304,-51,19,-5,1]
[15625,500,19,4,1]
[729,0,18,19,2,0,1]
[4096,0,416,-29,26,0,1]
[256,-64,16,-28,17,-7,1,-1,1]
[4096,-256,464,-43,29,-1,1]
[625,0,34,0,1]
[4096,1536,288,23,18,6,1]
[729,486,225,89,25,6,1]
[256,-128,32,16,-7,4,2,-2,1]
[14641,-1452,234,-12,1]
[16384,-1536,201,-12,1]
[6561,162,23,2,1]
[625,-50,26,-2,1]
[15625,-750,54,-6,1]
[256,-64,128,-24,43,-6,8,-1,1]
[4096,-1792,368,-55,23,-7,1]
[4096,-256,0,-7,0,-1,1]
[14641,-1452,27,-12,1]
[14641,242,193,2,1]
[14641,-968,219,-8,1]
[256,-64,96,-28,19,-7,6,-1,1]
[256,256,112,24,1,6,7,4,1]
[4096,1024,128,-39,8,4,1]
[15625,1625,154,13,1]
[512,64,32,-15,4,1,1]
[729,-162,27,26,3,-2,1]
[729,324,0,-28,0,4,1]
[256,-192,80,-16,11,-4,5,-3,1]
[729,-81,16,-3,1]
[15625,625,152,5,1]
[4096,0,-144,-49,-9,0,1]
[256,-192,32,4,-1,1,2,-3,1]
[6561,0,131,0,1]
[4096,0,-64,65,-4,0,1]
[15625,625,229,5,1]
[4096,768,125,12,1]
[512,-128,88,-37,11,-2,1]
[256,-256,176,-112,65,-28,11,-4,1]
[4096,-1024,48,29,3,-4,1]
[256,128,64,24,25,6,4,2,1]
[4096,-2048,176,43,11,-8,1]
[4096,1536,368,83,23,6,1]
[16384,2304,163,18,1]
[256,64,64,16,25,4,4,1,1]
[6561,-648,-14,-8,1]
[256,-320,256,-148,79,-37,16,-5,1]
[4096,768,-128,-115,-8,3,1]
[4096,-256,160,65,10,-1,1]
[4096,256,-64,-47,-4,1,1]
[729,810,477,185,53,10,1]
[4096,-1792,832,-197,52,-7,1]
[512,0,24,5,3,0,1]
[4096,1792,560,129,35,7,1]
[4096,-1280,80,17,5,-5,1]
[729,-81,108,-25,12,-1,1]
[512,-128,-8,3,-1,-2,1]
[4096,-2048,448,-89,28,-8,1]
[256,128,80,16,19,4,5,2,1]
[256,128,32,-24,-21,-6,2,2,1]
[4096,-2304,880,-237,55,-9,1]
[256,256,128,16,-5,4,8,4,1]
[2401,245,11,5,1]
[14641,1331,89,11,1]
[4096,1280,160,17,10,5,1]
[4096,-128,-27,-2,1]
[15625,-4375,536,-35,1]
[4096,-768,608,-93,38,-3,1]
[256,0,48,12,5,3,3,0,1]
[4096,-768,272,-109,17,-3,1]
[729,0,135,-10,15,0,1]
[4096,-1536,368,-61,23,-6,1]
[729,0,0,-25,0,0,1]
[256,128,48,24,1,6,3,2,1]
[6561,567,56,7,1]
[729,405,243,86,27,5,1]
[4096,-256,131,-4,1]
[4096,0,-224,11,-14,0,1]
[729,0,54,-29,6,0,1]
[64,9,1]
[4096,1280,288,73,18,5,1]
[256,0,32,8,19,2,2,0,1]
[4096,1280,144,3,9,5,1]
[512,64,-48,-15,-6,1,1]
[6561,-243,118,-3,1]
[4096,-2048,592,-135,37,-8,1]
[256,0,80,-20,17,-5,5,0,1]
[16384,1280,145,10,1]
[15625,-2625,299,-21,1]
[14641,-1452,274,-12,1]
[4096,0,176,35,11,0,1]
[729,-486,81,7,9,-6,1]
[512,320,136,55,17,5,1]
[729,243,63,-7,7,3,1]
[16384,2432,335,19,1]
[14641,-968,178,-8,1]
[4096,-1280,464,-129,29,-5,1]
[6561,-405,47,-5,1]
[2401,-343,37,-7,1]
[256,0,32,4,11,1,2,0,1]
[14641,2420,291,20,1]
[64,32,40,13,10,2,1]
[15625,-1625,46,-13,1]
[14641,1815,272,15,1]
[14641,2299,212,19,1]
[15625,1750,284,14,1]
[512,256,120,45,15,4,1]
[4096,-1024,-96,121,-6,-4,1]
[16384,1408,7,11,1]
[14641,-847,122,-7,1]
[4096,-768,256,-15,16,-3,1]
[729,-243,117,-25,13,-3,1]
[4096,1792,368,69,23,7,1]
[729,-243,117,-53,13,-3,1]
[729,162,0,-25,0,2,1]
[4096,512,0,-91,0,2,1]
[15625,-1875,101,-15,1]
[729,405,225,83,25,5,1]
[15625,-625,-44,-5,1]
[4096,-1024,-144,141,-9,-4,1]
[4096,-1536,672,-147,42,-6,1]
[256,-192,144,-84,43,-21,9,-3,1]
[625,-25,1,-1,1]
[15625,-625,-41,-5,1]
[4096,-256,384,-39,24,-1,1]
[6561,-405,-19,-5,1]
[4096,-2304,416,-39,26,-9,1]
[4096,2048,512,123,32,8,1]
[256,0,32,-20,-5,-5,2,0,1]
[4096,2048,448,93,28,8,1]
[4096,-256,-176,37,-11,-1,1]
[625,200,37,8,1]
[15625,0,-148,0,1]
[4096,-256,-32,-9,-2,-1,1]
[4096,1024,128,37,8,4,1]
[4096,512,208,95,13,2,1]
[15625,-1750,163,-14,1]
[4096,1280,752,145,47,5,1]
[14641,0,126,0,1]
[4096,-512,256,-49,16,-2,1]
[512,64,88,15,11,1,1]
[2401,294,25,6,1]
[729,-351,95,-13,1]
[4096,2304,640,159,40,9,1]
[14641,-121,235,-1,1]
[256,0,128,-32,33,-8,8,0,1]
[4096,768,320,103,20,3,1]
[4096,-1536,224,-21,14,-6,1]
[4096,256,112,39,7,1,1]
[16384,-3968,485,-31,1]
[512,448,280,115,35,7,1]
[16384,-256,-11,-2,1]
[4096,0,-9,0,1]
[256,0,-80,4,23,1,-5,0,1]
[512,-256,120,-39,15,-4,1]
[4096,2304,736,187,46,9,1]
[15625,1875,253,15,1]
[256,64,0,8,-5,2,0,1,1]
[256,320,208,92,39,23,13,5,1]
[4096,1536,336,75,21,6,1]
[16384,-1152,-41,-9,1]
[4096,-512,144,31,9,-2,1]
[729,-324,153,-67,17,-4,1]
[16384,128,-47,1,1]
[6561,891,179,11,1]
[15625,-375,203,-3,1]
[4096,768,464,83,29,3,1]
[4096,-256,127,-4,1]
[256,0,48,4,9,1,3,0,1]
[14641,-1815,262,-15,1]
[16384,3328,409,26,1]
[15625,-3375,374,-27,1]
[256,320,176,52,13,13,11,5,1]
[6561,-486,86,-6,1]
[256,-64,64,-12,1,-3,4,-1,1]
[4096,-768,208,-51,13,-3,1]
[4096,0,-208,17,-13,0,1]
[2401,0,52,0,1]
[4096,-512,-32,29,-2,-2,1]
[625,-100,51,-4,1]
[4096,2048,864,257,54,8,1]
[14641,363,-166,3,1]
[4096,-768,304,-115,19,-3,1]
[729,-405,-72,86,-8,-5,1]
[4096,-384,83,-6,1]
[256,-192,144,-96,55,-24,9,-3,1]
[256,256,160,64,27,16,10,4,1]
[4096,-1280,192,5,12,-5,1]
[729,81,-27,-7,-3,1,1]
[256,192,176,96,61,24,11,3,1]
[4096,128,-39,2,1]
[256,192,32,-16,-11,-4,2,3,1]
[14641,-1331,104,-11,1]
[16384,-768,215,-6,1]
[15625,-875,187,-7,1]
[256,-192,96,-20,5,-5,6,-3,1]
[4096,-768,368,-105,23,-3,1]
[4096,-768,592,-63,37,-3,1]
[4096,1024,112,35,7,4,1]
[256,-448,432,-280,151,-70,27,-7,1]
[16384,3840,473,30,1]
[256,-192,192,-108,71,-27,12,-3,1]
[14641,847,52,7,1]
[512,64,40,17,5,1,1]
[512,128,-56,-37,-7,2,1]
[729,-81,117,-31,13,-1,1]
[729,-81,135,-22,15,-1,1]
[4096,-1024,160,-71,10,-4,1]
[4096,-768,16,61,1,-3,1]
[729,324,27,-19,3,4,1]
[256,192,-16,-8,17,-2,-1,3,1]
[256,-64,80,12,15,3,5,-1,1]
[256,0,96,0,37,0,6,0,1]
[16384,-1280,13,-10,1]
[4096,-512,32,-43,2,-2,1]
[4096,256,-80,-75,-5,1,1]
[4096,-1344,231,-21,1]
[4096,1792,240,7,15,7,1]
[15625,125,-212,1,1]
[4096,-768,-176,73,-11,-3,1]
[14641,1452,56,12,1]
[4096,1280,320,99,20,5,1]
[4096,-768,-160,73,-10,-3,1]
[729,-324,79,-12,1]
[4096,-768,48,-51,3,-3,1]
[14641,-363,-31,-3,1]
[4096,-768,272,3,17,-3,1]
[729,-324,144,-55,16,-4,1]
[729,81,144,10,16,1,1]
[4096,-256,-16,-39,-1,-1,1]
[512,64,8,1,1,1,1]
[4096,1536,736,175,46,6,1]
[15625,3500,411,28,1]
[14641,-242,69,-2,1]
[4096,512,-176,-49,-11,2,1]
[14641,-847,228,-7,1]
[16384,-3712,453,-29,1]
[4096,512,-160,-85,-10,2,1]
[14641,-1452,193,-12,1]
[512,-192,-56,45,-7,-3,1]
[15625,875,251,7,1]
[14641,242,-151,2,1]
[4096,2048,912,231,57,8,1]
[256,-64,-96,-4,41,-1,-6,-1,1]
[256,0,-48,-16,11,-4,-3,0,1]
[15625,125,47,1,1]
[729,243,153,52,17,3,1]
[4096,1280,592,133,37,5,1]
[4096,-1536,432,-133,27,-6,1]
[2401,637,103,13,1]
[4096,512,544,33,34,2,1]
[4096,1536,-64,-103,-4,6,1]
[15625,-3750,437,-30,1]
[6561,-1377,230,-17,1]
[4096,768,-32,5,-2,3,1]
[256,64,0,4,15,1,0,1,1]
[6561,-972,92,-12,1]
[15625,1250,179,10,1]
[14641,0,175,0,1]
[4096,-512,448,-61,28,-2,1]
[16384,-1920,213,-15,1]
[4096,1024,304,17,19,4,1]
[625,225,51,9,1]
[729,162,-9,-32,-1,2,1]
[15625,2250,216,18,1]
[256,-192,112,-60,29,-15,7,-3,1]
[6561,81,41,1,1]
[512,128,80,11,10,2,1]
[256,320,272,176,91,44,17,5,1]
[15625,-1875,192,-15,1]
[6561,567,163,7,1]
[512,64,32,19,4,1,1]
[15625,-3000,374,-24,1]
[729,0,-13,0,1]
[4096,512,-80,-125,-5,2,1]
[15625,0,-93,0,1]
[729,486,189,68,21,6,1]
[4096,-512,400,-77,25,-2,1]
[4096,1280,-240,-167,-15,5,1]
[4096,1280,560,163,35,5,1]
[14641,484,43,4,1]
[256,-256,80,8,-11,2,5,-4,1]
[4096,-512,-80,101,-5,-2,1]
[4096,-256,256,-5,16,-1,1]
[4096,-1024,256,-31,16,-4,1]
[256,-320,272,-168,95,-42,17,-5,1]
[256,128,96,56,31,14,6,2,1]
[256,-128,32,-44,29,-11,2,-2,1]
[32,3,1]
[625,0,-42,0,1]
[4096,0,-176,33,-11,0,1]
[16384,2432,337,19,1]
[14641,3872,470,32,1]
[1024,-32,7,-1,1]
[256,0,16,32,-1,8,1,0,1]
[4096,-512,256,-91,16,-2,1]
[4096,896,145,14,1]
[6561,-1134,200,-14,1]
[1024,256,67,8,1]
[16384,-1152,239,-9,1]
[729,-324,117,-46,13,-4,1]
[4096,2816,992,261,62,11,1]
[4096,-3072,1216,-343,76,-12,1]
[256,256,96,20,7,5,6,4,1]
[256,-64,32,28,-19,7,2,-1,1]
[4096,512,304,-17,19,2,1]
[256,128,64,40,35,10,4,2,1]
[4096,0,464,-15,29,0,1]
[4096,-2560,736,-175,46,-10,1]
[16384,2688,349,21,1]
[16384,-1280,67,-10,1]
[4096,0,112,-87,7,0,1]
[15625,-750,111,-6,1]
[4096,256,288,-33,18,1,1]
[4096,-512,48,41,3,-2,1]
[15625,625,59,5,1]
[4096,-1536,416,-107,26,-6,1]
[16384,1408,185,11,1]
[729,-162,18,19,2,-2,1]
[4096,512,608,69,38,2,1]
[4096,0,-96,7,-6,0,1]
[16384,1408,277,11,1]
[2401,245,-27,5,1]
[15625,875,137,7,1]
[729,243,45,5,5,3,1]
[4096,256,96,25,6,1,1]
[14641,1694,208,14,1]
[512,256,64,7,8,4,1]
[4096,-2816,1232,-355,77,-11,1]
[4096,-64,-85,-1,1]
[4096,512,32,-41,2,2,1]
[2401,245,4,5,1]
[4096,512,432,17,27,2,1]
[4096,-1280,-176,157,-11,-5,1]
[4096,1024,352,151,22,4,1]
[256,-128,128,-68,33,-17,8,-2,1]
[15625,875,-69,7,1]
[256,-256,272,-172,105,-43,17,-4,1]
[256,-128,64,40,-21,10,4,-2,1]
[15625,2125,177,17,1]
[256,64,48,-40,-11,-10,3,1,1]
[4096,2304,928,259,58,9,1]
[4096,256,-144,-45,-9,1,1]
[729,324,171,59,19,4,1]
[256,192,48,48,41,12,3,3,1]
[14641,4356,554,36,1]
[4096,2816,1136,341,71,11,1]
[4096,-2048,304,-13,19,-8,1]
[14641,-121,-34,-1,1]
[4096,1024,304,87,19,4,1]
[729,-486,144,-35,16,-6,1]
[16384,-2048,201,-16,1]
[256,-128,-96,32,17,8,-6,-2,1]
[14641,847,144,7,1]
[14641,2299,274,19,1]
[2401,343,94,7,1]
[4096,-1280,208,11,13,-5,1]
[16384,896,47,7,1]
[4096,-1280,240,-21,15,-5,1]
[4096,-1536,240,-15,15,-6,1]
[4096,0,208,49,13,0,1]
[256,-320,128,32,-47,8,8,-5,1]
[15625,2750,327,22,1]
[256,64,64,40,27,10,4,1,1]
[4096,1792,736,193,46,7,1]
[4096,-512,80,5,5,-2,1]
[4096,-1536,416,-85,26,-6,1]
[4096,-1792,352,-41,22,-7,1]
[4096,-1280,193,-20,1]
[256,256,128,56,27,14,8,4,1]
[4096,768,112,71,7,3,1]
[4096,-256,416,-41,26,-1,1]
[4096,-256,-240,33,-15,-1,1]
[4096,-2304,512,-91,32,-9,1]
[16384,-384,-173,-3,1]
[256,-128,64,-32,5,-8,4,-2,1]
[256,64,-32,4,9,1,-2,1,1]
[256,128,32,32,19,8,2,2,1]
[15625,1875,94,15,1]
[14641,2783,366,23,1]
[256,-128,32,-28,29,-7,2,-2,1]
[16384,-2176,251,-17,1]
[4096,-256,-128,25,-8,-1,1]
[4096,1792,48,-85,3,7,1]
[729,0,90,11,10,0,1]
[4096,0,80,7,5,0,1]
[4096,-1536,-160,149,-10,-6,1]
[4096,-2048,528,-113,33,-8,1]
[2401,-294,89,-6,1]
[256,-64,128,-28,43,-7,8,-1,1]
[6561,-486,91,-6,1]
[512,-128,-32,45,-4,-2,1]
[4096,-256,288,13,18,-1,1]
[4096,-1280,-80,117,-5,-5,1]
[512,192,160,41,20,3,1]
[15625,-1625,203,-13,1]
[256,-192,144,-76,37,-19,9,-3,1]
[16384,0,229,0,1]
[15625,125,-99,1,1]
[2401,784,130,16,1]
[14641,-1815,136,-15,1]
[14641,2904,299,24,1]
[4096,1792,720,205,45,7,1]
[4096,512,320,53,20,2,1]
[14641,726,-69,6,1]
[4096,-512,64,-19,4,-2,1]
[512,-192,64,-21,8,-3,1]
[14641,-484,134,-4,1]
[14641,1331,254,11,1]
[512,384,80,1,10,6,1]
[4096,256,-80,-5,-5,1,1]
[4096,1792,320,61,20,7,1]
[1024,256,73,8,1]
[4096,-768,368,-39,23,-3,1]
[729,243,-36,-44,-4,3,1]
[15625,125,241,1,1]
[14641,-121,149,-1,1]
[4096,256,96,-83,6,1,1]
[15625,1125,229,9,1]
[15625,500,-29,4,1]
[4096,-1280,416,-85,26,-5,1]
[256,-192,80,20,-17,5,5,-3,1]
[14641,605,14,5,1]
[4096,768,80,-37,5,3,1]
[4096,2560,848,205,53,10,1]
[512,-320,64,-1,8,-5,1]
[4096,2304,880,237,55,9,1]
[4096,-256,128,55,8,-1,1]
[16384,-640,81,-5,1]
[15625,1500,252,12,1]
[4096,256,448,-9,28,1,1]
[256,64,48,12,-9,3,3,1,1]
[15625,-2875,303,-23,1]
[64,-24,3,-3,1]
[4096,512,272,43,17,2,1]
[256,192,160,104,55,26,10,3,1]
[256,-256,272,-156,97,-39,17,-4,1]
[14641,-847,52,-7,1]
[15625,-2750,358,-22,1]
[14641,484,-53,4,1]
[16384,1664,195,13,1]
[729,-405,54,11,6,-5,1]
[4096,-1280,320,-45,20,-5,1]
[4096,-2816,1264,-367,79,-11,1]
[4096,-2304,944,-263,59,-9,1]
[4096,1280,464,145,29,5,1]
[4096,-1024,272,-73,17,-4,1]
[14641,847,-57,7,1]
[1024,96,35,3,1]
[16384,2304,329,18,1]
[2401,-294,52,-6,1]
[4096,-1280,528,-83,33,-5,1]
[14641,1815,208,15,1]
[729,810,504,203,56,10,1]
[4096,768,80,-13,5,3,1]
[729,567,207,62,23,7,1]
[14641,726,172,6,1]
[512,64,16,-11,2,1,1]
[14641,0,-13,0,1]
[4096,-256,-144,69,-9,-1,1]
[256,-64,-32,0,23,0,-2,-1,1]
[14641,-1452,204,-12,1]
[14641,605,-114,5,1]
[4096,-1280,496,-143,31,-5,1]
[4096,256,112,73,7,1,1]
[15625,1500,238,12,1]
[4096,-256,-80,85,-5,-1,1]
[4096,512,208,-31,13,2,1]
[6561,-810,185,-10,1]
[4096,-512,384,-47,24,-2,1]
[256,128,64,4,-5,1,4,2,1]
[729,0,81,-29,9,0,1]
[15625,-3000,333,-24,1]
[4096,256,-160,1,-10,1,1]
[15625,625,-91,5,1]
[512,0,0,15,0,0,1]
[6561,-810,95,-10,1]
[4096,-256,-112,29,-7,-1,1]
[2401,98,18,2,1]
[6561,-243,-83,-3,1]
[4096,2048,192,-35,12,8,1]
[4096,768,-112,-57,-7,3,1]
[512,-128,88,-13,11,-2,1]
[729,243,108,59,12,3,1]
[512,192,40,-1,5,3,1]
[625,150,52,6,1]
[4096,-1280,496,-167,31,-5,1]
[729,-243,252,-52,28,-3,1]
[4096,-1536,480,-91,30,-6,1]
[4096,1280,-128,-99,-8,5,1]
[4096,-2048,416,-69,26,-8,1]
[16384,-1920,243,-15,1]
[4096,-1536,544,-139,34,-6,1]
[64,15,1]
[16384,-640,-11,-5,1]
[15625,1125,213,9,1]
[14641,1331,129,11,1]
[729,0,90,14,10,0,1]
[256,-192,112,-72,33,-18,7,-3,1]
[729,-162,90,-46,10,-2,1]
[256,128,32,-16,-13,-4,2,2,1]
[256,-192,64,-60,45,-15,4,-3,1]
[729,405,99,14,11,5,1]
[4096,-2048,832,-255,52,-8,1]
[14641,847,-17,7,1]
[729,162,81,14,9,2,1]
[729,162,36,-25,4,2,1]
[15625,1000,238,8,1]
[256,0,64,8,1,2,4,0,1]
[4096,-2560,1216,-335,76,-10,1]
[4096,-1536,48,77,3,-6,1]
[4096,512,80,69,5,2,1]
[4096,-2048,352,-27,22,-8,1]
[15625,-1750,261,-14,1]
[256,-128,48,-36,27,-9,3,-2,1]
[4096,-256,384,9,24,-1,1]
[64,-40,13,-5,1]
[4096,2816,1280,379,80,11,1]
[14641,1089,83,9,1]
[4096,-512,96,-17,6,-2,1]
[4096,1792,464,115,29,7,1]
[4096,-1792,320,-29,20,-7,1]
[6561,-567,-2,-7,1]
[14641,121,87,1,1]
[256,0,64,12,15,3,4,0,1]
[15625,1875,208,15,1]
[4096,256,48,91,3,1,1]
[4096,0,16,117,1,0,1]
[4096,768,-128,-45,-8,3,1]
[4096,512,80,-61,5,2,1]
[4096,1280,656,141,41,5,1]
[512,192,48,19,6,3,1]
[4096,4096,2000,615,125,16,1]
[16384,-1920,209,-15,1]
[256,-64,80,-20,13,-5,5,-1,1]
[512,128,0,-31,0,2,1]
[15625,375,19,3,1]
[4096,-256,-112,75,-7,-1,1]
[15625,-875,-32,-7,1]
[4096,-256,16,23,1,-1,1]
[14641,-242,15,-2,1]
[256,192,80,28,19,7,5,3,1]
[512,-256,72,-11,9,-4,1]
[4096,1536,-176,-169,-11,6,1]
[4096,-768,192,33,12,-3,1]
[4096,1536,272,67,17,6,1]
[512,-64,32,9,4,-1,1]
[729,0,180,-1,20,0,1]
[4096,-512,-32,37,-2,-2,1]
[4096,-64,-29,-1,1]
[14641,847,-56,7,1]
[256,64,32,24,5,6,2,1,1]
[256,80,21,5,1]
[4096,-4096,2096,-651,131,-16,1]
[6561,729,59,9,1]
[14641,-1210,82,-10,1]
[4096,768,-208,-97,-13,3,1]
[15625,2500,278,20,1]
[4096,-512,-80,113,-5,-2,1]
[14641,1331,40,11,1]
[256,256,112,72,49,18,7,4,1]
[2401,49,68,1,1]
[729,324,126,38,14,4,1]
[16384,-2560,231,-20,1]
[512,-192,88,-9,11,-3,1]
[14641,1452,64,12,1]
[16384,3712,413,29,1]
[16384,384,-127,3,1]
[14641,-484,-41,-4,1]
[256,128,80,-4,-5,-1,5,2,1]
[256,-192,80,-16,-1,-4,5,-3,1]
[4096,0,464,-29,29,0,1]
[4096,-256,160,51,10,-1,1]
[14641,2783,367,23,1]
[512,64,8,33,1,1,1]
[15625,-1250,122,-10,1]
[4096,0,192,41,12,0,1]
[256,-192,32,-12,13,-3,2,-3,1]
[256,-256,192,-116,57,-29,12,-4,1]
[729,-324,234,-71,26,-4,1]
[14641,-2420,216,-20,1]
[4096,256,176,-25,11,1,1]
[4096,0,-103,0,1]
[15625,2875,283,23,1]
[729,243,144,34,16,3,1]
[512,0,80,11,10,0,1]
[15625,-2250,261,-18,1]
[4096,-256,528,-25,33,-1,1]
[4096,1024,208,-7,13,4,1]
[4096,256,-48,-47,-3,1,1]
[729,243,36,-10,4,3,1]
[4096,1280,576,165,36,5,1]
[2401,-637,106,-13,1]
[256,-64,128,-32,37,-8,8,-1,1]
[729,-243,144,-25,16,-3,1]
[4096,768,85,12,1]
[4096,2560,944,269,59,10,1]
[256,128,96,60,15,15,6,2,1]
[6561,1134,127,14,1]
[4096,-1536,-16,93,-1,-6,1]
[4096,-768,64,63,4,-3,1]
[4096,-1536,576,-143,36,-6,1]
[256,0,176,0,59,0,11,0,1]
[512,64,24,-19,3,1,1]
[16384,-1536,143,-12,1]
[256,64,0,-20,3,-5,0,1,1]
[15625,500,8,4,1]
[4096,0,64,45,4,0,1]
[15625,-3625,459,-29,1]
[625,0,47,0,1]
[4096,-2048,704,-185,44,-8,1]
[4096,768,240,11,15,3,1]
[256,64,48,24,25,6,3,1,1]
[16384,640,-67,5,1]
[14641,-1452,58,-12,1]
[4096,1280,416,99,26,5,1]
[256,64,35,4,1]
[256,-384,192,16,-47,4,12,-6,1]
[15625,-750,-67,-6,1]
[4096,256,-96,-23,-6,1,1]
[15625,0,-29,0,1]
[4096,1792,640,191,40,7,1]
[729,0,36,11,4,0,1]
[15625,-250,51,-2,1]
[4096,-1280,416,-61,26,-5,1]
[256,-128,128,-56,43,-14,8,-2,1]
[1024,-224,73,-7,1]
[15625,2375,231,19,1]
[256,-320,272,-192,107,-48,17,-5,1]
[15625,-375,187,-3,1]
[15625,-3625,457,-29,1]
[256,0,48,-16,5,-4,3,0,1]
[4096,2304,752,181,47,9,1]
[256,-64,128,-20,39,-5,8,-1,1]
[256,64,-128,-4,45,-1,-8,1,1]
[729,-216,31,-8,1]
[15625,-625,-61,-5,1]
[4096,-768,416,-63,26,-3,1]
[729,0,108,5,12,0,1]
[4096,0,-112,-5,-7,0,1]
[256,-64,-48,-8,25,-2,-3,-1,1]
[4096,0,32,3,2,0,1]
[6561,972,124,12,1]
[2401,392,57,8,1]
[256,64,-32,-16,-7,-4,-2,1,1]
[2401,294,62,6,1]
[4096,-1024,176,-5,11,-4,1]
[2401,0,-20,0,1]
[4096,0,-16,-13,-1,0,1]
[14641,-1331,177,-11,1]
[4096,-512,432,-79,27,-2,1]
[256,128,80,44,35,11,5,2,1]
[4096,-1536,512,-107,32,-6,1]
[14641,-3630,423,-30,1]
[4096,2304,992,289,62,9,1]
[256,-128,32,-28,13,-7,2,-2,1]
[729,-648,279,-95,31,-8,1]
[729,270,61,10,1]
[16384,-768,255,-6,1]
[4096,1792,496,137,31,7,1]
[512,-64,16,21,2,-1,1]
[16384,-2432,247,-19,1]
[1024,-448,109,-14,1]
[15625,1250,-2,10,1]
[4096,-1792,272,-33,17,-7,1]
[16384,-1664,177,-13,1]
[729,0,18,26,2,0,1]
[2401,-539,81,-11,1]
[6561,243,37,3,1]
[14641,-968,46,-8,1]
[4096,1280,560,127,35,5,1]
[4096,-256,-64,71,-4,-1,1]
[256,-256,144,-48,11,-12,9,-4,1]
[15625,500,234,4,1]
[4096,0,544,-9,34,0,1]
[15625,-625,66,-5,1]
[14641,-1694,126,-14,1]
[14641,-2178,183,-18,1]
[14641,3146,357,26,1]
[256,64,128,44,33,11,8,1,1]
[512,64,144,15,18,1,1]
[729,-81,-9,-7,-1,-1,1]
[4096,1280,352,123,22,5,1]
[512,-128,0,27,0,-2,1]
[4096,2304,672,175,42,9,1]
[4096,-2816,1296,-369,81,-11,1]
[14641,242,204,2,1]
[256,-256,112,-16,-5,-4,7,-4,1]
[6561,-324,-8,-4,1]
[14641,-3267,394,-27,1]
[256,192,64,12,9,3,4,3,1]
[256,128,-16,12,25,3,-1,2,1]
[729,486,180,56,20,6,1]
[15625,-500,-66,-4,1]
[16384,1792,93,14,1]
[16384,-640,-123,-5,1]
[14641,-3509,446,-29,1]
[14641,1815,273,15,1]
[256,256,112,-4,-15,-1,7,4,1]
[256,-256,64,56,-49,14,4,-4,1]
[16384,-128,19,-1,1]
[512,384,232,91,29,6,1]
[4096,512,160,-39,10,2,1]
[729,-648,342,-125,38,-8,1]
[4096,-2560,1184,-327,74,-10,1]
[4096,256,320,21,20,1,1]
[15625,125,-36,1,1]
[14641,0,-229,0,1]
[14641,1452,90,12,1]
[4096,-1280,656,-129,41,-5,1]
[4096,-512,336,9,21,-2,1]
[256,-64,32,-24,23,-6,2,-1,1]
[4096,-1536,144,27,9,-6,1]
[15625,1625,127,13,1]
[512,384,176,71,22,6,1]
[16384,-128,-221,-1,1]
[15625,1250,83,10,1]
[1024,-192,65,-6,1]
[4096,0,496,5,31,0,1]
[2401,-441,102,-9,1]
[16384,-3072,313,-24,1]
[256,64,48,8,7,2,3,1,1]
[729,405,189,82,21,5,1]
[4096,512,-176,-27,-11,2,1]
[4096,1280,624,161,39,5,1]
[4096,-256,160,25,10,-1,1]
[729,324,-18,-46,-2,4,1]
[729,-81,99,-35,11,-1,1]
[729,0,-27,-17,-3,0,1]
[256,0,112,-4,25,-1,7,0,1]
[14641,-1452,225,-12,1]
[16384,256,-11,2,1]
[4096,3584,1584,471,99,14,1]
[4096,-1024,160,-7,10,-4,1]
[4096,-512,464,-69,29,-2,1]
[256,-128,160,-80,51,-20,10,-2,1]
[256,64,0,-8,-11,-2,0,1,1]
[4096,0,208,-65,13,0,1]
[14641,1452,241,12,1]
[14641,121,-47,1,1]
[4096,1536,400,91,25,6,1]
[2401,-588,86,-12,1]
[14641,605,-101,5,1]
[4096,-1280,-80,75,-5,-5,1]
[256,-128,80,-28,25,-7,5,-2,1]
[729,81,0,31,0,1,1]
[256,-64,48,-36,3,-9,3,-1,1]
[4096,1792,272,27,17,7,1]
[256,256,112,8,-13,2,7,4,1]
[729,-81,-36,37,-4,-1,1]
[14641,-3509,427,-29,1]
[4096,-256,640,-25,40,-1,1]
[256,-48,27,-3,1]
[15625,1125,184,9,1]
[15625,-1875,119,-15,1]
[256,-128,-32,-12,33,-3,-2,-2,1]
[4096,-448,129,-7,1]
[14641,-363,119,-3,1]
[256,128,-16,-24,-13,-6,-1,2,1]
[625,-75,48,-3,1]
[6561,-1377,221,-17,1]
[4096,-256,32,-77,2,-1,1]
[256,-128,80,-60,25,-15,5,-2,1]
[4096,768,240,89,15,3,1]
[14641,726,-43,6,1]
[15625,1750,128,14,1]
[256,-64,80,-20,33,-5,5,-1,1]
[4096,2304,1008,283,63,9,1]
[256,-320,304,-212,115,-53,19,-5,1]
[4096,64,-11,1,1]
[625,75,9,3,1]
[4096,1024,-96,-75,-6,4,1]
[4096,-768,560,-83,35,-3,1]
[4096,1024,320,67,20,4,1]
[729,54,16,2,1]
[256,-64,-32,12,-9,3,-2,-1,1]
[16384,1024,239,8,1]
[256,-64,96,-12,27,-3,6,-1,1]
[15625,1375,59,11,1]
[4096,2560,848,217,53,10,1]
[1024,-288,39,-9,1]
[729,162,108,38,12,2,1]
[14641,968,235,8,1]
[4096,1536,528,105,33,6,1]
[16384,-4352,517,-34,1]
[512,384,232,85,29,6,1]
[15625,-2500,323,-20,1]
[4096,-1024,48,45,3,-4,1]
[4096,-512,144,-5,9,-2,1]
[16384,2816,247,22,1]
[15625,2375,269,19,1]
[4096,448,21,7,1]
[14641,3509,420,29,1]
[14641,-1452,197,-12,1]
[6561,-162,151,-2,1]
[256,64,-16,-12,-1,-3,-1,1,1]
[256,-192,160,-68,41,-17,10,-3,1]
[14641,1815,267,15,1]
[4096,512,-224,-63,-14,2,1]
[14641,-1936,248,-16,1]
[256,64,-16,-16,-9,-4,-1,1,1]
[15625,-2750,364,-22,1]
[14641,-363,212,-3,1]
[15625,375,172,3,1]
[729,-81,72,16,8,-1,1]
[4096,512,320,93,20,2,1]
[16384,-384,-63,-3,1]
[4096,-512,80,-95,5,-2,1]
[256,-128,96,-68,29,-17,6,-2,1]
[6561,-1215,217,-15,1]
[14641,-1573,195,-13,1]
[16384,-256,201,-2,1]
[14641,-1573,201,-13,1]
[64,-16,8,1,2,-1,1]
[256,0,64,-36,7,-9,4,0,1]
[256,0,32,24,5,6,2,0,1]
[15625,1125,166,9,1]
[14641,605,-120,5,1]
[14641,3025,368,25,1]
[15625,-125,7,-1,1]
[15625,2125,308,17,1]
[625,-200,61,-8,1]
[729,-108,16,-4,1]
[4096,-768,272,-129,17,-3,1]
[256,-192,64,-20,7,-5,4,-3,1]
[15625,-625,9,-5,1]
[14641,-363,-64,-3,1]
[512,0,40,-29,5,0,1]
[15625,-625,144,-5,1]
[4096,-1024,-160,93,-10,-4,1]
[729,-486,234,-89,26,-6,1]
[15625,-1000,127,-8,1]
[4096,-1280,496,-89,31,-5,1]
[4096,-1024,-64,105,-4,-4,1]
[256,-192,128,-76,35,-19,8,-3,1]
[4096,1792,704,187,44,7,1]
[14641,1210,4,10,1]
[256,-64,96,-24,39,-6,6,-1,1]
[729,-405,198,-88,22,-5,1]
[15625,-1125,31,-9,1]
[14641,121,-131,1,1]
[4096,-256,80,55,5,-1,1]
[256,64,0,-20,-17,-5,0,1,1]
[256,256,64,-32,-31,-8,4,4,1]
[4096,256,624,29,39,1,1]
[4096,768,-160,-59,-10,3,1]
[14641,-484,49,-4,1]
[4096,2048,576,149,36,8,1]
[256,0,0,16,7,4,0,0,1]
[4096,-512,-80,7,-5,-2,1]
[4096,1280,64,-33,4,5,1]
[4096,1024,16,-49,1,4,1]
[4096,512,256,91,16,2,1]
[15625,-1125,-7,-9,1]
[6561,81,110,1,1]
[4096,512,512,61,32,2,1]
[4096,-640,103,-10,1]
[512,0,120,9,15,0,1]
[16384,1152,215,9,1]
[4096,512,-64,-69,-4,2,1]
[14641,0,-218,0,1]
[729,-270,62,-10,1]
[15625,-1250,274,-10,1]
[4096,768,240,1,15,3,1]
[256,-128,-16,16,-3,4,-1,-2,1]
[6561,-810,47,-10,1]
[4096,-256,64,21,4,-1,1]
[256,64,144,56,43,14,9,1,1]
[4096,2304,1088,301,68,9,1]
[15625,-625,194,-5,1]
[14641,363,100,3,1]
[6561,-729,167,-9,1]
[512,128,24,5,3,2,1]
[2401,49,-37,1,1]
[6561,-648,88,-8,1]
[512,128,64,27,8,2,1]
[256,320,224,140,77,35,14,5,1]
[4096,-256,0,-15,0,-1,1]
[14641,-605,199,-5,1]
[16384,1408,125,11,1]
[729,-405,0,40,0,-5,1]
[14641,-484,-45,-4,1]
[15625,750,-39,6,1]
[14641,-847,-27,-7,1]
[4096,-2048,480,-85,30,-8,1]
[14641,-1089,98,-9,1]
[4096,3328,1504,449,94,13,1]
[4096,0,-16,29,-1,0,1]
[4096,-512,48,-37,3,-2,1]
[729,0,54,-10,6,0,1]
[16384,-2560,275,-20,1]
[14641,-121,237,-1,1]
[256,320,336,232,135,58,21,5,1]
[4096,1792,304,45,19,7,1]
[512,0,80,5,10,0,1]
[4096,-512,336,-37,21,-2,1]
[15625,1750,67,14,1]
[6561,-405,92,-5,1]
[4096,2048,208,-25,13,8,1]
[4096,1536,272,51,17,6,1]
[729,-486,252,-104,28,-6,1]
[256,64,48,8,17,2,3,1,1]
[16384,1280,181,10,1]
[4096,-768,-16,-11,-1,-3,1]
[4096,-512,384,-25,24,-2,1]
[729,-567,225,-70,25,-7,1]
[4096,768,384,57,24,3,1]
[729,-486,207,-62,23,-6,1]
[4096,-1024,-32,59,-2,-4,1]
[256,256,240,160,87,40,15,4,1]
[14641,363,26,3,1]
[729,162,117,4,13,2,1]
[4096,-768,128,13,8,-3,1]
[729,-270,61,-10,1]
[4096,-1024,368,-69,23,-4,1]
[16384,-2432,325,-19,1]
[256,256,192,120,59,30,12,4,1]
[256,128,16,-28,-13,-7,1,2,1]
[14641,-1331,195,-11,1]
[729,486,279,101,31,6,1]
[256,256,144,88,49,22,9,4,1]
[16384,1792,171,14,1]
[14641,-2178,258,-18,1]
[4096,-512,176,-35,11,-2,1]
[15625,1250,8,10,1]
[14641,-363,1,-3,1]
[256,128,16,-24,-11,-6,1,2,1]
[4096,0,400,11,25,0,1]
[15625,1000,-26,8,1]
[256,-64,48,4,17,1,3,-1,1]
[4096,-256,192,-45,12,-1,1]
[6561,-1053,199,-13,1]
[4096,768,352,107,22,3,1]
[256,-64,-112,16,29,4,-7,-1,1]
[512,256,184,53,23,4,1]
[4096,1024,256,91,16,4,1]
[4096,1024,256,55,16,4,1]
[256,-64,0,4,-13,1,0,-1,1]
[4096,-256,240,45,15,-1,1]
[15625,2500,264,20,1]
[4096,-1792,544,-133,34,-7,1]
[15625,-1125,51,-9,1]
[256,128,64,-4,-11,-1,4,2,1]
[4096,-128,127,-2,1]
[625,-25,26,-1,1]
[256,64,64,60,15,15,4,1,1]
[16384,-768,69,-6,1]
[15625,1375,278,11,1]
[512,-128,-8,29,-1,-2,1]
[14641,-1694,145,-14,1]
[256,256,192,128,73,32,12,4,1]
[256,-256,176,-100,47,-25,11,-4,1]
[4096,256,320,-29,20,1,1]
[512,320,88,19,11,5,1]
[1024,-352,81,-11,1]
[4096,256,-16,67,-1,1,1]
[15625,1000,157,8,1]
[256,128,64,24,-5,6,4,2,1]
[4096,2816,1136,335,71,11,1]
[15625,-1625,177,-13,1]
[64,-48,32,-19,8,-3,1]
[14641,-1452,173,-12,1]
[4096,1024,80,39,5,4,1]
[4096,0,176,55,11,0,1]
[14641,-2178,213,-18,1]
[6561,729,103,9,1]
[4096,768,96,49,6,3,1]
[256,-128,80,4,-3,1,5,-2,1]
[15625,-2750,269,-22,1]
[16384,-384,63,-3,1]
[4096,512,15,8,1]
[4096,-448,69,-7,1]
[256,256,224,128,75,32,14,4,1]
[729,81,-45,-26,-5,1,1]
[4096,1536,112,-11,7,6,1]
[256,0,0,0,29,0,0,0,1]
[4096,-1024,288,-109,18,-4,1]
[15625,1875,222,15,1]
[6561,-1296,208,-16,1]
[4096,-256,-48,-63,-3,-1,1]
[14641,726,166,6,1]
[4096,-1024,512,-101,32,-4,1]
[4096,256,176,65,11,1,1]
[14641,-847,-14,-7,1]
[81,-36,16,-4,1]
[256,256,112,4,-17,1,7,4,1]
[4096,1792,800,213,50,7,1]
[256,192,48,16,11,4,3,3,1]
[4096,-768,384,-41,24,-3,1]
[256,-192,16,-28,37,-7,1,-3,1]
[512,-384,168,-55,21,-6,1]
[512,0,24,-31,3,0,1]
[1024,192,11,6,1]
[6561,-1134,176,-14,1]
[15625,1125,19,9,1]
[4096,0,-16,35,-1,0,1]
[256,-64,-32,8,-3,2,-2,-1,1]
[16384,-1152,137,-9,1]
[16384,-384,255,-3,1]
[625,-125,34,-5,1]
[256,-128,0,20,-1,5,0,-2,1]
[256,128,-32,-4,17,-1,-2,2,1]
[4096,-192,-53,-3,1]
[4096,2560,704,157,44,10,1]
[14641,0,90,0,1]
[14641,-121,96,-1,1]
[16384,768,-119,6,1]
[4096,-1088,155,-17,1]
[4096,-1024,-64,51,-4,-4,1]
[4096,-768,416,-65,26,-3,1]
[729,-162,117,-16,13,-2,1]
[16384,-1792,299,-14,1]
[14641,-847,87,-7,1]
[4096,-1024,224,-5,14,-4,1]
[729,-81,117,-4,13,-1,1]
[15625,-250,-169,-2,1]
[729,81,99,7,11,1,1]
[2401,-637,135,-13,1]
[4096,1280,768,145,48,5,1]
[14641,-726,101,-6,1]
[14641,-847,9,-7,1]
[512,-512,272,-103,34,-8,1]
[4096,512,640,51,40,2,1]
[15625,1250,62,10,1]
[256,-256,144,-40,7,-10,9,-4,1]
[729,405,243,76,27,5,1]
[4096,512,336,99,21,2,1]
[4096,-256,496,-45,31,-1,1]
[729,-162,45,4,5,-2,1]
[256,192,32,-8,-3,-2,2,3,1]
[15625,-125,191,-1,1]
[4096,512,416,57,26,2,1]
[14641,121,-16,1,1]
[4096,1792,192,-11,12,7,1]
[729,-162,72,-28,8,-2,1]
[2401,196,55,4,1]
[14641,-484,214,-4,1]
[15625,-500,173,-4,1]
[256,64,-16,-4,-9,-1,-1,1,1]
[16384,-512,201,-4,1]
[15625,-1375,76,-11,1]
[6561,1377,221,17,1]
[15625,-125,-139,-1,1]
[4096,2048,608,145,38,8,1]
[729,324,135,55,15,4,1]
[256,0,80,20,21,5,5,0,1]
[256,-64,80,-64,9,-16,5,-1,1]
[14641,363,35,3,1]
[15625,-2000,301,-16,1]
[14641,1694,90,14,1]
[4096,-1536,656,-161,41,-6,1]
[4096,-1280,-64,111,-4,-5,1]
[4096,-512,176,13,11,-2,1]
[4096,1024,416,141,26,4,1]
[15625,-500,-27,-4,1]
[14641,726,169,6,1]
[15625,875,67,7,1]
[14641,3751,441,31,1]
[6561,0,85,0,1]
[256,0,32,-40,1,-10,2,0,1]
[14641,-242,172,-2,1]
[4096,-1280,560,-107,35,-5,1]
[2401,-147,-54,-3,1]
[4096,-256,-32,93,-2,-1,1]
[4096,-2304,848,-223,53,-9,1]
[14641,-1089,35,-9,1]
[15625,2125,294,17,1]
[15625,-125,238,-1,1]
[729,729,441,170,49,9,1]
[256,-64,0,-16,21,-4,0,-1,1]
[2401,-196,-32,-4,1]
[14641,-363,19,-3,1]
[16384,-2560,333,-20,1]
[256,-128,128,-56,47,-14,8,-2,1]
[729,-162,72,-35,8,-2,1]
[2401,-98,-48,-2,1]
[4096,-576,87,-9,1]
[512,320,48,-11,6,5,1]
[729,243,63,35,7,3,1]
[256,192,144,72,49,18,9,3,1]
[15625,3875,452,31,1]
[2401,-49,75,-1,1]
[14641,1089,64,9,1]
[14641,-3025,380,-25,1]
[4096,-1472,259,-23,1]
[4096,256,-144,-59,-9,1,1]
[6561,-1863,275,-23,1]
[512,448,216,79,27,7,1]
[256,384,304,168,81,42,19,6,1]
[15625,250,159,2,1]
[4096,-768,-16,89,-1,-3,1]
[2401,-588,102,-12,1]
[256,-128,48,24,-21,6,3,-2,1]
[512,-128,112,-31,14,-2,1]
[1024,448,109,14,1]
[729,162,-63,-47,-7,2,1]
[256,192,80,-28,-25,-7,5,3,1]
[4096,-1536,384,-57,24,-6,1]
[15625,750,67,6,1]
[4096,0,32,113,2,0,1]
[256,0,112,-40,23,-10,7,0,1]
[512,-384,176,-57,22,-6,1]
[4096,-1280,80,-5,5,-5,1]
[14641,-1089,-23,-9,1]
[4096,-2048,608,-141,38,-8,1]
[4096,0,64,75,4,0,1]
[16384,3200,373,25,1]
[256,-192,64,0,-1,0,4,-3,1]
[729,162,63,43,7,2,1]
[512,-192,72,-23,9,-3,1]
[14641,1694,285,14,1]
[15625,-625,223,-5,1]
[729,-567,216,-67,24,-7,1]
[14641,363,-49,3,1]
[4096,-512,288,-77,18,-2,1]
[4096,1024,624,117,39,4,1]
[4096,-2048,368,-43,23,-8,1]
[4096,-1280,0,81,0,-5,1]
[16384,256,-181,2,1]
[15625,-375,169,-3,1]
[256,-64,-16,-4,3,-1,-1,-1,1]
[729,162,-9,8,-1,2,1]
[4096,0,144,21,9,0,1]
[2401,98,-59,2,1]
[16384,896,177,7,1]
[14641,2057,205,17,1]
[15625,-375,-122,-3,1]
[6561,0,124,0,1]
[16384,-128,-161,-1,1]
[4096,0,240,-17,15,0,1]
[4096,1024,16,-53,1,4,1]
[15625,-250,201,-2,1]
[256,-64,48,-36,9,-9,3,-1,1]
[16384,-896,57,-7,1]
[4096,-128,19,-2,1]
[729,-648,333,-122,37,-8,1]
[4096,448,57,7,1]
[16384,-384,57,-3,1]
[14641,-847,63,-7,1]
[4096,-1536,320,-45,20,-6,1]
[256,64,64,36,11,9,4,1,1]
[4096,1024,187,16,1]
[4096,0,-80,75,-5,0,1]
[4096,-2816,816,-183,51,-11,1]
[14641,605,141,5,1]
[256,-128,128,-72,45,-18,8,-2,1]
[512,-128,-32,25,-4,-2,1]
[6561,-324,116,-4,1]
[729,-567,306,-125,34,-7,1]
[4096,-256,592,-23,37,-1,1]
[4096,-1536,384,-89,24,-6,1]
[4096,256,80,-9,5,1,1]
[4096,1792,704,155,44,7,1]
[512,-192,-24,27,-3,-3,1]
[4096,512,480,57,30,2,1]
[14641,0,-2,0,1]
[729,135,35,5,1]
[4096,768,416,117,26,3,1]
[6561,-567,29,-7,1]
[4096,512,128,-63,8,2,1]
[4096,256,416,57,26,1,1]
[256,-128,0,-28,31,-7,0,-2,1]
[729,243,135,43,15,3,1]
[4096,1024,528,121,33,4,1]
[2401,-882,156,-18,1]
[4096,256,89,4,1]
[256,128,-16,16,27,4,-1,2,1]
[14641,-1089,230,-9,1]
[256,128,0,24,35,6,0,2,1]
[4096,-1792,416,-101,26,-7,1]
[729,0,198,1,22,0,1]
[15625,-2750,291,-22,1]
[4096,-1024,-32,61,-2,-4,1]
[256,64,-32,-4,11,-1,-2,1,1]
[6561,-405,8,-5,1]
[4096,512,-96,7,-6,2,1]
[256,-192,96,-40,11,-10,6,-3,1]
[4096,-768,384,-105,24,-3,1]
[14641,-242,-150,-2,1]
[729,162,63,13,7,2,1]
[15625,750,3,6,1]
[15625,-3000,312,-24,1]
[14641,-605,222,-5,1]
[4096,128,77,2,1]
[15625,-2375,259,-19,1]
[256,-256,128,-8,-9,-2,8,-4,1]
[14641,1331,21,11,1]
[4096,1536,480,93,30,6,1]
[4096,-768,368,-123,23,-3,1]
[4096,768,80,63,5,3,1]
[4096,-384,9,-6,1]
[2401,98,-58,2,1]
[256,128,64,-4,-3,-1,4,2,1]
[15625,-2750,263,-22,1]
[729,-81,18,-11,2,-1,1]
[512,-64,-24,23,-3,-1,1]
[729,405,279,89,31,5,1]
[729,243,81,40,9,3,1]
[256,256,304,180,117,45,19,4,1]
[16384,1280,263,10,1]
[512,0,72,-9,9,0,1]
[256,-128,96,-44,35,-11,6,-2,1]
[15625,2875,358,23,1]
[4096,512,-80,-37,-5,2,1]
[16384,-1536,49,-12,1]
[6561,324,106,4,1]
[4096,1792,192,-1,12,7,1]
[4096,512,-64,-21,-4,2,1]
[14641,1210,19,10,1]
[4096,1280,96,-41,6,5,1]
[14641,-242,-36,-2,1]
[4096,-768,128,-55,8,-3,1]
[729,-162,108,-26,12,-2,1]
[729,243,198,47,22,3,1]
[16384,-1152,-27,-9,1]
[4096,768,400,85,25,3,1]
[4096,-768,688,-97,43,-3,1]
[729,0,18,-26,2,0,1]
[15625,-4000,471,-32,1]
[256,-64,-32,-4,15,-1,-2,-1,1]
[2401,343,100,7,1]
[729,324,126,50,14,4,1]
[4096,-1280,528,-91,33,-5,1]
[256,-384,384,-276,153,-69,24,-6,1]
[81,27,10,3,1]
[4096,768,128,-31,8,3,1]
[15625,2125,271,17,1]
[4096,512,32,43,2,2,1]
[4096,1536,416,133,26,6,1]
[256,128,64,36,7,9,4,2,1]
[16384,1920,181,15,1]
[4096,768,-160,-103,-10,3,1]
[512,-384,232,-85,29,-6,1]
[4096,0,272,-43,17,0,1]
[4096,0,-32,79,-2,0,1]
[16384,1536,39,12,1]
[4096,0,32,23,2,0,1]
[16384,0,203,0,1]
[256,-256,128,-44,19,-11,8,-4,1]
[15625,-2000,208,-16,1]
[4096,-512,-160,81,-10,-2,1]
[4096,-1536,16,81,1,-6,1]
[4096,-2304,640,-151,40,-9,1]
[729,-162,36,-26,4,-2,1]
[729,-486,288,-100,32,-6,1]
[15625,-875,122,-7,1]
[15625,2375,316,19,1]
[4096,-1536,-96,113,-6,-6,1]
[729,-324,135,-52,15,-4,1]
[256,-192,64,-52,45,-13,4,-3,1]
[4096,-1024,-208,107,-13,-4,1]
[256,64,16,16,-1,4,1,1,1]
[4096,-512,0,29,0,-2,1]
[14641,-2541,267,-21,1]
[625,-25,14,-1,1]
[4096,256,-112,-41,-7,1,1]
[1024,-160,19,-5,1]
[625,-50,-9,-2,1]
[4096,768,432,113,27,3,1]
[4096,1792,592,173,37,7,1]
[4096,-768,-96,49,-6,-3,1]
[14641,-3388,428,-28,1]
[256,64,96,-28,9,-7,6,1,1]
[4096,512,144,81,9,2,1]
[15625,-500,-81,-4,1]
[4096,-1024,96,57,6,-4,1]
[4096,-1536,528,-181,33,-6,1]
[15625,2250,317,18,1]
[4096,-2048,288,-7,18,-8,1]
[6561,243,61,3,1]
[256,128,80,48,37,12,5,2,1]
[15625,1250,138,10,1]
[729,-567,198,-52,22,-7,1]
[625,25,-37,1,1]
[512,-64,120,-15,15,-1,1]
[4096,512,32,-87,2,2,1]
[16384,-512,-153,-4,1]
[2401,-294,90,-6,1]
[6561,648,100,8,1]
[256,128,32,-28,-25,-7,2,2,1]
[512,-256,32,5,4,-4,1]
[256,256,224,132,71,33,14,4,1]
[256,128,80,16,11,4,5,2,1]
[14641,-1452,140,-12,1]
[15625,375,94,3,1]
[4096,-512,432,-15,27,-2,1]
[256,0,-144,-4,47,-1,-9,0,1]
[16384,1792,61,14,1]
[4096,192,-61,3,1]
[15625,-625,82,-5,1]
[14641,3872,466,32,1]
[4096,-1024,128,45,8,-4,1]
[15625,-2125,307,-17,1]
[4096,768,112,-57,7,3,1]
[15625,1750,172,14,1]
[4096,2048,640,143,40,8,1]
[16384,-256,-159,-2,1]
[15625,-1875,209,-15,1]
[4096,-1280,480,-71,30,-5,1]
[4096,256,-9,4,1]
[16384,-512,-89,-4,1]
[4096,256,128,7,8,1,1]
[256,0,-16,8,25,2,-1,0,1]
[4096,768,336,5,21,3,1]
[729,-324,153,-55,17,-4,1]
[15625,-375,-73,-3,1]
[256,320,176,64,25,16,11,5,1]
[256,-192,128,-60,39,-15,8,-3,1]
[256,64,80,16,27,4,5,1,1]
[14641,-121,-61,-1,1]
[15625,3000,287,24,1]
[256,0,112,8,39,2,7,0,1]
[14641,-363,152,-3,1]
[4096,768,-16,-27,-1,3,1]
[4096,-768,-112,103,-7,-3,1]
[4096,1024,176,69,11,4,1]
[1024,160,-1,5,1]
[256,-128,-32,-12,29,-3,-2,-2,1]
[6561,-1458,178,-18,1]
[4096,-512,0,1,0,-2,1]
[15625,1375,229,11,1]
[4096,-768,208,-25,13,-3,1]
[4096,768,528,103,33,3,1]
[256,-128,-16,8,9,2,-1,-2,1]
[4096,-1024,432,-119,27,-4,1]
[256,320,240,148,83,37,15,5,1]
[729,-729,378,-143,42,-9,1]
[729,81,27,10,3,1,1]
[4096,-256,176,-39,11,-1,1]
[15625,0,167,0,1]
[729,-81,-9,13,-1,-1,1]
[2401,392,39,8,1]
[14641,121,85,1,1]
[14641,-1331,47,-11,1]
[4096,2560,1088,325,68,10,1]
[4096,-1024,496,-89,31,-4,1]
[256,192,32,-20,-17,-5,2,3,1]
[4096,768,80,-51,5,3,1]
[15625,-875,208,-7,1]
[4096,2560,656,125,41,10,1]
[15625,2375,187,19,1]
[4096,-1792,432,-93,27,-7,1]
[14641,2662,291,22,1]
[256,0,32,-20,1,-5,2,0,1]
[4096,-2048,768,-253,48,-8,1]
[256,-256,160,-96,55,-24,10,-4,1]
[256,128,16,20,23,5,1,2,1]
[512,320,176,61,22,5,1]
[4096,0,288,-13,18,0,1]
[4096,2304,736,181,46,9,1]
[4096,-192,69,-3,1]
[729,243,234,50,26,3,1]
[4096,-512,-160,107,-10,-2,1]
[729,243,9,-7,1,3,1]
[256,-128,64,-60,29,-15,4,-2,1]
[4096,-2048,1088,-271,68,-8,1]
[4096,-1792,-64,133,-4,-7,1]
[4096,-512,0,49,0,-2,1]
[512,192,104,19,13,3,1]
[4096,2816,1232,351,77,11,1]
[6561,-405,-71,-5,1]
[14641,-121,-9,-1,1]
[4096,-1280,400,-55,25,-5,1]
[14641,242,-24,2,1]
[4096,512,-80,-71,-5,2,1]
[729,243,117,28,13,3,1]
[15625,500,226,4,1]
[4096,-256,464,-13,29,-1,1]
[4096,-192,39,-3,1]
[729,-162,99,-32,11,-2,1]
[6561,729,112,9,1]
[4096,512,-80,11,-5,2,1]
[6561,-567,26,-7,1]
[256,-64,-48,-8,35,-2,-3,-1,1]
[256,64,0,-4,5,-1,0,1,1]
[512,384,136,35,17,6,1]
[4096,1280,-48,-79,-3,5,1]
[256,0,16,24,9,6,1,0,1]
[4096,-768,16,-7,1,-3,1]
[4096,0,-48,9,-3,0,1]
[64,-16,-1,-2,1]
[729,81,117,14,13,1,1]
[15625,-1750,181,-14,1]
[14641,2178,284,18,1]
[6561,162,-1,2,1]
[4096,768,32,-37,2,3,1]
[14641,-484,137,-4,1]
[4096,256,304,79,19,1,1]
[512,0,-40,-5,-5,0,1]
[4096,-512,480,-25,30,-2,1]
[729,162,-9,2,-1,2,1]
[4096,256,-64,-99,-4,1,1]
[256,-64,32,-16,11,-4,2,-1,1]
[729,-81,126,-8,14,-1,1]
[256,128,0,0,7,0,0,2,1]
[4096,1792,720,213,45,7,1]
[15625,-2250,322,-18,1]
[256,-192,128,-44,17,-11,8,-3,1]
[4096,1280,32,-41,2,5,1]
[625,75,-12,3,1]
[4096,-1536,640,-157,40,-6,1]
[14641,2178,166,18,1]
[6561,-567,154,-7,1]
[15625,125,-178,1,1]
[4096,448,13,7,1]
[4096,1280,528,131,33,5,1]
[14641,1089,16,9,1]
[2401,0,6,0,1]
[256,48,3,3,1]
[4096,256,-128,-3,-8,1,1]
[4096,-576,39,-9,1]
[4096,2816,768,155,48,11,1]
[4096,-1536,480,-163,30,-6,1]
[14641,-726,203,-6,1]
[14641,968,218,8,1]
[729,243,99,53,11,3,1]
[4096,768,560,95,35,3,1]
[256,-64,48,-8,21,-2,3,-1,1]
[4096,-1024,48,61,3,-4,1]
[256,64,32,40,17,10,2,1,1]
[14641,-2299,249,-19,1]
[4096,-2560,896,-229,56,-10,1]
[729,-324,-54,62,-6,-4,1]
[256,0,128,-32,31,-8,8,0,1]
[512,256,136,51,17,4,1]
[15625,-875,198,-7,1]
[16384,-1408,155,-11,1]
[14641,-2299,256,-19,1]
[256,64,-32,-16,-5,-4,-2,1,1]
[16384,-640,259,-5,1]
[16384,-2560,283,-20,1]
[6561,-405,83,-5,1]
[4096,768,128,-39,8,3,1]
[4096,256,144,43,9,1,1]
[512,-192,-56,43,-7,-3,1]
[729,-405,126,-37,14,-5,1]
[4096,1536,176,1,11,6,1]
[256,0,144,-12,43,-3,9,0,1]
[512,-64,-48,15,-6,-1,1]
[4096,-2560,1056,-321,66,-10,1]
[4096,1280,592,129,37,5,1]
[256,-128,32,-12,19,-3,2,-2,1]
[729,405,234,85,26,5,1]
[4096,-1536,560,-139,35,-6,1]
[729,0,72,31,8,0,1]
[256,-192,144,-84,45,-21,9,-3,1]
[256,-64,-96,4,37,1,-6,-1,1]
[729,81,108,22,12,1,1]
[4096,0,-144,-1,-9,0,1]
[4096,-2304,736,-205,46,-9,1]
[729,0,-18,20,-2,0,1]
[4096,-1024,208,-95,13,-4,1]
[16384,-1664,267,-13,1]
[256,-64,0,8,13,2,0,-1,1]
[4096,-64,41,-1,1]
[15625,-875,193,-7,1]
[14641,-121,-5,-1,1]
[15625,875,47,7,1]
[6561,-729,89,-9,1]
[729,-243,108,-44,12,-3,1]
[4096,768,-64,-47,-4,3,1]
[4096,1792,448,111,28,7,1]
[256,0,96,-32,17,-8,6,0,1]
[14641,242,106,2,1]
[4096,768,48,21,3,3,1]
[4096,256,48,-67,3,1,1]
[4096,192,79,3,1]
[15625,875,8,7,1]
[4096,-2048,528,-101,33,-8,1]
[729,-486,234,-91,26,-6,1]
[512,64,-24,-3,-3,1,1]
[15625,2375,191,19,1]
[4096,0,128,93,8,0,1]
[15625,500,-54,4,1]
[256,-64,32,8,15,2,2,-1,1]
[6561,243,77,3,1]
[4096,768,256,105,16,3,1]
[256,192,112,48,25,12,7,3,1]
[256,320,288,188,105,47,18,5,1]
[256,0,-128,-4,41,-1,-8,0,1]
[4096,-128,9,-2,1]
[256,-16,25,-1,1]
[512,-320,184,-65,23,-5,1]
[16384,0,41,0,1]
[729,-324,135,-64,15,-4,1]
[4096,-768,-176,125,-11,-3,1]
[256,0,112,28,25,7,7,0,1]
[4096,2048,208,-35,13,8,1]
[4096,3584,1632,491,102,14,1]
[14641,-3146,402,-26,1]
[4096,-320,-37,-5,1]
[256,-320,208,-96,43,-24,13,-5,1]
[512,320,192,67,24,5,1]
[15625,-1500,184,-12,1]
[4096,1280,672,149,42,5,1]
[729,-243,63,4,7,-3,1]
[4096,1024,320,41,20,4,1]
[16384,-384,5,-3,1]
[4096,-448,5,-7,1]
[256,-256,48,52,-43,13,3,-4,1]
[4096,256,-96,-109,-6,1,1]
[4096,768,480,73,30,3,1]
[256,64,-16,-4,11,-1,-1,1,1]
[729,-162,153,-34,17,-2,1]
[729,162,144,16,16,2,1]
[4096,-256,32,-105,2,-1,1]
[4096,1024,-112,-59,-7,4,1]
[4096,1024,416,117,26,4,1]
[256,-128,-16,-4,13,-1,-1,-2,1]
[16384,1920,239,15,1]
[15625,-4625,582,-37,1]
[256,-64,48,-28,1,-7,3,-1,1]
[4096,-1024,160,-55,10,-4,1]
[15625,500,206,4,1]
[14641,605,-16,5,1]
[4096,-1216,179,-19,1]
[256,0,112,-8,27,-2,7,0,1]
[4096,-1280,48,65,3,-5,1]
[4096,1280,160,19,10,5,1]
[512,0,-16,15,-2,0,1]
[4096,-256,272,-3,17,-1,1]
[4096,256,336,67,21,1,1]
[14641,121,-107,1,1]
[16384,-2304,255,-18,1]
[4096,512,592,71,37,2,1]
[256,64,48,-8,9,-2,3,1,1]
[512,128,136,19,17,2,1]
[6561,162,-25,2,1]
[4096,1280,480,105,30,5,1]
[256,0,16,12,11,3,1,0,1]
[256,-256,128,-44,15,-11,8,-4,1]
[4096,256,48,97,3,1,1]
[256,128,80,60,23,15,5,2,1]
[14641,-726,-39,-6,1]
[4096,-768,-16,41,-1,-3,1]
[14641,-1573,232,-13,1]
[14641,1089,245,9,1]
[256,-128,80,-44,21,-11,5,-2,1]
[256,-256,192,-120,57,-30,12,-4,1]
[15625,2375,227,19,1]
[14641,847,57,7,1]
[14641,2662,284,22,1]
[16384,-1408,-3,-11,1]
[15625,-1375,257,-11,1]
[256,-128,112,-40,21,-10,7,-2,1]
[4096,512,320,47,20,2,1]
[512,256,72,15,9,4,1]
[4096,-512,-48,37,-3,-2,1]
[256,-192,96,-60,41,-15,6,-3,1]
[14641,-1210,171,-10,1]
[256,-448,480,-356,203,-89,30,-7,1]
[15625,125,-182,1,1]
[4096,1536,464,75,29,6,1]
[256,-192,176,-116,55,-29,11,-3,1]
[4096,-1280,256,-71,16,-5,1]
[729,729,423,161,47,9,1]
[256,0,112,0,39,0,7,0,1]
[4096,512,192,79,12,2,1]
[4096,-512,384,-35,24,-2,1]
[512,128,120,23,15,2,1]
[6561,-81,-1,-1,1]
[6561,-162,28,-2,1]
[4096,-256,304,1,19,-1,1]
[729,-405,36,13,4,-5,1]
[729,162,54,38,6,2,1]
[256,192,160,92,53,23,10,3,1]
[4096,1024,240,109,15,4,1]
[4096,2048,512,97,32,8,1]
[15625,1125,114,9,1]
[512,128,24,13,3,2,1]
[729,-162,90,-49,10,-2,1]
[256,128,16,-32,-17,-8,1,2,1]
[6561,405,40,5,1]
[4096,1792,240,21,15,7,1]
[729,162,-45,-19,-5,2,1]
[15625,3625,422,29,1]
[16384,-384,197,-3,1]
[4096,768,-144,-113,-9,3,1]
[15625,-1250,243,-10,1]
[4096,-768,-160,53,-10,-3,1]
[4096,2048,1072,269,67,8,1]
[256,0,48,12,23,3,3,0,1]
[4096,1280,640,119,40,5,1]
[4096,-256,-112,63,-7,-1,1]
[256,0,64,36,5,9,4,0,1]
[4096,-1792,816,-209,51,-7,1]
[4096,0,640,1,40,0,1]
[729,-27,-1,-1,1]
[2401,-49,-17,-1,1]
[4096,-1792,704,-223,44,-7,1]
[4096,1280,288,83,18,5,1]
[256,-256,128,-56,31,-14,8,-4,1]
[729,729,351,125,39,9,1]
[14641,1815,255,15,1]
[4096,-1024,-112,67,-7,-4,1]
[256,0,0,0,3,0,0,0,1]
[16384,-896,241,-7,1]
[15625,-3125,332,-25,1]
[4096,-768,112,13,7,-3,1]
[14641,-2178,217,-18,1]
[14641,1089,205,9,1]
[6561,-2673,433,-33,1]
[4096,-2560,880,-239,55,-10,1]
[729,-162,-72,37,-8,-2,1]
[16384,-3328,377,-26,1]
[2401,-539,118,-11,1]
[4096,-768,432,-91,27,-3,1]
[14641,1210,207,10,1]
[14641,-2057,294,-17,1]
[16384,3200,331,25,1]
[4096,704,105,11,1]
[15625,-250,228,-2,1]
[256,64,16,12,-11,3,1,1,1]
[4096,-768,160,-21,10,-3,1]
[256,-448,384,-232,121,-58,24,-7,1]
[729,0,0,53,0,0,1]
[15625,-5125,669,-41,1]
[14641,1331,83,11,1]
[4096,-2048,736,-221,46,-8,1]
[512,256,120,47,15,4,1]
[15625,-625,-121,-5,1]
[256,-64,64,-28,31,-7,4,-1,1]
[14641,0,-43,0,1]
[256,-64,48,-4,23,-1,3,-1,1]
[4096,256,192,-15,12,1,1]
[729,27,-10,1,1]
[14641,1815,298,15,1]
[15625,125,-94,1,1]
[4096,-2816,1184,-329,74,-11,1]
[4096,0,-96,-17,-6,0,1]
[4096,512,112,103,7,2,1]
[4096,768,320,49,20,3,1]
[14641,-1936,262,-16,1]
[4096,-1792,736,-191,46,-7,1]
[14641,1694,84,14,1]
[6561,-81,65,-1,1]
[729,-405,9,35,1,-5,1]
[2401,-294,-9,-6,1]
[6561,-81,-53,-1,1]
[4096,-1536,736,-179,46,-6,1]
[4096,-768,128,17,8,-3,1]
[4096,768,480,65,30,3,1]
[6561,1701,254,21,1]
[16384,1152,155,9,1]
[4096,512,-80,-41,-5,2,1]
[256,0,64,-20,7,-5,4,0,1]
[4096,-256,16,73,1,-1,1]
[16384,4224,513,33,1]
[729,405,0,-43,0,5,1]
[729,162,117,49,13,2,1]
[14641,1210,30,10,1]
[256,-192,160,-52,35,-13,10,-3,1]
[14641,484,170,4,1]
[256,-64,80,-4,21,-1,5,-1,1]
[729,243,-72,-49,-8,3,1]
[729,-243,44,-9,1]
[729,-324,117,-40,13,-4,1]
[6561,0,-86,0,1]
[4096,-1280,800,-159,50,-5,1]
[4096,768,-112,-85,-7,3,1]
[4096,512,240,27,15,2,1]
[256,-128,32,20,-21,5,2,-2,1]
[14641,242,-148,2,1]
[14641,1089,173,9,1]
[256,0,-48,0,-3,0,-3,0,1]
[14641,4356,552,36,1]
[729,-162,108,-43,12,-2,1]
[4096,512,96,95,6,2,1]
[4096,768,0,15,0,3,1]
[14641,968,-40,8,1]
[4096,-512,135,-8,1]
[15625,875,13,7,1]
[4096,1024,-16,-85,-1,4,1]
[4096,512,368,29,23,2,1]
[625,275,78,11,1]
[14641,-1694,254,-14,1]
[15625,2750,242,22,1]
[4096,768,736,91,46,3,1]
[256,128,128,40,33,10,8,2,1]
[15625,-2375,297,-19,1]
[6561,-81,-61,-1,1]
[512,-256,176,-61,22,-4,1]
[1024,128,17,4,1]
[4096,-256,-96,35,-6,-1,1]
[14641,-1089,185,-9,1]
[256,0,-16,-28,11,-7,-1,0,1]
[16384,1536,223,12,1]
[256,-320,336,-228,133,-57,21,-5,1]
[14641,605,106,5,1]
[14641,0,140,0,1]
[15625,-2000,109,-16,1]
[4096,1280,80,-37,5,5,1]
[4096,-256,64,-99,4,-1,1]
[4096,-1792,80,77,5,-7,1]
[16384,640,97,5,1]
[512,-64,-16,39,-2,-1,1]
[14641,0,111,0,1]
[729,270,62,10,1]
[256,64,64,24,13,6,4,1,1]
[256,128,-32,-32,-9,-8,-2,2,1]
[6561,1863,259,23,1]
[256,-384,368,-264,149,-66,23,-6,1]
[4096,768,48,-23,3,3,1]
[14641,1573,249,13,1]
[14641,242,-155,2,1]
[256,256,224,152,75,38,14,4,1]
[16384,-1920,105,-15,1]
[256,192,80,44,21,11,5,3,1]
[729,648,405,154,45,8,1]
[512,256,64,25,8,4,1]
[4096,512,-128,-21,-8,2,1]
[15625,-750,27,-6,1]
[15625,1375,163,11,1]
[4096,-3840,1872,-575,117,-15,1]
[256,448,400,264,145,66,25,7,1]
[256,256,240,164,89,41,15,4,1]
[14641,242,-180,2,1]
[64,-24,1,-3,1]
[4096,-256,368,-19,23,-1,1]
[256,64,16,-8,-21,-2,1,1,1]
[4096,-448,91,-7,1]
[15625,-125,117,-1,1]
[15625,-1750,108,-14,1]
[4096,256,48,-41,3,1,1]
[1024,-320,81,-10,1]
[512,192,64,19,8,3,1]
[4096,0,-48,45,-3,0,1]
[4096,-1024,16,47,1,-4,1]
[15625,-125,184,-1,1]
[256,-64,128,-56,33,-14,8,-1,1]
[16384,768,139,6,1]
[4096,-1024,256,-79,16,-4,1]
[4096,1536,608,169,38,6,1]
[4096,-512,-176,73,-11,-2,1]
[2401,-49,12,-1,1]
[256,0,160,-24,47,-6,10,0,1]
[4096,1024,288,75,18,4,1]
[256,192,80,-20,-21,-5,5,3,1]
[4096,1024,-160,-111,-10,4,1]
[15625,1250,21,10,1]
[4096,0,224,-71,14,0,1]
[512,320,8,-31,1,5,1]
[14641,-484,-144,-4,1]
[4096,-256,368,-61,23,-1,1]
[4096,-256,304,-49,19,-1,1]
[15625,2875,333,23,1]
[14641,242,-52,2,1]
[14641,-968,-56,-8,1]
[4096,-1536,224,-31,14,-6,1]
[14641,605,183,5,1]
[4096,-768,560,-93,35,-3,1]
[4096,768,-112,-113,-7,3,1]
[16384,2176,265,17,1]
[4096,-768,80,-47,5,-3,1]
[2401,-539,115,-11,1]
[64,32,12,7,3,2,1]
[4096,-1024,272,-91,17,-4,1]
[512,-64,40,15,5,-1,1]
[16384,768,-93,6,1]
[4096,0,96,77,6,0,1]
[4096,768,160,-3,10,3,1]
[729,-324,180,-43,20,-4,1]
[4096,0,544,9,34,0,1]
[4096,-1280,-224,167,-14,-5,1]
[4096,256,144,89,9,1,1]
[256,64,16,32,9,8,1,1,1]
[256,320,256,136,69,34,16,5,1]
[256,0,0,4,15,1,0,0,1]
[1024,320,61,10,1]
[256,64,-32,16,23,4,-2,1,1]
[14641,-121,218,-1,1]
[512,-128,56,-37,7,-2,1]
[729,-324,225,-64,25,-4,1]
[256,256,192,112,51,28,12,4,1]
[15625,1625,101,13,1]
[4096,-2560,928,-253,58,-10,1]
[14641,484,-14,4,1]
[15625,1625,264,13,1]
[4096,768,320,69,20,3,1]
[256,128,64,8,-9,2,4,2,1]
[4096,-1024,155,-16,1]
[4096,0,448,23,28,0,1]
[4096,0,496,-25,31,0,1]
[2401,-196,88,-4,1]
[4096,-768,-176,87,-11,-3,1]
[256,128,-16,16,29,4,-1,2,1]
[14641,121,-95,1,1]
[15625,125,-49,1,1]
[4096,512,80,-23,5,2,1]
[15625,-125,168,-1,1]
[14641,-2420,219,-20,1]
[14641,-726,-37,-6,1]
[16384,1024,-65,8,1]
[4096,256,512,43,32,1,1]
[2401,-686,128,-14,1]
[4096,-256,256,-7,16,-1,1]
[14641,-1936,289,-16,1]
[256,64,64,28,31,7,4,1,1]
[4096,0,240,-51,15,0,1]
[4096,-1536,368,-53,23,-6,1]
[729,243,18,-28,2,3,1]
[4096,-2304,1056,-297,66,-9,1]
[729,-405,45,11,5,-5,1]
[512,192,16,-5,2,3,1]
[729,-243,135,-43,15,-3,1]
[512,-128,-8,-7,-1,-2,1]
[4096,-2560,752,-171,47,-10,1]
[15625,500,157,4,1]
[256,-128,48,0,-17,0,3,-2,1]
[4096,256,0,1,0,1,1]
[4096,-1280,256,-73,16,-5,1]
[4096,-2304,832,-211,52,-9,1]
[256,-64,64,-24,1,-6,4,-1,1]
[4096,-256,528,-15,33,-1,1]
[256,256,80,8,3,2,5,4,1]
[256,-64,-16,16,-7,4,-1,-1,1]
[14641,3025,382,25,1]
[256,-192,64,8,-13,2,4,-3,1]
[14641,605,18,5,1]
[4096,-512,336,-55,21,-2,1]
[4096,1024,528,111,33,4,1]
[256,0,32,-4,-3,-1,2,0,1]
[14641,968,207,8,1]
[15625,-2875,379,-23,1]
[14641,-1331,128,-11,1]
[4096,-2048,464,-103,29,-8,1]
[16384,-3584,397,-28,1]
[14641,726,-90,6,1]
[64,24,3,3,1]
[729,81,90,14,10,1,1]
[256,64,0,-16,-5,-4,0,1,1]
[14641,968,133,8,1]
[4096,-1280,-112,93,-7,-5,1]
[2401,49,-53,1,1]
[15625,-500,233,-4,1]
[4096,2304,640,145,40,9,1]
[14641,0,-80,0,1]
[16384,1024,101,8,1]
[256,-192,64,-20,17,-5,4,-3,1]
[729,-567,234,-79,26,-7,1]
[4096,1024,48,9,3,4,1]
[729,-81,63,11,7,-1,1]
[729,297,61,11,1]
[729,-81,54,-2,6,-1,1]
[14641,1694,210,14,1]
[256,-320,192,-92,45,-23,12,-5,1]
[4096,256,288,81,18,1,1]
[256,-128,80,-28,13,-7,5,-2,1]
[256,64,-16,-12,3,-3,-1,1,1]
[4096,-1280,-208,145,-13,-5,1]
[2401,-392,67,-8,1]
[15625,1625,281,13,1]
[729,0,9,-11,1,0,1]
[2401,-98,-39,-2,1]
[729,324,36,-8,4,4,1]
[2401,588,109,12,1]
[256,192,48,-24,-19,-6,3,3,1]
[729,-567,279,-109,31,-7,1]
[4096,-1280,352,-115,22,-5,1]
[14641,2904,381,24,1]
[15625,-875,176,-7,1]
[4096,-512,144,33,9,-2,1]
[256,64,112,36,27,9,7,1,1]
[16384,2944,321,23,1]
[14641,1694,281,14,1]
[15625,-250,-56,-2,1]
[729,324,81,1,9,4,1]
[14641,484,94,4,1]
[16384,-1664,243,-13,1]
[256,-192,112,-52,33,-13,7,-3,1]
[4096,1280,208,11,13,5,1]
[729,-243,117,-44,13,-3,1]
[729,162,225,32,25,2,1]
[2401,0,10,0,1]
[14641,121,-8,1,1]
[15625,-2500,236,-20,1]
[14641,242,-163,2,1]
[4096,-768,16,81,1,-3,1]
[256,384,336,228,129,57,21,6,1]
[16384,384,175,3,1]
[2401,-294,67,-6,1]
[4096,-1024,384,-63,24,-4,1]
[2401,0,89,0,1]
[4096,-768,240,19,15,-3,1]
[4096,1024,-64,-101,-4,4,1]
[4096,-2048,400,-65,25,-8,1]
[4096,1024,288,115,18,4,1]
[15625,1500,164,12,1]
[16384,1920,255,15,1]
[16384,2688,295,21,1]
[4096,-2304,864,-271,54,-9,1]
[4096,256,-160,9,-10,1,1]
[729,405,198,70,22,5,1]
[256,64,48,-4,9,-1,3,1,1]
[512,64,24,23,3,1,1]
[14641,-1936,144,-16,1]
[15625,-2000,114,-16,1]
[256,-192,192,-132,67,-33,12,-3,1]
[256,64,-48,4,15,1,-3,1,1]
[256,256,176,56,25,14,11,4,1]
[4096,1792,512,151,32,7,1]
[4096,2048,864,231,54,8,1]
[4096,-768,-160,75,-10,-3,1]
[4096,-512,119,-8,1]
[14641,-605,174,-5,1]
[16384,-2432,293,-19,1]
[256,256,144,56,19,14,9,4,1]
[4096,512,-96,-81,-6,2,1]
[4096,256,672,35,42,1,1]
[6561,243,67,3,1]
[256,-128,80,-48,25,-12,5,-2,1]
[15625,1125,-38,9,1]
[4096,-1280,-64,79,-4,-5,1]
[512,-320,72,-3,9,-5,1]
[15625,875,-72,7,1]
[729,-162,99,-44,11,-2,1]
[4096,-1024,-112,101,-7,-4,1]
[4096,-256,192,-85,12,-1,1]
[14641,-1331,41,-11,1]
[4096,-1088,161,-17,1]
[4096,1024,416,115,26,4,1]
[4096,640,129,10,1]
[4096,256,544,21,34,1,1]
[4096,-1024,-192,151,-12,-4,1]
[14641,968,-12,8,1]
[4096,768,624,89,39,3,1]
[256,256,144,92,57,23,9,4,1]
[4096,-512,64,45,4,-2,1]
[15625,2125,217,17,1]
[4096,2304,688,179,43,9,1]
[256,-128,96,-44,31,-11,6,-2,1]
[729,-162,-36,44,-4,-2,1]
[15625,-500,32,-4,1]
[15625,-250,97,-2,1]
[15625,1125,73,9,1]
[256,-128,0,-4,5,-1,0,-2,1]
[2401,343,110,7,1]
[4096,256,-112,-1,-7,1,1]
[4096,-256,448,-19,28,-1,1]
[14641,-3388,431,-28,1]
[4096,-768,320,-17,20,-3,1]
[4096,-2560,624,-119,39,-10,1]
[4096,1536,368,77,23,6,1]
[256,64,0,20,25,5,0,1,1]
[4096,256,64,-81,4,1,1]
[4096,-1024,304,-27,19,-4,1]
[6561,891,185,11,1]
[256,0,64,-24,3,-6,4,0,1]
[4096,0,96,53,6,0,1]
[4096,256,160,-53,10,1,1]
[6561,243,-38,3,1]
[4096,768,448,105,28,3,1]
[15625,-1375,111,-11,1]
[256,0,64,0,3,0,4,0,1]
[15625,250,-116,2,1]
[6561,972,137,12,1]
[16384,896,223,7,1]
[4096,-768,144,33,9,-3,1]
[256,192,112,80,43,20,7,3,1]
[256,256,192,116,61,29,12,4,1]
[256,0,32,8,-13,2,2,0,1]
[15625,4125,499,33,1]
[4096,256,144,-69,9,1,1]
[729,-162,81,-31,9,-2,1]
[16384,-3584,413,-28,1]
[729,324,117,50,13,4,1]
[16384,-1024,-73,-8,1]
[256,0,-112,8,33,2,-7,0,1]
[729,-243,18,23,2,-3,1]
[4096,1536,16,-67,1,6,1]
[2401,-588,92,-12,1]
[64,32,16,1,4,2,1]
[4096,-2816,1040,-275,65,-11,1]
[729,-162,-9,44,-1,-2,1]
[4096,-1024,-176,127,-11,-4,1]
[14641,1573,158,13,1]
[15625,-250,117,-2,1]
[15625,1875,181,15,1]
[729,0,18,2,2,0,1]
[15625,4250,523,34,1]
[14641,-1815,174,-15,1]
[4096,512,96,105,6,2,1]
[4096,1024,272,45,17,4,1]
[4096,-256,115,-4,1]
[4096,1024,288,131,18,4,1]
[4096,-1024,384,-99,24,-4,1]
[15625,-125,226,-1,1]
[4096,1024,384,57,24,4,1]
[4096,512,240,37,15,2,1]
[14641,-605,156,-5,1]
[256,256,224,152,83,38,14,4,1]
[256,0,32,-12,-13,-3,2,0,1]
[729,-81,135,1,15,-1,1]
[15625,1125,83,9,1]
[4096,1792,-64,-133,-4,7,1]
[4096,1280,496,79,31,5,1]
[4096,1024,416,51,26,4,1]
[1024,-32,43,-1,1]
[4096,-2816,1136,-333,71,-11,1]
[256,128,112,76,37,19,7,2,1]
[729,-81,23,-3,1]
[16384,-1152,-25,-9,1]
[16384,-2560,311,-20,1]
[4096,0,-64,-49,-4,0,1]
[15625,-3125,374,-25,1]
[4096,-1792,-112,155,-7,-7,1]
[256,0,27,0,1]
[4096,768,128,69,8,3,1]
[256,0,-32,24,13,6,-2,0,1]
[4096,256,464,27,29,1,1]
[15625,1125,167,9,1]
[2401,-539,109,-11,1]
[512,128,80,43,10,2,1]
[4096,768,96,31,6,3,1]
[4096,-1536,16,67,1,-6,1]
[4096,-768,656,-81,41,-3,1]
[16384,2176,149,17,1]
[729,-81,36,13,4,-1,1]
[4096,-256,96,43,6,-1,1]
[729,0,54,-2,6,0,1]
[15625,250,-72,2,1]
[4096,-1792,640,-157,40,-7,1]
[15625,-2000,263,-16,1]
[6561,648,119,8,1]
[256,-64,48,-28,13,-7,3,-1,1]
[4096,1280,432,165,27,5,1]
[16384,-768,-19,-6,1]
[15625,-1625,282,-13,1]
[4096,-1024,160,-59,10,-4,1]
[512,192,-16,-35,-2,3,1]
[4096,0,-96,31,-6,0,1]
[256,128,16,-12,-15,-3,1,2,1]
[512,384,224,95,28,6,1]
[4096,-1024,-224,113,-14,-4,1]
[4096,2816,960,241,60,11,1]
[15625,1625,261,13,1]
[15625,2500,302,20,1]
[4096,-768,512,-109,32,-3,1]
[256,128,112,-4,9,-1,7,2,1]
[15625,-125,-142,-1,1]
[15625,-500,172,-4,1]
[512,128,32,13,4,2,1]
[4096,0,288,-7,18,0,1]
[16384,-1152,75,-9,1]
[15625,250,-114,2,1]
[256,-128,96,-60,39,-15,6,-2,1]
[4096,256,32,-97,2,1,1]
[4096,-1024,400,-91,25,-4,1]
[4096,-1792,496,-123,31,-7,1]
[512,256,0,-31,0,4,1]
[4096,-768,544,-61,34,-3,1]
[256,384,320,208,113,52,20,6,1]
[256,-64,48,8,13,2,3,-1,1]
[15625,-250,197,-2,1]
[729,162,63,-7,7,2,1]
[14641,3630,463,30,1]
[4096,-2816,1120,-305,70,-11,1]
[14641,1936,202,16,1]
[16384,-768,205,-6,1]
[14641,-1694,67,-14,1]
[256,-128,176,-100,57,-25,11,-2,1]
[14641,2662,336,22,1]
[4096,-768,192,-107,12,-3,1]
[256,-320,224,-136,75,-34,14,-5,1]
[4096,-2048,400,-71,25,-8,1]
[4096,-256,-48,29,-3,-1,1]
[729,-162,36,-37,4,-2,1]
[256,0,96,44,17,11,6,0,1]
[256,-128,48,20,-19,5,3,-2,1]
[4096,-1792,560,-147,35,-7,1]
[2401,490,118,10,1]
[512,-640,416,-177,52,-10,1]
[512,576,352,145,44,9,1]
[4096,-768,96,-43,6,-3,1]
[729,27,38,1,1]
[256,0,-16,-4,-11,-1,-1,0,1]
[4096,-1792,224,7,14,-7,1]
[15625,1375,18,11,1]
[15625,875,-89,7,1]
[4096,768,0,-11,0,3,1]
[4096,0,208,-7,13,0,1]
[256,0,64,-44,7,-11,4,0,1]
[4096,1024,-16,-73,-1,4,1]
[6561,-1134,134,-14,1]
[729,-486,198,-68,22,-6,1]
[256,192,48,12,13,3,3,3,1]
[14641,726,-36,6,1]
[729,162,-63,-34,-7,2,1]
[256,0,80,12,23,3,5,0,1]
[4096,-2048,208,33,13,-8,1]
[2401,-294,72,-6,1]
[14641,-605,94,-5,1]
[625,-125,11,-5,1]
[256,0,-128,0,41,0,-8,0,1]
[14641,242,-59,2,1]
[256,128,112,40,31,10,7,2,1]
[16384,1280,-3,10,1]
[4096,1536,432,105,27,6,1]
[256,64,64,28,11,7,4,1,1]
[16384,-3072,349,-24,1]
[256,256,224,128,73,32,14,4,1]
[4096,-1024,416,-75,26,-4,1]
[256,-192,96,-68,47,-17,6,-3,1]
[14641,2904,290,24,1]
[6561,486,154,6,1]
[4096,256,-48,-59,-3,1,1]
[256,0,48,-24,-3,-6,3,0,1]
[4096,2816,1312,373,82,11,1]
[14641,-968,79,-8,1]
[256,0,16,12,-9,3,1,0,1]
[4096,-512,640,-69,40,-2,1]
[15625,-750,-44,-6,1]
[4096,3584,1520,437,95,14,1]
[256,0,80,16,9,4,5,0,1]
[256,0,-32,20,7,5,-2,0,1]
[256,128,112,60,37,15,7,2,1]
[81,-18,14,-2,1]
[14641,726,-5,6,1]
[4096,1024,480,69,30,4,1]
[4096,-1024,464,-113,29,-4,1]
[4096,1216,187,19,1]
[256,64,80,24,21,6,5,1,1]
[256,-128,80,-60,37,-15,5,-2,1]
[15625,1500,32,12,1]
[15625,-625,199,-5,1]
[15625,-2375,274,-19,1]
[4096,-1024,-112,85,-7,-4,1]
[4096,-512,304,-39,19,-2,1]
[4096,-256,-48,37,-3,-1,1]
[14641,363,131,3,1]
[14641,363,93,3,1]
[729,324,9,-23,1,4,1]
[4096,256,128,-67,8,1,1]
[4096,1024,112,-33,7,4,1]
[4096,-1536,624,-179,39,-6,1]
[256,64,80,12,17,3,5,1,1]
[14641,3267,413,27,1]
[14641,3751,452,31,1]
[4096,0,640,7,40,0,1]
[256,-64,128,-20,35,-5,8,-1,1]
[4096,-2048,688,-163,43,-8,1]
[729,-567,333,-128,37,-7,1]
[256,64,64,52,5,13,4,1,1]
[4096,0,-160,21,-10,0,1]
[4096,2560,1136,313,71,10,1]
[4096,512,288,37,18,2,1]
[4096,-1024,-128,105,-8,-4,1]
[625,225,49,9,1]
[6561,-2268,346,-28,1]
[2401,0,60,0,1]
[15625,-500,126,-4,1]
[4096,0,592,5,37,0,1]
[2401,-588,124,-12,1]
[6561,-1458,194,-18,1]
[256,64,48,-4,1,-1,3,1,1]
[729,81,-54,-14,-6,1,1]
[16,-4,5,-1,1]
[4096,768,752,91,47,3,1]
[729,162,27,14,3,2,1]
[4096,-512,-128,19,-8,-2,1]
[4096,512,32,73,2,2,1]
[4096,1792,624,205,39,7,1]
[256,64,16,-8,-5,-2,1,1,1]
[4096,-1024,256,-121,16,-4,1]
[4096,2560,784,185,49,10,1]
[4096,2560,1136,311,71,10,1]
[14641,2299,257,19,1]
[15625,2000,197,16,1]
[4096,1536,608,161,38,6,1]
[729,-648,216,-53,24,-8,1]
[256,64,64,-24,5,-6,4,1,1]
[512,-64,88,-15,11,-1,1]
[6561,-405,131,-5,1]
[16384,-640,239,-5,1]
[2401,588,110,12,1]
[256,-64,80,0,15,0,5,-1,1]
[4096,1408,229,22,1]
[15625,750,148,6,1]
[729,567,198,56,22,7,1]
[625,275,61,11,1]
[4096,-1280,48,45,3,-5,1]
[4096,2048,720,223,45,8,1]
[4096,-256,608,-19,38,-1,1]
[4096,1792,16,-103,1,7,1]
[4096,512,-16,31,-1,2,1]
[4096,256,320,-9,20,1,1]
[6561,-162,-25,-2,1]
[256,0,-96,12,29,3,-6,0,1]
[16384,-896,71,-7,1]
[4096,-1280,688,-131,43,-5,1]
[4096,512,64,21,4,2,1]
[16384,-384,87,-3,1]
[4096,256,-208,-19,-13,1,1]
[4096,-256,160,-41,10,-1,1]
[256,64,-48,-4,23,-1,-3,1,1]
[256,-64,80,-4,17,-1,5,-1,1]
[256,-192,112,-36,9,-9,7,-3,1]
[4096,256,544,41,34,1,1]
[625,25,-39,1,1]
[4096,-2304,1072,-289,67,-9,1]
[4096,512,240,-25,15,2,1]
[2401,49,34,1,1]
[4096,-512,288,-59,18,-2,1]
[4096,-1280,416,-73,26,-5,1]
[4096,704,73,11,1]
[729,81,18,-4,2,1,1]
[1024,96,-1,3,1]
[512,192,152,33,19,3,1]
[15625,-2750,306,-22,1]
[4096,0,208,-41,13,0,1]
[4096,-1024,528,-99,33,-4,1]
[4096,768,160,73,10,3,1]
[4096,1536,304,23,19,6,1]
[256,0,32,-8,1,-2,2,0,1]
[16384,-256,79,-2,1]
[4096,256,32,57,2,1,1]
[4096,1280,672,155,42,5,1]
[256,-384,256,-108,45,-27,16,-6,1]
[4096,-1024,368,-59,23,-4,1]
[729,-81,9,1,1,-1,1]
[4096,-2816,1200,-367,75,-11,1]
[256,0,-32,4,13,1,-2,0,1]
[2401,245,22,5,1]
[4096,2048,576,159,36,8,1]
[256,-128,144,-40,37,-10,9,-2,1]
[4096,-1536,352,-67,22,-6,1]
[512,-192,16,1,2,-3,1]
[729,810,459,175,51,10,1]
[15625,-250,-86,-2,1]
[14641,121,217,1,1]
[14641,-1573,123,-13,1]
[729,-135,25,-5,1]
[4096,1280,544,159,34,5,1]
[15625,375,-66,3,1]
[14641,-847,61,-7,1]
[14641,484,-70,4,1]
[4096,0,-80,-55,-5,0,1]
[256,128,160,48,43,12,10,2,1]
[4096,-2048,432,-69,27,-8,1]
[6561,-1053,83,-13,1]
[4096,-2048,816,-221,51,-8,1]
[4096,-1280,176,17,11,-5,1]
[2401,1127,228,23,1]
[16384,-128,79,-1,1]
[512,64,56,-17,7,1,1]
[4096,-576,143,-9,1]
[4096,-576,29,-9,1]
[4096,1792,48,-91,3,7,1]
[4096,256,304,-5,19,1,1]
[256,0,16,4,-11,1,1,0,1]
[15625,1875,264,15,1]
[4096,1536,528,193,33,6,1]
[729,-162,-36,41,-4,-2,1]
[16384,2048,137,16,1]
[15625,2250,249,18,1]
[16384,-1664,61,-13,1]
[256,384,368,248,137,62,23,6,1]
[4096,-1024,544,-123,34,-4,1]
[15625,-875,13,-7,1]
[512,64,40,3,5,1,1]
[4096,1792,368,73,23,7,1]
[4096,-256,64,-83,4,-1,1]
[15625,-750,114,-6,1]
[15625,3125,326,25,1]
[4096,-2816,1040,-293,65,-11,1]
[729,-162,99,-47,11,-2,1]
[4096,2816,1072,297,67,11,1]
[16384,0,-151,0,1]
[64,32,24,19,6,2,1]
[4096,-1024,32,-13,2,-4,1]
[16384,3200,333,25,1]
[6561,243,25,3,1]
[15625,-625,88,-5,1]
[14641,484,-27,4,1]
[4096,0,432,15,27,0,1]
[729,-486,90,2,10,-6,1]
[512,256,40,5,5,4,1]
[15625,750,109,6,1]
[15625,-625,-48,-5,1]
[256,-64,16,12,-15,3,1,-1,1]
[4096,-1792,448,-113,28,-7,1]
[4096,-2048,800,-229,50,-8,1]
[14641,242,-192,2,1]
[256,384,272,124,55,31,17,6,1]
[729,-243,-9,11,-1,-3,1]
[512,512,328,133,41,8,1]
[4096,-512,19,-8,1]
[16384,384,-111,3,1]
[15625,-875,-36,-7,1]
[15625,-625,123,-5,1]
[14641,-1452,59,-12,1]
[729,-162,81,-47,9,-2,1]
[14641,242,-2,2,1]
[15625,-3125,333,-25,1]
[256,128,64,0,7,0,4,2,1]
[4096,-2048,416,-71,26,-8,1]
[256,320,224,116,55,29,14,5,1]
[4096,1280,240,47,15,5,1]
[4096,-768,-192,67,-12,-3,1]
[4096,2304,880,239,55,9,1]
[14641,-1694,118,-14,1]
[4096,0,-32,9,-2,0,1]
[4096,-1280,512,-103,32,-5,1]
[15625,-375,-133,-3,1]
[256,256,224,132,79,33,14,4,1]
[256,128,64,-8,-3,-2,4,2,1]
[15625,-1375,118,-11,1]
[4096,1792,752,181,47,7,1]
[16384,-640,-47,-5,1]
[16384,0,-135,0,1]
[4096,-256,112,-69,7,-1,1]
[14641,-2299,188,-19,1]
[4096,-256,640,-37,40,-1,1]
[15625,1625,41,13,1]
[256,0,-64,16,17,4,-4,0,1]
[4096,192,-41,3,1]
[4096,-768,560,-57,35,-3,1]
[15625,1750,274,14,1]
[256,0,16,-12,-3,-3,1,0,1]
[256,64,112,72,23,18,7,1,1]
[14641,-2541,283,-21,1]
[15625,-500,-94,-4,1]
[15625,-1000,211,-8,1]
[512,64,152,15,19,1,1]
[256,-64,-32,-4,29,-1,-2,-1,1]
[256,-192,192,-112,71,-28,12,-3,1]
[4096,-512,-80,39,-5,-2,1]
[6561,-2349,368,-29,1]
[2401,98,43,2,1]
[4096,1024,512,111,32,4,1]
[6561,-1539,206,-19,1]
[16384,-1408,235,-11,1]
[4096,512,544,43,34,2,1]
[729,486,189,61,21,6,1]
[4096,256,64,97,4,1,1]
[729,324,225,59,25,4,1]
[4096,1536,320,37,20,6,1]
[14641,-726,103,-6,1]
[4096,-320,93,-5,1]
[4096,256,384,35,24,1,1]
[15625,-125,196,-1,1]
[6561,405,-26,5,1]
[16384,-2816,265,-22,1]
[2401,735,121,15,1]
[6561,567,34,7,1]
[4096,-1024,-16,29,-1,-4,1]
[4096,1280,240,57,15,5,1]
[2401,245,-20,5,1]
[256,-192,96,24,-19,6,6,-3,1]
[16384,-2048,195,-16,1]
[6561,1539,197,19,1]
[16384,3072,395,24,1]
[4096,-768,320,-101,20,-3,1]
[14641,847,-30,7,1]
[729,648,351,128,39,8,1]
[4096,-256,-112,97,-7,-1,1]
[4096,512,352,51,22,2,1]
[4096,1280,464,131,29,5,1]
[6561,162,-89,2,1]
[256,-256,192,-128,67,-32,12,-4,1]
[6561,972,172,12,1]
[4096,-192,41,-3,1]
[14641,-1452,111,-12,1]
[4096,-768,256,-3,16,-3,1]
[16384,2304,205,18,1]
[256,-192,160,-96,55,-24,10,-3,1]
[15625,1000,73,8,1]
[15625,1000,-54,8,1]
[4096,2560,944,251,59,10,1]
[4096,-1024,96,15,6,-4,1]
[1024,320,75,10,1]
[729,162,10,6,1]
[4096,-1024,480,-93,30,-4,1]
[4096,-1792,432,-105,27,-7,1]
[4096,512,192,37,12,2,1]
[4096,512,0,-35,0,2,1]
[14641,605,126,5,1]
[4096,-512,272,-83,17,-2,1]
[4096,-1792,464,-131,29,-7,1]
[6561,-729,25,-9,1]
[14641,3025,334,25,1]
[4096,-1024,416,-137,26,-4,1]
[14641,363,-168,3,1]
[4096,-1088,153,-17,1]
[4096,4608,2464,781,154,18,1]
[256,256,112,56,33,14,7,4,1]
[256,192,80,16,-5,4,5,3,1]
[4096,1792,608,141,38,7,1]
[4096,1280,160,-27,10,5,1]
[4096,-2304,816,-211,51,-9,1]
[256,-128,32,16,-13,4,2,-2,1]
[625,-50,13,-2,1]
[14641,-484,-107,-4,1]
[15625,3000,297,24,1]
[6561,0,64,0,1]
[4096,768,-128,-119,-8,3,1]
[4096,1024,288,95,18,4,1]
[625,-250,62,-10,1]
[4096,512,96,77,6,2,1]
[16384,1792,261,14,1]
[4096,768,464,43,29,3,1]
[4096,-256,144,33,9,-1,1]
[4096,768,112,-33,7,3,1]
[4096,1280,448,101,28,5,1]
[4096,0,464,27,29,0,1]
[4096,2816,1328,385,83,11,1]
[4096,1280,112,-11,7,5,1]
[15625,625,242,5,1]
[4096,768,272,87,17,3,1]
[4096,1024,304,85,19,4,1]
[4096,1280,32,-71,2,5,1]
[14641,-968,27,-8,1]
[6561,-81,-137,-1,1]
[4096,-512,304,-77,19,-2,1]
[729,162,0,-20,0,2,1]
[4096,-512,288,-75,18,-2,1]
[4096,768,112,-23,7,3,1]
[4096,-3328,1424,-413,89,-13,1]
[729,-324,-18,32,-2,-4,1]
[15625,-2875,308,-23,1]
[4096,256,112,-25,7,1,1]
[256,256,160,84,41,21,10,4,1]
[16384,2688,235,21,1]
[16384,-512,247,-4,1]
[4096,512,23,8,1]
[15625,500,249,4,1]
[16384,-128,237,-1,1]
[4096,768,560,83,35,3,1]
[15625,-875,157,-7,1]
[6561,1296,175,16,1]
[256,-128,-16,-20,35,-5,-1,-2,1]
[512,-192,-16,31,-2,-3,1]
[4096,-3840,1824,-559,114,-15,1]
[512,64,-48,-7,-6,1,1]
[4096,512,-48,33,-3,2,1]
[14641,121,-57,1,1]
[729,-405,108,-32,12,-5,1]
[729,-81,90,-1,10,-1,1]
[4096,-256,192,-31,12,-1,1]
[4096,1536,-128,-147,-8,6,1]
[4096,1792,544,133,34,7,1]
[15625,-375,-128,-3,1]
[729,-324,216,-71,24,-4,1]
[14641,1573,56,13,1]
[15625,-1625,216,-13,1]
[4096,-1280,219,-20,1]
[15625,-250,-54,-2,1]
[4096,0,272,55,17,0,1]
[4096,1024,-208,-113,-13,4,1]
[4096,1024,-80,-73,-5,4,1]
[256,-128,-32,8,11,2,-2,-2,1]
[2401,245,76,5,1]
[4096,-1024,368,-47,23,-4,1]
[4096,1536,-32,-89,-2,6,1]
[4096,-2048,752,-205,47,-8,1]
[256,-64,-160,16,49,4,-10,-1,1]
[4096,2048,640,169,40,8,1]
[256,-64,16,-16,11,-4,1,-1,1]
[512,256,72,23,9,4,1]
[2401,1225,254,25,1]
[4096,512,224,101,14,2,1]
[4096,1280,80,5,5,5,1]
[4096,-256,288,-63,18,-1,1]
[729,324,126,37,14,4,1]
[4096,1024,16,-15,1,4,1]
[15625,1625,259,13,1]
[15625,1875,194,15,1]
[4096,-2304,912,-255,57,-9,1]
[256,-192,144,-64,43,-16,9,-3,1]
[6561,81,101,1,1]
[2401,-686,115,-14,1]
[256,64,-16,16,9,4,-1,1,1]
[15625,2375,334,19,1]
[729,-405,108,-31,12,-5,1]
[4096,-1280,512,-139,32,-5,1]
[4096,1280,432,157,27,5,1]
[4096,-256,272,15,17,-1,1]
[4096,512,400,57,25,2,1]
[4096,768,512,59,32,3,1]
[6561,1539,211,19,1]
[256,0,64,16,13,4,4,0,1]
[14641,484,-119,4,1]
[4096,-768,240,-77,15,-3,1]
[15625,250,-12,2,1]
[4096,512,-160,-41,-10,2,1]
[4096,1792,688,201,43,7,1]
[729,891,567,233,63,11,1]
[15625,1000,161,8,1]
[14641,-1210,123,-10,1]
[4096,-1792,656,-171,41,-7,1]
[256,256,128,24,-1,6,8,4,1]
[4096,-512,112,-67,7,-2,1]
[4096,2304,704,169,44,9,1]
[4096,-1024,16,21,1,-4,1]
[14641,847,-39,7,1]
[4096,-1280,432,-73,27,-5,1]
[4096,-256,32,31,2,-1,1]
[256,64,32,-4,-1,-1,2,1,1]
[16384,1792,207,14,1]
[4096,1536,352,81,22,6,1]
[4096,-1792,416,-67,26,-7,1]
[729,81,36,41,4,1,1]
[256,0,0,-8,-5,-2,0,0,1]
[4096,2048,528,103,33,8,1]
[256,128,112,56,29,14,7,2,1]
[6561,-1620,245,-20,1]
[16384,128,105,1,1]
[256,192,80,52,37,13,5,3,1]
[2401,-147,90,-3,1]
[14641,-121,13,-1,1]
[4096,-768,-144,139,-9,-3,1]
[4096,-3328,1472,-429,92,-13,1]
[4096,-1792,624,-213,39,-7,1]
[256,0,32,12,5,3,2,0,1]
[16384,512,227,4,1]
[729,-162,-18,16,-2,-2,1]
[256,64,144,20,41,5,9,1,1]
[4096,-256,192,17,12,-1,1]
[4096,768,320,75,20,3,1]
[256,0,-32,-12,-1,-3,-2,0,1]
[4096,256,-176,-67,-11,1,1]
[4096,-256,128,7,8,-1,1]
[6561,324,-31,4,1]
[4096,-768,32,67,2,-3,1]
[1024,384,75,12,1]
[729,486,288,98,32,6,1]
[4096,-512,16,-7,1,-2,1]
[4096,768,87,12,1]
[4096,-768,272,-69,17,-3,1]
[256,64,128,20,37,5,8,1,1]
[15625,1875,193,15,1]
[4096,256,192,27,12,1,1]
[4096,-512,304,15,19,-2,1]
[4096,-1280,480,-123,30,-5,1]
[4096,1536,576,187,36,6,1]
[256,192,96,32,5,8,6,3,1]
[729,-27,40,-1,1]
[729,-162,18,-26,2,-2,1]
[16384,3584,379,28,1]
[4096,-1280,16,73,1,-5,1]
[4096,512,320,25,20,2,1]
[14641,121,23,1,1]
[256,320,128,-44,-55,-11,8,5,1]
[256,128,0,-32,-25,-8,0,2,1]
[4096,768,336,113,21,3,1]
[4096,1792,736,185,46,7,1]
[4096,256,-112,-69,-7,1,1]
[729,-162,99,-38,11,-2,1]
[4096,1024,240,85,15,4,1]
[4096,2048,416,51,26,8,1]
[256,-192,144,-92,59,-23,9,-3,1]
[256,192,32,-4,3,-1,2,3,1]
[256,64,48,-32,-11,-8,3,1,1]
[729,-567,252,-88,28,-7,1]
[14641,-726,173,-6,1]
[4096,0,-32,41,-2,0,1]
[256,0,-80,-4,27,-1,-5,0,1]
[4096,1536,688,145,43,6,1]
[4096,0,-64,-19,-4,0,1]
[729,567,252,91,28,7,1]
[14641,-484,201,-4,1]
[4096,-768,224,-87,14,-3,1]
[256,-128,144,-28,31,-7,9,-2,1]
[4096,-768,48,23,3,-3,1]
[4096,1024,-32,-89,-2,4,1]
[256,64,112,-8,23,-2,7,1,1]
[4096,576,33,9,1]
[14641,-968,212,-8,1]
[4096,-768,224,11,14,-3,1]
[14641,-2783,346,-23,1]
[4096,-1792,592,-131,37,-7,1]
[4096,1024,576,133,36,4,1]
[4096,-1024,288,-11,18,-4,1]
[256,64,32,-16,-11,-4,2,1,1]
[14641,1573,203,13,1]
[6561,-648,23,-8,1]
[4096,768,288,95,18,3,1]
[4096,1536,512,95,32,6,1]
[4096,-512,432,-21,27,-2,1]
[16384,-640,-127,-5,1]
[256,64,32,-24,-17,-6,2,1,1]
[256,256,96,-4,-15,-1,6,4,1]
[512,192,136,41,17,3,1]
[256,64,64,-28,1,-7,4,1,1]
[14641,1452,81,12,1]
[4096,1536,400,67,25,6,1]
[729,-162,-18,44,-2,-2,1]
[4096,512,176,-49,11,2,1]
[4096,1792,112,-61,7,7,1]
[4096,-1792,512,-101,32,-7,1]
[4096,-256,-112,101,-7,-1,1]
[4096,-768,256,17,16,-3,1]
[16384,-3328,345,-26,1]
[4096,-512,-112,93,-7,-2,1]
[2401,784,128,16,1]
[4096,-2048,672,-201,42,-8,1]
[729,81,-9,-4,-1,1,1]
[4096,768,256,125,16,3,1]
[256,128,-16,-36,-19,-9,-1,2,1]
[729,-243,18,-1,2,-3,1]
[4096,-1536,368,-81,23,-6,1]
[15625,-1000,69,-8,1]
[14641,726,-109,6,1]
[256,0,-48,-4,25,-1,-3,0,1]
[2401,-539,128,-11,1]
[512,-256,88,-25,11,-4,1]
[256,-192,16,8,3,2,1,-3,1]
[16384,-1152,217,-9,1]
[4096,512,-80,-75,-5,2,1]
[4096,0,-128,35,-8,0,1]
[256,64,-16,24,27,6,-1,1,1]
[512,0,-24,-11,-3,0,1]
[4096,256,80,53,5,1,1]
[4096,0,240,-49,15,0,1]
[4096,256,96,-71,6,1,1]
[4096,1792,832,221,52,7,1]
[4096,512,496,73,31,2,1]
[16384,384,-11,3,1]
[256,64,16,8,25,2,1,1,1]
[16384,256,-107,2,1]
[512,192,56,23,7,3,1]
[4096,-1024,384,-103,24,-4,1]
[256,-64,48,4,-1,1,3,-1,1]
[16384,1280,13,10,1]
[16384,384,147,3,1]
[2401,49,-74,1,1]
[6561,162,58,2,1]
[14641,1210,43,10,1]
[512,0,80,-3,10,0,1]
[4096,-1792,784,-193,49,-7,1]
[256,0,48,8,15,2,3,0,1]
[256,-128,16,0,3,0,1,-2,1]
[4096,1280,288,15,18,5,1]
[4096,1024,224,65,14,4,1]
[256,192,80,40,21,10,5,3,1]
[4096,1280,368,51,23,5,1]
[14641,-726,181,-6,1]
[256,-64,13,-4,1]
[256,-128,32,-36,25,-9,2,-2,1]
[15625,-2250,257,-18,1]
[15625,-375,207,-3,1]
[256,-64,-64,-12,29,-3,-4,-1,1]
[4096,1280,576,125,36,5,1]
[4096,-1536,432,-105,27,-6,1]
[729,-81,-27,14,-3,-1,1]
[16384,128,113,1,1]
[4096,1536,544,153,34,6,1]
[4096,-512,112,-75,7,-2,1]
[4096,-3328,1568,-473,98,-13,1]
[256,-128,80,-52,19,-13,5,-2,1]
[14641,1815,216,15,1]
[4096,1536,448,97,28,6,1]
[4096,512,688,61,43,2,1]
[14641,-3267,423,-27,1]
[15625,0,-134,0,1]
[4096,1536,544,191,34,6,1]
[4096,-2304,864,-247,54,-9,1]
[4096,-256,368,-9,23,-1,1]
[4096,-2560,944,-245,59,-10,1]
[4096,768,384,37,24,3,1]
[4096,256,112,-11,7,1,1]
[256,64,32,-16,3,-4,2,1,1]
[512,-128,8,1,1,-2,1]
[729,-81,0,11,0,-1,1]
[14641,2904,329,24,1]
[2401,294,94,6,1]
[256,-64,32,-44,15,-11,2,-1,1]
[729,243,108,32,12,3,1]
[4096,0,-21,0,1]
[2401,245,60,5,1]
[256,192,80,44,27,11,5,3,1]
[4096,-128,17,-2,1]
[15625,-2750,258,-22,1]
[14641,3993,508,33,1]
[4096,-256,208,-49,13,-1,1]
[4096,-512,208,-67,13,-2,1]
[256,-128,96,-20,11,-5,6,-2,1]
[4096,0,57,0,1]
[14641,4477,576,37,1]
[4096,-1024,224,-31,14,-4,1]
[4096,-1280,464,-75,29,-5,1]
[4096,512,-48,-19,-3,2,1]
[256,64,-16,-8,-1,-2,-1,1,1]
[4096,-768,48,-3,3,-3,1]
[4096,512,304,63,19,2,1]
[15625,250,168,2,1]
[15625,-1750,102,-14,1]
[4096,2560,848,223,53,10,1]
[512,0,112,7,14,0,1]
[4096,-512,48,-81,3,-2,1]
[6561,810,112,10,1]
[4096,-256,80,-119,5,-1,1]
[729,81,18,32,2,1,1]
[512,0,168,-1,21,0,1]
[4096,-1792,608,-193,38,-7,1]
[15625,-2250,159,-18,1]
[14641,1089,76,9,1]
[16384,-1664,179,-13,1]
[4096,0,69,0,1]
[729,405,153,53,17,5,1]
[4096,768,480,79,30,3,1]
[4096,2560,1088,305,68,10,1]
[4096,0,-32,47,-2,0,1]
[729,-243,27,8,3,-3,1]
[4096,-2560,864,-235,54,-10,1]
[4096,-2048,864,-231,54,-8,1]
[16384,256,-117,2,1]
[6561,1053,181,13,1]
[256,-64,96,4,17,1,6,-1,1]
[15625,125,-191,1,1]
[16384,-128,169,-1,1]
[16384,-512,-131,-4,1]
[256,0,32,-28,-11,-7,2,0,1]
[4096,-256,384,-5,24,-1,1]
[4096,-1792,16,97,1,-7,1]
[16384,1792,221,14,1]
[256,-64,-32,4,5,1,-2,-1,1]
[15625,-625,64,-5,1]
[4096,512,352,53,22,2,1]
[14641,-726,108,-6,1]
[4096,-1536,160,11,10,-6,1]
[729,-81,-36,11,-4,-1,1]
[14641,2541,240,21,1]
[729,-162,0,7,0,-2,1]
[256,192,112,72,39,18,7,3,1]
[15625,1500,247,12,1]
[4096,-1024,32,27,2,-4,1]
[729,162,-45,-22,-5,2,1]
[14641,-1089,-27,-9,1]
[14641,2662,252,22,1]
[4096,-2304,576,-115,36,-9,1]
[14641,-3025,376,-25,1]
[4096,-1536,240,-17,15,-6,1]
[2401,343,93,7,1]
[512,-192,0,29,0,-3,1]
[4096,512,0,37,0,2,1]
[16384,-128,-85,-1,1]
[729,81,63,8,7,1,1]
[14641,-1573,127,-13,1]
[14641,847,133,7,1]
[512,192,-8,-15,-1,3,1]
[256,-192,48,40,-33,10,3,-3,1]
[4096,1280,272,97,17,5,1]
[4096,-1280,288,-111,18,-5,1]
[6561,567,25,7,1]
[14641,-2541,305,-21,1]
[14641,1573,206,13,1]
[512,-192,128,-37,16,-3,1]
[2401,-294,88,-6,1]
[4096,1280,80,-19,5,5,1]
[729,405,216,62,24,5,1]
[4096,-1280,496,-145,31,-5,1]
[256,-128,80,-64,31,-16,5,-2,1]
[1024,-128,35,-4,1]
[15625,750,-113,6,1]
[512,-64,0,-29,0,-1,1]
[14641,1452,192,12,1]
[729,81,-27,-50,-3,1,1]
[4096,512,112,27,7,2,1]
[512,-64,80,-29,10,-1,1]
[4096,1024,-96,-69,-6,4,1]
[4096,0,144,61,9,0,1]
[4096,-1536,256,-23,16,-6,1]
[16384,256,-25,2,1]
[256,-128,64,8,-5,2,4,-2,1]
[4096,0,96,-59,6,0,1]
[4096,0,0,-1,0,0,1]
[15625,2375,251,19,1]
[4096,-2048,976,-249,61,-8,1]
[256,64,16,12,-1,3,1,1,1]
[4096,1280,416,143,26,5,1]
[6561,729,145,9,1]
[15625,625,-132,5,1]
[256,320,288,200,109,50,18,5,1]
[16384,384,-77,3,1]
[4096,0,-23,0,1]
[14641,2178,175,18,1]
[14641,-1815,97,-15,1]
[14641,-121,-117,-1,1]
[4096,256,576,39,36,1,1]
[128,-21,1]
[4096,1536,592,155,37,6,1]
[15625,-625,-99,-5,1]
[16384,-1280,117,-10,1]
[256,-192,16,16,-5,4,1,-3,1]
[729,-405,126,-28,14,-5,1]
[4096,-1024,544,-109,34,-4,1]
[4096,-1024,416,-85,26,-4,1]
[6561,-648,145,-8,1]
[4096,1024,432,115,27,4,1]
[256,192,80,60,41,15,5,3,1]
[2401,-98,-52,-2,1]
[15625,1250,187,10,1]
[4096,-1024,208,-7,13,-4,1]
[625,-400,113,-16,1]
[625,175,48,7,1]
[4096,768,112,-39,7,3,1]
[256,0,64,-44,-1,-11,4,0,1]
[512,-448,216,-77,27,-7,1]
[4096,1792,256,-3,16,7,1]
[4096,0,64,85,4,0,1]
[15625,-375,239,-3,1]
[256,0,-16,-4,-7,-1,-1,0,1]
[4096,-1024,544,-131,34,-4,1]
[4096,-2048,560,-127,35,-8,1]
[729,162,-54,-20,-6,2,1]
[4096,1792,416,95,26,7,1]
[16384,256,147,2,1]
[14641,363,192,3,1]
[2401,-147,55,-3,1]
[81,-18,1,-2,1]
[4096,256,240,87,15,1,1]
[4096,768,368,117,23,3,1]
[256,-256,112,-4,-17,-1,7,-4,1]
[14641,-2178,191,-18,1]
[4096,512,64,-1,4,2,1]
[4096,1792,528,151,33,7,1]
[256,-192,144,-52,27,-13,9,-3,1]
[729,162,-9,5,-1,2,1]
[4096,-256,64,-97,4,-1,1]
[14641,484,105,4,1]
[729,-162,-45,53,-5,-2,1]
[729,-162,-72,34,-8,-2,1]
[14641,-1452,163,-12,1]
[14641,605,-18,5,1]
[4096,-2304,944,-277,59,-9,1]
[4096,1536,144,-19,9,6,1]
[16384,-640,121,-5,1]
[256,0,48,40,-9,10,3,0,1]
[16384,1792,243,14,1]
[256,-64,112,-64,25,-16,7,-1,1]
[14641,2178,168,18,1]
[14641,1573,162,13,1]
[14641,-605,-65,-5,1]
[4096,320,31,5,1]
[4096,1792,432,69,27,7,1]
[4096,-2048,336,-17,21,-8,1]
[729,162,54,-11,6,2,1]
[4096,0,144,-41,9,0,1]
[4096,1280,272,21,17,5,1]
[4096,768,144,23,9,3,1]
[14641,605,-107,5,1]
[6561,972,79,12,1]
[16384,4224,491,33,1]
[729,324,-36,-55,-4,4,1]
[256,-64,0,0,7,0,0,-1,1]
[256,-320,224,-128,69,-32,14,-5,1]
[16384,384,-19,3,1]
[256,256,80,-32,-35,-8,5,4,1]
[512,0,48,25,6,0,1]
[256,320,272,152,81,38,17,5,1]
[4096,-512,624,-53,39,-2,1]
[256,0,-32,-16,15,-4,-2,0,1]
[1024,-64,-33,-2,1]
[729,81,-54,-25,-6,1,1]
[2401,-49,-64,-1,1]
[729,-324,54,10,6,-4,1]
[256,64,-48,16,31,4,-3,1,1]
[729,-81,108,7,12,-1,1]
[4096,-768,-32,-1,-2,-3,1]
[4096,256,107,4,1]
[625,-325,86,-13,1]
[14641,-484,-130,-4,1]
[256,-256,208,-124,71,-31,13,-4,1]
[4096,512,352,79,22,2,1]
[4096,1536,208,5,13,6,1]
[15625,-250,-127,-2,1]
[4096,-1792,416,-61,26,-7,1]
[4096,512,144,35,9,2,1]
[4096,256,-32,-25,-2,1,1]
[4096,1024,416,129,26,4,1]
[4096,-512,176,-19,11,-2,1]
[14641,-2299,219,-19,1]
[4096,512,-192,-39,-12,2,1]
[15625,2000,189,16,1]
[729,405,216,65,24,5,1]
[4096,0,-16,111,-1,0,1]
[625,150,11,6,1]
[256,128,16,16,25,4,1,2,1]
[14641,0,-20,0,1]
[4096,1280,448,67,28,5,1]
[729,243,-27,-44,-3,3,1]
[14641,-1452,270,-12,1]
[4096,768,176,29,11,3,1]
[4096,256,176,-29,11,1,1]
[14641,-484,233,-4,1]
[729,162,-72,-35,-8,2,1]
[14641,242,202,2,1]
[4096,-1280,-80,101,-5,-5,1]
[4096,2048,320,11,20,8,1]
[4096,1024,384,45,24,4,1]
[4096,-1536,-32,95,-2,-6,1]
[4096,1024,224,69,14,4,1]
[15625,-875,231,-7,1]
[729,-162,90,-28,10,-2,1]
[729,0,108,-4,12,0,1]
[4096,256,16,-97,1,1,1]
[4096,-768,544,-71,34,-3,1]
[256,-128,96,4,5,1,6,-2,1]
[4096,1024,480,71,30,4,1]
[256,64,-32,-4,-3,-1,-2,1,1]
[4096,256,416,21,26,1,1]
[14641,2178,163,18,1]
[4096,768,272,89,17,3,1]
[4096,512,400,39,25,2,1]
[4096,0,-32,-81,-2,0,1]
[4096,2560,1184,331,74,10,1]
[4096,256,160,13,10,1,1]
[256,0,-32,0,23,0,-2,0,1]
[15625,-1625,156,-13,1]
[256,192,192,116,67,29,12,3,1]
[4096,768,256,-7,16,3,1]
[256,-64,64,-16,5,-4,4,-1,1]
[4096,768,160,89,10,3,1]
[4096,-2304,560,-109,35,-9,1]
[2401,-294,6,-6,1]
[256,0,0,12,-15,3,0,0,1]
[4096,0,64,-17,4,0,1]
[4096,1024,304,117,19,4,1]
[729,324,198,53,22,4,1]
[4096,-512,240,-117,15,-2,1]
[625,-225,42,-9,1]
[4096,1024,672,111,42,4,1]
[512,-192,8,7,1,-3,1]
[4096,1536,608,183,38,6,1]
[729,-567,306,-116,34,-7,1]
[729,-243,153,-44,17,-3,1]
[4096,-1536,304,-31,19,-6,1]
[14641,-968,136,-8,1]
[512,128,16,-15,2,2,1]
[256,192,208,116,77,29,13,3,1]
[4096,-1024,320,-37,20,-4,1]
[4096,768,224,119,14,3,1]
[15625,2250,292,18,1]
[15625,1875,123,15,1]
[256,-192,96,-72,45,-18,6,-3,1]
[4096,256,464,31,29,1,1]
[6561,810,109,10,1]
[15625,2125,273,17,1]
[4096,2560,1200,331,75,10,1]
[4096,3584,1696,517,106,14,1]
[729,-81,45,-7,5,-1,1]
[729,-81,36,1,4,-1,1]
[16384,-640,247,-5,1]
[4096,-576,27,-9,1]
[4096,-1792,576,-163,36,-7,1]
[14641,-605,162,-5,1]
[4096,-1280,320,-57,20,-5,1]
[512,192,112,49,14,3,1]
[14641,-1815,251,-15,1]
[4096,-1792,784,-205,49,-7,1]
[4096,-1280,256,-43,16,-5,1]
[4096,1024,176,63,11,4,1]
[14641,1331,227,11,1]
[4096,-768,672,-87,42,-3,1]
[16384,2944,343,23,1]
[15625,-2250,248,-18,1]
[256,-320,176,-40,3,-10,11,-5,1]
[256,64,48,-8,-1,-2,3,1,1]
[256,64,48,44,5,11,3,1,1]
[4096,1792,304,17,19,7,1]
[729,324,225,68,25,4,1]
[4096,-1536,576,-189,36,-6,1]
[14641,1573,252,13,1]
[256,-128,32,36,-19,9,2,-2,1]
[256,0,48,-4,19,-1,3,0,1]
[4096,-640,61,-10,1]
[729,243,-18,-23,-2,3,1]
[256,64,96,20,17,5,6,1,1]
[14641,484,207,4,1]
[4096,1536,80,-65,5,6,1]
[729,-81,18,-31,2,-1,1]
[4096,2560,1104,323,69,10,1]
[256,256,256,164,99,41,16,4,1]
[4096,-1024,16,51,1,-4,1]
[4096,0,-176,-1,-11,0,1]
[14641,968,237,8,1]
[4096,-256,48,25,3,-1,1]
[512,-64,-32,21,-4,-1,1]
[4096,-1536,304,-87,19,-6,1]
[4096,-256,-208,43,-13,-1,1]
[4096,384,133,6,1]
[4096,-256,224,31,14,-1,1]
[2401,343,71,7,1]
[4096,1280,624,155,39,5,1]
[4096,-1280,656,-145,41,-5,1]
[16384,1280,237,10,1]
[4096,-1792,528,-119,33,-7,1]
[4096,-3328,1520,-467,95,-13,1]
[4096,-1024,-224,123,-14,-4,1]
[16384,1024,95,8,1]
[14641,484,21,4,1]
[4096,-1024,384,-61,24,-4,1]
[4096,256,192,1,12,1,1]
[15625,625,67,5,1]
[4096,-768,432,-35,27,-3,1]
[4096,1280,192,15,12,5,1]
[15625,2375,258,19,1]
[256,-192,176,-100,63,-25,11,-3,1]
[4096,-768,560,-77,35,-3,1]
[729,108,31,4,1]
[4096,512,208,117,13,2,1]
[4096,-1792,944,-227,59,-7,1]
[15625,-1375,182,-11,1]
[14641,968,204,8,1]
[4096,-1536,608,-125,38,-6,1]
[6561,1377,205,17,1]
[512,256,128,57,16,4,1]
[4096,768,-80,-27,-5,3,1]
[512,384,192,79,24,6,1]
[15625,0,-168,0,1]
[729,243,-9,-25,-1,3,1]
[15625,-875,113,-7,1]
[729,-243,135,-53,15,-3,1]
[512,-64,-8,-17,-1,-1,1]
[4096,1536,272,63,17,6,1]
[4096,512,-112,-93,-7,2,1]
[256,-64,-112,16,31,4,-7,-1,1]
[6561,891,98,11,1]
[729,-324,171,-46,19,-4,1]
[4096,0,112,-1,7,0,1]
[4096,-512,224,-93,14,-2,1]
[256,0,32,-32,9,-8,2,0,1]
[14641,2904,342,24,1]
[6561,972,178,12,1]
[512,0,16,-21,2,0,1]
[16384,128,-205,1,1]
[4096,-3840,1856,-565,116,-15,1]
[4096,384,59,6,1]
[729,-270,77,-10,1]
[4096,-1280,-160,151,-10,-5,1]
[6561,-1782,235,-22,1]
[729,-324,135,-37,15,-4,1]
[4096,-1024,-240,135,-15,-4,1]
[15625,1125,-33,9,1]
[4096,576,109,9,1]
[729,-486,198,-77,22,-6,1]
[256,64,33,4,1]
[256,0,48,-16,21,-4,3,0,1]
[4096,-768,208,9,13,-3,1]
[729,81,135,25,15,1,1]
[14641,-968,179,-8,1]
[14641,-847,246,-7,1]
[14641,3993,499,33,1]
[4096,-1024,272,1,17,-4,1]
[14641,2178,206,18,1]
[16384,640,217,5,1]
[16384,-768,-49,-6,1]
[512,320,160,69,20,5,1]
[256,-128,144,-108,41,-27,9,-2,1]
[125,-17,1]
[4096,-2560,576,-89,36,-10,1]
[16384,-896,51,-7,1]
[14641,-1331,190,-11,1]
[4096,1280,208,-3,13,5,1]
[15625,125,187,1,1]
[15625,0,136,0,1]
[4096,-768,208,-125,13,-3,1]
[256,320,256,168,91,42,16,5,1]
[4096,256,16,-57,1,1,1]
[625,50,28,2,1]
[256,192,96,60,33,15,6,3,1]
[15625,-1125,123,-9,1]
[256,64,32,8,1,2,2,1,1]
[16384,-1920,169,-15,1]
[256,128,-16,-12,9,-3,-1,2,1]
[4096,3328,1232,325,77,13,1]
[6561,-324,-38,-4,1]
[4096,512,16,41,1,2,1]
[729,162,-36,-35,-4,2,1]
[4096,-1024,368,-117,23,-4,1]
[14641,3025,313,25,1]
[512,-320,144,-63,18,-5,1]
[4096,-512,288,23,18,-2,1]
[15625,375,-88,3,1]
[14641,-363,-119,-3,1]
[256,128,0,-8,-3,-2,0,2,1]
[729,486,252,94,28,6,1]
[256,64,64,20,19,5,4,1,1]
[14641,121,144,1,1]
[729,-243,67,-9,1]
[15625,3125,406,25,1]
[14641,-2420,201,-20,1]
[4096,768,-48,-75,-3,3,1]
[256,-64,64,-60,15,-15,4,-1,1]
[2401,-441,73,-9,1]
[4096,768,-128,-77,-8,3,1]
[256,-256,96,-4,-11,-1,6,-4,1]
[4096,-768,496,-99,31,-3,1]
[4096,768,-64,-87,-4,3,1]
[4096,-768,272,-105,17,-3,1]
[4096,512,416,35,26,2,1]
[4096,-1792,384,-83,24,-7,1]
[256,-64,16,32,-19,8,1,-1,1]
[729,81,27,-16,3,1,1]
[4096,-2560,912,-231,57,-10,1]
[16384,2944,327,23,1]
[14641,-847,68,-7,1]
[14641,-726,-53,-6,1]
[4096,1792,624,201,39,7,1]
[512,128,-24,-5,-3,2,1]
[15625,1250,149,10,1]
[4096,1792,864,215,54,7,1]
[15625,-1000,156,-8,1]
[4096,-768,208,-45,13,-3,1]
[4096,-2304,720,-175,45,-9,1]
[14641,-3146,340,-26,1]
[256,0,112,4,33,1,7,0,1]
[729,810,477,191,53,10,1]
[4096,1280,-64,-107,-4,5,1]
[4096,256,-112,-35,-7,1,1]
[4096,1024,112,43,7,4,1]
[256,192,128,80,41,20,8,3,1]
[729,162,-54,-49,-6,2,1]
[4096,1024,0,-57,0,4,1]
[4096,512,320,31,20,2,1]
[729,-243,90,-37,10,-3,1]
[4096,-768,64,-33,4,-3,1]
[16384,-2560,271,-20,1]
[4096,0,-16,-89,-1,0,1]
[14641,968,135,8,1]
[15625,0,-128,0,1]
[1024,-128,37,-4,1]
[4096,2816,1200,353,75,11,1]
[512,0,-24,-3,-3,0,1]
[729,-162,99,-19,11,-2,1]
[4096,-512,48,53,3,-2,1]
[256,-64,0,8,-13,2,0,-1,1]
[15625,625,12,5,1]
[4096,384,75,6,1]
[4096,1280,352,63,22,5,1]
[4096,-256,192,51,12,-1,1]
[4096,0,208,-73,13,0,1]
[14641,-1210,263,-10,1]
[256,-64,16,-4,1,-1,1,-1,1]
[512,-128,40,-35,5,-2,1]
[4096,0,496,-7,31,0,1]
[4096,1024,-128,-135,-8,4,1]
[14641,3146,340,26,1]
[4096,2048,784,253,49,8,1]
[256,0,48,-28,3,-7,3,0,1]
[2401,98,-52,2,1]
[729,-81,117,-7,13,-1,1]
[256,320,240,148,79,37,15,5,1]
[729,-162,153,-29,17,-2,1]
[14641,-2541,300,-21,1]
[4096,512,336,39,21,2,1]
[512,128,-24,-21,-3,2,1]
[729,243,99,28,11,3,1]
[4096,1536,512,99,32,6,1]
[4096,-2048,592,-139,37,-8,1]
[512,256,64,9,8,4,1]
[4096,-2304,560,-117,35,-9,1]
[256,256,240,152,91,38,15,4,1]
[4096,1536,800,181,50,6,1]
[15625,2625,242,21,1]
[16384,0,-233,0,1]
[256,64,32,-28,-19,-7,2,1,1]
[16384,1536,19,12,1]
[4096,-256,144,-59,9,-1,1]
[15625,-1375,87,-11,1]
[4096,-1024,176,-53,11,-4,1]
[4096,-1792,832,-211,52,-7,1]
[256,-256,144,-28,3,-7,9,-4,1]
[729,0,63,25,7,0,1]
[4096,1024,272,107,17,4,1]
[4096,-256,208,-13,13,-1,1]
[4096,-256,368,-15,23,-1,1]
[15625,-625,-68,-5,1]
[256,128,48,8,-15,2,3,2,1]
[15625,-2500,338,-20,1]
[14641,605,202,5,1]
[16384,-128,49,-1,1]
[4096,0,320,33,20,0,1]
[14641,-968,41,-8,1]
[256,64,-64,-12,19,-3,-4,1,1]
[4096,-1792,608,-171,38,-7,1]
[256,192,128,84,43,21,8,3,1]
[4096,1280,48,-35,3,5,1]
[512,-64,-16,-5,-2,-1,1]
[4096,0,240,-5,15,0,1]
[4096,-1024,496,-115,31,-4,1]
[15625,1250,263,10,1]
[729,-324,72,-14,8,-4,1]
[2401,-392,86,-8,1]
[4096,512,224,113,14,2,1]
[4096,1024,256,17,16,4,1]
[4096,1536,656,177,41,6,1]
[256,0,64,4,25,1,4,0,1]
[256,0,-48,0,27,0,-3,0,1]
[4096,1792,528,147,33,7,1]
[4096,2048,752,235,47,8,1]
[14641,-2057,289,-17,1]
[15625,1500,256,12,1]
[4096,1024,-16,-33,-1,4,1]
[729,243,81,11,9,3,1]
[729,405,72,-5,8,5,1]
[512,-384,168,-67,21,-6,1]
[16384,256,157,2,1]
[14641,-1694,259,-14,1]
[4096,-256,32,25,2,-1,1]
[729,81,-9,19,-1,1,1]
[4096,-768,-80,9,-5,-3,1]
[2401,-196,-41,-4,1]
[4096,64,-107,1,1]
[15625,1750,107,14,1]
[15625,2250,204,18,1]
[15625,-3125,381,-25,1]
[256,-64,-96,8,33,2,-6,-1,1]
[4096,1792,320,63,20,7,1]
[256,64,48,20,33,5,3,1,1]
[4096,768,-128,-41,-8,3,1]
[256,192,16,-48,-39,-12,1,3,1]
[15625,-2125,277,-17,1]
[4096,-512,256,-23,16,-2,1]
[4096,-512,336,-27,21,-2,1]
[729,-81,153,-19,17,-1,1]
[15625,-1125,213,-9,1]
[256,64,80,24,9,6,5,1,1]
[14641,-484,139,-4,1]
[16384,256,159,2,1]
[16384,-768,193,-6,1]
[4096,1280,448,121,28,5,1]
[14641,-1815,171,-15,1]
[256,-128,0,28,-19,7,0,-2,1]
[4096,1024,656,129,41,4,1]
[729,-81,18,-8,2,-1,1]
[4096,0,144,69,9,0,1]
[4096,2048,944,259,59,8,1]
[4096,-1792,96,69,6,-7,1]
[4096,-1280,128,-25,8,-5,1]
[4096,-256,16,7,1,-1,1]
[256,0,64,-32,7,-8,4,0,1]
[729,243,90,19,10,3,1]
[4096,-256,95,-4,1]
[4096,-1536,16,75,1,-6,1]
[256,-256,80,16,-21,4,5,-4,1]
[14641,363,16,3,1]
[256,128,48,-20,-7,-5,3,2,1]
[2401,-441,75,-9,1]
[4096,1024,144,45,9,4,1]
[14641,-2057,265,-17,1]
[256,64,-48,-8,19,-2,-3,1,1]
[4096,-1024,320,-29,20,-4,1]
[4096,0,-144,-55,-9,0,1]
[16384,1024,-7,8,1]
[4096,2048,672,207,42,8,1]
[4096,-768,-48,105,-3,-3,1]
[14641,484,152,4,1]
[4096,-768,160,-81,10,-3,1]
[4096,-256,192,-59,12,-1,1]
[15625,750,-107,6,1]
[4096,-1536,672,-181,42,-6,1]
[4096,0,688,-1,43,0,1]
[512,-192,-56,47,-7,-3,1]
[4096,0,-48,35,-3,0,1]
[14641,1815,100,15,1]
[729,162,27,-20,3,2,1]
[15625,2375,244,19,1]
[4096,1792,752,183,47,7,1]
[15625,-750,93,-6,1]
[4096,-2816,1216,-371,76,-11,1]
[15625,-1000,59,-8,1]
[14641,-1089,83,-9,1]
[256,0,112,-28,23,-7,7,0,1]
[4096,0,64,-47,4,0,1]
[2401,343,36,7,1]
[625,200,46,8,1]
[512,384,144,43,18,6,1]
[4096,0,224,19,14,0,1]
[729,486,99,5,11,6,1]
[15625,-2000,304,-16,1]
[4096,-768,336,-67,21,-3,1]
[14641,-1694,228,-14,1]
[14641,1694,188,14,1]
[256,-192,48,-8,5,-2,3,-3,1]
[256,0,64,-56,-3,-14,4,0,1]
[4096,1280,608,139,38,5,1]
[16384,-2176,197,-17,1]
[4096,-768,272,1,17,-3,1]
[4096,-2048,336,-27,21,-8,1]
[729,243,189,55,21,3,1]
[4096,-512,48,13,3,-2,1]
[1024,-96,17,-3,1]
[4096,-512,160,15,10,-2,1]
[2401,0,47,0,1]
[4096,-768,192,-61,12,-3,1]
[15625,-1250,41,-10,1]
[4096,768,192,-5,12,3,1]
[4096,-1280,272,-77,17,-5,1]
[729,567,180,43,20,7,1]
[4096,-768,624,-87,39,-3,1]
[16384,640,195,5,1]
[14641,-242,-140,-2,1]
[14641,2662,327,22,1]
[4096,2816,1008,269,63,11,1]
[4096,2304,1008,269,63,9,1]
[4096,2560,896,237,56,10,1]
[16384,-1024,163,-8,1]
[4096,-1280,96,41,6,-5,1]
[6561,-324,-1,-4,1]
[256,-128,16,12,-11,3,1,-2,1]
[729,324,-72,-67,-8,4,1]
[2401,784,156,16,1]
[4096,2048,224,-21,14,8,1]
[4096,-768,400,-49,25,-3,1]
[4096,2816,976,263,61,11,1]
[4096,-256,16,-79,1,-1,1]
[625,-300,76,-12,1]
[4096,512,128,69,8,2,1]
[15625,500,252,4,1]
[4096,-1792,704,-219,44,-7,1]
[729,81,189,11,21,1,1]
[15625,750,221,6,1]
[2401,0,-15,0,1]
[2401,686,115,14,1]
[4096,-3328,1520,-463,95,-13,1]
[15625,2500,294,20,1]
[16384,0,-51,0,1]
[6561,-324,41,-4,1]
[15625,625,16,5,1]
[256,-192,128,-48,27,-12,8,-3,1]
[256,0,80,-4,35,-1,5,0,1]
[256,-256,176,-96,53,-24,11,-4,1]
[4096,-512,160,-65,10,-2,1]
[6561,81,-29,1,1]
[256,128,64,44,15,11,4,2,1]
[4096,256,-64,11,-4,1,1]
[4096,-1536,208,17,13,-6,1]
[4096,512,-240,-65,-15,2,1]
[4096,0,-128,63,-8,0,1]
[729,324,0,-32,0,4,1]
[256,-128,16,-12,7,-3,1,-2,1]
[4096,-2048,816,-197,51,-8,1]
[4096,-512,240,-59,15,-2,1]
[729,0,-27,-20,-3,0,1]
[256,-192,-16,12,13,3,-1,-3,1]
[4096,768,-48,7,-3,3,1]
[4096,3072,1200,343,75,12,1]
[4096,3328,1392,397,87,13,1]
[4096,512,128,37,8,2,1]
[4096,512,160,127,10,2,1]
[4096,0,-80,-65,-5,0,1]
[15625,500,-43,4,1]
[729,-405,171,-71,19,-5,1]
[4096,512,416,83,26,2,1]
[256,192,64,-8,-13,-2,4,3,1]
[4096,0,-48,-51,-3,0,1]
[256,192,32,24,27,6,2,3,1]
[64,8,-5,1,1]
[4096,832,157,13,1]
[256,128,64,28,7,7,4,2,1]
[512,0,24,37,3,0,1]
[512,128,-48,-43,-6,2,1]
[256,-320,192,-72,25,-18,12,-5,1]
[6561,648,77,8,1]
[15625,3125,331,25,1]
[256,0,0,-20,-11,-5,0,0,1]
[16384,3328,411,26,1]
[4096,0,48,-77,3,0,1]
[4096,1280,336,125,21,5,1]
[15625,1250,78,10,1]
[256,-256,208,-132,77,-33,13,-4,1]
[729,81,90,-14,10,1,1]
[256,64,144,36,47,9,9,1,1]
[4096,-256,16,53,1,-1,1]
[4096,2304,848,211,53,9,1]
[4096,-1024,-224,117,-14,-4,1]
[14641,-242,-65,-2,1]
[4096,1792,80,-61,5,7,1]
[729,-567,279,-100,31,-7,1]
[2401,-147,-40,-3,1]
[4096,-1536,-112,145,-7,-6,1]
[256,-192,144,-76,51,-19,9,-3,1]
[4096,1536,592,123,37,6,1]
[6561,891,86,11,1]
[256,448,352,176,81,44,22,7,1]
[16384,4096,485,32,1]
[4096,-768,112,-71,7,-3,1]
[14641,-2541,291,-21,1]
[729,162,198,32,22,2,1]
[14641,-363,225,-3,1]
[4096,-3840,1712,-503,107,-15,1]
[256,384,320,180,91,45,20,6,1]
[4096,-256,352,-15,22,-1,1]
[16384,384,173,3,1]
[4096,-1792,-192,197,-12,-7,1]
[4096,0,96,1,6,0,1]
[625,0,37,0,1]
[14641,968,36,8,1]
[4096,768,288,43,18,3,1]
[14641,363,-31,3,1]
[729,-162,108,-7,12,-2,1]
[15625,-1125,136,-9,1]
[4096,512,-160,-55,-10,2,1]
[6561,405,152,5,1]
[256,-128,48,32,-23,8,3,-2,1]
[4096,1536,-64,-107,-4,6,1]
[256,-64,64,-48,9,-12,4,-1,1]
[4096,-2048,256,5,16,-8,1]
[14641,-242,155,-2,1]
[6561,243,-31,3,1]
[729,-243,54,-29,6,-3,1]
[4096,-512,-32,-23,-2,-2,1]
[256,256,64,-28,-25,-7,4,4,1]
[15625,2375,286,19,1]
[256,-64,16,8,-9,2,1,-1,1]
[256,64,48,12,7,3,3,1,1]
[14641,-242,27,-2,1]
[4096,-1280,624,-157,39,-5,1]
[256,-256,160,-68,35,-17,10,-4,1]
[4096,0,-96,-19,-6,0,1]
[2401,-833,148,-17,1]
[14641,2662,288,22,1]
[256,0,16,28,-9,7,1,0,1]
[256,0,80,-36,11,-9,5,0,1]
[14641,363,-84,3,1]
[512,-64,-8,-7,-1,-1,1]
[4096,1280,512,155,32,5,1]
[1024,160,17,5,1]
[4096,768,736,95,46,3,1]
[14641,3509,416,29,1]
[15625,-500,-91,-4,1]
[2401,-980,188,-20,1]
[4096,-1536,528,-165,33,-6,1]
[15625,1000,-47,8,1]
[6561,-486,103,-6,1]
[4096,-2048,880,-235,55,-8,1]
[729,0,9,2,1,0,1]
[4096,-1792,576,-119,36,-7,1]
[256,-64,0,-32,23,-8,0,-1,1]
[512,320,208,71,26,5,1]
[256,-256,112,28,-33,7,7,-4,1]
[4096,576,19,9,1]
[15625,0,-67,0,1]
[4096,768,16,-35,1,3,1]
[256,64,-64,-16,5,-4,-4,1,1]
[4096,512,128,75,8,2,1]
[4096,-256,144,-57,9,-1,1]
[4096,2304,688,175,43,9,1]
[14641,0,-57,0,1]
[4096,256,0,-11,0,1,1]
[4096,3328,1536,463,96,13,1]
[4096,-2048,288,-9,18,-8,1]
[729,-162,126,-43,14,-2,1]
[4096,-768,32,63,2,-3,1]
[4096,-768,288,-91,18,-3,1]
[4096,-1280,-64,101,-4,-5,1]
[256,64,112,28,27,7,7,1,1]
[256,256,144,104,67,26,9,4,1]
[4096,-2048,784,-229,49,-8,1]
[4096,-512,16,1,1,-2,1]
[4096,-1280,288,-47,18,-5,1]
[256,192,144,28,19,7,9,3,1]
[4096,2560,1168,333,73,10,1]
[256,0,48,8,11,2,3,0,1]
[4096,-512,-80,33,-5,-2,1]
[4096,0,128,-77,8,0,1]
[16384,-768,-1,-6,1]
[4096,512,144,-5,9,2,1]
[256,128,32,-16,-5,-4,2,2,1]
[14641,-484,170,-4,1]
[256,0,-48,-12,9,-3,-3,0,1]
[256,64,-32,-12,-5,-3,-2,1,1]
[4096,-512,208,-47,13,-2,1]
[14641,1573,171,13,1]
[4096,128,93,2,1]
[4096,256,16,-107,1,1,1]
[4096,768,304,115,19,3,1]
[256,64,48,16,29,4,3,1,1]
[256,0,96,-8,21,-2,6,0,1]
[512,-192,192,-47,24,-3,1]
[14641,-242,28,-2,1]
[512,64,112,9,14,1,1]
[16384,3072,347,24,1]
[14641,-2178,225,-18,1]
[4096,768,-176,-95,-11,3,1]
[15625,-1250,179,-10,1]
[256,128,16,20,25,5,1,2,1]
[14641,-1936,197,-16,1]
[15625,2500,267,20,1]
[729,243,54,4,6,3,1]
[256,-64,48,-24,15,-6,3,-1,1]
[512,0,-48,-11,-6,0,1]
[14641,-726,-42,-6,1]
[4096,-512,80,-17,5,-2,1]
[512,-64,24,17,3,-1,1]
[4096,1024,-32,-35,-2,4,1]
[4096,2048,608,135,38,8,1]
[256,-64,16,0,-13,0,1,-1,1]
[4096,448,47,7,1]
[729,-81,126,-4,14,-1,1]
[4096,768,224,89,14,3,1]
[4096,256,224,-17,14,1,1]
[4096,0,176,79,11,0,1]
[729,81,126,13,14,1,1]
[6561,-1134,167,-14,1]
[4096,256,304,69,19,1,1]
[1024,32,21,1,1]
[4096,-1792,416,-97,26,-7,1]
[4096,768,-208,-101,-13,3,1]
[729,-81,0,8,0,-1,1]
[729,-162,-45,31,-5,-2,1]
[4096,-192,49,-3,1]
[256,32,21,2,1]
[15625,1875,248,15,1]
[512,128,72,27,9,2,1]
[4096,-768,304,-77,19,-3,1]
[4096,1536,544,139,34,6,1]
[4096,0,272,-57,17,0,1]
[14641,847,157,7,1]
[14641,-1694,190,-14,1]
[14641,3388,403,28,1]
[15625,-250,-111,-2,1]
[16384,-1408,175,-11,1]
[16384,2304,159,18,1]
[6561,-972,76,-12,1]
[15625,250,158,2,1]
[256,64,0,-20,-3,-5,0,1,1]
[729,-405,153,-50,17,-5,1]
[4096,1536,352,105,22,6,1]
[4096,256,-16,39,-1,1,1]
[256,256,112,56,35,14,7,4,1]
[64,16,8,9,2,1,1]
[256,0,64,-36,9,-9,4,0,1]
[4096,192,-29,3,1]
[512,0,-32,-21,-4,0,1]
[4096,-1280,192,-51,12,-5,1]
[14641,-484,-124,-4,1]
[729,-81,-27,52,-3,-1,1]
[4096,3840,1792,541,112,15,1]
[15625,-5375,712,-43,1]
[15625,-2375,194,-19,1]
[4096,512,-144,-19,-9,2,1]
[4096,256,-112,17,-7,1,1]
[256,0,0,-8,25,-2,0,0,1]
[4096,-512,256,-85,16,-2,1]
[2401,-392,40,-8,1]
[4096,-256,-80,-53,-5,-1,1]
[4096,2048,576,115,36,8,1]
[15625,250,218,2,1]
[256,0,96,-16,25,-4,6,0,1]
[15625,-1125,72,-9,1]
[256,576,672,528,305,132,42,9,1]
[4096,256,608,25,38,1,1]
[512,-192,-8,9,-1,-3,1]
[14641,121,166,1,1]
[4096,-512,-96,41,-6,-2,1]
[4096,768,272,135,17,3,1]
[4096,2560,800,195,50,10,1]
[256,-384,320,-188,97,-47,20,-6,1]
[512,128,80,41,10,2,1]
[4096,-2048,800,-241,50,-8,1]
[4096,1024,224,67,14,4,1]
[256,-128,112,-64,33,-16,7,-2,1]
[15625,-1375,112,-11,1]
[4096,-512,112,41,7,-2,1]
[4096,-512,-160,23,-10,-2,1]
[512,-384,120,-27,15,-6,1]
[14641,-847,-19,-7,1]
[15625,125,-28,1,1]
[256,128,32,-40,-33,-10,2,2,1]
[15625,875,194,7,1]
[15625,625,147,5,1]
[512,-512,224,-75,28,-8,1]
[4096,-768,96,23,6,-3,1]
[14641,-121,195,-1,1]
[625,0,-46,0,1]
[4096,1024,-64,-63,-4,4,1]
[4096,-512,608,-57,38,-2,1]
[14641,-1089,236,-9,1]
[4096,-1024,432,-127,27,-4,1]
[4096,-1792,752,-209,47,-7,1]
[15625,125,-171,1,1]
[14641,1452,94,12,1]
[6561,-972,181,-12,1]
[15625,-2875,374,-23,1]
[256,-256,240,-136,83,-34,15,-4,1]
[4096,-512,256,-95,16,-2,1]
[14641,484,131,4,1]
[256,-128,128,-24,27,-6,8,-2,1]
[256,128,96,28,27,7,6,2,1]
[4096,-2048,560,-131,35,-8,1]
[4096,-1280,384,-109,24,-5,1]
[4096,256,592,25,37,1,1]
[256,320,224,100,47,25,14,5,1]
[256,320,144,24,1,6,9,5,1]
[4096,-768,-128,63,-8,-3,1]
[729,-486,315,-109,35,-6,1]
[256,-256,112,8,-21,2,7,-4,1]
[256,0,48,-20,-5,-5,3,0,1]
[15625,-625,-96,-5,1]
[15625,125,138,1,1]
[4096,-2048,848,-229,53,-8,1]
[256,128,-16,4,23,1,-1,2,1]
[4096,-3584,1616,-485,101,-14,1]
[2401,-588,94,-12,1]
[512,192,64,21,8,3,1]
[256,-64,32,-40,11,-10,2,-1,1]
[512,128,96,29,12,2,1]
[4096,256,384,41,24,1,1]
[4096,512,256,111,16,2,1]
[15625,1750,77,14,1]
[256,64,-16,20,25,5,-1,1,1]
[4096,-256,192,35,12,-1,1]
[6561,0,41,0,1]
[15625,-1000,218,-8,1]
[256,64,80,-8,17,-2,5,1,1]
[2401,0,81,0,1]
[4096,-512,240,25,15,-2,1]
[256,64,16,0,-19,0,1,1,1]
[6561,-405,97,-5,1]
[4096,-256,-64,5,-4,-1,1]
[4096,-1792,752,-189,47,-7,1]
[6561,2187,328,27,1]
[256,0,64,56,-3,14,4,0,1]
[14641,1089,97,9,1]
[4096,-1280,160,9,10,-5,1]
[4096,-768,-32,17,-2,-3,1]
[14641,-2783,285,-23,1]
[16384,-2048,269,-16,1]
[14641,2420,271,20,1]
[256,0,128,4,39,1,8,0,1]
[4096,-2304,1040,-297,65,-9,1]
[4096,-1792,624,-203,39,-7,1]
[729,81,9,34,1,1,1]
[4096,768,32,35,2,3,1]
[729,-324,180,-65,20,-4,1]
[4096,256,304,3,19,1,1]
[4096,-768,352,-101,22,-3,1]
[15625,750,-67,6,1]
[14641,2057,173,17,1]
[6561,81,50,1,1]
[256,-128,48,-40,23,-10,3,-2,1]
[512,128,24,9,3,2,1]
[4096,1536,352,75,22,6,1]
[14641,1694,169,14,1]
[6561,162,119,2,1]
[729,162,171,22,19,2,1]
[16384,-2304,285,-18,1]
[4096,-2816,1312,-375,82,-11,1]
[729,162,0,-23,0,2,1]
[512,320,72,11,9,5,1]
[14641,-1089,-21,-9,1]
[256,0,112,-48,21,-12,7,0,1]
[4096,-768,-112,45,-7,-3,1]
[729,-162,-45,35,-5,-2,1]
[16384,512,205,4,1]
[4096,256,176,87,11,1,1]
[4096,2816,1136,313,71,11,1]
[256,192,16,0,9,0,1,3,1]
[16384,-2432,245,-19,1]
[729,81,36,37,4,1,1]
[512,64,8,9,1,1,1]
[4096,256,224,39,14,1,1]
[4096,2048,736,189,46,8,1]
[256,64,-96,-16,25,-4,-6,1,1]
[6561,-243,83,-3,1]
[256,-128,48,4,3,1,3,-2,1]
[4096,1280,224,61,14,5,1]
[729,243,99,31,11,3,1]
[729,-405,45,13,5,-5,1]
[16384,0,-183,0,1]
[15625,-3750,458,-30,1]
[256,-128,80,-60,29,-15,5,-2,1]
[256,64,-48,-4,7,-1,-3,1,1]
[729,243,234,53,26,3,1]
[4096,-512,320,13,20,-2,1]
[16384,2048,149,16,1]
[4096,256,144,61,9,1,1]
[14641,484,-51,4,1]
[16384,-640,-45,-5,1]
[256,64,48,4,9,1,3,1,1]
[256,64,0,4,-7,1,0,1,1]
[14641,0,-56,0,1]
[15625,-1625,47,-13,1]
[4096,-512,112,-49,7,-2,1]
[512,-192,56,-33,7,-3,1]
[256,128,80,44,37,11,5,2,1]
[4096,-1280,-80,105,-5,-5,1]
[729,162,54,35,6,2,1]
[4096,-512,-48,105,-3,-2,1]
[16384,-2048,293,-16,1]
[4096,768,320,119,20,3,1]
[14641,0,15,0,1]
[4096,-2048,592,-119,37,-8,1]
[729,162,45,-13,5,2,1]
[4096,-768,448,-95,28,-3,1]
[512,-128,120,-23,15,-2,1]
[256,256,224,140,85,35,14,4,1]
[4096,768,320,27,20,3,1]
[15625,-625,-71,-5,1]
[15625,-1250,253,-10,1]
[4096,-3072,1440,-423,90,-12,1]
[4096,-3072,1248,-351,78,-12,1]
[4096,1024,16,-83,1,4,1]
[256,-192,112,-48,27,-12,7,-3,1]
[6561,1053,125,13,1]
[15625,-1250,84,-10,1]
[16384,0,-147,0,1]
[16384,1408,123,11,1]
[2401,441,103,9,1]
[625,-25,24,-1,1]
[15625,-625,163,-5,1]
[2401,637,129,13,1]
[256,-192,192,-92,61,-23,12,-3,1]
[256,0,80,12,11,3,5,0,1]
[16384,3456,437,27,1]
[4096,-512,256,-5,16,-2,1]
[4096,-512,272,-21,17,-2,1]
[256,-128,64,4,1,1,4,-2,1]
[16384,3456,369,27,1]
[4096,1792,848,199,53,7,1]
[4096,1280,496,151,31,5,1]
[256,-64,48,-32,15,-8,3,-1,1]
[4096,-512,-128,75,-8,-2,1]
[15625,-1250,133,-10,1]
[729,405,108,26,12,5,1]
[4096,0,-192,-17,-12,0,1]
[16384,1920,127,15,1]
[15625,-3875,462,-31,1]
[4096,-768,256,-107,16,-3,1]
[14641,242,-171,2,1]
[15625,875,222,7,1]
[16384,-2048,115,-16,1]
[4096,-768,-48,15,-3,-3,1]
[6561,0,73,0,1]
[256,128,64,16,-7,4,4,2,1]
[14641,1210,46,10,1]
[4096,0,384,-5,24,0,1]
[14641,1452,52,12,1]
[729,-162,81,-43,9,-2,1]
[4096,384,127,6,1]
[256,0,0,0,7,0,0,0,1]
[4096,-256,64,-9,4,-1,1]
[4096,1024,304,91,19,4,1]
[729,0,153,-11,17,0,1]
[4096,512,-80,-33,-5,2,1]
[729,-324,153,-68,17,-4,1]
[15625,-875,83,-7,1]
[15625,-1375,157,-11,1]
[256,192,128,88,49,22,8,3,1]
[4096,-256,128,-43,8,-1,1]
[256,-64,48,-16,21,-4,3,-1,1]
[256,-320,256,-148,75,-37,16,-5,1]
[256,-192,80,-12,5,-3,5,-3,1]
[256,-192,96,-72,51,-18,6,-3,1]
[729,27,13,1,1]
[4096,1024,432,83,27,4,1]
[4096,-1024,-64,69,-4,-4,1]
[16384,896,51,7,1]
[64,16,12,11,3,1,1]
[4096,-512,624,-51,39,-2,1]
[6561,-162,11,-2,1]
[4096,-448,133,-7,1]
[256,64,16,24,19,6,1,1,1]
[512,128,128,19,16,2,1]
[4096,768,320,113,20,3,1]
[4096,-768,320,-55,20,-3,1]
[512,128,96,39,12,2,1]
[15625,-875,26,-7,1]
[14641,242,86,2,1]
[4096,1280,416,107,26,5,1]
[6561,-81,-73,-1,1]
[14641,2178,182,18,1]
[2401,98,-4,2,1]
[15625,1375,11,11,1]
[729,0,108,-11,12,0,1]
[4096,-256,-128,65,-8,-1,1]
[16384,-640,185,-5,1]
[16384,2944,307,23,1]
[256,128,-80,-32,9,-8,-5,2,1]
[4096,-512,80,-59,5,-2,1]
[729,81,54,20,6,1,1]
[14641,-1936,245,-16,1]
[4096,-1792,528,-103,33,-7,1]
[14641,2541,246,21,1]
[4096,-768,48,-1,3,-3,1]
[15625,-500,66,-4,1]
[4096,512,64,93,4,2,1]
[4096,512,368,43,23,2,1]
[4096,-1024,416,-65,26,-4,1]
[512,-64,48,-7,6,-1,1]
[4096,1280,512,115,32,5,1]
[4096,-1024,112,-3,7,-4,1]
[14641,605,189,5,1]
[4096,-512,-128,107,-8,-2,1]
[4096,512,0,-65,0,2,1]
[729,-81,63,-23,7,-1,1]
[256,-256,256,-176,97,-44,16,-4,1]
[4096,512,176,51,11,2,1]
[729,486,198,71,22,6,1]
[2401,-245,94,-5,1]
[4096,2048,416,77,26,8,1]
[2401,-392,54,-8,1]
[4096,-256,608,-29,38,-1,1]
[256,-128,128,-88,35,-22,8,-2,1]
[256,-64,64,-40,19,-10,4,-1,1]
[4096,1792,784,199,49,7,1]
[4096,-2048,16,123,1,-8,1]
[4096,256,336,-21,21,1,1]
[14641,2178,263,18,1]
[256,-192,32,48,-35,12,2,-3,1]
[256,256,176,92,49,23,11,4,1]
[15625,1250,2,10,1]
[14641,1210,119,10,1]
[14641,-2541,237,-21,1]
[4096,2304,432,51,27,9,1]
[256,-64,16,-4,-9,-1,1,-1,1]
[4096,512,-16,-41,-1,2,1]
[512,-64,24,21,3,-1,1]
[256,-192,144,-88,45,-22,9,-3,1]
[4096,-1024,544,-113,34,-4,1]
[625,175,61,7,1]
[15625,-1625,144,-13,1]
[512,128,64,25,8,2,1]
[15625,375,-181,3,1]
[256,128,112,32,19,8,7,2,1]
[15625,-875,164,-7,1]
[256,-320,128,52,-61,13,8,-5,1]
[4096,1536,176,23,11,6,1]
[4096,-1536,608,-187,38,-6,1]
[15625,1625,83,13,1]
[4096,1280,464,163,29,5,1]
[729,324,81,23,9,4,1]
[256,-64,112,-16,25,-4,7,-1,1]
[4096,-1280,272,-91,17,-5,1]
[14641,-363,36,-3,1]
[14641,726,125,6,1]
[256,192,48,12,5,3,3,3,1]
[2401,-490,64,-10,1]
[4096,256,272,69,17,1,1]
[4096,0,-80,49,-5,0,1]
[4096,1280,256,31,16,5,1]
[4096,-768,208,-127,13,-3,1]
[256,0,-16,8,7,2,-1,0,1]
[4096,512,576,49,36,2,1]
[4096,-1280,544,-101,34,-5,1]
[4096,3072,1248,349,78,12,1]
[256,0,176,-12,57,-3,11,0,1]
[256,192,48,20,17,5,3,3,1]
[729,-405,81,-16,9,-5,1]
[256,48,7,3,1]
[4096,-512,480,-41,30,-2,1]
[729,81,-36,-44,-4,1,1]
[4096,-1792,688,-153,43,-7,1]
[4096,-256,112,-113,7,-1,1]
[15625,2125,174,17,1]
[14641,-2662,348,-22,1]
[4096,-1536,112,49,7,-6,1]
[4096,1280,384,45,24,5,1]
[729,-81,45,-41,5,-1,1]
[729,-405,216,-89,24,-5,1]
[729,-162,117,-11,13,-2,1]
[4096,-512,0,25,0,-2,1]
[4096,-768,416,-95,26,-3,1]
[14641,-1089,-20,-9,1]
[4096,-2560,960,-277,60,-10,1]
[729,-486,279,-98,31,-6,1]
[4096,-2816,1296,-381,81,-11,1]
[512,64,96,27,12,1,1]
[256,-128,16,-12,17,-3,1,-2,1]
[2401,-343,13,-7,1]
[4096,2304,512,89,32,9,1]
[625,-75,24,-3,1]
[256,-64,64,-16,29,-4,4,-1,1]
[729,81,180,8,20,1,1]
[729,-486,198,-74,22,-6,1]
[4096,512,-112,-85,-7,2,1]
[4096,-3328,1392,-397,87,-13,1]
[14641,1573,216,13,1]
[4096,512,272,63,17,2,1]
[4096,1280,384,159,24,5,1]
[14641,726,222,6,1]
[14641,484,-138,4,1]
[256,-64,-64,-8,37,-2,-4,-1,1]
[4096,-1024,592,-117,37,-4,1]
[4096,-512,192,-75,12,-2,1]
[1024,-384,95,-12,1]
[14641,-242,74,-2,1]
[512,64,16,-29,2,1,1]
[729,-324,135,-53,15,-4,1]
[4096,-1536,-176,167,-11,-6,1]
[4096,1280,288,81,18,5,1]
[16384,-256,37,-2,1]
[4096,-768,112,-15,7,-3,1]
[14641,847,195,7,1]
[4096,-1792,368,-79,23,-7,1]
[4096,256,224,-7,14,1,1]
[256,0,32,-12,17,-3,2,0,1]
[625,75,-9,3,1]
[4096,1280,736,151,46,5,1]
[4096,768,336,21,21,3,1]
[15625,1750,213,14,1]
[1024,-320,55,-10,1]
[729,-648,414,-158,46,-8,1]
[512,-320,88,-17,11,-5,1]
[15625,250,-101,2,1]
[16384,1280,27,10,1]
[512,-192,40,3,5,-3,1]
[14641,-2057,309,-17,1]
[6561,-243,22,-3,1]
[4096,-192,-41,-3,1]
[4096,-768,-192,127,-12,-3,1]
[4096,2048,64,-97,4,8,1]
[4096,-1024,448,-129,28,-4,1]
[4096,-256,176,-87,11,-1,1]
[4096,-1280,-144,105,-9,-5,1]
[512,64,-16,17,-2,1,1]
[14641,-2420,318,-20,1]
[4096,-512,528,-41,33,-2,1]
[14641,-242,-108,-2,1]
[4096,256,32,-27,2,1,1]
[729,-27,-32,-1,1]
[4096,768,-64,-89,-4,3,1]
[16384,-384,-153,-3,1]
[16384,256,-59,2,1]
[4096,1536,384,59,24,6,1]
[6561,-324,148,-4,1]
[16384,-128,-185,-1,1]
[2401,-245,10,-5,1]
[256,-192,48,24,-31,6,3,-3,1]
[4096,0,-96,-13,-6,0,1]
[14641,-726,170,-6,1]
[4096,-256,144,73,9,-1,1]
[256,0,96,28,19,7,6,0,1]
[729,-567,207,-58,23,-7,1]
[14641,484,139,4,1]
[729,162,81,2,9,2,1]
[14641,2178,298,18,1]
[2401,392,62,8,1]
[6561,567,-14,7,1]
[15625,-125,197,-1,1]
[16384,-1024,91,-8,1]
[512,128,120,33,15,2,1]
[16384,-896,151,-7,1]
[4096,-64,-83,-1,1]
[729,0,0,-40,0,0,1]
[4096,1024,-176,-113,-11,4,1]
[4096,-448,61,-7,1]
[256,128,80,40,33,10,5,2,1]
[729,162,27,25,3,2,1]
[16384,-2816,303,-22,1]
[256,0,48,20,15,5,3,0,1]
[4096,512,272,3,17,2,1]
[4096,-1024,352,-73,22,-4,1]
[6561,0,50,0,1]
[256,0,16,12,-3,3,1,0,1]
[4096,1024,-128,-75,-8,4,1]
[4096,-768,256,-91,16,-3,1]
[16384,3968,453,31,1]
[16384,384,-31,3,1]
[256,64,112,32,25,8,7,1,1]
[15625,-2500,307,-20,1]
[4096,-512,464,-85,29,-2,1]
[4096,2048,880,255,55,8,1]
[16384,-1536,127,-12,1]
[4096,1280,656,147,41,5,1]
[14641,2662,345,22,1]
[256,128,64,-12,-1,-3,4,2,1]
[14641,-3993,498,-33,1]
[256,-192,48,-4,7,-1,3,-3,1]
[4096,-1024,-80,81,-5,-4,1]
[4096,256,304,15,19,1,1]
[256,-128,176,-60,53,-15,11,-2,1]
[4096,-768,80,-33,5,-3,1]
[4096,1536,80,-43,5,6,1]
[729,648,270,86,30,8,1]
[512,320,88,17,11,5,1]
[4096,768,112,-13,7,3,1]
[4096,1024,288,89,18,4,1]
[4096,-1280,-48,75,-3,-5,1]
[512,-192,48,-23,6,-3,1]
[512,-64,-8,-19,-1,-1,1]
[729,-162,-54,37,-6,-2,1]
[14641,1210,194,10,1]
[14641,1936,119,16,1]
[4096,512,-160,-21,-10,2,1]
[15625,1250,233,10,1]
[2401,147,39,3,1]
[16384,640,-41,5,1]
[14641,968,148,8,1]
[4096,-256,160,17,10,-1,1]
[6561,81,-65,1,1]
[256,-192,32,48,-45,12,2,-3,1]
[15625,125,-209,1,1]
[6561,-81,-95,-1,1]
[256,64,-32,-4,13,-1,-2,1,1]
[15625,1125,248,9,1]
[2401,686,117,14,1]
[729,405,171,65,19,5,1]
[729,-243,117,-34,13,-3,1]
[14641,242,-156,2,1]
[4096,-320,-47,-5,1]
[4096,1536,192,11,12,6,1]
[14641,1210,91,10,1]
[6561,1296,136,16,1]
[14641,363,-83,3,1]
[15625,500,73,4,1]
[14641,-847,190,-7,1]
[256,-64,64,-12,15,-3,4,-1,1]
[4096,1024,544,85,34,4,1]
[4096,-2560,1040,-301,65,-10,1]
[512,128,8,-27,1,2,1]
[256,-256,272,-172,101,-43,17,-4,1]
[15625,500,29,4,1]
[15625,-3250,386,-26,1]
[6561,-1215,175,-15,1]
[256,0,32,4,-15,1,2,0,1]
[729,81,63,4,7,1,1]
[729,-324,108,-40,12,-4,1]
[4096,1792,176,-17,11,7,1]
[1024,96,-19,3,1]
[256,256,160,96,49,24,10,4,1]
[14641,-2783,353,-23,1]
[14641,121,-73,1,1]
[2401,539,104,11,1]
[16384,384,145,3,1]
[256,-384,256,-92,31,-23,16,-6,1]
[512,256,88,31,11,4,1]
[4096,256,512,37,32,1,1]
[15625,-875,89,-7,1]
[4096,768,48,-19,3,3,1]
[16384,0,155,0,1]
[4096,1792,704,195,44,7,1]
[6561,405,109,5,1]
[4096,-256,208,41,13,-1,1]
[4096,-1280,512,-85,32,-5,1]
[4096,1536,528,149,33,6,1]
[15625,1625,123,13,1]
[256,192,112,16,3,4,7,3,1]
[4096,768,-16,3,-1,3,1]
[16384,-1024,247,-8,1]
[729,324,-27,-43,-3,4,1]
[625,-125,41,-5,1]
[4096,-1024,560,-87,35,-4,1]
[4096,1280,288,107,18,5,1]
[256,-64,48,8,15,2,3,-1,1]
[4096,-1280,576,-155,36,-5,1]
[4096,2304,960,263,60,9,1]
[256,0,112,4,37,1,7,0,1]
[4096,64,107,1,1]
[729,-81,54,13,6,-1,1]
[256,-128,48,0,-11,0,3,-2,1]
[16384,-640,75,-5,1]
[6561,1134,172,14,1]
[4096,1792,-80,-147,-5,7,1]
[256,128,48,4,3,1,3,2,1]
[729,-810,522,-208,58,-10,1]
[4096,-1536,160,-3,10,-6,1]
[4096,-512,368,-97,23,-2,1]
[4096,0,720,1,45,0,1]
[4096,0,272,53,17,0,1]
[256,192,0,20,37,5,0,3,1]
[4096,512,544,69,34,2,1]
[4096,-256,400,-33,25,-1,1]
[256,192,80,28,17,7,5,3,1]
[4096,-512,0,39,0,-2,1]
[15625,375,106,3,1]
[4096,1024,-48,-93,-3,4,1]
[14641,484,148,4,1]
[4096,2560,944,259,59,10,1]
[4096,-256,208,-39,13,-1,1]
[256,0,-16,-16,5,-4,-1,0,1]
[15625,-3250,396,-26,1]
[256,-128,-32,24,3,6,-2,-2,1]
[4096,0,48,-43,3,0,1]
[729,-405,-45,71,-5,-5,1]
[4096,-512,-48,-19,-3,-2,1]
[14641,-1210,252,-10,1]
[2401,-245,-10,-5,1]
[256,-128,144,-96,43,-24,9,-2,1]
[14641,-242,-159,-2,1]
[4096,-1792,416,-77,26,-7,1]
[256,192,96,36,21,9,6,3,1]
[512,-448,264,-107,33,-7,1]
[256,192,208,116,73,29,13,3,1]
[256,320,240,128,61,32,15,5,1]
[4096,-256,368,7,23,-1,1]
[4096,-1280,448,-69,28,-5,1]
[729,-162,144,-34,16,-2,1]
[256,128,0,20,27,5,0,2,1]
[4096,768,496,63,31,3,1]
[4096,-512,320,11,20,-2,1]
[4096,512,512,79,32,2,1]
[256,64,64,0,9,0,4,1,1]
[4096,2048,576,129,36,8,1]
[256,-128,144,-76,51,-19,9,-2,1]
[15625,1000,233,8,1]
[15625,-1375,134,-11,1]
[15625,-2375,178,-19,1]
[4096,-1280,400,-113,25,-5,1]
[4096,512,80,61,5,2,1]
[4096,-704,99,-11,1]
[2401,49,-2,1,1]
[15625,-625,149,-5,1]
[15625,4375,539,35,1]
[256,0,96,32,17,8,6,0,1]
[1024,32,-21,1,1]
[256,64,32,32,21,8,2,1,1]
[4096,0,272,57,17,0,1]
[729,-648,396,-151,44,-8,1]
[256,256,208,132,77,33,13,4,1]
[15625,-1625,162,-13,1]
[256,64,-64,4,21,1,-4,1,1]
[15625,-125,201,-1,1]
[4096,768,-96,-97,-6,3,1]
[15625,-1500,218,-12,1]
[256,-64,0,0,-15,0,0,-1,1]
[15625,2750,366,22,1]
[14641,-726,240,-6,1]
[16384,1792,295,14,1]
[14641,121,21,1,1]
[15625,-1500,121,-12,1]
[14641,2420,252,20,1]
[6561,-1539,215,-19,1]
[512,64,136,7,17,1,1]
[256,128,96,76,29,19,6,2,1]
[15625,-2875,328,-23,1]
[6561,-2025,299,-25,1]
[4096,-512,-48,-25,-3,-2,1]
[256,0,16,8,11,2,1,0,1]
[4096,1024,-48,-95,-3,4,1]
[256,128,64,20,21,5,4,2,1]
[729,324,54,2,6,4,1]
[4096,768,16,-41,1,3,1]
[16384,768,219,6,1]
[4096,256,96,39,6,1,1]
[4096,512,176,67,11,2,1]
[625,150,13,6,1]
[4096,-192,99,-3,1]
[256,-384,368,-260,147,-65,23,-6,1]
[4096,-1024,384,-97,24,-4,1]
[4096,768,96,-55,6,3,1]
[4096,768,304,47,19,3,1]
[4096,-1792,416,-83,26,-7,1]
[4096,-256,144,-95,9,-1,1]
[4096,-2304,1088,-291,68,-9,1]
[15625,-2375,319,-19,1]
[15625,1500,183,12,1]
[6561,81,-127,1,1]
[4096,512,-128,-75,-8,2,1]
[4096,1536,384,109,24,6,1]
[14641,-726,96,-6,1]
[4096,-1024,240,-55,15,-4,1]
[4096,-768,-64,93,-4,-3,1]
[512,320,136,61,17,5,1]
[256,0,80,12,17,3,5,0,1]
[512,64,0,-17,0,1,1]
[15625,500,-14,4,1]
[512,-320,128,-49,16,-5,1]
[4096,768,96,-37,6,3,1]
[512,-192,0,11,0,-3,1]
[4096,0,432,33,27,0,1]
[14641,2541,336,21,1]
[256,-64,16,16,5,4,1,-1,1]
[4096,0,240,-61,15,0,1]
[6561,-1863,278,-23,1]
[256,64,64,-36,-7,-9,4,1,1]
[4096,1024,-160,-89,-10,4,1]
[729,243,153,38,17,3,1]
[6561,-324,-70,-4,1]
[256,-64,32,-28,7,-7,2,-1,1]
[4096,-1280,176,-37,11,-5,1]
[729,-405,288,-91,32,-5,1]
[256,128,64,12,15,3,4,2,1]
[6561,1134,202,14,1]
[81,-9,7,-1,1]
[4096,0,-160,-21,-10,0,1]
[2401,-196,-1,-4,1]
[256,-64,16,4,17,1,1,-1,1]
[4096,-768,464,-105,29,-3,1]
[14641,3630,439,30,1]
[4096,1024,208,45,13,4,1]
[14641,-484,-32,-4,1]
[15625,-2375,254,-19,1]
[14641,-2178,215,-18,1]
[16384,2048,267,16,1]
[4096,768,128,-21,8,3,1]
[15625,-125,199,-1,1]
[4096,-768,64,-45,4,-3,1]
[16384,4096,477,32,1]
[4096,2304,912,267,57,9,1]
[4096,-512,416,-87,26,-2,1]
[4096,1024,80,27,5,4,1]
[729,-405,180,-49,20,-5,1]
[15625,2000,313,16,1]
[15625,-1375,21,-11,1]
[729,405,-18,-55,-2,5,1]
[4096,2560,656,127,41,10,1]
[256,-192,80,8,-13,2,5,-3,1]
[256,-64,-64,12,15,3,-4,-1,1]
[4096,-1792,448,-75,28,-7,1]
[4096,0,16,49,1,0,1]
[256,-64,160,-48,53,-12,10,-1,1]
[512,64,-24,-7,-3,1,1]
[256,0,16,0,11,0,1,0,1]
[625,125,1,5,1]
[4096,-512,432,-13,27,-2,1]
[729,243,126,29,14,3,1]
[256,-128,32,-16,9,-4,2,-2,1]
[4096,1280,-32,-67,-2,5,1]
[729,-81,0,28,0,-1,1]
[4096,512,176,35,11,2,1]
[729,405,189,55,21,5,1]
[15625,-1000,199,-8,1]
[729,0,72,20,8,0,1]
[256,64,80,-28,1,-7,5,1,1]
[6561,-243,38,-3,1]
[256,64,160,36,53,9,10,1,1]
[16384,512,-135,4,1]
[4096,2816,1184,333,74,11,1]
[14641,-121,48,-1,1]
[15625,3500,402,28,1]
[256,192,176,108,59,27,11,3,1]
[6561,0,160,0,1]
[16384,0,13,0,1]
[729,81,-36,-37,-4,1,1]
[4096,-2048,688,-161,43,-8,1]
[4096,-1280,704,-153,44,-5,1]
[14641,-484,120,-4,1]
[14641,121,152,1,1]
[4096,2304,1104,293,69,9,1]
[14641,1573,146,13,1]
[4096,256,0,81,0,1,1]
[15625,625,168,5,1]
[14641,-3025,350,-25,1]
[15625,3250,358,26,1]
[4096,1536,800,175,50,6,1]
[4096,1792,656,197,41,7,1]
[256,192,144,72,37,18,9,3,1]
[4096,1280,-16,-41,-1,5,1]
[4096,-1536,480,-165,30,-6,1]
[4096,-2048,752,-175,47,-8,1]
[6561,-1458,235,-18,1]
[256,128,32,24,23,6,2,2,1]
[4096,0,48,-27,3,0,1]
[4096,0,112,65,7,0,1]
[4096,1024,-208,-137,-13,4,1]
[256,320,208,132,77,33,13,5,1]
[15625,-1375,89,-11,1]
[256,0,-48,0,-1,0,-3,0,1]
[4096,256,123,4,1]
[14641,-726,106,-6,1]
[256,64,48,16,-1,4,3,1,1]
[4096,-256,-16,41,-1,-1,1]
[15625,1625,174,13,1]
[4096,0,496,7,31,0,1]
[16384,896,41,7,1]
[4096,0,464,23,29,0,1]
[14641,-1331,97,-11,1]
[16384,128,249,1,1]
[256,-256,176,-96,41,-24,11,-4,1]
[15625,2250,254,18,1]
[4096,2816,816,181,51,11,1]
[256,384,288,176,97,44,18,6,1]
[729,-972,630,-257,70,-12,1]
[256,256,240,140,79,35,15,4,1]
[2401,539,95,11,1]
[4096,768,272,107,17,3,1]
[14641,121,-6,1,1]
[4096,-256,400,-27,25,-1,1]
[4096,1024,336,55,21,4,1]
[14641,-1452,40,-12,1]
[4096,-2048,864,-219,54,-8,1]
[16384,-1280,79,-10,1]
[256,-64,32,-16,17,-4,2,-1,1]
[729,0,0,40,0,0,1]
[4096,-1024,-48,81,-3,-4,1]
[4096,1280,496,117,31,5,1]
[16384,-384,179,-3,1]
[256,64,48,16,-7,4,3,1,1]
[4096,-768,48,1,3,-3,1]
[256,-128,32,4,3,1,2,-2,1]
[4096,-768,432,-77,27,-3,1]
[729,-81,0,23,0,-1,1]
[4096,-256,-144,59,-9,-1,1]
[4096,-1280,624,-109,39,-5,1]
[4096,-1536,704,-147,44,-6,1]
[729,-162,108,-1,12,-2,1]
[2401,294,75,6,1]
[4096,-768,-80,79,-5,-3,1]
[15625,-625,-127,-5,1]
[256,-256,128,-60,33,-15,8,-4,1]
[512,-64,24,13,3,-1,1]
[256,-64,48,36,-7,9,3,-1,1]
[4096,1280,464,143,29,5,1]
[4096,-2560,848,-205,53,-10,1]
[4096,512,160,87,10,2,1]
[256,-192,96,-68,37,-17,6,-3,1]
[4096,1280,128,19,8,5,1]
[4096,-512,144,-25,9,-2,1]
[4096,0,112,-77,7,0,1]
[256,128,16,-16,-5,-4,1,2,1]
[15625,2000,181,16,1]
[4096,-256,-7,-4,1]
[512,-192,48,-9,6,-3,1]
[16384,-768,-93,-6,1]
[4096,-512,-32,-33,-2,-2,1]
[512,320,152,67,19,5,1]
[4096,-1024,256,-57,16,-4,1]
[64,48,52,23,13,3,1]
[4096,-256,-96,-27,-6,-1,1]
[256,-256,112,-36,13,-9,7,-4,1]
[27,4,1]
[729,0,81,2,9,0,1]
[4096,-512,256,3,16,-2,1]
[512,-128,168,-31,21,-2,1]
[4096,256,-128,-19,-8,1,1]
[14641,1452,46,12,1]
[2401,-735,153,-15,1]
[4096,-4352,2224,-695,139,-17,1]
[4096,0,464,-21,29,0,1]
[4096,-1792,672,-195,42,-7,1]
[729,0,-63,7,-7,0,1]
[256,-256,176,-84,43,-21,11,-4,1]
[256,128,160,72,51,18,10,2,1]
[4096,256,128,25,8,1,1]
[16384,-2816,301,-22,1]
[2401,-49,16,-1,1]
[15625,2125,232,17,1]
[2401,441,60,9,1]
[14641,-2299,180,-19,1]
[16384,256,143,2,1]
[4096,-768,-32,-5,-2,-3,1]
[4096,256,-32,37,-2,1,1]
[4096,-768,224,-143,14,-3,1]
[729,-324,117,-23,13,-4,1]
[4096,1280,208,57,13,5,1]
[4096,-1792,528,-99,33,-7,1]
[256,0,16,16,19,4,1,0,1]
[4096,-512,-128,83,-8,-2,1]
[15625,-2500,266,-20,1]
[14641,1089,183,9,1]
[256,320,144,-12,-31,-3,9,5,1]
[6561,729,37,9,1]
[4096,256,304,25,19,1,1]
[4096,-512,480,-77,30,-2,1]
[14641,-726,178,-6,1]
[256,-64,16,36,-7,9,1,-1,1]
[256,0,48,0,7,0,3,0,1]
[4096,1536,32,-71,2,6,1]
[4096,-1024,512,-99,32,-4,1]
[625,-50,21,-2,1]
[256,-320,192,-80,37,-20,12,-5,1]
[4096,-512,48,3,3,-2,1]
[1024,-320,83,-10,1]
[4096,1536,-160,-155,-10,6,1]
[729,486,180,50,20,6,1]
[256,-320,320,-220,125,-55,20,-5,1]
[256,-128,16,36,-19,9,1,-2,1]
[4096,-512,64,37,4,-2,1]
[4096,-256,-96,75,-6,-1,1]
[4096,-1536,448,-73,28,-6,1]
[256,0,64,-44,5,-11,4,0,1]
[4096,1024,384,71,24,4,1]
[4096,2816,784,163,49,11,1]
[16384,-3584,395,-28,1]
[16384,-2816,259,-22,1]
[4096,-256,320,-3,20,-1,1]
[15625,2625,323,21,1]
[256,64,0,8,-3,2,0,1,1]
[4096,-512,432,-31,27,-2,1]
[4096,-512,-128,25,-8,-2,1]
[16384,-2176,273,-17,1]
[4096,0,160,83,10,0,1]
[4096,-768,129,-12,1]
[729,243,81,23,9,3,1]
[1024,-32,51,-1,1]
[15625,-1500,131,-12,1]
[4096,1280,-64,-101,-4,5,1]
[4096,-1280,288,-23,18,-5,1]
[256,-192,96,-68,51,-17,6,-3,1]
[4096,1024,176,39,11,4,1]
[4096,-1024,128,-33,8,-4,1]
[4096,-256,128,-111,8,-1,1]
[4096,-3328,1424,-417,89,-13,1]
[4096,1280,432,119,27,5,1]
[4096,-1024,656,-109,41,-4,1]
[4096,768,192,1,12,3,1]
[15625,500,-123,4,1]
[16384,-256,73,-2,1]
[6561,-810,151,-10,1]
[256,-64,64,-24,25,-6,4,-1,1]
[729,0,0,11,0,0,1]
[4096,2304,608,127,38,9,1]
[14641,-968,1,-8,1]
[14641,-121,203,-1,1]
[14641,0,122,0,1]
[4096,-256,144,-41,9,-1,1]
[4096,-768,151,-12,1]
[729,54,26,2,1]
[4096,512,-160,-101,-10,2,1]
[6561,162,110,2,1]
[4096,1536,-176,-165,-11,6,1]
[729,297,67,11,1]
[15625,0,159,0,1]
[512,-128,48,-27,6,-2,1]
[729,0,81,26,9,0,1]
[14641,-242,178,-2,1]
[256,-64,-48,16,5,4,-3,-1,1]
[256,64,32,36,15,9,2,1,1]
[256,64,0,-36,-9,-9,0,1,1]
[4096,3328,1552,473,97,13,1]
[6561,648,65,8,1]
[4096,256,384,27,24,1,1]
[4096,-512,160,1,10,-2,1]
[4096,-512,176,-95,11,-2,1]
[14641,2662,348,22,1]
[256,192,160,76,41,19,10,3,1]
[16384,1024,63,8,1]
[6561,-567,104,-7,1]
[256,-192,128,-80,45,-20,8,-3,1]
[14641,-484,230,-4,1]
[14641,-242,-70,-2,1]
[14641,3751,448,31,1]
[256,192,96,48,17,12,6,3,1]
[14641,1815,164,15,1]
[4096,320,89,5,1]
[4096,1792,816,205,51,7,1]
[4096,0,96,31,6,0,1]
[4096,2048,800,213,50,8,1]
[4096,-2048,432,-59,27,-8,1]
[256,0,32,16,-3,4,2,0,1]
[15625,-250,-72,-2,1]
[256,192,112,84,51,21,7,3,1]
[4096,2304,880,243,55,9,1]
[256,-64,-48,0,13,0,-3,-1,1]
[4096,-1280,272,-5,17,-5,1]
[256,-192,80,-64,47,-16,5,-3,1]
[15625,500,81,4,1]
[16384,3328,333,26,1]
[4096,-1536,576,-159,36,-6,1]
[512,448,184,59,23,7,1]
[4096,0,192,-43,12,0,1]
[729,-486,279,-100,31,-6,1]
[14641,1210,262,10,1]
[4096,-768,384,-37,24,-3,1]
[4096,256,272,17,17,1,1]
[15625,-1125,203,-9,1]
[256,-64,0,-12,19,-3,0,-1,1]
[4096,1280,400,145,25,5,1]
[15625,-875,-31,-7,1]
[64,-32,32,-17,8,-2,1]
[729,-243,-18,44,-2,-3,1]
[729,0,144,1,16,0,1]
[4096,1536,-192,-171,-12,6,1]
[4096,1792,528,163,33,7,1]
[4096,-3840,1856,-569,116,-15,1]
[4096,-256,368,-27,23,-1,1]
[4096,1216,203,19,1]
[512,-128,152,-33,19,-2,1]
[729,162,18,-5,2,2,1]
[4096,-1280,448,-65,28,-5,1]
[256,-64,80,-48,9,-12,5,-1,1]
[4096,2560,992,281,62,10,1]
[15625,2125,274,17,1]
[15625,-1875,244,-15,1]
[4096,-1536,496,-163,31,-6,1]
[14641,1815,249,15,1]
[15625,1500,208,12,1]
[512,-64,-8,-3,-1,-1,1]
[15625,375,-36,3,1]
[4096,-512,272,-27,17,-2,1]
[6561,1944,281,24,1]
[14641,726,193,6,1]
[4096,-512,544,-61,34,-2,1]
[256,64,48,4,17,1,3,1,1]
[6561,-567,-29,-7,1]
[256,0,48,-12,25,-3,3,0,1]
[16384,384,-139,3,1]
[256,192,64,0,-1,0,4,3,1]
[4096,-2048,480,-93,30,-8,1]
[6561,-324,40,-4,1]
[729,-162,-45,16,-5,-2,1]
[14641,484,87,4,1]
[15625,1250,68,10,1]
[16384,-896,-77,-7,1]
[256,-64,64,-28,23,-7,4,-1,1]
[512,320,112,33,14,5,1]
[256,0,32,-16,-13,-4,2,0,1]
[4096,-768,64,1,4,-3,1]
[4096,-256,624,-31,39,-1,1]
[15625,-1500,221,-12,1]
[14641,-968,140,-8,1]
[4096,0,240,-67,15,0,1]
[4096,256,-112,3,-7,1,1]
[512,-256,32,-3,4,-4,1]
[15625,2000,218,16,1]
[4096,-512,-128,113,-8,-2,1]
[4096,768,-144,-97,-9,3,1]
[15625,2500,236,20,1]
[729,486,162,47,18,6,1]
[4096,-256,304,11,19,-1,1]
[4096,512,256,69,16,2,1]
[4096,512,288,39,18,2,1]
[14641,-121,-91,-1,1]
[4096,0,16,-63,1,0,1]
[729,-162,9,-1,1,-2,1]
[16384,1664,83,13,1]
[256,-64,48,-36,25,-9,3,-1,1]
[4096,-512,112,55,7,-2,1]
[6561,-891,143,-11,1]
[4096,512,144,23,9,2,1]
[16384,-640,177,-5,1]
[4096,256,-208,-53,-13,1,1]
[4096,-256,32,-21,2,-1,1]
[256,128,-16,-28,-11,-7,-1,2,1]
[16384,-1920,253,-15,1]
[4096,-256,144,75,9,-1,1]
[14641,-847,37,-7,1]
[4096,256,-64,-3,-4,1,1]
[4096,2048,976,253,61,8,1]
[4096,1280,432,89,27,5,1]
[4096,-1792,512,-117,32,-7,1]
[14641,-363,-9,-3,1]
[729,-405,153,-35,17,-5,1]
[4096,512,144,47,9,2,1]
[4096,-2816,1168,-339,73,-11,1]
[2401,392,47,8,1]
[2401,931,188,19,1]
[512,-192,128,-29,16,-3,1]
[256,-32,17,-2,1]
[256,64,-48,0,9,0,-3,1,1]
[4096,-2048,736,-239,46,-8,1]
[15625,-2750,333,-22,1]
[14641,-2178,241,-18,1]
[256,0,96,-60,11,-15,6,0,1]
[4096,2304,880,265,55,9,1]
[4096,-1024,-144,81,-9,-4,1]
[15625,750,204,6,1]
[729,81,9,-2,1,1,1]
[14641,605,151,5,1]
[256,-192,32,4,-3,1,2,-3,1]
[729,162,38,6,1]
[15625,625,161,5,1]
[4096,-256,192,-91,12,-1,1]
[4096,-1280,528,-85,33,-5,1]
[4096,1792,368,85,23,7,1]
[16384,-1536,239,-12,1]
[15625,375,83,3,1]
[4096,-1792,-96,147,-6,-7,1]
[4096,-256,96,-115,6,-1,1]
[4096,768,-48,-93,-3,3,1]
[256,256,224,144,87,36,14,4,1]
[4096,256,16,-81,1,1,1]
[256,-192,16,16,-7,4,1,-3,1]
[4096,2560,1216,341,76,10,1]
[16384,-640,-65,-5,1]
[4096,768,32,45,2,3,1]
[4096,-1024,464,-109,29,-4,1]
[512,64,-8,-39,-1,1,1]
[4096,128,1,2,1]
[16384,3328,395,26,1]
[256,-128,0,-8,19,-2,0,-2,1]
[4096,-1280,-176,151,-11,-5,1]
[512,64,64,7,8,1,1]
[4096,1792,592,153,37,7,1]
[15625,2000,134,16,1]
[4096,-1792,672,-173,42,-7,1]
[729,54,53,2,1]
[6561,81,154,1,1]
[729,243,198,55,22,3,1]
[4096,1280,368,131,23,5,1]
[4096,-256,-80,57,-5,-1,1]
[14641,-1573,249,-13,1]
[2401,-147,44,-3,1]
[14641,2662,312,22,1]
[256,-128,64,-24,-1,-6,4,-2,1]
[729,-81,99,-1,11,-1,1]
[4096,-1792,736,-169,46,-7,1]
[256,128,32,24,27,6,2,2,1]
[15625,-625,-47,-5,1]
[15625,-875,11,-7,1]
[4096,-1024,-160,91,-10,-4,1]
[4096,-1024,176,5,11,-4,1]
[256,-256,208,-124,61,-31,13,-4,1]
[6561,648,43,8,1]
[729,-405,234,-82,26,-5,1]
[729,-324,144,-77,16,-4,1]
[4096,512,512,33,32,2,1]
[14641,3025,359,25,1]
[256,-128,0,4,1,1,0,-2,1]
[4096,2560,672,131,42,10,1]
[256,-128,96,-52,39,-13,6,-2,1]
[625,-150,43,-6,1]
[15625,-500,-23,-4,1]
[15625,-1500,37,-12,1]
[729,-324,71,-12,1]
[16384,-1792,109,-14,1]
[15625,2625,341,21,1]
[15625,1125,1,9,1]
[729,-324,162,-61,18,-4,1]
[256,-192,128,-64,25,-16,8,-3,1]
[256,0,48,-20,3,-5,3,0,1]
[15625,2375,192,19,1]
[4096,-768,608,-95,38,-3,1]
[4096,0,-112,49,-7,0,1]
[2401,49,73,1,1]
[729,-81,-9,-4,-1,-1,1]
[256,-64,112,12,19,3,7,-1,1]
[15625,-375,137,-3,1]
[256,0,-48,12,23,3,-3,0,1]
[4096,0,64,95,4,0,1]
[4096,1024,432,59,27,4,1]
[16384,4736,587,37,1]
[15625,4125,501,33,1]
[15625,1000,63,8,1]
[15625,250,146,2,1]
[256,64,-32,-16,-3,-4,-2,1,1]
[256,-128,16,20,-5,5,1,-2,1]
[4096,-256,384,-31,24,-1,1]
[14641,242,4,2,1]
[4096,-256,304,-55,19,-1,1]
[729,162,9,-32,1,2,1]
[729,0,9,19,1,0,1]
[14641,847,-18,7,1]
[4096,-2048,688,-207,43,-8,1]
[4096,-2048,832,-231,52,-8,1]
[4096,-512,-80,123,-5,-2,1]
[512,576,328,133,41,9,1]
[512,256,24,-5,3,4,1]
[15625,-1125,256,-9,1]
[4096,256,272,-19,17,1,1]
[4096,-512,32,43,2,-2,1]
[256,0,-16,0,19,0,-1,0,1]
[64,0,-8,-1,-2,0,1]
[256,0,-32,8,15,2,-2,0,1]
[4096,256,128,51,8,1,1]
[256,0,80,-4,17,-1,5,0,1]
[2401,294,66,6,1]
[4096,1280,240,73,15,5,1]
[256,256,176,104,59,26,11,4,1]
[512,-512,240,-85,30,-8,1]
[4096,-1024,-160,123,-10,-4,1]
[15625,-1375,167,-11,1]
[4096,1536,368,97,23,6,1]
[729,0,99,4,11,0,1]
[6561,-243,-10,-3,1]
[4096,-1280,128,13,8,-5,1]
[15625,875,256,7,1]
[15625,2875,266,23,1]
[256,0,32,-12,-5,-3,2,0,1]
[4096,-1024,143,-16,1]
[4096,1024,384,75,24,4,1]
[729,216,40,8,1]
[256,0,32,-36,-9,-9,2,0,1]
[4096,768,160,71,10,3,1]
[256,-64,-16,8,1,2,-1,-1,1]
[4096,-768,144,-73,9,-3,1]
[256,0,16,12,-7,3,1,0,1]
[4096,-2048,272,-1,17,-8,1]
[4096,-1536,304,-25,19,-6,1]
[15625,2625,328,21,1]
[4096,-768,288,1,18,-3,1]
[14641,-847,168,-7,1]
[4096,2048,512,107,32,8,1]
[729,486,198,58,22,6,1]
[4096,1536,192,-17,12,6,1]
[4096,1792,624,203,39,7,1]
[256,-256,224,-136,79,-34,14,-4,1]
[4096,2048,880,229,55,8,1]
[256,-320,224,-88,37,-22,14,-5,1]
[15625,0,201,0,1]
[729,81,18,-20,2,1,1]
[14641,363,218,3,1]
[4096,0,256,3,16,0,1]
[16384,1664,169,13,1]
[4096,256,80,99,5,1,1]
[4096,256,480,3,30,1,1]
[14641,2299,287,19,1]
[4096,256,320,-35,20,1,1]
[729,-891,549,-221,61,-11,1]
[14641,363,-5,3,1]
[256,-128,64,-36,35,-9,4,-2,1]
[729,-81,45,1,5,-1,1]
[16384,2432,181,19,1]
[16384,768,63,6,1]
[4096,-2304,1008,-277,63,-9,1]
[512,0,24,31,3,0,1]
[256,192,112,72,35,18,7,3,1]
[512,192,152,41,19,3,1]
[15625,1375,159,11,1]
[256,-192,48,52,-43,13,3,-3,1]
[4096,768,128,19,8,3,1]
[256,-320,96,60,-59,15,6,-5,1]
[4096,2048,784,189,49,8,1]
[729,162,-9,-7,-1,2,1]
[512,0,-16,-31,-2,0,1]
[4096,1280,272,43,17,5,1]
[729,324,108,25,12,4,1]
[14641,-1694,138,-14,1]
[4096,-768,368,-29,23,-3,1]
[14641,-968,108,-8,1]
[4096,-704,109,-11,1]
[256,192,16,-32,-19,-8,1,3,1]
[729,162,0,-35,0,2,1]
[4096,256,-160,-43,-10,1,1]
[4096,0,-32,-91,-2,0,1]
[256,-64,-32,16,-9,4,-2,-1,1]
[6561,-567,-25,-7,1]
[729,81,-18,11,-2,1,1]
[512,-256,-16,31,-2,-4,1]
[4096,-256,336,-71,21,-1,1]
[256,128,112,80,27,20,7,2,1]
[512,0,-32,3,-4,0,1]
[14641,-1089,162,-9,1]
[729,-324,135,-50,15,-4,1]
[4096,0,16,47,1,0,1]
[14641,-1210,161,-10,1]
[15625,250,17,2,1]
[729,-243,126,-25,14,-3,1]
[256,-64,-16,-8,19,-2,-1,-1,1]
[4096,1024,512,99,32,4,1]
[4096,-256,48,-27,3,-1,1]
[256,-128,64,4,-1,1,4,-2,1]
[4096,-512,320,-95,20,-2,1]
[64,0,-3,0,1]
[15625,-1500,258,-12,1]
[256,0,48,-36,-3,-9,3,0,1]
[729,-324,54,-17,6,-4,1]
[4096,1792,592,177,37,7,1]
[14641,-1694,80,-14,1]
[4096,-1024,256,-77,16,-4,1]
[4096,1536,608,133,38,6,1]
[4096,512,160,-9,10,2,1]
[14641,-2662,249,-22,1]
[4096,1024,304,35,19,4,1]
[729,405,-27,-56,-3,5,1]
[4096,-256,304,-43,19,-1,1]
[4096,1280,-208,-159,-13,5,1]
[4096,-1472,255,-23,1]
[15625,3750,466,30,1]
[4096,1280,304,95,19,5,1]
[14641,121,-69,1,1]
[14641,1210,150,10,1]
[14641,-242,-173,-2,1]
[14641,0,41,0,1]
[6561,1053,109,13,1]
[4096,0,0,97,0,0,1]
[4096,-1280,48,55,3,-5,1]
[4096,-3584,1504,-431,94,-14,1]
[256,320,288,196,115,49,18,5,1]
[4096,0,144,11,9,0,1]
[15625,-3875,483,-31,1]
[4096,0,-32,-73,-2,0,1]
[4096,0,-16,-103,-1,0,1]
[256,-384,288,-148,69,-37,18,-6,1]
[14641,4235,544,35,1]
[14641,-484,85,-4,1]
[15625,-375,-107,-3,1]
[6561,-162,41,-2,1]
[6561,810,175,10,1]
[4096,-512,160,-25,10,-2,1]
[15625,-2625,331,-21,1]
[256,256,256,152,91,38,16,4,1]
[1024,0,21,0,1]
[4096,-256,384,-9,24,-1,1]
[4096,0,208,3,13,0,1]
[2401,49,18,1,1]
[4096,128,-19,2,1]
[64,-8,9,-1,1]
[4096,0,-112,21,-7,0,1]
[256,128,96,32,15,8,6,2,1]
[4096,-768,448,-81,28,-3,1]
[14641,-968,-12,-8,1]
[4096,1280,96,-53,6,5,1]
[729,81,81,32,9,1,1]
[4096,2304,208,-57,13,9,1]
[6561,972,125,12,1]
[14641,-4114,512,-34,1]
[4096,768,240,61,15,3,1]
[1024,224,65,7,1]
[15625,750,-88,6,1]
[256,128,-32,12,31,3,-2,2,1]
[4096,-1792,240,9,15,-7,1]
[4096,0,256,-57,16,0,1]
[729,-162,-54,44,-6,-2,1]
[16384,-256,-199,-2,1]
[4096,-256,80,89,5,-1,1]
[14641,-2783,364,-23,1]
[4096,-256,448,-59,28,-1,1]
[14641,-121,-129,-1,1]
[16384,-384,213,-3,1]
[16384,3968,481,31,1]
[4096,-768,112,21,7,-3,1]
[256,64,128,44,43,11,8,1,1]
[16384,2432,225,19,1]
[4096,-256,304,-17,19,-1,1]
[4096,512,208,-25,13,2,1]
[4096,256,176,-21,11,1,1]
[4096,512,48,65,3,2,1]
[16384,-1536,277,-12,1]
[6561,-648,139,-8,1]
[14641,1936,186,16,1]
[16384,-2688,221,-21,1]
[6561,891,143,11,1]
[729,-162,-9,43,-1,-2,1]
[729,243,153,59,17,3,1]
[14641,-1573,174,-13,1]
[4096,1536,464,163,29,6,1]
[4096,256,384,45,24,1,1]
[256,0,64,44,5,11,4,0,1]
[14641,0,-69,0,1]
[14641,-2057,192,-17,1]
[256,128,64,28,1,7,4,2,1]
[729,0,54,-22,6,0,1]
[256,192,48,-52,-39,-13,3,3,1]
[14641,-1452,256,-12,1]
[512,64,56,-7,7,1,1]
[4096,-1280,208,1,13,-5,1]
[256,-320,288,-196,109,-49,18,-5,1]
[4096,-512,-80,121,-5,-2,1]
[14641,484,194,4,1]
[4096,-1024,208,-67,13,-4,1]
[6561,-729,154,-9,1]
[256,256,80,-16,-21,-4,5,4,1]
[256,128,-32,-12,11,-3,-2,2,1]
[4096,-2304,848,-211,53,-9,1]
[14641,363,124,3,1]
[2401,-147,41,-3,1]
[6561,-405,139,-5,1]
[14641,1089,-10,9,1]
[4096,-3328,1456,-429,91,-13,1]
[4096,512,64,-61,4,2,1]
[14641,847,125,7,1]
[4096,-256,400,-63,25,-1,1]
[256,192,64,4,-11,1,4,3,1]
[15625,-875,71,-7,1]
[14641,-1331,184,-11,1]
[512,64,72,-3,9,1,1]
[4096,-1024,-80,101,-5,-4,1]
[729,81,180,10,20,1,1]
[512,-128,144,-21,18,-2,1]
[2401,49,54,1,1]
[256,0,48,24,-3,6,3,0,1]
[2401,343,87,7,1]
[6561,972,80,12,1]
[4096,-1280,768,-159,48,-5,1]
[4096,-3328,1520,-453,95,-13,1]
[729,162,-27,-41,-3,2,1]
[15625,1750,169,14,1]
[4096,1280,272,79,17,5,1]
[256,-192,64,-28,13,-7,4,-3,1]
[4096,-576,103,-9,1]
[16384,-256,17,-2,1]
[256,-128,112,-48,23,-12,7,-2,1]
[16384,2432,273,19,1]
[512,-256,176,-55,22,-4,1]
[729,243,126,40,14,3,1]
[4096,768,32,43,2,3,1]
[4096,1280,192,53,12,5,1]
[4096,256,144,-43,9,1,1]
[16384,384,-141,3,1]
[4096,1536,-16,-81,-1,6,1]
[15625,1250,97,10,1]
[729,-162,54,7,6,-2,1]
[256,128,-32,0,19,0,-2,2,1]
[4096,1280,512,137,32,5,1]
[16384,1664,123,13,1]
[729,-162,63,14,7,-2,1]
[14641,847,148,7,1]
[15625,1250,163,10,1]
[256,-64,-64,0,25,0,-4,-1,1]
[14641,-121,-157,-1,1]
[256,-128,32,48,-31,12,2,-2,1]
[15625,250,127,2,1]
[14641,484,227,4,1]
[4096,768,320,51,20,3,1]
[4096,512,-32,-79,-2,2,1]
[4096,-1792,240,-19,15,-7,1]
[6561,729,53,9,1]
[729,-81,90,-7,10,-1,1]
[1024,256,59,8,1]
[15625,1250,176,10,1]
[2401,784,136,16,1]
[16384,-256,-5,-2,1]
[4096,-1024,480,-139,30,-4,1]
[729,-81,153,-17,17,-1,1]
[16384,1152,157,9,1]
[6561,1620,205,20,1]
[16384,-128,15,-1,1]
[256,128,128,64,43,16,8,2,1]
[4096,512,256,-29,16,2,1]
[4096,0,80,97,5,0,1]
[15625,-875,22,-7,1]
[6561,-486,97,-6,1]
[4096,2304,864,259,54,9,1]
[6561,-567,38,-7,1]
[729,-81,18,26,2,-1,1]
[2401,539,108,11,1]
[15625,3125,332,25,1]
[512,0,24,19,3,0,1]
[4096,896,123,14,1]
[256,-112,27,-7,1]
[4096,1536,-144,-139,-9,6,1]
[4096,-1280,176,11,11,-5,1]
[4096,-768,688,-89,43,-3,1]
[16384,-768,-7,-6,1]
[15625,750,-93,6,1]
[14641,1815,214,15,1]
[14641,363,186,3,1]
[4096,-256,-48,63,-3,-1,1]
[15625,-125,-88,-1,1]
[15625,1625,62,13,1]
[4096,-384,99,-6,1]
[4096,3840,1712,503,107,15,1]
[14641,726,202,6,1]
[4096,1024,528,83,33,4,1]
[14641,-242,6,-2,1]
[729,-891,522,-203,58,-11,1]
[14641,-363,-32,-3,1]
[4096,2560,1264,349,79,10,1]
[16384,0,-11,0,1]
[4096,768,528,89,33,3,1]
[4096,-1024,528,-93,33,-4,1]
[15625,-2125,284,-17,1]
[15625,2375,178,19,1]
[16384,-1536,109,-12,1]
[14641,1210,68,10,1]
[4096,256,288,65,18,1,1]
[4096,3584,1664,507,104,14,1]
[4096,256,208,-5,13,1,1]
[6561,-648,91,-8,1]
[4096,512,64,41,4,2,1]
[16384,-896,17,-7,1]
[256,192,80,28,15,7,5,3,1]
[6561,-1053,178,-13,1]
[16384,1408,-7,11,1]
[256,-256,96,-12,1,-3,6,-4,1]
[15625,1625,158,13,1]
[4096,1024,-96,-71,-6,4,1]
[729,81,90,16,10,1,1]
[4096,256,144,-47,9,1,1]
[4096,768,400,41,25,3,1]
[15625,875,242,7,1]
[14641,-1694,179,-14,1]
[4096,1024,752,127,47,4,1]
[256,-256,128,-20,-5,-5,8,-4,1]
[729,81,162,25,18,1,1]
[4096,-512,288,21,18,-2,1]
[14641,-242,2,-2,1]
[4096,256,32,-53,2,1,1]
[4096,0,144,45,9,0,1]
[14641,-1210,-16,-10,1]
[256,64,112,52,29,13,7,1,1]
[729,-108,37,-4,1]
[4096,-512,-64,89,-4,-2,1]
[16384,-1152,61,-9,1]
[2401,-392,39,-8,1]
[4096,-2048,720,-221,45,-8,1]
[4096,1792,496,127,31,7,1]
[4096,1280,800,155,50,5,1]
[4096,-1792,624,-193,39,-7,1]
[4096,-768,-16,87,-1,-3,1]
[4096,768,-96,-95,-6,3,1]
[256,64,64,4,1,1,4,1,1]
[256,256,160,96,53,24,10,4,1]
[4096,-256,-16,-37,-1,-1,1]
[4096,-512,224,-21,14,-2,1]
[256,128,32,28,13,7,2,2,1]
[256,-256,160,-88,51,-22,10,-4,1]
[256,192,144,48,31,12,9,3,1]
[15625,250,-141,2,1]
[14641,-605,246,-5,1]
[4096,0,-112,-17,-7,0,1]
[4096,256,112,-65,7,1,1]
[729,567,234,83,26,7,1]
[4096,2048,496,87,31,8,1]
[4096,-64,73,-1,1]
[1024,416,87,13,1]
[14641,-605,38,-5,1]
[4096,768,288,45,18,3,1]
[256,64,64,40,3,10,4,1,1]
[256,0,96,24,17,6,6,0,1]
[256,128,80,32,7,8,5,2,1]
[729,-405,36,19,4,-5,1]
[729,0,18,-35,2,0,1]
[4096,-1536,560,-145,35,-6,1]
[16384,-1664,47,-13,1]
[6561,-486,137,-6,1]
[256,64,-32,-8,7,-2,-2,1,1]
[14641,-1331,272,-11,1]
[14641,-4114,518,-34,1]
[4096,2048,736,203,46,8,1]
[4096,-1280,320,-99,20,-5,1]
[729,-81,37,-3,1]
[14641,2057,221,17,1]
[4096,-1280,592,-143,37,-5,1]
[14641,484,54,4,1]
[1024,416,85,13,1]
[16384,-1536,179,-12,1]
[4096,-1280,272,-45,17,-5,1]
[256,-256,48,60,-51,15,3,-4,1]
[15625,625,139,5,1]
[4096,512,128,121,8,2,1]
[512,192,104,21,13,3,1]
[1024,32,-11,1,1]
[14641,363,-16,3,1]
[256,-128,32,16,-5,4,2,-2,1]
[4096,-768,32,-7,2,-3,1]
[4096,-1024,160,-29,10,-4,1]
[256,0,64,-4,1,-1,4,0,1]
[4096,2304,640,157,40,9,1]
[256,-192,80,12,-17,3,5,-3,1]
[4096,256,-48,71,-3,1,1]
[14641,-726,207,-6,1]
[6561,-972,160,-12,1]
[4096,-768,0,85,0,-3,1]
[729,405,162,53,18,5,1]
[4096,-512,352,-37,22,-2,1]
[4096,0,176,-5,11,0,1]
[4096,1280,128,-1,8,5,1]
[4096,-1792,624,-171,39,-7,1]
[256,192,48,8,5,2,3,3,1]
[512,0,8,-31,1,0,1]
[729,81,54,14,6,1,1]
[256,0,16,40,1,10,1,0,1]
[16384,-3712,415,-29,1]
[4096,1536,496,161,31,6,1]
[15625,-1625,72,-13,1]
[15625,125,72,1,1]
[15625,-2125,199,-17,1]
[14641,4114,524,34,1]
[4096,1280,144,27,9,5,1]
[256,128,96,28,25,7,6,2,1]
[4096,768,256,127,16,3,1]
[512,192,112,53,14,3,1]
[14641,121,-72,1,1]
[4096,1280,368,47,23,5,1]
[729,-405,126,-25,14,-5,1]
[14641,847,240,7,1]
[625,250,57,10,1]
[4096,1024,432,53,27,4,1]
[4096,-768,-176,79,-11,-3,1]
[4096,2304,752,195,47,9,1]
[4096,-768,-80,105,-5,-3,1]
[4096,1280,720,151,45,5,1]
[729,486,171,58,19,6,1]
[4096,-1280,176,-13,11,-5,1]
[256,192,-32,-44,-11,-11,-2,3,1]
[729,-405,180,-59,20,-5,1]
[729,-486,54,20,6,-6,1]
[4096,-512,32,-69,2,-2,1]
[4096,0,304,19,19,0,1]
[4096,0,352,-15,22,0,1]
[4096,-256,32,-85,2,-1,1]
[4096,-1024,112,45,7,-4,1]
[729,-81,-18,23,-2,-1,1]
[16384,-2944,353,-23,1]
[4096,256,0,59,0,1,1]
[729,162,-36,-28,-4,2,1]
[256,0,0,12,13,3,0,0,1]
[14641,363,102,3,1]
[15625,-1750,168,-14,1]
[256,64,-96,-20,21,-5,-6,1,1]
[4096,1280,464,107,29,5,1]
[14641,363,123,3,1]
[4096,128,95,2,1]
[4096,512,304,79,19,2,1]
[729,405,99,10,11,5,1]
[256,128,48,16,-5,4,3,2,1]
[4096,1280,240,33,15,5,1]
[64,48,23,6,1]
[4096,768,-144,-65,-9,3,1]
[4096,-512,64,61,4,-2,1]
[4096,-768,0,43,0,-3,1]
[4096,-1536,288,-49,18,-6,1]
[4096,1280,32,-43,2,5,1]
[729,324,270,70,30,4,1]
[4096,1024,144,-11,9,4,1]
[256,128,80,-12,-3,-3,5,2,1]
[14641,1815,237,15,1]
[4096,2048,512,105,32,8,1]
[512,256,-8,-25,-1,4,1]
[4096,2048,768,231,48,8,1]
[4096,1536,656,175,41,6,1]
[4096,1536,304,53,19,6,1]
[512,192,32,-11,4,3,1]
[729,243,126,58,14,3,1]
[256,-64,-32,8,-1,2,-2,-1,1]
[4096,-512,288,11,18,-2,1]
[4096,-512,288,-71,18,-2,1]
[16384,256,233,2,1]
[4096,1792,624,143,39,7,1]
[4096,-1280,624,-141,39,-5,1]
[4096,1536,464,129,29,6,1]
[6561,243,70,3,1]
[4096,-256,80,-73,5,-1,1]
[256,384,304,200,113,50,19,6,1]
[256,-64,64,-20,13,-5,4,-1,1]
[4096,256,160,41,10,1,1]
[4096,256,-176,-59,-11,1,1]
[256,-256,160,-76,37,-19,10,-4,1]
[4096,-256,336,13,21,-1,1]
[15625,125,186,1,1]
[14641,-1815,285,-15,1]
[256,16,31,1,1]
[4096,-768,288,-51,18,-3,1]
[729,-162,0,40,0,-2,1]
[14641,-1331,161,-11,1]
[16384,1536,157,12,1]
[4096,-2304,960,-275,60,-9,1]
[4096,-1280,160,-1,10,-5,1]
[729,-162,72,-10,8,-2,1]
[256,192,80,64,47,16,5,3,1]
[4096,-2816,1184,-333,74,-11,1]
[15625,2875,361,23,1]
[4096,-768,176,-17,11,-3,1]
[15625,1250,86,10,1]
[256,64,-64,0,19,0,-4,1,1]
[256,128,128,28,31,7,8,2,1]
[729,-81,-36,-2,-4,-1,1]
[64,32,16,15,4,2,1]
[4096,0,288,63,18,0,1]
[256,0,128,16,33,4,8,0,1]
[16384,-640,7,-5,1]
[15625,-1375,117,-11,1]
[16384,2688,253,21,1]
[256,-64,16,-20,5,-5,1,-1,1]
[15625,-125,-102,-1,1]
[14641,-1331,208,-11,1]
[15625,-750,57,-6,1]
[512,0,112,3,14,0,1]
[256,-128,64,20,-5,5,4,-2,1]
[2401,98,-1,2,1]
[4096,-1536,320,-43,20,-6,1]
[6561,162,-13,2,1]
[15625,625,-114,5,1]
[14641,-242,91,-2,1]
[729,-243,108,-29,12,-3,1]
[729,324,27,-10,3,4,1]
[256,128,112,28,23,7,7,2,1]
[4096,-1536,368,-49,23,-6,1]
[256,-128,48,-36,17,-9,3,-2,1]
[4096,768,112,-41,7,3,1]
[729,-405,108,-13,12,-5,1]
[15625,-1875,99,-15,1]
[4096,-256,96,-17,6,-1,1]
[4096,1792,752,191,47,7,1]
[16384,256,203,2,1]
[256,0,32,8,17,2,2,0,1]
[4096,512,32,63,2,2,1]
[4096,-1280,512,-143,32,-5,1]
[81,18,-2,2,1]
[4096,512,272,39,17,2,1]
[4096,-1792,-16,115,-1,-7,1]
[4096,-2048,832,-249,52,-8,1]
[4096,1792,624,209,39,7,1]
[4096,3840,1712,501,107,15,1]
[14641,-121,172,-1,1]
[4096,768,-16,11,-1,3,1]
[15625,625,177,5,1]
[256,-192,160,-116,53,-29,10,-3,1]
[14641,2904,351,24,1]
[729,-405,126,-38,14,-5,1]
[6561,-486,77,-6,1]
[15625,1000,244,8,1]
[4096,1024,448,107,28,4,1]
[4096,-1280,-64,89,-4,-5,1]
[4096,-1280,624,-151,39,-5,1]
[15625,250,-26,2,1]
[4096,1024,128,33,8,4,1]
[6561,-1053,151,-13,1]
[256,-384,304,-192,105,-48,19,-6,1]
[15625,2000,166,16,1]
[4096,256,384,-5,24,1,1]
[729,486,252,107,28,6,1]
[4096,-256,240,-3,15,-1,1]
[4096,512,544,41,34,2,1]
[512,-64,128,-19,16,-1,1]
[4096,-768,-80,23,-5,-3,1]
[729,-486,90,1,10,-6,1]
[512,320,72,15,9,5,1]
[729,243,117,50,13,3,1]
[4096,-3840,1840,-557,115,-15,1]
[512,-256,128,-41,16,-4,1]
[14641,-847,104,-7,1]
[4096,-2816,1024,-281,64,-11,1]
[16384,-640,57,-5,1]
[14641,-1210,135,-10,1]
[15625,-1625,91,-13,1]
[256,0,128,4,45,1,8,0,1]
[4096,512,208,69,13,2,1]
[512,-320,80,-7,10,-5,1]
[4096,1024,112,37,7,4,1]
[256,-128,112,-80,25,-20,7,-2,1]
[6561,81,-49,1,1]
[4096,-1024,0,37,0,-4,1]
[256,-128,96,-36,29,-9,6,-2,1]
[256,256,256,164,97,41,16,4,1]
[256,0,-16,28,11,7,-1,0,1]
[4096,-256,272,29,17,-1,1]
[4096,1536,400,65,25,6,1]
[729,189,53,7,1]
[4096,-1280,256,-1,16,-5,1]
[729,324,144,47,16,4,1]
[14641,-726,195,-6,1]
[4096,1792,464,101,29,7,1]
[256,-256,160,-68,29,-17,10,-4,1]
[16384,1920,153,15,1]
[4096,-2048,352,-47,22,-8,1]
[4096,768,-80,-33,-5,3,1]
[729,-81,36,-35,4,-1,1]
[16384,-384,127,-3,1]
[15625,2000,292,16,1]
[14641,968,57,8,1]
[4096,512,-80,-113,-5,2,1]
[4096,832,137,13,1]
[256,-64,-16,-4,5,-1,-1,-1,1]
[625,-25,34,-1,1]
[256,-384,256,-80,21,-20,16,-6,1]
[4096,1280,432,173,27,5,1]
[4096,512,400,15,25,2,1]
[256,64,-64,0,17,0,-4,1,1]
[729,486,261,91,29,6,1]
[4096,1024,464,139,29,4,1]
[15625,375,-6,3,1]
[256,192,112,16,7,4,7,3,1]
[4096,-1024,304,-35,19,-4,1]
[729,81,63,11,7,1,1]
[4096,-1792,800,-189,50,-7,1]
[4096,512,560,71,35,2,1]
[14641,-3025,361,-25,1]
[4096,-256,16,-15,1,-1,1]
[4096,256,-176,-19,-11,1,1]
[512,-192,112,-29,14,-3,1]
[15625,-250,-51,-2,1]
[4096,768,384,91,24,3,1]
[14641,-3388,408,-28,1]
[16384,-256,195,-2,1]
[4096,0,-64,21,-4,0,1]
[4096,-2304,672,-145,42,-9,1]
[6561,972,176,12,1]
[4096,-512,-192,89,-12,-2,1]
[4096,256,-160,-31,-10,1,1]
[4096,-2048,624,-147,39,-8,1]
[4096,1024,320,53,20,4,1]
[4096,768,-64,-63,-4,3,1]
[15625,2750,294,22,1]
[15625,-2250,283,-18,1]
[4096,-1280,192,-31,12,-5,1]
[4096,2304,1024,275,64,9,1]
[16384,-128,93,-1,1]
[4096,512,272,97,17,2,1]
[4096,-256,-16,-55,-1,-1,1]
[512,64,8,31,1,1,1]
[256,-192,32,16,-15,4,2,-3,1]
[4096,512,496,37,31,2,1]
[6561,405,-20,5,1]
[729,0,-38,0,1]
[4096,0,-112,59,-7,0,1]
[15625,750,118,6,1]
[256,0,-144,0,45,0,-9,0,1]
[4096,-64,-103,-1,1]
[14641,605,245,5,1]
[4096,-768,-64,99,-4,-3,1]
[4096,-1536,224,-39,14,-6,1]
[512,256,16,-21,2,4,1]
[15625,-125,18,-1,1]
[14641,-1815,93,-15,1]
[4096,1280,304,41,19,5,1]
[4096,512,448,79,28,2,1]
[256,-64,0,32,-3,8,0,-1,1]
[625,400,113,16,1]
[4096,-512,432,-87,27,-2,1]
[2401,588,90,12,1]
[256,-256,112,-64,43,-16,7,-4,1]
[4096,-512,64,-33,4,-2,1]
[4096,1280,128,-3,8,5,1]
[4096,-1024,480,-81,30,-4,1]
[4096,512,48,-59,3,2,1]
[4096,1024,-96,-123,-6,4,1]
[4096,-1536,320,-47,20,-6,1]
[4096,1024,-48,-89,-3,4,1]
[16384,-640,-19,-5,1]
[256,64,-64,12,35,3,-4,1,1]
[4096,2048,1088,271,68,8,1]
[4096,0,192,-29,12,0,1]
[4096,256,-144,-7,-9,1,1]
[14641,0,-213,0,1]
[4096,-1024,165,-16,1]
[4096,-768,224,-27,14,-3,1]
[14641,2299,294,19,1]
[15625,-3000,343,-24,1]
[4096,-1792,608,-129,38,-7,1]
[14641,-3509,401,-29,1]
[15625,-1250,112,-10,1]
[4096,-1280,464,-133,29,-5,1]
[16384,-4352,533,-34,1]
[6561,-567,112,-7,1]
[729,-243,0,38,0,-3,1]
[4096,-1024,96,-47,6,-4,1]
[14641,-484,-59,-4,1]
[14641,-1089,161,-9,1]
[4096,1280,-48,-81,-3,5,1]
[64,-8,-3,-1,1]
[4096,-2816,1056,-297,66,-11,1]
[256,-192,144,-104,55,-26,9,-3,1]
[512,192,144,45,18,3,1]
[4096,-2048,560,-141,35,-8,1]
[4096,768,-16,-33,-1,3,1]
[729,-324,45,-5,5,-4,1]
[15625,250,-47,2,1]
[4096,-768,0,-23,0,-3,1]
[4096,-2560,992,-275,62,-10,1]
[14641,-1452,90,-12,1]
[4096,1536,800,179,50,6,1]
[2401,735,125,15,1]
[4096,0,-80,87,-5,0,1]
[4096,-256,-80,99,-5,-1,1]
[16384,896,175,7,1]
[512,192,24,9,3,3,1]
[14641,484,-128,4,1]
[14641,-605,206,-5,1]
[16384,256,-53,2,1]
[256,-192,144,-80,49,-20,9,-3,1]
[16384,1280,155,10,1]
[15625,1125,266,9,1]
[729,-135,26,-5,1]
[256,-192,128,-72,29,-18,8,-3,1]
[15625,500,144,4,1]
[14641,-484,-89,-4,1]
[512,-256,168,-53,21,-4,1]
[729,-891,576,-233,64,-11,1]
[4096,-256,-160,65,-10,-1,1]
[729,-810,477,-187,53,-10,1]
[4096,2048,464,77,29,8,1]
[6561,-1944,271,-24,1]
[15625,-1000,89,-8,1]
[4096,768,-192,-67,-12,3,1]
[15625,-875,123,-7,1]
[4096,-768,512,-81,32,-3,1]
[15625,375,-146,3,1]
[14641,-242,-133,-2,1]
[6561,1134,205,14,1]
[4096,-1280,496,-121,31,-5,1]
[4096,256,160,21,10,1,1]
[256,-320,240,-132,65,-33,15,-5,1]
[4096,0,-48,-9,-3,0,1]
[256,320,160,-4,-27,-1,10,5,1]
[6561,-1134,196,-14,1]
[15625,-1750,103,-14,1]
[256,64,16,24,23,6,1,1,1]
[256,64,64,-4,9,-1,4,1,1]
[4096,768,192,87,12,3,1]
[4096,1792,128,-37,8,7,1]
[4096,-256,448,5,28,-1,1]
[729,-162,27,2,3,-2,1]
[6561,-1782,257,-22,1]
[512,-128,56,5,7,-2,1]
[256,-64,64,16,11,4,4,-1,1]
[256,128,16,-32,-19,-8,1,2,1]
[4096,-1792,240,-7,15,-7,1]
[256,-64,96,-36,27,-9,6,-1,1]
[4096,1024,192,65,12,4,1]
[729,81,36,2,4,1,1]
[256,-128,64,-40,23,-10,4,-2,1]
[15625,625,156,5,1]
[15625,1000,48,8,1]
[256,0,-32,-4,3,-1,-2,0,1]
[4096,768,416,45,26,3,1]
[4096,-768,176,21,11,-3,1]
[512,128,32,9,4,2,1]
[512,-256,152,-47,19,-4,1]
[15625,250,227,2,1]
[4096,1536,720,191,45,6,1]
[16384,128,-133,1,1]
[4096,1536,528,189,33,6,1]
[4096,-256,160,-93,10,-1,1]
[4096,768,288,67,18,3,1]
[15625,750,-96,6,1]
[4096,384,43,6,1]
[256,192,160,92,47,23,10,3,1]
[4096,-256,176,17,11,-1,1]
[4096,256,560,41,35,1,1]
[4096,-256,464,-31,29,-1,1]
[256,192,48,24,19,6,3,3,1]
[16384,-256,-83,-2,1]
[512,-256,112,-31,14,-4,1]
[16384,0,-133,0,1]
[14641,-3751,446,-31,1]
[4096,0,-176,23,-11,0,1]
[256,256,144,36,11,9,9,4,1]
[729,-162,207,-34,23,-2,1]
[256,-320,272,-184,103,-46,17,-5,1]
[4096,256,-64,-67,-4,1,1]
[14641,1452,42,12,1]
[256,128,96,68,35,17,6,2,1]
[2401,-49,-60,-1,1]
[6561,0,110,0,1]
[512,64,8,15,1,1,1]
[14641,-2178,299,-18,1]
[15625,2625,253,21,1]
[256,-320,240,-112,55,-28,15,-5,1]
[4096,-512,304,-61,19,-2,1]
[4096,2048,336,31,21,8,1]
[4096,2048,992,255,62,8,1]
[4096,1536,736,153,46,6,1]
[4096,-256,-144,45,-9,-1,1]
[15625,-125,-117,-1,1]
[16384,1024,191,8,1]
[4096,-2048,608,-133,38,-8,1]
[6561,-891,166,-11,1]
[4096,3584,1696,519,106,14,1]
[15625,4625,588,37,1]
[729,486,225,74,25,6,1]
[729,-162,0,11,0,-2,1]
[4096,1280,176,21,11,5,1]
[6561,1296,158,16,1]
[4096,2048,224,-29,14,8,1]
[256,-64,96,-48,25,-12,6,-1,1]
[16384,2176,181,17,1]
[729,324,153,71,17,4,1]
[4096,512,160,89,10,2,1]
[729,648,288,98,32,8,1]
[512,-64,104,-15,13,-1,1]
[4096,256,-64,-15,-4,1,1]
[256,-64,-128,12,37,3,-8,-1,1]
[256,-128,0,4,13,1,0,-2,1]
[2401,98,88,2,1]
[4096,512,-128,-43,-8,2,1]
[15625,875,198,7,1]
[4096,1024,192,73,12,4,1]
[256,-64,-16,4,1,1,-1,-1,1]
[6561,648,101,8,1]
[15625,250,-43,2,1]
[14641,1936,208,16,1]
[4096,-512,-48,-13,-3,-2,1]
[4096,64,-97,1,1]
[4096,1024,416,101,26,4,1]
[4096,1792,480,105,30,7,1]
[256,64,64,12,9,3,4,1,1]
[4096,832,113,13,1]
[4096,-256,384,-23,24,-1,1]
[1024,64,17,2,1]
[16384,1280,149,10,1]
[4096,2304,640,143,40,9,1]
[15625,-2625,354,-21,1]
[15625,-1375,29,-11,1]
[4096,0,320,-51,20,0,1]
[4096,-1280,32,65,2,-5,1]
[15625,375,-139,3,1]
[256,64,32,-12,3,-3,2,1,1]
[16384,-384,-91,-3,1]
[256,0,48,-44,3,-11,3,0,1]
[256,-64,48,12,5,3,3,-1,1]
[4096,256,45,4,1]
[4096,-1024,160,-25,10,-4,1]
[256,0,112,-24,31,-6,7,0,1]
[4096,0,-80,-33,-5,0,1]
[256,64,64,24,5,6,4,1,1]
[15625,-1500,246,-12,1]
[15625,-750,21,-6,1]
[16384,-768,59,-6,1]
[4096,-768,192,-51,12,-3,1]
[512,384,216,85,27,6,1]
[15625,250,69,2,1]
[512,0,-8,27,-1,0,1]
[14641,-1331,200,-11,1]
[4096,-1536,-128,143,-8,-6,1]
[4096,2560,1056,315,66,10,1]
[256,-64,176,-44,59,-11,11,-1,1]
[4096,512,-48,-85,-3,2,1]
[4096,1536,176,-29,11,6,1]
[729,-162,90,-47,10,-2,1]
[4096,1024,-160,-121,-10,4,1]
[512,192,56,-5,7,3,1]
[256,-64,128,-20,31,-5,8,-1,1]
[512,64,-56,-19,-7,1,1]
[14641,-1815,120,-15,1]
[512,256,104,37,13,4,1]
[512,576,384,163,48,9,1]
[4096,-1280,288,-85,18,-5,1]
[6561,891,175,11,1]
[729,324,153,58,17,4,1]
[4096,1536,416,139,26,6,1]
[4096,-512,384,-49,24,-2,1]
[256,192,208,112,77,28,13,3,1]
[4096,-1792,608,-167,38,-7,1]
[16384,1024,255,8,1]
[4096,832,139,13,1]
[4096,-768,336,-121,21,-3,1]
[4096,0,160,-39,10,0,1]
[4096,1024,96,-39,6,4,1]
[6561,-405,-28,-5,1]
[4096,1792,400,79,25,7,1]
[4096,0,80,-55,5,0,1]
[4096,0,-192,19,-12,0,1]
[4096,768,304,57,19,3,1]
[4096,0,256,45,16,0,1]
[4096,512,80,31,5,2,1]
[4096,2048,400,47,25,8,1]
[512,-64,64,-15,8,-1,1]
[4096,256,208,61,13,1,1]
[15625,625,-74,5,1]
[6561,2187,337,27,1]
[625,100,23,4,1]
[4096,256,368,-1,23,1,1]
[4096,0,-144,53,-9,0,1]
[512,0,24,-21,3,0,1]
[15625,3000,386,24,1]
[4096,768,208,107,13,3,1]
[4096,-1024,400,-113,25,-4,1]
[4096,-512,-48,113,-3,-2,1]
[512,128,-24,-27,-3,2,1]
[4096,-256,176,19,11,-1,1]
[4096,-2560,848,-215,53,-10,1]
[256,-128,-16,28,-7,7,-1,-2,1]
[4096,-2560,1088,-305,68,-10,1]
[4096,0,-16,-109,-1,0,1]
[2401,49,85,1,1]
[4096,0,-48,-15,-3,0,1]
[16384,-1792,73,-14,1]
[729,-162,63,-28,7,-2,1]
[14641,1815,125,15,1]
[4096,256,-48,65,-3,1,1]
[4096,-2304,992,-287,62,-9,1]
[729,-243,144,-23,16,-3,1]
[256,-256,272,-176,103,-44,17,-4,1]
[6561,729,44,9,1]
[4096,-256,64,-43,4,-1,1]
[4096,-256,416,-53,26,-1,1]
[256,-64,80,8,15,2,5,-1,1]
[4096,-768,-112,89,-7,-3,1]
[4096,0,416,37,26,0,1]
[6561,567,61,7,1]
[4096,-1536,432,-139,27,-6,1]
[4096,-512,160,-59,10,-2,1]
[4096,-1024,240,-75,15,-4,1]
[14641,605,156,5,1]
[15625,1625,96,13,1]
[4096,-256,-32,-65,-2,-1,1]
[256,-128,144,-80,41,-20,9,-2,1]
[256,0,32,-4,-1,-1,2,0,1]
[729,243,117,40,13,3,1]
[256,0,48,-28,1,-7,3,0,1]
[4096,-768,16,59,1,-3,1]
[4096,-1792,160,35,10,-7,1]
[4096,512,160,73,10,2,1]
[4096,-1024,400,-49,25,-4,1]
[15625,-500,178,-4,1]
[15625,875,103,7,1]
[16384,-1920,309,-15,1]
[625,225,42,9,1]
[4096,-2560,672,-141,42,-10,1]
[4096,-2304,560,-103,35,-9,1]
[729,-405,153,-44,17,-5,1]
[4096,-768,-144,73,-9,-3,1]
[14641,-968,15,-8,1]
[15625,-2625,311,-21,1]
[14641,-1210,93,-10,1]
[4096,-768,128,-39,8,-3,1]
[14641,0,106,0,1]
[729,81,-54,-32,-6,1,1]
[256,64,16,12,5,3,1,1,1]
[4096,1792,848,209,53,7,1]
[1024,448,99,14,1]
[256,0,16,-36,5,-9,1,0,1]
[16384,128,245,1,1]
[4096,2048,864,251,54,8,1]
[4096,-256,464,-55,29,-1,1]
[512,128,48,41,6,2,1]
[4096,256,416,-11,26,1,1]
[4096,0,256,55,16,0,1]
[4096,-256,544,-45,34,-1,1]
[256,0,-16,-20,13,-5,-1,0,1]
[4096,768,416,29,26,3,1]
[4096,-1024,80,31,5,-4,1]
[4096,-3328,1536,-461,96,-13,1]
[14641,-3025,333,-25,1]
[729,-729,315,-101,35,-9,1]
[16384,-768,229,-6,1]
[4096,1024,336,41,21,4,1]
[14641,-2783,347,-23,1]
[256,-192,96,-36,13,-9,6,-3,1]
[14641,-121,227,-1,1]
[15625,-1500,243,-12,1]
[4096,-1024,432,-125,27,-4,1]
[14641,-1089,40,-9,1]
[256,0,32,-12,-11,-3,2,0,1]
[4096,2816,1008,273,63,11,1]
[4096,-1536,576,-177,36,-6,1]
[256,320,208,56,15,14,13,5,1]
[4096,512,80,83,5,2,1]
[729,-324,9,23,1,-4,1]
[729,324,126,28,14,4,1]
[729,162,171,32,19,2,1]
[256,128,32,32,21,8,2,2,1]
[256,-128,64,-32,33,-8,4,-2,1]
[4096,-1280,480,-161,30,-5,1]
[4096,768,-96,-125,-6,3,1]
[4096,-1280,320,-127,20,-5,1]
[4096,256,272,-1,17,1,1]
[15625,3375,413,27,1]
[4096,0,224,-5,14,0,1]
[256,256,176,96,47,24,11,4,1]
[4096,1408,245,22,1]
[15625,3000,303,24,1]
[4096,-1536,-16,95,-1,-6,1]
[256,-128,64,-48,29,-12,4,-2,1]
[256,0,0,-28,9,-7,0,0,1]
[256,192,144,104,53,26,9,3,1]
[256,-192,192,-136,65,-34,12,-3,1]
[4096,-2304,672,-173,42,-9,1]
[15625,4000,486,32,1]
[15625,1375,274,11,1]
[729,-405,198,-65,22,-5,1]
[16384,-3072,371,-24,1]
[4096,1792,-16,-105,-1,7,1]
[512,64,80,25,10,1,1]
[4096,1024,128,-13,8,4,1]
[4096,-448,117,-7,1]
[14641,-2783,356,-23,1]
[4096,2304,960,269,60,9,1]
[256,-64,64,-24,27,-6,4,-1,1]
[729,243,99,11,11,3,1]
[4096,1280,-160,-129,-10,5,1]
[4096,-256,592,-27,37,-1,1]
[4096,-768,-176,93,-11,-3,1]
[4096,-512,544,-63,34,-2,1]
[4096,0,-97,0,1]
[14641,2783,369,23,1]
[14641,3630,465,30,1]
[14641,-726,-10,-6,1]
[256,64,0,20,5,5,0,1,1]
[729,-81,54,22,6,-1,1]
[4096,-768,32,33,2,-3,1]
[729,0,18,-44,2,0,1]
[256,256,192,120,63,30,12,4,1]
[256,64,48,28,15,7,3,1,1]
[15625,2375,319,19,1]
[256,-64,48,-44,11,-11,3,-1,1]
[256,256,272,164,101,41,17,4,1]
[4096,1024,256,113,16,4,1]
[256,192,48,0,1,0,3,3,1]
[14641,-2662,246,-22,1]
[512,-640,416,-179,52,-10,1]
[4096,768,-96,-85,-6,3,1]
[14641,-2299,294,-19,1]
[4096,-512,96,-37,6,-2,1]
[16384,0,95,0,1]
[4096,-1536,288,-35,18,-6,1]
[4096,3584,1712,523,107,14,1]
[6561,-324,-86,-4,1]
[14641,-1694,131,-14,1]
[1024,64,-1,2,1]
[4096,704,93,11,1]
[6561,-648,61,-8,1]
[729,486,207,64,23,6,1]
[256,-192,16,-40,49,-10,1,-3,1]
[4096,-1280,336,-41,21,-5,1]
[6561,891,164,11,1]
[4096,1280,576,99,36,5,1]
[4096,-1536,464,-129,29,-6,1]
[4096,256,432,35,27,1,1]
[15625,-2500,349,-20,1]
[4096,768,560,75,35,3,1]
[256,-64,0,4,-11,1,0,-1,1]
[14641,-2541,265,-21,1]
[729,-486,207,-70,23,-6,1]
[6561,810,49,10,1]
[625,-25,27,-1,1]
[4096,1280,384,107,24,5,1]
[256,0,32,24,11,6,2,0,1]
[256,-128,112,-20,23,-5,7,-2,1]
[256,-64,16,4,-13,1,1,-1,1]
[14641,1331,95,11,1]
[256,256,64,-40,-39,-10,4,4,1]
[16384,-2560,343,-20,1]
[256,-64,112,-64,29,-16,7,-1,1]
[16384,-896,-43,-7,1]
[729,81,-45,1,-5,1,1]
[256,-128,0,-16,21,-4,0,-2,1]
[14641,-484,193,-4,1]
[14641,-3267,380,-27,1]
[14641,484,126,4,1]
[4096,0,-48,47,-3,0,1]
[15625,-500,169,-4,1]
[6561,-972,103,-12,1]
[4096,320,35,5,1]
[4096,-1024,64,-29,4,-4,1]
[4096,0,-48,67,-3,0,1]
[16384,-256,-23,-2,1]
[256,0,0,-16,15,-4,0,0,1]
[4096,1024,144,67,9,4,1]
[64,0,-12,3,-3,0,1]
[16384,2048,317,16,1]
[729,81,81,-14,9,1,1]
[729,486,234,80,26,6,1]
[4096,-2304,832,-239,52,-9,1]
[4096,-2304,1040,-283,65,-9,1]
[4096,512,80,-25,5,2,1]
[729,-162,126,-13,14,-2,1]
[16384,-1792,209,-14,1]
[4096,512,75,8,1]
[14641,-1573,270,-13,1]
[6561,486,34,6,1]
[729,243,180,55,20,3,1]
[4096,1792,592,149,37,7,1]
[16384,3328,359,26,1]
[729,-81,2,-3,1]
[1024,192,59,6,1]
[4096,-768,80,-29,5,-3,1]
[14641,-3993,490,-33,1]
[15625,-500,131,-4,1]
[512,448,264,109,33,7,1]
[4096,256,192,-61,12,1,1]
[14641,-4235,529,-35,1]
[256,-192,128,-84,49,-21,8,-3,1]
[4096,768,528,79,33,3,1]
[15625,-625,-92,-5,1]
[729,81,117,32,13,1,1]
[2401,784,149,16,1]
[256,128,16,-40,-31,-10,1,2,1]
[4096,-768,528,-69,33,-3,1]
[4096,-768,384,-33,24,-3,1]
[512,-128,8,-13,1,-2,1]
[14641,-726,-78,-6,1]
[729,-243,108,-13,12,-3,1]
[256,64,0,-8,-7,-2,0,1,1]
[6561,162,38,2,1]
[512,64,24,37,3,1,1]
[256,-192,80,-16,3,-4,5,-3,1]
[14641,968,32,8,1]
[729,-486,288,-97,32,-6,1]
[256,128,48,32,31,8,3,2,1]
[4096,-448,-1,-7,1]
[4096,768,112,-47,7,3,1]
[4096,1536,336,91,21,6,1]
[512,-128,136,-23,17,-2,1]
[64,16,-12,-7,-3,1,1]
[4096,0,80,89,5,0,1]
[4096,-192,53,-3,1]
[4096,-128,-87,-2,1]
[729,-324,90,-34,10,-4,1]
[16384,-1280,225,-10,1]
[15625,500,237,4,1]
[4096,3840,1824,559,114,15,1]
[4096,320,59,5,1]
[6561,567,13,7,1]
[4096,256,608,39,38,1,1]
[256,-128,112,-84,29,-21,7,-2,1]
[4096,-128,121,-2,1]
[729,-324,117,-53,13,-4,1]
[4096,-512,304,-7,19,-2,1]
[4096,512,-128,-17,-8,2,1]
[14641,363,2,3,1]
[4096,2304,832,221,52,9,1]
[15625,2375,282,19,1]
[729,0,27,-26,3,0,1]
[256,128,16,-20,-15,-5,1,2,1]
[14641,484,-43,4,1]
[64,64,36,17,9,4,1]
[4096,-1792,336,-29,21,-7,1]
[15625,625,-96,5,1]
[729,243,18,-2,2,3,1]
[25,-7,1]
[256,-320,192,-56,13,-14,12,-5,1]
[15625,625,-108,5,1]
[4096,-1024,352,-65,22,-4,1]
[2401,-196,62,-4,1]
[4096,1280,240,15,15,5,1]
[14641,1936,226,16,1]
[4096,-256,256,-9,16,-1,1]
[4096,-960,177,-15,1]
[4096,-1280,592,-155,37,-5,1]
[4096,512,-32,11,-2,2,1]
[14641,-242,-194,-2,1]
[256,192,32,-36,-23,-9,2,3,1]
[4096,768,496,65,31,3,1]
[4096,256,16,-69,1,1,1]
[2401,-245,100,-5,1]
[15625,-750,64,-6,1]
[15625,-2500,292,-20,1]
[512,-128,24,1,3,-2,1]
[15625,1375,167,11,1]
[4096,-768,96,9,6,-3,1]
[4096,768,496,61,31,3,1]
[729,81,72,-11,8,1,1]
[16384,-512,-67,-4,1]
[16384,768,167,6,1]
[256,192,80,52,33,13,5,3,1]
[512,64,64,19,8,1,1]
[2401,-490,76,-10,1]
[4096,0,80,45,5,0,1]
[15625,-375,-39,-3,1]
[4096,320,131,5,1]
[625,350,98,14,1]
[4096,1024,96,47,6,4,1]
[256,0,16,4,9,1,1,0,1]
[6561,1053,170,13,1]
[4096,-1280,208,5,13,-5,1]
[15625,0,103,0,1]
[4096,256,160,-67,10,1,1]
[729,0,18,-10,2,0,1]
[512,-64,88,-23,11,-1,1]
[4096,-3328,1488,-439,93,-13,1]
[4096,-768,128,-83,8,-3,1]
[256,-128,160,-64,53,-16,10,-2,1]
[729,-648,315,-109,35,-8,1]
[256,192,64,-12,-9,-3,4,3,1]
[15625,-2375,247,-19,1]
[4096,768,416,109,26,3,1]
[4096,768,-48,-41,-3,3,1]
[1024,-64,29,-2,1]
[729,-81,198,-19,22,-1,1]
[256,128,64,-20,-9,-5,4,2,1]
[4096,1792,704,171,44,7,1]
[256,-128,144,-64,45,-16,9,-2,1]
[4096,2048,656,143,41,8,1]
[4096,512,64,69,4,2,1]
[4096,512,256,-15,16,2,1]
[4096,2048,816,239,51,8,1]
[4096,1280,352,65,22,5,1]
[512,128,40,-7,5,2,1]
[4096,512,32,57,2,2,1]
[729,162,108,23,12,2,1]
[512,-256,112,-51,14,-4,1]
[6561,-324,-64,-4,1]
[4096,-1280,288,-11,18,-5,1]
[15625,-2000,194,-16,1]
[4096,256,-128,-41,-8,1,1]
[512,-192,72,-27,9,-3,1]
[729,-486,288,-104,32,-6,1]
[4096,-1792,352,-65,22,-7,1]
[14641,-847,45,-7,1]
[4096,-256,-224,19,-14,-1,1]
[15625,-2750,262,-22,1]
[4096,2304,784,219,49,9,1]
[4096,0,32,-95,2,0,1]
[256,-64,-80,0,25,0,-5,-1,1]
[729,324,18,-16,2,4,1]
[729,-54,34,-2,1]
[4096,1536,128,-5,8,6,1]
[4096,-1792,336,-55,21,-7,1]
[4096,-1792,400,-61,25,-7,1]
[14641,-363,-53,-3,1]
[4096,832,145,13,1]
[16384,768,-15,6,1]
[256,64,48,48,17,12,3,1,1]
[4096,-1536,704,-153,44,-6,1]
[729,-405,18,29,2,-5,1]
[4096,0,32,41,2,0,1]
[729,-162,0,-8,0,-2,1]
[729,-162,90,-22,10,-2,1]
[256,0,0,16,5,4,0,0,1]
[256,-192,32,-28,31,-7,2,-3,1]
[729,-486,171,-46,19,-6,1]
[15625,1750,112,14,1]
[256,-320,256,-172,93,-43,16,-5,1]
[256,0,-32,12,-3,3,-2,0,1]
[4096,-1024,192,-57,12,-4,1]
[15625,375,-82,3,1]
[4096,-512,16,15,1,-2,1]
[15625,-4000,479,-32,1]
[4096,512,160,27,10,2,1]
[256,64,32,-12,11,-3,2,1,1]
[256,64,64,8,9,2,4,1,1]
[256,-64,-32,4,3,1,-2,-1,1]
[256,64,-16,0,17,0,-1,1,1]
[729,-405,252,-89,28,-5,1]
[2401,-196,61,-4,1]
[2401,49,-41,1,1]
[4096,1280,464,109,29,5,1]
[512,-64,8,-11,1,-1,1]
[729,81,72,43,8,1,1]
[6561,-324,124,-4,1]
[4096,1152,165,18,1]
[15625,-2750,331,-22,1]
[4096,-2560,1184,-337,74,-10,1]
[729,-486,135,-34,15,-6,1]
[14641,-968,173,-8,1]
[14641,2541,335,21,1]
[4096,2304,944,267,59,9,1]
[4096,2304,752,209,47,9,1]
[4096,1792,608,175,38,7,1]
[14641,726,61,6,1]
[2401,-588,96,-12,1]
[16384,1792,241,14,1]
[2401,784,131,16,1]
[15625,625,-106,5,1]
[512,-256,-40,53,-5,-4,1]
[15625,2000,157,16,1]
[4096,2304,720,193,45,9,1]
[4096,-768,208,-29,13,-3,1]
[729,405,198,83,22,5,1]
[729,-243,9,17,1,-3,1]
[15625,1375,-1,11,1]
[4096,256,336,-17,21,1,1]
[4096,2048,704,215,44,8,1]
[256,-128,176,-56,55,-14,11,-2,1]
[256,128,32,-12,-23,-3,2,2,1]
[16384,1408,73,11,1]
[256,-128,0,-8,23,-2,0,-2,1]
[256,128,48,16,13,4,3,2,1]
[4096,512,32,-55,2,2,1]
[15625,-1250,3,-10,1]
[14641,1089,-17,9,1]
[729,0,72,-29,8,0,1]
[256,128,48,-16,-7,-4,3,2,1]
[512,192,96,39,12,3,1]
[16384,2048,133,16,1]
[4096,-1792,96,49,6,-7,1]
[2401,-98,-59,-2,1]
[256,0,96,20,25,5,6,0,1]
[4096,-512,512,-41,32,-2,1]
[16384,512,111,4,1]
[14641,-2420,206,-20,1]
[729,135,8,5,1]
[15625,1625,236,13,1]
[256,-128,16,8,1,2,1,-2,1]
[729,81,198,20,22,1,1]
[512,128,16,19,2,2,1]
[256,192,160,84,41,21,10,3,1]
[729,-162,180,-32,20,-2,1]
[4096,0,208,-69,13,0,1]
[729,-324,162,-73,18,-4,1]
[4096,448,137,7,1]
[4096,576,25,9,1]
[256,0,48,-4,-3,-1,3,0,1]
[4096,1536,704,191,44,6,1]
[15625,375,197,3,1]
[4096,-1536,496,-89,31,-6,1]
[4096,-512,144,-91,9,-2,1]
[6561,-729,61,-9,1]
[4096,0,-96,37,-6,0,1]
[256,-192,128,-44,29,-11,8,-3,1]
[729,-81,54,-14,6,-1,1]
[4096,-256,96,29,6,-1,1]
[15625,1000,196,8,1]
[16384,-896,191,-7,1]
[6561,-567,5,-7,1]
[256,-256,112,-56,33,-14,7,-4,1]
[256,64,-80,-16,21,-4,-5,1,1]
[16384,-2432,275,-19,1]
[4096,64,1,1,1]
[15625,-1500,199,-12,1]
[14641,-1573,199,-13,1]
[4096,0,-16,49,-1,0,1]
[4096,1536,528,135,33,6,1]
[4096,256,256,3,16,1,1]
[14641,0,-153,0,1]
[4096,2304,688,171,43,9,1]
[512,192,-16,-39,-2,3,1]
[4096,-1280,192,-33,12,-5,1]
[4096,768,48,55,3,3,1]
[16384,-384,209,-3,1]
[4096,-512,224,-101,14,-2,1]
[4096,-1024,272,-35,17,-4,1]
[4096,-1280,-32,71,-2,-5,1]
[729,-81,36,-43,4,-1,1]
[4096,768,153,12,1]
[4096,768,656,77,41,3,1]
[4096,1024,-144,-113,-9,4,1]
[4096,-2048,800,-203,50,-8,1]
[4096,768,192,101,12,3,1]
[6561,1296,152,16,1]
[4096,1280,32,-67,2,5,1]
[15625,-375,-61,-3,1]
[512,128,32,-11,4,2,1]
[16384,-1792,107,-14,1]
[4096,1536,368,117,23,6,1]
[729,-162,99,-17,11,-2,1]
[4096,768,304,65,19,3,1]
[4096,-512,-80,77,-5,-2,1]
[256,128,96,48,13,12,6,2,1]
[4096,768,272,59,17,3,1]
[4096,1024,288,133,18,4,1]
[256,0,96,8,31,2,6,0,1]
[256,0,-16,8,13,2,-1,0,1]
[15625,-4250,524,-34,1]
[6561,-1296,215,-16,1]
[256,-384,224,-48,1,-12,14,-6,1]
[4096,2048,752,179,47,8,1]
[15625,2750,276,22,1]
[4096,-1792,736,-221,46,-7,1]
[729,-81,126,-28,14,-1,1]
[14641,1210,8,10,1]
[15625,750,229,6,1]
[4096,-1280,16,83,1,-5,1]
[4096,-2304,224,49,14,-9,1]
[16384,2304,323,18,1]
[4096,-1280,448,-71,28,-5,1]
[15625,-3250,347,-26,1]
[4096,256,384,9,24,1,1]
[256,0,-7,0,1]
[4096,-1792,880,-211,55,-7,1]
[4096,0,-176,3,-11,0,1]
[256,-192,32,16,-11,4,2,-3,1]
[256,-320,256,-144,73,-36,16,-5,1]
[4096,256,240,-3,15,1,1]
[4096,2560,864,239,54,10,1]
[4096,-2816,976,-261,61,-11,1]
[729,162,99,31,11,2,1]
[15625,-1375,241,-11,1]
[256,64,112,68,27,17,7,1,1]
[14641,-605,184,-5,1]
[15625,125,-201,1,1]
[4096,256,-80,-115,-5,1,1]
[15625,-500,-37,-4,1]
[14641,-1573,135,-13,1]
[2401,196,-11,4,1]
[2401,147,-12,3,1]
[15625,-3000,377,-24,1]
[4096,2048,800,207,50,8,1]
[4096,-256,-64,77,-4,-1,1]
[256,0,80,-32,9,-8,5,0,1]
[729,243,108,14,12,3,1]
[256,192,128,52,27,13,8,3,1]
[4096,512,5,8,1]
[4096,1536,265,24,1]
[256,-128,112,-44,29,-11,7,-2,1]
[256,64,32,-12,1,-3,2,1,1]
[4096,-256,-176,23,-11,-1,1]
[15625,-125,148,-1,1]
[16384,-4480,553,-35,1]
[4096,256,-80,-21,-5,1,1]
[4096,-1024,304,-95,19,-4,1]
[4096,256,80,111,5,1,1]
[4096,0,-64,61,-4,0,1]
[4096,0,-96,79,-6,0,1]
[729,243,171,41,19,3,1]
[4096,-1024,64,41,4,-4,1]
[16384,512,249,4,1]
[256,128,64,4,3,1,4,2,1]
[4096,-512,96,-45,6,-2,1]
[256,0,16,0,5,0,1,0,1]
[14641,-847,21,-7,1]
[256,-64,16,-32,21,-8,1,-1,1]
[6561,1458,194,18,1]
[15625,500,141,4,1]
[15625,1750,282,14,1]
[4096,2560,1072,313,67,10,1]
[15625,125,-127,1,1]
[64,0,4,-1,1,0,1]
[4096,-256,-32,-13,-2,-1,1]
[4096,1536,752,159,47,6,1]
[512,192,104,53,13,3,1]
[16384,-128,233,-1,1]
[729,-81,117,-8,13,-1,1]
[256,-64,176,-20,55,-5,11,-1,1]
[14641,-363,211,-3,1]
[4096,1792,512,101,32,7,1]
[2401,-490,83,-10,1]
[256,-192,96,-52,31,-13,6,-3,1]
[256,-128,64,-16,15,-4,4,-2,1]
[256,128,48,-56,-31,-14,3,2,1]
[4096,-1280,704,-155,44,-5,1]
[4096,-2048,368,-33,23,-8,1]
[4096,-2304,960,-255,60,-9,1]
[14641,-2541,324,-21,1]
[4096,768,496,51,31,3,1]
[4096,1280,-208,-141,-13,5,1]
[256,-128,176,-88,57,-22,11,-2,1]
[2401,539,101,11,1]
[4096,-1792,400,-93,25,-7,1]
[4096,1280,32,-77,2,5,1]
[4096,1216,217,19,1]
[4096,-768,320,-49,20,-3,1]
[15625,-1500,62,-12,1]
[14641,1089,129,9,1]
[729,0,-1,0,1]
[729,-81,9,14,1,-1,1]
[625,25,36,1,1]
[1024,128,1,4,1]
[4096,512,352,99,22,2,1]
[4096,-256,-112,-33,-7,-1,1]
[4096,256,128,87,8,1,1]
[729,-648,342,-133,38,-8,1]
[4096,768,256,119,16,3,1]
[14641,1210,252,10,1]
[625,0,-11,0,1]
[6561,-243,79,-3,1]
[256,192,112,56,37,14,7,3,1]
[512,-64,136,-15,17,-1,1]
[512,-64,72,7,9,-1,1]
[256,64,32,-12,5,-3,2,1,1]
[256,-192,144,-48,31,-12,9,-3,1]
[256,64,128,20,41,5,8,1,1]
[256,-448,432,-300,165,-75,27,-7,1]
[4096,-2304,576,-121,36,-9,1]
[14641,-242,120,-2,1]
[4096,1536,448,107,28,6,1]
[256,192,64,48,39,12,4,3,1]
[256,-320,208,-88,33,-22,13,-5,1]
[2401,490,121,10,1]
[15625,-2125,297,-17,1]
[4096,1024,352,137,22,4,1]
[729,-891,567,-230,63,-11,1]
[512,-128,40,-21,5,-2,1]
[15625,250,-68,2,1]
[15625,1875,256,15,1]
[4096,512,256,19,16,2,1]
[14641,3146,404,26,1]
[729,81,108,20,12,1,1]
[256,192,176,80,53,20,11,3,1]
[256,-128,176,-68,55,-17,11,-2,1]
[6561,-1944,283,-24,1]
[729,567,306,116,34,7,1]
[15625,-1000,-33,-8,1]
[256,64,48,28,31,7,3,1,1]
[4096,1280,512,141,32,5,1]
[4096,-1536,848,-185,53,-6,1]
[4096,1792,432,97,27,7,1]
[729,-81,108,-13,12,-1,1]
[512,-192,88,-51,11,-3,1]
[16384,-1408,211,-11,1]
[14641,-3146,361,-26,1]
[4096,768,-48,-39,-3,3,1]
[15625,-125,-17,-1,1]
[16384,256,253,2,1]
[512,0,-24,-19,-3,0,1]
[14641,-2662,337,-22,1]
[729,81,45,37,5,1,1]
[16384,1408,165,11,1]
[14641,1815,192,15,1]
[4096,512,240,61,15,2,1]
[4096,1792,-144,-173,-9,7,1]
[4096,2304,848,221,53,9,1]
[6561,0,62,0,1]
[4096,-256,64,11,4,-1,1]
[6561,810,97,10,1]
[512,0,16,17,2,0,1]
[256,-256,208,-112,59,-28,13,-4,1]
[729,81,54,34,6,1,1]
[14641,-3146,348,-26,1]
[15625,-1125,117,-9,1]
[14641,847,130,7,1]
[2401,-392,45,-8,1]
[15625,-1125,242,-9,1]
[15625,750,177,6,1]
[16384,896,-95,7,1]
[14641,605,61,5,1]
[4096,-1024,416,-145,26,-4,1]
[14641,-1452,212,-12,1]
[256,192,240,120,87,30,15,3,1]
[512,320,152,55,19,5,1]
[512,320,120,47,15,5,1]
[2401,343,16,7,1]
[729,0,-35,0,1]
[256,64,0,-16,-29,-4,0,1,1]
[14641,-2541,342,-21,1]
[729,-162,-27,13,-3,-2,1]
[256,128,112,60,33,15,7,2,1]
[64,32,24,17,6,2,1]
[15625,2125,212,17,1]
[4096,0,-240,7,-15,0,1]
[256,-64,48,8,-3,2,3,-1,1]
[6561,972,116,12,1]
[512,-256,80,-11,10,-4,1]
[1024,192,7,6,1]
[4096,768,304,127,19,3,1]
[14641,-484,38,-4,1]
[729,567,270,95,30,7,1]
[512,320,184,77,23,5,1]
[64,64,44,25,11,4,1]
[256,128,112,60,47,15,7,2,1]
[4096,1024,192,53,12,4,1]
[4096,-256,48,59,3,-1,1]
[15625,-3750,463,-30,1]
[6561,2187,344,27,1]
[4096,1536,528,121,33,6,1]
[4096,256,-176,-51,-11,1,1]
[4096,-768,336,-99,21,-3,1]
[729,-162,-18,2,-2,-2,1]
[14641,484,-8,4,1]
[4096,-1152,183,-18,1]
[4096,-2048,544,-139,34,-8,1]
[4096,1024,768,119,48,4,1]
[512,-384,64,7,8,-6,1]
[729,-567,297,-115,33,-7,1]
[15625,3250,417,26,1]
[256,-64,16,-8,17,-2,1,-1,1]
[16384,128,203,1,1]
[15625,1875,243,15,1]
[15625,-875,258,-7,1]
[4096,768,-160,-133,-10,3,1]
[16384,-768,-117,-6,1]
[14641,-1936,168,-16,1]
[15625,-3125,363,-25,1]
[14641,-121,-65,-1,1]
[256,-128,48,16,-13,4,3,-2,1]
[729,81,9,-11,1,1,1]
[15625,-4000,486,-32,1]
[16384,-3072,341,-24,1]
[4096,-256,-48,1,-3,-1,1]
[15625,-3750,433,-30,1]
[14641,-605,-20,-5,1]
[2401,147,-38,3,1]
[4096,2048,288,3,18,8,1]
[15625,500,-116,4,1]
[15625,-3125,357,-25,1]
[15625,-4000,482,-32,1]
[15625,-1625,184,-13,1]
[4096,768,480,85,30,3,1]
[14641,-968,29,-8,1]
[256,320,272,180,95,45,17,5,1]
[14641,242,116,2,1]
[16384,-1280,75,-10,1]
[6561,405,38,5,1]
[4096,2816,1248,351,78,11,1]
[2401,-833,143,-17,1]
[256,-64,160,-24,51,-6,10,-1,1]
[4096,1792,592,165,37,7,1]
[256,0,96,-20,21,-5,6,0,1]
[256,-64,48,-8,3,-2,3,-1,1]
[15625,750,78,6,1]
[4096,-2304,288,19,18,-9,1]
[4096,-512,448,-57,28,-2,1]
[512,0,32,-25,4,0,1]
[4096,3840,1872,577,117,15,1]
[256,192,48,-8,-3,-2,3,3,1]
[256,0,-112,0,31,0,-7,0,1]
[4096,-256,112,63,7,-1,1]
[15625,250,-147,2,1]
[4096,-768,176,-101,11,-3,1]
[15625,1875,139,15,1]
[15625,-2125,241,-17,1]
[16384,3200,399,25,1]
[4096,-512,-80,69,-5,-2,1]
[16384,-1024,67,-8,1]
[256,112,37,7,1]
[16384,-1280,153,-10,1]
[4096,1280,224,7,14,5,1]
[4096,-512,176,-99,11,-2,1]
[4096,1792,384,45,24,7,1]
[512,-512,280,-107,35,-8,1]
[256,256,112,20,3,5,7,4,1]
[14641,-1210,225,-10,1]
[16384,-2432,197,-19,1]
[256,-64,-16,12,-15,3,-1,-1,1]
[256,-64,64,-40,27,-10,4,-1,1]
[4096,-1024,288,-79,18,-4,1]
[4096,1024,256,119,16,4,1]
[2401,98,-45,2,1]
[4096,2048,560,151,35,8,1]
[729,-729,405,-160,45,-9,1]
[4096,256,64,23,4,1,1]
[256,64,144,4,37,1,9,1,1]
[4096,768,-160,-129,-10,3,1]
[256,64,64,24,11,6,4,1,1]
[256,320,256,148,81,37,16,5,1]
[16384,-512,-109,-4,1]
[2401,588,121,12,1]
[2401,-490,96,-10,1]
[16384,1664,145,13,1]
[4096,-1024,16,5,1,-4,1]
[729,-162,63,-13,7,-2,1]
[4096,2304,832,233,52,9,1]
[256,-256,144,-92,57,-23,9,-4,1]
[4096,-768,416,-33,26,-3,1]
[512,256,136,53,17,4,1]
[6561,243,53,3,1]
[729,-486,270,-100,30,-6,1]
[16384,-4352,527,-34,1]
[14641,-3751,466,-31,1]
[256,64,48,-20,-1,-5,3,1,1]
[729,-81,81,10,9,-1,1]
[512,-64,32,17,4,-1,1]
[4096,-256,368,-39,23,-1,1]
[4096,1280,208,43,13,5,1]
[256,64,112,16,25,4,7,1,1]
[2401,196,-29,4,1]
[16384,1152,229,9,1]
[15625,-875,-47,-7,1]
[14641,-1694,162,-14,1]
[4096,0,-112,-35,-7,0,1]
[4096,2560,944,275,59,10,1]
[729,-324,99,-16,11,-4,1]
[4096,-256,176,29,11,-1,1]
[4096,448,59,7,1]
[4096,-768,-160,55,-10,-3,1]
[4096,0,512,23,32,0,1]
[4096,768,336,47,21,3,1]
[6561,-81,-71,-1,1]
[15625,2500,321,20,1]
[512,192,72,23,9,3,1]
[4096,1792,608,127,38,7,1]
[4096,-1024,192,15,12,-4,1]
[256,-64,32,-32,13,-8,2,-1,1]
[15625,250,-3,2,1]
[4096,2048,720,187,45,8,1]
[256,0,16,-28,7,-7,1,0,1]
[512,-128,-8,5,-1,-2,1]
[16384,-1152,229,-9,1]
[256,192,16,-4,7,-1,1,3,1]
[729,81,-18,-19,-2,1,1]
[4096,1280,-144,-143,-9,5,1]
[4096,256,144,-33,9,1,1]
[256,128,128,76,33,19,8,2,1]
[256,128,64,40,29,10,4,2,1]
[14641,-1089,140,-9,1]
[6561,-1134,203,-14,1]
[729,486,216,64,24,6,1]
[4096,-256,80,-43,5,-1,1]
[4096,-768,208,-39,13,-3,1]
[14641,-605,118,-5,1]
[14641,363,34,3,1]
[4096,512,288,91,18,2,1]
[729,-243,117,-14,13,-3,1]
[256,0,64,16,11,4,4,0,1]
[256,64,-32,-24,-7,-6,-2,1,1]
[729,162,108,20,12,2,1]
[256,-64,16,-8,27,-2,1,-1,1]
[4096,0,304,-31,19,0,1]
[4096,-768,-32,-7,-2,-3,1]
[15625,1125,81,9,1]
[14641,-605,-111,-5,1]
[4096,-2048,800,-217,50,-8,1]
[4096,768,640,93,40,3,1]
[4096,-512,512,-51,32,-2,1]
[16384,-896,41,-7,1]
[14641,-242,-47,-2,1]
[15625,125,-158,1,1]
[256,-128,64,-36,33,-9,4,-2,1]
[4096,-1280,464,-153,29,-5,1]
[256,-128,32,-28,31,-7,2,-2,1]
[14641,726,108,6,1]
[6561,729,82,9,1]
[4096,-768,496,-45,31,-3,1]
[1024,160,39,5,1]
[125,14,1]
[6561,-1782,236,-22,1]
[256,-64,-16,8,7,2,-1,-1,1]
[729,81,144,7,16,1,1]
[4096,-768,336,-5,21,-3,1]
[256,-64,32,-12,1,-3,2,-1,1]
[4096,-768,224,-39,14,-3,1]
[256,0,64,32,17,8,4,0,1]
[729,-162,189,-31,21,-2,1]
[4096,256,112,59,7,1,1]
[256,128,80,48,9,12,5,2,1]
[256,-192,192,-120,65,-30,12,-3,1]
[6561,-2025,296,-25,1]
[4096,256,592,19,37,1,1]
[256,256,144,52,21,13,9,4,1]
[14641,121,16,1,1]
[4096,-768,144,-17,9,-3,1]
[14641,0,125,0,1]
[14641,1573,174,13,1]
[15625,-1125,257,-9,1]
[14641,-2904,364,-24,1]
[4096,2304,880,251,55,9,1]
[729,-567,351,-128,39,-7,1]
[4096,2048,960,243,60,8,1]
[16384,128,239,1,1]
[4096,256,96,-75,6,1,1]
[4096,1536,688,165,43,6,1]
[14641,484,155,4,1]
[4096,-256,384,-25,24,-1,1]
[729,0,63,20,7,0,1]
[512,-256,-48,53,-6,-4,1]
[4096,-768,272,-19,17,-3,1]
[4096,2304,496,73,31,9,1]
[4096,-512,240,19,15,-2,1]
[2401,-882,163,-18,1]
[6561,-729,103,-9,1]
[256,0,16,0,7,0,1,0,1]
[512,0,8,-3,1,0,1]
[14641,-1573,71,-13,1]
[256,256,240,156,93,39,15,4,1]
[256,320,240,112,53,28,15,5,1]
[4096,-1536,224,-19,14,-6,1]
[512,128,56,35,7,2,1]
[4096,-1792,288,-9,18,-7,1]
[256,0,-32,-12,3,-3,-2,0,1]
[256,-128,16,28,-21,7,1,-2,1]
[256,-256,192,-124,67,-31,12,-4,1]
[4096,3840,1824,551,114,15,1]
[4096,-256,-112,7,-7,-1,1]
[256,-320,192,-124,77,-31,12,-5,1]
[15625,1875,176,15,1]
[15625,-875,-21,-7,1]
[16384,1408,95,11,1]
[16384,0,-155,0,1]
[256,-80,19,-5,1]
[6561,-405,-35,-5,1]
[4096,-768,144,17,9,-3,1]
[512,448,272,111,34,7,1]
[4096,-3072,1232,-347,77,-12,1]
[256,0,16,-12,11,-3,1,0,1]
[4096,768,-96,-123,-6,3,1]
[4096,-256,-48,-69,-3,-1,1]
[4096,-1792,672,-171,42,-7,1]
[256,-128,0,36,-27,9,0,-2,1]
[4096,-768,656,-97,41,-3,1]
[4096,1536,512,145,32,6,1]
[4096,-1024,176,-65,11,-4,1]
[6561,729,20,9,1]
[4096,768,608,77,38,3,1]
[14641,-363,80,-3,1]
[4096,-768,80,51,5,-3,1]
[16384,128,45,1,1]
[4096,-768,320,-105,20,-3,1]
[256,-128,176,-76,55,-19,11,-2,1]
[16384,3968,469,31,1]
[4096,-256,0,-19,0,-1,1]
[16384,-640,-81,-5,1]
[4096,-256,69,-4,1]
[2401,490,102,10,1]
[15625,1500,121,12,1]
[729,-162,62,-6,1]
[14641,3509,439,29,1]
[14641,-3388,376,-28,1]
[6561,-891,88,-11,1]
[4096,-1280,-96,121,-6,-5,1]
[4096,1024,144,1,9,4,1]
[256,320,176,16,-13,4,11,5,1]
[4096,1280,224,15,14,5,1]
[4096,-2048,864,-221,54,-8,1]
[15625,-250,128,-2,1]
[4096,2048,560,115,35,8,1]
[729,0,-27,28,-3,0,1]
[15625,1250,34,10,1]
[256,256,224,160,85,40,14,4,1]
[4096,-256,-16,-25,-1,-1,1]
[14641,-2420,239,-20,1]
[512,-64,0,-13,0,-1,1]
[512,128,56,43,7,2,1]
[729,-567,234,-73,26,-7,1]
[6561,648,-11,8,1]
[4096,-1024,32,-1,2,-4,1]
[512,512,216,69,27,8,1]
[256,-64,128,4,29,1,8,-1,1]
[2401,-980,197,-20,1]
[4096,0,288,5,18,0,1]
[4096,-1536,416,-117,26,-6,1]
[256,-256,144,-52,23,-13,9,-4,1]
[4096,1024,368,73,23,4,1]
[729,243,108,44,12,3,1]
[4096,2048,464,83,29,8,1]
[14641,968,-52,8,1]
[15625,2375,271,19,1]
[4096,-1280,144,-31,9,-5,1]
[729,324,63,10,7,4,1]
[4096,-2048,32,113,2,-8,1]
[729,-81,-9,4,-1,-1,1]
[15625,3125,317,25,1]
[16384,2048,167,16,1]
[1024,160,19,5,1]
[4096,-256,192,33,12,-1,1]
[256,-64,16,28,-23,7,1,-1,1]
[256,128,-16,-8,13,-2,-1,2,1]
[4096,1792,528,143,33,7,1]
[4096,-1536,432,-65,27,-6,1]
[4096,-256,432,3,27,-1,1]
[625,225,59,9,1]
[256,-192,32,12,-3,3,2,-3,1]
[4096,1024,-16,-49,-1,4,1]
[729,-405,126,-40,14,-5,1]
[512,-896,704,-319,88,-14,1]
[256,0,32,16,9,4,2,0,1]
[512,-64,-24,37,-3,-1,1]
[16384,-1280,173,-10,1]
[2401,490,104,10,1]
[15625,-1500,157,-12,1]
[4096,-256,224,55,14,-1,1]
[4096,512,-176,-47,-11,2,1]
[729,-486,153,-38,17,-6,1]
[2401,-294,97,-6,1]
[15625,-500,108,-4,1]
[15625,-1875,203,-15,1]
[256,-128,176,-48,51,-12,11,-2,1]
[256,-128,144,-72,41,-18,9,-2,1]
[4096,1536,208,31,13,6,1]
[16384,1024,227,8,1]
[16384,-640,-31,-5,1]
[729,486,288,95,32,6,1]
[256,256,112,24,5,6,7,4,1]
[15625,875,236,7,1]
[15625,125,148,1,1]
[16384,3968,477,31,1]
[4096,1536,416,91,26,6,1]
[16384,768,181,6,1]
[14641,-2178,229,-18,1]
[15625,-375,71,-3,1]
[729,-162,63,-46,7,-2,1]
[4096,1536,400,99,25,6,1]
[6561,-729,155,-9,1]
[6561,1458,200,18,1]
[512,-192,16,21,2,-3,1]
[4096,1792,576,171,36,7,1]
[256,64,64,36,29,9,4,1,1]
[16384,-4224,513,-33,1]
[729,-81,99,4,11,-1,1]
[4096,512,320,75,20,2,1]
[4096,-2560,896,-225,56,-10,1]
[15625,-125,113,-1,1]
[2401,735,146,15,1]
[4096,-1280,288,-81,18,-5,1]
[729,81,207,16,23,1,1]
[15625,750,-77,6,1]
[15625,-1250,252,-10,1]
[4096,1280,608,111,38,5,1]
[729,162,72,17,8,2,1]
[256,-192,128,-68,35,-17,8,-3,1]
[2401,-98,-19,-2,1]
[15625,-3250,417,-26,1]
[15625,-125,-19,-1,1]
[256,-128,48,0,9,0,3,-2,1]
[625,250,56,10,1]
[16384,768,165,6,1]
[625,-75,39,-3,1]
[4096,-512,208,-113,13,-2,1]
[14641,-3630,439,-30,1]
[4096,2304,528,85,33,9,1]
[14641,-1452,249,-12,1]
[4096,256,336,17,21,1,1]
[512,-384,208,-93,26,-6,1]
[256,0,80,-8,11,-2,5,0,1]
[4096,1280,192,-9,12,5,1]
[16384,-2176,291,-17,1]
[15625,1250,99,10,1]
[4096,-1024,16,55,1,-4,1]
[14641,121,-36,1,1]
[4096,1280,592,137,37,5,1]
[256,512,592,460,267,115,37,8,1]
[14641,242,163,2,1]
[16384,1536,211,12,1]
[15625,-1375,162,-11,1]
[4096,-256,192,-37,12,-1,1]
[512,-128,64,-39,8,-2,1]
[14641,-242,217,-2,1]
[4096,256,93,4,1]
[15625,-875,238,-7,1]
[15625,1375,172,11,1]
[4096,2048,784,201,49,8,1]
[14641,-847,115,-7,1]
[15625,875,19,7,1]
[2401,-637,89,-13,1]
[4096,0,-32,-25,-2,0,1]
[729,-81,-9,19,-1,-1,1]
[4096,0,-64,-73,-4,0,1]
[15625,3250,391,26,1]
[15625,-125,228,-1,1]
[4096,768,-192,-95,-12,3,1]
[729,162,27,17,3,2,1]
[4096,-2304,656,-159,41,-9,1]
[4096,512,480,27,30,2,1]
[4096,1024,160,-11,10,4,1]
[4096,-768,240,-129,15,-3,1]
[14641,-605,65,-5,1]
[15625,375,219,3,1]
[15625,1750,187,14,1]
[16384,-3584,439,-28,1]
[1024,0,13,0,1]
[4096,2560,832,217,52,10,1]
[15625,875,249,7,1]
[512,192,112,37,14,3,1]
[16384,2560,227,20,1]
[6561,-81,157,-1,1]
[4096,768,64,-19,4,3,1]
[14641,726,72,6,1]
[729,-162,-36,47,-4,-2,1]
[4096,256,-96,-97,-6,1,1]
[15625,-500,14,-4,1]
[512,256,-32,-51,-4,4,1]
[4096,1024,272,39,17,4,1]
[4096,-512,-208,79,-13,-2,1]
[729,-81,144,-7,16,-1,1]
[4096,1536,416,125,26,6,1]
[4096,0,144,39,9,0,1]
[4096,-2560,944,-259,59,-10,1]
[4096,-4352,2176,-671,136,-17,1]
[16384,-512,193,-4,1]
[256,64,96,32,27,8,6,1,1]
[512,-192,88,-35,11,-3,1]
[4096,512,64,-27,4,2,1]
[15625,1625,76,13,1]
[4096,-3328,1376,-393,86,-13,1]
[256,128,112,56,47,14,7,2,1]
[4096,256,48,-93,3,1,1]
[4096,3072,1296,383,81,12,1]
[4096,-256,240,-47,15,-1,1]
[729,243,44,9,1]
[15625,3750,424,30,1]
[729,-405,81,-10,9,-5,1]
[256,-64,32,-36,15,-9,2,-1,1]
[4096,1792,432,107,27,7,1]
[15625,-2375,278,-19,1]
[4096,-768,144,-95,9,-3,1]
[4096,0,-96,41,-6,0,1]
[6561,1134,91,14,1]
[4096,-256,80,9,5,-1,1]
[729,-243,18,29,2,-3,1]
[256,128,-32,-20,1,-5,-2,2,1]
[729,243,-27,-50,-3,3,1]
[256,-320,240,-132,67,-33,15,-5,1]
[14641,-484,213,-4,1]
[15625,-500,-82,-4,1]
[729,0,-9,4,-1,0,1]
[4096,-768,96,-63,6,-3,1]
[4096,-1280,-112,101,-7,-5,1]
[15625,250,92,2,1]
[256,128,64,-32,-15,-8,4,2,1]
[256,384,288,164,85,41,18,6,1]
[15625,-1375,44,-11,1]
[4096,768,160,-17,10,3,1]
[16384,768,119,6,1]
[6561,-324,-14,-4,1]
[64,32,-8,-13,-2,2,1]
[256,-128,80,-44,33,-11,5,-2,1]
[16384,1920,217,15,1]
[4096,512,448,13,28,2,1]
[14641,-2541,301,-21,1]
[256,-64,0,16,3,4,0,-1,1]
[14641,4356,563,36,1]
[4096,-768,384,-93,24,-3,1]
[14641,1694,118,14,1]
[256,128,32,-20,-21,-5,2,2,1]
[256,-128,96,-48,27,-12,6,-2,1]
[4096,512,64,-55,4,2,1]
[256,-64,-16,-12,11,-3,-1,-1,1]
[256,64,128,-4,29,-1,8,1,1]
[15625,1500,241,12,1]
[6561,810,169,10,1]
[256,-64,32,12,-9,3,2,-1,1]
[4096,-1536,64,43,4,-6,1]
[4096,1792,544,107,34,7,1]
[4096,0,-64,51,-4,0,1]
[15625,-625,233,-5,1]
[4096,1792,144,-25,9,7,1]
[6561,-1620,200,-20,1]
[15625,-750,26,-6,1]
[14641,-726,150,-6,1]
[14641,1089,119,9,1]
[16384,-768,79,-6,1]
[256,128,64,8,-1,2,4,2,1]
[256,64,144,40,45,10,9,1,1]
[256,-128,16,-12,11,-3,1,-2,1]
[6561,-972,127,-12,1]
[4096,768,96,35,6,3,1]
[256,192,160,88,47,22,10,3,1]
[4096,768,160,-25,10,3,1]
[2401,-49,-15,-1,1]
[14641,-1936,222,-16,1]
[4096,512,224,81,14,2,1]
[4096,1536,192,15,12,6,1]
[14641,-242,53,-2,1]
[729,-405,207,-62,23,-5,1]
[15625,0,-109,0,1]
[2401,-49,34,-1,1]
[4096,512,288,81,18,2,1]
[4096,-1536,-96,137,-6,-6,1]
[16384,-2432,231,-19,1]
[4096,-256,87,-4,1]
[4096,768,160,111,10,3,1]
[4096,1280,400,103,25,5,1]
[4096,768,-160,-111,-10,3,1]
[16384,128,-219,1,1]
[256,0,32,4,1,1,2,0,1]
[15625,500,221,4,1]
[4096,256,144,-57,9,1,1]
[729,243,-36,-52,-4,3,1]
[256,192,224,124,83,31,14,3,1]
[4096,768,32,-81,2,3,1]
[15625,125,-89,1,1]
[15625,125,-169,1,1]
[4096,-1280,-224,175,-14,-5,1]
[14641,-3509,438,-29,1]
[14641,-1936,229,-16,1]
[4096,1024,368,43,23,4,1]
[729,648,315,112,35,8,1]
[16384,1152,243,9,1]
[14641,-605,-119,-5,1]
[4096,-512,208,-99,13,-2,1]
[4096,768,-144,-127,-9,3,1]
[256,64,16,-32,-5,-8,1,1,1]
[14641,1210,265,10,1]
[729,243,72,11,8,3,1]
[2401,-98,96,-2,1]
[16384,256,-19,2,1]
[4096,0,160,-55,10,0,1]
[15625,-3250,378,-26,1]
[256,-384,304,-200,113,-50,19,-6,1]
[512,384,232,95,29,6,1]
[256,256,176,104,63,26,11,4,1]
[4096,1024,192,51,12,4,1]
[14641,-121,-140,-1,1]
[14641,-847,179,-7,1]
[4096,1280,-128,-129,-8,5,1]
[512,-64,32,13,4,-1,1]
[4096,1024,176,23,11,4,1]
[6561,-972,191,-12,1]
[256,-64,16,16,9,4,1,-1,1]
[4096,1536,176,11,11,6,1]
[256,64,96,40,19,10,6,1,1]
[6561,-891,91,-11,1]
[256,0,80,-36,9,-9,5,0,1]
[256,-256,240,-156,83,-39,15,-4,1]
[729,162,72,41,8,2,1]
[729,-405,0,43,0,-5,1]
[2401,490,108,10,1]
[256,0,64,24,21,6,4,0,1]
[4096,0,272,-59,17,0,1]
[4096,-2048,944,-257,59,-8,1]
[6561,-405,-59,-5,1]
[729,0,-9,-7,-1,0,1]
[4096,-1536,624,-149,39,-6,1]
[4096,768,-112,-71,-7,3,1]
[256,128,-32,-4,15,-1,-2,2,1]
[6561,-1458,200,-18,1]
[256,128,0,-28,-23,-7,0,2,1]
[729,162,144,29,16,2,1]
[16384,0,185,0,1]
[4096,512,464,17,29,2,1]
[729,-648,369,-140,41,-8,1]
[4096,-2816,1312,-383,82,-11,1]
[512,-128,0,-1,0,-2,1]
[15625,625,96,5,1]
[256,-192,64,-28,21,-7,4,-3,1]
[15625,-625,-2,-5,1]
[15625,750,107,6,1]
[16384,-1280,265,-10,1]
[15625,-1625,129,-13,1]
[4096,-1024,-144,99,-9,-4,1]
[4096,1792,656,159,41,7,1]
[256,128,96,40,13,10,6,2,1]
[14641,-121,-163,-1,1]
[15625,-500,143,-4,1]
[4096,-512,288,-39,18,-2,1]
[256,-128,48,12,-21,3,3,-2,1]
[4096,512,160,121,10,2,1]
[256,-64,0,4,3,1,0,-1,1]
[4096,1536,-192,-167,-12,6,1]
[4096,1024,480,65,30,4,1]
[15625,0,216,0,1]
[512,-128,16,17,2,-2,1]
[512,512,296,125,37,8,1]
[15625,0,-66,0,1]
[4096,-1536,-128,129,-8,-6,1]
[15625,-2125,194,-17,1]
[2401,0,-24,0,1]
[4096,1792,640,209,40,7,1]
[4096,-704,111,-11,1]
[2401,-294,60,-6,1]
[729,-324,-45,59,-5,-4,1]
[729,162,-45,-37,-5,2,1]
[256,0,0,0,-17,0,0,0,1]
[729,729,432,166,48,9,1]
[14641,-3388,392,-28,1]
[4096,256,16,41,1,1,1]
[729,-81,-9,10,-1,-1,1]
[15625,-375,82,-3,1]
[15625,2250,181,18,1]
[15625,-250,-68,-2,1]
[4096,0,128,49,8,0,1]
[729,0,135,-5,15,0,1]
[729,243,189,40,21,3,1]
[256,0,0,4,-27,1,0,0,1]
[16384,-2688,243,-21,1]
[729,-162,27,20,3,-2,1]
[2401,245,30,5,1]
[14641,-121,-79,-1,1]
[4096,1792,576,181,36,7,1]
[4096,-768,-144,97,-9,-3,1]
[4096,-1280,-192,141,-12,-5,1]
[4096,-2048,384,-61,24,-8,1]
[729,162,72,-8,8,2,1]
[14641,-1210,189,-10,1]
[15625,1500,192,12,1]
[15625,-625,72,-5,1]
[256,-192,144,-68,37,-17,9,-3,1]
[4096,256,416,27,26,1,1]
[14641,1694,94,14,1]
[6561,-81,61,-1,1]
[14641,242,-39,2,1]
[729,0,108,16,12,0,1]
[4096,-768,304,-53,19,-3,1]
[256,-384,320,-204,111,-51,20,-6,1]
[4096,-2048,624,-179,39,-8,1]
[256,64,64,24,15,6,4,1,1]
[512,-64,-48,9,-6,-1,1]
[4096,-1280,624,-149,39,-5,1]
[14641,-605,-21,-5,1]
[16384,-1920,145,-15,1]
[15625,625,37,5,1]
[512,-256,16,19,2,-4,1]
[729,405,81,1,9,5,1]
[4096,-1280,672,-147,42,-5,1]
[4096,768,336,57,21,3,1]
[8,-5,1]
[4096,-2560,960,-263,60,-10,1]
[14641,363,114,3,1]
[4096,512,-112,-123,-7,2,1]
[4096,-1536,320,-95,20,-6,1]
[16384,1024,129,8,1]
[6561,81,47,1,1]
[729,-162,-9,-10,-1,-2,1]
[4096,256,576,27,36,1,1]
[16384,-768,63,-6,1]
[4096,-1024,80,13,5,-4,1]
[4096,1280,352,127,22,5,1]
[4096,-768,-32,13,-2,-3,1]
[14641,-363,149,-3,1]
[14641,1936,168,16,1]
[14641,-2662,358,-22,1]
[256,64,32,24,27,6,2,1,1]
[4096,0,256,-23,16,0,1]
[4096,-768,-48,-1,-3,-3,1]
[6561,162,-47,2,1]
[4096,0,400,41,25,0,1]
[729,-567,342,-127,38,-7,1]
[4096,1280,384,133,24,5,1]
[16384,1792,291,14,1]
[15625,2750,367,22,1]
[6561,-243,52,-3,1]
[729,405,135,47,15,5,1]
[729,-162,-9,37,-1,-2,1]
[256,128,128,68,37,17,8,2,1]
[4096,256,96,-29,6,1,1]
[14641,2178,279,18,1]
[4096,-256,224,19,14,-1,1]
[14641,1452,41,12,1]
[16384,896,53,7,1]
[256,-448,432,-312,177,-78,27,-7,1]
[4096,-1024,368,-139,23,-4,1]
[729,243,99,64,11,3,1]
[2401,-196,86,-4,1]
[4096,-192,-43,-3,1]
[4096,-1280,512,-83,32,-5,1]
[14641,-2420,244,-20,1]
[16384,-1792,245,-14,1]
[4096,-1536,368,-95,23,-6,1]
[729,-81,36,4,4,-1,1]
[4096,0,320,-53,20,0,1]
[6561,1620,236,20,1]
[625,-300,82,-12,1]
[4096,-768,288,-3,18,-3,1]
[4096,-1280,368,-57,23,-5,1]
[14641,363,-12,3,1]
[729,243,27,4,3,3,1]
[729,486,162,53,18,6,1]
[256,-320,256,-160,81,-40,16,-5,1]
[4096,-768,288,-117,18,-3,1]
[16384,-2048,141,-16,1]
[256,-64,32,0,11,0,2,-1,1]
[256,192,48,-40,-29,-10,3,3,1]
[4096,2560,1008,299,63,10,1]
[4096,512,-64,-33,-4,2,1]
[256,256,192,112,57,28,12,4,1]
[15625,875,254,7,1]
[4096,1024,272,71,17,4,1]
[4096,2048,848,249,53,8,1]
[4096,512,368,37,23,2,1]
[14641,1452,277,12,1]
[4096,-128,107,-2,1]
[4096,1024,288,143,18,4,1]
[512,-512,296,-123,37,-8,1]
[4096,-768,528,-91,33,-3,1]
[16384,-3584,445,-28,1]
[512,448,152,39,19,7,1]
[15625,1375,247,11,1]
[4096,-1792,720,-177,45,-7,1]
[256,-64,80,20,3,5,5,-1,1]
[4096,-2048,64,101,4,-8,1]
[256,256,80,-28,-35,-7,5,4,1]
[16384,-2304,309,-18,1]
[256,-256,256,-172,97,-43,16,-4,1]
[512,-64,16,15,2,-1,1]
[256,0,32,-28,3,-7,2,0,1]
[14641,0,62,0,1]
[4096,1536,48,-79,3,6,1]
[256,-128,32,-12,17,-3,2,-2,1]
[256,448,400,240,123,60,25,7,1]
[256,128,32,-8,-13,-2,2,2,1]
[4096,1792,304,37,19,7,1]
[15625,-250,-92,-2,1]
[729,-243,36,14,4,-3,1]
[14641,1815,223,15,1]
[16384,1792,83,14,1]
[256,128,112,68,27,17,7,2,1]
[14641,2178,294,18,1]
[6561,-1296,202,-16,1]
[4096,-1024,32,35,2,-4,1]
[4096,-1792,464,-115,29,-7,1]
[729,-486,243,-97,27,-6,1]
[14641,-1210,262,-10,1]
[256,-64,64,8,3,2,4,-1,1]
[729,-324,-54,68,-6,-4,1]
[4096,1792,400,95,25,7,1]
[4096,-768,608,-67,38,-3,1]
[15625,-1375,86,-11,1]
[4096,256,64,3,4,1,1]
[14641,0,181,0,1]
[14641,-363,52,-3,1]
[14641,242,-19,2,1]
[625,0,-8,0,1]
[4096,448,49,7,1]
[4096,-768,176,-47,11,-3,1]
[15625,1750,124,14,1]
[256,64,16,-24,-23,-6,1,1,1]
[4096,-2304,416,-37,26,-9,1]
[256,-256,96,0,-13,0,6,-4,1]
[4096,-768,528,-71,33,-3,1]
[4096,0,96,-101,6,0,1]
[15625,1000,178,8,1]
[4096,2560,1120,323,70,10,1]
[4096,1024,448,119,28,4,1]
[4096,-1280,-80,119,-5,-5,1]
[4096,-1280,80,27,5,-5,1]
[729,0,9,-23,1,0,1]
[16384,-384,257,-3,1]
[4096,-1792,560,-123,35,-7,1]
[4096,-512,112,-53,7,-2,1]
[14641,363,227,3,1]
[4096,512,128,-41,8,2,1]
[4096,-2816,1072,-291,67,-11,1]
[729,243,81,43,9,3,1]
[6561,1782,235,22,1]
[4096,-768,384,-77,24,-3,1]
[4096,1280,640,121,40,5,1]
[15625,250,147,2,1]
[729,-405,63,-1,7,-5,1]
[6561,567,68,7,1]
[6561,-405,149,-5,1]
[16384,-2304,313,-18,1]
[15625,0,-132,0,1]
[4096,2048,736,185,46,8,1]
[6561,486,98,6,1]
[4096,512,176,-23,11,2,1]
[4096,1280,816,159,51,5,1]
[256,-64,80,-36,25,-9,5,-1,1]
[6561,486,-4,6,1]
[4096,2816,1120,305,70,11,1]
[4096,1024,-32,-49,-2,4,1]
[4096,0,-80,-21,-5,0,1]
[4096,-2304,976,-277,61,-9,1]
[256,64,128,24,33,6,8,1,1]
[4096,-512,96,-81,6,-2,1]
[729,-81,90,11,10,-1,1]
[729,-162,-54,25,-6,-2,1]
[4096,-256,112,-55,7,-1,1]
[4096,768,144,9,9,3,1]
[15625,-250,-76,-2,1]
[4096,-512,368,-67,23,-2,1]
[14641,-3025,331,-25,1]
[4096,-3328,1264,-341,79,-13,1]
[15625,1625,204,13,1]
[729,324,162,65,18,4,1]
[16384,384,-81,3,1]
[256,256,144,52,15,13,9,4,1]
[14641,-1815,184,-15,1]
[4096,-2304,624,-137,39,-9,1]
[256,-128,80,-40,9,-10,5,-2,1]
[15625,-2125,294,-17,1]
[6561,486,-7,6,1]
[256,-256,128,-72,43,-18,8,-4,1]
[64,-32,12,-1,3,-2,1]
[14641,1210,244,10,1]
[64,-32,4,7,1,-2,1]
[4096,384,27,6,1]
[4096,256,192,51,12,1,1]
[256,192,128,36,21,9,8,3,1]
[512,192,104,47,13,3,1]
[15625,-1750,283,-14,1]
[256,128,64,-28,-11,-7,4,2,1]
[6561,243,-95,3,1]
[6561,-648,22,-8,1]
[4096,-1792,240,-21,15,-7,1]
[6561,162,-104,2,1]
[4096,-1024,32,-5,2,-4,1]
[512,384,88,9,11,6,1]
[4096,-256,160,-7,10,-1,1]
[14641,1089,147,9,1]
[15625,2000,174,16,1]
[4096,-1792,704,-203,44,-7,1]
[16384,1280,141,10,1]
[15625,-1000,133,-8,1]
[625,50,-7,2,1]
[4096,1024,144,59,9,4,1]
[4096,1536,384,119,24,6,1]
[729,-567,180,-47,20,-7,1]
[15625,2500,326,20,1]
[14641,-2178,245,-18,1]
[4096,-768,112,-73,7,-3,1]
[4096,-1024,288,-13,18,-4,1]
[729,-162,-54,22,-6,-2,1]
[512,-256,-8,33,-1,-4,1]
[16384,-896,-81,-7,1]
[4096,-1024,352,-119,22,-4,1]
[729,270,56,10,1]
[729,81,72,-10,8,1,1]
[15625,2375,212,19,1]
[512,384,224,91,28,6,1]
[4096,-1792,480,-89,30,-7,1]
[4096,-1792,400,-77,25,-7,1]
[4096,512,80,43,5,2,1]
[729,-162,-45,34,-5,-2,1]
[4096,768,-96,-19,-6,3,1]
[15625,3500,414,28,1]
[729,-162,9,34,1,-2,1]
[15625,-375,-6,-3,1]
[729,-324,54,5,6,-4,1]
[256,64,48,-44,-11,-11,3,1,1]
[4096,2560,896,241,56,10,1]
[16384,2432,223,19,1]
[16384,-2176,269,-17,1]
[15625,-2750,289,-22,1]
[4096,-768,336,-27,21,-3,1]
[4096,-256,112,25,7,-1,1]
[4096,1024,32,-15,2,4,1]
[729,0,36,26,4,0,1]
[4096,1024,-176,-99,-11,4,1]
[4096,-1792,368,-53,23,-7,1]
[6561,-1134,188,-14,1]
[4096,2048,736,237,46,8,1]
[4096,-1280,336,-33,21,-5,1]
[256,128,128,76,41,19,8,2,1]
[15625,-625,224,-5,1]
[4096,256,368,21,23,1,1]
[256,320,208,112,57,28,13,5,1]
[256,256,208,140,83,35,13,4,1]
[256,-128,64,-44,31,-11,4,-2,1]
[64,40,21,5,1]
[4096,-256,192,-39,12,-1,1]
[4096,0,-80,11,-5,0,1]
[729,0,81,-2,9,0,1]
[256,-64,48,-16,31,-4,3,-1,1]
[2401,441,115,9,1]
[6561,-1458,217,-18,1]
[14641,-968,248,-8,1]
[4096,1280,560,111,35,5,1]
[729,405,99,26,11,5,1]
[6561,-891,112,-11,1]
[4096,2048,736,201,46,8,1]
[4096,2048,928,239,58,8,1]
[512,-192,96,-39,12,-3,1]
[729,-162,29,-6,1]
[15625,-3500,418,-28,1]
[729,324,108,44,12,4,1]
[4096,-1280,304,-57,19,-5,1]
[4096,-2048,784,-249,49,-8,1]
[16384,896,165,7,1]
[4096,-768,320,-131,20,-3,1]
[2401,588,93,12,1]
[4096,-1792,496,-121,31,-7,1]
[15625,-1125,-14,-9,1]
[4096,0,144,91,9,0,1]
[4096,512,272,31,17,2,1]
[16384,1152,183,9,1]
[256,-128,32,32,-29,8,2,-2,1]
[15625,-1625,136,-13,1]
[14641,3146,355,26,1]
[6561,648,110,8,1]
[256,-64,16,4,-5,1,1,-1,1]
[4096,-2560,912,-259,57,-10,1]
[4096,-768,192,7,12,-3,1]
[14641,1331,116,11,1]
[625,25,32,1,1]
[512,-256,80,-19,10,-4,1]
[512,-192,120,-35,15,-3,1]
[4096,-1280,80,49,5,-5,1]
[4096,-768,80,31,5,-3,1]
[4096,-1024,48,7,3,-4,1]
[15625,3875,447,31,1]
[4096,-1024,384,-147,24,-4,1]
[4096,1024,256,109,16,4,1]
[512,384,200,85,25,6,1]
[4096,-512,320,-87,20,-2,1]
[2401,637,85,13,1]
[512,-64,48,-3,6,-1,1]
[4096,512,240,73,15,2,1]
[14641,-3751,449,-31,1]
[729,-81,144,-11,16,-1,1]
[4096,1792,752,215,47,7,1]
[15625,1750,99,14,1]
[14641,-968,-36,-8,1]
[4096,-1024,368,-147,23,-4,1]
[256,128,64,-12,-5,-3,4,2,1]
[4096,256,448,-1,28,1,1]
[512,192,64,23,8,3,1]
[4096,-1536,144,5,9,-6,1]
[4096,0,96,95,6,0,1]
[4096,-256,-176,51,-11,-1,1]
[4096,-1280,-128,141,-8,-5,1]
[4096,768,-176,-125,-11,3,1]
[729,405,0,-44,0,5,1]
[4096,1280,384,115,24,5,1]
[4096,1280,448,69,28,5,1]
[256,128,144,40,39,10,9,2,1]
[16384,256,-13,2,1]
[16384,-384,23,-3,1]
[6561,-810,113,-10,1]
[4096,-832,165,-13,1]
[15625,-1000,238,-8,1]
[6561,-1782,278,-22,1]
[4096,1280,416,65,26,5,1]
[4096,-704,125,-11,1]
[4096,-1280,304,-95,19,-5,1]
[4096,-1536,480,-151,30,-6,1]
[15625,-500,-134,-4,1]
[14641,-2178,202,-18,1]
[4096,-1024,112,-47,7,-4,1]
[6561,-162,22,-2,1]
[14641,2299,296,19,1]
[4096,-1536,336,-43,21,-6,1]
[15625,-250,176,-2,1]
[4096,0,0,67,0,0,1]
[729,-243,-63,53,-7,-3,1]
[4096,512,448,87,28,2,1]
[729,162,27,-28,3,2,1]
[14641,2420,274,20,1]
[15625,2000,142,16,1]
[2401,-392,74,-8,1]
[729,243,-9,-37,-1,3,1]
[16384,2176,241,17,1]
[4096,-256,624,-21,39,-1,1]
[729,-729,387,-148,43,-9,1]
[15625,-1375,244,-11,1]
[14641,-3388,377,-28,1]
[256,0,-16,16,9,4,-1,0,1]
[4096,-768,-16,99,-1,-3,1]
[4096,-1280,-128,111,-8,-5,1]
[6561,-1296,211,-16,1]
[15625,-2750,298,-22,1]
[4096,0,304,-29,19,0,1]
[16384,2688,363,21,1]
[256,0,-32,4,-9,1,-2,0,1]
[4096,-192,-15,-3,1]
[729,-243,99,-28,11,-3,1]
[256,192,48,-16,-21,-4,3,3,1]
[4096,-2048,656,-177,41,-8,1]
[4096,512,-80,-69,-5,2,1]
[4096,0,0,55,0,0,1]
[15625,2500,276,20,1]
[512,-448,216,-81,27,-7,1]
[2401,343,101,7,1]
[512,0,-8,-3,-1,0,1]
[4096,768,560,91,35,3,1]
[729,135,16,5,1]
[729,-81,0,-20,0,-1,1]
[15625,-875,-82,-7,1]
[15625,-500,139,-4,1]
[256,-64,16,16,-9,4,1,-1,1]
[256,-256,128,-32,5,-8,8,-4,1]
[64,-24,7,-3,1]
[15625,125,-56,1,1]
[15625,875,212,7,1]
[256,192,144,64,31,16,9,3,1]
[6561,648,136,8,1]
[729,81,-54,-2,-6,1,1]
[729,-162,54,-29,6,-2,1]
[14641,-3146,342,-26,1]
[4096,2816,1072,301,67,11,1]
[15625,500,-94,4,1]
[256,64,144,36,41,9,9,1,1]
[4096,1280,192,51,12,5,1]
[4096,-768,-192,111,-12,-3,1]
[729,-162,81,8,9,-2,1]
[15625,-1500,252,-12,1]
[16384,2688,285,21,1]
[14641,-121,191,-1,1]
[4096,0,32,105,2,0,1]
[4096,-1024,176,-3,11,-4,1]
[256,0,-32,16,21,4,-2,0,1]
[256,320,224,136,77,34,14,5,1]
[4096,-256,192,-17,12,-1,1]
[14641,1210,255,10,1]
[14641,3146,346,26,1]
[512,-256,184,-59,23,-4,1]
[512,-256,-24,45,-3,-4,1]
[16384,768,259,6,1]
[256,128,96,40,17,10,6,2,1]
[4096,1792,816,219,51,7,1]
[4096,-896,129,-14,1]
[14641,-2904,293,-24,1]
[4096,0,336,-47,21,0,1]
[256,-192,96,-20,13,-5,6,-3,1]
[4096,512,256,33,16,2,1]
[4096,0,64,39,4,0,1]
[256,-256,64,64,-57,16,4,-4,1]
[4096,1280,368,133,23,5,1]
[4096,0,336,11,21,0,1]
[16384,1536,271,12,1]
[16384,1920,139,15,1]
[4096,-1280,-160,121,-10,-5,1]
[4096,768,-144,-137,-9,3,1]
[15625,-1500,74,-12,1]
[14641,-2541,250,-21,1]
[15625,-1125,171,-9,1]
[256,128,32,32,31,8,2,2,1]
[4096,1536,448,133,28,6,1]
[4096,-1024,304,-15,19,-4,1]
[4096,-1280,576,-107,36,-5,1]
[4096,256,192,9,12,1,1]
[729,81,-9,-10,-1,1,1]
[15625,0,129,0,1]
[256,-256,192,-92,49,-23,12,-4,1]
[16384,768,111,6,1]
[256,64,96,-16,13,-4,6,1,1]
[4096,-768,208,1,13,-3,1]
[4096,256,128,105,8,1,1]
[4096,-512,-112,57,-7,-2,1]
[729,-486,261,-97,29,-6,1]
[4096,-768,672,-97,42,-3,1]
[6561,1296,163,16,1]
[256,0,32,-44,-3,-11,2,0,1]
[256,128,144,32,35,8,9,2,1]
[4096,-320,-3,-5,1]
[4096,1280,528,155,33,5,1]
[729,-81,81,13,9,-1,1]
[729,243,144,43,16,3,1]
[4096,-1024,448,-127,28,-4,1]
[4096,-512,32,87,2,-2,1]
[4096,-1280,80,3,5,-5,1]
[4096,-1536,752,-191,47,-6,1]
[14641,-2662,245,-22,1]
[16384,-640,67,-5,1]
[4096,1536,512,183,32,6,1]
[512,64,96,7,12,1,1]
[64,-32,20,-15,5,-2,1]
[4096,768,656,79,41,3,1]
[256,0,64,-16,9,-4,4,0,1]
[4096,0,480,25,30,0,1]
[14641,484,37,4,1]
[256,128,64,-44,-23,-11,4,2,1]
[729,-162,72,-23,8,-2,1]
[14641,847,158,7,1]
[15625,-1375,161,-11,1]
[14641,484,202,4,1]
[4096,-2816,1120,-311,70,-11,1]
[4096,-512,272,-55,17,-2,1]
[256,320,160,36,7,9,10,5,1]
[4096,-768,0,25,0,-3,1]
[14641,1210,95,10,1]
[4096,2816,1104,305,69,11,1]
[729,405,261,80,29,5,1]
[729,-243,198,-47,22,-3,1]
[256,-128,48,-28,21,-7,3,-2,1]
[4096,-2560,992,-285,62,-10,1]
[16384,-256,197,-2,1]
[729,-486,189,-52,21,-6,1]
[15625,-2625,223,-21,1]
[729,648,360,133,40,8,1]
[4096,0,384,29,24,0,1]
[4096,768,-208,-113,-13,3,1]
[256,64,-16,-16,3,-4,-1,1,1]
[16384,128,71,1,1]
[4096,2816,1248,359,78,11,1]
[14641,3388,421,28,1]
[4096,64,-69,1,1]
[256,64,-32,4,15,1,-2,1,1]
[729,162,189,29,21,2,1]
[729,324,162,35,18,4,1]
[6561,-486,94,-6,1]
[16384,1280,157,10,1]
[15625,1000,181,8,1]
[512,256,160,53,20,4,1]
[4096,1536,240,-3,15,6,1]
[729,-162,90,-43,10,-2,1]
[4096,0,624,1,39,0,1]
[15625,1250,174,10,1]
[4096,-2816,1088,-299,68,-11,1]
[729,324,126,58,14,4,1]
[256,-64,48,-16,15,-4,3,-1,1]
[4096,1536,432,139,27,6,1]
[729,0,27,-38,3,0,1]
[4096,1280,-144,-121,-9,5,1]
[4096,256,32,-87,2,1,1]
[4096,2048,624,165,39,8,1]
[4096,-384,115,-6,1]
[14641,-3872,496,-32,1]
[14641,2904,377,24,1]
[6561,-243,133,-3,1]
[4096,-1536,496,-151,31,-6,1]
[256,128,128,32,29,8,8,2,1]
[256,0,144,8,41,2,9,0,1]
[6561,810,154,10,1]
[2401,-245,15,-5,1]
[4096,1024,208,-21,13,4,1]
[15625,875,182,7,1]
[256,-320,272,-176,93,-44,17,-5,1]
[256,0,-48,-12,11,-3,-3,0,1]
[4096,-1088,173,-17,1]
[6561,486,121,6,1]
[14641,2057,218,17,1]
[14641,968,246,8,1]
[14641,242,112,2,1]
[4096,0,352,-47,22,0,1]
[729,162,-54,-35,-6,2,1]
[4096,768,112,35,7,3,1]
[4096,1280,416,63,26,5,1]
[256,-192,144,-76,35,-19,9,-3,1]
[14641,1452,237,12,1]
[4096,-2560,1104,-325,69,-10,1]
[256,-128,16,16,-13,4,1,-2,1]
[729,243,198,44,22,3,1]
[16384,-3712,411,-29,1]
[2401,-833,164,-17,1]
[256,0,32,-12,11,-3,2,0,1]
[256,-128,160,-48,47,-12,10,-2,1]
[4096,512,128,107,8,2,1]
[625,250,68,10,1]
[4096,-1280,80,43,5,-5,1]
[256,-64,-64,-8,27,-2,-4,-1,1]
[14641,1452,106,12,1]
[256,-128,64,4,-7,1,4,-2,1]
[512,-384,240,-89,30,-6,1]
[15625,1250,161,10,1]
[512,256,32,-1,4,4,1]
[4096,-1280,256,-69,16,-5,1]
[4096,-1024,528,-121,33,-4,1]
[729,405,9,-37,1,5,1]
[4096,1024,416,55,26,4,1]
[4096,2048,720,197,45,8,1]
[6561,162,125,2,1]
[729,-243,-18,16,-2,-3,1]
[2401,-294,34,-6,1]
[4096,-1536,896,-195,56,-6,1]
[4096,-1280,48,53,3,-5,1]
[729,-243,-9,25,-1,-3,1]
[512,-320,128,-45,16,-5,1]
[512,64,80,9,10,1,1]
[14641,-1089,249,-9,1]
[14641,1815,120,15,1]
[14641,-363,-113,-3,1]
[256,64,32,8,11,2,2,1,1]
[256,64,64,-4,17,-1,4,1,1]
[14641,-4477,576,-37,1]
[14641,-726,-19,-6,1]
[256,64,-64,-4,27,-1,-4,1,1]
[6561,-1620,259,-20,1]
[4096,0,336,43,21,0,1]
[15625,625,99,5,1]
[4096,2048,864,219,54,8,1]
[729,81,99,31,11,1,1]
[15625,-1500,274,-12,1]
[4096,1280,496,137,31,5,1]
[729,-243,63,-20,7,-3,1]
[729,0,27,-44,3,0,1]
[14641,968,76,8,1]
[729,-81,-45,31,-5,-1,1]
[4096,256,48,-53,3,1,1]
[256,64,0,8,19,2,0,1,1]
[4096,256,48,107,3,1,1]
[4096,192,-13,3,1]
[625,-125,52,-5,1]
[15625,375,-11,3,1]
[4096,512,-176,-103,-11,2,1]
[729,405,162,41,18,5,1]
[15625,2750,339,22,1]
[4096,-2560,688,-143,43,-10,1]
[4096,-2816,1120,-333,70,-11,1]
[729,243,54,8,6,3,1]
[256,-256,176,-72,37,-18,11,-4,1]
[256,256,64,-56,-49,-14,4,4,1]
[512,0,-48,9,-6,0,1]
[4096,0,-75,0,1]
[14641,-3630,457,-30,1]
[14641,484,61,4,1]
[4096,-256,448,-5,28,-1,1]
[4096,-2304,704,-187,44,-9,1]
[16384,-2176,265,-17,1]
[4096,1024,272,9,17,4,1]
[256,-64,96,-12,19,-3,6,-1,1]
[6561,567,4,7,1]
[256,192,112,60,37,15,7,3,1]
[512,448,304,119,38,7,1]
[4096,-256,160,-1,10,-1,1]
[4096,0,32,5,2,0,1]
[256,-256,144,-76,41,-19,9,-4,1]
[4096,1280,208,65,13,5,1]
[16384,128,179,1,1]
[4096,1536,0,-67,0,6,1]
[729,-324,-9,44,-1,-4,1]
[4096,1216,207,19,1]
[15625,-2500,218,-20,1]
[15625,125,-39,1,1]
[2401,147,-17,3,1]
[256,-320,176,-36,-1,-9,11,-5,1]
[729,-486,171,-53,19,-6,1]
[4096,2816,1264,375,79,11,1]
[256,-256,112,-60,37,-15,7,-4,1]
[729,-648,351,-137,39,-8,1]
[256,0,-16,4,-15,1,-1,0,1]
[4096,-1792,512,-149,32,-7,1]
[4096,-1280,224,-1,14,-5,1]
[6561,-243,-40,-3,1]
[6561,-81,-113,-1,1]
[2401,245,-8,5,1]
[16384,768,249,6,1]
[729,81,63,41,7,1,1]
[4096,-512,256,-113,16,-2,1]
[4096,-1536,320,-65,20,-6,1]
[4096,512,64,55,4,2,1]
[256,192,80,56,35,14,5,3,1]
[6561,405,-5,5,1]
[4096,-768,496,-107,31,-3,1]
[4096,2560,720,161,45,10,1]
[256,64,-80,-12,13,-3,-5,1,1]
[15625,3375,411,27,1]
[256,128,48,-8,-3,-2,3,2,1]
[4096,-1024,80,15,5,-4,1]
[14641,968,-47,8,1]
[256,64,16,24,29,6,1,1,1]
[256,64,32,-16,7,-4,2,1,1]
[2401,245,88,5,1]
[256,-192,176,-108,57,-27,11,-3,1]
[4096,-512,608,-71,38,-2,1]
[4096,512,16,-57,1,2,1]
[15625,750,244,6,1]
[4096,1536,272,71,17,6,1]
[729,-324,0,26,0,-4,1]
[14641,1331,238,11,1]
[4096,768,368,103,23,3,1]
[4096,2304,752,179,47,9,1]
[4096,0,-112,-49,-7,0,1]
[4096,-1792,32,87,2,-7,1]
[14641,-242,25,-2,1]
[14641,-847,-16,-7,1]
[256,64,112,28,31,7,7,1,1]
[4096,-1792,816,-211,51,-7,1]
[2401,245,90,5,1]
[4096,-256,-192,47,-12,-1,1]
[729,1053,729,305,81,13,1]
[14641,121,109,1,1]
[14641,1210,3,10,1]
[4096,2304,1008,277,63,9,1]
[4096,-512,400,-47,25,-2,1]
[14641,0,119,0,1]
[4096,2048,448,95,28,8,1]
[729,405,135,32,15,5,1]
[4096,256,192,49,12,1,1]
[256,-192,112,8,-7,2,7,-3,1]
[4096,2304,336,5,21,9,1]
[2401,-343,57,-7,1]
[14641,-1573,180,-13,1]
[4096,1536,592,179,37,6,1]
[4096,512,304,65,19,2,1]
[4096,-3072,1360,-405,85,-12,1]
[256,128,-32,8,27,2,-2,2,1]
[16384,0,33,0,1]
[512,-128,72,-43,9,-2,1]
[4096,1024,-192,-109,-12,4,1]
[14641,3388,392,28,1]
[4096,1024,189,16,1]
[256,0,64,-16,21,-4,4,0,1]
[4096,-512,48,-59,3,-2,1]
[256,-256,176,-100,51,-25,11,-4,1]
[14641,-1331,153,-11,1]
[4096,2048,896,223,56,8,1]
[256,-256,240,-152,91,-38,15,-4,1]
[4096,-2304,1024,-289,64,-9,1]
[1024,0,27,0,1]
[4096,-512,-128,95,-8,-2,1]
[81,-18,17,-2,1]
[4096,0,-160,-31,-10,0,1]
[256,-64,-16,8,17,2,-1,-1,1]
[4096,-1280,576,-121,36,-5,1]
[256,-64,112,-12,25,-3,7,-1,1]
[15625,1125,93,9,1]
[729,486,225,70,25,6,1]
[256,0,96,36,21,9,6,0,1]
[4096,-768,-64,43,-4,-3,1]
[256,-384,320,-228,133,-57,20,-6,1]
[15625,2375,313,19,1]
[4096,1280,112,-5,7,5,1]
[6561,324,148,4,1]
[4096,1536,528,165,33,6,1]
[14641,-121,117,-1,1]
[4096,768,256,61,16,3,1]
[4096,1280,0,-87,0,5,1]
[729,-81,72,5,8,-1,1]
[729,-81,-27,32,-3,-1,1]
[4096,512,3,8,1]
[4096,512,256,115,16,2,1]
[15625,1500,223,12,1]
[256,128,160,56,49,14,10,2,1]
[15625,125,34,1,1]
[256,64,16,-28,-5,-7,1,1,1]
[15625,-1500,33,-12,1]
[512,-256,168,-63,21,-4,1]
[729,243,54,19,6,3,1]
[512,0,-56,-1,-7,0,1]
[256,192,160,100,49,25,10,3,1]
[4096,-256,80,-39,5,-1,1]
[14641,1815,96,15,1]
[729,135,13,5,1]
[4096,1280,624,117,39,5,1]
[4096,768,624,99,39,3,1]
[64,-48,-4,13,-1,-3,1]
[14641,-968,-1,-8,1]
[256,128,32,36,21,9,2,2,1]
[4096,-768,304,-37,19,-3,1]
[256,256,224,120,69,30,14,4,1]
[729,243,-36,-38,-4,3,1]
[729,0,9,-20,1,0,1]
[4096,256,32,-69,2,1,1]
[14641,-1452,95,-12,1]
[64,16,12,9,3,1,1]
[512,-256,192,-57,24,-4,1]
[625,-250,59,-10,1]
[16384,-256,-1,-2,1]
[16384,1664,79,13,1]
[14641,242,183,2,1]
[729,324,18,-20,2,4,1]
[4096,-384,105,-6,1]
[256,-64,48,-16,-5,-4,3,-1,1]
[512,256,88,25,11,4,1]
[15625,-750,209,-6,1]
[14641,121,-175,1,1]
[4096,-1280,336,-67,21,-5,1]
[4096,1792,720,193,45,7,1]
[14641,-605,-129,-5,1]
[4096,1536,208,19,13,6,1]
[14641,-2178,195,-18,1]
[1024,96,61,3,1]
[512,-320,136,-57,17,-5,1]
[256,0,-80,0,21,0,-5,0,1]
[4096,-1536,160,1,10,-6,1]
[256,-384,320,-204,109,-51,20,-6,1]
[256,0,-25,0,1]
[256,128,0,-28,-7,-7,0,2,1]
[4096,0,-16,7,-1,0,1]
[4096,-768,-112,87,-7,-3,1]
[512,-256,48,5,6,-4,1]
[4096,768,-64,-65,-4,3,1]
[15625,-1625,236,-13,1]
[4096,-320,41,-5,1]
[15625,-1250,271,-10,1]
[4096,1024,144,47,9,4,1]
[256,256,112,-12,-21,-3,7,4,1]
[64,16,20,11,5,1,1]
[4096,-960,127,-15,1]
[14641,363,-27,3,1]
[2401,-196,10,-4,1]
[4096,-512,592,-61,37,-2,1]
[15625,500,-96,4,1]
[16,4,-3,1,1]
[256,64,16,-16,9,-4,1,1,1]
[729,0,18,-4,2,0,1]
[256,64,64,0,21,0,4,1,1]
[512,-384,184,-65,23,-6,1]
[4096,-512,288,-3,18,-2,1]
[64,0,0,-3,0,0,1]
[729,108,37,4,1]
[256,192,192,136,65,34,12,3,1]
[4096,1792,336,63,21,7,1]
[4096,1024,400,53,25,4,1]
[15625,-500,73,-4,1]
[14641,-3025,336,-25,1]
[4096,-768,672,-83,42,-3,1]
[14641,1694,189,14,1]
[14641,1452,175,12,1]
[6561,729,13,9,1]
[16384,-768,213,-6,1]
[729,324,63,-7,7,4,1]
[256,-192,80,-16,7,-4,5,-3,1]
[15625,-1125,174,-9,1]
[4096,-512,0,11,0,-2,1]
[256,128,144,40,37,10,9,2,1]
[4096,-512,368,-61,23,-2,1]
[256,-64,-48,-12,29,-3,-3,-1,1]
[4096,1792,672,195,42,7,1]
[729,-324,162,-46,18,-4,1]
[4096,1536,512,111,32,6,1]
[729,243,117,49,13,3,1]
[6561,-486,38,-6,1]
[256,64,-16,-12,-17,-3,-1,1,1]
[14641,-242,216,-2,1]
[256,-192,192,-76,53,-19,12,-3,1]
[6561,-648,-17,-8,1]
[6561,-486,-25,-6,1]
[729,-243,117,-43,13,-3,1]
[256,64,32,32,9,8,2,1,1]
[15625,-1125,114,-9,1]
[15625,500,-88,4,1]
[729,486,297,109,33,6,1]
[256,-128,0,-20,33,-5,0,-2,1]
[14641,-1331,199,-11,1]
[16384,-1792,275,-14,1]
[4096,-512,96,3,6,-2,1]
[512,-64,0,-17,0,-1,1]
[16384,-896,29,-7,1]
[16384,2432,291,19,1]
[15625,3500,419,28,1]
[4096,-1792,736,-175,46,-7,1]
[4096,-1280,208,-57,13,-5,1]
[16384,2304,221,18,1]
[15625,-500,-156,-4,1]
[256,128,80,56,35,14,5,2,1]
[4096,384,61,6,1]
[512,0,48,23,6,0,1]
[256,128,0,-4,-3,-1,0,2,1]
[4096,0,192,23,12,0,1]
[4096,1024,-32,-71,-2,4,1]
[4096,-512,-32,-37,-2,-2,1]
[729,162,81,7,9,2,1]
[4096,512,240,-31,15,2,1]
[15625,0,228,0,1]
[14641,2541,243,21,1]
[512,-320,96,-17,12,-5,1]
[4096,1792,848,201,53,7,1]
[15625,-1250,96,-10,1]
[512,-256,136,-57,17,-4,1]
[16384,512,9,4,1]
[729,162,54,-16,6,2,1]
[4096,768,-112,-101,-7,3,1]
[4096,-1536,592,-173,37,-6,1]
[16384,-768,25,-6,1]
[4096,-768,-80,19,-5,-3,1]
[4096,768,224,83,14,3,1]
[2401,-441,79,-9,1]
[14641,2783,353,23,1]
[4096,1792,352,77,22,7,1]
[256,128,-48,-12,15,-3,-3,2,1]
[4096,256,-32,-103,-2,1,1]
[512,-128,72,-1,9,-2,1]
[256,128,16,0,9,0,1,2,1]
[4096,512,496,39,31,2,1]
[256,128,32,-4,1,-1,2,2,1]
[15625,-2875,339,-23,1]
[256,64,128,40,45,10,8,1,1]
[4096,-512,0,-61,0,-2,1]
[2401,98,10,2,1]
[14641,1694,129,14,1]
[4096,3584,1616,481,101,14,1]
[4096,0,48,29,3,0,1]
[512,192,32,17,4,3,1]
[4096,2048,784,197,49,8,1]
[256,0,64,12,25,3,4,0,1]
[256,-192,80,0,-3,0,5,-3,1]
[4096,768,432,103,27,3,1]
[4096,-768,-112,79,-7,-3,1]
[256,64,96,20,25,5,6,1,1]
[729,-81,135,-5,15,-1,1]
[15625,-125,53,-1,1]
[729,-729,423,-173,47,-9,1]
[14641,363,58,3,1]
[6561,810,89,10,1]
[4096,-1536,544,-107,34,-6,1]
[1024,-96,39,-3,1]
[14641,-1331,34,-11,1]
[256,-128,64,8,-11,2,4,-2,1]
[256,0,-32,-8,27,-2,-2,0,1]
[14641,0,71,0,1]
[4096,-2560,880,-223,55,-10,1]
[14641,847,53,7,1]
[14641,1210,177,10,1]
[729,0,117,-20,13,0,1]
[4096,320,-31,5,1]
[4096,576,121,9,1]
[4096,1024,-32,-61,-2,4,1]
[16384,-1408,-5,-11,1]
[256,64,64,4,3,1,4,1,1]
[4096,768,192,3,12,3,1]
[15625,2750,344,22,1]
[6561,-567,110,-7,1]
[729,-81,-27,25,-3,-1,1]
[729,162,72,28,8,2,1]
[256,128,80,48,33,12,5,2,1]
[256,-64,0,24,-9,6,0,-1,1]
[512,256,-24,-39,-3,4,1]
[4096,-2048,864,-237,54,-8,1]
[4096,-768,560,-89,35,-3,1]
[2401,-343,66,-7,1]
[4096,0,-144,-39,-9,0,1]
[4096,1280,208,61,13,5,1]
[4096,0,512,13,32,0,1]
[4096,256,320,67,20,1,1]
[4096,-768,224,19,14,-3,1]
[4096,768,176,-1,11,3,1]
[4096,1152,177,18,1]
[15625,3625,423,29,1]
[4096,-256,-160,57,-10,-1,1]
[15625,-125,-149,-1,1]
[4096,-512,128,-119,8,-2,1]
[256,0,0,0,-1,0,0,0,1]
[4096,512,-32,-19,-2,2,1]
[4096,-2048,304,-21,19,-8,1]
[4096,1536,608,147,38,6,1]
[4096,256,144,83,9,1,1]
[14641,484,129,4,1]
[256,0,160,12,49,3,10,0,1]
[4096,1536,-96,-127,-6,6,1]
[14641,1331,142,11,1]
[256,-128,112,-48,37,-12,7,-2,1]
[2401,-588,95,-12,1]
[4096,384,65,6,1]
[14641,-847,222,-7,1]
[4096,-1024,16,11,1,-4,1]
[4096,1280,368,63,23,5,1]
[729,324,-18,-41,-2,4,1]
[729,-405,171,-64,19,-5,1]
[64,-48,36,-23,9,-3,1]
[4096,1280,208,21,13,5,1]
[14641,4840,640,40,1]
[4096,512,544,53,34,2,1]
[14641,-1694,287,-14,1]
[729,27,-16,1,1]
[256,64,-64,-4,21,-1,-4,1,1]
[256,-64,80,16,3,4,5,-1,1]
[4096,-2304,880,-251,55,-9,1]
[6561,1134,179,14,1]
[16384,-256,-115,-2,1]
[4096,-576,53,-9,1]
[4096,-768,144,-37,9,-3,1]
[6561,729,34,9,1]
[4096,-2560,784,-187,49,-10,1]
[14641,121,-85,1,1]
[4096,128,-29,2,1]
[16384,-1920,263,-15,1]
[4096,512,-32,17,-2,2,1]
[4096,1792,416,65,26,7,1]
[4096,-256,32,99,2,-1,1]
[4096,1024,288,35,18,4,1]
[14641,-363,153,-3,1]
[729,81,36,19,4,1,1]
[4096,-1024,32,31,2,-4,1]
[6561,486,161,6,1]
[512,256,56,-3,7,4,1]
[4096,-1792,640,-159,40,-7,1]
[15625,-1250,168,-10,1]
[729,0,225,-1,25,0,1]
[4096,256,480,19,30,1,1]
[4096,-512,160,19,10,-2,1]
[15625,-3375,371,-27,1]
[6561,-567,-35,-7,1]
[4096,256,192,99,12,1,1]
[4096,-576,51,-9,1]
[14641,-1936,295,-16,1]
[4096,768,272,17,17,3,1]
[6561,567,124,7,1]
[4096,-256,256,-25,16,-1,1]
[256,-192,112,-52,21,-13,7,-3,1]
[15625,-1750,267,-14,1]
[16384,-1664,43,-13,1]
[4096,-256,-112,85,-7,-1,1]
[256,64,32,-8,-11,-2,2,1,1]
[4096,256,-48,-9,-3,1,1]
[4096,1536,48,-53,3,6,1]
[4096,512,672,61,42,2,1]
[729,162,81,5,9,2,1]
[4096,-1024,560,-133,35,-4,1]
[729,-81,135,-8,15,-1,1]
[4096,256,400,-1,25,1,1]
[4096,3328,1424,415,89,13,1]
[256,-128,128,-48,43,-12,8,-2,1]
[4096,256,352,5,22,1,1]
[15625,-1125,-23,-9,1]
[4096,768,240,45,15,3,1]
[4096,1024,368,53,23,4,1]
[4096,-2048,608,-171,38,-8,1]
[256,-128,-64,24,11,6,-4,-2,1]
[4096,-256,64,81,4,-1,1]
[4096,1536,272,17,17,6,1]
[256,-64,128,-40,43,-10,8,-1,1]
[6561,1539,218,19,1]
[4096,1792,656,179,41,7,1]
[256,-64,32,-24,3,-6,2,-1,1]
[4096,-256,-48,47,-3,-1,1]
[256,128,16,16,13,4,1,2,1]
[256,64,64,52,7,13,4,1,1]
[729,-81,108,-31,12,-1,1]
[256,192,80,60,43,15,5,3,1]
[4096,1088,149,17,1]
[4096,512,-112,5,-7,2,1]
[256,192,64,-8,-15,-2,4,3,1]
[16384,-512,77,-4,1]
[4096,0,-32,-41,-2,0,1]
[256,256,192,100,49,25,12,4,1]
[64,32,12,11,3,2,1]
[14641,1452,234,12,1]
[14641,-1210,245,-10,1]
[256,0,80,-44,9,-11,5,0,1]
[14641,3146,369,26,1]
[6561,729,167,9,1]
[15625,-125,-119,-1,1]
[14641,-121,-193,-1,1]
[4096,2048,240,-13,15,8,1]
[4096,2304,864,251,54,9,1]
[4096,-256,304,-77,19,-1,1]
[729,324,153,56,17,4,1]
[4096,-1792,528,-115,33,-7,1]
[4096,1024,544,137,34,4,1]
[4096,-2304,912,-247,57,-9,1]
[4096,384,-15,6,1]
[2401,441,78,9,1]
[15625,2000,212,16,1]
[4096,512,192,-31,12,2,1]
[256,-64,64,-44,15,-11,4,-1,1]
[4096,1024,-96,-109,-6,4,1]
[512,0,-24,5,-3,0,1]
[64,0,-12,-1,-3,0,1]
[256,-192,144,-100,55,-25,9,-3,1]
[4096,-1280,464,-105,29,-5,1]
[15625,2750,341,22,1]
[4096,0,240,49,15,0,1]
[4096,768,464,97,29,3,1]
[15625,-875,-42,-7,1]
[256,-192,96,12,-15,3,6,-3,1]
[4096,1536,864,189,54,6,1]
[729,324,-9,-35,-1,4,1]
[729,-405,162,-68,18,-5,1]
[4096,0,-96,59,-6,0,1]
[15625,-2375,317,-19,1]
[16384,-1408,197,-11,1]
[14641,-726,-28,-6,1]
[4096,2304,560,115,35,9,1]
[4096,1792,368,47,23,7,1]
[256,0,32,-4,25,-1,2,0,1]
[14641,1331,188,11,1]
[256,128,192,76,63,19,12,2,1]
[6561,891,191,11,1]
[14641,-847,112,-7,1]
[256,128,112,36,21,9,7,2,1]
[4096,1280,352,117,22,5,1]
[15625,625,166,5,1]
[4096,-1280,448,-137,28,-5,1]
[14641,-726,17,-6,1]
[4096,-512,176,51,11,-2,1]
[512,-128,8,13,1,-2,1]
[6561,-324,155,-4,1]
[512,320,192,79,24,5,1]
[4096,512,-192,-93,-12,2,1]
[14641,1331,135,11,1]
[729,324,135,43,15,4,1]
[256,64,-48,-12,15,-3,-3,1,1]
[16384,-4224,501,-33,1]
[4096,256,-32,-57,-2,1,1]
[16384,-768,-11,-6,1]
[14641,2299,228,19,1]
[256,0,32,-32,5,-8,2,0,1]
[4096,-512,352,-7,22,-2,1]
[4096,-1472,241,-23,1]
[256,320,112,-56,-63,-14,7,5,1]
[6561,81,-139,1,1]
[4096,-512,64,23,4,-2,1]
[64,-16,12,-13,3,-1,1]
[4096,-768,400,-75,25,-3,1]
[15625,0,-186,0,1]
[4096,1280,448,75,28,5,1]
[2401,-147,10,-3,1]
[4096,-1792,0,103,0,-7,1]
[4096,0,160,-67,10,0,1]
[256,-64,112,-36,41,-9,7,-1,1]
[14641,363,-122,3,1]
[4096,-3072,1440,-419,90,-12,1]
[4096,-512,224,-3,14,-2,1]
[4096,1792,800,187,50,7,1]
[16384,1536,213,12,1]
[512,-320,88,-21,11,-5,1]
[2401,343,9,7,1]
[15625,-1500,122,-12,1]
[15625,375,-37,3,1]
[15625,1000,-59,8,1]
[4096,768,384,39,24,3,1]
[729,-162,72,8,8,-2,1]
[14641,2420,256,20,1]
[6561,2349,365,29,1]
[4096,0,176,57,11,0,1]
[729,-243,99,-29,11,-3,1]
[4096,1024,272,105,17,4,1]
[6561,1134,166,14,1]
[625,125,48,5,1]
[256,0,-32,8,-1,2,-2,0,1]
[512,-320,176,-69,22,-5,1]
[16384,-2560,285,-20,1]
[729,-162,-45,49,-5,-2,1]
[4096,512,29,8,1]
[4096,-2048,256,7,16,-8,1]
[256,-128,48,-44,31,-11,3,-2,1]
[512,-448,256,-107,32,-7,1]
[4096,1536,224,9,14,6,1]
[512,192,24,-9,3,3,1]
[4096,512,-192,-57,-12,2,1]
[16384,768,129,6,1]
[256,192,64,-20,-27,-5,4,3,1]
[729,162,36,20,4,2,1]
[4096,-1792,320,-25,20,-7,1]
[512,64,16,15,2,1,1]
[14641,605,59,5,1]
[256,80,17,5,1]
[729,-324,-27,44,-3,-4,1]
[729,0,54,-17,6,0,1]
[729,-81,9,17,1,-1,1]
[64,16,24,9,6,1,1]
[14641,0,222,0,1]
[4096,2560,816,207,51,10,1]
[729,-324,63,-16,7,-4,1]
[4096,1280,320,77,20,5,1]
[729,-81,189,-17,21,-1,1]
[256,128,128,40,31,10,8,2,1]
[1024,0,-33,0,1]
[14641,726,-92,6,1]
[4096,-768,272,-43,17,-3,1]
[256,64,16,20,13,5,1,1,1]
[729,-648,333,-121,37,-8,1]
[729,-81,126,-5,14,-1,1]
[1024,0,5,0,1]
[16384,-1152,-23,-9,1]
[15625,1125,252,9,1]
[256,64,-80,-4,31,-1,-5,1,1]
[4096,0,320,-23,20,0,1]
[4096,0,-208,-5,-13,0,1]
[15625,2875,306,23,1]
[729,0,47,0,1]
[4096,-256,448,-7,28,-1,1]
[14641,-2662,333,-22,1]
[16384,-256,-171,-2,1]
[14641,0,-202,0,1]
[4096,-256,-32,71,-2,-1,1]
[729,0,-45,-2,-5,0,1]
[15625,0,18,0,1]
[14641,-726,-60,-6,1]
[729,162,72,53,8,2,1]
[16384,1152,21,9,1]
[4096,256,288,41,18,1,1]
[4096,1024,-96,-59,-6,4,1]
[4096,2048,352,35,22,8,1]
[4096,512,-128,-89,-8,2,1]
[2401,-735,113,-15,1]
[14641,242,-60,2,1]
[4096,-512,96,65,6,-2,1]
[256,-128,64,-24,15,-6,4,-2,1]
[4096,64,39,1,1]
[4096,-768,112,-47,7,-3,1]
[2401,-343,17,-7,1]
[512,-192,56,-21,7,-3,1]
[4096,1536,800,187,50,6,1]
[14641,3267,372,27,1]
[4096,-1792,64,77,4,-7,1]
[4096,-1280,368,-75,23,-5,1]
[6561,-810,56,-10,1]
[14641,242,149,2,1]
[15625,-125,146,-1,1]
[6561,-1053,196,-13,1]
[4096,512,272,-17,17,2,1]
[256,-64,0,8,-5,2,0,-1,1]
[4096,256,-112,-3,-7,1,1]
[256,320,208,64,21,16,13,5,1]
[4096,-1792,480,-103,30,-7,1]
[512,-256,168,-49,21,-4,1]
[15625,-2375,338,-19,1]
[15625,-250,-27,-2,1]
[15625,1375,154,11,1]
[4096,1280,-80,-95,-5,5,1]
[4096,-1024,-112,57,-7,-4,1]
[256,-192,80,-60,39,-15,5,-3,1]
[4096,-512,192,-97,12,-2,1]
[729,81,-27,-8,-3,1,1]
[14641,1331,108,11,1]
[14641,-1331,43,-11,1]
[256,128,128,60,37,15,8,2,1]
[729,-243,45,2,5,-3,1]
[4096,-512,112,-105,7,-2,1]
[4096,-512,128,-9,8,-2,1]
[2401,0,-51,0,1]
[729,-162,36,14,4,-2,1]
[4096,-256,48,7,3,-1,1]
[14641,-1452,52,-12,1]
[4096,-768,304,-79,19,-3,1]
[256,-192,96,-44,17,-11,6,-3,1]
[256,0,64,-28,7,-7,4,0,1]
[256,0,16,32,3,8,1,0,1]
[4096,-1024,176,-1,11,-4,1]
[512,64,128,11,16,1,1]
[4096,-4352,2256,-705,141,-17,1]
[16384,-3200,325,-25,1]
[15625,-1625,283,-13,1]
[4096,-768,-192,87,-12,-3,1]
[6561,648,-10,8,1]
[4096,2816,800,175,50,11,1]
[6561,162,-41,2,1]
[729,405,234,79,26,5,1]
[6561,648,8,8,1]
[14641,2783,277,23,1]
[256,-448,496,-368,213,-92,31,-7,1]
[15625,625,34,5,1]
[14641,-2662,320,-22,1]
[15625,0,51,0,1]
[512,192,104,35,13,3,1]
[4096,0,-32,-31,-2,0,1]
[256,64,-48,-4,11,-1,-3,1,1]
[16384,384,-87,3,1]
[256,192,112,44,27,11,7,3,1]
[4096,-1024,480,-97,30,-4,1]
[4096,512,544,57,34,2,1]
[15625,-2000,159,-16,1]
[14641,-242,21,-2,1]
[4096,-1792,464,-123,29,-7,1]
[14641,-968,213,-8,1]
[4096,256,384,59,24,1,1]
[4096,768,-16,-61,-1,3,1]
[256,-64,80,-20,27,-5,5,-1,1]
[14641,484,-139,4,1]
[4096,3072,1072,273,67,12,1]
[256,-64,176,-32,59,-8,11,-1,1]
[14641,363,84,3,1]
[4096,1024,288,129,18,4,1]
[14641,726,19,6,1]
[6561,405,17,5,1]
[729,243,90,31,10,3,1]
[14641,1936,167,16,1]
[14641,3025,377,25,1]
[256,-256,128,-40,11,-10,8,-4,1]
[4096,1536,-32,-111,-2,6,1]
[512,-64,8,-33,1,-1,1]
[4096,512,304,39,19,2,1]
[4096,0,368,1,23,0,1]
[4096,-768,160,-63,10,-3,1]
[6561,0,-106,0,1]
[4096,1280,-96,-115,-6,5,1]
[256,192,128,80,53,20,8,3,1]
[256,64,48,28,1,7,3,1,1]
[256,-128,48,36,-21,9,3,-2,1]
[14641,726,5,6,1]
[15625,-750,66,-6,1]
[14641,-4235,543,-35,1]
[256,128,32,-12,-11,-3,2,2,1]
[2401,784,159,16,1]
[14641,-1694,181,-14,1]
[1024,480,109,15,1]
[256,64,-16,-4,-11,-1,-1,1,1]
[4096,256,96,35,6,1,1]
[125,21,1]
[256,128,0,12,21,3,0,2,1]
[4096,-1792,720,-167,45,-7,1]
[512,192,64,17,8,3,1]
[4096,1792,640,183,40,7,1]
[4096,1024,496,65,31,4,1]
[256,-128,48,28,-13,7,3,-2,1]
[2401,392,15,8,1]
[15625,2125,259,17,1]
[4096,1280,400,115,25,5,1]
[256,64,48,4,-3,1,3,1,1]
[256,-128,96,12,3,3,6,-2,1]
[14641,-2420,315,-20,1]
[16384,-896,109,-7,1]
[4096,-1792,208,23,13,-7,1]
[16384,4352,523,34,1]
[15625,125,-66,1,1]
[256,128,-16,-24,-15,-6,-1,2,1]
[4096,-768,336,-75,21,-3,1]
[4096,-1280,352,-45,22,-5,1]
[256,-384,352,-244,139,-61,22,-6,1]
[4096,1792,432,93,27,7,1]
[256,-64,32,-36,17,-9,2,-1,1]
[4096,0,77,0,1]
[4096,-256,-208,41,-13,-1,1]
[16384,-2048,129,-16,1]
[4096,512,480,29,30,2,1]
[15625,-375,228,-3,1]
[4096,1280,16,-69,1,5,1]
[256,0,48,-32,-7,-8,3,0,1]
[14641,605,230,5,1]
[256,-128,48,-40,31,-10,3,-2,1]
[4096,-768,384,-61,24,-3,1]
[16384,0,9,0,1]
[4096,-1536,-16,73,-1,-6,1]
[256,192,80,0,-7,0,5,3,1]
[6561,-405,164,-5,1]
[4096,512,160,47,10,2,1]
[15625,-2125,221,-17,1]
[4096,1536,512,175,32,6,1]
[4096,1536,416,85,26,6,1]
[4096,-512,-224,75,-14,-2,1]
[4096,512,224,93,14,2,1]
[6561,1377,173,17,1]
[256,192,48,-12,-19,-3,3,3,1]
[4096,-1536,512,-123,32,-6,1]
[15625,375,-129,3,1]
[729,162,81,4,9,2,1]
[6561,-729,164,-9,1]
[4096,768,-176,-99,-11,3,1]
[4096,2304,768,193,48,9,1]
[729,324,225,67,25,4,1]
[14641,-1573,183,-13,1]
[512,-576,360,-151,45,-9,1]
[14641,-726,229,-6,1]
[512,256,32,-5,4,4,1]
[256,0,-16,0,27,0,-1,0,1]
[4096,512,-80,-9,-5,2,1]
[256,-256,224,-124,73,-31,14,-4,1]
[4096,448,45,7,1]
[15625,-875,192,-7,1]
[256,-128,48,4,-3,1,3,-2,1]
[256,64,112,20,31,5,7,1,1]
[256,192,176,92,51,23,11,3,1]
[4096,-2048,928,-253,58,-8,1]
[256,-320,112,24,-31,6,7,-5,1]
[4096,-1024,-32,91,-2,-4,1]
[4096,256,-16,27,-1,1,1]
[14641,-3025,367,-25,1]
