[16384,-512,-159,-4,1]
[256,64,-16,-32,-3,-8,-1,1,1]
[4096,-2304,1104,-297,69,-9,1]
[512,64,72,-7,9,1,1]
[15625,-1250,83,-10,1]
[15625,375,-153,3,1]
[6561,-729,73,-9,1]
[4096,-256,-48,83,-3,-1,1]
[14641,-3267,411,-27,1]
[256,-256,144,-64,27,-16,9,-4,1]
[625,-175,37,-7,1]
[16384,-1152,-3,-9,1]
[625,275,74,11,1]
[4096,-2048,656,-191,41,-8,1]
[14641,2299,254,19,1]
[256,0,48,12,19,3,3,0,1]
[256,0,112,52,19,13,7,0,1]
[4096,-256,96,-109,6,-1,1]
[6561,1863,260,23,1]
[256,192,144,40,23,10,9,3,1]
[4096,-4352,2256,-707,141,-17,1]
[15625,2375,326,19,1]
[15625,375,143,3,1]
[512,0,-32,-19,-4,0,1]
[729,243,81,20,9,3,1]
[256,64,16,0,-1,0,1,1,1]
[14641,2662,287,22,1]
[6561,972,149,12,1]
[4096,256,32,69,2,1,1]
[4096,3072,1456,431,91,12,1]
[16384,-256,67,-2,1]
[15625,-3250,394,-26,1]
[4096,-1024,176,-87,11,-4,1]
[14641,847,134,7,1]
[14641,-3509,399,-29,1]
[256,-128,32,-8,-3,-2,2,-2,1]
[256,-192,48,16,-21,4,3,-3,1]
[16384,1408,41,11,1]
[4096,-512,-96,113,-6,-2,1]
[256,64,0,-4,-17,-1,0,1,1]
[256,-192,64,24,-21,6,4,-3,1]
[512,-64,96,-5,12,-1,1]
[729,-162,22,-6,1]
[4096,512,128,105,8,2,1]
[4096,-256,368,1,23,-1,1]
[512,-64,-40,13,-5,-1,1]
[256,-448,464,-340,193,-85,29,-7,1]
[512,-192,-56,51,-7,-3,1]
[14641,1331,85,11,1]
[256,0,16,-20,17,-5,1,0,1]
[16384,1152,87,9,1]
[4096,2304,1072,287,67,9,1]
[14641,121,-41,1,1]
[14641,-726,-82,-6,1]
[4096,256,128,-51,8,1,1]
[729,-405,225,-79,25,-5,1]
[256,-64,96,-16,33,-4,6,-1,1]
[4096,-512,144,1,9,-2,1]
[14641,-4114,515,-34,1]
[4096,-512,240,-71,15,-2,1]
[729,-162,-54,50,-6,-2,1]
[15625,-250,-176,-2,1]
[729,-162,0,26,0,-2,1]
[2401,1029,201,21,1]
[4096,256,-112,-33,-7,1,1]
[6561,-1053,142,-13,1]
[729,0,0,2,0,0,1]
[512,-192,24,-9,3,-3,1]
[4096,-512,432,-11,27,-2,1]
[16384,-256,119,-2,1]
[729,405,90,20,10,5,1]
[14641,-484,8,-4,1]
[4096,768,336,121,21,3,1]
[729,-81,-18,-5,-2,-1,1]
[4096,-1536,352,-57,22,-6,1]
[256,-128,48,40,-21,10,3,-2,1]
[4096,-1792,944,-225,59,-7,1]
[256,-64,64,-36,11,-9,4,-1,1]
[256,0,64,4,19,1,4,0,1]
[2401,-196,-31,-4,1]
[729,-162,0,-11,0,-2,1]
[4096,-512,45,-8,1]
[4096,1536,512,167,32,6,1]
[6561,-243,40,-3,1]
[4096,0,-96,57,-6,0,1]
[4096,1536,80,-35,5,6,1]
[256,64,48,4,7,1,3,1,1]
[16384,3072,341,24,1]
[256,128,64,12,-7,3,4,2,1]
[14641,-968,39,-8,1]
[4096,768,128,-37,8,3,1]
[4096,1024,-224,-123,-14,4,1]
[512,384,192,85,24,6,1]
[4096,1024,96,-31,6,4,1]
[15625,0,79,0,1]
[256,-320,304,-196,111,-49,19,-5,1]
[16384,-1536,147,-12,1]
[4096,0,-96,39,-6,0,1]
[729,81,63,13,7,1,1]
[16384,1664,113,13,1]
[729,162,72,35,8,2,1]
[4096,256,240,83,15,1,1]
[729,-81,18,8,2,-1,1]
[256,320,288,204,115,51,18,5,1]
[4096,-256,-96,49,-6,-1,1]
[4096,-256,400,-13,25,-1,1]
[4096,0,-176,-17,-11,0,1]
[16384,1664,57,13,1]
[4096,-1280,256,-11,16,-5,1]
[14641,484,26,4,1]
[4096,-2304,800,-193,50,-9,1]
[2401,-49,-80,-1,1]
[512,128,-32,-17,-4,2,1]
[14641,2783,335,23,1]
[14641,-726,97,-6,1]
[4096,2304,800,227,50,9,1]
[15625,1000,-71,8,1]
[4096,-512,64,-83,4,-2,1]
[14641,484,-23,4,1]
[4096,1024,-224,-131,-14,4,1]
[512,0,0,-3,0,0,1]
[729,648,414,158,46,8,1]
[6561,0,-158,0,1]
[4096,-256,-16,-53,-1,-1,1]
[6561,-567,122,-7,1]
[256,64,0,20,21,5,0,1,1]
[256,-64,48,-4,-1,-1,3,-1,1]
[4096,-3072,1088,-279,68,-12,1]
[4096,1536,368,105,23,6,1]
[14641,847,105,7,1]
[256,192,128,64,41,16,8,3,1]
[4096,0,64,-45,4,0,1]
[16384,-1024,205,-8,1]
[256,-128,-32,-4,23,-1,-2,-2,1]
[729,0,-72,1,-8,0,1]
[256,128,80,32,19,8,5,2,1]
[729,-162,99,-2,11,-2,1]
[4096,-768,-32,31,-2,-3,1]
[512,-128,16,-3,2,-2,1]
[15625,-125,-133,-1,1]
[4096,-256,112,5,7,-1,1]
[14641,1936,157,16,1]
[15625,125,-42,1,1]
[6561,-1458,239,-18,1]
[4096,-768,-208,83,-13,-3,1]
[4096,-1024,80,25,5,-4,1]
[729,162,162,28,18,2,1]
[4096,768,-224,-107,-14,3,1]
[15625,875,-33,7,1]
[16384,-2304,269,-18,1]
[6561,-486,-20,-6,1]
[6561,486,146,6,1]
[256,-64,64,-40,21,-10,4,-1,1]
[4096,1280,272,35,17,5,1]
[2401,-98,38,-2,1]
[4096,-512,352,-27,22,-2,1]
[4096,-512,320,-81,20,-2,1]
[729,81,90,-11,10,1,1]
[4096,-640,123,-10,1]
[4096,768,480,45,30,3,1]
[4096,-512,352,-63,22,-2,1]
[4096,1024,288,123,18,4,1]
[4096,512,160,67,10,2,1]
[729,486,252,89,28,6,1]
[4096,-1536,528,-157,33,-6,1]
[256,-192,48,28,-23,7,3,-3,1]
[4096,768,-48,-37,-3,3,1]
[15625,1625,242,13,1]
[512,-320,160,-75,20,-5,1]
[256,0,96,8,29,2,6,0,1]
[4096,-2048,832,-233,52,-8,1]
[4096,-2304,1056,-281,66,-9,1]
[15625,-375,43,-3,1]
[256,64,-64,-12,7,-3,-4,1,1]
[4096,768,64,49,4,3,1]
[14641,-1089,87,-9,1]
[729,-162,189,-25,21,-2,1]
[4096,-256,32,-11,2,-1,1]
[729,324,99,44,11,4,1]
[14641,-1936,191,-16,1]
[256,64,96,36,33,9,6,1,1]
[4096,768,192,-7,12,3,1]
[16384,512,73,4,1]
[2401,-735,143,-15,1]
[512,-64,8,35,1,-1,1]
[15625,-2250,231,-18,1]
[729,81,18,35,2,1,1]
[256,192,128,80,37,20,8,3,1]
[6561,162,5,2,1]
[256,320,272,188,101,47,17,5,1]
[4096,-2048,672,-175,42,-8,1]
[16384,896,19,7,1]
[4096,0,144,85,9,0,1]
[16384,1024,89,8,1]
[512,-448,216,-75,27,-7,1]
[4096,-1024,272,-83,17,-4,1]
[256,64,64,-16,-1,-4,4,1,1]
[729,486,225,83,25,6,1]
[256,-192,80,-24,15,-6,5,-3,1]
[15625,-1875,267,-15,1]
[4096,256,224,-33,14,1,1]
[16384,2432,325,19,1]
[4096,256,-48,69,-3,1,1]
[4096,256,176,-65,11,1,1]
[4096,-512,112,43,7,-2,1]
[14641,-1089,91,-9,1]
[4096,2304,656,139,41,9,1]
[729,243,171,47,19,3,1]
[4096,-768,176,-81,11,-3,1]
[64,0,-4,-11,-1,0,1]
[4096,128,-87,2,1]
[256,128,48,-12,-17,-3,3,2,1]
[256,-256,224,-132,71,-33,14,-4,1]
[16384,-768,125,-6,1]
[4096,-512,112,15,7,-2,1]
[4096,0,-16,77,-1,0,1]
[4096,-256,-96,81,-6,-1,1]
[256,-384,272,-112,45,-28,17,-6,1]
[256,-320,208,-128,73,-32,13,-5,1]
[14641,-726,-61,-6,1]
[4096,-512,512,-79,32,-2,1]
[4096,1280,304,27,19,5,1]
[2401,735,117,15,1]
[729,-81,27,-25,3,-1,1]
[15625,-2500,327,-20,1]
[4096,1536,368,51,23,6,1]
[512,256,176,63,22,4,1]
[729,0,-45,-1,-5,0,1]
[2401,-784,138,-16,1]
[4096,2048,720,195,45,8,1]
[256,64,112,60,29,15,7,1,1]
[256,256,144,72,35,18,9,4,1]
[4096,-1792,320,-57,20,-7,1]
[729,-405,153,-53,17,-5,1]
[729,-810,522,-209,58,-10,1]
[4096,-1792,640,-143,40,-7,1]
[256,-192,96,-8,3,-2,6,-3,1]
[256,64,80,48,25,12,5,1,1]
[512,384,184,67,23,6,1]
[14641,-1089,188,-9,1]
[729,-162,18,25,2,-2,1]
[16384,3968,489,31,1]
[16384,-1152,187,-9,1]
[256,64,64,-52,-11,-13,4,1,1]
[256,128,176,60,55,15,11,2,1]
[15625,250,97,2,1]
[2401,-147,8,-3,1]
[16384,1152,221,9,1]
[512,-256,128,-45,16,-4,1]
[729,0,0,-7,0,0,1]
[4096,-1536,144,39,9,-6,1]
[4096,-3072,1232,-341,77,-12,1]
[6561,486,155,6,1]
[4096,-2816,1200,-353,75,-11,1]
[4096,1792,608,145,38,7,1]
[4096,768,-176,-69,-11,3,1]
[14641,-847,1,-7,1]
[4096,-256,288,-53,18,-1,1]
[4096,-1280,-64,107,-4,-5,1]
[4096,512,160,123,10,2,1]
[4096,1024,320,27,20,4,1]
[14641,-121,130,-1,1]
[16384,1408,257,11,1]
[15625,3250,414,26,1]
[256,128,48,28,27,7,3,2,1]
[6561,972,166,12,1]
[4096,768,-160,-113,-10,3,1]
[729,-162,72,2,8,-2,1]
[4096,-1280,800,-149,50,-5,1]
[64,-32,36,-15,9,-2,1]
[4096,256,-96,-63,-6,1,1]
[15625,-625,-79,-5,1]
[4096,-512,192,-39,12,-2,1]
[4096,-384,-29,-6,1]
[4096,-1792,400,-91,25,-7,1]
[16384,896,149,7,1]
[729,-486,18,43,2,-6,1]
[4096,0,176,-53,11,0,1]
[4096,-256,-32,1,-2,-1,1]
[512,128,0,-27,0,2,1]
[256,-192,144,-72,37,-18,9,-3,1]
[4096,768,96,-29,6,3,1]
[4096,512,-112,-5,-7,2,1]
[4096,-1280,48,23,3,-5,1]
[16,20,13,5,1]
[256,128,112,24,19,6,7,2,1]
[4096,-1536,400,-89,25,-6,1]
[16384,0,-39,0,1]
[64,-80,52,-25,13,-5,1]
[256,0,128,24,31,6,8,0,1]
[512,-320,176,-59,22,-5,1]
[14641,1089,-40,9,1]
[15625,2250,183,18,1]
[4096,768,288,115,18,3,1]
[4096,1024,240,95,15,4,1]
[256,-192,64,8,-21,2,4,-3,1]
[14641,242,92,2,1]
[6561,-162,103,-2,1]
[16384,-2432,219,-19,1]
[4096,1792,912,225,57,7,1]
[256,64,0,-24,-7,-6,0,1,1]
[512,-64,-40,7,-5,-1,1]
[4096,1024,320,147,20,4,1]
[4096,1024,-128,-105,-8,4,1]
[4096,512,368,-5,23,2,1]
[512,-128,88,-25,11,-2,1]
[4096,1536,736,185,46,6,1]
[512,-384,160,-51,20,-6,1]
[16384,-1536,137,-12,1]
[512,-128,-24,7,-3,-2,1]
[4096,2560,1040,293,65,10,1]
[6561,162,139,2,1]
[15625,-375,247,-3,1]
[256,128,16,-8,5,-2,1,2,1]
[4096,-768,128,31,8,-3,1]
[4096,-1280,336,-117,21,-5,1]
[4096,-1280,608,-163,38,-5,1]
[256,128,80,44,25,11,5,2,1]
[729,405,189,64,21,5,1]
[4096,-2816,928,-235,58,-11,1]
[16384,128,-117,1,1]
[4096,2560,1024,305,64,10,1]
[15625,500,-139,4,1]
[256,0,-176,0,57,0,-11,0,1]
[6561,324,19,4,1]
[16384,-640,221,-5,1]
[14641,-242,96,-2,1]
[14641,484,-75,4,1]
[256,-128,16,12,-13,3,1,-2,1]
[15625,-1875,158,-15,1]
[512,64,-40,-1,-5,1,1]
[14641,726,112,6,1]
[4096,-2048,768,-245,48,-8,1]
[4096,512,-96,-119,-6,2,1]
[15625,-125,-114,-1,1]
[512,192,112,43,14,3,1]
[2401,-294,76,-6,1]
[4096,-256,16,1,1,-1,1]
[4096,1792,304,35,19,7,1]
[4096,-768,64,11,4,-3,1]
[4096,-2304,976,-273,61,-9,1]
[15625,250,-23,2,1]
[4096,-1536,720,-159,45,-6,1]
[4096,0,96,43,6,0,1]
[256,-64,80,-24,11,-6,5,-1,1]
[729,0,9,40,1,0,1]
[15625,-1625,121,-13,1]
[14641,121,82,1,1]
[729,729,387,145,43,9,1]
[256,64,64,32,5,8,4,1,1]
[6561,-405,-8,-5,1]
[4096,-1792,832,-207,52,-7,1]
[15625,-1625,66,-13,1]
[4096,-2560,1024,-291,64,-10,1]
[15625,-2375,243,-19,1]
[4096,256,80,-33,5,1,1]
[4096,-256,256,-61,16,-1,1]
[15625,0,3,0,1]
[4096,256,0,77,0,1,1]
[14641,-605,30,-5,1]
[15625,1375,67,11,1]
[4096,1280,688,145,43,5,1]
[15625,-625,-123,-5,1]
[256,192,32,-24,-17,-6,2,3,1]
[4096,256,0,-109,0,1,1]
[4096,1024,480,123,30,4,1]
[4096,2048,400,51,25,8,1]
[4096,-512,-112,135,-7,-2,1]
[4096,-512,96,-111,6,-2,1]
[4096,-1280,464,-97,29,-5,1]
[4096,-512,176,-41,11,-2,1]
[512,384,264,99,33,6,1]
[4096,0,240,63,15,0,1]
[4096,2304,768,219,48,9,1]
[256,-192,64,48,-37,12,4,-3,1]
[512,-64,80,-9,10,-1,1]
[4096,768,-80,-23,-5,3,1]
[6561,-162,119,-2,1]
[256,64,-32,8,27,2,-2,1,1]
[16384,1536,111,12,1]
[4096,-256,128,-61,8,-1,1]
[4096,-768,0,13,0,-3,1]
[256,-64,80,-24,29,-6,5,-1,1]
[4096,-1536,-240,193,-15,-6,1]
[64,16,12,-5,3,1,1]
[4096,-256,-144,3,-9,-1,1]
[256,128,80,4,7,1,5,2,1]
[256,-64,32,-28,23,-7,2,-1,1]
[16384,768,-107,6,1]
[729,405,180,70,20,5,1]
[14641,1089,103,9,1]
[4096,0,336,-43,21,0,1]
[4096,768,448,93,28,3,1]
[15625,875,33,7,1]
[4096,-2048,752,-217,47,-8,1]
[4096,768,-128,-93,-8,3,1]
[4096,-64,87,-1,1]
[729,243,189,49,21,3,1]
[16384,-2048,203,-16,1]
[16384,-3072,399,-24,1]
[15625,-3000,323,-24,1]
[4096,1024,144,9,9,4,1]
[512,-192,104,-29,13,-3,1]
[4096,0,-16,-111,-1,0,1]
[15625,-2625,282,-21,1]
[4096,576,137,9,1]
[64,16,12,-3,3,1,1]
[256,-320,96,76,-75,19,6,-5,1]
[256,0,112,-28,29,-7,7,0,1]
[14641,968,100,8,1]
[4096,1024,432,129,27,4,1]
[14641,-2420,266,-20,1]
[256,0,0,4,25,1,0,0,1]
[15625,2375,203,19,1]
[15625,-250,-103,-2,1]
[16384,128,13,1,1]
[4096,256,-32,35,-2,1,1]
[15625,-1250,134,-10,1]
[14641,968,137,8,1]
[14641,-1089,150,-9,1]
[4096,-512,-128,127,-8,-2,1]
[15625,-500,144,-4,1]
[4096,-256,256,-89,16,-1,1]
[4096,-3072,1024,-251,64,-12,1]
[256,-192,96,-72,43,-18,6,-3,1]
[15625,-1375,34,-11,1]
[15625,375,154,3,1]
[15625,2750,363,22,1]
[729,-243,45,-7,5,-3,1]
[4096,1024,16,-85,1,4,1]
[256,0,0,12,17,3,0,0,1]
[256,128,64,36,35,9,4,2,1]
[14641,0,205,0,1]
[6561,-1134,124,-14,1]
[15625,375,217,3,1]
[14641,968,126,8,1]
[729,243,135,28,15,3,1]
[256,320,240,148,81,37,15,5,1]
[4096,1280,512,79,32,5,1]
[512,64,16,5,2,1,1]
[4096,1024,176,9,11,4,1]
[4096,-512,288,-7,18,-2,1]
[15625,375,164,3,1]
[14641,1936,129,16,1]
[14641,-2420,332,-20,1]
[512,64,72,-1,9,1,1]
[256,-256,224,-132,77,-33,14,-4,1]
[4096,768,288,131,18,3,1]
[729,-108,10,-4,1]
[256,192,128,76,35,19,8,3,1]
[4096,-1792,720,-211,45,-7,1]
[4096,-1792,704,-163,44,-7,1]
[256,-128,144,-56,43,-14,9,-2,1]
[729,-729,414,-164,46,-9,1]
[4096,3328,1504,451,94,13,1]
[4096,2048,800,245,50,8,1]
[729,-324,117,-55,13,-4,1]
[2401,49,-31,1,1]
[4096,-1280,64,41,4,-5,1]
[15625,-250,126,-2,1]
[4096,2304,816,209,51,9,1]
[512,-128,40,1,5,-2,1]
[4096,-512,672,-67,42,-2,1]
[14641,-3630,437,-30,1]
[15625,1750,104,14,1]
[256,128,80,20,19,5,5,2,1]
[16384,384,237,3,1]
[256,-64,16,24,3,6,1,-1,1]
[4096,768,768,95,48,3,1]
[4096,1024,-32,-85,-2,4,1]
[4096,1280,768,159,48,5,1]
[512,64,-8,23,-1,1,1]
[256,0,16,36,3,9,1,0,1]
[4096,1024,352,81,22,4,1]
[256,192,80,12,7,3,5,3,1]
[14641,1936,201,16,1]
[256,-192,64,16,-23,4,4,-3,1]
[729,-243,45,-19,5,-3,1]
[16384,-128,1,-1,1]
[4096,0,512,19,32,0,1]
[729,81,153,8,17,1,1]
[4096,512,368,53,23,2,1]
[256,128,64,24,7,6,4,2,1]
[729,-567,189,-50,21,-7,1]
[4096,256,-64,5,-4,1,1]
[4096,-1024,320,-59,20,-4,1]
[4096,-768,80,25,5,-3,1]
[6561,972,197,12,1]
[4096,1024,32,5,2,4,1]
[4096,-512,-160,85,-10,-2,1]
[16384,-4096,477,-32,1]
[4096,2560,1040,285,65,10,1]
[729,-243,9,29,1,-3,1]
[4096,512,-16,-27,-1,2,1]
[256,-64,48,-48,13,-12,3,-1,1]
[4096,-2304,784,-193,49,-9,1]
[256,64,48,-32,-5,-8,3,1,1]
[6561,810,28,10,1]
[4096,-2048,1056,-267,66,-8,1]
[14641,1815,124,15,1]
[4096,256,-64,-119,-4,1,1]
[14641,-1089,30,-9,1]
[256,-64,-32,0,15,0,-2,-1,1]
[4096,-1280,-32,63,-2,-5,1]
[14641,-2057,284,-17,1]
[512,256,-24,-37,-3,4,1]
[4096,0,320,57,20,0,1]
[729,243,36,5,4,3,1]
[14641,242,142,2,1]
[256,-256,112,-40,21,-10,7,-4,1]
[729,81,18,19,2,1,1]
[4096,1280,192,11,12,5,1]
[4096,2304,848,229,53,9,1]
[256,0,0,-4,3,-1,0,0,1]
[256,64,80,60,15,15,5,1,1]
[15625,750,193,6,1]
[256,192,192,128,67,32,12,3,1]
[4096,768,176,41,11,3,1]
[16384,-384,235,-3,1]
[16384,-2560,239,-20,1]
[6561,-972,61,-12,1]
[4096,-256,-27,-4,1]
[4096,0,-96,21,-6,0,1]
[256,64,-48,0,27,0,-3,1,1]
[4096,1536,704,181,44,6,1]
[14641,1452,228,12,1]
[4096,768,160,7,10,3,1]
[16384,2048,135,16,1]
[14641,-242,-182,-2,1]
[4096,-1024,272,-119,17,-4,1]
[4096,1536,720,155,45,6,1]
[14641,0,-233,0,1]
[14641,1573,208,13,1]
[4096,-2304,608,-123,38,-9,1]
[4096,512,128,43,8,2,1]
[2401,1078,213,22,1]
[14641,0,236,0,1]
[15625,2625,279,21,1]
[4096,-1792,464,-95,29,-7,1]
[4096,1792,384,77,24,7,1]
[4096,1024,272,125,17,4,1]
[256,-64,64,0,13,0,4,-1,1]
[512,64,72,7,9,1,1]
[6561,324,1,4,1]
[256,128,64,28,23,7,4,2,1]
[15625,3250,413,26,1]
[4096,-1024,448,-141,28,-4,1]
[16384,1664,199,13,1]
[4096,1536,272,39,17,6,1]
[14641,-3630,459,-30,1]
[6561,-972,196,-12,1]
[1024,256,47,8,1]
[4096,-1536,224,-17,14,-6,1]
[4096,768,608,69,38,3,1]
[4096,768,-32,-29,-2,3,1]
[256,192,112,40,17,10,7,3,1]
[16384,-896,35,-7,1]
[729,405,18,-34,2,5,1]
[4096,256,320,19,20,1,1]
[729,-324,63,-8,7,-4,1]
[4096,-512,160,-23,10,-2,1]
[4096,768,320,83,20,3,1]
[4096,2048,944,245,59,8,1]
[4096,-1536,464,-125,29,-6,1]
[256,-320,336,-228,135,-57,21,-5,1]
[4096,-768,352,-119,22,-3,1]
[729,-324,-54,64,-6,-4,1]
[729,-810,513,-208,57,-10,1]
[4096,-1792,512,-131,32,-7,1]
[14641,-2541,318,-21,1]
[256,64,112,20,39,5,7,1,1]
[16384,896,-71,7,1]
[256,128,0,24,27,6,0,2,1]
[2401,245,58,5,1]
[15625,-1000,171,-8,1]
[4096,512,32,39,2,2,1]
[729,-405,117,-31,13,-5,1]
[15625,1125,106,9,1]
[512,640,432,185,54,10,1]
[16384,2048,191,16,1]
[64,-32,44,-15,11,-2,1]
[4096,2560,1024,315,64,10,1]
[4096,1536,-96,-115,-6,6,1]
[1024,-64,-11,-2,1]
[729,-243,81,-7,9,-3,1]
[256,-128,144,-68,49,-17,9,-2,1]
[16384,-1408,111,-11,1]
[16384,2432,211,19,1]
[729,81,-7,3,1]
[4096,2560,1008,301,63,10,1]
[15625,-1875,103,-15,1]
[4096,-1024,624,-97,39,-4,1]
[729,-243,9,4,1,-3,1]
[4096,0,-96,-25,-6,0,1]
[625,225,53,9,1]
[4096,0,400,-21,25,0,1]
[4096,-256,288,-13,18,-1,1]
[15625,-1875,178,-15,1]
[4096,640,67,10,1]
[729,0,-36,-20,-4,0,1]
[4096,-512,576,-45,36,-2,1]
[256,-128,32,-4,3,-1,2,-2,1]
[4096,1024,288,135,18,4,1]
[4096,1024,48,7,3,4,1]
[15625,-625,71,-5,1]
[256,128,-32,4,25,1,-2,2,1]
[4096,-768,432,-111,27,-3,1]
[729,-405,180,-62,20,-5,1]
[256,192,144,64,29,16,9,3,1]
[14641,2904,318,24,1]
[14641,242,87,2,1]
[4096,768,48,-11,3,3,1]
[15625,1000,247,8,1]
[4096,-1280,544,-123,34,-5,1]
[4096,256,128,-27,8,1,1]
[4096,-512,80,75,5,-2,1]
[15625,3500,391,28,1]
[256,256,192,104,61,26,12,4,1]
[4096,1024,544,87,34,4,1]
[4096,1536,400,59,25,6,1]
[14641,121,-133,1,1]
[14641,-3267,387,-27,1]
[256,0,32,12,17,3,2,0,1]
[14641,121,158,1,1]
[4096,-256,112,-103,7,-1,1]
[4096,-768,240,17,15,-3,1]
[512,-256,152,-65,19,-4,1]
[4096,-2048,800,-221,50,-8,1]
[14641,-1331,238,-11,1]
[256,0,0,-8,-11,-2,0,0,1]
[16384,-256,-117,-2,1]
[15625,0,93,0,1]
[16384,-1664,211,-13,1]
[16384,256,-79,2,1]
[4096,768,320,17,20,3,1]
[6561,-1134,202,-14,1]
[2401,147,23,3,1]
[64,-32,-4,11,-1,-2,1]
[4096,-512,96,-63,6,-2,1]
[6561,810,41,10,1]
[15625,2625,324,21,1]
[4096,-512,144,39,9,-2,1]
[4096,-1024,80,-21,5,-4,1]
[4096,0,48,-111,3,0,1]
[729,81,-54,-26,-6,1,1]
[4096,384,103,6,1]
[4096,1024,-192,-155,-12,4,1]
[729,-243,54,1,6,-3,1]
[14641,1331,122,11,1]
[729,567,297,104,33,7,1]
[512,-576,376,-159,47,-9,1]
[4096,-768,-208,95,-13,-3,1]
[729,-648,306,-104,34,-8,1]
[14641,-363,188,-3,1]
[16384,-2816,363,-22,1]
[14641,484,34,4,1]
[4096,3328,1312,365,82,13,1]
[4096,256,512,23,32,1,1]
[15625,875,179,7,1]
[16384,128,-165,1,1]
[4096,0,128,-53,8,0,1]
[4096,-1536,816,-189,51,-6,1]
[15625,-3000,382,-24,1]
[4096,0,-16,-1,-1,0,1]
[14641,-242,-171,-2,1]
[2401,0,-41,0,1]
[256,192,144,68,31,17,9,3,1]
[4096,768,-80,-55,-5,3,1]
[4096,768,384,65,24,3,1]
[15625,-1500,183,-12,1]
[512,64,-8,-19,-1,1,1]
[4096,256,160,49,10,1,1]
[729,0,135,-14,15,0,1]
[15625,875,-16,7,1]
[2401,147,-20,3,1]
[256,-384,368,-264,145,-66,23,-6,1]
[16384,-3072,389,-24,1]
[15625,2000,252,16,1]
[4096,640,83,10,1]
[729,-81,36,-49,4,-1,1]
[256,64,-48,12,23,3,-3,1,1]
[15625,-1375,14,-11,1]
[4096,768,496,57,31,3,1]
[4096,2048,464,71,29,8,1]
[4096,0,-96,-23,-6,0,1]
[256,0,0,-20,13,-5,0,0,1]
[14641,-484,108,-4,1]
[512,-256,96,-43,12,-4,1]
[4096,768,64,55,4,3,1]
[4096,-1280,112,5,7,-5,1]
[4096,-1280,32,33,2,-5,1]
[256,-256,288,-176,111,-44,18,-4,1]
[16384,2048,155,16,1]
[2401,833,165,17,1]
[4096,-256,-32,-71,-2,-1,1]
[4096,-768,368,-61,23,-3,1]
[4096,256,80,-69,5,1,1]
[256,-192,-16,40,-15,10,-1,-3,1]
[16384,-256,43,-2,1]
[256,0,16,-20,-15,-5,1,0,1]
[256,192,112,52,29,13,7,3,1]
[256,320,272,144,77,36,17,5,1]
[16384,896,237,7,1]
[4096,1792,608,139,38,7,1]
[15625,-4500,571,-36,1]
[729,-405,243,-89,27,-5,1]
[256,192,48,-28,-21,-7,3,3,1]
[4096,-768,528,-53,33,-3,1]
[64,0,16,3,4,0,1]
[1024,288,79,9,1]
[4096,-512,-112,101,-7,-2,1]
[14641,-968,125,-8,1]
[64,-8,7,-1,1]
[14641,-605,171,-5,1]
[4096,-1792,288,-29,18,-7,1]
[512,64,56,-11,7,1,1]
[15625,-2125,162,-17,1]
[512,64,-16,-25,-2,1,1]
[14641,242,-189,2,1]
[4096,1024,112,-29,7,4,1]
[729,-486,216,-82,24,-6,1]
[15625,-875,153,-7,1]
[2401,392,87,8,1]
[512,-64,112,-19,14,-1,1]
[729,81,90,35,10,1,1]
[15625,-3250,404,-26,1]
[14641,-1331,144,-11,1]
[4096,512,640,59,40,2,1]
[4096,768,272,45,17,3,1]
[4096,-1280,224,-63,14,-5,1]
[729,162,216,35,24,2,1]
[16384,2944,377,23,1]
[2401,-294,81,-6,1]
[4096,-1024,128,-55,8,-4,1]
[4096,3072,1216,341,76,12,1]
[4096,2816,1312,383,82,11,1]
[15625,-1500,92,-12,1]
[729,0,108,8,12,0,1]
[2401,-147,47,-3,1]
[14641,-1089,226,-9,1]
[729,324,-36,-49,-4,4,1]
[4096,-768,336,-63,21,-3,1]
[4096,-1280,608,-133,38,-5,1]
[4096,320,127,5,1]
[14641,3388,380,28,1]
[512,128,-32,-21,-4,2,1]
[4096,-2048,752,-209,47,-8,1]
[4096,256,48,-37,3,1,1]
[729,-243,126,-52,14,-3,1]
[15625,-250,162,-2,1]
[4096,-2048,720,-227,45,-8,1]
[16384,-128,111,-1,1]
[4096,512,16,23,1,2,1]
[15625,-625,238,-5,1]
[4096,576,81,9,1]
[729,-81,81,-26,9,-1,1]
[4096,256,320,25,20,1,1]
[729,-486,189,-56,21,-6,1]
[16384,640,225,5,1]
[512,128,16,-7,2,2,1]
[4096,512,64,-49,4,2,1]
[6561,-2025,289,-25,1]
[4096,256,-112,33,-7,1,1]
[4096,2048,816,231,51,8,1]
[4096,256,-112,1,-7,1,1]
[4096,256,256,45,16,1,1]
[256,-64,80,-28,23,-7,5,-1,1]
[4096,256,-208,-41,-13,1,1]
[4096,768,-112,-59,-7,3,1]
[4096,64,31,1,1]
[4096,-1792,432,-89,27,-7,1]
[729,-486,225,-86,25,-6,1]
[14641,121,-129,1,1]
[6561,-810,127,-10,1]
[14641,-1936,153,-16,1]
[729,-243,81,-11,9,-3,1]
[256,128,112,24,27,6,7,2,1]
[256,64,48,32,29,8,3,1,1]
[6561,-567,-32,-7,1]
[4096,256,352,-13,22,1,1]
[4096,2048,480,83,30,8,1]
[14641,-3267,377,-27,1]
[4096,2048,224,-23,14,8,1]
[256,128,144,48,43,12,9,2,1]
[4096,-256,288,39,18,-1,1]
[4096,-1280,560,-157,35,-5,1]
[4096,-1792,672,-193,42,-7,1]
[15625,2125,172,17,1]
[16384,1024,27,8,1]
[16384,-1920,129,-15,1]
[14641,2299,331,19,1]
[14641,484,-50,4,1]
[4096,2048,768,183,48,8,1]
[9,-4,1]
[4096,-768,528,-77,33,-3,1]
[256,-64,144,-32,45,-8,9,-1,1]
[256,64,192,44,65,11,12,1,1]
[4096,0,0,39,0,0,1]
[4096,-1536,496,-113,31,-6,1]
[256,64,64,36,7,9,4,1,1]
[256,128,144,44,37,11,9,2,1]
[256,64,80,8,27,2,5,1,1]
[4096,0,288,35,18,0,1]
[4096,1280,256,65,16,5,1]
[6561,-567,-4,-7,1]
[625,-75,-19,-3,1]
[4096,1536,496,95,31,6,1]
[4096,-256,160,-99,10,-1,1]
[2401,49,-69,1,1]
[4096,1792,784,217,49,7,1]
[512,-128,80,-21,10,-2,1]
[2401,-490,81,-10,1]
[256,-64,64,-32,5,-8,4,-1,1]
[4096,2816,1040,279,65,11,1]
[14641,-1331,146,-11,1]
[4096,2560,816,193,51,10,1]
[4096,1536,352,79,22,6,1]
[15625,2375,216,19,1]
[6561,-1053,167,-13,1]
[16384,896,155,7,1]
[729,81,153,13,17,1,1]
[4096,-1536,560,-187,35,-6,1]
[16384,256,-161,2,1]
[4096,1024,352,155,22,4,1]
[4096,512,-112,-37,-7,2,1]
[4096,-768,16,9,1,-3,1]
[729,-324,-27,40,-3,-4,1]
[2401,-343,11,-7,1]
[16384,-384,-101,-3,1]
[4096,512,160,-45,10,2,1]
[14641,-968,6,-8,1]
[512,64,120,7,15,1,1]
[729,-243,144,-56,16,-3,1]
[256,64,0,-4,-9,-1,0,1,1]
[4096,256,32,-45,2,1,1]
[729,-81,99,-5,11,-1,1]
[14641,-4356,555,-36,1]
[15625,750,96,6,1]
[14641,-2057,208,-17,1]
[14641,1089,185,9,1]
[4096,-2048,752,-203,47,-8,1]
[15625,3250,401,26,1]
[256,0,-16,4,-13,1,-1,0,1]
[512,64,-40,-3,-5,1,1]
[2401,784,153,16,1]
[16384,1408,193,11,1]
[16384,2944,319,23,1]
[256,-256,144,-60,23,-15,9,-4,1]
[4096,256,464,55,29,1,1]
[4096,-2560,1104,-319,69,-10,1]
[4096,1024,112,-9,7,4,1]
[14641,1210,2,10,1]
[4096,-2048,768,-233,48,-8,1]
[4096,-1792,224,13,14,-7,1]
[16384,-2688,227,-21,1]
[256,64,16,-12,9,-3,1,1,1]
[4096,-3072,1328,-395,83,-12,1]
[15625,-1250,28,-10,1]
[4096,-1280,544,-151,34,-5,1]
[14641,1815,211,15,1]
[256,192,160,84,49,21,10,3,1]
[4096,-512,496,-37,31,-2,1]
[14641,-968,186,-8,1]
[256,-192,160,-60,39,-15,10,-3,1]
[16384,1664,125,13,1]
[2401,147,2,3,1]
[256,64,128,48,35,12,8,1,1]
[4096,-1024,-192,105,-12,-4,1]
[14641,-1815,111,-15,1]
[729,-162,18,16,2,-2,1]
[4096,1280,320,87,20,5,1]
[4096,-1280,688,-137,43,-5,1]
[729,486,252,82,28,6,1]
[4096,256,-176,1,-11,1,1]
[4096,1536,224,33,14,6,1]
[256,320,208,124,69,31,13,5,1]
[256,0,64,20,5,5,4,0,1]
[256,64,48,-16,-9,-4,3,1,1]
[4096,512,80,7,5,2,1]
[729,-162,-45,41,-5,-2,1]
[4096,-768,224,-11,14,-3,1]
[729,-54,26,-2,1]
[4096,-1024,320,-149,20,-4,1]
[64,-16,0,11,0,-1,1]
[256,0,64,4,17,1,4,0,1]
[16384,-384,1,-3,1]
[4096,-2560,896,-243,56,-10,1]
[16384,896,63,7,1]
[4096,-768,240,-93,15,-3,1]
[14641,-242,196,-2,1]
[4096,-256,384,-45,24,-1,1]
[2401,98,82,2,1]
[2401,-294,13,-6,1]
[15625,-1875,183,-15,1]
[512,192,48,3,6,3,1]
[16384,1536,285,12,1]
[256,-128,-16,-4,15,-1,-1,-2,1]
[512,192,8,-1,1,3,1]
[2401,0,19,0,1]
[14641,-3146,333,-26,1]
[4096,2560,880,245,55,10,1]
[4096,0,-16,5,-1,0,1]
[625,-100,-1,-4,1]
[6561,-243,-73,-3,1]
[4096,-1024,512,-93,32,-4,1]
[15625,-2000,188,-16,1]
[4096,-1792,768,-215,48,-7,1]
[729,-162,72,-20,8,-2,1]
[4096,512,16,-45,1,2,1]
[729,-162,162,-28,18,-2,1]
[256,64,-16,-12,13,-3,-1,1,1]
[256,-128,96,-32,13,-8,6,-2,1]
[4096,768,-16,21,-1,3,1]
[256,0,64,12,19,3,4,0,1]
[4096,1024,304,89,19,4,1]
[16384,0,-153,0,1]
[15625,-500,187,-4,1]
[4096,1024,448,59,28,4,1]
[4096,0,80,23,5,0,1]
[4096,-256,32,17,2,-1,1]
[729,81,18,34,2,1,1]
[4096,-1792,256,-29,16,-7,1]
[15625,-1375,106,-11,1]
[15625,4000,501,32,1]
[15625,250,231,2,1]
[256,192,32,-8,-5,-2,2,3,1]
[6561,-243,-86,-3,1]
[14641,968,10,8,1]
[729,-486,261,-88,29,-6,1]
[4096,0,79,0,1]
[14641,-1089,133,-9,1]
[729,243,126,23,14,3,1]
[4096,512,-64,-67,-4,2,1]
[2401,-196,-40,-4,1]
[256,-192,32,44,-35,11,2,-3,1]
[4096,0,112,55,7,0,1]
[4096,256,-96,13,-6,1,1]
[14641,1452,166,12,1]
[4096,-768,368,-45,23,-3,1]
[4096,256,176,61,11,1,1]
[4096,1280,752,149,47,5,1]
[4096,-512,32,-7,2,-2,1]
[16384,-128,-95,-1,1]
[4096,1536,160,-1,10,6,1]
[512,-256,48,-11,6,-4,1]
[4096,-256,-128,-23,-8,-1,1]
[2401,588,125,12,1]
[256,64,-80,0,25,0,-5,1,1]
[4096,-768,112,33,7,-3,1]
[14641,1815,112,15,1]
[4096,-256,-64,43,-4,-1,1]
[4096,-1024,608,-117,38,-4,1]
[14641,968,61,8,1]
[6561,-2106,313,-26,1]
[15625,1875,154,15,1]
[4096,-512,-112,61,-7,-2,1]
[4096,-512,-48,-9,-3,-2,1]
[4096,-1536,512,-127,32,-6,1]
[15625,750,23,6,1]
[14641,-2662,316,-22,1]
[256,-448,400,-252,133,-63,25,-7,1]
[729,324,207,68,23,4,1]
[256,-128,176,-88,59,-22,11,-2,1]
[256,-192,96,-4,-3,-1,6,-3,1]
[15625,3500,434,28,1]
[256,192,160,104,59,26,10,3,1]
[512,256,40,7,5,4,1]
[256,32,9,2,1]
[4096,768,-32,-85,-2,3,1]
[256,-64,-16,28,-7,7,-1,-1,1]
[729,-324,153,-52,17,-4,1]
[6561,-1539,187,-19,1]
[4096,256,448,1,28,1,1]
[14641,605,-10,5,1]
[729,243,-18,-35,-2,3,1]
[4096,1792,928,225,58,7,1]
[16384,0,245,0,1]
[4096,0,-96,-49,-6,0,1]
[4096,256,208,15,13,1,1]
[15625,-1000,206,-8,1]
[15625,125,-152,1,1]
[14641,1331,72,11,1]
[729,0,72,-31,8,0,1]
[4096,2816,960,255,60,11,1]
[512,64,144,19,18,1,1]
[4096,192,21,3,1]
[729,162,117,28,13,2,1]
[15625,-2375,244,-19,1]
[14641,-1089,175,-9,1]
[4096,-256,160,-101,10,-1,1]
[256,-256,176,-100,45,-25,11,-4,1]
[16384,3968,447,31,1]
[4096,-512,96,-69,6,-2,1]
[4096,-640,145,-10,1]
[4096,-1280,352,-109,22,-5,1]
[4096,-1024,-144,125,-9,-4,1]
[6561,-81,-10,-1,1]
[4096,-512,336,-25,21,-2,1]
[4096,256,272,65,17,1,1]
[14641,2420,201,20,1]
[16384,1792,263,14,1]
[256,128,208,68,69,17,13,2,1]
[15625,1500,168,12,1]
[2401,49,47,1,1]
[4096,-3328,1184,-303,74,-13,1]
[4096,1024,256,127,16,4,1]
[4096,256,-64,-49,-4,1,1]
[4096,1280,48,-45,3,5,1]
[4096,-256,32,-87,2,-1,1]
[4096,1024,32,-29,2,4,1]
[4096,-256,240,23,15,-1,1]
[6561,405,-41,5,1]
[729,-81,-45,40,-5,-1,1]
[16384,-384,-167,-3,1]
[4096,1024,-96,-53,-6,4,1]
[729,162,135,29,15,2,1]
[4096,-2048,448,-85,28,-8,1]
[256,320,224,152,89,38,14,5,1]
[15625,750,66,6,1]
[14641,968,-30,8,1]
[16384,640,-109,5,1]
[4096,-1280,-96,111,-6,-5,1]
[15625,500,122,4,1]
[4096,-512,144,-131,9,-2,1]
[4096,-1792,848,-203,53,-7,1]
[4096,2560,912,259,57,10,1]
[256,-128,96,-32,11,-8,6,-2,1]
[4096,256,-61,4,1]
[256,128,176,64,55,16,11,2,1]
[4096,-512,-176,37,-11,-2,1]
[4096,0,-32,-17,-2,0,1]
[4096,-256,-16,47,-1,-1,1]
[4096,1792,672,201,42,7,1]
[4096,-1792,240,-3,15,-7,1]
[15625,750,91,6,1]
[4096,0,-128,41,-8,0,1]
[729,-81,36,-41,4,-1,1]
[4096,-1280,-48,73,-3,-5,1]
[16384,2304,253,18,1]
[16384,-2048,307,-16,1]
[16384,-3072,331,-24,1]
[512,0,104,-3,13,0,1]
[512,-192,24,13,3,-3,1]
[729,-81,27,4,3,-1,1]
[4096,-256,400,-61,25,-1,1]
[15625,250,-137,2,1]
[2401,-686,99,-14,1]
[4096,-2304,1056,-287,66,-9,1]
[4096,512,64,81,4,2,1]
[256,-64,64,12,7,3,4,-1,1]
[4096,-512,240,-67,15,-2,1]
[256,320,304,204,119,51,19,5,1]
[4096,1280,480,155,30,5,1]
[4096,1280,336,131,21,5,1]
[64,-16,4,3,1,-1,1]
[256,384,256,92,29,23,16,6,1]
[729,189,28,7,1]
[15625,-1625,56,-13,1]
[729,162,45,5,5,2,1]
[256,0,80,16,11,4,5,0,1]
[256,-128,-16,8,1,2,-1,-2,1]
[14641,242,185,2,1]
[6561,1296,193,16,1]
[4096,-1792,-64,129,-4,-7,1]
[729,648,360,149,40,8,1]
[14641,-1452,115,-12,1]
[729,108,55,4,1]
[14641,1210,70,10,1]
[625,275,63,11,1]
[15625,-250,142,-2,1]
[14641,968,63,8,1]
[15625,3875,459,31,1]
[729,324,-9,-31,-1,4,1]
[729,0,-9,43,-1,0,1]
[4096,256,96,41,6,1,1]
[2401,-637,129,-13,1]
[4096,-512,320,-21,20,-2,1]
[4096,-2304,704,-169,44,-9,1]
[729,0,81,-19,9,0,1]
[14641,-3025,329,-25,1]
[729,567,279,98,31,7,1]
[256,-192,48,24,-27,6,3,-3,1]
[729,-162,36,2,4,-2,1]
[4096,-768,400,-119,25,-3,1]
[16384,128,-85,1,1]
[256,-64,48,-24,-7,-6,3,-1,1]
[14641,-363,162,-3,1]
[14641,484,-130,4,1]
[512,-192,32,-17,4,-3,1]
[16384,-256,53,-2,1]
[4096,-1024,128,-3,8,-4,1]
[16384,-640,-103,-5,1]
[64,16,16,3,4,1,1]
[4096,-256,336,-7,21,-1,1]
[16384,-2048,259,-16,1]
[4096,-512,240,31,15,-2,1]
[4096,1024,-176,-147,-11,4,1]
[4096,-2816,1168,-347,73,-11,1]
[14641,-2783,284,-23,1]
[256,-192,160,-108,51,-27,10,-3,1]
[729,81,162,17,18,1,1]
[4096,-256,80,-57,5,-1,1]
[15625,-1375,184,-11,1]
[15625,-750,19,-6,1]
[729,-162,0,23,0,-2,1]
[512,64,112,17,14,1,1]
[15625,-2625,281,-21,1]
[6561,1863,289,23,1]
[256,64,32,4,23,1,2,1,1]
[4096,-1280,96,11,6,-5,1]
[16384,512,147,4,1]
[256,0,64,16,9,4,4,0,1]
[14641,242,-190,2,1]
[256,-128,144,-60,45,-15,9,-2,1]
[14641,-484,86,-4,1]
[4096,1536,256,41,16,6,1]
[4096,-2304,736,-189,46,-9,1]
[14641,-1089,201,-9,1]
[4096,-1280,480,-101,30,-5,1]
[15625,-500,-56,-4,1]
[4096,-768,192,-99,12,-3,1]
[256,-128,16,0,-3,0,1,-2,1]
[256,-256,208,-128,73,-32,13,-4,1]
[16384,-2432,301,-19,1]
[4096,1024,-192,-145,-12,4,1]
[729,-162,45,-26,5,-2,1]
[15625,-3375,423,-27,1]
[4096,-1280,336,-35,21,-5,1]
[4096,1536,464,127,29,6,1]
[14641,2904,294,24,1]
[4096,-1280,176,19,11,-5,1]
[15625,3625,418,29,1]
[256,-256,192,-112,51,-28,12,-4,1]
[4096,1536,432,131,27,6,1]
[4096,0,48,-79,3,0,1]
[625,-25,49,-1,1]
[14641,847,216,7,1]
[256,64,48,20,19,5,3,1,1]
[4096,1088,197,17,1]
[4096,-512,176,-85,11,-2,1]
[4096,-1536,704,-155,44,-6,1]
[4096,2048,272,-7,17,8,1]
[256,0,80,12,31,3,5,0,1]
[512,320,120,45,15,5,1]
[256,64,48,-20,-3,-5,3,1,1]
[729,0,90,-17,10,0,1]
[4096,768,-80,-117,-5,3,1]
[15625,-1375,102,-11,1]
[729,0,-9,37,-1,0,1]
[16384,1152,187,9,1]
[4096,2048,400,57,25,8,1]
[4096,-512,-32,-11,-2,-2,1]
[14641,363,122,3,1]
[4096,256,352,17,22,1,1]
[4096,-1024,-208,133,-13,-4,1]
[4096,2304,432,45,27,9,1]
[256,0,32,20,3,5,2,0,1]
[256,320,144,-16,-37,-4,9,5,1]
[4096,2304,880,245,55,9,1]
[729,81,27,-23,3,1,1]
[4096,1024,224,39,14,4,1]
[4096,-2048,640,-187,40,-8,1]
[256,-128,-64,24,9,6,-4,-2,1]
[15625,1125,168,9,1]
[256,128,32,-48,-31,-12,2,2,1]
[16384,2816,375,22,1]
[14641,605,-46,5,1]
[15625,2625,262,21,1]
[4096,512,-176,-37,-11,2,1]
[4096,-1792,752,-197,47,-7,1]
[256,48,-5,3,1]
[729,-243,54,8,6,-3,1]
[16384,-640,109,-5,1]
[16384,-256,15,-2,1]
[256,256,240,160,85,40,15,4,1]
[4096,512,64,73,4,2,1]
[4096,-512,-192,37,-12,-2,1]
[4096,-1280,608,-143,38,-5,1]
[14641,-1694,142,-14,1]
[27,-7,1]
[4096,1536,832,191,52,6,1]
[729,81,9,32,1,1,1]
[14641,-726,61,-6,1]
[15625,750,186,6,1]
[16384,0,-221,0,1]
[16384,4480,539,35,1]
[16384,-3200,393,-25,1]
[4096,0,-37,0,1]
[16384,4096,495,32,1]
[729,243,99,50,11,3,1]
[729,-162,-54,35,-6,-2,1]
[4096,3072,1200,327,75,12,1]
[256,256,192,116,69,29,12,4,1]
[4096,1280,-144,-123,-9,5,1]
[4096,-1280,224,7,14,-5,1]
[15625,-2625,233,-21,1]
[256,-128,32,20,-29,5,2,-2,1]
[4096,-1280,208,-53,13,-5,1]
[14641,-2299,260,-19,1]
[4096,-1536,496,-161,31,-6,1]
[16384,-1792,215,-14,1]
[256,192,112,44,11,11,7,3,1]
[6561,486,-16,6,1]
[14641,-605,17,-5,1]
[4096,-1280,544,-159,34,-5,1]
[15625,-1000,-38,-8,1]
[4096,-512,144,-77,9,-2,1]
[4096,-512,-192,51,-12,-2,1]
[4096,1280,64,-3,4,5,1]
[15625,375,162,3,1]
[4096,-512,272,-43,17,-2,1]
[14641,-2299,265,-19,1]
[4096,-512,71,-8,1]
[15625,-1125,146,-9,1]
[4096,512,96,-1,6,2,1]
[4096,-1536,256,-47,16,-6,1]
[256,128,144,60,49,15,9,2,1]
[4096,1536,-16,-77,-1,6,1]
[16384,-640,37,-5,1]
[256,320,240,120,59,30,15,5,1]
[4096,-1280,112,17,7,-5,1]
[625,0,-12,0,1]
[256,-128,64,24,-11,6,4,-2,1]
[15625,125,149,1,1]
[256,-256,240,-124,75,-31,15,-4,1]
[4096,0,144,83,9,0,1]
[4096,512,240,117,15,2,1]
[256,0,160,0,55,0,10,0,1]
[14641,-363,233,-3,1]
[256,128,16,28,21,7,1,2,1]
[14641,121,-35,1,1]
[15625,-2875,284,-23,1]
[4096,768,-176,-77,-11,3,1]
[6561,-486,155,-6,1]
[512,192,56,-3,7,3,1]
[4096,-2816,1296,-371,81,-11,1]
[4096,768,16,31,1,3,1]
[729,-567,261,-101,29,-7,1]
[2401,-196,-34,-4,1]
[4096,1024,128,21,8,4,1]
[4096,1280,240,87,15,5,1]
[4096,1280,432,109,27,5,1]
[4096,-1792,272,-25,17,-7,1]
[4096,-1024,-128,65,-8,-4,1]
[4096,256,-144,-71,-9,1,1]
[4096,-1280,544,-89,34,-5,1]
[256,-128,16,16,-5,4,1,-2,1]
[15625,-375,-9,-3,1]
[4096,-1536,736,-189,46,-6,1]
[4096,0,64,-99,4,0,1]
[14641,-605,-105,-5,1]
[4096,-1024,288,-19,18,-4,1]
[256,0,-64,-4,27,-1,-4,0,1]
[4096,-2816,1184,-337,74,-11,1]
[4096,-256,288,35,18,-1,1]
[4096,768,288,87,18,3,1]
[14641,968,158,8,1]
[256,64,32,-20,3,-5,2,1,1]
[512,-192,40,-1,5,-3,1]
[4096,-256,0,-87,0,-1,1]
[4096,-768,-160,59,-10,-3,1]
[15625,-2125,238,-17,1]
[15625,1875,182,15,1]
[4096,768,208,91,13,3,1]
[4096,768,64,-33,4,3,1]
[256,-128,32,-4,9,-1,2,-2,1]
[512,-320,208,-79,26,-5,1]
[4096,0,16,-117,1,0,1]
[1024,-64,63,-2,1]
[4096,-1792,368,-67,23,-7,1]
[6561,-324,-17,-4,1]
[15625,-4625,589,-37,1]
[4096,-1536,560,-163,35,-6,1]
[4096,-1792,416,-87,26,-7,1]
[4096,-1024,16,31,1,-4,1]
[256,256,192,104,55,26,12,4,1]
[2401,-686,137,-14,1]
[729,243,225,47,25,3,1]
[4096,768,240,7,15,3,1]
[625,350,97,14,1]
[4096,1280,352,85,22,5,1]
[729,486,171,50,19,6,1]
[256,128,-16,-24,-7,-6,-1,2,1]
[15625,-1625,254,-13,1]
[4096,256,48,-69,3,1,1]
[4096,-512,288,-83,18,-2,1]
[16384,896,-5,7,1]
[625,175,21,7,1]
[4096,1024,464,71,29,4,1]
[256,0,-16,28,9,7,-1,0,1]
[256,64,64,12,17,3,4,1,1]
[4096,256,256,47,16,1,1]
[256,-192,144,-96,51,-24,9,-3,1]
[4096,-1536,672,-187,42,-6,1]
[64,-48,32,-23,8,-3,1]
[1024,0,-35,0,1]
[4096,1536,400,115,25,6,1]
[15625,-2000,311,-16,1]
[729,0,54,-14,6,0,1]
[256,-64,32,-28,25,-7,2,-1,1]
[15625,-375,-117,-3,1]
[4096,-256,48,55,3,-1,1]
[14641,3267,397,27,1]
[4096,-768,400,-57,25,-3,1]
[14641,4235,535,35,1]
[256,-64,48,-4,9,-1,3,-1,1]
[4096,-512,416,-29,26,-2,1]
[4096,-256,48,-79,3,-1,1]
[256,128,112,28,25,7,7,2,1]
[64,64,56,29,14,4,1]
[4096,1280,48,-39,3,5,1]
[4096,-1792,432,-63,27,-7,1]
[512,64,48,17,6,1,1]
[15625,-1500,141,-12,1]
[4096,1536,800,171,50,6,1]
[4096,-1024,176,-57,11,-4,1]
[4096,512,256,83,16,2,1]
[15625,375,12,3,1]
[14641,121,-141,1,1]
[729,-243,0,22,0,-3,1]
[6561,-1944,290,-24,1]
[256,0,80,60,5,15,5,0,1]
[512,-128,16,-13,2,-2,1]
[16384,-1280,31,-10,1]
[16384,-384,-119,-3,1]
[14641,-121,169,-1,1]
[729,-162,-36,49,-4,-2,1]
[2401,-245,27,-5,1]
[256,256,80,-48,-49,-12,5,4,1]
[4096,-3072,1280,-373,80,-12,1]
[4096,512,624,65,39,2,1]
[4096,-2048,384,-57,24,-8,1]
[15625,-3875,459,-31,1]
[6561,-324,7,-4,1]
[15625,-2625,352,-21,1]
[4096,768,640,97,40,3,1]
[4096,-1536,208,-17,13,-6,1]
[16384,1152,-45,9,1]
[4096,-256,48,-15,3,-1,1]
[16384,4352,537,34,1]
[729,81,99,37,11,1,1]
[4096,512,64,29,4,2,1]
[14641,968,47,8,1]
[2401,-637,96,-13,1]
[16384,1536,121,12,1]
[729,0,72,29,8,0,1]
[4096,256,576,43,36,1,1]
[512,192,112,33,14,3,1]
[4096,-256,416,-11,26,-1,1]
[4096,-704,95,-11,1]
[14641,2662,335,22,1]
[729,-162,18,11,2,-2,1]
[512,576,328,129,41,9,1]
[256,48,29,3,1]
[4096,-2048,752,-207,47,-8,1]
[4096,-1536,144,9,9,-6,1]
[256,-192,80,8,-15,2,5,-3,1]
[512,-256,88,-23,11,-4,1]
[512,-64,0,23,0,-1,1]
[6561,0,-122,0,1]
[4096,-768,256,-45,16,-3,1]
[14641,1210,215,10,1]
[256,0,64,48,-1,12,4,0,1]
[4096,-1280,448,-139,28,-5,1]
[512,0,-32,7,-4,0,1]
[512,-128,32,-11,4,-2,1]
[4096,-2048,560,-113,35,-8,1]
[4096,-768,224,-15,14,-3,1]
[15625,-375,89,-3,1]
[4096,-1280,336,-97,21,-5,1]
[16384,256,-139,2,1]
[16384,128,235,1,1]
[15625,-2250,208,-18,1]
[256,-64,48,-44,23,-11,3,-1,1]
[4096,2048,880,217,55,8,1]
[4096,1024,128,-3,8,4,1]
[6561,-81,22,-1,1]
[256,-320,128,20,-35,5,8,-5,1]
[256,-128,80,-56,27,-14,5,-2,1]
[4096,256,-63,4,1]
[4096,1792,624,193,39,7,1]
[64,-96,88,-53,22,-6,1]
[4096,-2304,832,-207,52,-9,1]
[4096,3840,1856,569,116,15,1]
[4096,0,400,-33,25,0,1]
[256,128,80,60,37,15,5,2,1]
[4096,512,-208,-87,-13,2,1]
[15625,500,-98,4,1]
[4096,768,-80,-45,-5,3,1]
[16384,4352,543,34,1]
[4096,1536,-80,-125,-5,6,1]
[14641,363,-34,3,1]
[729,-324,144,-59,16,-4,1]
[256,-192,96,8,-11,2,6,-3,1]
[6561,-1944,295,-24,1]
[4096,256,64,-55,4,1,1]
[14641,-363,67,-3,1]
[4096,1280,192,37,12,5,1]
[15625,250,67,2,1]
[4096,256,-176,-61,-11,1,1]
[15625,-1125,164,-9,1]
[256,192,144,76,33,19,9,3,1]
[256,0,80,20,13,5,5,0,1]
[4096,-1792,704,-201,44,-7,1]
[256,192,112,52,17,13,7,3,1]
[15625,-1500,209,-12,1]
[256,64,0,-16,-13,-4,0,1,1]
[4096,1024,448,115,28,4,1]
[256,320,320,228,127,57,20,5,1]
[15625,375,14,3,1]
[4096,256,0,73,0,1,1]
[256,0,32,-12,23,-3,2,0,1]
[729,0,54,-34,6,0,1]
[512,-128,16,25,2,-2,1]
[15625,-125,-166,-1,1]
[4096,768,304,119,19,3,1]
[16384,-384,141,-3,1]
[729,567,99,-7,11,7,1]
[16384,2816,327,22,1]
[512,0,120,-3,15,0,1]
[4096,1792,800,183,50,7,1]
[16384,-128,-19,-1,1]
[4096,256,544,19,34,1,1]
[15625,-1625,148,-13,1]
[4096,-768,464,-47,29,-3,1]
[256,0,80,-8,21,-2,5,0,1]
[256,192,96,56,27,14,6,3,1]
[6561,-567,22,-7,1]
[4096,256,-48,-81,-3,1,1]
[2401,-294,73,-6,1]
[14641,-605,-81,-5,1]
[16384,-1152,21,-9,1]
[15625,2750,351,22,1]
[14641,1089,105,9,1]
[14641,847,205,7,1]
[14641,-3025,315,-25,1]
[16384,896,105,7,1]
[14641,847,113,7,1]
[1024,-32,39,-1,1]
[14641,0,-225,0,1]
[256,64,64,-32,-5,-8,4,1,1]
[4096,768,592,103,37,3,1]
[729,-405,261,-79,29,-5,1]
[16384,-896,119,-7,1]
[4096,2048,480,89,30,8,1]
[4096,-512,144,-27,9,-2,1]
[64,-16,16,-1,4,-1,1]
[15625,-1750,259,-14,1]
[4096,2048,640,175,40,8,1]
[4096,-512,-64,13,-4,-2,1]
[4096,3328,1520,455,95,13,1]
[4096,0,16,39,1,0,1]
[15625,250,-111,2,1]
[4096,1280,32,-17,2,5,1]
[16384,1024,177,8,1]
[4096,512,256,7,16,2,1]
[4096,-1024,512,-87,32,-4,1]
[15625,1625,151,13,1]
[512,128,16,13,2,2,1]
[512,256,96,27,12,4,1]
[4096,1024,304,27,19,4,1]
[14641,-1573,141,-13,1]
[4096,-640,33,-10,1]
[81,27,14,3,1]
[4096,-1024,-96,81,-6,-4,1]
[729,405,225,70,25,5,1]
[4096,1024,-176,-117,-11,4,1]
[16384,512,-119,4,1]
[4096,-2048,848,-239,53,-8,1]
[4096,-512,-32,9,-2,-2,1]
[256,320,288,192,105,48,18,5,1]
[4096,1792,192,-5,12,7,1]
[14641,484,31,4,1]
[256,64,32,-16,-13,-4,2,1,1]
[16384,2048,247,16,1]
[256,-320,256,-172,99,-43,16,-5,1]
[6561,567,43,7,1]
[4096,-1792,720,-173,45,-7,1]
[256,-192,64,12,-13,3,4,-3,1]
[512,-384,224,-87,28,-6,1]
[6561,-1458,206,-18,1]
[729,405,225,67,25,5,1]
[15625,4375,552,35,1]
[256,192,64,-4,-11,-1,4,3,1]
[15625,-875,-88,-7,1]
[4096,1536,288,19,18,6,1]
[256,-64,128,-24,37,-6,8,-1,1]
[4096,512,256,59,16,2,1]
[4096,-256,304,-61,19,-1,1]
[4096,-2304,528,-95,33,-9,1]
[4096,-1024,352,-69,22,-4,1]
[14641,1089,156,9,1]
[16384,1280,105,10,1]
[256,192,48,4,1,1,3,3,1]
[6561,405,-68,5,1]
[729,81,36,44,4,1,1]
[4096,1280,144,-5,9,5,1]
[4096,2560,784,181,49,10,1]
[6561,-486,83,-6,1]
[256,128,48,-44,-27,-11,3,2,1]
[4096,768,208,65,13,3,1]
[6561,324,136,4,1]
[729,-243,0,14,0,-3,1]
[4096,640,109,10,1]
[1024,128,-5,4,1]
[512,128,8,5,1,2,1]
[4096,-1536,384,-81,24,-6,1]
[4096,-256,32,69,2,-1,1]
[4096,-768,288,-125,18,-3,1]
[256,0,-32,8,1,2,-2,0,1]
[4096,-768,32,53,2,-3,1]
[4096,-1024,320,-137,20,-4,1]
[4096,-1024,224,-35,14,-4,1]
[14641,0,-129,0,1]
[256,384,176,-44,-67,-11,11,6,1]
[16384,-768,75,-6,1]
[14641,0,-196,0,1]
[4096,1024,-144,-105,-9,4,1]
[256,-192,32,12,-5,3,2,-3,1]
[4096,-3072,1056,-265,66,-12,1]
[16384,1920,275,15,1]
[2401,294,95,6,1]
[16384,-384,-107,-3,1]
[15625,-500,-107,-4,1]
[14641,2541,245,21,1]
[14641,484,217,4,1]
[256,0,32,-12,21,-3,2,0,1]
[256,-192,144,-60,29,-15,9,-3,1]
[4096,-256,432,-33,27,-1,1]
[4096,-3584,1664,-499,104,-14,1]
[4096,1024,528,115,33,4,1]
[4096,2560,1040,299,65,10,1]
[14641,-968,182,-8,1]
[2401,588,71,12,1]
[4096,768,336,31,21,3,1]
[14641,-2299,193,-19,1]
[512,64,48,27,6,1,1]
[4096,-512,-192,45,-12,-2,1]
[256,192,80,28,13,7,5,3,1]
[256,320,192,72,27,18,12,5,1]
[512,128,-40,-33,-5,2,1]
[4096,768,272,85,17,3,1]
[729,81,36,13,4,1,1]
[4096,-1792,736,-171,46,-7,1]
[4096,2048,960,261,60,8,1]
[4096,0,16,85,1,0,1]
[256,-192,32,0,3,0,2,-3,1]
[256,0,-96,8,29,2,-6,0,1]
[4096,-1280,464,-151,29,-5,1]
[15625,-1250,186,-10,1]
[14641,363,134,3,1]
[4096,-512,480,-83,30,-2,1]
[256,-320,256,-124,63,-31,16,-5,1]
[4096,-2048,320,-15,20,-8,1]
[256,128,112,52,27,13,7,2,1]
[4096,256,48,105,3,1,1]
[14641,3267,357,27,1]
[4096,1024,352,43,22,4,1]
[14641,-1573,122,-13,1]
[4096,0,48,49,3,0,1]
[729,27,-32,1,1]
[256,-64,16,24,-5,6,1,-1,1]
[729,324,171,40,19,4,1]
[4096,-512,144,17,9,-2,1]
[1024,32,27,1,1]
[4096,0,496,-11,31,0,1]
[14641,-484,-84,-4,1]
[256,128,64,60,29,15,4,2,1]
[4096,-512,336,-95,21,-2,1]
[4096,-320,-31,-5,1]
[4096,1024,48,-47,3,4,1]
[4096,1280,352,107,22,5,1]
[256,128,16,-36,-25,-9,1,2,1]
[4096,2048,480,93,30,8,1]
[729,162,54,-2,6,2,1]
[6561,243,88,3,1]
[4096,-768,48,-27,3,-3,1]
[15625,-1500,178,-12,1]
[15625,750,-12,6,1]
[4096,256,176,23,11,1,1]
[16384,512,71,4,1]
[15625,1875,117,15,1]
[1024,-96,59,-3,1]
[16384,-2560,245,-20,1]
[4096,1536,704,159,44,6,1]
[4096,-1792,560,-171,35,-7,1]
[4096,-256,-208,29,-13,-1,1]
[256,0,80,36,17,9,5,0,1]
[512,-64,-8,-5,-1,-1,1]
[4096,-256,64,-11,4,-1,1]
[6561,162,74,2,1]
[4096,-1280,544,-105,34,-5,1]
[4096,1024,240,57,15,4,1]
[4096,-512,144,-47,9,-2,1]
[512,-128,-16,5,-2,-2,1]
[4096,-256,192,-73,12,-1,1]
[16384,384,-69,3,1]
[512,64,-40,-31,-5,1,1]
[4096,1280,528,95,33,5,1]
[16384,640,119,5,1]
[729,162,135,17,15,2,1]
[4096,256,-48,-75,-3,1,1]
[14641,0,45,0,1]
[4096,0,192,51,12,0,1]
[256,320,176,32,-1,8,11,5,1]
[4096,512,512,59,32,2,1]
[4096,512,112,79,7,2,1]
[15625,-500,129,-4,1]
[729,0,189,2,21,0,1]
[15625,3000,341,24,1]
[512,-192,72,-45,9,-3,1]
[729,-162,72,-25,8,-2,1]
[4096,-512,80,-9,5,-2,1]
[4096,-2816,1216,-341,76,-11,1]
[729,-486,207,-77,23,-6,1]
[4096,-2560,784,-189,49,-10,1]
[4096,-896,125,-14,1]
[4096,-1792,464,-99,29,-7,1]
[512,-128,-48,25,-6,-2,1]
[4096,-1536,656,-145,41,-6,1]
[256,64,-16,20,15,5,-1,1,1]
[4096,320,1,5,1]
[256,0,0,16,-15,4,0,0,1]
[4096,1792,480,131,30,7,1]
[256,0,-48,-12,19,-3,-3,0,1]
[256,192,32,40,43,10,2,3,1]
[4096,256,544,29,34,1,1]
[729,162,18,-2,2,2,1]
[4096,-512,0,23,0,-2,1]
[4096,-256,192,-89,12,-1,1]
[729,81,207,17,23,1,1]
[4096,-512,-96,103,-6,-2,1]
[15625,625,178,5,1]
[4096,768,144,-41,9,3,1]
[729,-162,72,1,8,-2,1]
[1024,-192,63,-6,1]
[256,-16,-11,-1,1]
[15625,-875,-13,-7,1]
[4096,768,-48,-101,-3,3,1]
[4096,-256,256,-33,16,-1,1]
[4096,-2048,992,-255,62,-8,1]
[16384,-1664,99,-13,1]
[512,64,-32,-11,-4,1,1]
[256,64,16,-24,-21,-6,1,1,1]
[256,64,-16,-16,-21,-4,-1,1,1]
[4096,-512,128,19,8,-2,1]
[256,-192,48,-28,25,-7,3,-3,1]
[4096,1024,432,125,27,4,1]
[14641,-1089,61,-9,1]
[14641,2783,268,23,1]
[6561,-972,65,-12,1]
[14641,484,245,4,1]
[4096,0,336,7,21,0,1]
[15625,-125,111,-1,1]
[16384,3840,477,30,1]
[4096,1024,224,7,14,4,1]
[4096,512,320,51,20,2,1]
[14641,1573,104,13,1]
[256,-192,32,52,-41,13,2,-3,1]
[256,-192,80,-8,-7,-2,5,-3,1]
[729,0,-18,8,-2,0,1]
[256,-192,144,-88,39,-22,9,-3,1]
[15625,-375,66,-3,1]
[4096,-1536,640,-147,40,-6,1]
[14641,2420,240,20,1]
[2401,-588,131,-12,1]
[4096,-1792,512,-93,32,-7,1]
[4096,-2304,976,-269,61,-9,1]
[4096,512,464,33,29,2,1]
[6561,1134,203,14,1]
[4096,1024,448,89,28,4,1]
[4096,-1344,215,-21,1]
[4096,512,112,13,7,2,1]
[15625,875,9,7,1]
[14641,-847,-1,-7,1]
[256,64,32,-20,-19,-5,2,1,1]
[4096,768,160,29,10,3,1]
[15625,-875,-37,-7,1]
[15625,-125,87,-1,1]
[4096,512,-32,-89,-2,2,1]
[4096,-256,-16,11,-1,-1,1]
[729,162,243,35,27,2,1]
[256,-64,-16,-24,19,-6,-1,-1,1]
[4096,-512,-80,75,-5,-2,1]
[15625,1125,84,9,1]
[16384,-1408,219,-11,1]
[256,-256,144,-104,65,-26,9,-4,1]
[256,0,48,-28,9,-7,3,0,1]
[4096,512,384,85,24,2,1]
[16384,1664,135,13,1]
[6561,-405,137,-5,1]
[6561,648,52,8,1]
[512,64,96,11,12,1,1]
[512,-128,8,-3,1,-2,1]
[256,-256,224,-140,73,-35,14,-4,1]
[1024,160,65,5,1]
[14641,-484,29,-4,1]
[4096,-1024,208,-59,13,-4,1]
[256,-64,-32,12,-5,3,-2,-1,1]
[4096,1024,256,37,16,4,1]
[2401,294,106,6,1]
[4096,2560,1008,269,63,10,1]
[4096,2560,1136,321,71,10,1]
[14641,-1936,240,-16,1]
[4096,256,48,-33,3,1,1]
[729,-324,198,-52,22,-4,1]
[4096,512,160,39,10,2,1]
[4096,-1024,-96,63,-6,-4,1]
[256,192,96,12,-5,3,6,3,1]
[16384,1024,183,8,1]
[6561,-486,-26,-6,1]
[512,-64,32,-41,4,-1,1]
[4096,1024,-192,-147,-12,4,1]
[4096,1024,-160,-115,-10,4,1]
[4096,-1792,864,-223,54,-7,1]
[4096,-768,48,33,3,-3,1]
[729,-81,81,-38,9,-1,1]
[4096,-768,288,-119,18,-3,1]
[15625,-125,34,-1,1]
[6561,162,155,2,1]
[256,64,176,28,57,7,11,1,1]
[4096,-1536,528,-105,33,-6,1]
[256,-128,128,-32,27,-8,8,-2,1]
[512,192,-32,-45,-4,3,1]
[14641,-1210,116,-10,1]
[6561,-405,-11,-5,1]
[256,-192,96,-68,41,-17,6,-3,1]
[4096,1792,784,223,49,7,1]
[4096,-768,192,-77,12,-3,1]
[729,-486,252,-103,28,-6,1]
[4096,-256,-80,81,-5,-1,1]
[4096,-64,-21,-1,1]
[15625,500,-144,4,1]
[15625,-125,182,-1,1]
[4096,2048,736,211,46,8,1]
[512,192,160,47,20,3,1]
[15625,-500,-3,-4,1]
[4096,1280,240,45,15,5,1]
[729,0,180,5,20,0,1]
[4096,0,17,0,1]
[4096,-2304,896,-269,56,-9,1]
[4096,-1792,544,-161,34,-7,1]
[6561,0,-64,0,1]
[15625,-2000,277,-16,1]
[4096,256,-144,-17,-9,1,1]
[16384,-2688,349,-21,1]
[4096,1024,-208,-105,-13,4,1]
[15625,-875,169,-7,1]
[4096,256,-112,13,-7,1,1]
[729,648,396,151,44,8,1]
[14641,121,58,1,1]
[4096,768,-192,-75,-12,3,1]
[512,128,80,-1,10,2,1]
[4096,512,-80,7,-5,2,1]
[6561,-162,-104,-2,1]
[4096,-768,416,-101,26,-3,1]
[2401,147,-54,3,1]
[729,243,90,46,10,3,1]
[4096,-256,-16,71,-1,-1,1]
[4096,-1280,-48,91,-3,-5,1]
[4096,-512,256,19,16,-2,1]
[4096,0,240,-25,15,0,1]
[4096,-768,256,-43,16,-3,1]
[4096,0,64,23,4,0,1]
[4096,-256,144,17,9,-1,1]
[25,3,1]
[4096,512,176,3,11,2,1]
[729,-243,-18,46,-2,-3,1]
[15625,625,-84,5,1]
[4096,-1536,448,-143,28,-6,1]
[4096,512,320,99,20,2,1]
[4096,2560,1136,335,71,10,1]
[121,8,1]
[14641,968,149,8,1]
[4096,-1024,384,-47,24,-4,1]
[256,-128,80,-36,25,-9,5,-2,1]
[4096,192,-15,3,1]
[729,567,288,119,32,7,1]
[14641,121,-140,1,1]
[15625,-1750,242,-14,1]
[2401,-147,-27,-3,1]
[4096,-512,176,1,11,-2,1]
[4096,256,-80,-39,-5,1,1]
[4096,-768,320,-5,20,-3,1]
[2401,-490,69,-10,1]
[14641,-847,-37,-7,1]
[729,-648,351,-140,39,-8,1]
[4096,-768,544,-87,34,-3,1]
[729,-162,27,19,3,-2,1]
[2401,-588,97,-12,1]
[4096,1024,496,69,31,4,1]
[16384,-640,-3,-5,1]
[4096,1024,-112,-119,-7,4,1]
[4096,768,240,-9,15,3,1]
[4096,0,-224,1,-14,0,1]
[256,128,64,-12,-13,-3,4,2,1]
[512,0,0,17,0,0,1]
[4096,-1024,288,-21,18,-4,1]
[512,0,0,-7,0,0,1]
[256,-128,112,-60,33,-15,7,-2,1]
[512,192,0,-5,0,3,1]
[4096,1024,80,9,5,4,1]
[256,-128,32,8,1,2,2,-2,1]
[4096,1280,288,103,18,5,1]
[15625,3125,358,25,1]
[4096,-1792,592,-127,37,-7,1]
[6561,891,89,11,1]
[15625,3250,334,26,1]
[16384,-128,103,-1,1]
[4096,768,111,12,1]
[4096,1536,304,37,19,6,1]
[256,-128,0,-4,19,-1,0,-2,1]
[4096,960,135,15,1]
[15625,500,86,4,1]
[15625,625,92,5,1]
[14641,-484,17,-4,1]
[256,-64,16,4,7,1,1,-1,1]
[15625,-2000,133,-16,1]
[4096,512,304,35,19,2,1]
[729,-486,171,-59,19,-6,1]
[256,-448,464,-336,189,-84,29,-7,1]
[4096,-1792,368,-59,23,-7,1]
[4096,768,96,17,6,3,1]
[4096,-1536,336,-101,21,-6,1]
[4096,2560,1104,325,69,10,1]
[4096,-768,224,-7,14,-3,1]
[4096,-2048,672,-149,42,-8,1]
[625,-175,42,-7,1]
[256,-128,16,16,-19,4,1,-2,1]
[256,192,-32,-40,-7,-10,-2,3,1]
[4096,2560,1072,309,67,10,1]
[512,64,120,17,15,1,1]
[6561,891,110,11,1]
[4096,512,-16,19,-1,2,1]
[4096,-1024,240,-101,15,-4,1]
[4096,-256,240,-69,15,-1,1]
[15625,-1375,-1,-11,1]
[4096,-256,432,11,27,-1,1]
[16384,-256,55,-2,1]
[729,0,-45,19,-5,0,1]
[729,-189,20,-7,1]
[4096,-1536,640,-127,40,-6,1]
[256,-384,240,-80,25,-20,15,-6,1]
[729,-567,342,-128,38,-7,1]
[16384,2688,337,21,1]
[256,-64,48,-12,7,-3,3,-1,1]
[729,0,36,-38,4,0,1]
[256,128,96,32,27,8,6,2,1]
[2401,196,34,4,1]
[4096,-1024,160,29,10,-4,1]
[15625,-2625,267,-21,1]
[4096,1152,171,18,1]
[729,216,52,8,1]
[256,0,80,-52,5,-13,5,0,1]
[14641,1573,172,13,1]
[4096,768,432,115,27,3,1]
[15625,3125,388,25,1]
[2401,-686,103,-14,1]
[729,162,36,5,4,2,1]
[256,-128,112,-60,43,-15,7,-2,1]
[14641,-3267,356,-27,1]
[729,-162,72,-31,8,-2,1]
[256,-64,96,-16,19,-4,6,-1,1]
[14641,-726,120,-6,1]
[4096,-768,-112,51,-7,-3,1]
[4096,-1792,704,-191,44,-7,1]
[4096,1024,432,57,27,4,1]
[4096,1024,-64,-97,-4,4,1]
[4096,256,480,25,30,1,1]
[256,-320,160,-36,7,-9,10,-5,1]
[6561,972,140,12,1]
[2401,-196,83,-4,1]
[6561,1458,214,18,1]
[14641,-484,-62,-4,1]
[4096,1280,448,143,28,5,1]
[1024,32,-27,1,1]
[4096,-256,240,-45,15,-1,1]
[256,-256,176,-92,41,-23,11,-4,1]
[4096,1024,128,-25,8,4,1]
[512,0,0,27,0,0,1]
[15625,-2000,272,-16,1]
[14641,363,244,3,1]
[14641,0,206,0,1]
[4096,0,592,11,37,0,1]
[15625,375,176,3,1]
[4096,-256,16,71,1,-1,1]
[15625,-1375,113,-11,1]
[4096,-1536,-64,99,-4,-6,1]
[4096,1280,336,49,21,5,1]
[729,-243,198,-41,22,-3,1]
[256,-192,80,4,-5,1,5,-3,1]
[256,64,-32,-8,5,-2,-2,1,1]
[4096,-256,208,-59,13,-1,1]
[256,-192,224,-116,79,-29,14,-3,1]
[256,0,64,-36,3,-9,4,0,1]
[14641,1210,190,10,1]
[256,-128,16,20,-7,5,1,-2,1]
[4096,1280,176,27,11,5,1]
[64,64,48,23,12,4,1]
[729,162,72,47,8,2,1]
[512,192,56,31,7,3,1]
[512,-320,184,-59,23,-5,1]
[4096,256,16,-37,1,1,1]
[729,-324,162,-71,18,-4,1]
[4096,0,-32,53,-2,0,1]
[4096,0,464,17,29,0,1]
[14641,-1936,211,-16,1]
[14641,-242,58,-2,1]
[14641,2178,211,18,1]
[4096,-768,192,-75,12,-3,1]
[14641,-2420,228,-20,1]
[4096,-3072,1216,-349,76,-12,1]
[16384,640,247,5,1]
[729,-243,90,-4,10,-3,1]
[4096,2048,432,79,27,8,1]
[4096,1536,512,137,32,6,1]
[729,81,90,20,10,1,1]
[14641,4235,540,35,1]
[15625,2500,243,20,1]
[6561,-648,10,-8,1]
[729,-243,180,-52,20,-3,1]
[4096,0,80,103,5,0,1]
[4096,-512,-80,63,-5,-2,1]
[4096,768,16,7,1,3,1]
[4096,-256,96,61,6,-1,1]
[512,-384,216,-91,27,-6,1]
[15625,-4250,519,-34,1]
[256,-128,32,-28,25,-7,2,-2,1]
[512,-64,48,-31,6,-1,1]
[6561,-648,8,-8,1]
[4096,2048,784,207,49,8,1]
[256,-256,192,-84,45,-21,12,-4,1]
[4096,512,464,19,29,2,1]
[15625,2250,202,18,1]
[256,64,80,-8,15,-2,5,1,1]
[729,0,135,14,15,0,1]
[1024,32,-31,1,1]
[6561,-972,188,-12,1]
[4096,-1792,768,-205,48,-7,1]
[4096,768,464,47,29,3,1]
[512,0,96,3,12,0,1]
[256,0,96,-4,27,-1,6,0,1]
[256,-64,-32,16,-15,4,-2,-1,1]
[4096,0,-224,15,-14,0,1]
[4096,0,-39,0,1]
[256,-256,224,-136,75,-34,14,-4,1]
[16384,-384,145,-3,1]
[4096,256,112,-53,7,1,1]
[4096,256,480,21,30,1,1]
[16384,-2432,239,-19,1]
[4096,768,336,7,21,3,1]
[15625,-2375,218,-19,1]
[4096,2560,1104,319,69,10,1]
[6561,0,37,0,1]
[14641,-3993,505,-33,1]
[256,0,0,0,-23,0,0,0,1]
[4096,-1024,-112,79,-7,-4,1]
[256,-128,96,-60,25,-15,6,-2,1]
[256,-64,48,12,3,3,3,-1,1]
[256,-64,80,-36,33,-9,5,-1,1]
[4096,-512,-128,59,-8,-2,1]
[4096,-256,37,-4,1]
[4096,512,576,41,36,2,1]
[4096,-1024,512,-105,32,-4,1]
[729,-324,90,-25,10,-4,1]
[1024,320,69,10,1]
[4096,2560,976,257,61,10,1]
[4096,1280,320,95,20,5,1]
[4096,256,57,4,1]
[2401,196,58,4,1]
[15625,625,213,5,1]
[256,64,-96,-12,23,-3,-6,1,1]
[4096,-1280,512,-79,32,-5,1]
[729,-324,80,-12,1]
[4096,-768,496,-87,31,-3,1]
[512,-128,40,15,5,-2,1]
[512,-64,8,-7,1,-1,1]
[6561,0,65,0,1]
[4096,2304,992,293,62,9,1]
[4096,-1792,304,-39,19,-7,1]
[4096,512,160,-35,10,2,1]
[4096,-512,128,-65,8,-2,1]
[4096,-512,32,-1,2,-2,1]
[14641,847,230,7,1]
[15625,-2375,271,-19,1]
[729,-108,-5,-4,1]
[4096,-1792,768,-193,48,-7,1]
[4096,2304,672,173,42,9,1]
[729,243,-9,-19,-1,3,1]
[729,0,-9,-20,-1,0,1]
[256,-128,144,-48,37,-12,9,-2,1]
[729,324,45,8,5,4,1]
[729,486,270,97,30,6,1]
[256,64,80,-8,7,-2,5,1,1]
[256,96,37,6,1]
[15625,-2125,186,-17,1]
[4096,0,-208,1,-13,0,1]
[4096,-1280,416,-101,26,-5,1]
[14641,968,107,8,1]
[14641,-1331,167,-11,1]
[16384,2944,383,23,1]
[729,-81,45,-47,5,-1,1]
[729,324,216,58,24,4,1]
[256,-256,256,-148,89,-37,16,-4,1]
[15625,-125,-22,-1,1]
[4096,256,128,63,8,1,1]
[4096,512,432,11,27,2,1]
[4096,-2560,592,-103,37,-10,1]
[14641,-726,-36,-6,1]
[4096,-1536,480,-133,30,-6,1]
[4096,1280,-96,-91,-6,5,1]
[4096,0,33,0,1]
[4096,-3072,1040,-261,65,-12,1]
[2401,-343,99,-7,1]
[4096,256,160,17,10,1,1]
[256,-192,-32,40,-7,10,-2,-3,1]
[14641,0,-92,0,1]
[4096,-768,16,45,1,-3,1]
[4096,-1024,336,-127,21,-4,1]
[512,-128,80,-39,10,-2,1]
[729,-405,104,-15,1]
[256,192,192,120,67,30,12,3,1]
[14641,-1815,258,-15,1]
[4096,-1536,672,-161,42,-6,1]
[729,-243,-54,44,-6,-3,1]
[1024,-384,87,-12,1]
[4096,-1024,624,-127,39,-4,1]
[256,0,112,20,25,5,7,0,1]
[15625,-750,-14,-6,1]
[4096,-512,112,37,7,-2,1]
[1024,160,21,5,1]
[729,-162,27,-10,3,-2,1]
[6561,648,2,8,1]
[16384,-128,-49,-1,1]
[14641,968,-5,8,1]
[4096,256,384,67,24,1,1]
[14641,968,171,8,1]
[15625,1750,171,14,1]
[4096,1280,-128,-107,-8,5,1]
[256,128,144,84,43,21,9,2,1]
[729,-243,36,16,4,-3,1]
[4096,1280,384,93,24,5,1]
[4096,-256,-16,37,-1,-1,1]
[6561,-1134,175,-14,1]
[4096,-768,0,63,0,-3,1]
[4096,0,-48,5,-3,0,1]
[256,-128,128,-60,31,-15,8,-2,1]
[4096,256,48,-85,3,1,1]
[729,-162,-27,50,-3,-2,1]
[4096,256,256,-11,16,1,1]
[512,256,24,-3,3,4,1]
[16384,384,-57,3,1]
[4096,-768,-192,81,-12,-3,1]
[16384,-256,181,-2,1]
[4096,1024,80,3,5,4,1]
[4096,-320,-45,-5,1]
[256,32,-5,2,1]
[14641,-2662,324,-22,1]
[14641,-242,-149,-2,1]
[4096,512,272,95,17,2,1]
[4096,1280,176,-15,11,5,1]
[4096,1280,64,-53,4,5,1]
[4096,-512,112,49,7,-2,1]
[729,135,17,5,1]
[729,324,108,46,12,4,1]
[4096,-1536,144,15,9,-6,1]
[15625,-2125,147,-17,1]
[6561,405,55,5,1]
[4096,256,272,-13,17,1,1]
[16384,1280,273,10,1]
[4096,-1536,752,-189,47,-6,1]
[4096,-1792,800,-223,50,-7,1]
[729,-324,189,-70,21,-4,1]
[512,320,184,75,23,5,1]
[4096,512,624,53,39,2,1]
[14641,-121,-8,-1,1]
[4096,-1280,272,-101,17,-5,1]
[4096,1024,32,-73,2,4,1]
[4096,256,-16,-41,-1,1,1]
[4096,-256,32,-17,2,-1,1]
[729,0,-18,-41,-2,0,1]
[256,0,-16,12,-1,3,-1,0,1]
[4096,-1024,512,-69,32,-4,1]
[729,270,52,10,1]
[729,-243,162,-40,18,-3,1]
[729,-81,0,-4,0,-1,1]
[4096,256,400,59,25,1,1]
[256,320,144,-4,-27,-1,9,5,1]
[14641,-121,-152,-1,1]
[256,192,144,100,53,25,9,3,1]
[15625,-1125,2,-9,1]
[729,-162,27,28,3,-2,1]
[729,-324,72,4,8,-4,1]
[1024,-96,45,-3,1]
[16384,896,209,7,1]
[64,16,8,13,2,1,1]
[4096,1792,512,115,32,7,1]
[4096,768,-112,-53,-7,3,1]
[256,-128,0,4,5,1,0,-2,1]
[4096,-512,39,-8,1]
[4096,-256,224,-61,14,-1,1]
[256,128,0,-24,-9,-6,0,2,1]
[4096,2816,1216,371,76,11,1]
[14641,121,-21,1,1]
[15625,-875,-34,-7,1]
[14641,1936,145,16,1]
[15625,-625,-117,-5,1]
[729,324,198,68,22,4,1]
[4096,-768,119,-12,1]
[2401,392,86,8,1]
[6561,81,-112,1,1]
[256,128,192,64,63,16,12,2,1]
[4096,-1280,112,45,7,-5,1]
[729,81,72,31,8,1,1]
[4096,1792,656,209,41,7,1]
[6561,81,37,1,1]
[4096,2048,432,83,27,8,1]
[4096,256,128,37,8,1,1]
[14641,-847,116,-7,1]
[4096,-256,-144,-9,-9,-1,1]
[15625,125,-67,1,1]
[4096,768,32,29,2,3,1]
[4096,-2816,1024,-273,64,-11,1]
[4096,768,576,67,36,3,1]
[15625,-375,174,-3,1]
[4096,2304,736,199,46,9,1]
[4096,-512,32,-73,2,-2,1]
[4096,-512,128,-13,8,-2,1]
[729,324,90,29,10,4,1]
[6561,972,98,12,1]
[4096,2560,768,177,48,10,1]
[4096,0,0,-93,0,0,1]
[4096,64,-93,1,1]
[16384,512,3,4,1]
[14641,-3872,465,-32,1]
[4096,-2048,288,3,18,-8,1]
[256,-192,64,-48,33,-12,4,-3,1]
[4096,-1024,-112,107,-7,-4,1]
[256,64,96,36,29,9,6,1,1]
[4096,-1536,560,-153,35,-6,1]
[4096,-256,416,11,26,-1,1]
[4096,-2304,640,-147,40,-9,1]
[729,162,99,-2,11,2,1]
[256,-192,80,8,-11,2,5,-3,1]
[4096,256,240,11,15,1,1]
[16384,-1408,231,-11,1]
[16384,2432,231,19,1]
[256,-64,-32,-4,5,-1,-2,-1,1]
[729,-324,-45,50,-5,-4,1]
[4096,-1280,688,-125,43,-5,1]
[512,128,120,35,15,2,1]
[729,-81,99,-10,11,-1,1]
[625,175,49,7,1]
[14641,-484,-128,-4,1]
[256,320,144,-24,-41,-6,9,5,1]
[4096,-2048,976,-253,61,-8,1]
[4096,1280,512,81,32,5,1]
[4096,512,384,81,24,2,1]
[15625,250,51,2,1]
[256,-64,96,-64,19,-16,6,-1,1]
[512,-192,80,-21,10,-3,1]
[256,-128,0,16,-13,4,0,-2,1]
[4096,-512,368,-79,23,-2,1]
[4096,-3072,1376,-399,86,-12,1]
[4096,512,-32,-103,-2,2,1]
[512,-128,-24,19,-3,-2,1]
[4096,3840,1840,563,115,15,1]
[6561,405,49,5,1]
[16384,128,191,1,1]
[512,-128,8,-17,1,-2,1]
[256,-128,160,-88,51,-22,10,-2,1]
[4096,2816,896,219,56,11,1]
[4096,-512,-112,83,-7,-2,1]
[256,0,-112,0,29,0,-7,0,1]
[4096,1792,640,177,40,7,1]
[512,0,104,9,13,0,1]
[256,128,32,24,17,6,2,2,1]
[4096,2304,592,125,37,9,1]
[15625,250,148,2,1]
[256,-128,48,-4,-13,-1,3,-2,1]
[4096,0,-32,49,-2,0,1]
[15625,1000,231,8,1]
[729,-243,-36,44,-4,-3,1]
[14641,-1089,195,-9,1]
[2401,-490,72,-10,1]
[4096,-768,-128,131,-8,-3,1]
[4096,-1280,-192,151,-12,-5,1]
[256,0,96,8,35,2,6,0,1]
[4096,-1024,-64,61,-4,-4,1]
[4096,256,-33,4,1]
[15625,-4125,506,-33,1]
[14641,-242,38,-2,1]
[256,64,32,28,29,7,2,1,1]
[729,81,-36,-40,-4,1,1]
[6561,729,47,9,1]
[256,-128,64,16,-15,4,4,-2,1]
[729,-324,81,-28,9,-4,1]
[729,-81,18,-5,2,-1,1]
[512,-64,56,-5,7,-1,1]
[14641,-1936,129,-16,1]
[14641,1331,168,11,1]
[729,-324,-45,62,-5,-4,1]
[512,-128,64,-15,8,-2,1]
[14641,1815,236,15,1]
[256,-192,48,12,-17,3,3,-3,1]
[256,192,128,32,13,8,8,3,1]
[15625,-125,-4,-1,1]
[4096,256,16,-15,1,1,1]
[2401,-490,110,-10,1]
[4096,-256,-224,39,-14,-1,1]
[15625,-4250,518,-34,1]
[4096,768,-64,-75,-4,3,1]
[14641,2783,370,23,1]
[16384,-1280,215,-10,1]
[4096,-1024,-64,93,-4,-4,1]
[729,243,99,62,11,3,1]
[4096,1536,112,-33,7,6,1]
[14641,-1089,246,-9,1]
[256,64,80,60,11,15,5,1,1]
[729,-162,108,-49,12,-2,1]
[256,0,32,12,-15,3,2,0,1]
[2401,-49,29,-1,1]
[4096,256,-96,33,-6,1,1]
[4096,-1792,576,-181,36,-7,1]
[512,-384,112,-27,14,-6,1]
[4096,-768,496,-53,31,-3,1]
[4096,512,336,97,21,2,1]
[4096,768,272,7,17,3,1]
[256,64,32,28,-3,7,2,1,1]
[256,-64,80,-60,15,-15,5,-1,1]
[256,256,64,-48,-47,-12,4,4,1]
[81,0,5,0,1]
[4096,-1024,80,-7,5,-4,1]
[16384,1664,283,13,1]
[4096,128,-79,2,1]
[16384,-128,-73,-1,1]
[14641,363,68,3,1]
[512,64,104,19,13,1,1]
[4096,1024,224,97,14,4,1]
[15625,2125,194,17,1]
[256,128,-64,-4,31,-1,-4,2,1]
[16384,-2048,199,-16,1]
[4096,0,64,103,4,0,1]
[256,-192,176,-72,47,-18,11,-3,1]
[4096,-512,-48,15,-3,-2,1]
[256,0,48,4,-7,1,3,0,1]
[256,64,112,40,29,10,7,1,1]
[14641,242,136,2,1]
[4096,512,-160,-25,-10,2,1]
[14641,-1815,213,-15,1]
[4096,2048,832,221,52,8,1]
[4096,-2048,768,-201,48,-8,1]
[256,0,-16,32,9,8,-1,0,1]
[256,-192,65,-12,1]
[15625,4000,476,32,1]
[512,0,8,25,1,0,1]
[15625,1250,59,10,1]
[15625,750,-7,6,1]
[14641,1089,37,9,1]
[15625,1500,138,12,1]
[4096,768,304,15,19,3,1]
[512,-448,232,-87,29,-7,1]
[729,-162,-18,28,-2,-2,1]
[4096,1024,-240,-133,-15,4,1]
[15625,375,87,3,1]
[729,162,18,25,2,2,1]
[512,320,128,41,16,5,1]
[16384,-1280,179,-10,1]
[14641,-726,64,-6,1]
[512,-128,-16,39,-2,-2,1]
[256,64,128,44,39,11,8,1,1]
[15625,2375,224,19,1]
[4096,-1024,320,-151,20,-4,1]
[4096,2048,368,43,23,8,1]
[256,0,32,20,17,5,2,0,1]
[15625,-2250,226,-18,1]
[15625,-750,58,-6,1]
[729,351,91,13,1]
[4096,-2560,912,-261,57,-10,1]
[4096,-1024,-224,137,-14,-4,1]
[729,-1053,729,-304,81,-13,1]
[14641,-1694,244,-14,1]
[512,448,136,29,17,7,1]
[729,243,108,49,12,3,1]
[8,1,1]
[4096,-1280,448,-127,28,-5,1]
[4096,1536,848,193,53,6,1]
[512,-128,64,-35,8,-2,1]
[4096,256,-160,-41,-10,1,1]
[16384,-1024,43,-8,1]
[4096,-2816,1232,-371,77,-11,1]
[14641,605,36,5,1]
[729,162,45,28,5,2,1]
[4096,1024,-208,-151,-13,4,1]
[4096,768,80,-41,5,3,1]
[256,448,384,224,113,56,24,7,1]
[256,64,16,0,-13,0,1,1,1]
[15625,-1875,122,-15,1]
[729,81,45,5,5,1,1]
[4096,512,80,101,5,2,1]
[256,64,-64,12,29,3,-4,1,1]
[256,64,112,4,23,1,7,1,1]
[1024,-96,25,-3,1]
[4096,256,16,59,1,1,1]
[729,-162,54,-7,6,-2,1]
[16384,-1280,65,-10,1]
[256,64,-144,-4,53,-1,-9,1,1]
[4096,768,96,-23,6,3,1]
[16384,-384,-155,-3,1]
[4096,-2048,560,-119,35,-8,1]
[6561,-2268,350,-28,1]
[4096,-1280,480,-157,30,-5,1]
[256,-192,160,-68,39,-17,10,-3,1]
[256,0,-16,-8,-11,-2,-1,0,1]
[4096,0,80,67,5,0,1]
[256,-256,176,-68,35,-17,11,-4,1]
[512,-192,-40,45,-5,-3,1]
[16384,2048,233,16,1]
[256,-384,368,-256,141,-64,23,-6,1]
[4096,3328,1280,349,80,13,1]
[15625,750,202,6,1]
[256,192,48,-56,-47,-14,3,3,1]
[4096,0,0,63,0,0,1]
[4096,-768,528,-95,33,-3,1]
[256,0,13,0,1]
[4096,1024,528,109,33,4,1]
[4096,-3072,1008,-245,63,-12,1]
[625,75,44,3,1]
[256,128,64,4,1,1,4,2,1]
[2401,1029,198,21,1]
[64,0,28,-1,7,0,1]
[256,-64,-112,-4,45,-1,-7,-1,1]
[4096,1280,128,23,8,5,1]
[512,128,-48,-27,-6,2,1]
[14641,2541,306,21,1]
[4096,-1024,256,-69,16,-4,1]
[6561,-81,97,-1,1]
[4096,512,192,57,12,2,1]
[16384,896,257,7,1]
[16384,-1664,169,-13,1]
[256,64,128,36,39,9,8,1,1]
[256,-128,80,-24,3,-6,5,-2,1]
[256,64,-32,4,27,1,-2,1,1]
[256,64,80,36,25,9,5,1,1]
[14641,605,105,5,1]
[4096,-1024,400,-111,25,-4,1]
[256,-256,64,8,-7,2,4,-4,1]
[16384,-256,29,-2,1]
[6561,-2187,329,-27,1]
[256,-128,80,-60,23,-15,5,-2,1]
[16384,-2816,267,-22,1]
[4096,512,-96,-47,-6,2,1]
[14641,242,236,2,1]
[4096,-512,96,-47,6,-2,1]
[6561,1701,236,21,1]
[4096,512,-80,-81,-5,2,1]
[4096,-1792,528,-153,33,-7,1]
[64,-32,28,-13,7,-2,1]
[15625,-2000,264,-16,1]
[15625,-1500,162,-12,1]
[6561,-1539,193,-19,1]
[14641,-121,-43,-1,1]
[4096,3072,1408,423,88,12,1]
[6561,486,128,6,1]
[16384,1024,263,8,1]
[4096,-1024,-144,75,-9,-4,1]
[4096,512,320,73,20,2,1]
[4096,1024,608,109,38,4,1]
[16384,-1024,-59,-8,1]
[4096,-256,32,51,2,-1,1]
[4096,-256,288,-55,18,-1,1]
[4096,-1024,560,-81,35,-4,1]
[64,64,48,27,12,4,1]
[4096,1280,336,63,21,5,1]
[14641,726,20,6,1]
[6561,-648,64,-8,1]
[4096,0,176,63,11,0,1]
[4096,768,224,77,14,3,1]
[4096,1536,288,77,18,6,1]
[4096,2048,416,75,26,8,1]
[4096,-192,11,-3,1]
[16384,-640,243,-5,1]
[4096,2304,384,23,24,9,1]
[4096,-1280,48,35,3,-5,1]
[16384,-3200,407,-25,1]
[4096,-1280,336,-49,21,-5,1]
[4096,3328,1248,333,78,13,1]
[16384,256,-167,2,1]
[15625,4750,608,38,1]
[15625,1625,149,13,1]
[15625,-2125,171,-17,1]
[729,0,-27,-10,-3,0,1]
[256,64,48,-24,-3,-6,3,1,1]
[4096,512,368,39,23,2,1]
[2401,-882,170,-18,1]
[16384,3712,447,29,1]
[256,-128,-32,0,23,0,-2,-2,1]
[4096,2816,1216,343,76,11,1]
[4096,768,-160,-117,-10,3,1]
[256,128,48,-36,-17,-9,3,2,1]
[4096,1024,-112,-83,-7,4,1]
[729,-162,45,-38,5,-2,1]
[16384,3072,385,24,1]
[4096,-1280,128,5,8,-5,1]
[256,192,112,48,33,12,7,3,1]
[729,0,-46,0,1]
[4096,-1536,784,-169,49,-6,1]
[1024,-288,57,-9,1]
[729,324,135,25,15,4,1]
[16384,-1408,265,-11,1]
[729,486,153,43,17,6,1]
[256,64,-16,0,-5,0,-1,1,1]
[14641,-3872,480,-32,1]
[4096,-1280,256,-51,16,-5,1]
[4096,1024,528,125,33,4,1]
[14641,242,-120,2,1]
[4096,-1280,64,1,4,-5,1]
[4096,-3584,1568,-463,98,-14,1]
[4096,1792,672,147,42,7,1]
[14641,1694,124,14,1]
[256,256,192,132,71,33,12,4,1]
[256,-256,48,48,-39,12,3,-4,1]
[512,192,-24,-27,-3,3,1]
[625,300,77,12,1]
[256,0,48,52,-1,13,3,0,1]
[4096,512,16,-79,1,2,1]
[256,-128,128,-32,33,-8,8,-2,1]
[4096,1280,160,29,10,5,1]
[4096,1024,112,-11,7,4,1]
[4096,-256,-128,63,-8,-1,1]
[4096,2048,768,207,48,8,1]
[15625,1125,211,9,1]
[512,-64,-16,15,-2,-1,1]
[256,-320,256,-164,93,-41,16,-5,1]
[256,128,-96,-28,21,-7,-6,2,1]
[4096,1280,528,117,33,5,1]
[4096,256,-128,-53,-8,1,1]
[4096,1792,128,-45,8,7,1]
[15625,-3875,473,-31,1]
[4096,-256,64,-73,4,-1,1]
[64,7,1]
[4096,512,64,-13,4,2,1]
[4096,1280,208,55,13,5,1]
[256,-64,80,-16,31,-4,5,-1,1]
[512,-64,-8,25,-1,-1,1]
[14641,242,-29,2,1]
[729,243,-9,-8,-1,3,1]
[4096,256,288,-19,18,1,1]
[6561,-567,164,-7,1]
[729,81,36,-31,4,1,1]
[729,0,36,14,4,0,1]
[6561,-162,-71,-2,1]
[729,-81,18,-10,2,-1,1]
[1024,64,-25,2,1]
[4096,512,464,75,29,2,1]
[14641,484,-21,4,1]
[4096,1536,512,159,32,6,1]
[4096,1024,240,83,15,4,1]
[15625,125,94,1,1]
[729,81,-63,-11,-7,1,1]
[15625,-1500,217,-12,1]
[2401,147,51,3,1]
[4096,-512,144,-107,9,-2,1]
[256,128,48,40,35,10,3,2,1]
[16384,-3712,427,-29,1]
[256,128,128,44,31,11,8,2,1]
[4096,256,32,-3,2,1,1]
[4096,0,496,23,31,0,1]
[4096,-256,0,69,0,-1,1]
[4096,-256,192,-19,12,-1,1]
[4096,1280,-208,-173,-13,5,1]
[14641,2541,349,21,1]
[81,0,-14,0,1]
[4096,512,544,37,34,2,1]
[16384,-384,9,-3,1]
[256,-192,128,-92,47,-23,8,-3,1]
[14641,1089,53,9,1]
[4096,3840,1872,571,117,15,1]
[16384,4480,549,35,1]
[256,192,112,20,3,5,7,3,1]
[729,-243,81,-25,9,-3,1]
[4096,-1792,304,-21,19,-7,1]
[256,128,80,32,21,8,5,2,1]
[512,256,160,57,20,4,1]
[4096,0,176,-27,11,0,1]
[15625,3250,396,26,1]
[4096,1280,208,17,13,5,1]
[6561,162,22,2,1]
[14641,2299,314,19,1]
[4096,-512,73,-8,1]
[729,-27,-37,-1,1]
[512,-320,160,-59,20,-5,1]
[16384,2048,207,16,1]
[512,0,32,7,4,0,1]
[4096,-1280,448,-87,28,-5,1]
[256,128,144,44,43,11,9,2,1]
[729,-243,54,-28,6,-3,1]
[14641,-2541,257,-21,1]
[64,-32,16,-9,4,-2,1]
[4096,512,144,93,9,2,1]
[512,0,-24,-25,-3,0,1]
[4096,-256,128,-109,8,-1,1]
[4096,-512,-192,43,-12,-2,1]
[729,-162,10,-6,1]
[4096,768,144,53,9,3,1]
[512,-128,40,5,5,-2,1]
[4096,-2304,912,-257,57,-9,1]
[4096,-1280,256,-5,16,-5,1]
[4096,512,128,11,8,2,1]
[4096,768,-176,-61,-11,3,1]
[256,0,80,12,25,3,5,0,1]
[14641,-121,93,-1,1]
[512,-320,48,5,6,-5,1]
[4096,256,-176,-33,-11,1,1]
[4096,-256,-176,49,-11,-1,1]
[4096,768,496,43,31,3,1]
[256,128,96,12,9,3,6,2,1]
[256,-192,48,0,-3,0,3,-3,1]
[256,64,16,-20,-15,-5,1,1,1]
[14641,-363,-124,-3,1]
[4096,768,-32,-43,-2,3,1]
[4096,-1536,-112,129,-7,-6,1]
[16384,1024,9,8,1]
[256,192,64,24,13,6,4,3,1]
[4096,-448,125,-7,1]
[4096,-1792,592,-149,37,-7,1]
[729,-81,27,-32,3,-1,1]
[4096,-2816,1152,-351,72,-11,1]
[256,256,48,-52,-43,-13,3,4,1]
[256,128,-16,12,21,3,-1,2,1]
[729,243,117,22,13,3,1]
[256,-384,272,-124,53,-31,17,-6,1]
[16384,1152,143,9,1]
[16384,-3840,447,-30,1]
[512,320,112,43,14,5,1]
[14641,3872,465,32,1]
[4096,2048,672,193,42,8,1]
[4096,-1024,-128,75,-8,-4,1]
[729,648,288,101,32,8,1]
[64,0,15,0,1]
[4096,-512,-128,103,-8,-2,1]
[256,-256,96,-8,-5,-2,6,-4,1]
[6561,-2430,382,-30,1]
[729,-81,-45,2,-5,-1,1]
[4096,-768,176,-87,11,-3,1]
[15625,750,12,6,1]
[4096,-512,33,-8,1]
[14641,0,-94,0,1]
[4096,-512,288,-21,18,-2,1]
[15625,125,69,1,1]
[729,-81,117,-32,13,-1,1]
[14641,-1331,45,-11,1]
[6561,1134,193,14,1]
[4096,1280,672,147,42,5,1]
[14641,0,-174,0,1]
[4096,-512,320,-101,20,-2,1]
[14641,-2904,323,-24,1]
[256,-192,112,-24,9,-6,7,-3,1]
[256,-128,96,-56,17,-14,6,-2,1]
[14641,1452,101,12,1]
[256,128,-16,-20,-1,-5,-1,2,1]
[4096,128,-35,2,1]
[729,81,9,16,1,1,1]
[14641,-3388,424,-28,1]
[256,128,48,-16,-11,-4,3,2,1]
[16384,1664,221,13,1]
[4096,1536,128,-7,8,6,1]
[256,-192,128,-80,33,-20,8,-3,1]
[14641,0,14,0,1]
[729,162,180,25,20,2,1]
[729,-162,63,-59,7,-2,1]
[4096,-2816,1056,-293,66,-11,1]
[4096,-1536,288,-57,18,-6,1]
[16384,-128,211,-1,1]
[729,324,162,37,18,4,1]
[14641,1210,136,10,1]
[15625,-375,-1,-3,1]
[4096,1536,64,-69,4,6,1]
[512,-64,80,-3,10,-1,1]
[256,-128,112,-60,35,-15,7,-2,1]
[15625,-2125,252,-17,1]
[256,0,0,0,-3,0,0,0,1]
[4096,512,320,-3,20,2,1]
[256,0,48,-20,7,-5,3,0,1]
[4096,-2816,1200,-359,75,-11,1]
[4096,-1280,160,1,10,-5,1]
[4096,1536,688,147,43,6,1]
[4096,-256,272,-13,17,-1,1]
[15625,-2125,163,-17,1]
[256,64,48,12,13,3,3,1,1]
[4096,-192,113,-3,1]
[4096,-768,-64,11,-4,-3,1]
[4096,-2304,608,-131,38,-9,1]
[4096,-384,41,-6,1]
[16384,-1152,41,-9,1]
[4096,2304,928,265,58,9,1]
[4096,1024,592,85,37,4,1]
[729,81,-54,-28,-6,1,1]
[14641,-968,217,-8,1]
[4096,2560,912,231,57,10,1]
[256,-64,48,-24,23,-6,3,-1,1]
[4096,2048,832,247,52,8,1]
[512,-128,-8,21,-1,-2,1]
[16384,-512,217,-4,1]
[2401,-294,87,-6,1]
[4096,256,208,55,13,1,1]
[6561,972,157,12,1]
[256,320,256,152,79,38,16,5,1]
[4096,-2048,688,-177,43,-8,1]
[14641,3751,472,31,1]
[512,-192,88,-37,11,-3,1]
[4096,-512,32,71,2,-2,1]
[14641,-242,-177,-2,1]
[256,192,176,76,49,19,11,3,1]
[15625,-375,118,-3,1]
[4096,256,240,43,15,1,1]
[4096,-512,272,-85,17,-2,1]
[256,384,320,208,115,52,20,6,1]
[15625,375,216,3,1]
[512,256,88,23,11,4,1]
[4096,0,-192,-7,-12,0,1]
[4096,-1024,656,-125,41,-4,1]
[4096,256,-192,-21,-12,1,1]
[16384,-128,-31,-1,1]
[4096,-256,-160,13,-10,-1,1]
[14641,-1694,222,-14,1]
[16384,-128,-13,-1,1]
[15625,-1000,118,-8,1]
[256,64,16,0,-17,0,1,1,1]
[1024,0,-53,0,1]
[256,-128,176,-92,59,-23,11,-2,1]
[15625,875,168,7,1]
[16384,640,81,5,1]
[15625,-500,69,-4,1]
[729,-81,-18,-23,-2,-1,1]
[256,-128,80,4,-5,1,5,-2,1]
[14641,-3025,369,-25,1]
[1024,256,31,8,1]
[256,-128,48,12,-5,3,3,-2,1]
[4096,-1792,528,-149,33,-7,1]
[729,486,180,64,20,6,1]
[14641,-3388,430,-28,1]
[4096,256,-48,-91,-3,1,1]
[4096,0,432,-29,27,0,1]
[256,-128,32,32,-27,8,2,-2,1]
[512,-64,96,-17,12,-1,1]
[16384,-1664,219,-13,1]
[14641,-1573,133,-13,1]
[729,243,9,-17,1,3,1]
[16384,-1152,155,-9,1]
[729,-54,23,-2,1]
[15625,1125,223,9,1]
[4096,-256,-80,23,-5,-1,1]
[14641,726,197,6,1]
[2401,539,111,11,1]
[14641,2783,324,23,1]
[256,0,-96,-4,23,-1,-6,0,1]
[4096,768,512,63,32,3,1]
[14641,2904,331,24,1]
[14641,2057,135,17,1]
[14641,2178,212,18,1]
[16384,1536,217,12,1]
[729,162,225,34,25,2,1]
[256,64,32,12,11,3,2,1,1]
[15625,-750,32,-6,1]
[4096,256,-47,4,1]
[4096,-1024,416,-119,26,-4,1]
[4096,1280,352,37,22,5,1]
[4096,512,-128,-99,-8,2,1]
[729,81,27,-31,3,1,1]
[4096,1024,-192,-133,-12,4,1]
[15625,-625,4,-5,1]
[256,128,96,24,15,6,6,2,1]
[256,-256,144,-68,35,-17,9,-4,1]
[15625,-125,-62,-1,1]
[6561,-1620,233,-20,1]
[256,64,80,12,11,3,5,1,1]
[256,64,80,64,15,16,5,1,1]
[4096,768,448,37,28,3,1]
[4096,1792,736,201,46,7,1]
[4096,-896,123,-14,1]
[256,-192,48,-4,-1,-1,3,-3,1]
[4096,-64,55,-1,1]
[4096,-1792,736,-183,46,-7,1]
[729,162,189,31,21,2,1]
[4096,512,384,49,24,2,1]
[15625,-2750,349,-22,1]
[256,-192,160,-104,49,-26,10,-3,1]
[1024,96,21,3,1]
[64,48,4,-9,1,3,1]
[4096,-3328,1344,-383,84,-13,1]
[4096,-2560,704,-147,44,-10,1]
[4096,-1792,672,-205,42,-7,1]
[4096,3072,1328,405,83,12,1]
[4096,512,288,59,18,2,1]
[6561,-729,40,-9,1]
[729,729,468,184,52,9,1]
[256,0,48,-20,-1,-5,3,0,1]
[4096,768,656,91,41,3,1]
[4096,-256,96,57,6,-1,1]
[15625,2125,151,17,1]
[15625,-1000,6,-8,1]
[16384,512,-47,4,1]
[4096,960,131,15,1]
[256,128,80,4,5,1,5,2,1]
[256,320,320,216,125,54,20,5,1]
[729,648,279,95,31,8,1]
[256,192,96,52,37,13,6,3,1]
[256,-64,16,-4,15,-1,1,-1,1]
[15625,-125,-197,-1,1]
[4096,256,61,4,1]
[4096,1280,288,63,18,5,1]
[15625,-375,122,-3,1]
[4096,-1536,208,-37,13,-6,1]
[4096,2048,912,243,57,8,1]
[256,128,16,24,33,6,1,2,1]
[256,128,96,44,33,11,6,2,1]
[4096,1536,-240,-199,-15,6,1]
[2401,588,132,12,1]
[15625,1500,242,12,1]
[4096,1024,704,123,44,4,1]
[4096,-1792,336,-43,21,-7,1]
[16384,-2816,323,-22,1]
[16384,-3456,395,-27,1]
[14641,242,-194,2,1]
[4096,-256,0,113,0,-1,1]
[4096,1792,352,43,22,7,1]
[16384,896,-85,7,1]
[4096,-1792,592,-165,37,-7,1]
[16384,3840,471,30,1]
[4096,-2816,1136,-341,71,-11,1]
[729,243,-72,-52,-8,3,1]
[729,405,207,65,23,5,1]
[512,-64,-40,17,-5,-1,1]
[4096,-768,128,-69,8,-3,1]
[4096,-256,48,89,3,-1,1]
[4096,768,208,75,13,3,1]
[4096,-256,-80,107,-5,-1,1]
[4096,-512,336,-79,21,-2,1]
[4096,-512,432,-29,27,-2,1]
[256,-192,48,32,-29,8,3,-3,1]
[4096,-2048,832,-243,52,-8,1]
[256,256,176,72,31,18,11,4,1]
[512,64,-24,9,-3,1,1]
[256,0,0,-8,-17,-2,0,0,1]
[4096,0,107,0,1]
[4096,-1536,32,51,2,-6,1]
[4096,1024,160,71,10,4,1]
[512,-384,200,-71,25,-6,1]
[64,48,16,5,4,3,1]
[16384,2816,339,22,1]
[256,-64,160,-48,51,-12,10,-1,1]
[256,128,32,-8,1,-2,2,2,1]
[512,320,24,-19,3,5,1]
[729,243,54,16,6,3,1]
[256,0,32,0,31,0,2,0,1]
[4096,256,16,57,1,1,1]
[4096,1280,448,87,28,5,1]
[512,-64,-24,17,-3,-1,1]
[16384,1152,-33,9,1]
[4096,-1024,128,43,8,-4,1]
[4096,-2560,976,-263,61,-10,1]
[256,-192,176,-64,43,-16,11,-3,1]
[15625,625,69,5,1]
[4096,1024,192,27,12,4,1]
[4096,1792,288,35,18,7,1]
[4096,-896,131,-14,1]
[14641,-242,-30,-2,1]
[256,0,64,44,3,11,4,0,1]
[4096,-3072,1328,-403,83,-12,1]
[4096,-256,16,67,1,-1,1]
[4096,-768,224,-41,14,-3,1]
[4096,0,336,-15,21,0,1]
[256,192,112,32,7,8,7,3,1]
[256,192,96,52,33,13,6,3,1]
[15625,875,141,7,1]
[4096,0,32,-33,2,0,1]
[4096,512,-64,-121,-4,2,1]
[512,192,128,49,16,3,1]
[6561,-1782,244,-22,1]
[4096,3840,1824,553,114,15,1]
[256,16,-7,1,1]
[256,-128,64,-28,17,-7,4,-2,1]
[2401,98,-10,2,1]
[256,-64,-16,-16,9,-4,-1,-1,1]
[729,162,0,-10,0,2,1]
[15625,-125,-172,-1,1]
[4096,-512,0,93,0,-2,1]
[4096,-2816,1248,-361,78,-11,1]
[4096,0,112,57,7,0,1]
[16,0,1,0,1]
[256,-64,64,-40,15,-10,4,-1,1]
[4096,-256,64,61,4,-1,1]
[6561,1377,193,17,1]
[4096,-2560,896,-233,56,-10,1]
[729,0,63,-26,7,0,1]
[15625,625,-14,5,1]
[4096,-1024,141,-16,1]
[4096,-256,304,-59,19,-1,1]
[4096,-1280,736,-143,46,-5,1]
[4096,-1024,352,-113,22,-4,1]
[2401,196,46,4,1]
[4096,0,400,23,25,0,1]
[4096,0,-80,23,-5,0,1]
[6561,-729,100,-9,1]
[6561,-891,116,-11,1]
[4096,512,-96,-43,-6,2,1]
[256,-64,32,20,-15,5,2,-1,1]
[4096,64,-19,1,1]
[4096,1024,-112,-69,-7,4,1]
[4096,1024,169,16,1]
[16384,2304,153,18,1]
[14641,2420,295,20,1]
[4096,1536,336,57,21,6,1]
[15625,375,212,3,1]
[6561,-729,91,-9,1]
[4096,-768,272,-17,17,-3,1]
[6561,-891,100,-11,1]
[16384,640,213,5,1]
[14641,484,82,4,1]
[4096,768,0,-27,0,3,1]
[4096,832,89,13,1]
[729,81,27,31,3,1,1]
[256,-320,144,-20,-3,-5,9,-5,1]
[4096,768,304,59,19,3,1]
[4096,-2560,864,-221,54,-10,1]
[14641,-1331,157,-11,1]
[729,-27,41,-1,1]
[1024,32,7,1,1]
[256,0,32,0,7,0,2,0,1]
[729,486,207,70,23,6,1]
[256,64,-80,4,37,1,-5,1,1]
[4096,-256,272,-1,17,-1,1]
[4096,256,-128,-93,-8,1,1]
[4096,256,-16,61,-1,1,1]
[15625,-1375,82,-11,1]
[4096,1024,144,-1,9,4,1]
[4096,1280,512,101,32,5,1]
[4096,1792,496,107,31,7,1]
[4096,1280,256,77,16,5,1]
[625,-100,6,-4,1]
[16384,-512,-125,-4,1]
[4096,-2304,560,-119,35,-9,1]
[4096,512,224,115,14,2,1]
[6561,-162,68,-2,1]
[4096,1280,160,13,10,5,1]
[4096,-256,-11,-4,1]
[256,-384,336,-212,115,-53,21,-6,1]
[4096,-1024,384,-139,24,-4,1]
[4096,768,-112,-103,-7,3,1]
[15625,125,166,1,1]
[4096,-1024,272,-5,17,-4,1]
[6561,243,73,3,1]
[4096,1024,-96,-95,-6,4,1]
[4096,-832,107,-13,1]
[16384,1408,57,11,1]
[14641,-1331,270,-11,1]
[14641,968,-32,8,1]
[14641,-605,178,-5,1]
[729,-162,-27,49,-3,-2,1]
[15625,125,153,1,1]
[4096,1792,944,223,59,7,1]
[256,-256,176,-68,31,-17,11,-4,1]
[14641,2057,183,17,1]
[14641,363,-175,3,1]
[16384,-640,-51,-5,1]
[4096,0,80,33,5,0,1]
[15625,125,73,1,1]
[15625,-375,-31,-3,1]
[14641,0,-119,0,1]
[4096,512,-192,-59,-12,2,1]
[256,320,320,220,123,55,20,5,1]
[729,81,36,34,4,1,1]
[4096,0,192,-51,12,0,1]
[729,81,135,14,15,1,1]
[4096,512,16,-15,1,2,1]
[4096,768,224,109,14,3,1]
[14641,484,-151,4,1]
[4096,-768,85,-12,1]
[14641,4356,558,36,1]
[16384,3712,403,29,1]
[625,50,4,2,1]
[14641,2783,338,23,1]
[729,216,65,8,1]
[4096,1280,288,25,18,5,1]
[512,-64,48,-37,6,-1,1]
[4096,-1024,-48,71,-3,-4,1]
[4096,1280,-208,-151,-13,5,1]
[729,324,27,-22,3,4,1]
[2401,637,97,13,1]
[2401,-49,57,-1,1]
[4096,-512,160,-119,10,-2,1]
[256,-320,144,-28,5,-7,9,-5,1]
[4096,-1024,-32,75,-2,-4,1]
[4096,0,512,-15,32,0,1]
[4096,1536,528,175,33,6,1]
[6561,-81,4,-1,1]
[16384,2176,293,17,1]
[6561,-567,134,-7,1]
[4096,-256,656,-23,41,-1,1]
[4096,-2816,1104,-319,69,-11,1]
[4096,512,192,95,12,2,1]
[4096,1280,-64,-109,-4,5,1]
[512,192,-16,-15,-2,3,1]
[16384,2048,143,16,1]
[729,-162,126,-25,14,-2,1]
[256,192,80,4,-7,1,5,3,1]
[4096,1280,400,55,25,5,1]
[4096,-768,-192,113,-12,-3,1]
[4096,768,592,73,37,3,1]
[256,64,16,-16,-21,-4,1,1,1]
[729,-324,45,7,5,-4,1]
[256,448,368,204,101,51,23,7,1]
[4096,-320,79,-5,1]
[15625,-2375,312,-19,1]
[15625,250,-37,2,1]
[4096,256,32,75,2,1,1]
[4096,-1024,176,3,11,-4,1]
[4096,-1536,608,-135,38,-6,1]
[256,-128,80,-32,9,-8,5,-2,1]
[14641,-1694,212,-14,1]
[15625,625,203,5,1]
[256,512,496,316,165,79,31,8,1]
[256,64,48,-16,5,-4,3,1,1]
[6561,-891,179,-11,1]
[729,-81,46,-3,1]
[15625,2000,272,16,1]
[4096,-768,-128,49,-8,-3,1]
[14641,-1210,92,-10,1]
[4096,-256,64,-1,4,-1,1]
[4096,512,560,45,35,2,1]
[15625,-375,-29,-3,1]
[15625,-875,19,-7,1]
[4096,1536,720,169,45,6,1]
[4096,256,16,77,1,1,1]
[256,-384,288,-172,93,-43,18,-6,1]
[4096,1280,16,-39,1,5,1]
[256,-128,224,-80,79,-20,14,-2,1]
[729,-81,9,-29,1,-1,1]
[256,0,112,8,37,2,7,0,1]
[729,0,144,4,16,0,1]
[256,-192,176,-84,55,-21,11,-3,1]
[1024,32,41,1,1]
[4096,-768,-144,127,-9,-3,1]
[14641,-3146,368,-26,1]
[256,256,64,-60,-57,-15,4,4,1]
[14641,968,232,8,1]
[15625,1875,191,15,1]
[4096,1536,496,115,31,6,1]
[14641,-1210,178,-10,1]
[15625,4750,603,38,1]
[729,-81,-45,11,-5,-1,1]
[4096,512,384,15,24,2,1]
[256,0,80,36,11,9,5,0,1]
[4096,-2304,896,-245,56,-9,1]
[729,-162,-9,5,-1,-2,1]
[256,192,160,104,47,26,10,3,1]
[16384,256,17,2,1]
[4096,-1536,528,-103,33,-6,1]
[4096,1280,320,115,20,5,1]
[256,320,112,-48,-55,-12,7,5,1]
[4096,-2048,928,-249,58,-8,1]
[4096,1024,592,95,37,4,1]
[256,192,16,-40,-31,-10,1,3,1]
[625,0,-27,0,1]
[4096,0,352,-41,22,0,1]
[2401,196,87,4,1]
[4096,-1536,592,-191,37,-6,1]
[256,-384,320,-216,123,-54,20,-6,1]
[6561,243,59,3,1]
[6561,486,-37,6,1]
[256,-320,288,-192,109,-48,18,-5,1]
[16384,-512,229,-4,1]
[4096,768,384,85,24,3,1]
[4096,-1536,512,-163,32,-6,1]
[16384,0,-103,0,1]
[4096,-256,-64,-53,-4,-1,1]
[14641,3509,448,29,1]
[4096,1024,464,81,29,4,1]
[14641,-726,116,-6,1]
[4096,-2816,1232,-363,77,-11,1]
[4096,1280,416,121,26,5,1]
[512,128,64,39,8,2,1]
[4096,1536,384,55,24,6,1]
[256,128,16,36,37,9,1,2,1]
[256,-192,32,-48,49,-12,2,-3,1]
[729,324,153,32,17,4,1]
[729,-81,-45,-2,-5,-1,1]
[256,-64,32,4,13,1,2,-1,1]
[15625,625,212,5,1]
[16384,384,-61,3,1]
[14641,484,49,4,1]
[14641,-605,158,-5,1]
[4096,1280,-16,-59,-1,5,1]
[4096,1280,96,3,6,5,1]
[729,243,234,52,26,3,1]
[256,64,32,-20,-3,-5,2,1,1]
[4096,-256,128,-105,8,-1,1]
[4096,-2816,1136,-335,71,-11,1]
[4096,-1280,32,43,2,-5,1]
[4096,2560,528,69,33,10,1]
[4096,-512,448,-35,28,-2,1]
[4096,768,144,103,9,3,1]
[4096,-768,-16,35,-1,-3,1]
[729,-81,-18,22,-2,-1,1]
[4096,256,80,-43,5,1,1]
[16384,-1152,71,-9,1]
[4096,0,128,-33,8,0,1]
[6561,-2025,317,-25,1]
[4096,1024,400,129,25,4,1]
[6561,162,4,2,1]
[729,81,27,-19,3,1,1]
[4096,-2048,368,-39,23,-8,1]
[14641,-726,172,-6,1]
[4096,256,176,77,11,1,1]
[4096,0,48,-83,3,0,1]
[4096,-512,-112,65,-7,-2,1]
[2401,-147,-34,-3,1]
[4096,-4352,2192,-677,137,-17,1]
[4096,512,368,51,23,2,1]
[15625,-125,-98,-1,1]
[14641,-726,149,-6,1]
[729,-405,-27,56,-3,-5,1]
[14641,-363,202,-3,1]
[16384,1024,161,8,1]
[4096,-768,352,-75,22,-3,1]
[256,192,112,64,27,16,7,3,1]
[256,-128,16,40,-19,10,1,-2,1]
[729,324,0,-31,0,4,1]
[15625,4125,521,33,1]
[14641,2057,175,17,1]
[256,-128,48,12,-13,3,3,-2,1]
[512,64,8,-1,1,1,1]
[6561,162,61,2,1]
[729,405,54,-1,6,5,1]
[4096,0,-64,-57,-4,0,1]
[256,448,416,300,173,75,26,7,1]
[14641,-1815,170,-15,1]
[4096,-2048,832,-203,52,-8,1]
[512,-256,56,3,7,-4,1]
[256,-64,16,28,-17,7,1,-1,1]
[15625,-1750,67,-14,1]
[14641,-605,229,-5,1]
[4096,1792,544,149,34,7,1]
[16384,1664,259,13,1]
[256,-128,48,-12,19,-3,3,-2,1]
[4096,-1792,336,-71,21,-7,1]
[256,-128,32,16,-1,4,2,-2,1]
[729,-162,171,-28,19,-2,1]
[4096,-768,144,-103,9,-3,1]
[729,-405,81,1,9,-5,1]
[256,320,272,168,95,42,17,5,1]
[4096,-768,-144,57,-9,-3,1]
[512,-320,80,-19,10,-5,1]
[4096,-2560,1152,-325,72,-10,1]
[4096,-768,240,-51,15,-3,1]
[4096,-1024,240,-29,15,-4,1]
[4096,-2304,1056,-291,66,-9,1]
[15625,-1125,251,-9,1]
[256,256,112,4,-9,1,7,4,1]
[4096,-1792,544,-125,34,-7,1]
[4096,-1280,225,-20,1]
[256,-128,128,-40,35,-10,8,-2,1]
[15625,4000,494,32,1]
[4096,-2304,928,-255,58,-9,1]
[4096,-1280,672,-129,42,-5,1]
[14641,726,168,6,1]
[64,-48,36,-21,9,-3,1]
[15625,-125,62,-1,1]
[256,192,160,100,47,25,10,3,1]
[6561,81,106,1,1]
[6561,1215,122,15,1]
[4096,-512,141,-8,1]
[4096,768,0,-23,0,3,1]
[4096,1024,224,17,14,4,1]
[4096,-512,368,-59,23,-2,1]
[4096,-1280,704,-145,44,-5,1]
[512,0,40,1,5,0,1]
[4096,-256,64,19,4,-1,1]
[16384,-1408,5,-11,1]
[729,81,45,38,5,1,1]
[6561,-162,124,-2,1]
[4096,-1024,-96,79,-6,-4,1]
[15625,750,231,6,1]
[256,-128,240,-84,87,-21,15,-2,1]
[4096,512,320,33,20,2,1]
[4096,-256,96,-63,6,-1,1]
[729,-81,36,-16,4,-1,1]
[256,-64,32,-48,17,-12,2,-1,1]
[4096,768,-144,-79,-9,3,1]
[15625,-3875,449,-31,1]
[14641,726,18,6,1]
[64,-16,11,-2,1]
[16384,2816,351,22,1]
[256,128,32,0,7,0,2,2,1]
[4096,512,-80,-93,-5,2,1]
[256,-64,144,-60,41,-15,9,-1,1]
[15625,-2250,228,-18,1]
[15625,-1500,34,-12,1]
[15625,1375,279,11,1]
[256,-128,64,-16,3,-4,4,-2,1]
[256,192,192,112,65,28,12,3,1]
[729,-405,117,-20,13,-5,1]
[4096,0,0,11,0,0,1]
[15625,625,-36,5,1]
[256,64,16,24,17,6,1,1,1]
[4096,-768,368,-93,23,-3,1]
[4096,256,32,-101,2,1,1]
[4096,-256,240,-19,15,-1,1]
[256,128,0,-24,-13,-6,0,2,1]
[14641,1452,251,12,1]
[4096,1792,464,103,29,7,1]
[256,-192,96,-76,45,-19,6,-3,1]
[4096,0,48,-99,3,0,1]
[16384,1920,277,15,1]
[256,64,80,-24,7,-6,5,1,1]
[15625,-750,7,-6,1]
[6561,2025,310,25,1]
[4096,1536,544,185,34,6,1]
[14641,121,195,1,1]
[4096,768,480,113,30,3,1]
[16384,-128,185,-1,1]
[256,-128,16,12,-19,3,1,-2,1]
[15625,-1000,168,-8,1]
[6561,1944,278,24,1]
[16384,256,-63,2,1]
[15625,1000,8,8,1]
[4096,256,528,37,33,1,1]
[729,81,-9,20,-1,1,1]
[4096,-1536,96,47,6,-6,1]
[4096,-2048,352,-45,22,-8,1]
[4096,768,112,15,7,3,1]
[4096,832,107,13,1]
[6561,-1053,175,-13,1]
[256,64,80,16,29,4,5,1,1]
[512,-64,48,-35,6,-1,1]
[729,0,54,-26,6,0,1]
[4096,1792,576,151,36,7,1]
[2401,-147,-12,-3,1]
[14641,1815,148,15,1]
[2401,245,45,5,1]
[14641,-968,211,-8,1]
[256,64,48,16,-3,4,3,1,1]
[729,81,27,-35,3,1,1]
[4096,256,0,-33,0,1,1]
[14641,1573,140,13,1]
[4096,-832,139,-13,1]
[512,384,128,37,16,6,1]
[729,405,207,85,23,5,1]
[2401,-931,170,-19,1]
[4096,-1536,320,-67,20,-6,1]
[4096,768,0,-73,0,3,1]
[4096,-768,672,-85,42,-3,1]
[14641,-3509,450,-29,1]
[729,0,63,-4,7,0,1]
[14641,-484,24,-4,1]
[512,-64,88,-13,11,-1,1]
[6561,-810,64,-10,1]
[256,0,160,-8,49,-2,10,0,1]
[2401,-588,93,-12,1]
[256,-320,112,56,-61,14,7,-5,1]
[1024,-288,77,-9,1]
[256,0,16,0,-1,0,1,0,1]
[512,-192,-8,35,-1,-3,1]
[4096,-768,416,-75,26,-3,1]
[256,192,112,60,27,15,7,3,1]
[1024,128,7,4,1]
[4096,-768,320,-65,20,-3,1]
[4096,384,85,6,1]
[15625,1125,262,9,1]
[14641,-726,5,-6,1]
[256,128,64,8,1,2,4,2,1]
[4096,-512,-96,61,-6,-2,1]
[256,-384,368,-260,149,-65,23,-6,1]
[4096,-1024,384,-57,24,-4,1]
[4096,512,272,-25,17,2,1]
[4096,0,160,-23,10,0,1]
[15625,2250,214,18,1]
[4096,-512,-32,45,-2,-2,1]
[4096,-512,-64,101,-4,-2,1]
[256,-64,112,-36,27,-9,7,-1,1]
[16384,512,1,4,1]
[256,384,320,200,105,50,20,6,1]
[16384,-1792,139,-14,1]
[4096,-1280,320,-101,20,-5,1]
[15625,1625,54,13,1]
[4096,1024,0,-23,0,4,1]
[256,-128,176,-80,61,-20,11,-2,1]
[4096,-1792,896,-217,56,-7,1]
[1024,160,41,5,1]
[4096,256,-64,1,-4,1,1]
[4096,-768,544,-85,34,-3,1]
[4096,512,192,-7,12,2,1]
[6561,-1863,281,-23,1]
[4096,0,-48,59,-3,0,1]
[4096,-512,64,-27,4,-2,1]
[4096,-640,79,-10,1]
[4096,-256,96,-117,6,-1,1]
[256,-192,48,-40,37,-10,3,-3,1]
[512,64,64,1,8,1,1]
[4096,256,-128,-95,-8,1,1]
[15625,-1125,-22,-9,1]
[729,-243,180,-50,20,-3,1]
[256,0,48,8,27,2,3,0,1]
[16384,-640,87,-5,1]
[6561,-1215,202,-15,1]
[15625,-2500,248,-20,1]
[256,64,48,-12,7,-3,3,1,1]
[256,64,96,20,31,5,6,1,1]
[4096,0,-112,51,-7,0,1]
[1024,32,35,1,1]
[16384,-256,-135,-2,1]
[729,-567,297,-113,33,-7,1]
[256,64,112,32,41,8,7,1,1]
[256,-128,96,-52,21,-13,6,-2,1]
[4096,2560,752,169,47,10,1]
[729,0,-18,32,-2,0,1]
[729,324,18,-10,2,4,1]
[729,-729,369,-133,41,-9,1]
[4096,1536,-32,-81,-2,6,1]
[256,192,96,20,5,5,6,3,1]
[6561,405,-40,5,1]
[256,0,-16,-16,11,-4,-1,0,1]
[15625,-3125,368,-25,1]
[256,-128,128,-52,35,-13,8,-2,1]
[4096,-1024,96,-37,6,-4,1]
[256,64,80,36,33,9,5,1,1]
[256,64,-48,12,33,3,-3,1,1]
[4096,2560,1072,305,67,10,1]
[4096,256,208,65,13,1,1]
[16384,-2816,375,-22,1]
[4096,768,144,7,9,3,1]
[256,-64,-16,16,1,4,-1,-1,1]
[14641,1452,137,12,1]
[15625,1375,61,11,1]
[4096,768,368,63,23,3,1]
[14641,847,10,7,1]
[15625,0,157,0,1]
[256,192,80,8,5,2,5,3,1]
[4096,1024,704,121,44,4,1]
[4096,-256,384,-61,24,-1,1]
[729,243,-72,-59,-8,3,1]
[4096,-256,-208,21,-13,-1,1]
[4096,768,32,-39,2,3,1]
[4096,320,-7,5,1]
[16384,-1536,45,-12,1]
[14641,726,225,6,1]
[4096,3328,1536,469,96,13,1]
[4096,512,544,61,34,2,1]
[256,-192,80,-32,21,-8,5,-3,1]
[625,-25,28,-1,1]
[256,192,176,80,49,20,11,3,1]
[15625,-1750,154,-14,1]
[729,243,117,52,13,3,1]
[256,128,16,-8,1,-2,1,2,1]
[256,128,144,64,49,16,9,2,1]
[256,0,96,-8,33,-2,6,0,1]
[14641,2662,290,22,1]
[512,-128,152,-29,19,-2,1]
[4096,512,-32,29,-2,2,1]
[16384,-2816,347,-22,1]
[729,729,423,173,47,9,1]
[15625,-250,104,-2,1]
[512,-128,16,15,2,-2,1]
[4096,0,192,-9,12,0,1]
[729,-567,252,-95,28,-7,1]
[4096,-2048,416,-55,26,-8,1]
[4096,1024,416,73,26,4,1]
[4096,-768,256,7,16,-3,1]
[14641,-847,10,-7,1]
[512,-128,64,-11,8,-2,1]
[14641,-1331,261,-11,1]
[4096,-1536,320,-27,20,-6,1]
[4096,-256,224,37,14,-1,1]
[4096,-2048,800,-255,50,-8,1]
[4096,-1024,192,3,12,-4,1]
[4096,-256,-32,69,-2,-1,1]
[4096,2560,560,83,35,10,1]
[256,-192,112,-72,47,-18,7,-3,1]
[4096,-512,320,-89,20,-2,1]
[15625,-125,212,-1,1]
[256,-64,96,-8,27,-2,6,-1,1]
[4096,-512,-208,49,-13,-2,1]
[4096,512,544,49,34,2,1]
[4096,1536,352,69,22,6,1]
[4096,-1536,448,-111,28,-6,1]
[2401,-245,-25,-5,1]
[4096,1536,-48,-105,-3,6,1]
[256,384,336,216,113,54,21,6,1]
[4096,-320,89,-5,1]
[14641,3630,442,30,1]
[4096,1280,144,29,9,5,1]
[512,256,80,27,10,4,1]
[4096,-1280,240,-13,15,-5,1]
[4096,-768,272,-75,17,-3,1]
[4096,768,0,31,0,3,1]
[4096,-256,-112,73,-7,-1,1]
[4096,1792,736,173,46,7,1]
[4096,1792,800,199,50,7,1]
[4096,-1792,656,-167,41,-7,1]
[2401,343,45,7,1]
[4096,0,128,9,8,0,1]
[729,135,58,5,1]
[15625,-250,-193,-2,1]
[15625,-2125,293,-17,1]
[4096,-960,167,-15,1]
[4096,768,368,43,23,3,1]
[15625,-2625,338,-21,1]
[4096,768,592,71,37,3,1]
[256,-192,128,-52,23,-13,8,-3,1]
[4096,-256,96,-107,6,-1,1]
[6561,-1539,182,-19,1]
[14641,968,78,8,1]
[729,162,54,-13,6,2,1]
[4096,832,95,13,1]
[729,81,-18,5,-2,1,1]
[729,-81,207,-17,23,-1,1]
[729,162,9,22,1,2,1]
[729,-162,135,-26,15,-2,1]
[15625,1000,264,8,1]
[256,256,64,-28,-27,-7,4,4,1]
[256,128,64,48,35,12,4,2,1]
[256,-192,144,-96,47,-24,9,-3,1]
[15625,2125,209,17,1]
[729,162,0,1,0,2,1]
[4096,1792,528,125,33,7,1]
[256,64,112,36,25,9,7,1,1]
[256,192,48,40,35,10,3,3,1]
[15625,-1500,261,-12,1]
[256,-128,32,-28,27,-7,2,-2,1]
[16384,-384,-19,-3,1]
[16384,0,-131,0,1]
[4096,1280,320,49,20,5,1]
[15625,-2125,222,-17,1]
[14641,-1331,35,-11,1]
[4096,-768,-48,41,-3,-3,1]
[256,64,48,40,11,10,3,1,1]
[15625,-1250,21,-10,1]
[4096,-768,240,-29,15,-3,1]
[4096,1280,-16,-67,-1,5,1]
[14641,363,235,3,1]
[14641,2299,326,19,1]
[256,128,96,32,23,8,6,2,1]
[14641,-1089,-38,-9,1]
[16384,384,59,3,1]
[256,-384,336,-240,137,-60,21,-6,1]
[14641,2057,254,17,1]
[256,-64,96,-36,35,-9,6,-1,1]
[256,64,64,32,31,8,4,1,1]
[4096,-1792,352,-77,22,-7,1]
[4096,-768,-112,53,-7,-3,1]
[2401,343,65,7,1]
[4096,448,117,7,1]
[4096,-768,-48,69,-3,-3,1]
[625,-225,66,-9,1]
[256,0,64,0,13,0,4,0,1]
[256,-448,480,-360,207,-90,30,-7,1]
[4096,768,-16,-47,-1,3,1]
[256,-64,64,-24,19,-6,4,-1,1]
[4096,256,-112,-61,-7,1,1]
[16384,-1024,75,-8,1]
[4096,1536,96,-57,6,6,1]
[4096,1024,240,97,15,4,1]
[4096,0,176,-39,11,0,1]
[256,128,112,48,31,12,7,2,1]
[4096,-1792,128,57,8,-7,1]
[4096,1024,176,73,11,4,1]
[4096,512,-224,-69,-14,2,1]
[4096,448,65,7,1]
[4096,-1536,656,-131,41,-6,1]
[4096,-1280,272,-67,17,-5,1]
[256,64,-16,24,23,6,-1,1,1]
[14641,2662,347,22,1]
[15625,-750,102,-6,1]
[4096,1536,240,25,15,6,1]
[729,0,-9,10,-1,0,1]
[4096,512,137,8,1]
[6561,1053,76,13,1]
[14641,-1815,158,-15,1]
[4096,-512,528,-39,33,-2,1]
[15625,2125,133,17,1]
[4096,1280,656,123,41,5,1]
[4096,512,48,25,3,2,1]
[15625,-1375,24,-11,1]
[256,-16,7,-1,1]
[256,-64,144,-32,41,-8,9,-1,1]
[256,64,0,4,21,1,0,1,1]
[729,-405,90,-7,10,-5,1]
[4096,-2816,1312,-379,82,-11,1]
[4096,-1536,32,75,2,-6,1]
[4096,-768,704,-83,44,-3,1]
[6561,1863,257,23,1]
[14641,-121,51,-1,1]
[14641,-1815,186,-15,1]
[256,-64,96,-20,29,-5,6,-1,1]
[4096,1536,368,101,23,6,1]
[14641,121,189,1,1]
[16384,-3968,489,-31,1]
[4096,-768,256,3,16,-3,1]
[729,-162,153,-32,17,-2,1]
[256,-256,176,-104,49,-26,11,-4,1]
[729,-405,162,-59,18,-5,1]
[729,-81,9,16,1,-1,1]
[4096,0,-48,55,-3,0,1]
[14641,121,-17,1,1]
[14641,-121,128,-1,1]
[4096,-512,-112,25,-7,-2,1]
[512,320,200,73,25,5,1]
[729,162,27,11,3,2,1]
[4096,-1280,432,-163,27,-5,1]
[512,128,160,29,20,2,1]
[15625,3750,468,30,1]
[14641,1210,249,10,1]
[4096,768,48,27,3,3,1]
[14641,242,48,2,1]
[14641,-2904,343,-24,1]
[16384,768,91,6,1]
[512,-192,-32,43,-4,-3,1]
[14641,1936,117,16,1]
[4096,-2048,400,-61,25,-8,1]
[14641,3993,493,33,1]
[16384,-2176,181,-17,1]
[15625,250,-148,2,1]
[2401,0,-53,0,1]
[4096,-768,80,41,5,-3,1]
[16384,512,213,4,1]
[256,-192,48,-48,43,-12,3,-3,1]
[4096,512,-48,9,-3,2,1]
[4096,-768,320,-97,20,-3,1]
[256,-64,-128,4,45,1,-8,-1,1]
[4096,1792,560,147,35,7,1]
[4096,-512,352,-33,22,-2,1]
[4096,768,224,99,14,3,1]
[256,-64,9,-4,1]
[6561,1053,77,13,1]
[14641,-242,-4,-2,1]
[15625,1250,224,10,1]
[4096,704,147,11,1]
[4096,-512,272,5,17,-2,1]
[512,0,128,3,16,0,1]
[4096,-1024,448,-73,28,-4,1]
[4096,256,-32,25,-2,1,1]
[4096,768,352,95,22,3,1]
[4096,-2304,768,-223,48,-9,1]
[15625,-500,132,-4,1]
[4096,1024,96,45,6,4,1]
[729,-243,-54,50,-6,-3,1]
[512,0,72,5,9,0,1]
[14641,-1210,36,-10,1]
[4096,-256,16,-101,1,-1,1]
[256,0,16,8,7,2,1,0,1]
[15625,4000,498,32,1]
[4096,-256,64,-81,4,-1,1]
[4096,2560,976,281,61,10,1]
[4096,-1280,176,3,11,-5,1]
[512,256,32,-9,4,4,1]
[14641,-1089,-41,-9,1]
[4096,1280,336,117,21,5,1]
[4096,1792,-32,-115,-2,7,1]
[256,-64,-48,-12,31,-3,-3,-1,1]
[4096,1024,464,93,29,4,1]
[1024,512,125,16,1]
[4096,-256,176,-91,11,-1,1]
[15625,2000,222,16,1]
[256,-128,64,-12,11,-3,4,-2,1]
[729,-324,-36,55,-4,-4,1]
[512,128,88,17,11,2,1]
[256,320,208,88,39,22,13,5,1]
[256,64,-96,-4,29,-1,-6,1,1]
[625,0,-33,0,1]
[15625,-1000,263,-8,1]
[256,64,176,48,57,12,11,1,1]
[16384,-3968,471,-31,1]
[2401,0,46,0,1]
[4096,1024,160,53,10,4,1]
[16384,3328,347,26,1]
[4096,1792,560,153,35,7,1]
[729,162,90,14,10,2,1]
[14641,2057,146,17,1]
[256,-64,64,12,3,3,4,-1,1]
[4096,512,208,19,13,2,1]
[14641,-1210,20,-10,1]
[4096,-768,16,1,1,-3,1]
[4096,-2304,912,-251,57,-9,1]
[2401,-343,55,-7,1]
[256,0,0,8,-7,2,0,0,1]
[4096,-1024,192,-33,12,-4,1]
[14641,-2178,279,-18,1]
[256,192,80,0,-15,0,5,3,1]
[256,0,32,8,1,2,2,0,1]
[14641,-968,152,-8,1]
[4096,-768,112,57,7,-3,1]
[4096,512,144,19,9,2,1]
[15625,-1750,263,-14,1]
[4096,768,384,101,24,3,1]
[14641,-363,218,-3,1]
[15625,2000,127,16,1]
[4096,-1536,432,-143,27,-6,1]
[4096,1280,384,63,24,5,1]
[4096,768,-144,-125,-9,3,1]
[15625,-625,222,-5,1]
[4096,-2560,1152,-323,72,-10,1]
[16384,640,-75,5,1]
[4096,-2048,640,-147,40,-8,1]
[4096,1792,-48,-123,-3,7,1]
[16384,1536,83,12,1]
[729,0,-63,-8,-7,0,1]
[256,64,-80,-8,21,-2,-5,1,1]
[4096,-1024,128,-19,8,-4,1]
[4096,-512,16,63,1,-2,1]
[729,-324,198,-62,22,-4,1]
[15625,-3250,391,-26,1]
[14641,2057,312,17,1]
[15625,-1375,68,-11,1]
[4096,0,16,33,1,0,1]
[4096,256,272,3,17,1,1]
[4096,3072,1264,359,79,12,1]
[256,-64,128,-40,39,-10,8,-1,1]
[16384,-640,79,-5,1]
[4096,256,-48,33,-3,1,1]
[512,640,448,193,56,10,1]
[256,-128,80,-24,19,-6,5,-2,1]
[4096,-512,-16,-45,-1,-2,1]
[14641,363,-43,3,1]
[256,-64,-48,0,15,0,-3,-1,1]
[4096,3328,1568,465,98,13,1]
[4096,-512,-112,13,-7,-2,1]
[729,-162,20,-6,1]
[15625,-4375,537,-35,1]
[15625,1375,133,11,1]
[15625,-500,246,-4,1]
[4096,-1024,-192,143,-12,-4,1]
[4096,-256,560,-31,35,-1,1]
[4096,-256,176,-25,11,-1,1]
[729,-81,25,-3,1]
[4096,-2048,800,-231,50,-8,1]
[4096,768,608,89,38,3,1]
[512,-64,8,-31,1,-1,1]
[15625,-2875,324,-23,1]
[729,162,63,50,7,2,1]
[4096,256,16,-61,1,1,1]
[4096,768,256,71,16,3,1]
[15625,-2500,341,-20,1]
[6561,1539,235,19,1]
[4096,-128,65,-2,1]
[625,-100,14,-4,1]
[16384,-768,-77,-6,1]
[512,128,64,33,8,2,1]
[512,-128,48,7,6,-2,1]
[4096,768,192,-21,12,3,1]
[4096,0,-32,-27,-2,0,1]
[256,-320,224,-96,41,-24,14,-5,1]
[2401,-294,66,-6,1]
[4096,2048,576,121,36,8,1]
[4096,256,224,-1,14,1,1]
[256,64,0,24,15,6,0,1,1]
[512,192,40,15,5,3,1]
[15625,4875,629,39,1]
[512,-64,112,-1,14,-1,1]
[512,-128,0,15,0,-2,1]
[15625,-1000,71,-8,1]
[4096,512,192,-43,12,2,1]
[15625,-2500,213,-20,1]
[14641,-363,59,-3,1]
[16384,-128,-231,-1,1]
[15625,-2375,234,-19,1]
[14641,-484,-24,-4,1]
[4096,768,272,75,17,3,1]
[729,-81,-18,10,-2,-1,1]
[4096,-256,336,-65,21,-1,1]
[2401,-392,32,-8,1]
[729,-81,81,-25,9,-1,1]
[256,-64,64,-52,7,-13,4,-1,1]
[16384,-128,191,-1,1]
[6561,-2268,344,-28,1]
[4096,-2816,1008,-273,63,-11,1]
[4096,1280,-224,-167,-14,5,1]
[15625,-3750,471,-30,1]
[256,256,208,112,63,28,13,4,1]
[15625,-625,96,-5,1]
[729,324,45,-5,5,4,1]
[729,-243,81,-5,9,-3,1]
[4096,-1536,576,-173,36,-6,1]
[4096,0,64,-27,4,0,1]
[15625,375,-143,3,1]
[4096,-1280,-80,99,-5,-5,1]
[14641,-484,-108,-4,1]
[4096,1536,112,-41,7,6,1]
[4096,256,16,-33,1,1,1]
[4096,768,496,47,31,3,1]
[4096,-768,240,-115,15,-3,1]
[1024,32,-1,1,1]
[4096,0,384,-11,24,0,1]
[16384,-4864,611,-38,1]
[4096,3584,1488,423,93,14,1]
[6561,-567,-20,-7,1]
[4096,-2048,912,-247,57,-8,1]
[4096,-512,208,-43,13,-2,1]
[15625,2875,339,23,1]
[256,0,-64,8,27,2,-4,0,1]
[512,0,88,-13,11,0,1]
[14641,605,108,5,1]
[256,64,32,28,11,7,2,1,1]
[15625,3375,381,27,1]
[4096,-1024,0,81,0,-4,1]
[729,-270,76,-10,1]
[512,-128,-16,33,-2,-2,1]
[729,-243,108,-19,12,-3,1]
[4096,1792,544,105,34,7,1]
[729,0,135,7,15,0,1]
[256,0,96,-28,19,-7,6,0,1]
[15625,375,118,3,1]
[256,0,-48,-4,31,-1,-3,0,1]
[6561,-1296,145,-16,1]
[15625,-250,179,-2,1]
[15625,1750,206,14,1]
[256,-64,-64,0,17,0,-4,-1,1]
[256,-320,272,-188,101,-47,17,-5,1]
[4096,-2048,688,-179,43,-8,1]
[4096,256,64,51,4,1,1]
[256,0,80,-36,13,-9,5,0,1]
[4096,0,240,55,15,0,1]
[15625,750,47,6,1]
[4096,1024,304,59,19,4,1]
[4096,-3328,1520,-461,95,-13,1]
[6561,243,-53,3,1]
[256,128,176,72,63,18,11,2,1]
[15625,-3750,447,-30,1]
[256,128,-16,-24,-11,-6,-1,2,1]
[729,81,9,1,1,1,1]
[16384,1280,209,10,1]
[512,-64,128,-21,16,-1,1]
[4096,768,128,-15,8,3,1]
[4096,768,128,-45,8,3,1]
[256,128,32,-28,-31,-7,2,2,1]
[4096,1536,64,-47,4,6,1]
[4096,0,80,17,5,0,1]
[14641,0,10,0,1]
[14641,1815,229,15,1]
[15625,-375,119,-3,1]
[625,100,53,4,1]
[256,64,64,8,-1,2,4,1,1]
[4096,-256,32,77,2,-1,1]
[15625,1500,61,12,1]
[14641,363,-7,3,1]
[4096,-1536,576,-149,36,-6,1]
[16384,640,65,5,1]
[15625,1000,138,8,1]
[14641,-121,-218,-1,1]
[4096,-512,448,-85,28,-2,1]
[4096,256,352,61,22,1,1]
[4096,-512,144,5,9,-2,1]
[64,-48,21,-6,1]
[6561,-324,-32,-4,1]
[512,-192,80,-43,10,-3,1]
[256,320,112,-40,-47,-10,7,5,1]
[15625,875,-24,7,1]
[4096,256,96,-81,6,1,1]
[16384,-3200,359,-25,1]
[729,243,18,-17,2,3,1]
[512,256,88,13,11,4,1]
[6561,-567,155,-7,1]
[6561,1053,176,13,1]
[256,128,48,8,9,2,3,2,1]
[64,32,28,17,7,2,1]
[4096,-1024,96,39,6,-4,1]
[256,-320,224,-152,89,-38,14,-5,1]
[4096,1024,528,81,33,4,1]
[4096,256,480,37,30,1,1]
[6561,-2106,316,-26,1]
[256,256,192,100,57,25,12,4,1]
[14641,0,-142,0,1]
[4096,512,240,-21,15,2,1]
[2401,-245,75,-5,1]
[14641,-242,-3,-2,1]
[14641,-847,-81,-7,1]
[256,256,240,140,81,35,15,4,1]
[16384,1152,109,9,1]
[15625,375,-172,3,1]
[256,256,192,120,65,30,12,4,1]
[729,243,81,28,9,3,1]
[4096,1024,176,31,11,4,1]
[4096,256,336,55,21,1,1]
[256,-64,96,-40,27,-10,6,-1,1]
[256,-192,144,-84,39,-21,9,-3,1]
[256,-128,-32,8,17,2,-2,-2,1]
[256,0,16,-16,15,-4,1,0,1]
[256,-192,176,-92,63,-23,11,-3,1]
[729,81,171,16,19,1,1]
[256,128,48,20,13,5,3,2,1]
[14641,242,-122,2,1]
[4096,-256,192,-65,12,-1,1]
[256,0,128,20,35,5,8,0,1]
[27,1,1]
[4096,256,-112,-71,-7,1,1]
[4096,-2816,960,-245,60,-11,1]
[81,9,-2,1,1]
[4096,512,0,-49,0,2,1]
[256,128,176,64,57,16,11,2,1]
[6561,243,44,3,1]
[4096,-2304,992,-293,62,-9,1]
[512,-128,88,-27,11,-2,1]
[256,128,128,48,43,12,8,2,1]
[4096,-1280,64,5,4,-5,1]
[4096,-2560,816,-207,51,-10,1]
[14641,3388,406,28,1]
[16384,0,221,0,1]
[6561,0,5,0,1]
[256,0,-32,-4,11,-1,-2,0,1]
[6561,-81,32,-1,1]
[4096,-768,384,-23,24,-3,1]
[729,189,37,7,1]
[4096,-1536,176,-1,11,-6,1]
[729,81,-18,17,-2,1,1]
[4096,768,80,37,5,3,1]
[64,80,60,35,15,5,1]
[256,-64,128,-32,35,-8,8,-1,1]
[729,243,135,44,15,3,1]
[4096,1024,368,137,23,4,1]
[14641,726,136,6,1]
[256,-128,64,-28,5,-7,4,-2,1]
[256,-256,208,-124,69,-31,13,-4,1]
[4096,-1024,-128,119,-8,-4,1]
[512,-64,56,-27,7,-1,1]
[256,-128,48,-20,7,-5,3,-2,1]
[256,-192,80,-52,33,-13,5,-3,1]
[625,-125,38,-5,1]
[16384,-2304,277,-18,1]
[4096,2048,864,213,54,8,1]
[4096,-256,48,17,3,-1,1]
[4096,1024,448,123,28,4,1]
[4096,0,240,53,15,0,1]
[14641,3388,412,28,1]
[15625,-1875,109,-15,1]
[4096,-1024,256,-43,16,-4,1]
[4096,-768,-96,93,-6,-3,1]
[4096,-3584,1584,-469,99,-14,1]
[15625,2500,337,20,1]
[4096,1536,-176,-167,-11,6,1]
[4096,0,-160,-3,-10,0,1]
[4096,1280,480,109,30,5,1]
[256,192,144,56,27,14,9,3,1]
[14641,-242,39,-2,1]
[16384,-512,-115,-4,1]
[4096,-1280,464,-137,29,-5,1]
[6561,1053,154,13,1]
[256,128,112,20,21,5,7,2,1]
[14641,-121,166,-1,1]
[4096,1024,416,77,26,4,1]
[14641,2904,339,24,1]
[256,128,48,-4,5,-1,3,2,1]
[15625,2000,221,16,1]
[2401,-147,-26,-3,1]
[256,64,96,-16,15,-4,6,1,1]
[14641,-242,-34,-2,1]
[729,0,135,4,15,0,1]
[14641,1331,202,11,1]
[6561,-567,41,-7,1]
[6561,1944,287,24,1]
[16384,3584,413,28,1]
[15625,3250,347,26,1]
[15625,-750,212,-6,1]
[4096,3584,1472,415,92,14,1]
[14641,1089,200,9,1]
[2401,-980,185,-20,1]
[4096,256,608,33,38,1,1]
[4096,1024,528,97,33,4,1]
[15625,-2000,279,-16,1]
[4096,-640,59,-10,1]
[256,192,48,52,45,13,3,3,1]
[4096,-768,192,-87,12,-3,1]
[15625,-1125,188,-9,1]
[4096,512,64,-3,4,2,1]
[256,256,80,-44,-43,-11,5,4,1]
[256,256,192,120,69,30,12,4,1]
[256,64,16,20,17,5,1,1,1]
[4096,-256,368,-33,23,-1,1]
[256,-192,96,-40,27,-10,6,-3,1]
[256,-128,64,-52,35,-13,4,-2,1]
[4096,768,272,49,17,3,1]
[4096,-1280,496,-127,31,-5,1]
[4096,-256,176,65,11,-1,1]
[256,64,0,-16,3,-4,0,1,1]
[15625,-2500,274,-20,1]
[729,567,279,101,31,7,1]
[4096,-768,496,-95,31,-3,1]
[4096,-1024,752,-117,47,-4,1]
[4096,512,-96,-117,-6,2,1]
[256,-64,112,-32,29,-8,7,-1,1]
[4096,768,176,63,11,3,1]
[2401,49,-46,1,1]
[14641,-1210,204,-10,1]
[729,27,-5,1,1]
[729,243,18,5,2,3,1]
[15625,1000,-63,8,1]
[256,-64,32,24,-3,6,2,-1,1]
[4096,-2816,960,-253,60,-11,1]
[729,0,5,0,1]
[4096,-1024,240,-99,15,-4,1]
[256,-192,128,-84,39,-21,8,-3,1]
[4096,192,-39,3,1]
[729,243,153,46,17,3,1]
[256,64,96,24,39,6,6,1,1]
[14641,-726,247,-6,1]
[256,-64,144,-20,41,-5,9,-1,1]
[4096,0,-208,3,-13,0,1]
[256,128,128,88,33,22,8,2,1]
[256,0,16,8,15,2,1,0,1]
[81,13,1]
[512,64,104,25,13,1,1]
[4096,-256,416,-33,26,-1,1]
[4096,512,336,13,21,2,1]
[14641,363,-108,3,1]
[4096,1024,608,101,38,4,1]
[4096,-512,-32,69,-2,-2,1]
[14641,-605,146,-5,1]
[256,-64,16,20,-7,5,1,-1,1]
[4096,-256,400,-25,25,-1,1]
[4096,2816,752,151,47,11,1]
[15625,0,-98,0,1]
[14641,-1089,252,-9,1]
[14641,484,228,4,1]
[15625,250,32,2,1]
[4096,0,336,-25,21,0,1]
[2401,-245,55,-5,1]
[729,324,90,41,10,4,1]
[14641,-3993,485,-33,1]
[256,0,64,40,11,10,4,0,1]
[256,-320,336,-220,131,-55,21,-5,1]
[4096,0,80,71,5,0,1]
[256,64,48,44,19,11,3,1,1]
[14641,-726,-5,-6,1]
[6561,-1215,140,-15,1]
[16384,1408,113,11,1]
[4096,768,160,5,10,3,1]
[256,320,240,156,89,39,15,5,1]
[4096,-1024,144,-43,9,-4,1]
[2401,-735,149,-15,1]
[14641,-605,36,-5,1]
[512,-128,96,-7,12,-2,1]
[15625,-1000,197,-8,1]
[256,256,192,128,71,32,12,4,1]
[4096,2560,1040,305,65,10,1]
[14641,-1936,162,-16,1]
[15625,1875,103,15,1]
[256,192,80,8,-13,2,5,3,1]
[16384,-3840,425,-30,1]
[4096,-768,288,-107,18,-3,1]
[256,-128,32,44,-27,11,2,-2,1]
[15625,-2375,189,-19,1]
[512,128,128,29,16,2,1]
[512,0,-56,-5,-7,0,1]
[729,0,-54,5,-6,0,1]
[16384,-1024,49,-8,1]
[16384,1280,277,10,1]
[14641,-4114,510,-34,1]
[15625,-1375,4,-11,1]
[625,75,46,3,1]
[256,0,80,-24,23,-6,5,0,1]
[512,-320,-8,43,-1,-5,1]
[14641,-242,-130,-2,1]
[256,-64,48,-44,17,-11,3,-1,1]
[729,81,81,8,9,1,1]
[16384,2560,241,20,1]
[256,-512,576,-448,257,-112,36,-8,1]
[625,-400,112,-16,1]
[4096,512,96,65,6,2,1]
[4096,-128,-57,-2,1]
[16384,-3200,319,-25,1]
[128,-7,1]
[4096,-1792,496,-113,31,-7,1]
[256,128,16,0,13,0,1,2,1]
[4096,-256,-80,103,-5,-1,1]
[256,-128,47,-8,1]
[4096,2048,800,221,50,8,1]
[14641,0,-206,0,1]
[4096,-768,288,-5,18,-3,1]
[4096,0,-112,43,-7,0,1]
[256,128,80,44,39,11,5,2,1]
[14641,-968,-46,-8,1]
[512,256,120,29,15,4,1]
[14641,726,-108,6,1]
[4096,-512,-80,23,-5,-2,1]
[729,-324,0,37,0,-4,1]
[15625,500,147,4,1]
[16384,2560,253,20,1]
[4096,768,80,57,5,3,1]
[4096,-2560,1104,-317,69,-10,1]
[4096,256,224,57,14,1,1]
[15625,0,76,0,1]
[4096,0,-128,55,-8,0,1]
[4096,768,224,137,14,3,1]
[14641,-1210,29,-10,1]
[729,243,99,61,11,3,1]
[4096,-768,448,-83,28,-3,1]
[4096,256,240,-37,15,1,1]
[729,-405,72,-8,8,-5,1]
[4096,-1792,656,-217,41,-7,1]
[4096,-1792,688,-221,43,-7,1]
[4096,512,480,73,30,2,1]
[256,-192,48,52,-47,13,3,-3,1]
[6561,-648,28,-8,1]
[512,-64,128,-9,16,-1,1]
[4096,1280,464,159,29,5,1]
[4096,-512,32,57,2,-2,1]
[4096,-2048,864,-247,54,-8,1]
[4096,-256,256,-67,16,-1,1]
[14641,484,-9,4,1]
[15625,-2375,177,-19,1]
[15625,-1875,124,-15,1]
[4096,-1536,288,-19,18,-6,1]
[729,0,36,-2,4,0,1]
[4096,-768,288,-79,18,-3,1]
[15625,1750,167,14,1]
[256,128,128,76,39,19,8,2,1]
[512,64,96,13,12,1,1]
[729,324,72,-4,8,4,1]
[729,243,153,29,17,3,1]
[512,0,0,-31,0,0,1]
[4096,1024,352,77,22,4,1]
[4096,-2048,848,-233,53,-8,1]
[4096,-512,352,-65,22,-2,1]
[4096,1280,-16,-53,-1,5,1]
[4096,1024,-112,-67,-7,4,1]
[4096,1280,-192,-151,-12,5,1]
[256,64,0,4,-11,1,0,1,1]
[14641,1573,192,13,1]
[729,-324,54,8,6,-4,1]
[256,-64,32,-8,-7,-2,2,-1,1]
[4096,1280,32,-19,2,5,1]
[4096,256,160,-71,10,1,1]
[4096,1024,464,119,29,4,1]
[4096,1024,288,99,18,4,1]
[14641,-605,-64,-5,1]
[6561,-567,106,-7,1]
[256,0,16,12,-13,3,1,0,1]
[4096,1536,496,105,31,6,1]
[4096,512,96,-67,6,2,1]
[512,-192,96,-27,12,-3,1]
[4096,-256,-96,95,-6,-1,1]
[729,567,288,116,32,7,1]
[729,-243,9,1,1,-3,1]
[14641,1815,226,15,1]
[256,-128,64,28,-11,7,4,-2,1]
[4096,1280,0,-59,0,5,1]
[4096,512,64,-63,4,2,1]
[4096,-1536,688,-181,43,-6,1]
[256,0,-16,-24,7,-6,-1,0,1]
[4096,256,576,35,36,1,1]
[4096,-2816,1216,-349,76,-11,1]
[14641,726,192,6,1]
[15625,-1500,19,-12,1]
[256,-128,128,-56,39,-14,8,-2,1]
[15625,-1375,7,-11,1]
[256,64,112,12,23,3,7,1,1]
[512,320,88,27,11,5,1]
[2401,-49,48,-1,1]
[4096,-1024,528,-89,33,-4,1]
[256,0,0,4,9,1,0,0,1]
[4096,768,288,21,18,3,1]
[4096,768,320,43,20,3,1]
[729,-324,36,10,4,-4,1]
[15625,-2750,267,-22,1]
[4096,768,192,67,12,3,1]
[729,-54,47,-2,1]
[15625,-1375,99,-11,1]
[256,0,48,-32,13,-8,3,0,1]
[15625,-1125,227,-9,1]
[4096,0,-208,-17,-13,0,1]
[14641,1210,243,10,1]
[6561,162,-43,2,1]
[16384,640,37,5,1]
[4096,-512,64,27,4,-2,1]
[4096,-1280,608,-157,38,-5,1]
[729,81,-18,-25,-2,1,1]
[4096,-1280,227,-20,1]
[256,0,80,16,13,4,5,0,1]
[2401,98,-51,2,1]
[256,64,96,16,35,4,6,1,1]
[256,0,48,-24,-7,-6,3,0,1]
[4096,256,-144,19,-9,1,1]
[16384,-2688,255,-21,1]
[512,0,-48,5,-6,0,1]
[4096,-1536,816,-183,51,-6,1]
[6561,810,61,10,1]
[1024,0,-41,0,1]
[256,-192,48,52,-39,13,3,-3,1]
[4096,256,368,19,23,1,1]
[4096,-512,96,-87,6,-2,1]
[729,-81,-63,10,-7,-1,1]
[256,64,80,-20,5,-5,5,1,1]
[256,0,-16,-28,7,-7,-1,0,1]
[14641,2057,311,17,1]
[14641,-121,85,-1,1]
[512,448,264,115,33,7,1]
[16384,-2944,295,-23,1]
[512,-320,184,-63,23,-5,1]
[4096,-1792,784,-207,49,-7,1]
[4096,1536,-176,-157,-11,6,1]
[4096,-1536,512,-137,32,-6,1]
[4096,0,-144,-25,-9,0,1]
[256,64,48,4,15,1,3,1,1]
[4096,-1536,496,-97,31,-6,1]
[4096,0,192,49,12,0,1]
[4096,0,480,11,30,0,1]
[4096,768,336,93,21,3,1]
[16384,2816,335,22,1]
[14641,1694,196,14,1]
[512,704,496,217,62,11,1]
[2401,-931,185,-19,1]
[4096,1536,-208,-181,-13,6,1]
[4096,-768,128,-25,8,-3,1]
[256,320,272,168,87,42,17,5,1]
[4096,-768,256,-93,16,-3,1]
[4096,256,69,4,1]
[15625,1000,256,8,1]
[6561,-891,77,-11,1]
[729,81,-18,-32,-2,1,1]
[15625,-1125,224,-9,1]
[256,-192,192,-92,59,-23,12,-3,1]
[256,0,32,28,-3,7,2,0,1]
[16384,4864,613,38,1]
[14641,1936,163,16,1]
[4096,-2048,912,-257,57,-8,1]
[15625,-1375,54,-11,1]
[729,162,-27,-1,-3,2,1]
[4096,512,128,99,8,2,1]
[4096,-512,560,-59,35,-2,1]
[729,-243,-54,61,-6,-3,1]
[15625,-625,181,-5,1]
[256,128,32,4,5,1,2,2,1]
[256,-64,48,-32,-5,-8,3,-1,1]
[256,-192,112,-12,5,-3,7,-3,1]
[256,192,112,40,19,10,7,3,1]
[14641,847,-65,7,1]
[15625,-750,247,-6,1]
[256,256,176,108,63,27,11,4,1]
[15625,1875,303,15,1]
[4096,3072,1312,391,82,12,1]
[729,324,171,74,19,4,1]
[729,-81,54,-46,6,-1,1]
[4096,-256,416,-9,26,-1,1]
[625,175,33,7,1]
[4096,-1280,592,-125,37,-5,1]
[4096,768,160,-19,10,3,1]
[256,320,256,172,101,43,16,5,1]
[4096,512,208,-13,13,2,1]
[256,-128,32,40,-31,10,2,-2,1]
[6561,-1458,181,-18,1]
[4096,-1792,592,-143,37,-7,1]
[625,-75,8,-3,1]
[512,64,72,21,9,1,1]
[4096,-2304,544,-95,34,-9,1]
[729,0,117,10,13,0,1]
[256,320,192,60,19,15,12,5,1]
[512,-192,32,-3,4,-3,1]
[14641,121,-92,1,1]
[4096,1792,160,-33,10,7,1]
[729,-81,45,-17,5,-1,1]
[4096,1024,288,141,18,4,1]
[4096,2816,960,251,60,11,1]
[14641,968,-21,8,1]
[4096,-2560,1152,-321,72,-10,1]
[256,-64,-16,-12,31,-3,-1,-1,1]
[4096,512,528,65,33,2,1]
[729,-243,171,-31,19,-3,1]
[256,-64,-32,-8,27,-2,-2,-1,1]
[4096,1536,272,31,17,6,1]
[256,128,32,28,19,7,2,2,1]
[4096,-1024,-80,49,-5,-4,1]
[4096,-768,480,-99,30,-3,1]
[4096,256,208,83,13,1,1]
[4096,0,160,55,10,0,1]
[4096,0,0,65,0,0,1]
[256,-256,240,-148,83,-37,15,-4,1]
[256,-128,48,24,-17,6,3,-2,1]
[15625,-2375,288,-19,1]
[14641,-726,-15,-6,1]
[16384,4352,539,34,1]
[16384,-512,97,-4,1]
[256,-256,80,32,-35,8,5,-4,1]
[14641,2420,313,20,1]
[4096,-768,-96,19,-6,-3,1]
[4096,3328,1520,459,95,13,1]
[15625,-375,128,-3,1]
[625,50,39,2,1]
[256,0,112,12,25,3,7,0,1]
[4096,-1024,-128,115,-8,-4,1]
[729,54,22,2,1]
[15625,2375,221,19,1]
[4096,-1536,208,13,13,-6,1]
[15625,2750,264,22,1]
[15625,-1250,193,-10,1]
[256,128,160,64,47,16,10,2,1]
[14641,-726,111,-6,1]
[4096,-1536,560,-157,35,-6,1]
[14641,-484,-113,-4,1]
[14641,1089,17,9,1]
[14641,-1573,235,-13,1]
[14641,-1815,142,-15,1]
[4096,-2304,720,-171,45,-9,1]
[729,-243,225,-47,25,-3,1]
[16384,0,79,0,1]
[4096,0,240,-43,15,0,1]
[16384,-128,155,-1,1]
[4096,-256,272,-33,17,-1,1]
[4096,-2304,768,-191,48,-9,1]
[256,192,128,56,35,14,8,3,1]
[4096,2048,416,55,26,8,1]
[4096,-512,-16,65,-1,-2,1]
[16384,0,-97,0,1]
[512,128,40,29,5,2,1]
[4096,-512,176,-71,11,-2,1]
[4096,1280,496,155,31,5,1]
[16384,640,17,5,1]
[14641,-2783,365,-23,1]
[14641,1573,69,13,1]
[4096,-512,192,25,12,-2,1]
[14641,-242,12,-2,1]
[512,-192,8,27,1,-3,1]
[4096,-512,-32,11,-2,-2,1]
[256,0,64,-40,3,-10,4,0,1]
[4096,512,-16,41,-1,2,1]
[14641,-242,-122,-2,1]
[256,192,160,100,59,25,10,3,1]
[4096,0,272,-27,17,0,1]
[6561,729,139,9,1]
[14641,-1815,226,-15,1]
[256,0,-16,4,19,1,-1,0,1]
[4096,512,128,-3,8,2,1]
[2401,147,5,3,1]
[4096,-1280,400,-101,25,-5,1]
[729,243,36,22,4,3,1]
[4096,512,-208,-85,-13,2,1]
[4096,-1280,272,-81,17,-5,1]
[16384,1536,51,12,1]
[15625,3000,364,24,1]
[4096,-256,576,-43,36,-1,1]
[4096,1536,560,183,35,6,1]
[16384,512,77,4,1]
[15625,1000,124,8,1]
[15625,-1250,18,-10,1]
[4096,-256,368,-43,23,-1,1]
[15625,2250,297,18,1]
[4096,-256,64,-45,4,-1,1]
[4096,1024,624,119,39,4,1]
[256,-64,0,8,-19,2,0,-1,1]
[15625,750,-27,6,1]
[256,-256,128,-16,-5,-4,8,-4,1]
[4096,-1024,800,-127,50,-4,1]
[729,81,18,-8,2,1,1]
[4096,-512,432,-65,27,-2,1]
[4096,512,-64,-99,-4,2,1]
[4096,256,112,-13,7,1,1]
[4096,1280,432,85,27,5,1]
[16384,-2560,355,-20,1]
[4096,1536,592,193,37,6,1]
[15625,-1500,69,-12,1]
[15625,2250,159,18,1]
[16384,128,-71,1,1]
[256,-128,32,16,-29,4,2,-2,1]
[6561,-405,4,-5,1]
[4096,512,240,93,15,2,1]
[15625,2500,252,20,1]
[4096,-256,400,-9,25,-1,1]
[256,64,0,12,7,3,0,1,1]
[256,64,32,12,7,3,2,1,1]
[15625,3625,437,29,1]
[4096,512,496,23,31,2,1]
[4096,-1024,-16,69,-1,-4,1]
[729,-162,0,-13,0,-2,1]
[15625,250,119,2,1]
[15625,-500,-158,-4,1]
[4096,512,-176,-45,-11,2,1]
[14641,847,-1,7,1]
[4096,-1280,208,-59,13,-5,1]
[4096,512,192,81,12,2,1]
[4096,1280,-192,-163,-12,5,1]
[4096,2304,288,-17,18,9,1]
[4096,-512,528,-55,33,-2,1]
[14641,726,214,6,1]
[16384,-1664,83,-13,1]
[512,448,184,57,23,7,1]
[15625,-250,-141,-2,1]
[4096,0,-16,-39,-1,0,1]
[16384,1152,-5,9,1]
[16384,-2688,363,-21,1]
[15625,2250,156,18,1]
[14641,-363,-115,-3,1]
[4096,0,144,-3,9,0,1]
[4096,256,192,-59,12,1,1]
[512,192,120,35,15,3,1]
[256,-128,48,20,-13,5,3,-2,1]
[4096,-1024,336,-53,21,-4,1]
[256,64,64,-16,7,-4,4,1,1]
[15625,1750,118,14,1]
[625,75,-3,3,1]
[2401,-637,87,-13,1]
[256,128,64,24,5,6,4,2,1]
[4096,512,640,53,40,2,1]
[15625,-125,-46,-1,1]
[2401,-49,4,-1,1]
[2401,49,97,1,1]
[512,192,112,45,14,3,1]
[4096,-768,352,-37,22,-3,1]
[16384,-1792,243,-14,1]
[4096,1792,576,113,36,7,1]
[14641,-968,122,-8,1]
[256,-64,80,12,5,3,5,-1,1]
[4096,-512,-208,71,-13,-2,1]
[16384,1408,43,11,1]
[15625,125,249,1,1]
[14641,1089,-27,9,1]
[256,128,48,52,31,13,3,2,1]
[15625,1375,128,11,1]
[15625,2250,287,18,1]
[4096,-1024,32,69,2,-4,1]
[4096,-1024,656,-115,41,-4,1]
[81,5,1]
[256,32,-15,2,1]
[15625,1000,-68,8,1]
[4096,1024,448,79,28,4,1]
[256,-128,16,32,-35,8,1,-2,1]
[14641,121,229,1,1]
[256,192,176,124,61,31,11,3,1]
[14641,121,107,1,1]
[2401,-98,-58,-2,1]
[729,81,36,-17,4,1,1]
[64,-32,12,-9,3,-2,1]
[256,128,-16,8,17,2,-1,2,1]
[4096,768,208,-3,13,3,1]
[4096,-768,-64,9,-4,-3,1]
[15625,2250,206,18,1]
[14641,-2783,368,-23,1]
[4096,512,144,97,9,2,1]
[16384,0,103,0,1]
[4096,0,0,53,0,0,1]
[4096,1024,464,61,29,4,1]
[256,64,0,0,-11,0,0,1,1]
[4096,1792,416,61,26,7,1]
[15625,125,-57,1,1]
[4096,256,160,79,10,1,1]
[6561,162,7,2,1]
[4096,512,272,75,17,2,1]
[4096,-1088,175,-17,1]
[4096,-2048,336,-19,21,-8,1]
[4096,512,304,-5,19,2,1]
[256,-192,16,32,-23,8,1,-3,1]
[4096,1536,624,181,39,6,1]
[4096,1024,368,149,23,4,1]
[729,81,37,3,1]
[15625,125,96,1,1]
[4096,-768,384,-35,24,-3,1]
[14641,-1210,139,-10,1]
[4096,-1792,576,-139,36,-7,1]
[256,0,64,-48,-3,-12,4,0,1]
[4096,768,0,-13,0,3,1]
[4096,3072,1440,419,90,12,1]
[14641,1573,265,13,1]
[1024,-192,67,-6,1]
[15625,-375,-38,-3,1]
[2401,98,-44,2,1]
[4096,-256,16,69,1,-1,1]
[6561,648,167,8,1]
[729,-162,27,-26,3,-2,1]
[4096,0,224,9,14,0,1]
[14641,-968,16,-8,1]
[512,0,24,-5,3,0,1]
[14641,-2420,279,-20,1]
[4096,512,16,-23,1,2,1]
[15625,2125,189,17,1]
[14641,-2541,239,-21,1]
[256,-64,64,-4,-1,-1,4,-1,1]
[4096,2560,1008,293,63,10,1]
[4096,-512,-80,37,-5,-2,1]
[729,243,216,49,24,3,1]
[256,192,64,48,41,12,4,3,1]
[4096,768,368,123,23,3,1]
[15625,-1625,142,-13,1]
[4096,768,304,55,19,3,1]
[15625,-1125,173,-9,1]
[15625,-1000,138,-8,1]
[4096,0,16,103,1,0,1]
[16384,-1152,129,-9,1]
[15625,-250,32,-2,1]
[6561,-243,31,-3,1]
[4096,-256,96,-73,6,-1,1]
[729,-162,72,-41,8,-2,1]
[15625,-625,129,-5,1]
[4096,0,-208,-7,-13,0,1]
[729,-243,72,-5,8,-3,1]
[6561,162,-22,2,1]
[4096,1536,-32,-101,-2,6,1]
[6561,-972,146,-12,1]
[4096,768,240,47,15,3,1]
[512,320,216,79,27,5,1]
[625,175,57,7,1]
[4096,-768,304,-93,19,-3,1]
[6561,-810,26,-10,1]
[15625,500,233,4,1]
[4096,1024,352,121,22,4,1]
[625,-200,64,-8,1]
[4096,-1024,-240,121,-15,-4,1]
[15625,625,144,5,1]
[16384,-896,-7,-7,1]
[2401,-196,-33,-4,1]
[4096,-1280,256,1,16,-5,1]
[4096,-512,240,-55,15,-2,1]
[4096,-1280,288,-89,18,-5,1]
[15625,-3750,461,-30,1]
[14641,-3025,384,-25,1]
[6561,-486,-1,-6,1]
[16384,-512,19,-4,1]
[14641,-242,192,-2,1]
[512,128,128,31,16,2,1]
[729,0,90,20,10,0,1]
[4096,-768,48,-43,3,-3,1]
[6561,1134,191,14,1]
[256,0,-32,12,-1,3,-2,0,1]
[14641,1452,270,12,1]
[6561,405,47,5,1]
[4096,256,544,15,34,1,1]
[6561,486,160,6,1]
[4096,-1280,704,-151,44,-5,1]
[6561,-1458,173,-18,1]
[4096,0,-16,-75,-1,0,1]
[4096,-2304,880,-277,55,-9,1]
[729,324,216,65,24,4,1]
[4096,-256,224,-65,14,-1,1]
[729,81,63,-16,7,1,1]
[256,-448,416,-276,151,-69,26,-7,1]
[4096,256,-64,37,-4,1,1]
[4096,-1536,768,-179,48,-6,1]
[512,128,-24,-19,-3,2,1]
[729,-189,64,-7,1]
[14641,363,120,3,1]
[512,128,8,-1,1,2,1]
[15625,-3125,327,-25,1]
[256,128,-16,4,15,1,-1,2,1]
[4096,-2560,832,-203,52,-10,1]
[256,64,0,8,-1,2,0,1,1]
[1024,-416,97,-13,1]
[4096,-1024,192,-3,12,-4,1]
[4096,1280,272,49,17,5,1]
[4096,-256,96,-97,6,-1,1]
[256,-64,48,-12,-9,-3,3,-1,1]
[4096,1280,544,153,34,5,1]
[4096,0,592,-5,37,0,1]
[1024,128,51,4,1]
[4096,-1792,880,-221,55,-7,1]
[4096,768,224,13,14,3,1]
[4096,768,192,73,12,3,1]
[4096,1536,48,-59,3,6,1]
[729,567,243,76,27,7,1]
[4096,-2304,272,27,17,-9,1]
[4096,-1536,336,-87,21,-6,1]
[15625,4250,513,34,1]
[256,256,144,84,47,21,9,4,1]
[16384,-768,237,-6,1]
[4096,-1024,-208,137,-13,-4,1]
[15625,2375,288,19,1]
[256,256,144,16,-3,4,9,4,1]
[14641,-242,-18,-2,1]
[729,-486,270,-95,30,-6,1]
[14641,121,113,1,1]
[4096,1792,688,157,43,7,1]
[729,-162,36,-11,4,-2,1]
[4096,-1280,144,35,9,-5,1]
[256,-192,224,-136,81,-34,14,-3,1]
[4096,0,416,5,26,0,1]
[6561,-162,70,-2,1]
[256,128,144,48,41,12,9,2,1]
[14641,1089,262,9,1]
[4096,768,288,79,18,3,1]
[4096,-768,320,-27,20,-3,1]
[512,192,144,49,18,3,1]
[256,0,-16,4,23,1,-1,0,1]
[4096,-1280,96,17,6,-5,1]
[14641,-847,-2,-7,1]
[4096,1024,640,109,40,4,1]
[4096,-2304,832,-245,52,-9,1]
[256,-128,64,-16,-3,-4,4,-2,1]
[256,256,144,84,51,21,9,4,1]
[625,-50,-3,-2,1]
[4096,-1536,288,-47,18,-6,1]
[4096,0,304,55,19,0,1]
[6561,-81,-2,-1,1]
[256,384,272,136,65,34,17,6,1]
[14641,-726,-29,-6,1]
[64,0,0,-1,0,0,1]
[1024,-32,1,-1,1]
[16384,-1664,187,-13,1]
[4096,-1536,176,11,11,-6,1]
[1024,352,61,11,1]
[14641,968,-39,8,1]
[15625,375,209,3,1]
[4096,0,208,31,13,0,1]
[4096,256,208,-9,13,1,1]
[16384,-3968,461,-31,1]
[729,-162,45,-46,5,-2,1]
[16384,-128,39,-1,1]
[256,-64,112,-40,31,-10,7,-1,1]
[256,-128,112,-60,47,-15,7,-2,1]
[4096,-512,0,71,0,-2,1]
[4096,320,-13,5,1]
[256,128,64,24,15,6,4,2,1]
[16384,-3200,337,-25,1]
[729,0,108,19,12,0,1]
[729,-81,-9,-28,-1,-1,1]
[15625,-1250,147,-10,1]
[512,-320,192,-73,24,-5,1]
[4096,-1792,240,1,15,-7,1]
[512,320,32,-19,4,5,1]
[4096,-768,224,-9,14,-3,1]
[14641,-1452,224,-12,1]
[2401,-343,46,-7,1]
[15625,-3125,331,-25,1]
[4096,-256,192,-55,12,-1,1]
[4096,-1280,-112,91,-7,-5,1]
[4096,2304,992,263,62,9,1]
[512,-576,344,-139,43,-9,1]
[729,81,18,-16,2,1,1]
[15625,-250,18,-2,1]
[4096,-1792,720,-185,45,-7,1]
[256,-192,176,-116,63,-29,11,-3,1]
[512,-320,192,-79,24,-5,1]
[256,320,272,156,85,39,17,5,1]
[6561,-81,91,-1,1]
[512,-64,8,-15,1,-1,1]
[16384,1664,61,13,1]
[6561,648,-13,8,1]
[4096,-1792,-208,201,-13,-7,1]
[14641,-2904,351,-24,1]
[2401,441,86,9,1]
[14641,-1331,254,-11,1]
[15625,-500,219,-4,1]
[4096,-1024,544,-103,34,-4,1]
[14641,1694,167,14,1]
[4096,-768,-80,87,-5,-3,1]
[729,0,36,-11,4,0,1]
[14641,605,-97,5,1]
[4096,-512,240,-69,15,-2,1]
[2401,-588,115,-12,1]
[4096,768,48,31,3,3,1]
[4096,0,-128,-9,-8,0,1]
[4096,-1792,496,-141,31,-7,1]
[4096,512,576,53,36,2,1]
[4096,-1024,160,-15,10,-4,1]
[729,-891,549,-218,61,-11,1]
[14641,2057,296,17,1]
[256,0,48,44,5,11,3,0,1]
[4096,256,224,19,14,1,1]
[256,256,128,72,45,18,8,4,1]
[256,-320,288,-196,115,-49,18,-5,1]
[14641,-363,-14,-3,1]
[4096,-256,64,25,4,-1,1]
[256,192,176,124,59,31,11,3,1]
[4096,1024,320,77,20,4,1]
[4096,0,64,91,4,0,1]
[15625,-2000,217,-16,1]
[4096,-512,304,-51,19,-2,1]
[4096,-512,-112,75,-7,-2,1]
[4096,256,240,17,15,1,1]
[4096,512,-32,-1,-2,2,1]
[4096,-1536,720,-175,45,-6,1]
[256,-64,64,-28,9,-7,4,-1,1]
[729,-567,270,-98,30,-7,1]
[4096,-768,608,-87,38,-3,1]
[15625,1375,162,11,1]
[15625,125,78,1,1]
[14641,1573,167,13,1]
[256,-256,96,-28,15,-7,6,-4,1]
[4096,0,416,39,26,0,1]
[256,0,48,16,-7,4,3,0,1]
[14641,-3388,422,-28,1]
[15625,1500,199,12,1]
[512,-256,-56,59,-7,-4,1]
[256,128,48,-16,-17,-4,3,2,1]
[4096,-256,-80,-3,-5,-1,1]
[4096,-768,131,-12,1]
[512,320,136,45,17,5,1]
[14641,-3872,483,-32,1]
[512,-384,88,-11,11,-6,1]
[256,-256,192,-108,53,-27,12,-4,1]
[4096,-768,384,-73,24,-3,1]
[14641,605,112,5,1]
[4096,512,-160,-33,-10,2,1]
[4096,-256,176,-63,11,-1,1]
[15625,-2625,341,-21,1]
[4096,0,512,-9,32,0,1]
[4096,1280,-192,-149,-12,5,1]
[4096,1280,576,149,36,5,1]
[4096,3072,1264,365,79,12,1]
[4096,1536,336,79,21,6,1]
[4096,64,-45,1,1]
[4096,2304,640,133,40,9,1]
[4096,1024,256,123,16,4,1]
[625,125,14,5,1]
[256,-128,128,-80,39,-20,8,-2,1]
[4096,1792,272,31,17,7,1]
[15625,-2625,303,-21,1]
[512,128,88,7,11,2,1]
[14641,-1089,251,-9,1]
[4096,1536,544,111,34,6,1]
[15625,-2875,353,-23,1]
[4096,0,400,3,25,0,1]
[14641,242,215,2,1]
[729,81,-9,-34,-1,1,1]
[14641,3025,320,25,1]
[16384,1664,157,13,1]
[4096,256,-128,-11,-8,1,1]
[4096,768,208,-31,13,3,1]
[4096,-1280,624,-113,39,-5,1]
[4096,-1536,480,-83,30,-6,1]
[14641,-1331,246,-11,1]
[729,162,45,-7,5,2,1]
[15625,875,253,7,1]
[14641,2299,259,19,1]
[256,-128,112,8,7,2,7,-2,1]
[6561,-891,164,-11,1]
[6561,405,151,5,1]
[14641,-1936,131,-16,1]
[4096,256,96,87,6,1,1]
[256,384,208,28,-11,7,13,6,1]
[1024,-32,-37,-1,1]
[15625,500,51,4,1]
[14641,-121,-18,-1,1]
[729,-405,189,-65,21,-5,1]
[15625,-500,1,-4,1]
[15625,-625,-93,-5,1]
[4096,-2560,800,-201,50,-10,1]
[2401,-245,8,-5,1]
[4096,2048,640,149,40,8,1]
[256,-192,64,-40,29,-10,4,-3,1]
[4096,256,96,111,6,1,1]
[4096,-2816,1184,-355,74,-11,1]
[14641,484,79,4,1]
[4096,-1280,528,-143,33,-5,1]
[729,27,-22,1,1]
[4096,1024,384,137,24,4,1]
[4096,-1536,480,-175,30,-6,1]
[14641,968,201,8,1]
[256,64,-16,16,19,4,-1,1,1]
[4096,-1024,80,45,5,-4,1]
[4096,-768,224,-121,14,-3,1]
[256,-576,624,-440,241,-110,39,-9,1]
[14641,-2662,295,-22,1]
[4096,2048,784,229,49,8,1]
[4096,2048,384,57,24,8,1]
[729,-243,45,13,5,-3,1]
[6561,-324,-83,-4,1]
[4096,512,-128,-117,-8,2,1]
[4096,1024,400,121,25,4,1]
[729,-162,144,-20,16,-2,1]
[4096,-1280,416,-173,26,-5,1]
[4096,-2048,448,-87,28,-8,1]
[4096,768,-64,-7,-4,3,1]
[729,-81,27,28,3,-1,1]
[729,-54,25,-2,1]
[256,128,112,64,23,16,7,2,1]
[729,0,-36,22,-4,0,1]
[4096,-1536,720,-187,45,-6,1]
[4096,-1280,320,-51,20,-5,1]
[16384,-896,49,-7,1]
[256,64,112,4,29,1,7,1,1]
[256,-64,16,4,-9,1,1,-1,1]
[256,-256,160,-44,15,-11,10,-4,1]
[14641,-1815,272,-15,1]
[512,128,-32,-43,-4,2,1]
[256,0,80,8,17,2,5,0,1]
[14641,-2541,317,-21,1]
[15625,1250,234,10,1]
[729,-567,243,-86,27,-7,1]
[512,256,24,-7,3,4,1]
[14641,363,-45,3,1]
[256,-64,0,-16,27,-4,0,-1,1]
[4096,-2304,464,-59,29,-9,1]
[14641,-847,227,-7,1]
[4096,-256,304,-69,19,-1,1]
[729,0,-31,0,1]
[4096,-512,96,1,6,-2,1]
[15625,3125,333,25,1]
[4096,1024,528,135,33,4,1]
[4096,1280,144,-13,9,5,1]
[256,-128,48,-8,11,-2,3,-2,1]
[4096,-3328,1504,-459,94,-13,1]
[16384,0,-253,0,1]
[4096,1024,-32,-67,-2,4,1]
[16384,896,191,7,1]
[256,64,48,-16,1,-4,3,1,1]
[4096,1024,368,153,23,4,1]
[256,-192,96,-28,-1,-7,6,-3,1]
[4096,1280,32,-79,2,5,1]
[256,0,112,28,23,7,7,0,1]
[729,972,648,268,72,12,1]
[14641,847,12,7,1]
[625,-50,4,-2,1]
[256,192,176,116,57,29,11,3,1]
[4096,512,-176,-39,-11,2,1]
[4096,512,336,75,21,2,1]
[4096,-768,288,-19,18,-3,1]
[4096,-256,80,51,5,-1,1]
[256,-64,48,20,1,5,3,-1,1]
[4096,-1024,224,-103,14,-4,1]
[15625,1875,287,15,1]
[512,256,136,65,17,4,1]
[256,128,-16,4,17,1,-1,2,1]
[256,256,176,120,67,30,11,4,1]
[512,192,8,-27,1,3,1]
[256,64,48,-40,-7,-10,3,1,1]
[15625,-2375,313,-19,1]
[4096,512,448,29,28,2,1]
[256,-64,80,-40,13,-10,5,-1,1]
[512,128,-8,-33,-1,2,1]
[14641,-847,117,-7,1]
[15625,-3000,317,-24,1]
[4096,2560,1088,303,68,10,1]
[4096,3840,1824,557,114,15,1]
[4096,-1024,48,15,3,-4,1]
[14641,1452,89,12,1]
[4096,256,224,51,14,1,1]
[4096,-256,160,-79,10,-1,1]
[16384,768,159,6,1]
[512,-576,360,-155,45,-9,1]
[4096,-1536,432,-119,27,-6,1]
[2401,-98,25,-2,1]
[256,192,80,8,-5,2,5,3,1]
[256,0,80,-12,21,-3,5,0,1]
[15625,375,-169,3,1]
[256,0,-64,-4,5,-1,-4,0,1]
[256,-64,112,-12,27,-3,7,-1,1]
[4096,-512,176,33,11,-2,1]
[4096,1792,864,213,54,7,1]
[16384,-2944,303,-23,1]
[15625,1750,122,14,1]
[256,320,336,224,131,56,21,5,1]
[4096,1536,80,-25,5,6,1]
[4096,0,144,87,9,0,1]
[15625,-2500,314,-20,1]
[4096,-1024,416,-125,26,-4,1]
[15625,1375,269,11,1]
[256,-64,16,-20,7,-5,1,-1,1]
[4096,-1536,304,-81,19,-6,1]
[6561,-972,110,-12,1]
[256,-256,144,-24,1,-6,9,-4,1]
[14641,-3630,420,-30,1]
[4096,2560,480,45,30,10,1]
[4096,-2048,320,-23,20,-8,1]
[625,-200,44,-8,1]
[15625,-375,-136,-3,1]
[6561,486,-17,6,1]
[15625,-750,208,-6,1]
[4096,-256,144,-47,9,-1,1]
[256,128,80,20,3,5,5,2,1]
[729,189,56,7,1]
[4096,-1024,224,13,14,-4,1]
[4096,-1024,416,-51,26,-4,1]
[256,0,16,-24,9,-6,1,0,1]
[4096,0,160,9,10,0,1]
[15625,-2000,158,-16,1]
[729,-243,-18,13,-2,-3,1]
[4096,1024,528,85,33,4,1]
[16384,-3200,327,-25,1]
[256,-192,128,-88,51,-22,8,-3,1]
[4096,-768,-112,25,-7,-3,1]
[16384,1664,155,13,1]
[4096,0,16,-27,1,0,1]
[4096,1536,672,139,42,6,1]
[4096,0,128,-65,8,0,1]
[256,-192,0,24,-5,6,0,-3,1]
[14641,968,-25,8,1]
[4096,1536,64,-65,4,6,1]
[6561,0,-160,0,1]
[4096,-768,32,59,2,-3,1]
[512,-64,40,5,5,-1,1]
[4096,-1536,-112,123,-7,-6,1]
[4096,0,-112,-31,-7,0,1]
[4096,-768,144,11,9,-3,1]
[4096,256,80,-23,5,1,1]
[15625,-250,152,-2,1]
[15625,375,-142,3,1]
[4096,0,32,-67,2,0,1]
[256,-320,304,-192,111,-48,19,-5,1]
[4096,-768,400,-99,25,-3,1]
[4096,768,144,-5,9,3,1]
[256,-320,224,-128,67,-32,14,-5,1]
[256,0,-48,8,5,2,-3,0,1]
[2401,0,-65,0,1]
[15625,125,133,1,1]
[14641,484,230,4,1]
[256,-384,336,-188,97,-47,21,-6,1]
[729,-729,450,-179,50,-9,1]
[15625,2500,334,20,1]
[64,-16,-8,15,-2,-1,1]
[14641,1815,167,15,1]
[256,-64,-32,0,1,0,-2,-1,1]
[4096,1280,128,-21,8,5,1]
[16384,-2944,281,-23,1]
[4096,-256,-144,61,-9,-1,1]
[16384,2176,197,17,1]
[4096,-512,96,55,6,-2,1]
[4096,-1280,320,-55,20,-5,1]
[4096,-256,0,1,0,-1,1]
[729,-162,-72,35,-8,-2,1]
[256,128,32,-20,-5,-5,2,2,1]
[4096,1024,128,-5,8,4,1]
[729,405,225,74,25,5,1]
[4096,768,-96,-29,-6,3,1]
[2401,-196,51,-4,1]
[14641,-1815,147,-15,1]
[4096,1792,608,169,38,7,1]
[16384,512,101,4,1]
[4096,-768,160,-73,10,-3,1]
[256,-320,224,-136,77,-34,14,-5,1]
[256,64,48,8,3,2,3,1,1]
[4096,256,192,45,12,1,1]
[729,162,198,37,22,2,1]
[14641,968,108,8,1]
[256,-256,192,-88,49,-22,12,-4,1]
[729,648,288,97,32,8,1]
[729,162,45,-11,5,2,1]
[14641,-605,-101,-5,1]
[16384,-896,107,-7,1]
[4096,1280,640,145,40,5,1]
[512,0,8,3,1,0,1]
[4096,2560,912,263,57,10,1]
[4096,2048,848,229,53,8,1]
[4096,-768,288,-23,18,-3,1]
[729,162,36,-17,4,2,1]
[729,0,-36,-19,-4,0,1]
[4096,768,496,49,31,3,1]
[4096,-1536,672,-191,42,-6,1]
[14641,-4356,565,-36,1]
[14641,-484,183,-4,1]
[256,128,0,-32,-31,-8,0,2,1]
[4096,-2560,960,-269,60,-10,1]
[14641,121,186,1,1]
[4096,-1024,304,-147,19,-4,1]
[15625,-125,-162,-1,1]
[729,-81,63,8,7,-1,1]
[6561,162,67,2,1]
[4096,-512,128,37,8,-2,1]
[729,-567,270,-91,30,-7,1]
[15625,-1125,-13,-9,1]
[256,-128,-16,16,-5,4,-1,-2,1]
[256,-64,-16,-24,27,-6,-1,-1,1]
[16384,-384,251,-3,1]
[4096,256,144,19,9,1,1]
[512,640,432,187,54,10,1]
[4096,-1536,352,-75,22,-6,1]
[256,256,128,24,5,6,8,4,1]
[15625,-1750,77,-14,1]
[4096,-1792,272,-17,17,-7,1]
[15625,-1250,103,-10,1]
[15625,125,-41,1,1]
[729,162,18,-29,2,2,1]
[4096,768,576,91,36,3,1]
[14641,-726,94,-6,1]
[256,192,176,88,53,22,11,3,1]
[15625,2625,229,21,1]
[4096,1280,128,3,8,5,1]
[256,-128,32,0,7,0,2,-2,1]
[729,162,-9,-31,-1,2,1]
[14641,847,160,7,1]
[4096,-768,448,-107,28,-3,1]
[16384,0,-101,0,1]
[256,-384,224,-44,-3,-11,14,-6,1]
[4096,0,-16,69,-1,0,1]
[14641,-2420,226,-20,1]
[4096,1280,576,135,36,5,1]
[4096,-768,512,-83,32,-3,1]
[729,324,36,4,4,4,1]
[14641,1452,194,12,1]
[4096,1792,496,131,31,7,1]
[15625,625,-23,5,1]
[256,320,256,152,81,38,16,5,1]
[256,448,352,172,77,43,22,7,1]
[15625,-2375,272,-19,1]
[729,-486,90,-4,10,-6,1]
[729,567,306,112,34,7,1]
[6561,891,107,11,1]
[256,256,176,100,59,25,11,4,1]
[256,-128,112,-76,31,-19,7,-2,1]
[4096,-1536,320,-31,20,-6,1]
[15625,-125,149,-1,1]
[729,567,234,73,26,7,1]
[16384,-1664,69,-13,1]
[4096,2048,992,251,62,8,1]
[14641,968,118,8,1]
[4096,-512,128,57,8,-2,1]
[14641,2178,170,18,1]
[256,-64,64,12,1,3,4,-1,1]
[256,-128,48,4,1,1,3,-2,1]
[6561,810,25,10,1]
[15625,1250,58,10,1]
[4096,-512,-16,-43,-1,-2,1]
[256,128,96,36,27,9,6,2,1]
[16384,-3328,363,-26,1]
[256,-64,-80,0,27,0,-5,-1,1]
[256,-192,64,0,-5,0,4,-3,1]
[256,-64,96,0,19,0,6,-1,1]
[256,128,32,20,9,5,2,2,1]
[6561,-486,25,-6,1]
[512,384,200,87,25,6,1]
[4096,1280,384,65,24,5,1]
[14641,0,93,0,1]
[256,-64,32,-4,-9,-1,2,-1,1]
[4096,2048,704,169,44,8,1]
[256,256,112,88,65,22,7,4,1]
[4096,-256,192,-99,12,-1,1]
[14641,1815,155,15,1]
[4096,-512,304,-49,19,-2,1]
[4096,-256,0,31,0,-1,1]
[16384,128,19,1,1]
[4096,-1280,656,-141,41,-5,1]
[512,-128,32,-9,4,-2,1]
[4096,1280,-208,-153,-13,5,1]
[4096,1280,32,-49,2,5,1]
[4096,1792,160,-27,10,7,1]
[4096,-1024,64,-7,4,-4,1]
[14641,-726,211,-6,1]
[6561,-1134,110,-14,1]
[4096,0,-80,-39,-5,0,1]
[2401,-98,83,-2,1]
[512,-192,40,-7,5,-3,1]
[4096,-512,48,57,3,-2,1]
[15625,3750,426,30,1]
[4096,-1024,208,-57,13,-4,1]
[64,32,24,7,6,2,1]
[14641,-2420,290,-20,1]
[512,-320,120,-45,15,-5,1]
[4096,-256,112,-27,7,-1,1]
[4096,-1024,16,7,1,-4,1]
[256,64,160,36,57,9,10,1,1]
[14641,1089,215,9,1]
[256,128,96,40,31,10,6,2,1]
[16384,-640,95,-5,1]
[256,-64,96,4,15,1,6,-1,1]
[729,324,135,59,15,4,1]
[4096,1792,512,111,32,7,1]
[14641,0,-144,0,1]
[16384,-2432,311,-19,1]
[4096,-640,127,-10,1]
[729,324,144,46,16,4,1]
[256,-192,160,-68,45,-17,10,-3,1]
[14641,-1573,67,-13,1]
[4096,-768,-16,19,-1,-3,1]
[4096,2560,1200,341,75,10,1]
[15625,1625,132,13,1]
[4096,-768,-224,97,-14,-3,1]
[4096,0,192,-77,12,0,1]
[256,-176,61,-11,1]
[4096,-1792,416,-65,26,-7,1]
[256,-128,80,-48,41,-12,5,-2,1]
[128,-11,1]
[4096,-1024,-128,101,-8,-4,1]
[4096,1024,224,15,14,4,1]
[256,192,176,88,59,22,11,3,1]
[256,-128,128,-72,47,-18,8,-2,1]
[64,-56,27,-7,1]
[4096,-512,352,-45,22,-2,1]
[4096,2560,1056,313,66,10,1]
[4096,512,512,65,32,2,1]
[14641,-1210,158,-10,1]
[4096,-2304,624,-133,39,-9,1]
[4096,-256,-64,113,-4,-1,1]
[4096,-256,336,-57,21,-1,1]
[4096,0,192,-31,12,0,1]
[256,320,144,16,-7,4,9,5,1]
[4096,-1024,112,-9,7,-4,1]
[256,64,16,-40,-11,-10,1,1,1]
[4096,768,192,109,12,3,1]
[16384,-2688,329,-21,1]
[4096,-256,176,55,11,-1,1]
[6561,162,13,2,1]
[4096,-512,128,-71,8,-2,1]
[4096,0,368,-21,23,0,1]
[256,64,32,8,15,2,2,1,1]
[625,-100,8,-4,1]
[4096,-256,336,-61,21,-1,1]
[4096,1280,496,119,31,5,1]
[729,243,108,56,12,3,1]
[14641,-2783,313,-23,1]
[15625,-1125,151,-9,1]
[4096,3328,1296,357,81,13,1]
[4096,-1792,880,-205,55,-7,1]
[256,128,48,36,25,9,3,2,1]
[4096,768,240,69,15,3,1]
[729,81,-27,-17,-3,1,1]
[4096,1792,704,161,44,7,1]
[2401,-588,113,-12,1]
[256,-64,16,-8,15,-2,1,-1,1]
[16384,1920,203,15,1]
[256,64,80,44,29,11,5,1,1]
[4096,-2048,528,-123,33,-8,1]
[729,-162,-63,46,-7,-2,1]
[16384,3072,369,24,1]
[256,-64,-64,-4,35,-1,-4,-1,1]
[16384,-512,71,-4,1]
[14641,847,-50,7,1]
[4096,0,128,21,8,0,1]
[729,162,90,16,10,2,1]
[256,64,96,56,23,14,6,1,1]
[16384,-1408,37,-11,1]
[15625,-4125,511,-33,1]
[4096,256,112,-19,7,1,1]
[14641,-2783,339,-23,1]
[15625,-125,-192,-1,1]
[729,-81,9,-28,1,-1,1]
[4096,-768,304,-49,19,-3,1]
[256,64,16,-16,-25,-4,1,1,1]
[2401,0,13,0,1]
[512,-128,-8,-3,-1,-2,1]
[256,-192,144,-96,41,-24,9,-3,1]
[512,-256,104,-21,13,-4,1]
[256,64,128,44,41,11,8,1,1]
[4096,256,192,-5,12,1,1]
[729,405,207,76,23,5,1]
[4096,512,176,113,11,2,1]
[16384,640,201,5,1]
[4096,-768,208,-83,13,-3,1]
[4096,768,-96,-21,-6,3,1]
[4096,-512,-128,69,-8,-2,1]
[4096,2304,144,-89,9,9,1]
[4096,-256,576,-29,36,-1,1]
[4096,-768,96,31,6,-3,1]
[4096,1472,241,23,1]
[4096,-768,0,-17,0,-3,1]
[256,-256,96,-20,9,-5,6,-4,1]
[4096,0,-32,25,-2,0,1]
[256,64,80,-16,5,-4,5,1,1]
[729,0,126,13,14,0,1]
[256,128,128,72,39,18,8,2,1]
[256,64,112,8,23,2,7,1,1]
[14641,-3267,358,-27,1]
[15625,-2000,116,-16,1]
[14641,847,213,7,1]
[4096,512,176,-29,11,2,1]
[729,81,108,31,12,1,1]
[4096,-1024,320,-19,20,-4,1]
[729,-486,153,-47,17,-6,1]
[14641,1331,114,11,1]
[4096,0,304,47,19,0,1]
[4096,0,176,61,11,0,1]
[4096,-1088,191,-17,1]
[14641,3146,356,26,1]
[256,128,16,-36,-19,-9,1,2,1]
[256,64,16,24,7,6,1,1,1]
[729,-567,324,-128,36,-7,1]
[4096,-320,-41,-5,1]
[4096,512,336,-11,21,2,1]
[256,-192,64,60,-45,15,4,-3,1]
[4096,4608,2448,775,153,18,1]
[729,243,81,25,9,3,1]
[4096,-512,416,-81,26,-2,1]
[729,-486,234,-79,26,-6,1]
[256,-384,176,36,-59,9,11,-6,1]
[4096,1536,32,-51,2,6,1]
[15625,3500,412,28,1]
[625,175,29,7,1]
[1024,288,65,9,1]
[16384,2432,235,19,1]
[4096,256,-80,-51,-5,1,1]
[4096,3072,1392,419,87,12,1]
[4096,512,272,47,17,2,1]
[4096,256,144,9,9,1,1]
[14641,2057,185,17,1]
[15625,-1875,201,-15,1]
[14641,-1210,221,-10,1]
[16384,-384,-31,-3,1]
[4096,-1280,224,-67,14,-5,1]
[6561,1053,140,13,1]
[729,162,72,55,8,2,1]
[16384,-256,9,-2,1]
[729,567,306,122,34,7,1]
[4096,-1280,336,-123,21,-5,1]
[6561,-243,-92,-3,1]
[256,-64,48,-12,25,-3,3,-1,1]
[729,27,52,1,1]
[729,-27,-29,-1,1]
[4096,768,384,107,24,3,1]
[15625,-250,146,-2,1]
[4096,1280,800,157,50,5,1]
[729,81,18,1,2,1,1]
[4096,-1024,176,-35,11,-4,1]
[4096,-2304,688,-159,43,-9,1]
[256,-128,192,-80,67,-20,12,-2,1]
[729,-243,-36,43,-4,-3,1]
[4096,-1536,160,3,10,-6,1]
[14641,-484,-63,-4,1]
[4096,-1536,416,-139,26,-6,1]
[4096,-768,64,-15,4,-3,1]
[512,192,32,-13,4,3,1]
[2401,-147,-15,-3,1]
[4096,512,-128,-67,-8,2,1]
[14641,-605,-6,-5,1]
[14641,1694,80,14,1]
[4096,-512,432,-49,27,-2,1]
[4096,-1280,432,-85,27,-5,1]
[4096,-640,89,-10,1]
[4096,1024,-128,-131,-8,4,1]
[6561,-162,-20,-2,1]
[256,0,32,12,-11,3,2,0,1]
[4096,-256,96,75,6,-1,1]
[16384,-512,257,-4,1]
[256,-64,-80,12,15,3,-5,-1,1]
[16384,-512,221,-4,1]
[16384,2176,305,17,1]
[4096,-1280,-112,125,-7,-5,1]
[256,-64,16,-24,5,-6,1,-1,1]
[512,0,0,-41,0,0,1]
[14641,-847,146,-7,1]
[14641,1089,117,9,1]
[256,-64,96,-12,29,-3,6,-1,1]
[16384,-2048,185,-16,1]
[4096,-512,-48,95,-3,-2,1]
[6561,243,-7,3,1]
[14641,-968,189,-8,1]
[15625,-1125,267,-9,1]
[4096,-1280,560,-125,35,-5,1]
[4096,1792,480,115,30,7,1]
[15625,625,159,5,1]
[15625,-2500,234,-20,1]
[4096,-256,272,-53,17,-1,1]
[15625,250,24,2,1]
[4096,768,112,-3,7,3,1]
[4096,1792,240,-1,15,7,1]
[2401,-392,52,-8,1]
[4096,-256,0,-63,0,-1,1]
[4096,256,0,-37,0,1,1]
[15625,-250,246,-2,1]
[15625,-250,-38,-2,1]
[4096,-2560,1088,-297,68,-10,1]
[4096,-512,-16,11,-1,-2,1]
[256,0,112,24,27,6,7,0,1]
[4096,1792,624,135,39,7,1]
[4096,-1792,496,-97,31,-7,1]
[729,-162,-9,-11,-1,-2,1]
[15625,2250,244,18,1]
[512,256,88,43,11,4,1]
[16384,-640,223,-5,1]
[256,64,-16,12,5,3,-1,1,1]
[512,-320,192,-69,24,-5,1]
[15625,1250,172,10,1]
[625,-150,24,-6,1]
[6561,405,29,5,1]
[256,-64,48,-8,17,-2,3,-1,1]
[14641,1452,78,12,1]
[14641,-363,-117,-3,1]
[2401,-735,145,-15,1]
[4096,1024,192,-13,12,4,1]
[14641,1573,205,13,1]
[4096,-768,320,-111,20,-3,1]
[16384,-1152,215,-9,1]
[15625,0,-8,0,1]
[256,128,16,0,1,0,1,2,1]
[4096,0,304,-25,19,0,1]
[15625,-375,178,-3,1]
[4096,-256,-96,5,-6,-1,1]
[6561,81,-73,1,1]
[4096,-2048,480,-101,30,-8,1]
[4096,0,240,39,15,0,1]
[2401,-49,-24,-1,1]
[1024,-320,87,-10,1]
[4096,0,-32,-33,-2,0,1]
[4096,768,-224,-105,-14,3,1]
[16384,-2688,263,-21,1]
[4096,768,-64,-23,-4,3,1]
[4096,-1280,48,69,3,-5,1]
[15625,-875,-63,-7,1]
[14641,-2904,382,-24,1]
[256,-192,144,-100,49,-25,9,-3,1]
[512,0,168,1,21,0,1]
[4096,0,512,-19,32,0,1]
[4096,768,288,111,18,3,1]
[4096,1792,512,125,32,7,1]
[15625,-875,2,-7,1]
[4096,256,-16,-97,-1,1,1]
[15625,2000,168,16,1]
[16384,0,-71,0,1]
[4096,-1024,464,-135,29,-4,1]
[15625,-1000,-14,-8,1]
[256,192,160,100,51,25,10,3,1]
[4096,0,-208,-3,-13,0,1]
[6561,-81,-77,-1,1]
[4096,0,224,-49,14,0,1]
[4096,-3072,1104,-289,69,-12,1]
[4096,1024,224,55,14,4,1]
[4096,1280,624,143,39,5,1]
[15625,750,184,6,1]
[4096,256,192,31,12,1,1]
[4096,-1024,-48,91,-3,-4,1]
[4096,-768,80,-51,5,-3,1]
[4096,256,576,37,36,1,1]
[4096,-512,512,-33,32,-2,1]
[4096,-1280,-144,145,-9,-5,1]
[1024,96,43,3,1]
[6561,243,49,3,1]
[14641,484,92,4,1]
[256,512,544,400,225,100,34,8,1]
[4096,512,112,5,7,2,1]
[512,-128,16,-5,2,-2,1]
[4096,1536,400,53,25,6,1]
[15625,875,-44,7,1]
[729,-324,0,20,0,-4,1]
[6561,-1458,218,-18,1]
[4096,1792,32,-89,2,7,1]
[4096,1024,96,-1,6,4,1]
[16384,1792,193,14,1]
[256,384,368,244,137,61,23,6,1]
[64,0,8,1,2,0,1]
[16384,1536,225,12,1]
[6561,-405,122,-5,1]
[256,-320,224,-92,39,-23,14,-5,1]
[4096,768,352,63,22,3,1]
[256,-192,0,-20,37,-5,0,-3,1]
[4096,-256,208,7,13,-1,1]
[15625,-375,-67,-3,1]
[4096,-1024,320,-47,20,-4,1]
[14641,847,243,7,1]
[6561,0,47,0,1]
[729,-162,-27,31,-3,-2,1]
[4096,1792,160,-17,10,7,1]
[256,64,112,28,43,7,7,1,1]
[2401,-539,122,-11,1]
[16384,-1024,31,-8,1]
[4096,-2304,896,-281,56,-9,1]
[15625,1125,53,9,1]
[4096,-512,288,-89,18,-2,1]
[15625,3750,427,30,1]
[729,-405,198,-56,22,-5,1]
[4096,1536,256,19,16,6,1]
[4096,-1024,752,-125,47,-4,1]
[256,-128,96,-12,11,-3,6,-2,1]
[2401,833,169,17,1]
[14641,-2178,244,-18,1]
[4096,0,368,5,23,0,1]
[729,729,396,148,44,9,1]
[6561,1134,103,14,1]
[256,-64,16,-20,-1,-5,1,-1,1]
[15625,-2625,292,-21,1]
[4096,768,48,-53,3,3,1]
[729,162,54,25,6,2,1]
[15625,2750,348,22,1]
[16384,0,-57,0,1]
[16384,512,-157,4,1]
[14641,-1936,244,-16,1]
[256,-128,0,-4,17,-1,0,-2,1]
[4096,192,49,3,1]
[15625,-250,-163,-2,1]
[4096,-1536,496,-107,31,-6,1]
[4096,1024,144,61,9,4,1]
[4096,-1280,48,59,3,-5,1]
[15625,750,-112,6,1]
[15625,-2750,261,-22,1]
[4096,1280,336,25,21,5,1]
[256,0,64,-20,13,-5,4,0,1]
[6561,1053,98,13,1]
[256,192,80,48,35,12,5,3,1]
[4096,-1280,16,49,1,-5,1]
[729,-162,0,25,0,-2,1]
[729,0,45,4,5,0,1]
[4096,1024,128,13,8,4,1]
[4096,960,133,15,1]
[6561,1620,220,20,1]
[256,192,32,-48,-35,-12,2,3,1]
[15625,-1375,63,-11,1]
[14641,-363,-63,-3,1]
[729,81,-63,-22,-7,1,1]
[4096,-1536,560,-115,35,-6,1]
[729,567,315,128,35,7,1]
[256,64,-16,-20,-11,-5,-1,1,1]
[2401,-98,74,-2,1]
[15625,-1500,198,-12,1]
[729,-405,117,-22,13,-5,1]
[256,64,64,4,7,1,4,1,1]
[15625,3750,443,30,1]
[16384,768,135,6,1]
[4096,0,-32,-5,-2,0,1]
[15625,1250,109,10,1]
[4096,384,99,6,1]
[256,-256,160,-60,21,-15,10,-4,1]
[256,128,112,52,41,13,7,2,1]
[4096,-320,-13,-5,1]
[4096,768,160,95,10,3,1]
[15625,0,174,0,1]
[4096,1024,528,101,33,4,1]
[14641,605,45,5,1]
[15625,-750,123,-6,1]
[256,-64,-16,-16,29,-4,-1,-1,1]
[729,243,72,31,8,3,1]
[15625,2875,301,23,1]
[14641,726,-45,6,1]
[729,-405,-18,52,-2,-5,1]
[4096,-1536,672,-171,42,-6,1]
[4096,1792,496,139,31,7,1]
[16384,-640,227,-5,1]
[256,64,64,52,19,13,4,1,1]
[15625,2250,313,18,1]
[4096,-512,288,-1,18,-2,1]
[4096,-1024,448,-61,28,-4,1]
[4096,-2560,944,-271,59,-10,1]
[1024,224,73,7,1]
[16384,256,239,2,1]
[4096,-2560,1040,-309,65,-10,1]
[256,64,-16,-20,-5,-5,-1,1,1]
[6561,81,22,1,1]
[14641,-1936,112,-16,1]
[14641,847,27,7,1]
[14641,1089,47,9,1]
[729,81,45,-19,5,1,1]
[4096,2048,704,203,44,8,1]
[729,243,-36,-49,-4,3,1]
[729,-243,72,4,8,-3,1]
[4096,1536,-16,-79,-1,6,1]
[4096,-1536,-160,157,-10,-6,1]
[4096,1280,240,27,15,5,1]
[16384,1792,87,14,1]
[256,0,32,28,-5,7,2,0,1]
[4096,768,192,39,12,3,1]
[729,81,36,-19,4,1,1]
[729,162,126,23,14,2,1]
[256,256,112,44,25,11,7,4,1]
[4096,0,-80,-61,-5,0,1]
[14641,2420,266,20,1]
[4096,1536,320,55,20,6,1]
[14641,2057,261,17,1]
[256,64,128,24,41,6,8,1,1]
[15625,-2000,313,-16,1]
[4096,0,-224,-9,-14,0,1]
[64,-40,19,-5,1]
[4096,256,16,13,1,1,1]
[15625,625,211,5,1]
[4096,-768,144,-13,9,-3,1]
[4096,-2304,832,-247,52,-9,1]
[14641,847,-24,7,1]
[729,324,81,17,9,4,1]
[4096,2560,960,271,60,10,1]
[4096,1024,-144,-81,-9,4,1]
[256,64,64,12,1,3,4,1,1]
[4096,2048,528,111,33,8,1]
[14641,363,20,3,1]
[14641,-2299,295,-19,1]
[512,-192,88,-45,11,-3,1]
[6561,810,146,10,1]
[4096,-512,144,-21,9,-2,1]
[256,-64,32,28,-13,7,2,-1,1]
[512,64,-8,-17,-1,1,1]
[256,0,32,-12,9,-3,2,0,1]
[512,256,48,15,6,4,1]
[4096,1024,304,99,19,4,1]
[15625,-1875,117,-15,1]
[4096,768,640,77,40,3,1]
[256,-64,80,-68,15,-17,5,-1,1]
[2401,-147,15,-3,1]
[4096,256,176,-1,11,1,1]
[256,64,-16,-12,-19,-3,-1,1,1]
[256,192,112,76,47,19,7,3,1]
[4096,512,-160,-39,-10,2,1]
[15625,0,193,0,1]
[256,-64,32,20,-9,5,2,-1,1]
[256,64,64,20,17,5,4,1,1]
[4096,-1536,400,-107,25,-6,1]
[4096,512,432,89,27,2,1]
[16384,-3200,311,-25,1]
[4096,2816,1200,349,75,11,1]
[4096,2048,496,111,31,8,1]
[4096,-1536,208,15,13,-6,1]
[4096,0,320,-57,20,0,1]
[14641,2783,325,23,1]
[14641,-2057,137,-17,1]
[4096,2560,1008,289,63,10,1]
[256,-256,128,-28,-1,-7,8,-4,1]
[4096,-2816,1152,-333,72,-11,1]
[16384,128,-217,1,1]
[729,-81,126,-2,14,-1,1]
[729,0,36,-22,4,0,1]
[256,-16,1,-1,1]
[4096,-3072,1312,-385,82,-12,1]
[4096,1536,544,137,34,6,1]
[4096,-384,93,-6,1]
[4096,256,352,9,22,1,1]
[4096,1024,448,109,28,4,1]
[4096,-1152,199,-18,1]
[512,-256,104,-29,13,-4,1]
[4096,-512,48,-7,3,-2,1]
[14641,1210,-15,10,1]
[14641,847,85,7,1]
[729,-81,0,-17,0,-1,1]
[4096,-768,64,7,4,-3,1]
[256,0,80,8,19,2,5,0,1]
[4096,1280,-192,-137,-12,5,1]
[4096,512,144,55,9,2,1]
[4096,1024,16,-73,1,4,1]
[512,192,104,15,13,3,1]
[16384,-1536,99,-12,1]
[14641,-847,249,-7,1]
[14641,-1089,18,-9,1]
[4096,-2048,160,55,10,-8,1]
[14641,2178,155,18,1]
[14641,2904,340,24,1]
[4096,-512,480,-37,30,-2,1]
[6561,648,16,8,1]
[4096,1792,224,15,14,7,1]
[1024,-288,43,-9,1]
[14641,605,145,5,1]
[4096,1024,32,-7,2,4,1]
[256,-256,224,-112,65,-28,14,-4,1]
[256,-320,272,-160,85,-40,17,-5,1]
[15625,-375,-106,-3,1]
[512,0,40,19,5,0,1]
[512,-384,160,-55,20,-6,1]
[14641,-605,13,-5,1]
[4096,-256,-16,-73,-1,-1,1]
[256,-64,0,4,11,1,0,-1,1]
[4096,256,16,-99,1,1,1]
[6561,405,-28,5,1]
[4096,512,48,-75,3,2,1]
[4096,-1280,272,-83,17,-5,1]
[15625,750,248,6,1]
[4096,1792,544,167,34,7,1]
[256,-64,48,-40,11,-10,3,-1,1]
[4096,256,224,-37,14,1,1]
[4096,0,96,51,6,0,1]
[4096,-768,272,-31,17,-3,1]
[15625,-625,78,-5,1]
[4096,256,128,45,8,1,1]
[256,0,96,-4,37,-1,6,0,1]
[6561,162,-76,2,1]
[16384,2560,331,20,1]
[256,256,160,108,69,27,10,4,1]
[729,0,18,38,2,0,1]
[729,0,27,11,3,0,1]
[256,-128,32,-36,27,-9,2,-2,1]
[4096,1792,-48,-129,-3,7,1]
[729,81,90,19,10,1,1]
[4096,1280,432,93,27,5,1]
[4096,-1280,512,-127,32,-5,1]
[256,192,144,88,51,22,9,3,1]
[729,-405,270,-88,30,-5,1]
[256,-256,176,-96,55,-24,11,-4,1]
[16384,-2432,317,-19,1]
[15625,250,-56,2,1]
[256,128,16,28,27,7,1,2,1]
[256,448,448,320,181,80,28,7,1]
[256,192,96,-16,-15,-4,6,3,1]
[4096,-1280,416,-95,26,-5,1]
[4096,3072,1152,307,72,12,1]
[6561,810,76,10,1]
[256,-128,112,-16,21,-4,7,-2,1]
[4096,0,112,3,7,0,1]
[2401,343,15,7,1]
[16384,2432,249,19,1]
[256,-64,80,-52,21,-13,5,-1,1]
[4096,-256,-16,-61,-1,-1,1]
[4096,2304,1024,293,64,9,1]
[729,567,171,40,19,7,1]
[14641,121,211,1,1]
[2401,98,66,2,1]
[14641,-605,179,-5,1]
[256,0,48,-48,3,-12,3,0,1]
[4096,-512,-96,73,-6,-2,1]
[512,-320,208,-71,26,-5,1]
[256,192,96,68,45,17,6,3,1]
[256,0,80,-28,19,-7,5,0,1]
[4096,-1024,144,-61,9,-4,1]
[729,324,234,67,26,4,1]
[256,-384,336,-228,127,-57,21,-6,1]
[256,192,64,40,33,10,4,3,1]
[4096,-512,336,-33,21,-2,1]
[256,0,96,4,33,1,6,0,1]
[4096,512,224,-33,14,2,1]
[256,0,-16,-16,7,-4,-1,0,1]
[4096,-768,288,-33,18,-3,1]
[4096,1536,512,97,32,6,1]
[4096,-1024,608,-111,38,-4,1]
[81,36,20,4,1]
[729,-162,54,-31,6,-2,1]
[4096,1024,416,147,26,4,1]
[15625,3500,436,28,1]
[729,486,252,91,28,6,1]
[256,-64,112,0,27,0,7,-1,1]
[15625,-875,107,-7,1]
[4096,-2560,1152,-327,72,-10,1]
[256,-320,128,16,-31,4,8,-5,1]
[4096,768,304,97,19,3,1]
[4096,-768,48,-19,3,-3,1]
[512,-512,288,-115,36,-8,1]
[729,81,72,25,8,1,1]
[15625,1125,92,9,1]
[256,256,208,132,69,33,13,4,1]
[4096,1792,320,41,20,7,1]
[15625,0,179,0,1]
[4096,896,117,14,1]
[16384,256,61,2,1]
[6561,1053,89,13,1]
[16384,2432,221,19,1]
[2401,-49,-50,-1,1]
[4096,-2560,1008,-299,63,-10,1]
[4096,1792,544,165,34,7,1]
[6561,1215,193,15,1]
[2401,-441,38,-9,1]
[16384,-3712,435,-29,1]
[4096,1792,928,217,58,7,1]
[4096,-256,-48,89,-3,-1,1]
[15625,1500,198,12,1]
[4096,-3072,1424,-415,89,-12,1]
[14641,-605,3,-5,1]
[4096,-1280,448,-95,28,-5,1]
[64,-80,64,-39,16,-5,1]
[16384,-1408,145,-11,1]
[256,-64,64,40,-7,10,4,-1,1]
[4096,768,320,61,20,3,1]
[4096,-1792,608,-199,38,-7,1]
[4096,0,96,-5,6,0,1]
[4096,256,176,29,11,1,1]
[6561,81,-101,1,1]
[4096,-256,544,-37,34,-1,1]
[4096,768,-96,-93,-6,3,1]
[729,405,162,67,18,5,1]
[6561,810,79,10,1]
[4096,-256,48,57,3,-1,1]
[4096,-1792,528,-165,33,-7,1]
[729,-162,117,-5,13,-2,1]
[512,320,120,41,15,5,1]
[729,81,90,31,10,1,1]
[256,-128,-32,-16,33,-4,-2,-2,1]
[256,320,192,108,61,27,12,5,1]
[15625,-250,-112,-2,1]
[4096,-1280,160,3,10,-5,1]
[14641,1694,175,14,1]
[4096,512,336,47,21,2,1]
[16384,-512,181,-4,1]
[14641,1694,257,14,1]
[4096,1024,224,-17,14,4,1]
[4096,-4096,2016,-617,126,-16,1]
[14641,-1815,102,-15,1]
[256,-64,32,-4,-5,-1,2,-1,1]
[4096,-1792,592,-121,37,-7,1]
[4096,512,-16,-75,-1,2,1]
[14641,121,54,1,1]
[512,-64,24,-3,3,-1,1]
[4096,-1280,432,-117,27,-5,1]
[16384,256,141,2,1]
[15625,-1500,64,-12,1]
[15625,-3625,437,-29,1]
[4096,1024,400,81,25,4,1]
[729,-243,135,-20,15,-3,1]
[4096,0,128,-85,8,0,1]
[256,0,64,8,27,2,4,0,1]
[4096,256,112,53,7,1,1]
[4096,512,-112,-25,-7,2,1]
[256,-64,32,-8,9,-2,2,-1,1]
[256,-64,64,-40,25,-10,4,-1,1]
[14641,847,39,7,1]
[256,64,80,52,15,13,5,1,1]
[4096,-512,400,-65,25,-2,1]
[729,162,18,7,2,2,1]
[2401,196,100,4,1]
[729,567,297,113,33,7,1]
[729,0,18,-8,2,0,1]
[14641,-968,168,-8,1]
[4096,1536,672,165,42,6,1]
[14641,121,63,1,1]
[16384,0,19,0,1]
[256,64,192,36,65,9,12,1,1]
[14641,1452,129,12,1]
[14641,2299,188,19,1]
[256,64,112,-12,21,-3,7,1,1]
[16384,2048,209,16,1]
[729,405,198,56,22,5,1]
[4096,256,-16,-95,-1,1,1]
[256,256,224,140,83,35,14,4,1]
[4096,1792,560,181,35,7,1]
[6561,-1134,194,-14,1]
[14641,-847,175,-7,1]
[4096,2560,880,227,55,10,1]
[15625,1000,173,8,1]
[4096,-768,304,-111,19,-3,1]
[729,729,360,130,40,9,1]
[2401,441,116,9,1]
[729,0,18,20,2,0,1]
[6561,-405,80,-5,1]
[81,-45,20,-5,1]
[16384,-3712,447,-29,1]
[4096,256,336,75,21,1,1]
[729,-405,171,-46,19,-5,1]
[256,128,112,36,27,9,7,2,1]
[4096,-512,496,-61,31,-2,1]
[512,192,-24,-23,-3,3,1]
[2401,490,74,10,1]
[4096,1280,336,73,21,5,1]
[14641,-242,64,-2,1]
[14641,242,-84,2,1]
[729,-243,-45,53,-5,-3,1]
[15625,750,124,6,1]
[4096,-256,80,17,5,-1,1]
[729,324,135,29,15,4,1]
[256,-128,32,-8,7,-2,2,-2,1]
[4096,-768,-96,39,-6,-3,1]
[4096,-1280,368,-99,23,-5,1]
[4096,-1280,16,79,1,-5,1]
[6561,567,29,7,1]
[4096,-2048,720,-197,45,-8,1]
[4096,-1024,336,-139,21,-4,1]
[4096,1024,416,113,26,4,1]
[256,320,128,-28,-41,-7,8,5,1]
[4096,512,192,49,12,2,1]
[256,192,240,124,89,31,15,3,1]
[14641,-2057,252,-17,1]
[4096,768,32,-53,2,3,1]
[2401,-98,-10,-2,1]
[14641,0,-148,0,1]
[4096,1024,176,3,11,4,1]
[4096,2304,192,-65,12,9,1]
[14641,-2783,281,-23,1]
[16384,3200,357,25,1]
[4096,-512,272,-63,17,-2,1]
[15625,1000,76,8,1]
[4096,1792,352,67,22,7,1]
[4096,1024,167,16,1]
[4096,-512,-32,15,-2,-2,1]
[4096,-1792,720,-201,45,-7,1]
[16384,-1024,211,-8,1]
[729,405,36,-16,4,5,1]
[4096,768,97,12,1]
[2401,441,73,9,1]
[4096,-3328,1552,-473,97,-13,1]
[729,-729,396,-151,44,-9,1]
[729,-162,36,-22,4,-2,1]
[729,162,126,34,14,2,1]
[14641,-363,-23,-3,1]
[4096,-256,352,-29,22,-1,1]
[15625,-1625,243,-13,1]
[4096,-1536,512,-165,32,-6,1]
[14641,968,184,8,1]
[4096,2304,656,137,41,9,1]
[4096,-2560,464,-37,29,-10,1]
[14641,605,32,5,1]
[4096,-512,64,-35,4,-2,1]
[4096,768,-128,-117,-8,3,1]
[14641,-1210,58,-10,1]
[4096,-768,101,-12,1]
[4096,1280,496,169,31,5,1]
[6561,0,127,0,1]
[4096,256,128,43,8,1,1]
[4096,-512,-16,-15,-1,-2,1]
[4096,-256,368,-5,23,-1,1]
[4096,0,-64,79,-4,0,1]
[14641,-605,218,-5,1]
[14641,-1694,243,-14,1]
[4096,-512,144,-65,9,-2,1]
[729,-162,63,-37,7,-2,1]
[14641,-1694,113,-14,1]
[4096,-128,-71,-2,1]
[256,0,64,40,7,10,4,0,1]
[256,256,224,148,77,37,14,4,1]
[4096,768,560,93,35,3,1]
[512,-128,192,-31,24,-2,1]
[16384,-768,-3,-6,1]
[4096,-1792,144,39,9,-7,1]
[256,-192,112,-52,17,-13,7,-3,1]
[4096,-3072,1504,-439,94,-12,1]
[4096,-1536,352,-85,22,-6,1]
[14641,121,199,1,1]
[256,192,96,4,-1,1,6,3,1]
[4096,256,160,95,10,1,1]
[4096,1536,272,57,17,6,1]
[15625,125,-217,1,1]
[4096,-2304,944,-275,59,-9,1]
[729,-810,486,-197,54,-10,1]
[4096,-1536,688,-175,43,-6,1]
[4096,-2048,576,-113,36,-8,1]
[512,64,24,41,3,1,1]
[4096,960,157,15,1]
[512,-320,176,-63,22,-5,1]
[4096,1536,496,85,31,6,1]
[729,-162,135,-11,15,-2,1]
[256,0,16,4,1,1,1,0,1]
[14641,-242,114,-2,1]
[256,64,-96,0,39,0,-6,1,1]
[4096,-512,16,-35,1,-2,1]
[14641,-1331,160,-11,1]
[256,448,336,136,49,34,21,7,1]
[256,192,32,28,29,7,2,3,1]
[2401,-49,81,-1,1]
[256,-256,48,64,-55,16,3,-4,1]
[729,-324,117,-26,13,-4,1]
[729,-81,-54,35,-6,-1,1]
[512,-64,16,-1,2,-1,1]
[625,-75,17,-3,1]
[4096,2048,800,239,50,8,1]
[6561,567,95,7,1]
[512,-320,144,-51,18,-5,1]
[256,0,32,-24,-15,-6,2,0,1]
[4096,-1280,480,-145,30,-5,1]
[4096,-256,704,-33,44,-1,1]
[256,-64,-16,8,11,2,-1,-1,1]
[4096,-256,256,9,16,-1,1]
[16384,384,215,3,1]
[1024,160,47,5,1]
[256,0,0,-24,13,-6,0,0,1]
[4096,1536,464,105,29,6,1]
[4096,-512,160,-129,10,-2,1]
[64,64,36,19,9,4,1]
[256,-320,288,-192,107,-48,18,-5,1]
[729,0,-36,16,-4,0,1]
[4096,-512,96,-97,6,-2,1]
[4096,-2560,1040,-295,65,-10,1]
[729,324,135,37,15,4,1]
[512,192,40,17,5,3,1]
[14641,-1815,159,-15,1]
[625,-100,18,-4,1]
[4096,-512,-16,85,-1,-2,1]
[256,192,160,112,59,28,10,3,1]
[4096,1280,384,125,24,5,1]
[729,-162,54,4,6,-2,1]
[15625,-1375,197,-11,1]
[14641,1573,100,13,1]
[512,192,-32,-31,-4,3,1]
[4096,1792,624,147,39,7,1]
[15625,-1000,-54,-8,1]
[256,-256,144,-36,13,-9,9,-4,1]
[256,128,96,36,11,9,6,2,1]
[15625,1250,-24,10,1]
[4096,0,272,7,17,0,1]
[14641,-2783,326,-23,1]
[6561,405,104,5,1]
[14641,-3509,431,-29,1]
[4096,-768,144,45,9,-3,1]
[14641,-3267,414,-27,1]
[512,64,-24,-17,-3,1,1]
[256,-128,208,-76,73,-19,13,-2,1]
[16384,1920,225,15,1]
[2401,-49,-36,-1,1]
[16384,-896,243,-7,1]
[14641,-484,153,-4,1]
[4096,2048,672,169,42,8,1]
[2401,735,138,15,1]
[4096,256,-128,-43,-8,1,1]
[4096,-1280,0,75,0,-5,1]
[4096,-256,-144,-11,-9,-1,1]
[256,0,80,32,11,8,5,0,1]
[256,0,64,20,13,5,4,0,1]
[4096,256,-176,-53,-11,1,1]
[4096,-512,80,63,5,-2,1]
[4096,768,304,93,19,3,1]
[6561,-810,115,-10,1]
[4096,768,352,27,22,3,1]
[4096,1024,-208,-127,-13,4,1]
[729,-405,162,-67,18,-5,1]
[729,-243,108,-55,12,-3,1]
[256,-128,-48,28,-3,7,-3,-2,1]
[1024,320,67,10,1]
[4096,512,112,99,7,2,1]
[15625,-2500,226,-20,1]
[4096,1024,-208,-123,-13,4,1]
[16384,-896,-75,-7,1]
[16384,-1792,155,-14,1]
[15625,1875,282,15,1]
[256,-64,192,-48,65,-12,12,-1,1]
[4096,-640,37,-10,1]
[729,162,-63,-44,-7,2,1]
[2401,0,-80,0,1]
[4096,768,-112,-97,-7,3,1]
[4096,256,80,-79,5,1,1]
[16384,-384,-73,-3,1]
[15625,-3250,411,-26,1]
[729,0,-18,-17,-2,0,1]
[4096,1536,224,-9,14,6,1]
[4096,512,400,43,25,2,1]
[14641,363,-64,3,1]
[256,64,48,-4,7,-1,3,1,1]
[4096,0,16,41,1,0,1]
[4096,0,352,3,22,0,1]
[256,-192,144,-76,49,-19,9,-3,1]
[4096,-1024,368,-103,23,-4,1]
[121,-12,1]
[4,1,1]
[15625,-1000,43,-8,1]
[15625,250,-178,2,1]
[16384,896,-79,7,1]
[4096,1280,384,41,24,5,1]
[256,-128,112,-84,33,-21,7,-2,1]
[4096,-1280,432,-63,27,-5,1]
[14641,1936,111,16,1]
[4096,-1536,384,-93,24,-6,1]
[4096,1024,288,33,18,4,1]
[4096,0,64,-61,4,0,1]
[4096,-768,368,-99,23,-3,1]
[4096,-1536,96,19,6,-6,1]
[4096,-256,-144,17,-9,-1,1]
[4096,-768,304,-31,19,-3,1]
[256,128,16,-24,-7,-6,1,2,1]
[4096,-512,528,-61,33,-2,1]
[14641,-847,226,-7,1]
[256,64,32,24,7,6,2,1,1]
[4096,0,0,-127,0,0,1]
[4096,1280,768,157,48,5,1]
[2401,-147,4,-3,1]
[4096,512,432,13,27,2,1]
[256,-64,48,-52,17,-13,3,-1,1]
[4096,-2304,496,-77,31,-9,1]
[14641,847,64,7,1]
[4096,256,96,-59,6,1,1]
[512,-64,64,3,8,-1,1]
[14641,-121,20,-1,1]
[729,162,54,34,6,2,1]
[4096,1280,272,73,17,5,1]
[4096,1024,112,49,7,4,1]
[14641,847,153,7,1]
[4096,2560,912,243,57,10,1]
[4096,-512,96,-1,6,-2,1]
[729,162,45,-19,5,2,1]
[16384,-768,143,-6,1]
[4096,768,560,103,35,3,1]
[512,192,136,33,17,3,1]
[512,128,104,19,13,2,1]
[256,0,96,-4,17,-1,6,0,1]
[2401,-490,43,-10,1]
[16384,-896,-87,-7,1]
[256,128,176,88,59,22,11,2,1]
[4096,512,336,27,21,2,1]
[4096,-1792,688,-165,43,-7,1]
[256,256,224,156,85,39,14,4,1]
[4096,768,320,79,20,3,1]
[4096,0,48,21,3,0,1]
[4096,-1024,304,-87,19,-4,1]
[15625,-2875,323,-23,1]
[14641,484,212,4,1]
[14641,-1573,56,-13,1]
[729,81,46,3,1]
[512,256,48,3,6,4,1]
[256,-384,208,-28,-11,-7,13,-6,1]
[256,64,16,-20,-21,-5,1,1,1]
[729,324,63,8,7,4,1]
[256,256,96,-16,-31,-4,6,4,1]
[256,-64,16,-36,17,-9,1,-1,1]
[4096,768,336,123,21,3,1]
[4096,-1536,480,-99,30,-6,1]
[729,243,72,41,8,3,1]
[4096,-256,32,-13,2,-1,1]
[4096,-512,192,-37,12,-2,1]
[729,-729,414,-161,46,-9,1]
[14641,-1210,-10,-10,1]
[4096,3072,1264,355,79,12,1]
[729,-648,369,-151,41,-8,1]
[4096,-1280,512,-169,32,-5,1]
[15625,1750,292,14,1]
[15625,1000,-27,8,1]
[4096,-1536,448,-151,28,-6,1]
[256,0,160,-12,51,-3,10,0,1]
[256,0,48,-8,21,-2,3,0,1]
[1024,-64,47,-2,1]
[15625,-2250,316,-18,1]
[14641,1210,49,10,1]
[16384,-384,139,-3,1]
[729,-81,18,11,2,-1,1]
[256,0,16,40,5,10,1,0,1]
[256,64,96,60,25,15,6,1,1]
[4096,1536,480,87,30,6,1]
[729,108,43,4,1]
[256,-64,16,-20,15,-5,1,-1,1]
[14641,726,-80,6,1]
[16384,-1664,221,-13,1]
[14641,-242,212,-2,1]
[256,192,80,12,-3,3,5,3,1]
[4096,-3584,1648,-503,103,-14,1]
[16384,-3328,333,-26,1]
[6561,486,106,6,1]
[16384,-2048,275,-16,1]
[729,324,-27,-44,-3,4,1]
[4096,704,77,11,1]
[4096,-768,368,-83,23,-3,1]
[15625,-500,166,-4,1]
[729,81,117,10,13,1,1]
[4096,256,416,3,26,1,1]
[729,-162,-36,28,-4,-2,1]
[4096,-1024,224,-79,14,-4,1]
[4096,256,304,41,19,1,1]
[16384,3584,381,28,1]
[14641,1936,260,16,1]
[14641,484,239,4,1]
[4096,-576,37,-9,1]
[1024,-256,55,-8,1]
[16384,2048,245,16,1]
[512,192,64,31,8,3,1]
[4096,-1536,672,-183,42,-6,1]
[256,320,288,208,113,52,18,5,1]
[729,243,9,-14,1,3,1]
[729,0,9,-38,1,0,1]
[4096,-512,64,41,4,-2,1]
[4096,-2816,1152,-329,72,-11,1]
[14641,847,-48,7,1]
[14641,-2299,257,-19,1]
[256,64,48,44,21,11,3,1,1]
[512,-128,-40,45,-5,-2,1]
[256,-128,16,28,-17,7,1,-2,1]
[256,192,112,40,11,10,7,3,1]
[729,405,109,15,1]
[256,-192,48,-24,23,-6,3,-3,1]
[256,-128,-32,8,15,2,-2,-2,1]
[15625,-1625,41,-13,1]
[4096,-256,112,-119,7,-1,1]
[729,-243,-63,58,-7,-3,1]
[4096,-256,64,-87,4,-1,1]
[16384,1920,169,15,1]
[729,405,270,83,30,5,1]
[4096,-1536,224,-27,14,-6,1]
[14641,2178,178,18,1]
[4096,-1280,-112,113,-7,-5,1]
[4096,-512,96,-27,6,-2,1]
[4096,512,656,65,41,2,1]
[4096,768,-32,-57,-2,3,1]
[729,0,-36,11,-4,0,1]
[16384,2432,255,19,1]
[4096,256,80,87,5,1,1]
[256,-192,80,8,-17,2,5,-3,1]
[4096,-576,139,-9,1]
[4096,-256,16,-71,1,-1,1]
[4096,-256,-48,-33,-3,-1,1]
[729,0,63,28,7,0,1]
[4096,-448,35,-7,1]
[256,-192,-16,48,-23,12,-1,-3,1]
[256,0,16,-4,19,-1,1,0,1]
[4096,768,256,21,16,3,1]
[256,0,-16,4,1,1,-1,0,1]
[14641,-847,-49,-7,1]
[4096,512,-16,-83,-1,2,1]
[625,-200,43,-8,1]
[15625,-750,-48,-6,1]
[15625,2875,309,23,1]
[4096,1024,416,119,26,4,1]
[4096,-256,240,-1,15,-1,1]
[14641,-363,9,-3,1]
[4096,512,160,117,10,2,1]
[2401,-392,106,-8,1]
[4096,1024,208,69,13,4,1]
[512,-192,-40,37,-5,-3,1]
[16384,384,25,3,1]
[729,729,414,166,46,9,1]
[16384,2560,315,20,1]
[2401,784,160,16,1]
[4096,-256,384,7,24,-1,1]
[256,320,320,224,127,56,20,5,1]
[256,256,112,32,9,8,7,4,1]
[256,-320,176,-84,45,-21,11,-5,1]
[729,-81,-9,-13,-1,-1,1]
[512,-256,40,-3,5,-4,1]
[14641,726,149,6,1]
[256,0,80,-8,27,-2,5,0,1]
[256,0,96,40,15,10,6,0,1]
[256,448,480,360,205,90,30,7,1]
[256,192,80,-4,-17,-1,5,3,1]
[15625,-375,16,-3,1]
[729,-162,81,-5,9,-2,1]
[14641,-4598,597,-38,1]
[256,-128,48,-8,-9,-2,3,-2,1]
[14641,1331,79,11,1]
[14641,-2541,263,-21,1]
[4096,768,464,71,29,3,1]
[6561,-81,-58,-1,1]
[4096,256,64,39,4,1,1]
[4096,1536,288,59,18,6,1]
[625,50,-1,2,1]
[4096,2560,1168,329,73,10,1]
[512,-256,128,-61,16,-4,1]
[14641,1573,96,13,1]
[4096,-2304,896,-275,56,-9,1]
[15625,-3125,364,-25,1]
[512,-256,56,-13,7,-4,1]
[4096,1024,128,-43,8,4,1]
[4096,-768,176,-19,11,-3,1]
[256,64,-64,4,27,1,-4,1,1]
[256,128,224,88,81,22,14,2,1]
[729,243,99,25,11,3,1]
[4096,-768,480,-97,30,-3,1]
[14641,-121,-57,-1,1]
[512,-64,-24,39,-3,-1,1]
[14641,-363,-47,-3,1]
[4096,1024,496,77,31,4,1]
[4096,1536,-96,-113,-6,6,1]
[16384,-128,-139,-1,1]
[256,128,80,44,9,11,5,2,1]
[6561,-1620,214,-20,1]
[4096,-3072,1152,-313,72,-12,1]
[4096,-192,-29,-3,1]
[729,-324,117,-17,13,-4,1]
[16384,1920,171,15,1]
[14641,-1089,200,-9,1]
[4096,2560,992,285,62,10,1]
[14641,-1452,255,-12,1]
[256,0,0,-12,-15,-3,0,0,1]
[6561,0,-101,0,1]
[729,-243,9,26,1,-3,1]
[729,-81,-45,32,-5,-1,1]
[729,-243,144,-40,16,-3,1]
[81,-18,4,-2,1]
[256,0,64,-36,-1,-9,4,0,1]
[256,64,16,20,9,5,1,1,1]
[729,-405,144,-49,16,-5,1]
[16384,3584,383,28,1]
[14641,-363,-111,-3,1]
[4096,0,80,41,5,0,1]
[729,81,126,4,14,1,1]
[4096,-2048,768,-225,48,-8,1]
[2401,-49,-6,-1,1]
[256,192,144,84,41,21,9,3,1]
[256,64,32,-24,1,-6,2,1,1]
[4096,128,-59,2,1]
[729,-81,171,-11,19,-1,1]
[4096,256,352,45,22,1,1]
[256,-128,16,24,-21,6,1,-2,1]
[4096,-768,-176,81,-11,-3,1]
[16384,-384,83,-3,1]
[14641,1331,20,11,1]
[512,192,40,23,5,3,1]
[256,-64,16,-12,27,-3,1,-1,1]
[4096,768,224,-23,14,3,1]
[4096,1536,368,115,23,6,1]
[4096,256,320,23,20,1,1]
[4096,-1536,128,41,8,-6,1]
[16384,768,45,6,1]
[16384,-128,133,-1,1]
[4096,-512,-160,73,-10,-2,1]
[4096,1536,304,69,19,6,1]
[512,-384,136,-45,17,-6,1]
[4096,-256,272,-75,17,-1,1]
[6561,486,64,6,1]
[4096,192,119,3,1]
[729,0,-9,34,-1,0,1]
[15625,125,-147,1,1]
[4096,-256,416,-47,26,-1,1]
[4096,256,320,41,20,1,1]
[729,0,-27,16,-3,0,1]
[4096,3072,1392,411,87,12,1]
[729,162,9,-17,1,2,1]
[625,150,58,6,1]
[4096,1536,336,29,21,6,1]
[16384,640,89,5,1]
[4096,-768,384,-65,24,-3,1]
[6561,-729,53,-9,1]
[256,0,64,24,7,6,4,0,1]
[4096,1536,304,63,19,6,1]
[4096,768,32,-3,2,3,1]
[256,-128,144,-60,51,-15,9,-2,1]
[729,648,252,77,28,8,1]
[256,128,16,36,35,9,1,2,1]
[15625,0,-118,0,1]
[4096,-256,-16,109,-1,-1,1]
[6561,405,106,5,1]
[4096,-1024,224,-21,14,-4,1]
[4096,-1792,0,109,0,-7,1]
[15625,1125,132,9,1]
[256,128,64,0,-5,0,4,2,1]
[256,-192,112,-64,35,-16,7,-3,1]
[729,-81,99,-17,11,-1,1]
[4096,-768,368,-79,23,-3,1]
[4096,1024,304,105,19,4,1]
[15625,-250,202,-2,1]
[256,320,96,-56,-55,-14,6,5,1]
[14641,-121,229,-1,1]
[15625,-1375,274,-11,1]
[256,-64,16,16,-3,4,1,-1,1]
[4096,128,-67,2,1]
[512,128,-16,-27,-2,2,1]
[729,-243,207,-47,23,-3,1]
[16384,-1664,171,-13,1]
[14641,2420,299,20,1]
[729,-486,225,-74,25,-6,1]
[512,512,184,47,23,8,1]
[15625,875,-59,7,1]
[4096,-1792,144,47,9,-7,1]
[4096,1536,384,57,24,6,1]
[729,-567,288,-119,32,-7,1]
[4096,-1024,384,-129,24,-4,1]
[512,128,96,19,12,2,1]
[4096,2816,1008,261,63,11,1]
[14641,484,113,4,1]
[16384,1920,209,15,1]
[256,448,384,216,107,54,24,7,1]
[4096,-1280,224,-15,14,-5,1]
[729,-189,49,-7,1]
[14641,1089,199,9,1]
[14641,726,-53,6,1]
[256,192,32,-48,-39,-12,2,3,1]
[256,0,-48,4,27,1,-3,0,1]
[4096,1536,512,131,32,6,1]
[14641,1573,225,13,1]
[16384,-1536,63,-12,1]
[64,16,-4,-5,-1,1,1]
[4096,1536,512,169,32,6,1]
[4096,-1024,336,-143,21,-4,1]
[256,128,128,76,45,19,8,2,1]
[16384,0,15,0,1]
[4096,128,-11,2,1]
[4096,1280,176,11,11,5,1]
[14641,-1331,244,-11,1]
[256,128,48,40,25,10,3,2,1]
[512,128,48,-1,6,2,1]
[15625,1625,256,13,1]
[64,0,20,1,5,0,1]
[2401,196,-30,4,1]
[4096,1280,-192,-159,-12,5,1]
[729,0,-18,-11,-2,0,1]
[4096,1024,528,95,33,4,1]
[4096,1280,-128,-137,-8,5,1]
[4096,1280,-48,-57,-3,5,1]
[14641,3509,413,29,1]
[512,0,64,21,8,0,1]
[15625,-1875,269,-15,1]
[256,-256,240,-132,77,-33,15,-4,1]
[16384,896,243,7,1]
[14641,121,30,1,1]
[6561,-243,145,-3,1]
[14641,363,-116,3,1]
[4096,512,48,55,3,2,1]
[512,384,272,99,34,6,1]
[4096,768,160,-41,10,3,1]
[14641,-1210,97,-10,1]
[16384,-2176,295,-17,1]
[4096,-1792,128,49,8,-7,1]
[512,0,72,-13,9,0,1]
[4096,768,576,97,36,3,1]
[16384,-1152,33,-9,1]
[64,16,-4,-15,-1,1,1]
[4096,768,416,97,26,3,1]
[15625,-625,-69,-5,1]
[729,-135,10,-5,1]
[256,256,144,44,9,11,9,4,1]
[6561,0,-16,0,1]
[4096,-1280,-128,129,-8,-5,1]
[15625,-2375,206,-19,1]
[512,-512,272,-109,34,-8,1]
[729,567,225,76,25,7,1]
[729,-324,27,22,3,-4,1]
[6561,-1377,229,-17,1]
[6561,-162,155,-2,1]
[4096,-1024,240,-77,15,-4,1]
[4096,1024,624,99,39,4,1]
[4096,-768,-48,25,-3,-3,1]
[256,64,-80,-12,15,-3,-5,1,1]
[4096,2048,544,137,34,8,1]
[2401,-441,111,-9,1]
[4096,256,-96,9,-6,1,1]
[256,-64,16,-8,-15,-2,1,-1,1]
[4096,-1536,736,-169,46,-6,1]
[15625,0,161,0,1]
[4096,-512,352,-55,22,-2,1]
[729,-162,-45,37,-5,-2,1]
[15625,-1625,172,-13,1]
[4096,0,208,61,13,0,1]
[625,25,-19,1,1]
[14641,2420,278,20,1]
[256,0,96,0,39,0,6,0,1]
[4096,-1280,288,-97,18,-5,1]
[4096,1280,64,-45,4,5,1]
[256,64,32,-8,13,-2,2,1,1]
[729,243,144,59,16,3,1]
[4096,768,16,-73,1,3,1]
[4096,256,64,29,4,1,1]
[14641,2299,213,19,1]
[4096,-128,15,-2,1]
[4096,3328,1552,467,97,13,1]
[729,162,72,34,8,2,1]
[4096,-1536,464,-127,29,-6,1]
[256,-192,160,-108,47,-27,10,-3,1]
[15625,4500,569,36,1]
[4096,-1280,208,-17,13,-5,1]
[2401,-294,50,-6,1]
[64,-32,36,-11,9,-2,1]
[4096,-512,16,-47,1,-2,1]
[4096,0,288,-63,18,0,1]
[4096,-512,384,-57,24,-2,1]
[4096,256,336,31,21,1,1]
[729,-567,243,-88,27,-7,1]
[729,405,180,80,20,5,1]
[15625,0,162,0,1]
[4096,512,32,-63,2,2,1]
[256,-128,96,-36,17,-9,6,-2,1]
[4096,2560,1216,337,76,10,1]
[4096,2560,864,229,54,10,1]
[512,512,288,113,36,8,1]
[512,192,160,49,20,3,1]
[729,648,297,103,33,8,1]
[729,-324,27,2,3,-4,1]
[256,-384,272,-132,61,-33,17,-6,1]
[4096,256,400,47,25,1,1]
[256,-256,160,-92,49,-23,10,-4,1]
[256,0,16,4,-7,1,1,0,1]
[14641,0,223,0,1]
[4096,-1024,-80,57,-5,-4,1]
[256,64,-16,4,17,1,-1,1,1]
[4096,0,304,-37,19,0,1]
[4096,1280,544,161,34,5,1]
[15625,250,152,2,1]
[729,-108,28,-4,1]
[4096,-256,240,-29,15,-1,1]
[4096,-1536,64,33,4,-6,1]
[2401,-147,34,-3,1]
[4096,0,80,-95,5,0,1]
[4096,-2560,400,-7,25,-10,1]
[256,64,80,32,11,8,5,1,1]
[4096,0,0,-43,0,0,1]
[4096,-256,32,79,2,-1,1]
[4096,-768,-176,91,-11,-3,1]
[512,64,40,-17,5,1,1]
[16384,-1152,67,-9,1]
[15625,-250,79,-2,1]
[6561,-972,130,-12,1]
[14641,-2541,224,-21,1]
[256,-320,304,-220,121,-55,19,-5,1]
[729,162,99,43,11,2,1]
[256,-128,80,-36,35,-9,5,-2,1]
[729,162,-18,-44,-2,2,1]
[4096,-1536,512,-101,32,-6,1]
[729,-324,76,-12,1]
[4096,1280,400,91,25,5,1]
[256,-128,-80,16,25,4,-5,-2,1]
[729,81,-16,3,1]
[512,128,80,21,10,2,1]
[4096,-512,-144,35,-9,-2,1]
[6561,243,-41,3,1]
[14641,-2299,210,-19,1]
[512,-320,64,-9,8,-5,1]
[4096,1024,176,83,11,4,1]
[256,0,64,-32,5,-8,4,0,1]
[14641,1452,249,12,1]
[15625,1125,97,9,1]
[256,64,16,-32,-21,-8,1,1,1]
[256,64,48,36,-1,9,3,1,1]
[14641,605,228,5,1]
[4096,-1536,576,-141,36,-6,1]
[15625,0,214,0,1]
[4096,1536,224,7,14,6,1]
[4096,256,-16,83,-1,1,1]
[4096,1280,144,9,9,5,1]
[15625,-2125,206,-17,1]
[4096,-2304,928,-269,58,-9,1]
[16384,-1024,147,-8,1]
[256,-64,80,-12,19,-3,5,-1,1]
[4096,-1024,160,-57,10,-4,1]
[6561,486,149,6,1]
[4096,512,16,13,1,2,1]
[256,0,16,0,15,0,1,0,1]
[14641,1815,174,15,1]
[4096,512,128,103,8,2,1]
[2401,637,100,13,1]
[4096,-256,-192,25,-12,-1,1]
[4096,-768,-32,57,-2,-3,1]
[4096,1600,283,25,1]
[2401,49,-57,1,1]
[4096,-2048,624,-143,39,-8,1]
[4096,256,96,-77,6,1,1]
[256,256,128,0,-15,0,8,4,1]
[4096,1792,736,183,46,7,1]
[2401,-49,-23,-1,1]
[512,128,-8,-11,-1,2,1]
[4096,256,-80,-1,-5,1,1]
[15625,500,108,4,1]
[4096,512,-48,-37,-3,2,1]
[4096,-1792,432,-87,27,-7,1]
[2401,0,-62,0,1]
[4096,2304,800,221,50,9,1]
[256,-192,144,-68,45,-17,9,-3,1]
[4096,768,176,87,11,3,1]
[256,192,128,60,35,15,8,3,1]
[16384,-2304,303,-18,1]
[16384,3712,409,29,1]
[4096,-2048,256,3,16,-8,1]
[16384,384,-179,3,1]
[729,-405,27,26,3,-5,1]
[4096,-2048,352,-25,22,-8,1]
[4096,-2048,496,-93,31,-8,1]
[4096,-256,352,-53,22,-1,1]
[4096,-256,-16,87,-1,-1,1]
[256,64,80,-4,7,-1,5,1,1]
[512,-192,40,-25,5,-3,1]
[256,192,192,120,63,30,12,3,1]
[4096,-1536,624,-173,39,-6,1]
[4096,320,17,5,1]
[4096,-1536,-48,99,-3,-6,1]
[14641,-2299,317,-19,1]
[512,0,104,3,13,0,1]
[729,648,252,76,28,8,1]
[4096,-512,48,-69,3,-2,1]
[15625,-625,51,-5,1]
[16384,-3328,367,-26,1]
[256,-64,16,0,-23,0,1,-1,1]
[4096,256,-80,-95,-5,1,1]
[625,-200,41,-8,1]
[729,648,378,152,42,8,1]
[625,-200,58,-8,1]
[14641,-2420,240,-20,1]
[729,-567,162,-32,18,-7,1]
[6561,1296,142,16,1]
[4096,512,192,59,12,2,1]
[14641,-2662,280,-22,1]
[4096,-2048,528,-131,33,-8,1]
[4096,1792,240,9,15,7,1]
[15625,250,-24,2,1]
[729,27,8,1,1]
[256,128,16,16,15,4,1,2,1]
[4096,2048,544,123,34,8,1]
[14641,1331,59,11,1]
[512,0,48,-5,6,0,1]
[256,-192,48,44,-41,11,3,-3,1]
[4096,768,-128,-65,-8,3,1]
[4096,0,352,7,22,0,1]
[4096,-256,-96,89,-6,-1,1]
[4096,-1792,144,41,9,-7,1]
[14641,242,-45,2,1]
[4096,-2560,800,-187,50,-10,1]
[4096,-2048,592,-145,37,-8,1]
[4096,-768,192,-113,12,-3,1]
[14641,968,-53,8,1]
[4096,256,16,47,1,1,1]
[729,324,108,16,12,4,1]
[4096,768,79,12,1]
[4096,2816,1184,365,74,11,1]
[6561,1620,202,20,1]
[256,-64,144,-36,49,-9,9,-1,1]
[14641,-726,134,-6,1]
[15625,-1250,246,-10,1]
[256,-64,16,20,-19,5,1,-1,1]
[512,0,24,-11,3,0,1]
[256,-256,240,-156,91,-39,15,-4,1]
[4096,256,-80,-103,-5,1,1]
[256,192,80,0,-9,0,5,3,1]
[4096,1280,-160,-119,-10,5,1]
[6561,0,-49,0,1]
[512,-128,40,-19,5,-2,1]
[256,-512,560,-420,239,-105,35,-8,1]
[4096,-2304,832,-229,52,-9,1]
[6561,-729,17,-9,1]
[4096,256,176,43,11,1,1]
[14641,605,-130,5,1]
[256,0,16,-16,-11,-4,1,0,1]
[16384,1024,205,8,1]
[4096,-512,640,-57,40,-2,1]
[4096,-1024,112,-37,7,-4,1]
[16384,1408,45,11,1]
[4096,-256,368,-55,23,-1,1]
[64,32,20,5,5,2,1]
[512,64,-8,-21,-1,1,1]
[256,-128,48,4,-15,1,3,-2,1]
[4096,1280,-192,-143,-12,5,1]
[1024,-160,-5,-5,1]
[16384,128,-3,1,1]
[256,320,240,156,91,39,15,5,1]
[16384,-896,-95,-7,1]
[6561,648,155,8,1]
[16384,-1536,251,-12,1]
[4096,0,192,-59,12,0,1]
[4096,-1792,448,-77,28,-7,1]
[14641,-363,-74,-3,1]
[4096,768,368,77,23,3,1]
[14641,363,-140,3,1]
[256,0,64,-8,7,-2,4,0,1]
[15625,-2750,354,-22,1]
[4096,-320,123,-5,1]
[256,-128,32,8,-11,2,2,-2,1]
[14641,-1815,168,-15,1]
[2401,637,127,13,1]
[4096,-512,176,39,11,-2,1]
[4096,2304,800,199,50,9,1]
[4096,-2560,544,-79,34,-10,1]
[15625,2375,257,19,1]
[256,256,160,76,37,19,10,4,1]
[15625,-3500,419,-28,1]
[16384,1280,161,10,1]
[16384,-512,-119,-4,1]
[256,-128,32,-32,27,-8,2,-2,1]
[6561,-567,43,-7,1]
[15625,-4500,566,-36,1]
[512,-128,96,-5,12,-2,1]
[4096,256,-176,-49,-11,1,1]
[4096,-768,192,-109,12,-3,1]
[6561,-243,154,-3,1]
[4096,1536,672,137,42,6,1]
[729,-162,171,-40,19,-2,1]
[14641,2299,303,19,1]
[4096,1024,32,13,2,4,1]
[14641,121,240,1,1]
[6561,1782,247,22,1]
[4096,-704,77,-11,1]
[625,200,38,8,1]
[15625,-1125,17,-9,1]
[256,64,-16,-24,3,-6,-1,1,1]
[512,192,16,-11,2,3,1]
[16384,1664,165,13,1]
[15625,-2375,179,-19,1]
[15625,250,101,2,1]
[256,-128,-16,32,-13,8,-1,-2,1]
[15625,-2625,251,-21,1]
[256,128,48,20,21,5,3,2,1]
[6561,-1377,220,-17,1]
[256,-128,80,-56,29,-14,5,-2,1]
[4096,512,192,71,12,2,1]
[729,648,324,119,36,8,1]
[4096,1280,176,45,11,5,1]
[2401,196,-38,4,1]
[14641,-1936,303,-16,1]
[729,162,63,31,7,2,1]
[1024,32,39,1,1]
[4096,0,-112,-1,-7,0,1]
[2401,-441,52,-9,1]
[256,-128,64,-28,11,-7,4,-2,1]
[4096,-1280,96,-11,6,-5,1]
[4096,1280,320,25,20,5,1]
[4096,-1792,448,-83,28,-7,1]
[15625,-1250,78,-10,1]
[16384,-3072,367,-24,1]
[4096,-768,320,-121,20,-3,1]
[15625,500,-102,4,1]
[14641,-484,15,-4,1]
[512,256,80,37,10,4,1]
[4096,2304,448,55,28,9,1]
[16384,-1408,35,-11,1]
[4096,-512,-16,23,-1,-2,1]
[4096,1024,128,29,8,4,1]
[729,0,-9,7,-1,0,1]
[16384,-384,99,-3,1]
[14641,484,-150,4,1]
[256,-256,224,-148,77,-37,14,-4,1]
[256,256,192,124,71,31,12,4,1]
[14641,1815,227,15,1]
[14641,-1089,93,-9,1]
[4096,256,-192,-23,-12,1,1]
[256,-64,96,-16,21,-4,6,-1,1]
[14641,-847,241,-7,1]
[14641,1815,222,15,1]
[4096,768,480,99,30,3,1]
[14641,-121,-23,-1,1]
[16384,256,225,2,1]
[15625,-875,-27,-7,1]
[4096,-1792,496,-147,31,-7,1]
[256,-128,32,12,-3,3,2,-2,1]
[4096,-1024,640,-101,40,-4,1]
[81,-54,23,-6,1]
[15625,-750,-28,-6,1]
[4096,-1280,160,19,10,-5,1]
[4096,0,64,7,4,0,1]
[729,-486,243,-79,27,-6,1]
[4096,-1280,-144,125,-9,-5,1]
[4096,2816,1072,305,67,11,1]
[4096,512,-16,-1,-1,2,1]
[6561,1458,169,18,1]
[14641,-1573,262,-13,1]
[4096,-512,240,-53,15,-2,1]
[256,128,64,48,31,12,4,2,1]
[729,-486,297,-100,33,-6,1]
[15625,-3500,426,-28,1]
[64,-48,24,-13,6,-3,1]
[4096,512,64,31,4,2,1]
[4096,-2304,720,-163,45,-9,1]
[4096,1024,320,85,20,4,1]
[14641,1694,134,14,1]
[256,0,48,20,21,5,3,0,1]
[4096,0,16,97,1,0,1]
[14641,968,23,8,1]
[4096,1792,656,157,41,7,1]
[16384,2432,271,19,1]
[4096,1536,192,17,12,6,1]
[512,192,24,13,3,3,1]
[64,48,36,19,9,3,1]
[256,64,0,-20,-11,-5,0,1,1]
[256,-128,144,-76,41,-19,9,-2,1]
[15625,500,-152,4,1]
[4096,1024,-112,-105,-7,4,1]
[256,-256,160,-100,61,-25,10,-4,1]
[4096,-1024,16,37,1,-4,1]
[4096,-1792,720,-221,45,-7,1]
[15625,-1125,237,-9,1]
[4096,-1792,512,-151,32,-7,1]
[14641,-1089,42,-9,1]
[4096,1536,512,123,32,6,1]
[4096,1792,288,25,18,7,1]
[512,320,144,61,18,5,1]
[4096,-1280,416,-105,26,-5,1]
[4096,256,64,-33,4,1,1]
[4096,-768,240,3,15,-3,1]
[16384,1536,33,12,1]
[4096,512,-96,-11,-6,2,1]
[15625,1625,183,13,1]
[4096,-192,29,-3,1]
[512,0,112,9,14,0,1]
[512,-384,160,-61,20,-6,1]
[16384,2304,289,18,1]
[4096,-256,64,55,4,-1,1]
[14641,-1089,-16,-9,1]
[15625,-1125,6,-9,1]
[256,-192,96,-12,-3,-3,6,-3,1]
[4096,512,-128,-97,-8,2,1]
[15625,875,-92,7,1]
[256,64,128,56,37,14,8,1,1]
[4096,512,176,-27,11,2,1]
[625,0,3,0,1]
[512,128,64,47,8,2,1]
[1024,192,39,6,1]
[729,-81,54,-19,6,-1,1]
[4096,-1024,368,-43,23,-4,1]
[14641,-484,-8,-4,1]
[4096,768,192,25,12,3,1]
[256,-192,80,8,-7,2,5,-3,1]
[6561,-162,-61,-2,1]
[4096,0,256,43,16,0,1]
[4096,0,-80,-29,-5,0,1]
[14641,-242,149,-2,1]
[15625,1375,106,11,1]
[4096,512,-48,-97,-3,2,1]
[729,-162,0,19,0,-2,1]
[512,192,136,29,17,3,1]
[4096,512,160,97,10,2,1]
[256,128,48,-24,-19,-6,3,2,1]
[14641,-363,45,-3,1]
[14641,-484,-133,-4,1]
[16384,-128,31,-1,1]
[4096,0,-48,101,-3,0,1]
[16384,-2048,295,-16,1]
[4096,512,384,61,24,2,1]
[4096,512,-64,-101,-4,2,1]
[4096,-704,145,-11,1]
[256,64,64,24,9,6,4,1,1]
[15625,750,253,6,1]
[1024,-192,37,-6,1]
[729,-81,117,-25,13,-1,1]
[14641,-1694,240,-14,1]
[2401,-245,92,-5,1]
[4096,-768,16,21,1,-3,1]
[729,-243,126,-44,14,-3,1]
[4096,512,43,8,1]
[16384,-1408,279,-11,1]
[4096,0,-64,-1,-4,0,1]
[14641,242,-10,2,1]
[256,256,144,72,41,18,9,4,1]
[729,486,261,98,29,6,1]
[14641,-1452,216,-12,1]
[4096,1024,208,23,13,4,1]
[15625,1375,171,11,1]
[512,-256,72,-17,9,-4,1]
[15625,1500,204,12,1]
[4096,2304,976,291,61,9,1]
[4096,-1536,80,33,5,-6,1]
[64,16,3,2,1]
[256,-192,96,-28,17,-7,6,-3,1]
[4096,768,656,95,41,3,1]
[729,162,27,7,3,2,1]
[4096,1536,128,-45,8,6,1]
[256,0,64,-28,17,-7,4,0,1]
[15625,2125,257,17,1]
[256,-64,32,-20,33,-5,2,-1,1]
[14641,-2904,384,-24,1]
[729,405,144,34,16,5,1]
[16384,-1920,127,-15,1]
[15625,1625,47,13,1]
[4096,-2304,672,-163,42,-9,1]
[729,-81,0,-2,0,-1,1]
[2401,-98,97,-2,1]
[256,192,16,-12,-1,-3,1,3,1]
[4096,0,-48,29,-3,0,1]
[16384,-128,193,-1,1]
[512,320,160,77,20,5,1]
[14641,-484,216,-4,1]
[6561,810,31,10,1]
[729,324,9,-25,1,4,1]
[4096,-1152,187,-18,1]
[4096,1280,624,121,39,5,1]
[14641,-3872,466,-32,1]
[4096,1792,528,121,33,7,1]
[256,0,16,12,15,3,1,0,1]
[256,-64,0,12,-13,3,0,-1,1]
[729,0,54,5,6,0,1]
[4096,3584,1568,463,98,14,1]
[4096,1536,-240,-189,-15,6,1]
[14641,242,162,2,1]
[4096,-1280,720,-137,45,-5,1]
[16384,1280,215,10,1]
[14641,-121,69,-1,1]
[4096,-1536,832,-181,52,-6,1]
[256,128,64,32,7,8,4,2,1]
[15625,-1375,266,-11,1]
[14641,-726,98,-6,1]
[2401,-245,4,-5,1]
[1024,-192,7,-6,1]
[256,-64,0,4,1,1,0,-1,1]
[4096,0,-112,53,-7,0,1]
[16384,-1024,187,-8,1]
[15625,2750,256,22,1]
[4096,-2304,880,-261,55,-9,1]
[4096,1280,288,33,18,5,1]
[4096,-768,176,-23,11,-3,1]
[4096,-1792,752,-201,47,-7,1]
[256,-256,272,-180,103,-45,17,-4,1]
[729,-405,162,-71,18,-5,1]
[14641,847,106,7,1]
[15625,2000,227,16,1]
[729,-405,109,-15,1]
[256,-128,80,-48,11,-12,5,-2,1]
[729,0,-54,-1,-6,0,1]
[512,64,64,13,8,1,1]
[256,-192,176,-112,57,-28,11,-3,1]
[4096,-768,-64,59,-4,-3,1]
[4096,-256,304,31,19,-1,1]
[4096,-1792,464,-125,29,-7,1]
[4096,-1024,128,-9,8,-4,1]
[4096,1024,208,-15,13,4,1]
[4096,1280,736,141,46,5,1]
[4096,1280,-224,-171,-14,5,1]
[256,384,256,120,57,30,16,6,1]
[256,-192,144,-52,31,-13,9,-3,1]
[4096,-256,112,33,7,-1,1]
[14641,1210,84,10,1]
[256,-64,16,0,1,0,1,-1,1]
[14641,605,181,5,1]
[512,-320,152,-45,19,-5,1]
[4096,-512,-32,93,-2,-2,1]
[4096,-768,-32,83,-2,-3,1]
[256,128,-32,8,25,2,-2,2,1]
[512,192,120,39,15,3,1]
[256,256,80,-48,-51,-12,5,4,1]
[729,-81,45,4,5,-1,1]
[256,-128,144,-60,53,-15,9,-2,1]
[64,-16,0,3,0,-1,1]
[4096,1280,-240,-159,-15,5,1]
[729,-81,45,-10,5,-1,1]
[15625,-2625,323,-21,1]
[256,-64,48,-36,13,-9,3,-1,1]
[729,-567,306,-109,34,-7,1]
[2401,490,65,10,1]
[256,-192,32,20,-19,5,2,-3,1]
[256,-192,80,-48,37,-12,5,-3,1]
[6561,1863,286,23,1]
[4096,-512,0,-33,0,-2,1]
[4096,-768,208,31,13,-3,1]
[14641,-1210,-18,-10,1]
[256,256,80,28,21,7,5,4,1]
[14641,1089,148,9,1]
[4096,-768,608,-71,38,-3,1]
[256,0,0,-24,1,-6,0,0,1]
[256,128,32,40,27,10,2,2,1]
[4096,512,336,1,21,2,1]
[4096,1792,432,111,27,7,1]
[4096,512,368,23,23,2,1]
[14641,-847,109,-7,1]
[256,192,80,28,7,7,5,3,1]
[729,486,144,29,16,6,1]
[4096,-512,-128,111,-8,-2,1]
[4096,640,137,10,1]
[4096,512,176,89,11,2,1]
[15625,1125,21,9,1]
[512,0,0,-1,0,0,1]
[4096,256,-192,-55,-12,1,1]
[14641,121,-65,1,1]
[4096,768,-80,-81,-5,3,1]
[4096,-1024,256,-107,16,-4,1]
[4096,2560,1152,333,72,10,1]
[4096,256,176,-15,11,1,1]
[4096,-1536,464,-93,29,-6,1]
[4096,0,272,17,17,0,1]
[256,-256,96,44,-45,11,6,-4,1]
[14641,1573,47,13,1]
[256,-64,32,20,-17,5,2,-1,1]
[14641,-605,207,-5,1]
[15625,-1625,179,-13,1]
[625,-50,-8,-2,1]
[14641,968,-18,8,1]
[15625,3375,378,27,1]
[729,0,36,-25,4,0,1]
[6561,0,-67,0,1]
[4096,0,256,5,16,0,1]
[4096,1280,240,85,15,5,1]
[512,-256,32,1,4,-4,1]
[256,-192,32,44,-39,11,2,-3,1]
[4096,256,-208,-45,-13,1,1]
[15625,-1625,137,-13,1]
[6561,-486,130,-6,1]
[4096,-2816,1152,-323,72,-11,1]
[4096,0,304,57,19,0,1]
[14641,-2420,249,-20,1]
[4096,-1792,624,-131,39,-7,1]
[512,-256,104,-43,13,-4,1]
[14641,-1815,292,-15,1]
[2401,1029,208,21,1]
[4096,-1792,592,-183,37,-7,1]
[15625,-2375,289,-19,1]
[729,-162,18,31,2,-2,1]
[16384,1024,179,8,1]
[64,-32,32,-15,8,-2,1]
[4096,2304,640,151,40,9,1]
[729,324,81,16,9,4,1]
[4096,0,256,11,16,0,1]
[4096,-1280,384,-143,24,-5,1]
[256,-128,0,20,-19,5,0,-2,1]
[256,-256,224,-144,85,-36,14,-4,1]
[16384,128,21,1,1]
[64,-32,12,-3,3,-2,1]
[4096,-256,192,25,12,-1,1]
[4096,1024,272,7,17,4,1]
[4096,-768,32,-9,2,-3,1]
[4096,-1536,560,-173,35,-6,1]
[4096,1280,320,45,20,5,1]
[14641,-363,-100,-3,1]
[256,448,368,200,97,50,23,7,1]
[729,-162,63,8,7,-2,1]
[256,0,0,32,3,8,0,0,1]
[4096,-512,192,-47,12,-2,1]
[256,0,48,4,17,1,3,0,1]
[4096,1024,320,19,20,4,1]
[4096,-512,464,-51,29,-2,1]
[256,128,112,36,19,9,7,2,1]
[14641,-3388,402,-28,1]
[512,192,-40,-49,-5,3,1]
[4096,0,256,-63,16,0,1]
[729,0,0,-11,0,0,1]
[14641,484,164,4,1]
[4096,2048,496,117,31,8,1]
[729,0,189,1,21,0,1]
[729,0,9,29,1,0,1]
[4096,-1024,-64,57,-4,-4,1]
[4096,-768,-192,95,-12,-3,1]
[4096,-1536,560,-175,35,-6,1]
[4096,-1280,144,3,9,-5,1]
[256,192,16,-20,-9,-5,1,3,1]
[4096,256,-128,-75,-8,1,1]
[256,64,-64,-8,19,-2,-4,1,1]
[4096,-2304,576,-123,36,-9,1]
[512,192,88,13,11,3,1]
[4096,-512,-160,29,-10,-2,1]
[16384,-512,-29,-4,1]
[4096,1536,608,187,38,6,1]
[4096,-512,80,-89,5,-2,1]
[256,-256,240,-140,83,-35,15,-4,1]
[256,-192,176,-104,57,-26,11,-3,1]
[16384,-1920,287,-15,1]
[4096,-1024,208,-97,13,-4,1]
[15625,-3625,419,-29,1]
[256,-128,112,-52,25,-13,7,-2,1]
[4096,-2048,224,31,14,-8,1]
[256,-256,144,-56,23,-14,9,-4,1]
[256,128,64,32,19,8,4,2,1]
[256,-128,32,24,-11,6,2,-2,1]
[4096,512,144,-47,9,2,1]
[4096,2560,1040,315,65,10,1]
[512,448,200,67,25,7,1]
[4096,768,-48,3,-3,3,1]
[256,64,16,36,19,9,1,1,1]
[4096,-1024,352,-105,22,-4,1]
[4096,-512,-208,73,-13,-2,1]
[14641,1089,89,9,1]
[256,128,112,16,19,4,7,2,1]
[16384,-896,67,-7,1]
[729,-162,9,23,1,-2,1]
[4096,960,121,15,1]
[15625,-125,134,-1,1]
[15625,750,53,6,1]
[15625,375,114,3,1]
[729,567,216,71,24,7,1]
[6561,405,23,5,1]
[15625,3500,386,28,1]
[4096,-768,384,-17,24,-3,1]
[512,-192,88,-49,11,-3,1]
[16384,1280,43,10,1]
[256,-320,240,-120,59,-30,15,-5,1]
[729,-243,18,4,2,-3,1]
[4096,-512,80,73,5,-2,1]
[15625,-375,-86,-3,1]
[4096,-1280,272,-73,17,-5,1]
[4096,0,224,-17,14,0,1]
[729,243,65,9,1]
[4096,512,-112,-115,-7,2,1]
[256,-64,32,-44,17,-11,2,-1,1]
[256,-64,32,0,-1,0,2,-1,1]
[512,-64,88,-19,11,-1,1]
[4096,0,-64,-33,-4,0,1]
[256,0,48,28,9,7,3,0,1]
[14641,-968,160,-8,1]
[16384,-512,-15,-4,1]
[4096,2816,1200,365,75,11,1]
[512,448,296,115,37,7,1]
[6561,972,92,12,1]
[256,192,64,36,23,9,4,3,1]
[15625,500,-67,4,1]
[1024,224,49,7,1]
[14641,1573,200,13,1]
[4096,1536,336,83,21,6,1]
[4096,512,48,-23,3,2,1]
[729,162,0,16,0,2,1]
[4096,-512,304,-5,19,-2,1]
[14641,121,193,1,1]
[16384,-1152,29,-9,1]
[729,567,225,74,25,7,1]
[4096,-2048,688,-213,43,-8,1]
[256,-320,176,-24,-7,-6,11,-5,1]
[4096,512,-96,-17,-6,2,1]
[4096,-1024,368,-101,23,-4,1]
[4096,1024,368,67,23,4,1]
[15625,-2625,347,-21,1]
[15625,1750,103,14,1]
[14641,-2420,280,-20,1]
[4096,-768,320,-51,20,-3,1]
[4096,256,128,3,8,1,1]
[16384,2816,343,22,1]
[16384,-256,203,-2,1]
[4096,-1024,48,21,3,-4,1]
[256,-128,16,44,-21,11,1,-2,1]
[256,-256,48,24,-15,6,3,-4,1]
[15625,1375,252,11,1]
[14641,-1089,193,-9,1]
[4096,-1280,48,13,3,-5,1]
[14641,3751,464,31,1]
[14641,-1694,85,-14,1]
[512,0,128,-5,16,0,1]
[14641,-3993,513,-33,1]
[16384,1024,-3,8,1]
[4096,-1024,320,-67,20,-4,1]
[256,320,160,24,-5,6,10,5,1]
[4096,-1536,608,-151,38,-6,1]
[4096,0,352,-51,22,0,1]
[256,-256,160,-116,71,-29,10,-4,1]
[256,-128,16,-28,25,-7,1,-2,1]
[512,64,32,-5,4,1,1]
[4096,2048,672,191,42,8,1]
[14641,242,-76,2,1]
[15625,-1250,23,-10,1]
[15625,2125,249,17,1]
[4096,512,-128,-33,-8,2,1]
[729,243,45,16,5,3,1]
[729,-81,31,-3,1]
[14641,363,87,3,1]
[16384,384,211,3,1]
[4096,1024,352,51,22,4,1]
[14641,-1815,188,-15,1]
[15625,875,-53,7,1]
[256,128,128,52,33,13,8,2,1]
[729,486,153,40,17,6,1]
[4096,-1088,157,-17,1]
[4096,-256,144,-85,9,-1,1]
[256,-256,224,-152,77,-38,14,-4,1]
[4096,-512,96,-95,6,-2,1]
[256,-256,144,-72,33,-18,9,-4,1]
[256,192,16,-16,-5,-4,1,3,1]
[15625,-3625,453,-29,1]
[14641,3630,437,30,1]
[4096,2304,880,261,55,9,1]
[256,256,128,40,17,10,8,4,1]
[729,567,225,70,25,7,1]
[15625,-1875,194,-15,1]
[15625,-1875,237,-15,1]
[729,405,108,19,12,5,1]
[4096,2816,928,231,58,11,1]
[14641,-2662,304,-22,1]
[729,-324,99,-47,11,-4,1]
[14641,3267,381,27,1]
[729,405,135,38,15,5,1]
[4096,1536,336,93,21,6,1]
[16384,-2048,179,-16,1]
[4096,768,272,-7,17,3,1]
[16384,0,159,0,1]
[15625,-2875,346,-23,1]
[256,192,96,-4,-5,-1,6,3,1]
[256,0,-32,4,23,1,-2,0,1]
[14641,-968,64,-8,1]
[4096,256,256,71,16,1,1]
[512,64,80,13,10,1,1]
[15625,-750,-38,-6,1]
[14641,1694,227,14,1]
[4096,1024,624,121,39,4,1]
[15625,-1500,21,-12,1]
[4096,-512,192,-127,12,-2,1]
[15625,-4375,543,-35,1]
[4096,-512,-176,81,-11,-2,1]
[4096,0,352,-31,22,0,1]
[4096,-1280,576,-131,36,-5,1]
[14641,726,236,6,1]
[4096,1792,32,-93,2,7,1]
[15625,125,-143,1,1]
[4096,-256,464,-7,29,-1,1]
[4096,1024,272,83,17,4,1]
[512,-448,256,-109,32,-7,1]
[4096,768,544,65,34,3,1]
[4096,-512,224,-27,14,-2,1]
[4096,512,-144,-113,-9,2,1]
[4096,-256,224,-17,14,-1,1]
[4096,0,-48,-89,-3,0,1]
[14641,1331,35,11,1]
[16384,1280,115,10,1]
[256,-256,192,-120,71,-30,12,-4,1]
[256,448,448,320,179,80,28,7,1]
[14641,1573,256,13,1]
[256,-192,160,-80,51,-20,10,-3,1]
[6561,1458,241,18,1]
[4096,-1280,-16,71,-1,-5,1]
[256,192,32,-4,1,-1,2,3,1]
[4096,-1536,-16,105,-1,-6,1]
[256,256,160,36,11,9,10,4,1]
[4096,-960,169,-15,1]
[4096,-512,64,25,4,-2,1]
[4096,-1792,208,3,13,-7,1]
[4096,0,384,19,24,0,1]
[512,0,104,11,13,0,1]
[4096,-512,336,-51,21,-2,1]
[4096,0,496,-3,31,0,1]
[256,-128,96,-44,13,-11,6,-2,1]
[256,-192,176,-80,49,-20,11,-3,1]
[512,-64,88,3,11,-1,1]
[15625,0,86,0,1]
[16384,-256,-63,-2,1]
[4096,-512,464,-25,29,-2,1]
[4096,2560,736,163,46,10,1]
[4096,1024,-144,-91,-9,4,1]
[729,-324,162,-74,18,-4,1]
[4096,-768,368,-13,23,-3,1]
[16384,2048,161,16,1]
[4096,640,133,10,1]
[729,0,108,-17,12,0,1]
[4096,1536,640,141,40,6,1]
[14641,847,194,7,1]
[6561,-648,-1,-8,1]
[4096,1536,640,177,40,6,1]
[6561,-243,56,-3,1]
[4096,-768,32,21,2,-3,1]
[4096,-2304,928,-281,58,-9,1]
[4096,-768,352,-63,22,-3,1]
[4096,-256,75,-4,1]
[512,256,80,29,10,4,1]
[14641,-121,97,-1,1]
[4096,512,64,-21,4,2,1]
[512,-384,128,-31,16,-6,1]
[256,-256,144,-56,19,-14,9,-4,1]
[15625,-2000,161,-16,1]
[4096,896,121,14,1]
[4096,768,-112,-83,-7,3,1]
[4096,768,-112,-31,-7,3,1]
[16384,-896,-71,-7,1]
[512,-256,112,-59,14,-4,1]
[15625,1125,46,9,1]
[15625,-750,207,-6,1]
[14641,-2057,215,-17,1]
[64,-32,-12,19,-3,-2,1]
[256,-256,128,-88,57,-22,8,-4,1]
[729,243,90,58,10,3,1]
[729,243,45,-8,5,3,1]
[4096,-1280,576,-123,36,-5,1]
[4096,-1280,432,-173,27,-5,1]
[16384,1024,237,8,1]
[15625,500,24,4,1]
[4096,256,0,-97,0,1,1]
[729,810,459,176,51,10,1]
[256,128,16,-36,-31,-9,1,2,1]
[4096,256,336,51,21,1,1]
[16384,-256,-161,-2,1]
[4096,-2304,1040,-285,65,-9,1]
[64,-48,48,-21,12,-3,1]
[14641,1815,268,15,1]
[16384,-896,217,-7,1]
[4096,512,113,8,1]
[14641,-4356,556,-36,1]
[4096,-2816,912,-227,57,-11,1]
[4096,-2304,864,-243,54,-9,1]
[729,-108,40,-4,1]
[4096,-256,352,-71,22,-1,1]
[4096,1024,432,121,27,4,1]
[729,324,225,65,25,4,1]
[729,-243,135,-34,15,-3,1]
[4096,-512,336,-3,21,-2,1]
[14641,968,194,8,1]
[6561,-1620,226,-20,1]
[4096,-512,-160,105,-10,-2,1]
[4096,-1024,-224,129,-14,-4,1]
[15625,125,4,1,1]
[16384,2560,265,20,1]
[14641,-1452,112,-12,1]
[4096,512,-224,-73,-14,2,1]
[256,0,80,4,13,1,5,0,1]
[256,-128,80,-20,23,-5,5,-2,1]
[4096,-1280,336,-83,21,-5,1]
[15625,-500,153,-4,1]
[15625,125,-186,1,1]
[4096,-256,480,-25,30,-1,1]
[729,-162,-9,11,-1,-2,1]
[4096,-768,-48,23,-3,-3,1]
[15625,1375,271,11,1]
[729,0,63,-11,7,0,1]
[256,128,32,-12,-27,-3,2,2,1]
[16384,-640,-117,-5,1]
[512,-192,80,-13,10,-3,1]
[16384,-3328,387,-26,1]
[14641,242,-105,2,1]
[15625,500,-52,4,1]
[2401,441,68,9,1]
[15625,-250,-174,-2,1]
[14641,605,-19,5,1]
[729,-324,99,-38,11,-4,1]
[15625,750,127,6,1]
[4096,2560,1008,281,63,10,1]
[4096,-768,368,-55,23,-3,1]
[16384,-1152,81,-9,1]
[4096,-1536,352,-43,22,-6,1]
[256,-64,96,-44,25,-11,6,-1,1]
[512,-448,192,-67,24,-7,1]
[14641,3509,405,29,1]
[4096,1280,496,105,31,5,1]
[4096,-768,416,-49,26,-3,1]
[4096,-256,16,51,1,-1,1]
[256,-64,96,-12,23,-3,6,-1,1]
[16384,1152,185,9,1]
[4096,512,256,53,16,2,1]
[256,-192,64,-4,-7,-1,4,-3,1]
[256,-64,64,-28,33,-7,4,-1,1]
[729,-486,243,-80,27,-6,1]
[729,-81,-14,-3,1]
[256,128,96,4,7,1,6,2,1]
[512,0,-16,-3,-2,0,1]
[256,64,96,-8,15,-2,6,1,1]
[4096,512,208,-21,13,2,1]
[4096,256,240,75,15,1,1]
[15625,1375,197,11,1]
[512,-256,112,-23,14,-4,1]
[4096,-256,224,-63,14,-1,1]
[256,64,80,4,15,1,5,1,1]
[729,162,54,22,6,2,1]
[4096,1536,400,105,25,6,1]
[6561,243,85,3,1]
[14641,-121,-47,-1,1]
[256,64,16,-8,-17,-2,1,1,1]
[4096,0,128,65,8,0,1]
[4096,0,288,31,18,0,1]
[256,-128,48,-8,13,-2,3,-2,1]
[15625,-1500,57,-12,1]
[15625,-625,-81,-5,1]
[4096,0,256,57,16,0,1]
[14641,968,96,8,1]
[15625,-2000,198,-16,1]
[512,128,48,15,6,2,1]
[6561,-567,133,-7,1]
[14641,2541,238,21,1]
[256,-320,256,-128,65,-32,16,-5,1]
[4096,0,113,0,1]
[6561,-1539,191,-19,1]
[2401,-98,45,-2,1]
[512,-384,152,-51,19,-6,1]
[4096,-2048,608,-175,38,-8,1]
[512,-320,104,-35,13,-5,1]
[15625,1375,111,11,1]
[4096,1536,464,77,29,6,1]
[4096,-1024,352,-111,22,-4,1]
[4096,-1792,336,-27,21,-7,1]
[512,-128,-24,15,-3,-2,1]
[256,128,32,-32,-25,-8,2,2,1]
[4096,-2816,1120,-331,70,-11,1]
[15625,-1375,159,-11,1]
[15625,1375,-3,11,1]
[6561,2025,311,25,1]
[6561,162,109,2,1]
[4096,0,-176,17,-11,0,1]
[256,-256,192,-136,77,-34,12,-4,1]
[4096,-1280,-96,87,-6,-5,1]
[4096,-256,-16,-11,-1,-1,1]
[14641,1573,260,13,1]
[729,-324,162,-37,18,-4,1]
[256,-320,144,32,-47,8,9,-5,1]
[4096,-1024,304,-83,19,-4,1]
[4096,-2560,1040,-299,65,-10,1]
[4096,768,224,105,14,3,1]
[2401,343,10,7,1]
[4096,768,384,105,24,3,1]
[4096,-1280,624,-143,39,-5,1]
[256,-128,32,40,-23,10,2,-2,1]
[512,64,24,-21,3,1,1]
[4096,1024,320,87,20,4,1]
[256,0,-16,8,-9,2,-1,0,1]
[256,0,80,-8,17,-2,5,0,1]
[6561,-648,170,-8,1]
[4096,768,256,11,16,3,1]
[4096,1024,288,87,18,4,1]
[4096,256,0,87,0,1,1]
[256,0,-80,12,21,3,-5,0,1]
[4096,256,-32,7,-2,1,1]
[729,243,18,1,2,3,1]
[4096,-192,85,-3,1]
[4096,-512,-160,87,-10,-2,1]
[256,128,0,8,17,2,0,2,1]
[6561,-162,137,-2,1]
[729,243,-27,-49,-3,3,1]
[4096,-1280,320,-27,20,-5,1]
[4096,256,256,33,16,1,1]
[256,-128,144,-68,45,-17,9,-2,1]
[4096,-2304,880,-263,55,-9,1]
[4096,0,32,91,2,0,1]
[6561,1377,164,17,1]
[4096,256,192,37,12,1,1]
[256,-64,16,-12,29,-3,1,-1,1]
[15625,1750,143,14,1]
[256,128,64,8,-5,2,4,2,1]
[729,81,171,11,19,1,1]
[4096,-768,-96,117,-6,-3,1]
[4096,1536,704,165,44,6,1]
[16384,1408,271,11,1]
[4096,2816,1024,271,64,11,1]
[256,128,128,56,45,14,8,2,1]
[4096,2560,912,247,57,10,1]
[15625,875,-18,7,1]
[15625,-2375,286,-19,1]
[14641,-1815,169,-15,1]
[16384,384,-159,3,1]
[512,-64,72,-21,9,-1,1]
[512,-320,88,-27,11,-5,1]
[15625,250,53,2,1]
[256,256,176,120,69,30,11,4,1]
[1024,0,19,0,1]
[4096,768,-96,-27,-6,3,1]
[256,192,208,112,73,28,13,3,1]
[14641,3025,365,25,1]
[256,-64,0,4,13,1,0,-1,1]
[4096,-768,192,-53,12,-3,1]
[15625,250,-106,2,1]
[729,378,101,14,1]
[6561,-324,23,-4,1]
[256,-128,64,40,-19,10,4,-2,1]
[729,-567,261,-89,29,-7,1]
[4096,768,-16,-89,-1,3,1]
[256,128,48,-48,-25,-12,3,2,1]
[4096,1280,608,153,38,5,1]
[729,-162,-36,20,-4,-2,1]
[15625,2250,179,18,1]
[729,-405,270,-83,30,-5,1]
[14641,-1694,178,-14,1]
[4096,512,304,67,19,2,1]
[256,16,-3,1,1]
[6561,648,19,8,1]
[4096,-512,112,-95,7,-2,1]
[16384,512,-103,4,1]
[4096,-512,96,69,6,-2,1]
[16384,-1280,-11,-10,1]
[256,0,32,-16,9,-4,2,0,1]
[256,0,80,-24,13,-6,5,0,1]
[2401,-98,-24,-2,1]
[4096,-256,64,85,4,-1,1]
[4096,-512,-176,99,-11,-2,1]
[512,192,80,17,10,3,1]
[729,-324,-9,31,-1,-4,1]
[4096,2048,240,-9,15,8,1]
[16384,128,-191,1,1]
[4096,-896,161,-14,1]
[15625,-125,33,-1,1]
[256,192,80,-40,-31,-10,5,3,1]
[4096,1792,704,217,44,7,1]
[14641,2057,310,17,1]
[256,64,32,-20,-11,-5,2,1,1]
[256,-256,96,32,-39,8,6,-4,1]
[4096,256,48,-97,3,1,1]
[4096,0,304,-51,19,0,1]
[4096,512,48,19,3,2,1]
[15625,-1625,232,-13,1]
[15625,-1125,219,-9,1]
[4096,-512,240,-19,15,-2,1]
[256,192,64,-32,-25,-8,4,3,1]
[14641,2299,302,19,1]
[4096,512,0,-99,0,2,1]
[4096,-512,-48,89,-3,-2,1]
[729,-486,315,-106,35,-6,1]
[15625,875,146,7,1]
[4096,192,-45,3,1]
[256,128,-32,-24,-5,-6,-2,2,1]
[14641,2057,223,17,1]
[4096,-768,304,-61,19,-3,1]
[4096,-256,-144,37,-9,-1,1]
[256,0,16,0,-13,0,1,0,1]
[14641,-1089,26,-9,1]
[256,128,0,20,25,5,0,2,1]
[256,64,64,16,-1,4,4,1,1]
[6561,567,31,7,1]
[512,-64,160,-17,20,-1,1]
[4096,0,512,3,32,0,1]
[512,320,240,81,30,5,1]
[6561,729,169,9,1]
[4096,1024,416,71,26,4,1]
[4096,-768,160,-1,10,-3,1]
[14641,847,135,7,1]
[4096,-1280,464,-143,29,-5,1]
[16384,-3200,411,-25,1]
[512,64,0,-25,0,1,1]
[4096,2304,960,249,60,9,1]
[6561,0,1,0,1]
[729,-162,81,-37,9,-2,1]
[512,-256,80,-23,10,-4,1]
[15625,2000,226,16,1]
[14641,-1573,150,-13,1]
[2401,-931,188,-19,1]
[4096,2304,592,129,37,9,1]
[4096,3584,1680,503,105,14,1]
[4096,-1280,240,-11,15,-5,1]
[625,125,6,5,1]
[16384,-128,-65,-1,1]
[14641,-242,183,-2,1]
[4096,256,80,103,5,1,1]
[14641,605,-69,5,1]
[625,150,47,6,1]
[4096,-768,400,-107,25,-3,1]
[15625,-1500,163,-12,1]
[729,-405,162,-64,18,-5,1]
[4096,-2304,672,-167,42,-9,1]
[4096,3072,1328,391,83,12,1]
[4096,1792,608,205,38,7,1]
[4096,-512,-48,87,-3,-2,1]
[4096,-1280,112,27,7,-5,1]
[15625,-1500,159,-12,1]
[4096,192,33,3,1]
[4096,-2048,-16,137,-1,-8,1]
[15625,0,-89,0,1]
[4096,512,432,73,27,2,1]
[14641,605,168,5,1]
[4096,1536,384,125,24,6,1]
[256,-64,48,32,-3,8,3,-1,1]
[4096,2560,912,261,57,10,1]
[6561,1944,280,24,1]
[14641,-242,234,-2,1]
[128,13,1]
[256,320,176,20,-11,5,11,5,1]
[729,405,189,65,21,5,1]
[4096,-1536,304,-63,19,-6,1]
[729,0,-9,-23,-1,0,1]
[4096,-256,-128,33,-8,-1,1]
[4096,-2816,960,-251,60,-11,1]
[4096,512,224,121,14,2,1]
[6561,-1215,212,-15,1]
[2401,49,-67,1,1]
[2401,-98,92,-2,1]
[256,-256,208,-148,79,-37,13,-4,1]
[729,0,-63,1,-7,0,1]
[6561,1377,181,17,1]
[14641,2057,200,17,1]
[512,-320,-24,53,-3,-5,1]
[512,-384,160,-57,20,-6,1]
[4096,256,-48,-29,-3,1,1]
[15625,2750,306,22,1]
[729,405,216,79,24,5,1]
[256,-128,32,-24,29,-6,2,-2,1]
[15625,1250,231,10,1]
[6561,1215,128,15,1]
[256,-64,96,-36,17,-9,6,-1,1]
[14641,2662,294,22,1]
[6561,324,151,4,1]
[2401,-343,8,-7,1]
[16384,256,213,2,1]
[4096,1280,48,-31,3,5,1]
[4096,-1792,688,-193,43,-7,1]
[256,128,-16,-16,3,-4,-1,2,1]
[6561,486,170,6,1]
[512,-448,224,-83,28,-7,1]
[256,64,16,12,-9,3,1,1,1]
[15625,-2375,293,-19,1]
[4096,2816,1216,365,76,11,1]
[4096,-768,128,-53,8,-3,1]
[256,64,-16,-20,-19,-5,-1,1,1]
[4096,896,125,14,1]
[256,448,448,312,173,78,28,7,1]
[14641,-1331,206,-11,1]
[4096,-1024,368,-33,23,-4,1]
[4096,256,-208,-25,-13,1,1]
[256,-64,-16,-16,13,-4,-1,-1,1]
[4096,-512,544,-47,34,-2,1]
[4096,768,320,93,20,3,1]
[729,-81,35,-3,1]
[2401,-441,59,-9,1]
[4096,-1024,336,-137,21,-4,1]
[4096,512,-96,-33,-6,2,1]
[16384,640,211,5,1]
[512,128,80,9,10,2,1]
[729,0,171,-4,19,0,1]
[256,0,96,4,19,1,6,0,1]
[6561,486,-2,6,1]
[4096,640,61,10,1]
[256,-192,176,-108,61,-27,11,-3,1]
[4096,-1472,253,-23,1]
[4096,-1280,176,-3,11,-5,1]
[16384,640,57,5,1]
[4096,0,240,-11,15,0,1]
[4096,0,-80,5,-5,0,1]
[256,-64,96,0,15,0,6,-1,1]
[4096,768,-16,-43,-1,3,1]
[1024,-288,71,-9,1]
[4096,256,96,5,6,1,1]
[4096,512,0,-73,0,2,1]
[4096,-256,-32,-51,-2,-1,1]
[15625,-1375,181,-11,1]
[625,125,49,5,1]
[4096,-1024,272,-113,17,-4,1]
[512,-256,128,-35,16,-4,1]
[256,-320,192,-40,3,-10,12,-5,1]
[16384,2816,307,22,1]
[4096,0,-64,-65,-4,0,1]
[14641,2783,350,23,1]
[256,-192,128,-60,31,-15,8,-3,1]
[4096,768,192,17,12,3,1]
[64,-32,15,-4,1]
[4096,-1280,0,71,0,-5,1]
[4096,-1280,448,-61,28,-5,1]
[4096,-512,208,-117,13,-2,1]
[4096,1536,-48,-103,-3,6,1]
[256,-64,80,-44,11,-11,5,-1,1]
[256,-192,64,-4,-5,-1,4,-3,1]
[512,128,-40,-47,-5,2,1]
[15625,1625,88,13,1]
[729,243,18,-8,2,3,1]
[4096,1024,400,143,25,4,1]
[4096,1024,224,47,14,4,1]
[256,0,16,-12,-13,-3,1,0,1]
[4096,0,272,-61,17,0,1]
[4096,256,208,-45,13,1,1]
[4096,-512,-48,7,-3,-2,1]
[15625,250,226,2,1]
[16384,1664,173,13,1]
[729,-162,31,-6,1]
[4096,-1536,464,-107,29,-6,1]
[6561,0,-77,0,1]
[729,-81,-54,32,-6,-1,1]
[4096,768,-96,-39,-6,3,1]
[14641,-1694,197,-14,1]
[256,64,48,-32,-3,-8,3,1,1]
[256,-64,80,4,15,1,5,-1,1]
[6561,0,140,0,1]
[4096,768,-32,-27,-2,3,1]
[15625,875,46,7,1]
[729,405,270,88,30,5,1]
[256,128,80,-12,-7,-3,5,2,1]
[4096,-1280,368,-55,23,-5,1]
[15625,-750,164,-6,1]
[4096,1024,155,16,1]
[4096,-1024,352,-103,22,-4,1]
[4096,1792,560,117,35,7,1]
[4096,0,-80,9,-5,0,1]
[4096,-1024,640,-115,40,-4,1]
[4096,512,384,23,24,2,1]
[4096,-2304,768,-205,48,-9,1]
[4096,-256,0,3,0,-1,1]
[256,128,64,-16,-5,-4,4,2,1]
[4096,1792,480,109,30,7,1]
[256,-192,48,-12,13,-3,3,-3,1]
[4096,0,128,79,8,0,1]
[256,-128,112,-32,21,-8,7,-2,1]
[4096,-256,0,73,0,-1,1]
[256,64,128,56,35,14,8,1,1]
[4096,768,80,3,5,3,1]
[15625,-1250,128,-10,1]
[729,81,54,-26,6,1,1]
[4096,-512,-112,27,-7,-2,1]
[256,-128,16,0,7,0,1,-2,1]
[729,-162,-45,26,-5,-2,1]
[4096,-512,160,-105,10,-2,1]
[2401,245,18,5,1]
[1024,0,43,0,1]
[15625,-1125,79,-9,1]
[729,81,-18,-52,-2,1,1]
[16384,-256,-129,-2,1]
[4096,-512,528,-29,33,-2,1]
[15625,1500,177,12,1]
[4096,2560,1088,295,68,10,1]
[4096,512,-208,-63,-13,2,1]
[4096,-1536,672,-149,42,-6,1]
[256,-384,304,-176,91,-44,19,-6,1]
[729,-729,387,-142,43,-9,1]
[1024,-352,71,-11,1]
[4096,-256,560,-9,35,-1,1]
[512,0,0,21,0,0,1]
[4096,-256,192,-71,12,-1,1]
[256,0,96,-4,35,-1,6,0,1]
[16384,896,-59,7,1]
[4096,256,384,11,24,1,1]
[512,320,168,53,21,5,1]
[4096,256,96,-19,6,1,1]
[25,-3,1]
[625,25,4,1,1]
[4096,1792,496,125,31,7,1]
[4096,-512,32,7,2,-2,1]
[4096,-512,240,-17,15,-2,1]
[15625,2000,136,16,1]
[14641,726,-24,6,1]
[15625,-2625,357,-21,1]
[14641,0,-166,0,1]
[256,-256,80,-4,-1,-1,5,-4,1]
[15625,875,-7,7,1]
[16384,256,-183,2,1]
[2401,-98,8,-2,1]
[729,-81,-19,-3,1]
[1024,256,69,8,1]
[4096,-1280,736,-139,46,-5,1]
[625,-100,7,-4,1]
[4096,256,176,103,11,1,1]
[256,-320,128,8,-23,2,8,-5,1]
[256,64,-16,-8,5,-2,-1,1,1]
[729,0,45,-1,5,0,1]
[6561,-486,107,-6,1]
[729,-81,-72,23,-8,-1,1]
[256,-64,144,-44,41,-11,9,-1,1]
[729,216,38,8,1]
[256,-128,96,-32,27,-8,6,-2,1]
[256,64,32,8,9,2,2,1,1]
[4096,2560,944,265,59,10,1]
[14641,1694,130,14,1]
[4096,-512,224,-39,14,-2,1]
[729,-81,81,17,9,-1,1]
[4096,-256,32,63,2,-1,1]
[14641,484,122,4,1]
[15625,2125,207,17,1]
[4096,1536,304,79,19,6,1]
[729,162,-9,-16,-1,2,1]
[4096,-2816,1168,-341,73,-11,1]
[2401,-294,37,-6,1]
[256,192,48,4,7,1,3,3,1]
[14641,-968,167,-8,1]
[4096,-2304,688,-181,43,-9,1]
[4096,1536,560,161,35,6,1]
[4096,-768,176,-15,11,-3,1]
[15625,-500,-38,-4,1]
[15625,1125,243,9,1]
[256,128,32,12,-3,3,2,2,1]
[4096,1536,784,189,49,6,1]
[4096,768,-80,-95,-5,3,1]
[14641,1573,135,13,1]
[256,-128,48,-24,5,-6,3,-2,1]
[6561,-243,116,-3,1]
[256,128,160,60,51,15,10,2,1]
[4096,-1024,-16,71,-1,-4,1]
[4096,-768,-64,47,-4,-3,1]
[256,0,96,20,23,5,6,0,1]
[4096,-256,240,-33,15,-1,1]
[256,128,16,-36,-21,-9,1,2,1]
[16384,3712,401,29,1]
[15625,-1500,43,-12,1]
[4096,-512,96,51,6,-2,1]
[512,128,8,-15,1,2,1]
[4096,768,336,119,21,3,1]
[15625,-625,-37,-5,1]
[729,-81,63,-8,7,-1,1]
[4096,-1792,528,-135,33,-7,1]
[4096,-256,-144,63,-9,-1,1]
[15625,625,199,5,1]
[4096,2048,896,243,56,8,1]
[14641,-1936,287,-16,1]
[729,243,153,58,17,3,1]
[4096,2048,272,5,17,8,1]
[15625,750,157,6,1]
[16384,-896,239,-7,1]
[729,-324,270,-70,30,-4,1]
[6561,-648,44,-8,1]
[6561,-1134,146,-14,1]
[4096,768,-144,-121,-9,3,1]
[256,64,16,8,11,2,1,1,1]
[4096,-1024,432,-51,27,-4,1]
[14641,-3751,471,-31,1]
[256,-128,16,44,-27,11,1,-2,1]
[4096,-768,16,41,1,-3,1]
[4096,768,192,81,12,3,1]
[4096,1536,768,163,48,6,1]
[4096,-1024,464,-127,29,-4,1]
[729,162,-18,-38,-2,2,1]
[2401,0,-31,0,1]
[512,-128,8,11,1,-2,1]
[4096,512,400,49,25,2,1]
[4096,-1024,-16,43,-1,-4,1]
[14641,-2178,224,-18,1]
[729,0,-9,-34,-1,0,1]
[4096,256,176,41,11,1,1]
[14641,1452,37,12,1]
[256,0,48,-48,-1,-12,3,0,1]
[4096,1024,-192,-159,-12,4,1]
[6561,-1782,238,-22,1]
[4096,1280,240,21,15,5,1]
[4096,512,336,69,21,2,1]
[4096,-2048,768,-189,48,-8,1]
[512,-64,16,-19,2,-1,1]
[512,-192,176,-47,22,-3,1]
[512,-64,16,-9,2,-1,1]
[4096,-1536,512,-151,32,-6,1]
[6561,-567,82,-7,1]
[256,192,176,92,53,23,11,3,1]
[4096,1792,416,89,26,7,1]
[15625,-500,-47,-4,1]
[729,-81,38,-3,1]
[4096,-256,-192,59,-12,-1,1]
[4096,0,112,25,7,0,1]
[4096,192,5,3,1]
[4096,2560,1120,333,70,10,1]
[4096,-256,352,-43,22,-1,1]
[729,-243,99,-49,11,-3,1]
[6561,648,157,8,1]
[4096,-1792,608,-183,38,-7,1]
[14641,605,-126,5,1]
[256,-128,64,-56,27,-14,4,-2,1]
[512,-64,0,-1,0,-1,1]
[256,-192,112,-60,39,-15,7,-3,1]
[4096,-1024,-144,131,-9,-4,1]
[729,0,-18,38,-2,0,1]
[4096,1280,-80,-111,-5,5,1]
[16384,256,-87,2,1]
[2401,931,172,19,1]
[14641,-363,-70,-3,1]
[4096,768,416,113,26,3,1]
[4096,2816,1312,381,82,11,1]
[15625,-4250,512,-34,1]
[15625,-2625,278,-21,1]
[4096,1792,224,-17,14,7,1]
[15625,625,131,5,1]
[15625,-750,199,-6,1]
[1024,-320,61,-10,1]
[512,-640,448,-193,56,-10,1]
[4096,2304,832,217,52,9,1]
[4096,2048,880,257,55,8,1]
[4096,-512,112,-119,7,-2,1]
[4096,-256,480,-35,30,-1,1]
[729,324,198,71,22,4,1]
[729,54,11,2,1]
[14641,-605,39,-5,1]
[4096,2304,880,223,55,9,1]
[4096,1792,-176,-185,-11,7,1]
[4096,-256,-144,-1,-9,-1,1]
[14641,2178,238,18,1]
[15625,-250,-128,-2,1]
[256,80,19,5,1]
[14641,3872,463,32,1]
[4096,-2304,864,-227,54,-9,1]
[15625,-1500,133,-12,1]
[15625,3375,384,27,1]
[4096,2048,1040,263,65,8,1]
[512,-192,56,-25,7,-3,1]
[4096,-1024,208,-35,13,-4,1]
[256,128,-48,-12,13,-3,-3,2,1]
[4096,0,272,-53,17,0,1]
[4096,256,-64,-111,-4,1,1]
[4096,-1024,16,1,1,-4,1]
[4096,3072,1184,335,74,12,1]
[729,567,306,106,34,7,1]
[15625,125,-68,1,1]
[729,0,171,-2,19,0,1]
[256,-128,64,-52,31,-13,4,-2,1]
[4096,256,112,37,7,1,1]
[4096,1792,800,197,50,7,1]
[4096,-1536,640,-143,40,-6,1]
[4096,-768,416,-25,26,-3,1]
[4096,512,-32,-27,-2,2,1]
[2401,-1029,198,-21,1]
[256,0,144,-16,45,-4,9,0,1]
[14641,1452,139,12,1]
[14641,-605,-83,-5,1]
[4096,256,64,43,4,1,1]
[2401,392,83,8,1]
[256,-128,-16,16,1,4,-1,-2,1]
[256,256,192,88,49,22,12,4,1]
[4096,1536,48,-63,3,6,1]
[512,-64,-16,27,-2,-1,1]
[4096,2304,800,223,50,9,1]
[15625,250,213,2,1]
[4096,768,0,-17,0,3,1]
[4096,0,112,37,7,0,1]
[14641,1573,71,13,1]
[4096,256,176,1,11,1,1]
[512,-320,192,-77,24,-5,1]
[729,-162,135,-16,15,-2,1]
[4096,1536,224,43,14,6,1]
[15625,-500,-53,-4,1]
[4096,-256,432,-1,27,-1,1]
[15625,-875,132,-7,1]
[256,-64,48,-28,21,-7,3,-1,1]
[14641,-1089,225,-9,1]
[4096,-1280,304,-23,19,-5,1]
[4096,512,48,-5,3,2,1]
[256,128,32,-12,-9,-3,2,2,1]
[256,64,80,56,17,14,5,1,1]
[4096,-512,496,-65,31,-2,1]
[729,243,153,56,17,3,1]
[512,128,80,25,10,2,1]
[4096,-1024,-192,123,-12,-4,1]
[4096,1792,672,169,42,7,1]
[15625,625,-34,5,1]
[14641,-121,175,-1,1]
[14641,1694,126,14,1]
[4096,768,0,-91,0,3,1]
[4096,-1280,304,-79,19,-5,1]
[4096,-1536,0,67,0,-6,1]
[14641,363,-26,3,1]
[4096,-256,96,83,6,-1,1]
[4096,-1280,496,-79,31,-5,1]
[4096,-1536,352,-77,22,-6,1]
[4096,0,560,7,35,0,1]
[4096,512,32,19,2,2,1]
[256,0,48,-16,11,-4,3,0,1]
[4096,1024,48,3,3,4,1]
[4096,0,352,-43,22,0,1]
[4096,1280,272,57,17,5,1]
[4096,192,87,3,1]
[15625,750,144,6,1]
[15625,1000,111,8,1]
[15625,1250,28,10,1]
[729,-81,162,-10,18,-1,1]
[15625,-1875,127,-15,1]
[2401,1078,216,22,1]
[4096,1024,480,93,30,4,1]
[4096,1536,416,97,26,6,1]
[256,-192,80,4,-13,1,5,-3,1]
[256,-64,128,-44,35,-11,8,-1,1]
[15625,1000,33,8,1]
[15625,-3500,439,-28,1]
[4096,320,57,5,1]
[4096,-512,32,-25,2,-2,1]
[256,-64,48,-32,19,-8,3,-1,1]
[256,64,96,44,33,11,6,1,1]
[4096,-768,256,-87,16,-3,1]
[14641,-968,95,-8,1]
[729,243,0,-13,0,3,1]
[15625,-750,53,-6,1]
[256,-320,96,64,-63,16,6,-5,1]
[15625,-125,-14,-1,1]
[14641,-605,145,-5,1]
[4096,256,272,55,17,1,1]
[729,-81,45,-23,5,-1,1]
[256,-256,208,-116,67,-29,13,-4,1]
[4096,2560,1024,277,64,10,1]
[729,-162,63,-55,7,-2,1]
[2401,-196,-25,-4,1]
[15625,1750,207,14,1]
[512,-256,-56,63,-7,-4,1]
[256,0,48,16,7,4,3,0,1]
[2401,98,19,2,1]
[512,192,88,45,11,3,1]
[256,-320,112,64,-69,16,7,-5,1]
[4096,-2304,576,-119,36,-9,1]
[6561,-1053,74,-13,1]
[14641,-1573,112,-13,1]
[15625,125,-87,1,1]
[6561,-729,22,-9,1]
[256,-192,64,-20,15,-5,4,-3,1]
[256,64,96,8,25,2,6,1,1]
[4096,-1792,240,-11,15,-7,1]
[14641,3509,431,29,1]
[14641,-1089,21,-9,1]
[32,7,1]
[4096,-1792,240,-1,15,-7,1]
[4096,-768,224,-53,14,-3,1]
[1024,0,-39,0,1]
[4096,1024,-80,-59,-5,4,1]
[512,0,-16,-13,-2,0,1]
[4096,1280,352,105,22,5,1]
[4096,1024,528,89,33,4,1]
[256,-192,0,-8,25,-2,0,-3,1]
[15625,1625,78,13,1]
[16384,-2816,279,-22,1]
[4096,-768,144,-5,9,-3,1]
[15625,375,192,3,1]
[256,64,48,36,9,9,3,1,1]
[4096,1792,672,181,42,7,1]
[4096,512,496,81,31,2,1]
[4096,0,736,1,46,0,1]
[512,-128,136,-29,17,-2,1]
[14641,726,145,6,1]
[729,81,81,25,9,1,1]
[729,81,-54,-29,-6,1,1]
[512,-64,120,-19,15,-1,1]
[14641,484,-42,4,1]
[4096,1536,0,-77,0,6,1]
[2401,-147,-41,-3,1]
[4096,-1280,656,-155,41,-5,1]
[4096,256,-32,-93,-2,1,1]
[14641,-1573,147,-13,1]
[15625,-625,131,-5,1]
[16384,-3328,399,-26,1]
[16384,-256,-35,-2,1]
[4096,0,32,-5,2,0,1]
[15625,2750,334,22,1]
[16384,768,57,6,1]
[15625,0,-203,0,1]
[4096,1280,224,9,14,5,1]
[4096,1024,176,-13,11,4,1]
[256,64,-64,-16,11,-4,-4,1,1]
[256,0,80,24,17,6,5,0,1]
[4096,1280,544,115,34,5,1]
[256,192,80,8,-1,2,5,3,1]
[256,320,288,184,103,46,18,5,1]
[4096,-1792,608,-139,38,-7,1]
[729,81,0,16,0,1,1]
[14641,-1815,197,-15,1]
[4096,1792,448,107,28,7,1]
[256,0,48,-16,1,-4,3,0,1]
[729,-486,108,-14,12,-6,1]
[2401,-98,-60,-2,1]
[14641,-2178,204,-18,1]
[4096,768,704,83,44,3,1]
[256,0,-16,28,5,7,-1,0,1]
[256,64,48,-4,15,-1,3,1,1]
[729,-324,0,29,0,-4,1]
[4096,512,240,11,15,2,1]
[4096,3072,1248,355,78,12,1]
[256,128,112,84,31,21,7,2,1]
[256,-128,96,-76,31,-19,6,-2,1]
[625,200,32,8,1]
[4096,2048,624,143,39,8,1]
[2401,686,114,14,1]
[512,64,-24,-15,-3,1,1]
[6561,486,-32,6,1]
[15625,-1000,123,-8,1]
[14641,-242,17,-2,1]
[4096,1536,448,87,28,6,1]
[4096,2048,496,103,31,8,1]
[729,162,81,46,9,2,1]
[256,-192,96,-28,1,-7,6,-3,1]
[16384,768,239,6,1]
[14641,-1331,57,-11,1]
[4096,0,336,19,21,0,1]
[729,-162,207,-31,23,-2,1]
[14641,3025,391,25,1]
[256,-64,64,4,13,1,4,-1,1]
[64,16,0,5,0,1,1]
[4096,2304,592,123,37,9,1]
[4096,-256,336,3,21,-1,1]
[16,5,1]
[14641,1089,46,9,1]
[4096,-512,240,-33,15,-2,1]
[4096,2048,592,141,37,8,1]
[14641,2299,211,19,1]
[1024,256,57,8,1]
[256,0,128,12,41,3,8,0,1]
[256,-256,144,-40,15,-10,9,-4,1]
[15625,3625,453,29,1]
[4096,-256,32,47,2,-1,1]
[16384,-2432,251,-19,1]
[64,-16,12,-7,3,-1,1]
[4096,1280,16,-29,1,5,1]
[256,64,64,32,7,8,4,1,1]
[729,567,207,59,23,7,1]
[14641,-363,68,-3,1]
[4096,-1536,448,-149,28,-6,1]
[729,81,63,-10,7,1,1]
[14641,-1452,238,-12,1]
[4096,768,320,9,20,3,1]
[256,-320,256,-160,91,-40,16,-5,1]
[14641,1573,64,13,1]
[14641,-605,59,-5,1]
[14641,3388,404,28,1]
[256,0,-80,-8,27,-2,-5,0,1]
[4096,1280,464,119,29,5,1]
[4096,2048,848,215,53,8,1]
[4096,1280,416,123,26,5,1]
[512,64,-16,-17,-2,1,1]
[4096,2048,560,141,35,8,1]
[14641,-1089,119,-9,1]
[1024,-288,61,-9,1]
[16384,384,-183,3,1]
[16384,-3072,335,-24,1]
[256,0,-64,-16,19,-4,-4,0,1]
[4096,-256,112,67,7,-1,1]
[14641,2057,194,17,1]
[14641,-1815,266,-15,1]
[2401,147,-31,3,1]
[16384,256,-93,2,1]
[256,-128,32,16,-17,4,2,-2,1]
[14641,968,175,8,1]
[4096,-1792,864,-221,54,-7,1]
[6561,-810,80,-10,1]
[14641,2662,278,22,1]
[256,0,64,-20,21,-5,4,0,1]
[14641,121,-49,1,1]
[4096,1280,496,85,31,5,1]
[256,-192,96,-16,5,-4,6,-3,1]
[256,-64,128,-28,45,-7,8,-1,1]
[4096,0,-128,-29,-8,0,1]
[4096,2048,736,231,46,8,1]
[256,64,16,-4,13,-1,1,1,1]
[4096,1024,-144,-107,-9,4,1]
[256,-128,80,32,-13,8,5,-2,1]
[4096,768,208,-27,13,3,1]
[4096,-256,32,-3,2,-1,1]
[15625,125,-34,1,1]
[4096,256,0,-103,0,1,1]
[4096,512,480,77,30,2,1]
[4096,-768,224,-75,14,-3,1]
[16384,1152,253,9,1]
[64,-32,4,5,1,-2,1]
[14641,363,-36,3,1]
[4096,0,128,15,8,0,1]
[256,-64,-144,12,45,3,-9,-1,1]
[4096,768,560,105,35,3,1]
[4096,-768,208,-15,13,-3,1]
[729,-405,189,-56,21,-5,1]
[4096,768,128,31,8,3,1]
[4096,1024,240,67,15,4,1]
[4096,1024,416,89,26,4,1]
[4096,1024,288,31,18,4,1]
[4096,768,384,53,24,3,1]
[4096,2816,1264,377,79,11,1]
[256,128,-16,-12,-1,-3,-1,2,1]
[729,-243,27,20,3,-3,1]
[4096,-256,160,-103,10,-1,1]
[4096,1280,272,11,17,5,1]
[4096,256,-128,17,-8,1,1]
[6561,-162,143,-2,1]
[4096,2304,896,237,56,9,1]
[256,64,96,28,19,7,6,1,1]
[4096,-1280,176,-55,11,-5,1]
[4096,0,-224,5,-14,0,1]
[729,-243,90,-23,10,-3,1]
[4096,2304,1088,289,68,9,1]
[4096,0,80,35,5,0,1]
[14641,-847,188,-7,1]
[256,-64,96,-28,33,-7,6,-1,1]
[4096,0,368,-47,23,0,1]
[4096,0,96,69,6,0,1]
[14641,0,-102,0,1]
[256,192,128,64,37,16,8,3,1]
[16384,-1664,105,-13,1]
[4096,-2816,864,-205,54,-11,1]
[14641,-121,-172,-1,1]
[4096,-768,-16,55,-1,-3,1]
[625,-150,18,-6,1]
[4096,-2560,976,-293,61,-10,1]
[512,0,80,-1,10,0,1]
[14641,-1089,237,-9,1]
[4096,256,-128,-63,-8,1,1]
[256,-192,64,-12,9,-3,4,-3,1]
[16384,-256,103,-2,1]
[16384,2816,253,22,1]
[729,243,135,62,15,3,1]
[6561,405,127,5,1]
[4096,2304,864,215,54,9,1]
[15625,-3500,442,-28,1]
[4096,1024,800,125,50,4,1]
[256,-128,208,-76,71,-19,13,-2,1]
[256,-128,-64,-4,37,-1,-4,-2,1]
[15625,-1250,119,-10,1]
[14641,-484,107,-4,1]
[15625,-4125,497,-33,1]
[4096,256,-13,4,1]
[4096,-1280,176,21,11,-5,1]
[4096,0,48,69,3,0,1]
[256,320,224,92,39,23,14,5,1]
[4096,768,304,103,19,3,1]
[6561,-1458,172,-18,1]
[256,-256,160,-88,47,-22,10,-4,1]
[15625,750,154,6,1]
[256,256,128,48,19,12,8,4,1]
[4096,1280,560,113,35,5,1]
[4096,1536,384,107,24,6,1]
[4096,1536,192,13,12,6,1]
[15625,-750,-89,-6,1]
[729,324,207,64,23,4,1]
[16384,-1280,171,-10,1]
[16384,-640,195,-5,1]
[16384,768,17,6,1]
[15625,375,34,3,1]
[256,128,0,-8,1,-2,0,2,1]
[729,81,0,7,0,1,1]
[15625,-125,249,-1,1]
[4096,768,107,12,1]
[4096,768,-160,-97,-10,3,1]
[4096,512,47,8,1]
[15625,-875,-78,-7,1]
[256,64,0,-16,-15,-4,0,1,1]
[512,0,80,15,10,0,1]
[4096,256,-112,-79,-7,1,1]
[14641,-3872,469,-32,1]
[1024,-288,45,-9,1]
[4096,0,352,-33,22,0,1]
[4096,256,-144,-57,-9,1,1]
[14641,-847,166,-7,1]
[256,192,64,32,25,8,4,3,1]
[4096,256,688,33,43,1,1]
[729,-324,-63,73,-7,-4,1]
[729,162,-54,-52,-6,2,1]
[4096,1792,304,49,19,7,1]
[256,256,112,-4,-17,-1,7,4,1]
[64,-32,24,-19,6,-2,1]
[16384,2048,295,16,1]
[6561,-324,122,-4,1]
[16384,128,-153,1,1]
[15625,-125,243,-1,1]
[4096,-1280,480,-143,30,-5,1]
[16384,-3072,375,-24,1]
[15625,-1500,201,-12,1]
[4096,-2048,608,-159,38,-8,1]
[4096,-1536,288,-21,18,-6,1]
[512,-128,-32,31,-4,-2,1]
[2401,-49,-37,-1,1]
[729,243,45,-1,5,3,1]
[256,-576,704,-572,335,-143,44,-9,1]
[4096,-512,-32,73,-2,-2,1]
[16384,-1152,-35,-9,1]
[15625,875,238,7,1]
[4096,1536,368,119,23,6,1]
[4096,512,416,13,26,2,1]
[16384,896,131,7,1]
[256,64,96,64,19,16,6,1,1]
[256,-64,112,-48,27,-12,7,-1,1]
[4096,-256,192,39,12,-1,1]
[4096,256,128,-79,8,1,1]
[15625,-1000,151,-8,1]
[4096,-1792,592,-179,37,-7,1]
[14641,605,-100,5,1]
[512,192,56,21,7,3,1]
[4096,2560,832,201,52,10,1]
[4096,1280,608,151,38,5,1]
[512,0,0,-39,0,0,1]
[14641,-1452,32,-12,1]
[512,-192,-32,47,-4,-3,1]
[15625,625,-29,5,1]
[512,0,88,15,11,0,1]
[14641,847,-32,7,1]
[4096,256,-144,-73,-9,1,1]
[256,192,112,8,-1,2,7,3,1]
[4096,-1280,368,-131,23,-5,1]
[4096,768,400,121,25,3,1]
[4096,-512,320,15,20,-2,1]
[6561,243,-44,3,1]
[4096,0,176,13,11,0,1]
[256,-64,0,-16,3,-4,0,-1,1]
[4096,256,-32,75,-2,1,1]
[4096,-512,96,-71,6,-2,1]
[4096,0,-112,41,-7,0,1]
[14641,726,14,6,1]
[512,-128,24,-7,3,-2,1]
[256,-192,176,-88,53,-22,11,-3,1]
[256,-192,32,28,-19,7,2,-3,1]
[256,64,0,-4,11,-1,0,1,1]
[256,64,-96,-4,37,-1,-6,1,1]
[4096,-2304,672,-169,42,-9,1]
[4096,768,80,15,5,3,1]
[14641,-2178,196,-18,1]
[15625,-2500,229,-20,1]
[15625,1375,179,11,1]
[256,64,48,-28,-9,-7,3,1,1]
[16384,1152,189,9,1]
[729,162,9,13,1,2,1]
[4096,256,-112,-81,-7,1,1]
[256,128,112,52,33,13,7,2,1]
[4096,-1792,608,-151,38,-7,1]
[1024,-64,19,-2,1]
[4096,-1536,0,93,0,-6,1]
[16384,-896,163,-7,1]
[14641,2299,310,19,1]
[15625,-4625,587,-37,1]
[14641,1452,258,12,1]
[256,128,160,64,57,16,10,2,1]
[4096,1024,-48,-69,-3,4,1]
[4096,512,-192,-73,-12,2,1]
[14641,-847,111,-7,1]
[256,128,96,56,23,14,6,2,1]
[4096,-1280,368,-151,23,-5,1]
[15625,1750,253,14,1]
[4096,768,-32,-9,-2,3,1]
[4096,512,96,-31,6,2,1]
[14641,1089,70,9,1]
[15625,2500,266,20,1]
[14641,605,69,5,1]
[256,-448,448,-328,185,-82,28,-7,1]
[4096,-1024,464,-63,29,-4,1]
[4096,256,-96,35,-6,1,1]
[512,0,136,3,17,0,1]
[4096,-1280,368,-123,23,-5,1]
[15625,-1250,58,-10,1]
[4096,-1792,704,-169,44,-7,1]
[256,-128,112,-88,33,-22,7,-2,1]
[4096,1792,896,221,56,7,1]
[256,0,-32,4,25,1,-2,0,1]
[4096,-512,-112,-5,-7,-2,1]
[16384,-768,219,-6,1]
[512,128,8,-9,1,2,1]
[4096,-512,288,-69,18,-2,1]
[14641,3388,388,28,1]
[4096,0,160,21,10,0,1]
[729,0,-63,-7,-7,0,1]
[4096,-448,9,-7,1]
[4096,-1792,496,-143,31,-7,1]
[4096,-1536,880,-189,55,-6,1]
[4096,-768,80,-69,5,-3,1]
[4096,-256,-48,75,-3,-1,1]
[4096,512,160,79,10,2,1]
[4096,-256,-80,-11,-5,-1,1]
[4096,-1536,384,-69,24,-6,1]
[729,-81,14,-3,1]
[16384,1920,133,15,1]
[4096,-1280,448,-125,28,-5,1]
[729,162,36,-7,4,2,1]
[6561,2025,307,25,1]
[81,72,32,8,1]
[512,256,128,51,16,4,1]
[6561,-648,11,-8,1]
[4096,-3072,1264,-375,79,-12,1]
[1024,-32,45,-1,1]
[4096,768,-64,-41,-4,3,1]
[512,256,80,25,10,4,1]
[15625,2500,222,20,1]
[6561,-81,-38,-1,1]
[729,-81,-27,-8,-3,-1,1]
[2401,-392,68,-8,1]
[4096,3072,1376,399,86,12,1]
[4096,-512,-112,127,-7,-2,1]
[4096,768,-112,-123,-7,3,1]
[15625,-375,152,-3,1]
[15625,1125,179,9,1]
[4096,-1536,160,33,10,-6,1]
[14641,847,234,7,1]
[6561,1620,218,20,1]
[4096,-1536,640,-185,40,-6,1]
[256,-192,144,-56,29,-14,9,-3,1]
[15625,-750,222,-6,1]
[15625,-2125,142,-17,1]
[4096,-384,69,-6,1]
[14641,484,210,4,1]
[4096,256,32,101,2,1,1]
[4096,-3072,1104,-287,69,-12,1]
[512,0,-32,-11,-4,0,1]
[729,648,261,82,29,8,1]
[14641,0,131,0,1]
[15625,-2125,268,-17,1]
[4096,-256,144,-3,9,-1,1]
[4096,-2816,1072,-299,67,-11,1]
[4096,-2048,656,-195,41,-8,1]
[4096,-1024,288,-141,18,-4,1]
[4096,-2304,1008,-267,63,-9,1]
[4096,-1024,-16,87,-1,-4,1]
[4096,0,-176,-35,-11,0,1]
[125,8,1]
[4096,256,208,63,13,1,1]
[4096,-1792,336,-39,21,-7,1]
[16384,2432,311,19,1]
[256,64,80,40,23,10,5,1,1]
[4096,768,-160,-83,-10,3,1]
[4096,0,272,51,17,0,1]
[4096,-2048,480,-91,30,-8,1]
[4096,-1280,-48,69,-3,-5,1]
[4096,-2048,688,-155,43,-8,1]
[256,-256,192,-108,63,-27,12,-4,1]
[4096,3328,1392,401,87,13,1]
[2401,0,-3,0,1]
[4096,-768,432,-63,27,-3,1]
[256,-128,32,0,9,0,2,-2,1]
[4096,-1536,-112,141,-7,-6,1]
[256,0,16,-8,21,-2,1,0,1]
[256,0,48,8,7,2,3,0,1]
[15625,-1375,271,-11,1]
[14641,847,-86,7,1]
[15625,2750,316,22,1]
[256,-128,48,-20,21,-5,3,-2,1]
[16384,1280,163,10,1]
[14641,1694,69,14,1]
[729,-243,18,-4,2,-3,1]
[16384,256,-85,2,1]
[15625,-250,-102,-2,1]
[14641,363,-28,3,1]
[512,192,48,1,6,3,1]
[4096,2304,800,229,50,9,1]
[4096,768,-128,-71,-8,3,1]
[256,-128,32,-40,37,-10,2,-2,1]
[256,-320,224,-116,57,-29,14,-5,1]
[512,-192,24,17,3,-3,1]
[6561,-891,175,-11,1]
[14641,121,64,1,1]
[4096,256,272,-27,17,1,1]
[512,320,104,29,13,5,1]
[16384,-2560,351,-20,1]
[256,-64,144,-32,47,-8,9,-1,1]
[256,-64,48,-12,5,-3,3,-1,1]
[256,-320,272,-168,87,-42,17,-5,1]
[729,-162,126,-20,14,-2,1]
[14641,-363,200,-3,1]
[2401,98,-46,2,1]
[4096,-512,16,49,1,-2,1]
[4096,-1280,416,-51,26,-5,1]
[14641,968,68,8,1]
[15625,750,207,6,1]
[4096,2048,624,149,39,8,1]
[512,-64,16,-15,2,-1,1]
[729,-243,18,10,2,-3,1]
[256,0,128,-8,43,-2,8,0,1]
[14641,-363,104,-3,1]
[4096,-256,-160,71,-10,-1,1]
[6561,-1215,131,-15,1]
[4096,-2560,1152,-329,72,-10,1]
[14641,-363,-150,-3,1]
[4096,-768,208,-9,13,-3,1]
[4096,1024,416,145,26,4,1]
[4096,768,656,93,41,3,1]
[256,192,64,12,-1,3,4,3,1]
[4096,-256,80,-63,5,-1,1]
[4096,1792,672,167,42,7,1]
[729,81,45,22,5,1,1]
[15625,2250,169,18,1]
[4096,384,-19,6,1]
[256,-64,64,4,3,1,4,-1,1]
[256,-384,336,-224,125,-56,21,-6,1]
[81,4,1]
[4096,256,304,19,19,1,1]
[16384,896,-29,7,1]
[4096,-256,432,-13,27,-1,1]
[4096,512,128,55,8,2,1]
[729,0,49,0,1]
[4096,2560,816,215,51,10,1]
[4096,-2304,992,-265,62,-9,1]
[14641,1573,279,13,1]
[16384,-896,19,-7,1]
[256,320,160,0,-25,0,10,5,1]
[4096,-256,-112,95,-7,-1,1]
[729,0,45,20,5,0,1]
[15625,875,188,7,1]
[16384,-1152,35,-9,1]
[729,567,252,80,28,7,1]
[16384,-3072,397,-24,1]
[4096,2560,1056,319,66,10,1]
[4096,-128,67,-2,1]
[4096,-512,128,-113,8,-2,1]
[14641,1452,133,12,1]
[729,-81,-27,31,-3,-1,1]
[2401,784,144,16,1]
[256,-64,96,-20,21,-5,6,-1,1]
[729,-162,162,-35,18,-2,1]
[2401,441,54,9,1]
[14641,484,-49,4,1]
[4096,-1024,112,15,7,-4,1]
[4096,1792,656,183,41,7,1]
[625,25,28,1,1]
[14641,0,150,0,1]
[256,256,80,-64,-59,-16,5,4,1]
[256,128,80,12,1,3,5,2,1]
[4096,768,288,71,18,3,1]
[729,-162,81,-29,9,-2,1]
[14641,1210,181,10,1]
[256,-128,16,-8,3,-2,1,-2,1]
[4096,-1280,416,-145,26,-5,1]
[15625,-1875,279,-15,1]
[729,-648,396,-148,44,-8,1]
[14641,1694,78,14,1]
[4096,-1280,704,-133,44,-5,1]
[15625,-250,-178,-2,1]
[256,-384,304,-152,71,-38,19,-6,1]
[729,-81,54,26,6,-1,1]
[15625,-1500,234,-12,1]
[256,-128,-64,8,27,2,-4,-2,1]
[14641,1331,107,11,1]
[512,256,96,45,12,4,1]
[729,-324,126,-35,14,-4,1]
[4096,-2304,944,-291,59,-9,1]
[14641,-3993,492,-33,1]
[4096,-1280,416,-143,26,-5,1]
[4096,-512,-16,69,-1,-2,1]
[4096,-768,416,-109,26,-3,1]
[15625,1125,-18,9,1]
[256,192,48,-28,-31,-7,3,3,1]
[15625,-250,69,-2,1]
[4096,0,-144,-5,-9,0,1]
[512,-192,56,3,7,-3,1]
[4096,1280,-32,-71,-2,5,1]
[4096,256,464,57,29,1,1]
[4096,-1536,400,-91,25,-6,1]
[4096,0,64,51,4,0,1]
[15625,3375,426,27,1]
[14641,3388,415,28,1]
[4096,1280,480,101,30,5,1]
[512,320,56,-3,7,5,1]
[256,320,144,-12,-35,-3,9,5,1]
[256,0,-48,4,7,1,-3,0,1]
[8,-1,1]
[4096,512,80,103,5,2,1]
[256,-128,144,-96,41,-24,9,-2,1]
[729,-81,72,8,8,-1,1]
[4096,1792,560,131,35,7,1]
[256,-320,320,-236,127,-59,20,-5,1]
[4096,256,128,111,8,1,1]
[512,-64,56,-29,7,-1,1]
[14641,-1452,137,-12,1]
[729,162,99,49,11,2,1]
[14641,-1936,215,-16,1]
[4096,1536,352,59,22,6,1]
[256,-128,0,32,-31,8,0,-2,1]
[4096,-1792,528,-137,33,-7,1]
[14641,1815,156,15,1]
[15625,1875,276,15,1]
[256,128,-32,-4,13,-1,-2,2,1]
[6561,0,16,0,1]
[16384,512,57,4,1]
[256,384,336,216,117,54,21,6,1]
[14641,-2299,279,-19,1]
[256,-256,160,-76,35,-19,10,-4,1]
[4096,-64,-35,-1,1]
[256,-192,112,-28,13,-7,7,-3,1]
[729,-486,207,-71,23,-6,1]
[4096,-1024,480,-107,30,-4,1]
[15625,250,-201,2,1]
[14641,363,-167,3,1]
[256,64,0,20,29,5,0,1,1]
[4096,3072,1408,417,88,12,1]
[4096,1792,688,185,43,7,1]
[14641,-1815,214,-15,1]
[4096,-256,-32,-19,-2,-1,1]
[729,81,108,-10,12,1,1]
[2401,294,-6,6,1]
[15625,-2500,313,-20,1]
[4096,0,432,-7,27,0,1]
[4096,0,304,1,19,0,1]
[4096,-960,131,-15,1]
[256,128,32,-12,-21,-3,2,2,1]
[256,-320,224,-156,95,-39,14,-5,1]
[14641,0,75,0,1]
[4096,1024,752,121,47,4,1]
[4096,4096,2064,639,129,16,1]
[729,0,18,47,2,0,1]
[256,-128,16,-24,17,-6,1,-2,1]
[4096,512,240,49,15,2,1]
[2401,-588,99,-12,1]
[4096,-1280,64,9,4,-5,1]
[4096,-2048,-128,193,-8,-8,1]
[729,-162,90,-34,10,-2,1]
[4096,768,400,69,25,3,1]
[4096,-2048,400,-63,25,-8,1]
[4096,0,-57,0,1]
[16384,1152,5,9,1]
[4096,-1792,720,-209,45,-7,1]
[4096,0,384,-13,24,0,1]
[4096,1536,432,101,27,6,1]
[256,64,96,20,29,5,6,1,1]
[16384,1280,131,10,1]
[256,192,64,-40,-31,-10,4,3,1]
[14641,-121,-213,-1,1]
[15625,250,-167,2,1]
[512,0,8,11,1,0,1]
[4096,0,224,-63,14,0,1]
[4096,-768,192,-105,12,-3,1]
[15625,375,237,3,1]
[15625,-3000,357,-24,1]
[14641,-3388,425,-28,1]
[14641,-3025,398,-25,1]
[256,192,32,-4,-1,-1,2,3,1]
[4096,768,0,-53,0,3,1]
[2401,-245,96,-5,1]
[14641,1331,86,11,1]
[729,-81,72,-10,8,-1,1]
[15625,-1250,53,-10,1]
[4096,512,96,-13,6,2,1]
[14641,0,149,0,1]
[4096,-3072,1392,-405,87,-12,1]
[4096,-256,128,-53,8,-1,1]
[4096,-1024,288,-85,18,-4,1]
[4096,-256,-16,95,-1,-1,1]
[1024,64,11,2,1]
[4096,1024,320,129,20,4,1]
[4096,-768,-80,113,-5,-3,1]
[4096,-768,352,-73,22,-3,1]
[4096,-1792,384,-73,24,-7,1]
[256,-256,224,-152,87,-38,14,-4,1]
[4096,1280,-96,-101,-6,5,1]
[4096,256,304,-11,19,1,1]
[4096,-768,32,77,2,-3,1]
[6561,-729,4,-9,1]
[4096,-512,224,-51,14,-2,1]
[729,-486,189,-71,21,-6,1]
[4096,768,0,-25,0,3,1]
[729,81,180,11,20,1,1]
[16384,640,205,5,1]
[14641,847,-87,7,1]
[729,-324,117,-32,13,-4,1]
[14641,-726,225,-6,1]
[256,192,128,52,21,13,8,3,1]
[4096,2304,560,99,35,9,1]
[4096,-1280,160,-21,10,-5,1]
[16384,3072,311,24,1]
[15625,1375,158,11,1]
[4096,1024,-224,-135,-14,4,1]
[16384,-640,147,-5,1]
[15625,0,121,0,1]
[729,-405,90,-22,10,-5,1]
[14641,605,-34,5,1]
[512,-192,40,1,5,-3,1]
[14641,363,-21,3,1]
[4096,-768,128,43,8,-3,1]
[4096,-1280,64,39,4,-5,1]
[625,-200,49,-8,1]
[4096,-512,400,-93,25,-2,1]
[4096,2048,704,193,44,8,1]
[729,486,225,68,25,6,1]
[512,128,48,9,6,2,1]
[16384,-640,245,-5,1]
[256,64,16,4,9,1,1,1,1]
[14641,363,204,3,1]
[4096,-1792,208,19,13,-7,1]
[4096,1088,183,17,1]
[16384,640,-131,5,1]
[14641,2057,144,17,1]
[4096,-512,464,-39,29,-2,1]
[256,0,64,52,1,13,4,0,1]
[4096,-2048,736,-197,46,-8,1]
[64,0,20,5,5,0,1]
[512,384,240,95,30,6,1]
[4096,256,144,-27,9,1,1]
[4096,2304,576,115,36,9,1]
[4096,0,32,-21,2,0,1]
[729,-648,342,-134,38,-8,1]
[729,405,-36,-65,-4,5,1]
[4096,-1024,416,-113,26,-4,1]
[256,192,160,96,51,24,10,3,1]
[4096,-2048,464,-79,29,-8,1]
[4096,192,95,3,1]
[256,-192,128,-64,23,-16,8,-3,1]
[4096,-768,176,-27,11,-3,1]
[15625,-1500,196,-12,1]
[4096,768,64,63,4,3,1]
[4096,-768,624,-99,39,-3,1]
[14641,-2057,217,-17,1]
[4096,-384,103,-6,1]
[4096,-256,160,-23,10,-1,1]
[512,192,136,37,17,3,1]
[14641,2783,368,23,1]
[4096,0,192,-65,12,0,1]
[4096,64,63,1,1]
[16384,128,225,1,1]
[15625,250,-144,2,1]
[4096,256,224,47,14,1,1]
[4096,256,112,115,7,1,1]
[4096,-448,99,-7,1]
[4096,1280,336,133,21,5,1]
[4096,768,208,35,13,3,1]
[4096,-768,-64,27,-4,-3,1]
[729,405,180,62,20,5,1]
[4096,1024,64,-27,4,4,1]
[4096,1024,16,-77,1,4,1]
[15625,-1250,173,-10,1]
[256,256,80,-52,-51,-13,5,4,1]
[16384,-128,249,-1,1]
[4096,2048,928,257,58,8,1]
[256,320,224,112,55,28,14,5,1]
[256,64,48,12,-5,3,3,1,1]
[256,64,80,16,15,4,5,1,1]
[14641,363,-65,3,1]
[14641,605,130,5,1]
[4096,256,-144,-37,-9,1,1]
[256,128,16,-24,-15,-6,1,2,1]
[256,-128,144,-64,43,-16,9,-2,1]
[512,-256,144,-63,18,-4,1]
[14641,-484,207,-4,1]
[15625,-625,59,-5,1]
[16384,512,-59,4,1]
[15625,-4500,559,-36,1]
[4096,-256,160,27,10,-1,1]
[729,-405,180,-64,20,-5,1]
[6561,-1053,128,-13,1]
[14641,4114,529,34,1]
[4096,-2816,1248,-359,78,-11,1]
[16384,-2432,303,-19,1]
[16384,-2048,245,-16,1]
[15625,0,32,0,1]
[4096,0,0,99,0,0,1]
[4096,512,65,8,1]
[512,-64,120,-13,15,-1,1]
[6561,405,43,5,1]
[14641,-242,20,-2,1]
[729,-162,99,-37,11,-2,1]
[4096,1536,784,177,49,6,1]
[256,192,144,52,33,13,9,3,1]
[256,-64,-16,-12,23,-3,-1,-1,1]
[256,0,80,12,15,3,5,0,1]
[729,729,369,136,41,9,1]
[4096,-1792,256,-19,16,-7,1]
[14641,-2420,241,-20,1]
[4096,768,160,25,10,3,1]
[256,192,96,72,47,18,6,3,1]
[512,64,96,1,12,1,1]
[4096,-1280,208,-71,13,-5,1]
[4096,-1792,64,65,4,-7,1]
[64,-16,24,-7,6,-1,1]
[15625,750,158,6,1]
[4096,768,-208,-117,-13,3,1]
[4096,512,128,117,8,2,1]
[16384,384,79,3,1]
[4096,512,96,99,6,2,1]
[4096,-512,0,-39,0,-2,1]
[4096,320,53,5,1]
[512,320,160,65,20,5,1]
[256,-192,192,-80,55,-20,12,-3,1]
[256,0,16,24,-1,6,1,0,1]
[4096,-2816,960,-255,60,-11,1]
[4096,-2048,560,-143,35,-8,1]
[729,-81,117,-13,13,-1,1]
[256,192,160,80,45,20,10,3,1]
[15625,-3250,398,-26,1]
[256,-64,-96,20,21,5,-6,-1,1]
[14641,1089,-12,9,1]
[256,192,144,92,53,23,9,3,1]
[512,320,208,77,26,5,1]
[16384,1024,7,8,1]
[2401,196,15,4,1]
[4096,1024,192,85,12,4,1]
[6561,810,143,10,1]
[4096,-2560,1088,-307,68,-10,1]
[256,-64,48,-4,15,-1,3,-1,1]
[4096,1280,-48,-65,-3,5,1]
[15625,-2000,149,-16,1]
[4096,-2048,192,37,12,-8,1]
[14641,726,194,6,1]
[256,-128,16,12,-5,3,1,-2,1]
[4096,-2816,928,-229,58,-11,1]
[256,-128,64,-36,23,-9,4,-2,1]
[512,-128,64,-29,8,-2,1]
[14641,0,-78,0,1]
[4096,-512,160,-121,10,-2,1]
[4096,256,176,-67,11,1,1]
[15625,1500,99,12,1]
[4096,-256,-208,49,-13,-1,1]
[4096,-1024,320,-139,20,-4,1]
[15625,-375,-169,-3,1]
[256,128,80,-4,-1,-1,5,2,1]
[256,-64,48,-40,9,-10,3,-1,1]
[256,-128,64,-48,33,-12,4,-2,1]
[6561,-324,113,-4,1]
[4096,768,192,-3,12,3,1]
[512,0,64,-19,8,0,1]
[4096,512,-160,-69,-10,2,1]
[15625,3500,393,28,1]
[4096,1280,96,-39,6,5,1]
[256,-128,48,-24,9,-6,3,-2,1]
[256,64,-48,16,27,4,-3,1,1]
[256,-192,176,-88,59,-22,11,-3,1]
[256,-256,240,-144,81,-36,15,-4,1]
[256,0,48,-4,1,-1,3,0,1]
[4096,-256,48,39,3,-1,1]
[4096,-1536,672,-165,42,-6,1]
[4096,768,16,-69,1,3,1]
[6561,-1296,206,-16,1]
[729,-81,-36,46,-4,-1,1]
[16384,640,-125,5,1]
[4096,-1024,496,-63,31,-4,1]
[6561,324,119,4,1]
[14641,968,125,8,1]
[4096,1792,368,45,23,7,1]
[4096,0,-16,83,-1,0,1]
[4096,2304,1040,277,65,9,1]
[4096,0,-48,-55,-3,0,1]
[4096,-768,224,-55,14,-3,1]
[4096,-768,192,-101,12,-3,1]
[4096,-512,176,-49,11,-2,1]
[15625,-500,162,-4,1]
[16384,-1792,167,-14,1]
[15625,-1125,-46,-9,1]
[14641,-2420,200,-20,1]
[729,648,342,136,38,8,1]
[4096,1152,163,18,1]
[512,-192,104,-37,13,-3,1]
[4096,256,208,-31,13,1,1]
[729,162,144,14,16,2,1]
[4096,512,80,89,5,2,1]
[4096,1024,688,121,43,4,1]
[2401,-980,187,-20,1]
[4096,-1792,304,-37,19,-7,1]
[4096,1792,640,155,40,7,1]
[729,-243,81,-1,9,-3,1]
[256,0,80,-20,15,-5,5,0,1]
[4096,0,80,51,5,0,1]
[15625,-875,82,-7,1]
[15625,-875,-2,-7,1]
[256,128,48,8,7,2,3,2,1]
[15625,-2000,287,-16,1]
[729,0,-18,1,-2,0,1]
[15625,-3000,321,-24,1]
[729,324,126,22,14,4,1]
[15625,4500,572,36,1]
[729,405,171,64,19,5,1]
[729,324,18,-23,2,4,1]
[4096,1024,416,135,26,4,1]
[4096,512,192,-29,12,2,1]
[15625,-2375,318,-19,1]
[729,405,144,31,16,5,1]
[4096,-1536,304,-27,19,-6,1]
[14641,1936,249,16,1]
[4096,768,-64,-85,-4,3,1]
[729,-243,-45,50,-5,-3,1]
[14641,-968,74,-8,1]
[256,-128,-16,24,-15,6,-1,-2,1]
[4096,768,288,69,18,3,1]
[4096,-1536,272,-69,17,-6,1]
[4096,768,112,-29,7,3,1]
[256,0,-16,8,-15,2,-1,0,1]
[4096,1280,96,-21,6,5,1]
[256,-256,144,-92,55,-23,9,-4,1]
[4096,0,240,25,15,0,1]
[4096,-256,-80,105,-5,-1,1]
[4096,-1024,368,-99,23,-4,1]
[256,-64,16,-20,9,-5,1,-1,1]
[16384,0,-81,0,1]
[4096,-64,43,-1,1]
[256,64,0,-4,1,-1,0,1,1]
[256,192,112,68,39,17,7,3,1]
[4096,1536,-224,-185,-14,6,1]
[512,-704,496,-217,62,-11,1]
[256,-64,32,-16,27,-4,2,-1,1]
[6561,-486,145,-6,1]
[4096,-512,16,-25,1,-2,1]
[2401,-98,-32,-2,1]
[256,0,32,32,-15,8,2,0,1]
[4096,-1792,160,17,10,-7,1]
[4096,-512,480,-31,30,-2,1]
[4096,-256,-48,-29,-3,-1,1]
[4096,-2816,1152,-341,72,-11,1]
[4096,448,43,7,1]
[14641,2783,333,23,1]
[4096,-1536,432,-117,27,-6,1]
[256,384,400,292,165,73,25,6,1]
[64,0,24,-5,6,0,1]
[512,64,-32,-5,-4,1,1]
[4096,-512,128,31,8,-2,1]
[4096,-1280,304,-89,19,-5,1]
[4096,1536,736,167,46,6,1]
[4096,2816,1184,339,74,11,1]
[16384,-1408,25,-11,1]
[256,-128,128,-16,23,-4,8,-2,1]
[4096,-1280,320,-81,20,-5,1]
[14641,-3025,326,-25,1]
[15625,1750,131,14,1]
[4096,-2304,912,-259,57,-9,1]
[1024,-224,19,-7,1]
[4096,640,85,10,1]
[14641,1815,239,15,1]
[4096,-1024,352,-117,22,-4,1]
[14641,484,81,4,1]
[4096,256,-80,45,-5,1,1]
[256,0,-96,0,19,0,-6,0,1]
[256,-192,64,-8,-5,-2,4,-3,1]
[729,162,18,-1,2,2,1]
[4096,-768,80,53,5,-3,1]
[256,0,80,-40,7,-10,5,0,1]
[4096,-512,224,17,14,-2,1]
[14641,242,-136,2,1]
[4096,-2560,608,-105,38,-10,1]
[4096,-1408,231,-22,1]
[64,-48,20,-3,5,-3,1]
[4096,1792,16,-99,1,7,1]
[729,162,63,46,7,2,1]
[256,128,128,28,27,7,8,2,1]
[256,-192,80,-56,39,-14,5,-3,1]
[4096,768,336,65,21,3,1]
[14641,2178,205,18,1]
[2401,-98,51,-2,1]
[14641,242,46,2,1]
[4096,1024,336,87,21,4,1]
[729,0,-18,5,-2,0,1]
[14641,484,157,4,1]
[14641,363,159,3,1]
[4096,3328,1424,419,89,13,1]
[4096,2048,704,187,44,8,1]
[16384,256,53,2,1]
[15625,-3750,457,-30,1]
[4096,256,640,23,40,1,1]
[25,8,1]
[15625,-1000,34,-8,1]
[4096,1024,256,57,16,4,1]
[14641,363,3,3,1]
[4096,0,80,29,5,0,1]
[6561,-324,131,-4,1]
[4096,1792,672,223,42,7,1]
[256,-192,112,-4,1,-1,7,-3,1]
[256,-64,96,-16,17,-4,6,-1,1]
[4096,-1024,192,-13,12,-4,1]
[4096,-1024,400,-131,25,-4,1]
[4096,-2048,528,-115,33,-8,1]
[4096,1536,592,173,37,6,1]
[4096,-768,0,1,0,-3,1]
[14641,726,159,6,1]
[4096,1536,816,187,51,6,1]
[256,-128,128,-36,29,-9,8,-2,1]
[4096,-256,112,-115,7,-1,1]
[729,243,63,26,7,3,1]
[4096,-1792,176,37,11,-7,1]
[2401,441,76,9,1]
[256,-192,64,-60,47,-15,4,-3,1]
[15625,375,-78,3,1]
[4096,-256,96,87,6,-1,1]
[256,-128,-48,20,9,5,-3,-2,1]
[64,-48,12,1,3,-3,1]
[4096,2560,1056,309,66,10,1]
[16384,-768,11,-6,1]
[256,-64,32,40,-19,10,2,-1,1]
[729,0,9,50,1,0,1]
[4096,-768,400,-101,25,-3,1]
[4096,-320,51,-5,1]
[256,192,48,-40,-39,-10,3,3,1]
[6561,-486,-4,-6,1]
[4096,2048,864,245,54,8,1]
[256,-128,32,-28,21,-7,2,-2,1]
[6561,-486,122,-6,1]
[4096,0,144,-47,9,0,1]
[6561,1296,224,16,1]
[64,0,24,3,6,0,1]
[4096,-256,32,57,2,-1,1]
[15625,-1250,106,-10,1]
[4096,-2304,256,33,16,-9,1]
[16384,384,1,3,1]
[4096,2560,608,105,38,10,1]
[256,-64,96,-24,17,-6,6,-1,1]
[2401,-196,31,-4,1]
[256,0,64,-52,1,-13,4,0,1]
[14641,726,-104,6,1]
[16384,-640,-107,-5,1]
[49,-13,1]
[4096,1536,576,169,36,6,1]
[2401,245,27,5,1]
[2401,-294,80,-6,1]
[6561,-1944,278,-24,1]
[4096,-1536,880,-187,55,-6,1]
[729,-162,16,-6,1]
[14641,363,-80,3,1]
[4096,-256,208,-51,13,-1,1]
[14641,847,-85,7,1]
[14641,363,-124,3,1]
[6561,-1296,205,-16,1]
[512,-448,200,-67,25,-7,1]
[15625,-500,44,-4,1]
[14641,-2299,252,-19,1]
[729,567,261,89,29,7,1]
[729,-243,27,5,3,-3,1]
[625,325,82,13,1]
[4096,-768,112,-87,7,-3,1]
[4096,256,48,-59,3,1,1]
[256,128,64,12,9,3,4,2,1]
[14641,-2541,336,-21,1]
[16384,1664,99,13,1]
[4096,-1536,352,-49,22,-6,1]
[6561,-486,148,-6,1]
[4096,1024,48,11,3,4,1]
[2401,147,-43,3,1]
[4096,-1280,-96,107,-6,-5,1]
[4096,768,16,-25,1,3,1]
[4096,-768,592,-103,37,-3,1]
[729,-162,9,-11,1,-2,1]
[4096,1024,304,41,19,4,1]
[4096,-256,-160,19,-10,-1,1]
[14641,484,76,4,1]
[729,729,459,179,51,9,1]
[4096,256,160,35,10,1,1]
[4096,-512,-144,53,-9,-2,1]
[14641,2057,208,17,1]
[256,128,64,48,21,12,4,2,1]
[4096,256,368,13,23,1,1]
[4096,-1792,640,-219,40,-7,1]
[4096,-512,592,-63,37,-2,1]
[256,-128,144,-32,35,-8,9,-2,1]
[4096,-768,320,-25,20,-3,1]
[4096,2048,224,-19,14,8,1]
[16384,896,49,7,1]
[4096,-1536,400,-85,25,-6,1]
[16384,512,-165,4,1]
[4096,512,128,5,8,2,1]
[14641,-121,-36,-1,1]
[729,-81,17,-3,1]
[625,-150,36,-6,1]
[4096,0,544,13,34,0,1]
[2401,-196,-30,-4,1]
[256,320,160,40,11,10,10,5,1]
[15625,-500,156,-4,1]
[4096,-768,112,43,7,-3,1]
[4096,1280,-128,-127,-8,5,1]
[256,0,-16,-16,19,-4,-1,0,1]
[16384,1792,225,14,1]
[16384,-3328,375,-26,1]
[16384,-512,57,-4,1]
[729,0,81,29,9,0,1]
[4096,-768,-80,11,-5,-3,1]
[4096,-768,144,-7,9,-3,1]
[4096,-256,-96,1,-6,-1,1]
[4096,-1024,-16,13,-1,-4,1]
[14641,2904,328,24,1]
[4096,2304,656,145,41,9,1]
[14641,1089,166,9,1]
[4096,256,224,95,14,1,1]
[4096,-448,51,-7,1]
[14641,2783,279,23,1]
[4096,-256,288,37,18,-1,1]
[4096,768,384,67,24,3,1]
[4096,-1024,144,-39,9,-4,1]
[4096,256,160,77,10,1,1]
[14641,-1573,109,-13,1]
[4096,-768,0,11,0,-3,1]
[256,192,112,48,13,12,7,3,1]
[4096,1024,-32,-73,-2,4,1]
[4096,-1280,192,-57,12,-5,1]
[256,64,32,0,-11,0,2,1,1]
[256,-64,64,-44,3,-11,4,-1,1]
[256,320,208,132,79,33,13,5,1]
[15625,-2500,321,-20,1]
[15625,1250,154,10,1]
[14641,2299,218,19,1]
[4096,-1280,-160,113,-10,-5,1]
[4096,0,-96,49,-6,0,1]
[14641,1089,3,9,1]
[4096,-1536,80,27,5,-6,1]
[4096,-256,272,5,17,-1,1]
[16384,2816,251,22,1]
[256,64,112,28,41,7,7,1,1]
[4096,512,123,8,1]
[729,-648,378,-148,42,-8,1]
[4096,-1024,112,13,7,-4,1]
[4096,2048,384,63,24,8,1]
[4096,3072,1248,347,78,12,1]
[4096,512,96,-29,6,2,1]
[4096,-256,112,27,7,-1,1]
[4096,-1536,560,-147,35,-6,1]
[512,-256,104,-47,13,-4,1]
[15625,500,7,4,1]
[4096,-768,-240,89,-15,-3,1]
[4096,-256,-48,9,-3,-1,1]
[4096,1536,384,87,24,6,1]
[4096,-768,-80,115,-5,-3,1]
[16384,1792,175,14,1]
[512,-64,32,-37,4,-1,1]
[14641,1331,12,11,1]
[14641,-2420,334,-20,1]
[4096,-2304,832,-225,52,-9,1]
[4096,-1536,80,35,5,-6,1]
[14641,726,-78,6,1]
[6561,1539,220,19,1]
[256,192,112,36,13,9,7,3,1]
[256,320,224,120,63,30,14,5,1]
[4096,-1664,289,-26,1]
[4096,-512,240,-87,15,-2,1]
[4096,512,240,-7,15,2,1]
[16384,-640,-37,-5,1]
[4096,1280,144,19,9,5,1]
[4096,0,416,-1,26,0,1]
[4096,0,368,33,23,0,1]
[4096,-1024,80,9,5,-4,1]
[15625,2250,278,18,1]
[4096,-1536,528,-183,33,-6,1]
[4096,0,368,-45,23,0,1]
[4096,2048,544,141,34,8,1]
[729,-81,81,14,9,-1,1]
[256,-64,48,-16,17,-4,3,-1,1]
[2401,0,-29,0,1]
[4096,1280,512,85,32,5,1]
[4096,768,208,11,13,3,1]
[4096,512,112,-21,7,2,1]
[729,162,-36,-38,-4,2,1]
[729,-486,162,-37,18,-6,1]
[4096,-768,256,-111,16,-3,1]
[4096,1024,560,123,35,4,1]
[15625,1000,236,8,1]
[15625,-750,113,-6,1]
[16384,-512,-151,-4,1]
[4096,1024,352,37,22,4,1]
[4096,-1280,352,-143,22,-5,1]
[256,-256,240,-144,83,-36,15,-4,1]
[4096,256,16,33,1,1,1]
[4096,-3840,1664,-479,104,-15,1]
[4096,1536,496,111,31,6,1]
[729,-216,61,-8,1]
[4096,256,-16,-113,-1,1,1]
[4096,-3328,1344,-381,84,-13,1]
[4096,1536,144,-39,9,6,1]
[14641,3630,441,30,1]
[4096,-1536,64,49,4,-6,1]
[4096,-320,15,-5,1]
[625,-50,19,-2,1]
[15625,125,-86,1,1]
[16384,1280,49,10,1]
[14641,-2057,191,-17,1]
[4096,-1280,752,-151,47,-5,1]
[729,243,27,-14,3,3,1]
[4096,-256,-224,31,-14,-1,1]
[4096,-1280,416,-91,26,-5,1]
[256,-64,32,24,-5,6,2,-1,1]
[4096,-2048,448,-83,28,-8,1]
[256,192,32,-12,-7,-3,2,3,1]
[256,256,192,104,51,26,12,4,1]
[4096,896,141,14,1]
[256,0,-48,16,15,4,-3,0,1]
[4096,-1536,144,-3,9,-6,1]
[4096,-2048,672,-187,42,-8,1]
[15625,125,-224,1,1]
[14641,4235,529,35,1]
[4096,256,256,-13,16,1,1]
[256,64,32,44,15,11,2,1,1]
[256,-192,80,-68,47,-17,5,-3,1]
[15625,-2500,252,-20,1]
[625,-50,43,-2,1]
[15625,-3500,411,-28,1]
[4096,-2560,720,-165,45,-10,1]
[256,-128,176,-72,61,-18,11,-2,1]
[2401,539,65,11,1]
[256,-64,64,36,-9,9,4,-1,1]
[729,-162,36,7,4,-2,1]
[14641,-2178,237,-18,1]
[14641,847,186,7,1]
[4096,256,304,59,19,1,1]
[64,-8,-9,-1,1]
[4096,256,32,9,2,1,1]
[15625,3875,479,31,1]
[4096,-2048,704,-193,44,-8,1]
[14641,968,-14,8,1]
[4096,-256,608,-41,38,-1,1]
[256,320,240,164,97,41,15,5,1]
[729,-81,9,-16,1,-1,1]
[512,-256,112,-39,14,-4,1]
[4096,1024,-96,-73,-6,4,1]
[729,-81,18,-14,2,-1,1]
[512,0,56,21,7,0,1]
[256,0,96,40,17,10,6,0,1]
[4096,1280,176,-1,11,5,1]
[256,256,112,52,33,13,7,4,1]
[4096,2048,704,221,44,8,1]
[256,-256,144,-44,19,-11,9,-4,1]
[16384,1280,143,10,1]
[4096,2560,656,135,41,10,1]
[4096,768,0,-89,0,3,1]
[4096,0,144,27,9,0,1]
[4096,-1536,192,1,12,-6,1]
[4096,256,64,85,4,1,1]
[729,-567,279,-95,31,-7,1]
[14641,363,-145,3,1]
[4096,1024,-128,-89,-8,4,1]
[729,0,-63,10,-7,0,1]
[6561,-1539,199,-19,1]
[4096,512,96,-19,6,2,1]
[16384,768,-9,6,1]
[256,192,112,60,33,15,7,3,1]
[4096,-1792,576,-129,36,-7,1]
[4096,-1536,480,-87,30,-6,1]
[4096,-512,-208,57,-13,-2,1]
[4096,768,272,105,17,3,1]
[256,-64,32,20,5,5,2,-1,1]
[512,-320,120,-33,15,-5,1]
[512,128,104,27,13,2,1]
[256,0,0,12,-11,3,0,0,1]
[4096,2048,496,119,31,8,1]
[1024,320,73,10,1]
[729,324,45,-4,5,4,1]
[4096,-256,736,-31,46,-1,1]
[256,-384,320,-176,89,-44,20,-6,1]
[15625,-375,179,-3,1]
[4096,-256,432,-11,27,-1,1]
[4096,-512,240,-105,15,-2,1]
[4096,2304,384,31,24,9,1]
[4096,-640,109,-10,1]
[4096,1280,464,161,29,5,1]
[256,0,-32,-16,7,-4,-2,0,1]
[4096,1024,720,123,45,4,1]
[512,64,64,21,8,1,1]
[512,-192,136,-37,17,-3,1]
[16384,-896,135,-7,1]
[4096,-1280,464,-109,29,-5,1]
[256,256,128,8,-9,2,8,4,1]
[512,-128,0,3,0,-2,1]
[15625,-375,-118,-3,1]
[15625,-875,151,-7,1]
[512,-128,56,-47,7,-2,1]
[256,0,64,-8,5,-2,4,0,1]
[14641,363,130,3,1]
[729,-162,-54,31,-6,-2,1]
[256,-256,64,28,-27,7,4,-4,1]
[729,162,45,-16,5,2,1]
[4096,512,32,-61,2,2,1]
[15625,-2500,304,-20,1]
[4096,768,192,-9,12,3,1]
[4096,1792,592,137,37,7,1]
[512,320,40,-9,5,5,1]
[256,-192,32,-44,45,-11,2,-3,1]
[4096,0,272,-45,17,0,1]
[4096,-512,464,-71,29,-2,1]
[256,64,32,-4,-13,-1,2,1,1]
[4096,768,384,89,24,3,1]
[256,128,16,8,1,2,1,2,1]
[4096,704,67,11,1]
[256,-64,112,-44,31,-11,7,-1,1]
[15625,0,138,0,1]
[1024,64,35,2,1]
[64,-48,28,-13,7,-3,1]
[6561,81,-53,1,1]
[4096,1792,672,165,42,7,1]
[4096,256,240,19,15,1,1]
[15625,625,87,5,1]
[256,128,112,36,35,9,7,2,1]
[14641,605,182,5,1]
[4096,2304,880,241,55,9,1]
[15625,-3625,458,-29,1]
[729,-162,-36,11,-4,-2,1]
[4096,1024,160,37,10,4,1]
[4096,-1024,16,63,1,-4,1]
[4096,1024,-80,-83,-5,4,1]
[16384,128,199,1,1]
[15625,-1250,48,-10,1]
[729,162,54,8,6,2,1]
[256,256,128,44,17,11,8,4,1]
[4096,-768,-112,59,-7,-3,1]
[14641,3872,472,32,1]
[4096,512,272,-21,17,2,1]
[4096,-1280,0,85,0,-5,1]
[4096,0,272,-19,17,0,1]
[256,256,64,-60,-53,-15,4,4,1]
[6561,405,2,5,1]
[14641,2057,245,17,1]
[14641,-363,20,-3,1]
[256,0,16,28,-11,7,1,0,1]
[4096,-192,7,-3,1]
[4096,1280,224,31,14,5,1]
[4096,1024,112,-47,7,4,1]
[729,-405,108,-23,12,-5,1]
[4096,0,480,-3,30,0,1]
[4096,1792,480,129,30,7,1]
[729,-405,-27,59,-3,-5,1]
[16384,0,173,0,1]
[4096,-512,272,-23,17,-2,1]
[2401,-1029,205,-21,1]
[4096,2304,320,-1,20,9,1]
[256,-128,80,-64,27,-16,5,-2,1]
[4096,-1536,496,-147,31,-6,1]
[4096,1536,-48,-99,-3,6,1]
[729,162,90,-4,10,2,1]
[729,243,45,-11,5,3,1]
[15625,1500,44,12,1]
[15625,3250,389,26,1]
[14641,968,71,8,1]
[256,128,48,12,-1,3,3,2,1]
[4096,1280,-80,-79,-5,5,1]
[4096,-3584,1680,-519,105,-14,1]
[729,-324,180,-58,20,-4,1]
[81,0,13,0,1]
[256,-256,128,-20,1,-5,8,-4,1]
[6561,324,58,4,1]
[729,-162,162,-26,18,-2,1]
[4096,0,80,93,5,0,1]
[512,-128,-8,23,-1,-2,1]
[4096,0,-112,65,-7,0,1]
[4096,3072,1168,315,73,12,1]
[512,-192,64,-41,8,-3,1]
[4096,-1024,336,-107,21,-4,1]
[4096,768,608,75,38,3,1]
[256,-64,64,-52,13,-13,4,-1,1]
[4096,-1536,352,-87,22,-6,1]
[4096,64,125,1,1]
[4096,-2560,704,-157,44,-10,1]
[15625,625,179,5,1]
[4096,-1792,144,49,9,-7,1]
[729,-405,198,-59,22,-5,1]
[729,243,135,46,15,3,1]
[14641,3146,367,26,1]
[15625,2500,233,20,1]
[256,0,96,32,19,8,6,0,1]
[15625,875,-77,7,1]
[256,64,-16,-28,1,-7,-1,1,1]
[4096,-768,-144,81,-9,-3,1]
[4096,-1536,304,-85,19,-6,1]
[2401,147,80,3,1]
[256,0,112,32,27,8,7,0,1]
[256,-128,32,-40,33,-10,2,-2,1]
[4096,576,73,9,1]
[625,-350,94,-14,1]
[4096,-1536,160,-15,10,-6,1]
[4096,512,64,63,4,2,1]
[4096,-1536,-224,179,-14,-6,1]
[4096,1536,672,169,42,6,1]
[14641,-1573,158,-13,1]
[6561,1458,197,18,1]
[512,0,-40,-9,-5,0,1]
[4096,256,48,-61,3,1,1]
[15625,2000,167,16,1]
[256,0,-16,-4,15,-1,-1,0,1]
[256,0,-96,0,33,0,-6,0,1]
[729,-405,243,-83,27,-5,1]
[81,-9,-10,-1,1]
[16384,-1792,197,-14,1]
[15625,-875,194,-7,1]
[4096,1280,560,143,35,5,1]
[1024,-288,79,-9,1]
[14641,1210,76,10,1]
[4096,-768,432,-89,27,-3,1]
[4096,2304,752,203,47,9,1]
[16384,-4352,537,-34,1]
[14641,605,23,5,1]
[4096,-1536,256,-9,16,-6,1]
[256,-320,288,-208,113,-52,18,-5,1]
[256,-128,112,-4,11,-1,7,-2,1]
[256,0,192,-8,65,-2,12,0,1]
[4096,768,352,99,22,3,1]
[256,0,-112,-8,37,-2,-7,0,1]
[256,256,32,-56,-39,-14,2,4,1]
[4096,-1280,608,-137,38,-5,1]
[4096,768,432,65,27,3,1]
[4096,960,171,15,1]
[4096,0,-80,-3,-5,0,1]
[729,0,45,-16,5,0,1]
[4096,512,-32,-31,-2,2,1]
[15625,-500,159,-4,1]
[14641,-484,208,-4,1]
[4096,0,-80,25,-5,0,1]
[4096,1024,336,97,21,4,1]
[256,192,160,60,39,15,10,3,1]
[4096,-256,-48,25,-3,-1,1]
[15625,-250,-43,-2,1]
[256,-128,64,-24,7,-6,4,-2,1]
[729,405,198,91,22,5,1]
[4096,768,288,117,18,3,1]
[4096,-1024,-80,115,-5,-4,1]
[512,320,96,17,12,5,1]
[4096,0,224,-41,14,0,1]
[16384,-1280,-9,-10,1]
[14641,1936,188,16,1]
[4096,512,416,89,26,2,1]
[256,256,160,56,23,14,10,4,1]
[256,-64,0,-4,-1,-1,0,-1,1]
[4096,1536,448,71,28,6,1]
[14641,2662,361,22,1]
[1024,0,11,0,1]
[15625,750,49,6,1]
[4096,512,448,61,28,2,1]
[4096,1792,464,89,29,7,1]
[4096,768,208,-17,13,3,1]
[14641,-2057,182,-17,1]
[256,-64,64,44,-7,11,4,-1,1]
[256,128,48,36,31,9,3,2,1]
[16384,1152,199,9,1]
[4096,1536,448,127,28,6,1]
[256,-64,64,-12,3,-3,4,-1,1]
[4096,-1536,688,-173,43,-6,1]
[256,128,32,24,9,6,2,2,1]
[512,128,40,19,5,2,1]
[4096,1536,-128,-145,-8,6,1]
[4096,-1024,16,79,1,-4,1]
[14641,3025,331,25,1]
[4096,256,96,49,6,1,1]
[4096,-2048,240,21,15,-8,1]
[4096,-2560,480,-47,30,-10,1]
[4096,-704,131,-11,1]
[4096,2048,832,223,52,8,1]
[4096,1024,352,25,22,4,1]
[4096,0,48,5,3,0,1]
[2401,0,32,0,1]
[4096,2304,880,257,55,9,1]
[4096,768,288,47,18,3,1]
[4096,768,96,53,6,3,1]
[4096,-2304,960,-271,60,-9,1]
[14641,-363,-166,-3,1]
[256,64,48,8,1,2,3,1,1]
[4096,-1792,416,-59,26,-7,1]
[4096,0,288,-11,18,0,1]
[729,0,27,-41,3,0,1]
[256,192,128,24,13,6,8,3,1]
[256,-384,192,4,-35,1,12,-6,1]
[4096,256,48,103,3,1,1]
[15625,-1500,56,-12,1]
[256,192,144,76,37,19,9,3,1]
[6561,-1782,275,-22,1]
[6561,-891,40,-11,1]
[4096,-1280,560,-103,35,-5,1]
[4096,0,80,-107,5,0,1]
[512,64,0,-15,0,1,1]
[14641,242,-103,2,1]
[4096,-1280,576,-139,36,-5,1]
[729,-162,99,-26,11,-2,1]
[4096,256,64,-23,4,1,1]
[512,256,136,43,17,4,1]
[4096,576,39,9,1]
[4096,1536,672,167,42,6,1]
[16384,-2304,221,-18,1]
[256,256,128,48,21,12,8,4,1]
[4096,768,80,51,5,3,1]
[729,-162,18,-14,2,-2,1]
[729,162,81,23,9,2,1]
[15625,375,-121,3,1]
[4096,1024,320,153,20,4,1]
[4096,-256,-64,-43,-4,-1,1]
[729,324,72,23,8,4,1]
[15625,-1875,204,-15,1]
[4096,-1024,544,-95,34,-4,1]
[16384,-3200,405,-25,1]
[15625,125,139,1,1]
[6561,243,-28,3,1]
[4096,-1536,480,-143,30,-6,1]
[256,0,-16,8,23,2,-1,0,1]
[256,128,192,72,63,18,12,2,1]
[14641,242,-123,2,1]
[512,64,-56,-11,-7,1,1]
[512,-64,16,1,2,-1,1]
[256,64,0,-16,-1,-4,0,1,1]
[512,64,32,-9,4,1,1]
[4096,1280,336,93,21,5,1]
[256,64,-48,-20,-3,-5,-3,1,1]
[4096,1536,544,195,34,6,1]
[4096,768,-16,-23,-1,3,1]
[256,64,144,8,37,2,9,1,1]
[256,-384,352,-220,119,-55,22,-6,1]
[512,-128,56,-49,7,-2,1]
[15625,-1625,206,-13,1]
[4096,0,160,-5,10,0,1]
[512,-256,176,-51,22,-4,1]
[256,-192,144,-108,53,-27,9,-3,1]
[14641,-242,-35,-2,1]
[256,256,224,156,77,39,14,4,1]
[729,324,171,41,19,4,1]
[15625,-2125,318,-17,1]
[256,0,32,-24,7,-6,2,0,1]
[729,-243,81,-40,9,-3,1]
[4096,-512,320,-9,20,-2,1]
[16384,0,-137,0,1]
[256,0,0,12,3,3,0,0,1]
[4096,1536,560,135,35,6,1]
[4096,1024,16,-67,1,4,1]
[256,64,-32,-4,5,-1,-2,1,1]
[14641,-968,229,-8,1]
[4096,-2560,896,-249,56,-10,1]
[729,81,18,16,2,1,1]
[256,128,80,52,35,13,5,2,1]
[729,-648,378,-143,42,-8,1]
[256,-128,-32,28,-1,7,-2,-2,1]
[256,-144,51,-9,1]
[4096,0,128,-95,8,0,1]
[4096,-768,400,-63,25,-3,1]
[4096,256,448,45,28,1,1]
[4096,1792,272,35,17,7,1]
[4096,-768,256,11,16,-3,1]
[4096,256,176,-13,11,1,1]
[14641,0,-47,0,1]
[256,384,368,264,151,66,23,6,1]
[512,-64,-8,27,-1,-1,1]
[16384,-1408,273,-11,1]
[4096,768,528,81,33,3,1]
[6561,648,58,8,1]
[6561,162,-88,2,1]
[4096,-768,-80,15,-5,-3,1]
[14641,-847,71,-7,1]
[256,0,16,16,-23,4,1,0,1]
[729,243,207,50,23,3,1]
[729,324,153,50,17,4,1]
[4096,-1280,128,-21,8,-5,1]
[4096,-1024,464,-141,29,-4,1]
[15625,1250,124,10,1]
[4096,-768,-112,65,-7,-3,1]
[256,128,112,60,31,15,7,2,1]
[4096,-1024,176,-63,11,-4,1]
[256,64,16,-16,-19,-4,1,1,1]
[4096,512,32,-13,2,2,1]
[4096,-256,640,-29,40,-1,1]
[14641,3146,378,26,1]
[729,-162,0,-4,0,-2,1]
[512,128,-8,-29,-1,2,1]
[256,-64,-96,8,31,2,-6,-1,1]
[6561,-1377,182,-17,1]
[4096,0,336,3,21,0,1]
[16384,1152,209,9,1]
[15625,-250,83,-2,1]
[256,0,0,-8,-19,-2,0,0,1]
[4096,1280,656,135,41,5,1]
[256,-128,160,-68,55,-17,10,-2,1]
[4096,512,288,83,18,2,1]
[15625,-875,-44,-7,1]
[15625,-250,-154,-2,1]
[256,64,16,28,5,7,1,1,1]
[4096,-1280,320,-87,20,-5,1]
[4096,-3072,1344,-387,84,-12,1]
[256,256,176,84,41,21,11,4,1]
[256,-128,48,-24,19,-6,3,-2,1]
[4096,-1024,384,-95,24,-4,1]
[15625,-3375,394,-27,1]
[6561,810,47,10,1]
[16384,-1024,181,-8,1]
[4096,-768,192,35,12,-3,1]
[2401,-980,186,-20,1]
[4096,768,144,-29,9,3,1]
[256,-128,48,-16,17,-4,3,-2,1]
[4096,512,-160,-109,-10,2,1]
[256,-128,32,4,1,1,2,-2,1]
[4096,-256,672,-27,42,-1,1]
[4096,-256,96,-71,6,-1,1]
[6561,-243,-53,-3,1]
[4096,768,80,-27,5,3,1]
[625,-25,22,-1,1]
[4096,2560,896,231,56,10,1]
[4096,2048,928,247,58,8,1]
[15625,1875,269,15,1]
[2401,-49,54,-1,1]
[15625,-1000,98,-8,1]
[64,0,0,3,0,0,1]
[15625,-125,22,-1,1]
[4096,-3072,1200,-337,75,-12,1]
[256,0,0,-32,7,-8,0,0,1]
[4096,1280,-128,-101,-8,5,1]
[15625,-375,114,-3,1]
[4096,-1792,368,-41,23,-7,1]
[256,192,96,0,-5,0,6,3,1]
[4096,-2304,704,-179,44,-9,1]
[16384,-512,99,-4,1]
[14641,-1452,261,-12,1]
[4096,768,176,95,11,3,1]
[6561,-324,-59,-4,1]
[4096,-1664,291,-26,1]
[256,-256,176,-116,65,-29,11,-4,1]
[4096,-512,416,-17,26,-2,1]
[256,512,560,432,249,108,35,8,1]
[256,0,32,-32,-1,-8,2,0,1]
[256,320,272,172,89,43,17,5,1]
[4096,3072,1392,403,87,12,1]
[512,128,64,-3,8,2,1]
[4096,-704,121,-11,1]
[4096,-1024,384,-119,24,-4,1]
[4096,512,-176,-79,-11,2,1]
[4096,-1792,496,-125,31,-7,1]
[256,-192,96,-48,31,-12,6,-3,1]
[15625,2875,368,23,1]
[16384,-3200,403,-25,1]
[14641,363,64,3,1]
[729,-81,90,-23,10,-1,1]
[4096,3584,1648,503,103,14,1]
[15625,750,41,6,1]
[4096,0,192,33,12,0,1]
[4096,256,-48,23,-3,1,1]
[4096,1280,544,103,34,5,1]
[4096,768,0,11,0,3,1]
[256,-128,-64,-12,45,-3,-4,-2,1]
[256,-256,80,36,-41,9,5,-4,1]
[512,-64,112,-15,14,-1,1]
[4096,-192,129,-3,1]
[256,128,80,56,31,14,5,2,1]
[4096,-2304,816,-205,51,-9,1]
[256,64,80,0,11,0,5,1,1]
[14641,-3630,445,-30,1]
[256,-320,288,-176,97,-44,18,-5,1]
[4096,256,288,63,18,1,1]
[4096,2048,544,105,34,8,1]
[4096,768,80,-43,5,3,1]
[256,-128,208,-92,73,-23,13,-2,1]
[15625,-750,163,-6,1]
[6561,324,157,4,1]
[729,-81,45,-38,5,-1,1]
[16384,-2304,171,-18,1]
[4096,-256,128,-1,8,-1,1]
[4096,-256,480,-27,30,-1,1]
[15625,-1750,81,-14,1]
[4096,256,144,67,9,1,1]
[256,-192,192,-116,63,-29,12,-3,1]
[256,0,128,12,35,3,8,0,1]
[15625,-1125,-32,-9,1]
[2401,-294,-8,-6,1]
[4096,-1280,-160,131,-10,-5,1]
[256,-320,224,-132,73,-33,14,-5,1]
[4096,-2048,720,-165,45,-8,1]
[4096,0,144,13,9,0,1]
[256,0,64,32,15,8,4,0,1]
[2401,-196,76,-4,1]
[4096,0,304,5,19,0,1]
[625,-125,32,-5,1]
[729,243,144,31,16,3,1]
[4096,512,256,103,16,2,1]
[4096,768,-224,-91,-14,3,1]
[4096,-2048,576,-129,36,-8,1]
[14641,-605,133,-5,1]
[256,64,-48,4,21,1,-3,1,1]
[6561,1539,203,19,1]
[4096,0,288,-43,18,0,1]
[729,54,-22,2,1]
[14641,-242,156,-2,1]
[256,0,96,-32,21,-8,6,0,1]
[15625,2125,264,17,1]
[4096,2304,624,147,39,9,1]
[256,-64,16,-4,-13,-1,1,-1,1]
[4096,-2304,816,-213,51,-9,1]
[4096,1280,400,49,25,5,1]
[4096,0,-128,-31,-8,0,1]
[256,0,32,20,-3,5,2,0,1]
[2401,-294,54,-6,1]
[4096,2304,368,15,23,9,1]
[256,0,32,-8,23,-2,2,0,1]
[4096,-2560,1152,-333,72,-10,1]
[4096,512,-48,-83,-3,2,1]
[256,-128,96,-24,15,-6,6,-2,1]
[4096,-256,-32,67,-2,-1,1]
[15625,750,206,6,1]
[4096,-256,-160,69,-10,-1,1]
[16384,-128,11,-1,1]
[4096,-768,0,77,0,-3,1]
[6561,-81,-139,-1,1]
[4096,-3072,1328,-385,83,-12,1]
[4096,768,480,89,30,3,1]
[2401,343,72,7,1]
[14641,1694,74,14,1]
[729,81,-45,-38,-5,1,1]
[4096,-512,-16,89,-1,-2,1]
[14641,1694,287,14,1]
[16384,640,-93,5,1]
[729,-324,144,-73,16,-4,1]
[4096,2304,880,253,55,9,1]
[4096,-256,-144,1,-9,-1,1]
[15625,1000,228,8,1]
[4096,-768,149,-12,1]
[16384,-1024,257,-8,1]
[4096,-256,48,-51,3,-1,1]
[16384,-384,-127,-3,1]
[4096,-1280,384,-135,24,-5,1]
[16384,-2688,281,-21,1]
[14641,-1694,115,-14,1]
[729,405,297,92,33,5,1]
[512,-448,296,-115,37,-7,1]
[512,-128,144,-27,18,-2,1]
[4096,0,384,-15,24,0,1]
[729,81,18,4,2,1,1]
[4096,1024,432,89,27,4,1]
[4096,2560,1104,317,69,10,1]
[512,256,168,63,21,4,1]
[6561,1539,214,19,1]
[729,-27,43,-1,1]
[729,-162,-45,38,-5,-2,1]
[256,-320,224,-144,81,-36,14,-5,1]
[14641,-121,-126,-1,1]
[256,-128,16,36,-23,9,1,-2,1]
[4096,1536,-64,-113,-4,6,1]
[256,-64,-32,12,3,3,-2,-1,1]
[4096,-2048,864,-229,54,-8,1]
[512,192,48,21,6,3,1]
[4096,2048,608,129,38,8,1]
[729,-405,117,-26,13,-5,1]
[16384,3328,421,26,1]
[4096,-2048,512,-99,32,-8,1]
[729,324,81,20,9,4,1]
[4096,512,384,25,24,2,1]
[6561,486,116,6,1]
[256,128,176,60,53,15,11,2,1]
[256,-128,48,-16,7,-4,3,-2,1]
[256,-256,224,-128,77,-32,14,-4,1]
[4096,-64,83,-1,1]
[256,256,32,-52,-35,-13,2,4,1]
[4096,1024,143,16,1]
[4096,-1280,416,-77,26,-5,1]
[14641,-363,78,-3,1]
[256,0,0,-4,5,-1,0,0,1]
[4096,768,192,37,12,3,1]
[6561,1296,133,16,1]
[256,-320,176,-16,-13,-4,11,-5,1]
[4096,2048,640,153,40,8,1]
[6561,324,71,4,1]
[729,162,-27,-50,-3,2,1]
[15625,-1000,216,-8,1]
[4096,0,336,51,21,0,1]
[729,-486,234,-83,26,-6,1]
[256,-128,-48,0,29,0,-3,-2,1]
[729,189,29,7,1]
[14641,-1331,139,-11,1]
[14641,-2178,293,-18,1]
[4096,-1024,176,-9,11,-4,1]
[512,64,72,-11,9,1,1]
[729,405,216,67,24,5,1]
[729,405,81,14,9,5,1]
[2401,98,-19,2,1]
[4096,0,-32,-97,-2,0,1]
[4096,1792,48,-87,3,7,1]
[4096,1792,784,193,49,7,1]
[4096,256,528,9,33,1,1]
[6561,0,-53,0,1]
[512,-64,48,-11,6,-1,1]
[625,150,38,6,1]
[4096,1536,416,95,26,6,1]
[14641,-2662,339,-22,1]
[4096,-1024,432,-71,27,-4,1]
[1024,0,-63,0,1]
[15625,-4250,526,-34,1]
[14641,0,116,0,1]
[14641,968,124,8,1]
[512,-64,-40,19,-5,-1,1]
[15625,500,156,4,1]
[14641,-484,155,-4,1]
[4096,-1280,192,-37,12,-5,1]
[14641,-968,135,-8,1]
[4096,-256,96,1,6,-1,1]
[4096,-1536,112,31,7,-6,1]
[4096,1792,416,71,26,7,1]
[4096,-3328,1328,-373,83,-13,1]
[16384,-256,25,-2,1]
[256,-128,-32,16,5,4,-2,-2,1]
[6561,-567,1,-7,1]
[256,0,-16,-4,-1,-1,-1,0,1]
[4096,-768,352,-9,22,-3,1]
[729,-81,162,-23,18,-1,1]
[512,0,40,25,5,0,1]
[4096,-512,304,-13,19,-2,1]
[4096,-768,176,33,11,-3,1]
[4096,1792,896,213,56,7,1]
[16384,-1152,251,-9,1]
[256,-64,176,-24,55,-6,11,-1,1]
[15625,-2250,177,-18,1]
[4096,1536,592,119,37,6,1]
[2401,-784,127,-16,1]
[729,243,0,-22,0,3,1]
[4096,512,512,47,32,2,1]
[729,0,27,-32,3,0,1]
[6561,-162,-55,-2,1]
[4096,0,160,79,10,0,1]
[64,16,12,1,3,1,1]
[15625,-500,-58,-4,1]
[2401,-833,146,-17,1]
[16384,-768,-113,-6,1]
[256,-128,48,-20,13,-5,3,-2,1]
[4096,-512,224,-99,14,-2,1]
[256,-128,64,-44,19,-11,4,-2,1]
[4096,-1536,480,-93,30,-6,1]
[729,567,369,133,41,7,1]
[256,-128,-32,16,3,4,-2,-2,1]
[64,-32,20,-3,5,-2,1]
[4096,-3328,1280,-347,80,-13,1]
[256,-64,160,-36,49,-9,10,-1,1]
[6561,-243,-82,-3,1]
[15625,-375,107,-3,1]
[2401,294,67,6,1]
[256,128,16,20,21,5,1,2,1]
[256,0,96,32,23,8,6,0,1]
[256,-128,16,-8,13,-2,1,-2,1]
[729,81,-9,29,-1,1,1]
[4096,-1024,192,9,12,-4,1]
[4096,-1024,368,-149,23,-4,1]
[256,128,-16,4,19,1,-1,2,1]
[512,-64,112,-9,14,-1,1]
[256,0,-80,12,23,3,-5,0,1]
[729,405,153,34,17,5,1]
[4096,-512,400,-73,25,-2,1]
[4096,-1024,160,-67,10,-4,1]
[4096,-3840,1808,-547,113,-15,1]
[4096,-256,48,-31,3,-1,1]
[4096,-3072,1296,-369,81,-12,1]
[256,64,32,24,-1,6,2,1,1]
[729,-324,117,-56,13,-4,1]
[4096,1280,176,39,11,5,1]
[4096,512,240,89,15,2,1]
[512,-192,80,-49,10,-3,1]
[15625,-250,73,-2,1]
[4096,-64,-45,-1,1]
[729,-189,35,-7,1]
[4096,768,224,57,14,3,1]
[256,128,80,20,1,5,5,2,1]
[14641,-1331,8,-11,1]
[4096,768,48,1,3,3,1]
[64,-32,8,-1,2,-2,1]
[4096,1536,784,181,49,6,1]
[2401,-392,102,-8,1]
[4096,512,336,41,21,2,1]
[15625,-375,-62,-3,1]
[4096,-320,101,-5,1]
[14641,-1452,183,-12,1]
[4096,-2816,1024,-275,64,-11,1]
[4096,-2560,1040,-283,65,-10,1]
[16384,-896,205,-7,1]
[729,-81,-9,-17,-1,-1,1]
[14641,-1452,62,-12,1]
[14641,1210,241,10,1]
[14641,484,124,4,1]
[4096,512,224,9,14,2,1]
[15625,0,-232,0,1]
[4096,1792,464,125,29,7,1]
[4096,-1344,233,-21,1]
[256,320,320,204,119,51,20,5,1]
[4096,256,-112,-21,-7,1,1]
[256,-64,-160,12,53,3,-10,-1,1]
[14641,847,78,7,1]
[15625,-3125,403,-25,1]
[14641,-1573,104,-13,1]
[4096,-2048,336,-21,21,-8,1]
[256,256,112,32,13,8,7,4,1]
[512,64,32,35,4,1,1]
[729,486,261,107,29,6,1]
[16384,-1664,297,-13,1]
[4096,2048,512,101,32,8,1]
[4096,2816,1184,335,74,11,1]
[4096,-2048,560,-145,35,-8,1]
[4096,1024,720,121,45,4,1]
[4096,-512,400,-45,25,-2,1]
[729,405,234,76,26,5,1]
[4096,2304,896,275,56,9,1]
[4096,-1024,64,43,4,-4,1]
[15625,-1125,161,-9,1]
[512,-384,176,-65,22,-6,1]
[4096,1280,544,109,34,5,1]
[729,-324,81,-1,9,-4,1]
[15625,-375,-28,-3,1]
[4096,-1536,160,29,10,-6,1]
[729,-486,216,-76,24,-6,1]
[15625,125,-76,1,1]
[6561,-729,28,-9,1]
[256,128,128,76,35,19,8,2,1]
[729,-162,36,-4,4,-2,1]
[64,0,12,9,3,0,1]
[729,486,72,-8,8,6,1]
[4096,768,48,-3,3,3,1]
[4096,768,-224,-81,-14,3,1]
[4096,1024,64,17,4,4,1]
[256,128,96,56,21,14,6,2,1]
[14641,-605,151,-5,1]
[256,128,48,-24,-23,-6,3,2,1]
[4096,-256,144,-111,9,-1,1]
[512,0,104,-7,13,0,1]
[4096,1280,32,-57,2,5,1]
[4096,-2304,736,-179,46,-9,1]
[4096,-1280,16,59,1,-5,1]
[4096,512,192,-19,12,2,1]
[625,-100,43,-4,1]
[4096,-640,141,-10,1]
[6561,-729,119,-9,1]
[14641,-726,113,-6,1]
[512,-448,216,-85,27,-7,1]
[4096,-1792,688,-181,43,-7,1]
[4096,192,-25,3,1]
[4096,512,32,-77,2,2,1]
[14641,-726,-91,-6,1]
[256,128,144,48,39,12,9,2,1]
[4096,-256,48,-23,3,-1,1]
[4096,-1024,624,-117,39,-4,1]
[512,128,-40,-43,-5,2,1]
[4096,256,-208,-51,-13,1,1]
[64,-64,60,-31,15,-4,1]
[4096,2304,864,249,54,9,1]
[16384,-1408,225,-11,1]
[16384,-128,21,-1,1]
[15625,2875,313,23,1]
[4096,768,128,-7,8,3,1]
[4096,256,208,85,13,1,1]
[4096,0,272,15,17,0,1]
[14641,-484,-78,-4,1]
[4096,512,512,73,32,2,1]
[14641,-1573,250,-13,1]
[15625,-2625,249,-21,1]
[15625,-3750,456,-30,1]
[4096,2048,816,233,51,8,1]
[15625,2250,239,18,1]
[256,-64,64,32,-7,8,4,-1,1]
[4096,-1024,-96,105,-6,-4,1]
[729,0,-9,2,-1,0,1]
[256,-64,32,-16,-15,-4,2,-1,1]
[256,128,80,20,7,5,5,2,1]
[4096,-1792,592,-157,37,-7,1]
[4096,1280,-144,-137,-9,5,1]
[14641,-1694,216,-14,1]
[729,243,171,46,19,3,1]
[256,-64,-48,16,1,4,-3,-1,1]
[14641,1452,243,12,1]
[729,729,324,106,36,9,1]
[4096,-768,32,-41,2,-3,1]
[4096,-1280,-224,173,-14,-5,1]
[15625,-375,67,-3,1]
[256,128,96,40,35,10,6,2,1]
[256,0,16,24,5,6,1,0,1]
[16384,-2560,327,-20,1]
[6561,-405,119,-5,1]
[256,64,-16,0,15,0,-1,1,1]
[729,0,36,13,4,0,1]
[4096,-768,-160,101,-10,-3,1]
[4096,768,592,65,37,3,1]
[512,-128,-48,21,-6,-2,1]
[512,0,16,-11,2,0,1]
[14641,3993,500,33,1]
[256,-64,32,4,17,1,2,-1,1]
[64,-32,0,1,0,-2,1]
[4096,-512,256,-103,16,-2,1]
[16384,-384,-23,-3,1]
[729,-162,135,-10,15,-2,1]
[729,-567,306,-124,34,-7,1]
[14641,3267,419,27,1]
[4096,-2048,704,-197,44,-8,1]
[4096,-256,-64,-57,-4,-1,1]
[256,-64,32,28,-21,7,2,-1,1]
[729,486,153,35,17,6,1]
[4096,-2304,944,-261,59,-9,1]
[4096,-768,704,-95,44,-3,1]
[4096,1280,-192,-165,-12,5,1]
[4096,-1024,720,-123,45,-4,1]
[256,64,48,-4,-3,-1,3,1,1]
[4096,-1536,-112,135,-7,-6,1]
[6561,810,178,10,1]
[256,0,80,12,29,3,5,0,1]
[4096,-768,144,9,9,-3,1]
[4096,-1280,496,-133,31,-5,1]
[4096,1280,272,31,17,5,1]
[14641,-605,10,-5,1]
[4096,-1536,416,-101,26,-6,1]
[4096,-1280,352,-99,22,-5,1]
[4096,1792,800,203,50,7,1]
[729,378,95,14,1]
[256,64,32,16,7,4,2,1,1]
[4096,-256,224,-59,14,-1,1]
[14641,2057,134,17,1]
[4096,-1280,160,29,10,-5,1]
[4096,-512,192,27,12,-2,1]
[14641,1089,191,9,1]
[4096,768,672,89,42,3,1]
[2401,245,72,5,1]
[625,-50,-22,-2,1]
[4096,2048,848,241,53,8,1]
[4096,0,80,-77,5,0,1]
[256,64,16,28,27,7,1,1,1]
[15625,1375,147,11,1]
[729,0,108,2,12,0,1]
[256,0,64,4,13,1,4,0,1]
[15625,3250,397,26,1]
[4096,-1024,544,-93,34,-4,1]
[729,-324,126,-61,14,-4,1]
[16384,-1152,83,-9,1]
[729,-81,27,7,3,-1,1]
[4096,-384,15,-6,1]
[14641,1331,104,11,1]
[256,-64,112,-44,25,-11,7,-1,1]
[4096,1024,96,-53,6,4,1]
[4096,0,-16,65,-1,0,1]
[256,192,112,60,29,15,7,3,1]
[4096,-256,240,13,15,-1,1]
[512,-320,168,-71,21,-5,1]
[6561,405,166,5,1]
[4096,0,320,1,20,0,1]
[256,64,48,28,-7,7,3,1,1]
[256,-128,32,0,-3,0,2,-2,1]
[4096,768,32,-55,2,3,1]
[15625,2250,198,18,1]
[4096,512,672,59,42,2,1]
[4096,256,512,17,32,1,1]
[256,0,0,-4,25,-1,0,0,1]
[729,-81,144,-25,16,-1,1]
[256,64,64,16,3,4,4,1,1]
[4096,512,-112,-103,-7,2,1]
[14641,484,149,4,1]
[1024,352,75,11,1]
[6561,-1215,172,-15,1]
[6561,243,16,3,1]
[16384,-2304,177,-18,1]
[125,-11,1]
[15625,125,-108,1,1]
[256,0,48,8,1,2,3,0,1]
[15625,250,-168,2,1]
[15625,-4000,478,-32,1]
[4096,-512,-64,9,-4,-2,1]
[16384,1024,217,8,1]
[16384,384,-23,3,1]
[14641,-3146,400,-26,1]
[256,-64,48,-12,15,-3,3,-1,1]
[4096,512,160,-49,10,2,1]
[4096,1792,384,63,24,7,1]
[4096,2304,992,261,62,9,1]
[16384,-640,-79,-5,1]
[4096,-768,256,-39,16,-3,1]
[729,405,252,85,28,5,1]
[4096,512,16,31,1,2,1]
[729,243,99,41,11,3,1]
[14641,242,186,2,1]
[6561,405,59,5,1]
[512,0,-16,21,-2,0,1]
[256,320,256,148,77,37,16,5,1]
[2401,0,69,0,1]
[4096,2048,384,47,24,8,1]
[4096,-2048,752,-227,47,-8,1]
[4096,-512,176,-97,11,-2,1]
[256,64,0,-4,-13,-1,0,1,1]
[6561,-1620,206,-20,1]
[1024,-32,-35,-1,1]
[4096,1536,576,135,36,6,1]
[4096,-1792,592,-163,37,-7,1]
[4096,-1280,416,-55,26,-5,1]
[4096,256,32,49,2,1,1]
[512,320,-16,-47,-2,5,1]
[512,64,56,5,7,1,1]
[4096,0,240,61,15,0,1]
[4096,-512,-16,95,-1,-2,1]
[256,64,128,24,39,6,8,1,1]
[4096,256,432,21,27,1,1]
[4096,-1024,640,-95,40,-4,1]
[14641,0,-46,0,1]
[15625,-3625,422,-29,1]
[4096,0,-48,-61,-3,0,1]
[6561,-81,-100,-1,1]
[729,162,-36,-20,-4,2,1]
[4096,1536,672,143,42,6,1]
[4096,2304,400,29,25,9,1]
[4096,-1024,368,-83,23,-4,1]
[256,192,80,44,23,11,5,3,1]
[625,25,14,1,1]
[256,-192,-16,48,-21,12,-1,-3,1]
[4096,-1024,400,-121,25,-4,1]
[14641,-1210,247,-10,1]
[4096,-512,224,-53,14,-2,1]
[4096,-1024,80,19,5,-4,1]
[256,0,-32,12,19,3,-2,0,1]
[14641,-2662,356,-22,1]
[4096,-1280,-144,129,-9,-5,1]
[16384,2176,299,17,1]
[4096,-768,304,-69,19,-3,1]
[729,243,126,37,14,3,1]
[6561,-1377,226,-17,1]
[729,-216,43,-8,1]
[4096,-1024,256,-45,16,-4,1]
[14641,121,181,1,1]
[4096,-1792,592,-199,37,-7,1]
[15625,-3125,397,-25,1]
[256,-64,176,-32,57,-8,11,-1,1]
[4096,1024,416,109,26,4,1]
[729,-162,36,22,4,-2,1]
[512,320,0,-39,0,5,1]
[4096,-768,544,-81,34,-3,1]
[15625,-1625,159,-13,1]
[4096,-576,113,-9,1]
[16384,0,-31,0,1]
[256,0,-96,0,17,0,-6,0,1]
[256,-192,96,-52,35,-13,6,-3,1]
[15625,-1875,253,-15,1]
[2401,-196,26,-4,1]
[4096,-1280,304,-111,19,-5,1]
[256,0,48,16,-5,4,3,0,1]
[16384,-3712,405,-29,1]
[512,-128,-16,25,-2,-2,1]
[4096,-1024,0,27,0,-4,1]
[4096,-256,-96,-29,-6,-1,1]
[14641,968,-37,8,1]
[729,-567,288,-118,32,-7,1]
[16384,-768,-71,-6,1]
[14641,605,-123,5,1]
[14641,484,150,4,1]
[4096,1024,272,5,17,4,1]
[4096,-256,48,77,3,-1,1]
[729,-162,72,-37,8,-2,1]
[14641,-242,205,-2,1]
[15625,375,76,3,1]
[4096,-192,1,-3,1]
[14641,-121,15,-1,1]
[4096,-768,496,-91,31,-3,1]
[14641,-1331,75,-11,1]
[729,162,117,44,13,2,1]
[16384,-2176,225,-17,1]
[4096,-2816,1040,-281,65,-11,1]
[729,-486,198,-65,22,-6,1]
[4096,896,97,14,1]
[256,320,224,128,69,32,14,5,1]
[14641,2057,271,17,1]
[4096,-1280,-64,105,-4,-5,1]
[16384,1664,147,13,1]
[14641,1089,207,9,1]
[4096,2816,912,223,57,11,1]
[4096,-1280,544,-135,34,-5,1]
[4096,768,256,85,16,3,1]
[256,64,0,-12,-5,-3,0,1,1]
[15625,3375,396,27,1]
[4096,512,528,55,33,2,1]
[256,-64,-16,-4,9,-1,-1,-1,1]
[4096,512,0,55,0,2,1]
[4096,-1024,176,19,11,-4,1]
[6561,1539,229,19,1]
[729,81,90,26,10,1,1]
[4096,0,43,0,1]
[14641,-1210,-1,-10,1]
[6561,1539,223,19,1]
[14641,-1573,254,-13,1]
[4096,-768,128,-45,8,-3,1]
[512,128,88,27,11,2,1]
[256,-64,112,-28,35,-7,7,-1,1]
[15625,3000,388,24,1]
[4096,-512,128,-109,8,-2,1]
[4096,2048,688,185,43,8,1]
[4096,-320,-35,-5,1]
[4096,2048,304,13,19,8,1]
[729,-243,-27,23,-3,-3,1]
[15625,2500,329,20,1]
[15625,1500,178,12,1]
[16384,-384,239,-3,1]
[15625,375,84,3,1]
[64,32,8,5,2,2,1]
[15625,375,-31,3,1]
[256,-128,80,-44,23,-11,5,-2,1]
[14641,3630,453,30,1]
[4096,-512,272,-101,17,-2,1]
[14641,-3025,393,-25,1]
[256,320,272,176,93,44,17,5,1]
[4096,-1280,528,-87,33,-5,1]
[256,64,64,28,3,7,4,1,1]
[256,0,32,8,-1,2,2,0,1]
[15625,-375,-23,-3,1]
[256,128,80,12,15,3,5,2,1]
[14641,605,-35,5,1]
[4096,-768,-32,75,-2,-3,1]
[4096,-256,-64,105,-4,-1,1]
[4096,2304,752,183,47,9,1]
[14641,-1452,57,-12,1]
[4096,1024,672,103,42,4,1]
[4096,-2304,1024,-281,64,-9,1]
[729,54,28,2,1]
[256,-64,0,4,-17,1,0,-1,1]
[4096,256,112,75,7,1,1]
[2401,-392,61,-8,1]
[4096,-1280,352,-55,22,-5,1]
[512,-384,96,-11,12,-6,1]
[4096,1280,368,115,23,5,1]
[729,-324,108,-53,12,-4,1]
[729,0,-2,0,1]
[729,-567,126,-10,14,-7,1]
[4096,512,240,21,15,2,1]
[512,128,104,35,13,2,1]
[256,64,-96,-4,35,-1,-6,1,1]
[2401,294,81,6,1]
[4096,-1280,112,11,7,-5,1]
[15625,-2625,287,-21,1]
[4096,-1280,576,-113,36,-5,1]
[4096,-1536,400,-121,25,-6,1]
[4096,1536,480,79,30,6,1]
[4096,0,560,-11,35,0,1]
[6561,-729,122,-9,1]
[4096,256,544,35,34,1,1]
[256,-128,64,-28,21,-7,4,-2,1]
[4096,1536,512,143,32,6,1]
[256,-64,-96,12,21,3,-6,-1,1]
[14641,-2178,276,-18,1]
[2401,294,104,6,1]
[4096,-1024,240,-11,15,-4,1]
[4096,-512,80,-69,5,-2,1]
[512,320,48,-1,6,5,1]
[256,64,16,-4,-9,-1,1,1,1]
[4096,-2816,1280,-375,80,-11,1]
[14641,1331,117,11,1]
[14641,-847,69,-7,1]
[4096,2304,560,113,35,9,1]
[512,192,40,25,5,3,1]
[4096,0,96,-3,6,0,1]
[256,-64,32,16,-11,4,2,-1,1]
[14641,2541,227,21,1]
[4096,-1792,624,-201,39,-7,1]
[256,0,64,-52,3,-13,4,0,1]
[15625,-2875,317,-23,1]
[256,-320,288,-196,105,-49,18,-5,1]
[4096,2048,352,39,22,8,1]
[4096,2048,944,241,59,8,1]
[4096,512,192,-37,12,2,1]
[4096,1024,608,89,38,4,1]
[256,64,80,-16,11,-4,5,1,1]
[16384,-4352,525,-34,1]
[4096,-1280,464,-79,29,-5,1]
[729,162,126,14,14,2,1]
[14641,0,-86,0,1]
[16384,2944,301,23,1]
[2401,-441,103,-9,1]
[14641,2662,272,22,1]
[14641,-121,-170,-1,1]
[256,128,-32,-36,-11,-9,-2,2,1]
[16384,384,-175,3,1]
[15625,3625,434,29,1]
[256,192,128,48,19,12,8,3,1]
[16384,-768,73,-6,1]
[256,-64,32,32,-17,8,2,-1,1]
[16384,-896,157,-7,1]
[625,-25,-2,-1,1]
[256,0,48,-48,1,-12,3,0,1]
[512,-320,0,37,0,-5,1]
[4096,-768,-16,-19,-1,-3,1]
[15625,0,-151,0,1]
[15625,1625,51,13,1]
[4096,768,16,-89,1,3,1]
[6561,1620,223,20,1]
[15625,625,53,5,1]
[4096,-1280,80,59,5,-5,1]
[4096,768,432,37,27,3,1]
[256,0,32,8,13,2,2,0,1]
[4096,-2816,864,-207,54,-11,1]
[14641,-363,-81,-3,1]
[512,-320,112,-43,14,-5,1]
[256,-384,384,-276,155,-69,24,-6,1]
[256,-256,112,-8,-5,-2,7,-4,1]
[256,-384,320,-200,107,-50,20,-6,1]
[256,-64,64,-8,15,-2,4,-1,1]
[4096,1536,512,121,32,6,1]
[4096,2560,832,199,52,10,1]
[4096,-512,272,-95,17,-2,1]
[2401,196,66,4,1]
[6561,-1215,170,-15,1]
[15625,0,-18,0,1]
[4096,1536,16,-87,1,6,1]
[512,0,8,15,1,0,1]
[16384,3584,393,28,1]
[256,256,192,92,47,23,12,4,1]
[4096,3328,1472,447,92,13,1]
[4096,-256,103,-4,1]
[625,-75,6,-3,1]
[4096,-1536,608,-141,38,-6,1]
[4096,1280,432,131,27,5,1]
[256,-64,80,16,11,4,5,-1,1]
[15625,-3375,412,-27,1]
[729,-324,126,-25,14,-4,1]
[14641,-1089,168,-9,1]
[256,-256,176,-80,41,-20,11,-4,1]
[4096,0,176,47,11,0,1]
[4096,768,0,29,0,3,1]
[256,448,336,144,57,36,21,7,1]
[16384,256,-45,2,1]
[4096,1792,544,173,34,7,1]
[14641,726,-73,6,1]
[729,81,135,28,15,1,1]
[14641,1815,114,15,1]
[15625,1250,169,10,1]
[4096,384,129,6,1]
[16384,896,-83,7,1]
[256,192,32,-36,-33,-9,2,3,1]
[4096,768,240,109,15,3,1]
[4096,0,32,51,2,0,1]
[256,-64,0,-28,13,-7,0,-1,1]
[14641,1573,262,13,1]
[2401,-735,142,-15,1]
[16384,-128,-71,-1,1]
[256,192,64,-4,-19,-1,4,3,1]
[256,320,192,128,81,32,12,5,1]
[16384,-768,35,-6,1]
[4096,1280,672,141,42,5,1]
[4096,768,128,39,8,3,1]
[16384,-1920,191,-15,1]
[16384,896,249,7,1]
[512,128,56,15,7,2,1]
[1024,160,5,5,1]
[2401,49,74,1,1]
[4096,-256,304,7,19,-1,1]
[4096,1536,720,151,45,6,1]
[729,0,-9,-35,-1,0,1]
[16384,-512,-13,-4,1]
[4096,-1280,16,71,1,-5,1]
[4096,768,-48,-109,-3,3,1]
[4096,768,368,83,23,3,1]
[625,50,-16,2,1]
[4096,768,-144,-59,-9,3,1]
[15625,1750,168,14,1]
[4096,-1536,-96,127,-6,-6,1]
[125,6,1]
[4096,1024,64,-17,4,4,1]
[6561,567,-31,7,1]
[6561,324,91,4,1]
[6561,810,148,10,1]
[256,192,32,-28,-25,-7,2,3,1]
[4096,256,48,65,3,1,1]
[4096,1792,96,-69,6,7,1]
[16384,-1664,125,-13,1]
[256,-128,80,-40,17,-10,5,-2,1]
[4096,-896,151,-14,1]
[256,192,176,72,45,18,11,3,1]
[256,-320,208,-128,75,-32,13,-5,1]
[256,-320,240,-116,55,-29,15,-5,1]
[6561,0,95,0,1]
[256,-64,16,36,-19,9,1,-1,1]
[2401,686,143,14,1]
[729,324,198,56,22,4,1]
[4096,-2304,880,-267,55,-9,1]
[4096,-512,-16,63,-1,-2,1]
[4096,-256,224,-57,14,-1,1]
[6561,-1944,289,-24,1]
[4096,-512,208,-79,13,-2,1]
[729,486,234,73,26,6,1]
[4096,128,97,2,1]
[16384,128,223,1,1]
[4096,-704,103,-11,1]
[729,-243,153,-41,17,-3,1]
[4096,-512,176,-75,11,-2,1]
[4096,256,21,4,1]
[6561,1053,161,13,1]
[4096,256,-112,-101,-7,1,1]
[16384,-1152,153,-9,1]
[4096,256,160,69,10,1,1]
[4096,-1024,464,-121,29,-4,1]
[4096,256,320,-17,20,1,1]
[256,128,-16,8,23,2,-1,2,1]
[14641,-2904,295,-24,1]
[15625,-3375,378,-27,1]
[4096,0,25,0,1]
[16384,-2688,361,-21,1]
[15625,125,147,1,1]
[14641,847,124,7,1]
[14641,484,-7,4,1]
[4096,2816,1200,343,75,11,1]
[4096,1536,192,-3,12,6,1]
[512,-192,72,-17,9,-3,1]
[256,-192,80,-40,27,-10,5,-3,1]
[729,-81,-9,49,-1,-1,1]
[256,-320,256,-156,79,-39,16,-5,1]
[256,-64,16,-20,13,-5,1,-1,1]
[729,243,144,41,16,3,1]
[729,-648,387,-146,43,-8,1]
[14641,1452,239,12,1]
[512,128,-16,-3,-2,2,1]
[625,25,24,1,1]
[256,-160,53,-10,1]
[14641,-3872,471,-32,1]
[14641,484,-114,4,1]
[4096,256,-32,-45,-2,1,1]
[15625,625,221,5,1]
[4096,-1280,592,-133,37,-5,1]
[4096,-2304,384,-23,24,-9,1]
[4096,3072,1408,421,88,12,1]
[256,64,-64,-8,25,-2,-4,1,1]
[16384,-512,-135,-4,1]
[4096,512,352,23,22,2,1]
[4096,2304,1136,301,71,9,1]
[256,-128,32,24,-17,6,2,-2,1]
[15625,1750,278,14,1]
[4096,-768,-48,57,-3,-3,1]
[729,324,171,71,19,4,1]
[4096,-768,736,-93,46,-3,1]
[4096,1792,368,57,23,7,1]
[729,-81,-11,-3,1]
[256,-64,128,-20,33,-5,8,-1,1]
[729,-405,189,-55,21,-5,1]
[512,64,152,17,19,1,1]
[4096,768,240,107,15,3,1]
[6561,81,136,1,1]
[16384,-640,231,-5,1]
[16384,-2048,159,-16,1]
[512,64,-16,-39,-2,1,1]
[14641,1331,216,11,1]
[512,-512,328,-137,41,-8,1]
[4096,256,560,21,35,1,1]
[256,128,96,8,7,2,6,2,1]
[256,-192,32,-28,29,-7,2,-3,1]
[4096,-512,192,-83,12,-2,1]
[256,-256,112,8,-23,2,7,-4,1]
[15625,0,37,0,1]
[256,-64,16,-36,13,-9,1,-1,1]
[4096,-1792,624,-173,39,-7,1]
[512,64,80,31,10,1,1]
[729,324,54,13,6,4,1]
[15625,-750,157,-6,1]
[15625,2625,308,21,1]
[4096,1280,256,5,16,5,1]
[729,-405,153,-34,17,-5,1]
[4096,-128,101,-2,1]
[4096,1024,432,99,27,4,1]
[256,256,80,-28,-33,-7,5,4,1]
[15625,-250,108,-2,1]
[14641,1210,-10,10,1]
[256,-64,48,52,-15,13,3,-1,1]
[256,-256,240,-172,87,-43,15,-4,1]
[729,162,117,47,13,2,1]
[6561,-405,1,-5,1]
[256,0,48,-12,-3,-3,3,0,1]
[14641,2662,262,22,1]
[4096,-512,128,-19,8,-2,1]
[4096,1280,416,105,26,5,1]
[4096,-320,39,-5,1]
[15625,375,93,3,1]
[4096,-2560,1104,-331,69,-10,1]
[512,-64,8,29,1,-1,1]
[4096,-768,208,-33,13,-3,1]
[6561,-1296,157,-16,1]
[15625,0,119,0,1]
[625,-375,103,-15,1]
[729,-729,342,-118,38,-9,1]
[15625,1000,241,8,1]
[4096,-1536,576,-117,36,-6,1]
[4096,-256,176,-93,11,-1,1]
[4096,-1024,16,-5,1,-4,1]
[4096,0,112,-31,7,0,1]
[4096,-256,304,27,19,-1,1]
[256,64,128,16,35,4,8,1,1]
[6561,891,59,11,1]
[729,-162,-63,32,-7,-2,1]
[4096,0,272,59,17,0,1]
[6561,972,158,12,1]
[2401,-147,-38,-3,1]
[4096,2304,800,193,50,9,1]
[2401,392,104,8,1]
[256,32,-7,2,1]
[512,-256,64,-13,8,-4,1]
[4096,1280,16,-73,1,5,1]
[6561,486,166,6,1]
[4096,256,368,51,23,1,1]
[16384,0,-157,0,1]
[625,75,37,3,1]
[64,32,8,-3,2,2,1]
[256,448,464,344,193,86,29,7,1]
[16384,2176,311,17,1]
[6561,-81,13,-1,1]
[256,320,144,0,-21,0,9,5,1]
[4096,-512,304,-87,19,-2,1]
[14641,1089,-14,9,1]
[15625,-1125,84,-9,1]
[4096,1024,112,-7,7,4,1]
[16384,2176,289,17,1]
[14641,-1331,107,-11,1]
[6561,-243,-71,-3,1]
[4096,-1792,560,-111,35,-7,1]
[14641,-1694,166,-14,1]
[6561,567,166,7,1]
[512,192,168,41,21,3,1]
[4096,1280,160,43,10,5,1]
[2401,-147,97,-3,1]
[4096,-512,-144,111,-9,-2,1]
[4096,0,-160,25,-10,0,1]
[16384,3200,337,25,1]
[6561,-648,133,-8,1]
[512,128,88,37,11,2,1]
[256,-64,-48,-8,21,-2,-3,-1,1]
[512,-192,-8,19,-1,-3,1]
[4096,768,592,97,37,3,1]
[256,64,-48,12,25,3,-3,1,1]
[14641,-1452,107,-12,1]
[14641,1573,153,13,1]
[4096,-2048,960,-247,60,-8,1]
[4096,256,-48,59,-3,1,1]
[256,0,16,36,5,9,1,0,1]
[4096,768,32,-35,2,3,1]
[256,-64,48,20,3,5,3,-1,1]
[16384,-1792,143,-14,1]
[14641,-726,-83,-6,1]
[729,-162,-54,32,-6,-2,1]
[4096,768,-32,-95,-2,3,1]
[256,-128,64,-36,5,-9,4,-2,1]
[729,162,-54,-37,-6,2,1]
[256,64,80,8,21,2,5,1,1]
[14641,-1210,166,-10,1]
[15625,-125,-6,-1,1]
[4096,-1536,576,-163,36,-6,1]
[4096,-768,80,11,5,-3,1]
[729,-27,25,-1,1]
[4096,512,592,57,37,2,1]
[14641,1331,43,11,1]
[81,9,10,1,1]
[6561,-486,-13,-6,1]
[4096,0,464,21,29,0,1]
[14641,-2904,371,-24,1]
[512,-192,72,-25,9,-3,1]
[1024,-192,21,-6,1]
[14641,0,-117,0,1]
[6561,-567,166,-7,1]
[256,0,16,-24,-7,-6,1,0,1]
[14641,-242,241,-2,1]
[4096,-768,496,-55,31,-3,1]
[512,-320,184,-67,23,-5,1]
[15625,500,169,4,1]
[256,-128,128,-48,41,-12,8,-2,1]
[4096,-2048,176,49,11,-8,1]
[256,256,208,128,73,32,13,4,1]
[4096,768,80,27,5,3,1]
[6561,-81,-14,-1,1]
[256,0,0,4,-3,1,0,0,1]
[6561,-81,130,-1,1]
[4096,1280,-32,-97,-2,5,1]
[15625,-2375,253,-19,1]
[512,256,72,19,9,4,1]
[14641,-363,214,-3,1]
[256,-48,7,-3,1]
[625,0,38,0,1]
[256,128,96,60,31,15,6,2,1]
[15625,375,-69,3,1]
[4096,256,112,-45,7,1,1]
[4096,-1792,-80,147,-5,-7,1]
[14641,2057,303,17,1]
[256,64,96,-4,13,-1,6,1,1]
[15625,750,-79,6,1]
[14641,1694,101,14,1]
[256,-64,64,48,-11,12,4,-1,1]
[256,192,32,36,39,9,2,3,1]
[4096,1536,544,179,34,6,1]
[4096,-512,47,-8,1]
[16384,2048,107,16,1]
[729,567,297,125,33,7,1]
[14641,2178,261,18,1]
[4096,512,-160,-37,-10,2,1]
[729,81,18,8,2,1,1]
[14641,3509,433,29,1]
[14641,3751,459,31,1]
[4096,-2560,992,-287,62,-10,1]
[4096,256,384,55,24,1,1]
[15625,1375,241,11,1]
[256,0,-32,0,17,0,-2,0,1]
[6561,-1701,239,-21,1]
[4096,-768,256,-101,16,-3,1]
[256,320,288,176,99,44,18,5,1]
[14641,-726,180,-6,1]
[15625,2625,312,21,1]
[256,0,48,-8,9,-2,3,0,1]
[256,-192,112,-44,29,-11,7,-3,1]
[14641,-121,34,-1,1]
[6561,-243,-41,-3,1]
[2401,490,103,10,1]
[15625,1000,204,8,1]
[15625,-3000,319,-24,1]
[729,405,99,8,11,5,1]
[256,-64,-16,12,13,3,-1,-1,1]
[6561,405,37,5,1]
[14641,121,116,1,1]
[6561,891,118,11,1]
[14641,-2299,199,-19,1]
[4096,-1024,384,-111,24,-4,1]
[16384,-768,123,-6,1]
[4096,1280,80,-21,5,5,1]
[256,-256,160,-72,33,-18,10,-4,1]
[512,-64,0,-19,0,-1,1]
[6561,1458,223,18,1]
[4096,-256,144,-93,9,-1,1]
[6561,-1620,202,-20,1]
[512,128,64,1,8,2,1]
[256,256,160,44,15,11,10,4,1]
[6561,891,125,11,1]
[4096,-256,240,-65,15,-1,1]
[4096,1024,16,-1,1,4,1]
[256,64,0,-24,-9,-6,0,1,1]
[256,-256,80,-40,33,-10,5,-4,1]
[4096,-768,144,-19,9,-3,1]
[64,-16,16,-3,4,-1,1]
[4096,256,64,27,4,1,1]
[729,81,63,-19,7,1,1]
[4096,-1792,192,23,12,-7,1]
[4096,1536,496,141,31,6,1]
[4096,1280,-224,-173,-14,5,1]
[15625,-875,158,-7,1]
[4096,0,16,69,1,0,1]
[4096,256,3,4,1]
[15625,-1125,-37,-9,1]
[16384,640,147,5,1]
[4096,512,464,41,29,2,1]
[4096,512,192,-25,12,2,1]
[16384,3072,393,24,1]
[729,-324,171,-44,19,-4,1]
[4096,3072,1328,403,83,12,1]
[4096,256,288,-35,18,1,1]
[256,192,0,0,17,0,0,3,1]
[2401,-49,80,-1,1]
[4096,1024,112,5,7,4,1]
[15625,-750,77,-6,1]
[4096,512,416,7,26,2,1]
[1024,96,53,3,1]
[4096,-256,32,-51,2,-1,1]
[4096,-512,128,-35,8,-2,1]
[729,-162,-9,10,-1,-2,1]
[4096,-128,5,-2,1]
[4096,-512,80,-39,5,-2,1]
[256,64,96,28,41,7,6,1,1]
[15625,125,199,1,1]
[256,320,112,-52,-57,-13,7,5,1]
[16384,-384,219,-3,1]
[256,128,16,-12,-1,-3,1,2,1]
[6561,1701,220,21,1]
[4096,-2048,304,-11,19,-8,1]
[14641,0,7,0,1]
[729,243,72,-2,8,3,1]
[4096,512,0,-59,0,2,1]
[6561,972,83,12,1]
[729,162,-54,-29,-6,2,1]
[16384,-768,129,-6,1]
[16384,-1664,291,-13,1]
[4096,1536,96,-53,6,6,1]
[256,-384,352,-232,129,-58,22,-6,1]
[4096,-768,160,-45,10,-3,1]
[6561,1863,254,23,1]
[4096,-1280,-96,101,-6,-5,1]
[14641,-2904,373,-24,1]
[4096,-512,-16,19,-1,-2,1]
[14641,-726,39,-6,1]
[256,-64,80,-40,31,-10,5,-1,1]
[4096,1024,32,-61,2,4,1]
[512,64,112,19,14,1,1]
[4096,0,464,-1,29,0,1]
[4096,-256,144,-107,9,-1,1]
[15625,-750,4,-6,1]
[6561,-891,152,-11,1]
[4096,-256,336,19,21,-1,1]
[729,108,14,4,1]
[4096,-256,16,-83,1,-1,1]
[4096,-1792,128,39,8,-7,1]
[4096,-128,-47,-2,1]
[6561,324,155,4,1]
[4096,-1280,480,-93,30,-5,1]
[4096,2304,960,281,60,9,1]
[256,-64,-16,0,5,0,-1,-1,1]
[16384,1152,23,9,1]
[512,384,112,27,14,6,1]
[16384,-1024,-3,-8,1]
[4096,1280,432,153,27,5,1]
[256,-64,112,4,23,1,7,-1,1]
[256,-128,32,-8,13,-2,2,-2,1]
[64,16,-8,-11,-2,1,1]
[729,-243,207,-55,23,-3,1]
[4096,-768,64,69,4,-3,1]
[4096,768,176,71,11,3,1]
[16384,512,17,4,1]
[14641,242,-107,2,1]
[256,-448,304,-80,9,-20,19,-7,1]
[14641,-484,63,-4,1]
[4096,-768,480,-65,30,-3,1]
[4096,-3584,1696,-513,106,-14,1]
[4096,1024,400,83,25,4,1]
[4096,-1792,640,-173,40,-7,1]
[512,-64,56,17,7,-1,1]
[4096,-2048,800,-195,50,-8,1]
[256,-64,112,8,21,2,7,-1,1]
[16384,1280,203,10,1]
[4096,2304,976,277,61,9,1]
[14641,968,35,8,1]
[14641,726,57,6,1]
[256,0,32,-32,-13,-8,2,0,1]
[4096,256,-16,-105,-1,1,1]
[15625,1125,228,9,1]
[729,-81,27,-40,3,-1,1]
[729,-243,135,-50,15,-3,1]
[14641,847,223,7,1]
[16384,768,143,6,1]
[729,270,67,10,1]
[512,64,40,25,5,1,1]
[256,448,400,252,133,63,25,7,1]
[4096,-2048,1024,-261,64,-8,1]
[4096,1536,736,191,46,6,1]
[256,-64,128,-36,45,-9,8,-1,1]
[16384,-128,-41,-1,1]
[256,-256,192,-108,55,-27,12,-4,1]
[14641,-1452,31,-12,1]
[256,0,32,44,5,11,2,0,1]
[256,-64,112,-4,25,-1,7,-1,1]
[14641,847,40,7,1]
[14641,-605,19,-5,1]
[4096,-768,224,25,14,-3,1]
[512,-192,104,-15,13,-3,1]
[6561,-162,58,-2,1]
[4096,-1536,672,-139,42,-6,1]
[4096,-1280,592,-131,37,-5,1]
[4096,-1792,320,-41,20,-7,1]
[256,-64,-80,4,21,1,-5,-1,1]
[14641,3993,492,33,1]
[14641,1210,201,10,1]
[729,0,-18,-8,-2,0,1]
[1024,128,19,4,1]
[4096,1536,640,157,40,6,1]
[16384,-2048,221,-16,1]
[2401,343,78,7,1]
[15625,3500,443,28,1]
[16384,1920,163,15,1]
[14641,-1452,81,-12,1]
[4096,-1280,368,-115,23,-5,1]
[4096,960,163,15,1]
[4096,1792,352,39,22,7,1]
[14641,-1573,206,-13,1]
[729,-243,0,19,0,-3,1]
[4096,-1280,368,-45,23,-5,1]
[4096,256,64,-27,4,1,1]
[14641,2057,152,17,1]
[4096,512,416,11,26,2,1]
[729,-891,540,-214,60,-11,1]
[256,192,112,44,17,11,7,3,1]
[2401,-343,60,-7,1]
[256,0,-48,-12,5,-3,-3,0,1]
[15625,-1000,-47,-8,1]
[729,-81,153,-26,17,-1,1]
[6561,-2187,326,-27,1]
[15625,-1250,262,-10,1]
[4096,-768,-80,83,-5,-3,1]
[729,-81,54,14,6,-1,1]
[6561,-1215,124,-15,1]
[16384,-2176,165,-17,1]
[729,405,198,76,22,5,1]
[4096,-256,240,21,15,-1,1]
[4096,1280,221,20,1]
[729,-162,54,17,6,-2,1]
[4096,-1024,336,-41,21,-4,1]
[4096,512,464,55,29,2,1]
[4096,-1024,736,-125,46,-4,1]
[14641,-2541,344,-21,1]
[6561,-81,-143,-1,1]
[729,-405,189,-86,21,-5,1]
[15625,3125,344,25,1]
[4096,-2560,640,-125,40,-10,1]
[4096,256,43,4,1]
[4096,-2304,752,-185,47,-9,1]
[256,64,16,24,21,6,1,1,1]
[4096,1536,448,111,28,6,1]
[512,-320,96,-25,12,-5,1]
[16384,512,69,4,1]
[729,-81,108,4,12,-1,1]
[4096,-2048,864,-257,54,-8,1]
[256,-64,64,4,7,1,4,-1,1]
[256,0,0,16,-9,4,0,0,1]
[4096,-2560,1040,-303,65,-10,1]
[256,128,32,-12,-3,-3,2,2,1]
[729,-567,279,-94,31,-7,1]
[512,-64,48,-39,6,-1,1]
[256,128,0,-8,5,-2,0,2,1]
[14641,1452,195,12,1]
[729,-243,72,-23,8,-3,1]
[15625,-750,-27,-6,1]
[4096,-256,416,-39,26,-1,1]
[14641,-1210,39,-10,1]
[256,-64,64,-32,17,-8,4,-1,1]
[729,0,27,44,3,0,1]
[15625,-1500,174,-12,1]
[4096,256,96,-55,6,1,1]
[15625,-2250,166,-18,1]
[256,-128,64,-24,9,-6,4,-2,1]
[729,81,-5,3,1]
[14641,-242,-71,-2,1]
[729,-324,81,-34,9,-4,1]
[256,-64,-16,4,-11,1,-1,-1,1]
[4096,-512,-144,19,-9,-2,1]
[256,-64,-32,-8,31,-2,-2,-1,1]
[4096,320,95,5,1]
[4096,-512,-96,25,-6,-2,1]
[4096,-512,112,-31,7,-2,1]
[4096,-768,144,13,9,-3,1]
[729,243,9,-23,1,3,1]
[256,-192,144,-32,19,-8,9,-3,1]
[4096,-2304,832,-235,52,-9,1]
[256,16,13,1,1]
[4096,-256,-32,115,-2,-1,1]
[16384,384,123,3,1]
[15625,2500,289,20,1]
[14641,-242,43,-2,1]
[4096,0,0,43,0,0,1]
[256,128,176,76,59,19,11,2,1]
[14641,968,163,8,1]
[4096,256,304,-33,19,1,1]
[1024,32,25,1,1]
[1024,-128,-9,-4,1]
[14641,-242,221,-2,1]
[6561,-1053,160,-13,1]
[16384,-640,103,-5,1]
[4096,768,0,-71,0,3,1]
[256,-128,128,-40,31,-10,8,-2,1]
[15625,625,253,5,1]
[14641,-363,195,-3,1]
[729,-81,45,20,5,-1,1]
[729,405,252,86,28,5,1]
[4096,256,80,71,5,1,1]
[4096,768,-96,-23,-6,3,1]
[14641,-1089,224,-9,1]
[4096,256,-112,-77,-7,1,1]
[14641,1089,18,9,1]
[4096,1792,96,-65,6,7,1]
[256,128,-64,-32,5,-8,-4,2,1]
[4096,-192,43,-3,1]
[729,486,225,80,25,6,1]
[256,32,31,2,1]
[4096,-512,51,-8,1]
[4096,512,0,-3,0,2,1]
[729,162,144,28,16,2,1]
[4096,512,-128,-59,-8,2,1]
[256,-128,96,-44,23,-11,6,-2,1]
[256,0,16,4,-3,1,1,0,1]
[4096,1024,272,101,17,4,1]
[14641,-1210,21,-10,1]
[4096,0,272,-25,17,0,1]
[15625,1250,-13,10,1]
[4096,2304,864,223,54,9,1]
[256,-192,112,-32,9,-8,7,-3,1]
[64,0,12,-3,3,0,1]
[15625,125,118,1,1]
[16384,3200,401,25,1]
[6561,972,196,12,1]
[4096,-512,-16,1,-1,-2,1]
[512,-256,120,-59,15,-4,1]
[16384,-384,215,-3,1]
[14641,484,60,4,1]
[256,-192,96,-48,19,-12,6,-3,1]
[512,256,208,61,26,4,1]
[15625,1000,248,8,1]
[4096,-2048,288,-15,18,-8,1]
[16384,-1920,279,-15,1]
[729,-162,0,-17,0,-2,1]
[16384,384,-25,3,1]
[4096,1024,368,63,23,4,1]
[14641,-2420,217,-20,1]
[4096,-768,64,-21,4,-3,1]
[4096,512,464,63,29,2,1]
[256,0,-144,0,47,0,-9,0,1]
[4096,-768,48,5,3,-3,1]
[14641,2541,295,21,1]
[512,-384,136,-37,17,-6,1]
[15625,2625,251,21,1]
[729,-162,0,-10,0,-2,1]
[256,-128,128,-84,39,-21,8,-2,1]
[256,-320,320,-216,127,-54,20,-5,1]
[15625,-1250,247,-10,1]
[4096,256,160,59,10,1,1]
[512,-128,-48,35,-6,-2,1]
[15625,1000,-56,8,1]
[4096,-2048,816,-237,51,-8,1]
[4096,1792,656,153,41,7,1]
[4096,1280,432,91,27,5,1]
[256,0,-64,4,19,1,-4,0,1]
[256,-192,112,-48,31,-12,7,-3,1]
[512,0,24,-19,3,0,1]
[512,320,24,-25,3,5,1]
[729,-81,27,16,3,-1,1]
[4096,768,96,45,6,3,1]
[4096,-768,448,-63,28,-3,1]
[4096,0,45,0,1]
[256,-64,64,-20,3,-5,4,-1,1]
[15625,1000,-29,8,1]
[4096,512,96,83,6,2,1]
[6561,81,73,1,1]
[14641,-242,-109,-2,1]
[14641,242,50,2,1]
[729,324,45,11,5,4,1]
[14641,242,124,2,1]
[6561,1134,101,14,1]
[14641,2057,302,17,1]
[4096,-1024,160,21,10,-4,1]
[4096,512,144,-39,9,2,1]
[4096,-1024,224,-111,14,-4,1]
[4096,0,208,9,13,0,1]
[2401,784,155,16,1]
[729,81,-36,-11,-4,1,1]
[4096,-512,464,-61,29,-2,1]
[4096,512,0,-67,0,2,1]
[256,-128,16,20,-21,5,1,-2,1]
[16384,1408,243,11,1]
[6561,1134,113,14,1]
[6561,162,-40,2,1]
[256,-192,64,44,-37,11,4,-3,1]
[4096,1024,80,-33,5,4,1]
[15625,625,62,5,1]
[15625,-125,81,-1,1]
[256,128,128,80,33,20,8,2,1]
[6561,1944,302,24,1]
[6561,0,-25,0,1]
[14641,1210,226,10,1]
[729,-243,63,-32,7,-3,1]
[4096,-256,-16,81,-1,-1,1]
[16384,3584,419,28,1]
[14641,-242,126,-2,1]
[4096,-768,192,-67,12,-3,1]
[4096,2816,1072,287,67,11,1]
[4096,-384,73,-6,1]
[512,128,-32,-35,-4,2,1]
[6561,-567,31,-7,1]
[16384,-640,-125,-5,1]
[14641,-1573,266,-13,1]
[4096,64,99,1,1]
[4096,-3840,1728,-509,108,-15,1]
[256,64,-48,0,19,0,-3,1,1]
[4096,-2560,1040,-305,65,-10,1]
[4096,0,80,19,5,0,1]
[14641,1694,119,14,1]
[15625,-1500,112,-12,1]
[64,-16,-4,1,-1,-1,1]
[4096,-1024,560,-83,35,-4,1]
[4096,1024,352,33,22,4,1]
[4096,-1792,336,-67,21,-7,1]
[2401,147,-22,3,1]
[4096,1280,176,47,11,5,1]
[2401,49,-81,1,1]
[256,-192,0,48,-27,12,0,-3,1]
[4096,-1792,256,-21,16,-7,1]
[256,0,48,-28,5,-7,3,0,1]
[16384,-128,-125,-1,1]
[625,-25,-8,-1,1]
[729,243,-18,-32,-2,3,1]
[256,64,48,36,1,9,3,1,1]
[4096,256,352,-21,22,1,1]
[4096,-1024,-144,107,-9,-4,1]
[4096,-512,-128,1,-8,-2,1]
[4096,1024,368,75,23,4,1]
[512,-256,8,19,1,-4,1]
[15625,750,-19,6,1]
[4096,-512,368,-85,23,-2,1]
[256,-320,208,-84,33,-21,13,-5,1]
[256,0,80,-48,5,-12,5,0,1]
[4096,-640,91,-10,1]
[4096,256,-48,-89,-3,1,1]
[256,0,16,24,7,6,1,0,1]
[4096,-2048,448,-73,28,-8,1]
[256,-256,144,-80,49,-20,9,-4,1]
[256,64,80,24,31,6,5,1,1]
[4096,960,177,15,1]
[729,-486,54,22,6,-6,1]
[4096,512,144,-7,9,2,1]
[729,-486,297,-101,33,-6,1]
[6561,405,25,5,1]
[4096,-320,33,-5,1]
[256,64,-48,-4,5,-1,-3,1,1]
[4096,0,-64,-11,-4,0,1]
[256,-64,-64,12,19,3,-4,-1,1]
[14641,242,16,2,1]
[1024,-128,31,-4,1]
[16384,3840,461,30,1]
[4096,1024,112,41,7,4,1]
[256,128,-64,-4,29,-1,-4,2,1]
[15625,-625,252,-5,1]
[4096,0,256,-61,16,0,1]
[4096,0,64,93,4,0,1]
[256,192,80,44,31,11,5,3,1]
[256,-192,32,24,-19,6,2,-3,1]
[4096,-1280,384,-125,24,-5,1]
[4096,-2048,112,77,7,-8,1]
[512,-448,232,-93,29,-7,1]
[4096,1536,848,181,53,6,1]
[4096,-1280,160,-15,10,-5,1]
[14641,1089,244,9,1]
[6561,81,32,1,1]
[4096,0,-80,-9,-5,0,1]
[512,-64,144,-13,18,-1,1]
[512,-256,160,-49,20,-4,1]
[729,324,-45,-52,-5,4,1]
[729,81,99,29,11,1,1]
[729,243,54,31,6,3,1]
[256,0,-16,16,15,4,-1,0,1]
[4096,-512,176,19,11,-2,1]
[14641,-726,248,-6,1]
[15625,1125,119,9,1]
[4096,-256,80,7,5,-1,1]
[729,81,-27,13,-3,1,1]
[4096,-1792,736,-199,46,-7,1]
[4096,0,48,-37,3,0,1]
[256,-128,-48,4,21,1,-3,-2,1]
[4096,-512,48,5,3,-2,1]
[6561,-648,115,-8,1]
[512,-320,80,-21,10,-5,1]
[729,324,-18,-38,-2,4,1]
[4096,768,-32,-93,-2,3,1]
[16384,-2176,249,-17,1]
[256,192,144,88,45,22,9,3,1]
[256,-128,48,8,1,2,3,-2,1]
[2401,-147,-55,-3,1]
[4096,-768,80,5,5,-3,1]
[15625,-500,232,-4,1]
[14641,-1331,36,-11,1]
[256,-128,48,-28,5,-7,3,-2,1]
[729,216,55,8,1]
[4096,1280,-128,-135,-8,5,1]
[4096,2048,976,261,61,8,1]
[4096,-512,608,-51,38,-2,1]
[256,-64,48,-8,19,-2,3,-1,1]
[4096,-1536,-64,111,-4,-6,1]
[729,243,117,32,13,3,1]
[256,-192,80,-8,-5,-2,5,-3,1]
[4096,-1792,528,-167,33,-7,1]
[256,-64,-48,12,5,3,-3,-1,1]
[15625,250,143,2,1]
[4096,-1280,16,37,1,-5,1]
[14641,-1452,78,-12,1]
[729,0,0,19,0,0,1]
[4096,0,-144,23,-9,0,1]
[4096,-256,-16,57,-1,-1,1]
[6561,-1296,166,-16,1]
[4096,-1024,-96,103,-6,-4,1]
[729,-243,-63,46,-7,-3,1]
[4096,-1024,480,-137,30,-4,1]
[4096,1792,416,111,26,7,1]
[14641,1573,119,13,1]
[14641,-726,169,-6,1]
[256,128,0,-36,-25,-9,0,2,1]
[4096,768,-48,-31,-3,3,1]
[4096,-1024,16,35,1,-4,1]
[729,-243,153,-46,17,-3,1]
[256,-320,208,-88,35,-22,13,-5,1]
[4096,-256,144,-35,9,-1,1]
[4096,-512,64,-1,4,-2,1]
[6561,1296,145,16,1]
[625,-125,3,-5,1]
[4096,512,400,59,25,2,1]
[4096,1536,544,107,34,6,1]
[4096,-1792,-16,109,-1,-7,1]
[4096,1280,112,5,7,5,1]
[2401,-196,92,-4,1]
[4096,-2048,960,-257,60,-8,1]
[512,-384,216,-95,27,-6,1]
[14641,-1694,266,-14,1]
[14641,1089,195,9,1]
[729,-810,468,-184,52,-10,1]
[256,0,80,-28,11,-7,5,0,1]
[256,64,0,-16,-31,-4,0,1,1]
[729,-243,0,4,0,-3,1]
[16384,-1536,235,-12,1]
[256,256,80,0,-7,0,5,4,1]
[4096,768,704,97,44,3,1]
[729,243,-54,-46,-6,3,1]
[14641,-121,120,-1,1]
[729,-243,162,-58,18,-3,1]
[4096,2048,768,239,48,8,1]
[14641,-605,-41,-5,1]
[729,-351,83,-13,1]
[4096,768,304,129,19,3,1]
[15625,-500,177,-4,1]
[729,-243,81,-35,9,-3,1]
[4096,-256,64,37,4,-1,1]
[4096,512,352,65,22,2,1]
[4096,256,144,-61,9,1,1]
[16384,2176,231,17,1]
[15625,-125,-9,-1,1]
[512,320,168,71,21,5,1]
[512,-256,152,-43,19,-4,1]
[4096,1024,656,127,41,4,1]
[256,192,80,-8,-11,-2,5,3,1]
[256,64,96,48,27,12,6,1,1]
[14641,1210,-8,10,1]
[729,0,63,14,7,0,1]
[4096,1536,-160,-145,-10,6,1]
[256,192,64,-28,-23,-7,4,3,1]
[14641,-2420,309,-20,1]
[4096,-1280,384,-141,24,-5,1]
[14641,968,56,8,1]
[14641,242,-74,2,1]
[14641,2420,282,20,1]
[256,-128,16,8,-11,2,1,-2,1]
[4096,1024,144,-27,9,4,1]
[4096,-512,208,-91,13,-2,1]
[256,64,144,52,45,13,9,1,1]
[4096,2304,928,239,58,9,1]
[4096,-1280,384,-155,24,-5,1]
[256,-512,560,-432,249,-108,35,-8,1]
[4096,512,144,-35,9,2,1]
[4096,-512,624,-67,39,-2,1]
[256,128,16,-8,-11,-2,1,2,1]
[2401,98,-12,2,1]
[14641,-2178,207,-18,1]
[256,-64,112,-44,35,-11,7,-1,1]
[4096,-512,608,-53,38,-2,1]
[4096,-1280,-32,81,-2,-5,1]
[16384,-896,-51,-7,1]
[16384,512,-145,4,1]
[15625,-625,-87,-5,1]
[2401,-882,166,-18,1]
[4096,3072,1200,329,75,12,1]
[256,0,-64,8,17,2,-4,0,1]
[2401,-196,12,-4,1]
[4096,-512,-48,-27,-3,-2,1]
[16384,256,-171,2,1]
[4096,0,112,39,7,0,1]
[625,-100,29,-4,1]
[4096,-768,-160,129,-10,-3,1]
[256,64,-32,-12,13,-3,-2,1,1]
[4096,-1024,144,-63,9,-4,1]
[15625,750,-38,6,1]
[15625,125,-106,1,1]
[64,96,68,35,17,6,1]
[729,162,45,34,5,2,1]
[4096,-1536,496,-173,31,-6,1]
[256,128,16,20,17,5,1,2,1]
[256,192,48,-8,-11,-2,3,3,1]
[729,0,81,14,9,0,1]
[256,0,32,-16,-11,-4,2,0,1]
[4096,-768,352,-35,22,-3,1]
[16384,1408,203,11,1]
[14641,-363,-172,-3,1]
[16384,256,89,2,1]
[512,128,-24,-15,-3,2,1]
[4096,256,304,-31,19,1,1]
[4096,1280,656,129,41,5,1]
[4096,2304,656,157,41,9,1]
[512,-64,48,-5,6,-1,1]
[729,243,153,35,17,3,1]
[4096,-512,112,-55,7,-2,1]
[4096,-2560,528,-69,33,-10,1]
[4096,256,128,79,8,1,1]
[4096,-704,129,-11,1]
[14641,-484,135,-4,1]
[4096,512,-48,-7,-3,2,1]
[14641,1210,166,10,1]
[256,-192,128,-32,15,-8,8,-3,1]
[15625,1750,162,14,1]
[256,256,112,12,-5,3,7,4,1]
[15625,3250,361,26,1]
[14641,-1815,114,-15,1]
[14641,-2904,296,-24,1]
[15625,4000,502,32,1]
[256,-256,80,24,-31,6,5,-4,1]
[4096,1792,720,191,45,7,1]
[4096,2048,512,121,32,8,1]
[4096,2048,576,141,36,8,1]
[256,0,-16,-8,11,-2,-1,0,1]
[2401,0,85,0,1]
[512,0,-32,13,-4,0,1]
[2401,-882,167,-18,1]
[15625,0,-242,0,1]
[4096,768,-144,-77,-9,3,1]
[4096,768,-160,-125,-10,3,1]
[6561,1053,79,13,1]
[4096,-2048,976,-259,61,-8,1]
[256,64,48,-32,-7,-8,3,1,1]
[15625,-4375,533,-35,1]
[16384,-2816,247,-22,1]
[256,0,0,-24,3,-6,0,0,1]
[4096,768,256,133,16,3,1]
[4096,-64,-37,-1,1]
[14641,-726,23,-6,1]
[4096,0,96,39,6,0,1]
[4096,-256,224,21,14,-1,1]
[4096,1024,608,107,38,4,1]
[14641,-1331,19,-11,1]
[14641,121,153,1,1]
[4096,-1280,512,-135,32,-5,1]
[4096,-512,336,-5,21,-2,1]
[15625,-625,33,-5,1]
[256,0,32,16,-9,4,2,0,1]
[16384,-4352,521,-34,1]
[256,192,16,-40,-23,-10,1,3,1]
[15625,-1500,126,-12,1]
[4096,-512,640,-59,40,-2,1]
[256,192,144,44,29,11,9,3,1]
[14641,2178,268,18,1]
[512,320,144,55,18,5,1]
[729,162,-27,-44,-3,2,1]
[256,-128,0,-12,15,-3,0,-2,1]
[4096,0,320,-39,20,0,1]
[256,-80,31,-5,1]
[4096,-1280,-160,133,-10,-5,1]
[14641,847,203,7,1]
[729,0,-18,35,-2,0,1]
[4096,-256,112,11,7,-1,1]
[256,192,64,-12,-17,-3,4,3,1]
[4096,1536,592,135,37,6,1]
[4096,1536,480,91,30,6,1]
[14641,2299,325,19,1]
[4096,-1536,224,9,14,-6,1]
[16384,-256,241,-2,1]
[256,-192,112,-64,43,-16,7,-3,1]
[15625,-2500,221,-20,1]
[256,0,-16,12,-11,3,-1,0,1]
[729,-648,297,-106,33,-8,1]
[4096,256,0,3,0,1,1]
[4096,-3072,1408,-409,88,-12,1]
[14641,1573,54,13,1]
[256,0,176,0,57,0,11,0,1]
[729,-162,-27,14,-3,-2,1]
[4096,0,-32,51,-2,0,1]
[4096,-512,80,-25,5,-2,1]
[4096,256,-144,-23,-9,1,1]
[256,128,48,-8,1,-2,3,2,1]
[4096,256,-128,-39,-8,1,1]
[4096,1024,288,117,18,4,1]
[4096,1536,336,87,21,6,1]
[14641,2904,296,24,1]
[4096,-2560,864,-213,54,-10,1]
[14641,242,223,2,1]
[4096,-256,0,19,0,-1,1]
[15625,2500,283,20,1]
[2401,-588,106,-12,1]
[2401,0,54,0,1]
[512,192,88,9,11,3,1]
[4096,-1280,48,11,3,-5,1]
[2401,-1078,216,-22,1]
[15625,875,-37,7,1]
[4096,256,48,83,3,1,1]
[4096,1024,384,131,24,4,1]
[4096,512,1,8,1]
[14641,-847,119,-7,1]
[4096,-1152,181,-18,1]
[4096,-1792,544,-163,34,-7,1]
[16384,768,15,6,1]
[4096,256,48,-11,3,1,1]
[4096,64,65,1,1]
[729,-162,126,-17,14,-2,1]
[14641,0,-60,0,1]
[4096,-768,624,-89,39,-3,1]
[4096,-512,304,-81,19,-2,1]
[16384,4480,557,35,1]
[729,405,45,-14,5,5,1]
[4096,-256,464,-11,29,-1,1]
[4096,512,96,111,6,2,1]
[16384,-1024,-57,-8,1]
[15625,1250,79,10,1]
[16384,-4608,577,-36,1]
[4096,2048,704,201,44,8,1]
[15625,375,63,3,1]
[14641,2420,320,20,1]
[6561,-810,94,-10,1]
[16384,-1664,157,-13,1]
[256,-64,-32,-8,11,-2,-2,-1,1]
[256,-128,16,28,-25,7,1,-2,1]
[15625,2375,199,19,1]
[256,256,192,108,53,27,12,4,1]
[16384,4096,507,32,1]
[4096,-256,-160,45,-10,-1,1]
[1024,128,25,4,1]
[4096,1024,464,77,29,4,1]
[4096,512,144,-25,9,2,1]
[15625,-1875,236,-15,1]
[729,243,144,23,16,3,1]
[4096,-1280,464,-83,29,-5,1]
[512,128,16,-21,2,2,1]
[4096,1024,304,119,19,4,1]
[729,324,45,-16,5,4,1]
[14641,242,169,2,1]
[15625,3000,347,24,1]
[16384,-1408,79,-11,1]
[4096,-768,416,-85,26,-3,1]
[14641,-3388,404,-28,1]
[16384,640,63,5,1]
[729,162,90,-1,10,2,1]
[4096,768,-176,-83,-11,3,1]
[4096,-1024,272,-61,17,-4,1]
[4096,1280,544,157,34,5,1]
[4096,-1024,240,-41,15,-4,1]
[256,-64,32,-8,5,-2,2,-1,1]
[6561,-81,-136,-1,1]
[15625,2125,317,17,1]
[256,-64,96,-8,21,-2,6,-1,1]
[729,-162,-9,-7,-1,-2,1]
[512,64,32,23,4,1,1]
[4096,-320,63,-5,1]
[4096,768,-160,-77,-10,3,1]
[4096,-1024,288,-63,18,-4,1]
[4096,-1280,384,-139,24,-5,1]
[256,-64,32,40,-23,10,2,-1,1]
[4096,-1024,-64,67,-4,-4,1]
[4096,512,160,83,10,2,1]
[4096,768,-240,-95,-15,3,1]
[14641,2299,230,19,1]
[4096,-512,208,-37,13,-2,1]
[256,-128,144,-44,35,-11,9,-2,1]
[256,-192,32,-20,23,-5,2,-3,1]
[256,128,48,-12,-19,-3,3,2,1]
[729,-243,153,-26,17,-3,1]
[14641,605,216,5,1]
[15625,-250,207,-2,1]
[4096,-1280,384,-153,24,-5,1]
[4096,-768,160,-35,10,-3,1]
[6561,-567,-26,-7,1]
[4096,-1280,240,-27,15,-5,1]
[4096,-512,464,-19,29,-2,1]
[4096,1792,416,91,26,7,1]
[15625,-1250,93,-10,1]
[15625,0,137,0,1]
[64,32,13,4,1]
[256,0,16,-20,-1,-5,1,0,1]
[2401,-245,13,-5,1]
[512,-128,16,19,2,-2,1]
[512,64,24,35,3,1,1]
[4096,256,320,63,20,1,1]
[15625,-1000,-52,-8,1]
[16384,-3840,463,-30,1]
[15625,1375,166,11,1]
[15625,250,-38,2,1]
[4096,1280,640,115,40,5,1]
[15625,-1625,191,-13,1]
[256,-384,320,-192,97,-48,20,-6,1]
[729,324,81,2,9,4,1]
[512,0,-8,9,-1,0,1]
[15625,3250,398,26,1]
[4096,-512,64,-51,4,-2,1]
[15625,-2375,248,-19,1]
[256,-64,160,-20,49,-5,10,-1,1]
[4096,-768,-112,107,-7,-3,1]
[14641,-2299,222,-19,1]
[15625,0,-144,0,1]
[6561,972,128,12,1]
[14641,0,167,0,1]
[14641,-847,136,-7,1]
[2401,343,85,7,1]
[16384,-2944,339,-23,1]
[4096,1024,16,-19,1,4,1]
[256,128,64,-20,-13,-5,4,2,1]
[14641,-1210,73,-10,1]
[4096,1536,624,157,39,6,1]
[16384,896,7,7,1]
[81,-9,10,-1,1]
[4096,1792,736,195,46,7,1]
[16384,1024,-55,8,1]
[14641,-484,243,-4,1]
[256,0,48,-4,29,-1,3,0,1]
[729,-243,-72,49,-8,-3,1]
[256,0,0,-4,19,-1,0,0,1]
[729,-486,261,-104,29,-6,1]
[16384,1792,65,14,1]
[256,64,128,-4,27,-1,8,1,1]
[512,64,88,17,11,1,1]
[4096,256,96,93,6,1,1]
[6561,0,-4,0,1]
[16384,-1536,173,-12,1]
[256,64,16,-40,-9,-10,1,1,1]
[14641,-847,73,-7,1]
[15625,-2875,368,-23,1]
[14641,-1452,219,-12,1]
[4096,-1536,0,75,0,-6,1]
[16384,-4608,561,-36,1]
[4096,-3328,1296,-357,81,-13,1]
[4096,-1024,-192,119,-12,-4,1]
[256,0,112,-20,25,-5,7,0,1]
[6561,-243,70,-3,1]
[4096,-1024,496,-83,31,-4,1]
[14641,-484,-73,-4,1]
[16384,-512,129,-4,1]
[256,64,48,32,17,8,3,1,1]
[4096,-256,512,-17,32,-1,1]
[256,128,160,52,49,13,10,2,1]
[4096,-512,192,-25,12,-2,1]
[4096,-1024,0,11,0,-4,1]
[256,-64,-32,12,5,3,-2,-1,1]
[256,64,96,-16,11,-4,6,1,1]
[4096,256,272,-17,17,1,1]
[729,324,27,-11,3,4,1]
[6561,1296,215,16,1]
[256,-64,64,-36,23,-9,4,-1,1]
[256,64,16,16,19,4,1,1,1]
[14641,-3509,420,-29,1]
[729,0,-9,22,-1,0,1]
[256,192,48,-40,-35,-10,3,3,1]
[14641,-242,59,-2,1]
[14641,-605,190,-5,1]
[4096,512,384,69,24,2,1]
[4096,-256,144,13,9,-1,1]
[729,243,36,1,4,3,1]
[15625,3250,411,26,1]
[4096,-512,-48,41,-3,-2,1]
[4096,2304,608,143,38,9,1]
[4096,-1536,720,-191,45,-6,1]
[4096,-2816,1296,-375,81,-11,1]
[4096,768,320,25,20,3,1]
[4096,0,96,-49,6,0,1]
[2401,294,80,6,1]
[4096,256,-80,-3,-5,1,1]
[14641,-2662,354,-22,1]
[4096,512,-32,-49,-2,2,1]
[512,384,232,93,29,6,1]
[4096,-256,416,7,26,-1,1]
[4096,1536,496,119,31,6,1]
[256,64,-96,-8,27,-2,-6,1,1]
[729,0,0,16,0,0,1]
[64,0,28,3,7,0,1]
[128,11,1]
[15625,1000,223,8,1]
[4096,0,-80,35,-5,0,1]
[4096,-2304,512,-85,32,-9,1]
[256,-128,64,-8,-9,-2,4,-2,1]
[729,108,-10,4,1]
[256,-128,16,-24,21,-6,1,-2,1]
[4096,-1536,640,-189,40,-6,1]
[4096,2816,960,253,60,11,1]
[4096,-1280,464,-121,29,-5,1]
[14641,-1452,150,-12,1]
[256,64,64,48,23,12,4,1,1]
[625,175,42,7,1]
[4096,1024,288,119,18,4,1]
[4096,1792,688,153,43,7,1]
[256,-64,-80,4,25,1,-5,-1,1]
[15625,-3000,384,-24,1]
[15625,1000,-39,8,1]
[4096,256,368,29,23,1,1]
[4096,512,96,73,6,2,1]
[256,128,32,-16,-25,-4,2,2,1]
[256,0,-16,-24,1,-6,-1,0,1]
[256,64,32,32,27,8,2,1,1]
[256,-256,128,-28,1,-7,8,-4,1]
[256,-320,224,-128,65,-32,14,-5,1]
[256,-192,176,-120,63,-30,11,-3,1]
[2401,0,40,0,1]
[4096,-768,752,-93,47,-3,1]
[4096,-512,368,-5,23,-2,1]
[6561,1701,247,21,1]
[4096,-768,352,-127,22,-3,1]
[16384,2944,285,23,1]
[256,-192,128,-44,27,-11,8,-3,1]
[4096,-128,-5,-2,1]
[256,-192,32,36,-27,9,2,-3,1]
[256,-64,-96,12,25,3,-6,-1,1]
[4096,-256,-64,33,-4,-1,1]
[256,-128,112,-12,13,-3,7,-2,1]
[256,-128,96,-24,25,-6,6,-2,1]
[4096,2048,896,249,56,8,1]
[4096,512,464,31,29,2,1]
[14641,-2420,299,-20,1]
[4096,-1024,240,-39,15,-4,1]
[4096,512,80,13,5,2,1]
[14641,363,69,3,1]
[6561,-891,139,-11,1]
[4096,-256,144,41,9,-1,1]
[2401,-196,79,-4,1]
[729,0,-63,-4,-7,0,1]
[512,704,456,191,57,11,1]
[4096,-512,-96,-7,-6,-2,1]
[4096,768,-32,-7,-2,3,1]
[4096,-832,145,-13,1]
[16384,512,-37,4,1]
[4096,1536,528,179,33,6,1]
[14641,-363,-8,-3,1]
[4096,-3072,1424,-417,89,-12,1]
[256,-128,48,-16,-1,-4,3,-2,1]
[256,-192,64,0,-9,0,4,-3,1]
[16384,-1792,289,-14,1]
[4096,768,304,75,19,3,1]
[4096,-1280,352,-51,22,-5,1]
[14641,242,58,2,1]
[15625,-500,2,-4,1]
[16,-4,3,-1,1]
[4096,-512,368,-93,23,-2,1]
[1024,32,29,1,1]
[81,45,16,5,1]
[15625,-1000,183,-8,1]
[4096,0,64,-43,4,0,1]
[2401,49,23,1,1]
[4096,0,224,71,14,0,1]
[4096,-256,112,-41,7,-1,1]
[4096,-512,336,-89,21,-2,1]
[4096,-2560,1232,-341,77,-10,1]
[4096,256,640,29,40,1,1]
[4096,3072,1488,437,93,12,1]
[4096,-1536,208,-27,13,-6,1]
[15625,3500,416,28,1]
[4096,768,0,-65,0,3,1]
[256,-64,-16,4,-1,1,-1,-1,1]
[15625,-1250,268,-10,1]
[256,-64,64,-36,9,-9,4,-1,1]
[64,48,16,1,4,3,1]
[15625,0,-7,0,1]
[14641,2299,217,19,1]
[16384,1664,53,13,1]
[14641,1815,228,15,1]
[64,-48,4,5,1,-3,1]
[729,-162,153,-31,17,-2,1]
[16384,-3456,375,-27,1]
[256,-320,192,-64,21,-16,12,-5,1]
[256,-192,80,-48,29,-12,5,-3,1]
[256,320,256,152,75,38,16,5,1]
[15625,-500,-74,-4,1]
[256,-64,16,-4,23,-1,1,-1,1]
[15625,1125,-16,9,1]
[4096,768,560,101,35,3,1]
[4096,-256,528,-31,33,-1,1]
[512,-192,-24,21,-3,-3,1]
[16384,1536,153,12,1]
[6561,81,71,1,1]
[4096,-768,-64,107,-4,-3,1]
[14641,-968,221,-8,1]
[4096,-1280,32,69,2,-5,1]
[2401,392,34,8,1]
[4096,3840,1808,545,113,15,1]
[256,128,32,-24,-27,-6,2,2,1]
[4096,-2560,432,-23,27,-10,1]
[4096,1024,-224,-117,-14,4,1]
[256,-128,-48,-16,41,-4,-3,-2,1]
[6561,-243,-25,-3,1]
[4096,0,-80,-59,-5,0,1]
[256,-128,48,8,-9,2,3,-2,1]
[4096,768,304,105,19,3,1]
[729,-243,162,-49,18,-3,1]
[4096,-2304,544,-93,34,-9,1]
[4096,256,-112,-99,-7,1,1]
[4096,-768,432,-81,27,-3,1]
[256,384,352,224,121,56,22,6,1]
[6561,810,106,10,1]
[16384,-1024,171,-8,1]
[6561,-486,2,-6,1]
[1024,-32,35,-1,1]
[256,320,176,60,23,15,11,5,1]
[4096,-1792,592,-137,37,-7,1]
[4096,512,64,23,4,2,1]
[16384,-768,249,-6,1]
[729,243,-45,-35,-5,3,1]
[512,-384,200,-85,25,-6,1]
[256,-64,64,-32,3,-8,4,-1,1]
[4096,256,96,3,6,1,1]
[4096,0,96,-87,6,0,1]
[15625,2125,159,17,1]
[4096,0,-16,-45,-1,0,1]
[4096,2304,944,257,59,9,1]
[4096,-512,160,41,10,-2,1]
[512,64,0,-27,0,1,1]
[16384,2944,275,23,1]
[256,-192,64,4,-19,1,4,-3,1]
[256,256,176,88,45,22,11,4,1]
[1024,0,9,0,1]
[4096,256,-224,-45,-14,1,1]
[6561,-162,34,-2,1]
[14641,1573,60,13,1]
[256,-64,96,-48,23,-12,6,-1,1]
[4096,2816,720,133,45,11,1]
[14641,363,126,3,1]
[729,-891,576,-236,64,-11,1]
[256,-128,96,-40,23,-10,6,-2,1]
[4096,768,176,5,11,3,1]
[4096,-256,160,-83,10,-1,1]
[15625,250,234,2,1]
[16384,1280,139,10,1]
[4096,768,64,57,4,3,1]
[16384,0,-23,0,1]
[4096,-768,-64,65,-4,-3,1]
[4096,-768,640,-75,40,-3,1]
[4096,-768,-64,21,-4,-3,1]
[16384,-256,31,-2,1]
[4096,-768,-64,35,-4,-3,1]
[6561,729,113,9,1]
[15625,-625,136,-5,1]
[15625,4375,542,35,1]
[256,-192,128,-76,43,-19,8,-3,1]
[15625,-2500,224,-20,1]
[256,-128,96,8,5,2,6,-2,1]
[14641,242,189,2,1]
[6561,810,185,10,1]
[4096,256,80,25,5,1,1]
[256,-256,64,12,-11,3,4,-4,1]
[4096,-1024,224,-89,14,-4,1]
[14641,-484,127,-4,1]
[4096,512,-80,-121,-5,2,1]
[4096,-1536,496,-177,31,-6,1]
[729,-405,162,-41,18,-5,1]
[4096,-1088,197,-17,1]
[16384,2816,325,22,1]
[256,-128,96,-40,27,-10,6,-2,1]
[4096,2048,944,251,59,8,1]
[729,-324,108,-26,12,-4,1]
[512,-128,16,23,2,-2,1]
[256,0,80,-16,21,-4,5,0,1]
[64,32,20,11,5,2,1]
[4096,2048,928,259,58,8,1]
[256,0,48,0,-7,0,3,0,1]
[4096,-1280,192,-11,12,-5,1]
[256,320,272,188,105,47,17,5,1]
[16384,-4096,481,-32,1]
[14641,0,192,0,1]
[16384,1152,77,9,1]
[16384,-1664,51,-13,1]
[4096,0,480,29,30,0,1]
[4096,-512,224,-59,14,-2,1]
[2401,49,62,1,1]
[4096,1024,368,143,23,4,1]
[256,64,48,40,13,10,3,1,1]
[14641,-484,90,-4,1]
[256,320,192,120,73,30,12,5,1]
[729,0,-45,-13,-5,0,1]
[4096,-2560,576,-91,36,-10,1]
[729,108,40,4,1]
[4096,-1024,416,-135,26,-4,1]
[4096,-768,240,-1,15,-3,1]
[15625,-625,94,-5,1]
[14641,968,-49,8,1]
[4096,1792,704,203,44,7,1]
[14641,1331,256,11,1]
[4096,768,400,77,25,3,1]
[625,75,4,3,1]
[14641,-2057,142,-17,1]
[14641,-4235,544,-35,1]
[256,-256,80,20,-23,5,5,-4,1]
[729,-486,333,-112,37,-6,1]
[4096,1024,48,19,3,4,1]
[256,-320,160,-60,29,-15,10,-5,1]
[14641,121,-94,1,1]
[4096,1024,32,-27,2,4,1]
[6561,-1620,248,-20,1]
[16384,1024,259,8,1]
[729,-243,162,-38,18,-3,1]
[4096,1536,96,-17,6,6,1]
[4096,-1536,560,-117,35,-6,1]
[4096,512,-64,-81,-4,2,1]
[2401,-392,103,-8,1]
[4096,1792,640,167,40,7,1]
[6561,-162,-59,-2,1]
[4096,-3072,1152,-315,72,-12,1]
[4096,2048,544,117,34,8,1]
[2401,-343,52,-7,1]
[14641,484,-71,4,1]
[4096,1536,480,167,30,6,1]
[4096,2304,800,201,50,9,1]
[4096,2560,800,187,50,10,1]
[6561,-891,163,-11,1]
[729,-324,18,14,2,-4,1]
[256,-64,48,-32,5,-8,3,-1,1]
[4096,2560,544,75,34,10,1]
[256,256,176,104,51,26,11,4,1]
[16384,640,-35,5,1]
[32,-5,1]
[6561,81,38,1,1]
[2401,-1029,199,-21,1]
[4096,4096,2016,623,126,16,1]
[256,192,128,48,23,12,8,3,1]
[121,-20,1]
[2401,196,51,4,1]
[4096,256,-96,-49,-6,1,1]
[15625,625,98,5,1]
[4096,512,-112,-43,-7,2,1]
[4096,-512,192,39,12,-2,1]
[729,81,27,28,3,1,1]
[1024,-224,47,-7,1]
[4096,768,240,137,15,3,1]
[14641,2057,140,17,1]
[4096,2048,368,51,23,8,1]
[1024,256,33,8,1]
[625,150,12,6,1]
[256,0,16,20,-19,5,1,0,1]
[256,-192,48,8,-7,2,3,-3,1]
[15625,875,221,7,1]
[4096,1024,672,101,42,4,1]
[6561,-324,-65,-4,1]
[4096,1792,752,203,47,7,1]
[4096,512,-192,-91,-12,2,1]
[4096,0,192,-15,12,0,1]
[14641,968,199,8,1]
[4096,-1280,640,-119,40,-5,1]
[4096,-512,416,-43,26,-2,1]
[14641,1331,248,11,1]
[729,324,126,61,14,4,1]
[4096,3584,1648,495,103,14,1]
[256,192,160,104,53,26,10,3,1]
[512,128,104,25,13,2,1]
[15625,500,193,4,1]
[14641,-2299,232,-19,1]
[729,-567,261,-88,29,-7,1]
[4096,2048,832,249,52,8,1]
[4096,-1536,224,-35,14,-6,1]
[6561,729,65,9,1]
[15625,1875,302,15,1]
[4096,-768,288,-75,18,-3,1]
[15625,-2375,186,-19,1]
[4096,512,128,9,8,2,1]
[4096,-256,-112,33,-7,-1,1]
[729,162,54,-19,6,2,1]
[15625,1250,16,10,1]
[4096,-512,-32,5,-2,-2,1]
[14641,121,57,1,1]
[256,-448,432,-304,171,-76,27,-7,1]
[256,-192,112,-52,35,-13,7,-3,1]
[729,-486,261,-101,29,-6,1]
[4096,0,352,-39,22,0,1]
[16384,640,177,5,1]
[4096,-448,63,-7,1]
[4096,-2560,1008,-309,63,-10,1]
[6561,1701,241,21,1]
[15625,-3500,429,-28,1]
[4096,256,160,19,10,1,1]
[6561,-1377,203,-17,1]
[2401,-196,-6,-4,1]
[4096,1280,336,115,21,5,1]
[14641,-4114,522,-34,1]
[4096,0,64,21,4,0,1]
[64,-16,4,-3,1,-1,1]
[15625,-1625,133,-13,1]
[512,-576,376,-161,47,-9,1]
[15625,3750,459,30,1]
[4096,256,64,-9,4,1,1]
[4096,-2560,1056,-315,66,-10,1]
[4096,0,128,1,8,0,1]
[4096,-1536,304,-53,19,-6,1]
[256,-128,128,-8,19,-2,8,-2,1]
[4096,-512,256,-109,16,-2,1]
[4096,1024,-64,-87,-4,4,1]
[14641,605,-48,5,1]
[15625,-1125,207,-9,1]
[4096,-1024,-16,11,-1,-4,1]
[15625,-625,-109,-5,1]
[16384,128,-223,1,1]
[729,243,81,17,9,3,1]
[256,64,-16,8,11,2,-1,1,1]
[4096,0,368,-19,23,0,1]
[4096,0,-32,-87,-2,0,1]
[1024,-64,9,-2,1]
[4096,-1792,672,-151,42,-7,1]
[15625,1250,129,10,1]
[64,-16,-4,9,-1,-1,1]
[14641,-1452,221,-12,1]
[14641,847,58,7,1]
[4096,256,528,29,33,1,1]
[256,192,144,88,61,22,9,3,1]
[15625,-2250,302,-18,1]
[4096,2048,464,75,29,8,1]
[14641,-1452,51,-12,1]
[729,405,135,26,15,5,1]
[729,-162,117,-46,13,-2,1]
[256,-128,64,-16,1,-4,4,-2,1]
[256,-64,-32,-16,17,-4,-2,-1,1]
[729,-162,54,-19,6,-2,1]
[256,0,16,0,-15,0,1,0,1]
[16384,768,245,6,1]
[2401,-539,127,-11,1]
[729,324,9,-14,1,4,1]
[256,64,32,-8,-3,-2,2,1,1]
[14641,1331,73,11,1]
[15625,-1250,67,-10,1]
[16384,-128,113,-1,1]
[256,-128,48,-44,25,-11,3,-2,1]
[729,0,36,-13,4,0,1]
[4096,-768,272,-79,17,-3,1]
[4096,2304,544,105,34,9,1]
[4096,768,432,111,27,3,1]
[4096,-1280,-16,87,-1,-5,1]
[14641,-1452,68,-12,1]
[729,324,36,-16,4,4,1]
[729,81,-36,-38,-4,1,1]
[4096,-512,128,-61,8,-2,1]
[256,0,-16,-8,-5,-2,-1,0,1]
[6561,405,-25,5,1]
[256,0,0,0,-27,0,0,0,1]
[729,0,63,19,7,0,1]
[4096,768,384,69,24,3,1]
[729,-243,72,-20,8,-3,1]
[512,-448,192,-63,24,-7,1]
[256,-64,-48,0,19,0,-3,-1,1]
[729,243,-45,-34,-5,3,1]
[4096,2048,848,213,53,8,1]
[256,-16,23,-1,1]
[256,0,0,-36,5,-9,0,0,1]
[14641,-2057,160,-17,1]
[256,128,16,24,19,6,1,2,1]
[4096,-512,352,-47,22,-2,1]
[4096,-4352,2208,-687,138,-17,1]
[16384,768,157,6,1]
[625,75,-18,3,1]
[4096,-2304,240,41,15,-9,1]
[4096,0,464,-27,29,0,1]
[4096,-1280,-144,111,-9,-5,1]
[4096,-768,80,-41,5,-3,1]
[16384,-1408,203,-11,1]
[4096,-1536,48,41,3,-6,1]
[256,64,48,16,19,4,3,1,1]
[4096,-2048,720,-175,45,-8,1]
[4096,256,64,-47,4,1,1]
[512,64,-24,-37,-3,1,1]
[256,128,96,60,33,15,6,2,1]
[14641,2904,379,24,1]
[4096,512,384,45,24,2,1]
[4096,-512,80,33,5,-2,1]
[15625,-4000,488,-32,1]
[4096,1024,320,49,20,4,1]
[256,-128,16,-16,21,-4,1,-2,1]
[4096,1280,272,45,17,5,1]
[2401,0,17,0,1]
[256,128,80,20,17,5,5,2,1]
[256,320,96,-76,-75,-19,6,5,1]
[4096,1536,656,149,41,6,1]
[256,-256,96,20,-31,5,6,-4,1]
[512,192,24,11,3,3,1]
[16384,-1024,51,-8,1]
[729,81,108,25,12,1,1]
[4096,-768,240,-27,15,-3,1]
[15625,2125,139,17,1]
[256,0,48,-24,11,-6,3,0,1]
[4096,-512,-64,33,-4,-2,1]
[14641,-1815,237,-15,1]
[256,-192,96,-32,7,-8,6,-3,1]
[729,-162,117,-34,13,-2,1]
[4096,-512,352,-49,22,-2,1]
[6561,2106,322,26,1]
[2401,-147,53,-3,1]
[729,405,126,28,14,5,1]
[1024,-96,9,-3,1]
[256,128,96,36,13,9,6,2,1]
[4096,-2816,1024,-269,64,-11,1]
[64,16,-12,-11,-3,1,1]
[4096,-2048,464,-83,29,-8,1]
[4096,0,0,-11,0,0,1]
[512,64,32,33,4,1,1]
[1024,128,-3,4,1]
[256,192,192,100,67,25,12,3,1]
[2401,-980,194,-20,1]
[4096,1536,288,17,18,6,1]
[4096,768,-32,-61,-2,3,1]
[4096,-512,448,-45,28,-2,1]
[6561,1458,185,18,1]
[14641,-363,128,-3,1]
[729,-81,0,13,0,-1,1]
[15625,-1875,96,-15,1]
[14641,1936,232,16,1]
[729,243,54,-8,6,3,1]
[4096,2304,592,135,37,9,1]
[4096,-128,45,-2,1]
[16384,-256,47,-2,1]
[4096,-768,368,-91,23,-3,1]
[4096,-1280,213,-20,1]
[256,192,112,48,31,12,7,3,1]
[4096,768,352,15,22,3,1]
[14641,1331,60,11,1]
[256,0,32,-4,3,-1,2,0,1]
[4096,1024,416,39,26,4,1]
[256,64,0,-16,-3,-4,0,1,1]
[256,64,48,44,11,11,3,1,1]
[256,192,32,-36,-25,-9,2,3,1]
[4096,1536,768,183,48,6,1]
[6561,-1620,223,-20,1]
[4096,2048,592,167,37,8,1]
[4096,-1024,192,17,12,-4,1]
[256,-192,224,-120,81,-30,14,-3,1]
[15625,-1375,149,-11,1]
[4096,-2816,928,-231,58,-11,1]
[4096,-512,144,-9,9,-2,1]
[16384,-1792,297,-14,1]
[256,-256,208,-132,65,-33,13,-4,1]
[512,-320,176,-75,22,-5,1]
[14641,1331,243,11,1]
[512,-192,32,-7,4,-3,1]
[4096,-768,16,19,1,-3,1]
[256,64,96,24,23,6,6,1,1]
[14641,2541,272,21,1]
[4096,-1024,640,-131,40,-4,1]
[256,-320,240,-132,69,-33,15,-5,1]
[121,-3,1]
[4096,-256,224,-41,14,-1,1]
[256,128,144,72,47,18,9,2,1]
[256,256,176,92,41,23,11,4,1]
[4096,-1024,224,-17,14,-4,1]
[256,0,-16,0,-1,0,-1,0,1]
[256,320,128,-32,-47,-8,8,5,1]
[256,192,64,-4,-9,-1,4,3,1]
[729,-162,36,-41,4,-2,1]
[256,64,32,36,7,9,2,1,1]
[256,128,80,48,21,12,5,2,1]
[6561,81,112,1,1]
[6561,-1296,170,-16,1]
[14641,-2904,339,-24,1]
[14641,-2541,274,-21,1]
[729,0,108,22,12,0,1]
[4096,0,144,57,9,0,1]
[4096,1536,688,169,43,6,1]
[4096,-1536,240,-3,15,-6,1]
[15625,875,76,7,1]
[4096,512,528,51,33,2,1]
[16384,2816,273,22,1]
[4096,-1024,64,39,4,-4,1]
[15625,375,249,3,1]
[16384,-3712,423,-29,1]
[2401,49,95,1,1]
[4096,1792,128,-39,8,7,1]
[4096,2048,688,213,43,8,1]
[4096,1536,704,151,44,6,1]
[6561,81,139,1,1]
[14641,-847,148,-7,1]
[729,-108,41,-4,1]
[4096,256,560,37,35,1,1]
[4096,0,320,37,20,0,1]
[15625,2625,347,21,1]
[4096,-1536,496,-93,31,-6,1]
[4096,-256,144,35,9,-1,1]
[14641,-363,120,-3,1]
[256,128,48,-24,-15,-6,3,2,1]
[4096,512,656,61,41,2,1]
[4096,-512,48,55,3,-2,1]
[729,-324,-27,38,-3,-4,1]
[256,-256,80,-8,1,-2,5,-4,1]
[256,0,80,12,27,3,5,0,1]
[16384,256,249,2,1]
[4096,3840,1840,565,115,15,1]
[16384,256,119,2,1]
[512,192,-8,-31,-1,3,1]
[14641,1815,162,15,1]
[256,0,-16,0,21,0,-1,0,1]
[4096,320,41,5,1]
[4096,-512,384,-27,24,-2,1]
[16384,384,177,3,1]
[14641,363,-38,3,1]
[256,256,144,60,31,15,9,4,1]
[4096,-768,81,-12,1]
[4096,-1024,224,-105,14,-4,1]
[256,-64,144,-32,51,-8,9,-1,1]
[16384,-3584,387,-28,1]
[14641,-363,92,-3,1]
[16384,2688,361,21,1]
[6561,486,59,6,1]
[4096,-1536,256,-55,16,-6,1]
[4096,-768,384,-99,24,-3,1]
[4096,-512,-96,31,-6,-2,1]
[16384,512,-101,4,1]
[15625,-2375,232,-19,1]
[4096,-512,48,17,3,-2,1]
[729,81,-9,-13,-1,1,1]
[4096,-1280,160,-41,10,-5,1]
[4096,1280,160,25,10,5,1]
[256,-192,176,-116,57,-29,11,-3,1]
[4096,-1280,144,37,9,-5,1]
[512,-512,296,-119,37,-8,1]
[729,-648,378,-142,42,-8,1]
[729,-162,144,-37,16,-2,1]
[16384,-256,-43,-2,1]
[4096,-768,208,5,13,-3,1]
[4096,-1536,544,-129,34,-6,1]
[14641,-605,76,-5,1]
[512,256,0,-21,0,4,1]
[512,-384,160,-53,20,-6,1]
[4096,-1024,256,-7,16,-4,1]
[16384,-1792,301,-14,1]
[15625,-1375,6,-11,1]
[4096,0,32,-7,2,0,1]
[4096,0,384,41,24,0,1]
[14641,-1815,267,-15,1]
[4096,-1024,32,79,2,-4,1]
[4096,768,560,81,35,3,1]
[4096,0,288,43,18,0,1]
[4096,-1536,432,-79,27,-6,1]
[4096,-768,0,89,0,-3,1]
[4096,1024,272,53,17,4,1]
[4096,512,608,65,38,2,1]
[4096,512,160,9,10,2,1]
[4096,-512,256,-105,16,-2,1]
[512,-64,56,5,7,-1,1]
[4096,-1536,448,-81,28,-6,1]
[256,0,16,20,-1,5,1,0,1]
[256,-128,64,-4,3,-1,4,-2,1]
[256,0,80,32,7,8,5,0,1]
[16384,128,133,1,1]
[16384,-1408,135,-11,1]
[4096,512,352,1,22,2,1]
[729,162,63,-1,7,2,1]
[512,128,96,15,12,2,1]
[4096,1280,480,83,30,5,1]
[4096,-256,-64,69,-4,-1,1]
[16384,1536,47,12,1]
[4096,-512,48,81,3,-2,1]
[256,64,48,8,23,2,3,1,1]
[729,162,0,7,0,2,1]
[256,-128,80,-40,35,-10,5,-2,1]
[256,0,16,12,5,3,1,0,1]
[14641,605,116,5,1]
[256,64,80,16,23,4,5,1,1]
[256,-128,0,8,-7,2,0,-2,1]
[4096,512,32,29,2,2,1]
[1024,-96,53,-3,1]
[2401,-147,86,-3,1]
[4096,832,167,13,1]
[729,-162,90,-40,10,-2,1]
[256,-128,-16,0,13,0,-1,-2,1]
[14641,605,224,5,1]
[15625,0,108,0,1]
[729,729,423,163,47,9,1]
[16384,-256,-37,-2,1]
[256,0,80,-24,9,-6,5,0,1]
[6561,1377,175,17,1]
[256,128,0,-8,-1,-2,0,2,1]
[256,128,112,88,35,22,7,2,1]
[729,486,270,107,30,6,1]
[512,192,-48,-41,-6,3,1]
[4096,2048,784,199,49,8,1]
[256,64,-96,-12,29,-3,-6,1,1]
[4096,512,272,51,17,2,1]
[4096,2304,1072,297,67,9,1]
[15625,500,189,4,1]
[15625,0,196,0,1]
[256,0,128,-28,33,-7,8,0,1]
[256,320,272,172,97,43,17,5,1]
[4096,-832,119,-13,1]
[4096,768,-32,15,-2,3,1]
[6561,-243,37,-3,1]
[256,-64,80,16,7,4,5,-1,1]
[256,0,48,-24,1,-6,3,0,1]
[4096,3840,1888,583,118,15,1]
[14641,-968,115,-8,1]
[256,64,96,40,33,10,6,1,1]
[14641,1089,123,9,1]
[6561,-891,95,-11,1]
[14641,242,-133,2,1]
[4096,-512,-16,9,-1,-2,1]
[15625,-2625,277,-21,1]
[512,320,120,29,15,5,1]
[27,2,1]
[14641,-2662,296,-22,1]
[16384,-3200,313,-25,1]
[15625,375,27,3,1]
[4096,-1536,208,-15,13,-6,1]
[4096,0,192,-75,12,0,1]
[4096,1280,336,53,21,5,1]
[256,192,80,32,17,8,5,3,1]
[729,81,36,-29,4,1,1]
[6561,1944,299,24,1]
[4096,512,224,85,14,2,1]
[625,75,41,3,1]
[15625,-125,-57,-1,1]
[729,-81,0,40,0,-1,1]
[4096,512,208,-15,13,2,1]
[729,486,261,106,29,6,1]
[4096,256,96,9,6,1,1]
[6561,972,169,12,1]
[14641,1815,129,15,1]
[14641,-2541,222,-21,1]
[14641,0,138,0,1]
[4096,-512,32,89,2,-2,1]
[15625,1000,237,8,1]
[4096,2048,144,-59,9,8,1]
[16384,3328,363,26,1]
[6561,-972,134,-12,1]
[4096,-3072,1120,-303,70,-12,1]
[4096,-1536,320,-49,20,-6,1]
[729,405,-27,-59,-3,5,1]
[4096,2304,848,223,53,9,1]
[4096,256,81,4,1]
[4096,256,-64,-21,-4,1,1]
[256,-192,64,32,-29,8,4,-3,1]
[4096,256,320,7,20,1,1]
[4096,-1280,688,-135,43,-5,1]
[4096,1536,-80,-111,-5,6,1]
[4096,-4096,1952,-591,122,-16,1]
[729,-486,243,-100,27,-6,1]
[512,-320,144,-45,18,-5,1]
[4096,-768,96,21,6,-3,1]
[729,-216,65,-8,1]
[15625,-250,118,-2,1]
[16384,2432,177,19,1]
[6561,-1053,202,-13,1]
[16384,-1792,163,-14,1]
[4096,1280,640,147,40,5,1]
[4096,768,128,13,8,3,1]
[2401,-637,110,-13,1]
[256,256,176,84,43,21,11,4,1]
[4096,-1792,304,-33,19,-7,1]
[6561,-81,-64,-1,1]
[16384,1792,157,14,1]
[729,162,81,-7,9,2,1]
[256,-128,32,12,-5,3,2,-2,1]
[14641,121,-83,1,1]
[15625,-625,56,-5,1]
[729,-243,54,-14,6,-3,1]
[729,405,117,28,13,5,1]
[256,0,48,-20,11,-5,3,0,1]
[729,81,90,25,10,1,1]
[4096,-512,0,89,0,-2,1]
[512,384,160,61,20,6,1]
[729,81,198,17,22,1,1]
[625,-150,27,-6,1]
[14641,1089,-2,9,1]
[512,128,80,15,10,2,1]
[4096,-512,-32,-5,-2,-2,1]
[14641,2420,206,20,1]
[729,405,234,80,26,5,1]
[15625,750,-102,6,1]
[14641,-484,67,-4,1]
[4096,0,-160,-43,-10,0,1]
[4096,-256,105,-4,1]
[256,128,64,-4,-5,-1,4,2,1]
[4096,-256,336,-77,21,-1,1]
[15625,1500,43,12,1]
[4096,-1536,464,-85,29,-6,1]
[6561,405,53,5,1]
[4096,256,-64,-57,-4,1,1]
[4096,256,-64,-121,-4,1,1]
[256,-64,-32,20,-9,5,-2,-1,1]
[6561,486,55,6,1]
[4096,-512,416,-39,26,-2,1]
[4096,256,-16,-33,-1,1,1]
[256,0,16,16,7,4,1,0,1]
[15625,1000,-43,8,1]
[4096,1536,32,-77,2,6,1]
[512,64,-16,3,-2,1,1]
[14641,1331,156,11,1]
[4096,-1280,336,-81,21,-5,1]
[6561,-1701,250,-21,1]
[4096,256,288,-39,18,1,1]
[4096,0,-176,1,-11,0,1]
[729,-243,189,-53,21,-3,1]
[729,324,72,28,8,4,1]
[4096,1536,320,79,20,6,1]
[4096,-512,304,13,19,-2,1]
[14641,-121,31,-1,1]
[14641,-1089,59,-9,1]
[16384,-1920,135,-15,1]
[4096,256,160,81,10,1,1]
[4096,-1024,0,65,0,-4,1]
[729,-486,297,-103,33,-6,1]
[256,64,64,24,17,6,4,1,1]
[4096,1024,464,85,29,4,1]
[4096,0,48,-65,3,0,1]
[4096,-512,-144,101,-9,-2,1]
[256,-256,128,-28,-3,-7,8,-4,1]
[512,256,80,15,10,4,1]
[4096,1792,464,105,29,7,1]
[14641,726,180,6,1]
[256,-64,48,16,-9,4,3,-1,1]
[1024,64,27,2,1]
[4096,0,-128,-17,-8,0,1]
[256,-64,32,8,9,2,2,-1,1]
[16384,384,51,3,1]
[15625,-3625,454,-29,1]
[4096,-768,-48,35,-3,-3,1]
[15625,1125,138,9,1]
[14641,242,80,2,1]
[256,-320,192,-72,29,-18,12,-5,1]
[4096,384,-27,6,1]
[729,-324,198,-71,22,-4,1]
[4096,1024,-240,-121,-15,4,1]
[4096,1024,368,93,23,4,1]
[4096,3584,1728,527,108,14,1]
[4096,1536,640,191,40,6,1]
[4096,512,-16,-55,-1,2,1]
[4096,-512,224,-75,14,-2,1]
[4096,1280,128,-15,8,5,1]
[256,0,80,16,23,4,5,0,1]
[14641,1210,-21,10,1]
[4096,1536,128,-1,8,6,1]
[16384,4608,567,36,1]
[729,-324,54,-5,6,-4,1]
[6561,-2592,416,-32,1]
[16384,-1024,45,-8,1]
[256,-64,80,48,-5,12,5,-1,1]
[256,64,48,40,15,10,3,1,1]
[4096,1024,576,109,36,4,1]
[4096,256,-96,-79,-6,1,1]
[256,-64,80,36,1,9,5,-1,1]
[15625,-2875,311,-23,1]
[15625,-2125,177,-17,1]
[729,243,117,58,13,3,1]
[15625,-2125,187,-17,1]
[4096,1792,-128,-165,-8,7,1]
[4096,-1024,272,-103,17,-4,1]
[6561,243,127,3,1]
[14641,-1815,103,-15,1]
[256,-64,48,-12,-1,-3,3,-1,1]
[6561,-1215,188,-15,1]
[729,-81,36,-23,4,-1,1]
[4096,512,192,65,12,2,1]
[4096,256,224,-39,14,1,1]
[14641,968,79,8,1]
[4096,1280,-80,-109,-5,5,1]
[16384,128,-89,1,1]
[14641,-1210,74,-10,1]
[4096,512,16,47,1,2,1]
[4096,2304,864,271,54,9,1]
[729,729,369,134,41,9,1]
[2401,147,65,3,1]
[6561,-162,-89,-2,1]
[512,128,0,3,0,2,1]
[4096,-1792,672,-209,42,-7,1]
[4096,256,720,29,45,1,1]
[4096,768,160,45,10,3,1]
[15625,2125,188,17,1]
[14641,1089,87,9,1]
[256,-64,112,-16,23,-4,7,-1,1]
[256,0,80,-4,23,-1,5,0,1]
[4096,-1280,496,-105,31,-5,1]
[4096,-768,288,-123,18,-3,1]
[256,64,16,8,9,2,1,1,1]
[256,-192,48,32,-23,8,3,-3,1]
[14641,3025,346,25,1]
[729,162,18,29,2,2,1]
[256,0,0,-16,11,-4,0,0,1]
[256,192,80,8,-11,2,5,3,1]
[4096,0,115,0,1]
[2401,147,6,3,1]
[256,-256,256,-140,85,-35,16,-4,1]
[4096,-768,336,-95,21,-3,1]
[4096,768,224,115,14,3,1]
[14641,-242,101,-2,1]
[512,-384,208,-95,26,-6,1]
[4096,-1024,480,-99,30,-4,1]
[15625,4250,528,34,1]
[6561,-486,4,-6,1]
[256,-64,64,-48,1,-12,4,-1,1]
[256,192,144,80,45,20,9,3,1]
[14641,-1452,169,-12,1]
[15625,-2500,291,-20,1]
[4096,1024,64,-21,4,4,1]
[6561,324,125,4,1]
[4096,-3328,1456,-433,91,-13,1]
[729,-81,45,-4,5,-1,1]
[729,729,414,167,46,9,1]
[256,128,32,16,23,4,2,2,1]
[14641,-605,-35,-5,1]
[729,0,-9,-44,-1,0,1]
[4096,64,-81,1,1]
[2401,147,95,3,1]
[16384,2432,297,19,1]
[256,64,64,24,23,6,4,1,1]
[15625,500,-157,4,1]
[4096,576,111,9,1]
[4096,1536,832,183,52,6,1]
[256,-128,-96,28,21,7,-6,-2,1]
[4096,-768,272,-23,17,-3,1]
[4096,1792,528,157,33,7,1]
[729,-486,180,-53,20,-6,1]
[15625,-2500,246,-20,1]
[15625,250,113,2,1]
[14641,-1936,177,-16,1]
[729,-324,-18,31,-2,-4,1]
[4096,0,-192,-23,-12,0,1]
[4096,-1792,560,-167,35,-7,1]
[4096,-256,-80,93,-5,-1,1]
[4096,-128,-9,-2,1]
[729,810,423,155,47,10,1]
[6561,-324,127,-4,1]
[4096,1792,816,207,51,7,1]
[256,-64,16,4,9,1,1,-1,1]
[15625,0,186,0,1]
[6561,-891,131,-11,1]
[6561,486,-31,6,1]
[4096,1536,64,-37,4,6,1]
[16384,1536,97,12,1]
[729,27,2,1,1]
[64,80,68,37,17,5,1]
[4096,-256,400,-23,25,-1,1]
[4096,-1280,704,-131,44,-5,1]
[256,-576,672,-528,305,-132,42,-9,1]
[512,64,24,25,3,1,1]
[16384,-384,-137,-3,1]
[729,-81,45,16,5,-1,1]
[4096,-256,336,31,21,-1,1]
[2401,-784,146,-16,1]
[15625,3500,381,28,1]
[4096,512,16,45,1,2,1]
[15625,-500,-46,-4,1]
[6561,-1863,263,-23,1]
[4096,-1024,-32,89,-2,-4,1]
[14641,1815,207,15,1]
[14641,-242,190,-2,1]
[14641,-363,133,-3,1]
[729,324,-45,-50,-5,4,1]
[256,128,0,-40,-21,-10,0,2,1]
[4096,3072,1056,271,66,12,1]
[15625,-875,97,-7,1]
[4096,3072,1376,403,86,12,1]
[4096,-2304,880,-229,55,-9,1]
[14641,3025,353,25,1]
[15625,1750,229,14,1]
[729,405,72,-1,8,5,1]
[4096,-512,368,-7,23,-2,1]
[14641,-726,175,-6,1]
[4096,768,-64,-43,-4,3,1]
[256,0,32,16,1,4,2,0,1]
[256,-192,144,-76,47,-19,9,-3,1]
[4096,-1280,80,5,5,-5,1]
[2401,-392,81,-8,1]
[4096,-768,123,-12,1]
[4096,1280,608,147,38,5,1]
[15625,-125,58,-1,1]
[15625,-1250,144,-10,1]
[729,162,36,31,4,2,1]
[4096,-1792,80,69,5,-7,1]
[256,0,64,4,3,1,4,0,1]
[256,128,64,32,33,8,4,2,1]
[256,0,64,0,27,0,4,0,1]
[729,324,99,13,11,4,1]
[729,-27,10,-1,1]
[256,128,16,40,35,10,1,2,1]
[14641,-2662,299,-22,1]
[4096,512,240,47,15,2,1]
[14641,-605,150,-5,1]
[1024,544,133,17,1]
[4096,-2560,1136,-311,71,-10,1]
[4096,-1536,320,-55,20,-6,1]
[14641,2541,307,21,1]
[729,567,216,67,24,7,1]
[4096,1280,112,15,7,5,1]
[4096,1024,-80,-53,-5,4,1]
[4096,-1024,112,-55,7,-4,1]
[4096,3072,1472,429,92,12,1]
[4096,-512,-16,55,-1,-2,1]
[15625,-2250,219,-18,1]
[16384,-1280,21,-10,1]
[4096,832,103,13,1]
[256,-64,16,-40,19,-10,1,-1,1]
[729,0,144,14,16,0,1]
[4096,0,-16,57,-1,0,1]
[256,128,80,28,9,7,5,2,1]
[4096,512,496,55,31,2,1]
[4096,1792,672,161,42,7,1]
[4096,1280,736,135,46,5,1]
[4096,2048,208,-31,13,8,1]
[512,-256,88,-29,11,-4,1]
[4096,2304,928,283,58,9,1]
[15625,1375,72,11,1]
[729,0,36,41,4,0,1]
[81,9,11,1,1]
[4096,1792,384,71,24,7,1]
[256,192,160,108,53,27,10,3,1]
[16384,-1152,39,-9,1]
[4096,256,80,-29,5,1,1]
[14641,-726,243,-6,1]
[4096,768,368,49,23,3,1]
[256,-128,144,-48,43,-12,9,-2,1]
[2401,-98,40,-2,1]
[512,128,24,-3,3,2,1]
[14641,-3509,398,-29,1]
[4096,1536,352,53,22,6,1]
[625,150,37,6,1]
[4096,-512,-160,63,-10,-2,1]
[14641,484,214,4,1]
[4096,-256,-80,31,-5,-1,1]
[729,-27,-11,-1,1]
[6561,-567,145,-7,1]
[4096,-1280,368,-111,23,-5,1]
[16384,3968,449,31,1]
[512,-192,-24,39,-3,-3,1]
[256,-128,80,-52,21,-13,5,-2,1]
[4096,-256,-208,53,-13,-1,1]
[15625,-500,119,-4,1]
[4096,512,-32,23,-2,2,1]
[256,320,288,192,103,48,18,5,1]
[16384,-1536,227,-12,1]
[512,-320,56,5,7,-5,1]
[15625,2375,237,19,1]
[4096,768,256,19,16,3,1]
[4096,2048,976,259,61,8,1]
[4096,-256,16,17,1,-1,1]
[512,192,16,-19,2,3,1]
[15625,-375,209,-3,1]
[16384,3584,409,28,1]
[4096,512,-160,-67,-10,2,1]
[625,-175,36,-7,1]
[4096,-256,544,-17,34,-1,1]
[16384,1024,163,8,1]
[4096,2304,720,163,45,9,1]
[15625,125,-193,1,1]
[4096,1536,576,161,36,6,1]
[4096,256,288,21,18,1,1]
[256,192,80,-4,-13,-1,5,3,1]
[15625,-375,42,-3,1]
[256,64,48,-12,-9,-3,3,1,1]
[4096,2048,544,109,34,8,1]
[15625,-125,88,-1,1]
[4096,512,32,-29,2,2,1]
[15625,-125,-168,-1,1]
[4096,0,0,-77,0,0,1]
[4096,-768,-176,67,-11,-3,1]
[729,-162,-18,22,-2,-2,1]
[4096,-2560,416,-15,26,-10,1]
[4096,-256,528,-41,33,-1,1]
[256,256,176,104,61,26,11,4,1]
[14641,3993,502,33,1]
[256,-64,48,-12,-5,-3,3,-1,1]
[4096,768,-64,-31,-4,3,1]
[4096,1792,592,119,37,7,1]
[729,-162,171,-29,19,-2,1]
[14641,-3146,349,-26,1]
[729,-162,32,-6,1]
[4096,1792,672,183,42,7,1]
[4096,1536,80,-33,5,6,1]
[256,192,16,-16,-3,-4,1,3,1]
[16384,1536,183,12,1]
[4096,0,336,9,21,0,1]
[4096,1792,400,87,25,7,1]
[4096,-1024,320,-115,20,-4,1]
[729,324,216,55,24,4,1]
[15625,-1250,256,-10,1]
[15625,125,237,1,1]
[4096,1024,288,85,18,4,1]
[512,-576,368,-157,46,-9,1]
[14641,1452,193,12,1]
[512,128,56,33,7,2,1]
[729,162,-27,-7,-3,2,1]
[4096,1024,528,107,33,4,1]
[16384,-2944,309,-23,1]
[512,64,16,-19,2,1,1]
[4096,0,-80,83,-5,0,1]
[4096,768,368,121,23,3,1]
[729,324,153,40,17,4,1]
[4096,-768,144,25,9,-3,1]
[4096,-768,0,-15,0,-3,1]
[4096,2304,480,77,30,9,1]
[4096,512,384,-1,24,2,1]
[256,-384,304,-180,95,-45,19,-6,1]
[512,-512,320,-137,40,-8,1]
[256,192,96,-12,-15,-3,6,3,1]
[4096,-2304,704,-167,44,-9,1]
[1024,32,37,1,1]
[4096,-512,176,37,11,-2,1]
[256,192,48,28,27,7,3,3,1]
[729,243,63,5,7,3,1]
[256,192,64,-16,-21,-4,4,3,1]
[4096,-1280,-96,103,-6,-5,1]
[256,-256,240,-132,79,-33,15,-4,1]
[729,-243,27,-4,3,-3,1]
[64,32,4,1,1,2,1]
[4096,-256,432,-21,27,-1,1]
[4096,-768,368,-53,23,-3,1]
[4096,-1536,320,-71,20,-6,1]
[16384,128,129,1,1]
[4096,768,320,37,20,3,1]
[4096,2816,1232,369,77,11,1]
[729,-162,45,2,5,-2,1]
[256,128,48,-8,-15,-2,3,2,1]
[16384,1664,209,13,1]
[512,-64,32,5,4,-1,1]
[14641,-1331,112,-11,1]
[256,-256,80,44,-49,11,5,-4,1]
[256,64,23,4,1]
[729,-405,153,-64,17,-5,1]
[14641,-363,-128,-3,1]
[4096,1024,400,117,25,4,1]
[729,-243,117,-31,13,-3,1]
[4096,-512,432,-83,27,-2,1]
[256,0,-16,-12,15,-3,-1,0,1]
[4096,896,153,14,1]
[16384,-896,233,-7,1]
[15625,125,-97,1,1]
[16384,0,239,0,1]
[14641,-1452,179,-12,1]
[15625,125,92,1,1]
[256,0,48,-16,15,-4,3,0,1]
[4096,768,528,77,33,3,1]
[512,0,-40,7,-5,0,1]
[4096,0,112,-19,7,0,1]
[512,256,0,-27,0,4,1]
[256,256,80,-40,-45,-10,5,4,1]
[512,-128,136,-33,17,-2,1]
[4096,-1280,304,-87,19,-5,1]
[14641,-1694,117,-14,1]
[4096,0,-16,85,-1,0,1]
[14641,2178,256,18,1]
[729,0,-54,11,-6,0,1]
[256,-64,112,-32,37,-8,7,-1,1]
[4096,-3584,1568,-461,98,-14,1]
[14641,847,180,7,1]
[14641,3267,353,27,1]
[14641,605,152,5,1]
[4096,-512,-64,25,-4,-2,1]
[4096,-1024,512,-75,32,-4,1]
[256,320,288,176,97,44,18,5,1]
[16384,3072,349,24,1]
[14641,1936,287,16,1]
[729,243,99,23,11,3,1]
[4096,-320,5,-5,1]
[14641,1331,178,11,1]
[729,162,45,-1,5,2,1]
[256,192,80,-20,-19,-5,5,3,1]
[15625,375,166,3,1]
[256,-128,-16,-12,29,-3,-1,-2,1]
[14641,-1331,134,-11,1]
[14641,-1936,205,-16,1]
[15625,-250,242,-2,1]
[4096,0,112,1,7,0,1]
[4096,-512,128,-23,8,-2,1]
[4096,1792,656,213,41,7,1]
[256,320,160,4,-21,1,10,5,1]
[256,-448,416,-300,173,-75,26,-7,1]
[4096,3328,1328,369,83,13,1]
[729,135,34,5,1]
[4096,256,80,-77,5,1,1]
[4096,-1280,256,-27,16,-5,1]
[512,256,160,51,20,4,1]
[256,-320,288,-188,109,-47,18,-5,1]
[4096,1536,528,115,33,6,1]
[256,256,176,108,61,27,11,4,1]
[256,-128,32,-12,-3,-3,2,-2,1]
[729,-243,171,-55,19,-3,1]
[256,0,32,12,-13,3,2,0,1]
[256,-256,96,-4,-5,-1,6,-4,1]
[4096,-768,400,-115,25,-3,1]
[2401,441,100,9,1]
[15625,2250,194,18,1]
[256,64,0,-28,-5,-7,0,1,1]
[15625,-1375,18,-11,1]
[4096,1024,272,25,17,4,1]
[256,128,80,16,17,4,5,2,1]
[4096,256,160,43,10,1,1]
[625,150,27,6,1]
[729,-648,225,-59,25,-8,1]
[4096,0,32,-49,2,0,1]
[729,-324,180,-49,20,-4,1]
[4096,0,272,29,17,0,1]
[729,81,0,-40,0,1,1]
[4096,2304,848,253,53,9,1]
[729,81,54,17,6,1,1]
[256,192,176,76,47,19,11,3,1]
[4096,-704,53,-11,1]
[4096,1280,304,113,19,5,1]
[14641,-121,186,-1,1]
[256,-192,128,-80,37,-20,8,-3,1]
[4096,512,-32,-95,-2,2,1]
[729,189,34,7,1]
[4096,256,256,41,16,1,1]
[4096,1792,608,149,38,7,1]
[4096,768,128,25,8,3,1]
[256,-320,192,-60,15,-15,12,-5,1]
[15625,-1875,282,-15,1]
[14641,2541,340,21,1]
[4096,-1792,80,71,5,-7,1]
[729,-54,8,-2,1]
[4096,-1280,144,-37,9,-5,1]
[4096,768,160,-45,10,3,1]
[4096,64,97,1,1]
[2401,-49,15,-1,1]
[16384,128,-63,1,1]
[256,192,144,76,45,19,9,3,1]
[256,-320,256,-144,75,-36,16,-5,1]
[256,-192,-16,40,-13,10,-1,-3,1]
[256,128,16,12,5,3,1,2,1]
[4096,-512,672,-61,42,-2,1]
[4096,768,112,23,7,3,1]
[729,-81,162,-19,18,-1,1]
[4096,-3328,1520,-459,95,-13,1]
[16384,-384,157,-3,1]
[4096,0,-3,0,1]
[4096,-1792,336,-35,21,-7,1]
[256,128,32,28,15,7,2,2,1]
[14641,-3509,449,-29,1]
[15625,-4125,513,-33,1]
[4096,1792,-48,-131,-3,7,1]
[15625,2625,226,21,1]
[6561,810,158,10,1]
[512,64,88,13,11,1,1]
[256,0,16,-8,3,-2,1,0,1]
[4096,-1536,-160,159,-10,-6,1]
[256,-192,16,8,1,2,1,-3,1]
[512,-256,120,-51,15,-4,1]
[4096,512,64,-73,4,2,1]
[4096,256,-160,-65,-10,1,1]
[729,-243,-45,38,-5,-3,1]
[14641,-726,-46,-6,1]
[14641,-1210,128,-10,1]
[16384,-3712,461,-29,1]
[4096,0,208,21,13,0,1]
[4096,-1024,144,-3,9,-4,1]
[256,0,-48,12,17,3,-3,0,1]
[2401,-196,53,-4,1]
[4096,-768,-160,119,-10,-3,1]
[4096,-768,176,-115,11,-3,1]
[4096,448,111,7,1]
[256,-192,80,-44,29,-11,5,-3,1]
[14641,3267,398,27,1]
[4096,1152,161,18,1]
[256,-256,96,-64,49,-16,6,-4,1]
[512,128,16,11,2,2,1]
[512,0,-48,-3,-6,0,1]
[729,-324,-36,56,-4,-4,1]
[729,-243,54,-17,6,-3,1]
[4096,-256,416,-63,26,-1,1]
[4096,-768,96,43,6,-3,1]
[2401,-147,72,-3,1]
[4096,-1280,336,-113,21,-5,1]
[4096,256,384,37,24,1,1]
[256,-192,16,32,-19,8,1,-3,1]
[16384,256,-205,2,1]
[512,256,16,-13,2,4,1]
[4096,0,-112,63,-7,0,1]
[6561,-1296,137,-16,1]
[4096,-1280,384,-151,24,-5,1]
[4096,-512,144,51,9,-2,1]
[16384,1664,193,13,1]
[14641,1089,15,9,1]
[15625,1375,82,11,1]
[4096,1792,704,219,44,7,1]
[4096,-1280,32,75,2,-5,1]
[4096,768,192,-29,12,3,1]
[4096,2048,848,235,53,8,1]
[4096,-512,121,-8,1]
[15625,-250,-199,-2,1]
[14641,1573,233,13,1]
[14641,0,-147,0,1]
[4096,0,64,-91,4,0,1]
[14641,-2541,338,-21,1]
[4096,512,-112,-69,-7,2,1]
[256,0,0,-8,15,-2,0,0,1]
[4096,-2048,320,-11,20,-8,1]
[256,128,128,56,35,14,8,2,1]
[14641,242,139,2,1]
[256,-192,176,-108,65,-27,11,-3,1]
[14641,0,-98,0,1]
[15625,500,216,4,1]
[15625,-1125,12,-9,1]
[2401,245,-26,5,1]
[16,7,1]
[256,-192,32,36,-31,9,2,-3,1]
[4096,256,16,-101,1,1,1]
[256,-320,224,-116,53,-29,14,-5,1]
[4096,0,-96,-77,-6,0,1]
[729,81,-36,1,-4,1,1]
[256,-128,64,-32,9,-8,4,-2,1]
[15625,-2125,148,-17,1]
[2401,0,86,0,1]
[15625,-3125,386,-25,1]
[15625,-625,-56,-5,1]
[256,128,176,72,57,18,11,2,1]
[4096,512,160,115,10,2,1]
[256,-128,80,4,1,1,5,-2,1]
[4096,256,32,39,2,1,1]
[256,128,80,40,19,10,5,2,1]
[4096,-768,544,-55,34,-3,1]
[4096,-3328,1552,-465,97,-13,1]
[64,40,19,5,1]
[729,-324,73,-12,1]
[14641,968,233,8,1]
[14641,4961,662,41,1]
[14641,968,3,8,1]
[4096,768,224,95,14,3,1]
[15625,1625,63,13,1]
[729,-162,117,-26,13,-2,1]
[15625,3125,342,25,1]
[4096,0,400,-31,25,0,1]
[729,108,8,4,1]
[15625,125,62,1,1]
[4096,-1024,336,-67,21,-4,1]
[4096,-256,16,103,1,-1,1]
[14641,-3872,485,-32,1]
[256,64,0,-32,-7,-8,0,1,1]
[729,-81,-18,13,-2,-1,1]
[14641,1694,166,14,1]
[4096,-1024,-16,9,-1,-4,1]
[4096,1536,368,47,23,6,1]
[15625,1500,117,12,1]
[729,-648,306,-110,34,-8,1]
[256,128,0,-12,1,-3,0,2,1]
[15625,-750,119,-6,1]
[512,256,128,47,16,4,1]
[2401,98,-47,2,1]
[4096,-256,272,13,17,-1,1]
[4096,768,-80,-99,-5,3,1]
[625,150,28,6,1]
[16384,3584,443,28,1]
[16384,2176,303,17,1]
[4096,1024,0,-1,0,4,1]
[4096,-256,16,-81,1,-1,1]
[4096,256,0,23,0,1,1]
[1024,128,65,4,1]
[14641,847,89,7,1]
[256,192,80,16,11,4,5,3,1]
[256,0,16,-8,23,-2,1,0,1]
[729,-486,198,-62,22,-6,1]
[2401,-49,78,-1,1]
[4096,-2304,960,-267,60,-9,1]
[256,320,176,92,53,23,11,5,1]
[4096,1024,480,83,30,4,1]
[729,-162,126,-40,14,-2,1]
[14641,-2299,233,-19,1]
[4096,448,105,7,1]
[4096,3072,1136,301,71,12,1]
[2401,539,67,11,1]
[4096,0,128,-15,8,0,1]
[256,-256,160,-84,49,-21,10,-4,1]
[4096,512,240,111,15,2,1]
[4096,2304,880,275,55,9,1]
[14641,-363,-105,-3,1]
[4096,-1536,528,-93,33,-6,1]
[4096,768,32,27,2,3,1]
[6561,0,112,0,1]
[16384,1664,191,13,1]
[4096,768,128,45,8,3,1]
[256,-192,96,-68,43,-17,6,-3,1]
[256,-64,16,-8,1,-2,1,-1,1]
[512,0,64,-3,8,0,1]
[512,-448,208,-79,26,-7,1]
[4096,1792,672,197,42,7,1]
[4096,-1024,416,-127,26,-4,1]
[729,-81,-45,16,-5,-1,1]
[4096,3328,1488,447,93,13,1]
[4096,-256,112,-57,7,-1,1]
[256,192,128,64,29,16,8,3,1]
[4096,768,304,19,19,3,1]
[6561,-405,74,-5,1]
[15625,375,182,3,1]
[729,405,153,41,17,5,1]
[729,567,144,23,16,7,1]
[4096,1280,720,137,45,5,1]
[64,48,40,21,10,3,1]
[4096,-2816,1168,-333,73,-11,1]
[16384,1024,171,8,1]
[4096,-256,208,-29,13,-1,1]
[6561,1215,124,15,1]
[4096,-1536,-224,185,-14,-6,1]
[256,-256,64,36,-33,9,4,-4,1]
[15625,-4125,507,-33,1]
[4096,-1536,368,-43,23,-6,1]
[4096,-256,64,-107,4,-1,1]
[729,-243,-45,47,-5,-3,1]
[4096,0,128,-83,8,0,1]
[729,-324,-18,46,-2,-4,1]
[4096,-1280,160,17,10,-5,1]
[2401,98,-29,2,1]
[4096,1024,240,31,15,4,1]
[4096,-1792,480,-85,30,-7,1]
[4096,-1024,432,-95,27,-4,1]
[14641,-1210,-2,-10,1]
[15625,1500,109,12,1]
[256,256,128,44,15,11,8,4,1]
[4096,-256,-144,-3,-9,-1,1]
[256,-64,80,-44,27,-11,5,-1,1]
[729,0,-27,23,-3,0,1]
[512,-384,216,-81,27,-6,1]
[16384,-896,-91,-7,1]
[4096,-512,16,3,1,-2,1]
[4096,-1024,288,-129,18,-4,1]
[4096,-1024,416,-141,26,-4,1]
[4096,-1024,432,-91,27,-4,1]
[256,64,80,20,11,5,5,1,1]
[4096,0,528,5,33,0,1]
[4096,1024,384,37,24,4,1]
[4096,512,-112,-51,-7,2,1]
[729,-162,189,-37,21,-2,1]
[16384,256,-67,2,1]
[15625,-125,119,-1,1]
[4096,-256,512,-3,32,-1,1]
[2401,-686,118,-14,1]
[625,-150,13,-6,1]
[4096,-1280,592,-109,37,-5,1]
[4096,0,-16,75,-1,0,1]
[4096,-1536,624,-121,39,-6,1]
[4096,-512,160,9,10,-2,1]
[14641,-1089,6,-9,1]
[14641,2299,263,19,1]
[4096,2304,848,257,53,9,1]
[4096,1280,48,-19,3,5,1]
[729,162,63,32,7,2,1]
[4096,-256,336,-59,21,-1,1]
[4096,-1536,688,-185,43,-6,1]
[4096,-64,-53,-1,1]
[4096,1280,720,149,45,5,1]
[4096,-2048,496,-117,31,-8,1]
[4096,-512,-80,109,-5,-2,1]
[4096,-1024,-176,131,-11,-4,1]
[256,64,32,24,17,6,2,1,1]
[14641,484,127,4,1]
[729,-81,9,5,1,-1,1]
[4096,-256,-64,-21,-4,-1,1]
[14641,1452,208,12,1]
[4096,512,480,39,30,2,1]
[256,128,16,0,7,0,1,2,1]
[2401,637,139,13,1]
[729,-243,45,14,5,-3,1]
[15625,-3750,422,-30,1]
[4096,1536,528,199,33,6,1]
[14641,-484,-67,-4,1]
[64,32,19,4,1]
[14641,-968,-42,-8,1]
[512,192,80,39,10,3,1]
[6561,567,89,7,1]
[256,0,-16,4,5,1,-1,0,1]
[4096,512,144,41,9,2,1]
[14641,484,-28,4,1]
[729,0,36,-28,4,0,1]
[16384,-1152,25,-9,1]
[4096,-2304,1024,-269,64,-9,1]
[14641,3872,474,32,1]
[4096,-512,-64,-29,-4,-2,1]
[729,-405,189,-88,21,-5,1]
[729,567,261,98,29,7,1]
[4096,-1024,48,39,3,-4,1]
[16384,640,249,5,1]
[729,-729,441,-175,49,-9,1]
[15625,-250,-198,-2,1]
[16384,384,-89,3,1]
[256,0,32,0,1,0,2,0,1]
[2401,490,59,10,1]
[4096,-768,-48,79,-3,-3,1]
[512,512,304,129,38,8,1]
[14641,1089,131,9,1]
[4096,-256,-64,-37,-4,-1,1]
[256,-128,64,-32,13,-8,4,-2,1]
[256,-256,208,-140,79,-35,13,-4,1]
[1024,-192,53,-6,1]
[64,64,48,25,12,4,1]
[16384,-896,-83,-7,1]
[4096,256,112,-57,7,1,1]
[2401,-441,39,-9,1]
[512,-64,112,-11,14,-1,1]
[256,-256,176,-100,53,-25,11,-4,1]
[14641,-121,-139,-1,1]
[4096,512,256,37,16,2,1]
[729,567,333,124,37,7,1]
[6561,243,164,3,1]
[4096,512,128,41,8,2,1]
[15625,3500,394,28,1]
[729,81,108,23,12,1,1]
[4096,-3584,1728,-523,108,-14,1]
[4096,768,64,43,4,3,1]
[4096,512,272,53,17,2,1]
[4096,3840,1680,487,105,15,1]
[4096,1280,352,31,22,5,1]
[2401,-392,109,-8,1]
[4096,-2048,912,-241,57,-8,1]
[4096,256,0,45,0,1,1]
[16384,3968,495,31,1]
[4096,-1024,368,-123,23,-4,1]
[15625,-1000,31,-8,1]
[15625,-1125,194,-9,1]
[729,-81,54,-35,6,-1,1]
[256,64,48,32,21,8,3,1,1]
[256,192,160,116,57,29,10,3,1]
[729,-162,-9,31,-1,-2,1]
[512,256,0,-33,0,4,1]
[512,192,16,7,2,3,1]
[14641,-1210,19,-10,1]
[14641,847,50,7,1]
[15625,-1625,117,-13,1]
[4096,-768,240,-135,15,-3,1]
[512,-128,-16,15,-2,-2,1]
[14641,-242,-1,-2,1]
[4096,-512,240,27,15,-2,1]
[2401,-98,90,-2,1]
[4096,768,112,-45,7,3,1]
[729,486,207,76,23,6,1]
[16384,-512,205,-4,1]
[4096,-1024,240,-83,15,-4,1]
[14641,2178,274,18,1]
[16384,-3072,359,-24,1]
[15625,-1375,27,-11,1]
[256,320,208,108,55,27,13,5,1]
[4096,-1280,384,-73,24,-5,1]
[2401,343,107,7,1]
[512,-128,32,-3,4,-2,1]
[729,-243,18,11,2,-3,1]
[6561,-486,146,-6,1]
[14641,-1694,193,-14,1]
[6561,-729,70,-9,1]
[256,-64,96,-76,15,-19,6,-1,1]
[16384,-2816,245,-22,1]
[4096,-2048,544,-125,34,-8,1]
[64,-72,35,-9,1]
[729,-81,81,-29,9,-1,1]
[729,0,72,-25,8,0,1]
[512,-192,40,-11,5,-3,1]
[256,64,64,48,15,12,4,1,1]
[729,81,9,-32,1,1,1]
[256,128,16,-32,-29,-8,1,2,1]
[4096,-1024,157,-16,1]
[512,-256,56,-15,7,-4,1]
[256,-128,96,0,9,0,6,-2,1]
[4096,-512,144,-45,9,-2,1]
[729,243,-9,-10,-1,3,1]
[4096,0,256,-9,16,0,1]
[512,-512,312,-125,39,-8,1]
[256,-64,64,-28,13,-7,4,-1,1]
[15625,-750,183,-6,1]
[15625,0,104,0,1]
[4096,768,208,1,13,3,1]
[512,0,-24,-15,-3,0,1]
[4096,256,656,37,41,1,1]
[256,128,32,0,-13,0,2,2,1]
[14641,242,-147,2,1]
[256,192,240,124,87,31,15,3,1]
[4096,-64,-9,-1,1]
[4096,1024,-96,-89,-6,4,1]
[14641,-726,239,-6,1]
[256,128,48,20,17,5,3,2,1]
[15625,-1125,253,-9,1]
[256,128,48,48,29,12,3,2,1]
[4096,256,-96,-105,-6,1,1]
[15625,-2625,314,-21,1]
[15625,-1500,149,-12,1]
[4096,768,672,95,42,3,1]
[15625,-625,119,-5,1]
[14641,-1694,284,-14,1]
[4096,512,176,23,11,2,1]
[4096,-512,240,5,15,-2,1]
[4096,-1792,768,-213,48,-7,1]
[14641,-2057,207,-17,1]
[15625,-4125,501,-33,1]
[256,-64,-48,-12,33,-3,-3,-1,1]
[4096,-1536,112,29,7,-6,1]
[256,64,16,-4,-19,-1,1,1,1]
[4096,1536,160,3,10,6,1]
[16384,1536,221,12,1]
[4096,2048,528,107,33,8,1]
[729,0,144,13,16,0,1]
[729,81,153,20,17,1,1]
[16384,4096,509,32,1]
[729,-405,234,-74,26,-5,1]
[256,64,-32,24,25,6,-2,1,1]
[729,729,315,101,35,9,1]
[4096,2560,784,193,49,10,1]
[15625,1625,82,13,1]
[4096,256,-96,25,-6,1,1]
[4096,512,64,-29,4,2,1]
[6561,1296,146,16,1]
[4096,-512,512,-45,32,-2,1]
[4096,-512,496,-69,31,-2,1]
[16384,-4480,561,-35,1]
[2401,343,2,7,1]
[4096,512,80,-51,5,2,1]
[4096,0,368,13,23,0,1]
[16384,1408,159,11,1]
[15625,250,202,2,1]
[4096,448,61,7,1]
[729,891,567,232,63,11,1]
[256,128,176,60,57,15,11,2,1]
[4096,-768,272,-99,17,-3,1]
[4096,512,176,-7,11,2,1]
[2401,-833,153,-17,1]
[6561,-567,8,-7,1]
[4096,512,288,95,18,2,1]
[4096,-64,-57,-1,1]
[14641,-968,-41,-8,1]
[4096,768,80,-39,5,3,1]
[4096,1024,384,121,24,4,1]
[256,192,16,-8,3,-2,1,3,1]
[256,-48,15,-3,1]
[4096,768,304,125,19,3,1]
[4096,-1280,672,-125,42,-5,1]
[4096,768,528,99,33,3,1]
[729,162,81,-2,9,2,1]
[256,-112,35,-7,1]
[15625,1750,191,14,1]
[2401,931,174,19,1]
[16384,-256,99,-2,1]
[1024,160,9,5,1]
[256,-192,16,-20,29,-5,1,-3,1]
[256,0,32,16,-15,4,2,0,1]
[729,486,225,86,25,6,1]
[256,320,240,140,75,35,15,5,1]
[4096,1536,176,19,11,6,1]
[4096,0,352,37,22,0,1]
[512,-192,-56,49,-7,-3,1]
[15625,-250,224,-2,1]
[256,-128,96,-24,19,-6,6,-2,1]
[256,0,32,12,15,3,2,0,1]
[14641,-242,-104,-2,1]
[729,0,126,16,14,0,1]
[256,256,96,44,31,11,6,4,1]
[14641,-121,196,-1,1]
[4096,-512,272,-81,17,-2,1]
[4096,-1792,768,-191,48,-7,1]
[512,64,8,-25,1,1,1]
[16384,-896,-33,-7,1]
[4096,2048,896,245,56,8,1]
[16384,1152,9,9,1]
[4096,256,208,-25,13,1,1]
[6561,162,-79,2,1]
[256,-192,48,28,-25,7,3,-3,1]
[4096,-256,-32,109,-2,-1,1]
[16384,-1152,231,-9,1]
[729,-567,306,-113,34,-7,1]
[4096,512,224,21,14,2,1]
[15625,-375,61,-3,1]
[2401,-245,-8,-5,1]
[256,64,32,32,1,8,2,1,1]
[15625,-1000,139,-8,1]
[729,243,162,37,18,3,1]
[4096,-1024,688,-127,43,-4,1]
[625,50,12,2,1]
[4096,0,0,49,0,0,1]
[4096,768,208,127,13,3,1]
[4096,1280,0,-65,0,5,1]
[256,0,0,20,-11,5,0,0,1]
[4096,256,112,1,7,1,1]
[4096,640,75,10,1]
[256,64,80,8,15,2,5,1,1]
[6561,-1458,226,-18,1]
[4096,768,464,77,29,3,1]
[256,-64,80,-44,25,-11,5,-1,1]
[4096,1280,-48,-67,-3,5,1]
[4096,-512,-112,19,-7,-2,1]
[4096,1792,176,-23,11,7,1]
[256,128,160,92,51,23,10,2,1]
[4096,64,-21,1,1]
[256,0,32,-4,11,-1,2,0,1]
[729,243,36,-19,4,3,1]
[15625,-2125,141,-17,1]
[729,0,54,19,6,0,1]
[256,64,-16,-16,-17,-4,-1,1,1]
[4096,-512,256,-57,16,-2,1]
[16384,-2176,209,-17,1]
[256,-192,16,20,-9,5,1,-3,1]
[256,128,32,-16,-15,-4,2,2,1]
[4096,-1024,304,-55,19,-4,1]
[15625,1750,228,14,1]
[6561,-1296,134,-16,1]
[15625,500,-13,4,1]
[4096,-1280,304,-53,19,-5,1]
[15625,1000,64,8,1]
[4096,-1536,-208,171,-13,-6,1]
[14641,-847,215,-7,1]
[4096,256,480,13,30,1,1]
[4096,512,48,-9,3,2,1]
[15625,-250,-81,-2,1]
[256,-256,128,-52,27,-13,8,-4,1]
[4096,256,-192,-47,-12,1,1]
[4096,-1024,256,-47,16,-4,1]
[16384,-384,7,-3,1]
[4096,512,160,-23,10,2,1]
[256,-64,16,0,7,0,1,-1,1]
[256,-320,144,8,-27,2,9,-5,1]
[4096,-2048,800,-213,50,-8,1]
[256,-256,208,-112,57,-28,13,-4,1]
[16384,1664,75,13,1]
[4096,2048,864,221,54,8,1]
[14641,0,134,0,1]
[16384,1152,213,9,1]
[4096,768,-144,-135,-9,3,1]
[4096,768,224,-3,14,3,1]
[4096,-1536,320,-33,20,-6,1]
[14641,3267,393,27,1]
[14641,1331,13,11,1]
[4096,-1280,-32,101,-2,-5,1]
[15625,0,123,0,1]
[4096,-1024,352,-31,22,-4,1]
[16384,-2048,113,-16,1]
[256,192,48,-36,-27,-9,3,3,1]
[15625,-1875,144,-15,1]
[4096,0,256,-53,16,0,1]
[16384,2432,179,19,1]
[4096,-256,32,101,2,-1,1]
[4096,256,560,35,35,1,1]
[4096,-1792,688,-161,43,-7,1]
[4096,-1536,928,-197,58,-6,1]
[15625,125,-203,1,1]
[256,0,80,-20,19,-5,5,0,1]
[4096,-256,-128,-27,-8,-1,1]
[729,0,63,-28,7,0,1]
[4096,-256,32,3,2,-1,1]
[15625,-2375,223,-19,1]
[256,-128,48,-20,23,-5,3,-2,1]
[15625,2375,268,19,1]
[1024,288,51,9,1]
[4096,-256,0,5,0,-1,1]
[81,0,-17,0,1]
[4096,1024,544,123,34,4,1]
[4096,-1280,128,19,8,-5,1]
[729,243,90,17,10,3,1]
[4096,-1792,768,-201,48,-7,1]
[4096,768,208,115,13,3,1]
[4096,0,256,53,16,0,1]
[625,-25,4,-1,1]
[4096,2048,160,-53,10,8,1]
[4096,512,64,-25,4,2,1]
[256,-192,96,20,-17,5,6,-3,1]
[6561,-324,100,-4,1]
[512,0,-24,13,-3,0,1]
[256,0,32,40,1,10,2,0,1]
[15625,-1000,107,-8,1]
[4096,-256,224,-73,14,-1,1]
[4096,-2560,1120,-333,70,-10,1]
[14641,-2783,322,-23,1]
[256,128,32,-12,-13,-3,2,2,1]
[2401,196,74,4,1]
[4096,-768,-16,77,-1,-3,1]
[2401,490,51,10,1]
[4096,-1024,384,-125,24,-4,1]
[16384,-640,149,-5,1]
[4096,-1024,160,-23,10,-4,1]
[729,-243,-36,49,-4,-3,1]
[512,128,8,-19,1,2,1]
[14641,-847,56,-7,1]
[256,64,0,0,-5,0,0,1,1]
[256,128,64,-4,-1,-1,4,2,1]
[256,-64,-16,-28,21,-7,-1,-1,1]
[4096,-2304,800,-211,50,-9,1]
[4096,-512,-16,81,-1,-2,1]
[256,0,16,0,27,0,1,0,1]
[6561,-891,92,-11,1]
[15625,1375,19,11,1]
[14641,726,-84,6,1]
[4096,-1280,688,-127,43,-5,1]
[6561,567,-20,7,1]
[256,64,-16,-16,7,-4,-1,1,1]
[256,-256,160,-60,27,-15,10,-4,1]
[729,243,36,7,4,3,1]
[4096,-1024,-64,79,-4,-4,1]
[729,-162,153,-37,17,-2,1]
[256,384,240,72,17,18,15,6,1]
[256,-128,208,-84,73,-21,13,-2,1]
[16384,1920,115,15,1]
[256,-128,64,-32,19,-8,4,-2,1]
[4096,-1536,640,-177,40,-6,1]
[4096,-1792,144,43,9,-7,1]
[512,64,112,3,14,1,1]
[256,-64,112,-24,33,-6,7,-1,1]
[4096,1344,211,21,1]
[4096,256,208,99,13,1,1]
[4096,512,352,77,22,2,1]
[16384,2304,213,18,1]
[15625,-750,-106,-6,1]
[15625,2125,312,17,1]
[512,128,-8,-9,-1,2,1]
[256,192,48,-28,-29,-7,3,3,1]
[6561,243,-94,3,1]
[4096,1536,752,189,47,6,1]
[4096,-768,528,-93,33,-3,1]
[125,19,1]
[4096,-512,272,-105,17,-2,1]
[4096,2560,832,207,52,10,1]
[16384,896,-3,7,1]
[64,-16,-8,11,-2,-1,1]
[256,-256,80,52,-49,13,5,-4,1]
[4096,-256,-144,-17,-9,-1,1]
[6561,-486,124,-6,1]
[512,-192,160,-41,20,-3,1]
[729,486,270,89,30,6,1]
[512,-128,48,-43,6,-2,1]
[4096,1536,432,143,27,6,1]
[15625,625,248,5,1]
[4096,-1792,592,-135,37,-7,1]
[14641,-1210,115,-10,1]
[4096,-1280,512,-97,32,-5,1]
[16384,256,21,2,1]
[4096,512,-16,-49,-1,2,1]
[4096,-2304,560,-101,35,-9,1]
[16384,-1408,201,-11,1]
[256,-64,112,-4,29,-1,7,-1,1]
[4096,-1024,-32,65,-2,-4,1]
[256,-64,16,-12,3,-3,1,-1,1]
[4096,-768,480,-45,30,-3,1]
[4096,256,64,93,4,1,1]
[512,64,48,-3,6,1,1]
[4096,1024,544,73,34,4,1]
[4096,-256,128,45,8,-1,1]
[729,-81,54,-1,6,-1,1]
[256,0,-64,-4,23,-1,-4,0,1]
[256,64,48,16,25,4,3,1,1]
[4096,-2560,1072,-315,67,-10,1]
[256,-320,208,-68,23,-17,13,-5,1]
[512,-192,0,21,0,-3,1]
[6561,324,-23,4,1]
[729,243,135,61,15,3,1]
[4096,768,320,123,20,3,1]
[256,128,80,-24,-9,-6,5,2,1]
[729,567,342,125,38,7,1]
[729,-405,189,-58,21,-5,1]
[4096,512,135,8,1]
[512,-128,-24,41,-3,-2,1]
[16384,-1664,53,-13,1]
[4096,256,368,17,23,1,1]
[64,16,-12,-9,-3,1,1]
[4096,0,160,-17,10,0,1]
[15625,0,246,0,1]
[2401,539,128,11,1]
[14641,-3388,382,-28,1]
[15625,1625,267,13,1]
[729,162,63,28,7,2,1]
[14641,-968,249,-8,1]
[4096,256,-64,-103,-4,1,1]
[256,96,31,6,1]
[15625,-2750,284,-22,1]
[256,0,112,-32,23,-8,7,0,1]
[15625,-1000,-18,-8,1]
[14641,363,-95,3,1]
[14641,2541,331,21,1]
[256,0,16,-16,11,-4,1,0,1]
[4096,-1536,608,-131,38,-6,1]
[256,0,32,-12,25,-3,2,0,1]
[4096,512,80,71,5,2,1]
[4096,256,288,75,18,1,1]
[4096,-768,176,11,11,-3,1]
[4096,-512,-96,19,-6,-2,1]
[14641,-2057,139,-17,1]
[4096,1024,464,105,29,4,1]
[4096,-896,143,-14,1]
[16384,-1792,83,-14,1]
[4096,-1024,544,-97,34,-4,1]
[256,-64,80,-48,27,-12,5,-1,1]
[4096,-256,128,-77,8,-1,1]
[256,64,128,72,31,18,8,1,1]
[4096,-3328,1360,-385,85,-13,1]
[6561,-243,-67,-3,1]
[15625,-2500,211,-20,1]
[729,162,72,-10,8,2,1]
[64,-64,48,-27,12,-4,1]
[256,64,48,48,9,12,3,1,1]
[4096,-2560,768,-189,48,-10,1]
[4096,0,176,-49,11,0,1]
[256,-256,160,-48,17,-12,10,-4,1]
[4096,448,3,7,1]
[4096,-2304,624,-131,39,-9,1]
[4096,0,240,65,15,0,1]
[14641,242,-164,2,1]
[6561,-81,41,-1,1]
[256,128,112,64,35,16,7,2,1]
[256,64,16,12,9,3,1,1,1]
[15625,-3250,379,-26,1]
[4096,1280,704,151,44,5,1]
[729,-162,19,-6,1]
[14641,-121,-200,-1,1]
[256,128,64,28,-1,7,4,2,1]
[14641,-726,48,-6,1]
[14641,-242,-98,-2,1]
[256,64,64,16,19,4,4,1,1]
[4096,-512,-64,45,-4,-2,1]
[4096,1024,-16,-29,-1,4,1]
[1024,0,39,0,1]
[14641,-847,174,-7,1]
[729,135,22,5,1]
[729,243,99,19,11,3,1]
[6561,-567,116,-7,1]
[512,-384,96,-17,12,-6,1]
[256,-128,64,-36,29,-9,4,-2,1]
[4096,-256,464,-27,29,-1,1]
[14641,2662,304,22,1]
[4096,1024,688,107,43,4,1]
[6561,81,-64,1,1]
[512,-384,200,-89,25,-6,1]
[256,448,448,332,191,83,28,7,1]
[4096,1792,-80,-137,-5,7,1]
[256,0,112,-4,37,-1,7,0,1]
[256,64,16,-24,3,-6,1,1,1]
[256,256,160,72,33,18,10,4,1]
[256,-128,-48,16,9,4,-3,-2,1]
[256,-192,160,-104,53,-26,10,-3,1]
[4096,1280,528,165,33,5,1]
[4096,0,256,15,16,0,1]
[4096,-192,125,-3,1]
[16384,384,-185,3,1]
[4096,-1536,272,-65,17,-6,1]
[15625,4125,513,33,1]
[4096,-1024,-16,25,-1,-4,1]
[4096,-512,99,-8,1]
[729,324,126,65,14,4,1]
[4096,1024,544,125,34,4,1]
[256,0,-32,-12,5,-3,-2,0,1]
[256,128,16,-20,-23,-5,1,2,1]
[6561,324,-67,4,1]
[4096,256,80,-63,5,1,1]
[4096,0,0,-57,0,0,1]
[256,-128,128,-28,31,-7,8,-2,1]
[256,192,144,84,55,21,9,3,1]
[16384,-1920,261,-15,1]
[4096,-3328,1536,-467,96,-13,1]
[16384,-2304,187,-18,1]
[512,192,56,29,7,3,1]
[256,0,48,-8,-7,-2,3,0,1]
[16384,2560,335,20,1]
[15625,1625,84,13,1]
[14641,-1936,178,-16,1]
[4096,256,80,101,5,1,1]
[729,648,369,139,41,8,1]
[4096,0,16,21,1,0,1]
[4096,1280,352,137,22,5,1]
[4096,2816,1280,369,80,11,1]
[256,256,160,72,25,18,10,4,1]
[15625,-1250,47,-10,1]
[4096,-1792,608,-149,38,-7,1]
[16384,4096,471,32,1]
[4096,-768,-224,99,-14,-3,1]
[15625,250,-82,2,1]
[2401,245,-25,5,1]
[14641,1089,189,9,1]
[512,-64,-8,23,-1,-1,1]
[4096,-2560,672,-135,42,-10,1]
[16384,1536,123,12,1]
[15625,-750,-7,-6,1]
[14641,-1452,166,-12,1]
[4096,0,528,-5,33,0,1]
[4096,1280,512,103,32,5,1]
[4096,128,109,2,1]
[4096,-1280,416,-71,26,-5,1]
[6561,-405,23,-5,1]
[4096,-1536,864,-191,54,-6,1]
[256,0,96,-24,25,-6,6,0,1]
[4096,0,48,-9,3,0,1]
[6561,-972,190,-12,1]
[4096,-512,-160,25,-10,-2,1]
[14641,-605,-85,-5,1]
[4096,-1280,192,-29,12,-5,1]
[14641,-2662,331,-22,1]
[256,-64,32,-4,17,-1,2,-1,1]
[6561,1701,257,21,1]
[6561,1053,169,13,1]
[256,64,160,40,49,10,10,1,1]
[2401,637,94,13,1]
[256,64,-48,-16,11,-4,-3,1,1]
[15625,250,181,2,1]
[256,-64,96,-28,35,-7,6,-1,1]
[15625,-1875,299,-15,1]
[4096,-2048,528,-125,33,-8,1]
[4096,-768,336,-107,21,-3,1]
[729,-324,90,-29,10,-4,1]
[256,256,176,128,73,32,11,4,1]
[4096,0,0,-37,0,0,1]
[4096,0,80,107,5,0,1]
[729,81,36,46,4,1,1]
[4096,2560,1024,295,64,10,1]
[16384,3840,445,30,1]
[4096,-768,272,-3,17,-3,1]
[6561,729,172,9,1]
[4096,-2048,432,-57,27,-8,1]
[4096,-1536,336,-45,21,-6,1]
[625,-225,63,-9,1]
[4096,-768,144,-51,9,-3,1]
[4096,0,128,7,8,0,1]
[4096,1280,400,137,25,5,1]
[256,0,64,40,1,10,4,0,1]
[14641,-847,106,-7,1]
[729,-243,90,-44,10,-3,1]
[4096,1536,624,131,39,6,1]
[4096,-768,224,-111,14,-3,1]
[256,-128,-32,32,-11,8,-2,-2,1]
[4096,-1536,-128,139,-8,-6,1]
[256,128,144,52,45,13,9,2,1]
[4096,2560,1008,285,63,10,1]
[16384,2816,315,22,1]
[4096,1280,256,83,16,5,1]
[4096,-2048,880,-255,55,-8,1]
[15625,1875,161,15,1]
[2401,-49,-46,-1,1]
[4096,1280,288,59,18,5,1]
[14641,363,115,3,1]
[729,324,108,40,12,4,1]
[4096,-2048,672,-193,42,-8,1]
[4096,768,-48,-89,-3,3,1]
[4096,256,160,-11,10,1,1]
[15625,-1250,-22,-10,1]
[729,324,90,23,10,4,1]
[15625,875,227,7,1]
[4096,0,-16,11,-1,0,1]
[4096,-256,-112,-3,-7,-1,1]
[729,81,27,-4,3,1,1]
[4096,-768,320,-3,20,-3,1]
[4096,1792,-64,-131,-4,7,1]
[4096,-1024,192,-31,12,-4,1]
[4096,512,-80,-91,-5,2,1]
[512,-128,32,-13,4,-2,1]
[4096,-512,192,-57,12,-2,1]
[4096,1792,656,223,41,7,1]
[4096,-768,576,-61,36,-3,1]
[729,243,45,23,5,3,1]
[4096,768,256,137,16,3,1]
[4096,1536,208,23,13,6,1]
[729,-351,85,-13,1]
[15625,1875,133,15,1]
[4096,-1280,400,-73,25,-5,1]
[512,64,24,-27,3,1,1]
[256,192,208,120,75,30,13,3,1]
[15625,-3375,404,-27,1]
[4096,512,-32,41,-2,2,1]
[512,192,-24,-35,-3,3,1]
[256,320,208,84,35,21,13,5,1]
[4096,1024,368,113,23,4,1]
[512,192,152,35,19,3,1]
[15625,-1500,281,-12,1]
[4096,-1792,624,-137,39,-7,1]
[256,0,64,40,5,10,4,0,1]
[4096,1792,592,181,37,7,1]
[4096,1536,880,189,55,6,1]
[512,0,160,1,20,0,1]
[256,64,48,-24,-9,-6,3,1,1]
[729,-324,198,-59,22,-4,1]
[2401,294,23,6,1]
[729,-162,40,-6,1]
[625,175,62,7,1]
[729,-81,9,-10,1,-1,1]
[729,0,99,8,11,0,1]
[4096,768,16,33,1,3,1]
[625,100,39,4,1]
[4096,768,80,55,5,3,1]
[4096,-512,368,-83,23,-2,1]
[15625,-2875,367,-23,1]
[4096,-1280,320,-47,20,-5,1]
[14641,-2057,247,-17,1]
[16384,128,25,1,1]
[16384,640,9,5,1]
[4096,-1280,384,-65,24,-5,1]
[4096,-768,432,-49,27,-3,1]
[15625,-625,191,-5,1]
[729,-81,153,-4,17,-1,1]
[4096,64,-39,1,1]
[256,192,160,84,57,21,10,3,1]
[4096,1280,336,107,21,5,1]
[729,324,279,73,31,4,1]
[15625,-2750,242,-22,1]
[256,-256,192,-88,43,-22,12,-4,1]
[256,64,32,0,13,0,2,1,1]
[4096,1280,272,77,17,5,1]
[14641,-4961,662,-41,1]
[14641,1936,195,16,1]
[4096,256,-48,-1,-3,1,1]
[256,-64,48,-8,-1,-2,3,-1,1]
[64,16,-8,-13,-2,1,1]
[4096,256,-64,35,-4,1,1]
[4096,512,480,61,30,2,1]
[4096,1792,-16,-107,-1,7,1]
[4096,-512,176,11,11,-2,1]
[4096,0,-128,-45,-8,0,1]
[14641,-2662,321,-22,1]
[256,64,-32,-24,1,-6,-2,1,1]
[4096,768,176,111,11,3,1]
[512,-128,-40,37,-5,-2,1]
[4096,-1792,464,-97,29,-7,1]
[2401,-833,150,-17,1]
[512,192,64,15,8,3,1]
[4096,256,-192,-9,-12,1,1]
[4096,512,-64,-57,-4,2,1]
[729,0,117,-8,13,0,1]
[4096,-576,77,-9,1]
[729,-243,234,-52,26,-3,1]
[256,-64,16,-16,25,-4,1,-1,1]
[256,0,112,-16,29,-4,7,0,1]
[16384,1408,285,11,1]
[256,-64,80,-28,11,-7,5,-1,1]
[729,-81,135,-10,15,-1,1]
[256,-256,208,-132,73,-33,13,-4,1]
[6561,-891,101,-11,1]
[256,192,160,92,51,23,10,3,1]
[2401,-637,113,-13,1]
[729,-189,38,-7,1]
[4096,-512,144,-109,9,-2,1]
[729,324,144,55,16,4,1]
[729,405,99,23,11,5,1]
[15625,-1375,269,-11,1]
[256,256,144,52,25,13,9,4,1]
[4096,2048,32,-113,2,8,1]
[4096,256,480,15,30,1,1]
[4096,192,3,3,1]
[4096,-512,384,-37,24,-2,1]
[4096,768,272,113,17,3,1]
[16384,-256,-17,-2,1]
[15625,1125,-23,9,1]
[729,243,117,59,13,3,1]
[6561,81,-119,1,1]
[6561,162,-44,2,1]
[256,128,112,72,33,18,7,2,1]
[15625,-3125,349,-25,1]
[4096,-2048,320,-29,20,-8,1]
[729,-567,234,-76,26,-7,1]
[4096,2304,1056,279,66,9,1]
[256,-192,144,-84,37,-21,9,-3,1]
[256,192,128,80,35,20,8,3,1]
[256,-64,-16,8,9,2,-1,-1,1]
[4096,64,119,1,1]
[15625,375,99,3,1]
[4096,1280,320,33,20,5,1]
[15625,250,-142,2,1]
[14641,-1694,106,-14,1]
[512,64,-32,-37,-4,1,1]
[256,128,128,60,45,15,8,2,1]
[256,128,128,68,35,17,8,2,1]
[14641,2662,350,22,1]
[4096,-1088,193,-17,1]
[14641,-1089,241,-9,1]
[729,-162,72,7,8,-2,1]
[729,27,-28,1,1]
[14641,-363,81,-3,1]
[4096,-1280,-16,55,-1,-5,1]
[512,64,16,27,2,1,1]
[1024,96,25,3,1]
[15625,-500,239,-4,1]
[14641,484,119,4,1]
[256,192,240,128,87,32,15,3,1]
[64,16,1,2,1]
[4096,2816,1232,359,77,11,1]
[15625,2250,314,18,1]
[256,0,-1,0,1]
[256,128,160,84,49,21,10,2,1]
[256,128,64,32,1,8,4,2,1]
[256,-64,80,-16,23,-4,5,-1,1]
[16384,1664,227,13,1]
[16384,0,-47,0,1]
[14641,-4235,541,-35,1]
[4096,2560,896,229,56,10,1]
[729,0,9,10,1,0,1]
[512,-192,64,-33,8,-3,1]
[512,320,-48,-69,-6,5,1]
[256,256,224,148,75,37,14,4,1]
[256,128,0,-16,1,-4,0,2,1]
[4096,-128,27,-2,1]
[256,64,0,-8,-19,-2,0,1,1]
[256,192,80,16,-7,4,5,3,1]
[512,-256,16,13,2,-4,1]
[4096,-1024,240,-49,15,-4,1]
[1024,-32,-27,-1,1]
[625,100,49,4,1]
[4096,512,160,13,10,2,1]
[14641,1210,51,10,1]
[15625,1875,223,15,1]
[6561,-1134,137,-14,1]
[15625,-875,-43,-7,1]
[512,-256,104,-53,13,-4,1]
[14641,-1452,127,-12,1]
[4096,-1536,576,-111,36,-6,1]
[16,12,7,3,1]
[4096,1792,512,133,32,7,1]
[6561,567,103,7,1]
[16384,384,7,3,1]
[4096,-1536,464,-131,29,-6,1]
[15625,-750,41,-6,1]
[4096,768,480,59,30,3,1]
[4096,-1024,112,-31,7,-4,1]
[4096,-768,240,9,15,-3,1]
[4096,1024,544,77,34,4,1]
[4096,512,32,-81,2,2,1]
[256,0,96,-8,35,-2,6,0,1]
[512,-128,32,-15,4,-2,1]
[15625,-250,163,-2,1]
[4096,1280,336,95,21,5,1]
[4096,-256,112,-111,7,-1,1]
[14641,-363,241,-3,1]
[4096,1280,-160,-149,-10,5,1]
[4096,1792,288,13,18,7,1]
[4096,2304,624,151,39,9,1]
[256,256,128,52,25,13,8,4,1]
[15625,2625,357,21,1]
[15625,-250,-133,-2,1]
[4096,832,135,13,1]
[256,-128,144,-60,43,-15,9,-2,1]
[16384,-2816,283,-22,1]
[4096,256,-16,-5,-1,1,1]
[16384,-2304,227,-18,1]
[14641,1210,37,10,1]
[14641,-121,-150,-1,1]
[512,64,64,33,8,1,1]
[256,128,128,20,23,5,8,2,1]
[4096,-1280,496,-157,31,-5,1]
[4096,1536,-96,-121,-6,6,1]
[625,-150,23,-6,1]
[729,-405,126,-41,14,-5,1]
[15625,-1250,239,-10,1]
[16384,128,163,1,1]
[4096,1024,384,127,24,4,1]
[256,-256,160,-84,43,-21,10,-4,1]
[2401,196,78,4,1]
[4096,-1536,176,15,11,-6,1]
[16384,256,97,2,1]
[625,50,-28,2,1]
[256,-192,112,-76,43,-19,7,-3,1]
[4096,256,192,-19,12,1,1]
[512,64,88,1,11,1,1]
[4096,-256,336,-55,21,-1,1]
[4096,512,336,59,21,2,1]
[4096,-512,-144,79,-9,-2,1]
[729,-405,54,1,6,-5,1]
[2401,294,33,6,1]
[729,81,36,-8,4,1,1]
[729,81,108,26,12,1,1]
[4096,-512,-144,105,-9,-2,1]
[256,-128,112,-68,35,-17,7,-2,1]
[15625,-500,164,-4,1]
[6561,-243,5,-3,1]
[4096,-3072,1424,-421,89,-12,1]
[14641,-484,-70,-4,1]
[4096,-1024,208,3,13,-4,1]
[14641,-1694,105,-14,1]
[14641,0,-133,0,1]
[4096,256,80,-21,5,1,1]
[256,-128,80,-28,17,-7,5,-2,1]
[256,0,48,-8,3,-2,3,0,1]
[729,-486,252,-82,28,-6,1]
[256,-192,64,0,-11,0,4,-3,1]
[15625,1000,-57,8,1]
[256,-64,112,-16,35,-4,7,-1,1]
[2401,931,185,19,1]
[729,405,45,-13,5,5,1]
[512,-384,176,-71,22,-6,1]
[729,-567,234,-80,26,-7,1]
[4096,512,160,-31,10,2,1]
[256,64,48,16,21,4,3,1,1]
[256,256,160,100,61,25,10,4,1]
[2401,-539,82,-11,1]
[256,0,32,8,-3,2,2,0,1]
[256,-192,112,-56,39,-14,7,-3,1]
[14641,-968,37,-8,1]
[256,192,144,72,35,18,9,3,1]
[14641,726,-8,6,1]
[4096,-3072,1472,-435,92,-12,1]
[4096,-2560,1040,-319,65,-10,1]
[2401,539,99,11,1]
[256,64,16,-12,-9,-3,1,1,1]
[15625,2625,247,21,1]
[4096,-2304,640,-135,40,-9,1]
[4096,256,416,59,26,1,1]
[15625,-375,206,-3,1]
[6561,0,-22,0,1]
[4096,1024,688,123,43,4,1]
[729,567,369,134,41,7,1]
[16384,-2176,299,-17,1]
[256,64,-16,-16,-15,-4,-1,1,1]
[4096,2048,320,27,20,8,1]
[256,0,32,-8,-3,-2,2,0,1]
[15625,4125,502,33,1]
[729,-162,72,-46,8,-2,1]
[4096,-768,480,-63,30,-3,1]
[4096,768,64,-3,4,3,1]
[16384,1408,283,11,1]
[15625,-2000,281,-16,1]
[14641,-3146,331,-26,1]
[14641,-242,-163,-2,1]
[2401,-441,57,-9,1]
[256,-64,0,16,-3,4,0,-1,1]
[256,64,80,16,31,4,5,1,1]
[256,-128,128,-60,51,-15,8,-2,1]
[4096,256,400,-5,25,1,1]
[4096,1792,256,25,16,7,1]
[15625,500,-147,4,1]
[4096,2304,848,235,53,9,1]
[729,324,162,74,18,4,1]
[4096,-704,153,-11,1]
[729,-81,49,-3,1]
[256,192,192,100,61,25,12,3,1]
[256,-320,128,20,-33,5,8,-5,1]
[625,25,-29,1,1]
[4096,-256,144,53,9,-1,1]
[4096,2560,832,205,52,10,1]
[729,486,261,85,29,6,1]
[4096,-1280,-48,67,-3,-5,1]
[14641,0,-188,0,1]
[14641,-2420,250,-20,1]
[6561,0,35,0,1]
[256,64,16,-4,-15,-1,1,1,1]
[256,128,144,28,31,7,9,2,1]
[4096,-1792,48,83,3,-7,1]
[14641,605,-1,5,1]
[729,486,270,92,30,6,1]
[6561,-486,164,-6,1]
[4096,-1536,832,-183,52,-6,1]
[14641,-847,67,-7,1]
[256,192,48,-40,-41,-10,3,3,1]
[15625,375,-26,3,1]
[4096,-512,128,-105,8,-2,1]
[256,256,128,96,67,24,8,4,1]
[4096,-768,336,-69,21,-3,1]
[4096,256,-112,-47,-7,1,1]
[4096,1536,256,27,16,6,1]
[256,-192,48,-16,9,-4,3,-3,1]
[4096,-768,-176,117,-11,-3,1]
[729,-162,-36,13,-4,-2,1]
[512,-192,0,19,0,-3,1]
[1024,32,51,1,1]
[512,-64,8,1,1,-1,1]
[4096,-1280,560,-101,35,-5,1]
[15625,-1875,293,-15,1]
[729,648,297,100,33,8,1]
[4096,-256,-144,21,-9,-1,1]
[256,64,80,56,11,14,5,1,1]
[729,162,0,-17,0,2,1]
[14641,1694,186,14,1]
[6561,-729,8,-9,1]
[512,448,224,81,28,7,1]
[729,243,126,56,14,3,1]
[16384,-3328,365,-26,1]
[4096,1024,144,-13,9,4,1]
[15625,-1750,203,-14,1]
[14641,-363,-163,-3,1]
[16384,1152,-25,9,1]
[4096,1536,432,147,27,6,1]
[4096,768,144,-45,9,3,1]
[4096,-256,-48,73,-3,-1,1]
[4096,1024,-176,-125,-11,4,1]
[4096,512,-48,-87,-3,2,1]
[15625,1875,226,15,1]
[4096,768,160,37,10,3,1]
[256,192,112,20,9,5,7,3,1]
[4096,0,480,-7,30,0,1]
[4096,-1792,448,-85,28,-7,1]
[4096,-1024,512,-79,32,-4,1]
[256,256,192,100,53,25,12,4,1]
[16384,2432,247,19,1]
[4096,512,192,-15,12,2,1]
[15625,-2125,133,-17,1]
[729,0,9,16,1,0,1]
[4096,512,-112,-105,-7,2,1]
[256,-192,144,-60,31,-15,9,-3,1]
[729,162,108,16,12,2,1]
[4096,-256,-128,71,-8,-1,1]
[4096,256,384,57,24,1,1]
[256,-128,112,-76,29,-19,7,-2,1]
[729,324,144,62,16,4,1]
[4096,-3328,1392,-405,87,-13,1]
[256,0,160,-4,53,-1,10,0,1]
[4096,256,176,-27,11,1,1]
[4096,0,176,17,11,0,1]
[6561,0,-23,0,1]
[4096,768,288,41,18,3,1]
[15625,-250,-89,-2,1]
[14641,605,21,5,1]
[14641,-363,113,-3,1]
[2401,-539,114,-11,1]
[4096,1536,416,131,26,6,1]
[4096,-256,272,-55,17,-1,1]
[14641,-2057,267,-17,1]
[512,128,80,23,10,2,1]
[4096,-2560,1168,-331,73,-10,1]
[4096,1536,752,169,47,6,1]
[4096,-256,-32,73,-2,-1,1]
[4096,-768,224,-19,14,-3,1]
[256,-64,80,-60,19,-15,5,-1,1]
[4096,-1536,48,57,3,-6,1]
[15625,-375,-173,-3,1]
[16384,-384,-83,-3,1]
[4096,-2816,1200,-337,75,-11,1]
[6561,-648,80,-8,1]
[729,-162,27,29,3,-2,1]
[4096,256,144,-15,9,1,1]
[16384,2688,311,21,1]
[4096,-1024,304,-103,19,-4,1]
[4096,1024,256,79,16,4,1]
[16384,1152,45,9,1]
[256,64,16,12,11,3,1,1,1]
[15625,2500,221,20,1]
[4096,1280,416,119,26,5,1]
[25,4,1]
[4096,-512,208,35,13,-2,1]
[6561,405,-59,5,1]
[6561,162,83,2,1]
[4096,-1280,496,-137,31,-5,1]
[15625,-1250,249,-10,1]
[256,0,-16,-12,17,-3,-1,0,1]
[4096,0,96,-55,6,0,1]
[16384,640,237,5,1]
[4096,512,304,87,19,2,1]
[4096,-1280,-48,97,-3,-5,1]
[256,320,320,216,127,54,20,5,1]
[4096,512,16,-1,1,2,1]
[6561,81,-128,1,1]
[512,0,56,-17,7,0,1]
[729,729,405,152,45,9,1]
[4096,1024,-48,-85,-3,4,1]
[4096,768,-144,-103,-9,3,1]
[4096,768,-48,-1,-3,3,1]
[256,0,16,16,13,4,1,0,1]
[256,0,48,44,3,11,3,0,1]
[4096,-1536,448,-69,28,-6,1]
[4096,-768,-48,83,-3,-3,1]
[4096,512,160,-5,10,2,1]
[4096,-256,368,5,23,-1,1]
[15625,1125,13,9,1]
[14641,121,-28,1,1]
[6561,1296,148,16,1]
[256,-128,48,4,-13,1,3,-2,1]
[4096,3072,1152,315,72,12,1]
[512,-192,112,-21,14,-3,1]
[729,81,99,25,11,1,1]
[4096,1280,-128,-115,-8,5,1]
[256,-64,-32,8,1,2,-2,-1,1]
[6561,-1215,113,-15,1]
[256,-64,48,-36,5,-9,3,-1,1]
[15625,-125,-3,-1,1]
[4096,768,96,5,6,3,1]
[256,-192,144,-100,51,-25,9,-3,1]
[256,128,32,32,23,8,2,2,1]
[64,96,88,51,22,6,1]
[15625,-625,-86,-5,1]
[16384,896,65,7,1]
[256,384,368,260,147,65,23,6,1]
[4096,768,-96,-31,-6,3,1]
[256,-64,-80,-8,37,-2,-5,-1,1]
[4096,256,-16,-53,-1,1,1]
[15625,-2000,122,-16,1]
[256,-64,-16,-16,27,-4,-1,-1,1]
[256,0,-32,20,5,5,-2,0,1]
[512,0,80,19,10,0,1]
[14641,-484,-122,-4,1]
[14641,847,116,7,1]
[6561,-648,4,-8,1]
[512,-128,96,-11,12,-2,1]
[16384,-3584,411,-28,1]
[4096,1280,16,-45,1,5,1]
[512,64,24,3,3,1,1]
[4096,1024,-112,-113,-7,4,1]
[15625,4375,547,35,1]
[512,-128,32,3,4,-2,1]
[2401,-539,101,-11,1]
[14641,4114,526,34,1]
[4096,-1536,-96,133,-6,-6,1]
[4096,-1792,672,-175,42,-7,1]
[256,64,1,4,1]
[256,320,240,128,65,32,15,5,1]
[4096,-1536,-160,165,-10,-6,1]
[256,-64,32,44,-17,11,2,-1,1]
[4096,-1280,592,-165,37,-5,1]
[16384,-1024,-65,-8,1]
[15625,-1750,151,-14,1]
[729,351,92,13,1]
[14641,-1089,74,-9,1]
[729,-459,124,-17,1]
[256,-64,176,-36,59,-9,11,-1,1]
[14641,1573,149,13,1]
[729,-486,234,-73,26,-6,1]
[256,192,128,80,55,20,8,3,1]
[729,-243,9,31,1,-3,1]
[4096,-512,48,69,3,-2,1]
[4096,0,-96,-41,-6,0,1]
[4096,-1792,480,-101,30,-7,1]
[81,0,-7,0,1]
[16384,-3200,331,-25,1]
[729,-324,90,-11,10,-4,1]
[14641,3146,339,26,1]
[4096,256,64,87,4,1,1]
[16384,-2944,375,-23,1]
[512,64,0,-3,0,1,1]
[4096,1024,432,93,27,4,1]
[729,486,315,106,35,6,1]
[4096,-256,224,-21,14,-1,1]
[4096,0,272,1,17,0,1]
[6561,-162,-68,-2,1]
[6561,-1053,97,-13,1]
[16384,-256,101,-2,1]
[2401,-392,71,-8,1]
[729,0,-54,17,-6,0,1]
[2401,-245,54,-5,1]
[256,-192,112,-28,15,-7,7,-3,1]
[15625,-2000,233,-16,1]
[14641,-1210,15,-10,1]
[4096,-256,80,-45,5,-1,1]
[256,256,160,84,39,21,10,4,1]
[729,324,234,61,26,4,1]
[16384,1664,213,13,1]
[4096,-256,320,23,20,-1,1]
[6561,891,163,11,1]
[15625,-375,-134,-3,1]
[15625,2375,333,19,1]
[4096,-512,-96,-5,-6,-2,1]
[4096,-1024,0,77,0,-4,1]
[256,128,0,32,33,8,0,2,1]
[4096,-2816,1136,-329,71,-11,1]
[4096,512,144,-29,9,2,1]
[256,64,64,0,7,0,4,1,1]
[729,-162,54,2,6,-2,1]
[4096,-1536,768,-177,48,-6,1]
[4096,768,-112,-117,-7,3,1]
[16384,-4096,503,-32,1]
[729,81,54,47,6,1,1]
[256,192,144,88,55,22,9,3,1]
[6561,729,125,9,1]
[729,-243,144,-46,16,-3,1]
[512,384,192,83,24,6,1]
[4096,448,11,7,1]
[729,486,333,113,37,6,1]
[4096,-768,80,59,5,-3,1]
[625,50,47,2,1]
[16384,2432,299,19,1]
[256,256,144,56,17,14,9,4,1]
[256,-192,160,-64,39,-16,10,-3,1]
[4096,0,112,93,7,0,1]
[16384,-1792,77,-14,1]
[4096,1280,432,123,27,5,1]
[256,-448,448,-328,187,-82,28,-7,1]
[256,-448,416,-276,149,-69,26,-7,1]
[16384,-1792,127,-14,1]
[4096,-2560,1024,-287,64,-10,1]
[256,0,112,-8,25,-2,7,0,1]
[6561,-810,154,-10,1]
[4096,-1792,848,-223,53,-7,1]
[256,-320,112,56,-63,14,7,-5,1]
[512,-256,112,-49,14,-4,1]
[256,64,0,20,13,5,0,1,1]
[4096,-1280,352,-103,22,-5,1]
[15625,-750,14,-6,1]
[14641,-1694,191,-14,1]
[4096,512,128,31,8,2,1]
[4096,1280,304,33,19,5,1]
[512,-64,-32,33,-4,-1,1]
[16384,-512,117,-4,1]
[14641,-605,-2,-5,1]
[256,64,96,56,19,14,6,1,1]
[256,64,-32,-28,3,-7,-2,1,1]
[256,-192,80,32,-25,8,5,-3,1]
[4096,-512,-64,55,-4,-2,1]
[16384,-1152,51,-9,1]
[4096,-256,16,91,1,-1,1]
[4096,768,512,93,32,3,1]
[729,162,-18,1,-2,2,1]
[14641,-726,-56,-6,1]
[256,-64,0,36,-9,9,0,-1,1]
[4096,512,592,43,37,2,1]
[4096,-2560,1120,-317,70,-10,1]
[15625,125,2,1,1]
[729,-162,9,17,1,-2,1]
[4096,-1024,128,39,8,-4,1]
[4096,-1280,320,-69,20,-5,1]
[4096,3072,1360,415,85,12,1]
[256,-256,48,56,-45,14,3,-4,1]
[4096,1280,304,85,19,5,1]
[4096,-2048,512,-89,32,-8,1]
[256,-128,96,8,3,2,6,-2,1]
[14641,0,-101,0,1]
[4096,-1152,173,-18,1]
[4096,1024,320,159,20,4,1]
[4096,1536,560,121,35,6,1]
[256,0,80,20,17,5,5,0,1]
[729,162,135,28,15,2,1]
[512,64,0,1,0,1,1]
[14641,-1573,152,-13,1]
[4096,256,64,111,4,1,1]
[14641,968,240,8,1]
[15625,-1375,233,-11,1]
[16384,-1280,107,-10,1]
[14641,1331,271,11,1]
[15625,2375,266,19,1]
[729,0,171,2,19,0,1]
[14641,363,90,3,1]
[625,325,83,13,1]
[4096,256,240,-39,15,1,1]
[4096,-2816,912,-229,57,-11,1]
[256,-192,176,-96,63,-24,11,-3,1]
[16384,-2048,137,-16,1]
[4096,1024,144,-5,9,4,1]
[15625,-1250,77,-10,1]
[14641,-2178,259,-18,1]
[256,256,128,8,-11,2,8,4,1]
[16384,1408,195,11,1]
[4096,-512,416,-25,26,-2,1]
[14641,1452,92,12,1]
[4096,-1536,512,-173,32,-6,1]
[4096,1024,-64,-75,-4,4,1]
[2401,196,9,4,1]
[16384,1408,219,11,1]
[15625,1375,2,11,1]
[15625,-125,-179,-1,1]
[4096,1280,432,75,27,5,1]
[256,-128,45,-8,1]
[6561,-1215,205,-15,1]
[729,405,117,23,13,5,1]
[1024,-288,49,-9,1]
[6561,1782,275,22,1]
[15625,-3500,422,-28,1]
[15625,2500,213,20,1]
[4096,4096,2000,613,125,16,1]
[256,128,64,60,33,15,4,2,1]
[15625,500,116,4,1]
[4096,-256,16,-55,1,-1,1]
[4096,-512,144,-113,9,-2,1]
[4096,576,115,9,1]
[256,128,64,32,11,8,4,2,1]
[256,-128,32,-4,13,-1,2,-2,1]
[4096,1536,624,123,39,6,1]
[256,64,64,20,7,5,4,1,1]
[4096,0,32,111,2,0,1]
[256,-192,176,-112,55,-28,11,-3,1]
[14641,1694,148,14,1]
[729,0,54,-35,6,0,1]
[15625,125,104,1,1]
[4096,-1024,189,-16,1]
[4096,1024,208,63,13,4,1]
[4096,-1536,608,-193,38,-6,1]
[256,0,80,-12,15,-3,5,0,1]
[729,-108,4,-4,1]
[256,192,144,84,47,21,9,3,1]
[4096,1280,480,167,30,5,1]
[512,0,88,-3,11,0,1]
[15625,-2875,294,-23,1]
[6561,324,130,4,1]
[4096,-768,-128,103,-8,-3,1]
[4096,-512,256,-73,16,-2,1]
[15625,-1500,113,-12,1]
[14641,-2420,293,-20,1]
[256,0,32,-8,7,-2,2,0,1]
[4096,2048,160,-57,10,8,1]
[14641,-3751,482,-31,1]
[4096,2048,816,229,51,8,1]
[729,-243,-72,52,-8,-3,1]
[4096,-1536,512,-121,32,-6,1]
[15625,-125,-173,-1,1]
[2401,-245,79,-5,1]
[256,-64,-48,8,5,2,-3,-1,1]
[15625,-1125,32,-9,1]
[4096,1280,768,153,48,5,1]
[4096,-2048,624,-133,39,-8,1]
[512,-320,208,-75,26,-5,1]
[15625,250,-27,2,1]
[256,256,80,-12,-15,-3,5,4,1]
[256,-64,144,-52,43,-13,9,-1,1]
[4096,-768,304,-19,19,-3,1]
[14641,-2299,207,-19,1]
[4096,1280,-160,-125,-10,5,1]
[15625,250,-52,2,1]
[256,64,-16,-4,15,-1,-1,1,1]
[4096,1536,864,193,54,6,1]
[4096,-1280,432,-121,27,-5,1]
[512,448,296,117,37,7,1]
[4096,1792,576,125,36,7,1]
[256,0,32,12,3,3,2,0,1]
[6561,324,43,4,1]
[4096,-1280,96,-15,6,-5,1]
[2401,-196,-39,-4,1]
[4096,-768,416,-51,26,-3,1]
[6561,1296,187,16,1]
[4096,768,416,39,26,3,1]
[256,64,0,-8,-13,-2,0,1,1]
[4096,2816,1184,355,74,11,1]
[256,-64,112,-20,31,-5,7,-1,1]
[4096,-1856,337,-29,1]
[256,192,192,116,71,29,12,3,1]
[729,81,27,53,3,1,1]
[6561,-972,139,-12,1]
[256,0,160,8,49,2,10,0,1]
[4096,-256,80,-71,5,-1,1]
[4096,256,-96,29,-6,1,1]
[4096,768,512,81,32,3,1]
[729,243,54,17,6,3,1]
[4096,512,400,31,25,2,1]
[729,324,63,-8,7,4,1]
[4096,-1024,256,-27,16,-4,1]
[2401,-49,-71,-1,1]
[2401,-392,22,-8,1]
[16384,2816,345,22,1]
[4096,1024,464,57,29,4,1]
[4096,1024,288,65,18,4,1]
[4096,1280,384,155,24,5,1]
[256,64,0,-12,-9,-3,0,1,1]
[16384,256,-83,2,1]
[4096,-768,448,-91,28,-3,1]
[4096,512,-208,-73,-13,2,1]
[4096,-1024,288,-57,18,-4,1]
[14641,1694,212,14,1]
[729,81,90,17,10,1,1]
[16384,2816,369,22,1]
[4096,768,304,77,19,3,1]
[4096,-384,81,-6,1]
[512,128,72,25,9,2,1]
[14641,-1936,277,-16,1]
[4096,-1024,112,-17,7,-4,1]
[4096,768,176,33,11,3,1]
[4096,-768,288,-11,18,-3,1]
[15625,-125,-219,-1,1]
[256,128,48,36,19,9,3,2,1]
[4096,-768,141,-12,1]
[4096,1024,336,111,21,4,1]
[256,-64,112,8,19,2,7,-1,1]
[729,486,252,97,28,6,1]
[2401,588,106,12,1]
[4096,-1024,-64,77,-4,-4,1]
[256,128,16,-32,-35,-8,1,2,1]
[4096,512,272,5,17,2,1]
[729,243,-36,-25,-4,3,1]
[4096,-512,80,1,5,-2,1]
[14641,2420,311,20,1]
[256,64,-128,-12,39,-3,-8,1,1]
[4096,-512,-32,57,-2,-2,1]
[4096,2048,560,137,35,8,1]
[4096,2304,976,271,61,9,1]
[14641,-3630,438,-30,1]
[15625,-750,167,-6,1]
[4096,-2560,1184,-333,74,-10,1]
[4096,-768,-144,141,-9,-3,1]
[256,-128,32,32,-25,8,2,-2,1]
[14641,2420,337,20,1]
[4096,-1792,192,5,12,-7,1]
[512,64,136,11,17,1,1]
[4096,768,-48,-51,-3,3,1]
[14641,3751,476,31,1]
[14641,3630,438,30,1]
[256,128,16,8,5,2,1,2,1]
[4096,-1536,259,-24,1]
[14641,3267,415,27,1]
[729,-81,-18,31,-2,-1,1]
[256,128,32,-8,-3,-2,2,2,1]
[4096,-2304,416,-47,26,-9,1]
[16384,640,141,5,1]
[729,81,-36,-31,-4,1,1]
[256,-64,144,-28,47,-7,9,-1,1]
[15625,-125,129,-1,1]
[4096,-1536,192,-7,12,-6,1]
[729,162,99,11,11,2,1]
[6561,-891,64,-11,1]
[256,192,80,52,39,13,5,3,1]
[4096,-2560,848,-213,53,-10,1]
[256,128,112,80,35,20,7,2,1]
[15625,-1375,3,-11,1]
[14641,-242,-144,-2,1]
[729,-324,216,-70,24,-4,1]
[16384,1664,87,13,1]
[4096,-2816,1376,-393,86,-11,1]
[15625,-3250,339,-26,1]
[256,-256,144,-60,21,-15,9,-4,1]
[512,128,64,11,8,2,1]
[4096,-2048,240,23,15,-8,1]
[4096,-512,-112,11,-7,-2,1]
[4096,768,-192,-101,-12,3,1]
[4096,-1024,224,17,14,-4,1]
[4096,1024,208,81,13,4,1]
[4096,256,256,-27,16,1,1]
[256,128,128,56,47,14,8,2,1]
[4096,-768,368,-25,23,-3,1]
[512,256,16,-23,2,4,1]
[14641,1331,195,11,1]
[14641,-1573,62,-13,1]
[15625,750,-53,6,1]
[14641,3146,390,26,1]
[256,0,31,0,1]
[256,128,32,24,19,6,2,2,1]
[14641,-1331,166,-11,1]
[4096,-1536,16,69,1,-6,1]
[2401,-147,82,-3,1]
[256,256,112,24,7,6,7,4,1]
[1024,32,55,1,1]
[256,-64,32,28,-7,7,2,-1,1]
[4096,-512,-64,-1,-4,-2,1]
[256,-128,80,-44,31,-11,5,-2,1]
[4096,-1024,128,-59,8,-4,1]
[4096,-3328,1216,-317,76,-13,1]
[16384,-768,-79,-6,1]
[15625,2500,199,20,1]
[4096,512,256,63,16,2,1]
[4096,2048,688,189,43,8,1]
[64,-16,8,-15,2,-1,1]
[729,-243,-18,20,-2,-3,1]
[256,-320,288,-188,105,-47,18,-5,1]
[14641,242,101,2,1]
[4096,2560,992,293,62,10,1]
[256,-64,48,-40,21,-10,3,-1,1]
[4096,-640,147,-10,1]
[4096,256,-192,-13,-12,1,1]
[4096,-512,32,-53,2,-2,1]
[1024,160,53,5,1]
[6561,-729,94,-9,1]
[4096,-256,-192,51,-12,-1,1]
[4096,-1280,304,-61,19,-5,1]
[729,405,81,5,9,5,1]
[4096,768,96,-59,6,3,1]
[256,-128,48,28,-21,7,3,-2,1]
[16384,-1920,257,-15,1]
[16384,-512,-127,-4,1]
[256,128,160,68,59,17,10,2,1]
[4096,1792,784,221,49,7,1]
[4096,-576,141,-9,1]
[4096,512,-208,-51,-13,2,1]
[256,192,96,44,19,11,6,3,1]
[6561,1134,200,14,1]
[256,128,32,44,29,11,2,2,1]
[4096,-768,512,-67,32,-3,1]
[4096,2304,816,247,51,9,1]
[14641,-121,46,-1,1]
[4096,-256,-112,67,-7,-1,1]
[256,384,224,40,-7,10,14,6,1]
[256,64,64,24,19,6,4,1,1]
[4096,1536,656,137,41,6,1]
[16384,1024,-9,8,1]
[15625,-375,-113,-3,1]
[256,-128,48,-24,13,-6,3,-2,1]
[15625,500,192,4,1]
[256,-320,256,-160,83,-40,16,-5,1]
[14641,-1210,45,-10,1]
[4096,1152,207,18,1]
[4096,-256,16,-91,1,-1,1]
[4096,256,176,93,11,1,1]
[4096,-1792,608,-145,38,-7,1]
[256,64,64,40,17,10,4,1,1]
[2401,196,60,4,1]
[4096,-2048,688,-209,43,-8,1]
[256,-64,0,36,-11,9,0,-1,1]
[4096,-768,16,69,1,-3,1]
[15625,875,134,7,1]
[256,128,96,20,13,5,6,2,1]
[14641,-2904,331,-24,1]
[729,243,-36,-35,-4,3,1]
[729,162,-63,-41,-7,2,1]
[15625,-1250,-6,-10,1]
[15625,0,-233,0,1]
[6561,-486,-40,-6,1]
[15625,1375,84,11,1]
[729,-81,126,-20,14,-1,1]
[256,-128,64,-36,21,-9,4,-2,1]
[625,-100,34,-4,1]
[4096,-1536,0,91,0,-6,1]
[15625,-4125,518,-33,1]
[2401,245,100,5,1]
[15625,3000,348,24,1]
[729,0,27,-23,3,0,1]
[256,192,144,104,55,26,9,3,1]
[6561,-81,55,-1,1]
[2401,-147,-2,-3,1]
[729,405,189,79,21,5,1]
[14641,363,52,3,1]
[256,0,16,-16,-23,-4,1,0,1]
[256,64,64,-48,-11,-12,4,1,1]
[4096,256,-192,-11,-12,1,1]
[14641,1452,111,12,1]
[16384,640,257,5,1]
[2401,0,26,0,1]
[729,81,90,-2,10,1,1]
[729,-27,-40,-1,1]
[4096,-1088,163,-17,1]
[729,405,36,-14,4,5,1]
[4096,-3072,1184,-323,74,-12,1]
[16384,1920,135,15,1]
[14641,726,62,6,1]
[14641,2541,230,21,1]
[16384,1024,1,8,1]
[15625,875,-51,7,1]
[16384,3328,389,26,1]
[256,192,80,4,-11,1,5,3,1]
[4096,-2560,1040,-313,65,-10,1]
[15625,1750,198,14,1]
[4096,768,336,33,21,3,1]
[14641,968,150,8,1]
[729,567,243,88,27,7,1]
[4096,-1280,160,-17,10,-5,1]
[256,0,64,-8,17,-2,4,0,1]
[729,81,45,17,5,1,1]
[4096,512,128,59,8,2,1]
[4096,2048,688,193,43,8,1]
[4096,1280,-32,-75,-2,5,1]
[4096,1024,624,127,39,4,1]
[256,320,320,200,117,50,20,5,1]
[14641,1815,270,15,1]
[729,243,72,14,8,3,1]
[15625,-125,-132,-1,1]
[14641,605,162,5,1]
[256,-64,32,-4,-13,-1,2,-1,1]
[625,-25,-28,-1,1]
[4096,768,176,-3,11,3,1]
[256,0,16,-24,-3,-6,1,0,1]
[256,0,-64,0,23,0,-4,0,1]
[4096,-256,192,-61,12,-1,1]
[256,128,64,28,5,7,4,2,1]
[256,-64,-96,0,37,0,-6,-1,1]
[14641,-1331,150,-11,1]
[6561,-324,152,-4,1]
[256,-320,256,-168,91,-42,16,-5,1]
[2401,-441,68,-9,1]
[15625,-125,61,-1,1]
[6561,-567,80,-7,1]
[15625,-2125,211,-17,1]
[14641,2057,238,17,1]
[4096,-1536,432,-87,27,-6,1]
[14641,-847,47,-7,1]
[15625,1875,199,15,1]
[4096,2048,832,201,52,8,1]
[729,-405,99,-23,11,-5,1]
[4096,1024,-48,-79,-3,4,1]
[4096,-2560,864,-237,54,-10,1]
[2401,-98,9,-2,1]
[2401,686,118,14,1]
[14641,726,59,6,1]
[4096,1536,320,45,20,6,1]
[4096,768,48,-15,3,3,1]
[729,-324,207,-70,23,-4,1]
[14641,484,-102,4,1]
[4096,256,-128,19,-8,1,1]
[4096,768,64,-55,4,3,1]
[4096,-1280,-112,95,-7,-5,1]
[4096,2560,1104,315,69,10,1]
[729,-405,180,-82,20,-5,1]
[15625,1125,259,9,1]
[4096,768,-240,-103,-15,3,1]
[14641,-363,-56,-3,1]
[256,-128,16,8,-9,2,1,-2,1]
[729,0,117,-17,13,0,1]
[512,192,144,43,18,3,1]
[15625,2000,296,16,1]
[16384,-2432,271,-19,1]
[512,128,32,5,4,2,1]
[4096,0,288,1,18,0,1]
[256,-64,-80,12,21,3,-5,-1,1]
[4096,-256,-128,-17,-8,-1,1]
[4096,-768,-112,81,-7,-3,1]
[14641,968,169,8,1]
[15625,-500,-89,-4,1]
[15625,0,-62,0,1]
[4096,768,416,65,26,3,1]
[4096,-3840,1776,-535,111,-15,1]
[15625,1750,289,14,1]
[256,128,64,8,7,2,4,2,1]
[4096,2560,672,139,42,10,1]
[4096,-3584,1488,-421,93,-14,1]
[4096,-256,240,-77,15,-1,1]
[6561,0,74,0,1]
[4096,2560,1072,323,67,10,1]
[4096,-1024,592,-109,37,-4,1]
[15625,-1375,93,-11,1]
[4096,-1024,176,23,11,-4,1]
[729,216,61,8,1]
[4096,1024,-192,-131,-12,4,1]
[256,-320,256,-172,101,-43,16,-5,1]
[512,0,40,-25,5,0,1]
[256,0,96,-32,19,-8,6,0,1]
[256,-192,192,-84,55,-21,12,-3,1]
[4096,0,336,53,21,0,1]
[2401,49,-23,1,1]
[256,64,32,20,-9,5,2,1,1]
[2401,-343,43,-7,1]
[4096,768,240,73,15,3,1]
[14641,-363,191,-3,1]
[512,-512,312,-127,39,-8,1]
[4096,2048,624,131,39,8,1]
[1024,128,31,4,1]
[729,-324,117,-52,13,-4,1]
[14641,-2178,248,-18,1]
[6561,324,14,4,1]
[4096,448,15,7,1]
[14641,-847,-59,-7,1]
[256,128,-48,-16,11,-4,-3,2,1]
[512,-192,184,-43,23,-3,1]
[4096,448,87,7,1]
[4096,-1024,80,-29,5,-4,1]
[4096,-512,384,-81,24,-2,1]
[4096,-2304,576,-109,36,-9,1]
[729,-243,135,-26,15,-3,1]
[256,0,16,4,19,1,1,0,1]
[256,256,128,36,7,9,8,4,1]
[4096,512,208,-33,13,2,1]
[729,162,0,-19,0,2,1]
[729,189,47,7,1]
[16384,2048,281,16,1]
[4096,-1792,752,-187,47,-7,1]
[4096,2048,592,129,37,8,1]
[4096,512,-128,-63,-8,2,1]
[512,-128,80,-23,10,-2,1]
[256,256,80,-32,-33,-8,5,4,1]
[4096,256,32,37,2,1,1]
[256,64,32,20,31,5,2,1,1]
[4096,512,272,11,17,2,1]
[512,-64,120,-23,15,-1,1]
[512,192,24,1,3,3,1]
[256,-128,144,-84,43,-21,9,-2,1]
[14641,1694,289,14,1]
[4096,1024,0,-53,0,4,1]
[256,64,48,-12,11,-3,3,1,1]
[256,-128,48,48,-27,12,3,-2,1]
[14641,121,94,1,1]
[4096,-256,-64,19,-4,-1,1]
[4096,1024,304,109,19,4,1]
[4096,1280,384,103,24,5,1]
[16384,-128,-1,-1,1]
[256,-192,64,-44,35,-11,4,-3,1]
[16384,1920,305,15,1]
[2401,196,-8,4,1]
[2401,0,-39,0,1]
[4096,2304,1024,279,64,9,1]
[4096,384,-21,6,1]
[256,192,112,44,23,11,7,3,1]
[16384,1920,175,15,1]
[4096,-1536,192,5,12,-6,1]
[256,128,32,4,-9,1,2,2,1]
[256,64,0,-20,-23,-5,0,1,1]
[729,-81,171,-10,19,-1,1]
[512,0,-40,-3,-5,0,1]
[16384,256,173,2,1]
[512,256,152,59,19,4,1]
[4096,-512,-32,79,-2,-2,1]
[15625,-2000,113,-16,1]
[4096,1792,432,71,27,7,1]
[256,192,128,20,9,5,8,3,1]
[4096,1280,-128,-109,-8,5,1]
[14641,2299,289,19,1]
[4096,-768,208,-91,13,-3,1]
[6561,81,-44,1,1]
[16384,768,125,6,1]
[729,324,45,-11,5,4,1]
[64,64,8,-9,2,4,1]
[4096,-1280,272,-33,17,-5,1]
[15625,250,-146,2,1]
[14641,-1452,130,-12,1]
[729,0,117,-13,13,0,1]
[4096,-3072,1264,-355,79,-12,1]
[4096,-2048,736,-203,46,-8,1]
[14641,-847,216,-7,1]
[14641,2420,340,20,1]
[256,-320,240,-160,93,-40,15,-5,1]
[14641,-1331,72,-11,1]
[4096,1280,384,149,24,5,1]
[16384,896,199,7,1]
[729,324,72,10,8,4,1]
[15625,-2000,209,-16,1]
[6561,243,-89,3,1]
[4096,-2560,1040,-325,65,-10,1]
[2401,392,111,8,1]
[2401,637,138,13,1]
[512,256,-8,-33,-1,4,1]
[729,324,207,65,23,4,1]
[15625,1625,191,13,1]
[6561,567,152,7,1]
[729,-81,-45,38,-5,-1,1]
[256,-64,48,-12,9,-3,3,-1,1]
[625,300,81,12,1]
[729,-324,135,-40,15,-4,1]
[14641,242,120,2,1]
[14641,-363,-175,-3,1]
[4096,-1536,16,77,1,-6,1]
[4096,-768,240,-15,15,-3,1]
[14641,0,-155,0,1]
[256,-128,48,20,-23,5,3,-2,1]
[15625,-500,-48,-4,1]
[4096,1024,448,117,28,4,1]
[14641,-2299,261,-19,1]
[256,128,0,-24,-15,-6,0,2,1]
[4096,2816,1200,337,75,11,1]
[15625,-2625,308,-21,1]
[256,-64,176,-40,59,-10,11,-1,1]
[4096,-1024,112,3,7,-4,1]
[4096,256,224,-25,14,1,1]
[16384,512,237,4,1]
[256,192,32,44,45,11,2,3,1]
[14641,1573,175,13,1]
[512,192,112,51,14,3,1]
[256,-64,16,24,1,6,1,-1,1]
[512,-64,-32,5,-4,-1,1]
[4096,1280,144,33,9,5,1]
[2401,-98,10,-2,1]
[4096,-256,-112,3,-7,-1,1]
[4096,-256,528,-33,33,-1,1]
[729,-81,-36,8,-4,-1,1]
[4096,1536,224,13,14,6,1]
[6561,-1944,272,-24,1]
[512,320,-24,-53,-3,5,1]
[6561,-891,55,-11,1]
[256,64,48,28,9,7,3,1,1]
[256,128,48,24,11,6,3,2,1]
[6561,1863,290,23,1]
[4096,768,240,129,15,3,1]
[16384,-3328,341,-26,1]
[256,-176,59,-11,1]
[15625,-375,116,-3,1]
[16384,4224,517,33,1]
[15625,875,152,7,1]
[4096,1792,560,115,35,7,1]
[16384,768,195,6,1]
[4096,768,224,101,14,3,1]
[4096,-768,496,-51,31,-3,1]
[729,0,36,-16,4,0,1]
[6561,-1134,113,-14,1]
[4096,-256,320,-75,20,-1,1]
[2401,-294,18,-6,1]
[4096,1792,-16,-109,-1,7,1]
[15625,-3750,473,-30,1]
[15625,-3750,459,-30,1]
[14641,-242,-137,-2,1]
[4096,-1792,576,-125,36,-7,1]
[4096,1280,-176,-123,-11,5,1]
[4096,3072,1184,323,74,12,1]
[4096,-1536,96,41,6,-6,1]
[64,0,8,-11,2,0,1]
[15625,-250,-36,-2,1]
[4096,-1792,896,-211,56,-7,1]
[16384,-3072,373,-24,1]
[15625,1375,169,11,1]
[4096,1792,544,125,34,7,1]
[256,0,32,16,17,4,2,0,1]
[15625,875,-1,7,1]
[4096,1536,752,175,47,6,1]
[4096,2560,960,249,60,10,1]
[4096,-512,560,-51,35,-2,1]
[4096,-1280,384,-51,24,-5,1]
[16384,3584,397,28,1]
[256,-192,128,-56,31,-14,8,-3,1]
[14641,242,240,2,1]
[729,81,18,26,2,1,1]
[14641,1452,162,12,1]
[4096,768,-32,-51,-2,3,1]
[4096,64,-105,1,1]
[14641,2420,250,20,1]
[4096,1280,320,55,20,5,1]
[4096,-1280,720,-133,45,-5,1]
[4096,1280,384,53,24,5,1]
[729,-486,234,-97,26,-6,1]
[4096,-768,176,-119,11,-3,1]
[512,-192,112,-51,14,-3,1]
[4096,-1536,-48,117,-3,-6,1]
[4096,768,288,33,18,3,1]
[512,-192,24,5,3,-3,1]
[14641,1452,183,12,1]
[15625,-4875,627,-39,1]
[4096,1280,288,27,18,5,1]
[64,-48,23,-6,1]
[4096,-1280,624,-123,39,-5,1]
[256,128,64,40,27,10,4,2,1]
[256,-320,240,-160,91,-40,15,-5,1]
[256,-256,128,-20,-3,-5,8,-4,1]
[256,256,144,100,63,25,9,4,1]
[512,-192,176,-43,22,-3,1]
[14641,363,205,3,1]
[4096,256,32,-17,2,1,1]
[15625,-3250,337,-26,1]
[256,128,16,-36,-23,-9,1,2,1]
[14641,-3146,401,-26,1]
[4096,-2048,560,-111,35,-8,1]
[4096,0,-32,101,-2,0,1]
[4096,-1536,464,-153,29,-6,1]
[15625,0,62,0,1]
[4096,1280,576,145,36,5,1]
[729,-243,81,-16,9,-3,1]
[14641,-484,167,-4,1]
[256,-128,160,-88,53,-22,10,-2,1]
[14641,726,177,6,1]
[729,243,162,28,18,3,1]
[256,-128,48,-4,3,-1,3,-2,1]
[6561,-405,13,-5,1]
[4096,-256,368,23,23,-1,1]
[4096,1536,-48,-113,-3,6,1]
[4096,1024,112,23,7,4,1]
[512,-192,24,-1,3,-3,1]
[256,-64,32,-24,-1,-6,2,-1,1]
[81,-45,17,-5,1]
[14641,847,7,7,1]
[256,0,-16,-16,13,-4,-1,0,1]
[14641,-2057,292,-17,1]
[256,-128,-16,20,-1,5,-1,-2,1]
[256,0,32,-32,11,-8,2,0,1]
[15625,3375,354,27,1]
[4096,1792,320,55,20,7,1]
[256,16,23,1,1]
[15625,1125,41,9,1]
[14641,-2662,276,-22,1]
[729,81,27,-32,3,1,1]
[2401,539,100,11,1]
[15625,-2375,322,-19,1]
[14641,-3025,321,-25,1]
[14641,-1089,254,-9,1]
[14641,1694,262,14,1]
[15625,-2375,303,-19,1]
[4096,1024,176,5,11,4,1]
[4096,1536,448,99,28,6,1]
[6561,567,67,7,1]
[729,-324,-9,28,-1,-4,1]
[4096,-256,384,3,24,-1,1]
[14641,242,127,2,1]
[4096,2048,1008,257,63,8,1]
[6561,2349,364,29,1]
[14641,-847,178,-7,1]
[16384,-256,63,-2,1]
[2401,-98,5,-2,1]
[256,-128,64,-12,15,-3,4,-2,1]
[729,0,18,-29,2,0,1]
[14641,0,-190,0,1]
[4096,-512,224,3,14,-2,1]
[729,-162,153,-22,17,-2,1]
[4096,256,224,-41,14,1,1]
[15625,-1125,48,-9,1]
[729,0,-18,-40,-2,0,1]
[4096,-256,80,-7,5,-1,1]
[16384,1664,159,13,1]
[4096,1536,672,187,42,6,1]
[6561,243,-23,3,1]
[4096,-1792,288,-19,18,-7,1]
[14641,242,57,2,1]
[4096,1792,800,215,50,7,1]
[256,-128,32,8,3,2,2,-2,1]
[16384,-3456,389,-27,1]
[14641,1815,157,15,1]
[16384,-384,49,-3,1]
[15625,-1875,129,-15,1]
[256,-128,80,-52,15,-13,5,-2,1]
[256,-128,96,-40,21,-10,6,-2,1]
[4096,1536,240,11,15,6,1]
[4096,1024,224,75,14,4,1]
[4096,-256,96,-101,6,-1,1]
[4096,-512,-160,91,-10,-2,1]
[16384,-2560,331,-20,1]
[4096,1280,272,65,17,5,1]
[4096,-1280,208,-21,13,-5,1]
[14641,1573,95,13,1]
[4096,2304,528,91,33,9,1]
[4096,-512,16,-53,1,-2,1]
[4096,-1280,-80,121,-5,-5,1]
[4096,2048,832,227,52,8,1]
[729,81,99,4,11,1,1]
[729,-243,63,10,7,-3,1]
[16384,-128,147,-1,1]
[4096,2304,944,285,59,9,1]
[4096,1280,320,75,20,5,1]
[4096,-768,128,-95,8,-3,1]
[4096,1280,224,73,14,5,1]
[4096,768,192,-25,12,3,1]
[4096,-1280,496,-123,31,-5,1]
[625,-200,42,-8,1]
[256,128,96,24,13,6,6,2,1]
[4096,768,-64,-113,-4,3,1]
[4096,-768,48,75,3,-3,1]
[16384,-2944,323,-23,1]
[16384,-640,-135,-5,1]
[256,-32,-5,-2,1]
[4096,2048,672,171,42,8,1]
[512,128,-16,-39,-2,2,1]
[625,-425,122,-17,1]
[512,256,16,-25,2,4,1]
[729,-162,54,-13,6,-2,1]
[15625,750,179,6,1]
[15625,1500,21,12,1]
[6561,81,103,1,1]
[4096,-1792,400,-87,25,-7,1]
[14641,2662,245,22,1]
[4096,1024,32,-59,2,4,1]
[729,432,116,16,1]
[729,0,0,28,0,0,1]
[14641,121,160,1,1]
[729,0,-36,-23,-4,0,1]
[4096,2560,960,277,60,10,1]
[4096,-2048,320,-21,20,-8,1]
[4096,256,320,49,20,1,1]
[729,-324,252,-70,28,-4,1]
[4096,256,480,41,30,1,1]
[4096,768,320,39,20,3,1]
[729,-162,72,-2,8,-2,1]
[256,-256,160,-64,27,-16,10,-4,1]
[4096,-768,496,-75,31,-3,1]
[15625,-250,-152,-2,1]
[4096,512,-16,-17,-1,2,1]
[729,243,36,-4,4,3,1]
[4096,256,-64,-33,-4,1,1]
[4096,-768,112,-21,7,-3,1]
[729,405,171,67,19,5,1]
[4096,2560,1008,271,63,10,1]
[4096,0,0,-69,0,0,1]
[15625,-625,176,-5,1]
[256,32,13,2,1]
[15625,2000,151,16,1]
[4096,256,160,-29,10,1,1]
[256,64,96,12,23,3,6,1,1]
[4096,3840,1936,595,121,15,1]
[4096,-512,96,23,6,-2,1]
[4096,2304,576,107,36,9,1]
[256,320,128,-36,-49,-9,8,5,1]
[625,275,68,11,1]
[256,112,27,7,1]
[4096,2048,560,149,35,8,1]
[14641,-726,6,-6,1]
[4096,1024,304,51,19,4,1]
[4096,-256,176,-1,11,-1,1]
[4096,-1024,576,-87,36,-4,1]
[2401,-294,64,-6,1]
[729,81,47,3,1]
[4096,-256,16,-23,1,-1,1]
[15625,-625,84,-5,1]
[4096,-256,-47,-4,1]
[15625,1625,116,13,1]
[4096,-512,480,-55,30,-2,1]
[4096,512,-144,-119,-9,2,1]
[2401,-490,51,-10,1]
[16384,-1536,187,-12,1]
[4096,256,0,75,0,1,1]
[2401,-49,76,-1,1]
[4096,-3328,1456,-421,91,-13,1]
[729,324,117,44,13,4,1]
[4096,768,-112,-27,-7,3,1]
[4096,-512,80,55,5,-2,1]
[256,-128,80,16,-3,4,5,-2,1]
[512,-256,96,-47,12,-4,1]
[256,64,-32,-12,7,-3,-2,1,1]
[15625,1250,183,10,1]
[14641,-605,-104,-5,1]
[15625,875,-66,7,1]
[4096,256,144,-37,9,1,1]
[2401,-147,26,-3,1]
[256,128,80,60,27,15,5,2,1]
[4096,768,96,-13,6,3,1]
[6561,-162,49,-2,1]
[256,320,224,120,59,30,14,5,1]
[729,0,117,-10,13,0,1]
[729,324,198,65,22,4,1]
[4096,1280,400,101,25,5,1]
[16384,-512,-61,-4,1]
[2401,784,137,16,1]
[256,128,32,0,-9,0,2,2,1]
[256,0,128,-24,31,-6,8,0,1]
[14641,121,233,1,1]
[16384,512,81,4,1]
[256,64,16,-28,-3,-7,1,1,1]
[256,128,192,72,67,18,12,2,1]
[15625,-2375,251,-19,1]
[2401,-735,116,-15,1]
[6561,972,113,12,1]
[4096,-512,-144,119,-9,-2,1]
[729,27,35,1,1]
[14641,-484,62,-4,1]
[4096,-1280,304,-55,19,-5,1]
[16384,2304,241,18,1]
[4096,2048,704,211,44,8,1]
[729,0,54,26,6,0,1]
[729,243,36,4,4,3,1]
[15625,1000,171,8,1]
[4096,768,352,101,22,3,1]
[15625,2875,324,23,1]
[14641,-1210,157,-10,1]
[4096,-1024,-32,73,-2,-4,1]
[4096,0,-128,51,-8,0,1]
[15625,-625,213,-5,1]
[15625,-125,151,-1,1]
[4096,-768,432,-103,27,-3,1]
[4096,-256,-144,-5,-9,-1,1]
[256,-192,16,4,9,1,1,-3,1]
[512,128,-56,-35,-7,2,1]
[256,256,208,140,73,35,13,4,1]
[15625,0,171,0,1]
[4096,1536,256,35,16,6,1]
[256,-512,464,-260,125,-65,29,-8,1]
[729,-405,-9,50,-1,-5,1]
[729,-54,-14,-2,1]
[256,16,-23,1,1]
[15625,125,82,1,1]
[4096,-1280,304,-59,19,-5,1]
[4096,-512,384,-77,24,-2,1]
[625,-175,31,-7,1]
[15625,-375,2,-3,1]
[729,405,144,37,16,5,1]
[256,-128,32,8,-21,2,2,-2,1]
[4096,-1536,128,45,8,-6,1]
[16384,256,-165,2,1]
[729,-162,36,-32,4,-2,1]
[256,0,96,28,17,7,6,0,1]
[15625,-3875,454,-31,1]
[256,-192,128,-88,41,-22,8,-3,1]
[256,-64,-32,-16,31,-4,-2,-1,1]
[512,64,24,7,3,1,1]
[4096,-1024,-48,67,-3,-4,1]
[4096,1280,352,71,22,5,1]
[14641,-605,-16,-5,1]
[15625,1750,66,14,1]
[256,-192,144,-52,33,-13,9,-3,1]
[256,16,15,1,1]
[16384,1280,229,10,1]
[4096,-768,384,-103,24,-3,1]
[512,-320,56,1,7,-5,1]
[729,-486,225,-91,25,-6,1]
[729,-81,54,1,6,-1,1]
[4096,-1024,352,-53,22,-4,1]
[4096,0,32,27,2,0,1]
[512,320,96,25,12,5,1]
[4096,-768,64,-29,4,-3,1]
[729,0,72,-22,8,0,1]
[4096,-3328,1408,-413,88,-13,1]
[4096,1792,32,-83,2,7,1]
[16384,-640,-55,-5,1]
[256,192,128,32,17,8,8,3,1]
[729,-81,-18,-7,-2,-1,1]
[512,0,-32,-13,-4,0,1]
[15625,-1250,138,-10,1]
[4096,-256,272,-77,17,-1,1]
[15625,250,242,2,1]
[4096,-2560,960,-283,60,-10,1]
[4096,256,128,-45,8,1,1]
[14641,-484,13,-4,1]
[256,0,80,0,11,0,5,0,1]
[512,128,-40,-31,-5,2,1]
[256,-64,48,36,-15,9,3,-1,1]
[4096,-256,208,53,13,-1,1]
[15625,625,-37,5,1]
[4096,256,528,7,33,1,1]
[4096,0,432,-5,27,0,1]
[4096,1536,224,35,14,6,1]
[4096,-768,128,-67,8,-3,1]
[4096,1280,480,81,30,5,1]
[4096,-256,-16,91,-1,-1,1]
[729,567,225,77,25,7,1]
[4096,-512,304,-101,19,-2,1]
[15625,-375,183,-3,1]
[256,0,0,-4,-5,-1,0,0,1]
[256,192,16,-36,-27,-9,1,3,1]
[256,64,80,56,13,14,5,1,1]
[256,192,32,-40,-31,-10,2,3,1]
[4096,-448,87,-7,1]
[4096,256,-160,-7,-10,1,1]
[4096,-192,-61,-3,1]
[4096,320,55,5,1]
[4096,1024,240,99,15,4,1]
[729,-81,180,-10,20,-1,1]
[4096,0,384,31,24,0,1]
[4096,768,112,-49,7,3,1]
[14641,-1815,148,-15,1]
[4096,-256,272,-15,17,-1,1]
[14641,-847,-41,-7,1]
[4096,1280,-208,-167,-13,5,1]
[15625,250,-1,2,1]
[256,-64,0,-12,9,-3,0,-1,1]
[256,-192,96,-68,45,-17,6,-3,1]
[512,128,88,9,11,2,1]
[6561,-1134,131,-14,1]
[256,-64,16,20,-13,5,1,-1,1]
[14641,605,167,5,1]
[15625,3125,354,25,1]
[14641,-2057,302,-17,1]
[4096,0,-32,-77,-2,0,1]
[256,-192,96,-36,7,-9,6,-3,1]
[4096,-768,368,-111,23,-3,1]
[256,0,48,12,21,3,3,0,1]
[256,0,64,-8,9,-2,4,0,1]
[512,-64,16,-7,2,-1,1]
[729,-351,86,-13,1]
[512,0,32,15,4,0,1]
[2401,392,30,8,1]
[4096,-1792,624,-169,39,-7,1]
[4096,768,-144,-93,-9,3,1]
[15625,2000,159,16,1]
[729,81,72,-17,8,1,1]
[2401,-392,50,-8,1]
[256,320,224,120,57,30,14,5,1]
[4096,-2816,1152,-321,72,-11,1]
[6561,-1458,203,-18,1]
[15625,-3250,348,-26,1]
[1024,160,59,5,1]
[15625,-1250,242,-10,1]
[4096,-1792,576,-169,36,-7,1]
[4096,1792,-192,-197,-12,7,1]
[14641,-1573,74,-13,1]
[2401,0,-25,0,1]
[16384,-256,169,-2,1]
[4096,512,80,51,5,2,1]
[14641,-1573,228,-13,1]
[4096,1664,293,26,1]
[14641,605,53,5,1]
[4096,832,109,13,1]
[256,-128,144,-44,41,-11,9,-2,1]
[14641,-1089,38,-9,1]
[256,64,-64,-12,17,-3,-4,1,1]
[256,64,16,-24,1,-6,1,1,1]
[14641,605,79,5,1]
[4096,-2048,624,-157,39,-8,1]
[15625,-250,42,-2,1]
[4096,-1536,800,-191,50,-6,1]
[16384,-768,57,-6,1]
[256,-192,64,4,-13,1,4,-3,1]
[16384,-1664,273,-13,1]
[4096,768,352,127,22,3,1]
[15625,2500,279,20,1]
[4096,-704,75,-11,1]
[15625,2250,161,18,1]
[4096,512,208,33,13,2,1]
[16384,512,-117,4,1]
[4096,512,208,105,13,2,1]
[4096,-1024,96,23,6,-4,1]
[14641,-2904,309,-24,1]
[256,-192,96,-36,23,-9,6,-3,1]
[4096,-768,320,-87,20,-3,1]
[15625,-1375,137,-11,1]
[256,-256,176,-84,47,-21,11,-4,1]
[14641,-1452,239,-12,1]
[6561,-405,-1,-5,1]
[4096,-1280,64,7,4,-5,1]
[4096,1792,832,193,52,7,1]
[4096,512,-32,-107,-2,2,1]
[4096,-1792,528,-117,33,-7,1]
[256,-192,128,-68,23,-17,8,-3,1]
[256,-128,48,44,-23,11,3,-2,1]
[4096,768,-16,-45,-1,3,1]
[4096,2816,1008,279,63,11,1]
[16384,1152,63,9,1]
[729,81,27,-28,3,1,1]
[256,320,272,180,103,45,17,5,1]
[4096,-256,-64,-15,-4,-1,1]
[2401,686,129,14,1]
[15625,-2125,188,-17,1]
[512,64,56,13,7,1,1]
[4096,1280,16,-77,1,5,1]
[15625,250,-63,2,1]
[14641,1210,137,10,1]
[729,-162,-18,17,-2,-2,1]
[256,0,80,28,19,7,5,0,1]
[512,0,88,17,11,0,1]
[4096,2304,752,175,47,9,1]
[4096,-1536,752,-179,47,-6,1]
[14641,1573,204,13,1]
[16384,2944,349,23,1]
[512,-128,56,-33,7,-2,1]
[4096,-2048,128,69,8,-8,1]
[512,0,-24,-1,-3,0,1]
[4096,-768,139,-12,1]
[256,128,64,48,33,12,4,2,1]
[729,54,-7,2,1]
[4096,-1280,224,-73,14,-5,1]
[256,192,80,4,-15,1,5,3,1]
[14641,-484,-2,-4,1]
[4096,1792,432,91,27,7,1]
[729,-567,306,-127,34,-7,1]
[4096,1024,112,3,7,4,1]
[4096,-1280,480,-159,30,-5,1]
[14641,-1331,142,-11,1]
[15625,500,3,4,1]
[4096,-256,208,55,13,-1,1]
[729,-162,45,-44,5,-2,1]
[4096,1280,464,153,29,5,1]
[625,-50,-14,-2,1]
[4096,256,256,35,16,1,1]
[512,128,16,-25,2,2,1]
[729,-162,36,-34,4,-2,1]
[4096,-256,512,-37,32,-1,1]
[4096,1536,672,175,42,6,1]
[729,-243,45,5,5,-3,1]
[2401,-735,115,-15,1]
[256,-64,16,-16,31,-4,1,-1,1]
[4096,256,-64,27,-4,1,1]
[14641,3146,364,26,1]
[6561,-1053,131,-13,1]
[512,-576,368,-159,46,-9,1]
[4096,0,272,-1,17,0,1]
[4096,512,16,-73,1,2,1]
[4096,-1024,272,-79,17,-4,1]
[4096,-1280,16,35,1,-5,1]
[729,108,4,4,1]
[729,-324,144,-71,16,-4,1]
[512,-320,-16,49,-2,-5,1]
[256,128,32,-28,-17,-7,2,2,1]
[6561,81,-2,1,1]
[512,-192,80,-27,10,-3,1]
[2401,-784,158,-16,1]
[256,0,112,16,29,4,7,0,1]
[256,-64,16,0,19,0,1,-1,1]
[4096,768,352,33,22,3,1]
[256,-128,80,0,-3,0,5,-2,1]
[729,486,297,101,33,6,1]
[4096,1280,688,127,43,5,1]
[4096,-2304,672,-159,42,-9,1]
[256,-64,0,8,-21,2,0,-1,1]
[4096,1280,336,99,21,5,1]
[4096,512,208,-19,13,2,1]
[4096,-1536,256,-11,16,-6,1]
[4096,1280,112,-21,7,5,1]
[4096,-1536,704,-167,44,-6,1]
[4096,0,16,-5,1,0,1]
[4096,-768,672,-79,42,-3,1]
[256,-64,64,-20,23,-5,4,-1,1]
[256,-64,32,44,-11,11,2,-1,1]
[14641,2178,305,18,1]
[256,-128,64,-12,1,-3,4,-2,1]
[16384,0,137,0,1]
[15625,-875,133,-7,1]
[6561,324,-50,4,1]
[625,-50,27,-2,1]
[512,384,184,65,23,6,1]
[4096,-1280,-80,93,-5,-5,1]
[14641,1331,109,11,1]
[729,729,405,155,45,9,1]
[4096,768,144,-35,9,3,1]
[256,-64,80,-16,25,-4,5,-1,1]
[15625,750,236,6,1]
[4096,1536,112,-45,7,6,1]
[256,-320,112,80,-81,20,7,-5,1]
[16384,-2048,225,-16,1]
[4096,-1024,416,-129,26,-4,1]
[4096,1536,-112,-123,-7,6,1]
[14641,-847,221,-7,1]
[256,128,96,48,29,12,6,2,1]
[81,54,20,6,1]
[16384,-512,-137,-4,1]
[256,-128,80,4,3,1,5,-2,1]
[16384,896,-9,7,1]
[14641,484,-109,4,1]
[4096,-256,192,61,12,-1,1]
[4096,1536,448,105,28,6,1]
[4096,-1024,-128,83,-8,-4,1]
[14641,605,217,5,1]
[4096,1152,189,18,1]
[256,-64,32,16,3,4,2,-1,1]
[729,-567,198,-55,22,-7,1]
[4096,-512,432,-85,27,-2,1]
[15625,-250,53,-2,1]
[729,-81,54,25,6,-1,1]
[16384,384,19,3,1]
[4096,-2048,896,-249,56,-8,1]
[4096,-768,48,-31,3,-3,1]
[6561,-891,59,-11,1]
[256,-320,208,-108,57,-27,13,-5,1]
[15625,3250,332,26,1]
[16384,2560,251,20,1]
[15625,-2375,332,-19,1]
[4096,-2048,736,-185,46,-8,1]
[16384,0,187,0,1]
[4096,1536,720,167,45,6,1]
[256,64,-16,20,23,5,-1,1,1]
[14641,-968,131,-8,1]
[14641,-1694,107,-14,1]
[4096,-768,288,-89,18,-3,1]
[256,-64,80,-52,19,-13,5,-1,1]
[4096,0,32,-117,2,0,1]
[729,81,9,25,1,1,1]
[4096,1024,112,39,7,4,1]
[4096,512,176,105,11,2,1]
[256,256,208,116,67,29,13,4,1]
[729,81,45,31,5,1,1]
[4096,512,720,63,45,2,1]
[2401,490,117,10,1]
[4096,-768,384,-67,24,-3,1]
[15625,375,241,3,1]
[15625,750,197,6,1]
[512,320,216,75,27,5,1]
[15625,500,11,4,1]
[256,128,64,12,-3,3,4,2,1]
[256,64,-64,-24,9,-6,-4,1,1]
[729,648,387,148,43,8,1]
[729,-108,1,-4,1]
[15625,-2625,229,-21,1]
[4096,-1024,208,13,13,-4,1]
[256,128,0,20,21,5,0,2,1]
[729,-162,-63,35,-7,-2,1]
[256,-192,160,-112,53,-28,10,-3,1]
[729,-405,171,-59,19,-5,1]
[14641,121,-104,1,1]
[14641,-3872,479,-32,1]
[6561,-567,-23,-7,1]
[2401,-98,85,-2,1]
[729,-243,61,-9,1]
[4096,-2560,992,-271,62,-10,1]
[256,-64,-48,-8,29,-2,-3,-1,1]
[729,405,243,79,27,5,1]
[16384,-3968,459,-31,1]
[729,243,-18,-14,-2,3,1]
[729,243,99,43,11,3,1]
[256,-64,96,-20,35,-5,6,-1,1]
[256,0,-64,-4,19,-1,-4,0,1]
[1024,-160,29,-5,1]
[15625,-125,206,-1,1]
[14641,-605,238,-5,1]
[4096,256,32,-47,2,1,1]
[4096,2048,640,141,40,8,1]
[256,64,32,-8,15,-2,2,1,1]
[256,-192,96,-12,-5,-3,6,-3,1]
[729,-486,252,-92,28,-6,1]
[256,320,320,212,125,53,20,5,1]
[2401,931,171,19,1]
[16384,-1792,237,-14,1]
[4096,0,-112,31,-7,0,1]
[4096,1792,864,201,54,7,1]
[15625,0,208,0,1]
[15625,-500,136,-4,1]
[14641,-363,159,-3,1]
[4096,-2560,1184,-329,74,-10,1]
[15625,-3375,411,-27,1]
[4096,-768,-112,117,-7,-3,1]
[14641,-2783,280,-23,1]
[4096,1280,608,123,38,5,1]
[256,-64,32,4,1,1,2,-1,1]
[16384,640,-49,5,1]
[4096,1024,624,115,39,4,1]
[4096,512,-80,-101,-5,2,1]
[14641,2057,249,17,1]
[1024,-384,77,-12,1]
[256,192,48,-16,-15,-4,3,3,1]
[256,512,560,424,243,106,35,8,1]
[512,128,-24,-13,-3,2,1]
[4096,-1280,368,-63,23,-5,1]
[16384,2432,253,19,1]
[16384,-2304,193,-18,1]
[4096,-1792,320,-37,20,-7,1]
[512,0,24,7,3,0,1]
[729,216,58,8,1]
[256,64,16,-8,9,-2,1,1,1]
[15625,-125,213,-1,1]
[6561,1134,109,14,1]
[729,81,90,23,10,1,1]
[512,-448,272,-111,34,-7,1]
[15625,-4375,544,-35,1]
[4096,1792,176,-37,11,7,1]
[256,192,96,36,7,9,6,3,1]
[256,192,16,-16,-7,-4,1,3,1]
[4096,-256,256,35,16,-1,1]
[4096,2048,608,169,38,8,1]
[4096,256,128,81,8,1,1]
[4096,-256,208,57,13,-1,1]
[15625,625,78,5,1]
[4096,576,63,9,1]
[64,-32,0,3,0,-2,1]
[14641,-3388,416,-28,1]
[15625,-875,99,-7,1]
[256,0,64,-60,-1,-15,4,0,1]
[6561,2025,316,25,1]
[16384,128,117,1,1]
[4096,-1536,0,77,0,-6,1]
[16384,-1024,271,-8,1]
[15625,750,-3,6,1]
[14641,2541,260,21,1]
[4096,0,-160,3,-10,0,1]
[729,648,279,89,31,8,1]
[729,27,14,1,1]
[729,-648,351,-130,39,-8,1]
[4096,768,272,29,17,3,1]
[15625,-1000,48,-8,1]
[16384,-256,-77,-2,1]
[4096,-1792,784,-221,49,-7,1]
[729,81,135,13,15,1,1]
[14641,726,117,6,1]
[4096,-256,48,-43,3,-1,1]
[512,0,88,5,11,0,1]
[4096,-256,288,-43,18,-1,1]
[2401,49,-58,1,1]
[4096,512,-160,-53,-10,2,1]
[4096,768,224,141,14,3,1]
[256,-64,0,-4,25,-1,0,-1,1]
[15625,-2750,254,-22,1]
[4096,-1792,16,89,1,-7,1]
[4096,-2304,288,21,18,-9,1]
[4096,768,368,29,23,3,1]
[256,-80,37,-5,1]
[4096,-1792,640,-139,40,-7,1]
[4096,512,32,-39,2,2,1]
[4096,-1024,416,-117,26,-4,1]
[4096,768,83,12,1]
[15625,1000,183,8,1]
[256,256,176,100,45,25,11,4,1]
[256,192,96,8,-5,2,6,3,1]
[4096,-1536,64,41,4,-6,1]
[4096,0,560,-5,35,0,1]
[14641,-2299,228,-19,1]
[14641,-726,234,-6,1]
[4096,2816,816,183,51,11,1]
[256,-128,112,-28,27,-7,7,-2,1]
[15625,-375,-33,-3,1]
[4096,768,224,45,14,3,1]
[4096,512,96,11,6,2,1]
[4096,-2048,384,-41,24,-8,1]
[256,64,96,-4,21,-1,6,1,1]
[256,64,64,-4,15,-1,4,1,1]
[2401,294,41,6,1]
[256,-256,224,-148,75,-37,14,-4,1]
[256,-128,-16,-4,19,-1,-1,-2,1]
[4096,1792,736,205,46,7,1]
[15625,750,34,6,1]
[256,64,48,20,-1,5,3,1,1]
[512,-512,296,-121,37,-8,1]
[256,0,64,8,19,2,4,0,1]
[512,0,8,31,1,0,1]
[4096,1024,560,121,35,4,1]
[4096,-1280,240,-45,15,-5,1]
[729,54,7,2,1]
[16384,256,95,2,1]
[15625,125,-63,1,1]
[14641,-363,2,-3,1]
[256,-256,240,-164,91,-41,15,-4,1]
[4096,256,112,-79,7,1,1]
[512,-64,96,-1,12,-1,1]
[2401,588,103,12,1]
[14641,-2299,195,-19,1]
[4096,-1024,-96,53,-6,-4,1]
[256,64,16,-8,-13,-2,1,1,1]
[6561,-324,22,-4,1]
[16384,-1920,273,-15,1]
[256,0,-16,0,25,0,-1,0,1]
[729,81,126,-2,14,1,1]
[4096,1536,256,15,16,6,1]
[729,81,171,17,19,1,1]
[4096,-1280,112,7,7,-5,1]
[14641,-1694,93,-14,1]
[256,-64,160,-60,49,-15,10,-1,1]
[16384,-1024,-61,-8,1]
[4096,2304,816,233,51,9,1]
[2401,196,12,4,1]
[4096,-512,64,-63,4,-2,1]
[14641,-484,217,-4,1]
[14641,-1936,135,-16,1]
[4096,2048,640,181,40,8,1]
[14641,726,211,6,1]
[4096,-384,3,-6,1]
[14641,363,150,3,1]
[4096,512,-112,-129,-7,2,1]
[256,256,208,120,65,30,13,4,1]
[256,128,160,36,41,9,10,2,1]
[729,162,-63,-29,-7,2,1]
[256,128,112,28,27,7,7,2,1]
[6561,162,-46,2,1]
[4096,1024,384,73,24,4,1]
[14641,1573,226,13,1]
[4096,-256,224,1,14,-1,1]
[4096,1024,240,-1,15,4,1]
[729,162,-45,-13,-5,2,1]
[16384,-512,121,-4,1]
[4096,-256,112,-109,7,-1,1]
[15625,-2375,236,-19,1]
[256,64,32,0,17,0,2,1,1]
[4096,512,432,21,27,2,1]
[256,-192,48,32,-33,8,3,-3,1]
[4096,256,240,-13,15,1,1]
[15625,-3625,399,-29,1]
[4096,768,272,109,17,3,1]
[6561,1134,190,14,1]
[4096,-768,16,31,1,-3,1]
[4096,768,64,-73,4,3,1]
[729,405,198,85,22,5,1]
[4096,-1536,240,-21,15,-6,1]
[4096,3328,1472,433,92,13,1]
[4096,1536,272,21,17,6,1]
[14641,484,163,4,1]
[4096,512,-144,-93,-9,2,1]
[1024,-192,27,-6,1]
[15625,-3125,362,-25,1]
[4096,0,224,-25,14,0,1]
[16384,1792,215,14,1]
[729,324,36,-19,4,4,1]
[16384,384,-85,3,1]
[14641,-2783,299,-23,1]
[4096,3328,1152,287,72,13,1]
[4096,-2048,944,-249,59,-8,1]
[16384,640,47,5,1]
[15625,-3375,359,-27,1]
[14641,-1694,86,-14,1]
[256,256,176,84,47,21,11,4,1]
[4096,2560,1024,297,64,10,1]
[16384,256,241,2,1]
[4096,-896,127,-14,1]
[4096,256,336,57,21,1,1]
[15625,500,27,4,1]
[729,-81,117,-2,13,-1,1]
[1024,32,13,1,1]
[4096,576,113,9,1]
[4096,-1280,288,-73,18,-5,1]
[256,0,32,0,25,0,2,0,1]
[4096,0,-128,-53,-8,0,1]
[256,-256,208,-132,79,-33,13,-4,1]
[4096,2304,176,-73,11,9,1]
[4096,512,224,67,14,2,1]
[6561,-729,74,-9,1]
[256,-256,176,-104,59,-26,11,-4,1]
[256,-256,208,-136,71,-34,13,-4,1]
[729,-162,63,-19,7,-2,1]
[4096,704,101,11,1]
[256,128,64,40,25,10,4,2,1]
[16384,-896,223,-7,1]
[14641,1815,135,15,1]
[14641,-1089,34,-9,1]
[729,324,171,44,19,4,1]
[2401,98,-20,2,1]
[4096,-1536,480,-137,30,-6,1]
[4096,-1024,176,-29,11,-4,1]
[4096,-256,-112,-7,-7,-1,1]
[1024,192,25,6,1]
[4096,256,128,89,8,1,1]
[729,162,-9,7,-1,2,1]
[4096,2560,720,165,45,10,1]
[14641,1452,104,12,1]
[729,-324,225,-67,25,-4,1]
[16384,128,139,1,1]
[729,324,126,62,14,4,1]
[15625,-2875,342,-23,1]
[256,384,384,276,155,69,24,6,1]
[14641,847,137,7,1]
[512,256,104,49,13,4,1]
[4096,0,544,11,34,0,1]
[14641,-484,64,-4,1]
[4096,-1536,-208,179,-13,-6,1]
[15625,3750,444,30,1]
[16384,1280,-5,10,1]
[16384,-1920,217,-15,1]
[4096,1280,704,141,44,5,1]
[15625,-3875,482,-31,1]
[6561,162,-112,2,1]
[14641,-484,-54,-4,1]
[4096,768,0,3,0,3,1]
[15625,-2125,283,-17,1]
[4096,1280,384,77,24,5,1]
[625,-175,29,-7,1]
[14641,1210,45,10,1]
[4096,-128,69,-2,1]
[4096,1024,96,33,6,4,1]
[4096,-2304,640,-145,40,-9,1]
[15625,1250,206,10,1]
[15625,-1000,9,-8,1]
[14641,121,-190,1,1]
[4096,-2560,1200,-337,75,-10,1]
[729,-81,-54,19,-6,-1,1]
[4096,-512,0,-3,0,-2,1]
[15625,-625,37,-5,1]
[14641,-605,-9,-5,1]
[4096,128,53,2,1]
[14641,-726,-65,-6,1]
[6561,-405,-64,-5,1]
[4096,-3840,1840,-563,115,-15,1]
[4096,-1792,672,-223,42,-7,1]
[4096,768,160,-11,10,3,1]
[2401,49,75,1,1]
[15625,125,201,1,1]
[729,-81,198,-17,22,-1,1]
[4096,1536,640,171,40,6,1]
[15625,-1750,231,-14,1]
[729,81,0,4,0,1,1]
[729,81,126,8,14,1,1]
[4096,-1024,176,21,11,-4,1]
[4096,0,352,19,22,0,1]
[4096,-1536,560,-159,35,-6,1]
[729,-162,117,-49,13,-2,1]
[4096,-256,512,-47,32,-1,1]
[4096,-768,288,-69,18,-3,1]
[14641,363,50,3,1]
[256,128,-32,-32,-7,-8,-2,2,1]
[512,-64,32,-15,4,-1,1]
[6561,-81,-85,-1,1]
[16384,896,97,7,1]
[14641,-1210,43,-10,1]
[4096,512,304,93,19,2,1]
[14641,-363,-78,-3,1]
[16384,-2432,223,-19,1]
[6561,-567,20,-7,1]
[512,192,-8,-9,-1,3,1]
[512,0,8,9,1,0,1]
[4096,3072,1440,425,90,12,1]
[4096,1792,-128,-163,-8,7,1]
[4096,-256,272,-73,17,-1,1]
[512,-256,96,-41,12,-4,1]
[4096,256,-15,4,1]
[256,0,-16,-20,7,-5,-1,0,1]
[16,-8,5,-2,1]
[256,256,288,180,111,45,18,4,1]
[4096,768,-64,-29,-4,3,1]
[4096,-1024,-208,117,-13,-4,1]
[729,-324,117,-43,13,-4,1]
[256,64,-16,-16,-1,-4,-1,1,1]
[14641,1694,184,14,1]
[256,0,-48,16,11,4,-3,0,1]
[15625,625,-26,5,1]
[729,162,-45,-50,-5,2,1]
[14641,0,225,0,1]
[4096,-1024,256,-103,16,-4,1]
[4096,-192,77,-3,1]
[729,270,53,10,1]
[4096,256,128,-9,8,1,1]
[729,324,36,-4,4,4,1]
[14641,-1089,217,-9,1]
[15625,-1250,6,-10,1]
[4096,768,-112,-55,-7,3,1]
[4096,0,-112,13,-7,0,1]
[729,81,-18,13,-2,1,1]
[4096,256,48,73,3,1,1]
[4096,-1792,640,-145,40,-7,1]
[14641,605,-30,5,1]
[16384,0,233,0,1]
[729,-648,342,-130,38,-8,1]
[4096,1024,432,51,27,4,1]
[729,0,0,-22,0,0,1]
[512,-128,136,-27,17,-2,1]
[4096,256,144,87,9,1,1]
[6561,-1458,242,-18,1]
[15625,875,136,7,1]
[15625,-3125,337,-25,1]
[4096,0,240,31,15,0,1]
[4096,-512,192,-115,12,-2,1]
[256,192,144,60,37,15,9,3,1]
[6561,567,161,7,1]
[512,64,-16,-13,-2,1,1]
[256,64,48,44,17,11,3,1,1]
[64,48,-8,-17,-2,3,1]
[4096,-1536,496,-179,31,-6,1]
[729,-243,72,1,8,-3,1]
[729,324,-54,-59,-6,4,1]
[256,64,32,32,17,8,2,1,1]
[4096,1280,496,83,31,5,1]
[256,-64,48,-16,1,-4,3,-1,1]
[4096,-1024,-192,137,-12,-4,1]
[729,108,-4,4,1]
[4096,512,240,-1,15,2,1]
[16384,-2944,379,-23,1]
[256,-192,128,-88,45,-22,8,-3,1]
[4096,1024,16,-41,1,4,1]
[729,0,81,8,9,0,1]
[14641,605,89,5,1]
[14641,-1089,115,-9,1]
[4096,1536,432,151,27,6,1]
[14641,-363,-142,-3,1]
[4096,256,64,-63,4,1,1]
[4096,-2560,720,-155,45,-10,1]
[4096,-1792,560,-137,35,-7,1]
[729,891,522,203,58,11,1]
[4096,1536,672,147,42,6,1]
[15625,875,78,7,1]
[14641,0,-21,0,1]
[4096,320,69,5,1]
[4096,128,119,2,1]
[2401,-98,-66,-2,1]
[4096,1536,496,159,31,6,1]
[512,0,0,7,0,0,1]
[256,-64,16,24,-1,6,1,-1,1]
[4096,0,176,-63,11,0,1]
[4096,768,416,85,26,3,1]
[512,128,24,-15,3,2,1]
[625,-75,-2,-3,1]
[4096,1024,208,1,13,4,1]
[6561,2025,302,25,1]
[4096,768,96,19,6,3,1]
[256,0,32,-12,-1,-3,2,0,1]
[256,256,144,48,17,12,9,4,1]
[729,-486,45,25,5,-6,1]
[256,-256,80,44,-47,11,5,-4,1]
[4096,-2048,704,-159,44,-8,1]
[4096,1792,624,141,39,7,1]
[81,63,29,7,1]
[256,-192,224,-132,81,-33,14,-3,1]
[16384,3072,355,24,1]
[14641,847,-73,7,1]
[6561,162,10,2,1]
[729,-162,108,-47,12,-2,1]
[4096,0,352,17,22,0,1]
[4096,-768,16,27,1,-3,1]
[4096,256,-112,-15,-7,1,1]
[14641,484,-58,4,1]
[4096,-1280,-64,91,-4,-5,1]
[4096,512,-144,-57,-9,2,1]
[15625,3250,352,26,1]
[256,64,80,16,7,4,5,1,1]
[14641,242,-50,2,1]
[4096,768,400,75,25,3,1]
[4096,-1280,656,-127,41,-5,1]
[4096,512,64,61,4,2,1]
[15625,1125,67,9,1]
[729,324,90,16,10,4,1]
[512,0,64,19,8,0,1]
[14641,1210,71,10,1]
[512,-128,96,-17,12,-2,1]
[14641,-1089,63,-9,1]
[4096,-256,-16,27,-1,-1,1]
[6561,1620,239,20,1]
[14641,-484,200,-4,1]
[15625,875,-68,7,1]
[15625,250,62,2,1]
[256,-64,-64,16,11,4,-4,-1,1]
[14641,726,75,6,1]
[4096,256,-64,-83,-4,1,1]
[15625,1375,88,11,1]
[729,-486,270,-94,30,-6,1]
[256,-128,80,-24,23,-6,5,-2,1]
[2401,-294,25,-6,1]
[14641,4235,548,35,1]
[4096,768,432,41,27,3,1]
[4096,-512,208,-95,13,-2,1]
[14641,-1815,241,-15,1]
[256,-112,29,-7,1]
[2401,-49,5,-1,1]
[256,-64,96,0,21,0,6,-1,1]
[15625,250,232,2,1]
[15625,2625,322,21,1]
[256,128,64,52,23,13,4,2,1]
[15625,-250,-2,-2,1]
[729,-324,135,-56,15,-4,1]
[729,-324,162,-59,18,-4,1]
[4096,256,-16,-73,-1,1,1]
[15625,3250,366,26,1]
[15625,-875,178,-7,1]
[14641,-121,240,-1,1]
[4096,2048,624,163,39,8,1]
[4096,1536,64,-57,4,6,1]
[16384,-1920,123,-15,1]
[4096,-512,-64,71,-4,-2,1]
[4096,-512,-144,81,-9,-2,1]
[15625,-2250,254,-18,1]
[2401,-49,89,-1,1]
[15625,-1750,66,-14,1]
[256,64,48,28,13,7,3,1,1]
[16384,-512,93,-4,1]
[4096,-1792,736,-215,46,-7,1]
[14641,-2299,192,-19,1]
[4096,384,47,6,1]
[512,256,-32,-47,-4,4,1]
[4096,1280,464,151,29,5,1]
[729,162,-45,-28,-5,2,1]
[14641,0,18,0,1]
[4096,-768,416,-79,26,-3,1]
[256,-320,176,-96,57,-24,11,-5,1]
[256,-384,400,-292,165,-73,25,-6,1]
[15625,2125,184,17,1]
[14641,484,235,4,1]
[625,50,18,2,1]
[4096,-512,133,-8,1]
[256,192,48,24,23,6,3,3,1]
[256,-64,32,40,-15,10,2,-1,1]
[4096,-256,464,-33,29,-1,1]
[256,64,64,28,33,7,4,1,1]
[4096,-1792,464,-127,29,-7,1]
[6561,567,86,7,1]
[15625,3000,314,24,1]
[256,-192,16,44,-35,11,1,-3,1]
[15625,-1500,182,-12,1]
[4096,1024,-48,-65,-3,4,1]
[14641,1573,92,13,1]
[4096,-3072,896,-191,56,-12,1]
[15625,1000,132,8,1]
[256,-128,48,-32,25,-8,3,-2,1]
[16384,1408,143,11,1]
[14641,1694,156,14,1]
[15625,0,144,0,1]
[256,128,-80,-24,17,-6,-5,2,1]
[256,-64,32,-20,9,-5,2,-1,1]
[4096,64,-95,1,1]
[4096,0,-32,-7,-2,0,1]
[4096,0,80,87,5,0,1]
[6561,81,113,1,1]
[4096,1024,192,77,12,4,1]
[2401,49,90,1,1]
[14641,-2541,347,-21,1]
[14641,-242,-93,-2,1]
[256,-128,80,-28,27,-7,5,-2,1]
[2401,-196,24,-4,1]
[4096,768,-48,-19,-3,3,1]
[4096,-3328,1536,-463,96,-13,1]
[729,405,153,49,17,5,1]
[14641,2541,261,21,1]
[4096,-1280,832,-159,52,-5,1]
[4096,256,176,-17,11,1,1]
[4096,2048,560,147,35,8,1]
[729,-648,288,-98,32,-8,1]
[4096,-2304,736,-207,46,-9,1]
[14641,-1210,1,-10,1]
[4096,1536,576,111,36,6,1]
[256,-64,64,-8,17,-2,4,-1,1]
[256,128,80,52,33,13,5,2,1]
[16384,128,-225,1,1]
[256,64,48,8,25,2,3,1,1]
[4096,-768,-208,105,-13,-3,1]
[256,64,0,16,5,4,0,1,1]
[14641,2057,305,17,1]
[4096,-512,208,-63,13,-2,1]
[15625,1750,247,14,1]
[256,-128,80,-40,25,-10,5,-2,1]
[256,320,256,140,71,35,16,5,1]
[4096,256,528,27,33,1,1]
[256,-320,160,-56,25,-14,10,-5,1]
[15625,-2125,243,-17,1]
[512,192,88,33,11,3,1]
[2401,-588,120,-12,1]
[16384,-2688,337,-21,1]
[6561,-1782,242,-22,1]
[4096,512,384,3,24,2,1]
[512,64,-16,-41,-2,1,1]
[4096,-2048,736,-183,46,-8,1]
[15625,500,-64,4,1]
[15625,250,121,2,1]
[14641,-484,204,-4,1]
[256,128,64,20,7,5,4,2,1]
[256,-64,16,4,-17,1,1,-1,1]
[4096,1280,288,95,18,5,1]
[4096,2560,1136,315,71,10,1]
[729,-243,144,-38,16,-3,1]
[14641,-1452,47,-12,1]
[4096,-768,96,-47,6,-3,1]
[729,-162,-27,38,-3,-2,1]
[256,0,0,0,23,0,0,0,1]
[15625,1625,111,13,1]
[4096,1536,400,119,25,6,1]
[4096,0,176,75,11,0,1]
[1024,-96,-1,-3,1]
[14641,242,-119,2,1]
[729,162,81,47,9,2,1]
[4096,-768,112,-79,7,-3,1]
[625,-75,-3,-3,1]
[729,162,45,19,5,2,1]
[15625,-125,143,-1,1]
[15625,-375,142,-3,1]
[4096,-3328,1488,-435,93,-13,1]
[256,192,256,128,95,32,16,3,1]
[4096,-1024,-224,127,-14,-4,1]
[4096,1280,224,25,14,5,1]
[15625,2500,286,20,1]
[4096,-512,-16,-13,-1,-2,1]
[14641,3509,398,29,1]
[512,512,288,119,36,8,1]
[4096,2048,784,255,49,8,1]
[512,-320,112,-41,14,-5,1]
[256,-192,192,-128,67,-32,12,-3,1]
[256,-192,96,-36,19,-9,6,-3,1]
[14641,-726,69,-6,1]
[4096,-1792,832,-217,52,-7,1]
[729,0,108,-5,12,0,1]
[4096,256,-80,11,-5,1,1]
[256,256,80,-16,-19,-4,5,4,1]
[14641,-2420,224,-20,1]
[2401,441,40,9,1]
[14641,1331,245,11,1]
[14641,-121,-86,-1,1]
[4096,0,160,19,10,0,1]
[4096,-3328,1456,-437,91,-13,1]
[15625,250,151,2,1]
[14641,484,98,4,1]
[256,-384,400,-288,163,-72,25,-6,1]
[729,162,-54,-31,-6,2,1]
[6561,162,-34,2,1]
[256,64,144,28,49,7,9,1,1]
[15625,-250,131,-2,1]
[4096,1536,416,69,26,6,1]
[4096,-1536,736,-173,46,-6,1]
[4096,512,-48,-57,-3,2,1]
[16384,-2944,333,-23,1]
[4096,2304,816,245,51,9,1]
[15625,0,-11,0,1]
[4096,-2048,688,-197,43,-8,1]
[256,-192,176,-108,59,-27,11,-3,1]
[256,-192,80,-12,-5,-3,5,-3,1]
[4096,1024,0,-79,0,4,1]
[14641,484,23,4,1]
[256,32,-13,2,1]
[14641,2299,225,19,1]
[15625,-1750,262,-14,1]
[4096,-512,48,59,3,-2,1]
[256,192,48,-48,-35,-12,3,3,1]
[14641,121,-151,1,1]
[4096,512,160,15,10,2,1]
[15625,2375,236,19,1]
[64,-48,8,5,2,-3,1]
[16384,1152,139,9,1]
[4096,512,-48,-73,-3,2,1]
[4096,768,432,99,27,3,1]
[4096,0,144,65,9,0,1]
[729,243,-27,-34,-3,3,1]
[256,64,32,36,11,9,2,1,1]
[4096,-768,384,-79,24,-3,1]
[2401,392,36,8,1]
[2401,-490,109,-10,1]
[256,0,64,28,15,7,4,0,1]
[256,64,96,-8,17,-2,6,1,1]
[512,0,-24,11,-3,0,1]
[256,192,32,-44,-43,-11,2,3,1]
[14641,968,114,8,1]
[14641,726,-82,6,1]
[16384,-3328,349,-26,1]
[4096,-256,0,-83,0,-1,1]
[256,-256,112,4,-19,1,7,-4,1]
[256,-64,16,-16,21,-4,1,-1,1]
[64,-16,8,-3,2,-1,1]
[14641,-363,238,-3,1]
[256,-64,80,-52,17,-13,5,-1,1]
[15625,-500,-119,-4,1]
[4096,256,48,-47,3,1,1]
[16384,128,137,1,1]
[14641,-3872,475,-32,1]
[729,0,81,13,9,0,1]
[4096,768,496,111,31,3,1]
[4096,3072,1184,333,74,12,1]
[64,16,-8,-5,-2,1,1]
[4096,-512,80,19,5,-2,1]
[4096,256,11,4,1]
[15625,2625,307,21,1]
[4096,-768,128,-23,8,-3,1]
[4096,-2048,992,-257,62,-8,1]
[729,243,-63,-43,-7,3,1]
[16384,3072,329,24,1]
[729,81,18,-1,2,1,1]
[4096,0,-64,-5,-4,0,1]
[256,-64,16,8,11,2,1,-1,1]
[2401,-245,-2,-5,1]
[256,128,16,0,-7,0,1,2,1]
[2401,-539,92,-11,1]
[14641,-847,-35,-7,1]
[512,-128,-8,-1,-1,-2,1]
[729,243,153,34,17,3,1]
[4096,256,112,-37,7,1,1]
[729,81,90,-13,10,1,1]
[4096,256,-80,41,-5,1,1]
[4096,-2048,912,-251,57,-8,1]
[15625,-375,17,-3,1]
[256,64,16,-8,-11,-2,1,1,1]
[16384,-4352,541,-34,1]
[4096,-256,368,-51,23,-1,1]
[512,192,32,-9,4,3,1]
[4096,0,96,79,6,0,1]
[256,0,-32,4,-11,1,-2,0,1]
[16384,-1792,133,-14,1]
[4096,0,112,-79,7,0,1]
[729,162,28,6,1]
[4096,-1024,464,-87,29,-4,1]
[15625,-750,-84,-6,1]
[16384,2944,345,23,1]
[512,256,104,45,13,4,1]
[16384,1536,267,12,1]
[256,0,80,-36,15,-9,5,0,1]
[2401,-784,148,-16,1]
[2401,0,29,0,1]
[256,0,16,0,-21,0,1,0,1]
[729,729,423,172,47,9,1]
[729,162,108,4,12,2,1]
[4096,1792,-80,-145,-5,7,1]
[4096,-512,128,-101,8,-2,1]
[512,128,80,33,10,2,1]
[4096,-1792,336,-59,21,-7,1]
[4096,-256,240,-89,15,-1,1]
[14641,-2420,258,-20,1]
[4096,1536,384,95,24,6,1]
[256,-128,-16,12,3,3,-1,-2,1]
[4096,1024,-208,-141,-13,4,1]
[256,-256,112,-36,17,-9,7,-4,1]
[256,128,80,40,37,10,5,2,1]
[4096,-256,-64,79,-4,-1,1]
[4096,768,-96,-47,-6,3,1]
[512,0,24,-37,3,0,1]
[16384,-1280,159,-10,1]
[4096,-768,48,-17,3,-3,1]
[14641,1936,247,16,1]
[4096,-192,59,-3,1]
[15625,-3375,366,-27,1]
[729,324,90,25,10,4,1]
[15625,1750,134,14,1]
[256,320,176,88,49,22,11,5,1]
[2401,-147,68,-3,1]
[729,-243,189,-43,21,-3,1]
[256,-128,96,-56,39,-14,6,-2,1]
[729,729,360,128,40,9,1]
[14641,-1452,202,-12,1]
[15625,750,247,6,1]
[14641,-484,-76,-4,1]
[256,-64,48,-28,-1,-7,3,-1,1]
[512,192,72,41,9,3,1]
[15625,-2125,256,-17,1]
[6561,972,139,12,1]
[729,-486,234,-77,26,-6,1]
[4096,256,320,-21,20,1,1]
[4096,-256,112,-15,7,-1,1]
[4096,-2560,448,-31,28,-10,1]
[4096,0,208,-51,13,0,1]
[1024,-384,93,-12,1]
[4096,2304,976,269,61,9,1]
[6561,-1458,230,-18,1]
[4096,2048,656,159,41,8,1]
[4096,-1536,-96,115,-6,-6,1]
[256,-64,96,-52,19,-13,6,-1,1]
[256,64,96,48,25,12,6,1,1]
[4096,0,-112,9,-7,0,1]
[4096,0,256,-65,16,0,1]
[4096,-1024,-96,69,-6,-4,1]
[2401,343,86,7,1]
[6561,-567,49,-7,1]
[64,48,40,23,10,3,1]
[14641,-121,168,-1,1]
[14641,-363,207,-3,1]
[4096,-2560,752,-175,47,-10,1]
[15625,1250,96,10,1]
[4096,-1792,736,-207,46,-7,1]
[4096,512,-160,-79,-10,2,1]
[4096,-1280,224,-51,14,-5,1]
[4096,-256,192,1,12,-1,1]
[14641,-1694,140,-14,1]
[4096,0,64,25,4,0,1]
[14641,1573,247,13,1]
[16384,-1024,207,-8,1]
[4096,-1536,416,-127,26,-6,1]
[15625,-2500,316,-20,1]
[16384,768,27,6,1]
[256,-320,272,-176,97,-44,17,-5,1]
[625,50,14,2,1]
[4096,1536,672,159,42,6,1]
[4096,1024,-224,-129,-14,4,1]
[16,-5,1]
[4096,1024,-240,-123,-15,4,1]
[4096,-1280,432,-131,27,-5,1]
[14641,1936,305,16,1]
[512,128,80,17,10,2,1]
[256,-128,80,-40,15,-10,5,-2,1]
[729,405,36,-19,4,5,1]
[729,-243,126,-19,14,-3,1]
[256,0,16,16,-1,4,1,0,1]
[14641,2057,236,17,1]
[4096,1024,336,131,21,4,1]
[15625,875,257,7,1]
[4096,256,224,71,14,1,1]
[4096,1024,320,47,20,4,1]
[14641,-1573,247,-13,1]
[16384,-1920,227,-15,1]
[14641,-2299,206,-19,1]
[512,-128,-24,27,-3,-2,1]
[15625,-1500,206,-12,1]
[729,81,-11,3,1]
[4096,1280,480,111,30,5,1]
[729,162,99,25,11,2,1]
[14641,-2057,133,-17,1]
[256,64,48,20,15,5,3,1,1]
[4096,256,-64,-113,-4,1,1]
[4096,1280,192,29,12,5,1]
[15625,-750,242,-6,1]
[4096,-768,608,-69,38,-3,1]
[256,-128,48,-16,15,-4,3,-2,1]
[256,-64,112,20,17,5,7,-1,1]
[4096,-1536,448,-147,28,-6,1]
[6561,-405,65,-5,1]
[4096,768,208,79,13,3,1]
[4096,-512,560,-37,35,-2,1]
[4096,384,-7,6,1]
[4096,-512,256,15,16,-2,1]
[729,729,414,161,46,9,1]
[4096,0,224,-53,14,0,1]
[15625,1625,248,13,1]
[4096,768,-32,-23,-2,3,1]
[256,192,128,28,15,7,8,3,1]
[16384,1152,-3,9,1]
[4096,-512,208,1,13,-2,1]
[4096,-2304,528,-97,33,-9,1]
[14641,-1573,50,-13,1]
[4096,-1280,176,-23,11,-5,1]
[4096,0,368,45,23,0,1]
[4096,-768,-16,13,-1,-3,1]
[256,192,144,96,47,24,9,3,1]
[14641,-1573,261,-13,1]
[14641,-847,75,-7,1]
[4096,1536,304,33,19,6,1]
[4096,1536,32,-65,2,6,1]
[256,192,48,0,-1,0,3,3,1]
[14641,1089,50,9,1]
[4096,-768,-64,67,-4,-3,1]
[256,-192,32,36,-33,9,2,-3,1]
[4096,0,-79,0,1]
[625,75,-14,3,1]
[4096,0,144,-91,9,0,1]
[256,-128,64,-4,-3,-1,4,-2,1]
[512,-64,40,-37,5,-1,1]
[729,-324,18,10,2,-4,1]
[16384,2176,161,17,1]
[14641,-2420,204,-20,1]
[14641,-2662,269,-22,1]
[15625,375,-74,3,1]
[4096,512,432,65,27,2,1]
[4096,1536,416,77,26,6,1]
[729,-567,198,-59,22,-7,1]
[729,-81,18,-19,2,-1,1]
[4096,0,640,3,40,0,1]
[15625,1125,-12,9,1]
[15625,500,-99,4,1]
[4096,512,0,-21,0,2,1]
[6561,-162,-31,-2,1]
[4096,768,240,-19,15,3,1]
[16384,640,35,5,1]
[4096,-2048,496,-83,31,-8,1]
[4096,0,480,-23,30,0,1]
[4096,768,224,117,14,3,1]
[256,192,128,56,21,14,8,3,1]
[4096,-768,432,-47,27,-3,1]
[4096,1024,-192,-119,-12,4,1]
[4096,768,288,113,18,3,1]
[512,128,-24,-37,-3,2,1]
[4096,1024,160,-25,10,4,1]
[4096,2816,1056,295,66,11,1]
[14641,-1694,68,-14,1]
[729,-324,86,-12,1]
[729,-81,0,17,0,-1,1]
[16384,2560,291,20,1]
[4096,-1536,271,-24,1]
[256,192,144,96,55,24,9,3,1]
[4096,-768,144,-47,9,-3,1]
[15625,1000,149,8,1]
[16384,-1408,61,-11,1]
[729,108,19,4,1]
[512,192,48,5,6,3,1]
[256,-64,64,16,5,4,4,-1,1]
[16384,4864,611,38,1]
[4096,-384,-31,-6,1]
[4096,-512,16,39,1,-2,1]
[14641,1452,31,12,1]
[4096,-256,560,-33,35,-1,1]
[4096,-1792,640,-211,40,-7,1]
[4096,-256,112,21,7,-1,1]
[16384,-1024,-35,-8,1]
[16384,-896,43,-7,1]
[729,-162,81,4,9,-2,1]
[256,-192,160,-104,59,-26,10,-3,1]
[4096,1280,192,49,12,5,1]
[4096,768,80,43,5,3,1]
[4096,64,-101,1,1]
[4096,-256,85,-4,1]
[4096,-2048,832,-221,52,-8,1]
[2401,-343,104,-7,1]
[14641,2904,315,24,1]
[4096,2816,992,271,62,11,1]
[256,-16,17,-1,1]
[729,-81,81,-5,9,-1,1]
[14641,1089,-26,9,1]
[4096,-1536,688,-151,43,-6,1]
[15625,1000,211,8,1]
[16384,-2816,253,-22,1]
[14641,1815,93,15,1]
[4096,256,16,-91,1,1,1]
[4096,-256,64,9,4,-1,1]
[16384,-384,223,-3,1]
[15625,2500,296,20,1]
[4096,-2048,624,-135,39,-8,1]
[4096,256,560,39,35,1,1]
[729,-243,-54,37,-6,-3,1]
[15625,875,214,7,1]
[14641,-1210,140,-10,1]
[4096,-768,176,-61,11,-3,1]
[15625,1875,121,15,1]
[15625,-1625,229,-13,1]
[256,-128,48,12,-15,3,3,-2,1]
[4096,-512,-128,49,-8,-2,1]
[15625,375,147,3,1]
[256,-128,-48,20,11,5,-3,-2,1]
[256,-64,32,4,7,1,2,-1,1]
[256,128,0,-12,-1,-3,0,2,1]
[4096,-1536,336,-85,21,-6,1]
[15625,1500,143,12,1]
[729,-162,36,26,4,-2,1]
[4096,-1280,480,-165,30,-5,1]
[256,-192,48,-24,19,-6,3,-3,1]
[4096,-512,80,7,5,-2,1]
[256,0,64,-32,11,-8,4,0,1]
[15625,-1750,139,-14,1]
[4096,2816,1232,365,77,11,1]
[729,0,99,1,11,0,1]
[16384,-2048,283,-16,1]
[15625,-500,-101,-4,1]
[256,-128,96,-40,29,-10,6,-2,1]
[512,0,88,-15,11,0,1]
[729,0,45,37,5,0,1]
[729,-567,126,-11,14,-7,1]
[256,128,80,40,11,10,5,2,1]
[15625,2625,289,21,1]
[512,256,32,-11,4,4,1]
[4096,-256,112,77,7,-1,1]
[4096,1792,256,21,16,7,1]
[256,64,96,12,31,3,6,1,1]
[4096,-320,61,-5,1]
[256,128,48,36,35,9,3,2,1]
[256,-64,-16,20,-1,5,-1,-1,1]
[4096,-1536,176,17,11,-6,1]
[4096,3328,1456,429,91,13,1]
[14641,0,142,0,1]
[4096,1792,336,37,21,7,1]
[729,-135,20,-5,1]
[4096,1792,832,199,52,7,1]
[16384,-1024,179,-8,1]
[4096,-128,59,-2,1]
[14641,2057,148,17,1]
[16384,2176,199,17,1]
[4096,-512,224,-81,14,-2,1]
[4096,-1792,496,-87,31,-7,1]
[256,-128,16,28,-31,7,1,-2,1]
[15625,4125,512,33,1]
[6561,486,127,6,1]
[6561,-81,-125,-1,1]
[4096,-1024,624,-109,39,-4,1]
[4096,-1280,544,-133,34,-5,1]
[512,-128,104,-37,13,-2,1]
[14641,363,117,3,1]
[729,648,324,122,36,8,1]
[256,0,-32,-20,5,-5,-2,0,1]
[4096,-256,80,-123,5,-1,1]
[4096,1280,448,159,28,5,1]
[64,-16,12,-15,3,-1,1]
[256,-128,32,-12,11,-3,2,-2,1]
[4096,512,16,65,1,2,1]
[14641,-484,169,-4,1]
[256,0,48,32,11,8,3,0,1]
[4096,768,192,57,12,3,1]
[14641,1573,145,13,1]
[15625,1750,159,14,1]
[256,128,48,40,21,10,3,2,1]
[4096,-512,416,-35,26,-2,1]
[15625,1500,116,12,1]
[4096,256,368,63,23,1,1]
[4096,-2048,864,-217,54,-8,1]
[729,81,36,5,4,1,1]
[4096,512,560,75,35,2,1]
[729,-243,72,-43,8,-3,1]
[256,-128,80,-40,13,-10,5,-2,1]
[6561,-1053,145,-13,1]
[4096,-768,384,-123,24,-3,1]
[6561,2025,290,25,1]
[4096,-1536,544,-149,34,-6,1]
[14641,-3146,386,-26,1]
[15625,-125,224,-1,1]
[4096,-512,-64,-17,-4,-2,1]
[4096,768,80,21,5,3,1]
[15625,-2250,221,-18,1]
[14641,3267,356,27,1]
[14641,4114,527,34,1]
[4096,2048,720,167,45,8,1]
[4096,-2560,1152,-331,72,-10,1]
[512,128,40,-15,5,2,1]
[4096,1536,288,31,18,6,1]
[16384,-1024,-43,-8,1]
[729,-81,-45,23,-5,-1,1]
[4096,0,256,-29,16,0,1]
[4096,-1024,-32,47,-2,-4,1]
[4096,128,125,2,1]
[256,192,128,24,11,6,8,3,1]
[4096,1792,624,133,39,7,1]
[2401,-98,2,-2,1]
[4096,-1024,-144,83,-9,-4,1]
[4096,0,304,-27,19,0,1]
[729,-162,135,-19,15,-2,1]
[15625,-375,227,-3,1]
[4096,768,48,-47,3,3,1]
[4096,512,544,47,34,2,1]
[256,128,160,64,49,16,10,2,1]
[512,-192,-8,25,-1,-3,1]
[15625,375,137,3,1]
[2401,-245,-20,-5,1]
[729,324,99,19,11,4,1]
[4096,-256,320,-65,20,-1,1]
[256,0,112,-8,31,-2,7,0,1]
[256,-192,128,-60,33,-15,8,-3,1]
[4096,0,176,69,11,0,1]
[14641,-3267,383,-27,1]
[4096,3584,1408,383,88,14,1]
[4096,-768,304,-43,19,-3,1]
[6561,0,86,0,1]
[4096,448,75,7,1]
[14641,-605,163,-5,1]
[4096,-512,208,-57,13,-2,1]
[4096,-512,-96,111,-6,-2,1]
[4096,2048,480,77,30,8,1]
[15625,0,-79,0,1]
[4096,1024,224,-7,14,4,1]
[15625,-125,-41,-1,1]
[729,81,0,-38,0,1,1]
[512,64,-16,-3,-2,1,1]
[4096,2560,688,149,43,10,1]
[4096,-3328,1216,-319,76,-13,1]
[16384,-3072,291,-24,1]
[625,-175,48,-7,1]
[4096,-1024,-224,135,-14,-4,1]
[15625,-1875,176,-15,1]
[4096,512,352,-3,22,2,1]
[256,-384,400,-288,167,-72,25,-6,1]
[14641,605,-62,5,1]
[4096,512,256,105,16,2,1]
[256,-320,240,-164,97,-41,15,-5,1]
[256,0,0,-8,3,-2,0,0,1]
[256,64,112,8,27,2,7,1,1]
[4096,0,64,-41,4,0,1]
[729,-27,-38,-1,1]
[15625,-2125,242,-17,1]
[14641,-242,224,-2,1]
[15625,750,14,6,1]
[256,192,128,44,23,11,8,3,1]
[4096,256,352,53,22,1,1]
[15625,375,-113,3,1]
[4096,-512,400,-43,25,-2,1]
[256,-448,480,-368,209,-92,30,-7,1]
[16384,1280,83,10,1]
[256,-64,-16,16,5,4,-1,-1,1]
[512,576,368,157,46,9,1]
[729,324,189,49,21,4,1]
[256,-128,64,12,-11,3,4,-2,1]
[4096,1536,224,31,14,6,1]
[15625,-1000,111,-8,1]
[4096,256,144,-3,9,1,1]
[256,-192,144,-92,41,-23,9,-3,1]
[729,486,243,79,27,6,1]
[256,64,48,-56,-15,-14,3,1,1]
[256,-128,32,-32,25,-8,2,-2,1]
[6561,-1134,92,-14,1]
[4096,0,112,89,7,0,1]
[14641,1210,200,10,1]
[4096,-1792,320,-27,20,-7,1]
[4096,-1280,-192,157,-12,-5,1]
[14641,121,-152,1,1]
[14641,847,184,7,1]
[15625,-875,241,-7,1]
[256,128,16,4,-1,1,1,2,1]
[4096,768,0,21,0,3,1]
[15625,1125,22,9,1]
[4096,-1024,576,-123,36,-4,1]
[14641,0,-87,0,1]
[729,567,279,113,31,7,1]
[4096,576,101,9,1]
[256,128,16,-12,-13,-3,1,2,1]
[14641,-1815,193,-15,1]
[729,648,360,140,40,8,1]
[6561,-243,80,-3,1]
[4096,1792,320,21,20,7,1]
[4096,1280,368,147,23,5,1]
[4096,1024,112,53,7,4,1]
[256,128,32,-24,-25,-6,2,2,1]
[4096,-1024,368,-109,23,-4,1]
[15625,-125,-32,-1,1]
[4096,2048,752,199,47,8,1]
[4096,576,85,9,1]
[256,256,240,148,85,37,15,4,1]
[4096,0,176,-71,11,0,1]
[15625,-1125,3,-9,1]
[16384,256,101,2,1]
[256,-64,0,20,-23,5,0,-1,1]
[15625,375,158,3,1]
[4096,2048,656,181,41,8,1]
[4096,-768,256,-53,16,-3,1]
[4096,768,144,-23,9,3,1]
[729,-405,18,26,2,-5,1]
[256,192,96,28,13,7,6,3,1]
[4096,-1280,-160,137,-10,-5,1]
[4096,1792,304,55,19,7,1]
[4096,1024,304,145,19,4,1]
[729,81,135,4,15,1,1]
[729,-162,135,-20,15,-2,1]
[729,-405,180,-58,20,-5,1]
[256,384,368,260,143,65,23,6,1]
[2401,294,47,6,1]
[256,0,48,8,23,2,3,0,1]
[64,32,48,15,12,2,1]
[256,0,64,20,7,5,4,0,1]
[4096,-1280,368,-81,23,-5,1]
[15625,500,87,4,1]
[15625,1375,49,11,1]
[729,-324,108,-31,12,-4,1]
[15625,-1750,147,-14,1]
[6561,243,145,3,1]
[4096,-1792,624,-149,39,-7,1]
[64,-48,32,-21,8,-3,1]
[6561,567,-17,7,1]
[4096,-256,-176,47,-11,-1,1]
[15625,125,48,1,1]
[4096,-2816,1200,-357,75,-11,1]
[256,-64,64,-4,15,-1,4,-1,1]
[4096,512,-240,-59,-15,2,1]
[4096,-1024,352,-97,22,-4,1]
[625,50,-9,2,1]
[14641,-121,-188,-1,1]
[4096,-256,176,-99,11,-1,1]
[729,0,-27,19,-3,0,1]
[14641,484,144,4,1]
[256,-64,48,24,-7,6,3,-1,1]
[729,405,171,62,19,5,1]
[1024,-64,-39,-2,1]
[729,81,0,-28,0,1,1]
[512,-128,32,7,4,-2,1]
[729,-243,45,1,5,-3,1]
[4096,-64,57,-1,1]
[4096,768,112,29,7,3,1]
[4096,768,384,121,24,3,1]
[4096,2048,496,107,31,8,1]
[14641,-4356,558,-36,1]
[4096,2304,624,127,39,9,1]
[4096,-256,-96,29,-6,-1,1]
[256,-192,64,20,-17,5,4,-3,1]
[256,0,-96,-8,31,-2,-6,0,1]
[729,-729,369,-134,41,-9,1]
[4096,-1792,720,-217,45,-7,1]
[4096,512,512,63,32,2,1]
[15625,250,249,2,1]
[4096,512,-80,-39,-5,2,1]
[16384,-4096,493,-32,1]
[256,-192,224,-124,79,-31,14,-3,1]
[729,405,126,47,14,5,1]
[4096,-512,-64,69,-4,-2,1]
[2401,882,163,18,1]
[6561,1053,107,13,1]
[512,576,336,135,42,9,1]
[729,81,99,34,11,1,1]
[4096,1152,173,18,1]
[256,0,-64,12,21,3,-4,0,1]
[4096,-512,480,-45,30,-2,1]
[16384,1536,233,12,1]
[729,324,90,34,10,4,1]
[256,0,0,8,11,2,0,0,1]
[4096,-512,576,-69,36,-2,1]
[15625,-4250,537,-34,1]
[15625,-875,-41,-7,1]
[14641,968,136,8,1]
[512,-64,64,1,8,-1,1]
[4096,1280,-64,-71,-4,5,1]
[14641,2178,188,18,1]
[4096,2304,912,269,57,9,1]
[15625,-1250,92,-10,1]
[2401,147,-24,3,1]
[15625,1125,131,9,1]
[4096,1792,464,107,29,7,1]
[2401,147,-51,3,1]
[4096,1280,288,41,18,5,1]
[15625,2750,253,22,1]
[4096,-256,-240,35,-15,-1,1]
[512,320,16,-27,2,5,1]
[15625,875,-31,7,1]
[729,-162,63,-16,7,-2,1]
[729,-324,81,-32,9,-4,1]
[256,-192,176,-84,51,-21,11,-3,1]
[256,0,-16,-12,-1,-3,-1,0,1]
[15625,2875,267,23,1]
[625,-150,53,-6,1]
[2401,-490,60,-10,1]
[256,64,112,0,21,0,7,1,1]
[256,192,32,-44,-41,-11,2,3,1]
[512,-320,176,-65,22,-5,1]
[14641,1210,105,10,1]
[4096,768,272,3,17,3,1]
[4096,-1280,496,-109,31,-5,1]
[6561,81,74,1,1]
[4096,512,320,103,20,2,1]
[256,320,176,100,61,25,11,5,1]
[256,192,208,116,71,29,13,3,1]
[16384,-2432,321,-19,1]
[4096,-256,208,-79,13,-1,1]
[6561,-1620,244,-20,1]
[256,128,160,68,57,17,10,2,1]
[16384,-384,135,-3,1]
[4096,1280,16,-81,1,5,1]
[14641,1452,177,12,1]
[6561,1944,295,24,1]
[256,0,-64,0,25,0,-4,0,1]
[4096,-768,144,-87,9,-3,1]
[729,-81,54,-13,6,-1,1]
[256,-64,128,-24,33,-6,8,-1,1]
[4096,2304,672,145,42,9,1]
[14641,0,226,0,1]
[4096,-512,224,-43,14,-2,1]
[4096,1280,592,145,37,5,1]
[16384,0,-223,0,1]
[16384,0,23,0,1]
[256,0,112,12,33,3,7,0,1]
[512,-192,80,-29,10,-3,1]
[4096,-1024,512,-135,32,-4,1]
[15625,125,-129,1,1]
[729,0,54,34,6,0,1]
[14641,-1452,119,-12,1]
[729,-405,180,-47,20,-5,1]
[14641,-968,-48,-8,1]
[15625,875,-91,7,1]
[14641,847,-26,7,1]
[4096,-2048,176,41,11,-8,1]
[4096,512,128,113,8,2,1]
[6561,-972,74,-12,1]
[4096,2048,832,231,52,8,1]
[6561,0,-157,0,1]
[14641,-968,215,-8,1]
[729,162,171,31,19,2,1]
[4096,1280,-192,-129,-12,5,1]
[256,-64,48,16,-7,4,3,-1,1]
[15625,-750,166,-6,1]
[256,128,80,60,21,15,5,2,1]
[14641,242,109,2,1]
[6561,-1215,203,-15,1]
[14641,1210,103,10,1]
[15625,2375,202,19,1]
[14641,726,1,6,1]
[14641,-1331,185,-11,1]
[4096,-768,-144,107,-9,-3,1]
[14641,121,-208,1,1]
[14641,1694,192,14,1]
[256,192,112,44,29,11,7,3,1]
[256,128,32,-20,-29,-5,2,2,1]
[4096,256,-23,4,1]
[729,-243,63,-7,7,-3,1]
[6561,81,94,1,1]
[2401,-98,6,-2,1]
[256,0,112,-24,27,-6,7,0,1]
[4096,-1792,560,-141,35,-7,1]
[16384,2048,277,16,1]
[16384,-1152,89,-9,1]
[729,0,-43,0,1]
[256,-64,0,-20,15,-5,0,-1,1]
[4096,-512,-64,21,-4,-2,1]
[4096,-1792,624,-165,39,-7,1]
[4096,0,-96,27,-6,0,1]
[4096,-2048,720,-215,45,-8,1]
[4096,1536,112,-35,7,6,1]
[6561,0,-125,0,1]
[4096,2048,464,69,29,8,1]
[256,0,64,-12,13,-3,4,0,1]
[256,0,96,44,15,11,6,0,1]
[4096,256,-16,81,-1,1,1]
[4096,-1024,147,-16,1]
[512,384,168,53,21,6,1]
[729,-162,-9,-1,-1,-2,1]
[729,81,162,22,18,1,1]
[4096,-2304,736,-171,46,-9,1]
[16384,-1536,53,-12,1]
[256,64,-32,-24,5,-6,-2,1,1]
[4096,1792,848,207,53,7,1]
[4096,-256,80,69,5,-1,1]
[256,256,144,72,39,18,9,4,1]
[4096,1280,-80,-81,-5,5,1]
[256,-64,32,12,7,3,2,-1,1]
[256,-192,80,-60,41,-15,5,-3,1]
[6561,1377,196,17,1]
[729,-486,171,-44,19,-6,1]
[256,-128,128,-84,33,-21,8,-2,1]
[4096,1536,128,-27,8,6,1]
[729,189,32,7,1]
[15625,2750,326,22,1]
[256,128,64,52,25,13,4,2,1]
[4096,-2304,800,-213,50,-9,1]
[256,-64,-80,16,9,4,-5,-1,1]
[2401,686,124,14,1]
[15625,1625,124,13,1]
[256,-192,16,-12,23,-3,1,-3,1]
[4096,256,224,83,14,1,1]
[4096,-1792,176,25,11,-7,1]
[14641,-2904,345,-24,1]
[4096,-768,96,17,6,-3,1]
[4096,-1024,400,-61,25,-4,1]
[4096,512,-144,-75,-9,2,1]
[14641,3025,315,25,1]
[256,64,48,20,-5,5,3,1,1]
[512,128,104,33,13,2,1]
[729,-810,468,-185,52,-10,1]
[4096,0,304,13,19,0,1]
[4096,768,-192,-83,-12,3,1]
[729,-27,-34,-1,1]
[256,-128,112,-56,25,-14,7,-2,1]
[2401,-833,157,-17,1]
[4096,512,176,87,11,2,1]
[14641,-847,128,-7,1]
[14641,-726,78,-6,1]
[512,256,144,51,18,4,1]
[256,-256,208,-108,57,-27,13,-4,1]
[16384,2816,291,22,1]
[14641,-2783,295,-23,1]
[15625,1500,269,12,1]
[625,-250,72,-10,1]
[256,320,208,92,37,23,13,5,1]
[256,64,48,24,21,6,3,1,1]
[1024,64,43,2,1]
[4096,-512,352,-81,22,-2,1]
[4096,-256,384,11,24,-1,1]
[6561,1458,206,18,1]
[4096,1792,352,53,22,7,1]
[4096,768,352,91,22,3,1]
[256,320,272,176,99,44,17,5,1]
[4096,1792,96,-49,6,7,1]
[16384,-1280,3,-10,1]
[4096,768,-192,-81,-12,3,1]
[15625,1625,291,13,1]
[14641,1815,244,15,1]
[16384,0,65,0,1]
[4096,512,0,43,0,2,1]
[729,-567,234,-83,26,-7,1]
[4096,-2304,880,-253,55,-9,1]
[15625,1875,146,15,1]
[4096,-1024,272,-117,17,-4,1]
[256,128,32,8,9,2,2,2,1]
[14641,242,108,2,1]
[4096,2048,672,187,42,8,1]
[15625,1250,123,10,1]
[4096,768,496,95,31,3,1]
[4096,0,48,-87,3,0,1]
[4096,768,32,31,2,3,1]
[4096,256,592,31,37,1,1]
[4096,-1536,304,-75,19,-6,1]
[1024,0,37,0,1]
[256,128,48,24,25,6,3,2,1]
[729,81,72,10,8,1,1]
[6561,405,-61,5,1]
[16384,2560,213,20,1]
[4096,2048,752,181,47,8,1]
[256,-64,0,24,-11,6,0,-1,1]
[15625,-375,248,-3,1]
[625,-225,51,-9,1]
[4096,768,-80,-41,-5,3,1]
[256,64,16,32,25,8,1,1,1]
[15625,125,223,1,1]
[14641,726,-76,6,1]
[256,0,80,40,11,10,5,0,1]
[2401,-343,47,-7,1]
[4096,1024,-176,-109,-11,4,1]
[6561,1539,208,19,1]
[4096,768,432,35,27,3,1]
[128,-13,1]
[15625,125,-167,1,1]
[4096,512,432,41,27,2,1]
[27,8,1]
[729,486,45,-26,5,6,1]
[15625,-1375,169,-11,1]
[512,-192,8,25,1,-3,1]
[14641,726,101,6,1]
[15625,-2500,298,-20,1]
[512,256,48,1,6,4,1]
[512,384,240,93,30,6,1]
[15625,1500,148,12,1]
[4096,-256,-96,101,-6,-1,1]
[4096,-1792,560,-153,35,-7,1]
[4096,-2048,512,-125,32,-8,1]
[14641,-484,-71,-4,1]
[256,64,96,36,31,9,6,1,1]
[15625,500,136,4,1]
[4096,0,112,43,7,0,1]
[16384,-128,225,-1,1]
[4096,2304,736,201,46,9,1]
[4096,768,-64,-49,-4,3,1]
[14641,847,235,7,1]
[4096,512,656,57,41,2,1]
[4096,-2048,128,67,8,-8,1]
[15625,250,-176,2,1]
[4096,2048,816,221,51,8,1]
[256,0,112,-8,33,-2,7,0,1]
[4096,0,-107,0,1]
[4096,1280,176,-21,11,5,1]
[4096,128,49,2,1]
[15625,-2875,274,-23,1]
[4096,0,80,-69,5,0,1]
[625,-175,34,-7,1]
[4096,768,-96,-77,-6,3,1]
[256,64,-16,-20,-17,-5,-1,1,1]
[14641,1936,248,16,1]
[15625,-125,89,-1,1]
[15625,2250,269,18,1]
[4096,256,240,-19,15,1,1]
[6561,891,128,11,1]
[1024,160,11,5,1]
[14641,-847,-69,-7,1]
[256,-64,-48,8,21,2,-3,-1,1]
[4096,-2304,784,-195,49,-9,1]
[729,-405,144,-58,16,-5,1]
[4096,2048,112,-77,7,8,1]
[15625,-5125,668,-41,1]
[256,-256,240,-144,85,-36,15,-4,1]
[4096,0,304,59,19,0,1]
[4096,256,304,-17,19,1,1]
[15625,-3000,342,-24,1]
[256,0,32,0,23,0,2,0,1]
[4096,1536,432,83,27,6,1]
[16384,-1536,125,-12,1]
[256,64,96,16,19,4,6,1,1]
[256,256,160,100,53,25,10,4,1]
[4096,-256,208,-99,13,-1,1]
[14641,-3630,464,-30,1]
[729,162,-9,-23,-1,2,1]
[4096,-768,32,-47,2,-3,1]
[256,-64,-96,8,27,2,-6,-1,1]
[256,128,32,-12,-7,-3,2,2,1]
[121,7,1]
[14641,-847,25,-7,1]
[2401,-245,-13,-5,1]
[4096,-512,0,-55,0,-2,1]
[512,256,-32,-45,-4,4,1]
[4096,2304,672,163,42,9,1]
[15625,-500,34,-4,1]
[256,64,-32,8,25,2,-2,1,1]
[4096,-2048,160,53,10,-8,1]
[14641,-363,-10,-3,1]
[15625,-750,228,-6,1]
[729,486,252,83,28,6,1]
[4096,768,-80,-89,-5,3,1]
[729,-324,90,-17,10,-4,1]
[6561,-243,-107,-3,1]
[729,-81,27,-28,3,-1,1]
[14641,-726,59,-6,1]
[4096,-1024,304,-143,19,-4,1]
[729,-162,171,-34,19,-2,1]
[256,256,176,108,53,27,11,4,1]
[14641,968,225,8,1]
[15625,-1250,188,-10,1]
[6561,-81,160,-1,1]
[4096,1792,416,93,26,7,1]
[256,128,-16,-20,-9,-5,-1,2,1]
[2401,392,99,8,1]
[4096,2048,256,-17,16,8,1]
[4096,256,144,65,9,1,1]
[6561,648,103,8,1]
[15625,625,-113,5,1]
[256,-128,64,-48,31,-12,4,-2,1]
[729,243,-18,-20,-2,3,1]
[4096,-512,352,-75,22,-2,1]
[4096,2304,672,157,42,9,1]
[4096,1280,64,-17,4,5,1]
[4096,-1280,336,-89,21,-5,1]
[4096,-832,163,-13,1]
[256,192,80,68,47,17,5,3,1]
[2401,-294,83,-6,1]
[4096,1536,320,27,20,6,1]
[625,0,-32,0,1]
[14641,-1089,126,-9,1]
[256,0,-16,8,1,2,-1,0,1]
[4096,-1024,96,51,6,-4,1]
[256,256,144,24,3,6,9,4,1]
[14641,242,3,2,1]
[4096,-1024,-160,121,-10,-4,1]
[729,324,180,64,20,4,1]
[729,324,198,70,22,4,1]
[512,0,0,-11,0,0,1]
[4096,512,-16,-69,-1,2,1]
[4096,-256,48,-69,3,-1,1]
[4096,-1792,320,-43,20,-7,1]
[512,-192,112,-45,14,-3,1]
[4096,-768,272,-1,17,-3,1]
[4096,768,192,29,12,3,1]
[512,-192,200,-47,25,-3,1]
[4096,-256,400,-47,25,-1,1]
[14641,0,48,0,1]
[16384,-640,131,-5,1]
[4096,-1024,528,-95,33,-4,1]
[729,-729,432,-170,48,-9,1]
[4096,1024,512,91,32,4,1]
[4096,-3072,1328,-379,83,-12,1]
[729,-486,117,-23,13,-6,1]
[14641,-605,236,-5,1]
[4096,1024,32,-69,2,4,1]
[4096,-256,224,-37,14,-1,1]
[4096,-512,80,-31,5,-2,1]
[14641,605,119,5,1]
[4096,-768,512,-95,32,-3,1]
[256,64,64,44,5,11,4,1,1]
[6561,1377,161,17,1]
[4096,2048,368,39,23,8,1]
[729,81,126,-1,14,1,1]
[15625,-250,-61,-2,1]
[4096,256,-128,-7,-8,1,1]
[4096,-64,-7,-1,1]
[4096,768,-48,-83,-3,3,1]
[15625,375,-138,3,1]
[256,64,64,-8,-3,-2,4,1,1]
[4096,-2304,688,-157,43,-9,1]
[4096,1536,464,139,29,6,1]
[4096,-192,87,-3,1]
[4096,0,-32,81,-2,0,1]
[16384,-4608,573,-36,1]
[729,162,-9,-14,-1,2,1]
[4096,-768,240,-41,15,-3,1]
[4096,-704,107,-11,1]
[64,32,-4,-7,-1,2,1]
[15625,0,-179,0,1]
[14641,1452,40,12,1]
[256,-256,192,-80,41,-20,12,-4,1]
[15625,-2500,269,-20,1]
[729,-81,27,8,3,-1,1]
[512,256,104,25,13,4,1]
[15625,1500,191,12,1]
[512,0,176,1,22,0,1]
[4096,-256,48,11,3,-1,1]
[256,-128,48,-4,13,-1,3,-2,1]
[4096,704,113,11,1]
[729,0,0,-17,0,0,1]
[15625,-1375,109,-11,1]
[4096,-2304,880,-243,55,-9,1]
[4096,-1536,496,-123,31,-6,1]
[4096,2560,864,235,54,10,1]
[15625,2750,254,22,1]
[256,64,48,4,5,1,3,1,1]
[4096,2048,560,143,35,8,1]
[6561,-1377,164,-17,1]
[4096,-1024,176,-61,11,-4,1]
[256,-256,160,-64,25,-16,10,-4,1]
[256,-320,272,-184,105,-46,17,-5,1]
[512,-384,160,-49,20,-6,1]
[14641,3630,444,30,1]
[14641,-1210,23,-10,1]
[4096,1024,240,23,15,4,1]
[4096,-512,-32,-21,-2,-2,1]
[729,81,27,17,3,1,1]
[15625,-2625,288,-21,1]
[15625,-750,-18,-6,1]
[256,192,144,76,39,19,9,3,1]
[14641,1815,251,15,1]
[729,-486,189,-64,21,-6,1]
[4096,-256,80,-83,5,-1,1]
[256,128,16,-20,-17,-5,1,2,1]
[4096,1024,128,1,8,4,1]
[4096,-512,32,91,2,-2,1]
[4096,-1024,128,35,8,-4,1]
[512,-128,104,-25,13,-2,1]
[4096,256,64,69,4,1,1]
[6561,162,148,2,1]
[4096,3072,1328,389,83,12,1]
[256,-64,-64,8,17,2,-4,-1,1]
[4096,768,-96,-73,-6,3,1]
[14641,968,38,8,1]
[6561,-810,68,-10,1]
[2401,539,66,11,1]
[729,162,45,47,5,2,1]
[256,128,64,-48,-25,-12,4,2,1]
[4096,1792,224,9,14,7,1]
[4096,-1536,528,-137,33,-6,1]
[15625,250,-108,2,1]
[4096,1280,176,-11,11,5,1]
[4096,-1024,432,-81,27,-4,1]
[4096,-1280,480,-83,30,-5,1]
[256,-384,336,-216,117,-54,21,-6,1]
[16384,-384,109,-3,1]
[15625,1000,34,8,1]
[729,-243,36,-4,4,-3,1]
[4096,-512,272,-39,17,-2,1]
[729,324,207,62,23,4,1]
[4096,-2304,880,-239,55,-9,1]
[4096,-1280,400,-83,25,-5,1]
[4096,512,304,75,19,2,1]
[15625,250,126,2,1]
[16384,-640,253,-5,1]
[6561,-648,17,-8,1]
[14641,1694,168,14,1]
[4096,1792,768,201,48,7,1]
[6561,-324,-67,-4,1]
[4096,-512,304,-17,19,-2,1]
[16384,-2688,247,-21,1]
[4096,-2816,800,-175,50,-11,1]
[16384,-512,191,-4,1]
[15625,1125,244,9,1]
[1024,-256,79,-8,1]
[729,324,81,31,9,4,1]
[4096,-1280,-176,121,-11,-5,1]
[256,64,32,36,13,9,2,1,1]
[16384,2432,313,19,1]
[4096,-256,48,45,3,-1,1]
[4096,1152,183,18,1]
[256,-320,208,-120,65,-30,13,-5,1]
[15625,-1500,86,-12,1]
[14641,-1694,256,-14,1]
[4096,-512,-160,67,-10,-2,1]
[729,162,81,49,9,2,1]
[4096,256,80,69,5,1,1]
[512,-192,112,-37,14,-3,1]
[625,-50,46,-2,1]
[256,64,0,0,5,0,0,1,1]
[6561,-324,89,-4,1]
[4096,-1024,48,53,3,-4,1]
[256,0,32,40,3,10,2,0,1]
[15625,-1625,126,-13,1]
[256,-64,32,8,-19,2,2,-1,1]
[729,-567,162,-31,18,-7,1]
[256,-384,272,-116,47,-29,17,-6,1]
[256,128,32,-12,1,-3,2,2,1]
[512,-256,56,-3,7,-4,1]
[512,64,-48,-25,-6,1,1]
[4096,-1536,592,-143,37,-6,1]
[15625,125,49,1,1]
[256,-128,16,24,-19,6,1,-2,1]
[16384,-1536,229,-12,1]
[14641,2420,304,20,1]
[256,-128,160,-80,55,-20,10,-2,1]
[256,0,-128,0,35,0,-8,0,1]
[256,128,128,24,25,6,8,2,1]
[15625,-1500,38,-12,1]
[4096,2304,928,281,58,9,1]
[14641,847,-31,7,1]
[256,128,16,16,17,4,1,2,1]
[4096,-512,-48,-21,-3,-2,1]
[4096,-256,192,59,12,-1,1]
[4096,256,192,-47,12,1,1]
[4096,768,48,-55,3,3,1]
[4096,512,160,85,10,2,1]
[16384,3584,427,28,1]
[256,192,144,96,57,24,9,3,1]
[6561,-1053,116,-13,1]
[14641,-363,-161,-3,1]
[4096,-1024,384,-133,24,-4,1]
[14641,2178,255,18,1]
[14641,-3993,494,-33,1]
[4096,2560,656,133,41,10,1]
[256,64,32,-4,-11,-1,2,1,1]
[4096,-1536,624,-163,39,-6,1]
[6561,-1296,155,-16,1]
[4096,-768,352,-55,22,-3,1]
[14641,-847,26,-7,1]
[4096,1280,352,45,22,5,1]
[4096,-1024,96,1,6,-4,1]
[4096,-512,464,-41,29,-2,1]
[15625,1375,226,11,1]
[729,81,153,25,17,1,1]
[729,-81,45,-31,5,-1,1]
[256,-64,-16,28,-11,7,-1,-1,1]
[14641,605,68,5,1]
[14641,-605,152,-5,1]
[256,384,272,124,53,31,17,6,1]
[512,-640,376,-151,47,-10,1]
[15625,-125,133,-1,1]
[4096,1792,592,139,37,7,1]
[512,64,48,23,6,1,1]
[4096,-256,176,-49,11,-1,1]
[4096,0,320,29,20,0,1]
[4096,-512,384,-79,24,-2,1]
[2401,49,30,1,1]
[4096,1792,176,-29,11,7,1]
[14641,1089,74,9,1]
[512,0,-32,15,-4,0,1]
[16384,-896,13,-7,1]
[256,-512,544,-392,219,-98,34,-8,1]
[4096,768,-192,-89,-12,3,1]
[4096,512,-32,-93,-2,2,1]
[4096,-1792,608,-141,38,-7,1]
[4096,1024,0,-89,0,4,1]
[6561,729,77,9,1]
[4096,0,-144,-47,-9,0,1]
[729,405,117,31,13,5,1]
[14641,-2904,381,-24,1]
[4096,2048,576,125,36,8,1]
[4096,-1536,336,-63,21,-6,1]
[4096,-2048,656,-149,41,-8,1]
[4096,-1536,128,43,8,-6,1]
[4096,2816,992,269,62,11,1]
[6561,891,161,11,1]
[729,162,-9,-28,-1,2,1]
[4096,1792,704,207,44,7,1]
[256,128,96,36,25,9,6,2,1]
[4096,-256,112,-89,7,-1,1]
[4096,-512,720,-61,45,-2,1]
[14641,-726,-69,-6,1]
[256,-128,48,24,-19,6,3,-2,1]
[4096,1024,16,-75,1,4,1]
[2401,686,137,14,1]
[6561,81,146,1,1]
[4096,2304,832,209,52,9,1]
[729,-243,126,-34,14,-3,1]
[729,405,189,77,21,5,1]
[512,-64,64,-31,8,-1,1]
[15625,-1375,19,-11,1]
[4096,256,32,-99,2,1,1]
[4096,2048,736,225,46,8,1]
[256,-192,144,-92,53,-23,9,-3,1]
[15625,-2250,244,-18,1]
[4096,1536,320,95,20,6,1]
[4096,1280,480,119,30,5,1]
[4096,512,416,27,26,2,1]
[15625,-2625,336,-21,1]
[4096,512,272,7,17,2,1]
[4096,256,-48,-123,-3,1,1]
[15625,0,-174,0,1]
[729,405,81,7,9,5,1]
[15625,375,-162,3,1]
[4096,1024,384,69,24,4,1]
[512,-64,-24,43,-3,-1,1]
[16384,384,-75,3,1]
[256,-64,64,-28,7,-7,4,-1,1]
[256,0,128,32,31,8,8,0,1]
[4096,1792,640,145,40,7,1]
[256,192,144,64,43,16,9,3,1]
[14641,-3025,323,-25,1]
[256,192,176,120,59,30,11,3,1]
[6561,648,169,8,1]
[625,-100,2,-4,1]
[256,128,-16,0,17,0,-1,2,1]
[4096,0,256,-49,16,0,1]
[6561,0,68,0,1]
[512,-192,64,-7,8,-3,1]
[4096,1792,336,53,21,7,1]
[4096,2048,768,219,48,8,1]
[4096,-1280,240,-19,15,-5,1]
[14641,-121,-181,-1,1]
[256,64,32,36,9,9,2,1,1]
[4096,384,-25,6,1]
[256,-64,80,-44,29,-11,5,-1,1]
[4096,-1280,512,-125,32,-5,1]
[256,-128,48,32,-15,8,3,-2,1]
[4096,1536,0,-79,0,6,1]
[15625,-1750,113,-14,1]
[4096,-1024,224,-7,14,-4,1]
[14641,726,188,6,1]
[4096,1536,352,73,22,6,1]
[256,-384,320,-192,99,-48,20,-6,1]
[256,192,48,28,25,7,3,3,1]
[256,-256,144,-48,13,-12,9,-4,1]
[4096,-1792,-64,139,-4,-7,1]
[256,0,0,-32,9,-8,0,0,1]
[4096,2560,864,213,54,10,1]
[15625,125,-43,1,1]
[256,0,32,4,9,1,2,0,1]
[4096,-512,16,-69,1,-2,1]
[4096,1792,544,169,34,7,1]
[15625,500,28,4,1]
[729,0,45,-29,5,0,1]
[4096,960,153,15,1]
[14641,-1936,195,-16,1]
[14641,4114,513,34,1]
[14641,-2904,320,-24,1]
[729,0,-37,0,1]
[2401,0,-87,0,1]
[4096,768,176,1,11,3,1]
[4096,1792,656,201,41,7,1]
[15625,2500,319,20,1]
[4096,-1792,624,-179,39,-7,1]
[256,0,-32,-20,11,-5,-2,0,1]
[16384,-640,97,-5,1]
[15625,-375,13,-3,1]
[14641,2420,293,20,1]
[729,81,9,10,1,1,1]
[4096,0,224,1,14,0,1]
[729,324,180,58,20,4,1]
[14641,1331,261,11,1]
[256,-64,32,-12,15,-3,2,-1,1]
[729,81,72,26,8,1,1]
[4096,256,144,-7,9,1,1]
[15625,-2375,252,-19,1]
[15625,-1750,293,-14,1]
[4096,2048,912,237,57,8,1]
[4096,-1792,704,-205,44,-7,1]
[6561,2106,328,26,1]
[4096,1280,176,37,11,5,1]
[4096,-1536,560,-131,35,-6,1]
[14641,3388,386,28,1]
[2401,588,100,12,1]
[14641,-242,-57,-2,1]
[6561,1701,263,21,1]
[256,0,3,0,1]
[14641,-1936,189,-16,1]
[6561,486,151,6,1]
[2401,-441,54,-9,1]
[729,81,1,3,1]
[512,320,112,35,14,5,1]
[729,243,90,40,10,3,1]
[4096,0,65,0,1]
[256,0,48,-4,-5,-1,3,0,1]
[4096,1792,192,-3,12,7,1]
[729,-324,135,-35,15,-4,1]
[4096,0,352,-21,22,0,1]
[256,-256,80,-4,-3,-1,5,-4,1]
[64,0,32,1,8,0,1]
[256,-64,96,-60,21,-15,6,-1,1]
[6561,-81,-97,-1,1]
[14641,484,224,4,1]
[256,-512,560,-424,243,-106,35,-8,1]
[256,128,48,44,37,11,3,2,1]
[4096,1024,544,117,34,4,1]
[64,-32,28,-7,7,-2,1]
[4096,-512,224,-25,14,-2,1]
[6561,-1215,206,-15,1]
[256,192,48,-32,-29,-8,3,3,1]
[512,-320,56,3,7,-5,1]
[4096,1024,128,-1,8,4,1]
[4096,-3584,1696,-521,106,-14,1]
[16384,2816,333,22,1]
[729,648,342,137,38,8,1]
[14641,-121,-24,-1,1]
[729,-567,243,-82,27,-7,1]
[4096,256,-144,-47,-9,1,1]
[256,64,48,-8,7,-2,3,1,1]
[14641,4598,597,38,1]
[14641,-968,23,-8,1]
[4096,-768,-16,65,-1,-3,1]
[14641,-121,9,-1,1]
[4096,1792,560,163,35,7,1]
[4096,-1024,80,-9,5,-4,1]
[4096,512,-32,31,-2,2,1]
[4096,256,112,89,7,1,1]
[256,64,16,28,11,7,1,1,1]
[14641,2662,353,22,1]
[256,-64,64,-24,33,-6,4,-1,1]
[15625,3375,404,27,1]
[4096,-1280,464,-125,29,-5,1]
[15625,-2250,162,-18,1]
[4096,-768,224,-31,14,-3,1]
[512,-704,488,-211,61,-11,1]
[256,-64,-64,12,21,3,-4,-1,1]
[729,-81,7,-3,1]
[4096,256,-192,-45,-12,1,1]
[729,81,45,-1,5,1,1]
[14641,1210,138,10,1]
[4096,-256,-128,-15,-8,-1,1]
[4096,-1280,272,-57,17,-5,1]
[14641,1089,61,9,1]
[6561,1701,227,21,1]
[6561,891,121,11,1]
[14641,2178,183,18,1]
[4096,-768,-16,43,-1,-3,1]
[16384,1024,261,8,1]
[4096,1024,-144,-93,-9,4,1]
[14641,-2057,202,-17,1]
[256,320,240,140,77,35,15,5,1]
[4096,-256,368,-13,23,-1,1]
[256,128,16,-44,-23,-11,1,2,1]
[4096,-1536,352,-65,22,-6,1]
[729,0,90,-10,10,0,1]
[4096,-512,160,-83,10,-2,1]
[15625,1500,23,12,1]
[4096,-1536,-192,179,-12,-6,1]
[729,324,-27,-52,-3,4,1]
[4096,-2560,1024,-317,64,-10,1]
[4096,2048,784,233,49,8,1]
[14641,484,-16,4,1]
[4096,-2816,864,-203,54,-11,1]
[729,-567,279,-106,31,-7,1]
[4096,1536,-176,-153,-11,6,1]
[14641,0,-195,0,1]
[729,405,27,-26,3,5,1]
[4096,-768,-16,53,-1,-3,1]
[14641,726,200,6,1]
[14641,1815,136,15,1]
[256,-64,64,60,-15,15,4,-1,1]
[14641,-1331,235,-11,1]
[4096,0,160,75,10,0,1]
[625,-100,42,-4,1]
[625,200,47,8,1]
[64,-32,40,-15,10,-2,1]
[4096,-1024,176,1,11,-4,1]
[15625,-125,-188,-1,1]
[4096,64,109,1,1]
[14641,-2420,277,-20,1]
[256,0,-16,12,21,3,-1,0,1]
[729,405,252,88,28,5,1]
[4096,-2048,448,-77,28,-8,1]
[4096,320,-39,5,1]
[4096,-1024,320,-21,20,-4,1]
[14641,-1331,171,-11,1]
[4096,-1280,240,-9,15,-5,1]
[14641,-1452,86,-12,1]
[729,-162,135,-13,15,-2,1]
[4096,-768,288,-105,18,-3,1]
[256,-64,-48,8,3,2,-3,-1,1]
[4096,1280,672,159,42,5,1]
[4096,1280,16,-63,1,5,1]
[4096,-1280,320,-29,20,-5,1]
[4096,-2048,432,-67,27,-8,1]
[4096,-1024,16,39,1,-4,1]
[256,-64,80,-8,17,-2,5,-1,1]
[14641,2783,311,23,1]
[1024,-128,65,-4,1]
[4096,512,80,37,5,2,1]
[256,128,0,12,19,3,0,2,1]
[15625,-125,-181,-1,1]
[256,-128,144,-92,41,-23,9,-2,1]
[14641,-121,-204,-1,1]
[4096,256,-16,-1,-1,1,1]
[729,-486,315,-107,35,-6,1]
[256,0,32,-8,17,-2,2,0,1]
[14641,2662,351,22,1]
[729,81,63,14,7,1,1]
[16384,-1664,203,-13,1]
[4096,-2560,960,-287,60,-10,1]
[512,-128,72,-5,9,-2,1]
[729,324,90,7,10,4,1]
[14641,-3630,421,-30,1]
[15625,-500,223,-4,1]
[4096,-1280,624,-127,39,-5,1]
[729,162,153,29,17,2,1]
[4096,1280,0,-79,0,5,1]
[14641,-1936,122,-16,1]
[6561,0,26,0,1]
[14641,-484,83,-4,1]
[15625,-1875,136,-15,1]
[15625,1125,9,9,1]
[256,64,-32,-24,-1,-6,-2,1,1]
[4096,-1536,432,-123,27,-6,1]
[16384,3072,387,24,1]
[14641,-1815,185,-15,1]
[729,324,-9,-37,-1,4,1]
[4096,-1280,400,-167,25,-5,1]
[4096,2560,1056,299,66,10,1]
[256,-384,272,-116,45,-29,17,-6,1]
[256,256,224,112,65,28,14,4,1]
[6561,-81,-17,-1,1]
[15625,2375,302,19,1]
[4096,0,160,57,10,0,1]
[1024,160,31,5,1]
[14641,363,-148,3,1]
[16384,640,-33,5,1]
[729,-243,49,-9,1]
[4096,512,128,95,8,2,1]
[4096,-256,112,-81,7,-1,1]
[256,-128,0,28,-21,7,0,-2,1]
[729,405,63,5,7,5,1]
[4096,-768,320,-119,20,-3,1]
[4096,2560,800,191,50,10,1]
[16384,-896,261,-7,1]
[14641,242,-188,2,1]
[256,-64,-32,0,5,0,-2,-1,1]
[729,324,-18,-37,-2,4,1]
[14641,-968,34,-8,1]
[625,-150,29,-6,1]
[16384,-128,-5,-1,1]
[4096,-256,32,-59,2,-1,1]
[4096,1024,64,-31,4,4,1]
[4096,768,-64,-33,-4,3,1]
[4096,-1024,-80,93,-5,-4,1]
[15625,0,77,0,1]
[256,0,0,-12,15,-3,0,0,1]
[4096,1280,208,45,13,5,1]
[14641,1089,62,9,1]
[16384,-1920,103,-15,1]
[4096,1024,368,121,23,4,1]
[512,256,192,59,24,4,1]
[729,-405,252,-80,28,-5,1]
[14641,242,81,2,1]
[256,64,128,40,41,10,8,1,1]
[4096,0,64,-79,4,0,1]
[14641,-3025,355,-25,1]
[4096,1280,256,9,16,5,1]
[4096,1792,768,183,48,7,1]
[15625,1250,232,10,1]
[4096,832,85,13,1]
[256,-128,160,-84,51,-21,10,-2,1]
[256,256,208,128,71,32,13,4,1]
[4096,-1024,464,-79,29,-4,1]
[81,27,20,3,1]
[15625,-1000,152,-8,1]
[4096,1024,-16,-77,-1,4,1]
[6561,1701,235,21,1]
[256,128,16,-24,-17,-6,1,2,1]
[4096,-1024,368,-63,23,-4,1]
[729,162,90,31,10,2,1]
[729,-567,324,-125,36,-7,1]
[4096,-768,16,-27,1,-3,1]
[256,-64,32,-12,29,-3,2,-1,1]
[256,320,96,-80,-79,-20,6,5,1]
[15625,250,233,2,1]
[256,64,16,4,7,1,1,1,1]
[729,324,63,22,7,4,1]
[729,-162,27,-16,3,-2,1]
[14641,121,205,1,1]
[1024,-288,81,-9,1]
[729,27,32,1,1]
[15625,3625,416,29,1]
[4096,-512,176,-87,11,-2,1]
[729,243,27,11,3,3,1]
[729,486,306,106,34,6,1]
[4096,768,512,85,32,3,1]
[256,-320,240,-112,53,-28,15,-5,1]
[512,64,8,-17,1,1,1]
[4096,-256,144,-37,9,-1,1]
[4096,-2560,800,-205,50,-10,1]
[16384,896,229,7,1]
[2401,0,-34,0,1]
[729,108,17,4,1]
[256,64,0,24,11,6,0,1,1]
[15625,-3250,376,-26,1]
[729,0,-49,0,1]
[729,-324,198,-70,22,-4,1]
[64,-8,11,-1,1]
[4096,3072,1360,417,85,12,1]
[16384,-768,-85,-6,1]
[512,192,64,-1,8,3,1]
[4096,-2560,1008,-305,63,-10,1]
[15625,-125,83,-1,1]
[14641,3388,417,28,1]
[15625,2125,201,17,1]
[4096,0,-48,-103,-3,0,1]
[4096,-768,96,63,6,-3,1]
[512,128,32,33,4,2,1]
[15625,-2250,199,-18,1]
[4096,512,512,37,32,2,1]
[4096,-1280,400,-115,25,-5,1]
[4096,2048,816,245,51,8,1]
[14641,3025,384,25,1]
[729,0,-9,-19,-1,0,1]
[4096,-768,176,-37,11,-3,1]
[4096,-256,256,-11,16,-1,1]
[256,-192,0,-24,41,-6,0,-3,1]
[4096,256,-80,-13,-5,1,1]
[256,256,208,136,83,34,13,4,1]
[14641,-3630,430,-30,1]
[256,128,112,52,31,13,7,2,1]
[729,-405,135,-31,15,-5,1]
[729,-81,-17,-3,1]
[256,-384,304,-180,93,-45,19,-6,1]
[1024,128,63,4,1]
[256,-64,80,-20,35,-5,5,-1,1]
[729,-486,117,-14,13,-6,1]
[4096,-512,96,-7,6,-2,1]
[14641,726,-46,6,1]
[729,-243,108,-41,12,-3,1]
[4096,-1280,272,-29,17,-5,1]
[2401,343,48,7,1]
[729,324,189,50,21,4,1]
[512,320,168,65,21,5,1]
[4096,-256,224,-1,14,-1,1]
[15625,375,-17,3,1]
[15625,-875,-39,-7,1]
[14641,121,179,1,1]
[512,320,104,31,13,5,1]
[256,192,208,124,73,31,13,3,1]
[4096,3072,1344,405,84,12,1]
[6561,729,109,9,1]
[16384,-1792,227,-14,1]
[729,81,72,-19,8,1,1]
[4096,-768,496,-59,31,-3,1]
[4096,512,144,-11,9,2,1]
[256,-192,112,-44,23,-11,7,-3,1]
[14641,-605,-108,-5,1]
[4096,2048,640,187,40,8,1]
[4096,-256,112,-83,7,-1,1]
[15625,1125,222,9,1]
[14641,-605,235,-5,1]
[15625,875,12,7,1]
[729,0,27,-29,3,0,1]
[4096,-768,80,-43,5,-3,1]
[4096,0,-80,3,-5,0,1]
[4096,1792,864,211,54,7,1]
[14641,726,113,6,1]
[256,0,112,4,35,1,7,0,1]
[256,-192,64,-20,13,-5,4,-3,1]
[4096,3072,1424,417,89,12,1]
[6561,162,2,2,1]
[16384,-2432,187,-19,1]
[6561,-810,181,-10,1]
[4096,-704,155,-11,1]
[256,0,64,-4,3,-1,4,0,1]
[256,64,160,48,49,12,10,1,1]
[6561,81,-71,1,1]
[4096,-512,96,-41,6,-2,1]
[4096,2048,-96,-177,-6,8,1]
[14641,1936,244,16,1]
[512,128,64,-5,8,2,1]
[14641,4477,573,37,1]
[14641,968,95,8,1]
[4096,-512,128,-3,8,-2,1]
[14641,-2420,212,-20,1]
[256,-320,320,-212,121,-53,20,-5,1]
[256,256,192,68,35,17,12,4,1]
[4096,1536,576,155,36,6,1]
[15625,2250,236,18,1]
[4096,0,48,65,3,0,1]
[512,-64,56,-1,7,-1,1]
[16384,1408,213,11,1]
[6561,972,100,12,1]
[4096,-2304,784,-229,49,-9,1]
[256,128,144,68,45,17,9,2,1]
[4096,1536,768,171,48,6,1]
[4096,-1024,432,-61,27,-4,1]
[16384,-2176,133,-17,1]
[4096,1280,368,97,23,5,1]
[4096,512,-32,-97,-2,2,1]
[15625,2000,196,16,1]
[729,-324,126,-58,14,-4,1]
[4096,-3328,1488,-441,93,-13,1]
[512,192,-40,-51,-5,3,1]
[4096,1024,560,89,35,4,1]
[256,-64,48,4,-7,1,3,-1,1]
[6561,-648,127,-8,1]
[729,405,153,40,17,5,1]
[16384,2304,261,18,1]
[14641,-1936,161,-16,1]
[4096,768,352,77,22,3,1]
[2401,-294,101,-6,1]
[4096,-2816,1232,-367,77,-11,1]
[4096,-768,432,-57,27,-3,1]
[729,-243,72,-13,8,-3,1]
[4096,-1792,560,-181,35,-7,1]
[14641,0,-185,0,1]
[256,192,128,68,25,17,8,3,1]
[14641,-1210,32,-10,1]
[15625,1000,159,8,1]
[256,-192,96,-64,37,-16,6,-3,1]
[6561,1458,236,18,1]
[4096,-2304,704,-181,44,-9,1]
[256,192,32,16,21,4,2,3,1]
[512,128,-40,-23,-5,2,1]
[256,128,80,32,25,8,5,2,1]
[4096,-2048,992,-253,62,-8,1]
[2401,0,-37,0,1]
[256,64,16,-16,-27,-4,1,1,1]
[4096,512,256,85,16,2,1]
[15625,2125,256,17,1]
[256,-192,112,-68,33,-17,7,-3,1]
[14641,1694,131,14,1]
[16384,-1280,147,-10,1]
[512,-192,-8,21,-1,-3,1]
[16384,-1280,239,-10,1]
[4096,512,-80,-19,-5,2,1]
[512,0,-24,21,-3,0,1]
[14641,-968,52,-8,1]
[512,64,120,15,15,1,1]
[16384,-640,11,-5,1]
[6561,-243,-2,-3,1]
[4096,1024,336,103,21,4,1]
[4096,256,-160,-59,-10,1,1]
[4096,2304,272,-25,17,9,1]
[4096,-1536,560,-123,35,-6,1]
[16384,1664,247,13,1]
[1024,-128,-7,-4,1]
[625,-100,24,-4,1]
[4096,-256,144,-113,9,-1,1]
[16384,-640,157,-5,1]
[256,64,-16,-8,-15,-2,-1,1,1]
[4096,-1280,448,-63,28,-5,1]
[15625,-750,154,-6,1]
[729,162,189,34,21,2,1]
[4096,2048,960,251,60,8,1]
[4096,1536,352,49,22,6,1]
[4096,-2560,1008,-287,63,-10,1]
[729,243,-18,-40,-2,3,1]
[15625,1125,7,9,1]
[4096,1536,-64,-115,-4,6,1]
[4096,1280,400,63,25,5,1]
[4096,0,-32,-49,-2,0,1]
[4096,256,304,45,19,1,1]
[4096,-512,48,77,3,-2,1]
[729,162,171,40,19,2,1]
[4096,-512,-48,33,-3,-2,1]
[4096,256,272,37,17,1,1]
[15625,750,196,6,1]
[512,64,16,-27,2,1,1]
[4096,-1024,-144,115,-9,-4,1]
[4096,1536,480,83,30,6,1]
[4096,768,352,97,22,3,1]
[15625,-2125,248,-17,1]
[4096,-1024,464,-103,29,-4,1]
[512,-320,96,-27,12,-5,1]
[6561,405,136,5,1]
[14641,1210,54,10,1]
[2401,539,114,11,1]
[256,-256,64,40,-39,10,4,-4,1]
[14641,484,118,4,1]
[4096,1280,352,49,22,5,1]
[16384,512,-91,4,1]
[2401,196,52,4,1]
[16384,-2816,291,-22,1]
[256,384,256,112,49,28,16,6,1]
[4096,-3072,1232,-353,77,-12,1]
[512,64,16,37,2,1,1]
[4096,-768,112,-35,7,-3,1]
[512,-64,48,-19,6,-1,1]
[16384,-128,65,-1,1]
[15625,-1375,128,-11,1]
[512,64,-56,-17,-7,1,1]
[512,256,-40,-55,-5,4,1]
[4096,256,16,-5,1,1,1]
[15625,750,92,6,1]
[14641,1573,163,13,1]
[15625,2000,148,16,1]
[4096,-1280,112,1,7,-5,1]
[2401,-1176,239,-24,1]
[256,128,80,12,13,3,5,2,1]
[14641,-363,174,-3,1]
[4096,768,368,15,23,3,1]
[15625,750,239,6,1]
[729,-162,27,-14,3,-2,1]
[15625,625,232,5,1]
[512,384,184,73,23,6,1]
[256,192,176,100,63,25,11,3,1]
[4096,768,208,-21,13,3,1]
[512,64,8,-13,1,1,1]
[4096,384,31,6,1]
[4096,1792,688,205,43,7,1]
[4096,-1280,336,-39,21,-5,1]
[6561,567,-25,7,1]
[256,-64,128,-32,47,-8,8,-1,1]
[4096,1792,432,83,27,7,1]
[512,0,32,11,4,0,1]
[16384,0,45,0,1]
[256,-256,96,40,-43,10,6,-4,1]
[256,-128,144,-64,53,-16,9,-2,1]
[256,-192,0,12,7,3,0,-3,1]
[4096,-1536,768,-165,48,-6,1]
[4096,-768,64,55,4,-3,1]
[14641,484,-80,4,1]
[256,0,-64,12,19,3,-4,0,1]
[15625,-250,-183,-2,1]
[4096,512,160,49,10,2,1]
[14641,-2420,210,-20,1]
[729,-81,27,-34,3,-1,1]
[15625,-125,216,-1,1]
[2401,196,-18,4,1]
[4096,256,336,5,21,1,1]
[4096,256,592,41,37,1,1]
[4096,2560,704,155,44,10,1]
[2401,49,-26,1,1]
[729,0,-45,-8,-5,0,1]
[4096,512,176,-3,11,2,1]
[15625,-125,203,-1,1]
[14641,0,172,0,1]
[15625,-1000,-67,-8,1]
[4096,2304,816,213,51,9,1]
[4096,256,160,11,10,1,1]
[729,486,216,88,24,6,1]
[512,0,-8,-33,-1,0,1]
[4096,-256,64,41,4,-1,1]
[729,-567,315,-121,35,-7,1]
[256,-32,-9,-2,1]
[4096,512,128,7,8,2,1]
[16384,-2048,299,-16,1]
[4096,-1280,400,-159,25,-5,1]
[4096,-256,-224,43,-14,-1,1]
[4096,704,79,11,1]
[15625,2500,303,20,1]
[256,0,-16,-12,13,-3,-1,0,1]
[729,486,180,65,20,6,1]
[14641,0,197,0,1]
[625,125,18,5,1]
[729,405,216,64,24,5,1]
[15625,-1750,214,-14,1]
[4096,1792,64,-69,4,7,1]
[4096,1024,352,55,22,4,1]
[4096,768,288,53,18,3,1]
[4096,-1280,320,-41,20,-5,1]
[4096,-768,-144,41,-9,-3,1]
[512,-64,72,3,9,-1,1]
[15625,2250,258,18,1]
[2401,588,96,12,1]
[4096,1280,-32,-63,-2,5,1]
[625,-175,27,-7,1]
[4096,-768,448,-103,28,-3,1]
[14641,968,224,8,1]
[4096,1280,144,-33,9,5,1]
[256,192,128,72,31,18,8,3,1]
[4096,256,80,79,5,1,1]
[16384,-128,55,-1,1]
[4096,-2816,992,-261,62,-11,1]
[256,-256,80,12,-15,3,5,-4,1]
[4096,-2304,928,-245,58,-9,1]
[4096,-256,80,-67,5,-1,1]
[4096,-1024,544,-129,34,-4,1]
[4096,2048,688,203,43,8,1]
[4096,-512,192,-55,12,-2,1]
[256,64,48,20,9,5,3,1,1]
[729,0,0,-52,0,0,1]
[4096,-512,176,-9,11,-2,1]
[256,192,128,56,27,14,8,3,1]
[14641,-1452,61,-12,1]
[729,243,90,14,10,3,1]
[4096,1280,592,103,37,5,1]
[14641,726,124,6,1]
[14641,-2299,281,-19,1]
[4096,-512,-48,-5,-3,-2,1]
[2401,-441,88,-9,1]
[256,-192,48,-16,17,-4,3,-3,1]
[4096,2304,912,251,57,9,1]
[4096,2816,1024,279,64,11,1]
[256,-128,96,-8,15,-2,6,-2,1]
[16384,512,-155,4,1]
[16384,-896,219,-7,1]
[512,-192,32,13,4,-3,1]
[15625,3250,374,26,1]
[729,162,-9,1,-1,2,1]
[256,0,-32,-4,13,-1,-2,0,1]
[4096,-2304,720,-167,45,-9,1]
[4096,256,192,71,12,1,1]
[4096,1536,560,185,35,6,1]
[512,0,56,-13,7,0,1]
[512,256,192,55,24,4,1]
[2401,196,65,4,1]
[256,128,64,16,15,4,4,2,1]
[512,384,224,93,28,6,1]
[4096,1280,528,125,33,5,1]
[256,320,192,76,31,19,12,5,1]
[4096,-1280,640,-137,40,-5,1]
[4096,512,416,77,26,2,1]
[729,-81,-54,1,-6,-1,1]
[4096,-1536,512,-191,32,-6,1]
[256,384,384,268,151,67,24,6,1]
[4096,512,192,111,12,2,1]
[4096,3584,1680,505,105,14,1]
[4096,1024,288,21,18,4,1]
[256,128,32,8,7,2,2,2,1]
[14641,2178,161,18,1]
[4096,-256,-48,115,-3,-1,1]
[256,64,48,-16,3,-4,3,1,1]
[15625,1375,262,11,1]
[512,-128,48,-15,6,-2,1]
[256,-64,96,32,7,8,6,-1,1]
[4096,-512,96,-103,6,-2,1]
[256,0,16,-24,1,-6,1,0,1]
[729,-162,117,-31,13,-2,1]
[512,-256,136,-35,17,-4,1]
[4096,1792,720,175,45,7,1]
[2401,686,103,14,1]
[4096,768,32,-19,2,3,1]
[4096,768,272,-9,17,3,1]
[729,0,-27,2,-3,0,1]
[512,-256,64,-25,8,-4,1]
[16384,1024,33,8,1]
[4096,-768,448,-33,28,-3,1]
[256,-64,-112,16,25,4,-7,-1,1]
[2401,-490,100,-10,1]
[4096,-512,80,-33,5,-2,1]
[256,64,64,-36,-1,-9,4,1,1]
[4096,2048,832,209,52,8,1]
[4096,-2048,528,-111,33,-8,1]
[14641,-2662,266,-22,1]
[256,128,32,12,17,3,2,2,1]
[4096,-512,16,-59,1,-2,1]
[256,320,160,28,-3,7,10,5,1]
[14641,1210,58,10,1]
[4096,1024,832,129,52,4,1]
[4096,-1536,416,-135,26,-6,1]
[4096,2304,592,133,37,9,1]
[2401,294,48,6,1]
[256,-128,64,28,-15,7,4,-2,1]
[729,405,180,77,20,5,1]
[4096,512,192,31,12,2,1]
[4096,1024,320,127,20,4,1]
[4096,-768,464,-85,29,-3,1]
[256,192,192,96,59,24,12,3,1]
[15625,750,7,6,1]
[15625,-1000,-34,-8,1]
[15625,-1000,231,-8,1]
[256,-128,48,28,-19,7,3,-2,1]
[256,0,-16,16,1,4,-1,0,1]
[4096,-1536,288,-17,18,-6,1]
[4096,1280,144,25,9,5,1]
[14641,-1089,205,-9,1]
[729,0,-9,-26,-1,0,1]
[729,-162,-9,8,-1,-2,1]
[4096,256,288,77,18,1,1]
[4096,1792,48,-83,3,7,1]
[4096,2560,784,199,49,10,1]
[625,-150,26,-6,1]
[4096,-1792,576,-135,36,-7,1]
[256,64,80,16,11,4,5,1,1]
[4096,-1536,544,-133,34,-6,1]
[6561,648,26,8,1]
[729,-243,36,-10,4,-3,1]
[4096,-256,-128,15,-8,-1,1]
[14641,-968,156,-8,1]
[15625,-2625,291,-21,1]
[729,-81,9,34,1,-1,1]
[4096,-512,304,19,19,-2,1]
[15625,-250,216,-2,1]
[4096,-512,64,-15,4,-2,1]
[256,-64,32,-24,17,-6,2,-1,1]
[4096,2816,864,199,54,11,1]
[4096,256,48,-77,3,1,1]
[4096,-1280,48,37,3,-5,1]
[4096,-1024,384,-85,24,-4,1]
[4096,0,-96,51,-6,0,1]
[4096,256,560,17,35,1,1]
[256,64,0,8,21,2,0,1,1]
[4096,512,304,45,19,2,1]
[4096,-768,-96,21,-6,-3,1]
[4096,1024,160,27,10,4,1]
[4096,768,-96,-35,-6,3,1]
[4096,-768,480,-93,30,-3,1]
[256,64,64,48,13,12,4,1,1]
[64,-32,16,-3,4,-2,1]
[256,-192,144,-44,27,-11,9,-3,1]
[256,256,176,112,57,28,11,4,1]
[4096,-192,93,-3,1]
[729,-243,189,-46,21,-3,1]
[14641,-2420,296,-20,1]
[4096,1024,336,95,21,4,1]
[4096,-448,19,-7,1]
[15625,-2125,217,-17,1]
[256,128,128,48,37,12,8,2,1]
[4096,-2048,480,-109,30,-8,1]
[15625,3250,349,26,1]
[512,-256,112,-33,14,-4,1]
[256,-64,-64,20,7,5,-4,-1,1]
[14641,-1089,65,-9,1]
[4096,-256,560,-25,35,-1,1]
[4096,-2304,400,-31,25,-9,1]
[14641,121,-34,1,1]
[256,-256,64,36,-31,9,4,-4,1]
[256,192,80,8,-9,2,5,3,1]
[16384,2816,337,22,1]
[4096,-1280,592,-121,37,-5,1]
[1024,-320,67,-10,1]
[256,-64,0,12,-9,3,0,-1,1]
[512,-192,40,-3,5,-3,1]
[256,-192,32,20,-11,5,2,-3,1]
[256,192,64,-16,-25,-4,4,3,1]
[4096,2304,976,257,61,9,1]
[729,-567,243,-89,27,-7,1]
[4096,512,416,29,26,2,1]
[15625,1000,32,8,1]
[16384,-1024,15,-8,1]
[2401,294,92,6,1]
[256,128,16,20,13,5,1,2,1]
[2401,882,171,18,1]
[256,-128,0,32,-19,8,0,-2,1]
[512,384,128,39,16,6,1]
[256,128,192,76,69,19,12,2,1]
[14641,-605,60,-5,1]
[4096,-256,208,-67,13,-1,1]
[15625,2000,258,16,1]
[256,-64,16,-12,11,-3,1,-1,1]
[4096,-512,-80,15,-5,-2,1]
[6561,1539,182,19,1]
[4096,2048,816,249,51,8,1]
[729,162,-54,-44,-6,2,1]
[4096,0,-96,-31,-6,0,1]
[256,192,224,112,77,28,14,3,1]
[16384,2304,227,18,1]
[14641,242,-138,2,1]
[16384,1408,85,11,1]
[256,-128,32,12,-19,3,2,-2,1]
[14641,2420,283,20,1]
[256,64,0,4,19,1,0,1,1]
[4096,512,176,17,11,2,1]
[256,64,32,-24,-15,-6,2,1,1]
[256,192,96,76,51,19,6,3,1]
[4096,2048,1008,255,63,8,1]
[256,-64,96,-32,31,-8,6,-1,1]
[16384,-512,69,-4,1]
[16384,-2944,307,-23,1]
[256,192,80,36,27,9,5,3,1]
[14641,2783,272,23,1]
[15625,-2750,287,-22,1]
[4096,-512,16,-57,1,-2,1]
[4096,0,288,-25,18,0,1]
[4096,768,128,89,8,3,1]
[256,-64,-16,12,3,3,-1,-1,1]
[4096,768,304,131,19,3,1]
[4096,1024,160,25,10,4,1]
[14641,-242,-193,-2,1]
[6561,648,166,8,1]
[4096,3072,1248,351,78,12,1]
[4096,1536,257,24,1]
[256,-128,160,-76,53,-19,10,-2,1]
[4096,512,240,63,15,2,1]
[729,-243,216,-53,24,-3,1]
[256,-192,144,-68,33,-17,9,-3,1]
[256,-64,208,-40,73,-10,13,-1,1]
[512,-128,24,-27,3,-2,1]
[14641,-1815,244,-15,1]
[256,256,160,52,23,13,10,4,1]
[15625,625,169,5,1]
[729,81,-9,16,-1,1,1]
[15625,-1500,257,-12,1]
[4096,0,-48,-97,-3,0,1]
[729,81,-27,-38,-3,1,1]
[4096,-1024,288,-113,18,-4,1]
[4096,-256,64,-35,4,-1,1]
[14641,-242,-41,-2,1]
[15625,-1750,72,-14,1]
[16384,768,203,6,1]
[4096,2048,736,195,46,8,1]
[256,-192,0,36,-17,9,0,-3,1]
[14641,1331,235,11,1]
[15625,-1250,39,-10,1]
[256,256,64,0,1,0,4,4,1]
[4096,-2560,1136,-321,71,-10,1]
[15625,375,116,3,1]
[729,-81,99,8,11,-1,1]
[4096,-512,304,-71,19,-2,1]
[729,-81,18,10,2,-1,1]
[256,-192,208,-124,75,-31,13,-3,1]
[4096,-256,240,41,15,-1,1]
[729,405,104,15,1]
[256,128,0,16,27,4,0,2,1]
[4096,1280,576,151,36,5,1]
[729,81,32,3,1]
[16384,-2304,223,-18,1]
[6561,-891,52,-11,1]
[4096,256,-48,-109,-3,1,1]
[16384,-3712,409,-29,1]
[256,-64,80,-44,21,-11,5,-1,1]
[256,-320,272,-172,95,-43,17,-5,1]
[256,0,16,-36,7,-9,1,0,1]
[256,0,80,8,33,2,5,0,1]
[4096,256,-192,-63,-12,1,1]
[16384,128,-105,1,1]
[4096,-512,48,79,3,-2,1]
[15625,1875,98,15,1]
[4096,768,-128,-89,-8,3,1]
[256,384,320,200,107,50,20,6,1]
[256,128,32,-28,-27,-7,2,2,1]
[4096,1536,688,167,43,6,1]
[16384,-2048,315,-16,1]
[16384,-512,-165,-4,1]
[6561,-1863,290,-23,1]
[14641,121,-114,1,1]
[16384,-1792,255,-14,1]
[256,256,192,128,79,32,12,4,1]
[4096,1280,-80,-91,-5,5,1]
[15625,1375,137,11,1]
[4096,-256,128,47,8,-1,1]
[4096,-1024,-144,113,-9,-4,1]
[4096,-2304,896,-285,56,-9,1]
[4096,-1536,400,-77,25,-6,1]
[4096,1280,496,97,31,5,1]
[256,192,80,40,25,10,5,3,1]
[256,64,48,-48,-19,-12,3,1,1]
[4096,-64,121,-1,1]
[14641,-968,53,-8,1]
[256,192,48,-36,-37,-9,3,3,1]
[14641,-121,-175,-1,1]
[256,-64,16,12,-9,3,1,-1,1]
[256,64,128,28,39,7,8,1,1]
[15625,3000,323,24,1]
[4096,-3328,1616,-485,101,-13,1]
[2401,784,132,16,1]
[2401,490,89,10,1]
[6561,0,67,0,1]
[4096,-2560,496,-55,31,-10,1]
[4096,384,39,6,1]
[4096,1024,400,85,25,4,1]
[16384,384,-71,3,1]
[4096,1792,656,225,41,7,1]
[256,0,16,24,-7,6,1,0,1]
[14641,-363,122,-3,1]
[4096,-1536,336,-75,21,-6,1]
[256,-128,48,-12,9,-3,3,-2,1]
[256,-64,-16,4,7,1,-1,-1,1]
[512,-512,352,-143,44,-8,1]
[4096,2048,656,167,41,8,1]
[15625,1875,236,15,1]
[14641,363,-112,3,1]
[512,192,-8,-13,-1,3,1]
[15625,2500,274,20,1]
[4096,0,-80,-85,-5,0,1]
[15625,-1125,56,-9,1]
[14641,-1694,199,-14,1]
[4096,768,224,37,14,3,1]
[4096,1536,400,57,25,6,1]
[256,0,32,-28,-13,-7,2,0,1]
[15625,1625,141,13,1]
[4096,2304,976,267,61,9,1]
[4096,-768,144,23,9,-3,1]
[512,-192,192,-45,24,-3,1]
[256,-192,96,-68,39,-17,6,-3,1]
[512,-320,224,-75,28,-5,1]
[4096,-512,-96,117,-6,-2,1]
[4096,1024,192,49,12,4,1]
[256,128,80,0,-3,0,5,2,1]
[4096,-1280,320,-89,20,-5,1]
[14641,-2541,314,-21,1]
[4096,1792,544,129,34,7,1]
[4096,768,176,27,11,3,1]
[16384,128,93,1,1]
[4096,2560,832,221,52,10,1]
[14641,2904,321,24,1]
[14641,-605,-69,-5,1]
[2401,0,75,0,1]
[256,128,48,-40,-23,-10,3,2,1]
[15625,1875,179,15,1]
[4096,2560,976,273,61,10,1]
[4096,0,97,0,1]
[4096,256,48,5,3,1,1]
[4096,-256,64,63,4,-1,1]
[4096,2816,1168,347,73,11,1]
[15625,500,239,4,1]
[4096,1536,592,195,37,6,1]
[4096,512,-112,-63,-7,2,1]
[729,324,225,62,25,4,1]
[14641,3025,339,25,1]
[729,81,162,13,18,1,1]
[14641,726,21,6,1]
[4096,1024,-48,-53,-3,4,1]
[15625,2125,321,17,1]
[4096,0,384,-45,24,0,1]
[14641,-968,4,-8,1]
[15625,1125,108,9,1]
[256,-448,448,-316,177,-79,28,-7,1]
[256,128,32,0,-15,0,2,2,1]
[4096,768,688,91,43,3,1]
[4096,128,25,2,1]
[256,-64,96,-24,37,-6,6,-1,1]
[4096,3584,1552,455,97,14,1]
[256,-64,35,-4,1]
[256,256,176,112,63,28,11,4,1]
[256,0,0,24,15,6,0,0,1]
[14641,2904,373,24,1]
[15625,-1625,78,-13,1]
[6561,-810,50,-10,1]
[512,192,-40,-47,-5,3,1]
[6561,567,133,7,1]
[512,128,24,23,3,2,1]
[256,64,96,52,17,13,6,1,1]
[729,324,108,52,12,4,1]
[4096,1280,336,87,21,5,1]
[4096,-192,-23,-3,1]
[15625,1625,201,13,1]
[14641,242,164,2,1]
[4096,1024,-144,-135,-9,4,1]
[256,-64,64,-28,19,-7,4,-1,1]
[125,18,1]
[14641,-968,-47,-8,1]
[16384,1152,217,9,1]
[256,0,48,0,27,0,3,0,1]
[16384,-3200,357,-25,1]
[64,-32,12,-5,3,-2,1]
[729,324,144,68,16,4,1]
[16384,-2816,335,-22,1]
[256,0,-16,-4,11,-1,-1,0,1]
[2401,-49,-3,-1,1]
[729,81,0,-35,0,1,1]
[4096,1280,608,135,38,5,1]
[4096,0,128,-49,8,0,1]
[4096,-256,112,83,7,-1,1]
[4096,1024,192,31,12,4,1]
[16384,-128,-39,-1,1]
[729,297,74,11,1]
[16384,1664,139,13,1]
[4096,0,160,-33,10,0,1]
[15625,4000,504,32,1]
[14641,968,139,8,1]
[256,0,128,-8,39,-2,8,0,1]
[256,-128,96,-52,23,-13,6,-2,1]
[4096,-768,128,53,8,-3,1]
[4096,3072,1184,321,74,12,1]
[15625,-4000,466,-32,1]
[4096,-2816,928,-233,58,-11,1]
[4096,2560,960,273,60,10,1]
[4096,-512,208,9,13,-2,1]
[16384,128,-9,1,1]
[16384,-2560,287,-20,1]
[729,891,549,220,61,11,1]
[256,192,128,64,27,16,8,3,1]
[4096,-768,256,-129,16,-3,1]
[16384,1280,175,10,1]
[512,-320,136,-51,17,-5,1]
[4096,-1792,528,-163,33,-7,1]
[4096,-1792,-240,217,-15,-7,1]
[4096,1280,-32,-85,-2,5,1]
[14641,-1815,224,-15,1]
[14641,121,238,1,1]
[16384,128,37,1,1]
[4096,0,96,-103,6,0,1]
[15625,750,258,6,1]
[512,64,0,-11,0,1,1]
[4096,-512,160,-7,10,-2,1]
[4096,2048,576,113,36,8,1]
[512,-128,-24,35,-3,-2,1]
[6561,1377,152,17,1]
[512,-192,64,-5,8,-3,1]
[16384,1536,17,12,1]
[729,81,-18,-40,-2,1,1]
[6561,81,-124,1,1]
[4096,-1024,32,65,2,-4,1]
[4096,-1536,257,-24,1]
[256,-64,48,-32,9,-8,3,-1,1]
[729,-243,153,-25,17,-3,1]
[15625,-1000,58,-8,1]
[256,-64,48,-16,-7,-4,3,-1,1]
[4096,1792,816,209,51,7,1]
[15625,125,-218,1,1]
[15625,-1000,217,-8,1]
[16384,-1152,117,-9,1]
[256,-64,48,-40,23,-10,3,-1,1]
[64,16,8,3,2,1,1]
[14641,-1815,228,-15,1]
[14641,-726,186,-6,1]
[14641,1573,141,13,1]
[15625,1500,271,12,1]
[729,567,117,5,13,7,1]
[4096,-256,-16,-3,-1,-1,1]
[64,64,48,29,12,4,1]
[729,-486,180,-49,20,-6,1]
[256,192,64,-20,-23,-5,4,3,1]
[15625,-1500,81,-12,1]
[16384,384,203,3,1]
[256,64,16,4,-3,1,1,1,1]
[256,-320,304,-200,111,-50,19,-5,1]
[256,-128,160,-56,51,-14,10,-2,1]
[14641,2662,316,22,1]
[4096,-768,96,53,6,-3,1]
[4096,1280,384,51,24,5,1]
[16384,768,253,6,1]
[4096,0,320,-49,20,0,1]
[4096,2560,528,71,33,10,1]
[256,-128,80,-56,23,-14,5,-2,1]
[4096,-1536,-112,139,-7,-6,1]
[4096,-512,416,-55,26,-2,1]
[15625,250,156,2,1]
[4096,2048,752,215,47,8,1]
[512,64,16,-15,2,1,1]
[16384,-1024,3,-8,1]
[4096,-512,400,-17,25,-2,1]
[14641,-968,3,-8,1]
[64,-80,72,-41,18,-5,1]
[4096,-512,176,-43,11,-2,1]
[2401,-392,93,-8,1]
[4096,-3072,1232,-351,77,-12,1]
[4096,-3328,1472,-435,92,-13,1]
[4096,-512,208,-33,13,-2,1]
[14641,-121,-39,-1,1]
[4096,1536,32,-63,2,6,1]
[4096,192,29,3,1]
[4096,256,80,-45,5,1,1]
[4096,-2816,1056,-291,66,-11,1]
[6561,-810,49,-10,1]
[14641,726,182,6,1]
[512,192,112,27,14,3,1]
[14641,1331,111,11,1]
[15625,625,-134,5,1]
[16384,-256,251,-2,1]
[729,243,153,47,17,3,1]
[4096,768,64,-57,4,3,1]
[6561,324,22,4,1]
[4096,-256,16,-3,1,-1,1]
[256,-256,64,44,-39,11,4,-4,1]
[4096,-1280,352,-43,22,-5,1]
[15625,625,74,5,1]
[512,-192,24,11,3,-3,1]
[4096,2304,784,199,49,9,1]
[256,0,-16,12,13,3,-1,0,1]
[512,-64,32,-27,4,-1,1]
[4096,-768,608,-97,38,-3,1]
[4096,-640,55,-10,1]
[729,0,153,-4,17,0,1]
[729,-81,72,-32,8,-1,1]
[15625,-1250,104,-10,1]
[4096,-1536,528,-173,33,-6,1]
[256,-320,256,-180,103,-45,16,-5,1]
[4096,-1024,288,-77,18,-4,1]
[14641,-968,36,-8,1]
[4096,-1024,-64,63,-4,-4,1]
[4096,-512,-112,89,-7,-2,1]
[16384,-1536,139,-12,1]
[16384,-384,-13,-3,1]
[4096,256,-112,-5,-7,1,1]
[16384,-1280,71,-10,1]
[729,486,162,43,18,6,1]
[16384,-4224,517,-33,1]
[4096,1536,16,-89,1,6,1]
[729,81,9,-20,1,1,1]
[15625,-1375,278,-11,1]
[4096,256,176,-53,11,1,1]
[256,-64,64,-44,17,-11,4,-1,1]
[4096,-1024,304,-19,19,-4,1]
[15625,-1250,94,-10,1]
[4096,3328,1360,391,85,13,1]
[14641,-3146,353,-26,1]
[4096,1792,-32,-119,-2,7,1]
[256,64,0,-28,-13,-7,0,1,1]
[15625,2250,192,18,1]
[729,-729,360,-128,40,-9,1]
[729,-486,279,-92,31,-6,1]
[14641,-242,235,-2,1]
[64,-16,-12,5,-3,-1,1]
[256,-128,64,-44,33,-11,4,-2,1]
[6561,729,40,9,1]
[729,729,405,160,45,9,1]
[4096,-256,-80,117,-5,-1,1]
[512,0,-16,5,-2,0,1]
[4096,-512,160,-77,10,-2,1]
[4096,1792,-144,-175,-9,7,1]
[729,-108,46,-4,1]
[14641,-605,124,-5,1]
[4096,1280,240,59,15,5,1]
[4096,-512,112,-5,7,-2,1]
[4096,256,192,23,12,1,1]
[15625,2750,251,22,1]
[16384,1792,259,14,1]
[4096,2304,688,177,43,9,1]
[4096,1280,64,-7,4,5,1]
[4096,-256,576,-21,36,-1,1]
[256,0,16,12,1,3,1,0,1]
[512,64,56,31,7,1,1]
[16384,-512,-7,-4,1]
[16384,2816,373,22,1]
[4096,2816,1056,299,66,11,1]
[512,-128,32,-27,4,-2,1]
[14641,-3388,391,-28,1]
[256,-256,128,-52,29,-13,8,-4,1]
[256,0,32,-4,17,-1,2,0,1]
[6561,243,46,3,1]
[15625,-1750,177,-14,1]
[6561,324,23,4,1]
[4096,1280,256,1,16,5,1]
[729,81,0,-4,0,1,1]
[4096,1536,432,87,27,6,1]
[512,-192,104,-35,13,-3,1]
[15625,-750,24,-6,1]
[4096,-1536,656,-163,41,-6,1]
[16384,1280,255,10,1]
[4096,1536,-32,-103,-2,6,1]
[256,192,80,16,9,4,5,3,1]
[14641,-2662,261,-22,1]
[15625,-2250,218,-18,1]
[4096,1024,416,111,26,4,1]
[512,-64,40,-19,5,-1,1]
[4096,-1792,288,-47,18,-7,1]
[15625,-2000,124,-16,1]
[15625,-2375,176,-19,1]
[15625,-3000,367,-24,1]
[16384,-512,27,-4,1]
[512,-128,144,-25,18,-2,1]
[6561,243,157,3,1]
[256,0,-80,-8,29,-2,-5,0,1]
[4096,-768,480,-77,30,-3,1]
[4096,-2560,1168,-333,73,-10,1]
[4096,-1536,96,29,6,-6,1]
[4096,-768,624,-95,39,-3,1]
[4096,-1024,272,-43,17,-4,1]
[256,64,144,52,43,13,9,1,1]
[4096,768,480,55,30,3,1]
[14641,-1331,92,-11,1]
[512,-128,-16,21,-2,-2,1]
[14641,1331,74,11,1]
[4096,1536,560,129,35,6,1]
[4096,-1536,688,-183,43,-6,1]
[256,-64,64,-36,5,-9,4,-1,1]
[4096,0,96,91,6,0,1]
[2401,98,-55,2,1]
[729,324,-36,-58,-4,4,1]
[4096,-2816,800,-171,50,-11,1]
[4096,256,128,99,8,1,1]
[512,-256,88,-27,11,-4,1]
[16384,-128,75,-1,1]
[4096,1280,752,159,47,5,1]
[256,256,160,100,55,25,10,4,1]
[1024,-256,47,-8,1]
[256,64,32,16,-1,4,2,1,1]
[512,-128,96,-13,12,-2,1]
[16384,0,5,0,1]
[15625,1875,167,15,1]
[256,0,0,4,-15,1,0,0,1]
[4096,768,416,33,26,3,1]
[4096,-256,96,-3,6,-1,1]
[4096,-512,352,5,22,-2,1]
[512,-128,-8,11,-1,-2,1]
[64,0,-4,7,-1,0,1]
[4096,2304,816,227,51,9,1]
[14641,605,-122,5,1]
[256,-64,-32,16,5,4,-2,-1,1]
[16384,-640,229,-5,1]
[16384,-1792,273,-14,1]
[6561,-405,-29,-5,1]
[4096,0,624,5,39,0,1]
[15625,-375,-132,-3,1]
[4096,-512,32,19,2,-2,1]
[4096,1792,112,-53,7,7,1]
[4096,1024,176,11,11,4,1]
[729,405,63,-8,7,5,1]
[256,-128,192,-88,65,-22,12,-2,1]
[4096,1536,320,47,20,6,1]
[256,192,144,100,55,25,9,3,1]
[4096,-1792,-16,105,-1,-7,1]
[4096,-2560,1072,-313,67,-10,1]
[4096,-512,139,-8,1]
[512,384,64,-9,8,6,1]
[729,-324,171,-65,19,-4,1]
[15625,1375,124,11,1]
[4096,256,192,103,12,1,1]
[729,648,198,41,22,8,1]
[4096,0,16,-75,1,0,1]
[14641,-484,-19,-4,1]
[729,135,52,5,1]
[4096,-3840,1744,-515,109,-15,1]
[256,-64,32,24,-13,6,2,-1,1]
[256,64,-64,-16,7,-4,-4,1,1]
[4096,-1024,368,-79,23,-4,1]
[15625,1750,126,14,1]
[6561,891,160,11,1]
[16384,-896,133,-7,1]
[16384,1664,201,13,1]
[4096,1024,-112,-61,-7,4,1]
[16384,-2432,233,-19,1]
[4096,0,208,-77,13,0,1]
[16384,-768,-5,-6,1]
[1024,64,-11,2,1]
[4096,-1024,64,9,4,-4,1]
[256,128,128,60,47,15,8,2,1]
[256,-192,160,-56,37,-14,10,-3,1]
[4096,256,368,31,23,1,1]
[6561,-405,14,-5,1]
[256,128,32,-32,-23,-8,2,2,1]
[256,-192,96,-72,41,-18,6,-3,1]
[4096,512,-16,21,-1,2,1]
[14641,605,72,5,1]
[4096,1792,496,129,31,7,1]
[4096,0,48,-21,3,0,1]
[6561,-81,-128,-1,1]
[512,-128,64,-37,8,-2,1]
[2401,-735,120,-15,1]
[6561,324,154,4,1]
[4096,-192,91,-3,1]
[4096,-1024,352,-25,22,-4,1]
[16384,-128,163,-1,1]
[512,0,-16,23,-2,0,1]
[512,-128,64,-17,8,-2,1]
[512,-256,64,-7,8,-4,1]
[14641,0,184,0,1]
[14641,-968,204,-8,1]
[256,0,16,-32,7,-8,1,0,1]
[4096,1792,528,139,33,7,1]
[256,-320,192,-68,25,-17,12,-5,1]
[14641,1452,224,12,1]
[4096,0,112,-29,7,0,1]
[4096,1536,480,149,30,6,1]
[729,-324,-27,49,-3,-4,1]
[729,-567,153,-28,17,-7,1]
[256,0,-16,4,-11,1,-1,0,1]
[4096,-512,320,-45,20,-2,1]
[256,-192,16,44,-33,11,1,-3,1]
[4096,-1280,256,-29,16,-5,1]
[729,405,189,70,21,5,1]
[4096,-1024,-160,135,-10,-4,1]
[2401,-98,48,-2,1]
[4096,0,368,11,23,0,1]
[4096,1024,416,95,26,4,1]
[4096,-1024,272,-125,17,-4,1]
[14641,3751,461,31,1]
[2401,686,113,14,1]
[4096,0,32,-61,2,0,1]
[256,0,144,0,43,0,9,0,1]
[4096,-1280,-208,141,-13,-5,1]
[6561,-2187,325,-27,1]
[15625,-625,241,-5,1]
[729,-324,135,-28,15,-4,1]
[512,-64,16,13,2,-1,1]
[256,-128,96,-76,33,-19,6,-2,1]
[256,-256,112,-16,1,-4,7,-4,1]
[729,81,135,-2,15,1,1]
[4096,1280,432,167,27,5,1]
[14641,-2057,167,-17,1]
[15625,-1750,208,-14,1]
[4096,-192,75,-3,1]
[256,0,48,16,21,4,3,0,1]
[6561,81,46,1,1]
[256,-192,112,-60,33,-15,7,-3,1]
[14641,484,189,4,1]
[4096,1792,224,-13,14,7,1]
[14641,-2299,189,-19,1]
[4096,-64,-39,-1,1]
[729,324,72,-2,8,4,1]
[14641,3509,419,29,1]
[4096,-256,0,-49,0,-1,1]
[4096,-3584,1392,-375,87,-14,1]
[6561,-1458,197,-18,1]
[256,-128,64,4,-9,1,4,-2,1]
[512,0,8,-29,1,0,1]
[4096,-1280,416,-155,26,-5,1]
[729,-243,-45,46,-5,-3,1]
[15625,-625,77,-5,1]
[1024,-128,51,-4,1]
[512,448,184,61,23,7,1]
[15625,-125,-123,-1,1]
[6561,486,-44,6,1]
[2401,539,71,11,1]
[729,0,32,0,1]
[4096,0,-96,-55,-6,0,1]
[14641,968,2,8,1]
[4096,1536,-208,-185,-13,6,1]
[16384,896,145,7,1]
[14641,-1331,215,-11,1]
[16384,-512,177,-4,1]
[4096,-2560,1200,-331,75,-10,1]
[14641,2420,335,20,1]
[4096,-768,-112,127,-7,-3,1]
[16384,-1024,17,-8,1]
[256,128,96,68,33,17,6,2,1]
[729,0,54,-20,6,0,1]
[4096,-2048,576,-159,36,-8,1]
[4096,256,-32,17,-2,1,1]
[4096,1792,784,181,49,7,1]
[2401,343,61,7,1]
[256,-64,32,16,-1,4,2,-1,1]
[256,128,96,28,23,7,6,2,1]
[4096,-1536,-224,189,-14,-6,1]
[4096,1024,560,131,35,4,1]
[256,-64,48,-4,-9,-1,3,-1,1]
[16384,-3328,359,-26,1]
[256,-64,80,-64,19,-16,5,-1,1]
[4096,1536,304,51,19,6,1]
[4096,-512,192,-113,12,-2,1]
[15625,-2750,277,-22,1]
[4096,1536,288,61,18,6,1]
[6561,-891,38,-11,1]
[14641,-2904,325,-24,1]
[256,384,288,160,81,40,18,6,1]
[4096,512,480,35,30,2,1]
[729,-648,306,-106,34,-8,1]
[729,-243,-45,43,-5,-3,1]
[256,128,224,80,79,20,14,2,1]
[729,81,9,31,1,1,1]
[4096,-2560,1040,-281,65,-10,1]
[4096,768,-240,-91,-15,3,1]
[15625,1875,187,15,1]
[6561,-81,62,-1,1]
[14641,1694,250,14,1]
[4096,-1280,176,-43,11,-5,1]
[6561,-162,-92,-2,1]
[729,162,18,14,2,2,1]
[14641,-3509,419,-29,1]
[512,384,136,45,17,6,1]
[729,405,261,85,29,5,1]
[4096,768,-224,-101,-14,3,1]
[15625,-1125,223,-9,1]
[256,128,64,4,7,1,4,2,1]
[4096,-256,16,109,1,-1,1]
[4096,256,496,29,31,1,1]
[81,45,19,5,1]
[4096,512,-128,-47,-8,2,1]
[15625,2000,288,16,1]
[2401,-392,94,-8,1]
[15625,3500,438,28,1]
[15625,-2500,347,-20,1]
[16384,-512,159,-4,1]
[4096,-256,400,-17,25,-1,1]
[729,-162,-36,22,-4,-2,1]
[16384,-1664,117,-13,1]
[15625,-500,127,-4,1]
[729,324,126,23,14,4,1]
[4096,-2304,992,-291,62,-9,1]
[15625,-625,-63,-5,1]
[14641,-242,-91,-2,1]
[4096,-256,160,-11,10,-1,1]
[15625,1000,56,8,1]
[256,64,144,-8,33,-2,9,1,1]
[6561,-1944,275,-24,1]
[512,-512,312,-131,39,-8,1]
[256,64,96,52,29,13,6,1,1]
[15625,-250,-124,-2,1]
[256,64,64,-12,5,-3,4,1,1]
[729,567,324,118,36,7,1]
[16384,-2304,319,-18,1]
[4096,3328,1552,463,97,13,1]
[4096,1280,-32,-57,-2,5,1]
[256,128,96,60,19,15,6,2,1]
[15625,-625,53,-5,1]
[6561,-486,79,-6,1]
[4096,768,80,-65,5,3,1]
[729,729,414,163,46,9,1]
[729,-81,27,-31,3,-1,1]
[4096,768,304,9,19,3,1]
[4096,-512,112,-81,7,-2,1]
[16384,-2816,371,-22,1]
[6561,1215,157,15,1]
[4096,-768,96,1,6,-3,1]
[15625,2375,293,19,1]
[256,64,208,32,71,8,13,1,1]
[256,-128,16,32,-33,8,1,-2,1]
[4096,1024,-176,-151,-11,4,1]
[729,-81,99,-14,11,-1,1]
[1024,-256,33,-8,1]
[4096,512,144,67,9,2,1]
[4096,-2304,928,-283,58,-9,1]
[4096,1536,-240,-197,-15,6,1]
[4096,1536,416,83,26,6,1]
[4096,768,32,17,2,3,1]
[16384,-640,-83,-5,1]
[15625,-375,11,-3,1]
[256,0,16,24,-5,6,1,0,1]
[14641,-121,234,-1,1]
[14641,363,166,3,1]
[256,-64,64,52,-13,13,4,-1,1]
[16384,3200,349,25,1]
[4096,256,16,-3,1,1,1]
[15625,-1625,249,-13,1]
[512,-256,128,-57,16,-4,1]
[4096,-2048,544,-101,34,-8,1]
[6561,1053,163,13,1]
[4096,1024,304,97,19,4,1]
[2401,98,92,2,1]
[4096,-128,-15,-2,1]
[4096,-1280,368,-67,23,-5,1]
[14641,-726,241,-6,1]
[729,-243,-9,32,-1,-3,1]
[256,144,43,9,1]
[4096,256,672,33,42,1,1]
[256,-128,64,-28,27,-7,4,-2,1]
[4096,1024,-128,-107,-8,4,1]
[6561,1458,218,18,1]
[256,-128,0,16,-11,4,0,-2,1]
[14641,121,4,1,1]
[15625,1875,113,15,1]
[4096,448,29,7,1]
[729,-243,90,-13,10,-3,1]
[16384,256,-43,2,1]
[4096,2048,96,-81,6,8,1]
[256,-64,-32,4,15,1,-2,-1,1]
[256,192,144,44,25,11,9,3,1]
[4096,-1024,528,-125,33,-4,1]
[4096,-256,416,-37,26,-1,1]
[15625,3875,471,31,1]
[6561,-243,124,-3,1]
[512,128,72,33,9,2,1]
[256,-256,176,-116,71,-29,11,-4,1]
[256,0,32,16,11,4,2,0,1]
[15625,1375,62,11,1]
[14641,1694,96,14,1]
[6561,324,127,4,1]
[4096,-256,-48,81,-3,-1,1]
[4096,-2048,928,-247,58,-8,1]
[15625,-1125,266,-9,1]
[4096,-1280,480,-107,30,-5,1]
[15625,0,209,0,1]
[4096,-512,256,-27,16,-2,1]
[256,-128,112,-60,39,-15,7,-2,1]
[4096,-3072,1344,-415,84,-12,1]
[16384,384,69,3,1]
[4096,-512,656,-59,41,-2,1]
[4096,-1792,-176,187,-11,-7,1]
[4096,256,432,17,27,1,1]
[256,-192,192,-108,63,-27,12,-3,1]
[4096,2304,1152,307,72,9,1]
[1024,64,-37,2,1]
[4096,-2048,96,81,6,-8,1]
[729,-567,198,-53,22,-7,1]
[16384,640,27,5,1]
[14641,968,216,8,1]
[4096,-1280,-64,75,-4,-5,1]
[256,64,64,-8,11,-2,4,1,1]
[16384,2944,371,23,1]
[256,64,32,8,5,2,2,1,1]
[4096,-1536,400,-125,25,-6,1]
[4096,-256,80,-1,5,-1,1]
[16384,-1280,73,-10,1]
[6561,-891,127,-11,1]
[4096,64,-109,1,1]
[256,-192,-16,28,-3,7,-1,-3,1]
[729,81,-18,-50,-2,1,1]
[14641,1815,213,15,1]
[4096,-1024,240,-15,15,-4,1]
[256,0,-112,0,39,0,-7,0,1]
[1024,128,-7,4,1]
[4096,-1280,96,49,6,-5,1]
[4096,2048,592,161,37,8,1]
[4096,-3328,1168,-295,73,-13,1]
[729,-81,-63,14,-7,-1,1]
[512,384,176,69,22,6,1]
[4096,-1024,672,-123,42,-4,1]
[6561,-1053,92,-13,1]
[15625,375,146,3,1]
[6561,-1458,176,-18,1]
[4096,-512,-16,57,-1,-2,1]
[729,81,-45,-35,-5,1,1]
[4096,768,304,29,19,3,1]
[15625,1250,208,10,1]
[256,384,272,152,81,38,17,6,1]
[4096,1792,160,-29,10,7,1]
[4096,-512,48,-29,3,-2,1]
[4096,0,-113,0,1]
[15625,3125,399,25,1]
[4096,0,80,-33,5,0,1]
[14641,-605,170,-5,1]
[729,486,207,62,23,6,1]
[256,48,15,3,1]
[256,0,80,20,23,5,5,0,1]
[729,-486,306,-106,34,-6,1]
[15625,-2500,287,-20,1]
[15625,-1375,71,-11,1]
[512,-128,16,3,2,-2,1]
[4096,256,-176,-7,-11,1,1]
[4096,-256,-16,-15,-1,-1,1]
[4096,256,272,-43,17,1,1]
[4096,256,208,31,13,1,1]
[625,-425,121,-17,1]
[729,-486,234,-86,26,-6,1]
[625,25,43,1,1]
[256,0,48,-12,17,-3,3,0,1]
[14641,484,70,4,1]
[625,150,53,6,1]
[4096,1536,-144,-151,-9,6,1]
[14641,-847,207,-7,1]
[4096,-1280,144,-15,9,-5,1]
[4096,-2048,768,-211,48,-8,1]
[6561,-324,130,-4,1]
[729,81,45,23,5,1,1]
[729,-81,153,-11,17,-1,1]
[4096,-256,-32,-79,-2,-1,1]
[256,-128,160,-44,43,-11,10,-2,1]
[16384,-2560,219,-20,1]
[512,-64,-8,39,-1,-1,1]
[4096,256,51,4,1]
[729,-81,72,-1,8,-1,1]
[4096,-1024,368,-45,23,-4,1]
[4096,1024,352,113,22,4,1]
[625,0,44,0,1]
[729,0,0,29,0,0,1]
[4096,-1024,368,-135,23,-4,1]
[4096,1024,-64,-79,-4,4,1]
[256,384,384,284,159,71,24,6,1]
[4096,0,128,41,8,0,1]
[256,128,128,68,47,17,8,2,1]
[4096,-2048,480,-97,30,-8,1]
[121,5,1]
[4096,1280,304,65,19,5,1]
[16384,-1024,-11,-8,1]
[4096,-1536,464,-73,29,-6,1]
[4096,1024,512,117,32,4,1]
[729,189,49,7,1]
[729,0,37,0,1]
[4096,1024,-32,-33,-2,4,1]
[2401,98,38,2,1]
[4096,-768,64,-39,4,-3,1]
[4096,256,48,-91,3,1,1]
[4096,1792,272,33,17,7,1]
[4096,768,16,19,1,3,1]
[4096,-576,101,-9,1]
[4096,1024,512,97,32,4,1]
[4096,-2048,784,-221,49,-8,1]
[16384,-128,115,-1,1]
[4096,512,464,51,29,2,1]
[15625,125,244,1,1]
[512,-64,72,-11,9,-1,1]
[4096,768,240,119,15,3,1]
[4096,-768,-240,91,-15,-3,1]
[4096,256,368,-13,23,1,1]
[256,256,80,-32,-39,-8,5,4,1]
[16384,-1536,115,-12,1]
[4096,-1280,304,-81,19,-5,1]
[256,-64,80,-48,19,-12,5,-1,1]
[4096,3584,1680,507,105,14,1]
[256,-192,32,20,-15,5,2,-3,1]
[4096,1280,544,135,34,5,1]
[512,-192,48,-1,6,-3,1]
[256,256,96,8,-3,2,6,4,1]
[15625,-250,12,-2,1]
[15625,3250,412,26,1]
[14641,-1210,138,-10,1]
[2401,-49,60,-1,1]
[4096,0,13,0,1]
[4096,1024,64,-35,4,4,1]
[625,250,59,10,1]
[4096,-1280,400,-89,25,-5,1]
[14641,-1815,234,-15,1]
[256,-64,96,-24,25,-6,6,-1,1]
[256,-128,160,-88,49,-22,10,-2,1]
[6561,-405,112,-5,1]
[14641,-1089,204,-9,1]
[4096,256,-80,-33,-5,1,1]
[15625,2625,287,21,1]
[14641,-242,-155,-2,1]
[15625,-625,179,-5,1]
[729,567,162,34,18,7,1]
[729,-162,135,-29,15,-2,1]
[15625,-3750,464,-30,1]
[4096,512,-80,-49,-5,2,1]
[256,-192,112,-36,15,-9,7,-3,1]
[4096,1536,176,-23,11,6,1]
[15625,-1375,78,-11,1]
[4096,-2048,928,-251,58,-8,1]
[256,0,16,-12,17,-3,1,0,1]
[4096,256,144,7,9,1,1]
[4096,-256,-144,85,-9,-1,1]
[256,64,0,16,13,4,0,1,1]
[4096,4608,2416,759,151,18,1]
[15625,250,219,2,1]
[14641,968,156,8,1]
[256,128,128,68,45,17,8,2,1]
[256,192,96,4,-7,1,6,3,1]
[256,-256,192,-104,57,-26,12,-4,1]
[4096,-320,29,-5,1]
[4096,768,96,-41,6,3,1]
[4096,-768,528,-75,33,-3,1]
[729,162,27,-1,3,2,1]
[256,0,48,0,-5,0,3,0,1]
[15625,-2625,266,-21,1]
[256,0,-80,0,33,0,-5,0,1]
[14641,242,102,2,1]
[256,-64,112,-48,33,-12,7,-1,1]
[256,-64,48,-24,-3,-6,3,-1,1]
[4096,-960,125,-15,1]
[4096,1280,368,107,23,5,1]
[4096,-256,176,15,11,-1,1]
[16384,-1024,97,-8,1]
[4096,-2560,992,-297,62,-10,1]
[15625,875,96,7,1]
[4096,-256,-128,87,-8,-1,1]
[4096,-768,-48,65,-3,-3,1]
[256,0,48,32,-1,8,3,0,1]
[16384,1536,149,12,1]
[4096,-1280,448,-75,28,-5,1]
[4096,1536,576,167,36,6,1]
[4096,1024,272,29,17,4,1]
[15625,-1750,157,-14,1]
[4096,-3328,1408,-409,88,-13,1]
[512,256,56,5,7,4,1]
[729,486,216,86,24,6,1]
[256,-256,224,-156,79,-39,14,-4,1]
[4096,0,128,85,8,0,1]
[2401,-343,74,-7,1]
[4096,-1536,448,-157,28,-6,1]
[4096,2304,480,69,30,9,1]
[81,-27,10,-3,1]
[16384,-2560,241,-20,1]
[4096,-1792,576,-167,36,-7,1]
[4096,768,640,83,40,3,1]
[4096,512,384,65,24,2,1]
[15625,750,138,6,1]
[4096,1024,145,16,1]
[6561,-162,-41,-2,1]
[256,-64,32,36,-11,9,2,-1,1]
[4096,512,64,65,4,2,1]
[4096,-1536,368,-57,23,-6,1]
[4096,-768,528,-107,33,-3,1]
[4096,-1792,496,-127,31,-7,1]
[4096,-2816,736,-141,46,-11,1]
[15625,-250,209,-2,1]
[16384,-1536,281,-12,1]
[6561,1782,248,22,1]
[4096,256,224,-43,14,1,1]
[4096,-1024,112,-1,7,-4,1]
[4096,-512,560,-35,35,-2,1]
[16384,2816,245,22,1]
[6561,-243,101,-3,1]
[4096,-768,496,-47,31,-3,1]
[4096,1792,512,95,32,7,1]
[15625,2125,289,17,1]
[4096,0,16,65,1,0,1]
[14641,121,226,1,1]
[729,-324,117,-16,13,-4,1]
[4096,-768,-48,89,-3,-3,1]
[4096,1792,896,225,56,7,1]
[15625,-1500,269,-12,1]
[4096,512,192,-45,12,2,1]
[14641,1331,6,11,1]
[64,32,20,13,5,2,1]
[4096,128,-95,2,1]
[4096,-256,-112,-5,-7,-1,1]
[729,243,72,5,8,3,1]
[6561,-1053,200,-13,1]
[256,-128,43,-8,1]
[729,81,126,25,14,1,1]
[729,243,54,26,6,3,1]
[4096,-1024,-208,147,-13,-4,1]
[14641,363,23,3,1]
[15625,500,143,4,1]
[15625,-500,76,-4,1]
[15625,-250,227,-2,1]
[4096,768,128,-1,8,3,1]
[4096,2048,432,59,27,8,1]
[256,256,176,124,69,31,11,4,1]
[4096,-2304,480,-77,30,-9,1]
[512,256,-40,-49,-5,4,1]
[4096,-768,160,-9,10,-3,1]
[14641,605,58,5,1]
[15625,875,-88,7,1]
[256,0,16,20,-13,5,1,0,1]
[4096,1792,592,141,37,7,1]
[4096,-1024,-16,17,-1,-4,1]
[729,-324,99,-44,11,-4,1]
[4096,-1792,768,-221,48,-7,1]
[729,108,-1,4,1]
[4096,-1536,608,-145,38,-6,1]
[15625,3625,408,29,1]
[14641,1210,-7,10,1]
[4096,1024,-224,-119,-14,4,1]
[14641,121,140,1,1]
[4096,1024,112,33,7,4,1]
[256,-128,80,28,-11,7,5,-2,1]
[15625,-2250,237,-18,1]
[14641,484,172,4,1]
[4096,-256,208,17,13,-1,1]
[16384,128,209,1,1]
[256,-256,80,40,-41,10,5,-4,1]
[14641,-605,-51,-5,1]
[4096,3840,1824,555,114,15,1]
[4096,256,16,-1,1,1,1]
[256,256,96,-44,-45,-11,6,4,1]
[16384,2048,283,16,1]
[4096,-256,256,33,16,-1,1]
[256,-64,64,-40,11,-10,4,-1,1]
[6561,810,145,10,1]
[4096,-256,240,-59,15,-1,1]
[6561,-891,65,-11,1]
[512,192,56,13,7,3,1]
[14641,-1210,8,-10,1]
[4096,768,192,23,12,3,1]
[4096,-1536,400,-63,25,-6,1]
[6561,-1053,80,-13,1]
[256,64,32,12,19,3,2,1,1]
[4096,-1024,-176,93,-11,-4,1]
[14641,3267,376,27,1]
[15625,-625,108,-5,1]
[4096,0,208,-45,13,0,1]
[16384,256,245,2,1]
[6561,-405,-34,-5,1]
[14641,484,-82,4,1]
[256,-192,64,52,-41,13,4,-3,1]
[729,0,90,1,10,0,1]
[15625,125,248,1,1]
[4096,-1536,96,31,6,-6,1]
[256,128,80,52,15,13,5,2,1]
[6561,81,-97,1,1]
[4096,-1280,544,-127,34,-5,1]
[256,0,16,-4,-11,-1,1,0,1]
[256,192,160,80,49,20,10,3,1]
[729,-405,117,-35,13,-5,1]
[256,-64,96,24,9,6,6,-1,1]
[4096,-256,112,69,7,-1,1]
[14641,-242,75,-2,1]
[15625,1125,102,9,1]
[14641,2299,192,19,1]
[512,-64,128,-13,16,-1,1]
[4096,2048,384,55,24,8,1]
[4096,-1728,309,-27,1]
[16384,128,95,1,1]
[2401,441,85,9,1]
[15625,2000,237,16,1]
[15625,-1750,104,-14,1]
[4096,256,400,15,25,1,1]
[16384,-2048,183,-16,1]
[4096,256,64,75,4,1,1]
[4096,-256,208,-23,13,-1,1]
[6561,-1296,203,-16,1]
[4096,1024,464,83,29,4,1]
[15625,-3500,421,-28,1]
[4096,512,384,19,24,2,1]
[4096,-256,-32,37,-2,-1,1]
[16384,640,-119,5,1]
[4096,-192,103,-3,1]
[729,-243,43,-9,1]
[14641,2178,248,18,1]
[15625,-2250,269,-18,1]
[2401,-98,-11,-2,1]
[4096,-256,416,-13,26,-1,1]
[4096,768,224,49,14,3,1]
[256,192,48,-4,-9,-1,3,3,1]
[6561,1782,265,22,1]
[256,-256,224,-116,67,-29,14,-4,1]
[15625,-875,-23,-7,1]
[256,-128,48,-16,9,-4,3,-2,1]
[4096,256,-64,-19,-4,1,1]
[512,-64,-16,7,-2,-1,1]
[14641,605,123,5,1]
[729,-162,135,-31,15,-2,1]
[4096,-1024,48,43,3,-4,1]
[256,-128,144,-88,47,-22,9,-2,1]
[4096,576,49,9,1]
[15625,-250,-47,-2,1]
[4096,512,256,65,16,2,1]
[256,-64,-32,0,13,0,-2,-1,1]
[64,48,8,-1,2,3,1]
[4096,1792,496,113,31,7,1]
[729,-81,18,-23,2,-1,1]
[2401,-441,97,-9,1]
[4096,256,496,49,31,1,1]
[1024,224,75,7,1]
[16384,-1664,223,-13,1]
[4096,0,-160,23,-10,0,1]
[4096,256,-16,-43,-1,1,1]
[4096,-1280,-96,125,-6,-5,1]
[256,256,80,-24,-31,-6,5,4,1]
[256,-128,16,-4,7,-1,1,-2,1]
[729,81,-45,-41,-5,1,1]
[256,-128,-48,4,25,1,-3,-2,1]
[512,-448,192,-65,24,-7,1]
[729,-324,9,17,1,-4,1]
[6561,243,-77,3,1]
[15625,-1125,91,-9,1]
[256,128,80,16,15,4,5,2,1]
[256,0,48,-16,3,-4,3,0,1]
[14641,-726,57,-6,1]
[256,192,80,44,33,11,5,3,1]
[15625,4375,538,35,1]
[16384,640,143,5,1]
[15625,2125,261,17,1]
[729,-405,270,-86,30,-5,1]
[14641,3146,350,26,1]
[256,64,32,24,-3,6,2,1,1]
[4096,768,480,75,30,3,1]
[4096,-512,336,-11,21,-2,1]
[64,48,32,23,8,3,1]
[4096,576,43,9,1]
[512,64,-8,-7,-1,1,1]
[4096,1024,416,75,26,4,1]
[4096,512,32,-59,2,2,1]
[4096,768,145,12,1]
[4096,-1536,640,-141,40,-6,1]
[256,-64,0,-4,1,-1,0,-1,1]
[256,-256,176,-80,43,-20,11,-4,1]
[4096,1024,-208,-117,-13,4,1]
[256,-256,176,-116,67,-29,11,-4,1]
[14641,-121,-179,-1,1]
[256,0,96,-20,17,-5,6,0,1]
[4096,0,656,5,41,0,1]
[16384,2432,195,19,1]
[14641,-847,131,-7,1]
[4096,-768,-176,61,-11,-3,1]
[4096,0,64,-107,4,0,1]
[14641,-1331,68,-11,1]
[4096,512,624,59,39,2,1]
[2401,-294,27,-6,1]
[15625,125,-96,1,1]
[2401,196,-39,4,1]
[256,-192,80,-12,-11,-3,5,-3,1]
[15625,375,-4,3,1]
[15625,1125,198,9,1]
[729,324,36,-14,4,4,1]
[512,0,-8,35,-1,0,1]
[4096,1792,512,113,32,7,1]
[16384,768,255,6,1]
[2401,1029,205,21,1]
[4096,-1024,336,-27,21,-4,1]
[14641,605,213,5,1]
[64,24,1,3,1]
[4096,1792,880,223,55,7,1]
[4096,-1024,-224,121,-14,-4,1]
[256,-320,240,-148,77,-37,15,-5,1]
[14641,968,-60,8,1]
[6561,1053,175,13,1]
[4096,1280,144,7,9,5,1]
[4096,256,-80,39,-5,1,1]
[14641,605,173,5,1]
[4096,1792,912,217,57,7,1]
[6561,-81,-37,-1,1]
[15625,-375,-101,-3,1]
[729,810,432,161,48,10,1]
[512,384,136,43,17,6,1]
[256,128,80,40,25,10,5,2,1]
[14641,605,-85,5,1]
[4096,-768,0,27,0,-3,1]
[4096,1792,384,55,24,7,1]
[729,-189,41,-7,1]
[15625,-1250,187,-10,1]
[14641,242,-62,2,1]
[512,-192,8,11,1,-3,1]
[4096,-3328,1472,-447,92,-13,1]
[4096,-1280,-144,143,-9,-5,1]
[256,-64,-16,-12,9,-3,-1,-1,1]
[4096,256,48,27,3,1,1]
[14641,363,-4,3,1]
[729,162,135,31,15,2,1]
[256,128,80,44,31,11,5,2,1]
[16384,-1024,117,-8,1]
[4096,1536,640,193,40,6,1]
[4096,-256,80,-81,5,-1,1]
[15625,500,-56,4,1]
[4096,0,208,-43,13,0,1]
[16384,1920,205,15,1]
[256,-64,-48,-4,13,-1,-3,-1,1]
[4096,-512,368,1,23,-2,1]
[4096,-320,37,-5,1]
[512,-64,24,-1,3,-1,1]
[256,64,80,4,17,1,5,1,1]
[16384,2304,223,18,1]
[256,256,144,84,49,21,9,4,1]
[4096,-256,320,-9,20,-1,1]
[256,128,0,-32,-29,-8,0,2,1]
[729,0,-54,4,-6,0,1]
[4096,1024,64,-23,4,4,1]
[6561,81,34,1,1]
[256,192,16,-24,-15,-6,1,3,1]
[15625,0,-19,0,1]
[256,128,37,8,1]
[15625,1000,46,8,1]
[4096,-1280,416,-163,26,-5,1]
[15625,-2375,264,-19,1]
[4096,-1280,448,-161,28,-5,1]
[4096,3072,1280,375,80,12,1]
[256,-64,16,8,-3,2,1,-1,1]
[4096,-1536,0,79,0,-6,1]
[2401,-196,22,-4,1]
[2401,735,141,15,1]
[4096,-2048,336,-23,21,-8,1]
[16384,-3712,407,-29,1]
[14641,-847,-10,-7,1]
[4096,-768,48,49,3,-3,1]
[256,-192,0,28,-9,7,0,-3,1]
[4096,-768,-176,65,-11,-3,1]
[6561,-567,14,-7,1]
[4096,2304,944,283,59,9,1]
[15625,625,123,5,1]
[14641,2662,360,22,1]
[729,243,9,-4,1,3,1]
[16384,-768,227,-6,1]
[16384,-1536,259,-12,1]
[256,-64,-16,24,-11,6,-1,-1,1]
[4096,-640,137,-10,1]
[4096,512,48,-85,3,2,1]
[729,405,288,89,32,5,1]
[16384,512,-139,4,1]
[256,192,176,100,61,25,11,3,1]
[16384,-768,-87,-6,1]
[256,64,-48,-16,13,-4,-3,1,1]
[729,567,216,64,24,7,1]
[4096,1536,656,161,41,6,1]
[14641,726,109,6,1]
[4096,-1536,464,-91,29,-6,1]
[512,-256,88,-37,11,-4,1]
[4096,-512,-176,67,-11,-2,1]
[256,0,0,4,3,1,0,0,1]
[729,486,234,100,26,6,1]
[6561,243,-34,3,1]
[16384,128,-77,1,1]
[4096,832,111,13,1]
[4096,2304,832,247,52,9,1]
[256,-128,0,32,-21,8,0,-2,1]
[4096,-256,208,9,13,-1,1]
[512,0,64,5,8,0,1]
[4096,-3072,944,-215,59,-12,1]
[4096,-1024,160,-75,10,-4,1]
[4096,-512,128,9,8,-2,1]
[512,-64,8,-29,1,-1,1]
[4096,256,-64,41,-4,1,1]
[512,0,-40,-11,-5,0,1]
[16384,768,153,6,1]
[256,128,64,-8,-7,-2,4,2,1]
[256,-192,128,-84,57,-21,8,-3,1]
[256,-192,144,-48,27,-12,9,-3,1]
[2401,196,54,4,1]
[4096,-1280,240,1,15,-5,1]
[15625,3500,437,28,1]
[256,-128,48,-20,9,-5,3,-2,1]
[4096,256,448,-7,28,1,1]
[14641,-1815,276,-15,1]
[4096,-1536,640,-151,40,-6,1]
[512,0,64,3,8,0,1]
[4096,1536,624,139,39,6,1]
[16384,-256,189,-2,1]
[256,-64,64,16,-3,4,4,-1,1]
[729,27,-1,1,1]
[15625,250,192,2,1]
[6561,-891,142,-11,1]
[15625,625,256,5,1]
[14641,2420,234,20,1]
[256,-128,128,-80,43,-20,8,-2,1]
[4096,1024,496,131,31,4,1]
[4096,512,224,7,14,2,1]
[4096,512,-48,-11,-3,2,1]
[256,-64,208,-32,71,-8,13,-1,1]
[2401,392,103,8,1]
[4096,-256,272,3,17,-1,1]
[14641,-242,79,-2,1]
[512,320,176,71,22,5,1]
[256,320,304,196,109,49,19,5,1]
[4096,1024,320,43,20,4,1]
[16384,1024,203,8,1]
[4096,-768,16,39,1,-3,1]
[729,-162,-36,34,-4,-2,1]
[14641,-1210,125,-10,1]
[1024,352,67,11,1]
[15625,3125,404,25,1]
[1024,192,61,6,1]
[512,320,80,21,10,5,1]
[512,0,-16,27,-2,0,1]
[4096,512,192,53,12,2,1]
[14641,-3509,405,-29,1]
[256,-128,96,-72,33,-18,6,-2,1]
[15625,-250,57,-2,1]
[4096,2560,976,279,61,10,1]
[4096,512,16,-81,1,2,1]
[16384,-128,-223,-1,1]
[256,-64,0,16,-11,4,0,-1,1]
[625,125,34,5,1]
[4096,-256,48,37,3,-1,1]
[4096,1024,240,27,15,4,1]
[4096,256,-160,-69,-10,1,1]
[16384,-640,-7,-5,1]
[14641,2783,309,23,1]
[16384,-384,129,-3,1]
[729,405,144,52,16,5,1]
[4096,-256,304,-45,19,-1,1]
[4096,1792,656,165,41,7,1]
[4096,512,224,79,14,2,1]
[256,128,80,52,39,13,5,2,1]
[256,128,128,48,41,12,8,2,1]
[14641,605,85,5,1]
[4096,512,64,47,4,2,1]
[4096,-512,48,21,3,-2,1]
[15625,375,-22,3,1]
[4096,512,256,5,16,2,1]
[512,-128,88,-19,11,-2,1]
[15625,1625,239,13,1]
[4096,512,32,49,2,2,1]
[512,-192,-48,55,-6,-3,1]
[256,320,192,92,47,23,12,5,1]
[256,64,-32,-4,-1,-1,-2,1,1]
[256,-448,352,-168,73,-42,22,-7,1]
[6561,-1053,185,-13,1]
[4096,-448,55,-7,1]
[14641,847,174,7,1]
[16384,-2560,279,-20,1]
[14641,1210,32,10,1]
[4096,-256,-32,-67,-2,-1,1]
[14641,-1694,112,-14,1]
[14641,847,245,7,1]
[14641,-242,90,-2,1]
[4096,2304,640,131,40,9,1]
[4096,2560,1168,325,73,10,1]
[14641,-363,169,-3,1]
[6561,1377,194,17,1]
[4096,-1280,528,-101,33,-5,1]
[729,0,9,47,1,0,1]
[256,0,80,-4,25,-1,5,0,1]
[14641,2420,262,20,1]
[4096,-1536,128,11,8,-6,1]
[16384,-2432,195,-19,1]
[16384,-256,57,-2,1]
[729,162,90,44,10,2,1]
[512,0,72,-1,9,0,1]
[4096,0,-48,-49,-3,0,1]
[729,-162,27,-8,3,-2,1]
[4096,-1024,256,-65,16,-4,1]
[15625,-2125,228,-17,1]
[4096,-1792,48,75,3,-7,1]
[256,128,96,52,15,13,6,2,1]
[729,81,72,7,8,1,1]
[4096,-1024,416,-71,26,-4,1]
[4096,-512,0,43,0,-2,1]
[4096,-1280,112,15,7,-5,1]
[4096,-1024,384,-73,24,-4,1]
[256,0,16,4,-1,1,1,0,1]
[6561,-972,128,-12,1]
[256,0,32,0,17,0,2,0,1]
[729,405,162,52,18,5,1]
[256,320,304,204,115,51,19,5,1]
[256,-256,112,-52,33,-13,7,-4,1]
[512,64,-40,-7,-5,1,1]
[256,0,64,-8,15,-2,4,0,1]
[6561,-162,4,-2,1]
[14641,3388,410,28,1]
[4096,-2048,784,-255,49,-8,1]
[15625,1250,-18,10,1]
[256,-256,256,-168,97,-42,16,-4,1]
[15625,-625,151,-5,1]
[4096,-2560,928,-239,58,-10,1]
[15625,-875,-86,-7,1]
[4096,960,155,15,1]
[16384,-2560,211,-20,1]
[16384,256,-191,2,1]
[64,0,36,-1,9,0,1]
[4096,-768,80,-1,5,-3,1]
[15625,-500,-87,-4,1]
[6561,2268,347,28,1]
[256,-192,48,-8,9,-2,3,-3,1]
[4096,2048,512,95,32,8,1]
[4096,1280,-64,-77,-4,5,1]
[256,0,16,-16,-9,-4,1,0,1]
[4096,-256,96,17,6,-1,1]
[14641,-242,167,-2,1]
[6561,-486,-49,-6,1]
[4096,-768,240,-47,15,-3,1]
[14641,-1210,162,-10,1]
[256,192,128,56,37,14,8,3,1]
[4096,1536,-80,-105,-5,6,1]
[625,25,-3,1,1]
[14641,847,-43,7,1]
[4096,-1280,272,-61,17,-5,1]
[4096,768,-128,-109,-8,3,1]
[4096,-2048,384,-49,24,-8,1]
[6561,-162,-13,-2,1]
[729,-324,171,-71,19,-4,1]
[4096,256,192,-49,12,1,1]
[4096,0,80,9,5,0,1]
[729,81,-45,-32,-5,1,1]
[256,320,256,140,75,35,16,5,1]
[4096,-512,384,-5,24,-2,1]
[4096,1024,-240,-129,-15,4,1]
[256,-128,0,20,-17,5,0,-2,1]
[4096,256,-32,41,-2,1,1]
[256,192,128,88,53,22,8,3,1]
[256,0,32,12,13,3,2,0,1]
[729,108,32,4,1]
[16384,-2560,203,-20,1]
[256,64,80,20,35,5,5,1,1]
[15625,-875,34,-7,1]
[729,-81,-45,8,-5,-1,1]
[4096,2048,752,217,47,8,1]
[4096,1280,384,85,24,5,1]
[4096,-768,592,-87,37,-3,1]
[4096,-2816,880,-213,55,-11,1]
[6561,567,8,7,1]
[4096,-512,544,-71,34,-2,1]
[16384,-3968,453,-31,1]
[729,-405,189,-79,21,-5,1]
[256,-64,-16,-8,3,-2,-1,-1,1]
[4096,-768,-48,37,-3,-3,1]
[4096,512,85,8,1]
[15625,-3125,402,-25,1]
[256,-128,144,-36,37,-9,9,-2,1]
[4096,2560,640,121,40,10,1]
[729,0,-18,10,-2,0,1]
[4096,-1280,800,-153,50,-5,1]
[256,-64,32,0,-13,0,2,-1,1]
[256,-64,32,0,3,0,2,-1,1]
[729,81,81,26,9,1,1]
[15625,750,-89,6,1]
[4096,-1536,320,-35,20,-6,1]
[14641,-363,-106,-3,1]
[256,-192,80,-40,31,-10,5,-3,1]
[1024,320,85,10,1]
[4096,3328,1536,465,96,13,1]
[4096,-1536,272,-47,17,-6,1]
[4096,1024,464,127,29,4,1]
[256,192,176,116,59,29,11,3,1]
[256,-320,288,-184,103,-46,18,-5,1]
[729,0,36,1,4,0,1]
[15625,-125,11,-1,1]
[4096,-768,128,1,8,-3,1]
[625,-175,47,-7,1]
[256,64,64,-12,7,-3,4,1,1]
[256,0,96,-4,23,-1,6,0,1]
[15625,2125,218,17,1]
[6561,81,100,1,1]
[15625,-1625,244,-13,1]
[512,384,96,17,12,6,1]
[729,-486,180,-50,20,-6,1]
[256,64,32,-16,-5,-4,2,1,1]
[512,256,144,37,18,4,1]
[256,-64,80,-32,11,-8,5,-1,1]
[512,-128,104,-39,13,-2,1]
[64,-16,24,-11,6,-1,1]
[256,-128,48,-16,-7,-4,3,-2,1]
[729,162,18,23,2,2,1]
[14641,3025,361,25,1]
[4096,-1536,464,-163,29,-6,1]
[4096,-1792,624,-197,39,-7,1]
[16384,1024,243,8,1]
[4096,3840,1744,515,109,15,1]
[14641,726,120,6,1]
[14641,1331,177,11,1]
[256,-128,-16,0,15,0,-1,-2,1]
[4096,2816,944,241,59,11,1]
[14641,-3509,425,-29,1]
[512,-64,32,19,4,-1,1]
[4096,1792,352,57,22,7,1]
[256,-256,192,-116,61,-29,12,-4,1]
[256,-64,64,-24,9,-6,4,-1,1]
[14641,-2662,259,-22,1]
[4096,-1280,752,-145,47,-5,1]
[14641,242,146,2,1]
[4096,2560,1024,273,64,10,1]
[15625,4000,489,32,1]
[15625,-1375,228,-11,1]
[256,-128,16,0,13,0,1,-2,1]
[256,128,-64,-8,27,-2,-4,2,1]
[14641,1452,181,12,1]
[16384,-1024,25,-8,1]
[4096,3328,1488,455,93,13,1]
[512,192,64,7,8,3,1]
[6561,243,-49,3,1]
[64,-16,36,-5,9,-1,1]
[4096,768,-48,-17,-3,3,1]
[14641,-2299,271,-19,1]
[4096,-512,-80,51,-5,-2,1]
[15625,1750,252,14,1]
[4096,-1280,544,-115,34,-5,1]
[256,192,128,60,25,15,8,3,1]
[729,243,108,65,12,3,1]
[4096,-1280,144,-29,9,-5,1]
[729,243,0,-37,0,3,1]
[2401,294,83,6,1]
[15625,250,13,2,1]
[512,384,144,49,18,6,1]
[256,128,-16,0,13,0,-1,2,1]
[16384,-1408,173,-11,1]
[4096,-256,240,31,15,-1,1]
[14641,-1573,222,-13,1]
[729,243,81,29,9,3,1]
[4096,-256,-64,-41,-4,-1,1]
[15625,125,19,1,1]
[4096,-512,0,-43,0,-2,1]
[14641,3267,400,27,1]
[14641,-121,-122,-1,1]
[4096,1024,624,109,39,4,1]
[512,448,136,27,17,7,1]
[15625,1625,137,13,1]
[729,-729,423,-172,47,-9,1]
[729,-243,153,-58,17,-3,1]
[256,-256,192,-120,63,-30,12,-4,1]
[15625,-2375,203,-19,1]
[4096,-256,-48,15,-3,-1,1]
[4096,-512,336,-75,21,-2,1]
[15625,-125,-23,-1,1]
[729,81,-27,-19,-3,1,1]
[4096,-512,208,-65,13,-2,1]
[14641,363,28,3,1]
[15625,-750,31,-6,1]
[729,243,54,28,6,3,1]
[4096,-2048,624,-171,39,-8,1]
[256,-192,80,-20,1,-5,5,-3,1]
[16384,2688,249,21,1]
[14641,-1815,146,-15,1]
[4096,512,208,17,13,2,1]
[14641,2057,252,17,1]
[15625,2125,138,17,1]
[16384,-1280,135,-10,1]
[4096,0,608,-9,38,0,1]
[4096,-512,64,-5,4,-2,1]
[14641,3509,428,29,1]
[14641,-3025,371,-25,1]
[256,0,128,16,35,4,8,0,1]
[14641,-1573,233,-13,1]
[2401,-686,136,-14,1]
[625,-200,62,-8,1]
[4096,-1280,256,-45,16,-5,1]
[4096,2304,224,-49,14,9,1]
[6561,-162,38,-2,1]
[256,-128,64,-32,23,-8,4,-2,1]
[6561,-405,-65,-5,1]
[4096,256,512,9,32,1,1]
[15625,2000,243,16,1]
[16384,-1792,63,-14,1]
[15625,-1125,137,-9,1]
[14641,-1331,188,-11,1]
[256,128,64,-8,-1,-2,4,2,1]
[15625,-2125,146,-17,1]
[15625,1000,-23,8,1]
[4096,1024,32,-5,2,4,1]
[15625,500,-148,4,1]
[2401,-392,72,-8,1]
[4096,-512,96,-75,6,-2,1]
[4096,1792,672,163,42,7,1]
[625,125,2,5,1]
[4096,1792,608,133,38,7,1]
[4096,1792,528,101,33,7,1]
[729,-405,162,-49,18,-5,1]
[14641,-1331,186,-11,1]
[4096,-256,-48,99,-3,-1,1]
[2401,-196,-38,-4,1]
[256,0,16,-28,1,-7,1,0,1]
[256,0,0,12,15,3,0,0,1]
[4096,0,128,-1,8,0,1]
[14641,-2904,300,-24,1]
[729,-324,153,-77,17,-4,1]
[4096,-1792,720,-207,45,-7,1]
[4096,-768,-48,109,-3,-3,1]
[729,-486,324,-110,36,-6,1]
[729,162,18,1,2,2,1]
[512,-256,-56,61,-7,-4,1]
[729,-162,9,-8,1,-2,1]
[729,486,207,74,23,6,1]
[256,64,16,-20,1,-5,1,1,1]
[4096,768,240,93,15,3,1]
[4096,768,-16,13,-1,3,1]
[4096,2304,960,289,60,9,1]
[2401,245,-3,5,1]
[15625,-2125,296,-17,1]
[4096,-1536,400,-67,25,-6,1]
[15625,125,93,1,1]
[16384,2560,205,20,1]
[64,0,-4,3,-1,0,1]
[729,405,189,88,21,5,1]
[4096,768,64,-27,4,3,1]
[15625,1125,246,9,1]
[512,-384,144,-43,18,-6,1]
[4096,1024,160,67,10,4,1]
[4096,768,288,1,18,3,1]
[4096,-512,176,-17,11,-2,1]
[15625,625,251,5,1]
[15625,-3000,294,-24,1]
[15625,-625,-64,-5,1]
[256,0,16,4,23,1,1,0,1]
[512,256,72,11,9,4,1]
[16384,-2176,177,-17,1]
[15625,-125,-182,-1,1]
[4096,1024,320,143,20,4,1]
[16384,-1664,149,-13,1]
[729,0,63,1,7,0,1]
[4096,768,-208,-107,-13,3,1]
[729,-162,171,-37,19,-2,1]
[6561,-243,16,-3,1]
[729,81,-9,-32,-1,1,1]
[14641,968,46,8,1]
[4096,1280,32,-73,2,5,1]
[256,-64,64,-32,19,-8,4,-1,1]
[512,-64,16,-21,2,-1,1]
[14641,1089,214,9,1]
[2401,-245,44,-5,1]
[4096,0,32,-47,2,0,1]
[6561,1458,178,18,1]
[256,64,0,-4,3,-1,0,1,1]
[4096,-768,224,-71,14,-3,1]
[625,-125,56,-5,1]
[15625,-1250,42,-10,1]
[4096,512,400,17,25,2,1]
[729,0,-18,-1,-2,0,1]
[512,-192,48,1,6,-3,1]
[4096,1536,512,127,32,6,1]
[256,-192,64,-52,37,-13,4,-3,1]
[4096,768,-128,-37,-8,3,1]
[15625,0,57,0,1]
[14641,1210,9,10,1]
[14641,-1936,212,-16,1]
[4096,-1792,64,69,4,-7,1]
[64,-48,28,-11,7,-3,1]
[4096,-1536,48,47,3,-6,1]
[256,256,224,160,81,40,14,4,1]
[4096,-256,64,75,4,-1,1]
[16384,1920,211,15,1]
[256,128,112,40,33,10,7,2,1]
[15625,2625,267,21,1]
[4096,-3072,1360,-409,85,-12,1]
[16384,-1792,295,-14,1]
[729,810,468,182,52,10,1]
[15625,-750,-94,-6,1]
[4096,1024,-160,-141,-10,4,1]
[256,128,80,44,29,11,5,2,1]
[4096,1024,496,135,31,4,1]
[4096,1792,592,197,37,7,1]
[4096,-256,64,-101,4,-1,1]
[4096,512,368,91,23,2,1]
[4096,-256,320,-47,20,-1,1]
[14641,1452,216,12,1]
[14641,-4235,540,-35,1]
[4096,768,384,111,24,3,1]
[4096,1792,576,123,36,7,1]
[2401,637,121,13,1]
[15625,2125,171,17,1]
[4096,-1792,112,41,7,-7,1]
[14641,968,145,8,1]
[16384,1664,117,13,1]
[729,-81,-36,44,-4,-1,1]
[15625,-125,-37,-1,1]
[4096,-768,-128,105,-8,-3,1]
[6561,243,62,3,1]
[729,-243,144,-43,16,-3,1]
[256,64,144,16,41,4,9,1,1]
[14641,-968,216,-8,1]
[15625,1625,269,13,1]
[4096,384,29,6,1]
[1024,-288,63,-9,1]
[4096,1280,464,89,29,5,1]
[16384,2816,367,22,1]
[256,64,16,-8,13,-2,1,1,1]
[256,-256,96,-12,-3,-3,6,-4,1]
[4096,1024,144,-31,9,4,1]
[14641,-1573,272,-13,1]
[4096,-2048,864,-235,54,-8,1]
[4096,-1024,32,73,2,-4,1]
[4096,256,32,-43,2,1,1]
[4096,-512,608,-55,38,-2,1]
[729,81,-54,-34,-6,1,1]
[4096,0,-81,0,1]
[729,-54,52,-2,1]
[4096,-1792,544,-167,34,-7,1]
[256,-320,240,-148,83,-37,15,-5,1]
[512,-320,168,-57,21,-5,1]
[6561,324,17,4,1]
[729,243,-36,-32,-4,3,1]
[4096,0,-144,41,-9,0,1]
[4096,-1024,432,-79,27,-4,1]
[15625,1375,28,11,1]
[256,-320,320,-228,127,-57,20,-5,1]
[4096,-256,160,19,10,-1,1]
[256,-128,-16,-8,21,-2,-1,-2,1]
[6561,-1134,97,-14,1]
[4096,3840,1760,525,110,15,1]
[4096,1024,-16,-45,-1,4,1]
[16384,1920,241,15,1]
[4096,512,704,57,44,2,1]
[4096,-256,288,29,18,-1,1]
[14641,2057,201,17,1]
[512,128,40,1,5,2,1]
[4096,0,16,57,1,0,1]
[15625,250,118,2,1]
[4096,-1152,167,-18,1]
[256,-128,48,20,-9,5,3,-2,1]
[14641,-2057,144,-17,1]
[16384,384,63,3,1]
[15625,375,152,3,1]
[6561,-648,5,-8,1]
[4096,-768,384,-21,24,-3,1]
[4096,512,352,43,22,2,1]
[14641,-121,152,-1,1]
[729,81,-36,11,-4,1,1]
[15625,-2375,182,-19,1]
[4096,-1024,240,-81,15,-4,1]
[256,128,64,24,-3,6,4,2,1]
[4096,-1024,400,-105,25,-4,1]
[512,-64,24,-7,3,-1,1]
[4096,-1024,480,-115,30,-4,1]
[14641,242,-98,2,1]
[16384,-256,45,-2,1]
[256,-384,176,44,-67,11,11,-6,1]
[4096,-768,121,-12,1]
[4096,-256,-128,55,-8,-1,1]
[2401,245,102,5,1]
[15625,125,151,1,1]
[512,64,-40,-27,-5,1,1]
[256,64,-48,4,23,1,-3,1,1]
[4096,-1280,-16,69,-1,-5,1]
[14641,1210,128,10,1]
[15625,1250,184,10,1]
[729,81,18,20,2,1,1]
[16384,1280,267,10,1]
[15625,375,101,3,1]
[4096,256,96,-79,6,1,1]
[4096,-1280,240,-73,15,-5,1]
[256,256,192,108,63,27,12,4,1]
[729,-324,-45,56,-5,-4,1]
[4096,-512,0,-51,0,-2,1]
[14641,-3025,310,-25,1]
[256,-256,64,28,-25,7,4,-4,1]
[4096,-768,-144,129,-9,-3,1]
[256,0,64,-12,5,-3,4,0,1]
[15625,4250,524,34,1]
[4096,-512,704,-63,44,-2,1]
[2401,-294,9,-6,1]
[4096,-768,464,-63,29,-3,1]
[6561,-1944,287,-24,1]
[4096,0,208,11,13,0,1]
[15625,1500,213,12,1]
[15625,-1875,107,-15,1]
[4096,256,16,89,1,1,1]
[15625,3000,346,24,1]
[512,-192,128,-27,16,-3,1]
[4096,256,-21,4,1]
[4096,1536,-48,-95,-3,6,1]
[4096,1792,736,165,46,7,1]
[6561,324,47,4,1]
[15625,2500,211,20,1]
[4096,-1024,48,41,3,-4,1]
[256,192,64,52,41,13,4,3,1]
[4096,-256,144,47,9,-1,1]
[15625,125,106,1,1]
[4096,-1024,224,-11,14,-4,1]
[256,128,96,52,29,13,6,2,1]
[4096,1536,32,-67,2,6,1]
[4096,1792,640,195,40,7,1]
[4096,320,47,5,1]
[729,-81,9,-38,1,-1,1]
[512,-128,24,17,3,-2,1]
[4096,1280,416,133,26,5,1]
[256,0,16,8,-15,2,1,0,1]
[15625,-1500,61,-12,1]
[729,-81,36,29,4,-1,1]
[256,384,352,244,135,61,22,6,1]
[256,-256,192,-108,61,-27,12,-4,1]
[256,64,80,0,19,0,5,1,1]
[14641,1815,215,15,1]
[729,0,-11,0,1]
[15625,375,-151,3,1]
[4096,768,-128,-95,-8,3,1]
[6561,-243,104,-3,1]
[729,162,90,19,10,2,1]
[16384,-1920,185,-15,1]
[512,256,176,51,22,4,1]
[729,-324,144,-43,16,-4,1]
[256,64,144,36,51,9,9,1,1]
[16384,-1152,-39,-9,1]
[512,64,-16,11,-2,1,1]
[512,448,248,93,31,7,1]
[4096,1280,-96,-83,-6,5,1]
[4096,768,144,-47,9,3,1]
[15625,4125,508,33,1]
[256,256,224,132,77,33,14,4,1]
[14641,847,228,7,1]
[4096,-1280,256,-61,16,-5,1]
[256,-192,96,-64,43,-16,6,-3,1]
[256,192,64,-12,-15,-3,4,3,1]
[256,-320,192,-64,23,-16,12,-5,1]
[625,-125,42,-5,1]
[4096,1536,464,113,29,6,1]
[14641,-2178,252,-18,1]
[6561,972,164,12,1]
[4096,256,128,65,8,1,1]
[256,-64,112,-32,31,-8,7,-1,1]
[256,-128,16,32,-25,8,1,-2,1]
[6561,-1782,274,-22,1]
[729,81,54,40,6,1,1]
[512,-192,40,-15,5,-3,1]
[16384,-1152,53,-9,1]
[64,-40,17,-5,1]
[4096,512,400,35,25,2,1]
[15625,1625,237,13,1]
[2401,-147,-20,-3,1]
[16384,-128,-191,-1,1]
[625,-125,46,-5,1]
[15625,-1250,174,-10,1]
[512,320,16,-29,2,5,1]
[729,-81,-18,-20,-2,-1,1]
[14641,-4235,548,-35,1]
[14641,-1331,203,-11,1]
[14641,605,8,5,1]
[256,128,80,44,15,11,5,2,1]
[14641,-363,157,-3,1]
[6561,-324,154,-4,1]
[256,96,21,6,1]
[729,405,207,74,23,5,1]
[729,-81,-54,14,-6,-1,1]
[14641,-2057,255,-17,1]
[256,-112,31,-7,1]
[512,-128,-40,41,-5,-2,1]
[256,-64,112,-28,31,-7,7,-1,1]
[6561,-324,-26,-4,1]
[4096,-2560,880,-227,55,-10,1]
[14641,968,14,8,1]
[256,-192,48,-12,5,-3,3,-3,1]
[6561,0,43,0,1]
[2401,490,86,10,1]
[4096,-1280,640,-151,40,-5,1]
[16,0,7,0,1]
[4096,0,288,-15,18,0,1]
[6561,-891,119,-11,1]
[256,128,16,-4,-9,-1,1,2,1]
[729,81,9,-5,1,1,1]
[729,0,99,-19,11,0,1]
[4096,-1792,848,-221,53,-7,1]
[512,-64,128,-5,16,-1,1]
[512,64,128,19,16,1,1]
[4096,-1280,80,-3,5,-5,1]
[4096,-512,96,-15,6,-2,1]
[4096,-768,448,-99,28,-3,1]
[256,64,160,16,47,4,10,1,1]
[256,-128,32,20,-5,5,2,-2,1]
[256,-128,0,0,5,0,0,-2,1]
[14641,726,-35,6,1]
[512,256,96,17,12,4,1]
[4096,-3584,1456,-405,91,-14,1]
[4096,0,48,-73,3,0,1]
[729,-324,18,26,2,-4,1]
[6561,-648,19,-8,1]
[256,64,32,12,-17,3,2,1,1]
[4096,768,432,117,27,3,1]
[256,-128,16,12,-7,3,1,-2,1]
[15625,1500,71,12,1]
[4096,768,304,37,19,3,1]
[4096,1280,223,20,1]
[729,162,153,34,17,2,1]
[6561,-1296,143,-16,1]
[4096,-3072,1344,-385,84,-12,1]
[14641,1210,28,10,1]
[256,64,-32,-16,-15,-4,-2,1,1]
[729,81,-27,-20,-3,1,1]
[256,-64,0,-4,-5,-1,0,-1,1]
[4096,1792,544,163,34,7,1]
[4096,1280,64,-13,4,5,1]
[14641,363,214,3,1]
[4096,2304,912,285,57,9,1]
[729,567,144,20,16,7,1]
[15625,-500,206,-4,1]
[14641,2057,163,17,1]
[256,128,0,24,33,6,0,2,1]
[4096,-768,144,-43,9,-3,1]
[729,324,117,53,13,4,1]
[256,128,0,-4,11,-1,0,2,1]
[14641,242,134,2,1]
[16384,896,5,7,1]
[4096,0,304,43,19,0,1]
[4096,2816,1296,379,81,11,1]
[256,64,-16,-12,1,-3,-1,1,1]
[512,320,144,41,18,5,1]
[16384,1920,263,15,1]
[512,0,-48,1,-6,0,1]
[6561,1458,211,18,1]
[4096,1280,384,137,24,5,1]
[729,405,234,86,26,5,1]
[4096,512,368,75,23,2,1]
[4096,768,240,81,15,3,1]
[4096,256,400,-17,25,1,1]
[625,-25,29,-1,1]
[512,320,184,65,23,5,1]
[15625,-375,68,-3,1]
[15625,-1375,9,-11,1]
[4096,768,640,87,40,3,1]
[4096,-1792,544,-107,34,-7,1]
[4096,1280,304,77,19,5,1]
[256,-64,0,-16,29,-4,0,-1,1]
[4096,3072,976,231,61,12,1]
[4096,-2560,720,-153,45,-10,1]
[4096,-256,96,-9,6,-1,1]
[4096,0,480,17,30,0,1]
[256,0,0,0,15,0,0,0,1]
[4096,0,608,1,38,0,1]
[4096,0,-5,0,1]
[729,-324,171,-53,19,-4,1]
[4096,-2304,1104,-299,69,-9,1]
[15625,-1750,69,-14,1]
[256,-320,272,-180,93,-45,17,-5,1]
[4096,512,48,21,3,2,1]
[256,0,64,20,15,5,4,0,1]
[729,567,108,-1,12,7,1]
[4096,0,544,-7,34,0,1]
[4096,0,-16,99,-1,0,1]
[512,128,-16,-19,-2,2,1]
[14641,-1694,208,-14,1]
[4096,-768,-128,119,-8,-3,1]
[14641,-121,-177,-1,1]
[4096,0,192,9,12,0,1]
[15625,-500,-92,-4,1]
[4096,512,112,25,7,2,1]
[14641,-1815,150,-15,1]
[6561,810,20,10,1]
[256,0,48,0,11,0,3,0,1]
[729,-405,189,-61,21,-5,1]
[16384,-2304,311,-18,1]
[256,-128,16,-28,33,-7,1,-2,1]
[4096,-1024,256,-75,16,-4,1]
[15625,-1625,81,-13,1]
[4096,320,77,5,1]
[16384,-128,63,-1,1]
[256,256,96,60,45,15,6,4,1]
[4096,1024,-128,-71,-8,4,1]
[4096,-1536,400,-69,25,-6,1]
[15625,2375,299,19,1]
[4096,2816,1120,313,70,11,1]
[4096,-768,112,-29,7,-3,1]
[4096,2048,416,79,26,8,1]
[4096,0,-32,91,-2,0,1]
[512,192,-8,-35,-1,3,1]
[256,-64,-32,24,1,6,-2,-1,1]
[4096,2304,1120,297,70,9,1]
[512,-128,64,-5,8,-2,1]
[4096,1024,-128,-117,-8,4,1]
[15625,-3250,354,-26,1]
[4096,-1792,768,-195,48,-7,1]
[14641,3872,478,32,1]
[256,-192,64,0,-15,0,4,-3,1]
[4096,-1280,304,-119,19,-5,1]
[4096,192,15,3,1]
[4096,1216,215,19,1]
[625,25,-7,1,1]
[256,192,144,68,35,17,9,3,1]
[15625,-1125,244,-9,1]
[4096,1280,112,-35,7,5,1]
[729,-81,189,-10,21,-1,1]
[14641,968,-16,8,1]
[4096,2560,928,263,58,10,1]
[729,324,54,5,6,4,1]
[4096,-1280,16,85,1,-5,1]
[16384,-640,-85,-5,1]
[15625,1375,186,11,1]
[512,-256,200,-63,25,-4,1]
[4096,1280,208,53,13,5,1]
[729,162,99,17,11,2,1]
[256,-128,32,32,-19,8,2,-2,1]
[729,81,99,35,11,1,1]
[4096,1280,272,23,17,5,1]
[729,324,27,-17,3,4,1]
[256,0,48,-12,21,-3,3,0,1]
[16384,-2944,265,-23,1]
[256,0,0,12,-19,3,0,0,1]
[4096,1792,144,-33,9,7,1]
[4096,512,208,63,13,2,1]
[16384,1024,3,8,1]
[512,-256,64,-9,8,-4,1]
[256,-128,-48,16,13,4,-3,-2,1]
[256,-64,48,-4,19,-1,3,-1,1]
[4096,-768,-64,113,-4,-3,1]
[4096,256,336,9,21,1,1]
[256,-128,80,-20,9,-5,5,-2,1]
[4096,-512,592,-59,37,-2,1]
[2401,588,120,12,1]
[256,-192,48,12,-9,3,3,-3,1]
[4096,-1024,177,-16,1]
[4096,2816,1344,387,84,11,1]
[256,256,144,32,7,8,9,4,1]
[6561,567,-13,7,1]
[4096,-2048,496,-109,31,-8,1]
[4096,-1280,448,-129,28,-5,1]
[14641,847,140,7,1]
[15625,2125,243,17,1]
[256,0,0,8,19,2,0,0,1]
[729,-162,23,-6,1]
[15625,-1875,238,-15,1]
[256,192,144,88,37,22,9,3,1]
[4096,-1024,432,-101,27,-4,1]
[4096,-768,192,-43,12,-3,1]
[512,-256,152,-57,19,-4,1]
[729,-54,10,-2,1]
[4096,768,288,109,18,3,1]
[4096,-512,-128,31,-8,-2,1]
[512,-128,16,-17,2,-2,1]
[512,192,184,45,23,3,1]
[256,0,0,-8,-3,-2,0,0,1]
[4096,1024,16,-33,1,4,1]
[256,-64,192,-44,67,-11,12,-1,1]
[256,-128,16,-32,29,-8,1,-2,1]
[256,128,80,0,9,0,5,2,1]
[16384,-512,-3,-4,1]
[256,0,16,8,1,2,1,0,1]
[4096,512,-112,-47,-7,2,1]
[4096,0,608,11,38,0,1]
[256,128,96,64,33,16,6,2,1]
[256,-192,48,44,-35,11,3,-3,1]
[512,-64,-32,11,-4,-1,1]
[4096,-768,416,-97,26,-3,1]
[256,0,96,-36,15,-9,6,0,1]
[14641,-4114,529,-34,1]
[4096,-1792,752,-199,47,-7,1]
[4096,-2816,1216,-369,76,-11,1]
[729,-567,252,-83,28,-7,1]
[4096,1280,96,-31,6,5,1]
[4096,-512,336,-23,21,-2,1]
[4096,-256,128,13,8,-1,1]
[4096,-2048,784,-243,49,-8,1]
[16384,-512,33,-4,1]
[4096,256,128,11,8,1,1]
[4096,-1536,544,-153,34,-6,1]
[4096,-768,112,-23,7,-3,1]
[729,-324,-9,26,-1,-4,1]
[4096,512,288,101,18,2,1]
[14641,0,-106,0,1]
[14641,1089,201,9,1]
[4096,-512,-80,-13,-5,-2,1]
[512,-64,104,-1,13,-1,1]
[4096,-256,32,-107,2,-1,1]
[256,-256,208,-120,63,-30,13,-4,1]
[15625,1750,291,14,1]
[256,64,96,40,23,10,6,1,1]
[729,243,54,5,6,3,1]
[4096,1792,0,-101,0,7,1]
[4096,768,208,71,13,3,1]
[512,0,-8,29,-1,0,1]
[256,-192,32,8,-5,2,2,-3,1]
[4096,-1024,384,-37,24,-4,1]
[2401,931,179,19,1]
[64,32,28,15,7,2,1]
[16384,-896,193,-7,1]
[4096,0,240,-21,15,0,1]
[4096,-320,127,-5,1]
[4096,-2304,544,-107,34,-9,1]
[14641,2057,228,17,1]
[729,324,117,49,13,4,1]
[16384,1280,245,10,1]
[6561,-648,86,-8,1]
[4096,-256,480,-23,30,-1,1]
[4096,512,16,25,1,2,1]
[256,-128,80,0,5,0,5,-2,1]
[14641,-484,82,-4,1]
[4096,2048,640,191,40,8,1]
[16384,-2176,267,-17,1]
[729,-567,315,-115,35,-7,1]
[6561,-81,101,-1,1]
[4096,-256,288,-71,18,-1,1]
[4096,-256,80,-47,5,-1,1]
[4096,1280,-160,-121,-10,5,1]
[256,192,144,80,35,20,9,3,1]
[4096,-2048,672,-191,42,-8,1]
[4096,1280,624,151,39,5,1]
[256,-320,256,-164,85,-41,16,-5,1]
[4096,-512,35,-8,1]
[16384,1536,115,12,1]
[4096,-704,69,-11,1]
[4096,256,-80,-73,-5,1,1]
[4096,1536,304,85,19,6,1]
[14641,2178,269,18,1]
[4096,768,-240,-97,-15,3,1]
[14641,968,159,8,1]
[256,-128,176,-68,61,-17,11,-2,1]
[15625,750,54,6,1]
[16384,768,71,6,1]
[15625,2500,208,20,1]
[1024,32,-49,1,1]
[256,-192,192,-96,63,-24,12,-3,1]
[81,18,2,2,1]
[16384,768,207,6,1]
[4096,0,400,35,25,0,1]
[4096,1280,48,-73,3,5,1]
[4096,1024,384,107,24,4,1]
[14641,-1815,167,-15,1]
[256,0,-48,4,3,1,-3,0,1]
[512,-256,24,5,3,-4,1]
[256,128,32,-12,-25,-3,2,2,1]
[6561,-810,74,-10,1]
[512,-256,96,-33,12,-4,1]
[4096,0,47,0,1]
[6561,-324,146,-4,1]
[15625,-375,-34,-3,1]
[16384,384,-157,3,1]
[4096,1280,576,103,36,5,1]
[4096,1024,576,125,36,4,1]
[256,0,16,4,-17,1,1,0,1]
[4096,-768,448,-75,28,-3,1]
[256,64,16,12,17,3,1,1,1]
[4096,-1024,144,27,9,-4,1]
[2401,0,-93,0,1]
[14641,121,201,1,1]
[14641,-242,197,-2,1]
[4096,256,-176,-47,-11,1,1]
[15625,-1000,213,-8,1]
[4096,2816,1328,379,83,11,1]
[4096,1024,256,85,16,4,1]
[729,405,189,53,21,5,1]
[256,-64,112,-52,27,-13,7,-1,1]
[4096,-1280,224,-45,14,-5,1]
[4096,-1024,336,-59,21,-4,1]
[15625,-500,-33,-4,1]
[256,-64,0,-4,-3,-1,0,-1,1]
[14641,-968,-62,-8,1]
[256,192,80,24,15,6,5,3,1]
[4096,0,288,-17,18,0,1]
[14641,2178,181,18,1]
[256,256,128,68,41,17,8,4,1]
[14641,-484,161,-4,1]
[64,32,20,15,5,2,1]
[6561,-324,125,-4,1]
[4096,256,256,-5,16,1,1]
[4096,-768,288,-27,18,-3,1]
[256,16,-13,1,1]
[256,192,128,56,33,14,8,3,1]
[14641,-363,-49,-3,1]
[15625,-2750,352,-22,1]
[14641,1210,221,10,1]
[16384,-1536,275,-12,1]
[14641,-1210,249,-10,1]
[4096,0,-192,-31,-12,0,1]
[729,324,81,11,9,4,1]
[256,0,128,40,29,10,8,0,1]
[512,-64,40,-31,5,-1,1]
[512,0,48,5,6,0,1]
[6561,1053,197,13,1]
[16384,1536,173,12,1]
[4096,256,208,77,13,1,1]
[256,64,128,36,33,9,8,1,1]
[6561,-1215,155,-15,1]
[14641,121,-78,1,1]
[4096,768,208,-5,13,3,1]
[4096,-1024,704,-127,44,-4,1]
[14641,-363,46,-3,1]
[14641,363,213,3,1]
[15625,625,-127,5,1]
[14641,-3388,406,-28,1]
[256,64,48,24,-1,6,3,1,1]
[4096,2560,944,257,59,10,1]
[512,-128,-8,17,-1,-2,1]
[256,192,80,20,5,5,5,3,1]
[256,-64,48,-20,5,-5,3,-1,1]
[81,-36,11,-4,1]
[2401,980,194,20,1]
[256,-64,16,16,-21,4,1,-1,1]
[1024,-192,13,-6,1]
[729,-243,27,-17,3,-3,1]
[4096,768,160,51,10,3,1]
[4096,-1280,112,3,7,-5,1]
[4096,512,-160,-43,-10,2,1]
[4096,768,32,11,2,3,1]
[4096,-2304,912,-285,57,-9,1]
[4096,-2048,752,-223,47,-8,1]
[15625,1625,208,13,1]
[6561,-1215,211,-15,1]
[15625,-250,164,-2,1]
[729,-810,459,-178,51,-10,1]
[16384,1024,189,8,1]
[4096,1280,160,3,10,5,1]
[256,-256,112,-12,-3,-3,7,-4,1]
[256,0,128,-36,31,-9,8,0,1]
[4096,-3072,1440,-421,90,-12,1]
[14641,-1815,104,-15,1]
[256,-128,0,0,9,0,0,-2,1]
[4096,1472,249,23,1]
[4096,-2048,1056,-265,66,-8,1]
[16384,-128,59,-1,1]
[16384,-384,91,-3,1]
[4096,1792,656,145,41,7,1]
[4096,256,-192,-51,-12,1,1]
[512,-128,152,-31,19,-2,1]
[4096,-1024,128,-17,8,-4,1]
[729,405,162,44,18,5,1]
[4096,1024,272,85,17,4,1]
[256,192,64,-12,-19,-3,4,3,1]
[4096,1024,-208,-109,-13,4,1]
[16384,4096,473,32,1]
[4096,0,64,83,4,0,1]
[512,512,312,135,39,8,1]
[14641,847,181,7,1]
[729,-81,90,-16,10,-1,1]
[4096,768,32,19,2,3,1]
[729,-243,198,-53,22,-3,1]
[14641,-1331,74,-11,1]
[14641,0,-74,0,1]
[4096,512,400,47,25,2,1]
[14641,3751,443,31,1]
[128,-17,1]
[256,0,16,16,17,4,1,0,1]
[16384,-1792,195,-14,1]
[14641,-484,103,-4,1]
[4096,192,-19,3,1]
[4096,1280,464,165,29,5,1]
[14641,1694,133,14,1]
[256,320,320,220,127,55,20,5,1]
[256,-64,96,-8,15,-2,6,-1,1]
[15625,0,56,0,1]
[15625,750,68,6,1]
[4096,512,-32,-59,-2,2,1]
[2401,-343,18,-7,1]
[512,128,-16,-35,-2,2,1]
[6561,-162,148,-2,1]
[4096,64,87,1,1]
[256,-192,96,-48,21,-12,6,-3,1]
[4096,1024,688,109,43,4,1]
[15625,2750,353,22,1]
[256,-384,304,-160,77,-40,19,-6,1]
[512,384,144,45,18,6,1]
[256,32,3,2,1]
[4096,256,16,23,1,1,1]
[15625,1000,-69,8,1]
[4096,768,-48,-99,-3,3,1]
[4096,768,-144,-129,-9,3,1]
[4096,768,512,107,32,3,1]
[4096,0,-16,-99,-1,0,1]
[15625,-3625,451,-29,1]
[4096,2048,880,239,55,8,1]
[2401,-784,145,-16,1]
[4096,-2816,1168,-353,73,-11,1]
[14641,1815,289,15,1]
[15625,875,-27,7,1]
[4096,-1280,195,-20,1]
[14641,-1694,108,-14,1]
[4096,256,96,65,6,1,1]
[4096,256,192,-41,12,1,1]
[4096,-1536,416,-63,26,-6,1]
[15625,-1250,141,-10,1]
[14641,121,172,1,1]
[14641,242,175,2,1]
[4096,0,672,-3,42,0,1]
[4096,-768,464,-111,29,-3,1]
[729,405,153,47,17,5,1]
[512,-192,24,-13,3,-3,1]
[256,-256,64,52,-47,13,4,-4,1]
[4096,-512,160,-95,10,-2,1]
[16384,-512,259,-4,1]
[256,192,0,-40,-23,-10,0,3,1]
[4096,-1024,48,23,3,-4,1]
[4096,-512,-96,85,-6,-2,1]
[4096,-128,-85,-2,1]
[4096,-1536,416,-61,26,-6,1]
[4096,3072,1072,275,67,12,1]
[512,0,8,-15,1,0,1]
[16384,3712,463,29,1]
[4096,-256,-16,-27,-1,-1,1]
[4096,512,176,-17,11,2,1]
[4096,-1280,496,-93,31,-5,1]
[4096,256,256,9,16,1,1]
[15625,-1500,273,-12,1]
[4096,0,672,-5,42,0,1]
[16384,384,205,3,1]
[14641,-1089,210,-9,1]
[14641,2662,296,22,1]
[14641,-121,163,-1,1]
[4096,2048,704,167,44,8,1]
[4096,-3584,1584,-465,99,-14,1]
[4096,0,160,-73,10,0,1]
[4096,-1280,48,67,3,-5,1]
[4096,-256,592,-39,37,-1,1]
[512,-192,104,-19,13,-3,1]
[15625,-1000,253,-8,1]
[4096,2560,768,175,48,10,1]
[15625,-750,72,-6,1]
[14641,968,-59,8,1]
[256,-64,0,16,-29,4,0,-1,1]
[4096,0,-32,-23,-2,0,1]
[4096,1536,80,-27,5,6,1]
[16384,1920,297,15,1]
[4096,4352,2208,685,138,17,1]
[14641,0,-205,0,1]
[16384,-512,39,-4,1]
[256,128,16,-16,-1,-4,1,2,1]
[729,0,144,-1,16,0,1]
[256,256,208,120,67,30,13,4,1]
[4096,-1024,336,-151,21,-4,1]
[256,-64,16,-4,5,-1,1,-1,1]
[15625,1000,172,8,1]
[4096,-256,64,-21,4,-1,1]
[14641,726,-100,6,1]
[6561,-1701,229,-21,1]
[15625,-1500,118,-12,1]
[256,-320,208,-76,29,-19,13,-5,1]
[14641,2299,295,19,1]
[15625,375,96,3,1]
[256,128,64,40,39,10,4,2,1]
[512,-64,16,23,2,-1,1]
[15625,1250,-14,10,1]
[729,27,20,1,1]
[256,192,96,16,-1,4,6,3,1]
[4096,-1024,-80,89,-5,-4,1]
[15625,875,-26,7,1]
[4096,1280,0,-57,0,5,1]
[4096,-1536,576,-161,36,-6,1]
[16384,-3328,391,-26,1]
[4096,1280,224,75,14,5,1]
[512,-512,328,-135,41,-8,1]
[4096,768,128,-17,8,3,1]
[729,81,36,53,4,1,1]
[256,-64,32,-4,23,-1,2,-1,1]
[256,-128,128,-56,33,-14,8,-2,1]
[729,-162,99,-35,11,-2,1]
[14641,363,-78,3,1]
[256,-192,112,-60,25,-15,7,-3,1]
[729,-486,243,-77,27,-6,1]
[4096,-2048,416,-51,26,-8,1]
[4096,-256,-16,13,-1,-1,1]
[256,0,-32,-12,-3,-3,-2,0,1]
[15625,-2500,228,-20,1]
[4096,1024,240,33,15,4,1]
[2401,98,-62,2,1]
[256,0,0,-16,1,-4,0,0,1]
[15625,1250,229,10,1]
[256,-384,288,-144,65,-36,18,-6,1]
[4096,2048,768,225,48,8,1]
[6561,891,56,11,1]
[15625,1625,114,13,1]
[256,-256,272,-164,99,-41,17,-4,1]
[4096,-1792,352,-49,22,-7,1]
[64,32,16,5,4,2,1]
[4096,-384,29,-6,1]
[256,0,128,12,37,3,8,0,1]
[6561,567,127,7,1]
[15625,1750,83,14,1]
[256,-64,-64,0,23,0,-4,-1,1]
[16384,1408,225,11,1]
[4096,256,256,-19,16,1,1]
[4096,256,112,111,7,1,1]
[14641,2662,326,22,1]
[15625,-2000,212,-16,1]
[729,81,0,13,0,1,1]
[4096,-1280,-128,135,-8,-5,1]
[14641,-1089,256,-9,1]
[256,-192,144,-80,55,-20,9,-3,1]
[4096,-64,71,-1,1]
[15625,-1375,119,-11,1]
[14641,847,226,7,1]
[14641,1452,76,12,1]
[15625,-750,186,-6,1]
[4096,2304,704,175,44,9,1]
[15625,125,-187,1,1]
[4096,-1280,-16,81,-1,-5,1]
[4096,768,320,7,20,3,1]
[256,-192,32,0,5,0,2,-3,1]
[4096,3072,1280,361,80,12,1]
[16384,-2176,175,-17,1]
[256,128,32,-12,-17,-3,2,2,1]
[15625,3125,359,25,1]
[6561,729,85,9,1]
[4096,0,128,69,8,0,1]
[4096,-768,304,-103,19,-3,1]
[16384,-2176,325,-17,1]
[4096,-1536,-112,121,-7,-6,1]
[4096,-1536,784,-171,49,-6,1]
[512,256,32,3,4,4,1]
[4096,-768,48,15,3,-3,1]
[256,192,128,76,29,19,8,3,1]
[16384,1408,1,11,1]
[4096,512,160,105,10,2,1]
[4096,768,48,-51,3,3,1]
[15625,-2500,302,-20,1]
[4096,256,-112,-43,-7,1,1]
[256,0,80,20,11,5,5,0,1]
[4096,384,79,6,1]
[4096,0,-64,87,-4,0,1]
[4096,768,384,35,24,3,1]
[4096,-1024,224,-23,14,-4,1]
[6561,324,-5,4,1]
[14641,121,-158,1,1]
[729,0,19,0,1]
[6561,-324,112,-4,1]
[15625,5000,646,40,1]
[16384,256,183,2,1]
[15625,0,24,0,1]
[4096,-1536,384,-51,24,-6,1]
[2401,441,96,9,1]
[16384,1664,41,13,1]
[4096,-1280,432,-83,27,-5,1]
[256,256,112,-12,-23,-3,7,4,1]
[4096,2048,688,161,43,8,1]
[729,162,135,23,15,2,1]
[256,-192,16,48,-33,12,1,-3,1]
[15625,1125,129,9,1]
[4096,1280,496,165,31,5,1]
[14641,-726,245,-6,1]
[512,256,104,41,13,4,1]
[14641,363,140,3,1]
[16384,-1792,271,-14,1]
[15625,2500,247,20,1]
[4096,-1024,464,-89,29,-4,1]
[729,-54,-32,-2,1]
[16384,3712,459,29,1]
[4096,256,64,77,4,1,1]
[2401,-49,-2,-1,1]
[512,-64,32,-11,4,-1,1]
[256,-128,112,-48,29,-12,7,-2,1]
[14641,847,-20,7,1]
[4096,1792,288,31,18,7,1]
[512,64,96,19,12,1,1]
[729,-243,45,-2,5,-3,1]
[256,192,64,-24,-21,-6,4,3,1]
[2401,0,1,0,1]
[1024,-32,61,-1,1]
[16384,1152,-15,9,1]
[729,648,315,110,35,8,1]
[4096,-768,16,67,1,-3,1]
[729,-405,207,-73,23,-5,1]
[4096,-768,-128,93,-8,-3,1]
[256,128,-80,-4,37,-1,-5,2,1]
[729,-243,126,-61,14,-3,1]
[4096,-1536,320,-29,20,-6,1]
[4096,-256,-80,55,-5,-1,1]
[729,-405,54,8,6,-5,1]
[4096,-256,128,-49,8,-1,1]
[4096,-2048,784,-251,49,-8,1]
[256,-64,0,0,19,0,0,-1,1]
[14641,-3630,450,-30,1]
[4096,-256,384,-11,24,-1,1]
[4096,768,-64,-99,-4,3,1]
[4096,-512,288,-43,18,-2,1]
[729,-54,37,-2,1]
[256,128,144,24,31,6,9,2,1]
[729,648,360,143,40,8,1]
[4096,-1024,624,-95,39,-4,1]
[256,256,192,112,59,28,12,4,1]
[15625,1750,258,14,1]
[512,-192,72,-33,9,-3,1]
[4096,256,48,-29,3,1,1]
[4096,512,160,23,10,2,1]
[6561,162,82,2,1]
[15625,1000,28,8,1]
[6561,405,-1,5,1]
[4096,1280,416,87,26,5,1]
[4096,-960,155,-15,1]
[256,0,-80,4,27,1,-5,0,1]
[1024,224,37,7,1]
[16384,-1920,303,-15,1]
[14641,-726,145,-6,1]
[15625,-1625,212,-13,1]
[4096,3072,1424,421,89,12,1]
[4096,-512,80,31,5,-2,1]
[14641,-3025,365,-25,1]
[4096,768,240,99,15,3,1]
[729,81,81,-16,9,1,1]
[4096,1536,560,115,35,6,1]
[16384,-896,97,-7,1]
[4096,2816,1120,317,70,11,1]
[15625,-750,78,-6,1]
[4096,-1536,768,-173,48,-6,1]
[4096,256,352,27,22,1,1]
[256,-320,240,-132,63,-33,15,-5,1]
[4096,-256,48,87,3,-1,1]
[4096,256,128,113,8,1,1]
[15625,1375,253,11,1]
[15625,3875,476,31,1]
[729,108,-5,4,1]
[4096,0,496,25,31,0,1]
[512,448,240,89,30,7,1]
[729,-405,126,-44,14,-5,1]
[14641,-605,234,-5,1]
[4096,-768,96,5,6,-3,1]
[4096,2560,1072,317,67,10,1]
[14641,-1210,-19,-10,1]
[729,405,216,88,24,5,1]
[4096,-1536,464,-101,29,-6,1]
[256,-192,80,-16,-3,-4,5,-3,1]
[256,-256,160,-108,69,-27,10,-4,1]
[4096,0,64,-97,4,0,1]
[729,-891,540,-215,60,-11,1]
[2401,931,176,19,1]
[4096,-256,128,-93,8,-1,1]
[512,-128,16,-23,2,-2,1]
[729,324,72,13,8,4,1]
[6561,-810,86,-10,1]
[15625,-500,31,-4,1]
[729,-108,50,-4,1]
[16384,1536,163,12,1]
[14641,-1210,211,-10,1]
[4096,-768,336,-51,21,-3,1]
[4096,1792,592,155,37,7,1]
[256,-256,128,-80,51,-20,8,-4,1]
[6561,1539,230,19,1]
[256,0,-32,20,17,5,-2,0,1]
[81,18,1,2,1]
[4096,768,-144,-89,-9,3,1]
[4096,-1280,256,-35,16,-5,1]
[14641,2662,260,22,1]
[4096,-256,64,-85,4,-1,1]
[64,-48,20,-5,5,-3,1]
[4096,4096,1888,559,118,16,1]
[512,0,16,37,2,0,1]
[6561,-324,160,-4,1]
[4096,-256,64,-23,4,-1,1]
[4096,1536,784,183,49,6,1]
[256,-192,32,-8,15,-2,2,-3,1]
[4096,1024,208,7,13,4,1]
[256,64,32,-4,5,-1,2,1,1]
[4096,-1280,704,-143,44,-5,1]
[14641,484,117,4,1]
[729,-324,171,-68,19,-4,1]
[16384,2560,211,20,1]
[4096,1792,512,147,32,7,1]
[4096,0,48,9,3,0,1]
[512,-128,24,-17,3,-2,1]
[4096,-256,-64,97,-4,-1,1]
[4096,-256,464,-1,29,-1,1]
[4096,-1536,256,-57,16,-6,1]
[4096,1280,496,159,31,5,1]
[14641,-726,-67,-6,1]
[14641,3146,400,26,1]
[4096,-1024,192,-5,12,-4,1]
[4096,512,80,-13,5,2,1]
[1024,-160,-7,-5,1]
[4096,1280,-96,-99,-6,5,1]
[6561,1134,176,14,1]
[15625,-2250,181,-18,1]
[4096,768,656,99,41,3,1]
[4096,-576,93,-9,1]
[15625,-125,-189,-1,1]
[256,-32,9,-2,1]
[256,256,224,152,77,38,14,4,1]
[256,-64,48,-36,11,-9,3,-1,1]
[2401,-735,127,-15,1]
[256,0,48,24,5,6,3,0,1]
[16384,-2688,225,-21,1]
[4096,1280,352,41,22,5,1]
[4096,512,416,41,26,2,1]
[15625,-125,186,-1,1]
[729,-189,52,-7,1]
[256,-192,192,-104,67,-26,12,-3,1]
[256,384,368,256,145,64,23,6,1]
[2401,-98,73,-2,1]
[4096,256,192,-33,12,1,1]
[729,-567,243,-76,27,-7,1]
[256,0,48,28,11,7,3,0,1]
[4096,-1024,496,-81,31,-4,1]
[256,-128,-16,8,7,2,-1,-2,1]
[4096,512,-80,-109,-5,2,1]
[4096,2816,1040,287,65,11,1]
[256,-128,96,-20,19,-5,6,-2,1]
[6561,-2349,361,-29,1]
[4096,-2304,752,-215,47,-9,1]
[4096,1536,880,187,55,6,1]
[256,-320,208,-76,27,-19,13,-5,1]
[15625,1125,233,9,1]
[14641,2420,227,20,1]
[15625,1375,174,11,1]
[4096,-768,-48,-7,-3,-3,1]
[16384,896,185,7,1]
[4096,0,16,-89,1,0,1]
[4096,-1024,480,-109,30,-4,1]
[4096,1024,160,47,10,4,1]
[729,-486,153,-44,17,-6,1]
[4096,768,176,21,11,3,1]
[2401,-245,39,-5,1]
[4096,2560,960,281,60,10,1]
[256,-192,80,-4,-15,-1,5,-3,1]
[4096,512,192,-35,12,2,1]
[16384,-128,-93,-1,1]
[15625,2250,212,18,1]
[4096,3072,1296,385,81,12,1]
[16384,128,17,1,1]
[256,-64,128,-52,33,-13,8,-1,1]
[256,-64,16,24,-13,6,1,-1,1]
[14641,968,122,8,1]
[4096,0,592,3,37,0,1]
[729,-243,54,-31,6,-3,1]
[6561,567,55,7,1]
[256,-256,240,-152,93,-38,15,-4,1]
[14641,2299,233,19,1]
[4096,2560,912,237,57,10,1]
[729,-324,54,7,6,-4,1]
[4096,-256,464,-41,29,-1,1]
[729,-243,72,-38,8,-3,1]
[4096,-2304,1152,-305,72,-9,1]
[14641,-242,177,-2,1]
[4096,-2048,896,-231,56,-8,1]
[14641,2420,232,20,1]
[14641,-726,-81,-6,1]
[1024,160,45,5,1]
[15625,500,64,4,1]
[4096,-3328,1552,-469,97,-13,1]
[15625,1125,256,9,1]
[15625,-125,-131,-1,1]
[4096,0,55,0,1]
[4096,-2048,304,-23,19,-8,1]
[4096,0,64,47,4,0,1]
[14641,847,31,7,1]
[729,-324,-36,43,-4,-4,1]
[14641,-1089,169,-9,1]
[4096,-1024,288,-105,18,-4,1]
[256,-64,48,-24,7,-6,3,-1,1]
[14641,-2178,235,-18,1]
[4096,768,48,-43,3,3,1]
[4096,-1024,32,41,2,-4,1]
[729,0,-9,-29,-1,0,1]
[4096,-256,16,37,1,-1,1]
[4096,-768,112,-75,7,-3,1]
[4096,-768,16,71,1,-3,1]
[512,192,56,25,7,3,1]
[729,-405,198,-86,22,-5,1]
[256,384,288,168,89,42,18,6,1]
[15625,750,188,6,1]
[4096,0,-48,77,-3,0,1]
[14641,-242,-67,-2,1]
[729,-81,99,-23,11,-1,1]
[4096,-1024,176,-59,11,-4,1]
[256,256,240,156,89,39,15,4,1]
[256,-64,96,-32,21,-8,6,-1,1]
[15625,-1750,238,-14,1]
[729,-243,72,-29,8,-3,1]
[15625,-375,151,-3,1]
[256,-64,0,-4,21,-1,0,-1,1]
[4096,1024,96,-37,6,4,1]
[14641,-484,-58,-4,1]
[4096,-1536,800,-181,50,-6,1]
[256,256,144,92,59,23,9,4,1]
[4096,-512,288,-25,18,-2,1]
[14641,0,-63,0,1]
[729,0,0,-5,0,0,1]
[256,-256,144,-76,37,-19,9,-4,1]
[4096,256,192,77,12,1,1]
[4096,-1792,432,-91,27,-7,1]
[256,256,80,-52,-53,-13,5,4,1]
[4096,-1280,400,-143,25,-5,1]
[4096,256,544,13,34,1,1]
[4096,-512,272,-37,17,-2,1]
[729,0,72,-2,8,0,1]
[4096,-512,384,-29,24,-2,1]
[14641,-1815,191,-15,1]
[256,192,128,56,25,14,8,3,1]
[256,64,-16,16,17,4,-1,1,1]
[4096,2048,528,135,33,8,1]
[256,0,96,-12,25,-3,6,0,1]
[16384,-1920,293,-15,1]
[14641,-2420,276,-20,1]
[256,256,176,116,69,29,11,4,1]
[16384,256,-123,2,1]
[4096,-1280,608,-139,38,-5,1]
[729,-405,216,-65,24,-5,1]
[256,-128,48,-4,5,-1,3,-2,1]
[4096,-512,64,-7,4,-2,1]
[4096,256,64,113,4,1,1]
[4096,-1024,240,-117,15,-4,1]
[4096,-768,688,-91,43,-3,1]
[256,-64,-32,12,13,3,-2,-1,1]
[4096,-320,73,-5,1]
[16384,512,53,4,1]
[15625,-250,-156,-2,1]
[15625,2750,262,22,1]
[4096,0,128,47,8,0,1]
[4096,-2048,80,89,5,-8,1]
[4096,0,48,-71,3,0,1]
[512,64,0,15,0,1,1]
[256,192,64,-16,-17,-4,4,3,1]
[256,-128,16,4,-1,1,1,-2,1]
[4096,0,176,71,11,0,1]
[4096,-2048,720,-187,45,-8,1]
[4096,-512,-32,-7,-2,-2,1]
[625,375,101,15,1]
[4096,-1280,384,-85,24,-5,1]
[4096,-512,384,-7,24,-2,1]
[2401,-98,-55,-2,1]
[729,243,0,-31,0,3,1]
[256,256,176,112,69,28,11,4,1]
[16384,768,-53,6,1]
[729,243,-54,-53,-6,3,1]
[256,-64,64,-48,23,-12,4,-1,1]
[16384,-1280,247,-10,1]
[729,-324,144,-68,16,-4,1]
[729,-81,0,37,0,-1,1]
[4096,-256,128,-35,8,-1,1]
[4096,-256,-112,23,-7,-1,1]
[256,64,160,48,53,12,10,1,1]
[4096,1024,96,39,6,4,1]
[15625,1875,91,15,1]
[4096,512,-192,-55,-12,2,1]
[256,-192,96,-44,13,-11,6,-3,1]
[4096,256,-112,-9,-7,1,1]
[15625,2250,289,18,1]
[15625,-1375,262,-11,1]
[6561,1053,91,13,1]
[729,378,94,14,1]
[512,-512,304,-129,38,-8,1]
[16384,1024,233,8,1]
[4096,256,-48,15,-3,1,1]
[6561,-810,131,-10,1]
[4096,1024,112,27,7,4,1]
[4096,1536,-96,-129,-6,6,1]
[4096,3072,1344,387,84,12,1]
[6561,891,44,11,1]
[14641,2057,307,17,1]
[4096,1024,208,65,13,4,1]
[256,-256,80,20,-25,5,5,-4,1]
[256,192,16,-12,1,-3,1,3,1]
[512,-64,8,-23,1,-1,1]
[15625,-1000,86,-8,1]
[4096,768,-80,-29,-5,3,1]
[2401,1176,239,24,1]
[16384,-1792,137,-14,1]
[4096,2048,640,167,40,8,1]
[4096,-512,-64,109,-4,-2,1]
[4096,1792,640,139,40,7,1]
[14641,2178,208,18,1]
[256,192,64,-12,-11,-3,4,3,1]
[6561,-891,97,-11,1]
[16384,-768,-9,-6,1]
[729,-324,-72,68,-8,-4,1]
[16384,384,-1,3,1]
[15625,-1000,-2,-8,1]
[4096,-2048,416,-67,26,-8,1]
[4096,-256,544,-11,34,-1,1]
[4096,-512,224,21,14,-2,1]
[4096,320,3,5,1]
[256,128,0,20,23,5,0,2,1]
[4096,256,128,-31,8,1,1]
[4096,1024,384,123,24,4,1]
[2401,-392,60,-8,1]
[4096,-512,480,-57,30,-2,1]
[14641,-1089,43,-9,1]
[14641,-1089,67,-9,1]
[256,0,0,-8,23,-2,0,0,1]
[4096,-256,-96,55,-6,-1,1]
[25,-4,1]
[512,0,-8,13,-1,0,1]
[256,-192,128,-72,41,-18,8,-3,1]
[729,81,-54,-17,-6,1,1]
[4096,512,256,-21,16,2,1]
[4096,1024,96,-25,6,4,1]
[512,-64,72,-27,9,-1,1]
[16384,512,-21,4,1]
[1024,96,37,3,1]
[4096,-768,320,-79,20,-3,1]
[4096,1536,240,37,15,6,1]
[256,-192,128,-68,37,-17,8,-3,1]
[256,0,-16,16,3,4,-1,0,1]
[4096,2304,1040,283,65,9,1]
[4096,0,-112,-37,-7,0,1]
[256,192,80,-8,-13,-2,5,3,1]
[14641,-2904,376,-24,1]
[15625,250,237,2,1]
[14641,968,-45,8,1]
[256,-320,256,-140,71,-35,16,-5,1]
[256,320,272,168,93,42,17,5,1]
[4096,1280,288,71,18,5,1]
[256,-64,112,-4,23,-1,7,-1,1]
[256,64,16,8,15,2,1,1,1]
[256,0,112,-16,31,-4,7,0,1]
[4096,0,112,-7,7,0,1]
[4096,960,165,15,1]
[4096,-960,129,-15,1]
[4096,1792,624,151,39,7,1]
[256,0,32,-24,9,-6,2,0,1]
[256,-128,96,-20,9,-5,6,-2,1]
[4096,-768,-192,109,-12,-3,1]
[16384,-768,-99,-6,1]
[256,-192,48,-16,11,-4,3,-3,1]
[4096,-1792,560,-119,35,-7,1]
[6561,-1377,212,-17,1]
[15625,-1875,196,-15,1]
[14641,1331,247,11,1]
[256,-192,80,-64,45,-16,5,-3,1]
[6561,243,20,3,1]
[4096,1024,112,1,7,4,1]
[4096,-512,112,19,7,-2,1]
[15625,-2750,341,-22,1]
[4096,0,-64,-29,-4,0,1]
[729,162,18,11,2,2,1]
[625,-175,53,-7,1]
[4096,1792,288,17,18,7,1]
[4096,0,448,11,28,0,1]
[4096,0,80,-11,5,0,1]
[15625,1500,111,12,1]
[625,-325,82,-13,1]
[15625,1125,38,9,1]
[15625,-625,-43,-5,1]
[64,-24,17,-3,1]
[4096,-1024,64,21,4,-4,1]
[4096,-1536,112,41,7,-6,1]
[4096,0,128,-27,8,0,1]
[256,320,256,160,87,40,16,5,1]
[14641,-1089,-26,-9,1]
[14641,-2178,172,-18,1]
[14641,4356,562,36,1]
[4096,0,32,11,2,0,1]
[4096,256,240,-53,15,1,1]
[4096,-1536,464,-147,29,-6,1]
[729,162,36,-20,4,2,1]
[256,256,128,48,23,12,8,4,1]
[6561,162,98,2,1]
[4096,-1536,528,-127,33,-6,1]
[4096,-256,176,27,11,-1,1]
[256,64,0,-28,-17,-7,0,1,1]
[512,256,48,5,6,4,1]
[16384,3072,377,24,1]
[256,128,80,52,23,13,5,2,1]
[6561,-1458,238,-18,1]
[256,-192,144,-104,53,-26,9,-3,1]
[14641,3388,389,28,1]
[4096,256,240,-25,15,1,1]
[4096,1024,240,73,15,4,1]
[14641,726,247,6,1]
[14641,1815,103,15,1]
[256,-64,16,-4,7,-1,1,-1,1]
[4096,2304,464,71,29,9,1]
[4096,0,-80,59,-5,0,1]
[4096,-256,-80,7,-5,-1,1]
[256,0,-32,-8,-3,-2,-2,0,1]
[256,0,16,0,-5,0,1,0,1]
[4096,256,176,71,11,1,1]
[14641,-1452,182,-12,1]
[256,192,64,28,21,7,4,3,1]
[4096,-768,432,-73,27,-3,1]
[729,486,180,47,20,6,1]
[16384,1920,293,15,1]
[2401,-490,108,-10,1]
[4096,1024,16,7,1,4,1]
[4096,0,75,0,1]
[4096,-192,73,-3,1]
[256,0,64,12,13,3,4,0,1]
[256,-192,128,-60,23,-15,8,-3,1]
[6561,-324,133,-4,1]
[4096,256,-176,-17,-11,1,1]
[15625,1125,11,9,1]
[729,-81,-13,-3,1]
[4096,-1280,16,63,1,-5,1]
[625,-200,51,-8,1]
[16384,-1408,239,-11,1]
[4096,512,112,-49,7,2,1]
[4096,256,224,25,14,1,1]
[6561,810,34,10,1]
[4096,1024,352,99,22,4,1]
[15625,-3500,378,-28,1]
[4096,512,160,113,10,2,1]
[4096,-2048,800,-219,50,-8,1]
[2401,1029,204,21,1]
[14641,-484,156,-4,1]
[4096,768,384,41,24,3,1]
[14641,-1573,182,-13,1]
[256,64,0,4,-1,1,0,1,1]
[4096,768,448,61,28,3,1]
[729,-324,9,25,1,-4,1]
[2401,-49,30,-1,1]
[256,64,80,12,29,3,5,1,1]
[512,-192,120,-33,15,-3,1]
[256,128,0,-32,-21,-8,0,2,1]
[256,0,0,24,9,6,0,0,1]
[4096,-768,224,-141,14,-3,1]
[729,324,189,58,21,4,1]
[729,0,-36,19,-4,0,1]
[4096,1792,640,149,40,7,1]
[256,-64,32,-12,9,-3,2,-1,1]
[729,-486,162,-53,18,-6,1]
[256,64,0,12,-1,3,0,1,1]
[4096,-1280,384,-123,24,-5,1]
[15625,-1250,-17,-10,1]
[4096,1024,640,131,40,4,1]
[6561,-972,125,-12,1]
[6561,0,71,0,1]
[729,-405,36,20,4,-5,1]
[512,0,32,27,4,0,1]
[15625,3000,369,24,1]
[14641,-1936,128,-16,1]
[729,0,90,5,10,0,1]
[6561,-324,103,-4,1]
[15625,-500,-26,-4,1]
[256,-64,48,24,-3,6,3,-1,1]
[64,16,4,-9,1,1,1]
[4096,-2304,992,-267,62,-9,1]
[4096,256,16,-59,1,1,1]
[4096,-1792,224,-11,14,-7,1]
[729,-486,216,-79,24,-6,1]
[16384,1152,93,9,1]
[4096,576,29,9,1]
[512,-576,344,-141,43,-9,1]
[15625,-1750,92,-14,1]
[4096,-1280,480,-149,30,-5,1]
[256,128,32,-20,-19,-5,2,2,1]
[4096,-1280,384,-121,24,-5,1]
[4096,2304,656,163,41,9,1]
[256,128,16,4,1,1,1,2,1]
[512,-64,72,-31,9,-1,1]
[729,-405,225,-89,25,-5,1]
[256,256,96,-24,-31,-6,6,4,1]
[15625,4125,503,33,1]
[4096,2048,512,93,32,8,1]
[4096,-1280,-224,155,-14,-5,1]
[4096,3328,1440,419,90,13,1]
[4096,-2304,624,-129,39,-9,1]
[14641,121,-167,1,1]
[729,324,81,19,9,4,1]
[14641,-1936,186,-16,1]
[4096,1280,320,57,20,5,1]
[256,-192,96,-36,21,-9,6,-3,1]
[4096,256,176,-55,11,1,1]
[4096,-768,113,-12,1]
[4096,1024,320,25,20,4,1]
[14641,1815,89,15,1]
[15625,-125,-213,-1,1]
[4096,-768,208,-7,13,-3,1]
[14641,1089,256,9,1]
[4096,1536,480,103,30,6,1]
[256,128,176,84,61,21,11,2,1]
[256,-64,0,16,-5,4,0,-1,1]
[4096,0,32,37,2,0,1]
[625,-75,41,-3,1]
[4096,-768,176,-21,11,-3,1]
[4096,512,240,95,15,2,1]
[14641,1452,257,12,1]
[256,0,64,-28,19,-7,4,0,1]
[16384,768,81,6,1]
[4096,1280,496,163,31,5,1]
[4096,-768,224,-137,14,-3,1]
[16384,384,161,3,1]
[4096,-1280,-160,153,-10,-5,1]
[4096,768,-112,-69,-7,3,1]
[6561,-81,-67,-1,1]
[6561,-810,106,-10,1]
[16384,-128,-37,-1,1]
[256,-64,128,-28,39,-7,8,-1,1]
[256,-256,208,-136,69,-34,13,-4,1]
[14641,-1331,73,-11,1]
[15625,750,-73,6,1]
[4096,-2048,912,-233,57,-8,1]
[4096,256,368,-25,23,1,1]
[4096,256,480,-1,30,1,1]
[729,-486,216,-70,24,-6,1]
[14641,363,-131,3,1]
[256,-256,256,-160,95,-40,16,-4,1]
[4096,-768,-192,105,-12,-3,1]
[729,243,0,-17,0,3,1]
[14641,968,234,8,1]
[14641,3025,375,25,1]
[729,405,189,62,21,5,1]
[512,0,0,-15,0,0,1]
[625,175,44,7,1]
[4096,-2816,1168,-327,73,-11,1]
[4096,-768,144,-61,9,-3,1]
[4096,512,-96,-19,-6,2,1]
[4096,-256,-16,-63,-1,-1,1]
[4096,1024,-160,-87,-10,4,1]
[4096,-256,0,87,0,-1,1]
[4096,-768,176,-69,11,-3,1]
[16384,768,-43,6,1]
[4096,2304,656,159,41,9,1]
[256,64,48,20,27,5,3,1,1]
[4096,-1024,-48,53,-3,-4,1]
[256,64,-32,4,7,1,-2,1,1]
[16384,1536,145,12,1]
[256,-128,112,-52,29,-13,7,-2,1]
[16384,-2432,337,-19,1]
[16384,-512,79,-4,1]
[14641,0,-29,0,1]
[15625,-2250,211,-18,1]
[4096,-512,128,-7,8,-2,1]
[16384,-512,207,-4,1]
[15625,375,-103,3,1]
[16384,256,67,2,1]
[15625,1375,152,11,1]
[16384,1792,271,14,1]
[4096,-1024,608,-105,38,-4,1]
[4096,-1536,672,-177,42,-6,1]
[4096,1536,448,153,28,6,1]
[4096,256,480,51,30,1,1]
[256,-192,208,-104,71,-26,13,-3,1]
[4096,-640,81,-10,1]
[6561,-243,-17,-3,1]
[2401,245,95,5,1]
[4096,0,624,-1,39,0,1]
[512,-448,264,-101,33,-7,1]
[4096,1024,432,105,27,4,1]
[256,128,48,36,27,9,3,2,1]
[4096,-768,-96,53,-6,-3,1]
[4096,-3584,1680,-509,105,-14,1]
[14641,2541,338,21,1]
[15625,250,203,2,1]
[729,486,189,53,21,6,1]
[4096,-256,-112,99,-7,-1,1]
[14641,-242,171,-2,1]
[256,-64,-32,-8,25,-2,-2,-1,1]
[16384,3456,391,27,1]
[729,81,27,35,3,1,1]
[4096,-576,123,-9,1]
[16384,384,159,3,1]
[256,64,32,24,31,6,2,1,1]
[4096,-1792,720,-165,45,-7,1]
[4096,1024,144,69,9,4,1]
[256,192,128,72,29,18,8,3,1]
[512,0,40,15,5,0,1]
[4096,1024,224,11,14,4,1]
[14641,1815,233,15,1]
[256,0,64,4,27,1,4,0,1]
[4096,1280,592,107,37,5,1]
[14641,-1089,-12,-9,1]
[256,-128,-16,4,15,1,-1,-2,1]
[256,-64,96,-48,21,-12,6,-1,1]
[15625,250,-138,2,1]
[729,81,153,4,17,1,1]
[4096,0,-224,-7,-14,0,1]
[4096,-1536,192,23,12,-6,1]
[4096,-2048,80,91,5,-8,1]
[4096,-64,93,-1,1]
[4096,-1792,656,-221,41,-7,1]
[729,-162,27,17,3,-2,1]
[14641,1210,225,10,1]
[14641,-484,-65,-4,1]
[4096,-256,208,23,13,-1,1]
[256,-64,16,-32,11,-8,1,-1,1]
[4096,-512,368,-57,23,-2,1]
[256,112,29,7,1]
[256,192,176,108,65,27,11,3,1]
[4096,-2304,736,-185,46,-9,1]
[625,125,11,5,1]
[14641,2783,340,23,1]
[4096,256,256,61,16,1,1]
[4096,-1024,640,-119,40,-4,1]
[16384,-768,49,-6,1]
[4096,512,-112,-31,-7,2,1]
[4096,-768,336,-29,21,-3,1]
[4096,1792,-112,-161,-7,7,1]
[4096,512,-176,-65,-11,2,1]
[4096,-1024,448,-113,28,-4,1]
[4096,128,-13,2,1]
[512,0,-8,-15,-1,0,1]
[625,400,111,16,1]
[4096,256,320,65,20,1,1]
[4096,1536,688,161,43,6,1]
[4096,256,192,33,12,1,1]
[4096,-512,-16,-9,-1,-2,1]
[4096,-1024,368,-107,23,-4,1]
[15625,-2500,243,-20,1]
[4096,1280,720,133,45,5,1]
[4096,-256,240,-23,15,-1,1]
[6561,405,34,5,1]
[512,320,112,25,14,5,1]
[256,-128,32,40,-19,10,2,-2,1]
[4096,512,176,99,11,2,1]
[256,128,-80,4,45,1,-5,2,1]
[4096,-1280,624,-161,39,-5,1]
[14641,2178,259,18,1]
[4096,1280,-32,-89,-2,5,1]
[4096,-768,96,-73,6,-3,1]
[729,-81,36,25,4,-1,1]
[256,-128,48,4,-11,1,3,-2,1]
[625,-100,48,-4,1]
[15625,2750,273,22,1]
[4096,2304,896,245,56,9,1]
[6561,-972,131,-12,1]
[16384,-128,97,-1,1]
[256,-256,112,-16,-7,-4,7,-4,1]
[16384,-384,249,-3,1]
[4096,768,224,103,14,3,1]
[512,384,80,3,10,6,1]
[4096,0,64,-35,4,0,1]
[16384,1664,149,13,1]
[14641,968,4,8,1]
[729,81,8,3,1]
[4096,1792,640,147,40,7,1]
[14641,2420,238,20,1]
[4096,-768,-224,93,-14,-3,1]
[256,-64,16,0,-19,0,1,-1,1]
[4096,0,144,5,9,0,1]
[14641,242,90,2,1]
[4096,1024,304,11,19,4,1]
[256,192,64,0,-7,0,4,3,1]
[4096,-512,432,-9,27,-2,1]
[4096,2304,544,101,34,9,1]
[4096,-640,75,-10,1]
[4096,-1536,96,53,6,-6,1]
[4096,-768,288,-135,18,-3,1]
[4096,-1536,256,-27,16,-6,1]
[14641,605,-111,5,1]
[512,-576,368,-155,46,-9,1]
[15625,-750,-91,-6,1]
[4096,1280,80,-13,5,5,1]
[16384,-1408,253,-11,1]
[4096,1024,512,87,32,4,1]
[2401,-196,29,-4,1]
[15625,250,-171,2,1]
[6561,810,46,10,1]
[512,-256,104,-35,13,-4,1]
[256,-64,32,-12,3,-3,2,-1,1]
[256,192,144,92,55,23,9,3,1]
[4096,512,96,43,6,2,1]
[4096,2816,1216,355,76,11,1]
[4096,-1216,203,-19,1]
[4096,1280,160,-15,10,5,1]
[729,0,27,29,3,0,1]
[14641,-242,151,-2,1]
[256,64,-16,-20,1,-5,-1,1,1]
[14641,0,162,0,1]
[6561,243,-2,3,1]
[256,320,304,220,121,55,19,5,1]
[512,0,32,-33,4,0,1]
[2401,0,-18,0,1]
[256,64,-32,8,13,2,-2,1,1]
[14641,2420,315,20,1]
[4096,-256,-176,19,-11,-1,1]
[4096,-1536,496,-99,31,-6,1]
[729,0,18,37,2,0,1]
[256,-192,64,-12,5,-3,4,-3,1]
[729,162,63,26,7,2,1]
[256,-192,192,-120,67,-30,12,-3,1]
[729,162,45,29,5,2,1]
[16384,2304,243,18,1]
[4096,-256,16,-29,1,-1,1]
[4096,-768,112,-51,7,-3,1]
[16384,0,165,0,1]
[64,48,-4,-13,-1,3,1]
[16384,0,115,0,1]
[14641,1573,195,13,1]
[256,-64,0,4,-1,1,0,-1,1]
[15625,1625,171,13,1]
[4096,-256,224,-7,14,-1,1]
[15625,375,167,3,1]
[729,-243,153,-34,17,-3,1]
[14641,-1210,52,-10,1]
[625,-275,64,-11,1]
[15625,1500,137,12,1]
[4096,-768,64,45,4,-3,1]
[16384,-256,-133,-2,1]
[15625,-1625,217,-13,1]
[4096,-512,272,-13,17,-2,1]
[256,256,112,36,19,9,7,4,1]
[729,243,27,-10,3,3,1]
[4096,-1024,80,-39,5,-4,1]
[729,-270,73,-10,1]
[4096,2048,784,195,49,8,1]
[256,-192,160,-116,55,-29,10,-3,1]
[4096,1024,464,63,29,4,1]
[256,128,96,56,43,14,6,2,1]
[4096,-256,112,-47,7,-1,1]
[625,50,7,2,1]
[256,0,-16,-28,5,-7,-1,0,1]
[6561,-162,-65,-2,1]
[256,128,16,32,29,8,1,2,1]
[256,0,-48,-20,17,-5,-3,0,1]
[14641,-1694,262,-14,1]
[14641,2783,301,23,1]
[256,128,32,-4,-3,-1,2,2,1]
[4096,0,256,-33,16,0,1]
[14641,968,250,8,1]
[4096,-1024,256,-19,16,-4,1]
[729,243,18,-26,2,3,1]
[6561,810,35,10,1]
[256,-64,48,-28,-7,-7,3,-1,1]
[15625,1500,87,12,1]
[15625,-4625,583,-37,1]
[4096,-1280,-192,145,-12,-5,1]
[256,-64,64,-8,-1,-2,4,-1,1]
[4096,0,336,-35,21,0,1]
[4096,-512,-48,55,-3,-2,1]
[4096,256,320,-15,20,1,1]
[256,0,16,-40,5,-10,1,0,1]
[4096,-1024,240,-93,15,-4,1]
[4096,1792,576,115,36,7,1]
[4096,1536,0,-73,0,6,1]
[14641,3872,496,32,1]
[512,256,104,21,13,4,1]
[729,-405,-54,73,-6,-5,1]
[4096,1024,416,57,26,4,1]
[4096,-1792,384,-47,24,-7,1]
[4096,-1536,704,-179,44,-6,1]
[512,192,128,25,16,3,1]
[15625,0,-231,0,1]
[14641,-2662,247,-22,1]
[4096,-1024,0,39,0,-4,1]
[729,-405,207,-86,23,-5,1]
[6561,81,-110,1,1]
[4096,2048,672,151,42,8,1]
[256,0,-48,-16,15,-4,-3,0,1]
[4096,1024,496,93,31,4,1]
[512,192,-16,-31,-2,3,1]
[15625,625,46,5,1]
[4096,-1024,192,11,12,-4,1]
[256,-192,240,-124,87,-31,15,-3,1]
[256,0,0,4,-7,1,0,0,1]
[512,-256,136,-45,17,-4,1]
[15625,-250,168,-2,1]
[2401,49,22,1,1]
[256,64,32,-44,-11,-11,2,1,1]
[4096,256,128,-23,8,1,1]
[256,-128,80,32,-11,8,5,-2,1]
[15625,-1000,229,-8,1]
[4096,-1024,112,-7,7,-4,1]
[15625,500,-134,4,1]
[15625,-1750,146,-14,1]
[14641,363,163,3,1]
[4096,-1024,448,-53,28,-4,1]
[14641,-1573,263,-13,1]
[15625,-1875,274,-15,1]
[15625,-2000,227,-16,1]
[4096,-768,528,-63,33,-3,1]
[729,324,261,68,29,4,1]
[512,128,-48,-33,-6,2,1]
[256,128,144,80,41,20,9,2,1]
[2401,-441,87,-9,1]
[16384,640,165,5,1]
[14641,2178,227,18,1]
[4096,-512,64,3,4,-2,1]
[1024,288,75,9,1]
[256,0,96,-20,19,-5,6,0,1]
[16384,3328,361,26,1]
[4096,-256,176,-67,11,-1,1]
[2401,686,121,14,1]
[6561,-486,7,-6,1]
[14641,-726,-90,-6,1]
[256,-128,-48,28,3,7,-3,-2,1]
[512,-64,-8,3,-1,-1,1]
[4096,-1024,576,-127,36,-4,1]
[4096,-1280,496,-83,31,-5,1]
[64,24,13,3,1]
[256,64,64,48,9,12,4,1,1]
[4096,2304,1024,273,64,9,1]
[15625,2625,283,21,1]
[256,256,144,48,11,12,9,4,1]
[256,192,48,-28,-33,-7,3,3,1]
[729,-405,81,-7,9,-5,1]
[729,-162,9,1,1,-2,1]
[729,-486,243,-98,27,-6,1]
[256,64,-16,-12,-5,-3,-1,1,1]
[14641,363,-161,3,1]
[729,486,198,67,22,6,1]
[256,64,16,-4,-21,-1,1,1,1]
[15625,-1125,-48,-9,1]
[256,-192,48,-4,1,-1,3,-3,1]
[4096,-1792,640,-171,40,-7,1]
[4096,1280,528,133,33,5,1]
[4096,-512,64,-17,4,-2,1]
[15625,-1500,233,-12,1]
[729,-486,207,-79,23,-6,1]
[256,-256,144,-32,7,-8,9,-4,1]
[4096,512,448,47,28,2,1]
[15625,375,-171,3,1]
[256,-256,112,-12,-5,-3,7,-4,1]
[15625,-2125,309,-17,1]
[14641,-1815,256,-15,1]
[4096,768,112,67,7,3,1]
[15625,1125,56,9,1]
[14641,-605,140,-5,1]
[4096,512,80,21,5,2,1]
[14641,1694,112,14,1]
[256,64,-32,-20,-9,-5,-2,1,1]
[512,-64,0,27,0,-1,1]
[4096,768,160,65,10,3,1]
[4096,-1024,336,-37,21,-4,1]
[4096,-256,160,-89,10,-1,1]
[512,0,120,-7,15,0,1]
[256,-256,272,-168,101,-42,17,-4,1]
[4096,-256,208,19,13,-1,1]
[4096,1024,192,11,12,4,1]
[4096,-3072,1360,-391,85,-12,1]
[256,128,48,32,9,8,3,2,1]
[256,-128,80,-36,13,-9,5,-2,1]
[4096,-1280,592,-149,37,-5,1]
[16384,896,125,7,1]
[256,256,128,4,-11,1,8,4,1]
[14641,1452,135,12,1]
[512,-384,216,-87,27,-6,1]
[729,-324,54,-8,6,-4,1]
[4096,0,320,-25,20,0,1]
[4096,-512,-176,69,-11,-2,1]
[4096,-512,32,-67,2,-2,1]
[729,-162,162,-37,18,-2,1]
[256,-64,48,32,-5,8,3,-1,1]
[4096,-1536,544,-199,34,-6,1]
[729,81,153,17,17,1,1]
[15625,2625,241,21,1]
[16384,-2048,285,-16,1]
[14641,-1573,179,-13,1]
[4096,0,29,0,1]
[256,0,64,16,17,4,4,0,1]
[256,-64,64,40,-5,10,4,-1,1]
[729,-162,63,-44,7,-2,1]
[4096,1792,656,163,41,7,1]
[4096,1792,656,171,41,7,1]
[81,9,7,1,1]
[4096,2304,912,279,57,9,1]
[4096,0,336,21,21,0,1]
[512,192,-24,-41,-3,3,1]
[4096,-512,336,1,21,-2,1]
[256,-256,160,-108,61,-27,10,-4,1]
[729,-162,63,-10,7,-2,1]
[256,64,64,28,1,7,4,1,1]
[4096,-1024,464,-53,29,-4,1]
[4096,-768,128,-77,8,-3,1]
[2401,343,51,7,1]
[14641,-1815,96,-15,1]
[4096,768,240,51,15,3,1]
[16384,768,-99,6,1]
[4096,-2048,192,39,12,-8,1]
[4096,0,208,-35,13,0,1]
[256,256,224,136,71,34,14,4,1]
[4096,-2560,720,-159,45,-10,1]
[6561,-648,20,-8,1]
[512,192,72,7,9,3,1]
[256,-128,16,-16,11,-4,1,-2,1]
[729,81,108,1,12,1,1]
[4096,-1280,240,-59,15,-5,1]
[4096,768,-48,-61,-3,3,1]
[4096,512,704,63,44,2,1]
[15625,-1625,258,-13,1]
[15625,1750,219,14,1]
[4096,0,480,-1,30,0,1]
[256,-192,80,-48,27,-12,5,-3,1]
[14641,605,-91,5,1]
[16384,1920,159,15,1]
[15625,750,116,6,1]
[4096,1280,432,127,27,5,1]
[729,-162,18,5,2,-2,1]
[256,-128,0,12,-9,3,0,-2,1]
[4096,768,192,-17,12,3,1]
[15625,-1375,36,-11,1]
[2401,147,68,3,1]
[4096,2048,640,161,40,8,1]
[4096,768,-224,-89,-14,3,1]
[625,-75,26,-3,1]
[4096,256,288,59,18,1,1]
[64,-64,44,-25,11,-4,1]
[4096,256,336,59,21,1,1]
[256,-128,112,-72,31,-18,7,-2,1]
[4096,-1792,608,-127,38,-7,1]
[256,-64,32,4,5,1,2,-1,1]
[15625,250,-181,2,1]
[6561,-1134,173,-14,1]
[4096,1536,448,131,28,6,1]
[16384,-1664,59,-13,1]
[14641,121,-20,1,1]
[4096,-768,512,-101,32,-3,1]
[14641,-3630,452,-30,1]
[4096,1280,368,151,23,5,1]
[4096,-1280,224,-25,14,-5,1]
[4096,1280,-128,-111,-8,5,1]
[256,128,96,28,21,7,6,2,1]
[256,256,144,60,21,15,9,4,1]
[4096,-1280,416,-79,26,-5,1]
[4096,-256,-32,-57,-2,-1,1]
[4096,1024,464,73,29,4,1]
[4096,768,256,57,16,3,1]
[14641,-1694,283,-14,1]
[16384,-2432,205,-19,1]
[4096,1536,432,81,27,6,1]
[729,-162,45,-16,5,-2,1]
[256,128,32,-28,-13,-7,2,2,1]
[4096,-1536,624,-183,39,-6,1]
[4096,-1024,224,-37,14,-4,1]
[16384,1408,137,11,1]
[729,81,-18,-14,-2,1,1]
[4096,-2560,960,-253,60,-10,1]
[4096,256,512,13,32,1,1]
[4096,-1280,32,63,2,-5,1]
[256,128,16,-32,-31,-8,1,2,1]
[256,-192,128,-72,37,-18,8,-3,1]
[15625,1250,133,10,1]
[4096,-768,352,-103,22,-3,1]
[729,-162,54,10,6,-2,1]
[6561,-486,28,-6,1]
[256,128,0,-8,-5,-2,0,2,1]
[4096,1024,256,23,16,4,1]
[4096,1280,720,159,45,5,1]
[256,128,32,20,19,5,2,2,1]
[4096,3072,1360,407,85,12,1]
[4096,-1792,576,-179,36,-7,1]
[15625,-1625,108,-13,1]
[4096,256,336,1,21,1,1]
[4096,-1792,480,-95,30,-7,1]
[15625,0,-237,0,1]
[15625,-125,-199,-1,1]
[6561,162,-119,2,1]
[4096,0,112,-71,7,0,1]
[14641,1331,196,11,1]
[6561,567,83,7,1]
[4096,-1792,672,-189,42,-7,1]
[14641,1210,216,10,1]
[4096,-320,121,-5,1]
[6561,729,131,9,1]
[4096,-768,64,29,4,-3,1]
[256,-256,128,-40,17,-10,8,-4,1]
[256,192,128,68,45,17,8,3,1]
[729,-81,144,-26,16,-1,1]
[4096,256,176,-19,11,1,1]
[729,324,-72,-73,-8,4,1]
[256,128,160,68,53,17,10,2,1]
[4096,-1536,352,-37,22,-6,1]
[16384,2688,265,21,1]
[512,64,112,23,14,1,1]
[4096,-768,16,-35,1,-3,1]
[256,0,48,4,11,1,3,0,1]
[15625,0,183,0,1]
[4096,1536,528,161,33,6,1]
[4096,-1536,192,19,12,-6,1]
[14641,-484,133,-4,1]
[256,-64,0,20,-11,5,0,-1,1]
[729,-324,81,-10,9,-4,1]
[14641,3388,379,28,1]
[729,810,504,205,56,10,1]
[14641,4235,538,35,1]
[4096,-1792,512,-119,32,-7,1]
[256,256,112,8,-11,2,7,4,1]
[4096,-1792,688,-203,43,-7,1]
[4096,-768,-48,81,-3,-3,1]
[15625,-875,117,-7,1]
[256,0,160,4,53,1,10,0,1]
[256,-192,96,-52,25,-13,6,-3,1]
[4096,-1280,816,-155,51,-5,1]
[512,-64,24,27,3,-1,1]
[256,-64,0,-4,-11,-1,0,-1,1]
[256,0,32,24,7,6,2,0,1]
[512,192,40,13,5,3,1]
[4096,1536,544,157,34,6,1]
[15625,1500,141,12,1]
[4096,-1536,-192,161,-12,-6,1]
[14641,-2420,329,-20,1]
[256,-64,64,-8,27,-2,4,-1,1]
[15625,-2250,242,-18,1]
[14641,-1694,153,-14,1]
[14641,-1452,120,-12,1]
[729,162,72,4,8,2,1]
[14641,-847,-30,-7,1]
[15625,-1500,154,-12,1]
[15625,3750,429,30,1]
[4096,-1280,240,-65,15,-5,1]
[6561,81,-142,1,1]
[4096,-768,137,-12,1]
[512,320,152,53,19,5,1]
[14641,-3267,390,-27,1]
[15625,-3125,339,-25,1]
[4096,0,-32,-85,-2,0,1]
[14641,847,-64,7,1]
[512,-128,48,-7,6,-2,1]
[4096,-768,368,-87,23,-3,1]
[512,-320,208,-73,26,-5,1]
[256,64,64,52,9,13,4,1,1]
[15625,375,-87,3,1]
[256,-128,112,-52,41,-13,7,-2,1]
[4096,1024,176,45,11,4,1]
[2401,-294,8,-6,1]
[729,-567,288,-98,32,-7,1]
[16384,-512,63,-4,1]
[6561,2349,368,29,1]
[6561,-891,58,-11,1]
[729,-81,18,-22,2,-1,1]
[729,0,-36,-13,-4,0,1]
[256,-16,5,-1,1]
[15625,250,28,2,1]
[729,-405,99,-14,11,-5,1]
[729,0,81,11,9,0,1]
[14641,-3509,435,-29,1]
[729,81,135,10,15,1,1]
[729,-162,144,-41,16,-2,1]
[16384,768,-55,6,1]
[512,0,24,27,3,0,1]
[6561,243,95,3,1]
[14641,1210,89,10,1]
[512,-256,-8,35,-1,-4,1]
[256,128,48,12,3,3,3,2,1]
[4096,-256,224,35,14,-1,1]
[4096,-1024,0,83,0,-4,1]
[4096,128,-25,2,1]
[729,243,72,7,8,3,1]
[16384,2176,273,17,1]
[729,-486,36,32,4,-6,1]
[625,-25,-9,-1,1]
[15625,1000,97,8,1]
[4096,1536,448,157,28,6,1]
[4096,2560,736,165,46,10,1]
[4096,512,192,51,12,2,1]
[4096,1792,592,159,37,7,1]
[729,486,243,85,27,6,1]
[729,-162,-45,22,-5,-2,1]
[729,-405,162,-43,18,-5,1]
[512,-320,104,-33,13,-5,1]
[729,243,108,53,12,3,1]
[512,64,64,11,8,1,1]
[729,-405,207,-82,23,-5,1]
[14641,-484,12,-4,1]
[14641,726,-23,6,1]
[4096,256,-112,-27,-7,1,1]
[729,-81,81,-10,9,-1,1]
[4096,-2304,528,-85,33,-9,1]
[729,-243,171,-38,19,-3,1]
[15625,-1125,54,-9,1]
[15625,-1250,13,-10,1]
[729,405,234,70,26,5,1]
[4096,2048,704,189,44,8,1]
[729,-162,9,-7,1,-2,1]
[4096,-1024,-64,87,-4,-4,1]
[4096,0,480,19,30,0,1]
[15625,250,206,2,1]
[4096,-3328,1488,-455,93,-13,1]
[6561,486,85,6,1]
[6561,810,23,10,1]
[14641,-1573,265,-13,1]
[256,128,80,44,11,11,5,2,1]
[64,-16,-4,7,-1,-1,1]
[4096,0,176,-43,11,0,1]
[4096,-768,400,-109,25,-3,1]
[256,-32,7,-2,1]
[4096,-1536,304,-43,19,-6,1]
[16384,-2304,257,-18,1]
[512,-192,-8,27,-1,-3,1]
[4096,256,-32,-37,-2,1,1]
[14641,1089,192,9,1]
[729,-324,-18,35,-2,-4,1]
[16384,-128,171,-1,1]
[4096,256,-32,5,-2,1,1]
[256,-320,256,-172,95,-43,16,-5,1]
[256,0,0,16,-13,4,0,0,1]
[4096,0,-16,-7,-1,0,1]
[14641,121,-118,1,1]
[14641,-2178,268,-18,1]
[4096,0,-176,7,-11,0,1]
[4096,512,144,69,9,2,1]
[4096,256,-43,4,1]
[4096,-1792,624,-215,39,-7,1]
[4096,-768,160,-43,10,-3,1]
[4096,768,48,41,3,3,1]
[6561,810,62,10,1]
[256,-256,224,-152,75,-38,14,-4,1]
[16384,1280,9,10,1]
[2401,-147,-24,-3,1]
[256,192,128,52,25,13,8,3,1]
[6561,0,49,0,1]
[6561,-1134,103,-14,1]
[256,-192,144,-84,41,-21,9,-3,1]
[4096,-1024,400,-123,25,-4,1]
[4096,-512,-128,5,-8,-2,1]
[256,-128,112,-4,15,-1,7,-2,1]
[256,-64,80,-36,9,-9,5,-1,1]
[14641,-1210,238,-10,1]
[256,0,80,-32,19,-8,5,0,1]
[256,320,336,224,133,56,21,5,1]
[6561,-243,-7,-3,1]
[14641,-2541,345,-21,1]
[256,-192,224,-112,77,-28,14,-3,1]
[4096,-768,64,41,4,-3,1]
[4096,-576,49,-9,1]
[256,-128,16,-24,33,-6,1,-2,1]
[16384,1408,9,11,1]
[15625,125,-77,1,1]
[6561,-486,157,-6,1]
[4096,512,-192,-51,-12,2,1]
[256,-64,48,12,-5,3,3,-1,1]
[6561,405,-64,5,1]
[4096,-1536,608,-171,38,-6,1]
[14641,2904,383,24,1]
[256,-128,80,-52,31,-13,5,-2,1]
[4096,1792,592,145,37,7,1]
[4096,1536,480,155,30,6,1]
[16384,384,9,3,1]
[256,128,-32,-8,13,-2,-2,2,1]
[15625,0,4,0,1]
[256,128,16,-16,-3,-4,1,2,1]
[256,256,80,-36,-39,-9,5,4,1]
[4096,-768,-96,17,-6,-3,1]
[4096,256,208,25,13,1,1]
[15625,-3750,421,-30,1]
[256,192,176,120,55,30,11,3,1]
[4096,-1792,768,-203,48,-7,1]
[4096,512,496,61,31,2,1]
[4096,1792,608,137,38,7,1]
[4096,1792,496,149,31,7,1]
[4096,2048,1024,257,64,8,1]
[729,81,108,11,12,1,1]
[4096,0,144,-57,9,0,1]
[16384,1920,249,15,1]
[4096,512,-48,-75,-3,2,1]
[14641,363,216,3,1]
[2401,196,86,4,1]
[4096,-768,144,-65,9,-3,1]
[4096,-512,128,17,8,-2,1]
[15625,1000,234,8,1]
[16384,0,139,0,1]
[4096,-1792,448,-71,28,-7,1]
[729,0,-27,-11,-3,0,1]
[4096,768,480,93,30,3,1]
[512,0,88,1,11,0,1]
[15625,1875,214,15,1]
[256,256,160,84,37,21,10,4,1]
[512,0,16,7,2,0,1]
[4096,-512,80,-29,5,-2,1]
[16384,-2432,269,-19,1]
[4096,0,272,-11,17,0,1]
[4096,-512,64,-69,4,-2,1]
[4096,-256,-192,37,-12,-1,1]
[15625,1375,9,11,1]
[15625,0,-228,0,1]
[15625,375,37,3,1]
[4096,1024,448,71,28,4,1]
[15625,1250,103,10,1]
[16384,2944,289,23,1]
[15625,0,91,0,1]
[1024,256,43,8,1]
[256,192,64,4,-3,1,4,3,1]
[256,-320,224,-132,69,-33,14,-5,1]
[729,-243,45,-23,5,-3,1]
[15625,125,61,1,1]
[256,128,80,52,27,13,5,2,1]
[2401,441,110,9,1]
[256,-128,-64,32,5,8,-4,-2,1]
[15625,375,7,3,1]
[729,0,36,-14,4,0,1]
[4096,256,16,-13,1,1,1]
[256,-128,64,-36,31,-9,4,-2,1]
[2401,147,27,3,1]
[729,-486,171,-50,19,-6,1]
[4096,832,87,13,1]
[6561,-2025,301,-25,1]
[4096,1792,208,5,13,7,1]
[4096,-2816,1168,-335,73,-11,1]
[512,-384,120,-33,15,-6,1]
[256,-128,128,-68,35,-17,8,-2,1]
[625,300,84,12,1]
[4096,-512,112,-29,7,-2,1]
[6561,-567,140,-7,1]
[4096,-768,176,-33,11,-3,1]
[4096,512,160,61,10,2,1]
[4096,2048,864,225,54,8,1]
[4096,2816,1248,363,78,11,1]
[14641,-2057,274,-17,1]
[256,320,144,-4,-25,-1,9,5,1]
[512,320,128,49,16,5,1]
[256,-64,96,-80,17,-20,6,-1,1]
[6561,243,58,3,1]
[256,-64,64,0,-1,0,4,-1,1]
[512,64,-48,-23,-6,1,1]
[15625,750,57,6,1]
[2401,-490,54,-10,1]
[14641,-605,-17,-5,1]
[16384,-1408,193,-11,1]
[4096,64,101,1,1]
[14641,-1936,256,-16,1]
[14641,1089,126,9,1]
[729,-648,333,-119,37,-8,1]
[15625,-1000,237,-8,1]
[14641,2178,292,18,1]
[16384,-512,139,-4,1]
[4096,512,128,123,8,2,1]
[4096,256,400,65,25,1,1]
[625,-25,48,-1,1]
[4096,-1024,-144,103,-9,-4,1]
[64,64,52,27,13,4,1]
[15625,-1750,97,-14,1]
[16384,-640,135,-5,1]
[15625,-2125,321,-17,1]
[4096,-1792,736,-219,46,-7,1]
[256,-64,16,-12,15,-3,1,-1,1]
[512,-384,0,51,0,-6,1]
[2401,392,29,8,1]
[256,0,16,8,5,2,1,0,1]
[14641,-1694,91,-14,1]
[4096,1024,48,15,3,4,1]
[4096,-256,96,-49,6,-1,1]
[4096,2816,1168,351,73,11,1]
[16384,-5248,673,-41,1]
[4096,256,27,4,1]
[4096,-1280,336,-43,21,-5,1]
[625,-25,-21,-1,1]
[4096,2816,1056,287,66,11,1]
[4096,1024,512,123,32,4,1]
[4096,1024,160,-27,10,4,1]
[4096,1280,304,55,19,5,1]
[4096,-256,224,-67,14,-1,1]
[4096,1024,304,107,19,4,1]
[4096,512,16,-53,1,2,1]
[256,-64,48,4,-9,1,3,-1,1]
[4096,2304,464,69,29,9,1]
[4096,2304,640,147,40,9,1]
[15625,-2000,204,-16,1]
[4096,768,464,109,29,3,1]
[4096,1024,160,-33,10,4,1]
[4096,-1024,416,-43,26,-4,1]
[256,64,-48,-16,9,-4,-3,1,1]
[14641,1210,-13,10,1]
[256,0,32,24,-9,6,2,0,1]
[4096,-1024,432,-83,27,-4,1]
[64,32,20,7,5,2,1]
[256,0,64,0,17,0,4,0,1]
[4096,-512,48,-3,3,-2,1]
[256,-64,160,-36,55,-9,10,-1,1]
[256,256,176,112,59,28,11,4,1]
[6561,-2430,383,-30,1]
[15625,-375,-137,-3,1]
[14641,-2541,284,-21,1]
[4096,256,192,95,12,1,1]
[14641,726,91,6,1]
[4096,512,-192,-75,-12,2,1]
[256,-384,208,-24,-15,-6,13,-6,1]
[1024,-96,61,-3,1]
[256,-192,176,-112,65,-28,11,-3,1]
[4096,-1024,80,59,5,-4,1]
[256,0,64,12,21,3,4,0,1]
[256,256,48,-44,-35,-11,3,4,1]
[6561,0,-100,0,1]
[4096,-1792,752,-175,47,-7,1]
[16384,1280,231,10,1]
[512,128,0,1,0,2,1]
[729,405,-45,-68,-5,5,1]
[1024,192,65,6,1]
[14641,2541,280,21,1]
[729,81,36,47,4,1,1]
[4096,768,240,37,15,3,1]
[4096,256,240,45,15,1,1]
[4096,-1024,96,27,6,-4,1]
[4096,768,48,9,3,3,1]
[729,0,45,-22,5,0,1]
[729,-162,45,-31,5,-2,1]
[4096,-2816,992,-253,62,-11,1]
[15625,3125,339,25,1]
[256,-64,112,-32,41,-8,7,-1,1]
[256,-128,96,-8,9,-2,6,-2,1]
[729,162,-45,-14,-5,2,1]
[6561,81,83,1,1]
[4096,512,-32,-15,-2,2,1]
[256,-128,64,-24,13,-6,4,-2,1]
[15625,2125,262,17,1]
[6561,1215,187,15,1]
[729,-162,153,-40,17,-2,1]
[256,64,48,16,1,4,3,1,1]
[4096,0,416,-19,26,0,1]
[256,128,80,8,9,2,5,2,1]
[15625,1000,-18,8,1]
[4096,256,320,-33,20,1,1]
[4096,256,128,-7,8,1,1]
[2401,-588,87,-12,1]
[4096,768,192,9,12,3,1]
[4096,1024,0,-67,0,4,1]
[14641,-3025,356,-25,1]
[4096,1536,256,21,16,6,1]
[6561,1296,155,16,1]
[512,-192,128,-43,16,-3,1]
[4096,-1024,48,-9,3,-4,1]
[512,-128,88,-29,11,-2,1]
[4096,-2048,592,-163,37,-8,1]
[14641,-1815,106,-15,1]
[4096,0,-96,9,-6,0,1]
[4096,512,400,89,25,2,1]
[14641,-121,25,-1,1]
[729,54,46,2,1]
[15625,-3375,401,-27,1]
[256,-64,96,-28,31,-7,6,-1,1]
[14641,726,215,6,1]
[4096,-768,160,21,10,-3,1]
[14641,-1331,10,-11,1]
[4096,1536,160,-19,10,6,1]
[4096,0,336,-21,21,0,1]
[14641,1452,147,12,1]
[15625,1125,99,9,1]
[15625,-2000,173,-16,1]
[15625,-125,-144,-1,1]
[729,-405,-45,70,-5,-5,1]
[14641,-1452,244,-12,1]
[256,448,496,368,213,92,31,7,1]
[4096,-1024,192,-53,12,-4,1]
[512,448,160,45,20,7,1]
[4096,1536,608,181,38,6,1]
[512,-64,-40,5,-5,-1,1]
[4096,-2816,1088,-301,68,-11,1]
[4096,512,224,71,14,2,1]
[256,-128,128,-36,35,-9,8,-2,1]
[729,162,9,-13,1,2,1]
[4096,768,288,103,18,3,1]
[14641,605,174,5,1]
[256,0,16,20,15,5,1,0,1]
[512,128,0,13,0,2,1]
[4096,1024,352,119,22,4,1]
[4096,1792,-208,-205,-13,7,1]
[4096,1024,-112,-101,-7,4,1]
[14641,1815,189,15,1]
[14641,-847,41,-7,1]
[15625,125,-207,1,1]
[2401,-735,136,-15,1]
[4096,1536,528,95,33,6,1]
[256,0,64,-48,1,-12,4,0,1]
[4096,512,496,71,31,2,1]
[4096,-768,32,71,2,-3,1]
[256,-384,320,-220,125,-55,20,-6,1]
[14641,1936,169,16,1]
[256,128,64,44,35,11,4,2,1]
[4096,2048,624,137,39,8,1]
[4096,-512,32,-29,2,-2,1]
[256,0,0,-20,-3,-5,0,0,1]
[729,81,0,-1,0,1,1]
[14641,121,102,1,1]
[4096,-256,144,71,9,-1,1]
[4096,-2560,784,-191,49,-10,1]
[256,64,80,-12,13,-3,5,1,1]
[256,-256,192,-116,65,-29,12,-4,1]
[2401,-735,130,-15,1]
[256,256,192,108,59,27,12,4,1]
[256,0,48,-32,1,-8,3,0,1]
[256,64,112,28,39,7,7,1,1]
[1024,128,-17,4,1]
[6561,-1053,173,-13,1]
[4096,0,-32,-101,-2,0,1]
[4096,-256,496,-51,31,-1,1]
[256,64,32,0,-13,0,2,1,1]
[729,486,279,100,31,6,1]
[729,-324,-18,38,-2,-4,1]
[729,-324,153,-62,17,-4,1]
[4096,1280,528,97,33,5,1]
[4096,-256,224,-25,14,-1,1]
[16384,1408,59,11,1]
[14641,-1936,258,-16,1]
[729,243,126,61,14,3,1]
[14641,1089,208,9,1]
[4096,512,208,-43,13,2,1]
[15625,1125,182,9,1]
[256,256,160,104,63,26,10,4,1]
[4096,1024,400,35,25,4,1]
[256,-128,80,-16,11,-4,5,-2,1]
[729,486,306,109,34,6,1]
[4096,-2816,1152,-325,72,-11,1]
[729,162,27,4,3,2,1]
[16384,3200,391,25,1]
[4096,-512,176,-31,11,-2,1]
[16384,-3456,409,-27,1]
[4096,0,368,-1,23,0,1]
[256,0,112,-16,25,-4,7,0,1]
[729,-81,90,-38,10,-1,1]
[16384,-1152,55,-9,1]
[256,0,-16,12,1,3,-1,0,1]
[4096,-768,-160,85,-10,-3,1]
[4096,-2304,784,-197,49,-9,1]
[15625,-1125,249,-9,1]
[4096,1024,416,45,26,4,1]
[4096,0,416,-21,26,0,1]
[15625,-750,137,-6,1]
[2401,-98,-65,-2,1]
[14641,363,53,3,1]
[512,192,72,37,9,3,1]
[256,448,384,212,103,53,24,7,1]
[15625,125,-101,1,1]
[256,-64,80,4,13,1,5,-1,1]
[4096,-1792,848,-205,53,-7,1]
[4096,256,-96,-69,-6,1,1]
[14641,1089,32,9,1]
[4096,3584,1696,513,106,14,1]
[4096,-768,-64,105,-4,-3,1]
[16384,-128,9,-1,1]
[4096,-256,176,59,11,-1,1]
[4096,2048,800,201,50,8,1]
[16384,-128,-101,-1,1]
[4096,512,48,-87,3,2,1]
[14641,-1210,60,-10,1]
[729,-486,243,-95,27,-6,1]
[15625,375,-158,3,1]
[4096,2048,48,-109,3,8,1]
[4096,1536,528,97,33,6,1]
[4096,768,224,-5,14,3,1]
[15625,-1250,237,-10,1]
[4096,3072,1408,419,88,12,1]
[4096,-256,-176,69,-11,-1,1]
[14641,-242,-112,-2,1]
[4096,1536,-112,-121,-7,6,1]
[16384,-512,-51,-4,1]
[4096,-1024,224,9,14,-4,1]
[4096,1792,208,-9,13,7,1]
[4096,1280,144,1,9,5,1]
[14641,-2178,251,-18,1]
[4096,1536,448,83,28,6,1]
[15625,-750,33,-6,1]
[15625,-1750,297,-14,1]
[14641,-1089,222,-9,1]
[16384,-1792,229,-14,1]
[16384,2432,239,19,1]
[14641,-242,95,-2,1]
[4096,-1536,352,-91,22,-6,1]
[64,32,24,13,6,2,1]
[512,320,160,59,20,5,1]
[15625,-125,3,-1,1]
[6561,405,32,5,1]
[4096,2304,1088,297,68,9,1]
[4096,704,139,11,1]
[4096,0,64,-63,4,0,1]
[4096,-256,-112,35,-7,-1,1]
[6561,-1620,236,-20,1]
[625,100,33,4,1]
[14641,-484,-43,-4,1]
[16384,-384,153,-3,1]
[729,-486,261,-107,29,-6,1]
[729,243,63,-1,7,3,1]
[256,-64,0,16,-25,4,0,-1,1]
[4096,-2560,1168,-325,73,-10,1]
[16384,-768,99,-6,1]
[4096,1024,336,81,21,4,1]
[4096,-768,512,-87,32,-3,1]
[16384,-1408,15,-11,1]
[256,-192,176,-104,55,-26,11,-3,1]
[4096,-768,160,-89,10,-3,1]
[4096,-256,128,-63,8,-1,1]
[4096,-256,640,-33,40,-1,1]
[4096,1024,544,115,34,4,1]
[14641,-1452,151,-12,1]
[15625,-1250,-21,-10,1]
[6561,1134,143,14,1]
[4096,256,320,-7,20,1,1]
[15625,-125,77,-1,1]
[14641,121,72,1,1]
[256,-128,16,-4,9,-1,1,-2,1]
[4096,-256,592,-29,37,-1,1]
[512,128,64,13,8,2,1]
[256,-192,128,-40,25,-10,8,-3,1]
[4096,-768,-208,85,-13,-3,1]
[4096,2560,816,199,51,10,1]
[256,-256,160,-52,23,-13,10,-4,1]
[4096,1024,32,-55,2,4,1]
[256,192,0,-40,-19,-10,0,3,1]
[4096,0,144,-63,9,0,1]
[729,81,72,44,8,1,1]
[15625,3125,397,25,1]
[256,0,16,0,-7,0,1,0,1]
[256,-192,48,-44,37,-11,3,-3,1]
[14641,-2178,274,-18,1]
[15625,0,6,0,1]
[64,-16,8,-9,2,-1,1]
[256,128,48,16,5,4,3,2,1]
[729,81,27,2,3,1,1]
[14641,363,-119,3,1]
[729,-405,144,-52,16,-5,1]
[4096,-1792,432,-113,27,-7,1]
[512,-128,-24,17,-3,-2,1]
[14641,-1452,206,-12,1]
[512,128,56,-5,7,2,1]
[256,-192,32,8,-3,2,2,-3,1]
[512,-64,0,11,0,-1,1]
[4096,0,-192,29,-12,0,1]
[512,192,128,29,16,3,1]
[2401,-441,66,-9,1]
[4096,-1024,-224,141,-14,-4,1]
[15625,250,39,2,1]
[15625,1375,139,11,1]
[512,-64,112,-23,14,-1,1]
[4096,-2304,896,-251,56,-9,1]
[4096,-2560,624,-113,39,-10,1]
[15625,1500,282,12,1]
[6561,810,140,10,1]
[256,-192,48,-8,1,-2,3,-3,1]
[256,-192,96,-52,29,-13,6,-3,1]
[14641,-363,138,-3,1]
[15625,125,169,1,1]
[15625,2000,278,16,1]
[64,80,44,19,11,5,1]
[512,-256,88,-19,11,-4,1]
[4096,-2048,608,-125,38,-8,1]
[256,0,16,8,3,2,1,0,1]
[512,384,152,45,19,6,1]
[4096,1536,32,-59,2,6,1]
[4096,-768,352,-69,22,-3,1]
[4096,1024,336,53,21,4,1]
[16384,-256,-81,-2,1]
[4096,768,0,-45,0,3,1]
[256,-192,80,24,-23,6,5,-3,1]
[15625,-625,246,-5,1]
[512,-320,152,-57,19,-5,1]
[2401,-245,104,-5,1]
[14641,363,195,3,1]
[512,256,88,15,11,4,1]
[4096,768,96,-11,6,3,1]
[4096,-2304,912,-261,57,-9,1]
[256,-192,160,-100,55,-25,10,-3,1]
[256,128,80,48,43,12,5,2,1]
[4096,768,544,55,34,3,1]
[256,0,48,-40,-1,-10,3,0,1]
[14641,242,-47,2,1]
[6561,81,-122,1,1]
[2401,343,3,7,1]
[15625,-625,1,-5,1]
[4096,512,16,-25,1,2,1]
[256,-192,128,-76,41,-19,8,-3,1]
[16384,-768,-47,-6,1]
[16384,-1536,169,-12,1]
[512,-128,40,-31,5,-2,1]
[4096,-512,160,-51,10,-2,1]
[729,324,135,70,15,4,1]
[4096,-512,512,-27,32,-2,1]
[4096,-2304,880,-271,55,-9,1]
[16384,2560,299,20,1]
[256,64,32,16,25,4,2,1,1]
[4096,1280,224,-9,14,5,1]
[15625,1500,273,12,1]
[16384,1792,151,14,1]
[729,-243,126,-20,14,-3,1]
[6561,1701,232,21,1]
[14641,1573,227,13,1]
[4096,-1280,736,-149,46,-5,1]
[4096,0,560,9,35,0,1]
[4096,768,672,87,42,3,1]
[256,-128,64,-12,-5,-3,4,-2,1]
[729,0,-36,-22,-4,0,1]
[15625,1000,116,8,1]
[14641,-1815,255,-15,1]
[16384,0,11,0,1]
[16384,-1408,73,-11,1]
[256,0,48,44,-7,11,3,0,1]
[2401,49,-40,1,1]
[512,320,160,55,20,5,1]
[14641,1815,138,15,1]
[4096,-64,-59,-1,1]
[14641,2541,265,21,1]
[729,162,126,11,14,2,1]
[256,320,176,48,9,12,11,5,1]
[16384,-1920,259,-15,1]
[4096,-448,25,-7,1]
[729,-162,81,-13,9,-2,1]
[4096,256,-16,33,-1,1,1]
[4096,-1280,528,-137,33,-5,1]
[256,-128,0,16,1,4,0,-2,1]
[512,128,48,13,6,2,1]
[14641,1573,62,13,1]
[4096,-768,64,21,4,-3,1]
[14641,2057,290,17,1]
[14641,2420,305,20,1]
[4096,-2304,336,-1,21,-9,1]
[729,162,135,13,15,2,1]
[256,320,240,112,55,28,15,5,1]
[256,-128,16,24,-29,6,1,-2,1]
[81,0,-1,0,1]
[4096,256,-80,-83,-5,1,1]
[16384,1152,171,9,1]
[15625,125,-24,1,1]
[729,567,279,110,31,7,1]
[256,256,160,64,23,16,10,4,1]
[16384,384,131,3,1]
[512,0,48,3,6,0,1]
[729,567,288,118,32,7,1]
[729,0,-36,7,-4,0,1]
[4096,0,-96,-65,-6,0,1]
[256,-64,-48,12,15,3,-3,-1,1]
[15625,875,-71,7,1]
[14641,-242,9,-2,1]
[4096,768,496,81,31,3,1]
[15625,750,103,6,1]
[16384,0,-161,0,1]
[4096,256,-96,41,-6,1,1]
[256,192,32,-40,-29,-10,2,3,1]
[15625,0,-127,0,1]
[4096,-256,32,-23,2,-1,1]
[729,0,-54,-4,-6,0,1]
[4096,-2048,784,-213,49,-8,1]
[256,-16,13,-1,1]
[16384,-640,71,-5,1]
[15625,-2250,259,-18,1]
[32,9,1]
[15625,-1625,192,-13,1]
[14641,242,-23,2,1]
[512,256,104,33,13,4,1]
[14641,-726,14,-6,1]
[4096,-192,55,-3,1]
[14641,1694,142,14,1]
[4096,1280,320,73,20,5,1]
[15625,125,-79,1,1]
[6561,-162,-8,-2,1]
[4096,0,-16,-43,-1,0,1]
[256,-256,128,-16,-3,-4,8,-4,1]
[256,0,96,60,11,15,6,0,1]
[4096,-1792,688,-213,43,-7,1]
[6561,1539,191,19,1]
[15625,-500,236,-4,1]
[256,256,272,160,99,40,17,4,1]
[6561,-567,28,-7,1]
[512,0,-16,-1,-2,0,1]
[14641,1452,43,12,1]
[512,-128,-32,47,-4,-2,1]
[4096,-1536,352,-61,22,-6,1]
[256,128,-32,-20,5,-5,-2,2,1]
[15625,750,-1,6,1]
[4096,-256,512,-39,32,-1,1]
[4096,1536,672,173,42,6,1]
[4096,0,128,-81,8,0,1]
[14641,-121,-17,-1,1]
[729,243,108,58,12,3,1]
[256,-128,112,-76,27,-19,7,-2,1]
[15625,-625,232,-5,1]
[14641,1573,155,13,1]
[15625,-2375,192,-19,1]
[4096,1024,-64,-71,-4,4,1]
[4096,-1792,672,-217,42,-7,1]
[256,0,-80,4,33,1,-5,0,1]
[15625,-1000,102,-8,1]
[14641,121,-25,1,1]
[6561,-1458,236,-18,1]
[4096,-1792,688,-197,43,-7,1]
[256,-192,128,-88,47,-22,8,-3,1]
[14641,-484,73,-4,1]
[4096,-512,304,-65,19,-2,1]
[729,-324,162,-35,18,-4,1]
[2401,147,31,3,1]
[4096,1024,320,21,20,4,1]
[4096,-1280,464,-139,29,-5,1]
[15625,1125,216,9,1]
[256,0,64,-16,13,-4,4,0,1]
[14641,-2299,230,-19,1]
[4096,256,-64,-101,-4,1,1]
[15625,-3125,379,-25,1]
[15625,500,-39,4,1]
[4096,-512,304,-67,19,-2,1]
[4096,-512,0,-37,0,-2,1]
[14641,-484,112,-4,1]
[2401,245,37,5,1]
[2401,-490,118,-10,1]
[15625,-3375,428,-27,1]
[729,81,117,2,13,1,1]
[9,-1,1]
[4096,0,256,29,16,0,1]
[256,176,61,11,1]
[15625,-1250,16,-10,1]
[4096,512,-128,-125,-8,2,1]
[4096,0,464,7,29,0,1]
[4096,1280,224,19,14,5,1]
[2401,539,79,11,1]
[14641,2299,322,19,1]
[4096,2816,1296,367,81,11,1]
[4096,-512,-208,59,-13,-2,1]
[256,-192,80,-56,37,-14,5,-3,1]
[256,0,-32,-16,13,-4,-2,0,1]
[4096,256,0,53,0,1,1]
[4096,-1024,416,-147,26,-4,1]
[256,-128,64,16,-3,4,4,-2,1]
[4096,-512,272,-77,17,-2,1]
[256,-256,160,-72,35,-18,10,-4,1]
[14641,-2783,268,-23,1]
[4096,1024,112,-1,7,4,1]
[15625,750,-69,6,1]
[4096,-2048,640,-149,40,-8,1]
[729,243,36,-14,4,3,1]
[512,-64,40,9,5,-1,1]
[2401,735,150,15,1]
[256,256,96,8,-7,2,6,4,1]
[256,0,48,40,-5,10,3,0,1]
[256,-320,256,-140,73,-35,16,-5,1]
[512,128,56,5,7,2,1]
[14641,242,-104,2,1]
[256,0,32,0,-9,0,2,0,1]
[4096,1536,592,149,37,6,1]
[256,-64,112,-36,25,-9,7,-1,1]
[256,0,-32,16,5,4,-2,0,1]
[15625,3875,473,31,1]
[4096,-768,-96,125,-6,-3,1]
[512,-192,0,23,0,-3,1]
[14641,-2420,223,-20,1]
[4096,-512,96,-5,6,-2,1]
[256,-384,416,-304,175,-76,26,-6,1]
[729,162,117,5,13,2,1]
[14641,1573,74,13,1]
[4096,512,-64,-25,-4,2,1]
[16384,-1024,243,-8,1]
[4096,-768,448,-87,28,-3,1]
[15625,0,-192,0,1]
[729,-81,0,46,0,-1,1]
[4096,704,49,11,1]
[4096,2304,912,273,57,9,1]
[256,-128,-64,28,5,7,-4,-2,1]
[16384,-4480,545,-35,1]
[4096,512,336,85,21,2,1]
[16384,1280,101,10,1]
[4096,-1024,160,27,10,-4,1]
[729,-486,270,-103,30,-6,1]
[4096,1536,512,89,32,6,1]
[2401,-196,66,-4,1]
[256,-256,160,-48,19,-12,10,-4,1]
[14641,-847,-12,-7,1]
[256,128,96,76,35,19,6,2,1]
[14641,-3509,416,-29,1]
[4096,1024,0,-81,0,4,1]
[6561,-81,68,-1,1]
[4096,0,-144,-15,-9,0,1]
[4096,2304,832,239,52,9,1]
[6561,-1053,149,-13,1]
[729,-81,198,-13,22,-1,1]
[14641,-1210,37,-10,1]
[14641,-1452,258,-12,1]
[256,192,-16,-24,1,-6,-1,3,1]
[512,-128,80,-9,10,-2,1]
[14641,121,212,1,1]
[4096,-512,352,-31,22,-2,1]
[256,0,-48,-16,9,-4,-3,0,1]
[4096,0,48,-31,3,0,1]
[4096,256,112,25,7,1,1]
[14641,-4598,600,-38,1]
[15625,1625,241,13,1]
[625,0,24,0,1]
[16384,-1408,127,-11,1]
[4096,-1536,432,-81,27,-6,1]
[4096,256,-16,-25,-1,1,1]
[256,-320,320,-212,125,-53,20,-5,1]
[4096,-512,240,-73,15,-2,1]
[4096,-512,-112,113,-7,-2,1]
[2401,-343,16,-7,1]
[15625,3250,342,26,1]
[256,0,80,28,11,7,5,0,1]
[729,-162,63,-7,7,-2,1]
[4096,-1024,144,-33,9,-4,1]
[14641,1089,56,9,1]
[6561,1539,200,19,1]
[14641,-968,21,-8,1]
[6561,-486,40,-6,1]
[4096,512,89,8,1]
[14641,2904,332,24,1]
[729,324,126,35,14,4,1]
[256,-64,0,0,-13,0,0,-1,1]
[15625,-2875,279,-23,1]
[15625,1125,62,9,1]
[4096,0,176,-1,11,0,1]
[4096,2048,336,35,21,8,1]
[14641,-1089,116,-9,1]
[14641,-121,49,-1,1]
[256,0,32,24,1,6,2,0,1]
[625,250,67,10,1]
[2401,-735,117,-15,1]
[729,0,-45,11,-5,0,1]
[14641,242,17,2,1]
[729,-162,-27,41,-3,-2,1]
[729,81,72,38,8,1,1]
[2401,392,101,8,1]
[4096,-768,80,-23,5,-3,1]
[4096,-768,-160,51,-10,-3,1]
[4096,-512,496,-29,31,-2,1]
[14641,1331,51,11,1]
[4096,512,80,45,5,2,1]
[256,-192,112,-32,15,-8,7,-3,1]
[14641,4477,580,37,1]
[16384,640,-133,5,1]
[4096,2304,656,147,41,9,1]
[14641,-484,-118,-4,1]
[16384,-1152,171,-9,1]
[15625,750,-6,6,1]
[4096,1280,176,-13,11,5,1]
[4096,0,368,25,23,0,1]
[4096,768,80,35,5,3,1]
[16384,128,-7,1,1]
[4096,1280,496,99,31,5,1]
[729,324,153,49,17,4,1]
[4096,-256,192,19,12,-1,1]
[4096,0,288,-21,18,0,1]
[4096,0,32,-79,2,0,1]
[4096,-768,96,57,6,-3,1]
[4096,-512,-144,43,-9,-2,1]
[256,128,96,44,21,11,6,2,1]
[256,256,176,112,65,28,11,4,1]
[256,-128,48,12,1,3,3,-2,1]
[4096,-512,-16,39,-1,-2,1]
[4096,-2304,720,-185,45,-9,1]
[4096,0,400,-7,25,0,1]
[729,81,27,-20,3,1,1]
[4096,1280,368,95,23,5,1]
[14641,-121,-103,-1,1]
[15625,4125,516,33,1]
[256,-64,32,8,-15,2,2,-1,1]
[4096,-2048,576,-127,36,-8,1]
[4096,1280,176,29,11,5,1]
[4096,-2304,944,-247,59,-9,1]
[2401,49,81,1,1]
[4096,-1280,592,-129,37,-5,1]
[15625,-625,226,-5,1]
[256,384,336,236,133,59,21,6,1]
[4096,256,64,5,4,1,1]
[4096,1280,480,99,30,5,1]
[256,0,-64,-8,9,-2,-4,0,1]
[4096,-2816,1136,-319,71,-11,1]
[6561,-648,68,-8,1]
[4096,-512,160,13,10,-2,1]
[512,256,136,47,17,4,1]
[15625,3875,444,31,1]
[729,162,54,44,6,2,1]
[4096,-256,-16,-75,-1,-1,1]
[15625,-2875,331,-23,1]
[512,64,80,-5,10,1,1]
[512,320,144,59,18,5,1]
[15625,875,61,7,1]
[729,-324,135,-71,15,-4,1]
[4096,-768,-144,85,-9,-3,1]
[256,192,176,88,55,22,11,3,1]
[14641,-1936,281,-16,1]
[256,-256,256,-156,93,-39,16,-4,1]
[14641,1331,124,11,1]
[729,162,90,32,10,2,1]
[4096,-1024,544,-79,34,-4,1]
[256,64,48,8,-1,2,3,1,1]
[4096,512,0,5,0,2,1]
[256,-128,112,-40,37,-10,7,-2,1]
[4096,-1280,48,9,3,-5,1]
[14641,-2299,236,-19,1]
[16384,-2560,335,-20,1]
[256,-192,48,28,-35,7,3,-3,1]
[4096,256,-64,-1,-4,1,1]
[14641,-847,239,-7,1]
[4096,-1280,400,-69,25,-5,1]
[4096,1024,688,127,43,4,1]
[4096,1024,-16,-25,-1,4,1]
[512,128,72,29,9,2,1]
[4096,256,256,15,16,1,1]
[512,64,128,17,16,1,1]
[4096,-1024,384,-151,24,-4,1]
[14641,2057,164,17,1]
[15625,250,179,2,1]
[256,64,96,72,21,18,6,1,1]
[256,-64,0,28,-3,7,0,-1,1]
[6561,1296,151,16,1]
[512,-64,0,9,0,-1,1]
[256,256,192,128,69,32,12,4,1]
[256,-128,-32,12,13,3,-2,-2,1]
[256,320,128,-40,-51,-10,8,5,1]
[16384,-1536,37,-12,1]
[15625,-1875,112,-15,1]
[6561,729,136,9,1]
[14641,-847,-62,-7,1]
[4096,1536,512,141,32,6,1]
[729,567,144,22,16,7,1]
[256,-64,32,24,-19,6,2,-1,1]
[625,-250,58,-10,1]
[15625,375,21,3,1]
[14641,-3872,493,-32,1]
[256,-64,32,8,-3,2,2,-1,1]
[4096,1024,272,75,17,4,1]
[4096,0,224,-65,14,0,1]
[6561,-1053,140,-13,1]
[256,-192,32,52,-37,13,2,-3,1]
[256,-256,176,-60,27,-15,11,-4,1]
[512,-128,32,19,4,-2,1]
[729,486,216,85,24,6,1]
[4096,1792,928,219,58,7,1]
[15625,-1250,14,-10,1]
[4096,-256,128,-85,8,-1,1]
[4096,768,448,101,28,3,1]
[4096,768,128,73,8,3,1]
[729,243,171,52,19,3,1]
[4096,256,384,69,24,1,1]
[729,-81,27,14,3,-1,1]
[4096,3072,1280,383,80,12,1]
[14641,242,238,2,1]
[729,729,297,89,33,9,1]
[4096,-1280,320,-67,20,-5,1]
[4096,1024,0,-19,0,4,1]
[4096,512,448,19,28,2,1]
[256,-64,-16,24,-1,6,-1,-1,1]
[14641,242,-195,2,1]
[256,-192,192,-116,65,-29,12,-3,1]
[512,-320,96,-21,12,-5,1]
[15625,125,117,1,1]
[256,-128,64,12,-7,3,4,-2,1]
[6561,0,155,0,1]
[4096,1024,288,111,18,4,1]
[4096,-256,160,-27,10,-1,1]
[64,0,12,-9,3,0,1]
[256,-64,0,-24,21,-6,0,-1,1]
[729,-54,7,-2,1]
[15625,-2000,129,-16,1]
[4096,0,-112,-69,-7,0,1]
[4096,256,-16,-31,-1,1,1]
[4096,-256,-64,61,-4,-1,1]
[256,0,-48,8,17,2,-3,0,1]
[4096,-256,288,-15,18,-1,1]
[6561,729,25,9,1]
[15625,-2875,282,-23,1]
[4096,-3840,1840,-561,115,-15,1]
[256,64,16,24,5,6,1,1,1]
[4096,0,-112,-51,-7,0,1]
[16384,-3456,425,-27,1]
[14641,-242,150,-2,1]
[4096,2560,992,303,62,10,1]
[729,0,108,11,12,0,1]
[729,-567,288,-115,32,-7,1]
[729,405,117,20,13,5,1]
[14641,605,184,5,1]
[15625,-1625,284,-13,1]
[2401,882,160,18,1]
[256,0,16,4,21,1,1,0,1]
[256,-128,96,-28,25,-7,6,-2,1]
[729,-243,54,-8,6,-3,1]
[256,-64,64,-12,29,-3,4,-1,1]
[4096,-1024,384,-145,24,-4,1]
[256,-128,-48,32,-3,8,-3,-2,1]
[4096,0,-128,37,-8,0,1]
[4096,512,128,-19,8,2,1]
[15625,-1000,224,-8,1]
[512,192,72,45,9,3,1]
[256,192,32,-40,-33,-10,2,3,1]
[4096,1280,368,73,23,5,1]
[4096,512,95,8,1]
[256,0,128,8,35,2,8,0,1]
[4096,-2304,976,-253,61,-9,1]
[4096,0,144,-89,9,0,1]
[4096,512,-144,-29,-9,2,1]
[729,-81,-45,29,-5,-1,1]
[6561,1782,269,22,1]
[729,81,0,-7,0,1,1]
[4096,1024,-144,-125,-9,4,1]
[512,128,96,37,12,2,1]
[4096,0,-32,-51,-2,0,1]
[15625,-1625,238,-13,1]
[256,64,16,-20,-17,-5,1,1,1]
[4096,1280,704,139,44,5,1]
[4096,-1792,208,15,13,-7,1]
[729,-405,36,17,4,-5,1]
[6561,-567,-5,-7,1]
[625,-150,48,-6,1]
[4096,-1536,256,-25,16,-6,1]
[512,64,32,-19,4,1,1]
[15625,250,131,2,1]
[256,-128,176,-84,57,-21,11,-2,1]
[729,162,135,35,15,2,1]
[256,192,96,32,17,8,6,3,1]
[256,0,0,8,-23,2,0,0,1]
[256,-64,112,4,25,1,7,-1,1]
[256,-256,224,-156,83,-39,14,-4,1]
[4096,-768,384,-59,24,-3,1]
[4096,-1280,528,-95,33,-5,1]
[4096,2048,464,73,29,8,1]
[4096,-256,96,-31,6,-1,1]
[4096,1792,688,195,43,7,1]
[4096,-1536,432,-109,27,-6,1]
[4096,-256,-64,7,-4,-1,1]
[16384,384,235,3,1]
[4096,768,368,79,23,3,1]
[256,64,9,4,1]
[4096,256,-16,21,-1,1,1]
[15625,-1625,197,-13,1]
[15625,2250,326,18,1]
[256,0,-48,0,17,0,-3,0,1]
[4096,512,32,41,2,2,1]
[729,0,-27,13,-3,0,1]
[4096,1536,240,51,15,6,1]
[4096,768,112,83,7,3,1]
[15625,375,1,3,1]
[4096,1024,16,-5,1,4,1]
[4096,-448,17,-7,1]
[4096,768,128,-23,8,3,1]
[6561,81,8,1,1]
[4096,1024,496,73,31,4,1]
[4096,512,-80,19,-5,2,1]
[512,64,64,-11,8,1,1]
[14641,605,-9,5,1]
[256,192,176,112,57,28,11,3,1]
[4096,1792,736,207,46,7,1]
[4096,-1024,576,-101,36,-4,1]
[4096,-1792,656,-177,41,-7,1]
[256,-192,80,-28,13,-7,5,-3,1]
[6561,-1215,134,-15,1]
[256,0,176,-8,57,-2,11,0,1]
[4096,-2560,816,-193,51,-10,1]
[256,-256,192,-104,49,-26,12,-4,1]
[729,-243,46,-9,1]
[512,320,176,69,22,5,1]
[256,0,0,8,-13,2,0,0,1]
[256,-192,0,24,-7,6,0,-3,1]
[2401,-49,25,-1,1]
[4096,0,144,-65,9,0,1]
[4096,1536,560,171,35,6,1]
[14641,-1573,163,-13,1]
[16384,-1920,277,-15,1]
[4096,768,-16,9,-1,3,1]
[14641,968,106,8,1]
[256,0,144,-4,41,-1,9,0,1]
[729,-324,0,25,0,-4,1]
[16384,1280,147,10,1]
[15625,2625,311,21,1]
[256,256,144,36,13,9,9,4,1]
[4096,-1536,256,-45,16,-6,1]
[14641,1936,140,16,1]
[16384,-640,159,-5,1]
[256,320,208,104,51,26,13,5,1]
[15625,-2625,326,-21,1]
[4096,-512,320,-15,20,-2,1]
[2401,441,74,9,1]
[4096,768,368,73,23,3,1]
[1024,96,57,3,1]
[256,0,-112,8,35,2,-7,0,1]
[14641,2057,204,17,1]
[64,-24,13,-3,1]
[4096,-256,144,-49,9,-1,1]
[15625,-1875,116,-15,1]
[16384,-896,-15,-7,1]
[512,-256,8,15,1,-4,1]
[64,0,16,1,4,0,1]
[512,448,240,101,30,7,1]
[4096,2048,688,165,43,8,1]
[512,0,136,7,17,0,1]
[16384,0,-117,0,1]
[16384,-128,-145,-1,1]
[4096,256,112,79,7,1,1]
[4096,-2816,1232,-373,77,-11,1]
[4096,1536,432,93,27,6,1]
[14641,363,199,3,1]
[4096,1024,688,125,43,4,1]
[4096,1408,235,22,1]
[4096,1152,185,18,1]
[4096,-1280,656,-143,41,-5,1]
[256,384,224,56,9,14,14,6,1]
[4096,768,96,39,6,3,1]
[729,-243,-18,25,-2,-3,1]
[729,162,0,-31,0,2,1]
[729,-216,64,-8,1]
[4096,1280,0,-41,0,5,1]
[4096,-1024,160,11,10,-4,1]
[256,-192,128,-52,19,-13,8,-3,1]
[4096,-1024,256,-29,16,-4,1]
[729,324,54,-5,6,4,1]
[2401,98,-68,2,1]
[6561,243,74,3,1]
[729,324,126,29,14,4,1]
[4096,-512,80,21,5,-2,1]
[14641,3025,337,25,1]
[729,-567,378,-136,42,-7,1]
[4096,-256,336,-43,21,-1,1]
[4096,256,160,31,10,1,1]
[15625,750,-57,6,1]
[4096,0,592,-13,37,0,1]
[4096,-256,128,-17,8,-1,1]
[4096,-768,144,-55,9,-3,1]
[4096,1792,464,99,29,7,1]
[729,-324,-54,65,-6,-4,1]
[15625,1125,-9,9,1]
[625,125,46,5,1]
[4096,-256,160,-29,10,-1,1]
[256,128,16,-28,-15,-7,1,2,1]
[729,162,144,38,16,2,1]
[729,-243,9,32,1,-3,1]
[14641,-242,236,-2,1]
[256,64,112,-8,19,-2,7,1,1]
[729,-243,108,-46,12,-3,1]
[4096,-256,0,-55,0,-1,1]
[4096,256,-32,-13,-2,1,1]
[6561,486,167,6,1]
[15625,-250,52,-2,1]
[16384,-3968,493,-31,1]
[512,64,40,27,5,1,1]
[4096,1024,-160,-119,-10,4,1]
[256,-384,352,-248,137,-62,22,-6,1]
[729,0,0,13,0,0,1]
[256,0,64,0,31,0,4,0,1]
[4096,768,208,57,13,3,1]
[256,-64,64,-32,21,-8,4,-1,1]
[4096,-1024,288,-131,18,-4,1]
[729,-81,0,38,0,-1,1]
[4096,256,384,23,24,1,1]
[14641,242,-183,2,1]
[15625,3250,341,26,1]
[256,192,0,-12,5,-3,0,3,1]
[4096,256,-16,77,-1,1,1]
[4096,-960,141,-15,1]
[4096,1280,464,135,29,5,1]
[4096,0,16,107,1,0,1]
[4096,-512,-144,63,-9,-2,1]
[4096,512,128,101,8,2,1]
[2401,-490,45,-10,1]
[4096,-3328,1408,-411,88,-13,1]
[256,-128,80,-28,11,-7,5,-2,1]
[4096,-2816,1168,-323,73,-11,1]
[4096,2304,688,169,43,9,1]
[729,405,135,52,15,5,1]
[15625,375,199,3,1]
[4096,256,0,55,0,1,1]
[512,-192,104,-17,13,-3,1]
[15625,-250,-53,-2,1]
[15625,-2500,264,-20,1]
[256,-128,48,-24,21,-6,3,-2,1]
[256,-128,-16,8,5,2,-1,-2,1]
[14641,2178,204,18,1]
[14641,1694,274,14,1]
[4096,0,64,-65,4,0,1]
[16384,-3584,379,-28,1]
[4096,1024,304,65,19,4,1]
[4096,0,96,-43,6,0,1]
[6561,-1377,205,-17,1]
[14641,-242,118,-2,1]
[256,-192,67,-12,1]
[16384,1152,79,9,1]
[4096,-1280,-160,135,-10,-5,1]
[729,81,-9,10,-1,1,1]
[2401,196,26,4,1]
[4096,-768,208,-55,13,-3,1]
[4096,768,48,-33,3,3,1]
[729,324,-72,-76,-8,4,1]
[15625,1625,46,13,1]
[6561,162,64,2,1]
[6561,1134,206,14,1]
[256,256,112,12,-3,3,7,4,1]
[256,128,48,16,-7,4,3,2,1]
[4096,3072,1376,419,86,12,1]
[256,-64,48,-28,3,-7,3,-1,1]
[4096,-1536,416,-69,26,-6,1]
[2401,343,106,7,1]
[4096,-768,256,-57,16,-3,1]
[4096,-1024,145,-16,1]
[256,256,288,172,109,43,18,4,1]
[4096,1536,448,91,28,6,1]
[4096,512,0,-83,0,2,1]
[4096,-2048,656,-173,41,-8,1]
[256,-384,240,-60,7,-15,15,-6,1]
[4096,0,96,47,6,0,1]
[4096,1792,-160,-181,-10,7,1]
[4096,0,160,-27,10,0,1]
[2401,49,-39,1,1]
[14641,-2420,338,-20,1]
[2401,49,37,1,1]
[4096,-3328,1376,-395,86,-13,1]
[512,320,48,-3,6,5,1]
[4096,-768,-32,103,-2,-3,1]
[15625,-1250,194,-10,1]
[4096,-512,128,-63,8,-2,1]
[14641,484,183,4,1]
[4096,-256,64,59,4,-1,1]
[15625,1875,298,15,1]
[4096,1280,416,97,26,5,1]
[6561,0,101,0,1]
[4096,-512,-16,-55,-1,-2,1]
[729,162,90,47,10,2,1]
[4096,1024,64,-49,4,4,1]
[16384,512,103,4,1]
[4096,256,144,27,9,1,1]
[729,-81,108,10,12,-1,1]
[14641,-1452,170,-12,1]
[729,-729,441,-178,49,-9,1]
[256,64,128,52,39,13,8,1,1]
[4096,1792,688,163,43,7,1]
[256,64,64,36,3,9,4,1,1]
[4096,1536,368,93,23,6,1]
[4096,-256,-128,37,-8,-1,1]
[729,-243,99,-16,11,-3,1]
[15625,-250,-96,-2,1]
[15625,0,-234,0,1]
[4096,768,240,55,15,3,1]
[4096,256,192,43,12,1,1]
[16384,896,91,7,1]
[256,128,16,4,-3,1,1,2,1]
[15625,-125,192,-1,1]
[256,192,160,92,59,23,10,3,1]
[2401,245,97,5,1]
[4096,1024,352,87,22,4,1]
[4096,512,48,-11,3,2,1]
[256,-64,32,-44,19,-11,2,-1,1]
[15625,-1500,116,-12,1]
[6561,-567,61,-7,1]
[4096,-256,352,5,22,-1,1]
[14641,363,-61,3,1]
[14641,1694,206,14,1]
[15625,375,51,3,1]
[729,243,207,52,23,3,1]
[15625,-1125,44,-9,1]
[4096,-2304,800,-201,50,-9,1]
[729,81,81,-10,9,1,1]
[4096,-1280,480,-155,30,-5,1]
[256,128,112,56,23,14,7,2,1]
[4096,-1280,464,-171,29,-5,1]
[4096,0,144,-51,9,0,1]
[6561,-243,-80,-3,1]
[15625,875,-74,7,1]
[1024,-224,17,-7,1]
[15625,-1250,216,-10,1]
[256,256,112,8,-9,2,7,4,1]
[256,-64,32,-20,15,-5,2,-1,1]
[4096,-768,0,55,0,-3,1]
[729,162,-18,-2,-2,2,1]
[4096,768,144,89,9,3,1]
[14641,-242,170,-2,1]
[2401,-686,144,-14,1]
[256,128,32,-40,-23,-10,2,2,1]
[4096,-512,65,-8,1]
[729,324,9,-34,1,4,1]
[256,64,48,12,23,3,3,1,1]
[256,-256,112,-80,57,-20,7,-4,1]
[15625,-1375,53,-11,1]
[4096,-1280,112,43,7,-5,1]
[4096,-1024,240,-87,15,-4,1]
[4096,0,32,65,2,0,1]
[512,128,-48,-39,-6,2,1]
[4096,-1792,560,-139,35,-7,1]
[729,-324,63,2,7,-4,1]
[4096,0,-32,75,-2,0,1]
[4096,-512,17,-8,1]
[4096,1024,-48,-31,-3,4,1]
[4096,-3840,1776,-531,111,-15,1]
[4096,768,0,-21,0,3,1]
[256,-128,176,-80,57,-20,11,-2,1]
[16384,-128,-207,-1,1]
[15625,-125,-122,-1,1]
[729,-189,53,-7,1]
[4096,-768,-64,7,-4,-3,1]
[4096,768,-144,-45,-9,3,1]
[16384,-896,61,-7,1]
[4096,768,256,67,16,3,1]
[14641,-1936,146,-16,1]
[14641,242,207,2,1]
[4096,-1792,592,-125,37,-7,1]
[256,-128,48,-12,-5,-3,3,-2,1]
[256,64,16,-8,15,-2,1,1,1]
[4096,-3072,1488,-437,93,-12,1]
[4096,-2048,848,-223,53,-8,1]
[14641,3146,362,26,1]
[2401,147,10,3,1]
[256,-128,96,-4,11,-1,6,-2,1]
[4096,-1280,144,21,9,-5,1]
[256,128,16,-4,-7,-1,1,2,1]
[4096,2048,416,63,26,8,1]
[14641,847,70,7,1]
[4096,1536,352,87,22,6,1]
[4096,-512,528,-33,33,-2,1]
[512,0,32,19,4,0,1]
[256,-128,64,-20,13,-5,4,-2,1]
[4096,-2816,896,-213,56,-11,1]
[256,-64,-16,0,23,0,-1,-1,1]
[4096,512,384,1,24,2,1]
[729,0,18,17,2,0,1]
[729,162,72,29,8,2,1]
[256,-384,304,-204,117,-51,19,-6,1]
[16384,-640,-15,-5,1]
[14641,-2420,268,-20,1]
[4096,-2048,448,-91,28,-8,1]
[4096,1024,272,89,17,4,1]
[16384,768,67,6,1]
[512,-128,-16,23,-2,-2,1]
[4096,1024,320,123,20,4,1]
[64,0,24,5,6,0,1]
[4096,1024,-48,-63,-3,4,1]
[4096,1280,-128,-97,-8,5,1]
[4096,-2560,896,-241,56,-10,1]
[15625,-1125,-6,-9,1]
[15625,-2375,306,-19,1]
[256,256,160,60,25,15,10,4,1]
[14641,3388,381,28,1]
[4096,768,480,43,30,3,1]
[14641,-2783,370,-23,1]
[4096,-1536,384,-107,24,-6,1]
[256,384,304,208,121,52,19,6,1]
[2401,-245,11,-5,1]
[6561,1134,134,14,1]
[14641,968,113,8,1]
[4096,256,-32,-111,-2,1,1]
[14641,-2299,266,-19,1]
[512,-128,40,-37,5,-2,1]
[15625,-1750,268,-14,1]
[256,64,0,12,11,3,0,1,1]
[4096,1280,96,-9,6,5,1]
[256,-128,64,-28,23,-7,4,-2,1]
[4096,-640,97,-10,1]
[4096,-768,-48,49,-3,-3,1]
[4096,-1024,400,-109,25,-4,1]
[4096,1024,161,16,1]
[15625,3875,469,31,1]
[16384,-1664,175,-13,1]
[256,-384,288,-148,71,-37,18,-6,1]
[512,-384,192,-65,24,-6,1]
[4096,1024,192,3,12,4,1]
[4096,-512,192,-69,12,-2,1]
[16384,128,-101,1,1]
[6561,-810,158,-10,1]
[4096,512,128,-35,8,2,1]
[256,-256,208,-120,71,-30,13,-4,1]
[15625,2000,303,16,1]
[4096,-256,-80,67,-5,-1,1]
[4096,1024,368,71,23,4,1]
[15625,-1750,277,-14,1]
[4096,2048,928,255,58,8,1]
[729,-729,297,-89,33,-9,1]
[256,-128,64,-12,-7,-3,4,-2,1]
[4096,-2816,1328,-383,83,-11,1]
[15625,375,-128,3,1]
[729,243,135,55,15,3,1]
[729,-324,72,-28,8,-4,1]
[4096,768,-176,-133,-11,3,1]
[256,64,-16,8,29,2,-1,1,1]
[4096,1280,192,19,12,5,1]
[256,-64,80,4,11,1,5,-1,1]
[4096,768,432,47,27,3,1]
[4096,-256,128,73,8,-1,1]
[4096,1792,688,223,43,7,1]
[4096,-1536,336,-93,21,-6,1]
[64,-64,44,-21,11,-4,1]
[4096,256,272,89,17,1,1]
[512,-64,128,-11,16,-1,1]
[6561,2025,292,25,1]
[4096,768,176,67,11,3,1]
[2401,-392,90,-8,1]
[4096,2048,640,189,40,8,1]
[256,320,224,112,57,28,14,5,1]
[256,-192,96,-76,51,-19,6,-3,1]
[256,0,64,-16,11,-4,4,0,1]
[729,-162,198,-35,22,-2,1]
[729,486,279,97,31,6,1]
[4096,-1536,416,-95,26,-6,1]
[1024,0,7,0,1]
[64,-16,0,-7,0,-1,1]
[81,45,22,5,1]
[256,0,48,-40,-5,-10,3,0,1]
[256,-320,272,-192,109,-48,17,-5,1]
[6561,648,173,8,1]
[4096,1024,352,141,22,4,1]
[256,128,160,100,49,25,10,2,1]
[15625,-1000,-68,-8,1]
[15625,-1625,259,-13,1]
[4096,-3584,1696,-509,106,-14,1]
[6561,-1053,203,-13,1]
[256,-64,48,-36,27,-9,3,-1,1]
[16384,2944,387,23,1]
[14641,-2783,372,-23,1]
[256,-64,80,16,5,4,5,-1,1]
[4096,1280,272,95,17,5,1]
[256,-32,1,-2,1]
[256,-64,112,-24,25,-6,7,-1,1]
[2401,343,80,7,1]
[729,-324,54,-1,6,-4,1]
[4096,-1536,-48,115,-3,-6,1]
[4096,-512,16,-49,1,-2,1]
[14641,-1936,237,-16,1]
[256,128,144,28,33,7,9,2,1]
[4096,256,224,7,14,1,1]
[6561,162,35,2,1]
[4096,1280,-64,-73,-4,5,1]
[4096,-2048,656,-163,41,-8,1]
[14641,-242,210,-2,1]
[4096,-1024,608,-99,38,-4,1]
[15625,-2000,302,-16,1]
[4096,1536,-64,-97,-4,6,1]
[256,-256,96,-24,9,-6,6,-4,1]
[15625,1375,97,11,1]
[256,192,192,112,71,28,12,3,1]
[4096,768,-64,-3,-4,3,1]
[6561,81,157,1,1]
[4096,2304,480,71,30,9,1]
[256,0,-48,-4,23,-1,-3,0,1]
[4096,256,496,5,31,1,1]
[4096,1024,-48,-99,-3,4,1]
[4096,-1024,672,-125,42,-4,1]
[4096,0,32,-105,2,0,1]
[4096,-3072,1040,-263,65,-12,1]
[4096,-512,-80,107,-5,-2,1]
[4096,0,160,77,10,0,1]
[4096,-1792,576,-155,36,-7,1]
[4096,0,304,49,19,0,1]
[14641,-242,140,-2,1]
[14641,1573,156,13,1]
[2401,98,16,2,1]
[4096,-512,96,11,6,-2,1]
[4096,-1536,688,-187,43,-6,1]
[14641,-1694,248,-14,1]
[2401,-98,34,-2,1]
[512,0,48,-15,6,0,1]
[14641,-1089,141,-9,1]
[16384,-640,3,-5,1]
[4096,-256,-144,29,-9,-1,1]
[4096,2304,800,207,50,9,1]
[15625,-1500,272,-12,1]
[512,-256,64,-1,8,-4,1]
[4096,768,176,37,11,3,1]
[4096,-256,144,-71,9,-1,1]
[6561,-2025,302,-25,1]
[4096,-2048,560,-129,35,-8,1]
[14641,-3630,427,-30,1]
[4096,256,80,-5,5,1,1]
[4096,128,127,2,1]
[64,96,72,39,18,6,1]
[4096,1280,608,141,38,5,1]
[4096,-1024,352,-153,22,-4,1]
[256,-256,208,-100,55,-25,13,-4,1]
[15625,-250,-82,-2,1]
[4096,-3072,1184,-331,74,-12,1]
[4096,-1536,496,-167,31,-6,1]
[256,192,112,64,41,16,7,3,1]
[4096,-1536,544,-169,34,-6,1]
[512,-128,-40,47,-5,-2,1]
[4096,1024,-128,-127,-8,4,1]
[2401,49,-33,1,1]
[4096,-1280,288,-101,18,-5,1]
[625,50,-13,2,1]
[4096,1280,144,-39,9,5,1]
[2401,147,-27,3,1]
[4096,0,80,91,5,0,1]
[14641,1694,182,14,1]
[4096,-1024,320,-113,20,-4,1]
[4096,-1024,173,-16,1]
[4096,-256,-64,107,-4,-1,1]
[4096,256,96,95,6,1,1]
[4096,1280,400,47,25,5,1]
[4096,3328,1488,441,93,13,1]
[4096,-256,352,-59,22,-1,1]
[2401,-735,118,-15,1]
[256,0,48,-36,5,-9,3,0,1]
[4096,-2304,896,-235,56,-9,1]
[729,81,9,26,1,1,1]
[512,-64,72,-13,9,-1,1]
[4096,-768,288,-73,18,-3,1]
[14641,1089,12,9,1]
[625,25,47,1,1]
[6561,-486,100,-6,1]
[256,0,96,-24,21,-6,6,0,1]
[4096,-2816,1152,-349,72,-11,1]
[64,-16,12,-5,3,-1,1]
[729,81,36,-13,4,1,1]
[4096,0,288,-19,18,0,1]
[16384,4224,525,33,1]
[2401,392,73,8,1]
[14641,968,54,8,1]
[729,405,162,38,18,5,1]
[4096,-2048,272,-7,17,-8,1]
[14641,-1089,137,-9,1]
[14641,0,-222,0,1]
[256,64,48,4,-9,1,3,1,1]
[729,-243,-45,32,-5,-3,1]
[4096,-512,368,-95,23,-2,1]
[15625,-1750,88,-14,1]
[512,128,96,21,12,2,1]
[15625,1000,57,8,1]
[256,128,32,0,-11,0,2,2,1]
[4096,-1280,416,-53,26,-5,1]
[512,-256,32,9,4,-4,1]
[4096,-1280,448,-91,28,-5,1]
[4096,-1792,752,-223,47,-7,1]
[14641,-2783,358,-23,1]
[4096,768,288,19,18,3,1]
[4096,512,-32,-67,-2,2,1]
[512,128,72,21,9,2,1]
[4096,1792,624,177,39,7,1]
[4096,-768,240,-91,15,-3,1]
[729,-567,171,-38,19,-7,1]
[729,-405,207,-64,23,-5,1]
[2401,147,37,3,1]
[4096,1024,368,39,23,4,1]
[4096,-1536,688,-169,43,-6,1]
[729,0,-45,10,-5,0,1]
[4096,768,288,29,18,3,1]
[256,192,160,104,49,26,10,3,1]
[256,-192,80,-32,17,-8,5,-3,1]
[4096,1024,384,43,24,4,1]
[14641,-363,-51,-3,1]
[512,512,280,115,35,8,1]
[4096,-2048,656,-193,41,-8,1]
[512,-192,56,-11,7,-3,1]
[16384,-3200,341,-25,1]
[729,-81,-36,43,-4,-1,1]
[4096,-1536,752,-157,47,-6,1]
[256,0,-32,0,11,0,-2,0,1]
[4096,1536,128,-25,8,6,1]
[16384,-2048,151,-16,1]
[512,320,56,3,7,5,1]
[6561,2592,415,32,1]
[4096,256,80,-19,5,1,1]
[4096,-512,144,-83,9,-2,1]
[729,405,54,-14,6,5,1]
[4096,128,5,2,1]
[729,486,234,74,26,6,1]
[14641,-1936,234,-16,1]
[14641,484,-73,4,1]
[4096,256,464,-3,29,1,1]
[256,64,32,0,-7,0,2,1,1]
[512,256,8,-27,1,4,1]
[4096,-704,91,-11,1]
[4096,0,224,27,14,0,1]
[4096,2560,976,255,61,10,1]
[4096,-2560,1024,-299,64,-10,1]
[16384,0,-217,0,1]
[16384,-1792,269,-14,1]
[14641,-3388,435,-28,1]
[512,320,168,69,21,5,1]
[256,-128,112,-72,37,-18,7,-2,1]
[729,81,-22,3,1]
[4096,-1280,240,-47,15,-5,1]
[15625,-375,-111,-3,1]
[4096,1536,480,95,30,6,1]
[4096,0,16,121,1,0,1]
[4096,-256,48,85,3,-1,1]
[4096,-2048,816,-229,51,-8,1]
[4096,640,141,10,1]
[2401,-294,36,-6,1]
[512,-192,128,-51,16,-3,1]
[729,-162,54,19,6,-2,1]
[2401,833,152,17,1]
[512,-384,184,-79,23,-6,1]
[4096,-2560,800,-203,50,-10,1]
[16384,384,229,3,1]
[15625,-2125,203,-17,1]
[729,-81,45,-34,5,-1,1]
[4096,256,-48,-111,-3,1,1]
[4096,-256,48,33,3,-1,1]
[4096,256,448,21,28,1,1]
[512,-64,-40,3,-5,-1,1]
[4096,-2048,272,1,17,-8,1]
[15625,-1125,101,-9,1]
[2401,-49,13,-1,1]
[729,-81,27,29,3,-1,1]
[2401,0,31,0,1]
[512,-128,24,13,3,-2,1]
[512,0,8,39,1,0,1]
[256,128,0,20,29,5,0,2,1]
[4096,-512,112,-57,7,-2,1]
[14641,-3751,472,-31,1]
[14641,484,-25,4,1]
[16384,1792,147,14,1]
[729,0,45,34,5,0,1]
[4096,0,-240,-3,-15,0,1]
[6561,243,137,3,1]
[729,-405,117,-38,13,-5,1]
[2401,-441,55,-9,1]
[4096,512,-64,-83,-4,2,1]
[14641,3630,445,30,1]
[256,-128,32,-8,17,-2,2,-2,1]
[4096,1024,368,129,23,4,1]
[16384,1280,45,10,1]
[14641,-363,47,-3,1]
[256,-256,176,-72,35,-18,11,-4,1]
[4096,-768,-160,67,-10,-3,1]
[14641,3630,459,30,1]
[4096,-1024,96,25,6,-4,1]
[14641,-121,7,-1,1]
[4096,-1536,640,-153,40,-6,1]
[16384,-3072,337,-24,1]
[16384,512,-15,4,1]
[4096,-768,320,-83,20,-3,1]
[4096,2560,800,203,50,10,1]
[4096,2048,320,31,20,8,1]
[256,0,64,28,7,7,4,0,1]
[729,162,162,40,18,2,1]
[256,64,112,28,29,7,7,1,1]
[6561,0,-43,0,1]
[512,-512,256,-95,32,-8,1]
[256,-192,160,-92,43,-23,10,-3,1]
[256,-192,48,12,-11,3,3,-3,1]
[4096,1280,496,167,31,5,1]
[16384,2432,257,19,1]
[512,-64,24,-35,3,-1,1]
[14641,1089,104,9,1]
[14641,1452,59,12,1]
[4096,-512,-208,87,-13,-2,1]
[729,324,74,12,1]
[4096,-256,144,-63,9,-1,1]
[729,-162,-36,14,-4,-2,1]
[625,-350,98,-14,1]
[729,567,306,127,34,7,1]
[4096,-1024,-48,97,-3,-4,1]
[256,0,16,-16,-21,-4,1,0,1]
[4096,2304,800,233,50,9,1]
[4096,0,320,13,20,0,1]
[256,256,48,-20,-11,-5,3,4,1]
[512,0,136,-7,17,0,1]
[256,128,0,8,15,2,0,2,1]
[256,256,224,120,71,30,14,4,1]
[16384,0,-113,0,1]
[512,-320,128,-41,16,-5,1]
[256,64,112,56,33,14,7,1,1]
[4096,-2560,1232,-343,77,-10,1]
[4096,-1024,144,31,9,-4,1]
[16384,3328,377,26,1]
[16384,1024,91,8,1]
[256,192,160,92,43,23,10,3,1]
[15625,3000,338,24,1]
[16384,-1408,-1,-11,1]
[4096,1024,128,59,8,4,1]
[16384,2048,169,16,1]
[4096,-64,-51,-1,1]
[4096,-256,21,-4,1]
[4096,-512,48,-39,3,-2,1]
[4096,256,400,61,25,1,1]
[6561,-648,38,-8,1]
[16384,-4992,633,-39,1]
[256,64,80,-28,3,-7,5,1,1]
[15625,-2500,303,-20,1]
[4096,-1024,144,-35,9,-4,1]
[4096,-768,112,-33,7,-3,1]
[256,64,32,16,27,4,2,1,1]
[4096,-256,16,61,1,-1,1]
[15625,-375,-179,-3,1]
[4096,-1280,272,-89,17,-5,1]
[256,-192,192,-96,61,-24,12,-3,1]
[15625,3375,362,27,1]
[4096,-896,103,-14,1]
[4096,256,96,113,6,1,1]
[256,128,32,40,33,10,2,2,1]
[4096,2048,976,249,61,8,1]
[256,128,128,48,39,12,8,2,1]
[14641,-1089,203,-9,1]
[625,-125,21,-5,1]
[729,-162,27,1,3,-2,1]
[4096,0,160,-51,10,0,1]
[4096,-256,64,-65,4,-1,1]
[15625,125,-137,1,1]
[729,81,117,-2,13,1,1]
[256,64,48,-8,-9,-2,3,1,1]
[4096,-768,-128,133,-8,-3,1]
[4096,-768,208,-1,13,-3,1]
[4096,-512,-80,119,-5,-2,1]
[4096,-1024,272,-3,17,-4,1]
[14641,-242,194,-2,1]
[4096,0,48,-63,3,0,1]
[16384,-1664,205,-13,1]
[14641,2541,223,21,1]
[15625,875,109,7,1]
[15625,-875,58,-7,1]
[4096,768,224,21,14,3,1]
[15625,1000,86,8,1]
[729,-243,90,-52,10,-3,1]
[4096,256,-208,-37,-13,1,1]
[729,0,-36,-7,-4,0,1]
[15625,-1875,303,-15,1]
[14641,-1089,52,-9,1]
[14641,-121,-194,-1,1]
[4096,1792,560,173,35,7,1]
[256,64,176,20,55,5,11,1,1]
[512,-64,-16,11,-2,-1,1]
[256,64,0,32,21,8,0,1,1]
[256,0,160,-4,49,-1,10,0,1]
[4096,-1280,368,-145,23,-5,1]
[512,-192,80,-23,10,-3,1]
[14641,2057,233,17,1]
[1024,-64,45,-2,1]
[729,54,52,2,1]
[6561,-81,80,-1,1]
[14641,-1815,216,-15,1]
[729,-243,117,-55,13,-3,1]
[16384,1536,25,12,1]
[256,192,160,84,47,21,10,3,1]
[4096,1792,352,65,22,7,1]
[1024,128,45,4,1]
[14641,-605,-31,-5,1]
[4096,1280,240,11,15,5,1]
[729,324,-54,-67,-6,4,1]
[4096,256,-64,-115,-4,1,1]
[16384,-384,73,-3,1]
[256,128,64,48,39,12,4,2,1]
[4096,-1024,96,55,6,-4,1]
[512,128,72,5,9,2,1]
[256,-192,128,-72,33,-18,8,-3,1]
[512,128,40,-5,5,2,1]
[15625,4375,533,35,1]
[15625,375,58,3,1]
[16384,128,-177,1,1]
[256,-64,80,-20,9,-5,5,-1,1]
[729,189,23,7,1]
[4096,-256,448,-49,28,-1,1]
[256,-192,112,-52,29,-13,7,-3,1]
[256,-320,288,-192,111,-48,18,-5,1]
[4096,-1024,64,65,4,-4,1]
[4096,1792,720,201,45,7,1]
[4096,3584,1712,525,107,14,1]
[729,81,-45,-13,-5,1,1]
[729,243,207,47,23,3,1]
[14641,121,-203,1,1]
[729,-189,26,-7,1]
[512,0,-32,5,-4,0,1]
[729,81,27,26,3,1,1]
[4096,-1280,-80,109,-5,-5,1]
[256,0,0,-12,1,-3,0,0,1]
[512,-64,48,-29,6,-1,1]
[4096,-512,320,7,20,-2,1]
[256,-64,16,4,3,1,1,-1,1]
[4096,0,-160,19,-10,0,1]
[729,405,135,53,15,5,1]
[256,-192,144,-104,49,-26,9,-3,1]
[1024,384,93,12,1]
[4096,256,-80,-63,-5,1,1]
[4096,2816,1264,363,79,11,1]
[256,0,-32,20,11,5,-2,0,1]
[15625,3000,288,24,1]
[4096,576,71,9,1]
[4096,512,704,65,44,2,1]
[729,-162,-45,17,-5,-2,1]
[4096,2048,800,233,50,8,1]
[14641,-121,-51,-1,1]
[4096,-128,41,-2,1]
[4096,-768,368,-113,23,-3,1]
[4096,-512,-16,75,-1,-2,1]
[16384,-1408,67,-11,1]
[4096,1024,352,105,22,4,1]
[256,256,144,64,35,16,9,4,1]
[256,-320,144,8,-31,2,9,-5,1]
[15625,1500,224,12,1]
[15625,-1125,-36,-9,1]
[15625,-750,44,-6,1]
[14641,1210,75,10,1]
[14641,-726,72,-6,1]
[4096,-1280,96,29,6,-5,1]
[16384,-1280,27,-10,1]
[256,-256,224,-148,87,-37,14,-4,1]
[256,256,176,60,27,15,11,4,1]
[4096,-1024,32,45,2,-4,1]
[512,-192,80,-37,10,-3,1]
[14641,2057,241,17,1]
[6561,-405,53,-5,1]
[256,-64,-48,-4,17,-1,-3,-1,1]
[16384,896,75,7,1]
[4096,-512,208,-89,13,-2,1]
[4096,1536,640,145,40,6,1]
[4096,-1536,-160,147,-10,-6,1]
[6561,0,-13,0,1]
[16384,2176,191,17,1]
[256,-256,224,-132,75,-33,14,-4,1]
[256,0,16,-24,7,-6,1,0,1]
[15625,375,-71,3,1]
[14641,4356,553,36,1]
[729,-243,-72,55,-8,-3,1]
[4096,-768,80,-57,5,-3,1]
[4096,-1280,272,-99,17,-5,1]
[256,-64,-32,0,19,0,-2,-1,1]
[4096,1280,352,77,22,5,1]
[15625,0,194,0,1]
[4096,-768,368,-85,23,-3,1]
[16384,4480,543,35,1]
[16384,1280,1,10,1]
[14641,-121,62,-1,1]
[4096,256,-176,-55,-11,1,1]
[256,0,112,40,23,10,7,0,1]
[4096,-768,272,-137,17,-3,1]
[4096,-1024,224,-95,14,-4,1]
[16384,3456,431,27,1]
[256,192,64,-32,-27,-8,4,3,1]
[729,-162,54,-5,6,-2,1]
[4096,1280,16,-31,1,5,1]
[15625,125,-176,1,1]
[4096,-256,208,-55,13,-1,1]
[512,64,152,13,19,1,1]
[16384,2560,337,20,1]
[4096,1024,480,117,30,4,1]
[256,320,256,156,79,39,16,5,1]
[16384,-1408,255,-11,1]
[6561,405,158,5,1]
[14641,363,-3,3,1]
[4096,-512,224,-19,14,-2,1]
[6561,405,-56,5,1]
[15625,-1375,246,-11,1]
[15625,-500,62,-4,1]
[16384,3072,291,24,1]
[14641,726,76,6,1]
[4096,0,144,31,9,0,1]
[4096,-768,-80,41,-5,-3,1]
[16384,2176,167,17,1]
[15625,-4500,567,-36,1]
[4096,0,192,-55,12,0,1]
[14641,-1936,284,-16,1]
[6561,162,118,2,1]
[4096,-1024,160,-51,10,-4,1]
[256,-64,64,-4,21,-1,4,-1,1]
[4096,512,16,1,1,2,1]
[4096,-1280,512,-91,32,-5,1]
[729,-81,-9,-23,-1,-1,1]
[256,448,368,196,93,49,23,7,1]
[4096,0,576,-13,36,0,1]
[512,-64,40,-7,5,-1,1]
[16384,-1152,73,-9,1]
[256,-128,112,-64,29,-16,7,-2,1]
[256,128,48,-20,-15,-5,3,2,1]
[256,64,96,12,15,3,6,1,1]
[15625,1750,224,14,1]
[256,64,48,0,-1,0,3,1,1]
[14641,-242,-101,-2,1]
[4096,-1792,400,-71,25,-7,1]
[4096,-1792,640,-207,40,-7,1]
[512,64,144,13,18,1,1]
[729,243,126,43,14,3,1]
[4096,1088,163,17,1]
[15625,-1500,39,-12,1]
[15625,500,-131,4,1]
[4096,256,240,39,15,1,1]
[729,243,36,-22,4,3,1]
[4096,1024,704,119,44,4,1]
[6561,243,35,3,1]
[14641,363,168,3,1]
[4096,1792,480,97,30,7,1]
[4096,256,-16,29,-1,1,1]
[15625,1000,4,8,1]
[256,-64,-48,16,-3,4,-3,-1,1]
[4096,1536,271,24,1]
[4096,0,368,39,23,0,1]
[14641,-242,123,-2,1]
[15625,2000,164,16,1]
[256,128,80,56,17,14,5,2,1]
[4096,1792,608,193,38,7,1]
[625,-125,36,-5,1]
[4096,-1280,480,-69,30,-5,1]
[729,-81,54,-38,6,-1,1]
[16384,2816,329,22,1]
[16384,1024,157,8,1]
[14641,-968,10,-8,1]
[256,-64,16,-8,-13,-2,1,-1,1]
[4096,-768,-16,23,-1,-3,1]
[625,100,6,4,1]
[2401,0,65,0,1]
[4096,256,272,19,17,1,1]
[256,64,16,16,3,4,1,1,1]
[16384,1920,137,15,1]
[4096,-256,-64,9,-4,-1,1]
[4096,512,128,91,8,2,1]
[4096,-1024,528,-127,33,-4,1]
[1024,64,-41,2,1]
[4096,-1280,432,-65,27,-5,1]
[4096,4096,2080,647,130,16,1]
[4096,1792,323,28,1]
[4096,-1280,448,-99,28,-5,1]
[4096,512,64,-75,4,2,1]
[4096,1536,400,55,25,6,1]
[729,324,9,-31,1,4,1]
[15625,1375,257,11,1]
[4096,-256,208,-17,13,-1,1]
[256,0,80,8,21,2,5,0,1]
[4096,-768,48,-21,3,-3,1]
[15625,-1375,166,-11,1]
[256,-128,48,-32,21,-8,3,-2,1]
[16384,-896,257,-7,1]
[15625,-375,81,-3,1]
[256,64,48,-28,-5,-7,3,1,1]
[15625,-375,153,-3,1]
[256,-64,32,16,9,4,2,-1,1]
[256,-64,80,-24,9,-6,5,-1,1]
[625,175,34,7,1]
[15625,2125,241,17,1]
[625,0,-3,0,1]
[15625,-1875,304,-15,1]
[14641,242,177,2,1]
[6561,-729,49,-9,1]
[4096,768,128,1,8,3,1]
[4096,-768,32,81,2,-3,1]
[512,-128,128,-21,16,-2,1]
[729,405,-9,-49,-1,5,1]
[14641,-242,-97,-2,1]
[256,-256,64,16,-13,4,4,-4,1]
[16384,-256,75,-2,1]
[256,64,16,0,13,0,1,1,1]
[4096,1024,192,29,12,4,1]
[729,-972,648,-268,72,-12,1]
[4096,0,160,-87,10,0,1]
[4096,-512,-64,31,-4,-2,1]
[4096,-512,16,75,1,-2,1]
[729,-324,189,-53,21,-4,1]
[4096,768,48,-29,3,3,1]
[4096,768,336,71,21,3,1]
[4096,768,336,83,21,3,1]
[4096,-1024,240,-21,15,-4,1]
[512,-320,216,-77,27,-5,1]
[4096,-2560,768,-181,48,-10,1]
[14641,-1694,290,-14,1]
[729,-243,36,20,4,-3,1]
[16384,640,121,5,1]
[16384,-384,247,-3,1]
[4096,-2560,1136,-313,71,-10,1]
[14641,-1573,116,-13,1]
[4096,-256,0,55,0,-1,1]
[4096,1536,352,97,22,6,1]
[4096,-1280,-112,115,-7,-5,1]
[6561,162,-100,2,1]
[16384,128,197,1,1]
[256,-192,160,-96,53,-24,10,-3,1]
[4096,-3072,1168,-323,73,-12,1]
[4096,64,13,1,1]
[4096,-256,-48,-27,-3,-1,1]
[4096,-2304,864,-269,54,-9,1]
[4096,-512,32,73,2,-2,1]
[512,0,40,-31,5,0,1]
[4096,0,-128,-3,-8,0,1]
[4096,-768,384,-25,24,-3,1]
[15625,500,-136,4,1]
[14641,363,-62,3,1]
[4096,256,112,23,7,1,1]
[4096,-256,-5,-4,1]
[4096,256,80,-81,5,1,1]
[729,-162,-18,14,-2,-2,1]
[4096,512,48,57,3,2,1]
[4096,-1792,928,-225,58,-7,1]
[256,192,80,4,-9,1,5,3,1]
[2401,-98,-61,-2,1]
[4096,2048,736,177,46,8,1]
[16384,384,165,3,1]
[15625,-2250,184,-18,1]
[4096,1280,704,147,44,5,1]
[256,-128,32,40,-29,10,2,-2,1]
[6561,729,92,9,1]
[15625,2750,304,22,1]
[4096,-768,448,-101,28,-3,1]
[16384,-1664,251,-13,1]
[14641,847,-35,7,1]
[15625,0,117,0,1]
[14641,1936,211,16,1]
[15625,-1250,101,-10,1]
[4096,-1792,640,-213,40,-7,1]
[729,486,180,53,20,6,1]
[15625,2000,311,16,1]
[15625,-3000,287,-24,1]
[729,162,99,32,11,2,1]
[4096,1536,592,137,37,6,1]
[16384,-2432,291,-19,1]
[14641,1089,72,9,1]
[4096,-768,432,-61,27,-3,1]
[512,0,32,29,4,0,1]
[729,-486,126,-29,14,-6,1]
[14641,-2783,334,-23,1]
[25,9,1]
[16384,4864,615,38,1]
[729,-486,72,8,8,-6,1]
[4096,768,208,-25,13,3,1]
[15625,-2250,217,-18,1]
[4096,1280,464,85,29,5,1]
[256,64,80,-40,-1,-10,5,1,1]
[256,64,48,-24,3,-6,3,1,1]
[4096,0,0,-35,0,0,1]
[14641,3751,482,31,1]
[4096,-768,128,-65,8,-3,1]
[256,64,112,-4,25,-1,7,1,1]
[4096,256,480,45,30,1,1]
[14641,484,153,4,1]
[4096,1792,272,7,17,7,1]
[15625,1375,136,11,1]
[15625,500,126,4,1]
[729,135,19,5,1]
[4096,-512,176,-29,11,-2,1]
[14641,1452,163,12,1]
[14641,-2299,208,-19,1]
[16384,-3072,307,-24,1]
[256,-128,32,24,-25,6,2,-2,1]
[16384,-2688,241,-21,1]
[4096,-768,160,41,10,-3,1]
[14641,-242,-191,-2,1]
[4096,-2048,960,-253,60,-8,1]
[14641,121,-75,1,1]
[4096,-2304,912,-253,57,-9,1]
[729,0,-18,-37,-2,0,1]
[625,0,-38,0,1]
[256,-128,16,36,-21,9,1,-2,1]
[15625,-875,214,-7,1]
[512,-512,224,-73,28,-8,1]
[256,0,-96,0,39,0,-6,0,1]
[4096,-1280,608,-107,38,-5,1]
[4096,1280,320,65,20,5,1]
[729,-243,90,-38,10,-3,1]
[4096,768,416,73,26,3,1]
[64,64,52,29,13,4,1]
[256,-192,144,-72,47,-18,9,-3,1]
[16384,2048,111,16,1]
[256,128,144,60,51,15,9,2,1]
[14641,-1331,38,-11,1]
[4096,1280,560,133,35,5,1]
[625,0,-14,0,1]
[625,0,-7,0,1]
[729,405,162,49,18,5,1]
[4096,-1536,480,-145,30,-6,1]
[256,-64,96,-32,33,-8,6,-1,1]
[6561,1053,131,13,1]
[256,128,-48,-28,1,-7,-3,2,1]
[256,-256,160,-100,57,-25,10,-4,1]
[4096,-768,400,-33,25,-3,1]
[4096,-1792,112,59,7,-7,1]
[256,-256,160,-64,31,-16,10,-4,1]
[1024,448,105,14,1]
[729,-81,-27,-4,-3,-1,1]
[512,128,16,-13,2,2,1]
[4096,256,-160,-19,-10,1,1]
[15625,-125,67,-1,1]
[6561,972,155,12,1]
[256,0,16,-4,-1,-1,1,0,1]
[14641,-2299,254,-19,1]
[14641,2057,263,17,1]
[512,-128,48,13,6,-2,1]
[256,64,112,64,29,16,7,1,1]
[729,-162,-18,29,-2,-2,1]
[4096,2048,592,151,37,8,1]
[4096,-1280,288,-13,18,-5,1]
[4096,2816,1104,327,69,11,1]
[4096,1536,304,67,19,6,1]
[729,-432,116,-16,1]
[625,-325,84,-13,1]
[4096,-768,-96,109,-6,-3,1]
[4096,-768,48,-45,3,-3,1]
[16384,-384,97,-3,1]
[6561,162,116,2,1]
[14641,-121,145,-1,1]
[256,-320,240,-160,89,-40,15,-5,1]
[4096,3072,1280,369,80,12,1]
[256,-128,0,32,-13,8,0,-2,1]
[4096,-64,-89,-1,1]
[256,192,0,-44,-25,-11,0,3,1]
[729,-405,207,-76,23,-5,1]
[512,-192,-40,33,-5,-3,1]
[4096,256,16,97,1,1,1]
[256,-192,32,48,-39,12,2,-3,1]
[4096,1792,432,79,27,7,1]
[4096,-1024,160,-31,10,-4,1]
[4096,-1024,-112,115,-7,-4,1]
[14641,1331,144,11,1]
[256,64,96,60,21,15,6,1,1]
[15625,-250,204,-2,1]
[2401,0,-90,0,1]
[256,-192,160,-60,41,-15,10,-3,1]
[256,256,160,112,67,28,10,4,1]
[256,0,-64,0,33,0,-4,0,1]
[4096,0,128,19,8,0,1]
[4096,-1280,-96,95,-6,-5,1]
[729,-567,180,-46,20,-7,1]
[4096,-256,-48,43,-3,-1,1]
[4096,1536,0,-85,0,6,1]
[729,0,-9,-43,-1,0,1]
[729,-243,54,-5,6,-3,1]
[14641,-363,27,-3,1]
[4096,-1280,224,-41,14,-5,1]
[4096,-512,384,-75,24,-2,1]
[4096,768,464,107,29,3,1]
[15625,0,-32,0,1]
[256,0,-48,-16,19,-4,-3,0,1]
[4096,256,64,33,4,1,1]
[256,256,112,8,-15,2,7,4,1]
[4096,-1280,-32,55,-2,-5,1]
[729,243,-45,-37,-5,3,1]
[15625,2250,304,18,1]
[4096,-1792,192,13,12,-7,1]
[15625,2500,306,20,1]
[14641,2904,298,24,1]
[256,-128,16,-32,25,-8,1,-2,1]
[14641,605,180,5,1]
[512,-384,136,-43,17,-6,1]
[14641,-1452,260,-12,1]
[4096,-2304,784,-225,49,-9,1]
[729,162,-63,-38,-7,2,1]
[14641,2178,241,18,1]
[4096,1280,400,93,25,5,1]
[14641,605,158,5,1]
[2401,833,142,17,1]
[15625,-750,196,-6,1]
[4096,1024,256,59,16,4,1]
[256,0,64,-16,15,-4,4,0,1]
[4096,768,368,89,23,3,1]
[14641,1089,118,9,1]
[4096,-128,-95,-2,1]
[4096,-2048,512,-93,32,-8,1]
[4096,-1024,-112,99,-7,-4,1]
[64,-64,52,-31,13,-4,1]
[512,-256,96,-45,12,-4,1]
[16384,-128,-15,-1,1]
[4096,1024,400,131,25,4,1]
[4096,-512,-144,87,-9,-2,1]
[14641,-1331,271,-11,1]
[729,324,144,37,16,4,1]
[4096,-512,-48,31,-3,-2,1]
[4096,512,64,45,4,2,1]
[256,0,32,28,-9,7,2,0,1]
[4096,-1792,672,-163,42,-7,1]
[15625,2000,206,16,1]
[14641,-1331,224,-11,1]
[2401,-294,24,-6,1]
[4096,2304,240,-43,15,9,1]
[256,0,-48,12,13,3,-3,0,1]
[14641,-2178,260,-18,1]
[256,0,128,-12,35,-3,8,0,1]
[15625,0,33,0,1]
[4096,0,-48,7,-3,0,1]
[4096,768,-64,-27,-4,3,1]
[512,-320,136,-55,17,-5,1]
[15625,-750,-83,-6,1]
[729,-243,81,-32,9,-3,1]
[15625,4875,626,39,1]
[4096,512,352,83,22,2,1]
[15625,-2625,242,-21,1]
[15625,-625,79,-5,1]
[256,128,160,68,47,17,10,2,1]
[4096,1280,496,81,31,5,1]
[4096,-256,288,7,18,-1,1]
[512,-192,-16,35,-2,-3,1]
[4096,-1792,416,-63,26,-7,1]
[15625,1250,221,10,1]
[14641,3146,394,26,1]
[16384,768,9,6,1]
[4096,-1792,736,-209,46,-7,1]
[729,-243,99,-19,11,-3,1]
[15625,-875,-79,-7,1]
[14641,121,104,1,1]
[4096,-3072,1280,-369,80,-12,1]
[15625,3250,353,26,1]
[4096,512,-48,-107,-3,2,1]
[15625,-750,-17,-6,1]
[256,128,16,32,39,8,1,2,1]
[729,162,45,1,5,2,1]
[4096,512,432,81,27,2,1]
[729,162,54,28,6,2,1]
[625,-50,39,-2,1]
[256,-192,112,-68,41,-17,7,-3,1]
[729,81,0,17,0,1,1]
[512,320,96,21,12,5,1]
[4096,256,96,29,6,1,1]
[256,128,112,56,33,14,7,2,1]
[16384,3328,417,26,1]
[4096,1280,-192,-145,-12,5,1]
[15625,3375,414,27,1]
[4096,-256,352,-1,22,-1,1]
[4096,-1536,480,-79,30,-6,1]
[14641,4598,600,38,1]
[16384,-2560,197,-20,1]
[15625,500,-26,4,1]
[256,-192,0,44,-25,11,0,-3,1]
[4096,768,560,73,35,3,1]
[4096,-2304,816,-217,51,-9,1]
[4096,0,256,17,16,0,1]
[14641,-363,-24,-3,1]
[256,128,96,52,39,13,6,2,1]
[6561,243,-55,3,1]
[729,0,36,-20,4,0,1]
[4096,-1792,304,-25,19,-7,1]
[2401,-147,59,-3,1]
[15625,1500,211,12,1]
[4096,1536,160,9,10,6,1]
[256,64,64,-16,-5,-4,4,1,1]
[1024,64,45,2,1]
[4096,-256,240,-15,15,-1,1]
[256,128,80,32,11,8,5,2,1]
[4096,1088,147,17,1]
[2401,-245,81,-5,1]
[4096,2304,864,269,54,9,1]
[2401,490,53,10,1]
[256,192,176,116,55,29,11,3,1]
[4096,0,-17,0,1]
[4096,-1088,151,-17,1]
[256,128,64,-12,-7,-3,4,2,1]
[64,-16,32,-7,8,-1,1]
[729,-81,27,11,3,-1,1]
[14641,-242,-107,-2,1]
[14641,-1331,27,-11,1]
[4096,-1280,464,-95,29,-5,1]
[15625,1250,42,10,1]
[4096,768,-176,-135,-11,3,1]
[256,64,96,56,27,14,6,1,1]
[4096,2048,256,-11,16,8,1]
[4096,-256,192,-77,12,-1,1]
[4096,-512,0,-17,0,-2,1]
[4096,-1792,624,-191,39,-7,1]
[6561,-648,160,-8,1]
[4096,768,384,73,24,3,1]
[4096,-512,160,-87,10,-2,1]
[729,-243,45,-13,5,-3,1]
[4096,-1280,288,-67,18,-5,1]
[4096,-1536,512,-183,32,-6,1]
[16384,-2304,267,-18,1]
[4096,-2816,1264,-369,79,-11,1]
[4096,-2048,416,-61,26,-8,1]
[256,-64,48,4,7,1,3,-1,1]
[14641,1694,190,14,1]
[256,64,128,28,45,7,8,1,1]
[4096,-256,432,-35,27,-1,1]
[256,-64,-96,16,25,4,-6,-1,1]
[512,-128,88,-17,11,-2,1]
[4096,-768,-64,97,-4,-3,1]
[4096,1792,240,-7,15,7,1]
[256,256,192,124,69,31,12,4,1]
[14641,-1936,194,-16,1]
[4096,-2816,768,-157,48,-11,1]
[4096,-1024,176,-27,11,-4,1]
[16384,-768,19,-6,1]
[6561,-162,80,-2,1]
[14641,1694,225,14,1]
[256,128,64,32,23,8,4,2,1]
[256,128,64,4,-9,1,4,2,1]
[15625,750,-47,6,1]
[4096,-1280,48,57,3,-5,1]
[14641,-847,251,-7,1]
[256,192,16,-44,-33,-11,1,3,1]
[4096,-768,-80,109,-5,-3,1]
[256,128,32,-32,-33,-8,2,2,1]
[4096,-256,160,61,10,-1,1]
[16384,-512,211,-4,1]
[4096,-1792,864,-205,54,-7,1]
[512,64,-24,-5,-3,1,1]
[256,-64,-16,0,17,0,-1,-1,1]
[256,-128,64,12,-3,3,4,-2,1]
[4096,-256,48,-85,3,-1,1]
[256,0,192,-4,65,-1,12,0,1]
[64,-16,16,-11,4,-1,1]
[4096,768,-96,-101,-6,3,1]
[4096,-256,96,-57,6,-1,1]
[512,-512,288,-119,36,-8,1]
[4096,512,224,73,14,2,1]
[729,-405,171,-61,19,-5,1]
[729,-162,-27,16,-3,-2,1]
[256,-192,0,32,-15,8,0,-3,1]
[729,-405,153,-46,17,-5,1]
[625,-75,31,-3,1]
[256,-256,64,56,-55,14,4,-4,1]
[4096,0,528,17,33,0,1]
[16384,1280,-23,10,1]
[4096,0,16,-87,1,0,1]
[256,0,16,8,-9,2,1,0,1]
[729,-324,144,-61,16,-4,1]
[14641,363,148,3,1]
[4096,-1024,672,-129,42,-4,1]
[15625,-1875,288,-15,1]
[15625,-4000,476,-32,1]
[15625,-875,-89,-7,1]
[15625,-2000,307,-16,1]
[4096,512,128,47,8,2,1]
[4096,768,16,-3,1,3,1]
[4096,1280,128,-37,8,5,1]
[6561,162,151,2,1]
[256,-256,48,60,-49,15,3,-4,1]
[256,256,176,100,51,25,11,4,1]
[14641,0,-12,0,1]
[16384,-1280,111,-10,1]
[4096,512,352,-7,22,2,1]
[6561,-2025,305,-25,1]
[14641,-2420,255,-20,1]
[256,64,48,16,-9,4,3,1,1]
[6561,-729,71,-9,1]
[4096,1280,96,11,6,5,1]
[4096,-512,48,73,3,-2,1]
[729,0,45,-32,5,0,1]
[4096,-1792,752,-221,47,-7,1]
[4096,1280,320,63,20,5,1]
[4096,4096,1968,597,123,16,1]
[4096,-512,-16,-21,-1,-2,1]
[256,128,96,60,21,15,6,2,1]
[14641,3267,424,27,1]
[14641,605,177,5,1]
[6561,-405,17,-5,1]
[729,162,36,-19,4,2,1]
[729,324,180,73,20,4,1]
[16384,1536,193,12,1]
[4096,-512,-96,75,-6,-2,1]
[4096,-256,-32,-15,-2,-1,1]
[2401,49,-8,1,1]
[14641,242,197,2,1]
[729,162,180,29,20,2,1]
[4096,-2048,896,-255,56,-8,1]
[15625,500,-153,4,1]
[4096,0,304,41,19,0,1]
[4096,256,64,9,4,1,1]
[4096,1536,128,-23,8,6,1]
[512,-256,64,-11,8,-4,1]
[15625,1125,-6,9,1]
[729,648,351,143,39,8,1]
[6561,1215,188,15,1]
[15625,2125,156,17,1]
[14641,3025,332,25,1]
[15625,-750,147,-6,1]
[14641,-121,-6,-1,1]
[4096,-1792,720,-213,45,-7,1]
[256,192,112,20,5,5,7,3,1]
[256,64,32,4,21,1,2,1,1]
[4096,-1792,304,-51,19,-7,1]
[256,-64,16,-12,1,-3,1,-1,1]
[16384,-1280,169,-10,1]
[15625,625,-111,5,1]
[6561,-243,-49,-3,1]
[4096,1536,656,153,41,6,1]
[14641,1331,212,11,1]
[256,256,224,140,77,35,14,4,1]
[4096,-2048,672,-203,42,-8,1]
[4096,-1344,227,-21,1]
[4096,-512,160,-1,10,-2,1]
[4096,-256,464,-5,29,-1,1]
[256,-512,560,-428,245,-107,35,-8,1]
[256,192,96,56,31,14,6,3,1]
[256,-256,144,-76,39,-19,9,-4,1]
[256,192,208,136,73,34,13,3,1]
[256,-192,32,-36,37,-9,2,-3,1]
[4096,-448,75,-7,1]
[4096,-256,128,41,8,-1,1]
[4096,2048,864,211,54,8,1]
[14641,1331,228,11,1]
[4096,1792,752,209,47,7,1]
[14641,-3388,383,-28,1]
[729,324,162,67,18,4,1]
[4096,-768,-112,111,-7,-3,1]
[4096,256,48,11,3,1,1]
[16384,1152,85,9,1]
[4096,-2048,304,-5,19,-8,1]
[2401,196,3,4,1]
[256,0,-64,4,15,1,-4,0,1]
[15625,1750,201,14,1]
[4096,-1536,-32,85,-2,-6,1]
[14641,-2420,215,-20,1]
[256,-192,160,-80,43,-20,10,-3,1]
[15625,-750,-39,-6,1]
[4096,512,112,3,7,2,1]
[4096,-1024,464,-111,29,-4,1]
[256,64,160,40,53,10,10,1,1]
[256,64,0,20,11,5,0,1,1]
[4096,2048,864,223,54,8,1]
[14641,-1936,116,-16,1]
[64,48,36,21,9,3,1]
[14641,-3267,404,-27,1]
[4096,512,416,53,26,2,1]
[4096,-1536,400,-59,25,-6,1]
[15625,-750,59,-6,1]
[256,0,96,-28,21,-7,6,0,1]
[4096,1280,272,5,17,5,1]
[4096,576,145,9,1]
[14641,-1331,263,-11,1]
[256,0,-64,16,19,4,-4,0,1]
[16384,0,17,0,1]
[256,-320,176,-40,1,-10,11,-5,1]
[625,50,-6,2,1]
[4096,512,208,37,13,2,1]
[4096,-512,176,-67,11,-2,1]
[16384,-256,143,-2,1]
[256,128,80,24,13,6,5,2,1]
[15625,-375,-141,-3,1]
[256,-64,80,4,7,1,5,-1,1]
[15625,-1875,154,-15,1]
[729,486,216,76,24,6,1]
[729,-81,-36,-7,-4,-1,1]
[729,135,4,5,1]
[4096,-768,256,13,16,-3,1]
[16384,2048,183,16,1]
[14641,968,228,8,1]
[256,0,16,20,5,5,1,0,1]
[14641,3993,496,33,1]
[4096,768,240,95,15,3,1]
[729,-810,477,-185,53,-10,1]
[4096,512,400,25,25,2,1]
[4096,768,-32,-75,-2,3,1]
[729,0,27,43,3,0,1]
[4096,768,368,21,23,3,1]
[512,-192,72,-41,9,-3,1]
[15625,-125,-83,-1,1]
[4096,256,208,23,13,1,1]
[4096,-2048,496,-95,31,-8,1]
[4096,-768,352,-41,22,-3,1]
[14641,968,27,8,1]
[4096,-1792,752,-171,47,-7,1]
[4096,-512,48,-47,3,-2,1]
[4096,-256,-208,45,-13,-1,1]
[4096,-4096,1904,-567,119,-16,1]
[4096,-1280,-128,125,-8,-5,1]
[4096,768,128,15,8,3,1]
[256,128,32,-36,-19,-9,2,2,1]
[4096,-256,71,-4,1]
[256,-192,16,-20,31,-5,1,-3,1]
[14641,3146,372,26,1]
[4096,1792,224,-1,14,7,1]
[15625,-500,-152,-4,1]
[2401,490,79,10,1]
[4096,2048,768,185,48,8,1]
[15625,875,-48,7,1]
[16384,-768,225,-6,1]
[6561,-243,-70,-3,1]
[4096,1024,32,1,2,4,1]
[14641,484,-144,4,1]
[256,192,176,84,57,21,11,3,1]
[16384,-1920,163,-15,1]
[14641,3388,384,28,1]
[4096,-1792,496,-95,31,-7,1]
[4096,1280,544,87,34,5,1]
[4096,256,272,-37,17,1,1]
[16384,-1024,151,-8,1]
[729,-324,225,-65,25,-4,1]
[14641,-847,-50,-7,1]
[729,-243,0,35,0,-3,1]
[256,-192,32,-32,33,-8,2,-3,1]
[256,-128,48,-16,3,-4,3,-2,1]
[4096,-512,368,-39,23,-2,1]
[729,-405,216,-73,24,-5,1]
[256,-128,112,-36,29,-9,7,-2,1]
[256,80,13,5,1]
[512,-128,88,-5,11,-2,1]
[729,243,171,53,19,3,1]
[256,64,32,24,19,6,2,1,1]
[14641,-1089,94,-9,1]
[4096,-1280,480,-131,30,-5,1]
[729,-162,18,-29,2,-2,1]
[15625,-4125,514,-33,1]
[256,0,-96,8,33,2,-6,0,1]
[16384,-2432,309,-19,1]
[4096,-1024,464,-59,29,-4,1]
[6561,1377,217,17,1]
[4096,-1024,592,-93,37,-4,1]
[6561,-1620,218,-20,1]
[14641,-847,34,-7,1]
[6561,-810,101,-10,1]
[256,64,32,-28,-7,-7,2,1,1]
[4096,-1792,256,-1,16,-7,1]
[14641,-1936,278,-16,1]
[6561,-1296,181,-16,1]
[4096,-512,-80,-1,-5,-2,1]
[4096,512,352,57,22,2,1]
[256,0,-16,16,-3,4,-1,0,1]
[256,192,64,60,45,15,4,3,1]
[6561,405,167,5,1]
[729,-405,261,-88,29,-5,1]
[16384,-768,199,-6,1]
[4096,768,432,107,27,3,1]
[4096,-2048,544,-117,34,-8,1]
[1024,352,71,11,1]
[4096,-2304,896,-233,56,-9,1]
[16384,0,-107,0,1]
[4096,1024,48,13,3,4,1]
[256,-64,64,20,5,5,4,-1,1]
[4096,-256,288,-29,18,-1,1]
[256,192,112,72,45,18,7,3,1]
[256,128,112,4,11,1,7,2,1]
[4096,0,-16,107,-1,0,1]
[2401,245,24,5,1]
[4096,512,-112,-15,-7,2,1]
[14641,-2541,227,-21,1]
[4096,2304,944,249,59,9,1]
[4096,1280,432,151,27,5,1]
[4096,768,112,21,7,3,1]
[4096,768,208,123,13,3,1]
[4096,2304,816,217,51,9,1]
[729,486,117,19,13,6,1]
[15625,-250,-12,-2,1]
[256,64,32,-8,-13,-2,2,1,1]
[4096,256,96,79,6,1,1]
[4096,256,-96,15,-6,1,1]
[4096,-1792,80,75,5,-7,1]
[64,-32,16,-15,4,-2,1]
[512,64,56,-1,7,1,1]
[256,-64,48,20,7,5,3,-1,1]
[6561,-891,113,-11,1]
[729,-81,81,-20,9,-1,1]
[256,-192,64,56,-43,14,4,-3,1]
[4096,-512,480,-53,30,-2,1]
[15625,-1125,144,-9,1]
[256,64,32,12,3,3,2,1,1]
[14641,0,-30,0,1]
[256,-448,480,-356,205,-89,30,-7,1]
[256,-128,128,-68,39,-17,8,-2,1]
[14641,-2057,171,-17,1]
[4096,1792,720,163,45,7,1]
[729,405,162,55,18,5,1]
[729,-324,18,25,2,-4,1]
[14641,1210,102,10,1]
[256,64,-64,4,29,1,-4,1,1]
[14641,-2057,183,-17,1]
[512,-64,-8,-1,-1,-1,1]
[14641,2783,316,23,1]
[4096,512,704,59,44,2,1]
[14641,-605,95,-5,1]
[4096,-256,368,13,23,-1,1]
[15625,125,163,1,1]
[4096,1792,880,207,55,7,1]
[4096,512,304,1,19,2,1]
[14641,242,229,2,1]
[15625,-750,182,-6,1]
[4096,-768,32,-19,2,-3,1]
[256,-128,0,8,9,2,0,-2,1]
[729,162,54,5,6,2,1]
[4096,768,496,89,31,3,1]
[4096,0,16,-35,1,0,1]
[6561,810,83,10,1]
[729,243,-54,-47,-6,3,1]
[4096,2048,688,209,43,8,1]
[14641,-1573,120,-13,1]
[14641,-726,3,-6,1]
[16384,3840,433,30,1]
[4096,1024,336,157,21,4,1]
[4096,-512,-64,17,-4,-2,1]
[4096,1024,32,-75,2,4,1]
[4096,1792,672,179,42,7,1]
[256,192,128,88,55,22,8,3,1]
[256,384,304,196,109,49,19,6,1]
[4096,-768,240,-119,15,-3,1]
[4096,1536,480,137,30,6,1]
[729,-243,45,-25,5,-3,1]
[16384,-256,157,-2,1]
[15625,-1000,22,-8,1]
[729,-324,117,-41,13,-4,1]
[14641,-605,191,-5,1]
[512,64,88,9,11,1,1]
[16384,128,65,1,1]
[14641,-847,-26,-7,1]
[4096,1536,64,-55,4,6,1]
[16384,-2944,299,-23,1]
[4096,512,-64,3,-4,2,1]
[4096,1280,496,107,31,5,1]
[15625,3625,426,29,1]
[729,324,126,40,14,4,1]
[729,324,144,38,16,4,1]
[729,54,-26,2,1]
[4096,2048,-32,-145,-2,8,1]
[4096,1280,464,79,29,5,1]
[729,-243,-36,37,-4,-3,1]
[256,0,16,4,-21,1,1,0,1]
[256,0,64,-60,-3,-15,4,0,1]
[6561,-810,29,-10,1]
[14641,-1815,105,-15,1]
[512,64,104,-1,13,1,1]
[4096,-256,592,-35,37,-1,1]
[4096,256,224,59,14,1,1]
[256,0,-64,-8,21,-2,-4,0,1]
[4096,-1024,112,43,7,-4,1]
[729,-486,252,-100,28,-6,1]
[4096,1024,544,131,34,4,1]
[16384,128,247,1,1]
[6561,972,74,12,1]
[16384,-1920,99,-15,1]
[256,64,96,40,21,10,6,1,1]
[4096,-2304,1008,-275,63,-9,1]
[6561,405,-55,5,1]
[4096,1024,128,11,8,4,1]
[256,-128,-32,-8,25,-2,-2,-2,1]
[16384,-3200,321,-25,1]
[15625,0,153,0,1]
[256,-192,112,-48,17,-12,7,-3,1]
[4096,-1536,64,57,4,-6,1]
[16384,2560,231,20,1]
[256,320,304,216,117,54,19,5,1]
[14641,-726,16,-6,1]
[14641,3509,426,29,1]
[4096,-256,144,-9,9,-1,1]
[256,0,64,56,-1,14,4,0,1]
[4096,0,96,-81,6,0,1]
[256,64,32,-12,9,-3,2,1,1]
[14641,1089,159,9,1]
[6561,-1134,154,-14,1]
[2401,-147,99,-3,1]
[6561,81,85,1,1]
[4096,1280,432,65,27,5,1]
[16384,-1024,263,-8,1]
[14641,1331,270,11,1]
[2401,-49,50,-1,1]
[14641,-847,164,-7,1]
[4096,2560,896,253,56,10,1]
[256,128,48,-40,-21,-10,3,2,1]
[256,128,0,16,21,4,0,2,1]
[4096,1280,416,131,26,5,1]
[14641,605,-89,5,1]
[14641,-2057,236,-17,1]
[4096,-768,0,-7,0,-3,1]
[4096,-1792,160,41,10,-7,1]
[4096,-1792,384,-85,24,-7,1]
[256,-128,-16,40,-15,10,-1,-2,1]
[512,64,96,-3,12,1,1]
[15625,-375,141,-3,1]
[4096,-768,-160,97,-10,-3,1]
[14641,-1452,84,-12,1]
[729,81,-27,-52,-3,1,1]
[256,-64,160,-32,55,-8,10,-1,1]
[4096,-768,-176,133,-11,-3,1]
[4096,-448,-3,-7,1]
[4096,-256,57,-4,1]
[729,-162,126,-31,14,-2,1]
[4096,1280,201,20,1]
[4096,-512,160,-81,10,-2,1]
[512,-320,136,-59,17,-5,1]
[256,-320,160,-68,37,-17,10,-5,1]
[256,128,16,32,33,8,1,2,1]
[4096,-1024,-64,89,-4,-4,1]
[729,-405,171,-58,19,-5,1]
[256,64,64,28,35,7,4,1,1]
[4096,-768,64,-47,4,-3,1]
[4096,-256,-96,57,-6,-1,1]
[4096,-768,128,-5,8,-3,1]
[729,0,36,5,4,0,1]
[4096,-512,112,-37,7,-2,1]
[4096,-256,176,-13,11,-1,1]
[256,0,-32,-20,7,-5,-2,0,1]
[512,0,24,13,3,0,1]
[256,-192,208,-116,73,-29,13,-3,1]
[4096,-256,176,57,11,-1,1]
[14641,363,61,3,1]
[256,192,48,-4,-1,-1,3,3,1]
[4096,512,320,43,20,2,1]
[4096,1280,193,20,1]
[4096,-1024,496,-117,31,-4,1]
[6561,81,-38,1,1]
[256,-128,48,4,-9,1,3,-2,1]
[15625,-1750,257,-14,1]
[2401,49,69,1,1]
[256,320,224,136,73,34,14,5,1]
[16384,-640,47,-5,1]
[16384,128,125,1,1]
[729,-81,-36,4,-4,-1,1]
[14641,0,123,0,1]
[2401,98,75,2,1]
[4096,0,-32,-19,-2,0,1]
[1024,0,51,0,1]
[4096,1024,416,63,26,4,1]
[729,162,72,23,8,2,1]
[4096,-1024,400,-141,25,-4,1]
[4096,-1792,480,-123,30,-7,1]
[512,0,-40,-15,-5,0,1]
[4096,-512,-96,93,-6,-2,1]
[4096,-1536,-192,167,-12,-6,1]
[512,64,-16,-31,-2,1,1]
[16384,2048,315,16,1]
[4096,-1280,224,-35,14,-5,1]
[256,64,32,-8,11,-2,2,1,1]
[256,-64,32,44,-19,11,2,-1,1]
[15625,2125,186,17,1]
[4096,-2304,352,-13,22,-9,1]
[16384,-4352,519,-34,1]
[4096,1024,0,-13,0,4,1]
[16384,-3840,429,-30,1]
[4096,1536,464,119,29,6,1]
[256,256,256,160,97,40,16,4,1]
[15625,-4000,492,-32,1]
[256,128,32,-32,-31,-8,2,2,1]
[256,-320,288,-192,105,-48,18,-5,1]
[256,384,304,184,99,46,19,6,1]
[4096,1024,176,-7,11,4,1]
[4096,1024,288,19,18,4,1]
[15625,125,-138,1,1]
[4096,-704,127,-11,1]
[4096,1280,128,17,8,5,1]
[512,192,72,9,9,3,1]
[256,-64,64,16,9,4,4,-1,1]
[729,81,54,19,6,1,1]
[256,-192,160,-76,49,-19,10,-3,1]
[6561,-810,25,-10,1]
[256,128,64,28,27,7,4,2,1]
[256,0,-16,24,1,6,-1,0,1]
[14641,2420,317,20,1]
[729,567,90,-13,10,7,1]
[16384,-1024,99,-8,1]
[4096,1792,432,81,27,7,1]
[4096,512,64,37,4,2,1]
[4096,256,304,-37,19,1,1]
[4096,-1792,720,-199,45,-7,1]
[4096,1024,0,-15,0,4,1]
[4096,1024,496,97,31,4,1]
[4096,-1280,304,-75,19,-5,1]
[16384,640,-79,5,1]
[729,-324,-9,32,-1,-4,1]
[256,-256,192,-132,69,-33,12,-4,1]
[14641,1694,108,14,1]
[729,-243,225,-49,25,-3,1]
[15625,125,46,1,1]
[256,-128,48,8,3,2,3,-2,1]
[15625,-500,251,-4,1]
[256,128,16,24,23,6,1,2,1]
[14641,3267,366,27,1]
[729,-567,234,-71,26,-7,1]
[15625,500,-156,4,1]
[15625,2000,194,16,1]
[14641,-726,104,-6,1]
[14641,-847,82,-7,1]
[256,256,96,40,25,10,6,4,1]
[4096,-1024,592,-105,37,-4,1]
[4096,-1024,-16,39,-1,-4,1]
[14641,121,-160,1,1]
[14641,363,-68,3,1]
[256,-192,208,-136,73,-34,13,-3,1]
[16384,-384,-147,-3,1]
[4096,1280,144,-1,9,5,1]
[4096,2816,1296,381,81,11,1]
[4096,0,-128,-57,-8,0,1]
[729,-486,81,5,9,-6,1]
[256,-128,80,-16,3,-4,5,-2,1]
[4096,-1280,128,27,8,-5,1]
[14641,242,228,2,1]
[14641,-3751,443,-31,1]
[6561,162,-83,2,1]
[729,-324,90,-38,10,-4,1]
[4096,512,96,21,6,2,1]
[256,128,128,84,41,21,8,2,1]
[4096,1024,272,115,17,4,1]
[4096,-1024,288,-59,18,-4,1]
[4096,0,64,41,4,0,1]
[16384,640,187,5,1]
[15625,250,-109,2,1]
[256,64,96,16,21,4,6,1,1]
[14641,-121,-137,-1,1]
[4096,-768,448,-77,28,-3,1]
[256,256,176,116,65,29,11,4,1]
[729,-81,0,43,0,-1,1]
[4096,-1024,-208,121,-13,-4,1]
[4096,-256,208,1,13,-1,1]
[16384,384,13,3,1]
[4096,1024,656,111,41,4,1]
[729,-81,-18,52,-2,-1,1]
[256,0,144,0,51,0,9,0,1]
[4096,1536,432,67,27,6,1]
[4096,768,-16,-31,-1,3,1]
[512,64,24,39,3,1,1]
[4096,-512,-48,-37,-3,-2,1]
[15625,750,71,6,1]
[15625,2000,232,16,1]
[4096,64,-7,1,1]
[256,-128,128,-64,35,-16,8,-2,1]
[14641,1936,177,16,1]
[4096,512,304,49,19,2,1]
[15625,-625,128,-5,1]
[256,128,32,-12,-1,-3,2,2,1]
[15625,-1875,246,-15,1]
[4096,-512,-208,45,-13,-2,1]
[14641,2178,296,18,1]
[14641,2420,312,20,1]
[4096,-512,64,73,4,-2,1]
[15625,1250,23,10,1]
[15625,2875,288,23,1]
[4096,-512,-192,55,-12,-2,1]
[256,192,32,-40,-39,-10,2,3,1]
[4096,1536,544,149,34,6,1]
[16384,2048,159,16,1]
[14641,-242,226,-2,1]
[4096,256,48,-19,3,1,1]
[729,0,36,29,4,0,1]
[4096,-256,496,-39,31,-1,1]
[256,-192,96,-40,21,-10,6,-3,1]
[625,0,49,0,1]
[256,0,64,24,9,6,4,0,1]
[4096,1088,155,17,1]
[4096,-1792,688,-175,43,-7,1]
[256,64,16,-4,17,-1,1,1,1]
[4096,-256,-16,103,-1,-1,1]
[729,162,72,-2,8,2,1]
[512,-256,-8,25,-1,-4,1]
[4096,-768,384,-63,24,-3,1]
[4096,-256,48,27,3,-1,1]
[256,256,256,172,97,43,16,4,1]
[15625,-1000,134,-8,1]
[4096,768,368,113,23,3,1]
[6561,1377,178,17,1]
[256,64,16,-40,-15,-10,1,1,1]
[729,-324,9,22,1,-4,1]
[512,0,120,5,15,0,1]
[4096,-1024,256,-23,16,-4,1]
[729,-351,94,-13,1]
[4096,512,16,-35,1,2,1]
[16384,-1408,275,-11,1]
[15625,1500,262,12,1]
[16384,-128,-99,-1,1]
[14641,-121,-134,-1,1]
[4096,576,41,9,1]
[15625,-375,162,-3,1]
[729,0,72,-14,8,0,1]
[256,-192,128,-68,45,-17,8,-3,1]
[4096,1024,176,29,11,4,1]
[4096,1280,-96,-123,-6,5,1]
[4096,1024,176,79,11,4,1]
[4096,512,64,5,4,2,1]
[16384,-1536,221,-12,1]
[729,-27,-13,-1,1]
[256,0,64,60,-1,15,4,0,1]
[4096,-768,32,25,2,-3,1]
[256,-192,128,-64,41,-16,8,-3,1]
[4096,-256,272,-59,17,-1,1]
[4096,-768,80,27,5,-3,1]
[4096,256,64,-89,4,1,1]
[729,162,108,41,12,2,1]
[6561,1782,260,22,1]
[729,-567,288,-103,32,-7,1]
[256,-128,32,16,-21,4,2,-2,1]
[15625,3500,417,28,1]
[4096,1280,512,107,32,5,1]
[15625,2125,292,17,1]
[729,-243,54,11,6,-3,1]
[16384,1152,127,9,1]
[256,-128,80,12,-3,3,5,-2,1]
[256,192,112,40,25,10,7,3,1]
[14641,2904,362,24,1]
[15625,-3375,381,-27,1]
[4096,1792,752,179,47,7,1]
[15625,-125,-96,-1,1]
[256,-64,80,-32,27,-8,5,-1,1]
[4096,-1792,672,-169,42,-7,1]
[4096,1536,-64,-117,-4,6,1]
[4096,768,288,97,18,3,1]
[4096,512,53,8,1]
[6561,162,149,2,1]
[64,16,20,1,5,1,1]
[4096,512,144,43,9,2,1]
[256,-192,112,-32,21,-8,7,-3,1]
[4096,1024,-208,-147,-13,4,1]
[4096,1536,-224,-189,-14,6,1]
[4096,-768,320,-11,20,-3,1]
[4096,1280,480,135,30,5,1]
[256,-256,112,-28,9,-7,7,-4,1]
[4096,1792,624,161,39,7,1]
[512,256,32,-15,4,4,1]
[729,-162,45,-8,5,-2,1]
[4096,256,256,5,16,1,1]
[4096,1280,80,-57,5,5,1]
[4096,-2048,864,-227,54,-8,1]
[4096,1024,80,-57,5,4,1]
[4096,1280,656,151,41,5,1]
[14641,-484,115,-4,1]
[4096,-256,112,57,7,-1,1]
[729,-486,261,-89,29,-6,1]
[14641,-1331,17,-11,1]
[729,324,180,59,20,4,1]
[4096,-512,400,-21,25,-2,1]
[729,-324,198,-64,22,-4,1]
[2401,-1078,213,-22,1]
[729,0,27,28,3,0,1]
[4096,512,-48,27,-3,2,1]
[16384,3328,375,26,1]
[14641,1089,19,9,1]
[6561,729,116,9,1]
[4096,-256,208,-7,13,-1,1]
[6561,1620,242,20,1]
[256,64,-112,-8,35,-2,-7,1,1]
[4096,-768,384,-119,24,-3,1]
[256,-256,160,-80,43,-20,10,-4,1]
[14641,-242,214,-2,1]
[16384,-256,199,-2,1]
[2401,441,71,9,1]
[6561,0,94,0,1]
[15625,375,64,3,1]
[4096,1408,239,22,1]
[256,128,48,0,7,0,3,2,1]
[729,162,144,43,16,2,1]
[4096,1792,480,81,30,7,1]
[256,-128,32,40,-25,10,2,-2,1]
[512,-320,88,-25,11,-5,1]
[256,64,144,28,43,7,9,1,1]
[4096,0,352,33,22,0,1]
[729,-81,189,-14,21,-1,1]
[14641,1573,103,13,1]
[729,0,54,28,6,0,1]
[256,128,-32,-28,-9,-7,-2,2,1]
[256,-64,0,8,-1,2,0,-1,1]
[256,-192,160,-100,61,-25,10,-3,1]
[15625,-1000,124,-8,1]
[14641,0,87,0,1]
[4096,-2048,528,-99,33,-8,1]
[4096,-256,0,-29,0,-1,1]
[4096,-768,80,-3,5,-3,1]
[729,-162,-9,-8,-1,-2,1]
[729,108,-2,4,1]
[14641,847,163,7,1]
[4096,2048,672,157,42,8,1]
[4096,2304,704,159,44,9,1]
[512,-64,40,-39,5,-1,1]
[625,-200,53,-8,1]
[256,128,64,-28,-15,-7,4,2,1]
[14641,-2057,250,-17,1]
[256,0,16,20,17,5,1,0,1]
[729,405,207,61,23,5,1]
[512,192,16,-23,2,3,1]
[14641,121,51,1,1]
[2401,-196,1,-4,1]
[15625,-500,-42,-4,1]
[256,128,32,40,31,10,2,2,1]
[729,-810,477,-190,53,-10,1]
[6561,-324,142,-4,1]
[256,-128,0,24,-17,6,0,-2,1]
[4096,1280,448,161,28,5,1]
[15625,-500,237,-4,1]
[256,64,128,8,31,2,8,1,1]
[16384,-1152,249,-9,1]
[729,-324,90,-16,10,-4,1]
[256,-128,144,-76,49,-19,9,-2,1]
[4096,2304,1024,271,64,9,1]
[14641,605,131,5,1]
[256,64,0,12,3,3,0,1,1]
[256,0,48,44,1,11,3,0,1]
[4096,-768,-80,93,-5,-3,1]
[256,64,128,64,35,16,8,1,1]
[15625,1250,-26,10,1]
[4096,1536,208,11,13,6,1]
[729,-567,252,-94,28,-7,1]
[4096,0,0,127,0,0,1]
[14641,726,60,6,1]
[256,-192,128,-40,23,-10,8,-3,1]
[16384,-640,-119,-5,1]
[14641,-1936,174,-16,1]
[729,810,495,196,55,10,1]
[625,100,19,4,1]
[4096,768,192,97,12,3,1]
[4096,2560,848,225,53,10,1]
[256,-64,-32,0,3,0,-2,-1,1]
[256,128,48,8,-1,2,3,2,1]
[64,-64,52,-27,13,-4,1]
[729,324,18,-26,2,4,1]
[4096,-512,224,1,14,-2,1]
[512,64,176,15,22,1,1]
[4096,-256,-112,61,-7,-1,1]
[4096,768,240,63,15,3,1]
[729,-81,81,-2,9,-1,1]
[256,128,80,32,3,8,5,2,1]
[4096,-256,160,-13,10,-1,1]
[729,-486,189,-62,21,-6,1]
[1024,-64,7,-2,1]
[1024,64,55,2,1]
[256,0,16,-12,15,-3,1,0,1]
[4096,768,384,45,24,3,1]
[15625,2125,267,17,1]
[15625,125,-153,1,1]
[6561,-162,17,-2,1]
[4096,-512,624,-65,39,-2,1]
[4096,-1024,208,-53,13,-4,1]
[512,-320,144,-43,18,-5,1]
[4096,-2048,560,-123,35,-8,1]
[15625,-1750,142,-14,1]
[14641,-3509,403,-29,1]
[256,-448,480,-360,205,-90,30,-7,1]
[6561,729,100,9,1]
[4096,-768,224,9,14,-3,1]
[512,-128,-24,23,-3,-2,1]
[512,192,-16,-23,-2,3,1]
[729,81,-9,-7,-1,1,1]
[4096,-768,336,-77,21,-3,1]
[4096,-1280,480,-121,30,-5,1]
[256,0,32,28,-13,7,2,0,1]
[4096,-1536,432,-77,27,-6,1]
[4096,-1024,304,-63,19,-4,1]
[4096,-256,-80,9,-5,-1,1]
[4096,-1792,544,-139,34,-7,1]
[16384,2176,309,17,1]
[2401,294,36,6,1]
[4096,256,0,-1,0,1,1]
[4096,256,160,-39,10,1,1]
[4096,512,-64,-79,-4,2,1]
[256,64,80,24,19,6,5,1,1]
[256,-64,48,32,-9,8,3,-1,1]
[512,192,-48,-47,-6,3,1]
[15625,1500,93,12,1]
[256,-64,0,20,-27,5,0,-1,1]
[14641,847,47,7,1]
[256,192,96,68,51,17,6,3,1]
[4096,768,272,71,17,3,1]
[14641,1815,193,15,1]
[6561,891,127,11,1]
[4096,512,128,-33,8,2,1]
[729,162,198,31,22,2,1]
[14641,726,56,6,1]
[4096,-2560,976,-261,61,-10,1]
[4096,512,416,69,26,2,1]
[4096,1792,560,177,35,7,1]
[4096,2048,256,-3,16,8,1]
[256,-128,-48,20,7,5,-3,-2,1]
[729,567,306,118,34,7,1]
[4096,-256,27,-4,1]
[256,256,160,92,55,23,10,4,1]
[4096,0,96,33,6,0,1]
[256,-256,176,-104,53,-26,11,-4,1]
[4096,-1792,656,-185,41,-7,1]
[256,-320,320,-216,123,-54,20,-5,1]
[256,128,80,-8,1,-2,5,2,1]
[512,-64,-24,35,-3,-1,1]
[4096,-1024,592,-89,37,-4,1]
[4096,0,320,-43,20,0,1]
[16384,-2816,373,-22,1]
[4096,256,-192,-61,-12,1,1]
[4096,1536,-32,-83,-2,6,1]
[16384,-1664,199,-13,1]
[4096,-768,528,-57,33,-3,1]
[15625,0,-212,0,1]
[4096,2304,864,219,54,9,1]
[729,81,-27,-25,-3,1,1]
[4096,1024,160,3,10,4,1]
[729,-162,81,-53,9,-2,1]
[4096,768,160,-13,10,3,1]
[15625,375,-173,3,1]
[6561,-243,88,-3,1]
[512,-64,80,-19,10,-1,1]
[256,-128,16,4,1,1,1,-2,1]
[512,192,0,-19,0,3,1]
[4096,-1536,64,59,4,-6,1]
[6561,81,-80,1,1]
[2401,-588,88,-12,1]
[16384,-896,197,-7,1]
[4096,-256,16,15,1,-1,1]
[4096,1024,656,107,41,4,1]
[14641,121,174,1,1]
[4096,-64,89,-1,1]
[729,567,189,46,21,7,1]
[256,-128,80,-16,1,-4,5,-2,1]
[14641,-484,-92,-4,1]
[15625,-3625,452,-29,1]
[625,25,-21,1,1]
[4096,0,512,-7,32,0,1]
[729,-405,198,-79,22,-5,1]
[4096,-1792,-224,209,-14,-7,1]
[4096,-512,336,-35,21,-2,1]
[4096,1024,352,75,22,4,1]
[256,-320,176,-52,13,-13,11,-5,1]
[256,-64,48,-40,17,-10,3,-1,1]
[64,-64,24,-7,6,-4,1]
[256,0,64,-56,-1,-14,4,0,1]
[4096,1280,544,99,34,5,1]
[4096,0,96,-33,6,0,1]
[4096,-1024,256,-53,16,-4,1]
[4096,-512,256,-9,16,-2,1]
[15625,-875,224,-7,1]
[14641,-1089,-6,-9,1]
[4096,1792,512,127,32,7,1]
[4096,-256,32,11,2,-1,1]
[14641,2178,196,18,1]
[256,-64,128,-24,35,-6,8,-1,1]
[16384,2304,161,18,1]
[14641,726,-58,6,1]
[2401,0,11,0,1]
[15625,-1000,17,-8,1]
[15625,-2625,322,-21,1]
[15625,4000,481,32,1]
[15625,-125,36,-1,1]
[16384,0,235,0,1]
[6561,81,-55,1,1]
[64,0,20,-3,5,0,1]
[15625,375,218,3,1]
[4096,-1024,288,-115,18,-4,1]
[4096,512,-144,-73,-9,2,1]
[729,162,54,49,6,2,1]
[256,320,240,136,73,34,15,5,1]
[14641,-1936,204,-16,1]
[256,320,96,-72,-71,-18,6,5,1]
[256,128,208,92,73,23,13,2,1]
[4096,-256,416,-51,26,-1,1]
[6561,-810,28,-10,1]
[15625,125,197,1,1]
[729,-324,243,-68,27,-4,1]
[4096,256,-32,11,-2,1,1]
[4096,1024,640,105,40,4,1]
[15625,-1500,89,-12,1]
[4096,-256,64,45,4,-1,1]
[256,-384,336,-232,129,-58,21,-6,1]
[512,-448,128,-23,16,-7,1]
[4096,2560,608,111,38,10,1]
[256,-128,96,-60,41,-15,6,-2,1]
[729,-324,171,-40,19,-4,1]
[4096,-512,192,-105,12,-2,1]
[14641,-3388,378,-28,1]
[256,-64,32,-16,-13,-4,2,-1,1]
[4096,-768,336,-17,21,-3,1]
[4096,512,-32,-47,-2,2,1]
[4096,2048,768,205,48,8,1]
[14641,-2662,307,-22,1]
[4096,2048,96,-83,6,8,1]
[15625,-375,92,-3,1]
[4096,-512,304,-23,19,-2,1]
[512,-128,24,-5,3,-2,1]
[15625,1125,-31,9,1]
[4096,512,32,67,2,2,1]
[6561,-1458,212,-18,1]
[256,0,-16,4,-7,1,-1,0,1]
[729,162,162,22,18,2,1]
[16384,128,-67,1,1]
[729,162,63,58,7,2,1]
[4096,2304,848,247,53,9,1]
[4096,-1536,688,-141,43,-6,1]
[4096,-512,-16,-37,-1,-2,1]
[729,162,18,-22,2,2,1]
[15625,0,89,0,1]
[256,112,31,7,1]
[15625,1000,263,8,1]
[15625,1625,287,13,1]
[6561,1539,187,19,1]
[14641,-242,-87,-2,1]
[4096,896,135,14,1]
[15625,-250,-192,-2,1]
[4096,0,-64,-15,-4,0,1]
[512,-128,-8,19,-1,-2,1]
[1024,-64,-29,-2,1]
[4096,1280,336,97,21,5,1]
[6561,-648,157,-8,1]
[4096,256,64,63,4,1,1]
[4096,-512,37,-8,1]
[256,0,32,-20,-13,-5,2,0,1]
[4096,-256,-16,1,-1,-1,1]
[4096,-1792,272,-31,17,-7,1]
[6561,-243,11,-3,1]
[15625,4625,584,37,1]
[4096,-256,0,109,0,-1,1]
[625,0,-28,0,1]
[14641,-1210,160,-10,1]
[4096,-2048,752,-241,47,-8,1]
[16384,128,-23,1,1]
[4096,-256,80,-87,5,-1,1]
[256,0,0,-12,-3,-3,0,0,1]
[4096,0,336,33,21,0,1]
[625,200,54,8,1]
[256,128,16,36,29,9,1,2,1]
[729,0,-45,2,-5,0,1]
[1024,544,129,17,1]
[16384,3840,431,30,1]
[1024,-96,-25,-3,1]
[4096,0,64,-109,4,0,1]
[16384,-3968,465,-31,1]
[256,192,160,100,55,25,10,3,1]
[729,81,-45,-28,-5,1,1]
[512,64,-32,-23,-4,1,1]
[14641,1210,92,10,1]
[512,128,-32,-27,-4,2,1]
[256,-64,112,-32,25,-8,7,-1,1]
[729,-567,207,-65,23,-7,1]
[4096,0,240,27,15,0,1]
[4096,-3072,1376,-409,86,-12,1]
[14641,-1210,197,-10,1]
[15625,-500,158,-4,1]
[14641,-1452,218,-12,1]
[4096,-1792,352,-57,22,-7,1]
[16384,-3712,433,-29,1]
[512,128,120,29,15,2,1]
[1024,512,119,16,1]
[16384,1152,257,9,1]
[16384,384,117,3,1]
[14641,847,-60,7,1]
[729,-324,72,-2,8,-4,1]
[625,-150,31,-6,1]
[256,256,96,-12,-23,-3,6,4,1]
[4096,512,-16,49,-1,2,1]
[729,-81,-18,-19,-2,-1,1]
[4096,1792,624,185,39,7,1]
[512,0,24,-15,3,0,1]
[4096,512,-80,1,-5,2,1]
[4096,-512,64,-61,4,-2,1]
[4096,0,-160,-17,-10,0,1]
[4096,2048,688,183,43,8,1]
[4096,3072,1312,385,82,12,1]
[4096,-256,656,-27,41,-1,1]
[256,-256,224,-140,81,-35,14,-4,1]
[14641,-3388,394,-28,1]
[4096,256,-176,5,-11,1,1]
[4096,0,-80,-15,-5,0,1]
[256,128,96,52,41,13,6,2,1]
[256,-64,16,-4,-7,-1,1,-1,1]
[6561,405,-23,5,1]
[6561,-2187,328,-27,1]
[256,64,-48,8,25,2,-3,1,1]
[4096,-2560,1008,-291,63,-10,1]
[16384,-768,241,-6,1]
[14641,-484,-57,-4,1]
[6561,-1053,115,-13,1]
[256,192,48,-12,-7,-3,3,3,1]
[6561,-405,-55,-5,1]
[15625,-875,-24,-7,1]
[4096,-1280,368,-41,23,-5,1]
[729,81,44,3,1]
[4096,0,64,5,4,0,1]
[14641,-484,23,-4,1]
[14641,242,-89,2,1]
[256,-448,416,-260,137,-65,26,-7,1]
[4096,-512,-112,31,-7,-2,1]
[256,128,-32,-24,-7,-6,-2,2,1]
[15625,1875,234,15,1]
[1024,-32,33,-1,1]
[256,0,-16,-8,7,-2,-1,0,1]
[4096,-768,272,-15,17,-3,1]
[4096,512,464,57,29,2,1]
[729,-324,162,-44,18,-4,1]
[15625,-125,157,-1,1]
[16384,2432,269,19,1]
[4096,-1280,192,-35,12,-5,1]
[256,64,48,4,-5,1,3,1,1]
[4096,0,336,-51,21,0,1]
[256,192,160,92,49,23,10,3,1]
[4096,-768,192,9,12,-3,1]
[4096,2560,944,271,59,10,1]
[16384,-3328,353,-26,1]
[256,-64,80,-36,11,-9,5,-1,1]
[4096,-512,480,-47,30,-2,1]
[4096,2560,1168,323,73,10,1]
[16384,-1024,255,-8,1]
[4096,2048,800,227,50,8,1]
[256,-64,128,-48,35,-12,8,-1,1]
[4096,1280,768,151,48,5,1]
[14641,-605,213,-5,1]
[1024,-64,31,-2,1]
[256,64,0,-12,-17,-3,0,1,1]
[4096,1088,173,17,1]
[4096,1792,-48,-133,-3,7,1]
[729,81,-18,-5,-2,1,1]
[16384,2304,301,18,1]
[729,-486,279,-106,31,-6,1]
[256,-192,144,-104,51,-26,9,-3,1]
[16384,2304,277,18,1]
[4096,0,320,45,20,0,1]
[256,192,64,8,3,2,4,3,1]
[256,384,336,212,115,53,21,6,1]
[729,243,-9,-16,-1,3,1]
[2401,-98,17,-2,1]
[16384,-512,185,-4,1]
[729,-324,36,17,4,-4,1]
[512,128,80,31,10,2,1]
[256,-64,-32,16,1,4,-2,-1,1]
[729,-243,18,19,2,-3,1]
[14641,-1573,234,-13,1]
[4096,2304,736,189,46,9,1]
[256,64,32,-12,-19,-3,2,1,1]
[4096,256,-96,-53,-6,1,1]
[256,-320,208,-100,45,-25,13,-5,1]
[15625,-2750,368,-22,1]
[4096,2560,640,123,40,10,1]
[4096,-1280,224,-75,14,-5,1]
[256,128,48,36,29,9,3,2,1]
[729,162,44,6,1]
[256,-192,128,-20,11,-5,8,-3,1]
[16384,-512,-155,-4,1]
[729,810,504,200,56,10,1]
[256,-128,112,-48,35,-12,7,-2,1]
[4096,-768,384,-113,24,-3,1]
[15625,-125,204,-1,1]
[4096,0,96,3,6,0,1]
[4096,-832,111,-13,1]
[256,256,160,68,27,17,10,4,1]
[4096,0,112,-25,7,0,1]
[4096,-512,224,-29,14,-2,1]
[14641,2057,243,17,1]
[14641,-2783,332,-23,1]
[14641,847,249,7,1]
[256,-128,32,0,11,0,2,-2,1]
[4096,-256,112,3,7,-1,1]
[14641,968,142,8,1]
[4096,-1024,288,-127,18,-4,1]
[16384,-384,149,-3,1]
[15625,-750,244,-6,1]
[4096,1024,-32,-37,-2,4,1]
[6561,-486,85,-6,1]
[4096,-2304,672,-157,42,-9,1]
[4096,768,-32,-89,-2,3,1]
[16384,4480,545,35,1]
[4096,-256,336,23,21,-1,1]
[16384,1408,51,11,1]
[729,-486,234,-74,26,-6,1]
[15625,500,-128,4,1]
[14641,726,82,6,1]
[2401,-343,6,-7,1]
[14641,-1452,85,-12,1]
[729,0,-18,28,-2,0,1]
[729,0,18,-31,2,0,1]
[4096,256,416,47,26,1,1]
[14641,-605,-25,-5,1]
[81,-36,17,-4,1]
[4096,-768,-144,55,-9,-3,1]
[14641,-2057,155,-17,1]
[512,192,112,19,14,3,1]
[4096,-256,320,-13,20,-1,1]
[4096,-3328,1440,-421,90,-13,1]
[512,0,24,21,3,0,1]
[256,64,176,56,57,14,11,1,1]
[4096,-1536,656,-137,41,-6,1]
[4096,-1024,496,-77,31,-4,1]
[4096,1536,-64,-109,-4,6,1]
[4096,-512,16,-43,1,-2,1]
[14641,363,146,3,1]
[4096,1280,768,143,48,5,1]
[4096,-768,144,-67,9,-3,1]
[625,0,2,0,1]
[4096,1792,800,211,50,7,1]
[4096,0,384,23,24,0,1]
[256,-192,80,-36,25,-9,5,-3,1]
[625,-275,73,-11,1]
[256,64,96,0,15,0,6,1,1]
[512,256,120,39,15,4,1]
[6561,-1215,143,-15,1]
[16384,1024,29,8,1]
[256,128,64,44,33,11,4,2,1]
[4096,-512,16,83,1,-2,1]
[729,162,126,17,14,2,1]
[4096,-512,144,37,9,-2,1]
[256,-128,64,-40,17,-10,4,-2,1]
[15625,-625,-138,-5,1]
[4096,1280,224,39,14,5,1]
[16384,-896,27,-7,1]
[256,0,112,28,29,7,7,0,1]
[729,-162,-9,40,-1,-2,1]
[6561,-972,166,-12,1]
[15625,875,-8,7,1]
[4096,256,112,-77,7,1,1]
[6561,-405,59,-5,1]
[14641,-3146,381,-26,1]
[4096,0,192,55,12,0,1]
[14641,-121,-16,-1,1]
[6561,567,167,7,1]
[4096,512,240,7,15,2,1]
[4096,1536,512,93,32,6,1]
[256,0,-96,4,21,1,-6,0,1]
[4096,0,656,-7,41,0,1]
[4096,-1536,512,-189,32,-6,1]
[512,256,56,15,7,4,1]
[15625,625,29,5,1]
[14641,363,6,3,1]
[15625,-1000,61,-8,1]
[256,64,16,16,21,4,1,1,1]
[4096,-1280,384,-127,24,-5,1]
[4096,0,-48,-5,-3,0,1]
[4096,1536,368,63,23,6,1]
[15625,-1250,222,-10,1]
[4096,512,464,23,29,2,1]
[4096,256,160,73,10,1,1]
[4096,-2048,688,-183,43,-8,1]
[4096,-1024,352,-141,22,-4,1]
[256,-320,208,-84,31,-21,13,-5,1]
[256,-128,-32,-16,35,-4,-2,-2,1]
[256,64,-32,0,9,0,-2,1,1]
[6561,486,2,6,1]
[6561,-1296,224,-16,1]
[2401,-637,137,-13,1]
[6561,324,-19,4,1]
[729,486,72,-10,8,6,1]
[4096,256,-176,-1,-11,1,1]
[4096,1024,400,67,25,4,1]
[15625,0,-183,0,1]
[256,256,176,68,31,17,11,4,1]
[729,0,-72,5,-8,0,1]
[256,0,-64,8,19,2,-4,0,1]
[15625,-875,-48,-7,1]
[4096,-768,80,-71,5,-3,1]
[4096,512,144,83,9,2,1]
[256,-192,128,-72,43,-18,8,-3,1]
[15625,-250,-142,-2,1]
[256,192,128,68,23,17,8,3,1]
[729,-405,198,-64,22,-5,1]
[14641,968,-62,8,1]
[256,0,32,-40,-5,-10,2,0,1]
[4096,-256,-144,-23,-9,-1,1]
[4096,512,48,7,3,2,1]
[14641,-4719,622,-39,1]
[4096,-2560,384,1,24,-10,1]
[4096,-2304,944,-249,59,-9,1]
[729,162,99,26,11,2,1]
[625,-175,33,-7,1]
[4096,-2048,624,-153,39,-8,1]
[16384,1024,53,8,1]
[14641,-1452,106,-12,1]
[256,128,-96,-24,25,-6,-6,2,1]
[729,-162,-54,26,-6,-2,1]
[4096,-256,352,-19,22,-1,1]
[512,0,-32,-3,-4,0,1]
[4096,2048,448,81,28,8,1]
[256,320,112,-44,-51,-11,7,5,1]
[256,64,0,12,-3,3,0,1,1]
[256,-128,-80,4,37,1,-5,-2,1]
[4096,-1024,384,-59,24,-4,1]
[4096,-512,192,-101,12,-2,1]
[15625,-125,106,-1,1]
[4096,-768,-32,-15,-2,-3,1]
[256,64,0,-12,-19,-3,0,1,1]
[15625,-875,91,-7,1]
[4096,-256,128,-7,8,-1,1]
[4096,1024,528,113,33,4,1]
[15625,-500,-29,-4,1]
[4096,-1024,16,61,1,-4,1]
[1024,352,91,11,1]
[14641,-2299,287,-19,1]
[4096,-256,-32,83,-2,-1,1]
[4096,-2048,832,-213,52,-8,1]
[256,-192,32,52,-39,13,2,-3,1]
[1024,64,9,2,1]
[16384,3712,465,29,1]
[256,64,-32,8,21,2,-2,1,1]
[729,405,180,52,20,5,1]
[729,-162,9,14,1,-2,1]
[4096,-1280,272,-9,17,-5,1]
[729,162,27,26,3,2,1]
[15625,625,-137,5,1]
[729,324,36,5,4,4,1]
[256,64,80,8,7,2,5,1,1]
[16384,1408,67,11,1]
[512,64,80,11,10,1,1]
[4096,-1536,848,-179,53,-6,1]
[256,128,176,76,55,19,11,2,1]
[16384,1280,133,10,1]
[15625,500,129,4,1]
[15625,-250,16,-2,1]
[2401,-245,93,-5,1]
[512,512,272,105,34,8,1]
[16384,1408,181,11,1]
[4096,-768,224,-63,14,-3,1]
[15625,3000,387,24,1]
[4096,-256,-208,47,-13,-1,1]
[256,192,96,28,19,7,6,3,1]
[14641,-726,238,-6,1]
[4096,768,416,107,26,3,1]
[4096,-1280,48,43,3,-5,1]
[64,16,24,7,6,1,1]
[4096,-1024,-176,135,-11,-4,1]
[4096,512,64,83,4,2,1]
[15625,1375,177,11,1]
[729,324,18,-22,2,4,1]
[4096,-256,224,-95,14,-1,1]
[729,-81,45,-46,5,-1,1]
[6561,-810,161,-10,1]
[15625,-375,47,-3,1]
[15625,-625,42,-5,1]
[15625,-1625,273,-13,1]
[256,-128,96,-20,15,-5,6,-2,1]
[14641,2662,334,22,1]
[4096,320,-23,5,1]
[4096,192,107,3,1]
[4096,0,-112,-27,-7,0,1]
[14641,-2178,212,-18,1]
[4096,-1024,-160,81,-10,-4,1]
[256,64,32,-12,7,-3,2,1,1]
[4096,-1024,368,-113,23,-4,1]
[256,128,16,-36,-29,-9,1,2,1]
[256,64,48,28,21,7,3,1,1]
[4096,512,368,15,23,2,1]
[4096,-704,137,-11,1]
[512,256,72,27,9,4,1]
[256,-64,192,-32,65,-8,12,-1,1]
[4096,-1792,816,-197,51,-7,1]
[4096,1024,640,101,40,4,1]
[256,0,48,-44,1,-11,3,0,1]
[4096,256,272,57,17,1,1]
[256,192,64,32,23,8,4,3,1]
[512,128,120,17,15,2,1]
[256,64,-48,-8,21,-2,-3,1,1]
[512,320,192,65,24,5,1]
[729,-405,297,-91,33,-5,1]
[4096,-1024,176,11,11,-4,1]
[14641,242,212,2,1]
[4096,3840,1872,573,117,15,1]
[512,64,-32,-33,-4,1,1]
[6561,-243,115,-3,1]
[15625,2250,256,18,1]
[4096,512,0,21,0,2,1]
[4096,768,384,103,24,3,1]
[4096,768,256,37,16,3,1]
[14641,-1089,92,-9,1]
[16384,-1280,35,-10,1]
[729,729,369,137,41,9,1]
[256,-64,96,-52,23,-13,6,-1,1]
[4096,-256,352,-3,22,-1,1]
[4096,0,80,61,5,0,1]
[4096,1536,-48,-89,-3,6,1]
[14641,-726,184,-6,1]
[15625,-4000,474,-32,1]
[729,162,81,26,9,2,1]
[16384,-512,175,-4,1]
[4096,-768,208,-103,13,-3,1]
[4096,-1536,272,-15,17,-6,1]
[729,-324,261,-70,29,-4,1]
[4096,512,224,57,14,2,1]
[16384,768,149,6,1]
[14641,363,-39,3,1]
[6561,648,112,8,1]
[2401,-98,-31,-2,1]
[4096,256,48,41,3,1,1]
[256,-64,96,-52,21,-13,6,-1,1]
[14641,1210,16,10,1]
[14641,1815,245,15,1]
[729,-486,216,-89,24,-6,1]
[14641,1694,214,14,1]
[4096,-768,160,25,10,-3,1]
[15625,-500,-133,-4,1]
[729,243,72,28,8,3,1]
[16384,-256,-107,-2,1]
[4096,-1792,-96,151,-6,-7,1]
[4096,-768,-32,51,-2,-3,1]
[15625,-125,-158,-1,1]
[14641,-242,122,-2,1]
[1024,256,77,8,1]
[15625,-1750,141,-14,1]
[4096,-1280,368,-133,23,-5,1]
[14641,-968,32,-8,1]
[4096,-256,96,-79,6,-1,1]
[16384,-1024,-69,-8,1]
[4096,256,0,-63,0,1,1]
[4096,0,320,-15,20,0,1]
[4096,-256,176,-37,11,-1,1]
[15625,-4000,481,-32,1]
[4096,-256,272,-61,17,-1,1]
[4096,1280,160,37,10,5,1]
[14641,-1089,157,-9,1]
[15625,1750,237,14,1]
[4096,256,224,27,14,1,1]
[4096,1536,624,121,39,6,1]
[2401,441,36,9,1]
[729,216,37,8,1]
[4096,-1792,480,-125,30,-7,1]
[4096,-1792,320,-47,20,-7,1]
[4096,256,320,-13,20,1,1]
[15625,1875,88,15,1]
[15625,2125,158,17,1]
[4096,512,32,-35,2,2,1]
[16384,0,-245,0,1]
[4096,512,-160,-91,-10,2,1]
[4096,-512,240,-11,15,-2,1]
[512,-64,40,-15,5,-1,1]
[16384,2176,239,17,1]
[16384,3712,441,29,1]
[4096,0,560,-17,35,0,1]
[14641,847,51,7,1]
[4096,-768,-64,13,-4,-3,1]
[729,81,90,7,10,1,1]
[4096,768,528,53,33,3,1]
[625,-25,-19,-1,1]
[256,0,0,-4,17,-1,0,0,1]
[15625,625,-41,5,1]
[16384,896,-57,7,1]
[4096,0,432,-1,27,0,1]
[4096,-3072,1056,-271,66,-12,1]
[4096,0,-16,17,-1,0,1]
[4096,1024,160,-7,10,4,1]
[4096,-1024,544,-137,34,-4,1]
[4096,1280,352,103,22,5,1]
[4096,1280,496,149,31,5,1]
[256,-192,144,-92,37,-23,9,-3,1]
[4096,-1280,144,23,9,-5,1]
[16384,-640,189,-5,1]
[16384,1152,251,9,1]
[4096,-1152,175,-18,1]
[14641,-242,112,-2,1]
[256,-128,16,-36,33,-9,1,-2,1]
[729,-243,-45,34,-5,-3,1]
[4096,-2304,768,-215,48,-9,1]
[16384,-1280,61,-10,1]
[729,-162,90,-35,10,-2,1]
[6561,1296,184,16,1]
[256,192,80,24,1,6,5,3,1]
[4096,1280,-192,-139,-12,5,1]
[4096,512,496,27,31,2,1]
[4096,-1024,224,-45,14,-4,1]
[256,0,32,16,-1,4,2,0,1]
[4096,768,-80,-75,-5,3,1]
[256,384,288,140,65,35,18,6,1]
[4096,2048,368,35,23,8,1]
[256,64,128,40,39,10,8,1,1]
[15625,3500,418,28,1]
[4096,0,208,-59,13,0,1]
[4096,0,48,-41,3,0,1]
[4096,-512,512,-49,32,-2,1]
[729,-243,108,-28,12,-3,1]
[15625,-1625,74,-13,1]
[4096,-1280,624,-119,39,-5,1]
[256,0,96,4,29,1,6,0,1]
[512,-64,80,-13,10,-1,1]
[4096,-1536,400,-119,25,-6,1]
[256,-64,32,12,-3,3,2,-1,1]
[256,-64,128,-40,41,-10,8,-1,1]
[16384,-384,221,-3,1]
[512,-192,144,-43,18,-3,1]
[15625,875,48,7,1]
[4096,1536,624,161,39,6,1]
[4096,1536,528,197,33,6,1]
[256,192,128,88,43,22,8,3,1]
[256,192,16,-20,-7,-5,1,3,1]
[15625,-2250,233,-18,1]
[15625,2750,267,22,1]
[16384,512,79,4,1]
[4096,768,224,-25,14,3,1]
[6561,-2349,370,-29,1]
[4096,192,41,3,1]
[16384,1536,205,12,1]
[6561,0,-55,0,1]
[256,64,32,-20,-7,-5,2,1,1]
[729,-162,-36,26,-4,-2,1]
[256,64,32,28,3,7,2,1,1]
[4096,-2816,1024,-271,64,-11,1]
[14641,-3630,454,-30,1]
[256,0,80,-4,29,-1,5,0,1]
[14641,484,-140,4,1]
[4096,0,-32,-43,-2,0,1]
[6561,-81,16,-1,1]
[729,486,108,14,12,6,1]
[729,-81,-36,-1,-4,-1,1]
[4096,768,-64,-71,-4,3,1]
[512,-320,136,-47,17,-5,1]
[256,192,128,64,25,16,8,3,1]
[256,-384,368,-260,141,-65,23,-6,1]
[256,128,48,24,23,6,3,2,1]
[729,324,153,43,17,4,1]
[14641,1936,281,16,1]
[256,128,96,40,21,10,6,2,1]
[14641,1210,106,10,1]
[4096,512,384,27,24,2,1]
[14641,726,34,6,1]
[729,81,45,26,5,1,1]
[729,-324,135,-47,15,-4,1]
[256,64,64,-20,-1,-5,4,1,1]
[4096,512,272,65,17,2,1]
[15625,-375,-82,-3,1]
[256,-128,64,-24,21,-6,4,-2,1]
[4096,-1024,-160,111,-10,-4,1]
[4096,-1024,336,-157,21,-4,1]
[256,256,176,88,49,22,11,4,1]
[4096,-1792,768,-189,48,-7,1]
[6561,243,-106,3,1]
[256,-128,80,-20,19,-5,5,-2,1]
[4096,832,91,13,1]
[256,256,80,4,-1,1,5,4,1]
[14641,3630,428,30,1]
[4096,-1024,656,-117,41,-4,1]
[4096,256,320,75,20,1,1]
[4096,-768,-96,91,-6,-3,1]
[256,192,160,88,43,22,10,3,1]
[15625,2000,291,16,1]
[729,0,63,4,7,0,1]
[4096,1536,464,141,29,6,1]
[4096,256,336,-3,21,1,1]
[256,-64,64,-40,7,-10,4,-1,1]
[4096,-512,96,-21,6,-2,1]
[15625,125,-116,1,1]
[4096,-960,181,-15,1]
[256,-64,-32,24,-7,6,-2,-1,1]
[4096,-256,-128,67,-8,-1,1]
[625,-375,106,-15,1]
[4096,-1024,576,-121,36,-4,1]
[4096,1280,384,101,24,5,1]
[2401,490,106,10,1]
[16384,-1152,207,-9,1]
[1024,224,25,7,1]
[4096,256,336,21,21,1,1]
[4096,-2048,528,-129,33,-8,1]
[14641,1694,103,14,1]
[256,128,48,48,35,12,3,2,1]
[14641,-121,208,-1,1]
[729,324,243,65,27,4,1]
[15625,1000,169,8,1]
[4096,1024,0,-27,0,4,1]
[729,81,9,-23,1,1,1]
[4096,-256,-32,105,-2,-1,1]
[256,192,96,36,11,9,6,3,1]
[256,128,16,4,15,1,1,2,1]
[2401,98,64,2,1]
[4096,-256,0,-73,0,-1,1]
[16384,2560,321,20,1]
[16384,384,233,3,1]
[4096,-768,336,-25,21,-3,1]
[14641,847,183,7,1]
[15625,250,-163,2,1]
[256,-128,-48,32,-5,8,-3,-2,1]
[4096,1024,448,65,28,4,1]
[256,192,96,-4,-11,-1,6,3,1]
[15625,1500,81,12,1]
[256,64,64,32,29,8,4,1,1]
[4096,1024,16,-69,1,4,1]
[15625,250,129,2,1]
[4096,512,32,-73,2,2,1]
[64,16,8,-1,2,1,1]
[4096,1280,144,-3,9,5,1]
[1024,-64,41,-2,1]
[4096,-768,-128,51,-8,-3,1]
[4096,-256,32,75,2,-1,1]
[15625,-2500,343,-20,1]
[16384,768,263,6,1]
[4096,-512,144,-19,9,-2,1]
[14641,121,86,1,1]
[256,128,32,8,3,2,2,2,1]
[4096,-1024,64,45,4,-4,1]
[4096,-256,512,-19,32,-1,1]
[256,-192,48,32,-37,8,3,-3,1]
[15625,1500,98,12,1]
[4096,-1152,203,-18,1]
[14641,1331,140,11,1]
[15625,-2250,201,-18,1]
[4096,256,-112,-65,-7,1,1]
[512,-192,72,-29,9,-3,1]
[4096,-512,736,-61,46,-2,1]
[729,324,135,41,15,4,1]
[6561,-405,16,-5,1]
[4096,2560,784,179,49,10,1]
[15625,3250,356,26,1]
[16384,-1280,269,-10,1]
[256,320,112,-24,-31,-6,7,5,1]
[4096,-512,192,-33,12,-2,1]
[729,162,36,14,4,2,1]
[4096,-1536,-48,113,-3,-6,1]
[256,-64,144,-36,43,-9,9,-1,1]
[14641,-1815,281,-15,1]
[4096,768,208,103,13,3,1]
[15625,-4375,546,-35,1]
[4096,768,16,-43,1,3,1]
[2401,196,8,4,1]
[512,64,8,21,1,1,1]
[6561,-162,94,-2,1]
[14641,968,84,8,1]
[4096,1536,448,93,28,6,1]
[256,-128,128,-44,31,-11,8,-2,1]
[4096,768,560,65,35,3,1]
[256,256,96,36,21,9,6,4,1]
[6561,-243,-95,-3,1]
[14641,121,190,1,1]
[6561,-891,70,-11,1]
[14641,1815,92,15,1]
[729,81,90,29,10,1,1]
[729,-162,-45,19,-5,-2,1]
[4096,1536,240,15,15,6,1]
[16384,128,-135,1,1]
[15625,-1500,236,-12,1]
[16384,-2432,341,-19,1]
[4096,-768,144,-93,9,-3,1]
[4096,1024,224,107,14,4,1]
[256,64,64,-12,1,-3,4,1,1]
[4096,-256,80,-111,5,-1,1]
[256,-64,32,-4,13,-1,2,-1,1]
[729,324,72,-1,8,4,1]
[6561,729,107,9,1]
[4096,-2048,912,-231,57,-8,1]
[14641,-1452,126,-12,1]
[4096,-512,64,49,4,-2,1]
[4096,1536,464,93,29,6,1]
[2401,147,-41,3,1]
[6561,-972,154,-12,1]
[512,-576,280,-99,35,-9,1]
[4096,768,-16,-57,-1,3,1]
[4096,768,272,11,17,3,1]
[4096,1536,816,175,51,6,1]
[14641,2420,207,20,1]
[729,162,18,22,2,2,1]
[4096,512,304,13,19,2,1]
[14641,-242,-25,-2,1]
[256,0,-48,-4,19,-1,-3,0,1]
[512,-448,168,-49,21,-7,1]
[256,-64,16,12,-11,3,1,-1,1]
[15625,-4375,534,-35,1]
[256,-192,48,-40,33,-10,3,-3,1]
[256,-192,80,-36,27,-9,5,-3,1]
[14641,968,229,8,1]
[4096,512,160,3,10,2,1]
[4096,-768,96,-17,6,-3,1]
[4096,-3328,1504,-443,94,-13,1]
[14641,121,-192,1,1]
[256,64,64,52,13,13,4,1,1]
[256,192,144,80,47,20,9,3,1]
[256,64,80,32,33,8,5,1,1]
[729,54,40,2,1]
[4096,-1024,384,-131,24,-4,1]
[15625,-125,-209,-1,1]
[6561,-810,178,-10,1]
[15625,-125,-164,-1,1]
[4096,-512,560,-43,35,-2,1]
[256,-64,-80,16,19,4,-5,-1,1]
[2401,-392,48,-8,1]
[14641,1089,80,9,1]
[14641,363,238,3,1]
[729,-81,135,-28,15,-1,1]
[256,-320,192,-128,81,-32,12,-5,1]
[256,128,96,20,21,5,6,2,1]
[512,-64,112,-13,14,-1,1]
[4096,-3072,1168,-317,73,-12,1]
[729,-243,45,-11,5,-3,1]
[4096,256,48,-95,3,1,1]
[729,162,27,13,3,2,1]
[15625,-250,-39,-2,1]
[15625,-750,104,-6,1]
[15625,375,-166,3,1]
[4096,768,-16,-99,-1,3,1]
[512,-128,72,-19,9,-2,1]
[15625,-1375,33,-11,1]
[4096,-512,-112,133,-7,-2,1]
[512,256,152,43,19,4,1]
[6561,-81,74,-1,1]
[15625,-375,246,-3,1]
[4096,0,112,49,7,0,1]
[729,-162,36,23,4,-2,1]
[256,0,-80,-4,19,-1,-5,0,1]
[4096,640,113,10,1]
[4096,512,0,-13,0,2,1]
[256,-128,16,32,-15,8,1,-2,1]
[4096,512,32,-83,2,2,1]
[4096,-1024,384,-149,24,-4,1]
[4096,-1792,0,97,0,-7,1]
[14641,726,-27,6,1]
[4096,1024,-208,-149,-13,4,1]
[4096,1024,576,111,36,4,1]
[4096,-2048,256,1,16,-8,1]
[4096,512,-112,-121,-7,2,1]
[16384,2944,337,23,1]
[14641,0,-90,0,1]
[4096,-768,80,-19,5,-3,1]
[4096,-256,-48,-53,-3,-1,1]
[14641,-1210,190,-10,1]
[4096,-2048,544,-129,34,-8,1]
[256,64,128,20,33,5,8,1,1]
[512,0,-16,-33,-2,0,1]
[256,64,-96,-12,25,-3,-6,1,1]
[16384,-1664,81,-13,1]
[4096,0,240,-71,15,0,1]
[14641,1452,217,12,1]
[16384,-768,95,-6,1]
[4096,1024,128,43,8,4,1]
[15625,-1250,12,-10,1]
[6561,-891,185,-11,1]
[4096,1280,112,11,7,5,1]
[4096,-1280,608,-105,38,-5,1]
[4096,-1792,336,-57,21,-7,1]
[256,-64,96,8,17,2,6,-1,1]
[4096,-2048,864,-245,54,-8,1]
[256,192,160,108,59,27,10,3,1]
[4096,512,-16,-45,-1,2,1]
[256,128,176,68,57,17,11,2,1]
[4096,0,448,-13,28,0,1]
[15625,-625,-59,-5,1]
[14641,605,16,5,1]
[4096,-768,176,31,11,-3,1]
[15625,2500,253,20,1]
[729,-324,144,-31,16,-4,1]
[4096,-1280,208,-41,13,-5,1]
[2401,98,96,2,1]
[256,-384,288,-136,61,-34,18,-6,1]
[4096,-1280,528,-139,33,-5,1]
[729,567,297,118,33,7,1]
[15625,-1375,156,-11,1]
[4096,256,0,7,0,1,1]
[4096,-2304,896,-265,56,-9,1]
[14641,-3146,394,-26,1]
[4096,512,144,113,9,2,1]
[256,-64,64,-28,1,-7,4,-1,1]
[15625,0,-161,0,1]
[4096,0,400,-35,25,0,1]
[4096,2816,832,185,52,11,1]
[4096,768,-112,-65,-7,3,1]
[729,81,9,-25,1,1,1]
[729,81,45,-14,5,1,1]
[4096,1024,176,57,11,4,1]
[15625,2250,294,18,1]
[15625,1750,257,14,1]
[256,-128,48,8,-5,2,3,-2,1]
[4096,-2304,992,-269,62,-9,1]
[14641,2057,227,17,1]
[15625,875,3,7,1]
[14641,2783,273,23,1]
[4096,0,48,-7,3,0,1]
[256,-320,208,-84,37,-21,13,-5,1]
[4096,-512,144,-121,9,-2,1]
[512,256,152,47,19,4,1]
[729,27,10,1,1]
[4096,-768,-128,83,-8,-3,1]
[729,-243,126,-38,14,-3,1]
[6561,-243,-4,-3,1]
[4096,-256,-16,55,-1,-1,1]
[4096,2816,1216,341,76,11,1]
[256,0,32,-8,27,-2,2,0,1]
[4096,-768,224,-37,14,-3,1]
[4096,512,208,101,13,2,1]
[4096,1280,80,-47,5,5,1]
[729,162,22,6,1]
[4096,-1024,256,-55,16,-4,1]
[4096,-1792,304,-35,19,-7,1]
[15625,-500,-104,-4,1]
[15625,1875,188,15,1]
[4096,-1792,224,3,14,-7,1]
[4096,768,80,69,5,3,1]
[256,-64,16,0,5,0,1,-1,1]
[4096,-2560,960,-281,60,-10,1]
[256,-64,-16,-4,15,-1,-1,-1,1]
[14641,363,210,3,1]
[6561,-324,164,-4,1]
[14641,242,232,2,1]
[16384,384,187,3,1]
[729,486,90,-2,10,6,1]
[16384,-1920,187,-15,1]
[4096,0,128,-3,8,0,1]
[15625,625,173,5,1]
[2401,-98,61,-2,1]
[512,320,160,73,20,5,1]
[4096,-2816,1008,-269,63,-11,1]
[729,-324,162,-41,18,-4,1]
[256,-128,48,-20,19,-5,3,-2,1]
[4096,-1792,592,-171,37,-7,1]
[4096,2048,480,81,30,8,1]
[14641,-1331,151,-11,1]
[256,-192,80,-8,-13,-2,5,-3,1]
[14641,-1815,179,-15,1]
[4096,-2304,784,-191,49,-9,1]
[6561,1215,139,15,1]
[4096,-1024,512,-81,32,-4,1]
[729,324,162,73,18,4,1]
[256,0,48,-28,15,-7,3,0,1]
[4096,768,-64,-81,-4,3,1]
[4096,-512,144,-93,9,-2,1]
[256,-64,128,-32,45,-8,8,-1,1]
[4096,0,176,-9,11,0,1]
[6561,1215,166,15,1]
[256,-128,64,48,-25,12,4,-2,1]
[729,-54,46,-2,1]
[729,324,63,-2,7,4,1]
[16384,1024,241,8,1]
[15625,-125,-211,-1,1]
[4096,256,624,27,39,1,1]
[256,64,64,-20,9,-5,4,1,1]
[2401,392,93,8,1]
[14641,1089,171,9,1]
[4096,768,-112,-37,-7,3,1]
[4096,1536,560,131,35,6,1]
[16384,-1408,19,-11,1]
[4096,-512,352,-61,22,-2,1]
[4096,-1280,352,-61,22,-5,1]
[4096,-768,64,-61,4,-3,1]
[15625,-1875,186,-15,1]
[4096,-256,48,69,3,-1,1]
[4096,-1280,-32,69,-2,-5,1]
[6561,810,151,10,1]
[512,-320,144,-49,18,-5,1]
[6561,405,115,5,1]
[512,320,80,19,10,5,1]
[4096,0,-16,-35,-1,0,1]
[15625,1125,214,9,1]
[4096,512,0,-19,0,2,1]
[256,-64,32,20,-13,5,2,-1,1]
[4096,-1280,112,-7,7,-5,1]
[14641,484,138,4,1]
[14641,484,-126,4,1]
[4096,-2816,1232,-359,77,-11,1]
[15625,-625,184,-5,1]
[16384,256,243,2,1]
[256,128,48,-4,3,-1,3,2,1]
[4096,512,-48,-51,-3,2,1]
[256,128,32,0,1,0,2,2,1]
[64,32,8,7,2,2,1]
[256,-128,112,-36,35,-9,7,-2,1]
[16384,2944,335,23,1]
[256,192,32,-52,-37,-13,2,3,1]
[256,256,176,100,49,25,11,4,1]
[4096,256,240,57,15,1,1]
[729,-162,45,-22,5,-2,1]
[256,320,208,124,71,31,13,5,1]
[4096,256,224,23,14,1,1]
[4096,1536,464,145,29,6,1]
[4096,-1024,-160,99,-10,-4,1]
[729,486,108,13,12,6,1]
[14641,121,234,1,1]
[729,-486,180,-56,20,-6,1]
[16384,-768,47,-6,1]
[256,-448,384,-228,117,-57,24,-7,1]
[2401,-637,92,-13,1]
[256,-64,-16,0,-1,0,-1,-1,1]
[14641,1452,68,12,1]
[16384,2944,287,23,1]
[15625,500,243,4,1]
[729,324,-72,-77,-8,4,1]
[16384,2688,243,21,1]
[512,320,64,9,8,5,1]
[15625,-3000,344,-24,1]
[4096,128,-63,2,1]
[256,-64,32,-24,-3,-6,2,-1,1]
[729,243,189,56,21,3,1]
[256,64,64,28,27,7,4,1,1]
[256,-256,144,-56,25,-14,9,-4,1]
[4096,-256,224,33,14,-1,1]
[4096,768,-128,-33,-8,3,1]
[16384,-512,-147,-4,1]
[4096,-768,192,-27,12,-3,1]
[512,0,8,-39,1,0,1]
[4096,-768,80,43,5,-3,1]
[256,256,176,88,43,22,11,4,1]
[4096,-640,77,-10,1]
[729,81,135,23,15,1,1]
[256,128,80,44,7,11,5,2,1]
[4096,1024,464,95,29,4,1]
[16384,128,143,1,1]
[256,-128,80,-52,35,-13,5,-2,1]
[4096,0,400,29,25,0,1]
[16384,0,-175,0,1]
[4096,-2304,880,-233,55,-9,1]
[4096,1024,448,49,28,4,1]
[256,192,48,-16,-11,-4,3,3,1]
[512,-64,-32,25,-4,-1,1]
[4096,-512,-96,107,-6,-2,1]
[4096,-1280,-64,77,-4,-5,1]
[14641,3751,477,31,1]
[4096,-512,592,-41,37,-2,1]
[15625,500,-9,4,1]
[15625,1625,131,13,1]
[4096,2048,304,19,19,8,1]
[256,128,128,44,33,11,8,2,1]
[16384,-1920,247,-15,1]
[15625,-1000,-26,-8,1]
[4096,-256,-192,63,-12,-1,1]
[16384,-640,65,-5,1]
[729,0,36,-41,4,0,1]
[14641,363,-96,3,1]
[256,64,80,20,17,5,5,1,1]
[729,-810,432,-161,48,-10,1]
[4096,-512,80,-71,5,-2,1]
[15625,0,114,0,1]
[729,243,-63,-50,-7,3,1]
[4096,-1280,512,-113,32,-5,1]
[4096,-768,-80,69,-5,-3,1]
[4096,-2304,848,-249,53,-9,1]
[729,810,513,206,57,10,1]
[256,192,96,44,21,11,6,3,1]
[4096,2304,976,289,61,9,1]
[4096,-768,16,33,1,-3,1]
[2401,343,17,7,1]
[15625,1375,112,11,1]
[4096,1280,432,135,27,5,1]
[14641,-1331,52,-11,1]
[729,351,88,13,1]
[4096,1280,208,13,13,5,1]
[16384,-3456,397,-27,1]
[4096,1792,800,185,50,7,1]
[4096,-3840,1792,-539,112,-15,1]
[256,0,112,8,29,2,7,0,1]
[14641,3025,366,25,1]
[4096,-768,464,-95,29,-3,1]
[14641,-1936,291,-16,1]
[4096,3328,1456,423,91,13,1]
[1024,-448,99,-14,1]
[64,16,12,7,3,1,1]
[4096,1536,-128,-135,-8,6,1]
[256,-320,272,-168,89,-42,17,-5,1]
[729,-243,126,-16,14,-3,1]
[256,256,144,44,17,11,9,4,1]
[2401,490,85,10,1]
[2401,-49,-44,-1,1]
[4096,-256,160,49,10,-1,1]
[16384,-640,-27,-5,1]
[4096,768,-112,-115,-7,3,1]
[729,81,0,-32,0,1,1]
[15625,875,211,7,1]
[14641,-847,16,-7,1]
[256,64,64,-4,-3,-1,4,1,1]
[4096,2048,832,203,52,8,1]
[64,-48,44,-23,11,-3,1]
[6561,81,20,1,1]
[4096,-512,128,-67,8,-2,1]
[4096,1024,64,9,4,4,1]
[4096,-1280,432,-107,27,-5,1]
[625,-50,29,-2,1]
[64,48,24,15,6,3,1]
[6561,81,-125,1,1]
[14641,-968,205,-8,1]
[4096,1280,464,139,29,5,1]
[256,-192,80,-44,25,-11,5,-3,1]
[15625,-1000,233,-8,1]
[2401,-343,54,-7,1]
[2401,931,169,19,1]
[14641,2178,236,18,1]
[14641,4840,639,40,1]
[4096,-1024,336,-101,21,-4,1]
[16384,-1792,241,-14,1]
[15625,2500,323,20,1]
[729,81,144,14,16,1,1]
[4096,2304,576,127,36,9,1]
[4096,768,-32,-59,-2,3,1]
[256,64,80,48,17,12,5,1,1]
[256,-64,48,52,-19,13,3,-1,1]
[15625,0,231,0,1]
[256,-192,112,-56,23,-14,7,-3,1]
[15625,1125,69,9,1]
[729,-81,27,-16,3,-1,1]
[256,64,96,52,21,13,6,1,1]
[4096,512,-16,-63,-1,2,1]
[4096,-256,64,67,4,-1,1]
[512,448,232,91,29,7,1]
[4096,1280,304,25,19,5,1]
[4096,1024,576,97,36,4,1]
[729,81,18,2,2,1,1]
[256,-128,32,8,-5,2,2,-2,1]
[729,0,72,-11,8,0,1]
[14641,-605,223,-5,1]
[4096,1280,368,49,23,5,1]
[15625,-250,-148,-2,1]
[4096,-1024,-176,141,-11,-4,1]
[256,-128,32,0,3,0,2,-2,1]
[6561,-162,145,-2,1]
[4096,-1536,752,-171,47,-6,1]
[6561,1782,257,22,1]
[729,-81,-9,7,-1,-1,1]
[729,-243,189,-49,21,-3,1]
[256,128,-48,-28,3,-7,-3,2,1]
[4096,-1280,176,-31,11,-5,1]
[14641,726,86,6,1]
[4096,-256,208,15,13,-1,1]
[4096,1536,352,77,22,6,1]
[14641,3267,423,27,1]
[15625,-1250,74,-10,1]
[4096,-768,224,-101,14,-3,1]
[256,64,32,20,-3,5,2,1,1]
[256,-192,112,-56,33,-14,7,-3,1]
[4096,256,-31,4,1]
[4096,1792,848,197,53,7,1]
[512,0,48,-23,6,0,1]
[15625,750,-111,6,1]
[4096,2304,992,265,62,9,1]
[256,64,-16,12,19,3,-1,1,1]
[256,-192,80,-24,11,-6,5,-3,1]
[14641,1089,133,9,1]
[15625,-2375,277,-19,1]
[16384,4992,629,39,1]
[15625,-1125,68,-9,1]
[14641,3146,338,26,1]
[4096,768,64,-39,4,3,1]
[64,-32,20,-19,5,-2,1]
[729,-729,432,-175,48,-9,1]
[4096,768,528,101,33,3,1]
[4096,128,37,2,1]
[729,-162,36,10,4,-2,1]
[4096,256,-96,-73,-6,1,1]
[729,-729,324,-106,36,-9,1]
[4096,1280,-192,-157,-12,5,1]
[256,128,144,36,33,9,9,2,1]
[4096,-2560,848,-217,53,-10,1]
[15625,-250,-116,-2,1]
[4096,0,192,-27,12,0,1]
[4096,1280,448,147,28,5,1]
[256,-192,64,-56,43,-14,4,-3,1]
[256,-64,48,0,-9,0,3,-1,1]
[256,-64,-16,-20,15,-5,-1,-1,1]
[729,81,27,4,3,1,1]
[15625,500,-31,4,1]
[4096,-512,304,11,19,-2,1]
[4096,-768,-160,77,-10,-3,1]
[6561,-567,-14,-7,1]
[16384,-128,143,-1,1]
[1024,-128,25,-4,1]
[4096,512,-32,-17,-2,2,1]
[4096,-1536,304,-83,19,-6,1]
[2401,-539,65,-11,1]
[256,128,64,36,13,9,4,2,1]
[4096,512,256,113,16,2,1]
[4096,1536,784,169,49,6,1]
[256,-256,128,-48,23,-12,8,-4,1]
[256,64,-48,8,17,2,-3,1,1]
[4096,0,128,-67,8,0,1]
[15625,500,-18,4,1]
[4096,768,480,107,30,3,1]
[256,0,64,4,29,1,4,0,1]
[2401,-392,89,-8,1]
[14641,-3146,335,-26,1]
[256,-64,0,-8,11,-2,0,-1,1]
[4096,-768,0,-9,0,-3,1]
[4096,-256,-48,45,-3,-1,1]
[4096,-1280,656,-157,41,-5,1]
[14641,-121,103,-1,1]
[729,81,9,37,1,1,1]
[256,-192,240,-128,87,-32,15,-3,1]
[4096,768,192,103,12,3,1]
[4096,0,64,-59,4,0,1]
[729,27,44,1,1]
[15625,2375,287,19,1]
[512,-256,120,-47,15,-4,1]
[4096,-1024,-208,109,-13,-4,1]
[2401,0,53,0,1]
[4096,-768,256,-65,16,-3,1]
[4096,1792,352,41,22,7,1]
[4096,1792,576,179,36,7,1]
[4096,-2048,448,-81,28,-8,1]
[4096,192,-17,3,1]
[4096,1280,400,113,25,5,1]
[15625,1750,79,14,1]
[6561,-405,-25,-5,1]
[256,-192,96,-32,11,-8,6,-3,1]
[4096,-2048,560,-117,35,-8,1]
[256,-128,80,-44,37,-11,5,-2,1]
[4096,-2304,560,-105,35,-9,1]
[729,0,81,-10,9,0,1]
[14641,-1573,103,-13,1]
[4096,-1536,-32,111,-2,-6,1]
[4096,512,16,55,1,2,1]
[4096,-1536,368,-59,23,-6,1]
[6561,-567,161,-7,1]
[729,405,234,73,26,5,1]
[4096,-1536,-240,185,-15,-6,1]
[4096,256,64,-73,4,1,1]
[256,-256,176,-120,65,-30,11,-4,1]
[15625,-875,12,-7,1]
[14641,2783,282,23,1]
[14641,363,-87,3,1]
[512,-320,40,9,5,-5,1]
[15625,2375,272,19,1]
[4096,-1024,112,-13,7,-4,1]
[4096,2304,944,261,59,9,1]
[256,-64,16,24,-15,6,1,-1,1]
[2401,49,25,1,1]
[729,324,-54,-64,-6,4,1]
[512,128,-56,-33,-7,2,1]
[4096,1792,656,211,41,7,1]
[16384,-2688,303,-21,1]
[6561,243,80,3,1]
[256,128,32,-16,-19,-4,2,2,1]
[256,128,48,16,1,4,3,2,1]
[14641,2541,334,21,1]
[4096,768,112,85,7,3,1]
[14641,363,241,3,1]
[15625,-1625,241,-13,1]
[4096,1280,368,123,23,5,1]
[16384,-640,209,-5,1]
[512,-192,56,-35,7,-3,1]
[256,128,32,8,5,2,2,2,1]
[14641,2541,233,21,1]
[256,64,112,20,27,5,7,1,1]
[256,-320,272,-176,95,-44,17,-5,1]
[4096,1024,16,-29,1,4,1]
[15625,0,-172,0,1]
[729,162,126,7,14,2,1]
[4096,-1024,224,15,14,-4,1]
[512,0,16,1,2,0,1]
[256,-64,32,20,-21,5,2,-1,1]
[16384,896,-21,7,1]
[256,0,96,28,15,7,6,0,1]
[4096,-256,80,-109,5,-1,1]
[15625,3750,454,30,1]
[256,-128,144,-52,37,-13,9,-2,1]
[16384,1152,-31,9,1]
[14641,-4477,574,-37,1]
[256,192,80,36,17,9,5,3,1]
[4096,1536,288,69,18,6,1]
[4096,1792,864,221,54,7,1]
[256,192,240,132,89,33,15,3,1]
[14641,-968,61,-8,1]
[256,-320,128,40,-51,10,8,-5,1]
[4096,512,96,-63,6,2,1]
[256,0,64,12,27,3,4,0,1]
[14641,-1210,222,-10,1]
[4096,-1024,448,-135,28,-4,1]
[729,0,99,19,11,0,1]
[4096,-256,32,-55,2,-1,1]
[4096,512,336,3,21,2,1]
[4096,512,-112,-19,-7,2,1]
[15625,-3000,332,-24,1]
[4096,768,256,139,16,3,1]
[4096,256,192,59,12,1,1]
[256,320,208,100,47,25,13,5,1]
[729,405,126,43,14,5,1]
[256,128,-48,-32,-7,-8,-3,2,1]
[14641,-121,-171,-1,1]
[4096,-768,240,-67,15,-3,1]
[256,-320,160,-8,-17,-2,10,-5,1]
[14641,-1936,182,-16,1]
[4096,-2304,736,-195,46,-9,1]
[256,-64,32,-4,7,-1,2,-1,1]
[14641,121,159,1,1]
[4096,1024,528,91,33,4,1]
[16384,-256,87,-2,1]
[4096,-1280,-144,115,-9,-5,1]
[4096,768,64,41,4,3,1]
[4096,-1280,96,1,6,-5,1]
[14641,-3025,334,-25,1]
[4096,2048,704,195,44,8,1]
[16384,-4096,509,-32,1]
[16384,-128,205,-1,1]
[14641,-1331,201,-11,1]
[512,-384,184,-69,23,-6,1]
[14641,363,-20,3,1]
[4096,1024,-160,-103,-10,4,1]
[4096,1792,-96,-151,-6,7,1]
[14641,1089,85,9,1]
[256,-128,80,-48,23,-12,5,-2,1]
[4096,0,464,-31,29,0,1]
[4096,-768,224,-13,14,-3,1]
[6561,1296,205,16,1]
[4096,-256,144,1,9,-1,1]
[4096,-2816,1248,-367,78,-11,1]
[4096,-256,224,-43,14,-1,1]
[15625,2750,287,22,1]
[16384,-2560,297,-20,1]
[256,-128,80,-4,-1,-1,5,-2,1]
[4096,-256,-208,11,-13,-1,1]
[4096,-512,96,39,6,-2,1]
[15625,2625,294,21,1]
[2401,196,97,4,1]
[4096,256,288,-27,18,1,1]
[15625,1375,108,11,1]
[4096,-2048,400,-47,25,-8,1]
[4096,0,224,69,14,0,1]
[16384,-3200,381,-25,1]
[256,-192,96,-36,15,-9,6,-3,1]
[256,-256,256,-144,87,-36,16,-4,1]
[15625,500,121,4,1]
[14641,0,-146,0,1]
[15625,1750,194,14,1]
[16384,2688,351,21,1]
[729,0,171,-7,19,0,1]
[4096,1536,672,185,42,6,1]
[4096,512,0,47,0,2,1]
[4096,-1280,288,-57,18,-5,1]
[14641,-3267,392,-27,1]
[4096,768,304,25,19,3,1]
[6561,1377,230,17,1]
[1024,0,61,0,1]
[256,128,16,-24,-27,-6,1,2,1]
[14641,-484,68,-4,1]
[15625,2250,237,18,1]
[15625,2000,154,16,1]
[4096,2304,688,181,43,9,1]
[4096,-1280,272,-85,17,-5,1]
[4096,1792,560,165,35,7,1]
[512,-64,32,-33,4,-1,1]
[14641,121,145,1,1]
[256,-64,48,-12,11,-3,3,-1,1]
[14641,242,-35,2,1]
[4096,2048,736,181,46,8,1]
[14641,-968,-39,-8,1]
[14641,-2178,219,-18,1]
[14641,1331,204,11,1]
[4096,1280,784,151,49,5,1]
[256,192,64,20,5,5,4,3,1]
[15625,-3500,413,-28,1]
[14641,-1331,214,-11,1]
[2401,294,1,6,1]
[16384,128,181,1,1]
[729,243,117,20,13,3,1]
[256,-256,240,-160,85,-40,15,-4,1]
[729,-162,135,-14,15,-2,1]
[4096,512,-224,-77,-14,2,1]
[4096,256,96,37,6,1,1]
[256,256,192,88,45,22,12,4,1]
[512,-128,104,-19,13,-2,1]
[4096,0,448,-5,28,0,1]
[4096,256,-51,4,1]
[4096,1536,384,123,24,6,1]
[729,-243,189,-55,21,-3,1]
[4096,-1280,80,31,5,-5,1]
[15625,1875,159,15,1]
[256,0,-32,-4,19,-1,-2,0,1]
[6561,-729,166,-9,1]
[16384,0,151,0,1]
[4096,256,96,-57,6,1,1]
[4096,-1536,16,73,1,-6,1]
[729,162,27,-2,3,2,1]
[15625,-1875,123,-15,1]
[4096,1792,384,59,24,7,1]
[512,192,96,47,12,3,1]
[14641,1573,157,13,1]
[4096,-512,176,21,11,-2,1]
[4096,-256,320,-25,20,-1,1]
[4096,-1536,608,-165,38,-6,1]
[1024,-96,5,-3,1]
[625,25,22,1,1]
[4096,-768,144,-23,9,-3,1]
[15625,0,-51,0,1]
[256,-256,208,-116,63,-29,13,-4,1]
[4096,2560,944,249,59,10,1]
[4096,256,-16,-23,-1,1,1]
[256,-64,32,-20,5,-5,2,-1,1]
[2401,-98,-34,-2,1]
[4096,-1280,496,-135,31,-5,1]
[729,-324,-63,61,-7,-4,1]
[4096,-512,128,43,8,-2,1]
[4096,1536,704,163,44,6,1]
[729,243,72,4,8,3,1]
[15625,875,159,7,1]
[14641,121,-207,1,1]
[15625,-875,177,-7,1]
[15625,2875,378,23,1]
[4096,-2560,1024,-273,64,-10,1]
[15625,0,217,0,1]
[256,-128,144,-52,45,-13,9,-2,1]
[256,64,32,28,17,7,2,1,1]
[2401,0,74,0,1]
[4096,1536,736,169,46,6,1]
[729,0,108,14,12,0,1]
[256,-320,144,-24,1,-6,9,-5,1]
[6561,2106,307,26,1]
[729,-567,216,-61,24,-7,1]
[6561,-972,67,-12,1]
[729,-243,99,-50,11,-3,1]
[16384,-2560,209,-20,1]
[4096,-768,176,-1,11,-3,1]
[15625,1750,149,14,1]
[729,0,27,-11,3,0,1]
[6561,486,77,6,1]
[625,-275,61,-11,1]
[4096,-1280,576,-119,36,-5,1]
[16384,1280,177,10,1]
[14641,1573,207,13,1]
[4096,512,-208,-55,-13,2,1]
[4096,0,-64,-51,-4,0,1]
[15625,0,-239,0,1]
[4096,-768,240,-75,15,-3,1]
[4096,-1024,352,-151,22,-4,1]
[729,0,180,-2,20,0,1]
[14641,121,37,1,1]
[4096,1024,-224,-113,-14,4,1]
[4096,-512,256,-53,16,-2,1]
[16384,1280,261,10,1]
[15625,375,6,3,1]
[16384,1408,207,11,1]
[256,-384,288,-168,89,-42,18,-6,1]
[4096,1024,48,-55,3,4,1]
[4096,1792,464,87,29,7,1]
[729,648,324,115,36,8,1]
[16384,-1024,11,-8,1]
[729,243,-63,-47,-7,3,1]
[16384,-896,53,-7,1]
[729,-162,126,-7,14,-2,1]
[4096,1280,352,55,22,5,1]
[4096,2048,992,263,62,8,1]
[4096,512,224,27,14,2,1]
[15625,1250,27,10,1]
[256,0,32,-16,21,-4,2,0,1]
[4096,768,560,99,35,3,1]
[15625,-4125,517,-33,1]
[256,0,160,4,49,1,10,0,1]
[729,567,225,73,25,7,1]
[256,64,48,-4,11,-1,3,1,1]
[256,-320,224,-140,77,-35,14,-5,1]
[15625,-4750,606,-38,1]
[256,-128,64,-56,33,-14,4,-2,1]
[256,-64,-16,24,-3,6,-1,-1,1]
[14641,-968,141,-8,1]
[512,320,144,43,18,5,1]
[4096,1536,240,39,15,6,1]
[256,-128,80,-4,7,-1,5,-2,1]
[4096,-1280,176,-9,11,-5,1]
[256,-320,192,-76,29,-19,12,-5,1]
[256,128,16,28,35,7,1,2,1]
[4096,512,128,-25,8,2,1]
[256,256,112,28,5,7,7,4,1]
[15625,-1000,24,-8,1]
[16384,-2048,319,-16,1]
[256,64,144,32,45,8,9,1,1]
[4096,512,160,-53,10,2,1]
[4096,2048,736,173,46,8,1]
[6561,-1458,227,-18,1]
[4096,1024,-16,-89,-1,4,1]
[256,-64,64,-20,35,-5,4,-1,1]
[15625,-2625,239,-21,1]
[729,0,72,5,8,0,1]
[4096,-1280,80,45,5,-5,1]
[729,162,144,44,16,2,1]
[15625,2250,188,18,1]
[729,-405,126,-29,14,-5,1]
[14641,847,236,7,1]
[256,-320,288,-204,109,-51,18,-5,1]
[4096,-768,112,-13,7,-3,1]
[14641,0,-122,0,1]
[729,-162,144,-17,16,-2,1]
[512,-256,136,-37,17,-4,1]
[729,-567,297,-106,33,-7,1]
[256,192,160,96,45,24,10,3,1]
[1024,-160,69,-5,1]
[4096,-768,176,-79,11,-3,1]
[4096,512,48,-67,3,2,1]
[256,-192,80,-24,9,-6,5,-3,1]
[4096,3328,1328,371,83,13,1]
[64,16,13,2,1]
[256,128,112,76,27,19,7,2,1]
[4096,-3328,1248,-335,78,-13,1]
[729,405,72,-2,8,5,1]
[6561,486,103,6,1]
[4096,-1280,256,-39,16,-5,1]
[4096,-512,80,-91,5,-2,1]
[4096,-768,336,-73,21,-3,1]
[4096,-1536,336,-95,21,-6,1]
[16384,512,151,4,1]
[4096,-512,208,21,13,-2,1]
[4096,-768,112,9,7,-3,1]
[256,-64,-48,12,3,3,-3,-1,1]
[256,256,96,-16,-29,-4,6,4,1]
[512,-128,56,7,7,-2,1]
[6561,810,19,10,1]
[4096,768,432,69,27,3,1]
[256,256,96,-8,-21,-2,6,4,1]
[15625,-250,98,-2,1]
[16384,-2944,357,-23,1]
[729,81,-27,-5,-3,1,1]
[256,-64,-32,16,-3,4,-2,-1,1]
[14641,1452,75,12,1]
[256,192,112,56,31,14,7,3,1]
[14641,3751,481,31,1]
[16384,-2304,161,-18,1]
[4096,1024,432,61,27,4,1]
[15625,875,148,7,1]
[256,0,80,-16,9,-4,5,0,1]
[729,-486,180,-61,20,-6,1]
[4096,-768,0,47,0,-3,1]
[256,-16,-15,-1,1]
[4096,1280,496,95,31,5,1]
[15625,-1125,4,-9,1]
[15625,-3500,397,-28,1]
[256,64,80,24,15,6,5,1,1]
[15625,625,-43,5,1]
[15625,4875,624,39,1]
[4096,-1280,400,-103,25,-5,1]
[4096,512,48,-57,3,2,1]
[4096,-4352,2160,-663,135,-17,1]
[4096,1024,-208,-119,-13,4,1]
[4096,3072,1296,391,81,12,1]
[6561,243,43,3,1]
[4096,-256,96,53,6,-1,1]
[4096,-512,-112,15,-7,-2,1]
[6561,1701,268,21,1]
[4096,-1024,208,-77,13,-4,1]
[14641,1210,160,10,1]
[729,405,108,34,12,5,1]
[4096,-1536,128,15,8,-6,1]
[15625,-1250,-12,-10,1]
[729,-486,27,38,3,-6,1]
[4096,-2304,832,-205,52,-9,1]
[256,192,128,92,53,23,8,3,1]
[121,16,1]
[2401,-49,-59,-1,1]
[256,-192,96,4,-11,1,6,-3,1]
[4096,2048,800,249,50,8,1]
[4096,-256,17,-4,1]
[4096,768,-80,-37,-5,3,1]
[256,0,48,20,3,5,3,0,1]
[4096,1280,272,83,17,5,1]
[2401,735,127,15,1]
[16384,-2560,269,-20,1]
[256,64,32,-44,-17,-11,2,1,1]
[256,-64,-16,8,-5,2,-1,-1,1]
[16384,-2816,261,-22,1]
[512,-192,144,-39,18,-3,1]
[4096,2304,592,121,37,9,1]
[4096,-4096,2064,-643,129,-16,1]
[14641,2057,265,17,1]
[4096,1280,464,169,29,5,1]
[14641,2783,337,23,1]
[512,0,40,-11,5,0,1]
[16384,3072,301,24,1]
[4096,-256,112,71,7,-1,1]
[4096,1280,32,-27,2,5,1]
[4096,256,-160,-49,-10,1,1]
[4096,0,96,35,6,0,1]
[4096,-256,-32,15,-2,-1,1]
[729,-324,36,2,4,-4,1]
[16384,-3840,455,-30,1]
[4096,768,-128,-51,-8,3,1]
[729,-405,54,2,6,-5,1]
[729,81,45,14,5,1,1]
[4096,512,96,51,6,2,1]
[4096,-448,139,-7,1]
[4096,1024,-96,-113,-6,4,1]
[16384,-4736,587,-37,1]
[4096,-1792,384,-45,24,-7,1]
[6561,81,-37,1,1]
[4096,-1792,384,-91,24,-7,1]
[4096,512,128,61,8,2,1]
[729,81,18,-5,2,1,1]
[256,-64,48,-12,29,-3,3,-1,1]
[256,-256,208,-120,61,-30,13,-4,1]
[729,0,-54,16,-6,0,1]
[4096,0,-112,-67,-7,0,1]
[6561,-1458,170,-18,1]
[4096,-256,208,21,13,-1,1]
[4096,-1792,656,-159,41,-7,1]
[4096,-256,80,-117,5,-1,1]
[14641,-2783,315,-23,1]
[14641,1089,232,9,1]
[4096,2560,784,189,49,10,1]
[4096,-512,32,75,2,-2,1]
[6561,1053,179,13,1]
[2401,196,16,4,1]
[6561,1134,100,14,1]
[6561,1053,86,13,1]
[4096,768,320,5,20,3,1]
[4096,-2816,1152,-343,72,-11,1]
[729,81,27,-2,3,1,1]
[15625,125,-46,1,1]
[1024,384,91,12,1]
[512,64,128,21,16,1,1]
[14641,-1452,79,-12,1]
[15625,250,-67,2,1]
[4096,-1280,464,-99,29,-5,1]
[729,0,108,-14,12,0,1]
[14641,-2541,292,-21,1]
[15625,2500,244,20,1]
[4096,768,224,61,14,3,1]
[14641,-847,204,-7,1]
[729,-162,180,-34,20,-2,1]
[4096,0,-32,-53,-2,0,1]
[15625,2625,233,21,1]
[4096,1280,304,99,19,5,1]
[256,64,80,28,31,7,5,1,1]
[4096,256,320,61,20,1,1]
[4096,-768,640,-87,40,-3,1]
[4096,-768,48,65,3,-3,1]
[4096,256,-80,-17,-5,1,1]
[4096,-1792,176,17,11,-7,1]
[4096,0,16,35,1,0,1]
[4096,1280,592,121,37,5,1]
[16384,128,59,1,1]
[15625,-2500,271,-20,1]
[15625,2750,358,22,1]
[4096,1024,352,127,22,4,1]
[256,128,16,0,11,0,1,2,1]
[15625,-125,-82,-1,1]
[14641,1936,183,16,1]
[15625,1000,127,8,1]
[4096,512,208,3,13,2,1]
[6561,162,131,2,1]
[256,-128,80,-40,23,-10,5,-2,1]
[4096,-512,176,45,11,-2,1]
[2401,0,-9,0,1]
[4096,576,35,9,1]
[6561,-243,146,-3,1]
[4096,1792,496,119,31,7,1]
[256,-64,64,-24,7,-6,4,-1,1]
[256,0,-48,-8,11,-2,-3,0,1]
[729,-243,-27,32,-3,-3,1]
[4096,0,-32,37,-2,0,1]
[256,-192,240,-120,85,-30,15,-3,1]
[4096,1280,496,127,31,5,1]
[256,-128,144,-48,39,-12,9,-2,1]
[16384,-3456,421,-27,1]
[256,64,-16,-24,5,-6,-1,1,1]
[4096,0,0,29,0,0,1]
[4096,2048,688,163,43,8,1]
[729,486,216,67,24,6,1]
[256,-128,32,12,-7,3,2,-2,1]
[512,-192,72,-21,9,-3,1]
[256,0,64,-4,17,-1,4,0,1]
[4096,1280,304,107,19,5,1]
[15625,-500,248,-4,1]
[256,192,144,32,21,8,9,3,1]
[16384,1408,233,11,1]
[6561,81,-121,1,1]
[729,-81,-9,2,-1,-1,1]
[4096,0,32,43,2,0,1]
[14641,-605,-19,-5,1]
[2401,245,17,5,1]
[15625,1250,159,10,1]
[4096,1792,528,117,33,7,1]
[4096,256,64,109,4,1,1]
[15625,-2625,274,-21,1]
[256,-64,32,0,-17,0,2,-1,1]
[15625,-250,-17,-2,1]
[4096,256,144,-53,9,1,1]
[256,0,144,12,41,3,9,0,1]
[15625,-3500,444,-28,1]
[512,64,32,17,4,1,1]
[4096,-768,640,-77,40,-3,1]
[256,-128,112,-68,23,-17,7,-2,1]
[256,128,128,60,49,15,8,2,1]
[6561,-972,107,-12,1]
[16384,-640,-35,-5,1]
[4096,384,-13,6,1]
[256,0,48,-20,13,-5,3,0,1]
[256,128,48,-32,-21,-8,3,2,1]
[4096,-640,151,-10,1]
[512,-128,0,-11,0,-2,1]
[512,0,24,9,3,0,1]
[256,-320,224,-132,71,-33,14,-5,1]
[4096,768,-48,-5,-3,3,1]
[4096,512,112,23,7,2,1]
[4096,512,272,15,17,2,1]
[256,0,-16,8,3,2,-1,0,1]
[4096,-256,32,13,2,-1,1]
[625,-25,-34,-1,1]
[729,-324,63,-1,7,-4,1]
[729,81,72,19,8,1,1]
[4096,-384,89,-6,1]
[15625,875,246,7,1]
[625,-250,54,-10,1]
[14641,968,-65,8,1]
[2401,539,123,11,1]
[6561,162,160,2,1]
[4096,4608,2448,773,153,18,1]
[14641,-242,-2,-2,1]
[14641,-2904,329,-24,1]
[256,64,0,24,23,6,0,1,1]
[6561,-162,-50,-2,1]
[15625,1375,26,11,1]
[4096,-1024,720,-121,45,-4,1]
[512,192,-56,-51,-7,3,1]
[4096,-512,-32,41,-2,-2,1]
[4096,-3072,1280,-375,80,-12,1]
[4096,1536,704,145,44,6,1]
[6561,81,-77,1,1]
[256,384,336,232,129,58,21,6,1]
[4096,-1536,480,-135,30,-6,1]
[4096,-256,-64,31,-4,-1,1]
[4096,256,320,-23,20,1,1]
[6561,243,-4,3,1]
[4096,2048,128,-69,8,8,1]
[729,-243,-36,46,-4,-3,1]
[2401,147,-48,3,1]
[729,-27,-16,-1,1]
[729,-486,216,-67,24,-6,1]
[15625,-1250,7,-10,1]
[625,200,62,8,1]
[16384,0,113,0,1]
[4096,-768,576,-93,36,-3,1]
[14641,1573,61,13,1]
[16384,-2048,317,-16,1]
[4096,-512,160,49,10,-2,1]
[4096,768,672,97,42,3,1]
[256,-256,160,-112,69,-28,10,-4,1]
[4096,-512,-64,97,-4,-2,1]
[4096,3072,1280,377,80,12,1]
[256,-64,112,-16,27,-4,7,-1,1]
[4096,256,-176,-31,-11,1,1]
[4096,-256,112,-75,7,-1,1]
[4096,-1024,592,-127,37,-4,1]
[729,-243,36,13,4,-3,1]
[4096,1536,496,101,31,6,1]
[14641,1452,222,12,1]
[15625,1000,69,8,1]
[256,-64,32,-24,-5,-6,2,-1,1]
[4096,-1280,-16,47,-1,-5,1]
[256,192,16,-8,5,-2,1,3,1]
[4096,-768,192,-79,12,-3,1]
[4096,-1280,352,-87,22,-5,1]
[4096,512,32,-5,2,2,1]
[256,128,-16,-16,-5,-4,-1,2,1]
[256,0,80,60,3,15,5,0,1]
[256,0,32,-12,-15,-3,2,0,1]
[6561,-891,41,-11,1]
[4096,-768,464,-81,29,-3,1]
[15625,-2250,197,-18,1]
[4096,1024,0,-83,0,4,1]
[14641,2783,371,23,1]
[15625,-2250,164,-18,1]
[256,-256,80,28,-31,7,5,-4,1]
[256,-128,0,12,-5,3,0,-2,1]
[15625,1500,26,12,1]
[14641,-3751,468,-31,1]
[4096,256,128,-69,8,1,1]
[4096,0,-32,-29,-2,0,1]
[2401,0,4,0,1]
[15625,-500,97,-4,1]
[729,486,243,86,27,6,1]
[4096,256,-32,-55,-2,1,1]
[512,0,0,-33,0,0,1]
[512,-704,472,-203,59,-11,1]
[4096,-1024,416,-91,26,-4,1]
[14641,1936,155,16,1]
[4096,0,-176,27,-11,0,1]
[6561,162,-95,2,1]
[729,324,171,67,19,4,1]
[729,162,54,20,6,2,1]
[4096,0,368,-31,23,0,1]
[256,-320,176,-48,9,-12,11,-5,1]
[16384,-512,213,-4,1]
[256,-192,0,32,-13,8,0,-3,1]
[4096,-1024,112,41,7,-4,1]
[4096,-3072,1232,-355,77,-12,1]
[256,256,80,-4,-9,-1,5,4,1]
[16384,-640,-13,-5,1]
[729,-81,72,-7,8,-1,1]
[16384,-1280,267,-10,1]
[14641,1694,136,14,1]
[4096,0,352,47,22,0,1]
[4096,-256,240,39,15,-1,1]
[6561,1053,199,13,1]
[15625,-1375,46,-11,1]
[4096,-512,16,-13,1,-2,1]
[256,0,16,32,1,8,1,0,1]
[512,-256,168,-51,21,-4,1]
[6561,2268,344,28,1]
[4096,-1024,416,-109,26,-4,1]
[4096,-768,128,-57,8,-3,1]
[729,-243,162,-53,18,-3,1]
[4096,-256,224,47,14,-1,1]
[14641,726,83,6,1]
[4096,0,176,-35,11,0,1]
[14641,-484,196,-4,1]
[4096,2560,1056,303,66,10,1]
[4096,-1536,352,-81,22,-6,1]
[4096,768,240,85,15,3,1]
[256,0,32,36,9,9,2,0,1]
[6561,-324,83,-4,1]
[4096,-768,-192,99,-12,-3,1]
[14641,2299,178,19,1]
[256,-64,96,-20,33,-5,6,-1,1]
[729,-54,20,-2,1]
[729,324,90,20,10,4,1]
[15625,125,-131,1,1]
[4096,-1536,336,-79,21,-6,1]
[256,-128,112,-36,31,-9,7,-2,1]
[15625,-3125,344,-25,1]
[4096,0,480,7,30,0,1]
[4096,1792,768,209,48,7,1]
[256,192,128,40,25,10,8,3,1]
[4096,256,-64,-63,-4,1,1]
[14641,-1573,224,-13,1]
[729,-243,99,-20,11,-3,1]
[4096,0,-64,-71,-4,0,1]
[15625,-250,134,-2,1]
[4096,512,368,25,23,2,1]
[4096,-512,128,49,8,-2,1]
[256,448,496,384,219,96,31,7,1]
[729,-162,171,-31,19,-2,1]
[625,-50,41,-2,1]
[4096,2560,1008,311,63,10,1]
[512,-64,-24,-1,-3,-1,1]
[4096,-1024,608,-129,38,-4,1]
[256,-64,-32,-8,15,-2,-2,-1,1]
[16384,0,-25,0,1]
[4096,3328,1168,295,73,13,1]
[256,192,64,12,5,3,4,3,1]
[16384,3584,403,28,1]
[256,64,16,-16,-1,-4,1,1,1]
[256,128,160,80,53,20,10,2,1]
[14641,605,155,5,1]
[15625,750,227,6,1]
[4096,256,-160,-55,-10,1,1]
[15625,0,206,0,1]
[4096,-1280,576,-111,36,-5,1]
[4096,-1536,608,-143,38,-6,1]
[512,128,0,-19,0,2,1]
[4096,448,37,7,1]
[512,-64,104,-13,13,-1,1]
[14641,-968,147,-8,1]
[256,128,-32,4,27,1,-2,2,1]
[256,-64,112,-32,39,-8,7,-1,1]
[256,-192,160,-76,43,-19,10,-3,1]
[4096,-1792,864,-219,54,-7,1]
[15625,-2250,187,-18,1]
[16384,1280,241,10,1]
[729,81,9,-34,1,1,1]
[6561,162,137,2,1]
[4096,-256,272,11,17,-1,1]
[4096,-1280,272,-41,17,-5,1]
[14641,-2783,344,-23,1]
[729,-243,153,-56,17,-3,1]
[729,162,171,20,19,2,1]
[15625,-250,-48,-2,1]
[512,384,112,25,14,6,1]
[256,0,32,36,3,9,2,0,1]
[15625,125,-74,1,1]
[4096,-2304,752,-177,47,-9,1]
[4096,-512,-64,105,-4,-2,1]
[14641,0,-79,0,1]
[16384,-1920,167,-15,1]
[4096,-1024,192,-85,12,-4,1]
[729,0,171,7,19,0,1]
[6561,2106,308,26,1]
[4096,-256,208,-61,13,-1,1]
[4096,192,59,3,1]
[14641,2783,326,23,1]
[16384,2304,239,18,1]
[4096,-1280,608,-147,38,-5,1]
[15625,-125,39,-1,1]
[256,0,128,-16,33,-4,8,0,1]
[128,-3,1]
[4096,1280,480,97,30,5,1]
[2401,-441,114,-9,1]
[4096,-1024,320,-133,20,-4,1]
[15625,-500,217,-4,1]
[15625,-250,14,-2,1]
[6561,-567,2,-7,1]
[4096,-2304,1104,-295,69,-9,1]
[4096,1280,416,111,26,5,1]
[729,-54,-10,-2,1]
[14641,-363,-46,-3,1]
[256,-128,64,-56,31,-14,4,-2,1]
[256,192,16,-40,-25,-10,1,3,1]
[14641,242,-32,2,1]
[4096,-512,-160,111,-10,-2,1]
[4096,256,-208,-31,-13,1,1]
[15625,-1750,281,-14,1]
[512,64,104,11,13,1,1]
[6561,-891,118,-11,1]
[4096,-512,192,19,12,-2,1]
[16384,-256,-125,-2,1]
[256,0,-64,8,15,2,-4,0,1]
[256,-64,144,-44,45,-11,9,-1,1]
[729,-486,90,-1,10,-6,1]
[4096,768,-48,-97,-3,3,1]
[4096,-512,80,-83,5,-2,1]
[4096,2048,640,137,40,8,1]
[2401,588,87,12,1]
[729,-405,198,-77,22,-5,1]
[6561,162,14,2,1]
[729,-81,108,-23,12,-1,1]
[14641,1694,269,14,1]
[6561,-1296,217,-16,1]
[2401,0,30,0,1]
[512,0,88,-17,11,0,1]
[4096,0,160,69,10,0,1]
[4096,-1792,480,-97,30,-7,1]
[256,192,96,24,7,6,6,3,1]
[4096,256,80,-57,5,1,1]
[14641,-2783,369,-23,1]
[256,192,48,-16,-13,-4,3,3,1]
[2401,-147,-46,-3,1]
[2401,294,-1,6,1]
[256,192,48,-52,-47,-13,3,3,1]
[4096,-2304,688,-177,43,-9,1]
[15625,-1125,178,-9,1]
[14641,968,243,8,1]
[6561,648,121,8,1]
[4096,512,224,15,14,2,1]
[1024,96,-13,3,1]
[4096,-768,192,-123,12,-3,1]
[4096,768,128,7,8,3,1]
[256,-128,96,-68,35,-17,6,-2,1]
[15625,750,199,6,1]
[15625,-875,248,-7,1]
[64,-80,68,-37,17,-5,1]
[256,-192,16,40,-29,10,1,-3,1]
[4096,2304,832,229,52,9,1]
[4096,0,128,-21,8,0,1]
[4096,-2560,912,-239,57,-10,1]
[256,0,32,20,-11,5,2,0,1]
[16384,-768,37,-6,1]
[4096,768,-16,-25,-1,3,1]
[14641,-2057,221,-17,1]
[15625,375,132,3,1]
[14641,2299,317,19,1]
[16384,2816,349,22,1]
[4096,768,272,103,17,3,1]
[2401,-833,156,-17,1]
[16384,-2176,207,-17,1]
[16384,-1792,265,-14,1]
[729,81,36,35,4,1,1]
[256,64,-32,-12,-7,-3,-2,1,1]
[256,64,32,36,23,9,2,1,1]
[4096,-1792,368,-61,23,-7,1]
[14641,-2178,189,-18,1]
[2401,-147,-48,-3,1]
[256,-192,128,-76,37,-19,8,-3,1]
[256,192,80,12,-5,3,5,3,1]
[4096,0,304,7,19,0,1]
[16384,512,-25,4,1]
[4096,-320,107,-5,1]
[16384,-256,-183,-2,1]
[729,-243,207,-53,23,-3,1]
[4096,-1792,880,-219,55,-7,1]
[4096,0,0,-45,0,0,1]
[14641,-605,96,-5,1]
[16384,256,-109,2,1]
[729,162,198,38,22,2,1]
[512,0,72,-15,9,0,1]
[729,-243,0,17,0,-3,1]
[512,384,184,69,23,6,1]
[4096,-1536,320,-53,20,-6,1]
[729,162,45,8,5,2,1]
[256,64,48,12,11,3,3,1,1]
[4096,1024,-48,-91,-3,4,1]
[15625,1625,231,13,1]
[4096,256,96,73,6,1,1]
[4096,1536,320,65,20,6,1]
[4096,2560,752,181,47,10,1]
[4096,-320,-23,-5,1]
[4096,-3840,1840,-559,115,-15,1]
[4096,-1024,176,-23,11,-4,1]
[512,192,-16,-27,-2,3,1]
[256,64,48,36,13,9,3,1,1]
[4096,-256,0,-17,0,-1,1]
[4096,0,304,17,19,0,1]
[729,162,-45,-35,-5,2,1]
[15625,2625,269,21,1]
[729,243,-54,-40,-6,3,1]
[6561,-324,137,-4,1]
[2401,294,27,6,1]
[729,-162,108,-17,12,-2,1]
[4096,1024,272,17,17,4,1]
[512,-64,72,-3,9,-1,1]
[15625,-625,-94,-5,1]
[14641,484,-89,4,1]
[4096,1024,480,97,30,4,1]
[256,-128,16,24,-23,6,1,-2,1]
[4096,-768,224,-131,14,-3,1]
[729,0,-45,22,-5,0,1]
[256,64,0,8,13,2,0,1,1]
[16384,384,225,3,1]
[4096,-1024,416,-121,26,-4,1]
[512,0,32,1,4,0,1]
[4096,256,448,7,28,1,1]
[4096,-2048,32,115,2,-8,1]
[256,64,-32,8,23,2,-2,1,1]
[4096,-3072,1328,-391,83,-12,1]
[4096,-1536,592,-189,37,-6,1]
[512,192,48,15,6,3,1]
[256,192,192,108,73,27,12,3,1]
[4096,-2048,704,-209,44,-8,1]
[15625,4000,478,32,1]
[256,-256,64,40,-37,10,4,-4,1]
[256,-128,80,-52,37,-13,5,-2,1]
[4096,-512,288,-35,18,-2,1]
[4096,-192,109,-3,1]
[4096,768,288,37,18,3,1]
[512,0,64,17,8,0,1]
[729,-162,81,-41,9,-2,1]
[256,64,0,0,-15,0,0,1,1]
[16384,384,41,3,1]
[16384,-4096,499,-32,1]
[4096,-1792,688,-215,43,-7,1]
[4096,1024,528,119,33,4,1]
[729,0,-54,8,-6,0,1]
[14641,1936,294,16,1]
[4096,1792,480,93,30,7,1]
[4096,-1280,624,-153,39,-5,1]
[4096,1536,160,1,10,6,1]
[4096,-768,720,-91,45,-3,1]
[4096,-2304,768,-203,48,-9,1]
[256,-128,80,-60,27,-15,5,-2,1]
[15625,750,-59,6,1]
[4096,1024,144,5,9,4,1]
[256,-128,80,-52,33,-13,5,-2,1]
[4096,0,96,-7,6,0,1]
[16384,2432,227,19,1]
[15625,750,149,6,1]
[4096,-3584,1616,-483,101,-14,1]
[64,-48,40,-23,10,-3,1]
[14641,-363,140,-3,1]
[4096,1024,-144,-119,-9,4,1]
[4096,3584,1632,493,102,14,1]
[15625,-1375,146,-11,1]
[729,-81,162,-16,18,-1,1]
[4096,0,160,35,10,0,1]
[4096,-2048,704,-201,44,-8,1]
[4096,0,-48,37,-3,0,1]
[256,384,208,24,-15,6,13,6,1]
[729,243,81,26,9,3,1]
[15625,125,112,1,1]
[15625,3250,384,26,1]
[729,-405,270,-85,30,-5,1]
[4096,-2560,576,-93,36,-10,1]
[256,-192,64,-36,27,-9,4,-3,1]
[4096,768,-208,-103,-13,3,1]
[14641,1331,70,11,1]
[16384,2304,173,18,1]
[14641,242,-106,2,1]
[15625,-875,181,-7,1]
[16384,384,249,3,1]
[729,162,18,13,2,2,1]
[4096,0,272,3,17,0,1]
[2401,-294,44,-6,1]
[15625,-250,44,-2,1]
[14641,1089,228,9,1]
[2401,-294,78,-6,1]
[256,192,48,-36,-33,-9,3,3,1]
[729,-162,27,8,3,-2,1]
[4096,256,320,55,20,1,1]
[256,64,16,-16,3,-4,1,1,1]
[4096,-1792,592,-177,37,-7,1]
[4096,256,64,83,4,1,1]
[4096,-1280,-144,133,-9,-5,1]
[2401,-49,32,-1,1]
[256,-192,128,-24,11,-6,8,-3,1]
[4096,-2816,1344,-383,84,-11,1]
[15625,-1000,97,-8,1]
[625,-50,-29,-2,1]
[4096,0,127,0,1]
[4096,1280,192,57,12,5,1]
[15625,-875,-6,-7,1]
[14641,0,-149,0,1]
[15625,3250,333,26,1]
[256,-64,128,-16,35,-4,8,-1,1]
[15625,-250,-189,-2,1]
[15625,-500,-148,-4,1]
[15625,-500,-39,-4,1]
[15625,-1750,156,-14,1]
[4096,0,432,13,27,0,1]
[15625,625,-122,5,1]
[256,-128,16,-8,9,-2,1,-2,1]
[16384,-1792,231,-14,1]
[4096,-768,352,-51,22,-3,1]
[256,64,-64,-20,11,-5,-4,1,1]
[14641,4114,508,34,1]
[81,-8,1]
[4096,-1792,256,5,16,-7,1]
[4096,0,128,3,8,0,1]
[4096,-1024,32,53,2,-4,1]
[15625,125,-114,1,1]
[1024,-448,103,-14,1]
[729,-405,180,-65,20,-5,1]
[64,16,20,13,5,1,1]
[256,64,80,28,11,7,5,1,1]
[4096,-2048,336,-35,21,-8,1]
[4096,2048,864,255,54,8,1]
[256,192,128,72,35,18,8,3,1]
[15625,-125,-127,-1,1]
[14641,-121,123,-1,1]
[4096,1024,560,99,35,4,1]
[4096,2048,656,175,41,8,1]
[4096,512,320,9,20,2,1]
[6561,-1539,238,-19,1]
[256,-128,0,4,-1,1,0,-2,1]
[256,0,80,-12,9,-3,5,0,1]
[4096,768,-80,-119,-5,3,1]
[4096,1280,352,47,22,5,1]
[14641,-121,5,-1,1]
[4096,1280,272,41,17,5,1]
[4096,1536,544,181,34,6,1]
[15625,500,-6,4,1]
[4096,256,192,89,12,1,1]
[15625,750,238,6,1]
[256,-64,176,-28,57,-7,11,-1,1]
[15625,-2000,244,-16,1]
[4096,1536,176,-25,11,6,1]
[4096,-512,-96,55,-6,-2,1]
[14641,-2057,177,-17,1]
[14641,363,-123,3,1]
[64,-16,1,-2,1]
[4096,1536,464,99,29,6,1]
[256,0,0,0,17,0,0,0,1]
[4096,256,-16,-117,-1,1,1]
[16384,-896,153,-7,1]
[4096,1792,416,101,26,7,1]
[2401,-784,139,-16,1]
[4096,-1280,448,-133,28,-5,1]
[4096,768,224,1,14,3,1]
[4096,1536,416,143,26,6,1]
[14641,-1694,150,-14,1]
[256,0,48,-20,15,-5,3,0,1]
[4096,-512,128,-37,8,-2,1]
[4096,512,-144,-53,-9,2,1]
[14641,-1089,221,-9,1]
[256,192,144,76,47,19,9,3,1]
[15625,-1625,167,-13,1]
[4096,192,103,3,1]
[256,-128,16,-24,19,-6,1,-2,1]
[4096,2304,944,271,59,9,1]
[4096,1280,368,71,23,5,1]
[6561,-81,115,-1,1]
[4096,-512,144,-55,9,-2,1]
[14641,-1331,164,-11,1]
[4096,-768,256,-5,16,-3,1]
[4096,-1792,608,-169,38,-7,1]
[512,320,168,55,21,5,1]
[729,162,189,37,21,2,1]
[15625,1125,269,9,1]
[729,405,171,49,19,5,1]
[256,384,272,116,47,29,17,6,1]
[256,-192,240,-124,89,-31,15,-3,1]
[4096,-1792,464,-117,29,-7,1]
[15625,-500,-149,-4,1]
[16384,-512,167,-4,1]
[4096,-1024,256,-119,16,-4,1]
[15625,2375,323,19,1]
[4096,-1536,704,-183,44,-6,1]
[16384,-384,-9,-3,1]
[4096,512,160,-13,10,2,1]
[14641,1331,91,11,1]
[14641,-242,163,-2,1]
[4096,768,352,85,22,3,1]
[4096,-256,80,-41,5,-1,1]
[15625,625,52,5,1]
[14641,968,174,8,1]
[4096,-256,-64,127,-4,-1,1]
[14641,-2057,172,-17,1]
[256,-64,64,-12,17,-3,4,-1,1]
[4096,-1280,128,3,8,-5,1]
[256,-128,48,12,-7,3,3,-2,1]
[4096,-2560,1072,-321,67,-10,1]
[15625,-3875,469,-31,1]
[15625,-125,82,-1,1]
[256,-64,-16,8,-15,2,-1,-1,1]
[6561,-2187,343,-27,1]
[4096,512,272,111,17,2,1]
[256,64,144,32,41,8,9,1,1]
[4096,-512,96,49,6,-2,1]
[256,256,176,76,35,19,11,4,1]
[4096,512,48,-65,3,2,1]
[14641,1815,151,15,1]
[256,-192,64,12,-21,3,4,-3,1]
[256,256,144,60,23,15,9,4,1]
[16384,1408,25,11,1]
[4096,1792,656,193,41,7,1]
[15625,-1000,188,-8,1]
[729,567,288,107,32,7,1]
[256,0,128,-4,41,-1,8,0,1]
[14641,-1089,247,-9,1]
[4096,1536,416,113,26,6,1]
[729,-486,279,-95,31,-6,1]
[4096,-512,240,-107,15,-2,1]
[14641,-242,37,-2,1]
[4096,-1024,336,-23,21,-4,1]
[15625,-250,-87,-2,1]
[4096,-256,80,49,5,-1,1]
[6561,-486,-16,-6,1]
[2401,-196,23,-4,1]
[14641,-2904,311,-24,1]
[4096,-256,48,19,3,-1,1]
[256,64,0,-4,-19,-1,0,1,1]
[15625,-125,-203,-1,1]
[256,128,144,56,41,14,9,2,1]
[4096,-512,-144,31,-9,-2,1]
[4096,512,336,15,21,2,1]
[15625,375,-64,3,1]
[15625,-1125,28,-9,1]
[4096,256,160,-33,10,1,1]
[256,0,0,-4,-1,-1,0,0,1]
[2401,-686,123,-14,1]
[14641,-1573,273,-13,1]
[729,-81,27,13,3,-1,1]
[4096,-512,128,-17,8,-2,1]
[4096,0,432,-15,27,0,1]
[256,256,96,72,57,18,6,4,1]
[512,-256,0,25,0,-4,1]
[256,-256,144,-76,43,-19,9,-4,1]
[16384,-2176,279,-17,1]
[729,324,18,-17,2,4,1]
[16384,-128,167,-1,1]
[256,192,192,84,55,21,12,3,1]
[4096,-1536,256,-51,16,-6,1]
[6561,-81,26,-1,1]
[512,320,72,7,9,5,1]
[729,-729,378,-140,42,-9,1]
[256,-192,208,-120,77,-30,13,-3,1]
[4096,1536,80,-37,5,6,1]
[14641,-726,-74,-6,1]
[256,-128,48,44,-25,11,3,-2,1]
[4096,768,-48,-55,-3,3,1]
[256,576,624,440,241,110,39,9,1]
[4096,1280,16,-51,1,5,1]
[4096,-3072,1456,-425,91,-12,1]
[729,-81,54,11,6,-1,1]
[4096,768,-96,-57,-6,3,1]
[512,-64,96,-19,12,-1,1]
[4096,-512,384,1,24,-2,1]
[256,192,112,76,53,19,7,3,1]
[6561,162,8,2,1]
[4096,-1536,512,-149,32,-6,1]
[4096,-256,320,-7,20,-1,1]
[256,128,16,-24,-29,-6,1,2,1]
[4096,4352,2224,695,139,17,1]
[4096,0,176,-29,11,0,1]
[4096,-1280,720,-155,45,-5,1]
[4096,-1792,176,29,11,-7,1]
[16384,-384,105,-3,1]
[16384,1792,123,14,1]
[4096,0,80,-45,5,0,1]
[14641,121,162,1,1]
[4096,-1280,448,-89,28,-5,1]
[15625,-375,94,-3,1]
[256,0,-80,-12,23,-3,-5,0,1]
[14641,-3025,314,-25,1]
[4096,1024,-48,-55,-3,4,1]
[15625,-1125,159,-9,1]
[512,-128,32,-33,4,-2,1]
[4096,-512,-112,131,-7,-2,1]
[256,-128,96,-48,13,-12,6,-2,1]
[729,567,270,104,30,7,1]
[4096,0,-160,43,-10,0,1]
[625,-175,51,-7,1]
[16384,-4224,503,-33,1]
[4096,1024,32,-67,2,4,1]
[4096,-256,48,51,3,-1,1]
[256,64,16,12,-5,3,1,1,1]
[4096,-768,384,-117,24,-3,1]
[4096,-3072,1184,-327,74,-12,1]
[4096,-512,160,-19,10,-2,1]
[4096,1280,400,143,25,5,1]
[729,-243,-36,31,-4,-3,1]
[4096,-2048,736,-219,46,-8,1]
[256,-64,-32,16,7,4,-2,-1,1]
[4096,512,63,8,1]
[4096,768,-192,-77,-12,3,1]
[4096,1280,320,71,20,5,1]
[4096,-256,80,15,5,-1,1]
[4096,768,64,7,4,3,1]
[729,-324,18,28,2,-4,1]
[15625,375,22,3,1]
[4096,-1024,0,61,0,-4,1]
[64,8,5,1,1]
[512,-64,88,-9,11,-1,1]
[4096,-2048,880,-243,55,-8,1]
[4096,256,-192,-19,-12,1,1]
[729,-567,108,1,12,-7,1]
[4096,768,272,139,17,3,1]
[4096,960,147,15,1]
[6561,1215,109,15,1]
[512,-384,264,-97,33,-6,1]
[256,-128,16,8,-15,2,1,-2,1]
[512,128,-8,-13,-1,2,1]
[6561,405,94,5,1]
[729,-567,270,-103,30,-7,1]
[256,128,192,68,65,17,12,2,1]
[4096,1024,320,151,20,4,1]
[14641,-2541,221,-21,1]
[4096,0,208,29,13,0,1]
[4096,-1024,64,-11,4,-4,1]
[256,0,-16,-12,7,-3,-1,0,1]
[4096,3072,1312,383,82,12,1]
[15625,625,76,5,1]
[4096,-1792,384,-59,24,-7,1]
[4096,-1024,-48,105,-3,-4,1]
[4096,-1792,976,-229,61,-7,1]
[15625,-2125,144,-17,1]
[256,-384,192,8,-39,2,12,-6,1]
[4096,-256,176,-107,11,-1,1]
[4096,768,16,-1,1,3,1]
[4096,256,560,9,35,1,1]
[6561,162,1,2,1]
[4096,1024,-32,-39,-2,4,1]
[14641,3146,344,26,1]
[729,162,54,43,6,2,1]
[15625,750,-28,6,1]
[4096,-512,160,21,10,-2,1]
[4096,0,0,-85,0,0,1]
[15625,0,69,0,1]
[6561,-1377,184,-17,1]
[256,-256,144,-48,15,-12,9,-4,1]
[6561,-1701,263,-21,1]
[4096,768,720,91,45,3,1]
[729,405,189,56,21,5,1]
[15625,2500,228,20,1]
[4096,576,83,9,1]
[4096,1792,624,191,39,7,1]
[729,-162,9,-23,1,-2,1]
[256,192,144,88,41,22,9,3,1]
[729,162,-18,-37,-2,2,1]
[15625,-1250,37,-10,1]
[4096,768,624,71,39,3,1]
[15625,-1625,97,-13,1]
[256,-128,48,-24,25,-6,3,-2,1]
[512,128,0,-23,0,2,1]
[14641,2299,205,19,1]
[14641,3751,460,31,1]
[4096,1024,304,49,19,4,1]
[4096,-1280,32,17,2,-5,1]
[4096,-1024,272,-57,17,-4,1]
[64,-32,16,-11,4,-2,1]
[4096,-512,448,-67,28,-2,1]
[729,243,9,-29,1,3,1]
[256,-128,16,-24,29,-6,1,-2,1]
[15625,-1375,38,-11,1]
[4096,-1024,224,-65,14,-4,1]
[14641,605,212,5,1]
[15625,250,102,2,1]
[4096,-256,208,25,13,-1,1]
[14641,242,9,2,1]
[4096,256,32,3,2,1,1]
[256,320,288,200,107,50,18,5,1]
[15625,2250,241,18,1]
[4096,-256,-48,-3,-3,-1,1]
[4096,-512,-144,109,-9,-2,1]
[256,-128,80,-36,17,-9,5,-2,1]
[729,243,-27,-41,-3,3,1]
[729,-81,63,-17,7,-1,1]
[4096,512,208,111,13,2,1]
[15625,-1750,117,-14,1]
[256,-128,32,24,-9,6,2,-2,1]
[4096,768,-48,-103,-3,3,1]
[4096,-512,0,57,0,-2,1]
[4096,-768,-16,21,-1,-3,1]
[256,128,16,24,29,6,1,2,1]
[4096,1280,160,27,10,5,1]
[256,64,80,28,13,7,5,1,1]
[14641,121,-182,1,1]
[15625,625,-53,5,1]
[4096,-704,49,-11,1]
[256,0,-16,-24,11,-6,-1,0,1]
[256,384,416,300,175,75,26,6,1]
[729,0,36,19,4,0,1]
[512,-256,160,-55,20,-4,1]
[6561,810,127,10,1]
[729,162,-27,-28,-3,2,1]
[15625,0,73,0,1]
[729,-81,72,7,8,-1,1]
[729,243,9,4,1,3,1]
[4096,512,-160,-87,-10,2,1]
[4096,-1024,832,-129,52,-4,1]
[4096,-512,336,-53,21,-2,1]
[14641,121,-52,1,1]
[256,128,160,48,45,12,10,2,1]
[2401,196,-33,4,1]
[4096,512,288,29,18,2,1]
[625,-50,32,-2,1]
[4096,1792,288,41,18,7,1]
[16384,-1280,121,-10,1]
[14641,-121,-201,-1,1]
[4096,1024,177,16,1]
[4096,-768,-32,21,-2,-3,1]
[4096,-1024,16,69,1,-4,1]
[6561,-1215,173,-15,1]
[64,48,12,-1,3,3,1]
[256,192,208,92,65,23,13,3,1]
[729,-324,-72,73,-8,-4,1]
[16384,-3456,427,-27,1]
[256,256,160,68,31,17,10,4,1]
[4096,0,144,-73,9,0,1]
[15625,-250,-91,-2,1]
[2401,98,12,2,1]
[256,-192,80,0,-1,0,5,-3,1]
[256,64,-32,0,19,0,-2,1,1]
[4096,768,480,69,30,3,1]
[16384,512,-87,4,1]
[4096,-2048,688,-201,43,-8,1]
[4096,512,192,67,12,2,1]
[4096,-1536,384,-91,24,-6,1]
[4096,512,-240,-67,-15,2,1]
[4096,512,48,-53,3,2,1]
[2401,245,74,5,1]
[512,-256,152,-41,19,-4,1]
[4096,768,208,55,13,3,1]
[4096,0,432,21,27,0,1]
[4096,768,-112,-61,-7,3,1]
[256,0,-64,0,19,0,-4,0,1]
[64,16,12,13,3,1,1]
[15625,-2250,172,-18,1]
[15625,1125,171,9,1]
[6561,1053,73,13,1]
[4096,1024,32,-17,2,4,1]
[256,-192,160,-84,51,-21,10,-3,1]
[256,64,80,28,33,7,5,1,1]
[256,-128,128,-60,47,-15,8,-2,1]
[16384,0,73,0,1]
[729,81,54,-8,6,1,1]
[15625,250,114,2,1]
[4096,0,416,-7,26,0,1]
[729,81,-27,7,-3,1,1]
[6561,567,-19,7,1]
[4096,-768,160,-55,10,-3,1]
[4096,512,0,-81,0,2,1]
[4096,-704,83,-11,1]
[4096,-3328,1440,-423,90,-13,1]
[16384,-512,157,-4,1]
[256,128,0,16,25,4,0,2,1]
[64,-24,15,-3,1]
[14641,-1694,188,-14,1]
[4096,1536,112,-15,7,6,1]
[4096,1792,432,113,27,7,1]
[4096,-512,336,-69,21,-2,1]
[14641,605,-71,5,1]
[121,-19,1]
[256,-256,224,-136,83,-34,14,-4,1]
[15625,-3875,476,-31,1]
[4096,256,-160,-71,-10,1,1]
[729,405,90,16,10,5,1]
[15625,-375,-148,-3,1]
[256,192,176,88,57,22,11,3,1]
[16384,512,-109,4,1]
[512,64,56,-9,7,1,1]
[4096,1024,560,103,35,4,1]
[729,405,216,76,24,5,1]
[4096,-512,-16,-39,-1,-2,1]
[4096,-512,352,-13,22,-2,1]
[256,64,16,-24,-3,-6,1,1,1]
[4096,0,208,55,13,0,1]
[4096,3328,1200,311,75,13,1]
[4096,-768,224,-125,14,-3,1]
[4096,0,-160,-11,-10,0,1]
[14641,-1694,221,-14,1]
[4096,-512,112,63,7,-2,1]
[729,243,18,-22,2,3,1]
[4096,512,144,-37,9,2,1]
[4096,256,176,-57,11,1,1]
[4096,256,-160,-73,-10,1,1]
[16384,1280,109,10,1]
[15625,3625,439,29,1]
[4096,-768,-128,113,-8,-3,1]
[256,0,-112,-8,33,-2,-7,0,1]
[512,-256,48,3,6,-4,1]
[15625,-250,86,-2,1]
[729,243,99,14,11,3,1]
[256,256,176,100,47,25,11,4,1]
[4096,-512,-208,41,-13,-2,1]
[4096,-1792,592,-155,37,-7,1]
[4096,-512,-48,-39,-3,-2,1]
[4096,-256,432,5,27,-1,1]
[4096,-512,256,-55,16,-2,1]
[14641,484,-122,4,1]
[6561,324,62,4,1]
[512,192,96,19,12,3,1]
[16384,1152,27,9,1]
[4096,-768,544,-73,34,-3,1]
[4096,-2048,912,-229,57,-8,1]
[4096,-1024,-176,105,-11,-4,1]
[4096,1792,224,-5,14,7,1]
[625,400,112,16,1]
[64,-32,36,-13,9,-2,1]
[256,192,96,-4,-9,-1,6,3,1]
[14641,726,142,6,1]
[729,0,-9,-32,-1,0,1]
[4096,-256,160,-25,10,-1,1]
[729,-243,108,-40,12,-3,1]
[16384,-1920,175,-15,1]
[4096,2048,256,-13,16,8,1]
[729,-324,144,-46,16,-4,1]
[256,-128,128,-44,41,-11,8,-2,1]
[4096,-2048,960,-255,60,-8,1]
[14641,484,-52,4,1]
[4096,3328,1472,439,92,13,1]
[16384,-5120,655,-40,1]
[6561,1134,163,14,1]
[15625,-1375,249,-11,1]
[4096,2048,720,171,45,8,1]
[729,-216,40,-8,1]
[16384,-2944,317,-23,1]
[512,-192,-32,37,-4,-3,1]
[4096,-1024,0,49,0,-4,1]
[512,-64,-8,11,-1,-1,1]
[729,243,-9,-23,-1,3,1]
[256,128,64,32,13,8,4,2,1]
[15625,1625,282,13,1]
[4096,512,128,-49,8,2,1]
[256,64,0,-20,1,-5,0,1,1]
[729,-162,0,16,0,-2,1]
[256,64,96,4,27,1,6,1,1]
[4096,-1280,-176,149,-11,-5,1]
[4096,-1280,-208,151,-13,-5,1]
[16384,768,-63,6,1]
[15625,-125,-109,-1,1]
[64,-48,24,-9,6,-3,1]
[16384,2432,293,19,1]
[4096,-768,576,-101,36,-3,1]
[256,0,80,0,27,0,5,0,1]
[256,128,80,36,9,9,5,2,1]
[729,-162,153,-23,17,-2,1]
[4096,-256,144,21,9,-1,1]
[4096,-512,368,-23,23,-2,1]
[15625,2000,132,16,1]
[729,0,9,-8,1,0,1]
[4096,-2560,752,-179,47,-10,1]
[4096,768,288,105,18,3,1]
[729,567,333,118,37,7,1]
[4096,768,624,93,39,3,1]
[256,128,48,-24,-11,-6,3,2,1]
[15625,-1500,93,-12,1]
[4096,0,-16,95,-1,0,1]
[256,-448,416,-280,153,-70,26,-7,1]
[729,162,117,31,13,2,1]
[15625,125,11,1,1]
[1024,-352,91,-11,1]
[729,0,-27,7,-3,0,1]
[1024,64,-31,2,1]
[256,320,240,152,87,38,15,5,1]
[4096,-1280,352,-75,22,-5,1]
[625,-125,19,-5,1]
[729,-405,27,23,3,-5,1]
[4096,0,32,31,2,0,1]
[6561,-162,146,-2,1]
[15625,-1750,271,-14,1]
[15625,-250,29,-2,1]
[14641,0,-217,0,1]
[512,-448,264,-111,33,-7,1]
[625,100,41,4,1]
[4096,-2048,752,-245,47,-8,1]
[729,-324,126,-52,14,-4,1]
[256,-128,64,-36,27,-9,4,-2,1]
[4096,2560,1200,335,75,10,1]
[15625,-250,-99,-2,1]
[729,405,-9,-50,-1,5,1]
[256,-64,96,-44,23,-11,6,-1,1]
[4096,0,144,-69,9,0,1]
[256,320,256,168,95,42,16,5,1]
[15625,-2375,188,-19,1]
[14641,847,-12,7,1]
[2401,49,-15,1,1]
[16384,-1024,169,-8,1]
[15625,1125,121,9,1]
[14641,3025,370,25,1]
[729,-567,306,-107,34,-7,1]
[6561,1620,227,20,1]
[4096,0,0,77,0,0,1]
[256,128,176,72,61,18,11,2,1]
[256,-192,96,-28,11,-7,6,-3,1]
[14641,-3388,423,-28,1]
[6561,0,23,0,1]
[4096,0,-48,-71,-3,0,1]
[256,0,160,0,51,0,10,0,1]
[4096,256,112,57,7,1,1]
[4096,-256,-16,-43,-1,-1,1]
[4096,-1024,208,-103,13,-4,1]
[15625,2125,136,17,1]
[4096,-1536,288,-67,18,-6,1]
[625,225,41,9,1]
[729,324,-18,-40,-2,4,1]
[15625,2500,284,20,1]
[4096,-1280,608,-119,38,-5,1]
[16384,768,-79,6,1]
[4096,256,29,4,1]
[4096,0,-128,33,-8,0,1]
[4096,-1536,208,5,13,-6,1]
[6561,1458,176,18,1]
[4096,768,416,103,26,3,1]
[16384,-2176,189,-17,1]
[256,-128,96,-56,21,-14,6,-2,1]
[4096,0,48,33,3,0,1]
[512,0,16,-25,2,0,1]
[256,-64,64,-32,11,-8,4,-1,1]
[4096,-768,192,-17,12,-3,1]
[4096,768,256,141,16,3,1]
[4096,-512,-96,89,-6,-2,1]
[16384,512,89,4,1]
[256,0,-32,-4,-7,-1,-2,0,1]
[256,0,80,-24,15,-6,5,0,1]
[256,64,16,-32,-23,-8,1,1,1]
[6561,0,113,0,1]
[15625,-1250,197,-10,1]
[256,128,80,48,35,12,5,2,1]
[4096,-1024,144,3,9,-4,1]
[4096,1024,-128,-73,-8,4,1]
[16384,-256,61,-2,1]
[4096,1280,512,125,32,5,1]
[4096,-768,16,-29,1,-3,1]
[256,128,32,20,25,5,2,2,1]
[256,64,64,-52,-13,-13,4,1,1]
[15625,1250,44,10,1]
[2401,490,115,10,1]
[625,100,-3,4,1]
[15625,-250,-121,-2,1]
[4096,-768,-32,59,-2,-3,1]
[4096,-1280,224,-19,14,-5,1]
[4096,576,131,9,1]
[15625,-500,111,-4,1]
[512,-256,112,-35,14,-4,1]
[256,0,48,40,-1,10,3,0,1]
[4096,-256,-176,67,-11,-1,1]
[256,128,-16,-12,3,-3,-1,2,1]
[4096,0,-48,-41,-3,0,1]
[4096,576,123,9,1]
[15625,375,206,3,1]
[4096,2048,928,233,58,8,1]
[4096,2304,736,193,46,9,1]
[4096,0,352,-27,22,0,1]
[14641,-121,76,-1,1]
[15625,-125,-89,-1,1]
[15625,-1750,131,-14,1]
[512,-256,96,-37,12,-4,1]
[14641,-2057,293,-17,1]
[4096,768,256,-11,16,3,1]
[16384,2944,355,23,1]
[15625,1375,122,11,1]
[4096,-384,37,-6,1]
[4096,-1024,336,-17,21,-4,1]
[4096,1024,240,45,15,4,1]
[4096,1024,272,43,17,4,1]
[256,-64,-80,-4,39,-1,-5,-1,1]
[15625,-1125,89,-9,1]
[256,192,16,40,49,10,1,3,1]
[14641,605,54,5,1]
[4096,-768,-112,129,-7,-3,1]
[256,-64,-48,0,27,0,-3,-1,1]
[4096,-1536,464,-95,29,-6,1]
[512,576,344,143,43,9,1]
[15625,-750,-102,-6,1]
[4096,0,112,-85,7,0,1]
[4096,-1280,304,-33,19,-5,1]
[4096,1280,304,81,19,5,1]
[256,-128,96,-44,21,-11,6,-2,1]
[4096,-256,352,-41,22,-1,1]
[4096,-1280,-160,125,-10,-5,1]
[256,128,-32,-36,-9,-9,-2,2,1]
[256,192,0,-36,-15,-9,0,3,1]
[15625,750,243,6,1]
[729,81,36,32,4,1,1]
[14641,-968,150,-8,1]
[256,-192,128,-48,25,-12,8,-3,1]
[729,81,-27,-14,-3,1,1]
[4096,-1792,512,-143,32,-7,1]
[15625,1625,157,13,1]
[6561,-2187,331,-27,1]
[14641,1089,-37,9,1]
[4096,1024,-96,-65,-6,4,1]
[4096,768,-64,-103,-4,3,1]
[15625,375,61,3,1]
[256,320,224,108,53,27,14,5,1]
[15625,2125,153,17,1]
[4096,256,16,-31,1,1,1]
[4096,0,-32,-75,-2,0,1]
[14641,-2783,359,-23,1]
[729,81,72,8,8,1,1]
[4096,-2560,928,-265,58,-10,1]
[4096,256,-48,-53,-3,1,1]
[256,192,16,-52,-35,-13,1,3,1]
[256,64,16,0,21,0,1,1,1]
[729,-162,135,-35,15,-2,1]
[14641,-726,166,-6,1]
[4096,-1024,-192,129,-12,-4,1]
[16384,0,-247,0,1]
[729,-81,18,23,2,-1,1]
[15625,-2375,283,-19,1]
[4096,-768,-32,9,-2,-3,1]
[256,-48,-1,-3,1]
[4096,256,96,-41,6,1,1]
[15625,2125,162,17,1]
[256,32,-11,2,1]
[15625,-250,-33,-2,1]
[15625,-375,129,-3,1]
[729,81,108,8,12,1,1]
[4096,1536,560,103,35,6,1]
[6561,324,76,4,1]
[729,162,153,35,17,2,1]
[4096,-768,-48,7,-3,-3,1]
[4096,0,-32,99,-2,0,1]
[4096,512,368,59,23,2,1]
[4096,-768,64,37,4,-3,1]
[729,-405,189,-52,21,-5,1]
[256,-192,176,-108,53,-27,11,-3,1]
[4096,-256,256,-19,16,-1,1]
[4096,1536,672,189,42,6,1]
[4096,-256,48,-5,3,-1,1]
[4096,896,131,14,1]
[256,64,-80,8,37,2,-5,1,1]
[4096,2304,560,101,35,9,1]
[15625,-1125,124,-9,1]
[14641,-726,191,-6,1]
[16384,3328,403,26,1]
[14641,-1452,159,-12,1]
[256,-128,96,-48,25,-12,6,-2,1]
[4096,256,224,97,14,1,1]
[4096,1024,432,85,27,4,1]
[14641,1331,250,11,1]
[16384,-4352,515,-34,1]
[14641,3751,446,31,1]
[4096,1792,256,29,16,7,1]
[256,-128,32,12,-1,3,2,-2,1]
[256,0,80,4,23,1,5,0,1]
[729,-81,63,-35,7,-1,1]
[14641,1936,221,16,1]
[256,64,-32,-12,-3,-3,-2,1,1]
[1024,-256,45,-8,1]
[4096,1792,512,143,32,7,1]
[15625,1250,218,10,1]
[14641,1815,131,15,1]
[4096,-512,224,-91,14,-2,1]
[14641,121,97,1,1]
[4096,-512,176,-11,11,-2,1]
[256,192,144,60,35,15,9,3,1]
[4096,2304,1120,303,70,9,1]
[14641,1210,117,10,1]
[256,64,32,-8,9,-2,2,1,1]
[2401,-343,44,-7,1]
[4096,512,336,93,21,2,1]
[512,256,56,11,7,4,1]
[256,-256,256,-160,93,-40,16,-4,1]
[4096,768,416,51,26,3,1]
[6561,-81,128,-1,1]
[4096,-768,112,-19,7,-3,1]
[4096,512,544,59,34,2,1]
[512,256,80,13,10,4,1]
[15625,1000,78,8,1]
[4096,-512,-16,-31,-1,-2,1]
[14641,-726,-94,-6,1]
[729,-81,90,-31,10,-1,1]
[256,64,-16,8,3,2,-1,1,1]
[15625,1875,281,15,1]
[256,256,208,132,79,33,13,4,1]
[4096,256,272,13,17,1,1]
[4096,-768,304,-75,19,-3,1]
[14641,1573,79,13,1]
[4096,2816,1216,359,76,11,1]
[14641,-1452,128,-12,1]
[4096,-1024,288,-87,18,-4,1]
[15625,-875,-17,-7,1]
[4096,2816,848,191,53,11,1]
[512,-192,104,-25,13,-3,1]
[729,405,234,82,26,5,1]
[256,0,0,24,3,6,0,0,1]
[4096,1024,240,3,15,4,1]
[729,-162,36,1,4,-2,1]
[256,64,0,-4,-7,-1,0,1,1]
[512,64,48,-19,6,1,1]
[4096,1280,160,-25,10,5,1]
[14641,-484,152,-4,1]
[14641,-1573,186,-13,1]
[14641,2420,229,20,1]
[256,0,-16,0,-9,0,-1,0,1]
[4096,-640,133,-10,1]
[4096,256,19,4,1]
[14641,363,-107,3,1]
[4096,-256,-64,-1,-4,-1,1]
[4096,-1280,128,29,8,-5,1]
[2401,245,82,5,1]
[4096,-1792,640,-201,40,-7,1]
[15625,625,116,5,1]
[4096,768,384,81,24,3,1]
[4096,-1792,784,-183,49,-7,1]
[4096,1536,592,141,37,6,1]
[256,-128,80,16,-1,4,5,-2,1]
[4096,-1792,752,-203,47,-7,1]
[4096,-512,288,-57,18,-2,1]
[2401,-441,83,-9,1]
[256,64,16,8,1,2,1,1,1]
[4096,512,336,31,21,2,1]
[4096,-512,-48,45,-3,-2,1]
[2401,49,61,1,1]
[14641,1210,100,10,1]
[256,-128,96,-4,9,-1,6,-2,1]
[4096,512,240,29,15,2,1]
[4096,-1280,272,-87,17,-5,1]
[4096,768,384,27,24,3,1]
[4096,512,288,17,18,2,1]
[16384,-640,205,-5,1]
[4096,1152,201,18,1]
[14641,-121,39,-1,1]
[729,-648,279,-91,31,-8,1]
[256,-192,48,48,-43,12,3,-3,1]
[4096,256,176,19,11,1,1]
[15625,2625,296,21,1]
[729,405,144,44,16,5,1]
[64,80,56,31,14,5,1]
[256,-128,128,-64,31,-16,8,-2,1]
[256,-128,0,24,-23,6,0,-2,1]
[6561,-405,85,-5,1]
[256,64,64,-4,7,-1,4,1,1]
[4096,1280,224,49,14,5,1]
[256,-128,64,-12,3,-3,4,-2,1]
[4096,1280,608,133,38,5,1]
[4096,0,528,-19,33,0,1]
[729,243,36,-20,4,3,1]
[4096,-512,560,-73,35,-2,1]
[14641,3630,448,30,1]
[4096,-512,-80,87,-5,-2,1]
[4096,512,624,45,39,2,1]
[4096,256,512,33,32,1,1]
[6561,-324,-5,-4,1]
[16384,1664,55,13,1]
[15625,1250,166,10,1]
[512,-192,-48,53,-6,-3,1]
[729,-162,-72,38,-8,-2,1]
[256,64,80,0,21,0,5,1,1]
[4096,-2560,1072,-309,67,-10,1]
[4096,-768,80,9,5,-3,1]
[256,192,112,32,15,8,7,3,1]
[4096,1536,480,123,30,6,1]
[4096,1792,528,131,33,7,1]
[14641,-484,69,-4,1]
[625,25,-6,1,1]
[4096,512,-32,-7,-2,2,1]
[256,-192,64,0,-3,0,4,-3,1]
[256,-320,128,0,-15,0,8,-5,1]
[15625,-125,-24,-1,1]
[16384,256,-99,2,1]
[729,-162,108,-37,12,-2,1]
[16384,384,43,3,1]
[4096,-640,113,-10,1]
[256,0,16,-16,-17,-4,1,0,1]
[4096,1280,160,11,10,5,1]
[6561,162,49,2,1]
[6561,243,-67,3,1]
[4096,-768,272,-9,17,-3,1]
[4096,-1536,656,-173,41,-6,1]
[4096,0,-96,29,-6,0,1]
[4096,2816,1104,307,69,11,1]
[6561,-1053,130,-13,1]
[4096,-1536,656,-189,41,-6,1]
[256,128,144,40,41,10,9,2,1]
[15625,1750,163,14,1]
[256,0,16,20,-9,5,1,0,1]
[14641,847,164,7,1]
[15625,-875,183,-7,1]
[4096,768,16,15,1,3,1]
[4096,1280,128,-45,8,5,1]
[4096,0,-16,-21,-1,0,1]
[6561,162,-71,2,1]
[4096,-256,-144,35,-9,-1,1]
[512,-320,224,-77,28,-5,1]
[4096,-256,176,23,11,-1,1]
[4096,768,-80,-35,-5,3,1]
[256,0,80,12,19,3,5,0,1]
[16384,-4096,491,-32,1]
[4096,1280,-48,-107,-3,5,1]
[4096,-1280,352,-139,22,-5,1]
[6561,-891,82,-11,1]
[4096,2304,832,235,52,9,1]
[512,-64,32,-19,4,-1,1]
[4096,-1024,-16,83,-1,-4,1]
[256,-320,352,-236,143,-59,22,-5,1]
[14641,1089,180,9,1]
[14641,-2299,217,-19,1]
[512,-384,176,-69,22,-6,1]
[729,-81,-4,-3,1]
[256,-128,48,36,-19,9,3,-2,1]
[14641,-726,204,-6,1]
[512,128,96,23,12,2,1]
[4096,-1280,48,33,3,-5,1]
[4096,-768,272,-67,17,-3,1]
[512,0,80,7,10,0,1]
[14641,-968,196,-8,1]
[15625,500,229,4,1]
[14641,242,-95,2,1]
[4096,768,-128,-35,-8,3,1]
[256,256,128,44,19,11,8,4,1]
[625,225,69,9,1]
[4096,1792,464,79,29,7,1]
[4096,768,112,27,7,3,1]
[4096,256,-144,-5,-9,1,1]
[4096,2304,160,-81,10,9,1]
[2401,-147,57,-3,1]
[4096,256,-48,53,-3,1,1]
[4096,2304,496,83,31,9,1]
[6561,0,13,0,1]
[256,-192,128,-84,45,-21,8,-3,1]
[4096,3840,1920,591,120,15,1]
[4096,-768,192,-35,12,-3,1]
[4096,-512,400,-67,25,-2,1]
[14641,-1331,29,-11,1]
[16384,3968,493,31,1]
[512,-320,-32,59,-4,-5,1]
[729,162,18,-8,2,2,1]
[512,-64,8,23,1,-1,1]
[256,0,-48,-4,-3,-1,-3,0,1]
[6561,0,-41,0,1]
[256,-64,96,-24,21,-6,6,-1,1]
[4096,-512,304,-59,19,-2,1]
[16384,-1792,185,-14,1]
[14641,242,-142,2,1]
[256,128,48,-44,-25,-11,3,2,1]
[4096,1280,-208,-165,-13,5,1]
[14641,-605,34,-5,1]
[729,135,37,5,1]
[4096,2816,1008,265,63,11,1]
[4096,512,224,49,14,2,1]
[6561,-162,67,-2,1]
[512,384,216,95,27,6,1]
[512,128,120,31,15,2,1]
[16384,256,41,2,1]
[4096,64,45,1,1]
[4096,-768,448,-37,28,-3,1]
[729,81,-72,-16,-8,1,1]
[6561,81,-32,1,1]
[15625,-1250,156,-10,1]
[6561,-648,41,-8,1]
[4096,-2048,736,-177,46,-8,1]
[14641,1089,241,9,1]
[15625,875,52,7,1]
[256,64,-48,-8,17,-2,-3,1,1]
[15625,-2750,326,-22,1]
[4096,-768,-128,121,-8,-3,1]
[14641,-484,91,-4,1]
[4096,-1024,288,-35,18,-4,1]
[256,64,32,-32,-3,-8,2,1,1]
[4096,-1792,864,-217,54,-7,1]
[4096,-256,-112,21,-7,-1,1]
[14641,1694,240,14,1]
[15625,-1375,216,-11,1]
[15625,-750,-12,-6,1]
[15625,-875,204,-7,1]
[6561,972,107,12,1]
[6561,-1215,208,-15,1]
[4096,0,96,-11,6,0,1]
[4096,512,64,-15,4,2,1]
[14641,3509,449,29,1]
[2401,245,66,5,1]
[4096,-768,208,-121,13,-3,1]
[512,256,224,65,28,4,1]
[4096,1024,-176,-133,-11,4,1]
[729,-162,-9,20,-1,-2,1]
[512,128,8,-17,1,2,1]
[729,81,36,20,4,1,1]
[14641,-1573,203,-13,1]
[4096,768,112,-53,7,3,1]
[15625,1750,98,14,1]
[4096,1024,448,93,28,4,1]
[729,162,144,20,16,2,1]
[4096,-2048,672,-177,42,-8,1]
[256,-128,96,-44,33,-11,6,-2,1]
[14641,-3146,343,-26,1]
[729,-81,63,-1,7,-1,1]
[16384,1280,75,10,1]
[4096,-448,43,-7,1]
[14641,968,117,8,1]
[4096,-1024,464,-125,29,-4,1]
[4096,0,384,-1,24,0,1]
[4096,-1792,784,-187,49,-7,1]
[256,-256,112,-12,-9,-3,7,-4,1]
[15625,-1125,196,-9,1]
[4096,0,208,63,13,0,1]
[256,448,464,348,197,87,29,7,1]
[256,128,64,40,11,10,4,2,1]
[4096,1024,352,29,22,4,1]
[4096,-256,192,29,12,-1,1]
[4096,1024,224,35,14,4,1]
[15625,-375,-163,-3,1]
[4096,-2048,544,-141,34,-8,1]
[2401,-588,114,-12,1]
[4096,768,163,12,1]
[15625,3125,321,25,1]
[256,-64,96,-40,21,-10,6,-1,1]
[4096,-256,48,-57,3,-1,1]
[14641,1815,170,15,1]
[2401,294,100,6,1]
[729,-81,-27,-1,-3,-1,1]
[15625,0,187,0,1]
[4096,-1024,64,37,4,-4,1]
[4096,-2304,464,-61,29,-9,1]
[16384,0,147,0,1]
[14641,1936,236,16,1]
[256,192,96,32,9,8,6,3,1]
[4096,-256,400,7,25,-1,1]
[256,64,64,20,23,5,4,1,1]
[14641,-847,202,-7,1]
[4096,448,99,7,1]
[15625,-1000,-23,-8,1]
[256,128,144,68,43,17,9,2,1]
[16384,-256,11,-2,1]
[16384,256,5,2,1]
[256,64,48,4,3,1,3,1,1]
[14641,-726,36,-6,1]
[256,-64,80,36,-1,9,5,-1,1]
[256,-256,112,-48,25,-12,7,-4,1]
[4096,-512,-32,-39,-2,-2,1]
[14641,1452,116,12,1]
[4096,3328,1440,417,90,13,1]
[4096,-256,-96,39,-6,-1,1]
[4096,768,448,115,28,3,1]
[4096,-2304,464,-69,29,-9,1]
[14641,-1452,171,-12,1]
[4096,1280,208,59,13,5,1]
[512,-256,88,-21,11,-4,1]
[6561,-2106,308,-26,1]
[256,-256,288,-184,111,-46,18,-4,1]
[256,320,288,172,97,43,18,5,1]
[4096,1792,384,51,24,7,1]
[16384,0,7,0,1]
[14641,-968,247,-8,1]
[512,512,312,133,39,8,1]
[15625,-1750,68,-14,1]
[4096,-256,112,9,7,-1,1]
[14641,-363,-171,-3,1]
[4096,-1792,608,-197,38,-7,1]
[512,128,-32,-25,-4,2,1]
[4096,-1280,32,71,2,-5,1]
[729,243,-27,-32,-3,3,1]
[4096,-1792,704,-155,44,-7,1]
[256,320,144,4,-17,1,9,5,1]
[14641,2178,158,18,1]
[729,-648,279,-94,31,-8,1]
[14641,1210,7,10,1]
[4096,2048,880,221,55,8,1]
[729,-243,63,-19,7,-3,1]
[729,0,27,-13,3,0,1]
[4096,512,32,45,2,2,1]
[729,405,180,83,20,5,1]
[256,128,176,48,51,12,11,2,1]
[4096,1536,240,35,15,6,1]
[16384,640,145,5,1]
[4096,-256,144,67,9,-1,1]
[2401,147,15,3,1]
[4096,-1792,0,105,0,-7,1]
[14641,1331,78,11,1]
[256,-64,32,0,15,0,2,-1,1]
[4096,256,-112,-89,-7,1,1]
[729,162,36,32,4,2,1]
[4096,-256,464,-49,29,-1,1]
[14641,726,191,6,1]
[512,192,96,31,12,3,1]
[14641,-2904,310,-24,1]
[4096,768,448,113,28,3,1]
[4096,-512,64,-21,4,-2,1]
[16384,1152,205,9,1]
[14641,242,222,2,1]
[4096,-2304,816,-235,51,-9,1]
[4096,1280,240,9,15,5,1]
[14641,1936,189,16,1]
[15625,-2000,166,-16,1]
[2401,-294,-12,-6,1]
[6561,1620,251,20,1]
[4096,2304,896,281,56,9,1]
[512,128,64,37,8,2,1]
[729,81,56,3,1]
[15625,-250,229,-2,1]
[15625,-2750,281,-22,1]
[4096,-768,-48,87,-3,-3,1]
[64,48,32,17,8,3,1]
[4096,-1024,-64,39,-4,-4,1]
[15625,3750,469,30,1]
[14641,-363,-133,-3,1]
[15625,2250,286,18,1]
[256,0,-128,0,47,0,-8,0,1]
[512,384,256,93,32,6,1]
[256,128,64,-8,-9,-2,4,2,1]
[4096,-512,-112,67,-7,-2,1]
[729,-162,99,-22,11,-2,1]
[14641,121,-153,1,1]
[4096,-512,16,47,1,-2,1]
[15625,-1250,34,-10,1]
[256,-128,80,-12,9,-3,5,-2,1]
[4096,1024,-80,-111,-5,4,1]
[4096,1024,352,47,22,4,1]
[15625,-750,107,-6,1]
[14641,2178,313,18,1]
[4096,-1024,64,55,4,-4,1]
[4096,3072,1296,369,81,12,1]
[15625,-3375,382,-27,1]
[2401,-196,-4,-4,1]
[256,256,208,112,57,28,13,4,1]
[729,-405,180,-67,20,-5,1]
[16384,-1536,23,-12,1]
[4096,0,32,-59,2,0,1]
[256,-192,128,-44,23,-11,8,-3,1]
[4096,-1792,752,-217,47,-7,1]
[15625,-125,-143,-1,1]
[729,324,153,76,17,4,1]
[14641,121,155,1,1]
[4096,1792,608,157,38,7,1]
[256,-320,240,-128,61,-32,15,-5,1]
[6561,-2025,295,-25,1]
[256,-128,128,-52,45,-13,8,-2,1]
[4096,-1280,352,-133,22,-5,1]
[4096,-1536,560,-197,35,-6,1]
[4096,-512,512,-43,32,-2,1]
[14641,484,-94,4,1]
[4096,-256,-144,71,-9,-1,1]
[4096,-256,160,-109,10,-1,1]
[16384,-256,-25,-2,1]
[4096,128,47,2,1]
[4096,-1280,203,-20,1]
[729,243,54,-4,6,3,1]
[14641,-726,-95,-6,1]
[6561,1215,217,15,1]
[4096,3072,1104,293,69,12,1]
[14641,1331,226,11,1]
[256,64,16,-12,-13,-3,1,1,1]
[256,256,224,148,81,37,14,4,1]
[4096,1792,240,5,15,7,1]
[6561,0,158,0,1]
[4096,2048,800,209,50,8,1]
[4096,-1280,528,-157,33,-5,1]
[256,-192,0,48,-31,12,0,-3,1]
[15625,-2500,299,-20,1]
[256,64,80,-12,9,-3,5,1,1]
[256,0,-96,4,33,1,-6,0,1]
[14641,242,227,2,1]
[256,192,80,-28,-23,-7,5,3,1]
[4096,0,352,-3,22,0,1]
[15625,-2375,183,-19,1]
[4096,512,32,69,2,2,1]
[4096,-1280,336,-95,21,-5,1]
[4096,256,16,-71,1,1,1]
[15625,-1875,191,-15,1]
[512,128,56,41,7,2,1]
[2401,882,155,18,1]
[2401,490,82,10,1]
[4096,-768,-96,87,-6,-3,1]
[256,192,32,16,17,4,2,3,1]
[16384,128,-113,1,1]
[729,-162,72,-7,8,-2,1]
[4096,0,208,65,13,0,1]
[14641,1331,182,11,1]
[256,64,80,-28,5,-7,5,1,1]
[4096,768,-144,-111,-9,3,1]
[729,162,27,-14,3,2,1]
[64,-3,1]
[256,0,-16,12,7,3,-1,0,1]
[256,-256,176,-88,41,-22,11,-4,1]
[4096,-1536,288,-23,18,-6,1]
[16384,384,-161,3,1]
[15625,750,194,6,1]
[256,192,96,36,17,9,6,3,1]
[6561,486,47,6,1]
[4096,256,-48,-17,-3,1,1]
[6561,648,-17,8,1]
[4096,0,0,-91,0,0,1]
[14641,1331,217,11,1]
[729,-162,63,-40,7,-2,1]
[256,-128,16,0,1,0,1,-2,1]
[4096,-1024,336,-65,21,-4,1]
[4096,1024,-64,-95,-4,4,1]
[16384,2048,263,16,1]
[4096,1280,112,19,7,5,1]
[729,-81,90,13,10,-1,1]
[4096,-3328,1568,-467,98,-13,1]
[256,-192,160,-72,43,-18,10,-3,1]
[4096,-1280,384,-63,24,-5,1]
[16384,128,-139,1,1]
[256,64,32,-32,-17,-8,2,1,1]
[4096,-1536,-48,111,-3,-6,1]
[4096,1024,-192,-153,-12,4,1]
[256,192,80,8,-7,2,5,3,1]
[256,320,304,196,111,49,19,5,1]
[512,0,128,-7,16,0,1]
[729,243,36,-2,4,3,1]
[256,-192,16,40,-27,10,1,-3,1]
[4096,-1024,272,-135,17,-4,1]
[4096,0,-16,115,-1,0,1]
[4096,-768,96,51,6,-3,1]
[256,-64,80,0,9,0,5,-1,1]
[2401,294,44,6,1]
[15625,-1000,53,-8,1]
[4096,2048,976,257,61,8,1]
[512,-320,32,19,4,-5,1]
[2401,-588,81,-12,1]
[4096,1536,480,135,30,6,1]
[15625,-2000,183,-16,1]
[256,0,16,-20,11,-5,1,0,1]
[4096,2048,640,157,40,8,1]
[4096,192,-11,3,1]
[4096,-256,-21,-4,1]
[729,-486,81,1,9,-6,1]
[4096,-1024,400,-65,25,-4,1]
[4096,-2304,928,-263,58,-9,1]
[4096,1024,208,-19,13,4,1]
[4096,0,-16,-17,-1,0,1]
[4096,1280,240,17,15,5,1]
[16384,2432,229,19,1]
[512,-192,112,-19,14,-3,1]
[4096,0,112,-3,7,0,1]
[4096,512,-16,-91,-1,2,1]
[15625,375,111,3,1]
[729,81,9,19,1,1,1]
[15625,-2500,294,-20,1]
[256,64,80,52,21,13,5,1,1]
[729,-162,-27,4,-3,-2,1]
[4096,-832,141,-13,1]
[4096,-192,-39,-3,1]
[15625,625,66,5,1]
[256,0,112,-36,25,-9,7,0,1]
[512,-64,88,-27,11,-1,1]
[4096,-1536,544,-157,34,-6,1]
[4096,768,-32,-67,-2,3,1]
[4096,-1280,32,35,2,-5,1]
[2401,637,108,13,1]
[16384,384,247,3,1]
[4096,1024,288,73,18,4,1]
[15625,-2875,283,-23,1]
[729,81,9,-16,1,1,1]
[256,-448,464,-340,191,-85,29,-7,1]
[14641,605,-15,5,1]
[4096,-256,-80,-33,-5,-1,1]
[14641,484,-104,4,1]
[4096,-512,400,-63,25,-2,1]
[14641,484,51,4,1]
[15625,125,119,1,1]
[14641,-484,89,-4,1]
[729,162,-27,-37,-3,2,1]
[4096,-256,368,21,23,-1,1]
[729,54,-4,2,1]
[4096,0,192,-33,12,0,1]
[2401,392,90,8,1]
[256,-192,96,12,-13,3,6,-3,1]
[729,-81,18,-41,2,-1,1]
[4096,-512,-128,9,-8,-2,1]
[4096,2048,736,227,46,8,1]
[4096,-1536,-96,131,-6,-6,1]
[15625,-2875,343,-23,1]
[256,128,144,56,47,14,9,2,1]
[2401,-245,40,-5,1]
[4096,-1792,368,-73,23,-7,1]
[4096,1280,160,-29,10,5,1]
[4096,-512,-144,25,-9,-2,1]
[4096,-2048,144,59,9,-8,1]
[15625,-2125,193,-17,1]
[4096,-2048,448,-65,28,-8,1]
[4096,-2048,736,-179,46,-8,1]
[15625,-1250,223,-10,1]
[6561,-162,-56,-2,1]
[4096,-1536,-240,187,-15,-6,1]
[14641,121,-31,1,1]
[16384,-128,41,-1,1]
[256,-64,-80,8,25,2,-5,-1,1]
[729,243,45,11,5,3,1]
[14641,-847,98,-7,1]
[2401,-147,94,-3,1]
[4096,256,352,57,22,1,1]
[4096,512,160,95,10,2,1]
[4096,1536,640,127,40,6,1]
[512,256,144,65,18,4,1]
[4096,256,224,77,14,1,1]
[4096,768,144,39,9,3,1]
[729,324,162,56,18,4,1]
[256,192,128,60,29,15,8,3,1]
[4096,3840,1632,463,102,15,1]
[4096,1024,272,19,17,4,1]
[4096,256,416,-15,26,1,1]
[64,0,8,3,2,0,1]
[256,-128,96,-80,33,-20,6,-2,1]
[4096,1280,352,133,22,5,1]
[14641,1694,215,14,1]
[14641,-1089,147,-9,1]
[6561,-1053,100,-13,1]
[4096,1024,224,61,14,4,1]
[14641,-484,106,-4,1]
[4096,768,0,-87,0,3,1]
[4096,1024,-48,-67,-3,4,1]
[4096,2048,1040,265,65,8,1]
[4096,512,-48,-89,-3,2,1]
[256,64,96,-12,13,-3,6,1,1]
[4096,-512,-96,129,-6,-2,1]
[256,-128,32,-4,-5,-1,2,-2,1]
[729,-162,81,7,9,-2,1]
[256,128,112,56,41,14,7,2,1]
[16384,-1024,-47,-8,1]
[15625,-125,21,-1,1]
[512,0,112,-7,14,0,1]
[4096,-1536,224,-23,14,-6,1]
[15625,-1125,53,-9,1]
[4096,-2304,816,-245,51,-9,1]
[4096,1536,259,24,1]
[16384,640,253,5,1]
[256,0,-16,0,-15,0,-1,0,1]
[4096,2048,-48,-153,-3,8,1]
[15625,-2500,207,-20,1]
[14641,-2420,261,-20,1]
[15625,-250,-46,-2,1]
[512,-256,216,-63,27,-4,1]
[4096,1536,336,97,21,6,1]
[256,64,64,20,11,5,4,1,1]
[15625,875,119,7,1]
[6561,891,109,11,1]
[1024,-96,11,-3,1]
[15625,-1500,232,-12,1]
[256,512,544,404,229,101,34,8,1]
[2401,-147,73,-3,1]
[729,-162,81,-7,9,-2,1]
[15625,2000,263,16,1]
[16384,512,165,4,1]
[729,567,252,94,28,7,1]
[729,-81,180,-20,20,-1,1]
[4096,-320,31,-5,1]
[15625,1500,29,12,1]
[729,0,108,-8,12,0,1]
[4096,-768,-160,103,-10,-3,1]
[512,320,88,25,11,5,1]
[4096,512,33,8,1]
[16384,768,123,6,1]
[4096,-768,256,-127,16,-3,1]
[4096,3072,1216,339,76,12,1]
[16384,-3072,393,-24,1]
[15625,-1625,288,-13,1]
[4096,-2048,544,-133,34,-8,1]
[4096,3328,1296,353,81,13,1]
[4096,-512,320,-47,20,-2,1]
[15625,3125,392,25,1]
[256,64,-16,8,23,2,-1,1,1]
[4096,1024,-80,-45,-5,4,1]
[256,-64,176,-56,57,-14,11,-1,1]
[4096,-512,96,-109,6,-2,1]
[256,-64,48,8,-5,2,3,-1,1]
[256,192,224,120,79,30,14,3,1]
[4096,-1024,64,1,4,-4,1]
[15625,500,-82,4,1]
[4096,-2048,752,-235,47,-8,1]
[4096,320,9,5,1]
[4096,768,16,-83,1,3,1]
[15625,-750,169,-6,1]
[256,192,176,120,57,30,11,3,1]
[256,320,304,212,121,53,19,5,1]
[256,64,144,20,43,5,9,1,1]
[256,-320,176,-44,9,-11,11,-5,1]
[256,0,80,-12,27,-3,5,0,1]
[625,25,17,1,1]
[256,64,0,-20,-5,-5,0,1,1]
[256,0,-16,12,17,3,-1,0,1]
[4096,-960,145,-15,1]
[4096,-768,224,1,14,-3,1]
[256,0,112,-24,23,-6,7,0,1]
[4096,-1792,688,-177,43,-7,1]
[4096,-256,448,-37,28,-1,1]
[15625,1875,149,15,1]
[256,-256,240,-152,85,-38,15,-4,1]
[15625,375,104,3,1]
[4096,1536,32,-73,2,6,1]
[4096,1536,256,51,16,6,1]
[64,-16,4,9,1,-1,1]
[15625,1125,159,9,1]
[256,448,400,244,127,61,25,7,1]
[14641,-3751,455,-31,1]
[256,128,80,56,19,14,5,2,1]
[4096,1792,656,147,41,7,1]
[16384,1024,39,8,1]
[512,192,-56,-53,-7,3,1]
[729,324,216,61,24,4,1]
[14641,484,-137,4,1]
[4096,768,-64,-19,-4,3,1]
[4096,-256,448,-39,28,-1,1]
[14641,1089,-20,9,1]
[256,64,-48,12,27,3,-3,1,1]
[14641,3388,423,28,1]
[15625,-3750,427,-30,1]
[4096,384,-11,6,1]
[4096,-256,5,-4,1]
[729,405,72,10,8,5,1]
[4096,3328,1536,461,96,13,1]
[15625,-3625,403,-29,1]
[512,192,16,-15,2,3,1]
[4096,1792,688,207,43,7,1]
[729,0,54,-1,6,0,1]
[6561,-1539,205,-19,1]
[4096,-256,144,-13,9,-1,1]
[15625,-4250,514,-34,1]
[4096,1024,656,125,41,4,1]
[14641,-3509,442,-29,1]
[512,384,192,71,24,6,1]
[64,-16,7,-2,1]
[4096,256,-48,9,-3,1,1]
[729,0,81,23,9,0,1]
[729,27,-41,1,1]
[4096,-256,64,-103,4,-1,1]
[4096,-1536,448,-71,28,-6,1]
[4096,-512,80,29,5,-2,1]
[512,-320,144,-59,18,-5,1]
[15625,1250,198,10,1]
[2401,245,-23,5,1]
[15625,2125,268,17,1]
[4096,512,48,71,3,2,1]
[6561,486,37,6,1]
[512,-128,-8,15,-1,-2,1]
[512,0,16,-15,2,0,1]
[256,64,16,-28,-23,-7,1,1,1]
[14641,-847,152,-7,1]
[512,-320,80,-11,10,-5,1]
[16384,0,-129,0,1]
[256,128,-16,-20,1,-5,-1,2,1]
[256,-192,128,-60,27,-15,8,-3,1]
[4096,2304,704,163,44,9,1]
[15625,500,-143,4,1]
[4096,-1280,528,-105,33,-5,1]
[14641,-484,-46,-4,1]
[4096,0,160,27,10,0,1]
[256,-192,192,-88,59,-22,12,-3,1]
[256,192,176,92,55,23,11,3,1]
[729,-405,153,-56,17,-5,1]
[256,-192,128,-92,51,-23,8,-3,1]
[15625,1000,-64,8,1]
[14641,2057,304,17,1]
[256,64,112,52,31,13,7,1,1]
[256,-128,176,-60,57,-15,11,-2,1]
[15625,-625,13,-5,1]
[4096,-1280,480,-127,30,-5,1]
[16384,1280,279,10,1]
[729,648,387,145,43,8,1]
[729,648,297,107,33,8,1]
[6561,162,146,2,1]
[4096,0,-128,-43,-8,0,1]
[14641,-2662,334,-22,1]
[729,-81,-27,38,-3,-1,1]
[729,-486,180,-55,20,-6,1]
[4096,512,105,8,1]
[14641,-605,-29,-5,1]
[4096,1536,416,73,26,6,1]
[2401,-98,18,-2,1]
[256,0,160,-8,51,-2,10,0,1]
[15625,-375,126,-3,1]
[15625,2750,291,22,1]
[2401,-245,80,-5,1]
[4096,-1536,416,-77,26,-6,1]
[4096,768,95,12,1]
[256,320,208,112,61,28,13,5,1]
[256,-192,64,0,-13,0,4,-3,1]
[256,-128,64,-48,25,-12,4,-2,1]
[4096,-2304,928,-275,58,-9,1]
[4096,1280,544,95,34,5,1]
[256,192,96,28,9,7,6,3,1]
[6561,-486,163,-6,1]
[125,-7,1]
[2401,343,4,7,1]
[15625,-1625,48,-13,1]
[15625,-125,-44,-1,1]
[512,384,168,67,21,6,1]
[256,64,32,-8,-7,-2,2,1,1]
[16384,-1024,183,-8,1]
[4096,256,240,59,15,1,1]
[4096,192,63,3,1]
[4096,2048,688,167,43,8,1]
[4096,-1536,261,-24,1]
[4096,-512,16,97,1,-2,1]
[729,81,-45,-10,-5,1,1]
[4096,2048,656,153,41,8,1]
[512,256,128,61,16,4,1]
[729,-405,153,-41,17,-5,1]
[625,-75,51,-3,1]
[729,-216,37,-8,1]
[256,320,352,236,143,59,22,5,1]
[4096,1280,368,141,23,5,1]
[256,-192,80,-8,1,-2,5,-3,1]
[4096,768,-144,-91,-9,3,1]
[16384,2048,235,16,1]
[4096,1024,304,29,19,4,1]
[729,-324,135,-68,15,-4,1]
[4096,512,-32,-71,-2,2,1]
[6561,-405,91,-5,1]
[4096,-1280,576,-117,36,-5,1]
[256,-256,176,-92,49,-23,11,-4,1]
[4096,-512,144,-97,9,-2,1]
[256,-384,352,-240,135,-60,22,-6,1]
[4096,768,-176,-105,-11,3,1]
[729,162,153,28,17,2,1]
[4096,-512,-64,51,-4,-2,1]
[256,384,240,68,13,17,15,6,1]
[4096,1536,64,-45,4,6,1]
[4096,-4864,2640,-839,165,-19,1]
[15625,500,-118,4,1]
[4096,-768,48,29,3,-3,1]
[4096,-1536,208,-9,13,-6,1]
[15625,-2750,344,-22,1]
[4096,-1280,416,-153,26,-5,1]
[256,-64,0,28,-15,7,0,-1,1]
[4096,-1536,496,-131,31,-6,1]
[16384,0,143,0,1]
[14641,1573,151,13,1]
[15625,2000,173,16,1]
[15625,-2625,284,-21,1]
[15625,-1500,237,-12,1]
[256,128,0,-16,-1,-4,0,2,1]
[4096,1024,592,103,37,4,1]
[4096,-1024,256,3,16,-4,1]
[16384,640,239,5,1]
[729,-324,171,-73,19,-4,1]
[256,64,80,44,15,11,5,1,1]
[15625,-1000,64,-8,1]
[4096,-2816,1296,-373,81,-11,1]
[4096,-1536,288,-33,18,-6,1]
[14641,2299,272,19,1]
[16384,640,139,5,1]
[4096,2560,688,139,43,10,1]
[512,64,-16,-5,-2,1,1]
[256,64,144,52,41,13,9,1,1]
[2401,-245,53,-5,1]
[4096,-512,416,-11,26,-2,1]
[4096,-512,16,33,1,-2,1]
[14641,605,-17,5,1]
[15625,3000,382,24,1]
[4096,512,16,67,1,2,1]
[15625,-375,-158,-3,1]
[4096,-512,144,-37,9,-2,1]
[4096,0,96,87,6,0,1]
[256,64,112,8,31,2,7,1,1]
[4096,0,400,-1,25,0,1]
[16384,-384,-11,-3,1]
[256,64,80,28,19,7,5,1,1]
[256,0,48,28,1,7,3,0,1]
[14641,-2783,287,-23,1]
[14641,-726,228,-6,1]
[6561,81,-143,1,1]
[4096,-768,224,3,14,-3,1]
[4096,0,208,37,13,0,1]
[256,128,144,52,39,13,9,2,1]
[4096,-1280,-64,109,-4,-5,1]
[4096,-256,-16,115,-1,-1,1]
[4096,256,80,37,5,1,1]
[2401,196,-10,4,1]
[14641,1210,186,10,1]
[4096,512,-32,-3,-2,2,1]
[16384,-1024,-49,-8,1]
[4096,-768,32,-37,2,-3,1]
[729,324,162,62,18,4,1]
[14641,1573,245,13,1]
[4096,0,272,-9,17,0,1]
[16384,896,33,7,1]
[6561,81,76,1,1]
[729,162,81,56,9,2,1]
[4096,512,16,-63,1,2,1]
[4096,2304,848,217,53,9,1]
[729,81,72,-16,8,1,1]
[15625,-2375,196,-19,1]
[15625,-1250,32,-10,1]
[15625,2625,303,21,1]
[4096,-4352,2240,-699,140,-17,1]
[16384,1408,183,11,1]
[256,-128,32,-36,29,-9,2,-2,1]
[256,-128,112,-48,41,-12,7,-2,1]
[4096,1024,-32,-17,-2,4,1]
[4096,-768,240,-25,15,-3,1]
[4096,2048,352,31,22,8,1]
[512,64,-8,-27,-1,1,1]
[4096,1536,544,147,34,6,1]
[15625,750,22,6,1]
[4096,-1280,16,43,1,-5,1]
[4096,1024,624,105,39,4,1]
[256,320,304,208,121,52,19,5,1]
[4096,512,96,79,6,2,1]
[16384,-2560,265,-20,1]
[512,192,128,47,16,3,1]
[256,64,80,12,25,3,5,1,1]
[6561,810,149,10,1]
[4096,1024,464,107,29,4,1]
[4096,-1280,320,-71,20,-5,1]
[15625,375,251,3,1]
[729,-162,54,-2,6,-2,1]
[15625,1000,209,8,1]
[4096,1536,576,115,36,6,1]
[256,128,96,60,23,15,6,2,1]
[15625,-750,206,-6,1]
[16384,1408,241,11,1]
[512,-64,8,15,1,-1,1]
[4096,256,35,4,1]
[4096,-768,32,65,2,-3,1]
[4096,-1536,416,-71,26,-6,1]
[16384,1536,91,12,1]
[512,128,88,13,11,2,1]
[14641,-1452,135,-12,1]
[729,-81,72,-34,8,-1,1]
[64,-128,128,-79,32,-8,1]
[16384,2176,217,17,1]
[4096,256,32,-61,2,1,1]
[4096,256,176,49,11,1,1]
[4096,1536,608,193,38,6,1]
[4096,3328,1376,397,86,13,1]
[14641,-363,146,-3,1]
[15625,4250,532,34,1]
[729,-243,207,-46,23,-3,1]
[4096,-768,-176,119,-11,-3,1]
[4096,256,160,-45,10,1,1]
[729,-405,106,-15,1]
[4096,1024,128,-41,8,4,1]
[4096,-1280,448,-135,28,-5,1]
[256,0,16,16,-13,4,1,0,1]
[512,0,24,15,3,0,1]
[4096,768,256,1,16,3,1]
[256,-128,0,36,-19,9,0,-2,1]
[4096,-512,304,-19,19,-2,1]
[4096,256,176,55,11,1,1]
[4096,-448,83,-7,1]
[4096,-768,16,65,1,-3,1]
[4096,2048,496,109,31,8,1]
[256,-64,0,-12,3,-3,0,-1,1]
[256,-128,80,-24,21,-6,5,-2,1]
[14641,1815,196,15,1]
[4096,-512,112,-115,7,-2,1]
[256,0,-32,8,19,2,-2,0,1]
[4096,256,176,17,11,1,1]
[2401,-392,113,-8,1]
[4096,-1024,320,-85,20,-4,1]
[4096,-1280,144,27,9,-5,1]
[6561,-567,92,-7,1]
[6561,-972,82,-12,1]
[16384,2176,229,17,1]
[4096,-1536,576,-123,36,-6,1]
[256,-320,320,-200,117,-50,20,-5,1]
[4096,-768,-224,89,-14,-3,1]
[4096,-1024,-32,87,-2,-4,1]
[4096,768,96,7,6,3,1]
[4096,1536,592,165,37,6,1]
[15625,500,-79,4,1]
[256,0,64,4,31,1,4,0,1]
[14641,-1331,62,-11,1]
[4096,-768,544,-83,34,-3,1]
[4096,-1792,640,-141,40,-7,1]
[4096,-768,-80,43,-5,-3,1]
[4096,0,80,-21,5,0,1]
[4096,256,464,35,29,1,1]
[16384,-2304,155,-18,1]
[14641,-242,26,-2,1]
[729,81,198,14,22,1,1]
[2401,0,-43,0,1]
[6561,-405,19,-5,1]
[512,0,-24,1,-3,0,1]
[14641,-121,-174,-1,1]
[256,128,48,16,3,4,3,2,1]
[512,128,88,5,11,2,1]
[4096,1792,-128,-167,-8,7,1]
[256,128,48,40,29,10,3,2,1]
[256,320,304,200,117,50,19,5,1]
[14641,-242,82,-2,1]
[729,405,207,80,23,5,1]
[14641,847,-28,7,1]
[4096,2816,1136,321,71,11,1]
[6561,1701,238,21,1]
[4096,512,64,-9,4,2,1]
[256,-192,64,-4,1,-1,4,-3,1]
[4096,0,-144,-23,-9,0,1]
[15625,-2375,292,-19,1]
[4096,-768,416,-71,26,-3,1]
[14641,-242,56,-2,1]
[14641,-1089,174,-9,1]
[2401,196,5,4,1]
[4096,1536,544,145,34,6,1]
[14641,121,180,1,1]
[4096,1024,96,-13,6,4,1]
[256,-128,112,-64,39,-16,7,-2,1]
[4096,256,0,33,0,1,1]
[729,162,-72,-32,-8,2,1]
[729,-486,252,-107,28,-6,1]
[81,-13,1]
[4096,1024,-128,-115,-8,4,1]
[256,-64,-96,4,33,1,-6,-1,1]
[16384,-1152,97,-9,1]
[4096,1024,128,5,8,4,1]
[512,-320,136,-43,17,-5,1]
[6561,-891,47,-11,1]
[14641,-847,183,-7,1]
[4096,1536,512,163,32,6,1]
[512,64,-24,-29,-3,1,1]
[729,-243,54,-1,6,-3,1]
[4096,-1024,0,9,0,-4,1]
[4096,-512,368,-33,23,-2,1]
[4096,-2048,512,-95,32,-8,1]
[4096,1024,352,139,22,4,1]
[4096,1024,-48,-33,-3,4,1]
[256,0,96,-4,33,-1,6,0,1]
[4096,2304,1024,269,64,9,1]
[4096,2048,272,3,17,8,1]
[6561,-810,73,-10,1]
[6561,324,146,4,1]
[15625,-1375,98,-11,1]
[4096,-512,-128,39,-8,-2,1]
[16384,512,-77,4,1]
[256,192,176,120,61,30,11,3,1]
[4096,-768,320,-127,20,-3,1]
[6561,-486,119,-6,1]
[4096,512,464,69,29,2,1]
[4096,-512,256,-87,16,-2,1]
[14641,-3146,404,-26,1]
[4096,768,0,-5,0,3,1]
[256,-64,16,-32,15,-8,1,-1,1]
[256,64,128,28,47,7,8,1,1]
[625,200,64,8,1]
[14641,0,-191,0,1]
[14641,605,161,5,1]
[729,-243,81,-34,9,-3,1]
[64,0,8,11,2,0,1]
[625,150,14,6,1]
[4096,1024,448,101,28,4,1]
[4096,768,336,115,21,3,1]
[4096,-1024,128,-51,8,-4,1]
[512,384,200,83,25,6,1]
[625,50,23,2,1]
[15625,625,106,5,1]
[2401,1176,240,24,1]
[4096,512,64,-17,4,2,1]
[14641,-1452,248,-12,1]
[256,-64,64,-32,25,-8,4,-1,1]
[14641,-4114,525,-34,1]
[256,0,128,8,37,2,8,0,1]
[4096,-256,208,49,13,-1,1]
[15625,500,-27,4,1]
[729,-162,-45,29,-5,-2,1]
[4096,1280,272,39,17,5,1]
[2401,-294,96,-6,1]
[4096,-1280,0,83,0,-5,1]
[6561,486,-34,6,1]
[4096,-256,368,3,23,-1,1]
[256,-256,112,-16,-1,-4,7,-4,1]
[4096,1280,432,145,27,5,1]
[16384,-1664,245,-13,1]
[256,-128,80,-4,3,-1,5,-2,1]
[4096,0,-192,1,-12,0,1]
[256,128,32,-44,-29,-11,2,2,1]
[15625,-1500,253,-12,1]
[16384,-128,175,-1,1]
[16384,-5120,653,-40,1]
[256,128,48,-4,-3,-1,3,2,1]
[4096,2560,944,255,59,10,1]
[14641,3146,398,26,1]
[729,162,81,44,9,2,1]
[256,320,144,0,-23,0,9,5,1]
[256,-64,64,4,-1,1,4,-1,1]
[4096,2048,352,27,22,8,1]
[256,-256,192,-96,49,-24,12,-4,1]
[4096,768,272,111,17,3,1]
[16384,0,-239,0,1]
[4096,-512,192,41,12,-2,1]
[512,192,104,49,13,3,1]
[256,192,80,-20,-23,-5,5,3,1]
[4096,1792,80,-67,5,7,1]
[16384,-768,171,-6,1]
[15625,1250,76,10,1]
[256,-128,0,-28,33,-7,0,-2,1]
[4096,-768,127,-12,1]
[14641,-847,161,-7,1]
[4096,-256,80,73,5,-1,1]
[256,-256,160,-104,61,-26,10,-4,1]
[256,64,96,64,21,16,6,1,1]
[14641,0,-17,0,1]
[729,0,81,-5,9,0,1]
[4096,576,93,9,1]
[4096,-1792,480,-109,30,-7,1]
[14641,-242,29,-2,1]
[14641,-1936,233,-16,1]
[2401,343,76,7,1]
[256,0,64,-12,25,-3,4,0,1]
[729,-81,45,11,5,-1,1]
[4096,512,96,13,6,2,1]
[14641,1452,190,12,1]
[4096,512,-64,-53,-4,2,1]
[256,0,-16,-8,21,-2,-1,0,1]
[4096,1536,-80,-131,-5,6,1]
[15625,-1750,166,-14,1]
[15625,-375,188,-3,1]
[512,-128,72,-33,9,-2,1]
[256,-128,128,-60,37,-15,8,-2,1]
[256,0,16,24,3,6,1,0,1]
[729,-486,270,-107,30,-6,1]
[4096,-1792,576,-177,36,-7,1]
[256,-64,48,-8,-3,-2,3,-1,1]
[15625,-1250,61,-10,1]
[15625,750,51,6,1]
[729,243,90,16,10,3,1]
[729,405,90,19,10,5,1]
[256,192,192,124,63,31,12,3,1]
[4096,-768,128,37,8,-3,1]
[14641,-121,109,-1,1]
[4096,1792,624,137,39,7,1]
[4096,-512,-80,103,-5,-2,1]
[256,128,80,28,3,7,5,2,1]
[4096,-256,192,7,12,-1,1]
[4096,-512,-144,27,-9,-2,1]
[4096,768,464,41,29,3,1]
[14641,1089,250,9,1]
[256,0,0,4,-11,1,0,0,1]
[256,64,48,-8,-11,-2,3,1,1]
[256,0,-80,0,29,0,-5,0,1]
[4096,256,-64,63,-4,1,1]
[4096,768,-240,-101,-15,3,1]
[4096,2560,992,301,62,10,1]
[256,128,208,76,71,19,13,2,1]
[729,0,-36,-14,-4,0,1]
[4096,-4096,1968,-597,123,-16,1]
[4096,512,-80,-11,-5,2,1]
[4096,256,256,-33,16,1,1]
[4096,1536,256,5,16,6,1]
[16384,-256,-131,-2,1]
[16384,-1408,213,-11,1]
[14641,-484,163,-4,1]
[4096,1536,608,135,38,6,1]
[14641,-1331,237,-11,1]
[16384,-1152,-11,-9,1]
[6561,-81,143,-1,1]
[256,64,16,-20,-7,-5,1,1,1]
[4096,768,-16,-79,-1,3,1]
[16384,-384,205,-3,1]
[256,0,96,4,21,1,6,0,1]
[729,243,81,53,9,3,1]
[256,-128,96,-12,13,-3,6,-2,1]
[4096,-1280,544,-137,34,-5,1]
[16384,1152,-37,9,1]
[2401,-49,-51,-1,1]
[14641,605,237,5,1]
[4096,2816,992,257,62,11,1]
[4096,256,-48,-97,-3,1,1]
[64,0,0,15,0,0,1]
[4096,3328,1376,393,86,13,1]
[512,-256,128,-53,16,-4,1]
[4096,-1536,816,-179,51,-6,1]
[256,64,64,60,17,15,4,1,1]
[4096,1536,336,37,21,6,1]
[4096,2304,928,247,58,9,1]
[4096,3840,1728,511,108,15,1]
[14641,2904,380,24,1]
[14641,-2783,279,-23,1]
[729,-324,225,-62,25,-4,1]
[16,8,5,2,1]
[729,-567,270,-107,30,-7,1]
[4096,1536,512,87,32,6,1]
[4096,1024,112,-19,7,4,1]
[6561,81,77,1,1]
[14641,-2541,306,-21,1]
[15625,-375,63,-3,1]
[4096,-256,208,27,13,-1,1]
[15625,1875,192,15,1]
[729,-891,549,-220,61,-11,1]
[256,32,-9,2,1]
[16384,384,29,3,1]
[4096,3584,1728,529,108,14,1]
[4096,512,32,-85,2,2,1]
[4096,-768,-96,25,-6,-3,1]
[4096,-256,256,49,16,-1,1]
[64,-16,13,-2,1]
[729,243,-36,-40,-4,3,1]
[14641,2178,295,18,1]
[729,-162,-72,31,-8,-2,1]
[14641,0,208,0,1]
[4096,-1024,16,3,1,-4,1]
[4096,0,160,-21,10,0,1]
[4096,512,112,-43,7,2,1]
[256,-256,96,12,-21,3,6,-4,1]
[4096,-2048,944,-241,59,-8,1]
[4096,0,288,15,18,0,1]
[15625,1000,246,8,1]
[4096,512,32,61,2,2,1]
[4096,-1792,400,-103,25,-7,1]
[4096,-768,-96,29,-6,-3,1]
[4096,-128,119,-2,1]
[256,-64,80,-20,7,-5,5,-1,1]
[4096,-768,464,-107,29,-3,1]
[4096,-512,-224,79,-14,-2,1]
[4096,-2304,752,-195,47,-9,1]
[4096,2560,1168,327,73,10,1]
[4096,768,336,61,21,3,1]
[4096,256,256,83,16,1,1]
[14641,3146,410,26,1]
[16384,256,207,2,1]
[4096,-512,48,-67,3,-2,1]
[729,-162,108,-23,12,-2,1]
[14641,-1573,138,-13,1]
[256,-384,352,-232,125,-58,22,-6,1]
[15625,2000,254,16,1]
[4096,-768,-160,141,-10,-3,1]
[4096,-1536,416,-125,26,-6,1]
[4096,0,448,13,28,0,1]
[14641,2662,359,22,1]
[256,-192,80,-16,5,-4,5,-3,1]
[256,-64,32,4,-3,1,2,-1,1]
[4096,-256,-48,125,-3,-1,1]
[729,-243,63,-37,7,-3,1]
[256,-64,64,12,-1,3,4,-1,1]
[15625,4375,544,35,1]
[512,-448,224,-87,28,-7,1]
[256,-192,64,-8,-7,-2,4,-3,1]
[4096,512,368,33,23,2,1]
[4096,512,48,77,3,2,1]
[14641,242,235,2,1]
[4096,-256,224,-79,14,-1,1]
[16384,-4224,507,-33,1]
[4096,512,48,53,3,2,1]
[4096,1792,672,207,42,7,1]
[16384,1152,11,9,1]
[256,128,0,0,3,0,0,2,1]
[729,-486,216,-65,24,-6,1]
[256,192,160,80,53,20,10,3,1]
[729,-324,180,-55,20,-4,1]
[15625,1500,153,12,1]
[512,-128,40,13,5,-2,1]
[4096,2048,752,203,47,8,1]
[512,-320,144,-67,18,-5,1]
[512,256,144,61,18,4,1]
[4096,-768,-144,79,-9,-3,1]
[4096,256,448,59,28,1,1]
[4096,-1024,80,-33,5,-4,1]
[256,0,96,4,35,1,6,0,1]
[729,243,99,34,11,3,1]
[729,-162,9,32,1,-2,1]
[14641,2420,285,20,1]
[4096,1280,208,-7,13,5,1]
[14641,-3267,369,-27,1]
[4096,256,-96,-17,-6,1,1]
[256,0,32,-44,-1,-11,2,0,1]
[15625,4125,492,33,1]
[14641,-121,-12,-1,1]
[4096,-768,304,-73,19,-3,1]
[4096,-64,81,-1,1]
[729,-108,8,-4,1]
[256,-64,96,-72,17,-18,6,-1,1]
[4096,-256,144,-1,9,-1,1]
[16384,-2944,267,-23,1]
[729,-81,18,-37,2,-1,1]
[15625,-1375,209,-11,1]
[16384,3840,429,30,1]
[4096,1792,-192,-195,-12,7,1]
[256,0,0,-24,5,-6,0,0,1]
[15625,-1625,242,-13,1]
[256,-64,48,-16,7,-4,3,-1,1]
[256,192,128,44,27,11,8,3,1]
[4096,-3072,1344,-391,84,-12,1]
[4096,256,80,-25,5,1,1]
[256,192,112,36,17,9,7,3,1]
[512,320,32,-13,4,5,1]
[256,192,176,92,63,23,11,3,1]
[256,256,128,52,27,13,8,4,1]
[256,64,112,4,21,1,7,1,1]
[729,567,180,44,20,7,1]
[4096,2048,1024,259,64,8,1]
[14641,-363,230,-3,1]
[14641,1210,72,10,1]
[14641,-2541,266,-21,1]
[4096,512,128,39,8,2,1]
[14641,1573,178,13,1]
[16384,4480,547,35,1]
[256,-320,224,-156,93,-39,14,-5,1]
[14641,-363,98,-3,1]
[729,81,90,38,10,1,1]
[729,-567,306,-115,34,-7,1]
[256,448,464,344,197,86,29,7,1]
[6561,-324,50,-4,1]
[4096,2304,768,197,48,9,1]
[6561,-2511,401,-31,1]
[256,-320,176,-92,53,-23,11,-5,1]
[729,81,18,22,2,1,1]
[15625,-750,8,-6,1]
[15625,-875,174,-7,1]
[729,-162,-18,41,-2,-2,1]
[4096,-512,16,-3,1,-2,1]
[256,-64,80,-68,17,-17,5,-1,1]
[512,0,0,-29,0,0,1]
[4096,-512,112,17,7,-2,1]
[512,64,112,21,14,1,1]
[16384,-256,-147,-2,1]
[512,64,16,-3,2,1,1]
[15625,-125,162,-1,1]
[4096,256,544,45,34,1,1]
[14641,-484,-94,-4,1]
[4096,768,464,73,29,3,1]
[16384,1536,249,12,1]
[729,-324,162,-58,18,-4,1]
[4096,2816,1360,391,85,11,1]
[4096,1792,592,151,37,7,1]
[14641,-1936,155,-16,1]
[4096,-512,-96,53,-6,-2,1]
[4096,1280,256,13,16,5,1]
[729,-243,108,-43,12,-3,1]
[4096,2048,928,235,58,8,1]
[4096,512,-32,-29,-2,2,1]
[729,-243,-45,49,-5,-3,1]
[4096,2048,800,231,50,8,1]
[256,-64,96,-48,19,-12,6,-1,1]
[4096,-576,43,-9,1]
[4096,1024,-208,-145,-13,4,1]
[729,324,252,67,28,4,1]
[4096,-1280,432,-91,27,-5,1]
[729,0,27,35,3,0,1]
[16384,-1536,157,-12,1]
[4096,1024,192,95,12,4,1]
[4096,256,160,-69,10,1,1]
[15625,-1625,151,-13,1]
[4096,1792,736,171,46,7,1]
[4096,2304,976,253,61,9,1]
[512,256,96,39,12,4,1]
[256,-64,-80,16,11,4,-5,-1,1]
[256,-128,160,-76,51,-19,10,-2,1]
[4096,2048,320,29,20,8,1]
[256,-448,368,-200,97,-50,23,-7,1]
[4096,1280,736,143,46,5,1]
[15625,1250,46,10,1]
[14641,121,163,1,1]
[14641,605,134,5,1]
[2401,343,67,7,1]
[14641,1452,93,12,1]
[256,-64,-16,20,7,5,-1,-1,1]
[6561,567,85,7,1]
[2401,980,187,20,1]
[729,81,108,13,12,1,1]
[4096,-2304,608,-125,38,-9,1]
[14641,242,-131,2,1]
[4096,0,224,-69,14,0,1]
[729,243,90,28,10,3,1]
[256,-192,128,-76,45,-19,8,-3,1]
[4096,-1024,-80,67,-5,-4,1]
[256,-64,32,-20,-7,-5,2,-1,1]
[256,-320,160,-16,-13,-4,10,-5,1]
[4096,512,208,-11,13,2,1]
[4096,1792,688,173,43,7,1]
[4096,256,-112,-75,-7,1,1]
[6561,486,8,6,1]
[16384,-2944,273,-23,1]
[4096,-1536,48,69,3,-6,1]
[14641,-1694,76,-14,1]
[4096,256,352,15,22,1,1]
[4096,768,112,43,7,3,1]
[512,-448,160,-45,20,-7,1]
[6561,-729,176,-9,1]
[4096,1024,240,39,15,4,1]
[15625,2000,282,16,1]
[15625,2125,242,17,1]
[4096,0,352,9,22,0,1]
[1024,160,35,5,1]
[16384,0,247,0,1]
[15625,250,-184,2,1]
[256,64,-32,-20,-5,-5,-2,1,1]
[4096,512,-208,-71,-13,2,1]
[16384,256,-141,2,1]
[16384,-1920,117,-15,1]
[1024,-224,33,-7,1]
[15625,625,151,5,1]
[4096,1280,608,157,38,5,1]
[15625,0,234,0,1]
[16384,-1152,31,-9,1]
[729,-162,81,-40,9,-2,1]
[512,-128,56,-13,7,-2,1]
[14641,726,181,6,1]
[4096,1280,624,109,39,5,1]
[15625,375,-96,3,1]
[15625,-1375,231,-11,1]
[15625,750,26,6,1]
[15625,-750,74,-6,1]
[2401,392,68,8,1]
[729,243,162,56,18,3,1]
[4096,-1024,352,-45,22,-4,1]
[4096,1024,-144,-115,-9,4,1]
[4096,512,96,3,6,2,1]
[256,192,96,52,29,13,6,3,1]
[729,-81,27,-49,3,-1,1]
[16384,-3712,459,-29,1]
[4096,512,-64,-17,-4,2,1]
[4096,-1536,320,-41,20,-6,1]
[4096,4096,1952,591,122,16,1]
[14641,968,210,8,1]
[729,243,45,8,5,3,1]
[729,-405,162,-53,18,-5,1]
[4096,512,96,93,6,2,1]
[15625,1000,-62,8,1]
[14641,-2420,326,-20,1]
[16384,256,99,2,1]
[4096,2048,-80,-169,-5,8,1]
[256,-192,160,-104,57,-26,10,-3,1]
[4096,-1280,576,-141,36,-5,1]
[16384,-2048,255,-16,1]
[1024,96,33,3,1]
[729,-81,-27,-5,-3,-1,1]
[729,162,45,35,5,2,1]
[512,-128,136,-21,17,-2,1]
[14641,-484,46,-4,1]
[6561,486,13,6,1]
[4096,0,-16,-57,-1,0,1]
[16384,-2688,313,-21,1]
[4096,-1536,-208,185,-13,-6,1]
[14641,-1573,59,-13,1]
[15625,-2875,332,-23,1]
[14641,-121,193,-1,1]
[14641,-2541,290,-21,1]
[4096,1024,176,7,11,4,1]
[256,64,32,-24,-19,-6,2,1,1]
[4096,-1024,48,-1,3,-4,1]
[4096,2816,1104,309,69,11,1]
[4096,512,128,-65,8,2,1]
[16384,-3328,383,-26,1]
[16384,640,-73,5,1]
[4096,-320,-27,-5,1]
[4096,512,16,71,1,2,1]
[4096,-512,208,-83,13,-2,1]
[4096,256,-48,-87,-3,1,1]
[4096,512,-112,-49,-7,2,1]
[4096,-768,112,-61,7,-3,1]
[4096,256,144,-59,9,1,1]
[256,64,144,0,35,0,9,1,1]
[256,128,160,68,49,17,10,2,1]
[4096,-1792,576,-173,36,-7,1]
[2401,-147,-13,-3,1]
[15625,-625,48,-5,1]
[4096,-256,-32,-39,-2,-1,1]
[4096,1280,528,111,33,5,1]
[6561,1296,179,16,1]
[4096,2560,544,77,34,10,1]
[256,256,256,164,93,41,16,4,1]
[15625,-2000,186,-16,1]
[16384,256,221,2,1]
[15625,1750,74,14,1]
[4096,1024,-112,-123,-7,4,1]
[14641,-605,-59,-5,1]
[16,-4,1,-1,1]
[4096,192,31,3,1]
[14641,-726,233,-6,1]
[4096,256,0,27,0,1,1]
[4096,0,256,-27,16,0,1]
[256,0,-80,8,31,2,-5,0,1]
[4096,2048,544,103,34,8,1]
[4096,512,-80,-103,-5,2,1]
[16384,-256,-21,-2,1]
[14641,1936,175,16,1]
[6561,-648,112,-8,1]
[256,320,192,64,19,16,12,5,1]
[4096,1280,-192,-147,-12,5,1]
[4096,1536,624,127,39,6,1]
[729,-162,81,-34,9,-2,1]
[1024,-64,15,-2,1]
[256,128,96,12,17,3,6,2,1]
[15625,1250,213,10,1]
[729,-243,54,-10,6,-3,1]
[15625,250,4,2,1]
[15625,-1375,83,-11,1]
[4096,512,-16,-77,-1,2,1]
[14641,-363,10,-3,1]
[4096,512,240,19,15,2,1]
[16384,-2432,211,-19,1]
[4096,-1536,96,57,6,-6,1]
[15625,625,206,5,1]
[16384,384,207,3,1]
[4096,-768,-64,69,-4,-3,1]
[4096,-768,64,-5,4,-3,1]
[256,0,48,8,29,2,3,0,1]
[4096,-768,32,-45,2,-3,1]
[4096,1280,176,-19,11,5,1]
[729,162,117,13,13,2,1]
[15625,0,-69,0,1]
[15625,875,87,7,1]
[4096,256,224,-53,14,1,1]
[256,64,32,4,9,1,2,1,1]
[14641,1694,139,14,1]
[4096,-256,-112,87,-7,-1,1]
[14641,-2783,357,-23,1]
[14641,-121,-90,-1,1]
[4096,-512,-64,49,-4,-2,1]
[729,324,144,29,16,4,1]
[6561,81,2,1,1]
[256,-128,32,-44,35,-11,2,-2,1]
[4096,1024,304,113,19,4,1]
[256,64,64,44,7,11,4,1,1]
[4096,-3072,1168,-325,73,-12,1]
[4096,0,-144,47,-9,0,1]
[4096,-1536,160,7,10,-6,1]
[15625,-1750,179,-14,1]
[4096,-1280,96,37,6,-5,1]
[4096,-256,-80,11,-5,-1,1]
[14641,-121,188,-1,1]
[4096,512,32,47,2,2,1]
[4096,768,96,-61,6,3,1]
[4096,1792,496,93,31,7,1]
[729,162,9,17,1,2,1]
[15625,-4000,496,-32,1]
[256,-320,160,-20,-11,-5,10,-5,1]
[256,0,16,8,-19,2,1,0,1]
[14641,484,-97,4,1]
[729,405,9,-31,1,5,1]
[729,81,99,-8,11,1,1]
[4096,-2304,688,-153,43,-9,1]
[4096,-1792,304,-45,19,-7,1]
[256,64,16,4,19,1,1,1,1]
[256,-320,320,-224,127,-56,20,-5,1]
[4096,-1536,176,-21,11,-6,1]
[729,0,0,-44,0,0,1]
[16384,3328,387,26,1]
[15625,-2250,279,-18,1]
[16384,-1536,87,-12,1]
[6561,729,115,9,1]
[4096,3840,1904,585,119,15,1]
[16384,-1152,195,-9,1]
[4096,1536,416,89,26,6,1]
[14641,121,-213,1,1]
[14641,-121,71,-1,1]
[4096,0,80,-105,5,0,1]
[16384,-2304,273,-18,1]
[4096,-1280,592,-161,37,-5,1]
[4096,-256,0,-89,0,-1,1]
[4096,1536,384,83,24,6,1]
[256,192,64,4,-5,1,4,3,1]
[256,64,128,68,33,17,8,1,1]
[256,192,160,80,51,20,10,3,1]
[729,162,36,-26,4,2,1]
[4096,-768,-112,75,-7,-3,1]
[14641,242,39,2,1]
[729,-324,162,-40,18,-4,1]
[2401,98,-53,2,1]
[14641,1089,-36,9,1]
[4096,512,320,1,20,2,1]
[16384,384,251,3,1]
[4096,256,64,-39,4,1,1]
[4096,1792,-160,-179,-10,7,1]
[15625,1000,-42,8,1]
[6561,-2025,304,-25,1]
[15625,500,219,4,1]
[729,-567,216,-62,24,-7,1]
[4096,0,-32,-89,-2,0,1]
[4096,512,-176,-81,-11,2,1]
[4096,-768,272,-41,17,-3,1]
[729,135,20,5,1]
[15625,-500,-22,-4,1]
[4096,1024,133,16,1]
[256,192,96,24,11,6,6,3,1]
[256,0,0,4,-5,1,0,0,1]
[512,-192,112,-53,14,-3,1]
[4096,0,96,-13,6,0,1]
[14641,-1089,-25,-9,1]
[4096,-768,432,-93,27,-3,1]
[4096,-1024,656,-127,41,-4,1]
[4096,1280,496,103,31,5,1]
[6561,-648,104,-8,1]
[4096,1024,80,23,5,4,1]
[64,80,72,41,18,5,1]
[4096,-1024,432,-143,27,-4,1]
[4096,-512,96,-35,6,-2,1]
[4096,1536,384,101,24,6,1]
[4096,1280,320,31,20,5,1]
[729,-270,53,-10,1]
[256,0,80,8,9,2,5,0,1]
[4096,1024,448,105,28,4,1]
[4096,0,448,17,28,0,1]
[4096,-256,304,-11,19,-1,1]
[4096,768,208,-13,13,3,1]
[6561,-162,35,-2,1]
[15625,375,156,3,1]
[15625,-750,-72,-6,1]
[4096,1024,480,135,30,4,1]
[14641,484,108,4,1]
[16384,-384,151,-3,1]
[4096,512,-80,-25,-5,2,1]
[14641,-1210,101,-10,1]
[4096,-3328,1488,-443,93,-13,1]
[4096,-256,400,-37,25,-1,1]
[512,128,-16,-13,-2,2,1]
[4096,-768,128,9,8,-3,1]
[512,0,8,-21,1,0,1]
[4096,-256,-112,9,-7,-1,1]
[256,64,32,-8,-1,-2,2,1,1]
[4096,-1024,384,-83,24,-4,1]
[4096,2048,592,165,37,8,1]
[4096,-256,320,9,20,-1,1]
[256,128,80,32,13,8,5,2,1]
[14641,-2904,291,-24,1]
[4096,0,64,35,4,0,1]
[512,128,-48,-35,-6,2,1]
[4096,-512,384,-91,24,-2,1]
[16384,-896,-65,-7,1]
[512,64,56,35,7,1,1]
[4096,768,112,47,7,3,1]
[256,256,144,96,57,24,9,4,1]
[4096,768,416,101,26,3,1]
[729,-162,-45,23,-5,-2,1]
[1024,-160,5,-5,1]
[4096,-512,640,-55,40,-2,1]
[4096,256,192,17,12,1,1]
[14641,-242,-17,-2,1]
[729,243,189,37,21,3,1]
[4096,-768,16,55,1,-3,1]
[729,-648,351,-134,39,-8,1]
[729,0,-9,-8,-1,0,1]
[4096,-1024,304,-151,19,-4,1]
[15625,1625,257,13,1]
[4096,-1280,-128,97,-8,-5,1]
[256,64,112,36,35,9,7,1,1]
[4096,-2816,832,-191,52,-11,1]
[4096,-1280,384,-145,24,-5,1]
[729,-162,59,-6,1]
[14641,121,-117,1,1]
[4096,2048,640,151,40,8,1]
[256,64,-16,-16,-11,-4,-1,1,1]
[256,-256,208,-128,65,-32,13,-4,1]
[4096,512,304,81,19,2,1]
[256,-192,224,-100,73,-25,14,-3,1]
[15625,-1250,236,-10,1]
[729,243,144,28,16,3,1]
[4096,512,256,99,16,2,1]
[2401,-245,78,-5,1]
[512,192,160,43,20,3,1]
[512,128,16,-5,2,2,1]
[729,-81,36,-5,4,-1,1]
[512,64,8,-11,1,1,1]
[256,64,16,12,21,3,1,1,1]
[4096,512,352,25,22,2,1]
[256,-128,80,-52,23,-13,5,-2,1]
[4096,-2304,768,-207,48,-9,1]
[4096,-512,336,-99,21,-2,1]
[6561,405,148,5,1]
[4096,256,5,4,1]
[256,-64,16,-8,-1,-2,1,-1,1]
[4096,256,-144,23,-9,1,1]
[14641,-363,-27,-3,1]
[4096,1536,432,141,27,6,1]
[4096,0,96,85,6,0,1]
[256,128,80,40,31,10,5,2,1]
[15625,2500,346,20,1]
[256,256,160,48,19,12,10,4,1]
[4096,1280,192,59,12,5,1]
[2401,588,92,12,1]
[4096,2816,1136,343,71,11,1]
[2401,-147,31,-3,1]
[256,128,80,12,-1,3,5,2,1]
[4096,-768,256,-59,16,-3,1]
[256,128,16,12,17,3,1,2,1]
[64,-48,28,-19,7,-3,1]
[14641,-2178,316,-18,1]
[512,192,0,-7,0,3,1]
[4096,-256,80,-17,5,-1,1]
[729,-81,81,-28,9,-1,1]
[64,-32,0,5,0,-2,1]
[14641,-2541,346,-21,1]
[4096,-1024,528,-101,33,-4,1]
[4096,-2048,944,-245,59,-8,1]
[4096,-256,48,-3,3,-1,1]
[2401,-588,125,-12,1]
[256,-64,32,-20,-5,-5,2,-1,1]
[4096,2048,736,191,46,8,1]
[4096,-512,368,-47,23,-2,1]
[14641,726,58,6,1]
[512,-64,48,5,6,-1,1]
[4096,2816,1024,281,64,11,1]
[256,-192,64,28,-23,7,4,-3,1]
[15625,2750,279,22,1]
[16384,-1024,-15,-8,1]
[4096,1024,32,-71,2,4,1]
[256,-128,0,-28,29,-7,0,-2,1]
[729,162,144,31,16,2,1]
[4096,-512,208,13,13,-2,1]
[15625,2000,257,16,1]
[729,0,-45,1,-5,0,1]
[512,-64,24,3,3,-1,1]
[15625,375,211,3,1]
[256,-192,0,12,5,3,0,-3,1]
[4096,3584,1648,489,103,14,1]
[256,-64,32,8,-11,2,2,-1,1]
[256,-320,256,-156,85,-39,16,-5,1]
[15625,-500,-76,-4,1]
[14641,363,-53,3,1]
[729,-324,99,-20,11,-4,1]
[15625,-250,-109,-2,1]
[15625,1500,47,12,1]
[729,-405,270,-89,30,-5,1]
[4096,-512,16,73,1,-2,1]
[256,64,128,32,41,8,8,1,1]
[15625,-1000,112,-8,1]
[4096,256,32,33,2,1,1]
[4096,1024,-16,-57,-1,4,1]
[14641,2420,290,20,1]
[16384,512,-159,4,1]
[4096,1536,352,111,22,6,1]
[16384,-2176,191,-17,1]
[4096,-1024,-160,119,-10,-4,1]
[4096,-512,-80,-23,-5,-2,1]
[4096,-768,208,-3,13,-3,1]
[256,64,64,36,5,9,4,1,1]
[6561,1944,289,24,1]
[4096,-3072,1280,-371,80,-12,1]
[14641,-3388,420,-28,1]
[15625,625,-82,5,1]
[256,256,112,36,17,9,7,4,1]
[6561,-2025,307,-25,1]
[4096,2560,800,193,50,10,1]
[14641,-2420,252,-20,1]
[16384,1152,15,9,1]
[729,0,72,23,8,0,1]
[256,64,112,32,29,8,7,1,1]
[4096,1024,96,21,6,4,1]
[4096,256,240,89,15,1,1]
[4096,3584,1648,499,103,14,1]
[4096,1536,128,-19,8,6,1]
[15625,3125,394,25,1]
[15625,-2250,306,-18,1]
[512,384,208,73,26,6,1]
[15625,-500,-142,-4,1]
[4096,768,256,-15,16,3,1]
[4096,2048,640,139,40,8,1]
[15625,250,153,2,1]
[4096,-704,133,-11,1]
[729,-81,135,-26,15,-1,1]
[512,128,24,-19,3,2,1]
[14641,-1452,223,-12,1]
[14641,-1573,237,-13,1]
[4096,-256,224,-47,14,-1,1]
[4096,256,64,-69,4,1,1]
[4096,512,48,35,3,2,1]
[4096,192,23,3,1]
[4096,256,-48,17,-3,1,1]
[4096,256,272,33,17,1,1]
[14641,1089,175,9,1]
[4096,512,32,-65,2,2,1]
[256,-64,64,-36,27,-9,4,-1,1]
[4096,-832,143,-13,1]
[4096,512,464,73,29,2,1]
[256,-64,80,-56,13,-14,5,-1,1]
[4096,-1280,288,-75,18,-5,1]
[15625,-1875,286,-15,1]
[4096,768,256,13,16,3,1]
[16384,2688,241,21,1]
[6561,405,-47,5,1]
[729,162,27,2,3,2,1]
[256,0,16,-4,17,-1,1,0,1]
[256,-128,64,-44,41,-11,4,-2,1]
[16384,1152,115,9,1]
[256,96,29,6,1]
[729,162,27,-23,3,2,1]
[512,256,64,13,8,4,1]
[4096,-1024,-80,117,-5,-4,1]
[729,324,-54,-62,-6,4,1]
[15625,750,211,6,1]
[4096,512,-192,-45,-12,2,1]
[4096,256,32,87,2,1,1]
[15625,-875,66,-7,1]
[256,-64,16,-4,-17,-1,1,-1,1]
[512,0,48,29,6,0,1]
[4096,1024,-128,-103,-8,4,1]
[16384,-768,33,-6,1]
[512,-128,32,13,4,-2,1]
[125,-4,1]
[729,162,0,-1,0,2,1]
[4096,2560,1072,329,67,10,1]
[4096,-1024,80,-31,5,-4,1]
[256,64,48,-36,-9,-9,3,1,1]
[4096,512,480,43,30,2,1]
[4096,-320,111,-5,1]
[4096,768,-176,-115,-11,3,1]
[256,64,32,-28,-11,-7,2,1,1]
[2401,980,188,20,1]
[4096,2048,880,253,55,8,1]
[16384,1536,287,12,1]
[14641,-1815,249,-15,1]
[4096,-1536,240,-25,15,-6,1]
[15625,125,-61,1,1]
[4096,-1280,-224,171,-14,-5,1]
[15625,0,-54,0,1]
[16384,2816,355,22,1]
[4096,1024,448,95,28,4,1]
[4096,-768,448,-39,28,-3,1]
[4096,768,224,9,14,3,1]
[729,-81,0,-26,0,-1,1]
[512,-64,24,5,3,-1,1]
[4096,-256,64,-3,4,-1,1]
[4096,-1280,-32,73,-2,-5,1]
[14641,1089,108,9,1]
[14641,-484,50,-4,1]
[14641,-2662,250,-22,1]
[4096,-2560,848,-231,53,-10,1]
[256,128,96,64,27,16,6,2,1]
[729,162,-36,-29,-4,2,1]
[14641,-1452,227,-12,1]
[6561,486,20,6,1]
[4096,64,-13,1,1]
[512,-128,72,1,9,-2,1]
[2401,49,-83,1,1]
[4096,-1536,272,-53,17,-6,1]
[4096,-1536,848,-187,53,-6,1]
[15625,-3375,409,-27,1]
[4096,-1792,976,-227,61,-7,1]
[256,-64,96,-12,17,-3,6,-1,1]
[6561,405,67,5,1]
[729,0,45,19,5,0,1]
[256,0,96,-20,25,-5,6,0,1]
[729,81,45,43,5,1,1]
[256,192,48,44,37,11,3,3,1]
[256,192,32,-16,-9,-4,2,3,1]
[4096,256,80,-55,5,1,1]
[256,-64,48,0,7,0,3,-1,1]
[14641,-2783,294,-23,1]
[4096,512,304,29,19,2,1]
[4096,-256,-16,105,-1,-1,1]
[4096,-1280,480,-99,30,-5,1]
[16384,-256,193,-2,1]
[4096,1280,480,95,30,5,1]
[4096,-512,576,-67,36,-2,1]
[729,-324,90,-19,10,-4,1]
[4096,-256,64,-115,4,-1,1]
[729,-243,-63,49,-7,-3,1]
[4096,-1024,544,-85,34,-4,1]
[4096,-256,0,-37,0,-1,1]
[64,0,24,-1,6,0,1]
[4096,768,208,77,13,3,1]
[4096,-1024,176,17,11,-4,1]
[729,81,-63,-14,-7,1,1]
[15625,-125,-214,-1,1]
[15625,-1125,142,-9,1]
[4096,768,-32,13,-2,3,1]
[4096,192,27,3,1]
[4096,-512,-32,71,-2,-2,1]
[256,64,16,-36,-7,-9,1,1,1]
[15625,1000,-1,8,1]
[4096,1280,672,151,42,5,1]
[16384,2944,291,23,1]
[256,192,208,96,67,24,13,3,1]
[512,128,104,29,13,2,1]
[16384,1024,121,8,1]
[14641,363,57,3,1]
[4096,1024,176,27,11,4,1]
[4096,512,224,-37,14,2,1]
[6561,324,-29,4,1]
[15625,-2000,294,-16,1]
[4096,1792,80,-75,5,7,1]
[256,0,112,0,31,0,7,0,1]
[4096,256,-96,31,-6,1,1]
[4096,0,80,-101,5,0,1]
[4096,1280,432,171,27,5,1]
[4096,768,336,23,21,3,1]
[256,64,-48,-20,5,-5,-3,1,1]
[4096,1536,-80,-127,-5,6,1]
[4096,-256,-144,67,-9,-1,1]
[4096,-3584,1632,-487,102,-14,1]
[4096,-320,-1,-5,1]
[4096,2304,1008,271,63,9,1]
[6561,405,-2,5,1]
[256,128,48,-16,-15,-4,3,2,1]
[14641,-2662,260,-22,1]
[4096,2304,832,225,52,9,1]
[64,0,8,-1,2,0,1]
[4096,-512,272,-31,17,-2,1]
[4096,-1792,624,-145,39,-7,1]
[256,320,304,212,117,53,19,5,1]
[14641,2420,236,20,1]
[4096,768,-176,-57,-11,3,1]
[729,-162,126,-46,14,-2,1]
[4096,-512,-128,47,-8,-2,1]
[256,128,144,40,35,10,9,2,1]
[16384,-3072,377,-24,1]
[512,-64,112,-17,14,-1,1]
[256,-192,96,-64,35,-16,6,-3,1]
[15625,1375,53,11,1]
[4096,512,384,55,24,2,1]
[16384,-640,153,-5,1]
[256,-64,32,36,-17,9,2,-1,1]
[256,128,64,24,21,6,4,2,1]
[256,128,16,-40,-21,-10,1,2,1]
[4096,512,-192,-69,-12,2,1]
[256,64,-16,12,33,3,-1,1,1]
[14641,-2178,163,-18,1]
[729,-648,333,-124,37,-8,1]
[16384,384,-93,3,1]
[4096,-2048,592,-157,37,-8,1]
[4096,768,0,-79,0,3,1]
[729,0,0,46,0,0,1]
[4096,-256,272,-83,17,-1,1]
[512,-64,48,-33,6,-1,1]
[14641,-2783,333,-23,1]
[4096,-256,384,17,24,-1,1]
[729,0,14,0,1]
[15625,-250,107,-2,1]
[4096,-1024,-192,103,-12,-4,1]
[15625,-2750,311,-22,1]
[4096,-256,192,-21,12,-1,1]
[4096,-768,112,-49,7,-3,1]
[14641,-605,-82,-5,1]
[729,-162,72,-14,8,-2,1]
[512,256,160,59,20,4,1]
[14641,-1210,163,-10,1]
[4096,512,304,51,19,2,1]
[4096,-1280,416,-171,26,-5,1]
[4096,-1280,320,-121,20,-5,1]
[2401,392,26,8,1]
[256,-64,96,-56,19,-14,6,-1,1]
[4096,1792,400,75,25,7,1]
[15625,875,86,7,1]
[4096,768,144,57,9,3,1]
[14641,-1210,260,-10,1]
[15625,-1375,132,-11,1]
[15625,-250,132,-2,1]
[729,0,-18,-32,-2,0,1]
[14641,-242,46,-2,1]
[15625,-1875,254,-15,1]
[16384,-1280,199,-10,1]
[256,64,128,32,37,8,8,1,1]
[14641,484,-19,4,1]
[16384,3584,399,28,1]
[256,-64,0,0,-9,0,0,-1,1]
[256,-64,128,-16,33,-4,8,-1,1]
[256,0,80,-16,29,-4,5,0,1]
[4096,1536,304,77,19,6,1]
[256,0,-64,-8,11,-2,-4,0,1]
[729,405,108,25,12,5,1]
[625,350,96,14,1]
[4096,-256,256,-55,16,-1,1]
[64,48,36,17,9,3,1]
[256,256,128,28,3,7,8,4,1]
[512,0,80,13,10,0,1]
[4096,1792,576,191,36,7,1]
[256,-192,112,-52,13,-13,7,-3,1]
[625,-175,21,-7,1]
[4096,-768,48,3,3,-3,1]
[14641,2783,347,23,1]
[16384,1920,229,15,1]
[14641,726,97,6,1]
[16384,-768,17,-6,1]
[512,-192,160,-49,20,-3,1]
[16384,896,-67,7,1]
[4096,-1792,-48,125,-3,-7,1]
[256,256,256,156,91,39,16,4,1]
[729,81,90,11,10,1,1]
[14641,-1452,76,-12,1]
[4096,-2304,592,-117,37,-9,1]
[729,-162,126,-32,14,-2,1]
[256,-192,32,48,-37,12,2,-3,1]
[6561,-891,62,-11,1]
[4096,512,352,7,22,2,1]
[81,0,-11,0,1]
[256,-128,-32,16,7,4,-2,-2,1]
[64,-16,4,-1,1,-1,1]
[14641,-968,-30,-8,1]
[4096,768,32,-59,2,3,1]
[4096,1536,512,177,32,6,1]
[625,100,-6,4,1]
[6561,-1701,253,-21,1]
[4096,-512,400,-81,25,-2,1]
[256,320,192,80,33,20,12,5,1]
[4096,-512,448,-79,28,-2,1]
[2401,294,97,6,1]
[256,192,16,-44,-27,-11,1,3,1]
[729,-81,-36,10,-4,-1,1]
[4096,-1536,784,-183,49,-6,1]
[729,-81,1,-3,1]
[4096,2048,768,221,48,8,1]
[4096,-768,320,-75,20,-3,1]
[64,32,4,-7,1,2,1]
[4096,256,-80,-25,-5,1,1]
[729,567,324,128,36,7,1]
[4096,-768,-112,67,-7,-3,1]
[4096,1024,128,41,8,4,1]
[256,-128,64,-20,-3,-5,4,-2,1]
[14641,-3267,401,-27,1]
[4096,-2048,240,13,15,-8,1]
[6561,243,41,3,1]
[256,-128,0,-16,29,-4,0,-2,1]
[729,-243,117,-22,13,-3,1]
[4096,512,96,-35,6,2,1]
[14641,-1210,265,-10,1]
[729,-567,180,-43,20,-7,1]
[14641,-605,40,-5,1]
[4096,-3584,1552,-449,97,-14,1]
[256,192,112,76,39,19,7,3,1]
[4096,0,-112,-55,-7,0,1]
[256,-256,128,-24,-3,-6,8,-4,1]
[512,192,64,33,8,3,1]
[2401,-98,-46,-2,1]
[256,192,48,-40,-37,-10,3,3,1]
[14641,2299,216,19,1]
[16384,-128,-159,-1,1]
[4096,0,-64,-27,-4,0,1]
[14641,-605,-131,-5,1]
[14641,-363,134,-3,1]
[729,-243,9,7,1,-3,1]
[4096,-384,21,-6,1]
[16384,-3200,399,-25,1]
[2401,441,81,9,1]
[4096,-3840,1904,-587,119,-15,1]
[4096,-1024,640,-111,40,-4,1]
[256,64,0,4,11,1,0,1,1]
[15625,1250,151,10,1]
[6561,-567,19,-7,1]
[2401,98,-9,2,1]
[16384,3200,363,25,1]
[15625,2625,221,21,1]
[625,50,11,2,1]
[15625,500,88,4,1]
[4096,1024,320,95,20,4,1]
[14641,-726,-103,-6,1]
[4096,-256,-16,69,-1,-1,1]
[15625,-1750,196,-14,1]
[4096,-128,21,-2,1]
[16384,-384,173,-3,1]
[4096,1280,672,127,42,5,1]
[256,-192,48,-20,17,-5,3,-3,1]
[256,256,96,-24,-29,-6,6,4,1]
[14641,-605,-130,-5,1]
[4096,1536,304,83,19,6,1]
[256,-192,16,-24,33,-6,1,-3,1]
[729,-243,-63,44,-7,-3,1]
[4096,-768,161,-12,1]
[4096,-256,-112,-17,-7,-1,1]
[4096,768,448,77,28,3,1]
[14641,-363,-101,-3,1]
[4096,256,32,51,2,1,1]
[729,405,90,11,10,5,1]
[14641,-726,147,-6,1]
[14641,-605,114,-5,1]
[625,150,34,6,1]
[4096,1024,416,83,26,4,1]
[2401,-686,113,-14,1]
[256,0,160,-16,49,-4,10,0,1]
[4096,1024,256,45,16,4,1]
[14641,-1694,270,-14,1]
[729,243,54,-11,6,3,1]
[4096,512,16,-83,1,2,1]
[256,-64,144,-40,45,-10,9,-1,1]
[4096,-512,208,-5,13,-2,1]
[256,-256,240,-128,77,-32,15,-4,1]
[4096,704,115,11,1]
[14641,1331,48,11,1]
[729,-162,-45,25,-5,-2,1]
[512,192,-32,-47,-4,3,1]
[4096,-1280,640,-147,40,-5,1]
[256,-64,0,20,-3,5,0,-1,1]
[729,0,-18,14,-2,0,1]
[4096,-512,-128,121,-8,-2,1]
[729,324,99,47,11,4,1]
[4096,0,256,37,16,0,1]
[4096,768,448,79,28,3,1]
[729,324,144,43,16,4,1]
[4096,-1024,352,-81,22,-4,1]
[256,48,33,3,1]
[256,-128,112,-44,37,-11,7,-2,1]
[4096,1024,-176,-153,-11,4,1]
[15625,-125,19,-1,1]
[512,-192,32,-9,4,-3,1]
[16384,-1408,119,-11,1]
[256,-192,64,12,-25,3,4,-3,1]
[16384,-2688,333,-21,1]
[512,64,64,29,8,1,1]
[15625,1375,243,11,1]
[15625,-1125,169,-9,1]
[14641,-2783,343,-23,1]
[16384,1536,87,12,1]
[729,162,-54,-38,-6,2,1]
[16384,2688,305,21,1]
[6561,162,158,2,1]
[512,384,208,75,26,6,1]
[256,64,0,8,9,2,0,1,1]
[4096,2048,464,87,29,8,1]
[256,64,64,-16,3,-4,4,1,1]
[15625,-4250,527,-34,1]
[15625,2625,329,21,1]
[256,-128,0,16,-1,4,0,-2,1]
[4096,-1280,416,-59,26,-5,1]
[4096,1792,464,133,29,7,1]
[15625,2375,263,19,1]
[729,-324,18,23,2,-4,1]
[14641,-121,91,-1,1]
[729,324,72,17,8,4,1]
[1024,-224,41,-7,1]
[256,64,16,28,17,7,1,1,1]
[14641,363,212,3,1]
[4096,2048,416,73,26,8,1]
[4096,-512,352,-5,22,-2,1]
[15625,500,-28,4,1]
[4096,1024,320,33,20,4,1]
[512,-192,8,5,1,-3,1]
[256,-192,32,52,-43,13,2,-3,1]
[4096,0,80,-49,5,0,1]
[256,-128,80,24,-7,6,5,-2,1]
[256,128,80,40,23,10,5,2,1]
[15625,2250,288,18,1]
[4096,256,592,29,37,1,1]
[512,256,8,-19,1,4,1]
[15625,625,-73,5,1]
[256,192,96,48,31,12,6,3,1]
[729,-405,243,-86,27,-5,1]
[4096,-768,304,-117,19,-3,1]
[15625,-125,-63,-1,1]
[16384,128,-137,1,1]
[4096,1280,432,141,27,5,1]
[729,324,36,-13,4,4,1]
[256,-64,-64,0,31,0,-4,-1,1]
[14641,-1089,32,-9,1]
[64,16,-3,2,1]
[256,128,176,76,61,19,11,2,1]
[2401,98,3,2,1]
[14641,-1694,151,-14,1]
[4096,-2816,1200,-363,75,-11,1]
[15625,625,222,5,1]
[4096,-768,-16,-1,-1,-3,1]
[256,64,80,40,25,10,5,1,1]
[6561,891,49,11,1]
[4096,1792,528,97,33,7,1]
[4096,-192,-75,-3,1]
[16384,1792,273,14,1]
[4096,0,352,-23,22,0,1]
[16384,-1280,209,-10,1]
[256,128,160,76,51,19,10,2,1]
[256,-64,112,-12,31,-3,7,-1,1]
[4096,-768,96,-55,6,-3,1]
[256,-64,16,-16,13,-4,1,-1,1]
[729,162,81,37,9,2,1]
[512,-128,-24,25,-3,-2,1]
[15625,-1625,281,-13,1]
[14641,121,-9,1,1]
[15625,1125,27,9,1]
[256,-64,80,-56,11,-14,5,-1,1]
[4096,1280,-160,-133,-10,5,1]
[256,0,48,20,7,5,3,0,1]
[4096,-256,480,-7,30,-1,1]
[4096,2048,512,119,32,8,1]
[512,-128,-32,43,-4,-2,1]
[729,162,18,8,2,2,1]
[256,192,96,28,11,7,6,3,1]
[4096,-1536,576,-151,36,-6,1]
[729,-81,99,-22,11,-1,1]
[4096,-2048,656,-159,41,-8,1]
[16384,-512,49,-4,1]
[256,-64,-16,0,-3,0,-1,-1,1]
[14641,1089,255,9,1]
[16384,1664,295,13,1]
[14641,-2178,186,-18,1]
[14641,-847,-46,-7,1]
[6561,810,103,10,1]
[6561,162,-49,2,1]
[15625,-375,62,-3,1]
[4096,-512,-144,11,-9,-2,1]
[4096,1536,368,55,23,6,1]
[4096,2304,976,285,61,9,1]
[2401,196,30,4,1]
[729,-486,180,-62,20,-6,1]
[4096,2048,848,237,53,8,1]
[4096,-256,240,-55,15,-1,1]
[4096,640,39,10,1]
[14641,3267,377,27,1]
[4096,-2304,848,-227,53,-9,1]
[4096,64,15,1,1]
[15625,125,-142,1,1]
[14641,-363,18,-3,1]
[512,-384,232,-97,29,-6,1]
[256,0,64,-16,23,-4,4,0,1]
[4096,512,32,-25,2,2,1]
[4096,-1280,-32,77,-2,-5,1]
[6561,648,109,8,1]
[256,256,192,128,75,32,12,4,1]
[729,-405,207,-77,23,-5,1]
[15625,625,72,5,1]
[256,-128,64,-12,13,-3,4,-2,1]
[15625,3750,452,30,1]
[14641,-1694,72,-14,1]
[81,-27,8,-3,1]
[4096,-768,336,-9,21,-3,1]
[16384,1408,149,11,1]
[4096,2304,976,293,61,9,1]
[4096,-512,112,-11,7,-2,1]
[729,-648,387,-151,43,-8,1]
[512,-256,144,-53,18,-4,1]
[729,405,225,82,25,5,1]
[15625,1125,154,9,1]
[4096,-256,-128,-9,-8,-1,1]
[4096,-256,0,-39,0,-1,1]
[4096,1792,-32,-113,-2,7,1]
[256,-192,96,-56,31,-14,6,-3,1]
[256,-256,96,-8,-7,-2,6,-4,1]
[256,0,48,48,5,12,3,0,1]
[6561,81,-68,1,1]
[16384,-1024,107,-8,1]
[4096,-512,-64,19,-4,-2,1]
[4096,-256,-208,17,-13,-1,1]
[4096,2560,1040,287,65,10,1]
[4096,-2048,720,-219,45,-8,1]
[15625,2875,343,23,1]
[4096,768,32,-41,2,3,1]
[14641,726,67,6,1]
[4096,0,176,-23,11,0,1]
[14641,363,-19,3,1]
[4096,256,256,31,16,1,1]
[4096,1024,368,55,23,4,1]
[4096,-1536,448,-87,28,-6,1]
[14641,1210,203,10,1]
[4096,1280,240,65,15,5,1]
[4096,512,16,11,1,2,1]
[256,-128,-48,28,-1,7,-3,-2,1]
[4096,2816,1280,365,80,11,1]
[4096,512,416,31,26,2,1]
[729,0,-27,-7,-3,0,1]
[14641,605,101,5,1]
[4096,1280,256,93,16,5,1]
[4096,-768,208,7,13,-3,1]
[4096,-768,256,-85,16,-3,1]
[256,0,-96,-4,27,-1,-6,0,1]
[256,-256,240,-136,79,-34,15,-4,1]
[4096,512,16,-65,1,2,1]
[16384,-1664,151,-13,1]
[729,81,54,26,6,1,1]
[256,64,48,-44,-17,-11,3,1,1]
[1024,224,23,7,1]
[4096,-2560,656,-129,41,-10,1]
[256,256,112,68,45,17,7,4,1]
[64,32,36,11,9,2,1]
[729,162,-27,-25,-3,2,1]
[14641,2420,294,20,1]
[256,64,0,4,-9,1,0,1,1]
[15625,1375,149,11,1]
[4096,-256,112,-101,7,-1,1]
[15625,4000,503,32,1]
[4096,-1024,128,-39,8,-4,1]
[4096,-1024,240,-17,15,-4,1]
[4096,-1536,368,-51,23,-6,1]
[4096,1280,112,-33,7,5,1]
[4096,-256,448,-33,28,-1,1]
[729,-162,72,-49,8,-2,1]
[625,50,1,2,1]
[64,32,16,9,4,2,1]
[4096,1024,-96,-101,-6,4,1]
[4096,-1280,496,-147,31,-5,1]
[6561,648,85,8,1]
[256,-256,112,-28,5,-7,7,-4,1]
[15625,250,197,2,1]
[4096,-1024,208,-79,13,-4,1]
[729,162,63,11,7,2,1]
[4096,-1280,544,-97,34,-5,1]
[4096,-1536,272,-67,17,-6,1]
[14641,-2178,320,-18,1]
[256,-256,256,-148,91,-37,16,-4,1]
[256,256,160,92,49,23,10,4,1]
[14641,1089,161,9,1]
[625,-275,71,-11,1]
[4096,-512,-32,97,-2,-2,1]
[14641,484,-59,4,1]
[4096,0,688,1,43,0,1]
[14641,1573,234,13,1]
[14641,2541,247,21,1]
[15625,1625,144,13,1]
[4096,-256,48,-67,3,-1,1]
[6561,81,62,1,1]
[4096,1280,448,91,28,5,1]
[15625,-375,56,-3,1]
[14641,1694,248,14,1]
[256,-128,32,-32,17,-8,2,-2,1]
[1024,-128,57,-4,1]
[4096,-3072,1120,-295,70,-12,1]
[256,64,-32,-12,5,-3,-2,1,1]
[4096,512,-16,-13,-1,2,1]
[15625,-2375,212,-19,1]
[256,128,112,36,25,9,7,2,1]
[256,-64,80,8,13,2,5,-1,1]
[14641,2420,334,20,1]
[4096,256,-160,7,-10,1,1]
[15625,-375,-108,-3,1]
[2401,392,80,8,1]
[14641,3509,446,29,1]
[2401,686,144,14,1]
[4096,-256,112,79,7,-1,1]
[4096,-768,160,-27,10,-3,1]
[14641,-968,252,-8,1]
[4096,768,192,-35,12,3,1]
[4096,-1536,267,-24,1]
[14641,-484,-136,-4,1]
[256,-128,64,-4,-9,-1,4,-2,1]
[14641,-1210,248,-10,1]
[256,128,64,36,25,9,4,2,1]
[14641,968,-46,8,1]
[2401,637,87,13,1]
[1024,-224,75,-7,1]
[4096,-512,400,-3,25,-2,1]
[4096,768,-48,5,-3,3,1]
[4096,1024,176,85,11,4,1]
[14641,-1573,282,-13,1]
[4096,768,624,77,39,3,1]
[2401,-833,165,-17,1]
[16384,2560,269,20,1]
[1024,256,53,8,1]
[4096,256,64,-71,4,1,1]
[256,320,192,44,7,11,12,5,1]
[15625,0,-167,0,1]
[4096,3584,1728,525,108,14,1]
[14641,847,-21,7,1]
[14641,363,136,3,1]
[4096,-768,160,1,10,-3,1]
[256,-128,0,24,-15,6,0,-2,1]
[4096,768,0,-9,0,3,1]
[512,0,32,-9,4,0,1]
[14641,1452,225,12,1]
[4096,1536,816,181,51,6,1]
[16384,384,-109,3,1]
[16384,1920,247,15,1]
[512,-256,-56,65,-7,-4,1]
[2401,-196,67,-4,1]
[4096,2048,512,91,32,8,1]
[512,-192,56,1,7,-3,1]
[15625,-125,-204,-1,1]
[14641,-847,184,-7,1]
[4096,768,320,131,20,3,1]
[4096,-1536,496,-169,31,-6,1]
[4096,768,159,12,1]
[4096,-256,43,-4,1]
[4096,-1536,672,-189,42,-6,1]
[729,-162,-27,46,-3,-2,1]
[729,81,27,7,3,1,1]
[729,-324,189,-61,21,-4,1]
[729,-162,126,-14,14,-2,1]
[15625,-2000,119,-16,1]
[4096,-512,160,-85,10,-2,1]
[4096,3328,1616,481,101,13,1]
[16384,-896,81,-7,1]
[256,128,48,4,7,1,3,2,1]
[4096,1024,240,47,15,4,1]
[256,-384,352,-248,141,-62,22,-6,1]
[14641,-605,63,-5,1]
[6561,486,67,6,1]
[15625,500,53,4,1]
[4096,256,-160,-13,-10,1,1]
[4096,-1024,464,-71,29,-4,1]
[1024,64,51,2,1]
[256,256,144,68,29,17,9,4,1]
[4096,-1536,448,-89,28,-6,1]
[4096,768,16,-17,1,3,1]
[15625,-750,153,-6,1]
[256,-128,32,24,-21,6,2,-2,1]
[4096,1792,592,131,37,7,1]
[4096,-2048,656,-157,41,-8,1]
[4096,1536,416,135,26,6,1]
[4096,-512,123,-8,1]
[4096,1280,-208,-137,-13,5,1]
[4096,-2048,832,-227,52,-8,1]
[4096,1280,64,-35,4,5,1]
[729,0,-9,-46,-1,0,1]
[15625,-750,99,-6,1]
[4096,512,464,83,29,2,1]
[4096,256,192,87,12,1,1]
[256,384,336,224,123,56,21,6,1]
[729,81,90,8,10,1,1]
[4096,1536,528,99,33,6,1]
[4096,-448,-11,-7,1]
[4096,1280,672,143,42,5,1]
[4096,-1024,176,15,11,-4,1]
[4096,-512,464,-49,29,-2,1]
[14641,-2057,211,-17,1]
[16384,-128,-227,-1,1]
[512,-128,112,-25,14,-2,1]
[512,256,-56,-59,-7,4,1]
[4096,512,64,-31,4,2,1]
[512,-128,120,-19,15,-2,1]
[14641,-968,250,-8,1]
[14641,3025,310,25,1]
[729,-405,243,-82,27,-5,1]
[16384,512,-13,4,1]
[256,-64,32,0,7,0,2,-1,1]
[512,-128,64,-45,8,-2,1]
[256,64,-48,-8,3,-2,-3,1,1]
[4096,-1792,912,-223,57,-7,1]
[15625,-875,-1,-7,1]
[4096,-512,23,-8,1]
[64,-16,32,-9,8,-1,1]
[729,-81,18,-28,2,-1,1]
[14641,242,68,2,1]
[15625,-2500,231,-20,1]
[4096,256,-144,-79,-9,1,1]
[4096,-1024,336,-83,21,-4,1]
[4096,-1536,576,-169,36,-6,1]
[512,64,0,-21,0,1,1]
[729,243,117,14,13,3,1]
[15625,250,-36,2,1]
[14641,605,122,5,1]
[729,-486,243,-104,27,-6,1]
[14641,3267,406,27,1]
[4096,512,416,23,26,2,1]
[256,128,0,0,15,0,0,2,1]
[64,-16,8,5,2,-1,1]
[15625,-2250,278,-18,1]
[4096,512,-96,-71,-6,2,1]
[14641,726,-31,6,1]
[4096,832,151,13,1]
[4096,-768,416,-93,26,-3,1]
[15625,750,246,6,1]
[512,0,48,-17,6,0,1]
[256,0,176,20,55,5,11,0,1]
[729,0,0,-34,0,0,1]
[15625,2250,227,18,1]
[4096,1024,0,-35,0,4,1]
[4096,1792,288,43,18,7,1]
[6561,324,-47,4,1]
[4096,-768,-176,71,-11,-3,1]
[4096,0,96,49,6,0,1]
[14641,363,-13,3,1]
[1024,64,31,2,1]
[15625,-1125,129,-9,1]
[4096,-1792,576,-161,36,-7,1]
[729,324,108,41,12,4,1]
[4096,-768,240,-63,15,-3,1]
[14641,-1089,48,-9,1]
[4096,-2048,768,-221,48,-8,1]
[4096,768,-112,-99,-7,3,1]
[15625,500,114,4,1]
[6561,324,100,4,1]
[14641,121,-172,1,1]
[14641,-1815,250,-15,1]
[729,405,99,28,11,5,1]
[256,-64,16,-12,7,-3,1,-1,1]
[2401,588,78,12,1]
[16384,0,-111,0,1]
[4096,1280,672,139,42,5,1]
[729,405,207,70,23,5,1]
[16384,-256,71,-2,1]
[512,-64,-16,37,-2,-1,1]
[256,-128,128,-76,33,-19,8,-2,1]
[4096,-1280,272,-69,17,-5,1]
[729,81,-36,5,-4,1,1]
[6561,2187,334,27,1]
[16384,-3584,403,-28,1]
[2401,-196,89,-4,1]
[256,-128,-32,16,1,4,-2,-2,1]
[4096,-2048,880,-253,55,-8,1]
[4096,-1024,416,-59,26,-4,1]
[14641,-2541,278,-21,1]
[4096,512,192,123,12,2,1]
[4096,256,240,55,15,1,1]
[4096,-1024,288,-5,18,-4,1]
[4096,-768,192,-71,12,-3,1]
[4096,1280,592,149,37,5,1]
[4096,-640,39,-10,1]
[4096,1792,768,175,48,7,1]
[256,0,80,4,9,1,5,0,1]
[256,64,-80,-16,9,-4,-5,1,1]
[4096,0,224,7,14,0,1]
[14641,-363,-58,-3,1]
[4096,512,144,-59,9,2,1]
[4096,0,-80,-45,-5,0,1]
[4096,-1536,688,-167,43,-6,1]
[4096,2560,1040,323,65,10,1]
[729,405,27,-28,3,5,1]
[256,384,320,196,103,49,20,6,1]
[15625,1125,79,9,1]
[16384,-2816,271,-22,1]
[4096,1792,656,221,41,7,1]
[6561,-486,-50,-6,1]
[2401,294,61,6,1]
[729,-324,234,-67,26,-4,1]
[16384,-896,-39,-7,1]
[512,0,-16,33,-2,0,1]
[4096,1024,-16,-21,-1,4,1]
[4096,512,64,-23,4,2,1]
[4096,-256,352,-33,22,-1,1]
[1024,224,17,7,1]
[4096,-256,96,-11,6,-1,1]
[4096,256,416,17,26,1,1]
[4096,2560,896,239,56,10,1]
[4096,-128,-13,-2,1]
[729,-81,72,-41,8,-1,1]
[4096,-512,256,-115,16,-2,1]
[15625,625,107,5,1]
[4096,512,64,39,4,2,1]
[15625,1000,52,8,1]
[14641,121,19,1,1]
[729,81,18,29,2,1,1]
[14641,1452,174,12,1]
[4096,512,0,-29,0,2,1]
[14641,242,-197,2,1]
[4096,-1280,656,-161,41,-5,1]
[4096,-512,176,15,11,-2,1]
[4096,-512,-48,-23,-3,-2,1]
[4096,768,704,85,44,3,1]
[256,0,48,-24,5,-6,3,0,1]
[729,324,135,61,15,4,1]
[256,-256,176,-108,65,-27,11,-4,1]
[4096,1024,448,97,28,4,1]
[6561,1134,131,14,1]
[14641,484,-148,4,1]
[4096,1536,320,77,20,6,1]
[4096,-1280,304,-73,19,-5,1]
[16384,2944,325,23,1]
[4096,-256,113,-4,1]
[4096,-1792,928,-223,58,-7,1]
[15625,375,181,3,1]
[256,-128,96,-52,41,-13,6,-2,1]
[729,0,0,-43,0,0,1]
[4096,-256,32,-83,2,-1,1]
[4096,512,416,65,26,2,1]
[4096,512,240,-27,15,2,1]
[16384,-512,-163,-4,1]
[4096,-1024,336,-25,21,-4,1]
[4096,-256,496,-41,31,-1,1]
[15625,2000,179,16,1]
[512,-128,120,-25,15,-2,1]
[4096,768,400,63,25,3,1]
[256,0,32,8,15,2,2,0,1]
[4096,-1792,656,-193,41,-7,1]
[4096,0,112,91,7,0,1]
[512,256,24,-17,3,4,1]
[256,128,16,12,13,3,1,2,1]
[256,0,-16,12,23,3,-1,0,1]
[4096,-512,560,-69,35,-2,1]
[15625,-1250,68,-10,1]
[15625,2625,288,21,1]
[512,-64,72,-25,9,-1,1]
[16384,2048,121,16,1]
[4096,0,112,53,7,0,1]
[15625,2625,274,21,1]
[4096,256,208,19,13,1,1]
[4096,1280,448,89,28,5,1]
[15625,625,216,5,1]
[6561,810,29,10,1]
[6561,-162,76,-2,1]
[4096,-1024,-64,81,-4,-4,1]
[15625,-1875,86,-15,1]
[4096,1536,432,85,27,6,1]
[256,-64,-64,20,15,5,-4,-1,1]
[4096,512,-48,-29,-3,2,1]
[14641,1452,200,12,1]
[14641,242,-114,2,1]
[4096,-512,48,-31,3,-2,1]
[4096,-1024,320,-23,20,-4,1]
[729,-648,378,-151,42,-8,1]
[14641,2057,215,17,1]
[4096,256,-64,-81,-4,1,1]
[4096,256,656,31,41,1,1]
[4096,768,288,135,18,3,1]
[256,0,48,-12,-1,-3,3,0,1]
[256,-320,256,-136,71,-34,16,-5,1]
[512,0,32,5,4,0,1]
[16384,0,31,0,1]
[4096,-256,176,-73,11,-1,1]
[256,-64,16,-24,1,-6,1,-1,1]
[4096,256,-144,5,-9,1,1]
[512,128,16,-1,2,2,1]
[256,0,112,-12,27,-3,7,0,1]
[4096,-1024,-16,73,-1,-4,1]
[4096,768,144,99,9,3,1]
[14641,-726,128,-6,1]
[4096,3072,1360,393,85,12,1]
[4096,1792,688,177,43,7,1]
[14641,-242,19,-2,1]
[4096,2048,352,37,22,8,1]
[15625,1500,212,12,1]
[729,0,117,5,13,0,1]
[4096,-1280,512,-161,32,-5,1]
[256,384,288,172,93,43,18,6,1]
[729,243,18,2,2,3,1]
[16384,-512,31,-4,1]
[256,-192,144,-88,37,-22,9,-3,1]
[4096,1280,480,137,30,5,1]
[16384,-1280,-27,-10,1]
[4096,-1024,48,51,3,-4,1]
[4096,-2304,640,-155,40,-9,1]
[256,256,208,148,77,37,13,4,1]
[64,16,-8,-7,-2,1,1]
[15625,125,56,1,1]
[4096,768,192,127,12,3,1]
[14641,0,-100,0,1]
[6561,-648,172,-8,1]
[512,-128,120,-15,15,-2,1]
[4096,-512,-16,-7,-1,-2,1]
[16384,2176,287,17,1]
[4096,0,144,1,9,0,1]
[256,-256,240,-148,89,-37,15,-4,1]
[15625,1000,154,8,1]
[256,64,48,12,9,3,3,1,1]
[256,64,-112,-8,37,-2,-7,1,1]
[64,32,24,9,6,2,1]
[15625,-500,209,-4,1]
[4096,1792,736,179,46,7,1]
[729,-81,108,1,12,-1,1]
[4096,-2304,928,-247,58,-9,1]
[729,-648,369,-149,41,-8,1]
[4096,448,69,7,1]
[6561,-405,89,-5,1]
[4096,256,432,29,27,1,1]
[4096,0,16,-119,1,0,1]
[4096,-512,288,-47,18,-2,1]
[15625,875,172,7,1]
[4096,-1024,-192,113,-12,-4,1]
[4096,0,112,95,7,0,1]
[4096,-512,336,-13,21,-2,1]
[14641,-3993,508,-33,1]
[4096,-1280,304,-29,19,-5,1]
[4096,384,-5,6,1]
[15625,-1000,246,-8,1]
[729,-81,-45,17,-5,-1,1]
[729,-810,459,-175,51,-10,1]
[6561,-81,-119,-1,1]
[15625,375,-92,3,1]
[4096,768,147,12,1]
[4096,768,-48,-7,-3,3,1]
[256,64,-80,-12,23,-3,-5,1,1]
[256,64,128,8,33,2,8,1,1]
[4096,768,123,12,1]
[4096,768,-48,-71,-3,3,1]
[256,-128,32,-16,15,-4,2,-2,1]
[4096,-512,368,-3,23,-2,1]
[6561,-243,125,-3,1]
[256,-128,48,16,-11,4,3,-2,1]
[14641,121,216,1,1]
[4096,1280,240,1,15,5,1]
[4096,1024,336,151,21,4,1]
[256,-384,224,-32,-13,-8,14,-6,1]
[6561,-81,-55,-1,1]
[256,-192,48,28,-33,7,3,-3,1]
[16384,896,217,7,1]
[4096,512,208,-1,13,2,1]
[14641,1452,170,12,1]
[14641,121,169,1,1]
[729,0,99,-13,11,0,1]
[14641,-968,26,-8,1]
[4096,-1792,224,-13,14,-7,1]
[4096,-512,-128,27,-8,-2,1]
[14641,-1210,224,-10,1]
[256,64,-48,4,25,1,-3,1,1]
[14641,121,170,1,1]
[16384,1408,3,11,1]
[4096,-1792,720,-175,45,-7,1]
[4096,256,-16,-49,-1,1,1]
[15625,0,-196,0,1]
[729,-27,44,-1,1]
[4096,2560,1120,307,70,10,1]
[4096,-1792,272,-19,17,-7,1]
[16384,-256,-127,-2,1]
[729,-405,135,-37,15,-5,1]
[4096,1536,16,-91,1,6,1]
[256,-192,96,4,-9,1,6,-3,1]
[15625,-250,249,-2,1]
[6561,-324,-28,-4,1]
[4096,-512,448,-31,28,-2,1]
[4096,-1088,181,-17,1]
[2401,-784,156,-16,1]
[15625,125,-81,1,1]
[256,-256,224,-136,71,-34,14,-4,1]
[6561,-243,44,-3,1]
[4096,-512,-80,59,-5,-2,1]
[15625,-3125,387,-25,1]
[729,0,27,-5,3,0,1]
[729,-81,135,2,15,-1,1]
[4096,1792,512,155,32,7,1]
[256,-64,64,-48,13,-12,4,-1,1]
[4096,2048,608,175,38,8,1]
[4096,576,21,9,1]
[256,0,96,-12,33,-3,6,0,1]
[4096,-256,-48,-13,-3,-1,1]
[4096,2560,848,219,53,10,1]
[256,0,64,-8,13,-2,4,0,1]
[6561,1458,167,18,1]
[4096,768,400,99,25,3,1]
[4096,0,64,37,4,0,1]
[16384,-1664,153,-13,1]
[4096,-768,368,-15,23,-3,1]
[6561,-810,59,-10,1]
[14641,2904,289,24,1]
[6561,-648,-7,-8,1]
[256,64,112,28,25,7,7,1,1]
[256,192,48,-48,-39,-12,3,3,1]
[256,-64,160,-40,55,-10,10,-1,1]
[4096,256,64,17,4,1,1]
[14641,847,-69,7,1]
[256,-64,144,-24,39,-6,9,-1,1]
[512,-64,136,-7,17,-1,1]
[4096,-1280,304,-103,19,-5,1]
[4096,1024,-32,-95,-2,4,1]
[2401,-833,152,-17,1]
[4096,1280,528,163,33,5,1]
[4096,-1792,-32,113,-2,-7,1]
[4096,-3840,1856,-563,116,-15,1]
[729,-405,144,-44,16,-5,1]
[256,0,32,36,7,9,2,0,1]
[4096,-1536,512,-167,32,-6,1]
[729,-405,63,4,7,-5,1]
[4096,-768,432,-117,27,-3,1]
[6561,-648,154,-8,1]
[16384,2048,303,16,1]
[729,324,-36,-56,-4,4,1]
[15625,375,189,3,1]
[256,0,-16,-8,5,-2,-1,0,1]
[256,0,-32,-16,11,-4,-2,0,1]
[512,-384,176,-61,22,-6,1]
[4096,-768,304,-81,19,-3,1]
[729,0,0,37,0,0,1]
[4096,-1024,304,-29,19,-4,1]
[729,162,54,10,6,2,1]
[4096,-1024,64,-17,4,-4,1]
[4096,-256,208,43,13,-1,1]
[16384,1792,205,14,1]
[256,-192,80,-56,41,-14,5,-3,1]
[16384,3456,361,27,1]
[15625,-3000,347,-24,1]
[16384,1920,167,15,1]
[4096,768,352,47,22,3,1]
[4096,-768,256,-105,16,-3,1]
[6561,486,-11,6,1]
[256,0,80,-40,13,-10,5,0,1]
[4096,768,-16,-19,-1,3,1]
[4096,-2304,656,-163,41,-9,1]
[14641,-968,89,-8,1]
[256,64,-64,8,33,2,-4,1,1]
[256,64,0,12,29,3,0,1,1]
[4096,1024,512,129,32,4,1]
[256,256,128,20,-5,5,8,4,1]
[729,162,90,28,10,2,1]
[14641,-605,102,-5,1]
[256,-64,32,-4,-17,-1,2,-1,1]
[512,128,152,31,19,2,1]
[4096,-1536,128,27,8,-6,1]
[4096,1792,416,105,26,7,1]
[4096,512,128,-31,8,2,1]
[15625,1750,132,14,1]
[512,64,-16,-7,-2,1,1]
[16384,3328,423,26,1]
[4096,512,256,45,16,2,1]
[15625,1250,98,10,1]
[256,128,96,36,29,9,6,2,1]
[4096,-1792,416,-85,26,-7,1]
[4096,-256,608,-37,38,-1,1]
[4096,1280,112,-27,7,5,1]
[4096,-256,-45,-4,1]
[1024,-256,65,-8,1]
[4096,-1024,-192,117,-12,-4,1]
[4096,3072,1360,399,85,12,1]
[512,192,-24,-39,-3,3,1]
[16384,-1536,171,-12,1]
[256,-128,-64,0,33,0,-4,-2,1]
[729,162,-45,-32,-5,2,1]
[2401,-588,107,-12,1]
[16384,2304,187,18,1]
[14641,1815,142,15,1]
[4096,-1536,448,-135,28,-6,1]
[729,162,-36,-52,-4,2,1]
[14641,1210,125,10,1]
[729,0,0,31,0,0,1]
[4096,1024,592,133,37,4,1]
[4096,320,123,5,1]
[4096,-256,640,-35,40,-1,1]
[256,-64,32,36,-7,9,2,-1,1]
[256,128,80,20,21,5,5,2,1]
[14641,-1089,-19,-9,1]
[4096,-1536,656,-187,41,-6,1]
[4096,256,-48,-39,-3,1,1]
[4096,256,272,59,17,1,1]
[256,-128,32,-40,31,-10,2,-2,1]
[729,-243,126,-37,14,-3,1]
[14641,0,-180,0,1]
[4096,1536,512,133,32,6,1]
[4096,256,-16,35,-1,1,1]
[256,-128,48,44,-27,11,3,-2,1]
[4096,-1536,576,-167,36,-6,1]
[256,64,176,32,57,8,11,1,1]
[256,128,144,48,37,12,9,2,1]
[256,-128,48,-36,21,-9,3,-2,1]
[15625,750,163,6,1]
[4096,-1792,880,-209,55,-7,1]
[2401,343,25,7,1]
[4096,-1024,208,-11,13,-4,1]
[14641,-1089,69,-9,1]
[4096,1792,736,169,46,7,1]
[14641,-1210,207,-10,1]
[4096,-1024,368,-75,23,-4,1]
[4096,-2304,960,-287,60,-9,1]
[4096,-512,-112,35,-7,-2,1]
[256,-192,144,-76,39,-19,9,-3,1]
[4096,512,96,89,6,2,1]
[14641,847,2,7,1]
[4096,-2560,992,-267,62,-10,1]
[729,162,-18,-13,-2,2,1]
[4096,-512,144,-53,9,-2,1]
[2401,49,88,1,1]
[4096,768,128,43,8,3,1]
[4096,1536,368,45,23,6,1]
[4096,768,496,71,31,3,1]
[4096,512,224,25,14,2,1]
[14641,121,151,1,1]
[1024,-64,43,-2,1]
[15625,2125,313,17,1]
[4096,256,368,23,23,1,1]
[4096,256,112,29,7,1,1]
[14641,-1694,280,-14,1]
[512,-256,120,-53,15,-4,1]
[6561,243,-79,3,1]
[14641,-363,-157,-3,1]
[256,-64,-32,0,7,0,-2,-1,1]
[729,567,342,124,38,7,1]
[4096,-1536,-16,89,-1,-6,1]
[4096,768,80,-25,5,3,1]
[256,128,176,52,51,13,11,2,1]
[256,-128,16,20,-13,5,1,-2,1]
[4096,-256,320,11,20,-1,1]
[14641,1694,288,14,1]
[4096,2560,992,297,62,10,1]
[2401,392,53,8,1]
[4096,-512,-240,61,-15,-2,1]
[256,-96,33,-6,1]
[512,-256,136,-47,17,-4,1]
[729,-81,63,-10,7,-1,1]
[256,-192,128,-92,45,-23,8,-3,1]
[14641,-1452,178,-12,1]
[729,-567,225,-73,25,-7,1]
[16384,-1280,181,-10,1]
[4096,2560,992,283,62,10,1]
[4096,2304,832,253,52,9,1]
[4096,-2304,512,-93,32,-9,1]
[4096,768,160,67,10,3,1]
[256,448,416,276,151,69,26,7,1]
[4096,1536,608,191,38,6,1]
[4096,2048,1008,263,63,8,1]
[4096,1536,-160,-161,-10,6,1]
[16384,-1792,97,-14,1]
[4096,768,640,99,40,3,1]
[4096,-1280,704,-147,44,-5,1]
[729,0,-27,8,-3,0,1]
[4096,-768,288,-57,18,-3,1]
[14641,2541,303,21,1]
[729,-162,47,-6,1]
[14641,-1694,186,-14,1]
[4096,-1536,704,-149,44,-6,1]
[4096,1792,112,-51,7,7,1]
[729,162,135,34,15,2,1]
[4096,-1280,-208,155,-13,-5,1]
[14641,2178,157,18,1]
[4096,768,-192,-103,-12,3,1]
[4096,0,0,125,0,0,1]
[4096,-512,240,-101,15,-2,1]
[4096,1792,48,-73,3,7,1]
[15625,-1500,96,-12,1]
[4096,1536,784,175,49,6,1]
[4096,768,272,39,17,3,1]
[14641,0,-65,0,1]
[14641,3267,420,27,1]
[729,243,162,46,18,3,1]
[4096,256,240,47,15,1,1]
[256,128,-16,-20,-11,-5,-1,2,1]
[14641,2178,228,18,1]
[1024,32,17,1,1]
[512,-256,96,-21,12,-4,1]
[14641,-4719,620,-39,1]
[14641,847,-59,7,1]
[14641,1089,138,9,1]
[729,-162,9,35,1,-2,1]
[256,-64,0,28,-17,7,0,-1,1]
[4096,0,304,31,19,0,1]
[729,729,342,119,38,9,1]
[4096,1024,-144,-103,-9,4,1]
[4096,512,224,87,14,2,1]
[512,128,144,33,18,2,1]
[256,64,0,16,11,4,0,1,1]
[4096,0,-128,45,-8,0,1]
[14641,-605,130,-5,1]
[4096,64,-111,1,1]
[4096,256,-64,-59,-4,1,1]
[256,320,304,208,119,52,19,5,1]
[4096,-1536,144,11,9,-6,1]
[4096,-1024,544,-101,34,-4,1]
[729,810,486,193,54,10,1]
[256,-128,112,-72,35,-18,7,-2,1]
[16384,896,-47,7,1]
[6561,-648,25,-8,1]
[256,-128,0,-24,31,-6,0,-2,1]
[4096,1792,512,107,32,7,1]
[256,256,208,128,69,32,13,4,1]
[4096,-2816,880,-209,55,-11,1]
[729,-324,198,-49,22,-4,1]
[729,243,90,20,10,3,1]
[6561,1458,205,18,1]
[14641,-1573,48,-13,1]
[6561,-486,-44,-6,1]
[4096,512,368,61,23,2,1]
[4096,1280,416,127,26,5,1]
[256,-64,80,-12,15,-3,5,-1,1]
[729,243,9,-5,1,3,1]
[4096,1536,256,7,16,6,1]
[729,-324,207,-67,23,-4,1]
[4096,-1536,496,-149,31,-6,1]
[256,-64,0,12,7,3,0,-1,1]
[4096,-2304,720,-187,45,-9,1]
[256,-256,176,-108,55,-27,11,-4,1]
[4096,-1024,272,-19,17,-4,1]
[256,192,96,44,25,11,6,3,1]
[4096,256,-80,51,-5,1,1]
[729,-162,99,-16,11,-2,1]
[16384,-640,-49,-5,1]
[512,192,88,21,11,3,1]
[2401,441,101,9,1]
[2401,147,-25,3,1]
[4096,2304,624,141,39,9,1]
[14641,1452,109,12,1]
[16384,4608,561,36,1]
[4096,-1024,400,-55,25,-4,1]
[729,162,144,25,16,2,1]
[4096,2560,784,183,49,10,1]
[4096,0,416,-15,26,0,1]
[4096,-1024,256,-87,16,-4,1]
[256,-64,48,52,-13,13,3,-1,1]
[15625,-125,112,-1,1]
[729,-243,153,-31,17,-3,1]
[729,0,117,-7,13,0,1]
[4096,1024,160,35,10,4,1]
[4096,-256,176,-75,11,-1,1]
[256,-64,0,20,-25,5,0,-1,1]
[16384,512,67,4,1]
[4096,0,192,-71,12,0,1]
[15625,125,77,1,1]
[729,243,72,1,8,3,1]
[4096,-1792,448,-109,28,-7,1]
[4096,-256,144,7,9,-1,1]
[256,128,80,8,15,2,5,2,1]
[4096,256,-48,-63,-3,1,1]
[64,64,60,31,15,4,1]
[512,320,160,63,20,5,1]
[729,567,360,131,40,7,1]
[4096,768,304,45,19,3,1]
[256,128,96,36,15,9,6,2,1]
[729,162,9,-8,1,2,1]
[729,-405,45,14,5,-5,1]
[4096,-256,-80,-39,-5,-1,1]
[4096,768,160,99,10,3,1]
[729,-162,126,-16,14,-2,1]
[64,96,84,49,21,6,1]
[15625,-2250,206,-18,1]
[4096,0,96,-9,6,0,1]
[2401,49,12,1,1]
[4096,-256,55,-4,1]
[4096,1536,64,-53,4,6,1]
[2401,637,137,13,1]
[2401,588,122,12,1]
[512,-128,-48,41,-6,-2,1]
[14641,121,-29,1,1]
[14641,726,-42,6,1]
[4096,-1280,384,-137,24,-5,1]
[2401,49,43,1,1]
[4096,256,-64,-107,-4,1,1]
[15625,2875,364,23,1]
[4096,512,-80,-59,-5,2,1]
[6561,-891,74,-11,1]
[16384,512,-29,4,1]
[4096,512,128,-29,8,2,1]
[4096,1024,192,7,12,4,1]
[4096,1280,112,-29,7,5,1]
[14641,605,60,5,1]
[2401,539,96,11,1]
[15625,-250,-16,-2,1]
[14641,1210,193,10,1]
[4096,-3584,1664,-511,104,-14,1]
[4096,2560,848,207,53,10,1]
[4096,768,64,-13,4,3,1]
[4096,-1024,192,-77,12,-4,1]
[2401,-490,61,-10,1]
[729,-405,234,-86,26,-5,1]
[14641,121,-174,1,1]
[4096,-768,0,-13,0,-3,1]
[729,81,-18,-46,-2,1,1]
[256,-256,176,-124,69,-31,11,-4,1]
[4096,-3072,1264,-369,79,-12,1]
[14641,-3267,378,-27,1]
[256,-192,144,-84,51,-21,9,-3,1]
[4096,-1024,688,-105,43,-4,1]
[4096,-512,208,27,13,-2,1]
[625,0,48,0,1]
[6561,1377,176,17,1]
[6561,1377,169,17,1]
[14641,242,-153,2,1]
[14641,-1089,-3,-9,1]
[4096,1024,192,41,12,4,1]
[16384,-3200,329,-25,1]
[14641,-726,125,-6,1]
[256,0,-64,0,5,0,-4,0,1]
[6561,81,-116,1,1]
[4096,512,464,77,29,2,1]
[256,-64,80,-16,19,-4,5,-1,1]
[512,128,8,-23,1,2,1]
[4096,512,-64,-29,-4,2,1]
[4096,-256,432,-37,27,-1,1]
[729,-81,72,-11,8,-1,1]
[256,-192,48,36,-29,9,3,-3,1]
[14641,-121,-20,-1,1]
[2401,833,156,17,1]
[729,324,162,70,18,4,1]
[15625,-375,-72,-3,1]
[4096,0,0,23,0,0,1]
[4096,-2048,880,-233,55,-8,1]
[15625,-2875,273,-23,1]
[256,512,544,408,233,102,34,8,1]
[256,-64,64,-12,7,-3,4,-1,1]
[4096,-1280,160,11,10,-5,1]
[16384,2048,153,16,1]
[4096,-1024,464,-139,29,-4,1]
[4096,1024,96,7,6,4,1]
[4096,-1024,144,-19,9,-4,1]
[4096,1024,512,101,32,4,1]
[4096,-512,-16,99,-1,-2,1]
[256,-320,224,-112,57,-28,14,-5,1]
[4096,-768,192,21,12,-3,1]
[4096,-768,16,89,1,-3,1]
[14641,121,184,1,1]
[256,192,192,84,57,21,12,3,1]
[14641,-605,225,-5,1]
[14641,-484,-18,-4,1]
[4096,512,128,-27,8,2,1]
[16384,3200,325,25,1]
[4096,-2816,1200,-355,75,-11,1]
[16384,1280,99,10,1]
[256,0,16,-8,-7,-2,1,0,1]
[2401,-147,-6,-3,1]
[4096,512,-112,-79,-7,2,1]
[512,64,-8,-13,-1,1,1]
[4096,1792,464,95,29,7,1]
[15625,-250,-3,-2,1]
[14641,3025,356,25,1]
[15625,1125,174,9,1]
[15625,2625,299,21,1]
[4096,-768,512,-93,32,-3,1]
[4096,-1024,-32,23,-2,-4,1]
[4096,1792,320,23,20,7,1]
[4096,640,87,10,1]
[16384,1024,219,8,1]
[6561,405,65,5,1]
[16384,-384,-163,-3,1]
[6561,567,142,7,1]
[512,320,72,9,9,5,1]
[4096,-768,464,-97,29,-3,1]
[4096,0,128,95,8,0,1]
[729,-243,63,-10,7,-3,1]
[4096,128,81,2,1]
[6561,2025,317,25,1]
[4096,1536,80,-41,5,6,1]
[4096,-512,96,25,6,-2,1]
[16384,1536,175,12,1]
[4096,64,95,1,1]
[256,-128,64,-16,-7,-4,4,-2,1]
[4096,-512,-176,65,-11,-2,1]
[6561,648,74,8,1]
[4096,-768,432,-45,27,-3,1]
[729,81,54,44,6,1,1]
[14641,-363,224,-3,1]
[16384,1536,165,12,1]
[4096,-2560,1072,-319,67,-10,1]
[15625,250,-66,2,1]
[4096,1280,192,45,12,5,1]
[256,-256,144,-52,15,-13,9,-4,1]
[64,-16,28,-5,7,-1,1]
[14641,-1089,229,-9,1]
[4096,0,-64,3,-4,0,1]
[4096,1024,416,85,26,4,1]
[4096,-1792,560,-175,35,-7,1]
[6561,-324,151,-4,1]
[729,81,153,7,17,1,1]
[16384,-1664,129,-13,1]
[512,-128,-8,27,-1,-2,1]
[4096,-512,-48,35,-3,-2,1]
[256,-256,208,-148,77,-37,13,-4,1]
[256,-48,25,-3,1]
[4096,2048,768,203,48,8,1]
[4096,1792,304,39,19,7,1]
[4096,-1792,864,-209,54,-7,1]
[4096,-1280,384,-83,24,-5,1]
[4096,768,448,95,28,3,1]
[4096,0,16,113,1,0,1]
[4096,-768,128,19,8,-3,1]
[4096,256,-48,55,-3,1,1]
[4096,-256,512,-35,32,-1,1]
[4096,-2048,848,-255,53,-8,1]
[15625,500,181,4,1]
[4096,-1024,192,-81,12,-4,1]
[6561,891,134,11,1]
[256,384,336,228,125,57,21,6,1]
[256,-320,128,4,-19,1,8,-5,1]
[14641,-3025,320,-25,1]
[4096,-1536,544,-121,34,-6,1]
[256,-192,80,12,-11,3,5,-3,1]
[125,-6,1]
[4096,1536,608,167,38,6,1]
[256,-128,96,-32,15,-8,6,-2,1]
[14641,1936,227,16,1]
[2401,-49,43,-1,1]
[6561,0,-121,0,1]
[15625,-500,-32,-4,1]
[4096,2816,880,209,55,11,1]
[256,-128,32,28,-17,7,2,-2,1]
[4096,-2048,528,-97,33,-8,1]
[4096,-1024,496,-111,31,-4,1]
[4096,768,-16,-29,-1,3,1]
[4096,2560,848,227,53,10,1]
[729,-81,63,-41,7,-1,1]
[256,16,19,1,1]
[512,128,104,37,13,2,1]
[729,-162,-18,5,-2,-2,1]
[256,0,16,-4,-15,-1,1,0,1]
[729,-324,126,-38,14,-4,1]
[256,128,112,60,27,15,7,2,1]
[6561,324,-10,4,1]
[16384,2816,353,22,1]
[512,64,88,27,11,1,1]
[2401,441,80,9,1]
[16384,512,-163,4,1]
[2401,-196,48,-4,1]
[15625,-1000,-16,-8,1]
[15625,-500,94,-4,1]
[15625,-3000,314,-24,1]
[256,-64,48,12,7,3,3,-1,1]
[4096,768,64,21,4,3,1]
[256,64,96,12,19,3,6,1,1]
[729,81,-54,-4,-6,1,1]
[16384,-384,-53,-3,1]
[4096,1536,928,197,58,6,1]
[256,64,48,20,3,5,3,1,1]
[4096,1024,144,3,9,4,1]
[256,-64,112,-52,33,-13,7,-1,1]
[4096,256,121,4,1]
[4096,256,176,59,11,1,1]
[6561,-486,80,-6,1]
[256,-384,224,-52,5,-13,14,-6,1]
[4096,2304,880,247,55,9,1]
[6561,-1701,254,-21,1]
[256,128,112,44,31,11,7,2,1]
[4096,-2048,544,-135,34,-8,1]
[4096,512,-48,-53,-3,2,1]
[2401,-196,46,-4,1]
[4096,192,-1,3,1]
[729,486,189,64,21,6,1]
[4096,256,-48,-31,-3,1,1]
[512,128,80,13,10,2,1]
[14641,-968,-52,-8,1]
[729,0,34,0,1]
[4096,0,176,-31,11,0,1]
[4096,1280,432,59,27,5,1]
[4096,-1792,656,-165,41,-7,1]
[4096,256,-16,-99,-1,1,1]
[6561,-162,161,-2,1]
[4096,1024,432,103,27,4,1]
[14641,2299,235,19,1]
[4096,-1088,189,-17,1]
[4096,-512,192,-3,12,-2,1]
[15625,-1125,81,-9,1]
[4096,1280,-48,-105,-3,5,1]
[4096,-3072,1360,-399,85,-12,1]
[4096,-1024,208,-83,13,-4,1]
[256,-384,288,-128,55,-32,18,-6,1]
[729,81,0,22,0,1,1]
[4096,512,576,61,36,2,1]
[256,192,112,40,21,10,7,3,1]
[729,0,-18,2,-2,0,1]
[14641,847,199,7,1]
[512,-320,56,-1,7,-5,1]
[6561,-648,137,-8,1]
[16384,1024,19,8,1]
[256,-16,11,-1,1]
[4096,-768,144,-75,9,-3,1]
[4096,-256,608,-35,38,-1,1]
[4096,2048,752,191,47,8,1]
[4096,256,80,15,5,1,1]
[15625,-250,-8,-2,1]
[4096,768,368,109,23,3,1]
[256,-192,48,-36,33,-9,3,-3,1]
[256,64,64,12,29,3,4,1,1]
[4096,1536,-80,-117,-5,6,1]
[16384,-1280,161,-10,1]
[256,0,-16,12,5,3,-1,0,1]
[4096,-1280,192,-39,12,-5,1]
[14641,3509,417,29,1]
[512,448,192,63,24,7,1]
[6561,-972,142,-12,1]
[4096,1024,32,-49,2,4,1]
[4096,-256,32,21,2,-1,1]
[4096,0,256,-15,16,0,1]
[4096,-2048,800,-201,50,-8,1]
[256,256,160,108,63,27,10,4,1]
[4096,-512,-64,15,-4,-2,1]
[256,-192,16,32,-21,8,1,-3,1]
[4096,-1280,-32,65,-2,-5,1]
[14641,-484,119,-4,1]
[4096,384,81,6,1]
[4096,0,416,-25,26,0,1]
[729,-486,189,-70,21,-6,1]
[128,9,1]
[4096,1792,896,209,56,7,1]
[256,192,64,40,31,10,4,3,1]
[729,-324,135,-31,15,-4,1]
[256,-192,64,-16,9,-4,4,-3,1]
[729,729,423,167,47,9,1]
[6561,405,70,5,1]
[256,128,80,32,29,8,5,2,1]
[256,-128,16,-32,33,-8,1,-2,1]
[6561,-567,173,-7,1]
[4096,1536,480,169,30,6,1]
[256,128,-16,4,21,1,-1,2,1]
[4096,256,96,27,6,1,1]
[4096,-768,144,-59,9,-3,1]
[256,-64,32,28,-5,7,2,-1,1]
[256,-64,176,-44,57,-11,11,-1,1]
[256,-128,0,40,-23,10,0,-2,1]
[15625,2500,288,20,1]
[256,-64,64,-20,21,-5,4,-1,1]
[4096,-256,96,-53,6,-1,1]
[14641,726,47,6,1]
[256,-32,31,-2,1]
[14641,0,232,0,1]
[4096,-1280,384,-59,24,-5,1]
[4096,-1024,736,-115,46,-4,1]
[6561,-1053,91,-13,1]
[729,-81,126,-22,14,-1,1]
[256,-64,48,-4,21,-1,3,-1,1]
[4096,0,-80,57,-5,0,1]
[256,64,64,20,31,5,4,1,1]
[256,64,112,32,35,8,7,1,1]
[4096,-768,432,-59,27,-3,1]
[4096,-768,464,-45,29,-3,1]
[256,128,128,64,39,16,8,2,1]
[16384,-1280,213,-10,1]
[256,320,256,148,75,37,16,5,1]
[16384,768,75,6,1]
[4096,512,80,27,5,2,1]
[16384,3584,395,28,1]
[4096,-1536,384,-65,24,-6,1]
[4096,1536,96,-35,6,6,1]
[4096,256,128,21,8,1,1]
[15625,-875,102,-7,1]
[4096,-1536,400,-51,25,-6,1]
[6561,-405,82,-5,1]
[4096,-512,144,-103,9,-2,1]
[14641,-968,104,-8,1]
[4096,1024,-144,-85,-9,4,1]
[4096,1792,832,201,52,7,1]
[729,405,36,-17,4,5,1]
[4096,2304,864,261,54,9,1]
[729,405,36,-25,4,5,1]
[625,50,-2,2,1]
[4096,2304,1056,295,66,9,1]
[15625,0,-41,0,1]
[256,256,192,132,73,33,12,4,1]
[256,-128,-64,12,21,3,-4,-2,1]
[6561,-486,11,-6,1]
[4096,-3328,1504,-451,94,-13,1]
[64,-16,0,-5,0,-1,1]
[256,-256,224,-140,83,-35,14,-4,1]
[14641,1452,29,12,1]
[14641,-1331,21,-11,1]
[256,-256,96,16,-29,4,6,-4,1]
[4096,-1280,528,-167,33,-5,1]
[4096,-512,176,-123,11,-2,1]
[256,256,144,68,39,17,9,4,1]
[14641,1089,39,9,1]
[4096,-768,272,-91,17,-3,1]
[256,-192,144,-88,47,-22,9,-3,1]
[4096,768,336,125,21,3,1]
[15625,0,131,0,1]
[16384,-1920,269,-15,1]
[14641,1452,141,12,1]
[4096,256,176,3,11,1,1]
[4096,1280,480,159,30,5,1]
[4096,-1024,-80,43,-5,-4,1]
[15625,0,232,0,1]
[4096,-3072,1264,-367,79,-12,1]
[16384,1408,267,11,1]
[4096,-256,0,103,0,-1,1]
[512,128,56,47,7,2,1]
[4096,1536,288,79,18,6,1]
[4096,-1280,-144,123,-9,-5,1]
[4096,-3328,1344,-375,84,-13,1]
[4096,-1536,-144,149,-9,-6,1]
[256,-64,0,36,-5,9,0,-1,1]
[4096,0,272,35,17,0,1]
[512,64,-32,-29,-4,1,1]
[4096,1024,-112,-125,-7,4,1]
[256,-256,144,-52,21,-13,9,-4,1]
[4096,512,544,39,34,2,1]
[15625,2000,117,16,1]
[4096,256,64,105,4,1,1]
[15625,-2125,207,-17,1]
[4096,-256,64,-75,4,-1,1]
[4096,2048,672,159,42,8,1]
[4096,2048,432,71,27,8,1]
[729,324,36,-1,4,4,1]
[729,-729,351,-122,39,-9,1]
[256,128,48,36,21,9,3,2,1]
[14641,-1452,277,-12,1]
[256,128,96,12,7,3,6,2,1]
[4096,-256,32,-7,2,-1,1]
[4096,-1280,512,-119,32,-5,1]
[14641,-726,86,-6,1]
[256,-128,48,-32,31,-8,3,-2,1]
[15625,-1750,98,-14,1]
[16384,2176,185,17,1]
[4096,-256,384,-47,24,-1,1]
[256,-192,64,24,-27,6,4,-3,1]
[6561,-1134,136,-14,1]
[4096,1024,272,67,17,4,1]
[4096,704,75,11,1]
[14641,3267,414,27,1]
[4096,1280,32,-35,2,5,1]
[256,64,80,64,19,16,5,1,1]
[256,0,16,-8,-1,-2,1,0,1]
[16384,-640,-23,-5,1]
[729,-648,315,-110,35,-8,1]
[512,256,56,19,7,4,1]
[15625,2875,348,23,1]
[15625,625,-128,5,1]
[14641,-484,222,-4,1]
[4096,1280,624,159,39,5,1]
[729,-81,-54,10,-6,-1,1]
[4096,256,304,-23,19,1,1]
[2401,147,58,3,1]
[4096,-768,65,-12,1]
[625,-75,11,-3,1]
[4096,-256,16,77,1,-1,1]
[4096,-1024,160,-41,10,-4,1]
[625,-75,2,-3,1]
[256,-64,64,28,-7,7,4,-1,1]
[15625,2250,274,18,1]
[512,-256,112,-37,14,-4,1]
[729,324,189,47,21,4,1]
[4096,-256,-16,-65,-1,-1,1]
[256,64,-64,-12,15,-3,-4,1,1]
[4096,256,112,-49,7,1,1]
[16384,1408,205,11,1]
[4096,-1792,400,-67,25,-7,1]
[729,-81,171,-7,19,-1,1]
[16384,-896,-23,-7,1]
[4096,3072,1152,317,72,12,1]
[16384,-1536,181,-12,1]
[729,-648,351,-131,39,-8,1]
[512,384,216,83,27,6,1]
[4096,-2048,624,-149,39,-8,1]
[4096,1536,256,63,16,6,1]
[625,175,36,7,1]
[729,-243,207,-49,23,-3,1]
[729,81,54,-10,6,1,1]
[512,64,120,23,15,1,1]
[16384,-2304,183,-18,1]
[256,256,128,24,1,6,8,4,1]
[625,175,56,7,1]
[729,-567,225,-67,25,-7,1]
[4096,512,528,49,33,2,1]
[4096,256,432,57,27,1,1]
[4096,-256,48,-95,3,-1,1]
[256,128,32,-40,-19,-10,2,2,1]
[6561,324,40,4,1]
[15625,2250,178,18,1]
[16384,-1280,149,-10,1]
[729,486,198,65,22,6,1]
[256,192,128,20,11,5,8,3,1]
[4096,-768,-176,135,-11,-3,1]
[256,-128,-16,-4,21,-1,-1,-2,1]
[4096,0,112,-61,7,0,1]
[4096,-2304,816,-229,51,-9,1]
[4096,-768,160,-61,10,-3,1]
[16384,2432,193,19,1]
[4096,-256,224,-3,14,-1,1]
[14641,-1210,91,-10,1]
[4096,-2304,864,-237,54,-9,1]
[4096,512,64,3,4,2,1]
[15625,3375,408,27,1]
[4096,1280,-32,-61,-2,5,1]
[4096,2304,960,257,60,9,1]
[4096,1088,169,17,1]
[4096,-768,-176,115,-11,-3,1]
[512,576,360,149,45,9,1]
[6561,2511,401,31,1]
[4096,1792,752,189,47,7,1]
[16384,640,11,5,1]
[4096,1024,64,-11,4,4,1]
[14641,-1089,145,-9,1]
[4096,-768,-16,15,-1,-3,1]
[15625,625,77,5,1]
[4096,0,48,-5,3,0,1]
[16384,512,63,4,1]
[729,405,90,22,10,5,1]
[256,128,160,64,51,16,10,2,1]
[256,-320,256,-132,67,-33,16,-5,1]
[4096,2048,480,99,30,8,1]
[15625,1875,299,15,1]
[256,192,32,4,7,1,2,3,1]
[729,-81,44,-3,1]
[4096,-1792,624,-209,39,-7,1]
[14641,-484,116,-4,1]
[256,-128,80,12,-5,3,5,-2,1]
[14641,484,-61,4,1]
[729,729,333,113,37,9,1]
[14641,847,123,7,1]
[15625,-3250,383,-26,1]
[4096,1792,560,175,35,7,1]
[4096,0,-80,-57,-5,0,1]
[4096,512,-144,-21,-9,2,1]
[6561,324,-41,4,1]
[4096,0,560,1,35,0,1]
[256,-320,288,-200,109,-50,18,-5,1]
[729,-405,198,-91,22,-5,1]
[256,0,48,-40,-3,-10,3,0,1]
[14641,-726,189,-6,1]
[6561,81,23,1,1]
[4096,768,192,71,12,3,1]
[512,-64,72,-15,9,-1,1]
[14641,-2178,232,-18,1]
[14641,-484,188,-4,1]
[14641,-847,78,-7,1]
[14641,484,29,4,1]
[729,243,36,-7,4,3,1]
[4096,-768,688,-81,43,-3,1]
[512,0,-56,-3,-7,0,1]
[16384,1664,65,13,1]
[256,0,64,-4,9,-1,4,0,1]
[256,192,128,68,47,17,8,3,1]
[4096,-1536,432,-127,27,-6,1]
[4096,-768,32,43,2,-3,1]
[4096,256,16,27,1,1,1]
[14641,-1210,35,-10,1]
[256,-192,80,24,-19,6,5,-3,1]
[4096,-2560,912,-251,57,-10,1]
[4096,-1024,160,-65,10,-4,1]
[4096,-2304,720,-173,45,-9,1]
[4096,2048,400,55,25,8,1]
[256,-64,80,0,11,0,5,-1,1]
[14641,3025,373,25,1]
[4096,-256,48,49,3,-1,1]
[625,25,9,1,1]
[4096,768,272,93,17,3,1]
[729,0,63,5,7,0,1]
[729,54,4,2,1]
[4096,-1536,112,37,7,-6,1]
[4096,-1536,192,3,12,-6,1]
[256,64,48,32,11,8,3,1,1]
[15625,125,-8,1,1]
[4096,192,-37,3,1]
[4096,1536,688,179,43,6,1]
[729,405,216,86,24,5,1]
[256,384,336,220,117,55,21,6,1]
[4096,2304,416,41,26,9,1]
[256,256,160,104,65,26,10,4,1]
[16384,2048,193,16,1]
[14641,-1452,71,-12,1]
[4096,-1536,448,-99,28,-6,1]
[729,162,81,25,9,2,1]
[4096,1536,304,41,19,6,1]
[4096,2304,912,249,57,9,1]
[4096,-1536,64,55,4,-6,1]
[4096,1536,480,107,30,6,1]
[2401,-637,100,-13,1]
[4096,-256,16,-1,1,-1,1]
[4096,0,128,-29,8,0,1]
[14641,1815,158,15,1]
[256,-256,128,-48,21,-12,8,-4,1]
[4096,-1280,256,-13,16,-5,1]
[15625,-250,151,-2,1]
[512,-64,56,9,7,-1,1]
[256,256,224,120,67,30,14,4,1]
[4096,1024,80,-29,5,4,1]
[4096,1536,160,-17,10,6,1]
[15625,0,116,0,1]
[14641,847,43,7,1]
[14641,-847,8,-7,1]
[256,64,80,-8,11,-2,5,1,1]
[729,-81,0,2,0,-1,1]
[16384,1024,-61,8,1]
[14641,-363,-155,-3,1]
[4096,-256,480,-1,30,-1,1]
[4096,1024,-160,-137,-10,4,1]
[15625,-500,-1,-4,1]
[4096,256,400,49,25,1,1]
[4096,-1792,160,43,10,-7,1]
[14641,363,-15,3,1]
[512,128,104,23,13,2,1]
[4096,-512,-112,105,-7,-2,1]
[4096,1280,624,135,39,5,1]
[256,256,144,44,15,11,9,4,1]
[256,-384,320,-196,103,-49,20,-6,1]
[4096,1536,32,-53,2,6,1]
[4096,-2304,816,-203,51,-9,1]
[256,192,65,12,1]
[4096,512,192,-41,12,2,1]
[4096,256,-32,-43,-2,1,1]
[6561,-324,85,-4,1]
[512,704,488,211,61,11,1]
[4096,-1024,16,23,1,-4,1]
[15625,-2000,252,-16,1]
[14641,121,-14,1,1]
[16384,-896,195,-7,1]
[256,-192,144,-88,41,-22,9,-3,1]
[4096,-1024,64,-19,4,-4,1]
[256,384,256,80,21,20,16,6,1]
[256,0,16,16,-11,4,1,0,1]
[729,486,108,10,12,6,1]
[256,-64,48,40,-17,10,3,-1,1]
[256,-128,16,-24,31,-6,1,-2,1]
[4096,2304,608,137,38,9,1]
[15625,-2375,221,-19,1]
[256,-192,144,-68,39,-17,9,-3,1]
[15625,1250,13,10,1]
[4096,1280,256,37,16,5,1]
[4096,2048,400,59,25,8,1]
[729,-162,63,-49,7,-2,1]
[256,128,48,-12,-3,-3,3,2,1]
[4096,1536,592,181,37,6,1]
[15625,625,3,5,1]
[256,-64,96,-32,27,-8,6,-1,1]
[4096,-1792,848,-199,53,-7,1]
[4096,-3584,1664,-497,104,-14,1]
[14641,-2541,261,-21,1]
[15625,625,-131,5,1]
[15625,-2250,311,-18,1]
[4096,64,-79,1,1]
[729,-162,63,-41,7,-2,1]
[6561,-1377,196,-17,1]
[4096,-1792,912,-213,57,-7,1]
[16384,1152,193,9,1]
[256,-320,304,-208,119,-52,19,-5,1]
[512,192,-16,-21,-2,3,1]
[256,384,160,-64,-79,-16,10,6,1]
[4096,-256,-112,43,-7,-1,1]
[729,162,36,40,4,2,1]
[729,0,-45,-22,-5,0,1]
[15625,250,228,2,1]
[4096,768,192,7,12,3,1]
[729,405,180,79,20,5,1]
[729,-81,-9,-26,-1,-1,1]
[15625,1250,249,10,1]
[16384,640,-45,5,1]
[256,128,96,20,17,5,6,2,1]
[14641,4356,564,36,1]
[4096,768,144,35,9,3,1]
[15625,1750,96,14,1]
[4096,-1024,336,-31,21,-4,1]
[625,100,43,4,1]
[6561,324,103,4,1]
[15625,-375,-64,-3,1]
[4096,-768,64,-27,4,-3,1]
[4096,-1792,288,-25,18,-7,1]
[256,64,32,8,17,2,2,1,1]
[256,-64,32,28,1,7,2,-1,1]
[4096,-1280,-64,85,-4,-5,1]
[256,64,128,36,45,9,8,1,1]
[729,162,135,10,15,2,1]
[4096,-512,144,-13,9,-2,1]
[15625,-250,236,-2,1]
[14641,1452,255,12,1]
[14641,-4961,661,-41,1]
[4096,-2048,768,-227,48,-8,1]
[729,324,-72,-71,-8,4,1]
[4096,-1280,-176,135,-11,-5,1]
[256,-128,64,-24,-5,-6,4,-2,1]
[16384,-384,59,-3,1]
[4096,-1280,336,-87,21,-5,1]
[14641,-3388,393,-28,1]
[512,-192,128,-41,16,-3,1]
[512,0,16,-27,2,0,1]
[729,-81,-63,23,-7,-1,1]
[4096,768,720,93,45,3,1]
[14641,3630,458,30,1]
[729,243,18,-20,2,3,1]
[2401,245,62,5,1]
[4096,-256,256,-83,16,-1,1]
[4096,-2304,976,-261,61,-9,1]
[256,-128,64,32,-19,8,4,-2,1]
[15625,2625,359,21,1]
[16384,-256,-93,-2,1]
[4096,0,352,49,22,0,1]
[256,-256,208,-124,73,-31,13,-4,1]
[14641,-968,87,-8,1]
[14641,-1331,89,-11,1]
[4096,768,432,97,27,3,1]
[4096,-3584,1712,-523,107,-14,1]
[512,128,-40,-17,-5,2,1]
[512,64,32,-3,4,1,1]
[14641,1210,82,10,1]
[256,128,64,-16,-7,-4,4,2,1]
[4096,-1280,496,-75,31,-5,1]
[4096,-768,0,9,0,-3,1]
[49,8,1]
[4096,2048,912,255,57,8,1]
[256,0,48,-48,5,-12,3,0,1]
[4096,-256,336,11,21,-1,1]
[256,-64,-48,16,13,4,-3,-1,1]
[256,128,0,-4,13,-1,0,2,1]
[14641,-4598,602,-38,1]
[15625,-500,-127,-4,1]
[4096,-1024,240,-9,15,-4,1]
[4096,-1536,560,-127,35,-6,1]
[4096,-1536,416,-121,26,-6,1]
[4096,-512,384,-15,24,-2,1]
[15625,375,-53,3,1]
[14641,121,119,1,1]
[15625,1500,154,12,1]
[4096,512,-32,-41,-2,2,1]
[512,64,-8,-41,-1,1,1]
[4096,-1280,672,-123,42,-5,1]
[14641,-726,83,-6,1]
[256,128,48,24,19,6,3,2,1]
[4096,2048,544,135,34,8,1]
[4096,-1280,-48,101,-3,-5,1]
[256,320,112,-72,-75,-18,7,5,1]
[256,-128,96,-48,31,-12,6,-2,1]
[2401,245,61,5,1]
[729,0,-9,26,-1,0,1]
[6561,-1620,205,-20,1]
[512,-384,224,-93,28,-6,1]
[1024,-384,83,-12,1]
[729,162,-9,-19,-1,2,1]
[4096,1536,688,171,43,6,1]
[512,0,16,33,2,0,1]
[729,-81,0,1,0,-1,1]
[729,135,32,5,1]
[4096,0,448,15,28,0,1]
[4096,2304,912,245,57,9,1]
[4096,-256,-128,19,-8,-1,1]
[121,10,1]
[4096,256,272,49,17,1,1]
[4096,-768,336,-129,21,-3,1]
[4096,-256,32,-39,2,-1,1]
[729,-486,333,-113,37,-6,1]
[729,0,99,-7,11,0,1]
[256,320,112,-36,-43,-9,7,5,1]
[4096,-512,528,-71,33,-2,1]
[6561,-324,-47,-4,1]
[256,0,-32,8,21,2,-2,0,1]
[15625,625,31,5,1]
[256,192,96,24,13,6,6,3,1]
[14641,-1694,211,-14,1]
[4096,-768,560,-67,35,-3,1]
[15625,-2000,219,-16,1]
[4096,-1280,496,-163,31,-5,1]
[4096,1024,416,81,26,4,1]
[6561,-405,113,-5,1]
[16384,1536,227,12,1]
[14641,1936,229,16,1]
[1024,64,29,2,1]
[2401,784,157,16,1]
[1024,128,43,4,1]
[729,243,81,10,9,3,1]
[16384,2944,367,23,1]
[256,-128,96,-48,15,-12,6,-2,1]
[256,64,-32,-20,9,-5,-2,1,1]
[6561,486,-1,6,1]
[16384,640,243,5,1]
[15625,2000,209,16,1]
[6561,-243,94,-3,1]
[4096,768,176,25,11,3,1]
[4096,-512,512,-59,32,-2,1]
[14641,-1210,223,-10,1]
[15625,1875,286,15,1]
[4096,1024,96,-47,6,4,1]
[256,-64,16,24,-9,6,1,-1,1]
[15625,2250,221,18,1]
[49,-12,1]
[16384,-3200,333,-25,1]
[729,-81,9,-34,1,-1,1]
[729,216,64,8,1]
[4096,256,-64,-91,-4,1,1]
[15625,-250,231,-2,1]
[4096,512,224,105,14,2,1]
[4096,-1024,48,57,3,-4,1]
[4096,-1792,368,-81,23,-7,1]
[256,-256,192,-76,39,-19,12,-4,1]
[6561,486,109,6,1]
[512,64,-24,5,-3,1,1]
[256,192,112,24,5,6,7,3,1]
[256,64,-32,20,21,5,-2,1,1]
[512,0,16,-33,2,0,1]
[4096,256,-48,-101,-3,1,1]
[4096,1024,352,65,22,4,1]
[256,-64,96,-16,23,-4,6,-1,1]
[512,256,80,23,10,4,1]
[256,192,128,48,27,12,8,3,1]
[16384,1280,137,10,1]
[4096,512,192,41,12,2,1]
[4096,-768,416,-111,26,-3,1]
[6561,-486,101,-6,1]
[15625,-2250,189,-18,1]
[6561,324,67,4,1]
[4096,1280,224,71,14,5,1]
[512,128,64,9,8,2,1]
[16384,1920,221,15,1]
[4096,256,144,-45,9,1,1]
[14641,-1452,208,-12,1]
[4096,1024,-128,-67,-8,4,1]
[16384,-256,91,-2,1]
[729,-81,0,-35,0,-1,1]
[15625,1000,9,8,1]
[256,128,80,56,33,14,5,2,1]
[4096,-512,352,-25,22,-2,1]
[4096,1536,256,57,16,6,1]
[256,128,192,68,63,17,12,2,1]
[729,486,270,98,30,6,1]
[14641,-363,173,-3,1]
[4096,2304,880,255,55,9,1]
[256,0,48,-4,31,-1,3,0,1]
[4096,1536,263,24,1]
[6561,0,-95,0,1]
[4096,1536,128,-35,8,6,1]
[1024,576,141,18,1]
[512,256,112,33,14,4,1]
[2401,-49,-38,-1,1]
[4096,1024,336,141,21,4,1]
[256,-64,48,24,-1,6,3,-1,1]
[4096,-256,224,53,14,-1,1]
[4096,0,-144,31,-9,0,1]
[4096,1536,384,49,24,6,1]
[15625,-2500,277,-20,1]
[14641,-2299,303,-19,1]
[729,-216,59,-8,1]
[4096,1792,752,185,47,7,1]
[4096,-1280,336,-63,21,-5,1]
[256,128,16,-36,-17,-9,1,2,1]
[4096,1792,256,1,16,7,1]
[4096,-1024,-16,15,-1,-4,1]
[6561,-648,58,-8,1]
[512,-128,96,-15,12,-2,1]
[729,0,9,-29,1,0,1]
[4096,-1536,544,-141,34,-6,1]
[512,0,16,11,2,0,1]
[14641,-2904,340,-24,1]
[256,64,-16,24,25,6,-1,1,1]
[15625,-1250,1,-10,1]
[16384,-1536,205,-12,1]
[6561,-486,-37,-6,1]
[6561,-567,67,-7,1]
[15625,-250,196,-2,1]
[16384,1024,37,8,1]
[14641,-968,-8,-8,1]
[14641,2178,202,18,1]
[729,81,171,13,19,1,1]
[4096,-512,-112,21,-7,-2,1]
[256,0,48,-36,-5,-9,3,0,1]
[15625,1750,181,14,1]
[729,-81,153,-5,17,-1,1]
[256,256,160,88,45,22,10,4,1]
[15625,2625,313,21,1]
[4096,1280,368,143,23,5,1]
[729,-81,63,-16,7,-1,1]
[6561,-162,50,-2,1]
[729,-81,162,-8,18,-1,1]
[15625,1250,242,10,1]
[14641,0,102,0,1]
[4096,0,-16,119,-1,0,1]
[4096,2304,464,63,29,9,1]
[4096,-512,-16,45,-1,-2,1]
[729,567,243,82,27,7,1]
[4096,-512,608,-47,38,-2,1]
[4096,-2048,912,-249,57,-8,1]
[4096,2048,528,129,33,8,1]
[14641,-484,74,-4,1]
[15625,-1875,173,-15,1]
[256,-192,112,-80,51,-20,7,-3,1]
[14641,121,-102,1,1]
[4096,1216,213,19,1]
[256,0,128,4,33,1,8,0,1]
[15625,-3500,391,-28,1]
[256,-64,64,20,-5,5,4,-1,1]
[729,243,153,43,17,3,1]
[14641,-1089,56,-9,1]
[15625,-3250,343,-26,1]
[16384,512,107,4,1]
[256,-64,16,-20,3,-5,1,-1,1]
[14641,1936,240,16,1]
[4096,3072,1232,345,77,12,1]
[2401,441,104,9,1]
[4096,-512,544,-45,34,-2,1]
[512,-64,48,19,6,-1,1]
[4096,-512,208,29,13,-2,1]
[256,0,96,0,23,0,6,0,1]
[4096,2048,688,215,43,8,1]
[4096,768,128,-11,8,3,1]
[4096,-3328,1424,-419,89,-13,1]
[4096,-768,-176,123,-11,-3,1]
[256,-192,64,-40,25,-10,4,-3,1]
[15625,-875,53,-7,1]
[2401,98,-40,2,1]
[729,-27,-31,-1,1]
[256,-64,-32,-4,17,-1,-2,-1,1]
[14641,-2178,322,-18,1]
[15625,1250,52,10,1]
[64,-32,8,-3,2,-2,1]
[512,-192,96,-13,12,-3,1]
[729,405,107,15,1]
[256,64,-32,8,11,2,-2,1,1]
[4096,1024,-144,-73,-9,4,1]
[256,-64,0,-16,1,-4,0,-1,1]
[15625,-1625,214,-13,1]
[4096,-1024,240,-115,15,-4,1]
[512,448,288,113,36,7,1]
[4096,256,-128,-1,-8,1,1]
[729,81,-27,1,-3,1,1]
[14641,-363,199,-3,1]
[4096,512,-160,-95,-10,2,1]
[14641,-363,112,-3,1]
[1024,256,79,8,1]
[4096,-256,32,43,2,-1,1]
[16384,-2560,237,-20,1]
[4096,1792,496,101,31,7,1]
[256,128,80,60,35,15,5,2,1]
[256,128,32,-28,-23,-7,2,2,1]
[512,576,344,139,43,9,1]
[729,405,117,25,13,5,1]
[4096,0,128,-41,8,0,1]
[4096,-1024,304,-111,19,-4,1]
[15625,1000,-33,8,1]
[16384,-3456,407,-27,1]
[4096,1536,192,21,12,6,1]
[4096,-256,320,-27,20,-1,1]
[4096,-256,-64,1,-4,-1,1]
[4096,1024,432,131,27,4,1]
[256,256,208,144,73,36,13,4,1]
[256,-192,48,0,-5,0,3,-3,1]
[4096,0,96,65,6,0,1]
[256,-128,48,-16,-5,-4,3,-2,1]
[14641,242,-184,2,1]
[4096,1280,784,149,49,5,1]
[4096,1280,576,113,36,5,1]
[729,-81,126,-29,14,-1,1]
[15625,3625,414,29,1]
[14641,-2057,260,-17,1]
[4096,0,-96,47,-6,0,1]
[4096,-3072,1280,-367,80,-12,1]
[4096,-256,64,-91,4,-1,1]
[625,-250,57,-10,1]
[14641,1331,54,11,1]
[4096,0,112,11,7,0,1]
[256,-384,224,-56,9,-14,14,-6,1]
[4096,2048,640,145,40,8,1]
[15625,125,246,1,1]
[729,-135,43,-5,1]
[729,-324,-18,37,-2,-4,1]
[4096,512,-48,-69,-3,2,1]
[4096,1280,544,113,34,5,1]
[512,0,40,-1,5,0,1]
[4096,1024,149,16,1]
[2401,-490,115,-10,1]
[6561,-567,56,-7,1]
[4096,1536,544,183,34,6,1]
[512,256,96,25,12,4,1]
[15625,1750,164,14,1]
[6561,162,43,2,1]
[6561,-324,64,-4,1]
[4096,768,112,-19,7,3,1]
[4096,-1024,96,-41,6,-4,1]
[256,-256,224,-148,79,-37,14,-4,1]
[4096,-768,160,15,10,-3,1]
[15625,-625,-18,-5,1]
[14641,2662,274,22,1]
[4096,1792,704,175,44,7,1]
[256,64,112,56,31,14,7,1,1]
[4096,512,368,49,23,2,1]
[14641,0,-113,0,1]
[256,-64,-32,8,17,2,-2,-1,1]
[14641,605,91,5,1]
[256,-192,80,-36,15,-9,5,-3,1]
[256,128,128,84,37,21,8,2,1]
[4096,-1536,528,-131,33,-6,1]
[4096,-1536,720,-149,45,-6,1]
[64,48,48,23,12,3,1]
[14641,-2299,322,-19,1]
[4096,-768,-32,41,-2,-3,1]
[4096,-1792,432,-101,27,-7,1]
[256,0,0,-24,15,-6,0,0,1]
[15625,-1500,263,-12,1]
[15625,375,-93,3,1]
[16384,128,23,1,1]
[16384,-1536,207,-12,1]
[256,-192,112,-56,35,-14,7,-3,1]
[4096,-1536,-160,155,-10,-6,1]
[4096,-1280,176,-51,11,-5,1]
[4096,512,288,-1,18,2,1]
[16384,0,-119,0,1]
[2401,-735,135,-15,1]
[729,-243,144,-47,16,-3,1]
[256,-128,144,-88,43,-22,9,-2,1]
[14641,2541,252,21,1]
[6561,-729,161,-9,1]
[4096,512,624,67,39,2,1]
[256,0,-16,-4,27,-1,-1,0,1]
[15625,1875,254,15,1]
[4096,-1024,128,1,8,-4,1]
[6561,-162,100,-2,1]
[729,243,162,43,18,3,1]
[16384,1024,125,8,1]
[256,-64,0,-16,19,-4,0,-1,1]
[14641,1089,174,9,1]
[16384,768,211,6,1]
[4096,2560,992,269,62,10,1]
[4096,-2048,800,-233,50,-8,1]
[256,0,96,-12,19,-3,6,0,1]
[4096,2304,832,245,52,9,1]
[729,243,243,53,27,3,1]
[4096,2048,-16,-139,-1,8,1]
[256,-128,32,40,-21,10,2,-2,1]
[512,-128,80,-1,10,-2,1]
[2401,-147,50,-3,1]
[4096,256,208,-53,13,1,1]
[6561,-405,26,-5,1]
[16384,3968,485,31,1]
[4096,-2048,144,57,9,-8,1]
[729,-486,270,-88,30,-6,1]
[4096,-256,0,91,0,-1,1]
[512,-320,168,-77,21,-5,1]
[4096,-1024,624,-115,39,-4,1]
[4096,-2048,-80,169,-5,-8,1]
[256,128,128,88,35,22,8,2,1]
[256,320,208,92,43,23,13,5,1]
[729,405,126,34,14,5,1]
[4096,512,288,103,18,2,1]
[4096,-2048,864,-223,54,-8,1]
[256,128,112,84,29,21,7,2,1]
[16384,-1664,167,-13,1]
[4096,-1024,224,1,14,-4,1]
[256,64,-80,4,29,1,-5,1,1]
[4096,1536,-48,-107,-3,6,1]
[512,192,40,1,5,3,1]
[4096,-512,16,81,1,-2,1]
[16384,-128,183,-1,1]
[729,-324,207,-71,23,-4,1]
[1024,480,111,15,1]
[729,-324,0,28,0,-4,1]
[4096,-1280,-112,111,-7,-5,1]
[256,0,-16,-16,3,-4,-1,0,1]
[2401,-784,142,-16,1]
[729,-486,252,-83,28,-6,1]
[4096,-512,400,-41,25,-2,1]
[1024,0,-27,0,1]
[512,192,40,-3,5,3,1]
[4096,1536,544,175,34,6,1]
[512,0,16,25,2,0,1]
[4096,-512,-32,23,-2,-2,1]
[6561,81,13,1,1]
[512,128,-8,-15,-1,2,1]
[64,-16,4,-9,1,-1,1]
[14641,-2178,227,-18,1]
[15625,2125,206,17,1]
[15625,1125,133,9,1]
[16384,-2560,321,-20,1]
[4096,256,-112,29,-7,1,1]
[512,128,48,23,6,2,1]
[6561,243,47,3,1]
[6561,1701,230,21,1]
[4096,-512,-160,39,-10,-2,1]
[4096,1024,464,87,29,4,1]
[4096,-3072,1072,-279,67,-12,1]
[16384,1664,279,13,1]
[14641,-726,115,-6,1]
[4096,-512,0,7,0,-2,1]
[4096,1024,320,149,20,4,1]
[4096,-1792,704,-207,44,-7,1]
[4096,1024,-16,-75,-1,4,1]
[6561,1053,148,13,1]
[4096,512,336,101,21,2,1]
[14641,1210,151,10,1]
[16384,512,145,4,1]
[4096,256,-32,71,-2,1,1]
[512,448,272,105,34,7,1]
[16384,3200,347,25,1]
[729,486,252,106,28,6,1]
[4096,-512,80,-77,5,-2,1]
[4096,-1280,608,-151,38,-5,1]
[15625,-125,-218,-1,1]
[15625,2875,337,23,1]
[729,648,369,142,41,8,1]
[4096,-512,576,-73,36,-2,1]
[4096,-1216,189,-19,1]
[16384,256,-61,2,1]
[729,-270,56,-10,1]
[256,64,-16,-20,-9,-5,-1,1,1]
[729,-567,225,-68,25,-7,1]
[4096,1024,224,13,14,4,1]
[256,-64,0,28,-13,7,0,-1,1]
[256,256,144,64,33,16,9,4,1]
[4096,512,-112,-61,-7,2,1]
[4096,-1024,256,-91,16,-4,1]
[4096,-512,336,-61,21,-2,1]
[729,243,36,17,4,3,1]
[4096,512,112,-3,7,2,1]
[16384,-128,153,-1,1]
[729,0,108,-10,12,0,1]
[16384,-896,-21,-7,1]
[256,-256,208,-120,69,-30,13,-4,1]
[4096,256,-16,-93,-1,1,1]
[1024,-32,59,-1,1]
[14641,726,-103,6,1]
[4096,0,112,-53,7,0,1]
[14641,-3267,366,-27,1]
[256,256,240,152,87,38,15,4,1]
[4096,512,-112,-33,-7,2,1]
[729,81,-45,-11,-5,1,1]
[15625,250,49,2,1]
[4096,-512,448,-25,28,-2,1]
[14641,-1210,6,-10,1]
[4096,0,384,5,24,0,1]
[4096,1280,368,75,23,5,1]
[729,-486,198,-70,22,-6,1]
[14641,847,241,7,1]
[4096,768,139,12,1]
[4096,-512,240,-13,15,-2,1]
[6561,972,86,12,1]
[15625,-1750,204,-14,1]
[14641,605,82,5,1]
[256,192,0,-20,-3,-5,0,3,1]
[14641,1815,116,15,1]
[16384,640,75,5,1]
[15625,2000,236,16,1]
[729,405,126,26,14,5,1]
[16384,-128,3,-1,1]
[4096,-1024,272,-65,17,-4,1]
[4096,512,352,93,22,2,1]
[4096,1024,768,125,48,4,1]
[15625,500,99,4,1]
[2401,-637,115,-13,1]
[4096,-512,80,67,5,-2,1]
[625,-175,32,-7,1]
[4096,-1024,368,-39,23,-4,1]
[16384,-1152,235,-9,1]
[14641,-3509,413,-29,1]
[256,-192,112,-52,25,-13,7,-3,1]
[4096,-2560,800,-195,50,-10,1]
[256,64,16,20,15,5,1,1,1]
[16384,4224,501,33,1]
[4096,256,-64,61,-4,1,1]
[4096,512,320,-9,20,2,1]
[6561,-810,23,-10,1]
[4096,0,3,0,1]
[4096,0,448,29,28,0,1]
[512,128,64,5,8,2,1]
[4096,1280,288,111,18,5,1]
[4096,-1792,272,-9,17,-7,1]
[4096,1536,704,169,44,6,1]
[6561,-567,-1,-7,1]
[256,64,-32,4,5,1,-2,1,1]
[4096,256,192,-53,12,1,1]
[4096,-2560,1008,-311,63,-10,1]
[4096,-1792,784,-189,49,-7,1]
[729,324,180,74,20,4,1]
[16384,640,149,5,1]
[729,486,216,79,24,6,1]
[14641,1452,69,12,1]
[4096,1024,304,141,19,4,1]
[256,128,80,-8,-5,-2,5,2,1]
[4096,256,-32,31,-2,1,1]
[16384,1024,61,8,1]
[4096,1280,448,85,28,5,1]
[256,384,320,196,101,49,20,6,1]
[6561,-405,106,-5,1]
[512,-64,80,-31,10,-1,1]
[4096,768,96,43,6,3,1]
[729,-243,-63,64,-7,-3,1]
[729,81,126,16,14,1,1]
[256,128,64,12,7,3,4,2,1]
[4096,-256,480,-55,30,-1,1]
[16384,-896,69,-7,1]
[256,-192,80,-12,-7,-3,5,-3,1]
[256,192,48,8,3,2,3,3,1]
[729,-81,162,-17,18,-1,1]
[729,81,144,25,16,1,1]
[4096,-512,336,-31,21,-2,1]
[4096,2816,784,167,49,11,1]
[16384,-1664,91,-13,1]
[4096,-1792,672,-221,42,-7,1]
[256,64,48,20,1,5,3,1,1]
[14641,1573,201,13,1]
[729,81,36,50,4,1,1]
[4096,768,-32,-49,-2,3,1]
[4096,-1024,320,-79,20,-4,1]
[15625,-1125,154,-9,1]
[6561,1215,125,15,1]
[6561,-1539,235,-19,1]
[256,0,-48,0,13,0,-3,0,1]
[14641,-3509,430,-29,1]
[4096,768,16,-7,1,3,1]
[256,-64,-128,8,43,2,-8,-1,1]
[4096,0,144,33,9,0,1]
[15625,1125,194,9,1]
[4096,1280,432,71,27,5,1]
[729,-81,-27,20,-3,-1,1]
[4096,0,0,-119,0,0,1]
[14641,121,36,1,1]
[4096,768,-176,-85,-11,3,1]
[256,0,48,44,-1,11,3,0,1]
[4096,-64,17,-1,1]
[14641,0,36,0,1]
[256,192,112,52,35,13,7,3,1]
[4096,768,272,123,17,3,1]
[4096,1024,-32,-83,-2,4,1]
[64,24,9,3,1]
[14641,847,-5,7,1]
[729,-405,108,-26,12,-5,1]
[15625,-3375,417,-27,1]
[256,-64,128,-36,39,-9,8,-1,1]
[16384,768,-1,6,1]
[15625,-625,-1,-5,1]
[256,-64,-16,16,-17,4,-1,-1,1]
[4096,-256,304,37,19,-1,1]
[14641,-2299,306,-19,1]
[16384,-2560,347,-20,1]
[6561,1701,253,21,1]
[729,0,45,-34,5,0,1]
[4096,-1536,512,-185,32,-6,1]
[625,175,26,7,1]
[15625,-125,244,-1,1]
[6561,0,-19,0,1]
[15625,-3125,371,-25,1]
[4096,1024,400,63,25,4,1]
[16384,1536,269,12,1]
[729,243,45,19,5,3,1]
[4096,1152,169,18,1]
[4096,-768,224,-65,14,-3,1]
[16384,0,105,0,1]
[256,-64,16,-24,19,-6,1,-1,1]
[256,-64,-48,0,23,0,-3,-1,1]
[4096,-256,528,-17,33,-1,1]
[512,-384,200,-75,25,-6,1]
[256,-64,80,-32,9,-8,5,-1,1]
[4096,2304,704,171,44,9,1]
[729,243,63,31,7,3,1]
[4096,-256,448,-53,28,-1,1]
[4096,-1024,352,-47,22,-4,1]
[14641,605,28,5,1]
[14641,1452,205,12,1]
[4096,-768,48,31,3,-3,1]
[4096,1024,-224,-125,-14,4,1]
[256,0,192,8,65,2,12,0,1]
[256,128,128,64,49,16,8,2,1]
[4096,2048,528,127,33,8,1]
[729,-324,54,4,6,-4,1]
[256,128,-16,0,9,0,-1,2,1]
[14641,-1936,192,-16,1]
[15625,875,34,7,1]
[14641,1573,45,13,1]
[256,-64,16,-32,13,-8,1,-1,1]
[15625,750,-42,6,1]
[15625,2875,291,23,1]
[256,0,-32,20,13,5,-2,0,1]
[256,-64,-64,4,27,1,-4,-1,1]
[729,-243,-18,40,-2,-3,1]
[4096,-768,400,-69,25,-3,1]
[256,-64,48,-12,21,-3,3,-1,1]
[729,-162,54,-23,6,-2,1]
[14641,605,-36,5,1]
[4096,768,288,-5,18,3,1]
[2401,-490,47,-10,1]
[4096,-768,-112,69,-7,-3,1]
[4096,-2304,432,-53,27,-9,1]
[729,-243,-36,47,-4,-3,1]
[14641,-363,-37,-3,1]
[4096,512,592,53,37,2,1]
[512,128,48,-11,6,2,1]
[14641,1694,162,14,1]
[4096,-1536,560,-125,35,-6,1]
[4096,-1280,400,-155,25,-5,1]
[14641,0,-169,0,1]
[15625,-875,188,-7,1]
[6561,1215,161,15,1]
[6561,-1134,91,-14,1]
[6561,1134,149,14,1]
[16384,896,167,7,1]
[15625,1625,72,13,1]
[4096,-1024,0,31,0,-4,1]
[256,-448,432,-288,157,-72,27,-7,1]
[256,-192,176,-60,41,-15,11,-3,1]
[2401,-49,44,-1,1]
[16384,640,169,5,1]
[4096,-512,176,-129,11,-2,1]
[4096,256,144,-25,9,1,1]
[2401,784,141,16,1]
[16384,2432,241,19,1]
[4096,-512,208,-1,13,-2,1]
[6561,-729,109,-9,1]
[4096,-512,-16,13,-1,-2,1]
[512,0,-48,-7,-6,0,1]
[4096,512,128,-21,8,2,1]
[729,-162,9,5,1,-2,1]
[14641,-847,118,-7,1]
[729,243,81,13,9,3,1]
[729,-162,135,-41,15,-2,1]
[4096,-256,-48,-51,-3,-1,1]
[625,75,-7,3,1]
[15625,3875,462,31,1]
[14641,1573,75,13,1]
[256,-64,-64,4,15,1,-4,-1,1]
[256,64,64,44,23,11,4,1,1]
[4096,1280,432,117,27,5,1]
[15625,-3375,407,-27,1]
[14641,363,182,3,1]
[4096,256,-16,-11,-1,1,1]
[4096,0,80,-15,5,0,1]
[15625,-625,158,-5,1]
[2401,196,-3,4,1]
[15625,1250,64,10,1]
[14641,2420,314,20,1]
[4096,256,-80,-31,-5,1,1]
[729,0,-10,0,1]
[14641,-3630,461,-30,1]
[16384,-768,-41,-6,1]
[16384,256,-27,2,1]
[14641,-2420,314,-20,1]
[729,162,-9,-44,-1,2,1]
[4096,-1536,432,-63,27,-6,1]
[4096,-1536,448,-119,28,-6,1]
[256,-64,0,24,-21,6,0,-1,1]
[256,-256,176,-104,57,-26,11,-4,1]
[15625,-750,-73,-6,1]
[4096,-320,97,-5,1]
[256,-320,240,-156,89,-39,15,-5,1]
[15625,1250,39,10,1]
[4096,2816,944,233,59,11,1]
[14641,-1331,172,-11,1]
[4096,-704,87,-11,1]
[4096,512,-64,-65,-4,2,1]
[14641,-968,24,-8,1]
[256,64,-16,8,15,2,-1,1,1]
[4096,1536,224,25,14,6,1]
[4096,-1536,576,-195,36,-6,1]
[4096,1536,352,37,22,6,1]
[729,-486,243,-89,27,-6,1]
[4096,768,32,9,2,3,1]
[729,162,-27,-46,-3,2,1]
[4096,-128,109,-2,1]
[15625,375,117,3,1]
[4096,2304,1008,289,63,9,1]
[15625,-625,251,-5,1]
[4096,2304,368,19,23,9,1]
[729,243,117,34,13,3,1]
[729,324,153,77,17,4,1]
[6561,-648,118,-8,1]
[4096,1024,560,101,35,4,1]
[512,-64,64,-7,8,-1,1]
[4096,-256,32,5,2,-1,1]
[4096,-1024,96,47,6,-4,1]
[4096,-2560,992,-281,62,-10,1]
[4096,-768,256,5,16,-3,1]
[1024,-256,29,-8,1]
[4096,1280,112,-47,7,5,1]
[4096,640,45,10,1]
[256,128,-16,24,37,6,-1,2,1]
[256,64,80,-4,9,-1,5,1,1]
[16384,-640,93,-5,1]
[256,64,128,24,43,6,8,1,1]
[512,-64,136,-11,17,-1,1]
[256,-192,128,-56,29,-14,8,-3,1]
[729,-729,432,-172,48,-9,1]
[14641,-363,6,-3,1]
[2401,49,-17,1,1]
[256,0,0,12,-7,3,0,0,1]
[4096,512,-48,-77,-3,2,1]
[256,-64,16,0,-5,0,1,-1,1]
[256,-320,192,-116,69,-29,12,-5,1]
[4096,768,304,73,19,3,1]
[16384,256,-149,2,1]
[4096,640,35,10,1]
[256,192,144,84,49,21,9,3,1]
[256,0,48,-12,1,-3,3,0,1]
[16384,-4736,593,-37,1]
[256,-64,96,24,11,6,6,-1,1]
[6561,648,73,8,1]
[4096,-3072,1296,-389,81,-12,1]
[256,-256,128,-64,33,-16,8,-4,1]
[4096,-768,-16,75,-1,-3,1]
[256,-64,-96,12,27,3,-6,-1,1]
[256,-64,-48,-8,27,-2,-3,-1,1]
[2401,-49,-29,-1,1]
[4096,-256,96,21,6,-1,1]
[4096,1280,-112,-109,-7,5,1]
[6561,-162,125,-2,1]
[4096,1792,496,109,31,7,1]
[4096,-2048,816,-253,51,-8,1]
[4096,256,400,63,25,1,1]
[729,-27,-26,-1,1]
[256,0,80,4,11,1,5,0,1]
[256,-64,16,16,-17,4,1,-1,1]
[4096,-2304,816,-207,51,-9,1]
[256,320,208,72,27,18,13,5,1]
[4096,-512,-128,63,-8,-2,1]
[15625,-375,-71,-3,1]
[16384,-384,-161,-3,1]
[14641,-1210,76,-10,1]
[729,-324,135,-62,15,-4,1]
[729,-567,225,-74,25,-7,1]
[256,-256,144,-44,11,-11,9,-4,1]
[625,75,13,3,1]
[4096,256,-224,-43,-14,1,1]
[729,-486,126,-19,14,-6,1]
[4096,768,-64,-1,-4,3,1]
[729,81,63,10,7,1,1]
[512,-128,80,-43,10,-2,1]
[4096,-256,32,49,2,-1,1]
[729,0,81,20,9,0,1]
[81,18,-5,2,1]
[4096,-1280,-48,107,-3,-5,1]
[625,0,43,0,1]
[15625,2750,248,22,1]
[729,-189,23,-7,1]
[4096,-768,416,-119,26,-3,1]
[4096,0,128,-35,8,0,1]
[6561,-1539,185,-19,1]
[15625,-1500,152,-12,1]
[4096,384,11,6,1]
[14641,968,-24,8,1]
[512,-448,248,-107,31,-7,1]
[14641,-484,48,-4,1]
[14641,2904,355,24,1]
[729,-324,189,-49,21,-4,1]
[512,-192,112,-35,14,-3,1]
[16384,-128,-183,-1,1]
[14641,1331,31,11,1]
[4096,768,256,41,16,3,1]
[4096,-768,0,65,0,-3,1]
[256,64,16,8,19,2,1,1,1]
[15625,125,171,1,1]
[4096,256,-80,15,-5,1,1]
[729,486,-9,-61,-1,6,1]
[4096,512,400,29,25,2,1]
[4096,-512,256,-81,16,-2,1]
[4096,3840,1856,567,116,15,1]
[4096,-512,160,-43,10,-2,1]
[4096,-1088,195,-17,1]
[64,0,4,5,1,0,1]
[4096,256,112,67,7,1,1]
[4096,1280,-16,-71,-1,5,1]
[256,64,160,32,49,8,10,1,1]
[14641,847,109,7,1]
[729,-81,117,-10,13,-1,1]
[4096,-1280,144,17,9,-5,1]
[256,192,80,68,45,17,5,3,1]
[1024,608,153,19,1]
[6561,-405,145,-5,1]
[4096,1536,672,141,42,6,1]
[256,-448,400,-248,129,-62,25,-7,1]
[256,64,32,24,9,6,2,1,1]
[729,-81,18,13,2,-1,1]
[4096,-768,288,-95,18,-3,1]
[256,384,384,264,149,66,24,6,1]
[4096,-768,-48,11,-3,-3,1]
[16384,-768,-95,-6,1]
[625,150,32,6,1]
[729,216,49,8,1]
[729,243,153,50,17,3,1]
[4096,-768,109,-12,1]
[14641,1210,65,10,1]
[4096,-512,32,-11,2,-2,1]
[4096,1280,592,163,37,5,1]
[256,-64,32,-20,-11,-5,2,-1,1]
[4096,192,11,3,1]
[4096,2560,976,271,61,10,1]
[729,81,108,32,12,1,1]
[4096,0,-96,19,-6,0,1]
[729,-162,36,-2,4,-2,1]
[4096,-768,192,-121,12,-3,1]
[14641,-1210,254,-10,1]
[4096,-2560,912,-235,57,-10,1]
[729,-81,72,-25,8,-1,1]
[15625,500,171,4,1]
[4096,-256,80,-15,5,-1,1]
[256,64,64,36,25,9,4,1,1]
[256,0,-32,0,-13,0,-2,0,1]
[4096,-1024,576,-105,36,-4,1]
[256,-128,112,-48,33,-12,7,-2,1]
[4096,-1024,208,-45,13,-4,1]
[4096,-1792,464,-113,29,-7,1]
[4096,-1280,448,-159,28,-5,1]
[16384,-4096,469,-32,1]
[15625,-625,117,-5,1]
[4096,64,-29,1,1]
[512,256,200,59,25,4,1]
[256,64,27,4,1]
[4096,0,-144,-43,-9,0,1]
[4096,-1280,432,-141,27,-5,1]
[256,-192,0,48,-29,12,0,-3,1]
[4096,512,-80,-29,-5,2,1]
[4096,0,-96,-33,-6,0,1]
[15625,-1125,141,-9,1]
[16384,1152,105,9,1]
[14641,-363,-135,-3,1]
[15625,250,76,2,1]
[4096,-1280,624,-163,39,-5,1]
[4096,768,64,23,4,3,1]
[14641,0,-95,0,1]
[256,-192,128,-84,41,-21,8,-3,1]
[4096,-256,224,45,14,-1,1]
[729,162,36,34,4,2,1]
[16,-16,9,-4,1]
[4096,-576,57,-9,1]
[14641,-1331,189,-11,1]
[4096,-1792,656,-157,41,-7,1]
[14641,-1089,-15,-9,1]
[4096,-512,32,47,2,-2,1]
[256,320,256,176,101,44,16,5,1]
[15625,1875,246,15,1]
[256,256,112,72,51,18,7,4,1]
[256,-80,21,-5,1]
[4096,-3840,1744,-519,109,-15,1]
[256,0,64,28,5,7,4,0,1]
[14641,-1452,241,-12,1]
[4096,-960,137,-15,1]
[4096,-512,384,-31,24,-2,1]
[4096,-1536,416,-115,26,-6,1]
[4096,320,-5,5,1]
[512,128,128,33,16,2,1]
[256,-320,224,-116,59,-29,14,-5,1]
[729,-324,81,-26,9,-4,1]
[15625,875,151,7,1]
[4096,-512,320,-105,20,-2,1]
[729,-324,18,8,2,-4,1]
[4096,1792,576,129,36,7,1]
[729,162,9,-19,1,2,1]
[512,128,72,1,9,2,1]
[15625,-2000,232,-16,1]
[4096,512,112,-23,7,2,1]
[14641,4477,582,37,1]
[4096,1792,352,47,22,7,1]
[4096,512,-16,-29,-1,2,1]
[4096,-256,288,-57,18,-1,1]
[729,162,54,13,6,2,1]
[4096,0,416,-5,26,0,1]
[4096,-2304,576,-111,36,-9,1]
[4096,768,48,37,3,3,1]
[4096,256,32,-57,2,1,1]
[256,-192,176,-128,59,-32,11,-3,1]
[4096,-768,576,-69,36,-3,1]
[4096,-1536,672,-193,42,-6,1]
[4096,0,48,-47,3,0,1]
[16384,-640,63,-5,1]
[15625,-4000,472,-32,1]
[4096,1024,352,57,22,4,1]
[4096,-1024,-176,125,-11,-4,1]
[14641,-1573,46,-13,1]
[6561,81,82,1,1]
[4096,1024,400,77,25,4,1]
[256,-128,48,12,-9,3,3,-2,1]
[15625,-3375,357,-27,1]
[4096,-1024,816,-127,51,-4,1]
[15625,-125,-118,-1,1]
[4096,-2304,784,-219,49,-9,1]
[4096,-1280,304,-91,19,-5,1]
[4096,-512,192,-81,12,-2,1]
[256,-64,0,12,11,3,0,-1,1]
[256,-64,64,0,15,0,4,-1,1]
[16384,1792,183,14,1]
[2401,392,32,8,1]
[16384,-1664,261,-13,1]
[16384,1280,151,10,1]
[14641,-1936,139,-16,1]
[4096,0,336,-41,21,0,1]
[4096,-1024,64,-15,4,-4,1]
[729,-81,27,10,3,-1,1]
[14641,0,-35,0,1]
[14641,121,-163,1,1]
[15625,-1125,261,-9,1]
[256,-256,256,-164,93,-41,16,-4,1]
[4096,-2560,1024,-319,64,-10,1]
[4096,0,96,-35,6,0,1]
[256,128,48,0,-17,0,3,2,1]
[4096,-256,320,-17,20,-1,1]
[729,0,-27,-5,-3,0,1]
[4096,-256,320,21,20,-1,1]
[6561,-243,-85,-3,1]
[4096,-1024,48,47,3,-4,1]
[256,-128,64,28,-13,7,4,-2,1]
[512,-64,48,9,6,-1,1]
[6561,-729,19,-9,1]
[729,-729,405,-161,45,-9,1]
[4096,-2048,1008,-263,63,-8,1]
[4096,-3584,1680,-505,105,-14,1]
[14641,2057,278,17,1]
[4096,-1024,80,-35,5,-4,1]
[4096,1280,416,157,26,5,1]
[4096,-64,-95,-1,1]
[4096,-832,115,-13,1]
[6561,324,-70,4,1]
[256,-64,112,-36,33,-9,7,-1,1]
[4096,-768,112,59,7,-3,1]
[256,64,32,40,13,10,2,1,1]
[729,-162,72,10,8,-2,1]
[625,-200,47,-8,1]
[4096,-1024,800,-125,50,-4,1]
[15625,-625,-107,-5,1]
[15625,-125,-72,-1,1]
[15625,625,146,5,1]
[4096,-512,0,35,0,-2,1]
[256,0,64,0,21,0,4,0,1]
[15625,1500,249,12,1]
[4096,-2048,976,-255,61,-8,1]
[4096,0,-32,-105,-2,0,1]
[16384,-128,-181,-1,1]
[15625,1375,27,11,1]
[256,-192,144,-56,27,-14,9,-3,1]
[4096,1024,464,121,29,4,1]
[16384,0,-219,0,1]
[4096,0,112,-11,7,0,1]
[256,256,48,-48,-39,-12,3,4,1]
[1024,0,-55,0,1]
[16384,1152,147,9,1]
[4096,1024,368,119,23,4,1]
[4096,-1024,368,-151,23,-4,1]
[256,64,64,44,17,11,4,1,1]
[15625,-3125,373,-25,1]
[4096,-1792,368,-39,23,-7,1]
[15625,3625,424,29,1]
[2401,-245,29,-5,1]
[4096,-768,288,-67,18,-3,1]
[729,-162,-27,32,-3,-2,1]
[256,0,64,8,21,2,4,0,1]
[4096,-1280,320,-111,20,-5,1]
[15625,-1625,227,-13,1]
[64,5,1]
[256,192,176,80,47,20,11,3,1]
[4096,-1024,160,-1,10,-4,1]
[14641,1694,150,14,1]
[729,81,99,16,11,1,1]
[512,64,128,15,16,1,1]
[121,19,1]
[14641,-363,118,-3,1]
[15625,-1750,171,-14,1]
[4096,-1024,576,-95,36,-4,1]
[16384,256,201,2,1]
[4096,-2304,400,-33,25,-9,1]
[16384,1280,55,10,1]
[256,-64,32,-4,1,-1,2,-1,1]
[729,648,333,128,37,8,1]
[15625,1875,257,15,1]
[729,-243,117,-49,13,-3,1]
[4096,1024,256,29,16,4,1]
[256,-256,240,-152,83,-38,15,-4,1]
[15625,1625,224,13,1]
[4096,1280,448,141,28,5,1]
[4096,-512,-128,33,-8,-2,1]
[4096,256,-192,-29,-12,1,1]
[256,-128,80,-48,37,-12,5,-2,1]
[14641,-121,81,-1,1]
[729,-81,90,-26,10,-1,1]
[256,-128,-32,36,-9,9,-2,-2,1]
[4096,-1280,240,-67,15,-5,1]
[256,128,64,48,19,12,4,2,1]
[729,324,144,61,16,4,1]
[15625,-1625,149,-13,1]
[4096,-256,48,-11,3,-1,1]
[256,-64,16,36,-9,9,1,-1,1]
[4096,-1280,464,-65,29,-5,1]
[4096,-768,240,-37,15,-3,1]
[4096,-256,480,-17,30,-1,1]
[15625,1875,184,15,1]
[14641,-1331,174,-11,1]
[256,192,80,12,1,3,5,3,1]
[729,-162,0,1,0,-2,1]
[4096,2816,1088,299,68,11,1]
[256,192,160,112,55,28,10,3,1]
[4096,0,128,45,8,0,1]
[64,-16,-4,11,-1,-1,1]
[14641,363,193,3,1]
[14641,2541,324,21,1]
[729,0,18,-5,2,0,1]
[15625,3125,391,25,1]
[729,-297,80,-11,1]
[729,-243,126,-26,14,-3,1]
[1024,-64,-27,-2,1]
[6561,1620,214,20,1]
[729,-810,423,-154,47,-10,1]
[4096,-256,80,-103,5,-1,1]
[4096,-1536,528,-187,33,-6,1]
[512,640,416,175,52,10,1]
[6561,567,1,7,1]
[15625,500,179,4,1]
[729,-486,171,-58,19,-6,1]
[4096,0,192,-47,12,0,1]
[4096,-256,160,-81,10,-1,1]
[4096,-1792,736,-187,46,-7,1]
[6561,-891,110,-11,1]
[4096,704,125,11,1]
[14641,605,196,5,1]
[4096,-256,192,-9,12,-1,1]
[15625,-3250,392,-26,1]
[14641,-4235,530,-35,1]
[729,0,-18,11,-2,0,1]
[729,-81,-18,47,-2,-1,1]
[6561,-972,104,-12,1]
[4096,-768,-96,61,-6,-3,1]
[729,-162,27,-23,3,-2,1]
[15625,-250,84,-2,1]
[4096,256,416,29,26,1,1]
[14641,726,150,6,1]
[15625,2625,264,21,1]
[15625,3250,386,26,1]
[4096,-512,109,-8,1]
[256,-320,208,-124,69,-31,13,-5,1]
[4096,1792,512,153,32,7,1]
[4096,1792,688,211,43,7,1]
[256,64,48,-4,13,-1,3,1,1]
[4096,-512,112,-43,7,-2,1]
[256,64,0,-32,-13,-8,0,1,1]
[512,-256,152,-59,19,-4,1]
[4096,-1024,240,-53,15,-4,1]
[4096,-2560,784,-183,49,-10,1]
[4096,0,400,7,25,0,1]
[14641,3025,398,25,1]
[14641,-121,24,-1,1]
[15625,-3000,392,-24,1]
[4096,-256,288,-69,18,-1,1]
[512,-768,544,-237,68,-12,1]
[4096,1280,640,137,40,5,1]
[256,384,336,236,135,59,21,6,1]
[4096,2048,608,155,38,8,1]
[4096,-512,80,-19,5,-2,1]
[729,162,135,25,15,2,1]
[4096,1792,416,109,26,7,1]
[729,0,27,-14,3,0,1]
[4096,-512,-96,21,-6,-2,1]
[4096,256,256,21,16,1,1]
[14641,-242,-52,-2,1]
[15625,125,-17,1,1]
[2401,-833,159,-17,1]
[512,-128,112,-33,14,-2,1]
[4096,-1536,576,-115,36,-6,1]
[4096,1792,288,11,18,7,1]
[256,-192,176,-80,51,-20,11,-3,1]
[512,256,-48,-57,-6,4,1]
[4096,-1536,384,-73,24,-6,1]
[729,-243,54,-4,6,-3,1]
[4096,1536,352,65,22,6,1]
[4096,-1280,-240,163,-15,-5,1]
[4096,-256,-48,-5,-3,-1,1]
[14641,242,-71,2,1]
[4096,-1280,608,-161,38,-5,1]
[15625,1875,141,15,1]
[256,384,288,144,65,36,18,6,1]
[256,-256,208,-128,63,-32,13,-4,1]
[4096,1280,448,105,28,5,1]
[256,-192,80,20,-21,5,5,-3,1]
[4096,-3328,1456,-431,91,-13,1]
[512,256,160,43,20,4,1]
[256,-128,112,-32,31,-8,7,-2,1]
[4096,0,32,9,2,0,1]
[4096,-512,256,-11,16,-2,1]
[2401,784,134,16,1]
[512,-192,80,-39,10,-3,1]
[4096,1536,544,159,34,6,1]
[256,64,80,4,25,1,5,1,1]
[4096,256,-64,-37,-4,1,1]
[256,-128,128,-64,39,-16,8,-2,1]
[15625,500,158,4,1]
[4096,512,448,43,28,2,1]
[729,-405,45,10,5,-5,1]
[256,64,-16,-28,-9,-7,-1,1,1]
[16384,896,17,7,1]
[4096,-768,80,57,5,-3,1]
[256,-128,32,8,-13,2,2,-2,1]
[6561,-972,136,-12,1]
[15625,-1125,27,-9,1]
[512,512,272,109,34,8,1]
[729,-243,189,-47,21,-3,1]
[14641,-121,116,-1,1]
[4096,-256,-32,-55,-2,-1,1]
[729,729,441,178,49,9,1]
[729,-405,99,-13,11,-5,1]
[2401,735,128,15,1]
[4096,-768,-96,105,-6,-3,1]
[14641,-363,125,-3,1]
[256,-384,336,-236,133,-59,21,-6,1]
[729,-162,126,-8,14,-2,1]
[512,192,48,7,6,3,1]
[2401,-539,78,-11,1]
[4096,0,0,-67,0,0,1]
[6561,1053,119,13,1]
[256,64,112,48,27,12,7,1,1]
[4096,-768,-80,27,-5,-3,1]
[4096,256,-144,17,-9,1,1]
[4096,1280,176,13,11,5,1]
[4096,-1024,176,-7,11,-4,1]
[14641,-1331,197,-11,1]
[15625,2000,208,16,1]
[4096,-1792,704,-215,44,-7,1]
[256,64,-48,-4,13,-1,-3,1,1]
[4096,256,-176,-9,-11,1,1]
[4096,-768,304,-85,19,-3,1]
[14641,-1452,189,-12,1]
[4096,256,80,65,5,1,1]
[4096,512,-208,-41,-13,2,1]
[4096,1280,144,15,9,5,1]
[256,-320,288,-168,93,-42,18,-5,1]
[15625,1875,209,15,1]
[4096,-512,640,-53,40,-2,1]
[729,486,207,80,23,6,1]
[256,0,-16,-16,-3,-4,-1,0,1]
[512,128,-24,-29,-3,2,1]
[729,-567,162,-35,18,-7,1]
[14641,2299,177,19,1]
[16384,-3456,403,-27,1]
[4096,-1536,592,-161,37,-6,1]
[2401,-49,-16,-1,1]
[4096,-1792,688,-223,43,-7,1]
[256,64,16,16,31,4,1,1,1]
[14641,-121,-212,-1,1]
[4096,0,-192,9,-12,0,1]
[4096,-1280,208,-49,13,-5,1]
[729,-243,99,-35,11,-3,1]
[729,-405,225,-68,25,-5,1]
[4096,-512,-96,63,-6,-2,1]
[16384,1536,277,12,1]
[4096,-256,160,-47,10,-1,1]
[256,192,144,60,33,15,9,3,1]
[15625,250,-113,2,1]
[4096,-1280,32,53,2,-5,1]
[15625,-2750,243,-22,1]
[256,0,112,32,25,8,7,0,1]
[4096,-512,352,-85,22,-2,1]
[729,-54,-22,-2,1]
[256,0,-32,0,27,0,-2,0,1]
[256,-128,16,-12,9,-3,1,-2,1]
[4096,0,128,13,8,0,1]
[4096,-1024,416,-79,26,-4,1]
[256,192,160,48,33,12,10,3,1]
[15625,1500,267,12,1]
[16384,-2176,187,-17,1]
[14641,-1089,240,-9,1]
[256,-128,-32,12,9,3,-2,-2,1]
[4096,256,224,85,14,1,1]
[6561,1458,235,18,1]
[256,-64,48,-20,19,-5,3,-1,1]
[4096,768,-144,-133,-9,3,1]
[4096,-1024,224,-19,14,-4,1]
[4096,-768,-16,83,-1,-3,1]
[256,-384,272,-152,81,-38,17,-6,1]
[4096,1280,272,19,17,5,1]
[256,192,96,4,-9,1,6,3,1]
[14641,3267,370,27,1]
[4096,1280,272,103,17,5,1]
[4096,1280,368,43,23,5,1]
[14641,1089,162,9,1]
[625,0,-36,0,1]
[14641,2783,289,23,1]
[512,448,216,81,27,7,1]
[4096,-512,32,-77,2,-2,1]
[256,128,0,-20,-5,-5,0,2,1]
[4096,256,128,-71,8,1,1]
[512,-128,80,1,10,-2,1]
[256,-320,304,-200,117,-50,19,-5,1]
[256,128,80,44,5,11,5,2,1]
[256,-128,64,-60,33,-15,4,-2,1]
[4096,1792,96,-67,6,7,1]
[4096,-1536,496,-95,31,-6,1]
[256,0,96,56,11,14,6,0,1]
[16384,2048,257,16,1]
[4096,2048,128,-65,8,8,1]
[6561,567,107,7,1]
[4096,0,-16,-61,-1,0,1]
[256,0,-16,0,-23,0,-1,0,1]
[4096,256,432,23,27,1,1]
[256,0,64,16,15,4,4,0,1]
[14641,242,221,2,1]
[128,5,1]
[14641,1452,91,12,1]
[4096,768,288,7,18,3,1]
[6561,-324,-74,-4,1]
[14641,2541,287,21,1]
[4096,-256,64,53,4,-1,1]
[729,567,252,92,28,7,1]
[6561,810,116,10,1]
[729,162,72,56,8,2,1]
[14641,484,-141,4,1]
[256,256,144,56,29,14,9,4,1]
[64,16,8,15,2,1,1]
[15625,750,-23,6,1]
[16384,896,115,7,1]
[256,-192,32,36,-35,9,2,-3,1]
[4096,-128,-81,-2,1]
[6561,243,124,3,1]
[16384,512,39,4,1]
[4096,-1024,192,-9,12,-4,1]
[16384,-256,-187,-2,1]
[729,-81,135,-25,15,-1,1]
[15625,2375,198,19,1]
[15625,1625,58,13,1]
[729,162,-18,-11,-2,2,1]
[4096,-768,-192,101,-12,-3,1]
[256,-128,128,-64,41,-16,8,-2,1]
[4096,-256,304,-9,19,-1,1]
[4096,0,-192,11,-12,0,1]
[4096,-512,112,-59,7,-2,1]
[729,-162,-54,43,-6,-2,1]
[64,48,8,-3,2,3,1]
[729,-405,180,-50,20,-5,1]
[15625,-750,158,-6,1]
[256,192,80,48,31,12,5,3,1]
[512,-256,-32,47,-4,-4,1]
[729,-486,134,-18,1]
[14641,2178,232,18,1]
[4096,-256,-128,41,-8,-1,1]
[4096,-1280,640,-157,40,-5,1]
[4096,0,480,-5,30,0,1]
[4096,3584,1552,451,97,14,1]
[4096,768,624,81,39,3,1]
[4096,-768,176,-65,11,-3,1]
[729,243,81,37,9,3,1]
[4096,768,384,109,24,3,1]
[4096,0,192,65,12,0,1]
[4096,576,87,9,1]
[256,-256,80,4,-11,1,5,-4,1]
[16384,-1664,159,-13,1]
[14641,605,-94,5,1]
[14641,484,78,4,1]
[512,-448,264,-115,33,-7,1]
[4096,512,80,15,5,2,1]
[15625,-1125,13,-9,1]
[4096,256,80,59,5,1,1]
[14641,1331,46,11,1]
[6561,-2106,319,-26,1]
[14641,1936,222,16,1]
[729,405,81,-1,9,5,1]
[4096,768,144,-9,9,3,1]
[4096,1280,576,163,36,5,1]
[4096,-1792,640,-169,40,-7,1]
[512,-320,48,3,6,-5,1]
[4096,1536,240,31,15,6,1]
[4096,768,368,19,23,3,1]
[729,-81,-18,17,-2,-1,1]
[6561,81,131,1,1]
[256,320,288,196,103,49,18,5,1]
[15625,375,136,3,1]
[14641,-605,217,-5,1]
[256,192,96,44,27,11,6,3,1]
[256,64,176,36,59,9,11,1,1]
[256,0,32,20,19,5,2,0,1]
[729,-81,18,-4,2,-1,1]
[15625,-750,-36,-6,1]
[256,-192,32,44,-41,11,2,-3,1]
[256,64,64,-8,7,-2,4,1,1]
[15625,-1500,271,-12,1]
[4096,-2048,608,-153,38,-8,1]
[256,64,-64,-4,25,-1,-4,1,1]
[256,128,32,-12,-15,-3,2,2,1]
[4096,-3072,1392,-417,87,-12,1]
[14641,-2904,380,-24,1]
[4096,1280,64,-57,4,5,1]
[4096,-512,640,-49,40,-2,1]
[729,-243,9,11,1,-3,1]
[729,-81,27,-37,3,-1,1]
[4096,1280,448,123,28,5,1]
[4096,3072,1104,287,69,12,1]
[6561,324,116,4,1]
[4096,-2560,1024,-303,64,-10,1]
[14641,0,-193,0,1]
[4096,1792,896,223,56,7,1]
[14641,-605,147,-5,1]
[6561,-243,-88,-3,1]
[729,567,297,122,33,7,1]
[4096,-512,560,-47,35,-2,1]
[15625,-1000,-9,-8,1]
[15625,250,-94,2,1]
[4096,-3328,1312,-367,82,-13,1]
[15625,1125,104,9,1]
[16384,-640,1,-5,1]
[4096,-256,0,-21,0,-1,1]
[4096,256,16,81,1,1,1]
[4096,768,-192,-127,-12,3,1]
[16384,-768,187,-6,1]
[256,-128,80,-44,5,-11,5,-2,1]
[256,0,48,40,7,10,3,0,1]
[6561,-1620,254,-20,1]
[15625,750,121,6,1]
[4096,1280,160,35,10,5,1]
[16384,2560,279,20,1]
[14641,-3267,376,-27,1]
[4096,1792,192,-25,12,7,1]
[4096,-256,224,-35,14,-1,1]
[4096,-384,7,-6,1]
[4096,-2048,496,-101,31,-8,1]
[256,128,-16,-24,-9,-6,-1,2,1]
[6561,1782,280,22,1]
[64,-16,20,-9,5,-1,1]
[4096,512,512,77,32,2,1]
[15625,875,-78,7,1]
[6561,-810,88,-10,1]
[4096,4608,2384,743,149,18,1]
[4096,2048,880,245,55,8,1]
[4096,640,71,10,1]
[4096,-64,-11,-1,1]
[4096,1024,-32,-99,-2,4,1]
[256,-64,32,16,-19,4,2,-1,1]
[4096,-2048,752,-177,47,-8,1]
[256,64,112,40,33,10,7,1,1]
[4096,-768,160,-11,10,-3,1]
[512,-384,152,-53,19,-6,1]
[512,384,216,79,27,6,1]
[14641,1936,300,16,1]
[15625,-500,26,-4,1]
[256,192,128,84,41,21,8,3,1]
[4096,-3584,1744,-529,109,-14,1]
[729,162,126,37,14,2,1]
[4096,1536,400,93,25,6,1]
[729,-405,27,28,3,-5,1]
[4096,0,48,55,3,0,1]
[14641,-2178,158,-18,1]
[2401,735,124,15,1]
[512,-64,56,-21,7,-1,1]
[4096,256,272,83,17,1,1]
[512,0,16,15,2,0,1]
[4096,1024,240,19,15,4,1]
[14641,-726,-89,-6,1]
[15625,-1750,182,-14,1]
[4096,512,464,65,29,2,1]
[4096,-768,352,-87,22,-3,1]
[4096,0,48,-103,3,0,1]
[4096,2816,1040,295,65,11,1]
[729,-162,-9,1,-1,-2,1]
[4096,-1280,144,-25,9,-5,1]
[14641,1210,218,10,1]
[15625,3625,449,29,1]
[4096,-320,43,-5,1]
[256,-64,80,-52,9,-13,5,-1,1]
[4096,-768,688,-95,43,-3,1]
[14641,-3388,409,-28,1]
[14641,2299,323,19,1]
[14641,1452,182,12,1]
[14641,-484,-93,-4,1]
[15625,1750,211,14,1]
[15625,375,131,3,1]
[16384,-384,147,-3,1]
[729,-162,45,1,5,-2,1]
[4096,-3584,1584,-463,99,-14,1]
[256,192,80,-24,-19,-6,5,3,1]
[256,0,48,16,-1,4,3,0,1]
[4096,1792,656,143,41,7,1]
[256,256,192,96,53,24,12,4,1]
[625,-125,12,-5,1]
[256,64,64,8,1,2,4,1,1]
[15625,-2625,228,-21,1]
[4096,256,224,-29,14,1,1]
[15625,125,206,1,1]
[4096,0,-80,-37,-5,0,1]
[256,-320,256,-172,97,-43,16,-5,1]
[6561,-243,109,-3,1]
[14641,1331,206,11,1]
[4096,-1792,416,-103,26,-7,1]
[4096,512,-112,3,-7,2,1]
[4096,-1024,176,-75,11,-4,1]
[4096,-1536,464,-89,29,-6,1]
[729,-243,108,-23,12,-3,1]
[256,192,144,80,49,20,9,3,1]
[4096,1280,640,161,40,5,1]
[14641,242,188,2,1]
[15625,750,79,6,1]
[4096,512,448,25,28,2,1]
[2401,-882,165,-18,1]
[14641,-2783,314,-23,1]
[4096,-1280,96,-7,6,-5,1]
[4096,0,256,7,16,0,1]
[256,-192,48,8,-13,2,3,-3,1]
[4096,1280,-80,-119,-5,5,1]
[512,-256,56,-11,7,-4,1]
[64,-16,-8,13,-2,-1,1]
[256,-192,48,16,-11,4,3,-3,1]
[512,-384,96,-15,12,-6,1]
[4096,512,224,65,14,2,1]
[4096,0,16,51,1,0,1]
[256,64,32,-32,-13,-8,2,1,1]
[4096,768,480,111,30,3,1]
[256,192,16,-24,-11,-6,1,3,1]
[729,162,63,23,7,2,1]
[4096,1024,-48,-59,-3,4,1]
[15625,1875,228,15,1]
[256,-64,-80,20,13,5,-5,-1,1]
[14641,1936,194,16,1]
[4096,768,608,99,38,3,1]
[4096,-1280,560,-129,35,-5,1]
[4096,1024,-96,-85,-6,4,1]
[256,-128,0,12,1,3,0,-2,1]
[4096,-768,400,-47,25,-3,1]
[256,256,208,140,71,35,13,4,1]
[256,-128,96,0,3,0,6,-2,1]
[512,192,88,27,11,3,1]
[15625,250,-139,2,1]
[14641,1936,205,16,1]
[14641,1815,119,15,1]
[4096,1280,80,-31,5,5,1]
[4096,1024,192,-23,12,4,1]
[15625,-1250,221,-10,1]
[256,128,48,0,-1,0,3,2,1]
[14641,726,223,6,1]
[256,-128,96,-68,37,-17,6,-2,1]
[729,-729,396,-152,44,-9,1]
[729,324,99,41,11,4,1]
[4096,-256,-32,-23,-2,-1,1]
[16384,1024,-21,8,1]
[4096,-256,160,59,10,-1,1]
[729,-162,-18,11,-2,-2,1]
[14641,1452,267,12,1]
[16384,256,-5,2,1]
[256,64,-80,-8,19,-2,-5,1,1]
[14641,1210,80,10,1]
[4096,-1280,448,-109,28,-5,1]
[512,-320,152,-47,19,-5,1]
[4096,2560,880,241,55,10,1]
[256,-32,11,-2,1]
[14641,1936,235,16,1]
[4096,-2048,608,-163,38,-8,1]
[256,-64,0,16,-19,4,0,-1,1]
[256,0,96,-24,27,-6,6,0,1]
[4096,256,-32,-21,-2,1,1]
[14641,2057,235,17,1]
[6561,-648,89,-8,1]
[1024,-288,83,-9,1]
[4096,0,208,-49,13,0,1]
[4096,1536,496,107,31,6,1]
[256,64,16,8,-13,2,1,1,1]
[16384,128,-131,1,1]
[256,128,32,24,15,6,2,2,1]
[256,128,48,16,21,4,3,2,1]
[729,-486,234,-95,26,-6,1]
[4096,-512,80,-47,5,-2,1]
[4096,-576,147,-9,1]
[15625,-250,-153,-2,1]
[4096,768,-80,-53,-5,3,1]
[16384,1024,139,8,1]
[14641,3267,380,27,1]
[15625,875,189,7,1]
[4096,-3328,1440,-431,90,-13,1]
[4096,-1536,496,-171,31,-6,1]
[4096,-1664,295,-26,1]
[4096,2816,1328,383,83,11,1]
[16384,-1536,55,-12,1]
[729,-27,49,-1,1]
[4096,2816,1232,347,77,11,1]
[16384,-1792,157,-14,1]
[14641,-1694,152,-14,1]
[256,-256,208,-112,65,-28,13,-4,1]
[2401,0,36,0,1]
[4096,0,48,-93,3,0,1]
[625,0,42,0,1]
[16384,384,21,3,1]
[256,128,16,16,11,4,1,2,1]
[16384,-896,87,-7,1]
[14641,-1694,148,-14,1]
[14641,0,12,0,1]
[4096,256,208,-35,13,1,1]
[256,128,128,32,33,8,8,2,1]
[729,-324,135,-41,15,-4,1]
[15625,-3000,388,-24,1]
[256,-64,80,-24,25,-6,5,-1,1]
[4096,-1536,480,-155,30,-6,1]
[4096,0,0,109,0,0,1]
[4096,512,592,41,37,2,1]
[4096,-1024,208,-55,13,-4,1]
[15625,1250,17,10,1]
[512,-64,40,-3,5,-1,1]
[15625,2625,316,21,1]
[256,192,16,-48,-37,-12,1,3,1]
[15625,250,26,2,1]
[4096,-2816,1056,-295,66,-11,1]
[2401,147,54,3,1]
[512,0,-16,-9,-2,0,1]
[256,-64,48,-8,-9,-2,3,-1,1]
[14641,1331,84,11,1]
[256,256,208,112,65,28,13,4,1]
[4096,-3584,1696,-517,106,-14,1]
[4096,-1024,-144,87,-9,-4,1]
[4096,1536,48,-55,3,6,1]
[16384,1152,197,9,1]
[4096,1024,-144,-99,-9,4,1]
[2401,637,96,13,1]
[6561,405,-71,5,1]
[512,0,-16,13,-2,0,1]
[256,0,-64,12,13,3,-4,0,1]
[15625,1625,272,13,1]
[15625,0,182,0,1]
[15625,-1750,111,-14,1]
[256,-128,64,-24,23,-6,4,-2,1]
[256,64,-32,12,21,3,-2,1,1]
[625,-225,61,-9,1]
[512,-384,240,-87,30,-6,1]
[256,0,96,-16,27,-4,6,0,1]
[256,0,80,56,5,14,5,0,1]
[256,256,192,124,75,31,12,4,1]
[4096,768,208,-9,13,3,1]
[256,-64,16,-32,9,-8,1,-1,1]
[15625,125,-164,1,1]
[729,-81,99,2,11,-1,1]
[16384,1792,187,14,1]
[256,-384,272,-120,49,-30,17,-6,1]
[512,-64,48,-9,6,-1,1]
[4096,256,96,-65,6,1,1]
[4096,-1792,544,-149,34,-7,1]
[6561,-405,133,-5,1]
[256,64,-32,-20,-11,-5,-2,1,1]
[1024,-128,5,-4,1]
[256,-64,32,12,3,3,2,-1,1]
[256,0,0,4,-9,1,0,0,1]
[15625,3375,367,27,1]
[4096,-768,368,-95,23,-3,1]
[15625,-1625,279,-13,1]
[4096,768,208,69,13,3,1]
[15625,-125,104,-1,1]
[512,-128,-32,13,-4,-2,1]
[729,-162,-36,31,-4,-2,1]
[6561,-1296,160,-16,1]
[15625,-125,116,-1,1]
[4096,-1280,384,-75,24,-5,1]
[14641,-1452,200,-12,1]
[14641,-2904,348,-24,1]
[6561,-1701,271,-21,1]
[729,-486,225,-82,25,-6,1]
[4096,1280,224,-11,14,5,1]
[4096,-2304,592,-115,37,-9,1]
[729,27,7,1,1]
[256,-192,16,24,-9,6,1,-3,1]
[14641,-1452,138,-12,1]
[4096,512,16,35,1,2,1]
[4096,512,96,-73,6,2,1]
[4096,1536,576,183,36,6,1]
[256,-128,48,-12,-7,-3,3,-2,1]
[729,0,72,1,8,0,1]
[16384,1152,141,9,1]
[15625,-1125,259,-9,1]
[15625,3750,442,30,1]
[16384,-1536,135,-12,1]
[4096,1536,640,143,40,6,1]
[256,-64,-48,0,25,0,-3,-1,1]
[4096,-1792,176,13,11,-7,1]
[4096,256,32,67,2,1,1]
[4096,-768,560,-79,35,-3,1]
[4096,512,80,11,5,2,1]
[4096,0,16,-65,1,0,1]
[16384,-1536,163,-12,1]
[4096,3072,1328,397,83,12,1]
[15625,375,194,3,1]
[256,0,-27,0,1]
[4096,1280,672,125,42,5,1]
[4096,-2816,752,-151,47,-11,1]
[4096,0,16,27,1,0,1]
[4096,768,96,-31,6,3,1]
[14641,968,172,8,1]
[4096,2304,464,57,29,9,1]
[4096,256,208,71,13,1,1]
[16384,5120,653,40,1]
[1024,128,57,4,1]
[4096,1536,352,89,22,6,1]
[4096,-1024,464,-107,29,-4,1]
[4096,0,560,-15,35,0,1]
[4096,1280,608,131,38,5,1]
[4096,704,119,11,1]
[6561,1620,253,20,1]
[4096,1792,640,207,40,7,1]
[15625,500,163,4,1]
[256,-128,-32,24,-7,6,-2,-2,1]
[16384,0,-187,0,1]
[4096,-768,0,3,0,-3,1]
[4096,1536,528,187,33,6,1]
[15625,-2375,337,-19,1]
[4096,1536,64,-59,4,6,1]
[4096,256,480,9,30,1,1]
[4096,1280,480,143,30,5,1]
[16384,128,-199,1,1]
[14641,-363,147,-3,1]
[4096,512,112,61,7,2,1]
[16384,-1408,183,-11,1]
[16384,128,57,1,1]
[6561,-1863,272,-23,1]
[16384,128,-21,1,1]
[2401,0,72,0,1]
[14641,3751,471,31,1]
[4096,768,176,-7,11,3,1]
[4096,2304,960,253,60,9,1]
[256,448,400,260,141,65,25,7,1]
[15625,-1375,48,-11,1]
[14641,121,-127,1,1]
[4096,-1024,256,-15,16,-4,1]
[4096,-768,-80,91,-5,-3,1]
[4096,-1280,64,55,4,-5,1]
[4096,1792,192,-21,12,7,1]
[4096,1280,656,131,41,5,1]
[14641,-1573,100,-13,1]
[4096,2048,880,225,55,8,1]
[14641,-363,179,-3,1]
[4096,-3072,1200,-341,75,-12,1]
[4096,-512,-32,59,-2,-2,1]
[4096,-1344,213,-21,1]
[4096,256,32,19,2,1,1]
[4096,256,336,-5,21,1,1]
[256,-64,96,16,15,4,6,-1,1]
[4096,256,176,63,11,1,1]
[14641,847,142,7,1]
[256,256,224,148,83,37,14,4,1]
[729,-486,189,-59,21,-6,1]
[14641,121,150,1,1]
[15625,625,227,5,1]
[4096,512,-32,7,-2,2,1]
[4096,512,-16,-103,-1,2,1]
[6561,162,145,2,1]
[6561,-1539,239,-19,1]
[14641,847,217,7,1]
[4096,512,64,-5,4,2,1]
[4096,2560,624,119,39,10,1]
[4096,512,448,55,28,2,1]
[4096,0,288,19,18,0,1]
[4096,-768,352,-31,22,-3,1]
[6561,405,-58,5,1]
[16384,-768,183,-6,1]
[4096,1280,224,17,14,5,1]
[15625,750,-84,6,1]
[256,64,-32,-16,-1,-4,-2,1,1]
[4096,0,-96,33,-6,0,1]
[4096,0,-160,15,-10,0,1]
[4096,-1792,-64,135,-4,-7,1]
[256,0,-32,16,1,4,-2,0,1]
[256,-192,32,-16,17,-4,2,-3,1]
[256,0,80,-44,11,-11,5,0,1]
[15625,-2125,202,-17,1]
[4096,512,240,23,15,2,1]
[4096,512,0,-93,0,2,1]
[625,0,6,0,1]
[2401,490,69,10,1]
[4096,-256,240,-13,15,-1,1]
[4096,-1024,160,5,10,-4,1]
[4096,-2304,432,-47,27,-9,1]
[15625,-2000,152,-16,1]
[6561,-1458,179,-18,1]
[256,256,160,88,43,22,10,4,1]
[14641,605,-21,5,1]
[4096,512,176,-11,11,2,1]
[14641,-121,-84,-1,1]
[14641,2299,222,19,1]
[256,-320,224,-112,53,-28,14,-5,1]
[4096,1792,544,151,34,7,1]
[4096,768,224,11,14,3,1]
[14641,1210,212,10,1]
[14641,605,199,5,1]
[4096,256,80,67,5,1,1]
[16384,-512,123,-4,1]
[4096,256,352,-11,22,1,1]
[4096,768,-96,-33,-6,3,1]
[4096,-256,144,-81,9,-1,1]
[729,-81,18,-7,2,-1,1]
[4096,-1024,336,-155,21,-4,1]
[4096,-256,-112,15,-7,-1,1]
[4096,-2560,1088,-321,68,-10,1]
[256,-128,80,-36,29,-9,5,-2,1]
[14641,1936,170,16,1]
[14641,3267,401,27,1]
[15625,-3000,339,-24,1]
[15625,1125,-7,9,1]
[6561,243,91,3,1]
[4096,2304,672,161,42,9,1]
[15625,1375,199,11,1]
[4096,0,320,21,20,0,1]
[256,192,96,32,19,8,6,3,1]
[15625,-125,-183,-1,1]
[4096,-512,368,-11,23,-2,1]
[4096,-1280,400,-153,25,-5,1]
[4096,0,448,-25,28,0,1]
[16384,-512,171,-4,1]
[15625,-3375,426,-27,1]
[1024,0,-25,0,1]
[16384,-640,-5,-5,1]
[4096,1792,672,157,42,7,1]
[15625,3000,351,24,1]
[2401,294,64,6,1]
[729,972,612,245,68,12,1]
[4096,768,-112,-107,-7,3,1]
[14641,1089,107,9,1]
[14641,3751,449,31,1]
[512,-192,144,-35,18,-3,1]
[256,64,64,32,21,8,4,1,1]
[4096,512,160,7,10,2,1]
[4096,256,464,5,29,1,1]
[256,-256,224,-128,75,-32,14,-4,1]
[64,-32,4,3,1,-2,1]
[729,0,-18,-10,-2,0,1]
[16384,1152,89,9,1]
[14641,-484,126,-4,1]
[15625,2000,219,16,1]
[256,128,48,40,19,10,3,2,1]
[16384,1536,79,12,1]
[15625,375,-164,3,1]
[4096,1536,544,105,34,6,1]
[4096,768,157,12,1]
[256,320,112,-28,-35,-7,7,5,1]
[4096,-1024,368,-115,23,-4,1]
[729,162,36,-22,4,2,1]
[16384,3328,337,26,1]
[256,-192,96,-48,27,-12,6,-3,1]
[729,-567,324,-124,36,-7,1]
[729,-81,90,-34,10,-1,1]
[512,128,136,35,17,2,1]
[15625,3125,323,25,1]
[14641,2420,273,20,1]
[4096,-2304,448,-61,28,-9,1]
[512,192,88,43,11,3,1]
[4096,-512,256,-33,16,-2,1]
[4096,-256,208,13,13,-1,1]
[729,-81,-36,-4,-4,-1,1]
[4096,2304,912,241,57,9,1]
[15625,375,213,3,1]
[15625,-1000,251,-8,1]
[15625,-3250,387,-26,1]
[4096,256,624,23,39,1,1]
[729,243,81,50,9,3,1]
[256,0,0,0,13,0,0,0,1]
[4096,-2048,624,-137,39,-8,1]
[15625,-1125,122,-9,1]
[4096,768,352,35,22,3,1]
[14641,-2662,258,-22,1]
[4096,-256,384,-37,24,-1,1]
[6561,243,119,3,1]
[4096,1280,496,93,31,5,1]
[256,128,96,24,11,6,6,2,1]
[512,-256,104,-31,13,-4,1]
[256,-320,288,-184,105,-46,18,-5,1]
[729,-162,53,-6,1]
[15625,-3500,441,-28,1]
[6561,-1782,262,-22,1]
[14641,1694,258,14,1]
[729,-567,270,-104,30,-7,1]
[64,64,24,7,6,4,1]
[4096,512,128,51,8,2,1]
[4096,2048,736,235,46,8,1]
[256,128,80,-36,-15,-9,5,2,1]
[4096,-256,128,67,8,-1,1]
[15625,3875,483,31,1]
[256,0,0,0,9,0,0,0,1]
[14641,2541,241,21,1]
[256,0,-16,8,9,2,-1,0,1]
[4096,512,336,53,21,2,1]
[729,162,36,-23,4,2,1]
[16384,1408,89,11,1]
[4096,256,-160,-75,-10,1,1]
[4096,1536,288,55,18,6,1]
[14641,121,-179,1,1]
[256,-192,112,-52,31,-13,7,-3,1]
[4096,-3584,1664,-503,104,-14,1]
[16384,384,95,3,1]
[14641,605,39,5,1]
[4096,-512,288,-19,18,-2,1]
[6561,-891,172,-11,1]
[4096,-3584,1696,-511,106,-14,1]
[256,320,256,176,99,44,16,5,1]
[729,-81,27,-19,3,-1,1]
[14641,2420,257,20,1]
[256,128,144,80,47,20,9,2,1]
[14641,1573,81,13,1]
[256,0,0,4,13,1,0,0,1]
[256,-128,96,-72,29,-18,6,-2,1]
[256,0,-32,-16,9,-4,-2,0,1]
[4096,1280,224,1,14,5,1]
[256,192,32,48,49,12,2,3,1]
[512,128,72,43,9,2,1]
[256,0,0,16,-11,4,0,0,1]
[2401,0,3,0,1]
[256,64,112,16,29,4,7,1,1]
[4096,-512,592,-67,37,-2,1]
[4096,1536,624,141,39,6,1]
[4096,1536,224,27,14,6,1]
[4096,256,160,-25,10,1,1]
[729,81,54,23,6,1,1]
[256,192,80,36,15,9,5,3,1]
[4096,1024,400,137,25,4,1]
[256,-64,80,-48,21,-12,5,-1,1]
[4096,512,176,25,11,2,1]
[15625,3875,448,31,1]
[4096,256,80,-37,5,1,1]
[256,-64,0,20,3,5,0,-1,1]
[4096,-512,256,-99,16,-2,1]
[4096,1536,208,-5,13,6,1]
[256,-192,160,-100,51,-25,10,-3,1]
[512,-320,128,-55,16,-5,1]
[729,-405,45,20,5,-5,1]
[729,81,36,7,4,1,1]
[4096,768,16,5,1,3,1]
[2401,-147,83,-3,1]
[4096,0,208,73,13,0,1]
[4096,768,416,91,26,3,1]
[512,448,232,89,29,7,1]
[4096,768,240,43,15,3,1]
[14641,-2541,245,-21,1]
[16384,3584,439,28,1]
[16384,-1024,227,-8,1]
[15625,1000,207,8,1]
[4096,1536,432,73,27,6,1]
[4096,-2048,800,-211,50,-8,1]
[4096,256,80,9,5,1,1]
[4096,1536,-48,-115,-3,6,1]
[729,243,198,46,22,3,1]
[625,175,52,7,1]
[4096,-256,432,-17,27,-1,1]
[729,162,18,2,2,2,1]
[15625,250,-156,2,1]
[4096,384,51,6,1]
[1024,-224,65,-7,1]
[256,0,16,20,13,5,1,0,1]
[4096,256,384,63,24,1,1]
[4096,1280,704,149,44,5,1]
[512,128,80,27,10,2,1]
[4096,2816,1248,353,78,11,1]
[4096,1792,896,211,56,7,1]
[4096,-256,368,-17,23,-1,1]
[15625,2750,298,22,1]
[4096,-2560,672,-131,42,-10,1]
[256,-64,128,-4,31,-1,8,-1,1]
[256,-128,160,-56,53,-14,10,-2,1]
[4096,0,0,69,0,0,1]
[4096,1024,48,-17,3,4,1]
[256,-128,0,4,7,1,0,-2,1]
[729,-162,153,-25,17,-2,1]
[4096,0,0,-89,0,0,1]
[4096,-256,144,37,9,-1,1]
[16384,640,-51,5,1]
[4096,768,-160,-143,-10,3,1]
[14641,-363,210,-3,1]
[15625,-375,212,-3,1]
[729,243,72,-5,8,3,1]
[729,0,162,-5,18,0,1]
[4096,0,-80,-43,-5,0,1]
[16384,3840,459,30,1]
[4096,-768,144,43,9,-3,1]
[4096,-1024,320,-51,20,-4,1]
[4096,-768,560,-87,35,-3,1]
[4096,0,256,-45,16,0,1]
[15625,-1000,167,-8,1]
[15625,3375,416,27,1]
[4096,1536,176,5,11,6,1]
[512,-128,-32,21,-4,-2,1]
[729,-486,162,-47,18,-6,1]
[4096,1536,704,177,44,6,1]
[2401,343,6,7,1]
[729,567,297,110,33,7,1]
[16384,2304,215,18,1]
[14641,1815,141,15,1]
[256,-128,16,12,-17,3,1,-2,1]
[4096,-1024,304,-139,19,-4,1]
[15625,-2875,288,-23,1]
[6561,729,154,9,1]
[512,-512,336,-139,42,-8,1]
[512,-192,32,-13,4,-3,1]
[4096,-512,224,-5,14,-2,1]
[4096,1792,640,151,40,7,1]
[4096,-2304,976,-267,61,-9,1]
[729,-54,1,-2,1]
[2401,147,76,3,1]
[256,-192,208,-108,69,-27,13,-3,1]
[4096,256,352,3,22,1,1]
[16384,512,11,4,1]
[15625,-2250,318,-18,1]
[4096,512,112,75,7,2,1]
[4096,-512,160,37,10,-2,1]
[14641,847,192,7,1]
[4096,0,48,81,3,0,1]
[4096,896,165,14,1]
[2401,-441,33,-9,1]
[512,-64,8,-3,1,-1,1]
[4096,512,48,-21,3,2,1]
[256,-192,48,-44,39,-11,3,-3,1]
[4096,2048,592,121,37,8,1]
[2401,1127,230,23,1]
[4096,768,576,95,36,3,1]
[6561,-1782,280,-22,1]
[14641,484,195,4,1]
[4096,-2048,576,-149,36,-8,1]
[14641,-242,238,-2,1]
[4096,0,272,19,17,0,1]
[4096,-1536,368,-91,23,-6,1]
[256,0,-96,0,37,0,-6,0,1]
[14641,1573,59,13,1]
[14641,-1573,169,-13,1]
[4096,4096,1968,599,123,16,1]
[6561,-1215,218,-15,1]
[4096,-2048,736,-225,46,-8,1]
[256,64,0,-20,7,-5,0,1,1]
[4096,1024,608,115,38,4,1]
[4096,-3072,1408,-419,88,-12,1]
[4096,2304,720,191,45,9,1]
[4096,512,0,39,0,2,1]
[4096,-1024,224,-63,14,-4,1]
[625,-150,51,-6,1]
[6561,729,143,9,1]
[4096,-128,97,-2,1]
[256,-128,-48,24,1,6,-3,-2,1]
[14641,-1452,83,-12,1]
[4096,1280,528,135,33,5,1]
[4096,-1280,352,-135,22,-5,1]
[4096,768,-32,-65,-2,3,1]
[4096,768,-192,-69,-12,3,1]
[6561,81,26,1,1]
[15625,-1000,137,-8,1]
[256,-128,16,24,-25,6,1,-2,1]
[512,320,184,67,23,5,1]
[4096,0,512,-11,32,0,1]
[6561,-648,124,-8,1]
[4096,128,79,2,1]
[256,192,144,84,51,21,9,3,1]
[256,-128,144,-44,37,-11,9,-2,1]
[14641,-1089,80,-9,1]
[4096,-1024,192,27,12,-4,1]
[16384,1408,49,11,1]
[1024,320,63,10,1]
[4096,768,75,12,1]
[4096,1024,400,65,25,4,1]
[15625,3000,291,24,1]
[256,192,128,76,37,19,8,3,1]
[16384,768,95,6,1]
[14641,242,200,2,1]
[6561,-2187,338,-27,1]
[729,162,99,5,11,2,1]
[14641,-1452,53,-12,1]
[4096,512,45,8,1]
[4096,-1024,16,19,1,-4,1]
[16384,1536,45,12,1]
[4096,-1280,400,-87,25,-5,1]
[15625,375,-163,3,1]
[14641,726,-51,6,1]
[256,128,48,28,5,7,3,2,1]
[4096,1280,368,87,23,5,1]
[4096,-512,352,-9,22,-2,1]
[4096,-256,-96,69,-6,-1,1]
[4096,512,192,25,12,2,1]
[4096,-768,272,-103,17,-3,1]
[729,-324,99,-17,11,-4,1]
[4096,-1280,752,-139,47,-5,1]
[14641,242,-186,2,1]
[256,0,-48,-4,13,-1,-3,0,1]
[4096,1536,448,77,28,6,1]
[14641,3388,375,28,1]
[256,128,-32,-24,-3,-6,-2,2,1]
[512,64,64,3,8,1,1]
[4096,-1024,288,-43,18,-4,1]
[256,0,-128,4,39,1,-8,0,1]
[4096,768,272,91,17,3,1]
[4096,-1792,720,-223,45,-7,1]
[64,0,4,-13,1,0,1]
[256,128,144,80,43,20,9,2,1]
[4096,768,416,95,26,3,1]
[4096,256,-32,49,-2,1,1]
[4096,768,272,81,17,3,1]
[6561,-162,-86,-2,1]
[4096,-512,208,-111,13,-2,1]
[4096,0,304,-17,19,0,1]
[15625,-2125,214,-17,1]
[15625,1000,192,8,1]
[4096,2304,752,191,47,9,1]
[256,128,-16,-12,7,-3,-1,2,1]
[4096,1280,416,169,26,5,1]
[16384,384,121,3,1]
[729,81,63,46,7,1,1]
[4096,0,-64,77,-4,0,1]
[729,-162,36,5,4,-2,1]
[4096,1792,512,131,32,7,1]
[729,972,639,262,71,12,1]
[2401,490,107,10,1]
[256,-128,32,-24,15,-6,2,-2,1]
[4096,0,224,25,14,0,1]
[256,-64,112,-28,25,-7,7,-1,1]
[256,-64,-16,-4,7,-1,-1,-1,1]
[256,-64,-80,12,23,3,-5,-1,1]
[16384,-640,27,-5,1]
[4096,-256,-80,87,-5,-1,1]
[256,0,0,-12,-1,-3,0,0,1]
[4096,1536,448,129,28,6,1]
[64,-48,24,-15,6,-3,1]
[729,-81,207,-20,23,-1,1]
[14641,1573,53,13,1]
[15625,3250,404,26,1]
[4096,1024,432,97,27,4,1]
[512,-128,64,-31,8,-2,1]
[729,-324,9,34,1,-4,1]
[256,64,-16,0,-3,0,-1,1,1]
[4096,1280,432,101,27,5,1]
[15625,-875,252,-7,1]
[256,0,32,-32,-9,-8,2,0,1]
[256,-64,48,44,-15,11,3,-1,1]
[256,64,-16,8,19,2,-1,1,1]
[4096,256,96,-87,6,1,1]
[16384,-384,-171,-3,1]
[14641,-1331,149,-11,1]
[4096,512,304,55,19,2,1]
[4096,768,144,77,9,3,1]
[6561,1701,272,21,1]
[256,-192,64,-36,29,-9,4,-3,1]
[4096,-2304,320,5,20,-9,1]
[256,-384,352,-252,141,-63,22,-6,1]
[4096,192,73,3,1]
[1024,-224,29,-7,1]
[15625,1500,86,12,1]
[14641,363,-1,3,1]
[4096,256,128,-1,8,1,1]
[256,128,96,56,41,14,6,2,1]
[15625,5125,669,41,1]
[15625,-875,9,-7,1]
[256,320,272,160,89,40,17,5,1]
[14641,2420,239,20,1]
[14641,-968,-17,-8,1]
[2401,392,51,8,1]
[256,-64,144,-28,43,-7,9,-1,1]
[625,50,-23,2,1]
[16384,-896,187,-7,1]
[4096,-1024,-112,127,-7,-4,1]
[6561,1053,80,13,1]
[15625,0,-218,0,1]
[256,-192,-16,8,17,2,-1,-3,1]
[15625,-2250,238,-18,1]
[15625,-125,71,-1,1]
[4096,256,96,83,6,1,1]
[512,384,184,75,23,6,1]
[256,128,176,100,57,25,11,2,1]
[512,-128,-8,13,-1,-2,1]
[2401,-49,3,-1,1]
[4096,-768,560,-99,35,-3,1]
[256,64,-48,-12,17,-3,-3,1,1]
[4096,256,64,-13,4,1,1]
[14641,726,184,6,1]
[4096,1792,640,223,40,7,1]
[15625,-2250,319,-18,1]
[15625,-4250,538,-34,1]
[4096,1280,304,43,19,5,1]
[4096,-512,-48,101,-3,-2,1]
[14641,-847,145,-7,1]
[256,-64,-32,-4,19,-1,-2,-1,1]
[4096,-1024,736,-117,46,-4,1]
[14641,-363,-4,-3,1]
[512,-320,72,-13,9,-5,1]
[4096,256,272,-31,17,1,1]
[625,50,48,2,1]
[14641,-242,-164,-2,1]
[256,256,176,116,67,29,11,4,1]
[4096,-256,-48,-9,-3,-1,1]
[256,-64,16,-12,-1,-3,1,-1,1]
[6561,-162,82,-2,1]
[256,64,96,0,17,0,6,1,1]
[256,256,160,80,43,20,10,4,1]
[256,0,32,12,19,3,2,0,1]
[4096,2816,1136,337,71,11,1]
[512,64,112,13,14,1,1]
[14641,-847,2,-7,1]
[256,128,144,68,39,17,9,2,1]
[6561,-324,-19,-4,1]
[15625,-1500,151,-12,1]
[256,-128,64,-24,17,-6,4,-2,1]
[15625,750,88,6,1]
[4096,256,208,39,13,1,1]
[256,-192,64,12,-11,3,4,-3,1]
[256,-64,64,20,3,5,4,-1,1]
[6561,162,20,2,1]
[16384,-2048,229,-16,1]
[4096,512,128,77,8,2,1]
[4096,0,-16,23,-1,0,1]
[14641,1573,138,13,1]
[14641,-121,-74,-1,1]
[4096,-1280,576,-137,36,-5,1]
[512,-128,0,19,0,-2,1]
[4096,-768,153,-12,1]
[4096,704,83,11,1]
[6561,1053,203,13,1]
[6561,-810,44,-10,1]
[14641,1331,265,11,1]
[4096,1536,608,117,38,6,1]
[729,-27,-23,-1,1]
[729,-405,144,-47,16,-5,1]
[512,0,16,39,2,0,1]
[14641,-1452,266,-12,1]
[14641,484,167,4,1]
[14641,484,137,4,1]
[4096,1536,-96,-117,-6,6,1]
[4096,-1536,448,-145,28,-6,1]
[14641,-484,47,-4,1]
[729,0,45,-19,5,0,1]
[256,-128,96,0,7,0,6,-2,1]
[14641,968,249,8,1]
[14641,0,155,0,1]
[4096,-2304,352,-15,22,-9,1]
[256,0,-64,-8,13,-2,-4,0,1]
[4096,512,144,135,9,2,1]
[4096,-1792,800,-183,50,-7,1]
[15625,2250,162,18,1]
[4096,-768,480,-87,30,-3,1]
[625,-100,22,-4,1]
[4096,-512,-32,65,-2,-2,1]
[4096,1792,720,177,45,7,1]
[4096,0,304,11,19,0,1]
[14641,1331,68,11,1]
[15625,1750,256,14,1]
[4096,-2304,768,-213,48,-9,1]
[4096,1024,144,-15,9,4,1]
[729,0,162,-2,18,0,1]
[14641,3388,402,28,1]
[729,405,243,77,27,5,1]
[4096,-512,624,-49,39,-2,1]
[4096,-512,48,-9,3,-2,1]
[4096,-1536,384,-95,24,-6,1]
[256,-192,0,28,-11,7,0,-3,1]
[15625,-1625,132,-13,1]
[4096,-256,544,-15,34,-1,1]
[4096,-2304,960,-285,60,-9,1]
[4096,1024,496,125,31,4,1]
[4096,1280,192,5,12,5,1]
[4096,-2048,752,-201,47,-8,1]
[15625,625,-21,5,1]
[6561,-1944,280,-24,1]
[4096,3072,1440,427,90,12,1]
[4096,-512,48,-25,3,-2,1]
[4096,-768,32,37,2,-3,1]
[729,324,99,25,11,4,1]
[16384,1920,113,15,1]
[4096,512,224,-11,14,2,1]
[729,-81,180,-17,20,-1,1]
[15625,3625,427,29,1]
[4096,256,-48,67,-3,1,1]
[14641,1694,256,14,1]
[4096,-1792,624,-167,39,-7,1]
[4096,-2048,128,73,8,-8,1]
[256,-128,16,16,-15,4,1,-2,1]
[4096,768,117,12,1]
[4096,1024,-192,-125,-12,4,1]
[15625,1000,217,8,1]
[729,-486,162,-49,18,-6,1]
[4096,1024,80,21,5,4,1]
[6561,-81,52,-1,1]
[729,-81,90,-2,10,-1,1]
[256,128,144,44,41,11,9,2,1]
[4096,-1792,512,-125,32,-7,1]
[4096,-1280,528,-127,33,-5,1]
[14641,-1573,83,-13,1]
[729,-162,-36,53,-4,-2,1]
[4096,-1024,384,-65,24,-4,1]
[729,-243,81,-43,9,-3,1]
[512,-256,-8,29,-1,-4,1]
[14641,-726,-92,-6,1]
[4096,-1024,688,-113,43,-4,1]
[4096,-1024,-112,73,-7,-4,1]
[256,-128,64,-32,29,-8,4,-2,1]
[4096,-128,-69,-2,1]
[729,405,45,-19,5,5,1]
[256,128,80,28,25,7,5,2,1]
[256,0,48,-12,9,-3,3,0,1]
[6561,-1458,214,-18,1]
[4096,-768,144,27,9,-3,1]
[4096,1280,96,13,6,5,1]
[729,-81,-54,11,-6,-1,1]
[729,243,9,-32,1,3,1]
[4096,-1280,288,-71,18,-5,1]
[256,192,-16,-28,-3,-7,-1,3,1]
[256,0,80,-16,23,-4,5,0,1]
[256,64,208,40,73,10,13,1,1]
[15625,-250,41,-2,1]
[16384,-2176,281,-17,1]
[4096,-2560,592,-97,37,-10,1]
[256,-128,96,-16,19,-4,6,-2,1]
[4096,-1280,-16,49,-1,-5,1]
[256,192,112,-4,-5,-1,7,3,1]
[4096,-1792,400,-75,25,-7,1]
[15625,3625,448,29,1]
[4096,-1536,416,-65,26,-6,1]
[4096,0,80,65,5,0,1]
[14641,605,179,5,1]
[4096,2816,832,189,52,11,1]
[4096,-512,-192,49,-12,-2,1]
[4096,768,656,97,41,3,1]
[4096,-512,496,-73,31,-2,1]
[256,0,144,12,43,3,9,0,1]
[4096,1024,320,61,20,4,1]
[4096,-512,432,-59,27,-2,1]
[6561,-1134,187,-14,1]
[6561,-324,-35,-4,1]
[4096,-1280,272,-71,17,-5,1]
[256,-128,112,-64,41,-16,7,-2,1]
[16384,-128,73,-1,1]
[15625,-875,136,-7,1]
[4096,512,256,47,16,2,1]
[14641,605,208,5,1]
[512,448,208,77,26,7,1]
[4096,0,112,-99,7,0,1]
[4096,-3328,1248,-333,78,-13,1]
[14641,242,-140,2,1]
[4096,-1280,192,-17,12,-5,1]
[2401,294,13,6,1]
[14641,2057,186,17,1]
[256,-64,32,-20,3,-5,2,-1,1]
[4096,-256,144,-65,9,-1,1]
[4096,-768,48,57,3,-3,1]
[729,648,270,85,30,8,1]
[729,0,0,23,0,0,1]
[2401,-294,47,-6,1]
[16384,3968,491,31,1]
[4096,-1280,304,-99,19,-5,1]
[6561,1944,298,24,1]
[16384,-896,211,-7,1]
[4096,2304,576,111,36,9,1]
[4096,-1536,688,-189,43,-6,1]
[256,64,64,44,9,11,4,1,1]
[512,0,24,-3,3,0,1]
[16384,-512,-11,-4,1]
[4096,-1792,112,63,7,-7,1]
[256,128,32,20,17,5,2,2,1]
[14641,484,-92,4,1]
[256,-64,96,-8,29,-2,6,-1,1]
[256,0,-16,4,-5,1,-1,0,1]
[14641,1452,30,12,1]
[4096,2048,832,217,52,8,1]
[14641,-3146,387,-26,1]
[4096,-1792,432,-73,27,-7,1]
[4096,-1536,400,-55,25,-6,1]
[256,192,80,16,-3,4,5,3,1]
[6561,-405,-23,-5,1]
[4096,2304,880,227,55,9,1]
[4096,0,48,-89,3,0,1]
[256,192,144,72,45,18,9,3,1]
[256,0,0,-4,-23,-1,0,0,1]
[6561,-81,85,-1,1]
[2401,-343,5,-7,1]
[256,64,0,0,13,0,0,1,1]
[15625,-2125,138,-17,1]
[4096,-4352,2192,-679,137,-17,1]
[256,-192,256,-132,95,-33,16,-3,1]
[4096,1280,576,131,36,5,1]
[729,729,387,142,43,9,1]
[4096,1024,16,-25,1,4,1]
[256,-64,-32,8,11,2,-2,-1,1]
[15625,-750,-41,-6,1]
[15625,-1375,192,-11,1]
[14641,-121,170,-1,1]
[4096,1792,656,219,41,7,1]
[4096,-1280,704,-139,44,-5,1]
[512,192,136,45,17,3,1]
[4096,-1792,416,-109,26,-7,1]
[256,0,64,-12,27,-3,4,0,1]
[15625,-1750,121,-14,1]
[4096,-768,176,-53,11,-3,1]
[4096,1024,400,133,25,4,1]
[4096,0,16,-19,1,0,1]
[256,192,176,80,51,20,11,3,1]
[729,-324,144,-65,16,-4,1]
[4096,768,496,73,31,3,1]
[2401,-539,86,-11,1]
[256,-128,32,28,-29,7,2,-2,1]
[4096,768,304,109,19,3,1]
[4096,3072,1248,361,78,12,1]
[256,0,0,20,11,5,0,0,1]
[4096,1024,-80,-85,-5,4,1]
[4096,256,32,-51,2,1,1]
[4096,768,96,21,6,3,1]
[4096,1024,272,95,17,4,1]
[729,567,234,82,26,7,1]
[2401,-196,-17,-4,1]
[729,243,27,-4,3,3,1]
[15625,1000,-32,8,1]
[4096,-768,432,-65,27,-3,1]
[729,162,54,26,6,2,1]
[15625,-1625,92,-13,1]
[15625,1375,109,11,1]
[4096,1792,240,17,15,7,1]
[4096,0,48,79,3,0,1]
[15625,-1625,141,-13,1]
[16384,2560,301,20,1]
[15625,1000,47,8,1]
[15625,250,-18,2,1]
[4096,-768,80,-11,5,-3,1]
[729,-243,63,-31,7,-3,1]
[15625,1000,59,8,1]
[4096,-1024,480,-103,30,-4,1]
[4096,512,256,-27,16,2,1]
[256,192,16,-40,-29,-10,1,3,1]
[256,64,32,32,5,8,2,1,1]
[64,32,0,-9,0,2,1]
[729,-243,45,-20,5,-3,1]
[4096,-256,32,-61,2,-1,1]
[4096,-256,0,17,0,-1,1]
[4096,-768,288,-41,18,-3,1]
[2401,833,141,17,1]
[4096,-2560,640,-117,40,-10,1]
[4096,-768,112,17,7,-3,1]
[4096,0,16,67,1,0,1]
[6561,243,-86,3,1]
[4096,768,496,91,31,3,1]
[256,64,0,12,31,3,0,1,1]
[15625,1500,166,12,1]
[4096,-2048,992,-249,62,-8,1]
[4096,-1536,624,-157,39,-6,1]
[4096,-1024,176,13,11,-4,1]
[15625,-1250,-26,-10,1]
[256,-128,0,-8,15,-2,0,-2,1]
[4096,2304,912,255,57,9,1]
[729,648,261,79,29,8,1]
[4096,256,0,29,0,1,1]
[4096,512,-112,-101,-7,2,1]
[256,128,32,-48,-29,-12,2,2,1]
[4096,-3328,1408,-415,88,-13,1]
[256,-64,48,-24,17,-6,3,-1,1]
[4096,768,576,71,36,3,1]
[4096,-512,-16,73,-1,-2,1]
[4096,3072,1312,381,82,12,1]
[4096,768,224,-11,14,3,1]
[256,-128,48,-48,31,-12,3,-2,1]
[64,-48,-8,17,-2,-3,1]
[512,0,88,13,11,0,1]
[4096,2304,768,199,48,9,1]
[256,0,32,-20,-3,-5,2,0,1]
[4096,1024,352,71,22,4,1]
[4096,256,-96,23,-6,1,1]
[4096,-1024,-160,87,-10,-4,1]
[14641,484,240,4,1]
[4096,1280,432,147,27,5,1]
[15625,-1500,187,-12,1]
[256,-192,160,-96,59,-24,10,-3,1]
[4096,448,95,7,1]
[256,-128,112,-36,27,-9,7,-2,1]
[4096,-1792,-80,145,-5,-7,1]
[256,192,96,64,37,16,6,3,1]
[256,-64,16,16,-13,4,1,-1,1]
[4096,-2048,704,-223,44,-8,1]
[14641,-1452,139,-12,1]
[14641,726,185,6,1]
[4096,0,16,31,1,0,1]
[15625,-125,16,-1,1]
[4096,-3840,1872,-573,117,-15,1]
[4096,-512,-80,45,-5,-2,1]
[4096,2560,1056,289,66,10,1]
[729,-324,135,-44,15,-4,1]
[15625,1750,231,14,1]
[256,320,128,-16,-31,-4,8,5,1]
[4096,-1280,368,-89,23,-5,1]
[729,486,243,83,27,6,1]
[4096,1024,128,3,8,4,1]
[4096,256,432,-9,27,1,1]
[4096,256,176,97,11,1,1]
[2401,245,43,5,1]
[512,-192,96,-21,12,-3,1]
[64,-48,12,-1,3,-3,1]
[4096,256,-48,-23,-3,1,1]
[16384,-1536,199,-12,1]
[1024,96,-7,3,1]
[256,64,96,36,35,9,6,1,1]
[4096,512,64,-33,4,2,1]
[729,-81,144,-20,16,-1,1]
[6561,-1134,95,-14,1]
[4096,256,-16,-103,-1,1,1]
[4096,-256,80,-29,5,-1,1]
[256,64,112,24,37,6,7,1,1]
[4096,-320,83,-5,1]
[16384,-1280,183,-10,1]
[4096,1792,384,95,24,7,1]
[4096,-2816,1232,-351,77,-11,1]
[256,-64,64,24,1,6,4,-1,1]
[4096,512,-80,21,-5,2,1]
[256,-64,32,-28,15,-7,2,-1,1]
[256,64,16,-20,3,-5,1,1,1]
[512,64,-24,-9,-3,1,1]
[4096,-256,-32,-25,-2,-1,1]
[4096,1536,336,51,21,6,1]
[4096,1536,368,99,23,6,1]
[4096,1280,208,-11,13,5,1]
[14641,2057,179,17,1]
[6561,1296,139,16,1]
[256,-128,128,-76,37,-19,8,-2,1]
[4096,256,-192,-59,-12,1,1]
[729,243,144,22,16,3,1]
[729,324,108,35,12,4,1]
[256,192,112,36,15,9,7,3,1]
[15625,1375,104,11,1]
[15625,-625,-122,-5,1]
[4096,-512,0,15,0,-2,1]
[256,192,128,24,15,6,8,3,1]
[14641,847,252,7,1]
[256,128,0,8,21,2,0,2,1]
[256,64,96,60,17,15,6,1,1]
[4096,0,176,3,11,0,1]
[729,-243,117,-38,13,-3,1]
[2401,539,58,11,1]
[14641,-363,43,-3,1]
[4096,768,-144,-49,-9,3,1]
[14641,0,59,0,1]
[6561,1539,236,19,1]
[256,-320,272,-192,105,-48,17,-5,1]
[729,54,31,2,1]
[4096,-3584,1728,-521,108,-14,1]
[16384,0,227,0,1]
[512,384,208,87,26,6,1]
[4096,1280,48,-9,3,5,1]
[512,-640,432,-185,54,-10,1]
[4096,1280,432,163,27,5,1]
[512,0,-24,17,-3,0,1]
[4096,-2816,1216,-363,76,-11,1]
[4096,-1792,352,-63,22,-7,1]
[256,0,48,-4,5,-1,3,0,1]
[729,-81,-63,7,-7,-1,1]
[256,64,112,44,35,11,7,1,1]
[512,192,64,39,8,3,1]
[1024,448,111,14,1]
[15625,-3750,439,-30,1]
[2401,-588,90,-12,1]
[729,243,117,53,13,3,1]
[15625,-125,-11,-1,1]
[4096,768,336,101,21,3,1]
[4096,-1024,368,-133,23,-4,1]
[4096,2048,704,175,44,8,1]
[256,-128,64,0,7,0,4,-2,1]
[16384,128,-95,1,1]
[4096,2048,576,119,36,8,1]
[4096,1024,448,135,28,4,1]
[256,192,16,-12,-3,-3,1,3,1]
[6561,-1053,190,-13,1]
[4096,256,304,-27,19,1,1]
[4096,-2304,624,-141,39,-9,1]
[256,-128,48,-48,29,-12,3,-2,1]
[256,64,-32,-12,-1,-3,-2,1,1]
[1024,352,63,11,1]
[15625,625,172,5,1]
[4096,-512,368,-49,23,-2,1]
[14641,-121,197,-1,1]
[6561,567,82,7,1]
[2401,490,78,10,1]
[15625,1750,144,14,1]
[256,-256,128,-12,-7,-3,8,-4,1]
[4096,768,256,-13,16,3,1]
[15625,-1875,98,-15,1]
[256,-448,400,-260,141,-65,25,-7,1]
[256,-128,144,-20,29,-5,9,-2,1]
[2401,-147,32,-3,1]
[14641,1210,168,10,1]
[729,486,234,85,26,6,1]
[14641,-363,201,-3,1]
[256,64,-80,0,31,0,-5,1,1]
[4096,576,77,9,1]
[512,-128,72,3,9,-2,1]
[512,-64,-48,7,-6,-1,1]
[4096,256,256,13,16,1,1]
[14641,-4114,521,-34,1]
[729,54,2,2,1]
[4096,1024,288,81,18,4,1]
[4096,768,-176,-113,-11,3,1]
[4096,3328,1328,373,83,13,1]
[256,-32,27,-2,1]
[729,-567,306,-112,34,-7,1]
[256,-192,64,12,-19,3,4,-3,1]
[729,324,198,52,22,4,1]
[14641,-121,-197,-1,1]
[4096,256,352,-25,22,1,1]
[256,-128,128,-40,27,-10,8,-2,1]
[15625,125,-16,1,1]
[16384,768,237,6,1]
[15625,-1000,106,-8,1]
[729,243,-63,-65,-7,3,1]
[15625,0,-44,0,1]
[4096,1536,528,185,33,6,1]
[14641,484,74,4,1]
[4096,-768,304,-15,19,-3,1]
[16384,1536,139,12,1]
[512,0,16,9,2,0,1]
[256,-256,144,-80,45,-20,9,-4,1]
[81,-2,1]
[729,-81,18,-13,2,-1,1]
[729,-243,-18,37,-2,-3,1]
[1024,-160,45,-5,1]
[4096,-512,144,-73,9,-2,1]
[16384,896,197,7,1]
[729,162,126,40,14,2,1]
[4096,0,16,-37,1,0,1]
[15625,-1000,226,-8,1]
[4096,-768,432,-115,27,-3,1]
[4096,768,48,-77,3,3,1]
[4096,-1536,480,-101,30,-6,1]
[256,0,16,8,17,2,1,0,1]
[14641,-1331,48,-11,1]
[256,-256,128,-76,47,-19,8,-4,1]
[16384,512,155,4,1]
[256,-192,48,8,-11,2,3,-3,1]
[4096,-512,144,57,9,-2,1]
[4096,512,9,8,1]
[256,192,96,32,3,8,6,3,1]
[4096,256,256,-21,16,1,1]
[15625,-2500,348,-20,1]
[4096,1536,544,143,34,6,1]
[4096,-768,544,-79,34,-3,1]
[512,0,32,13,4,0,1]
[15625,-1250,229,-10,1]
[4096,256,80,1,5,1,1]
[625,-50,-7,-2,1]
[4096,256,16,71,1,1,1]
[2401,-245,83,-5,1]
[512,256,128,41,16,4,1]
[512,-128,80,-13,10,-2,1]
[4096,-1280,272,-49,17,-5,1]
[4096,-1536,224,-45,14,-6,1]
[4096,1536,528,103,33,6,1]
[14641,2057,225,17,1]
[4096,1536,224,29,14,6,1]
[16384,-3072,319,-24,1]
[4096,-512,464,-77,29,-2,1]
[6561,891,137,11,1]
[16384,1152,53,9,1]
[4096,-1792,32,85,2,-7,1]
[2401,392,106,8,1]
[15625,1375,21,11,1]
[4096,2816,976,257,61,11,1]
[15625,875,-58,7,1]
[14641,3388,387,28,1]
[729,-243,18,16,2,-3,1]
[4096,-256,176,-97,11,-1,1]
[729,243,50,9,1]
[4096,448,31,7,1]
[512,320,128,45,16,5,1]
[256,64,-64,-4,13,-1,-4,1,1]
[15625,4625,578,37,1]
[256,128,160,44,45,11,10,2,1]
[16384,-2816,315,-22,1]
[256,-256,64,68,-59,17,4,-4,1]
[4096,2048,240,-23,15,8,1]
[256,-256,160,-88,43,-22,10,-4,1]
[14641,2662,247,22,1]
[4096,3328,1504,443,94,13,1]
[256,0,-48,-8,9,-2,-3,0,1]
[4096,2048,864,243,54,8,1]
[256,192,32,-28,-21,-7,2,3,1]
[4096,0,0,33,0,0,1]
[15625,125,-112,1,1]
[15625,-625,104,-5,1]
[2401,196,-5,4,1]
[4096,0,80,-71,5,0,1]
[256,384,352,220,119,55,22,6,1]
[4096,2816,1168,357,73,11,1]
[256,64,32,8,-1,2,2,1,1]
[4096,0,-160,-37,-10,0,1]
[4096,768,480,63,30,3,1]
[4096,-256,32,53,2,-1,1]
[4096,-256,80,39,5,-1,1]
[1024,64,41,2,1]
[4096,-1536,448,-85,28,-6,1]
[729,81,-27,-53,-3,1,1]
[729,-162,-18,-4,-2,-2,1]
[729,-162,-54,41,-6,-2,1]
[512,64,120,11,15,1,1]
[2401,-343,20,-7,1]
[16384,-2048,125,-16,1]
[512,192,72,33,9,3,1]
[256,64,32,24,3,6,2,1,1]
[14641,2178,229,18,1]
[16384,2048,187,16,1]
[4096,-512,16,-33,1,-2,1]
[81,-18,11,-2,1]
[729,351,83,13,1]
[4096,-1792,448,-101,28,-7,1]
[512,-256,144,-57,18,-4,1]
[256,-64,64,-44,11,-11,4,-1,1]
[15625,-875,137,-7,1]
[256,-64,-96,16,23,4,-6,-1,1]
[4096,-1280,144,-17,9,-5,1]
[256,64,0,-8,7,-2,0,1,1]
[512,64,56,11,7,1,1]
[512,64,-8,-3,-1,1,1]
[4096,3584,1728,521,108,14,1]
[16384,-1664,229,-13,1]
[4096,512,-64,-15,-4,2,1]
[256,-320,96,80,-79,20,6,-5,1]
[512,192,72,39,9,3,1]
[4096,-512,-96,-15,-6,-2,1]
[729,-81,81,-4,9,-1,1]
[15625,250,144,2,1]
[2401,0,92,0,1]
[256,0,112,0,43,0,7,0,1]
[4096,0,192,-79,12,0,1]
[256,192,80,44,29,11,5,3,1]
[4096,-256,80,61,5,-1,1]
[729,-486,216,-64,24,-6,1]
[4096,-1024,512,-127,32,-4,1]
[2401,-343,95,-7,1]
[14641,-726,37,-6,1]
[14641,-363,-12,-3,1]
[729,81,81,11,9,1,1]
[256,-192,32,40,-39,10,2,-3,1]
[256,-64,-48,0,9,0,-3,-1,1]
[729,135,49,5,1]
[15625,4250,534,34,1]
[256,192,176,88,51,22,11,3,1]
[729,-324,153,-53,17,-4,1]
[512,320,152,63,19,5,1]
[729,405,108,16,12,5,1]
[256,256,176,120,71,30,11,4,1]
[4096,-512,576,-39,36,-2,1]
[4096,0,64,69,4,0,1]
[1024,-192,17,-6,1]
[512,192,-40,-37,-5,3,1]
[4096,-1024,768,-127,48,-4,1]
[14641,242,-134,2,1]
[256,64,48,0,7,0,3,1,1]
[4096,-1024,-32,31,-2,-4,1]
[16384,-2432,237,-19,1]
[14641,-2178,307,-18,1]
[15625,875,139,7,1]
[15625,-1875,133,-15,1]
[81,-27,7,-3,1]
[4096,-1024,80,1,5,-4,1]
[16384,384,231,3,1]
[729,-324,126,-59,14,-4,1]
[625,125,29,5,1]
[15625,-125,211,-1,1]
[256,-448,480,-364,207,-91,30,-7,1]
[6561,648,164,8,1]
[4096,-2816,1200,-347,75,-11,1]
[729,81,25,3,1]
[4096,1024,128,-37,8,4,1]
[6561,-243,32,-3,1]
[256,64,48,24,3,6,3,1,1]
[6561,-81,10,-1,1]
[729,81,108,-5,12,1,1]
[14641,-1089,97,-9,1]
[4096,512,55,8,1]
[256,-64,-32,16,-13,4,-2,-1,1]
[15625,0,7,0,1]
[14641,-1452,251,-12,1]
[729,0,198,2,22,0,1]
[4096,-1280,-64,71,-4,-5,1]
[729,-81,18,-2,2,-1,1]
[4096,-1280,304,-35,19,-5,1]
[14641,-1210,117,-10,1]
[6561,-1377,146,-17,1]
[256,192,48,-16,-19,-4,3,3,1]
[14641,1210,139,10,1]
[256,64,16,0,-15,0,1,1,1]
[15625,-250,6,-2,1]
[4096,512,160,57,10,2,1]
[4096,0,32,-3,2,0,1]
[4096,2304,528,89,33,9,1]
[14641,2057,294,17,1]
[4096,256,48,-25,3,1,1]
[16384,-2560,253,-20,1]
[256,0,-16,-24,5,-6,-1,0,1]
[16384,-1792,261,-14,1]
[256,128,160,56,51,14,10,2,1]
[14641,-1089,15,-9,1]
[6561,486,-43,6,1]
[256,-64,16,12,-27,3,1,-1,1]
[4096,1088,151,17,1]
[4096,2048,592,127,37,8,1]
[16384,1536,103,12,1]
[729,162,-54,-19,-6,2,1]
[4096,-1280,384,-159,24,-5,1]
[15625,-1250,118,-10,1]
[2401,147,-37,3,1]
[4096,-2304,336,-5,21,-9,1]
[14641,1089,36,9,1]
[2401,-1225,253,-25,1]
[625,50,-27,2,1]
[15625,-875,112,-7,1]
[4096,-768,0,69,0,-3,1]
[15625,-1500,192,-12,1]
[4096,-3584,1632,-495,102,-14,1]
[4096,0,48,93,3,0,1]
[4096,2560,448,31,28,10,1]
[256,64,-16,16,15,4,-1,1,1]
[4096,-1280,704,-137,44,-5,1]
[256,-192,96,0,-9,0,6,-3,1]
[512,384,248,95,31,6,1]
[4096,-768,-48,-3,-3,-3,1]
[256,192,160,60,41,15,10,3,1]
[14641,1936,254,16,1]
[14641,484,-100,4,1]
[256,-128,64,-32,1,-8,4,-2,1]
[4096,768,208,111,13,3,1]
[4096,256,272,-9,17,1,1]
[4096,2048,752,225,47,8,1]
[14641,1089,202,9,1]
[4096,512,-112,-95,-7,2,1]
[4096,-2304,864,-261,54,-9,1]
[4096,256,160,9,10,1,1]
[4096,448,-13,7,1]
[15625,-1500,277,-12,1]
[256,-64,48,-4,11,-1,3,-1,1]
[15625,1625,118,13,1]
[256,0,144,0,45,0,9,0,1]
[4096,768,352,81,22,3,1]
[4096,2304,816,221,51,9,1]
[14641,-242,84,-2,1]
[4096,-1792,720,-159,45,-7,1]
[14641,1815,180,15,1]
[16384,-1920,311,-15,1]
[256,-256,176,-108,57,-27,11,-4,1]
[256,128,64,24,9,6,4,2,1]
[4096,-1024,272,-95,17,-4,1]
[14641,484,-124,4,1]
[729,-81,-18,32,-2,-1,1]
[15625,-2125,253,-17,1]
[15625,-1375,17,-11,1]
[512,320,64,-1,8,5,1]
[15625,875,258,7,1]
[4096,1280,480,77,30,5,1]
[4096,1280,288,23,18,5,1]
[15625,-3500,416,-28,1]
[16384,384,-45,3,1]
[15625,-2875,299,-23,1]
[4096,-1024,544,-115,34,-4,1]
[512,-192,96,-47,12,-3,1]
[4096,-1280,256,-75,16,-5,1]
[4096,-512,128,-1,8,-2,1]
[256,-64,96,-44,21,-11,6,-1,1]
[15625,250,-136,2,1]
[4096,-1280,576,-115,36,-5,1]
[4096,-768,128,-3,8,-3,1]
[4096,1792,304,47,19,7,1]
[4096,0,224,11,14,0,1]
[4096,0,32,-9,2,0,1]
[16384,512,-51,4,1]
[4096,-1536,528,-125,33,-6,1]
[15625,-750,151,-6,1]
[4096,-2816,896,-223,56,-11,1]
[256,128,96,72,25,18,6,2,1]
[4096,-576,69,-9,1]
[729,-162,63,-17,7,-2,1]
[4096,256,64,53,4,1,1]
[512,0,0,5,0,0,1]
[14641,-847,203,-7,1]
[4096,-512,112,31,7,-2,1]
[729,243,-63,-58,-7,3,1]
[256,128,128,88,41,22,8,2,1]
[16384,2304,265,18,1]
[729,-324,108,-44,12,-4,1]
[4096,704,157,11,1]
[14641,1452,115,12,1]
[729,243,171,34,19,3,1]
[729,0,162,7,18,0,1]
[4096,-3328,1296,-359,81,-13,1]
[512,64,24,-5,3,1,1]
[14641,-968,28,-8,1]
[16384,2176,297,17,1]
[14641,-1452,54,-12,1]
[256,192,96,56,41,14,6,3,1]
[512,64,96,-1,12,1,1]
[14641,0,157,0,1]
[4096,0,32,57,2,0,1]
[2401,294,-3,6,1]
[2401,294,-4,6,1]
[16384,-256,253,-2,1]
[256,-192,80,12,-13,3,5,-3,1]
[256,128,80,56,37,14,5,2,1]
[4096,1024,-160,-131,-10,4,1]
[14641,2420,287,20,1]
[4096,2304,688,153,43,9,1]
[64,0,4,-3,1,0,1]
[81,-9,-4,-1,1]
[256,0,-16,12,9,3,-1,0,1]
[4096,1216,209,19,1]
[6561,486,-13,6,1]
[4096,2304,656,151,41,9,1]
[4096,768,240,-5,15,3,1]
[15625,375,-7,3,1]
[729,81,-18,-31,-2,1,1]
[4096,-768,-192,79,-12,-3,1]
[14641,-484,94,-4,1]
[4096,1280,-224,-159,-14,5,1]
[4096,-2816,1248,-365,78,-11,1]
[4096,-1024,432,-93,27,-4,1]
[4096,-1536,512,-133,32,-6,1]
[4096,-2304,896,-277,56,-9,1]
[256,-128,-16,36,-13,9,-1,-2,1]
[4096,1024,16,-39,1,4,1]
[15625,2125,173,17,1]
[15625,2000,122,16,1]
[16384,-1536,117,-12,1]
[6561,972,104,12,1]
[4096,-768,-80,55,-5,-3,1]
[14641,-3025,353,-25,1]
[256,128,32,-8,5,-2,2,2,1]
[4096,-256,288,-61,18,-1,1]
[14641,242,-64,2,1]
[4096,0,0,-3,0,0,1]
[256,-256,144,-92,53,-23,9,-4,1]
[4096,2304,704,161,44,9,1]
[256,-64,80,-28,37,-7,5,-1,1]
[512,-192,104,-33,13,-3,1]
[15625,-1625,207,-13,1]
[4096,512,400,71,25,2,1]
[4096,1792,448,109,28,7,1]
[256,-64,32,28,-9,7,2,-1,1]
[4096,768,-48,-91,-3,3,1]
[4096,256,-112,-73,-7,1,1]
[729,0,9,8,1,0,1]
[4096,768,-240,-89,-15,3,1]
[729,243,-27,-26,-3,3,1]
[729,405,45,-8,5,5,1]
[256,-192,96,-56,25,-14,6,-3,1]
[4096,0,16,115,1,0,1]
[256,-192,96,-72,47,-18,6,-3,1]
[4096,-1024,-128,113,-8,-4,1]
[256,64,64,-4,19,-1,4,1,1]
[4096,-512,-64,59,-4,-2,1]
[15625,375,201,3,1]
[4096,-2816,1008,-275,63,-11,1]
[15625,2000,241,16,1]
[256,192,80,32,11,8,5,3,1]
[512,-192,88,-47,11,-3,1]
[4096,1792,816,201,51,7,1]
[4096,-64,7,-1,1]
[6561,-1215,116,-15,1]
[14641,1573,161,13,1]
[256,320,208,80,33,20,13,5,1]
[256,64,48,-44,-15,-11,3,1,1]
[14641,-1694,111,-14,1]
[256,64,32,36,5,9,2,1,1]
[4096,512,272,59,17,2,1]
[15625,-2125,316,-17,1]
[256,128,-48,0,25,0,-3,2,1]
[15625,2625,273,21,1]
[512,448,224,87,28,7,1]
[256,-128,80,-36,11,-9,5,-2,1]
[512,-640,392,-161,49,-10,1]
[4096,256,64,13,4,1,1]
[729,405,216,74,24,5,1]
[15625,625,-27,5,1]
[4096,256,128,55,8,1,1]
[4096,-1280,512,-131,32,-5,1]
[4096,0,0,101,0,0,1]
[256,128,160,88,51,22,10,2,1]
[4096,768,144,-49,9,3,1]
[256,320,240,132,65,33,15,5,1]
[512,64,-56,-13,-7,1,1]
[625,-75,36,-3,1]
[2401,-245,12,-5,1]
[256,-64,48,44,-13,11,3,-1,1]
[729,-162,18,13,2,-2,1]
[4096,-2048,624,-181,39,-8,1]
[15625,250,73,2,1]
[256,64,0,-20,-7,-5,0,1,1]
[6561,81,11,1,1]
[256,-128,32,-8,-5,-2,2,-2,1]
[256,-448,320,-112,33,-28,20,-7,1]
[16384,0,-227,0,1]
[256,128,32,-16,-3,-4,2,2,1]
[4096,0,272,65,17,0,1]
[4096,-256,128,-83,8,-1,1]
[4096,-256,272,-63,17,-1,1]
[14641,-847,153,-7,1]
[256,0,16,-8,1,-2,1,0,1]
[256,-64,80,-8,11,-2,5,-1,1]
[15625,-750,-2,-6,1]
[14641,2904,303,24,1]
[4096,-1792,704,-161,44,-7,1]
[4096,0,160,13,10,0,1]
[256,0,64,36,9,9,4,0,1]
[729,-81,-36,16,-4,-1,1]
[256,-64,32,-32,27,-8,2,-1,1]
[4096,-1024,128,-63,8,-4,1]
[256,64,64,-40,-5,-10,4,1,1]
[4096,-512,368,3,23,-2,1]
[14641,605,207,5,1]
[14641,1815,117,15,1]
[4096,1792,480,139,30,7,1]
[729,162,0,11,0,2,1]
[4096,2560,1040,303,65,10,1]
[512,0,48,-29,6,0,1]
[14641,1694,223,14,1]
[15625,2875,326,23,1]
[256,192,112,80,45,20,7,3,1]
[512,256,64,23,8,4,1]
[256,320,320,208,121,52,20,5,1]
[729,0,9,44,1,0,1]
[4096,-1024,448,-121,28,-4,1]
[4096,-512,48,-61,3,-2,1]
[15625,-375,-156,-3,1]
[4096,1792,704,179,44,7,1]
[4096,-2304,1024,-283,64,-9,1]
[4096,2560,1024,291,64,10,1]
[729,81,72,-5,8,1,1]
[729,-81,9,37,1,-1,1]
[4096,-768,336,-101,21,-3,1]
[14641,-121,199,-1,1]
[4096,1792,752,219,47,7,1]
[256,0,48,-4,-7,-1,3,0,1]
[15625,2000,214,16,1]
[14641,-121,-192,-1,1]
[6561,972,193,12,1]
[4096,1280,352,33,22,5,1]
[4096,768,-64,-11,-4,3,1]
[6561,-243,8,-3,1]
[6561,-2187,341,-27,1]
[6561,-324,47,-4,1]
[729,405,-36,-61,-4,5,1]
[4096,512,224,-1,14,2,1]
[729,-81,63,-28,7,-1,1]
[14641,-242,67,-2,1]
[4096,1280,480,91,30,5,1]
[14641,-2420,278,-20,1]
[15625,-3000,288,-24,1]
[14641,847,-58,7,1]
[6561,1782,242,22,1]
[4096,512,240,-19,15,2,1]
[14641,-1089,227,-9,1]
[4096,0,576,3,36,0,1]
[256,192,96,0,-9,0,6,3,1]
[16384,1920,199,15,1]
[512,128,56,-1,7,2,1]
[16384,-896,45,-7,1]
[625,150,18,6,1]
[4096,1024,368,89,23,4,1]
[15625,-1250,184,-10,1]
[4096,-768,-144,121,-9,-3,1]
[4096,1280,304,61,19,5,1]
[1024,-32,-9,-1,1]
[256,64,128,0,31,0,8,1,1]
[4096,1280,96,-15,6,5,1]
[14641,-363,-126,-3,1]
[4096,-1792,832,-199,52,-7,1]
[256,-192,144,-84,47,-21,9,-3,1]
[15625,-375,134,-3,1]
[256,0,48,20,11,5,3,0,1]
[14641,1331,230,11,1]
[256,-192,128,-76,33,-19,8,-3,1]
[729,0,99,-11,11,0,1]
[4096,1024,608,103,38,4,1]
[14641,121,197,1,1]
[4096,-2560,944,-255,59,-10,1]
[512,-128,136,-25,17,-2,1]
[4096,-256,576,-31,36,-1,1]
[4096,3584,1664,509,104,14,1]
[2401,245,-1,5,1]
[512,-192,88,-23,11,-3,1]
[4096,1280,-64,-103,-4,5,1]
[256,64,-32,12,17,3,-2,1,1]
[4096,512,-64,-55,-4,2,1]
[256,64,32,20,23,5,2,1,1]
[4096,-768,416,-87,26,-3,1]
[4096,512,144,-15,9,2,1]
[729,-405,108,-14,12,-5,1]
[4096,-2048,608,-151,38,-8,1]
[625,-100,12,-4,1]
[6561,-567,128,-7,1]
[256,-64,48,-48,19,-12,3,-1,1]
[14641,-605,-27,-5,1]
[4096,1024,-240,-127,-15,4,1]
[2401,-147,45,-3,1]
[256,-64,16,-4,21,-1,1,-1,1]
[16384,-2048,249,-16,1]
[4096,-256,672,-29,42,-1,1]
[256,192,112,40,27,10,7,3,1]
[729,243,162,50,18,3,1]
[4096,-192,111,-3,1]
[4096,-768,560,-65,35,-3,1]
[16384,1792,149,14,1]
[4096,-1024,48,-11,3,-4,1]
[16384,-384,71,-3,1]
[512,-576,336,-135,42,-9,1]
[1024,384,95,12,1]
[14641,-1694,214,-14,1]
[16384,2432,215,19,1]
[15625,-3125,366,-25,1]
[6561,324,-80,4,1]
[729,-324,27,11,3,-4,1]
[4096,0,496,3,31,0,1]
[4096,512,-112,7,-7,2,1]
[2401,49,80,1,1]
[256,-256,64,-12,13,-3,4,-4,1]
[14641,-484,-3,-4,1]
[256,256,208,96,53,24,13,4,1]
[729,-243,162,-28,18,-3,1]
[2401,49,-47,1,1]
[4096,-576,89,-9,1]
[4096,1536,544,113,34,6,1]
[15625,1625,263,13,1]
[15625,3000,311,24,1]
[14641,484,-72,4,1]
[14641,1815,91,15,1]
[4096,1024,16,3,1,4,1]
[15625,1250,193,10,1]
[4096,1280,464,123,29,5,1]
[14641,-3146,391,-26,1]
[15625,-1125,-28,-9,1]
[4096,256,128,71,8,1,1]
[256,-64,16,28,-9,7,1,-1,1]
[4096,256,208,-1,13,1,1]
[625,-25,32,-1,1]
[15625,-375,133,-3,1]
[16384,896,263,7,1]
[16384,-3328,413,-26,1]
[256,-64,144,-56,43,-14,9,-1,1]
[256,-64,0,-20,17,-5,0,-1,1]
[15625,2125,296,17,1]
[256,-64,32,-8,-5,-2,2,-1,1]
[729,324,18,-7,2,4,1]
[256,128,64,56,31,14,4,2,1]
[16384,-1792,117,-14,1]
[4096,-1792,512,-105,32,-7,1]
[256,384,304,148,69,37,19,6,1]
[125,11,1]
[4096,1024,256,107,16,4,1]
[4096,768,96,33,6,3,1]
[512,0,72,21,9,0,1]
[4096,1280,-16,-81,-1,5,1]
[14641,-726,-58,-6,1]
[4096,1024,720,127,45,4,1]
[256,256,176,96,41,24,11,4,1]
[4096,-320,91,-5,1]
[16384,-2944,359,-23,1]
[4096,768,16,29,1,3,1]
[4096,3840,1856,571,116,15,1]
[16384,-128,243,-1,1]
[14641,3509,435,29,1]
[4096,-768,384,-57,24,-3,1]
[256,64,112,32,31,8,7,1,1]
[256,-64,96,-8,23,-2,6,-1,1]
[256,-320,240,-168,97,-42,15,-5,1]
[729,-81,45,26,5,-1,1]
[15625,-875,62,-7,1]
[2401,294,-10,6,1]
[4096,-768,208,-67,13,-3,1]
[256,-128,32,-8,11,-2,2,-2,1]
[4096,768,48,15,3,3,1]
[729,81,0,25,0,1,1]
[14641,2057,237,17,1]
[729,-486,126,-20,14,-6,1]
[15625,1125,82,9,1]
[4096,-192,-71,-3,1]
[15625,-625,152,-5,1]
[4096,512,64,-11,4,2,1]
[14641,-1331,169,-11,1]
[15625,-1375,224,-11,1]
[256,128,32,-36,-33,-9,2,2,1]
[4096,0,-16,-51,-1,0,1]
[4096,512,-16,7,-1,2,1]
[256,-64,96,12,11,3,6,-1,1]
[4096,256,144,53,9,1,1]
[4096,-256,-160,77,-10,-1,1]
[4096,0,192,67,12,0,1]
[512,-128,-48,39,-6,-2,1]
[4096,704,153,11,1]
[512,-384,232,-83,29,-6,1]
[14641,3025,321,25,1]
[256,-384,272,-100,35,-25,17,-6,1]
[4096,512,112,107,7,2,1]
[256,-64,128,-44,43,-11,8,-1,1]
[256,0,0,-28,5,-7,0,0,1]
[2401,-147,-50,-3,1]
[256,-256,48,20,-11,5,3,-4,1]
[729,0,81,-28,9,0,1]
[729,81,189,20,21,1,1]
[256,-128,144,-52,47,-13,9,-2,1]
[4096,2816,1088,293,68,11,1]
[4096,0,160,89,10,0,1]
[512,64,-16,-33,-2,1,1]
[625,-25,-6,-1,1]
[4096,-256,224,29,14,-1,1]
[4096,1280,96,-1,6,5,1]
[16384,128,183,1,1]
[256,0,16,8,-3,2,1,0,1]
[4096,1536,128,-37,8,6,1]
[625,-50,6,-2,1]
[4096,2816,1248,361,78,11,1]
[4096,512,176,7,11,2,1]
[729,243,-45,-32,-5,3,1]
[4096,1024,240,71,15,4,1]
[4096,-1280,448,-97,28,-5,1]
[4096,768,272,31,17,3,1]
[256,0,-80,-4,31,-1,-5,0,1]
[4096,768,368,97,23,3,1]
[256,64,112,8,29,2,7,1,1]
[256,0,16,-20,5,-5,1,0,1]
[256,-128,48,8,-15,2,3,-2,1]
[4096,1024,80,-17,5,4,1]
[4096,-1024,16,17,1,-4,1]
[4096,-768,224,-17,14,-3,1]
[256,64,48,28,23,7,3,1,1]
[4096,128,-7,2,1]
[14641,242,117,2,1]
[512,128,48,33,6,2,1]
[14641,-1452,217,-12,1]
[4096,-832,137,-13,1]
[4096,-256,496,-31,31,-1,1]
[729,-189,56,-7,1]
[16384,-1792,159,-14,1]
[15625,0,173,0,1]
[256,128,96,52,45,13,6,2,1]
[256,64,48,-4,-11,-1,3,1,1]
[14641,242,182,2,1]
[512,-64,-32,31,-4,-1,1]
[16384,512,41,4,1]
[15625,-1125,184,-9,1]
[16384,-1792,193,-14,1]
[256,0,80,48,11,12,5,0,1]
[4096,-768,64,-17,4,-3,1]
[4096,-512,96,-107,6,-2,1]
[14641,-363,-116,-3,1]
[729,486,243,80,27,6,1]
[4096,-768,240,-65,15,-3,1]
[4096,-1024,336,-131,21,-4,1]
[512,64,48,11,6,1,1]
[4096,-1280,-192,155,-12,-5,1]
[15625,-875,1,-7,1]
[4096,-1280,-48,77,-3,-5,1]
[4096,512,432,59,27,2,1]
[4096,768,0,5,0,3,1]
[4096,0,208,-27,13,0,1]
[4096,256,208,7,13,1,1]
[16384,-256,155,-2,1]
[6561,81,19,1,1]
[4096,-256,208,-53,13,-1,1]
[15625,2125,167,17,1]
[4096,-1792,336,-47,21,-7,1]
[14641,-605,208,-5,1]
[1024,-512,121,-16,1]
[4096,-1280,320,-91,20,-5,1]
[14641,2299,251,19,1]
[14641,-242,-192,-2,1]
[256,0,48,36,7,9,3,0,1]
[4096,1280,80,-3,5,5,1]
[4096,-1280,640,-115,40,-5,1]
[512,128,-32,-37,-4,2,1]
[4096,1536,480,157,30,6,1]
[256,64,-64,0,31,0,-4,1,1]
[729,81,90,28,10,1,1]
[256,-192,128,-68,29,-17,8,-3,1]
[512,256,48,11,6,4,1]
[4096,-2304,816,-201,51,-9,1]
[256,0,144,-28,39,-7,9,0,1]
[729,162,18,-11,2,2,1]
[729,162,36,-14,4,2,1]
[16384,-2048,175,-16,1]
[4096,2048,864,253,54,8,1]
[4096,1280,128,-7,8,5,1]
[512,-64,88,-7,11,-1,1]
[512,-384,240,-97,30,-6,1]
[4096,-1280,16,47,1,-5,1]
[4096,1024,368,45,23,4,1]
[4096,1024,416,137,26,4,1]
[4096,2560,768,191,48,10,1]
[16384,-768,1,-6,1]
[729,81,0,8,0,1,1]
[14641,-1815,145,-15,1]
[256,-128,96,-64,37,-16,6,-2,1]
[256,-320,176,-32,-1,-8,11,-5,1]
[6561,-972,101,-12,1]
[4096,-1088,159,-17,1]
[256,-128,112,-8,13,-2,7,-2,1]
[4096,-1280,432,-103,27,-5,1]
[15625,-1875,247,-15,1]
[729,81,144,23,16,1,1]
[4096,-1024,672,-119,42,-4,1]
[4096,-512,192,-77,12,-2,1]
[256,256,176,120,65,30,11,4,1]
[4096,1280,0,-43,0,5,1]
[4096,-512,160,35,10,-2,1]
[256,128,64,16,-3,4,4,2,1]
[4096,2560,928,239,58,10,1]
[256,0,112,20,31,5,7,0,1]
[6561,891,62,11,1]
[4096,-256,240,-31,15,-1,1]
[4096,-2816,1200,-351,75,-11,1]
[4096,512,48,11,3,2,1]
[6561,0,-58,0,1]
[729,81,36,-4,4,1,1]
[16384,-512,179,-4,1]
[4096,1536,160,-9,10,6,1]
[4096,2048,768,235,48,8,1]
[256,192,32,-20,-15,-5,2,3,1]
[256,-128,80,-32,23,-8,5,-2,1]
[4096,-1536,-64,115,-4,-6,1]
[4096,256,320,51,20,1,1]
[15625,-375,-19,-3,1]
[625,25,-26,1,1]
[14641,1694,277,14,1]
[4096,-2048,464,-73,29,-8,1]
[14641,2178,310,18,1]
[2401,392,95,8,1]
[512,64,0,-9,0,1,1]
[256,64,80,28,37,7,5,1,1]
[4096,256,240,7,15,1,1]
[4096,-1536,560,-133,35,-6,1]
[256,-64,32,-16,-9,-4,2,-1,1]
[729,0,117,1,13,0,1]
[512,256,40,-1,5,4,1]
[4096,1536,208,15,13,6,1]
[4096,1536,320,89,20,6,1]
[4096,-1280,544,-91,34,-5,1]
[256,128,-16,-28,-19,-7,-1,2,1]
[512,128,136,31,17,2,1]
[16384,-128,-103,-1,1]
[729,567,234,76,26,7,1]
[16384,1664,277,13,1]
[512,-384,168,-61,21,-6,1]
[729,-108,22,-4,1]
[4096,768,656,75,41,3,1]
[15625,0,-191,0,1]
[6561,-972,64,-12,1]
[256,0,48,20,19,5,3,0,1]
[4096,-768,512,-73,32,-3,1]
[15625,-1375,51,-11,1]
[512,128,-24,-25,-3,2,1]
[729,-405,99,-19,11,-5,1]
[64,0,-8,7,-2,0,1]
[6561,-486,149,-6,1]
[15625,3000,299,24,1]
[4096,768,-48,-77,-3,3,1]
[4096,-1024,544,-135,34,-4,1]
[4096,3328,1520,467,95,13,1]
[729,0,207,2,23,0,1]
[4096,1024,48,-61,3,4,1]
[16384,1280,89,10,1]
[4096,512,80,-75,5,2,1]
[729,-243,0,37,0,-3,1]
[256,-64,48,-32,-7,-8,3,-1,1]
[2401,-637,124,-13,1]
[15625,500,-151,4,1]
[256,-256,176,-104,61,-26,11,-4,1]
[4096,256,-80,-87,-5,1,1]
[256,-256,176,-100,57,-25,11,-4,1]
[4096,-1280,112,-1,7,-5,1]
[14641,-1573,87,-13,1]
[4096,2304,1024,281,64,9,1]
[729,162,135,11,15,2,1]
[4096,768,128,49,8,3,1]
[4096,768,96,23,6,3,1]
[4096,1024,112,9,7,4,1]
[729,243,-27,-43,-3,3,1]
[4096,0,64,-31,4,0,1]
[14641,1089,9,9,1]
[729,405,135,44,15,5,1]
[4096,-2048,816,-223,51,-8,1]
[15625,-3250,406,-26,1]
[4096,512,-96,-73,-6,2,1]
[256,0,-16,-4,-15,-1,-1,0,1]
[16384,-1408,251,-11,1]
[1024,32,47,1,1]
[14641,2299,204,19,1]
[4096,-2304,1040,-287,65,-9,1]
[14641,-363,48,-3,1]
[256,192,144,92,57,23,9,3,1]
[4096,-2048,960,-259,60,-8,1]
[4096,512,144,101,9,2,1]
[6561,0,56,0,1]
[14641,1089,-35,9,1]
[256,-256,176,-92,45,-23,11,-4,1]
[4096,512,224,19,14,2,1]
[16384,-1408,71,-11,1]
[4096,0,304,-39,19,0,1]
[14641,2178,306,18,1]
[256,0,80,4,33,1,5,0,1]
[729,-162,126,-28,14,-2,1]
[16384,2176,151,17,1]
[512,-192,104,-49,13,-3,1]
[6561,-891,80,-11,1]
[256,128,48,28,23,7,3,2,1]
[4096,1024,160,73,10,4,1]
[4096,-768,-96,51,-6,-3,1]
[512,-384,232,-89,29,-6,1]
[14641,-242,162,-2,1]
[4096,2560,1008,291,63,10,1]
[729,162,108,14,12,2,1]
[15625,-375,29,-3,1]
[4096,1536,160,-33,10,6,1]
[1024,352,93,11,1]
[14641,-242,-39,-2,1]
[4096,-256,-160,75,-10,-1,1]
[16384,-512,7,-4,1]
[14641,726,-39,6,1]
[729,729,405,161,45,9,1]
[15625,2375,321,19,1]
[729,-486,171,-56,19,-6,1]
[4096,1280,528,143,33,5,1]
[729,81,54,-2,6,1,1]
[4096,-1024,304,-99,19,-4,1]
[4096,-320,49,-5,1]
[512,-256,24,7,3,-4,1]
[4096,768,77,12,1]
[256,64,-48,-16,-7,-4,-3,1,1]
[729,324,189,70,21,4,1]
[14641,2541,259,21,1]
[729,-54,-5,-2,1]
[625,-75,46,-3,1]
[4096,256,272,67,17,1,1]
[6561,-2349,367,-29,1]
[4096,1792,880,213,55,7,1]
[4096,-2048,960,-243,60,-8,1]
[4096,-512,16,-11,1,-2,1]
[4096,-512,304,-53,19,-2,1]
[4096,-256,352,-13,22,-1,1]
[729,162,-54,-32,-6,2,1]
[14641,-242,-190,-2,1]
[512,-256,104,-33,13,-4,1]
[14641,242,-160,2,1]
[15625,-2000,141,-16,1]
[2401,-784,134,-16,1]
[15625,2375,229,19,1]
[4096,1024,352,145,22,4,1]
[4096,1792,320,51,20,7,1]
[14641,-121,-41,-1,1]
[4096,-1024,432,-45,27,-4,1]
[729,243,135,50,15,3,1]
[15625,-1125,233,-9,1]
[4096,1536,64,-39,4,6,1]
[729,486,135,26,15,6,1]
[256,64,32,-28,-1,-7,2,1,1]
[4096,-256,336,9,21,-1,1]
[256,-128,32,-4,5,-1,2,-2,1]
[4096,768,-96,-79,-6,3,1]
[729,27,-40,1,1]
[256,-320,304,-208,117,-52,19,-5,1]
[14641,726,250,6,1]
[4096,-1536,240,3,15,-6,1]
[4096,768,352,87,22,3,1]
[14641,-363,-38,-3,1]
[2401,98,-31,2,1]
[4096,-512,144,-85,9,-2,1]
[256,192,112,56,33,14,7,3,1]
[4096,256,448,35,28,1,1]
[2401,-49,-30,-1,1]
[4096,768,240,115,15,3,1]
[4096,1536,704,155,44,6,1]
[4096,3328,1264,343,79,13,1]
[4096,0,-64,-13,-4,0,1]
[16384,1024,-47,8,1]
[256,128,64,52,37,13,4,2,1]
[729,405,189,68,21,5,1]
[4096,-512,512,-47,32,-2,1]
[16384,1920,281,15,1]
[4096,1280,144,37,9,5,1]
[256,-128,160,-80,53,-20,10,-2,1]
[4096,-768,240,-97,15,-3,1]
[15625,875,113,7,1]
[15625,-625,54,-5,1]
[512,128,56,27,7,2,1]
[4096,-2048,576,-157,36,-8,1]
[4096,-1024,48,71,3,-4,1]
[15625,625,-9,5,1]
[4096,2304,400,33,25,9,1]
[4096,-256,352,-45,22,-1,1]
[64,-16,0,1,0,-1,1]
[256,-128,-16,16,5,4,-1,-2,1]
[256,0,16,28,11,7,1,0,1]
[14641,-242,34,-2,1]
[4096,-768,48,39,3,-3,1]
[256,-192,112,-12,3,-3,7,-3,1]
[16384,-1280,145,-10,1]
[6561,-81,-40,-1,1]
[14641,-1694,226,-14,1]
[16384,1024,225,8,1]
[16384,-3200,363,-25,1]
[256,-128,112,-24,23,-6,7,-2,1]
[15625,-2000,268,-16,1]
[4096,-1024,576,-117,36,-4,1]
[256,64,32,-24,-1,-6,2,1,1]
[256,64,112,24,31,6,7,1,1]
[16384,2560,255,20,1]
[729,0,36,28,4,0,1]
[4096,1280,-48,-61,-3,5,1]
[15625,-3375,361,-27,1]
[16384,768,-101,6,1]
[14641,4477,584,37,1]
[14641,1815,201,15,1]
[4096,1280,544,145,34,5,1]
[14641,2178,258,18,1]
[14641,1210,182,10,1]
[14641,121,42,1,1]
[729,0,72,-4,8,0,1]
[6561,-1782,250,-22,1]
[16384,-1664,271,-13,1]
[15625,-3000,358,-24,1]
[4096,-1792,464,-87,29,-7,1]
[16384,-1408,245,-11,1]
[16384,0,-13,0,1]
[512,192,32,-15,4,3,1]
[15625,-2750,288,-22,1]
[256,128,16,20,15,5,1,2,1]
[512,-320,160,-57,20,-5,1]
[15625,-625,244,-5,1]
[14641,-1089,64,-9,1]
[729,-405,198,-74,22,-5,1]
[729,-567,306,-106,34,-7,1]
[15625,-1250,29,-10,1]
[14641,-484,166,-4,1]
[4096,1280,400,165,25,5,1]
[512,64,56,25,7,1,1]
[256,-64,-80,16,13,4,-5,-1,1]
[512,320,40,-11,5,5,1]
[16384,256,-199,2,1]
[256,-256,48,48,-37,12,3,-4,1]
[4096,-1280,496,-113,31,-5,1]
[4096,-1024,656,-101,41,-4,1]
[256,64,96,44,31,11,6,1,1]
[4096,-512,432,-61,27,-2,1]
[4096,-768,-208,111,-13,-3,1]
[4096,-256,176,-23,11,-1,1]
[256,0,48,-32,5,-8,3,0,1]
[15625,2000,246,16,1]
[256,128,128,68,31,17,8,2,1]
[4096,1280,592,161,37,5,1]
[4096,0,16,43,1,0,1]
[256,-64,0,4,-9,1,0,-1,1]
[4096,-768,64,-11,4,-3,1]
[4096,-1280,144,-23,9,-5,1]
[4096,256,-128,5,-8,1,1]
[256,16,3,1,1]
[256,-192,144,-80,43,-20,9,-3,1]
[256,-192,144,-84,49,-21,9,-3,1]
[15625,-125,136,-1,1]
[15625,3125,373,25,1]
[4096,-2048,784,-193,49,-8,1]
[4096,0,240,67,15,0,1]
[4096,256,-32,23,-2,1,1]
[4096,512,128,115,8,2,1]
[4096,0,-48,-65,-3,0,1]
[15625,0,248,0,1]
[4096,1280,80,-61,5,5,1]
[729,-162,72,-32,8,-2,1]
[729,-810,459,-179,51,-10,1]
[15625,-1875,263,-15,1]
[6561,243,-92,3,1]
[256,0,16,-28,-3,-7,1,0,1]
[15625,-1625,122,-13,1]
[2401,245,-6,5,1]
[4096,-1536,544,-145,34,-6,1]
[729,-297,74,-11,1]
[14641,-3872,482,-32,1]
[512,64,8,-29,1,1,1]
[4096,1280,688,151,43,5,1]
[14641,847,108,7,1]
[4096,0,-160,39,-10,0,1]
[2401,49,17,1,1]
[729,81,135,17,15,1,1]
[4096,-512,256,-79,16,-2,1]
[15625,250,-164,2,1]
[256,-256,160,-112,71,-28,10,-4,1]
[4096,256,48,81,3,1,1]
[4096,-1792,704,-221,44,-7,1]
[6561,0,83,0,1]
[4096,-256,352,-69,22,-1,1]
[14641,-1573,75,-13,1]
[625,200,53,8,1]
[729,729,396,155,44,9,1]
[4096,-256,-224,47,-14,-1,1]
[4096,512,224,3,14,2,1]
[6561,-648,65,-8,1]
[625,200,43,8,1]
[14641,-1936,219,-16,1]
[4096,768,272,-13,17,3,1]
[16384,-2176,271,-17,1]
[256,-64,-64,0,19,0,-4,-1,1]
[4096,768,400,35,25,3,1]
[4096,-1280,224,-7,14,-5,1]
[512,256,-16,-37,-2,4,1]
[14641,1452,246,12,1]
[729,486,261,101,29,6,1]
[14641,-1815,153,-15,1]
[256,128,80,4,3,1,5,2,1]
[4096,1024,576,99,36,4,1]
[15625,1000,11,8,1]
[256,256,32,-48,-31,-12,2,4,1]
[256,0,80,-4,13,-1,5,0,1]
[256,-256,192,-80,43,-20,12,-4,1]
[256,320,320,216,123,54,20,5,1]
[4096,1024,80,33,5,4,1]
[256,-128,64,-44,39,-11,4,-2,1]
[256,128,48,-28,-15,-7,3,2,1]
[14641,-847,15,-7,1]
[4096,-768,-112,27,-7,-3,1]
[4096,-512,80,-61,5,-2,1]
[15625,-250,81,-2,1]
[6561,-1458,164,-18,1]
[14641,2904,292,24,1]
[2401,0,44,0,1]
[4096,1280,416,103,26,5,1]
[6561,-1620,239,-20,1]
[4096,-768,208,-27,13,-3,1]
[14641,3025,379,25,1]
[15625,-1000,147,-8,1]
[4096,768,288,3,18,3,1]
[256,128,-16,-16,5,-4,-1,2,1]
[256,-64,48,-32,23,-8,3,-1,1]
[256,128,-16,20,33,5,-1,2,1]
[4096,1024,-192,-151,-12,4,1]
[16384,640,229,5,1]
[15625,250,31,2,1]
[729,-324,135,-61,15,-4,1]
[4096,-2048,496,-113,31,-8,1]
[4096,256,-80,-71,-5,1,1]
[15625,-3250,351,-26,1]
[4096,-1536,528,-193,33,-6,1]
[14641,121,-67,1,1]
[256,64,80,40,15,10,5,1,1]
[4096,0,272,23,17,0,1]
[256,128,-32,-8,9,-2,-2,2,1]
[16384,640,-5,5,1]
[4096,-1024,240,-91,15,-4,1]
[4096,-192,-51,-3,1]
[4096,-384,135,-6,1]
[256,0,16,-8,-21,-2,1,0,1]
[256,128,-80,-12,29,-3,-5,2,1]
[4096,768,432,87,27,3,1]
[4096,768,528,87,33,3,1]
[625,-125,1,-5,1]
[4096,256,109,4,1]
[4096,0,-80,-35,-5,0,1]
[4096,1280,592,109,37,5,1]
[14641,363,-170,3,1]
[14641,-2420,311,-20,1]
[6561,-243,-61,-3,1]
[4096,-1280,400,-133,25,-5,1]
[256,64,128,20,31,5,8,1,1]
[256,192,112,28,15,7,7,3,1]
[14641,847,221,7,1]
[256,0,48,8,5,2,3,0,1]
[16384,2176,263,17,1]
[256,-192,0,20,-3,5,0,-3,1]
[4096,-768,336,-93,21,-3,1]
[4096,-512,-160,95,-10,-2,1]
[4096,-768,-208,77,-13,-3,1]
[4096,-512,32,3,2,-2,1]
[512,64,48,13,6,1,1]
[256,0,96,-44,15,-11,6,0,1]
[512,0,0,31,0,0,1]
[4096,2048,848,217,53,8,1]
[729,81,27,-17,3,1,1]
[16384,-1024,201,-8,1]
[4096,0,-48,93,-3,0,1]
[14641,-2178,317,-18,1]
[256,-256,224,-148,85,-37,14,-4,1]
[4096,-768,128,27,8,-3,1]
[4096,-1024,384,-51,24,-4,1]
[256,-192,64,4,-5,1,4,-3,1]
[15625,-1250,54,-10,1]
[729,162,144,19,16,2,1]
[14641,-1331,162,-11,1]
[16384,-384,-55,-3,1]
[256,64,160,44,51,11,10,1,1]
[729,486,243,100,27,6,1]
[2401,637,88,13,1]
[4096,1280,368,145,23,5,1]
[256,64,0,-16,9,-4,0,1,1]
[15625,2375,309,19,1]
[256,0,-32,0,15,0,-2,0,1]
[4096,-1536,784,-191,49,-6,1]
[4096,1280,-160,-113,-10,5,1]
[729,-324,81,-22,9,-4,1]
[14641,847,189,7,1]
[4096,1536,-80,-113,-5,6,1]
[256,-128,64,0,1,0,4,-2,1]
[4096,512,192,-47,12,2,1]
[14641,-2783,324,-23,1]
[4096,-256,0,-57,0,-1,1]
[16384,128,187,1,1]
[256,-64,31,-4,1]
[15625,-250,-132,-2,1]
[729,270,77,10,1]
[729,243,108,28,12,3,1]
[16384,-1536,105,-12,1]
[729,0,99,-20,11,0,1]
[256,64,144,44,45,11,9,1,1]
[4096,-2048,896,-227,56,-8,1]
[625,375,106,15,1]
[4096,512,-112,-57,-7,2,1]
[4096,-512,-160,17,-10,-2,1]
[625,25,21,1,1]
[729,0,0,49,0,0,1]
[729,0,9,41,1,0,1]
[625,-125,16,-5,1]
[729,-81,27,5,3,-1,1]
[4096,-768,96,7,6,-3,1]
[4096,1280,416,147,26,5,1]
[256,-64,16,-8,7,-2,1,-1,1]
[512,192,176,45,22,3,1]
[625,25,2,1,1]
[256,192,112,60,41,15,7,3,1]
[4096,3072,1024,255,64,12,1]
[4096,768,288,51,18,3,1]
[512,256,-8,-35,-1,4,1]
[4096,0,-64,9,-4,0,1]
[4096,-512,272,25,17,-2,1]
[15625,-3500,403,-28,1]
[625,225,66,9,1]
[16384,128,-231,1,1]
[15625,1875,274,15,1]
[512,-128,0,17,0,-2,1]
[729,81,31,3,1]
[14641,-1936,257,-16,1]
[6561,-810,119,-10,1]
[4096,-3328,1264,-343,79,-13,1]
[2401,-343,39,-7,1]
[729,-108,13,-4,1]
[14641,1815,281,15,1]
[14641,1089,98,9,1]
[4096,512,160,-19,10,2,1]
[729,-81,9,-25,1,-1,1]
[625,175,59,7,1]
[4096,768,304,49,19,3,1]
[4096,2816,1040,283,65,11,1]
[6561,567,22,7,1]
[4096,512,240,87,15,2,1]
[15625,2875,369,23,1]
[2401,196,72,4,1]
[14641,847,156,7,1]
[4096,-768,144,-15,9,-3,1]
[256,-128,144,-64,49,-16,9,-2,1]
[4096,1792,784,185,49,7,1]
[4096,-768,16,-17,1,-3,1]
[4096,1536,304,21,19,6,1]
[15625,875,239,7,1]
[4096,-448,121,-7,1]
[256,64,32,-20,1,-5,2,1,1]
[4096,0,-16,-55,-1,0,1]
[4096,0,16,93,1,0,1]
[4096,2048,864,217,54,8,1]
[4096,1792,720,179,45,7,1]
[16384,-768,133,-6,1]
[4096,0,464,-3,29,0,1]
[512,-320,88,-19,11,-5,1]
[16384,0,69,0,1]
[14641,1936,128,16,1]
[14641,-1210,34,-10,1]
[729,-567,306,-121,34,-7,1]
[729,-243,135,-49,15,-3,1]
[4096,256,448,41,28,1,1]
[4096,0,-64,43,-4,0,1]
[14641,0,200,0,1]
[256,64,32,16,-9,4,2,1,1]
[4096,-256,336,-49,21,-1,1]
[256,64,-64,-16,17,-4,-4,1,1]
[625,-300,83,-12,1]
[729,486,63,-16,7,6,1]
[4096,-2816,784,-163,49,-11,1]
[729,-324,99,-11,11,-4,1]
[15625,2000,153,16,1]
[4096,-512,192,47,12,-2,1]
[4096,-512,528,-51,33,-2,1]
[729,243,58,9,1]
[4096,1280,-112,-129,-7,5,1]
[729,243,-9,-34,-1,3,1]
[4096,-768,48,67,3,-3,1]
[4096,256,192,101,12,1,1]
